ISO-10303-21;
HEADER;
/* Generated by software containing ST-Developer
 * from STEP Tools, Inc. (www.steptools.com) 
 */
/* OPTION: using custom renumber hook */

FILE_DESCRIPTION(
/* description */ ('STEP AP214'),
/* implementation_level */ '2;1');

FILE_NAME(
/* name */ 'SSW-104-02-G-D-RA',
/* time_stamp */ '2026-08-07T22:32:38+02:00',
/* author */ ('License CC BY-ND 4.0'),
/* organization */ ('CADENAS'),
/* preprocessor_version */ 'ST-DEVELOPER v20',
/* originating_system */ 'PARTsolutions',
/* authorisation */ '  ');

FILE_SCHEMA (('AUTOMOTIVE_DESIGN {1 0 10303 214 3 1 1}'));
ENDSEC;

DATA;
#10=PROPERTY_DEFINITION_REPRESENTATION(#14,#12);
#11=PROPERTY_DEFINITION_REPRESENTATION(#15,#13);
#12=REPRESENTATION('',(#16),#4733);
#13=REPRESENTATION('',(#17),#4733);
#14=PROPERTY_DEFINITION('pmi validation property','',#4745);
#15=PROPERTY_DEFINITION('pmi validation property','',#4745);
#16=VALUE_REPRESENTATION_ITEM('number of annotations',COUNT_MEASURE(0.));
#17=VALUE_REPRESENTATION_ITEM('number of views',COUNT_MEASURE(0.));
#18=CYLINDRICAL_SURFACE('',#3114,0.032);
#19=CYLINDRICAL_SURFACE('',#3115,0.032);
#20=CYLINDRICAL_SURFACE('',#3116,0.032);
#21=CYLINDRICAL_SURFACE('',#3117,0.032);
#22=CYLINDRICAL_SURFACE('',#3118,0.016);
#23=CYLINDRICAL_SURFACE('',#3119,0.016);
#24=CYLINDRICAL_SURFACE('',#3120,0.016);
#25=CYLINDRICAL_SURFACE('',#3121,0.016);
#26=CYLINDRICAL_SURFACE('',#3130,0.032);
#27=CYLINDRICAL_SURFACE('',#3131,0.032);
#28=CYLINDRICAL_SURFACE('',#3132,0.032);
#29=CYLINDRICAL_SURFACE('',#3133,0.032);
#30=CYLINDRICAL_SURFACE('',#3134,0.016);
#31=CYLINDRICAL_SURFACE('',#3135,0.016);
#32=CYLINDRICAL_SURFACE('',#3136,0.016);
#33=CYLINDRICAL_SURFACE('',#3137,0.016);
#34=CIRCLE('',#3057,0.016);
#35=CIRCLE('',#3058,0.032);
#36=CIRCLE('',#3060,0.016);
#37=CIRCLE('',#3061,0.032);
#38=CIRCLE('',#3063,0.032);
#39=CIRCLE('',#3064,0.016);
#40=CIRCLE('',#3066,0.016);
#41=CIRCLE('',#3067,0.032);
#42=CIRCLE('',#3069,0.032);
#43=CIRCLE('',#3070,0.016);
#44=CIRCLE('',#3072,0.016);
#45=CIRCLE('',#3073,0.032);
#46=CIRCLE('',#3075,0.032);
#47=CIRCLE('',#3076,0.016);
#48=CIRCLE('',#3078,0.032);
#49=CIRCLE('',#3079,0.016);
#50=CIRCLE('',#3081,0.016);
#51=CIRCLE('',#3082,0.032);
#52=CIRCLE('',#3084,0.016);
#53=CIRCLE('',#3085,0.032);
#54=CIRCLE('',#3087,0.032);
#55=CIRCLE('',#3088,0.016);
#56=CIRCLE('',#3090,0.016);
#57=CIRCLE('',#3091,0.032);
#58=CIRCLE('',#3093,0.032);
#59=CIRCLE('',#3094,0.016);
#60=CIRCLE('',#3096,0.016);
#61=CIRCLE('',#3097,0.032);
#62=CIRCLE('',#3099,0.032);
#63=CIRCLE('',#3100,0.016);
#64=CIRCLE('',#3102,0.032);
#65=CIRCLE('',#3103,0.016);
#66=DRAUGHTING_PRE_DEFINED_COLOUR('yellow');
#67=CONTEXT_DEPENDENT_SHAPE_REPRESENTATION(#71,#4747);
#68=CONTEXT_DEPENDENT_SHAPE_REPRESENTATION(#72,#4749);
#69=NEXT_ASSEMBLY_USAGE_OCCURRENCE('NAUO1','T1SSW-104-02-G-D-RA',
'T1SSW-104-02-G-D-RA',#4750,#4751,'');
#70=NEXT_ASSEMBLY_USAGE_OCCURRENCE('NAUO2','P2SSW-104-02-G-D-RA',
'P2SSW-104-02-G-D-RA',#4750,#4752,'');
#71=(
REPRESENTATION_RELATIONSHIP(' ',' ',#2974,#2973)
REPRESENTATION_RELATIONSHIP_WITH_TRANSFORMATION(#73)
SHAPE_REPRESENTATION_RELATIONSHIP()
);
#72=(
REPRESENTATION_RELATIONSHIP(' ',' ',#2975,#2973)
REPRESENTATION_RELATIONSHIP_WITH_TRANSFORMATION(#74)
SHAPE_REPRESENTATION_RELATIONSHIP()
);
#73=ITEM_DEFINED_TRANSFORMATION(' ',' ',#2976,#3031);
#74=ITEM_DEFINED_TRANSFORMATION(' ',' ',#2976,#3158);
#75=SHAPE_REPRESENTATION_RELATIONSHIP('','',#2974,#77);
#76=SHAPE_REPRESENTATION_RELATIONSHIP('','',#2975,#78);
#77=ADVANCED_BREP_SHAPE_REPRESENTATION('',(#2968),#4734);
#78=ADVANCED_BREP_SHAPE_REPRESENTATION('',(#2969),#4735);
#79=ORIENTED_EDGE('',*,*,#895,.F.);
#80=ORIENTED_EDGE('',*,*,#896,.F.);
#81=ORIENTED_EDGE('',*,*,#897,.F.);
#82=ORIENTED_EDGE('',*,*,#898,.T.);
#83=ORIENTED_EDGE('',*,*,#899,.F.);
#84=ORIENTED_EDGE('',*,*,#900,.F.);
#85=ORIENTED_EDGE('',*,*,#901,.F.);
#86=ORIENTED_EDGE('',*,*,#902,.T.);
#87=ORIENTED_EDGE('',*,*,#903,.F.);
#88=ORIENTED_EDGE('',*,*,#904,.F.);
#89=ORIENTED_EDGE('',*,*,#905,.F.);
#90=ORIENTED_EDGE('',*,*,#906,.T.);
#91=ORIENTED_EDGE('',*,*,#907,.F.);
#92=ORIENTED_EDGE('',*,*,#908,.F.);
#93=ORIENTED_EDGE('',*,*,#909,.F.);
#94=ORIENTED_EDGE('',*,*,#910,.T.);
#95=ORIENTED_EDGE('',*,*,#911,.F.);
#96=ORIENTED_EDGE('',*,*,#912,.F.);
#97=ORIENTED_EDGE('',*,*,#913,.T.);
#98=ORIENTED_EDGE('',*,*,#914,.T.);
#99=ORIENTED_EDGE('',*,*,#915,.F.);
#100=ORIENTED_EDGE('',*,*,#916,.T.);
#101=ORIENTED_EDGE('',*,*,#917,.F.);
#102=ORIENTED_EDGE('',*,*,#918,.F.);
#103=ORIENTED_EDGE('',*,*,#919,.T.);
#104=ORIENTED_EDGE('',*,*,#920,.T.);
#105=ORIENTED_EDGE('',*,*,#921,.F.);
#106=ORIENTED_EDGE('',*,*,#922,.F.);
#107=ORIENTED_EDGE('',*,*,#923,.F.);
#108=ORIENTED_EDGE('',*,*,#924,.T.);
#109=ORIENTED_EDGE('',*,*,#925,.F.);
#110=ORIENTED_EDGE('',*,*,#926,.F.);
#111=ORIENTED_EDGE('',*,*,#927,.F.);
#112=ORIENTED_EDGE('',*,*,#928,.T.);
#113=ORIENTED_EDGE('',*,*,#929,.F.);
#114=ORIENTED_EDGE('',*,*,#930,.F.);
#115=ORIENTED_EDGE('',*,*,#931,.F.);
#116=ORIENTED_EDGE('',*,*,#932,.T.);
#117=ORIENTED_EDGE('',*,*,#933,.F.);
#118=ORIENTED_EDGE('',*,*,#934,.F.);
#119=ORIENTED_EDGE('',*,*,#935,.T.);
#120=ORIENTED_EDGE('',*,*,#936,.T.);
#121=ORIENTED_EDGE('',*,*,#937,.F.);
#122=ORIENTED_EDGE('',*,*,#938,.T.);
#123=ORIENTED_EDGE('',*,*,#937,.T.);
#124=ORIENTED_EDGE('',*,*,#939,.T.);
#125=ORIENTED_EDGE('',*,*,#940,.F.);
#126=ORIENTED_EDGE('',*,*,#941,.T.);
#127=ORIENTED_EDGE('',*,*,#940,.T.);
#128=ORIENTED_EDGE('',*,*,#942,.T.);
#129=ORIENTED_EDGE('',*,*,#943,.F.);
#130=ORIENTED_EDGE('',*,*,#944,.T.);
#131=ORIENTED_EDGE('',*,*,#945,.T.);
#132=ORIENTED_EDGE('',*,*,#946,.T.);
#133=ORIENTED_EDGE('',*,*,#947,.F.);
#134=ORIENTED_EDGE('',*,*,#948,.T.);
#135=ORIENTED_EDGE('',*,*,#947,.T.);
#136=ORIENTED_EDGE('',*,*,#949,.T.);
#137=ORIENTED_EDGE('',*,*,#950,.F.);
#138=ORIENTED_EDGE('',*,*,#951,.T.);
#139=ORIENTED_EDGE('',*,*,#950,.T.);
#140=ORIENTED_EDGE('',*,*,#952,.T.);
#141=ORIENTED_EDGE('',*,*,#953,.F.);
#142=ORIENTED_EDGE('',*,*,#954,.T.);
#143=ORIENTED_EDGE('',*,*,#955,.T.);
#144=ORIENTED_EDGE('',*,*,#956,.T.);
#145=ORIENTED_EDGE('',*,*,#957,.F.);
#146=ORIENTED_EDGE('',*,*,#958,.T.);
#147=ORIENTED_EDGE('',*,*,#957,.T.);
#148=ORIENTED_EDGE('',*,*,#959,.T.);
#149=ORIENTED_EDGE('',*,*,#960,.F.);
#150=ORIENTED_EDGE('',*,*,#961,.T.);
#151=ORIENTED_EDGE('',*,*,#960,.T.);
#152=ORIENTED_EDGE('',*,*,#962,.T.);
#153=ORIENTED_EDGE('',*,*,#963,.F.);
#154=ORIENTED_EDGE('',*,*,#964,.T.);
#155=ORIENTED_EDGE('',*,*,#965,.T.);
#156=ORIENTED_EDGE('',*,*,#966,.T.);
#157=ORIENTED_EDGE('',*,*,#967,.F.);
#158=ORIENTED_EDGE('',*,*,#968,.T.);
#159=ORIENTED_EDGE('',*,*,#967,.T.);
#160=ORIENTED_EDGE('',*,*,#969,.T.);
#161=ORIENTED_EDGE('',*,*,#970,.F.);
#162=ORIENTED_EDGE('',*,*,#971,.T.);
#163=ORIENTED_EDGE('',*,*,#970,.T.);
#164=ORIENTED_EDGE('',*,*,#972,.T.);
#165=ORIENTED_EDGE('',*,*,#973,.F.);
#166=ORIENTED_EDGE('',*,*,#974,.T.);
#167=ORIENTED_EDGE('',*,*,#975,.T.);
#168=ORIENTED_EDGE('',*,*,#976,.T.);
#169=ORIENTED_EDGE('',*,*,#977,.F.);
#170=ORIENTED_EDGE('',*,*,#978,.T.);
#171=ORIENTED_EDGE('',*,*,#977,.T.);
#172=ORIENTED_EDGE('',*,*,#979,.T.);
#173=ORIENTED_EDGE('',*,*,#980,.F.);
#174=ORIENTED_EDGE('',*,*,#981,.T.);
#175=ORIENTED_EDGE('',*,*,#980,.T.);
#176=ORIENTED_EDGE('',*,*,#982,.T.);
#177=ORIENTED_EDGE('',*,*,#983,.F.);
#178=ORIENTED_EDGE('',*,*,#984,.T.);
#179=ORIENTED_EDGE('',*,*,#985,.T.);
#180=ORIENTED_EDGE('',*,*,#986,.T.);
#181=ORIENTED_EDGE('',*,*,#987,.F.);
#182=ORIENTED_EDGE('',*,*,#988,.T.);
#183=ORIENTED_EDGE('',*,*,#987,.T.);
#184=ORIENTED_EDGE('',*,*,#989,.T.);
#185=ORIENTED_EDGE('',*,*,#990,.F.);
#186=ORIENTED_EDGE('',*,*,#991,.T.);
#187=ORIENTED_EDGE('',*,*,#990,.T.);
#188=ORIENTED_EDGE('',*,*,#992,.T.);
#189=ORIENTED_EDGE('',*,*,#993,.F.);
#190=ORIENTED_EDGE('',*,*,#994,.T.);
#191=ORIENTED_EDGE('',*,*,#995,.T.);
#192=ORIENTED_EDGE('',*,*,#996,.T.);
#193=ORIENTED_EDGE('',*,*,#997,.F.);
#194=ORIENTED_EDGE('',*,*,#998,.T.);
#195=ORIENTED_EDGE('',*,*,#997,.T.);
#196=ORIENTED_EDGE('',*,*,#999,.T.);
#197=ORIENTED_EDGE('',*,*,#1000,.F.);
#198=ORIENTED_EDGE('',*,*,#1001,.T.);
#199=ORIENTED_EDGE('',*,*,#1000,.T.);
#200=ORIENTED_EDGE('',*,*,#1002,.T.);
#201=ORIENTED_EDGE('',*,*,#1003,.F.);
#202=ORIENTED_EDGE('',*,*,#1004,.T.);
#203=ORIENTED_EDGE('',*,*,#1005,.T.);
#204=ORIENTED_EDGE('',*,*,#1006,.T.);
#205=ORIENTED_EDGE('',*,*,#1007,.F.);
#206=ORIENTED_EDGE('',*,*,#1008,.T.);
#207=ORIENTED_EDGE('',*,*,#1007,.T.);
#208=ORIENTED_EDGE('',*,*,#1009,.T.);
#209=ORIENTED_EDGE('',*,*,#1010,.F.);
#210=ORIENTED_EDGE('',*,*,#1011,.T.);
#211=ORIENTED_EDGE('',*,*,#1010,.T.);
#212=ORIENTED_EDGE('',*,*,#1012,.T.);
#213=ORIENTED_EDGE('',*,*,#1013,.F.);
#214=ORIENTED_EDGE('',*,*,#1014,.T.);
#215=ORIENTED_EDGE('',*,*,#943,.T.);
#216=ORIENTED_EDGE('',*,*,#1015,.T.);
#217=ORIENTED_EDGE('',*,*,#935,.F.);
#218=ORIENTED_EDGE('',*,*,#1016,.T.);
#219=ORIENTED_EDGE('',*,*,#953,.T.);
#220=ORIENTED_EDGE('',*,*,#1017,.T.);
#221=ORIENTED_EDGE('',*,*,#945,.F.);
#222=ORIENTED_EDGE('',*,*,#1018,.T.);
#223=ORIENTED_EDGE('',*,*,#963,.T.);
#224=ORIENTED_EDGE('',*,*,#1019,.T.);
#225=ORIENTED_EDGE('',*,*,#955,.F.);
#226=ORIENTED_EDGE('',*,*,#1020,.T.);
#227=ORIENTED_EDGE('',*,*,#973,.T.);
#228=ORIENTED_EDGE('',*,*,#1021,.T.);
#229=ORIENTED_EDGE('',*,*,#965,.F.);
#230=ORIENTED_EDGE('',*,*,#1022,.T.);
#231=ORIENTED_EDGE('',*,*,#983,.T.);
#232=ORIENTED_EDGE('',*,*,#1023,.T.);
#233=ORIENTED_EDGE('',*,*,#975,.F.);
#234=ORIENTED_EDGE('',*,*,#1024,.T.);
#235=ORIENTED_EDGE('',*,*,#993,.T.);
#236=ORIENTED_EDGE('',*,*,#1025,.T.);
#237=ORIENTED_EDGE('',*,*,#985,.F.);
#238=ORIENTED_EDGE('',*,*,#1026,.T.);
#239=ORIENTED_EDGE('',*,*,#1003,.T.);
#240=ORIENTED_EDGE('',*,*,#1027,.T.);
#241=ORIENTED_EDGE('',*,*,#995,.F.);
#242=ORIENTED_EDGE('',*,*,#1028,.T.);
#243=ORIENTED_EDGE('',*,*,#1013,.T.);
#244=ORIENTED_EDGE('',*,*,#1029,.T.);
#245=ORIENTED_EDGE('',*,*,#1005,.F.);
#246=ORIENTED_EDGE('',*,*,#1030,.T.);
#247=ORIENTED_EDGE('',*,*,#1031,.F.);
#248=ORIENTED_EDGE('',*,*,#920,.F.);
#249=ORIENTED_EDGE('',*,*,#1032,.F.);
#250=ORIENTED_EDGE('',*,*,#910,.F.);
#251=ORIENTED_EDGE('',*,*,#1033,.F.);
#252=ORIENTED_EDGE('',*,*,#914,.F.);
#253=ORIENTED_EDGE('',*,*,#1034,.F.);
#254=ORIENTED_EDGE('',*,*,#916,.F.);
#255=ORIENTED_EDGE('',*,*,#1035,.F.);
#256=ORIENTED_EDGE('',*,*,#932,.F.);
#257=ORIENTED_EDGE('',*,*,#1036,.F.);
#258=ORIENTED_EDGE('',*,*,#898,.F.);
#259=ORIENTED_EDGE('',*,*,#1037,.F.);
#260=ORIENTED_EDGE('',*,*,#928,.F.);
#261=ORIENTED_EDGE('',*,*,#1038,.F.);
#262=ORIENTED_EDGE('',*,*,#902,.F.);
#263=ORIENTED_EDGE('',*,*,#1039,.F.);
#264=ORIENTED_EDGE('',*,*,#924,.F.);
#265=ORIENTED_EDGE('',*,*,#1040,.F.);
#266=ORIENTED_EDGE('',*,*,#906,.F.);
#267=ORIENTED_EDGE('',*,*,#1032,.T.);
#268=ORIENTED_EDGE('',*,*,#919,.F.);
#269=ORIENTED_EDGE('',*,*,#1041,.F.);
#270=ORIENTED_EDGE('',*,*,#911,.T.);
#271=ORIENTED_EDGE('',*,*,#1034,.T.);
#272=ORIENTED_EDGE('',*,*,#913,.F.);
#273=ORIENTED_EDGE('',*,*,#1042,.F.);
#274=ORIENTED_EDGE('',*,*,#917,.T.);
#275=ORIENTED_EDGE('',*,*,#1008,.F.);
#276=ORIENTED_EDGE('',*,*,#1011,.F.);
#277=ORIENTED_EDGE('',*,*,#1014,.F.);
#278=ORIENTED_EDGE('',*,*,#1030,.F.);
#279=ORIENTED_EDGE('',*,*,#998,.F.);
#280=ORIENTED_EDGE('',*,*,#1001,.F.);
#281=ORIENTED_EDGE('',*,*,#1004,.F.);
#282=ORIENTED_EDGE('',*,*,#1028,.F.);
#283=ORIENTED_EDGE('',*,*,#988,.F.);
#284=ORIENTED_EDGE('',*,*,#991,.F.);
#285=ORIENTED_EDGE('',*,*,#994,.F.);
#286=ORIENTED_EDGE('',*,*,#1026,.F.);
#287=ORIENTED_EDGE('',*,*,#978,.F.);
#288=ORIENTED_EDGE('',*,*,#981,.F.);
#289=ORIENTED_EDGE('',*,*,#984,.F.);
#290=ORIENTED_EDGE('',*,*,#1024,.F.);
#291=ORIENTED_EDGE('',*,*,#968,.F.);
#292=ORIENTED_EDGE('',*,*,#971,.F.);
#293=ORIENTED_EDGE('',*,*,#974,.F.);
#294=ORIENTED_EDGE('',*,*,#1022,.F.);
#295=ORIENTED_EDGE('',*,*,#958,.F.);
#296=ORIENTED_EDGE('',*,*,#961,.F.);
#297=ORIENTED_EDGE('',*,*,#964,.F.);
#298=ORIENTED_EDGE('',*,*,#1020,.F.);
#299=ORIENTED_EDGE('',*,*,#948,.F.);
#300=ORIENTED_EDGE('',*,*,#951,.F.);
#301=ORIENTED_EDGE('',*,*,#954,.F.);
#302=ORIENTED_EDGE('',*,*,#1018,.F.);
#303=ORIENTED_EDGE('',*,*,#938,.F.);
#304=ORIENTED_EDGE('',*,*,#941,.F.);
#305=ORIENTED_EDGE('',*,*,#944,.F.);
#306=ORIENTED_EDGE('',*,*,#1016,.F.);
#307=ORIENTED_EDGE('',*,*,#912,.T.);
#308=ORIENTED_EDGE('',*,*,#1041,.T.);
#309=ORIENTED_EDGE('',*,*,#918,.T.);
#310=ORIENTED_EDGE('',*,*,#1042,.T.);
#311=ORIENTED_EDGE('',*,*,#907,.T.);
#312=ORIENTED_EDGE('',*,*,#1040,.T.);
#313=ORIENTED_EDGE('',*,*,#923,.T.);
#314=ORIENTED_EDGE('',*,*,#1043,.T.);
#315=ORIENTED_EDGE('',*,*,#909,.T.);
#316=ORIENTED_EDGE('',*,*,#1044,.F.);
#317=ORIENTED_EDGE('',*,*,#921,.T.);
#318=ORIENTED_EDGE('',*,*,#1031,.T.);
#319=ORIENTED_EDGE('',*,*,#1027,.F.);
#320=ORIENTED_EDGE('',*,*,#1002,.F.);
#321=ORIENTED_EDGE('',*,*,#999,.F.);
#322=ORIENTED_EDGE('',*,*,#996,.F.);
#323=ORIENTED_EDGE('',*,*,#1029,.F.);
#324=ORIENTED_EDGE('',*,*,#1012,.F.);
#325=ORIENTED_EDGE('',*,*,#1009,.F.);
#326=ORIENTED_EDGE('',*,*,#1006,.F.);
#327=ORIENTED_EDGE('',*,*,#908,.T.);
#328=ORIENTED_EDGE('',*,*,#1043,.F.);
#329=ORIENTED_EDGE('',*,*,#922,.T.);
#330=ORIENTED_EDGE('',*,*,#1044,.T.);
#331=ORIENTED_EDGE('',*,*,#903,.T.);
#332=ORIENTED_EDGE('',*,*,#1038,.T.);
#333=ORIENTED_EDGE('',*,*,#927,.T.);
#334=ORIENTED_EDGE('',*,*,#1045,.T.);
#335=ORIENTED_EDGE('',*,*,#905,.T.);
#336=ORIENTED_EDGE('',*,*,#1046,.F.);
#337=ORIENTED_EDGE('',*,*,#925,.T.);
#338=ORIENTED_EDGE('',*,*,#1039,.T.);
#339=ORIENTED_EDGE('',*,*,#1023,.F.);
#340=ORIENTED_EDGE('',*,*,#982,.F.);
#341=ORIENTED_EDGE('',*,*,#979,.F.);
#342=ORIENTED_EDGE('',*,*,#976,.F.);
#343=ORIENTED_EDGE('',*,*,#1025,.F.);
#344=ORIENTED_EDGE('',*,*,#992,.F.);
#345=ORIENTED_EDGE('',*,*,#989,.F.);
#346=ORIENTED_EDGE('',*,*,#986,.F.);
#347=ORIENTED_EDGE('',*,*,#904,.T.);
#348=ORIENTED_EDGE('',*,*,#1045,.F.);
#349=ORIENTED_EDGE('',*,*,#926,.T.);
#350=ORIENTED_EDGE('',*,*,#1046,.T.);
#351=ORIENTED_EDGE('',*,*,#899,.T.);
#352=ORIENTED_EDGE('',*,*,#1036,.T.);
#353=ORIENTED_EDGE('',*,*,#931,.T.);
#354=ORIENTED_EDGE('',*,*,#1047,.T.);
#355=ORIENTED_EDGE('',*,*,#901,.T.);
#356=ORIENTED_EDGE('',*,*,#1048,.F.);
#357=ORIENTED_EDGE('',*,*,#929,.T.);
#358=ORIENTED_EDGE('',*,*,#1037,.T.);
#359=ORIENTED_EDGE('',*,*,#1019,.F.);
#360=ORIENTED_EDGE('',*,*,#962,.F.);
#361=ORIENTED_EDGE('',*,*,#959,.F.);
#362=ORIENTED_EDGE('',*,*,#956,.F.);
#363=ORIENTED_EDGE('',*,*,#1021,.F.);
#364=ORIENTED_EDGE('',*,*,#972,.F.);
#365=ORIENTED_EDGE('',*,*,#969,.F.);
#366=ORIENTED_EDGE('',*,*,#966,.F.);
#367=ORIENTED_EDGE('',*,*,#900,.T.);
#368=ORIENTED_EDGE('',*,*,#1047,.F.);
#369=ORIENTED_EDGE('',*,*,#930,.T.);
#370=ORIENTED_EDGE('',*,*,#1048,.T.);
#371=ORIENTED_EDGE('',*,*,#1015,.F.);
#372=ORIENTED_EDGE('',*,*,#942,.F.);
#373=ORIENTED_EDGE('',*,*,#939,.F.);
#374=ORIENTED_EDGE('',*,*,#936,.F.);
#375=ORIENTED_EDGE('',*,*,#1017,.F.);
#376=ORIENTED_EDGE('',*,*,#952,.F.);
#377=ORIENTED_EDGE('',*,*,#949,.F.);
#378=ORIENTED_EDGE('',*,*,#946,.F.);
#379=ORIENTED_EDGE('',*,*,#896,.T.);
#380=ORIENTED_EDGE('',*,*,#1049,.F.);
#381=ORIENTED_EDGE('',*,*,#934,.T.);
#382=ORIENTED_EDGE('',*,*,#1050,.T.);
#383=ORIENTED_EDGE('',*,*,#895,.T.);
#384=ORIENTED_EDGE('',*,*,#1033,.T.);
#385=ORIENTED_EDGE('',*,*,#915,.T.);
#386=ORIENTED_EDGE('',*,*,#1049,.T.);
#387=ORIENTED_EDGE('',*,*,#897,.T.);
#388=ORIENTED_EDGE('',*,*,#1050,.F.);
#389=ORIENTED_EDGE('',*,*,#933,.T.);
#390=ORIENTED_EDGE('',*,*,#1035,.T.);
#391=ORIENTED_EDGE('',*,*,#1051,.F.);
#392=ORIENTED_EDGE('',*,*,#1052,.F.);
#393=ORIENTED_EDGE('',*,*,#1053,.T.);
#394=ORIENTED_EDGE('',*,*,#1054,.F.);
#395=ORIENTED_EDGE('',*,*,#1055,.F.);
#396=ORIENTED_EDGE('',*,*,#1056,.F.);
#397=ORIENTED_EDGE('',*,*,#1057,.F.);
#398=ORIENTED_EDGE('',*,*,#1058,.F.);
#399=ORIENTED_EDGE('',*,*,#1059,.T.);
#400=ORIENTED_EDGE('',*,*,#1060,.F.);
#401=ORIENTED_EDGE('',*,*,#1061,.F.);
#402=ORIENTED_EDGE('',*,*,#1062,.F.);
#403=ORIENTED_EDGE('',*,*,#1063,.F.);
#404=ORIENTED_EDGE('',*,*,#1064,.F.);
#405=ORIENTED_EDGE('',*,*,#1065,.T.);
#406=ORIENTED_EDGE('',*,*,#1066,.F.);
#407=ORIENTED_EDGE('',*,*,#1067,.F.);
#408=ORIENTED_EDGE('',*,*,#1068,.F.);
#409=ORIENTED_EDGE('',*,*,#1069,.F.);
#410=ORIENTED_EDGE('',*,*,#1070,.F.);
#411=ORIENTED_EDGE('',*,*,#1071,.T.);
#412=ORIENTED_EDGE('',*,*,#1072,.F.);
#413=ORIENTED_EDGE('',*,*,#1073,.F.);
#414=ORIENTED_EDGE('',*,*,#1074,.F.);
#415=ORIENTED_EDGE('',*,*,#1075,.F.);
#416=ORIENTED_EDGE('',*,*,#1056,.T.);
#417=ORIENTED_EDGE('',*,*,#1076,.F.);
#418=ORIENTED_EDGE('',*,*,#1077,.F.);
#419=ORIENTED_EDGE('',*,*,#1078,.F.);
#420=ORIENTED_EDGE('',*,*,#1062,.T.);
#421=ORIENTED_EDGE('',*,*,#1079,.F.);
#422=ORIENTED_EDGE('',*,*,#1080,.F.);
#423=ORIENTED_EDGE('',*,*,#1081,.F.);
#424=ORIENTED_EDGE('',*,*,#1068,.T.);
#425=ORIENTED_EDGE('',*,*,#1082,.F.);
#426=ORIENTED_EDGE('',*,*,#1083,.F.);
#427=ORIENTED_EDGE('',*,*,#1084,.F.);
#428=ORIENTED_EDGE('',*,*,#1074,.T.);
#429=ORIENTED_EDGE('',*,*,#1085,.F.);
#430=ORIENTED_EDGE('',*,*,#1086,.F.);
#431=ORIENTED_EDGE('',*,*,#1087,.F.);
#432=ORIENTED_EDGE('',*,*,#1077,.T.);
#433=ORIENTED_EDGE('',*,*,#1088,.F.);
#434=ORIENTED_EDGE('',*,*,#1089,.F.);
#435=ORIENTED_EDGE('',*,*,#1090,.F.);
#436=ORIENTED_EDGE('',*,*,#1091,.F.);
#437=ORIENTED_EDGE('',*,*,#1092,.F.);
#438=ORIENTED_EDGE('',*,*,#1080,.T.);
#439=ORIENTED_EDGE('',*,*,#1093,.F.);
#440=ORIENTED_EDGE('',*,*,#1094,.F.);
#441=ORIENTED_EDGE('',*,*,#1095,.F.);
#442=ORIENTED_EDGE('',*,*,#1096,.F.);
#443=ORIENTED_EDGE('',*,*,#1097,.F.);
#444=ORIENTED_EDGE('',*,*,#1083,.T.);
#445=ORIENTED_EDGE('',*,*,#1098,.F.);
#446=ORIENTED_EDGE('',*,*,#1099,.F.);
#447=ORIENTED_EDGE('',*,*,#1100,.F.);
#448=ORIENTED_EDGE('',*,*,#1101,.F.);
#449=ORIENTED_EDGE('',*,*,#1102,.F.);
#450=ORIENTED_EDGE('',*,*,#1086,.T.);
#451=ORIENTED_EDGE('',*,*,#1103,.F.);
#452=ORIENTED_EDGE('',*,*,#1104,.F.);
#453=ORIENTED_EDGE('',*,*,#1105,.F.);
#454=ORIENTED_EDGE('',*,*,#1106,.F.);
#455=ORIENTED_EDGE('',*,*,#1107,.F.);
#456=ORIENTED_EDGE('',*,*,#1108,.F.);
#457=ORIENTED_EDGE('',*,*,#1109,.T.);
#458=ORIENTED_EDGE('',*,*,#1110,.F.);
#459=ORIENTED_EDGE('',*,*,#1111,.F.);
#460=ORIENTED_EDGE('',*,*,#1112,.F.);
#461=ORIENTED_EDGE('',*,*,#1113,.F.);
#462=ORIENTED_EDGE('',*,*,#1114,.F.);
#463=ORIENTED_EDGE('',*,*,#1115,.T.);
#464=ORIENTED_EDGE('',*,*,#1116,.F.);
#465=ORIENTED_EDGE('',*,*,#1117,.F.);
#466=ORIENTED_EDGE('',*,*,#1118,.F.);
#467=ORIENTED_EDGE('',*,*,#1119,.F.);
#468=ORIENTED_EDGE('',*,*,#1120,.F.);
#469=ORIENTED_EDGE('',*,*,#1121,.T.);
#470=ORIENTED_EDGE('',*,*,#1122,.F.);
#471=ORIENTED_EDGE('',*,*,#1123,.F.);
#472=ORIENTED_EDGE('',*,*,#1124,.F.);
#473=ORIENTED_EDGE('',*,*,#1125,.F.);
#474=ORIENTED_EDGE('',*,*,#1126,.F.);
#475=ORIENTED_EDGE('',*,*,#1127,.T.);
#476=ORIENTED_EDGE('',*,*,#1128,.F.);
#477=ORIENTED_EDGE('',*,*,#1129,.F.);
#478=ORIENTED_EDGE('',*,*,#1130,.F.);
#479=ORIENTED_EDGE('',*,*,#1131,.F.);
#480=ORIENTED_EDGE('',*,*,#1112,.T.);
#481=ORIENTED_EDGE('',*,*,#1132,.F.);
#482=ORIENTED_EDGE('',*,*,#1133,.F.);
#483=ORIENTED_EDGE('',*,*,#1134,.F.);
#484=ORIENTED_EDGE('',*,*,#1118,.T.);
#485=ORIENTED_EDGE('',*,*,#1135,.F.);
#486=ORIENTED_EDGE('',*,*,#1136,.F.);
#487=ORIENTED_EDGE('',*,*,#1137,.F.);
#488=ORIENTED_EDGE('',*,*,#1124,.T.);
#489=ORIENTED_EDGE('',*,*,#1138,.F.);
#490=ORIENTED_EDGE('',*,*,#1139,.F.);
#491=ORIENTED_EDGE('',*,*,#1140,.F.);
#492=ORIENTED_EDGE('',*,*,#1130,.T.);
#493=ORIENTED_EDGE('',*,*,#1141,.F.);
#494=ORIENTED_EDGE('',*,*,#1142,.F.);
#495=ORIENTED_EDGE('',*,*,#1143,.F.);
#496=ORIENTED_EDGE('',*,*,#1133,.T.);
#497=ORIENTED_EDGE('',*,*,#1144,.F.);
#498=ORIENTED_EDGE('',*,*,#1145,.F.);
#499=ORIENTED_EDGE('',*,*,#1146,.F.);
#500=ORIENTED_EDGE('',*,*,#1147,.F.);
#501=ORIENTED_EDGE('',*,*,#1148,.F.);
#502=ORIENTED_EDGE('',*,*,#1136,.T.);
#503=ORIENTED_EDGE('',*,*,#1149,.F.);
#504=ORIENTED_EDGE('',*,*,#1150,.F.);
#505=ORIENTED_EDGE('',*,*,#1151,.F.);
#506=ORIENTED_EDGE('',*,*,#1152,.F.);
#507=ORIENTED_EDGE('',*,*,#1153,.F.);
#508=ORIENTED_EDGE('',*,*,#1139,.T.);
#509=ORIENTED_EDGE('',*,*,#1154,.F.);
#510=ORIENTED_EDGE('',*,*,#1155,.F.);
#511=ORIENTED_EDGE('',*,*,#1156,.F.);
#512=ORIENTED_EDGE('',*,*,#1157,.F.);
#513=ORIENTED_EDGE('',*,*,#1158,.F.);
#514=ORIENTED_EDGE('',*,*,#1142,.T.);
#515=ORIENTED_EDGE('',*,*,#1159,.F.);
#516=ORIENTED_EDGE('',*,*,#1160,.F.);
#517=ORIENTED_EDGE('',*,*,#1161,.F.);
#518=ORIENTED_EDGE('',*,*,#1162,.F.);
#519=ORIENTED_EDGE('',*,*,#1160,.T.);
#520=ORIENTED_EDGE('',*,*,#1163,.F.);
#521=ORIENTED_EDGE('',*,*,#1128,.T.);
#522=ORIENTED_EDGE('',*,*,#1164,.F.);
#523=ORIENTED_EDGE('',*,*,#1165,.T.);
#524=ORIENTED_EDGE('',*,*,#1166,.T.);
#525=ORIENTED_EDGE('',*,*,#1167,.T.);
#526=ORIENTED_EDGE('',*,*,#1168,.T.);
#527=ORIENTED_EDGE('',*,*,#1155,.T.);
#528=ORIENTED_EDGE('',*,*,#1169,.F.);
#529=ORIENTED_EDGE('',*,*,#1122,.T.);
#530=ORIENTED_EDGE('',*,*,#1170,.F.);
#531=ORIENTED_EDGE('',*,*,#1171,.T.);
#532=ORIENTED_EDGE('',*,*,#1172,.T.);
#533=ORIENTED_EDGE('',*,*,#1173,.T.);
#534=ORIENTED_EDGE('',*,*,#1174,.T.);
#535=ORIENTED_EDGE('',*,*,#1126,.T.);
#536=ORIENTED_EDGE('',*,*,#1175,.T.);
#537=ORIENTED_EDGE('',*,*,#1162,.T.);
#538=ORIENTED_EDGE('',*,*,#1176,.T.);
#539=ORIENTED_EDGE('',*,*,#1177,.T.);
#540=ORIENTED_EDGE('',*,*,#1178,.F.);
#541=ORIENTED_EDGE('',*,*,#1179,.T.);
#542=ORIENTED_EDGE('',*,*,#1180,.F.);
#543=ORIENTED_EDGE('',*,*,#1150,.T.);
#544=ORIENTED_EDGE('',*,*,#1181,.F.);
#545=ORIENTED_EDGE('',*,*,#1116,.T.);
#546=ORIENTED_EDGE('',*,*,#1182,.F.);
#547=ORIENTED_EDGE('',*,*,#1183,.T.);
#548=ORIENTED_EDGE('',*,*,#1184,.T.);
#549=ORIENTED_EDGE('',*,*,#1185,.T.);
#550=ORIENTED_EDGE('',*,*,#1186,.T.);
#551=ORIENTED_EDGE('',*,*,#1120,.T.);
#552=ORIENTED_EDGE('',*,*,#1187,.T.);
#553=ORIENTED_EDGE('',*,*,#1157,.T.);
#554=ORIENTED_EDGE('',*,*,#1188,.T.);
#555=ORIENTED_EDGE('',*,*,#1189,.T.);
#556=ORIENTED_EDGE('',*,*,#1190,.F.);
#557=ORIENTED_EDGE('',*,*,#1191,.T.);
#558=ORIENTED_EDGE('',*,*,#1192,.F.);
#559=ORIENTED_EDGE('',*,*,#1145,.T.);
#560=ORIENTED_EDGE('',*,*,#1193,.F.);
#561=ORIENTED_EDGE('',*,*,#1110,.T.);
#562=ORIENTED_EDGE('',*,*,#1194,.F.);
#563=ORIENTED_EDGE('',*,*,#1195,.T.);
#564=ORIENTED_EDGE('',*,*,#1196,.T.);
#565=ORIENTED_EDGE('',*,*,#1197,.T.);
#566=ORIENTED_EDGE('',*,*,#1198,.T.);
#567=ORIENTED_EDGE('',*,*,#1114,.T.);
#568=ORIENTED_EDGE('',*,*,#1199,.T.);
#569=ORIENTED_EDGE('',*,*,#1152,.T.);
#570=ORIENTED_EDGE('',*,*,#1200,.T.);
#571=ORIENTED_EDGE('',*,*,#1201,.T.);
#572=ORIENTED_EDGE('',*,*,#1202,.F.);
#573=ORIENTED_EDGE('',*,*,#1203,.T.);
#574=ORIENTED_EDGE('',*,*,#1204,.F.);
#575=ORIENTED_EDGE('',*,*,#1108,.T.);
#576=ORIENTED_EDGE('',*,*,#1205,.T.);
#577=ORIENTED_EDGE('',*,*,#1147,.T.);
#578=ORIENTED_EDGE('',*,*,#1206,.T.);
#579=ORIENTED_EDGE('',*,*,#1207,.T.);
#580=ORIENTED_EDGE('',*,*,#1208,.F.);
#581=ORIENTED_EDGE('',*,*,#1209,.T.);
#582=ORIENTED_EDGE('',*,*,#1210,.F.);
#583=ORIENTED_EDGE('',*,*,#1104,.T.);
#584=ORIENTED_EDGE('',*,*,#1211,.T.);
#585=ORIENTED_EDGE('',*,*,#1072,.T.);
#586=ORIENTED_EDGE('',*,*,#1212,.F.);
#587=ORIENTED_EDGE('',*,*,#1213,.T.);
#588=ORIENTED_EDGE('',*,*,#1214,.T.);
#589=ORIENTED_EDGE('',*,*,#1215,.T.);
#590=ORIENTED_EDGE('',*,*,#1216,.T.);
#591=ORIENTED_EDGE('',*,*,#1099,.T.);
#592=ORIENTED_EDGE('',*,*,#1217,.T.);
#593=ORIENTED_EDGE('',*,*,#1066,.T.);
#594=ORIENTED_EDGE('',*,*,#1218,.F.);
#595=ORIENTED_EDGE('',*,*,#1219,.T.);
#596=ORIENTED_EDGE('',*,*,#1220,.T.);
#597=ORIENTED_EDGE('',*,*,#1221,.T.);
#598=ORIENTED_EDGE('',*,*,#1222,.T.);
#599=ORIENTED_EDGE('',*,*,#1070,.T.);
#600=ORIENTED_EDGE('',*,*,#1223,.T.);
#601=ORIENTED_EDGE('',*,*,#1106,.T.);
#602=ORIENTED_EDGE('',*,*,#1224,.T.);
#603=ORIENTED_EDGE('',*,*,#1225,.T.);
#604=ORIENTED_EDGE('',*,*,#1226,.F.);
#605=ORIENTED_EDGE('',*,*,#1227,.T.);
#606=ORIENTED_EDGE('',*,*,#1228,.F.);
#607=ORIENTED_EDGE('',*,*,#1094,.T.);
#608=ORIENTED_EDGE('',*,*,#1229,.T.);
#609=ORIENTED_EDGE('',*,*,#1060,.T.);
#610=ORIENTED_EDGE('',*,*,#1230,.F.);
#611=ORIENTED_EDGE('',*,*,#1231,.T.);
#612=ORIENTED_EDGE('',*,*,#1232,.T.);
#613=ORIENTED_EDGE('',*,*,#1233,.T.);
#614=ORIENTED_EDGE('',*,*,#1234,.T.);
#615=ORIENTED_EDGE('',*,*,#1064,.T.);
#616=ORIENTED_EDGE('',*,*,#1235,.T.);
#617=ORIENTED_EDGE('',*,*,#1101,.T.);
#618=ORIENTED_EDGE('',*,*,#1236,.T.);
#619=ORIENTED_EDGE('',*,*,#1237,.T.);
#620=ORIENTED_EDGE('',*,*,#1238,.F.);
#621=ORIENTED_EDGE('',*,*,#1239,.T.);
#622=ORIENTED_EDGE('',*,*,#1240,.F.);
#623=ORIENTED_EDGE('',*,*,#1089,.T.);
#624=ORIENTED_EDGE('',*,*,#1241,.T.);
#625=ORIENTED_EDGE('',*,*,#1054,.T.);
#626=ORIENTED_EDGE('',*,*,#1242,.F.);
#627=ORIENTED_EDGE('',*,*,#1243,.T.);
#628=ORIENTED_EDGE('',*,*,#1244,.T.);
#629=ORIENTED_EDGE('',*,*,#1245,.T.);
#630=ORIENTED_EDGE('',*,*,#1246,.T.);
#631=ORIENTED_EDGE('',*,*,#1058,.T.);
#632=ORIENTED_EDGE('',*,*,#1247,.T.);
#633=ORIENTED_EDGE('',*,*,#1096,.T.);
#634=ORIENTED_EDGE('',*,*,#1248,.T.);
#635=ORIENTED_EDGE('',*,*,#1249,.T.);
#636=ORIENTED_EDGE('',*,*,#1250,.F.);
#637=ORIENTED_EDGE('',*,*,#1251,.T.);
#638=ORIENTED_EDGE('',*,*,#1252,.F.);
#639=ORIENTED_EDGE('',*,*,#1052,.T.);
#640=ORIENTED_EDGE('',*,*,#1253,.T.);
#641=ORIENTED_EDGE('',*,*,#1091,.T.);
#642=ORIENTED_EDGE('',*,*,#1254,.T.);
#643=ORIENTED_EDGE('',*,*,#1255,.T.);
#644=ORIENTED_EDGE('',*,*,#1256,.F.);
#645=ORIENTED_EDGE('',*,*,#1257,.T.);
#646=ORIENTED_EDGE('',*,*,#1258,.F.);
#647=ORIENTED_EDGE('',*,*,#1259,.T.);
#648=ORIENTED_EDGE('',*,*,#1260,.F.);
#649=ORIENTED_EDGE('',*,*,#1261,.F.);
#650=ORIENTED_EDGE('',*,*,#1262,.T.);
#651=ORIENTED_EDGE('',*,*,#1263,.T.);
#652=ORIENTED_EDGE('',*,*,#1264,.F.);
#653=ORIENTED_EDGE('',*,*,#1265,.F.);
#654=ORIENTED_EDGE('',*,*,#1266,.T.);
#655=ORIENTED_EDGE('',*,*,#1255,.F.);
#656=ORIENTED_EDGE('',*,*,#1267,.T.);
#657=ORIENTED_EDGE('',*,*,#1245,.F.);
#658=ORIENTED_EDGE('',*,*,#1268,.T.);
#659=ORIENTED_EDGE('',*,*,#1249,.F.);
#660=ORIENTED_EDGE('',*,*,#1269,.T.);
#661=ORIENTED_EDGE('',*,*,#1233,.F.);
#662=ORIENTED_EDGE('',*,*,#1270,.T.);
#663=ORIENTED_EDGE('',*,*,#1237,.F.);
#664=ORIENTED_EDGE('',*,*,#1271,.T.);
#665=ORIENTED_EDGE('',*,*,#1221,.F.);
#666=ORIENTED_EDGE('',*,*,#1272,.T.);
#667=ORIENTED_EDGE('',*,*,#1225,.F.);
#668=ORIENTED_EDGE('',*,*,#1273,.T.);
#669=ORIENTED_EDGE('',*,*,#1215,.F.);
#670=ORIENTED_EDGE('',*,*,#1274,.T.);
#671=ORIENTED_EDGE('',*,*,#1257,.F.);
#672=ORIENTED_EDGE('',*,*,#1275,.T.);
#673=ORIENTED_EDGE('',*,*,#1243,.F.);
#674=ORIENTED_EDGE('',*,*,#1276,.F.);
#675=ORIENTED_EDGE('',*,*,#1251,.F.);
#676=ORIENTED_EDGE('',*,*,#1277,.T.);
#677=ORIENTED_EDGE('',*,*,#1231,.F.);
#678=ORIENTED_EDGE('',*,*,#1278,.F.);
#679=ORIENTED_EDGE('',*,*,#1239,.F.);
#680=ORIENTED_EDGE('',*,*,#1279,.T.);
#681=ORIENTED_EDGE('',*,*,#1219,.F.);
#682=ORIENTED_EDGE('',*,*,#1280,.F.);
#683=ORIENTED_EDGE('',*,*,#1227,.F.);
#684=ORIENTED_EDGE('',*,*,#1281,.T.);
#685=ORIENTED_EDGE('',*,*,#1213,.F.);
#686=ORIENTED_EDGE('',*,*,#1282,.F.);
#687=ORIENTED_EDGE('',*,*,#1254,.F.);
#688=ORIENTED_EDGE('',*,*,#1090,.T.);
#689=ORIENTED_EDGE('',*,*,#1246,.F.);
#690=ORIENTED_EDGE('',*,*,#1267,.F.);
#691=ORIENTED_EDGE('',*,*,#1248,.F.);
#692=ORIENTED_EDGE('',*,*,#1095,.T.);
#693=ORIENTED_EDGE('',*,*,#1234,.F.);
#694=ORIENTED_EDGE('',*,*,#1269,.F.);
#695=ORIENTED_EDGE('',*,*,#1236,.F.);
#696=ORIENTED_EDGE('',*,*,#1100,.T.);
#697=ORIENTED_EDGE('',*,*,#1222,.F.);
#698=ORIENTED_EDGE('',*,*,#1271,.F.);
#699=ORIENTED_EDGE('',*,*,#1224,.F.);
#700=ORIENTED_EDGE('',*,*,#1105,.T.);
#701=ORIENTED_EDGE('',*,*,#1216,.F.);
#702=ORIENTED_EDGE('',*,*,#1273,.F.);
#703=ORIENTED_EDGE('',*,*,#1053,.F.);
#704=ORIENTED_EDGE('',*,*,#1258,.T.);
#705=ORIENTED_EDGE('',*,*,#1276,.T.);
#706=ORIENTED_EDGE('',*,*,#1242,.T.);
#707=ORIENTED_EDGE('',*,*,#1059,.F.);
#708=ORIENTED_EDGE('',*,*,#1252,.T.);
#709=ORIENTED_EDGE('',*,*,#1278,.T.);
#710=ORIENTED_EDGE('',*,*,#1230,.T.);
#711=ORIENTED_EDGE('',*,*,#1065,.F.);
#712=ORIENTED_EDGE('',*,*,#1240,.T.);
#713=ORIENTED_EDGE('',*,*,#1280,.T.);
#714=ORIENTED_EDGE('',*,*,#1218,.T.);
#715=ORIENTED_EDGE('',*,*,#1071,.F.);
#716=ORIENTED_EDGE('',*,*,#1228,.T.);
#717=ORIENTED_EDGE('',*,*,#1282,.T.);
#718=ORIENTED_EDGE('',*,*,#1212,.T.);
#719=ORIENTED_EDGE('',*,*,#1207,.F.);
#720=ORIENTED_EDGE('',*,*,#1283,.T.);
#721=ORIENTED_EDGE('',*,*,#1197,.F.);
#722=ORIENTED_EDGE('',*,*,#1284,.T.);
#723=ORIENTED_EDGE('',*,*,#1201,.F.);
#724=ORIENTED_EDGE('',*,*,#1285,.T.);
#725=ORIENTED_EDGE('',*,*,#1185,.F.);
#726=ORIENTED_EDGE('',*,*,#1286,.T.);
#727=ORIENTED_EDGE('',*,*,#1189,.F.);
#728=ORIENTED_EDGE('',*,*,#1287,.T.);
#729=ORIENTED_EDGE('',*,*,#1173,.F.);
#730=ORIENTED_EDGE('',*,*,#1288,.T.);
#731=ORIENTED_EDGE('',*,*,#1177,.F.);
#732=ORIENTED_EDGE('',*,*,#1289,.T.);
#733=ORIENTED_EDGE('',*,*,#1167,.F.);
#734=ORIENTED_EDGE('',*,*,#1290,.T.);
#735=ORIENTED_EDGE('',*,*,#1209,.F.);
#736=ORIENTED_EDGE('',*,*,#1291,.T.);
#737=ORIENTED_EDGE('',*,*,#1195,.F.);
#738=ORIENTED_EDGE('',*,*,#1292,.F.);
#739=ORIENTED_EDGE('',*,*,#1203,.F.);
#740=ORIENTED_EDGE('',*,*,#1293,.T.);
#741=ORIENTED_EDGE('',*,*,#1183,.F.);
#742=ORIENTED_EDGE('',*,*,#1294,.F.);
#743=ORIENTED_EDGE('',*,*,#1191,.F.);
#744=ORIENTED_EDGE('',*,*,#1295,.T.);
#745=ORIENTED_EDGE('',*,*,#1171,.F.);
#746=ORIENTED_EDGE('',*,*,#1296,.F.);
#747=ORIENTED_EDGE('',*,*,#1179,.F.);
#748=ORIENTED_EDGE('',*,*,#1297,.T.);
#749=ORIENTED_EDGE('',*,*,#1165,.F.);
#750=ORIENTED_EDGE('',*,*,#1298,.F.);
#751=ORIENTED_EDGE('',*,*,#1206,.F.);
#752=ORIENTED_EDGE('',*,*,#1146,.T.);
#753=ORIENTED_EDGE('',*,*,#1198,.F.);
#754=ORIENTED_EDGE('',*,*,#1283,.F.);
#755=ORIENTED_EDGE('',*,*,#1200,.F.);
#756=ORIENTED_EDGE('',*,*,#1151,.T.);
#757=ORIENTED_EDGE('',*,*,#1186,.F.);
#758=ORIENTED_EDGE('',*,*,#1285,.F.);
#759=ORIENTED_EDGE('',*,*,#1188,.F.);
#760=ORIENTED_EDGE('',*,*,#1156,.T.);
#761=ORIENTED_EDGE('',*,*,#1174,.F.);
#762=ORIENTED_EDGE('',*,*,#1287,.F.);
#763=ORIENTED_EDGE('',*,*,#1176,.F.);
#764=ORIENTED_EDGE('',*,*,#1161,.T.);
#765=ORIENTED_EDGE('',*,*,#1168,.F.);
#766=ORIENTED_EDGE('',*,*,#1289,.F.);
#767=ORIENTED_EDGE('',*,*,#1109,.F.);
#768=ORIENTED_EDGE('',*,*,#1210,.T.);
#769=ORIENTED_EDGE('',*,*,#1292,.T.);
#770=ORIENTED_EDGE('',*,*,#1194,.T.);
#771=ORIENTED_EDGE('',*,*,#1115,.F.);
#772=ORIENTED_EDGE('',*,*,#1204,.T.);
#773=ORIENTED_EDGE('',*,*,#1294,.T.);
#774=ORIENTED_EDGE('',*,*,#1182,.T.);
#775=ORIENTED_EDGE('',*,*,#1121,.F.);
#776=ORIENTED_EDGE('',*,*,#1192,.T.);
#777=ORIENTED_EDGE('',*,*,#1296,.T.);
#778=ORIENTED_EDGE('',*,*,#1170,.T.);
#779=ORIENTED_EDGE('',*,*,#1127,.F.);
#780=ORIENTED_EDGE('',*,*,#1180,.T.);
#781=ORIENTED_EDGE('',*,*,#1298,.T.);
#782=ORIENTED_EDGE('',*,*,#1164,.T.);
#783=ORIENTED_EDGE('',*,*,#1259,.F.);
#784=ORIENTED_EDGE('',*,*,#1299,.F.);
#785=ORIENTED_EDGE('',*,*,#1263,.F.);
#786=ORIENTED_EDGE('',*,*,#1300,.F.);
#787=ORIENTED_EDGE('',*,*,#1208,.T.);
#788=ORIENTED_EDGE('',*,*,#1284,.F.);
#789=ORIENTED_EDGE('',*,*,#1196,.F.);
#790=ORIENTED_EDGE('',*,*,#1291,.F.);
#791=ORIENTED_EDGE('',*,*,#1202,.T.);
#792=ORIENTED_EDGE('',*,*,#1286,.F.);
#793=ORIENTED_EDGE('',*,*,#1184,.F.);
#794=ORIENTED_EDGE('',*,*,#1293,.F.);
#795=ORIENTED_EDGE('',*,*,#1190,.T.);
#796=ORIENTED_EDGE('',*,*,#1288,.F.);
#797=ORIENTED_EDGE('',*,*,#1172,.F.);
#798=ORIENTED_EDGE('',*,*,#1295,.F.);
#799=ORIENTED_EDGE('',*,*,#1178,.T.);
#800=ORIENTED_EDGE('',*,*,#1290,.F.);
#801=ORIENTED_EDGE('',*,*,#1166,.F.);
#802=ORIENTED_EDGE('',*,*,#1297,.F.);
#803=ORIENTED_EDGE('',*,*,#1256,.T.);
#804=ORIENTED_EDGE('',*,*,#1268,.F.);
#805=ORIENTED_EDGE('',*,*,#1244,.F.);
#806=ORIENTED_EDGE('',*,*,#1275,.F.);
#807=ORIENTED_EDGE('',*,*,#1250,.T.);
#808=ORIENTED_EDGE('',*,*,#1270,.F.);
#809=ORIENTED_EDGE('',*,*,#1232,.F.);
#810=ORIENTED_EDGE('',*,*,#1277,.F.);
#811=ORIENTED_EDGE('',*,*,#1238,.T.);
#812=ORIENTED_EDGE('',*,*,#1272,.F.);
#813=ORIENTED_EDGE('',*,*,#1220,.F.);
#814=ORIENTED_EDGE('',*,*,#1279,.F.);
#815=ORIENTED_EDGE('',*,*,#1226,.T.);
#816=ORIENTED_EDGE('',*,*,#1274,.F.);
#817=ORIENTED_EDGE('',*,*,#1214,.F.);
#818=ORIENTED_EDGE('',*,*,#1281,.F.);
#819=ORIENTED_EDGE('',*,*,#1299,.T.);
#820=ORIENTED_EDGE('',*,*,#1262,.F.);
#821=ORIENTED_EDGE('',*,*,#1301,.F.);
#822=ORIENTED_EDGE('',*,*,#1264,.T.);
#823=ORIENTED_EDGE('',*,*,#1300,.T.);
#824=ORIENTED_EDGE('',*,*,#1266,.F.);
#825=ORIENTED_EDGE('',*,*,#1302,.F.);
#826=ORIENTED_EDGE('',*,*,#1260,.T.);
#827=ORIENTED_EDGE('',*,*,#1265,.T.);
#828=ORIENTED_EDGE('',*,*,#1301,.T.);
#829=ORIENTED_EDGE('',*,*,#1261,.T.);
#830=ORIENTED_EDGE('',*,*,#1302,.T.);
#831=ORIENTED_EDGE('',*,*,#1051,.T.);
#832=ORIENTED_EDGE('',*,*,#1075,.T.);
#833=ORIENTED_EDGE('',*,*,#1087,.T.);
#834=ORIENTED_EDGE('',*,*,#1253,.F.);
#835=ORIENTED_EDGE('',*,*,#1057,.T.);
#836=ORIENTED_EDGE('',*,*,#1078,.T.);
#837=ORIENTED_EDGE('',*,*,#1092,.T.);
#838=ORIENTED_EDGE('',*,*,#1247,.F.);
#839=ORIENTED_EDGE('',*,*,#1055,.T.);
#840=ORIENTED_EDGE('',*,*,#1241,.F.);
#841=ORIENTED_EDGE('',*,*,#1088,.T.);
#842=ORIENTED_EDGE('',*,*,#1076,.T.);
#843=ORIENTED_EDGE('',*,*,#1063,.T.);
#844=ORIENTED_EDGE('',*,*,#1081,.T.);
#845=ORIENTED_EDGE('',*,*,#1097,.T.);
#846=ORIENTED_EDGE('',*,*,#1235,.F.);
#847=ORIENTED_EDGE('',*,*,#1061,.T.);
#848=ORIENTED_EDGE('',*,*,#1229,.F.);
#849=ORIENTED_EDGE('',*,*,#1093,.T.);
#850=ORIENTED_EDGE('',*,*,#1079,.T.);
#851=ORIENTED_EDGE('',*,*,#1069,.T.);
#852=ORIENTED_EDGE('',*,*,#1084,.T.);
#853=ORIENTED_EDGE('',*,*,#1102,.T.);
#854=ORIENTED_EDGE('',*,*,#1223,.F.);
#855=ORIENTED_EDGE('',*,*,#1067,.T.);
#856=ORIENTED_EDGE('',*,*,#1217,.F.);
#857=ORIENTED_EDGE('',*,*,#1098,.T.);
#858=ORIENTED_EDGE('',*,*,#1082,.T.);
#859=ORIENTED_EDGE('',*,*,#1073,.T.);
#860=ORIENTED_EDGE('',*,*,#1211,.F.);
#861=ORIENTED_EDGE('',*,*,#1103,.T.);
#862=ORIENTED_EDGE('',*,*,#1085,.T.);
#863=ORIENTED_EDGE('',*,*,#1107,.T.);
#864=ORIENTED_EDGE('',*,*,#1131,.T.);
#865=ORIENTED_EDGE('',*,*,#1143,.T.);
#866=ORIENTED_EDGE('',*,*,#1205,.F.);
#867=ORIENTED_EDGE('',*,*,#1113,.T.);
#868=ORIENTED_EDGE('',*,*,#1134,.T.);
#869=ORIENTED_EDGE('',*,*,#1148,.T.);
#870=ORIENTED_EDGE('',*,*,#1199,.F.);
#871=ORIENTED_EDGE('',*,*,#1111,.T.);
#872=ORIENTED_EDGE('',*,*,#1193,.T.);
#873=ORIENTED_EDGE('',*,*,#1144,.T.);
#874=ORIENTED_EDGE('',*,*,#1132,.T.);
#875=ORIENTED_EDGE('',*,*,#1119,.T.);
#876=ORIENTED_EDGE('',*,*,#1137,.T.);
#877=ORIENTED_EDGE('',*,*,#1153,.T.);
#878=ORIENTED_EDGE('',*,*,#1187,.F.);
#879=ORIENTED_EDGE('',*,*,#1117,.T.);
#880=ORIENTED_EDGE('',*,*,#1181,.T.);
#881=ORIENTED_EDGE('',*,*,#1149,.T.);
#882=ORIENTED_EDGE('',*,*,#1135,.T.);
#883=ORIENTED_EDGE('',*,*,#1125,.T.);
#884=ORIENTED_EDGE('',*,*,#1140,.T.);
#885=ORIENTED_EDGE('',*,*,#1158,.T.);
#886=ORIENTED_EDGE('',*,*,#1175,.F.);
#887=ORIENTED_EDGE('',*,*,#1123,.T.);
#888=ORIENTED_EDGE('',*,*,#1169,.T.);
#889=ORIENTED_EDGE('',*,*,#1154,.T.);
#890=ORIENTED_EDGE('',*,*,#1138,.T.);
#891=ORIENTED_EDGE('',*,*,#1129,.T.);
#892=ORIENTED_EDGE('',*,*,#1163,.T.);
#893=ORIENTED_EDGE('',*,*,#1159,.T.);
#894=ORIENTED_EDGE('',*,*,#1141,.T.);
#895=EDGE_CURVE('',#1303,#1304,#1575,.T.);
#896=EDGE_CURVE('',#1305,#1303,#1576,.T.);
#897=EDGE_CURVE('',#1306,#1305,#1577,.T.);
#898=EDGE_CURVE('',#1306,#1307,#1578,.T.);
#899=EDGE_CURVE('',#1308,#1307,#1579,.T.);
#900=EDGE_CURVE('',#1309,#1308,#1580,.T.);
#901=EDGE_CURVE('',#1310,#1309,#1581,.T.);
#902=EDGE_CURVE('',#1310,#1311,#1582,.T.);
#903=EDGE_CURVE('',#1312,#1311,#1583,.T.);
#904=EDGE_CURVE('',#1313,#1312,#1584,.T.);
#905=EDGE_CURVE('',#1314,#1313,#1585,.T.);
#906=EDGE_CURVE('',#1314,#1315,#1586,.T.);
#907=EDGE_CURVE('',#1316,#1315,#1587,.T.);
#908=EDGE_CURVE('',#1317,#1316,#1588,.T.);
#909=EDGE_CURVE('',#1318,#1317,#1589,.T.);
#910=EDGE_CURVE('',#1318,#1319,#1590,.T.);
#911=EDGE_CURVE('',#1320,#1319,#1591,.T.);
#912=EDGE_CURVE('',#1321,#1320,#1592,.T.);
#913=EDGE_CURVE('',#1321,#1322,#1593,.T.);
#914=EDGE_CURVE('',#1322,#1304,#1594,.T.);
#915=EDGE_CURVE('',#1323,#1324,#1595,.T.);
#916=EDGE_CURVE('',#1323,#1325,#1596,.T.);
#917=EDGE_CURVE('',#1326,#1325,#1597,.T.);
#918=EDGE_CURVE('',#1327,#1326,#1598,.T.);
#919=EDGE_CURVE('',#1327,#1328,#1599,.T.);
#920=EDGE_CURVE('',#1328,#1329,#1600,.T.);
#921=EDGE_CURVE('',#1330,#1329,#1601,.T.);
#922=EDGE_CURVE('',#1331,#1330,#1602,.T.);
#923=EDGE_CURVE('',#1332,#1331,#1603,.T.);
#924=EDGE_CURVE('',#1332,#1333,#1604,.T.);
#925=EDGE_CURVE('',#1334,#1333,#1605,.T.);
#926=EDGE_CURVE('',#1335,#1334,#1606,.T.);
#927=EDGE_CURVE('',#1336,#1335,#1607,.T.);
#928=EDGE_CURVE('',#1336,#1337,#1608,.T.);
#929=EDGE_CURVE('',#1338,#1337,#1609,.T.);
#930=EDGE_CURVE('',#1339,#1338,#1610,.T.);
#931=EDGE_CURVE('',#1340,#1339,#1611,.T.);
#932=EDGE_CURVE('',#1340,#1341,#1612,.T.);
#933=EDGE_CURVE('',#1342,#1341,#1613,.T.);
#934=EDGE_CURVE('',#1324,#1342,#1614,.T.);
#935=EDGE_CURVE('',#1343,#1344,#1615,.T.);
#936=EDGE_CURVE('',#1344,#1345,#1616,.T.);
#937=EDGE_CURVE('',#1346,#1345,#1617,.T.);
#938=EDGE_CURVE('',#1346,#1343,#1618,.T.);
#939=EDGE_CURVE('',#1345,#1347,#1619,.T.);
#940=EDGE_CURVE('',#1348,#1347,#1620,.T.);
#941=EDGE_CURVE('',#1348,#1346,#1621,.T.);
#942=EDGE_CURVE('',#1347,#1349,#1622,.T.);
#943=EDGE_CURVE('',#1350,#1349,#1623,.T.);
#944=EDGE_CURVE('',#1350,#1348,#1624,.T.);
#945=EDGE_CURVE('',#1351,#1352,#1625,.T.);
#946=EDGE_CURVE('',#1352,#1353,#1626,.T.);
#947=EDGE_CURVE('',#1354,#1353,#1627,.T.);
#948=EDGE_CURVE('',#1354,#1351,#1628,.T.);
#949=EDGE_CURVE('',#1353,#1355,#1629,.T.);
#950=EDGE_CURVE('',#1356,#1355,#1630,.T.);
#951=EDGE_CURVE('',#1356,#1354,#1631,.T.);
#952=EDGE_CURVE('',#1355,#1357,#1632,.T.);
#953=EDGE_CURVE('',#1358,#1357,#1633,.T.);
#954=EDGE_CURVE('',#1358,#1356,#1634,.T.);
#955=EDGE_CURVE('',#1359,#1360,#1635,.T.);
#956=EDGE_CURVE('',#1360,#1361,#1636,.T.);
#957=EDGE_CURVE('',#1362,#1361,#1637,.T.);
#958=EDGE_CURVE('',#1362,#1359,#1638,.T.);
#959=EDGE_CURVE('',#1361,#1363,#1639,.T.);
#960=EDGE_CURVE('',#1364,#1363,#1640,.T.);
#961=EDGE_CURVE('',#1364,#1362,#1641,.T.);
#962=EDGE_CURVE('',#1363,#1365,#1642,.T.);
#963=EDGE_CURVE('',#1366,#1365,#1643,.T.);
#964=EDGE_CURVE('',#1366,#1364,#1644,.T.);
#965=EDGE_CURVE('',#1367,#1368,#1645,.T.);
#966=EDGE_CURVE('',#1368,#1369,#1646,.T.);
#967=EDGE_CURVE('',#1370,#1369,#1647,.T.);
#968=EDGE_CURVE('',#1370,#1367,#1648,.T.);
#969=EDGE_CURVE('',#1369,#1371,#1649,.T.);
#970=EDGE_CURVE('',#1372,#1371,#1650,.T.);
#971=EDGE_CURVE('',#1372,#1370,#1651,.T.);
#972=EDGE_CURVE('',#1371,#1373,#1652,.T.);
#973=EDGE_CURVE('',#1374,#1373,#1653,.T.);
#974=EDGE_CURVE('',#1374,#1372,#1654,.T.);
#975=EDGE_CURVE('',#1375,#1376,#1655,.T.);
#976=EDGE_CURVE('',#1376,#1377,#1656,.T.);
#977=EDGE_CURVE('',#1378,#1377,#1657,.T.);
#978=EDGE_CURVE('',#1378,#1375,#1658,.T.);
#979=EDGE_CURVE('',#1377,#1379,#1659,.T.);
#980=EDGE_CURVE('',#1380,#1379,#1660,.T.);
#981=EDGE_CURVE('',#1380,#1378,#1661,.T.);
#982=EDGE_CURVE('',#1379,#1381,#1662,.T.);
#983=EDGE_CURVE('',#1382,#1381,#1663,.T.);
#984=EDGE_CURVE('',#1382,#1380,#1664,.T.);
#985=EDGE_CURVE('',#1383,#1384,#1665,.T.);
#986=EDGE_CURVE('',#1384,#1385,#1666,.T.);
#987=EDGE_CURVE('',#1386,#1385,#1667,.T.);
#988=EDGE_CURVE('',#1386,#1383,#1668,.T.);
#989=EDGE_CURVE('',#1385,#1387,#1669,.T.);
#990=EDGE_CURVE('',#1388,#1387,#1670,.T.);
#991=EDGE_CURVE('',#1388,#1386,#1671,.T.);
#992=EDGE_CURVE('',#1387,#1389,#1672,.T.);
#993=EDGE_CURVE('',#1390,#1389,#1673,.T.);
#994=EDGE_CURVE('',#1390,#1388,#1674,.T.);
#995=EDGE_CURVE('',#1391,#1392,#1675,.T.);
#996=EDGE_CURVE('',#1392,#1393,#1676,.T.);
#997=EDGE_CURVE('',#1394,#1393,#1677,.T.);
#998=EDGE_CURVE('',#1394,#1391,#1678,.T.);
#999=EDGE_CURVE('',#1393,#1395,#1679,.T.);
#1000=EDGE_CURVE('',#1396,#1395,#1680,.T.);
#1001=EDGE_CURVE('',#1396,#1394,#1681,.T.);
#1002=EDGE_CURVE('',#1395,#1397,#1682,.T.);
#1003=EDGE_CURVE('',#1398,#1397,#1683,.T.);
#1004=EDGE_CURVE('',#1398,#1396,#1684,.T.);
#1005=EDGE_CURVE('',#1399,#1400,#1685,.T.);
#1006=EDGE_CURVE('',#1400,#1401,#1686,.T.);
#1007=EDGE_CURVE('',#1402,#1401,#1687,.T.);
#1008=EDGE_CURVE('',#1402,#1399,#1688,.T.);
#1009=EDGE_CURVE('',#1401,#1403,#1689,.T.);
#1010=EDGE_CURVE('',#1404,#1403,#1690,.T.);
#1011=EDGE_CURVE('',#1404,#1402,#1691,.T.);
#1012=EDGE_CURVE('',#1403,#1405,#1692,.T.);
#1013=EDGE_CURVE('',#1406,#1405,#1693,.T.);
#1014=EDGE_CURVE('',#1406,#1404,#1694,.T.);
#1015=EDGE_CURVE('',#1349,#1344,#1695,.T.);
#1016=EDGE_CURVE('',#1343,#1350,#1696,.T.);
#1017=EDGE_CURVE('',#1357,#1352,#1697,.T.);
#1018=EDGE_CURVE('',#1351,#1358,#1698,.T.);
#1019=EDGE_CURVE('',#1365,#1360,#1699,.T.);
#1020=EDGE_CURVE('',#1359,#1366,#1700,.T.);
#1021=EDGE_CURVE('',#1373,#1368,#1701,.T.);
#1022=EDGE_CURVE('',#1367,#1374,#1702,.T.);
#1023=EDGE_CURVE('',#1381,#1376,#1703,.T.);
#1024=EDGE_CURVE('',#1375,#1382,#1704,.T.);
#1025=EDGE_CURVE('',#1389,#1384,#1705,.T.);
#1026=EDGE_CURVE('',#1383,#1390,#1706,.T.);
#1027=EDGE_CURVE('',#1397,#1392,#1707,.T.);
#1028=EDGE_CURVE('',#1391,#1398,#1708,.T.);
#1029=EDGE_CURVE('',#1405,#1400,#1709,.T.);
#1030=EDGE_CURVE('',#1399,#1406,#1710,.T.);
#1031=EDGE_CURVE('',#1329,#1318,#1711,.T.);
#1032=EDGE_CURVE('',#1319,#1328,#1712,.T.);
#1033=EDGE_CURVE('',#1304,#1323,#1713,.T.);
#1034=EDGE_CURVE('',#1325,#1322,#1714,.T.);
#1035=EDGE_CURVE('',#1341,#1306,#1715,.T.);
#1036=EDGE_CURVE('',#1307,#1340,#1716,.T.);
#1037=EDGE_CURVE('',#1337,#1310,#1717,.T.);
#1038=EDGE_CURVE('',#1311,#1336,#1718,.T.);
#1039=EDGE_CURVE('',#1333,#1314,#1719,.T.);
#1040=EDGE_CURVE('',#1315,#1332,#1720,.T.);
#1041=EDGE_CURVE('',#1320,#1327,#1721,.T.);
#1042=EDGE_CURVE('',#1326,#1321,#1722,.T.);
#1043=EDGE_CURVE('',#1331,#1316,#1723,.T.);
#1044=EDGE_CURVE('',#1330,#1317,#1724,.T.);
#1045=EDGE_CURVE('',#1335,#1312,#1725,.T.);
#1046=EDGE_CURVE('',#1334,#1313,#1726,.T.);
#1047=EDGE_CURVE('',#1339,#1308,#1727,.T.);
#1048=EDGE_CURVE('',#1338,#1309,#1728,.T.);
#1049=EDGE_CURVE('',#1324,#1303,#1729,.T.);
#1050=EDGE_CURVE('',#1342,#1305,#1730,.T.);
#1051=EDGE_CURVE('',#1407,#1408,#1731,.T.);
#1052=EDGE_CURVE('',#1409,#1407,#1732,.T.);
#1053=EDGE_CURVE('',#1409,#1410,#1733,.T.);
#1054=EDGE_CURVE('',#1411,#1410,#1734,.T.);
#1055=EDGE_CURVE('',#1412,#1411,#1735,.T.);
#1056=EDGE_CURVE('',#1408,#1412,#1736,.T.);
#1057=EDGE_CURVE('',#1413,#1414,#1737,.T.);
#1058=EDGE_CURVE('',#1415,#1413,#1738,.T.);
#1059=EDGE_CURVE('',#1415,#1416,#1739,.T.);
#1060=EDGE_CURVE('',#1417,#1416,#1740,.T.);
#1061=EDGE_CURVE('',#1418,#1417,#1741,.T.);
#1062=EDGE_CURVE('',#1414,#1418,#1742,.T.);
#1063=EDGE_CURVE('',#1419,#1420,#1743,.T.);
#1064=EDGE_CURVE('',#1421,#1419,#1744,.T.);
#1065=EDGE_CURVE('',#1421,#1422,#1745,.T.);
#1066=EDGE_CURVE('',#1423,#1422,#1746,.T.);
#1067=EDGE_CURVE('',#1424,#1423,#1747,.T.);
#1068=EDGE_CURVE('',#1420,#1424,#1748,.T.);
#1069=EDGE_CURVE('',#1425,#1426,#1749,.T.);
#1070=EDGE_CURVE('',#1427,#1425,#1750,.T.);
#1071=EDGE_CURVE('',#1427,#1428,#1751,.T.);
#1072=EDGE_CURVE('',#1429,#1428,#1752,.T.);
#1073=EDGE_CURVE('',#1430,#1429,#1753,.T.);
#1074=EDGE_CURVE('',#1426,#1430,#1754,.T.);
#1075=EDGE_CURVE('',#1408,#1431,#1755,.T.);
#1076=EDGE_CURVE('',#1432,#1412,#1756,.T.);
#1077=EDGE_CURVE('',#1431,#1432,#1757,.T.);
#1078=EDGE_CURVE('',#1414,#1433,#1758,.T.);
#1079=EDGE_CURVE('',#1434,#1418,#1759,.T.);
#1080=EDGE_CURVE('',#1433,#1434,#1760,.T.);
#1081=EDGE_CURVE('',#1420,#1435,#1761,.T.);
#1082=EDGE_CURVE('',#1436,#1424,#1762,.T.);
#1083=EDGE_CURVE('',#1435,#1436,#1763,.T.);
#1084=EDGE_CURVE('',#1426,#1437,#1764,.T.);
#1085=EDGE_CURVE('',#1438,#1430,#1765,.T.);
#1086=EDGE_CURVE('',#1437,#1438,#1766,.T.);
#1087=EDGE_CURVE('',#1431,#1439,#1767,.T.);
#1088=EDGE_CURVE('',#1440,#1432,#1768,.T.);
#1089=EDGE_CURVE('',#1441,#1440,#1769,.T.);
#1090=EDGE_CURVE('',#1442,#1441,#1770,.T.);
#1091=EDGE_CURVE('',#1439,#1442,#1771,.T.);
#1092=EDGE_CURVE('',#1433,#1443,#1772,.T.);
#1093=EDGE_CURVE('',#1444,#1434,#1773,.T.);
#1094=EDGE_CURVE('',#1445,#1444,#1774,.T.);
#1095=EDGE_CURVE('',#1446,#1445,#1775,.T.);
#1096=EDGE_CURVE('',#1443,#1446,#1776,.T.);
#1097=EDGE_CURVE('',#1435,#1447,#1777,.T.);
#1098=EDGE_CURVE('',#1448,#1436,#1778,.T.);
#1099=EDGE_CURVE('',#1449,#1448,#1779,.T.);
#1100=EDGE_CURVE('',#1450,#1449,#1780,.T.);
#1101=EDGE_CURVE('',#1447,#1450,#1781,.T.);
#1102=EDGE_CURVE('',#1437,#1451,#1782,.T.);
#1103=EDGE_CURVE('',#1452,#1438,#1783,.T.);
#1104=EDGE_CURVE('',#1453,#1452,#1784,.T.);
#1105=EDGE_CURVE('',#1454,#1453,#1785,.T.);
#1106=EDGE_CURVE('',#1451,#1454,#1786,.T.);
#1107=EDGE_CURVE('',#1455,#1456,#1787,.T.);
#1108=EDGE_CURVE('',#1457,#1455,#1788,.T.);
#1109=EDGE_CURVE('',#1457,#1458,#1789,.T.);
#1110=EDGE_CURVE('',#1459,#1458,#1790,.T.);
#1111=EDGE_CURVE('',#1460,#1459,#1791,.T.);
#1112=EDGE_CURVE('',#1456,#1460,#1792,.T.);
#1113=EDGE_CURVE('',#1461,#1462,#1793,.T.);
#1114=EDGE_CURVE('',#1463,#1461,#1794,.T.);
#1115=EDGE_CURVE('',#1463,#1464,#1795,.T.);
#1116=EDGE_CURVE('',#1465,#1464,#1796,.T.);
#1117=EDGE_CURVE('',#1466,#1465,#1797,.T.);
#1118=EDGE_CURVE('',#1462,#1466,#1798,.T.);
#1119=EDGE_CURVE('',#1467,#1468,#1799,.T.);
#1120=EDGE_CURVE('',#1469,#1467,#1800,.T.);
#1121=EDGE_CURVE('',#1469,#1470,#1801,.T.);
#1122=EDGE_CURVE('',#1471,#1470,#1802,.T.);
#1123=EDGE_CURVE('',#1472,#1471,#1803,.T.);
#1124=EDGE_CURVE('',#1468,#1472,#1804,.T.);
#1125=EDGE_CURVE('',#1473,#1474,#1805,.T.);
#1126=EDGE_CURVE('',#1475,#1473,#1806,.T.);
#1127=EDGE_CURVE('',#1475,#1476,#1807,.T.);
#1128=EDGE_CURVE('',#1477,#1476,#1808,.T.);
#1129=EDGE_CURVE('',#1478,#1477,#1809,.T.);
#1130=EDGE_CURVE('',#1474,#1478,#1810,.T.);
#1131=EDGE_CURVE('',#1456,#1479,#1811,.T.);
#1132=EDGE_CURVE('',#1480,#1460,#1812,.T.);
#1133=EDGE_CURVE('',#1479,#1480,#1813,.T.);
#1134=EDGE_CURVE('',#1462,#1481,#1814,.T.);
#1135=EDGE_CURVE('',#1482,#1466,#1815,.T.);
#1136=EDGE_CURVE('',#1481,#1482,#1816,.T.);
#1137=EDGE_CURVE('',#1468,#1483,#1817,.T.);
#1138=EDGE_CURVE('',#1484,#1472,#1818,.T.);
#1139=EDGE_CURVE('',#1483,#1484,#1819,.T.);
#1140=EDGE_CURVE('',#1474,#1485,#1820,.T.);
#1141=EDGE_CURVE('',#1486,#1478,#1821,.T.);
#1142=EDGE_CURVE('',#1485,#1486,#1822,.T.);
#1143=EDGE_CURVE('',#1479,#1487,#1823,.T.);
#1144=EDGE_CURVE('',#1488,#1480,#1824,.T.);
#1145=EDGE_CURVE('',#1489,#1488,#1825,.T.);
#1146=EDGE_CURVE('',#1490,#1489,#1826,.T.);
#1147=EDGE_CURVE('',#1487,#1490,#1827,.T.);
#1148=EDGE_CURVE('',#1481,#1491,#1828,.T.);
#1149=EDGE_CURVE('',#1492,#1482,#1829,.T.);
#1150=EDGE_CURVE('',#1493,#1492,#1830,.T.);
#1151=EDGE_CURVE('',#1494,#1493,#1831,.T.);
#1152=EDGE_CURVE('',#1491,#1494,#1832,.T.);
#1153=EDGE_CURVE('',#1483,#1495,#1833,.T.);
#1154=EDGE_CURVE('',#1496,#1484,#1834,.T.);
#1155=EDGE_CURVE('',#1497,#1496,#1835,.T.);
#1156=EDGE_CURVE('',#1498,#1497,#1836,.T.);
#1157=EDGE_CURVE('',#1495,#1498,#1837,.T.);
#1158=EDGE_CURVE('',#1485,#1499,#1838,.T.);
#1159=EDGE_CURVE('',#1500,#1486,#1839,.T.);
#1160=EDGE_CURVE('',#1501,#1500,#1840,.T.);
#1161=EDGE_CURVE('',#1502,#1501,#1841,.T.);
#1162=EDGE_CURVE('',#1499,#1502,#1842,.T.);
#1163=EDGE_CURVE('',#1477,#1500,#1843,.T.);
#1164=EDGE_CURVE('',#1503,#1476,#34,.T.);
#1165=EDGE_CURVE('',#1503,#1504,#1844,.T.);
#1166=EDGE_CURVE('',#1504,#1505,#1845,.T.);
#1167=EDGE_CURVE('',#1505,#1506,#1846,.T.);
#1168=EDGE_CURVE('',#1506,#1501,#35,.T.);
#1169=EDGE_CURVE('',#1471,#1496,#1847,.T.);
#1170=EDGE_CURVE('',#1507,#1470,#36,.T.);
#1171=EDGE_CURVE('',#1507,#1508,#1848,.T.);
#1172=EDGE_CURVE('',#1508,#1509,#1849,.T.);
#1173=EDGE_CURVE('',#1509,#1510,#1850,.T.);
#1174=EDGE_CURVE('',#1510,#1497,#37,.T.);
#1175=EDGE_CURVE('',#1473,#1499,#1851,.T.);
#1176=EDGE_CURVE('',#1502,#1511,#38,.T.);
#1177=EDGE_CURVE('',#1511,#1512,#1852,.T.);
#1178=EDGE_CURVE('',#1513,#1512,#1853,.T.);
#1179=EDGE_CURVE('',#1513,#1514,#1854,.T.);
#1180=EDGE_CURVE('',#1475,#1514,#39,.T.);
#1181=EDGE_CURVE('',#1465,#1492,#1855,.T.);
#1182=EDGE_CURVE('',#1515,#1464,#40,.T.);
#1183=EDGE_CURVE('',#1515,#1516,#1856,.T.);
#1184=EDGE_CURVE('',#1516,#1517,#1857,.T.);
#1185=EDGE_CURVE('',#1517,#1518,#1858,.T.);
#1186=EDGE_CURVE('',#1518,#1493,#41,.T.);
#1187=EDGE_CURVE('',#1467,#1495,#1859,.T.);
#1188=EDGE_CURVE('',#1498,#1519,#42,.T.);
#1189=EDGE_CURVE('',#1519,#1520,#1860,.T.);
#1190=EDGE_CURVE('',#1521,#1520,#1861,.T.);
#1191=EDGE_CURVE('',#1521,#1522,#1862,.T.);
#1192=EDGE_CURVE('',#1469,#1522,#43,.T.);
#1193=EDGE_CURVE('',#1459,#1488,#1863,.T.);
#1194=EDGE_CURVE('',#1523,#1458,#44,.T.);
#1195=EDGE_CURVE('',#1523,#1524,#1864,.T.);
#1196=EDGE_CURVE('',#1524,#1525,#1865,.T.);
#1197=EDGE_CURVE('',#1525,#1526,#1866,.T.);
#1198=EDGE_CURVE('',#1526,#1489,#45,.T.);
#1199=EDGE_CURVE('',#1461,#1491,#1867,.T.);
#1200=EDGE_CURVE('',#1494,#1527,#46,.T.);
#1201=EDGE_CURVE('',#1527,#1528,#1868,.T.);
#1202=EDGE_CURVE('',#1529,#1528,#1869,.T.);
#1203=EDGE_CURVE('',#1529,#1530,#1870,.T.);
#1204=EDGE_CURVE('',#1463,#1530,#47,.T.);
#1205=EDGE_CURVE('',#1455,#1487,#1871,.T.);
#1206=EDGE_CURVE('',#1490,#1531,#48,.T.);
#1207=EDGE_CURVE('',#1531,#1532,#1872,.T.);
#1208=EDGE_CURVE('',#1533,#1532,#1873,.T.);
#1209=EDGE_CURVE('',#1533,#1534,#1874,.T.);
#1210=EDGE_CURVE('',#1457,#1534,#49,.T.);
#1211=EDGE_CURVE('',#1452,#1429,#1875,.T.);
#1212=EDGE_CURVE('',#1535,#1428,#50,.T.);
#1213=EDGE_CURVE('',#1535,#1536,#1876,.T.);
#1214=EDGE_CURVE('',#1536,#1537,#1877,.T.);
#1215=EDGE_CURVE('',#1537,#1538,#1878,.T.);
#1216=EDGE_CURVE('',#1538,#1453,#51,.T.);
#1217=EDGE_CURVE('',#1448,#1423,#1879,.T.);
#1218=EDGE_CURVE('',#1539,#1422,#52,.T.);
#1219=EDGE_CURVE('',#1539,#1540,#1880,.T.);
#1220=EDGE_CURVE('',#1540,#1541,#1881,.T.);
#1221=EDGE_CURVE('',#1541,#1542,#1882,.T.);
#1222=EDGE_CURVE('',#1542,#1449,#53,.T.);
#1223=EDGE_CURVE('',#1425,#1451,#1883,.T.);
#1224=EDGE_CURVE('',#1454,#1543,#54,.T.);
#1225=EDGE_CURVE('',#1543,#1544,#1884,.T.);
#1226=EDGE_CURVE('',#1545,#1544,#1885,.T.);
#1227=EDGE_CURVE('',#1545,#1546,#1886,.T.);
#1228=EDGE_CURVE('',#1427,#1546,#55,.T.);
#1229=EDGE_CURVE('',#1444,#1417,#1887,.T.);
#1230=EDGE_CURVE('',#1547,#1416,#56,.T.);
#1231=EDGE_CURVE('',#1547,#1548,#1888,.T.);
#1232=EDGE_CURVE('',#1548,#1549,#1889,.T.);
#1233=EDGE_CURVE('',#1549,#1550,#1890,.T.);
#1234=EDGE_CURVE('',#1550,#1445,#57,.T.);
#1235=EDGE_CURVE('',#1419,#1447,#1891,.T.);
#1236=EDGE_CURVE('',#1450,#1551,#58,.T.);
#1237=EDGE_CURVE('',#1551,#1552,#1892,.T.);
#1238=EDGE_CURVE('',#1553,#1552,#1893,.T.);
#1239=EDGE_CURVE('',#1553,#1554,#1894,.T.);
#1240=EDGE_CURVE('',#1421,#1554,#59,.T.);
#1241=EDGE_CURVE('',#1440,#1411,#1895,.T.);
#1242=EDGE_CURVE('',#1555,#1410,#60,.T.);
#1243=EDGE_CURVE('',#1555,#1556,#1896,.T.);
#1244=EDGE_CURVE('',#1556,#1557,#1897,.T.);
#1245=EDGE_CURVE('',#1557,#1558,#1898,.T.);
#1246=EDGE_CURVE('',#1558,#1441,#61,.T.);
#1247=EDGE_CURVE('',#1413,#1443,#1899,.T.);
#1248=EDGE_CURVE('',#1446,#1559,#62,.T.);
#1249=EDGE_CURVE('',#1559,#1560,#1900,.T.);
#1250=EDGE_CURVE('',#1561,#1560,#1901,.T.);
#1251=EDGE_CURVE('',#1561,#1562,#1902,.T.);
#1252=EDGE_CURVE('',#1415,#1562,#63,.T.);
#1253=EDGE_CURVE('',#1407,#1439,#1903,.T.);
#1254=EDGE_CURVE('',#1442,#1563,#64,.T.);
#1255=EDGE_CURVE('',#1563,#1564,#1904,.T.);
#1256=EDGE_CURVE('',#1565,#1564,#1905,.T.);
#1257=EDGE_CURVE('',#1565,#1566,#1906,.T.);
#1258=EDGE_CURVE('',#1409,#1566,#65,.T.);
#1259=EDGE_CURVE('',#1567,#1568,#1907,.T.);
#1260=EDGE_CURVE('',#1569,#1568,#1908,.T.);
#1261=EDGE_CURVE('',#1570,#1569,#1909,.T.);
#1262=EDGE_CURVE('',#1570,#1567,#1910,.T.);
#1263=EDGE_CURVE('',#1571,#1572,#1911,.T.);
#1264=EDGE_CURVE('',#1573,#1572,#1912,.T.);
#1265=EDGE_CURVE('',#1574,#1573,#1913,.T.);
#1266=EDGE_CURVE('',#1574,#1571,#1914,.T.);
#1267=EDGE_CURVE('',#1563,#1558,#1915,.T.);
#1268=EDGE_CURVE('',#1557,#1564,#1916,.T.);
#1269=EDGE_CURVE('',#1559,#1550,#1917,.T.);
#1270=EDGE_CURVE('',#1549,#1560,#1918,.T.);
#1271=EDGE_CURVE('',#1551,#1542,#1919,.T.);
#1272=EDGE_CURVE('',#1541,#1552,#1920,.T.);
#1273=EDGE_CURVE('',#1543,#1538,#1921,.T.);
#1274=EDGE_CURVE('',#1537,#1544,#1922,.T.);
#1275=EDGE_CURVE('',#1565,#1556,#1923,.T.);
#1276=EDGE_CURVE('',#1566,#1555,#1924,.T.);
#1277=EDGE_CURVE('',#1561,#1548,#1925,.T.);
#1278=EDGE_CURVE('',#1562,#1547,#1926,.T.);
#1279=EDGE_CURVE('',#1553,#1540,#1927,.T.);
#1280=EDGE_CURVE('',#1554,#1539,#1928,.T.);
#1281=EDGE_CURVE('',#1545,#1536,#1929,.T.);
#1282=EDGE_CURVE('',#1546,#1535,#1930,.T.);
#1283=EDGE_CURVE('',#1531,#1526,#1931,.T.);
#1284=EDGE_CURVE('',#1525,#1532,#1932,.T.);
#1285=EDGE_CURVE('',#1527,#1518,#1933,.T.);
#1286=EDGE_CURVE('',#1517,#1528,#1934,.T.);
#1287=EDGE_CURVE('',#1519,#1510,#1935,.T.);
#1288=EDGE_CURVE('',#1509,#1520,#1936,.T.);
#1289=EDGE_CURVE('',#1511,#1506,#1937,.T.);
#1290=EDGE_CURVE('',#1505,#1512,#1938,.T.);
#1291=EDGE_CURVE('',#1533,#1524,#1939,.T.);
#1292=EDGE_CURVE('',#1534,#1523,#1940,.T.);
#1293=EDGE_CURVE('',#1529,#1516,#1941,.T.);
#1294=EDGE_CURVE('',#1530,#1515,#1942,.T.);
#1295=EDGE_CURVE('',#1521,#1508,#1943,.T.);
#1296=EDGE_CURVE('',#1522,#1507,#1944,.T.);
#1297=EDGE_CURVE('',#1513,#1504,#1945,.T.);
#1298=EDGE_CURVE('',#1514,#1503,#1946,.T.);
#1299=EDGE_CURVE('',#1572,#1567,#1947,.T.);
#1300=EDGE_CURVE('',#1568,#1571,#1948,.T.);
#1301=EDGE_CURVE('',#1573,#1570,#1949,.T.);
#1302=EDGE_CURVE('',#1569,#1574,#1950,.T.);
#1303=VERTEX_POINT('',#3904);
#1304=VERTEX_POINT('',#3905);
#1305=VERTEX_POINT('',#3907);
#1306=VERTEX_POINT('',#3909);
#1307=VERTEX_POINT('',#3911);
#1308=VERTEX_POINT('',#3913);
#1309=VERTEX_POINT('',#3915);
#1310=VERTEX_POINT('',#3917);
#1311=VERTEX_POINT('',#3919);
#1312=VERTEX_POINT('',#3921);
#1313=VERTEX_POINT('',#3923);
#1314=VERTEX_POINT('',#3925);
#1315=VERTEX_POINT('',#3927);
#1316=VERTEX_POINT('',#3929);
#1317=VERTEX_POINT('',#3931);
#1318=VERTEX_POINT('',#3933);
#1319=VERTEX_POINT('',#3935);
#1320=VERTEX_POINT('',#3937);
#1321=VERTEX_POINT('',#3939);
#1322=VERTEX_POINT('',#3941);
#1323=VERTEX_POINT('',#3945);
#1324=VERTEX_POINT('',#3946);
#1325=VERTEX_POINT('',#3948);
#1326=VERTEX_POINT('',#3950);
#1327=VERTEX_POINT('',#3952);
#1328=VERTEX_POINT('',#3954);
#1329=VERTEX_POINT('',#3956);
#1330=VERTEX_POINT('',#3958);
#1331=VERTEX_POINT('',#3960);
#1332=VERTEX_POINT('',#3962);
#1333=VERTEX_POINT('',#3964);
#1334=VERTEX_POINT('',#3966);
#1335=VERTEX_POINT('',#3968);
#1336=VERTEX_POINT('',#3970);
#1337=VERTEX_POINT('',#3972);
#1338=VERTEX_POINT('',#3974);
#1339=VERTEX_POINT('',#3976);
#1340=VERTEX_POINT('',#3978);
#1341=VERTEX_POINT('',#3980);
#1342=VERTEX_POINT('',#3982);
#1343=VERTEX_POINT('',#3986);
#1344=VERTEX_POINT('',#3987);
#1345=VERTEX_POINT('',#3989);
#1346=VERTEX_POINT('',#3991);
#1347=VERTEX_POINT('',#3995);
#1348=VERTEX_POINT('',#3997);
#1349=VERTEX_POINT('',#4001);
#1350=VERTEX_POINT('',#4003);
#1351=VERTEX_POINT('',#4007);
#1352=VERTEX_POINT('',#4008);
#1353=VERTEX_POINT('',#4010);
#1354=VERTEX_POINT('',#4012);
#1355=VERTEX_POINT('',#4016);
#1356=VERTEX_POINT('',#4018);
#1357=VERTEX_POINT('',#4022);
#1358=VERTEX_POINT('',#4024);
#1359=VERTEX_POINT('',#4028);
#1360=VERTEX_POINT('',#4029);
#1361=VERTEX_POINT('',#4031);
#1362=VERTEX_POINT('',#4033);
#1363=VERTEX_POINT('',#4037);
#1364=VERTEX_POINT('',#4039);
#1365=VERTEX_POINT('',#4043);
#1366=VERTEX_POINT('',#4045);
#1367=VERTEX_POINT('',#4049);
#1368=VERTEX_POINT('',#4050);
#1369=VERTEX_POINT('',#4052);
#1370=VERTEX_POINT('',#4054);
#1371=VERTEX_POINT('',#4058);
#1372=VERTEX_POINT('',#4060);
#1373=VERTEX_POINT('',#4064);
#1374=VERTEX_POINT('',#4066);
#1375=VERTEX_POINT('',#4070);
#1376=VERTEX_POINT('',#4071);
#1377=VERTEX_POINT('',#4073);
#1378=VERTEX_POINT('',#4075);
#1379=VERTEX_POINT('',#4079);
#1380=VERTEX_POINT('',#4081);
#1381=VERTEX_POINT('',#4085);
#1382=VERTEX_POINT('',#4087);
#1383=VERTEX_POINT('',#4091);
#1384=VERTEX_POINT('',#4092);
#1385=VERTEX_POINT('',#4094);
#1386=VERTEX_POINT('',#4096);
#1387=VERTEX_POINT('',#4100);
#1388=VERTEX_POINT('',#4102);
#1389=VERTEX_POINT('',#4106);
#1390=VERTEX_POINT('',#4108);
#1391=VERTEX_POINT('',#4112);
#1392=VERTEX_POINT('',#4113);
#1393=VERTEX_POINT('',#4115);
#1394=VERTEX_POINT('',#4117);
#1395=VERTEX_POINT('',#4121);
#1396=VERTEX_POINT('',#4123);
#1397=VERTEX_POINT('',#4127);
#1398=VERTEX_POINT('',#4129);
#1399=VERTEX_POINT('',#4133);
#1400=VERTEX_POINT('',#4134);
#1401=VERTEX_POINT('',#4136);
#1402=VERTEX_POINT('',#4138);
#1403=VERTEX_POINT('',#4142);
#1404=VERTEX_POINT('',#4144);
#1405=VERTEX_POINT('',#4148);
#1406=VERTEX_POINT('',#4150);
#1407=VERTEX_POINT('',#4219);
#1408=VERTEX_POINT('',#4220);
#1409=VERTEX_POINT('',#4222);
#1410=VERTEX_POINT('',#4224);
#1411=VERTEX_POINT('',#4226);
#1412=VERTEX_POINT('',#4228);
#1413=VERTEX_POINT('',#4232);
#1414=VERTEX_POINT('',#4233);
#1415=VERTEX_POINT('',#4235);
#1416=VERTEX_POINT('',#4237);
#1417=VERTEX_POINT('',#4239);
#1418=VERTEX_POINT('',#4241);
#1419=VERTEX_POINT('',#4245);
#1420=VERTEX_POINT('',#4246);
#1421=VERTEX_POINT('',#4248);
#1422=VERTEX_POINT('',#4250);
#1423=VERTEX_POINT('',#4252);
#1424=VERTEX_POINT('',#4254);
#1425=VERTEX_POINT('',#4258);
#1426=VERTEX_POINT('',#4259);
#1427=VERTEX_POINT('',#4261);
#1428=VERTEX_POINT('',#4263);
#1429=VERTEX_POINT('',#4265);
#1430=VERTEX_POINT('',#4267);
#1431=VERTEX_POINT('',#4271);
#1432=VERTEX_POINT('',#4273);
#1433=VERTEX_POINT('',#4277);
#1434=VERTEX_POINT('',#4279);
#1435=VERTEX_POINT('',#4283);
#1436=VERTEX_POINT('',#4285);
#1437=VERTEX_POINT('',#4289);
#1438=VERTEX_POINT('',#4291);
#1439=VERTEX_POINT('',#4295);
#1440=VERTEX_POINT('',#4297);
#1441=VERTEX_POINT('',#4299);
#1442=VERTEX_POINT('',#4301);
#1443=VERTEX_POINT('',#4305);
#1444=VERTEX_POINT('',#4307);
#1445=VERTEX_POINT('',#4309);
#1446=VERTEX_POINT('',#4311);
#1447=VERTEX_POINT('',#4315);
#1448=VERTEX_POINT('',#4317);
#1449=VERTEX_POINT('',#4319);
#1450=VERTEX_POINT('',#4321);
#1451=VERTEX_POINT('',#4325);
#1452=VERTEX_POINT('',#4327);
#1453=VERTEX_POINT('',#4329);
#1454=VERTEX_POINT('',#4331);
#1455=VERTEX_POINT('',#4335);
#1456=VERTEX_POINT('',#4336);
#1457=VERTEX_POINT('',#4338);
#1458=VERTEX_POINT('',#4340);
#1459=VERTEX_POINT('',#4342);
#1460=VERTEX_POINT('',#4344);
#1461=VERTEX_POINT('',#4348);
#1462=VERTEX_POINT('',#4349);
#1463=VERTEX_POINT('',#4351);
#1464=VERTEX_POINT('',#4353);
#1465=VERTEX_POINT('',#4355);
#1466=VERTEX_POINT('',#4357);
#1467=VERTEX_POINT('',#4361);
#1468=VERTEX_POINT('',#4362);
#1469=VERTEX_POINT('',#4364);
#1470=VERTEX_POINT('',#4366);
#1471=VERTEX_POINT('',#4368);
#1472=VERTEX_POINT('',#4370);
#1473=VERTEX_POINT('',#4374);
#1474=VERTEX_POINT('',#4375);
#1475=VERTEX_POINT('',#4377);
#1476=VERTEX_POINT('',#4379);
#1477=VERTEX_POINT('',#4381);
#1478=VERTEX_POINT('',#4383);
#1479=VERTEX_POINT('',#4387);
#1480=VERTEX_POINT('',#4389);
#1481=VERTEX_POINT('',#4393);
#1482=VERTEX_POINT('',#4395);
#1483=VERTEX_POINT('',#4399);
#1484=VERTEX_POINT('',#4401);
#1485=VERTEX_POINT('',#4405);
#1486=VERTEX_POINT('',#4407);
#1487=VERTEX_POINT('',#4411);
#1488=VERTEX_POINT('',#4413);
#1489=VERTEX_POINT('',#4415);
#1490=VERTEX_POINT('',#4417);
#1491=VERTEX_POINT('',#4421);
#1492=VERTEX_POINT('',#4423);
#1493=VERTEX_POINT('',#4425);
#1494=VERTEX_POINT('',#4427);
#1495=VERTEX_POINT('',#4431);
#1496=VERTEX_POINT('',#4433);
#1497=VERTEX_POINT('',#4435);
#1498=VERTEX_POINT('',#4437);
#1499=VERTEX_POINT('',#4441);
#1500=VERTEX_POINT('',#4443);
#1501=VERTEX_POINT('',#4445);
#1502=VERTEX_POINT('',#4447);
#1503=VERTEX_POINT('',#4452);
#1504=VERTEX_POINT('',#4454);
#1505=VERTEX_POINT('',#4456);
#1506=VERTEX_POINT('',#4458);
#1507=VERTEX_POINT('',#4463);
#1508=VERTEX_POINT('',#4465);
#1509=VERTEX_POINT('',#4467);
#1510=VERTEX_POINT('',#4469);
#1511=VERTEX_POINT('',#4474);
#1512=VERTEX_POINT('',#4476);
#1513=VERTEX_POINT('',#4478);
#1514=VERTEX_POINT('',#4480);
#1515=VERTEX_POINT('',#4485);
#1516=VERTEX_POINT('',#4487);
#1517=VERTEX_POINT('',#4489);
#1518=VERTEX_POINT('',#4491);
#1519=VERTEX_POINT('',#4496);
#1520=VERTEX_POINT('',#4498);
#1521=VERTEX_POINT('',#4500);
#1522=VERTEX_POINT('',#4502);
#1523=VERTEX_POINT('',#4507);
#1524=VERTEX_POINT('',#4509);
#1525=VERTEX_POINT('',#4511);
#1526=VERTEX_POINT('',#4513);
#1527=VERTEX_POINT('',#4518);
#1528=VERTEX_POINT('',#4520);
#1529=VERTEX_POINT('',#4522);
#1530=VERTEX_POINT('',#4524);
#1531=VERTEX_POINT('',#4529);
#1532=VERTEX_POINT('',#4531);
#1533=VERTEX_POINT('',#4533);
#1534=VERTEX_POINT('',#4535);
#1535=VERTEX_POINT('',#4540);
#1536=VERTEX_POINT('',#4542);
#1537=VERTEX_POINT('',#4544);
#1538=VERTEX_POINT('',#4546);
#1539=VERTEX_POINT('',#4551);
#1540=VERTEX_POINT('',#4553);
#1541=VERTEX_POINT('',#4555);
#1542=VERTEX_POINT('',#4557);
#1543=VERTEX_POINT('',#4562);
#1544=VERTEX_POINT('',#4564);
#1545=VERTEX_POINT('',#4566);
#1546=VERTEX_POINT('',#4568);
#1547=VERTEX_POINT('',#4573);
#1548=VERTEX_POINT('',#4575);
#1549=VERTEX_POINT('',#4577);
#1550=VERTEX_POINT('',#4579);
#1551=VERTEX_POINT('',#4584);
#1552=VERTEX_POINT('',#4586);
#1553=VERTEX_POINT('',#4588);
#1554=VERTEX_POINT('',#4590);
#1555=VERTEX_POINT('',#4595);
#1556=VERTEX_POINT('',#4597);
#1557=VERTEX_POINT('',#4599);
#1558=VERTEX_POINT('',#4601);
#1559=VERTEX_POINT('',#4606);
#1560=VERTEX_POINT('',#4608);
#1561=VERTEX_POINT('',#4610);
#1562=VERTEX_POINT('',#4612);
#1563=VERTEX_POINT('',#4617);
#1564=VERTEX_POINT('',#4619);
#1565=VERTEX_POINT('',#4621);
#1566=VERTEX_POINT('',#4623);
#1567=VERTEX_POINT('',#4627);
#1568=VERTEX_POINT('',#4628);
#1569=VERTEX_POINT('',#4630);
#1570=VERTEX_POINT('',#4632);
#1571=VERTEX_POINT('',#4636);
#1572=VERTEX_POINT('',#4637);
#1573=VERTEX_POINT('',#4639);
#1574=VERTEX_POINT('',#4641);
#1575=LINE('',#3903,#1951);
#1576=LINE('',#3906,#1952);
#1577=LINE('',#3908,#1953);
#1578=LINE('',#3910,#1954);
#1579=LINE('',#3912,#1955);
#1580=LINE('',#3914,#1956);
#1581=LINE('',#3916,#1957);
#1582=LINE('',#3918,#1958);
#1583=LINE('',#3920,#1959);
#1584=LINE('',#3922,#1960);
#1585=LINE('',#3924,#1961);
#1586=LINE('',#3926,#1962);
#1587=LINE('',#3928,#1963);
#1588=LINE('',#3930,#1964);
#1589=LINE('',#3932,#1965);
#1590=LINE('',#3934,#1966);
#1591=LINE('',#3936,#1967);
#1592=LINE('',#3938,#1968);
#1593=LINE('',#3940,#1969);
#1594=LINE('',#3942,#1970);
#1595=LINE('',#3944,#1971);
#1596=LINE('',#3947,#1972);
#1597=LINE('',#3949,#1973);
#1598=LINE('',#3951,#1974);
#1599=LINE('',#3953,#1975);
#1600=LINE('',#3955,#1976);
#1601=LINE('',#3957,#1977);
#1602=LINE('',#3959,#1978);
#1603=LINE('',#3961,#1979);
#1604=LINE('',#3963,#1980);
#1605=LINE('',#3965,#1981);
#1606=LINE('',#3967,#1982);
#1607=LINE('',#3969,#1983);
#1608=LINE('',#3971,#1984);
#1609=LINE('',#3973,#1985);
#1610=LINE('',#3975,#1986);
#1611=LINE('',#3977,#1987);
#1612=LINE('',#3979,#1988);
#1613=LINE('',#3981,#1989);
#1614=LINE('',#3983,#1990);
#1615=LINE('',#3985,#1991);
#1616=LINE('',#3988,#1992);
#1617=LINE('',#3990,#1993);
#1618=LINE('',#3992,#1994);
#1619=LINE('',#3994,#1995);
#1620=LINE('',#3996,#1996);
#1621=LINE('',#3998,#1997);
#1622=LINE('',#4000,#1998);
#1623=LINE('',#4002,#1999);
#1624=LINE('',#4004,#2000);
#1625=LINE('',#4006,#2001);
#1626=LINE('',#4009,#2002);
#1627=LINE('',#4011,#2003);
#1628=LINE('',#4013,#2004);
#1629=LINE('',#4015,#2005);
#1630=LINE('',#4017,#2006);
#1631=LINE('',#4019,#2007);
#1632=LINE('',#4021,#2008);
#1633=LINE('',#4023,#2009);
#1634=LINE('',#4025,#2010);
#1635=LINE('',#4027,#2011);
#1636=LINE('',#4030,#2012);
#1637=LINE('',#4032,#2013);
#1638=LINE('',#4034,#2014);
#1639=LINE('',#4036,#2015);
#1640=LINE('',#4038,#2016);
#1641=LINE('',#4040,#2017);
#1642=LINE('',#4042,#2018);
#1643=LINE('',#4044,#2019);
#1644=LINE('',#4046,#2020);
#1645=LINE('',#4048,#2021);
#1646=LINE('',#4051,#2022);
#1647=LINE('',#4053,#2023);
#1648=LINE('',#4055,#2024);
#1649=LINE('',#4057,#2025);
#1650=LINE('',#4059,#2026);
#1651=LINE('',#4061,#2027);
#1652=LINE('',#4063,#2028);
#1653=LINE('',#4065,#2029);
#1654=LINE('',#4067,#2030);
#1655=LINE('',#4069,#2031);
#1656=LINE('',#4072,#2032);
#1657=LINE('',#4074,#2033);
#1658=LINE('',#4076,#2034);
#1659=LINE('',#4078,#2035);
#1660=LINE('',#4080,#2036);
#1661=LINE('',#4082,#2037);
#1662=LINE('',#4084,#2038);
#1663=LINE('',#4086,#2039);
#1664=LINE('',#4088,#2040);
#1665=LINE('',#4090,#2041);
#1666=LINE('',#4093,#2042);
#1667=LINE('',#4095,#2043);
#1668=LINE('',#4097,#2044);
#1669=LINE('',#4099,#2045);
#1670=LINE('',#4101,#2046);
#1671=LINE('',#4103,#2047);
#1672=LINE('',#4105,#2048);
#1673=LINE('',#4107,#2049);
#1674=LINE('',#4109,#2050);
#1675=LINE('',#4111,#2051);
#1676=LINE('',#4114,#2052);
#1677=LINE('',#4116,#2053);
#1678=LINE('',#4118,#2054);
#1679=LINE('',#4120,#2055);
#1680=LINE('',#4122,#2056);
#1681=LINE('',#4124,#2057);
#1682=LINE('',#4126,#2058);
#1683=LINE('',#4128,#2059);
#1684=LINE('',#4130,#2060);
#1685=LINE('',#4132,#2061);
#1686=LINE('',#4135,#2062);
#1687=LINE('',#4137,#2063);
#1688=LINE('',#4139,#2064);
#1689=LINE('',#4141,#2065);
#1690=LINE('',#4143,#2066);
#1691=LINE('',#4145,#2067);
#1692=LINE('',#4147,#2068);
#1693=LINE('',#4149,#2069);
#1694=LINE('',#4151,#2070);
#1695=LINE('',#4153,#2071);
#1696=LINE('',#4154,#2072);
#1697=LINE('',#4156,#2073);
#1698=LINE('',#4157,#2074);
#1699=LINE('',#4159,#2075);
#1700=LINE('',#4160,#2076);
#1701=LINE('',#4162,#2077);
#1702=LINE('',#4163,#2078);
#1703=LINE('',#4165,#2079);
#1704=LINE('',#4166,#2080);
#1705=LINE('',#4168,#2081);
#1706=LINE('',#4169,#2082);
#1707=LINE('',#4171,#2083);
#1708=LINE('',#4172,#2084);
#1709=LINE('',#4174,#2085);
#1710=LINE('',#4175,#2086);
#1711=LINE('',#4177,#2087);
#1712=LINE('',#4178,#2088);
#1713=LINE('',#4180,#2089);
#1714=LINE('',#4181,#2090);
#1715=LINE('',#4183,#2091);
#1716=LINE('',#4184,#2092);
#1717=LINE('',#4186,#2093);
#1718=LINE('',#4187,#2094);
#1719=LINE('',#4189,#2095);
#1720=LINE('',#4190,#2096);
#1721=LINE('',#4192,#2097);
#1722=LINE('',#4194,#2098);
#1723=LINE('',#4197,#2099);
#1724=LINE('',#4199,#2100);
#1725=LINE('',#4202,#2101);
#1726=LINE('',#4204,#2102);
#1727=LINE('',#4207,#2103);
#1728=LINE('',#4209,#2104);
#1729=LINE('',#4212,#2105);
#1730=LINE('',#4213,#2106);
#1731=LINE('',#4218,#2107);
#1732=LINE('',#4221,#2108);
#1733=LINE('',#4223,#2109);
#1734=LINE('',#4225,#2110);
#1735=LINE('',#4227,#2111);
#1736=LINE('',#4229,#2112);
#1737=LINE('',#4231,#2113);
#1738=LINE('',#4234,#2114);
#1739=LINE('',#4236,#2115);
#1740=LINE('',#4238,#2116);
#1741=LINE('',#4240,#2117);
#1742=LINE('',#4242,#2118);
#1743=LINE('',#4244,#2119);
#1744=LINE('',#4247,#2120);
#1745=LINE('',#4249,#2121);
#1746=LINE('',#4251,#2122);
#1747=LINE('',#4253,#2123);
#1748=LINE('',#4255,#2124);
#1749=LINE('',#4257,#2125);
#1750=LINE('',#4260,#2126);
#1751=LINE('',#4262,#2127);
#1752=LINE('',#4264,#2128);
#1753=LINE('',#4266,#2129);
#1754=LINE('',#4268,#2130);
#1755=LINE('',#4270,#2131);
#1756=LINE('',#4272,#2132);
#1757=LINE('',#4274,#2133);
#1758=LINE('',#4276,#2134);
#1759=LINE('',#4278,#2135);
#1760=LINE('',#4280,#2136);
#1761=LINE('',#4282,#2137);
#1762=LINE('',#4284,#2138);
#1763=LINE('',#4286,#2139);
#1764=LINE('',#4288,#2140);
#1765=LINE('',#4290,#2141);
#1766=LINE('',#4292,#2142);
#1767=LINE('',#4294,#2143);
#1768=LINE('',#4296,#2144);
#1769=LINE('',#4298,#2145);
#1770=LINE('',#4300,#2146);
#1771=LINE('',#4302,#2147);
#1772=LINE('',#4304,#2148);
#1773=LINE('',#4306,#2149);
#1774=LINE('',#4308,#2150);
#1775=LINE('',#4310,#2151);
#1776=LINE('',#4312,#2152);
#1777=LINE('',#4314,#2153);
#1778=LINE('',#4316,#2154);
#1779=LINE('',#4318,#2155);
#1780=LINE('',#4320,#2156);
#1781=LINE('',#4322,#2157);
#1782=LINE('',#4324,#2158);
#1783=LINE('',#4326,#2159);
#1784=LINE('',#4328,#2160);
#1785=LINE('',#4330,#2161);
#1786=LINE('',#4332,#2162);
#1787=LINE('',#4334,#2163);
#1788=LINE('',#4337,#2164);
#1789=LINE('',#4339,#2165);
#1790=LINE('',#4341,#2166);
#1791=LINE('',#4343,#2167);
#1792=LINE('',#4345,#2168);
#1793=LINE('',#4347,#2169);
#1794=LINE('',#4350,#2170);
#1795=LINE('',#4352,#2171);
#1796=LINE('',#4354,#2172);
#1797=LINE('',#4356,#2173);
#1798=LINE('',#4358,#2174);
#1799=LINE('',#4360,#2175);
#1800=LINE('',#4363,#2176);
#1801=LINE('',#4365,#2177);
#1802=LINE('',#4367,#2178);
#1803=LINE('',#4369,#2179);
#1804=LINE('',#4371,#2180);
#1805=LINE('',#4373,#2181);
#1806=LINE('',#4376,#2182);
#1807=LINE('',#4378,#2183);
#1808=LINE('',#4380,#2184);
#1809=LINE('',#4382,#2185);
#1810=LINE('',#4384,#2186);
#1811=LINE('',#4386,#2187);
#1812=LINE('',#4388,#2188);
#1813=LINE('',#4390,#2189);
#1814=LINE('',#4392,#2190);
#1815=LINE('',#4394,#2191);
#1816=LINE('',#4396,#2192);
#1817=LINE('',#4398,#2193);
#1818=LINE('',#4400,#2194);
#1819=LINE('',#4402,#2195);
#1820=LINE('',#4404,#2196);
#1821=LINE('',#4406,#2197);
#1822=LINE('',#4408,#2198);
#1823=LINE('',#4410,#2199);
#1824=LINE('',#4412,#2200);
#1825=LINE('',#4414,#2201);
#1826=LINE('',#4416,#2202);
#1827=LINE('',#4418,#2203);
#1828=LINE('',#4420,#2204);
#1829=LINE('',#4422,#2205);
#1830=LINE('',#4424,#2206);
#1831=LINE('',#4426,#2207);
#1832=LINE('',#4428,#2208);
#1833=LINE('',#4430,#2209);
#1834=LINE('',#4432,#2210);
#1835=LINE('',#4434,#2211);
#1836=LINE('',#4436,#2212);
#1837=LINE('',#4438,#2213);
#1838=LINE('',#4440,#2214);
#1839=LINE('',#4442,#2215);
#1840=LINE('',#4444,#2216);
#1841=LINE('',#4446,#2217);
#1842=LINE('',#4448,#2218);
#1843=LINE('',#4450,#2219);
#1844=LINE('',#4453,#2220);
#1845=LINE('',#4455,#2221);
#1846=LINE('',#4457,#2222);
#1847=LINE('',#4461,#2223);
#1848=LINE('',#4464,#2224);
#1849=LINE('',#4466,#2225);
#1850=LINE('',#4468,#2226);
#1851=LINE('',#4472,#2227);
#1852=LINE('',#4475,#2228);
#1853=LINE('',#4477,#2229);
#1854=LINE('',#4479,#2230);
#1855=LINE('',#4483,#2231);
#1856=LINE('',#4486,#2232);
#1857=LINE('',#4488,#2233);
#1858=LINE('',#4490,#2234);
#1859=LINE('',#4494,#2235);
#1860=LINE('',#4497,#2236);
#1861=LINE('',#4499,#2237);
#1862=LINE('',#4501,#2238);
#1863=LINE('',#4505,#2239);
#1864=LINE('',#4508,#2240);
#1865=LINE('',#4510,#2241);
#1866=LINE('',#4512,#2242);
#1867=LINE('',#4516,#2243);
#1868=LINE('',#4519,#2244);
#1869=LINE('',#4521,#2245);
#1870=LINE('',#4523,#2246);
#1871=LINE('',#4527,#2247);
#1872=LINE('',#4530,#2248);
#1873=LINE('',#4532,#2249);
#1874=LINE('',#4534,#2250);
#1875=LINE('',#4538,#2251);
#1876=LINE('',#4541,#2252);
#1877=LINE('',#4543,#2253);
#1878=LINE('',#4545,#2254);
#1879=LINE('',#4549,#2255);
#1880=LINE('',#4552,#2256);
#1881=LINE('',#4554,#2257);
#1882=LINE('',#4556,#2258);
#1883=LINE('',#4560,#2259);
#1884=LINE('',#4563,#2260);
#1885=LINE('',#4565,#2261);
#1886=LINE('',#4567,#2262);
#1887=LINE('',#4571,#2263);
#1888=LINE('',#4574,#2264);
#1889=LINE('',#4576,#2265);
#1890=LINE('',#4578,#2266);
#1891=LINE('',#4582,#2267);
#1892=LINE('',#4585,#2268);
#1893=LINE('',#4587,#2269);
#1894=LINE('',#4589,#2270);
#1895=LINE('',#4593,#2271);
#1896=LINE('',#4596,#2272);
#1897=LINE('',#4598,#2273);
#1898=LINE('',#4600,#2274);
#1899=LINE('',#4604,#2275);
#1900=LINE('',#4607,#2276);
#1901=LINE('',#4609,#2277);
#1902=LINE('',#4611,#2278);
#1903=LINE('',#4615,#2279);
#1904=LINE('',#4618,#2280);
#1905=LINE('',#4620,#2281);
#1906=LINE('',#4622,#2282);
#1907=LINE('',#4626,#2283);
#1908=LINE('',#4629,#2284);
#1909=LINE('',#4631,#2285);
#1910=LINE('',#4633,#2286);
#1911=LINE('',#4635,#2287);
#1912=LINE('',#4638,#2288);
#1913=LINE('',#4640,#2289);
#1914=LINE('',#4642,#2290);
#1915=LINE('',#4644,#2291);
#1916=LINE('',#4645,#2292);
#1917=LINE('',#4647,#2293);
#1918=LINE('',#4648,#2294);
#1919=LINE('',#4650,#2295);
#1920=LINE('',#4651,#2296);
#1921=LINE('',#4653,#2297);
#1922=LINE('',#4654,#2298);
#1923=LINE('',#4656,#2299);
#1924=LINE('',#4657,#2300);
#1925=LINE('',#4659,#2301);
#1926=LINE('',#4660,#2302);
#1927=LINE('',#4662,#2303);
#1928=LINE('',#4663,#2304);
#1929=LINE('',#4665,#2305);
#1930=LINE('',#4666,#2306);
#1931=LINE('',#4676,#2307);
#1932=LINE('',#4677,#2308);
#1933=LINE('',#4679,#2309);
#1934=LINE('',#4680,#2310);
#1935=LINE('',#4682,#2311);
#1936=LINE('',#4683,#2312);
#1937=LINE('',#4685,#2313);
#1938=LINE('',#4686,#2314);
#1939=LINE('',#4688,#2315);
#1940=LINE('',#4689,#2316);
#1941=LINE('',#4691,#2317);
#1942=LINE('',#4692,#2318);
#1943=LINE('',#4694,#2319);
#1944=LINE('',#4695,#2320);
#1945=LINE('',#4697,#2321);
#1946=LINE('',#4698,#2322);
#1947=LINE('',#4708,#2323);
#1948=LINE('',#4709,#2324);
#1949=LINE('',#4711,#2325);
#1950=LINE('',#4713,#2326);
#1951=VECTOR('',#3163,39.3700787401575);
#1952=VECTOR('',#3164,39.3700787401575);
#1953=VECTOR('',#3165,39.3700787401575);
#1954=VECTOR('',#3166,39.3700787401575);
#1955=VECTOR('',#3167,39.3700787401575);
#1956=VECTOR('',#3168,39.3700787401575);
#1957=VECTOR('',#3169,39.3700787401575);
#1958=VECTOR('',#3170,39.3700787401575);
#1959=VECTOR('',#3171,39.3700787401575);
#1960=VECTOR('',#3172,39.3700787401575);
#1961=VECTOR('',#3173,39.3700787401575);
#1962=VECTOR('',#3174,39.3700787401575);
#1963=VECTOR('',#3175,39.3700787401575);
#1964=VECTOR('',#3176,39.3700787401575);
#1965=VECTOR('',#3177,39.3700787401575);
#1966=VECTOR('',#3178,39.3700787401575);
#1967=VECTOR('',#3179,39.3700787401575);
#1968=VECTOR('',#3180,39.3700787401575);
#1969=VECTOR('',#3181,39.3700787401575);
#1970=VECTOR('',#3182,39.3700787401575);
#1971=VECTOR('',#3185,39.3700787401575);
#1972=VECTOR('',#3186,39.3700787401575);
#1973=VECTOR('',#3187,39.3700787401575);
#1974=VECTOR('',#3188,39.3700787401575);
#1975=VECTOR('',#3189,39.3700787401575);
#1976=VECTOR('',#3190,39.3700787401575);
#1977=VECTOR('',#3191,39.3700787401575);
#1978=VECTOR('',#3192,39.3700787401575);
#1979=VECTOR('',#3193,39.3700787401575);
#1980=VECTOR('',#3194,39.3700787401575);
#1981=VECTOR('',#3195,39.3700787401575);
#1982=VECTOR('',#3196,39.3700787401575);
#1983=VECTOR('',#3197,39.3700787401575);
#1984=VECTOR('',#3198,39.3700787401575);
#1985=VECTOR('',#3199,39.3700787401575);
#1986=VECTOR('',#3200,39.3700787401575);
#1987=VECTOR('',#3201,39.3700787401575);
#1988=VECTOR('',#3202,39.3700787401575);
#1989=VECTOR('',#3203,39.3700787401575);
#1990=VECTOR('',#3204,39.3700787401575);
#1991=VECTOR('',#3207,39.3700787401575);
#1992=VECTOR('',#3208,39.3700787401575);
#1993=VECTOR('',#3209,39.3700787401575);
#1994=VECTOR('',#3210,39.3700787401575);
#1995=VECTOR('',#3213,39.3700787401575);
#1996=VECTOR('',#3214,39.3700787401575);
#1997=VECTOR('',#3215,39.3700787401575);
#1998=VECTOR('',#3218,39.3700787401575);
#1999=VECTOR('',#3219,39.3700787401575);
#2000=VECTOR('',#3220,39.3700787401575);
#2001=VECTOR('',#3223,39.3700787401575);
#2002=VECTOR('',#3224,39.3700787401575);
#2003=VECTOR('',#3225,39.3700787401575);
#2004=VECTOR('',#3226,39.3700787401575);
#2005=VECTOR('',#3229,39.3700787401575);
#2006=VECTOR('',#3230,39.3700787401575);
#2007=VECTOR('',#3231,39.3700787401575);
#2008=VECTOR('',#3234,39.3700787401575);
#2009=VECTOR('',#3235,39.3700787401575);
#2010=VECTOR('',#3236,39.3700787401575);
#2011=VECTOR('',#3239,39.3700787401575);
#2012=VECTOR('',#3240,39.3700787401575);
#2013=VECTOR('',#3241,39.3700787401575);
#2014=VECTOR('',#3242,39.3700787401575);
#2015=VECTOR('',#3245,39.3700787401575);
#2016=VECTOR('',#3246,39.3700787401575);
#2017=VECTOR('',#3247,39.3700787401575);
#2018=VECTOR('',#3250,39.3700787401575);
#2019=VECTOR('',#3251,39.3700787401575);
#2020=VECTOR('',#3252,39.3700787401575);
#2021=VECTOR('',#3255,39.3700787401575);
#2022=VECTOR('',#3256,39.3700787401575);
#2023=VECTOR('',#3257,39.3700787401575);
#2024=VECTOR('',#3258,39.3700787401575);
#2025=VECTOR('',#3261,39.3700787401575);
#2026=VECTOR('',#3262,39.3700787401575);
#2027=VECTOR('',#3263,39.3700787401575);
#2028=VECTOR('',#3266,39.3700787401575);
#2029=VECTOR('',#3267,39.3700787401575);
#2030=VECTOR('',#3268,39.3700787401575);
#2031=VECTOR('',#3271,39.3700787401575);
#2032=VECTOR('',#3272,39.3700787401575);
#2033=VECTOR('',#3273,39.3700787401575);
#2034=VECTOR('',#3274,39.3700787401575);
#2035=VECTOR('',#3277,39.3700787401575);
#2036=VECTOR('',#3278,39.3700787401575);
#2037=VECTOR('',#3279,39.3700787401575);
#2038=VECTOR('',#3282,39.3700787401575);
#2039=VECTOR('',#3283,39.3700787401575);
#2040=VECTOR('',#3284,39.3700787401575);
#2041=VECTOR('',#3287,39.3700787401575);
#2042=VECTOR('',#3288,39.3700787401575);
#2043=VECTOR('',#3289,39.3700787401575);
#2044=VECTOR('',#3290,39.3700787401575);
#2045=VECTOR('',#3293,39.3700787401575);
#2046=VECTOR('',#3294,39.3700787401575);
#2047=VECTOR('',#3295,39.3700787401575);
#2048=VECTOR('',#3298,39.3700787401575);
#2049=VECTOR('',#3299,39.3700787401575);
#2050=VECTOR('',#3300,39.3700787401575);
#2051=VECTOR('',#3303,39.3700787401575);
#2052=VECTOR('',#3304,39.3700787401575);
#2053=VECTOR('',#3305,39.3700787401575);
#2054=VECTOR('',#3306,39.3700787401575);
#2055=VECTOR('',#3309,39.3700787401575);
#2056=VECTOR('',#3310,39.3700787401575);
#2057=VECTOR('',#3311,39.3700787401575);
#2058=VECTOR('',#3314,39.3700787401575);
#2059=VECTOR('',#3315,39.3700787401575);
#2060=VECTOR('',#3316,39.3700787401575);
#2061=VECTOR('',#3319,39.3700787401575);
#2062=VECTOR('',#3320,39.3700787401575);
#2063=VECTOR('',#3321,39.3700787401575);
#2064=VECTOR('',#3322,39.3700787401575);
#2065=VECTOR('',#3325,39.3700787401575);
#2066=VECTOR('',#3326,39.3700787401575);
#2067=VECTOR('',#3327,39.3700787401575);
#2068=VECTOR('',#3330,39.3700787401575);
#2069=VECTOR('',#3331,39.3700787401575);
#2070=VECTOR('',#3332,39.3700787401575);
#2071=VECTOR('',#3335,39.3700787401575);
#2072=VECTOR('',#3336,39.3700787401575);
#2073=VECTOR('',#3339,39.3700787401575);
#2074=VECTOR('',#3340,39.3700787401575);
#2075=VECTOR('',#3343,39.3700787401575);
#2076=VECTOR('',#3344,39.3700787401575);
#2077=VECTOR('',#3347,39.3700787401575);
#2078=VECTOR('',#3348,39.3700787401575);
#2079=VECTOR('',#3351,39.3700787401575);
#2080=VECTOR('',#3352,39.3700787401575);
#2081=VECTOR('',#3355,39.3700787401575);
#2082=VECTOR('',#3356,39.3700787401575);
#2083=VECTOR('',#3359,39.3700787401575);
#2084=VECTOR('',#3360,39.3700787401575);
#2085=VECTOR('',#3363,39.3700787401575);
#2086=VECTOR('',#3364,39.3700787401575);
#2087=VECTOR('',#3367,39.3700787401575);
#2088=VECTOR('',#3368,39.3700787401575);
#2089=VECTOR('',#3371,39.3700787401575);
#2090=VECTOR('',#3372,39.3700787401575);
#2091=VECTOR('',#3375,39.3700787401575);
#2092=VECTOR('',#3376,39.3700787401575);
#2093=VECTOR('',#3379,39.3700787401575);
#2094=VECTOR('',#3380,39.3700787401575);
#2095=VECTOR('',#3383,39.3700787401575);
#2096=VECTOR('',#3384,39.3700787401575);
#2097=VECTOR('',#3387,39.3700787401575);
#2098=VECTOR('',#3390,39.3700787401575);
#2099=VECTOR('',#3395,39.3700787401575);
#2100=VECTOR('',#3398,39.3700787401575);
#2101=VECTOR('',#3403,39.3700787401575);
#2102=VECTOR('',#3406,39.3700787401575);
#2103=VECTOR('',#3411,39.3700787401575);
#2104=VECTOR('',#3414,39.3700787401575);
#2105=VECTOR('',#3419,39.3700787401575);
#2106=VECTOR('',#3420,39.3700787401575);
#2107=VECTOR('',#3429,39.3700787401575);
#2108=VECTOR('',#3430,39.3700787401575);
#2109=VECTOR('',#3431,39.3700787401575);
#2110=VECTOR('',#3432,39.3700787401575);
#2111=VECTOR('',#3433,39.3700787401575);
#2112=VECTOR('',#3434,39.3700787401575);
#2113=VECTOR('',#3437,39.3700787401575);
#2114=VECTOR('',#3438,39.3700787401575);
#2115=VECTOR('',#3439,39.3700787401575);
#2116=VECTOR('',#3440,39.3700787401575);
#2117=VECTOR('',#3441,39.3700787401575);
#2118=VECTOR('',#3442,39.3700787401575);
#2119=VECTOR('',#3445,39.3700787401575);
#2120=VECTOR('',#3446,39.3700787401575);
#2121=VECTOR('',#3447,39.3700787401575);
#2122=VECTOR('',#3448,39.3700787401575);
#2123=VECTOR('',#3449,39.3700787401575);
#2124=VECTOR('',#3450,39.3700787401575);
#2125=VECTOR('',#3453,39.3700787401575);
#2126=VECTOR('',#3454,39.3700787401575);
#2127=VECTOR('',#3455,39.3700787401575);
#2128=VECTOR('',#3456,39.3700787401575);
#2129=VECTOR('',#3457,39.3700787401575);
#2130=VECTOR('',#3458,39.3700787401575);
#2131=VECTOR('',#3461,39.3700787401575);
#2132=VECTOR('',#3462,39.3700787401575);
#2133=VECTOR('',#3463,39.3700787401575);
#2134=VECTOR('',#3466,39.3700787401575);
#2135=VECTOR('',#3467,39.3700787401575);
#2136=VECTOR('',#3468,39.3700787401575);
#2137=VECTOR('',#3471,39.3700787401575);
#2138=VECTOR('',#3472,39.3700787401575);
#2139=VECTOR('',#3473,39.3700787401575);
#2140=VECTOR('',#3476,39.3700787401575);
#2141=VECTOR('',#3477,39.3700787401575);
#2142=VECTOR('',#3478,39.3700787401575);
#2143=VECTOR('',#3481,39.3700787401575);
#2144=VECTOR('',#3482,39.3700787401575);
#2145=VECTOR('',#3483,39.3700787401575);
#2146=VECTOR('',#3484,39.3700787401575);
#2147=VECTOR('',#3485,39.3700787401575);
#2148=VECTOR('',#3488,39.3700787401575);
#2149=VECTOR('',#3489,39.3700787401575);
#2150=VECTOR('',#3490,39.3700787401575);
#2151=VECTOR('',#3491,39.3700787401575);
#2152=VECTOR('',#3492,39.3700787401575);
#2153=VECTOR('',#3495,39.3700787401575);
#2154=VECTOR('',#3496,39.3700787401575);
#2155=VECTOR('',#3497,39.3700787401575);
#2156=VECTOR('',#3498,39.3700787401575);
#2157=VECTOR('',#3499,39.3700787401575);
#2158=VECTOR('',#3502,39.3700787401575);
#2159=VECTOR('',#3503,39.3700787401575);
#2160=VECTOR('',#3504,39.3700787401575);
#2161=VECTOR('',#3505,39.3700787401575);
#2162=VECTOR('',#3506,39.3700787401575);
#2163=VECTOR('',#3509,39.3700787401575);
#2164=VECTOR('',#3510,39.3700787401575);
#2165=VECTOR('',#3511,39.3700787401575);
#2166=VECTOR('',#3512,39.3700787401575);
#2167=VECTOR('',#3513,39.3700787401575);
#2168=VECTOR('',#3514,39.3700787401575);
#2169=VECTOR('',#3517,39.3700787401575);
#2170=VECTOR('',#3518,39.3700787401575);
#2171=VECTOR('',#3519,39.3700787401575);
#2172=VECTOR('',#3520,39.3700787401575);
#2173=VECTOR('',#3521,39.3700787401575);
#2174=VECTOR('',#3522,39.3700787401575);
#2175=VECTOR('',#3525,39.3700787401575);
#2176=VECTOR('',#3526,39.3700787401575);
#2177=VECTOR('',#3527,39.3700787401575);
#2178=VECTOR('',#3528,39.3700787401575);
#2179=VECTOR('',#3529,39.3700787401575);
#2180=VECTOR('',#3530,39.3700787401575);
#2181=VECTOR('',#3533,39.3700787401575);
#2182=VECTOR('',#3534,39.3700787401575);
#2183=VECTOR('',#3535,39.3700787401575);
#2184=VECTOR('',#3536,39.3700787401575);
#2185=VECTOR('',#3537,39.3700787401575);
#2186=VECTOR('',#3538,39.3700787401575);
#2187=VECTOR('',#3541,39.3700787401575);
#2188=VECTOR('',#3542,39.3700787401575);
#2189=VECTOR('',#3543,39.3700787401575);
#2190=VECTOR('',#3546,39.3700787401575);
#2191=VECTOR('',#3547,39.3700787401575);
#2192=VECTOR('',#3548,39.3700787401575);
#2193=VECTOR('',#3551,39.3700787401575);
#2194=VECTOR('',#3552,39.3700787401575);
#2195=VECTOR('',#3553,39.3700787401575);
#2196=VECTOR('',#3556,39.3700787401575);
#2197=VECTOR('',#3557,39.3700787401575);
#2198=VECTOR('',#3558,39.3700787401575);
#2199=VECTOR('',#3561,39.3700787401575);
#2200=VECTOR('',#3562,39.3700787401575);
#2201=VECTOR('',#3563,39.3700787401575);
#2202=VECTOR('',#3564,39.3700787401575);
#2203=VECTOR('',#3565,39.3700787401575);
#2204=VECTOR('',#3568,39.3700787401575);
#2205=VECTOR('',#3569,39.3700787401575);
#2206=VECTOR('',#3570,39.3700787401575);
#2207=VECTOR('',#3571,39.3700787401575);
#2208=VECTOR('',#3572,39.3700787401575);
#2209=VECTOR('',#3575,39.3700787401575);
#2210=VECTOR('',#3576,39.3700787401575);
#2211=VECTOR('',#3577,39.3700787401575);
#2212=VECTOR('',#3578,39.3700787401575);
#2213=VECTOR('',#3579,39.3700787401575);
#2214=VECTOR('',#3582,39.3700787401575);
#2215=VECTOR('',#3583,39.3700787401575);
#2216=VECTOR('',#3584,39.3700787401575);
#2217=VECTOR('',#3585,39.3700787401575);
#2218=VECTOR('',#3586,39.3700787401575);
#2219=VECTOR('',#3589,39.3700787401575);
#2220=VECTOR('',#3592,39.3700787401575);
#2221=VECTOR('',#3593,39.3700787401575);
#2222=VECTOR('',#3594,39.3700787401575);
#2223=VECTOR('',#3599,39.3700787401575);
#2224=VECTOR('',#3602,39.3700787401575);
#2225=VECTOR('',#3603,39.3700787401575);
#2226=VECTOR('',#3604,39.3700787401575);
#2227=VECTOR('',#3609,39.3700787401575);
#2228=VECTOR('',#3612,39.3700787401575);
#2229=VECTOR('',#3613,39.3700787401575);
#2230=VECTOR('',#3614,39.3700787401575);
#2231=VECTOR('',#3619,39.3700787401575);
#2232=VECTOR('',#3622,39.3700787401575);
#2233=VECTOR('',#3623,39.3700787401575);
#2234=VECTOR('',#3624,39.3700787401575);
#2235=VECTOR('',#3629,39.3700787401575);
#2236=VECTOR('',#3632,39.3700787401575);
#2237=VECTOR('',#3633,39.3700787401575);
#2238=VECTOR('',#3634,39.3700787401575);
#2239=VECTOR('',#3639,39.3700787401575);
#2240=VECTOR('',#3642,39.3700787401575);
#2241=VECTOR('',#3643,39.3700787401575);
#2242=VECTOR('',#3644,39.3700787401575);
#2243=VECTOR('',#3649,39.3700787401575);
#2244=VECTOR('',#3652,39.3700787401575);
#2245=VECTOR('',#3653,39.3700787401575);
#2246=VECTOR('',#3654,39.3700787401575);
#2247=VECTOR('',#3659,39.3700787401575);
#2248=VECTOR('',#3662,39.3700787401575);
#2249=VECTOR('',#3663,39.3700787401575);
#2250=VECTOR('',#3664,39.3700787401575);
#2251=VECTOR('',#3669,39.3700787401575);
#2252=VECTOR('',#3672,39.3700787401575);
#2253=VECTOR('',#3673,39.3700787401575);
#2254=VECTOR('',#3674,39.3700787401575);
#2255=VECTOR('',#3679,39.3700787401575);
#2256=VECTOR('',#3682,39.3700787401575);
#2257=VECTOR('',#3683,39.3700787401575);
#2258=VECTOR('',#3684,39.3700787401575);
#2259=VECTOR('',#3689,39.3700787401575);
#2260=VECTOR('',#3692,39.3700787401575);
#2261=VECTOR('',#3693,39.3700787401575);
#2262=VECTOR('',#3694,39.3700787401575);
#2263=VECTOR('',#3699,39.3700787401575);
#2264=VECTOR('',#3702,39.3700787401575);
#2265=VECTOR('',#3703,39.3700787401575);
#2266=VECTOR('',#3704,39.3700787401575);
#2267=VECTOR('',#3709,39.3700787401575);
#2268=VECTOR('',#3712,39.3700787401575);
#2269=VECTOR('',#3713,39.3700787401575);
#2270=VECTOR('',#3714,39.3700787401575);
#2271=VECTOR('',#3719,39.3700787401575);
#2272=VECTOR('',#3722,39.3700787401575);
#2273=VECTOR('',#3723,39.3700787401575);
#2274=VECTOR('',#3724,39.3700787401575);
#2275=VECTOR('',#3729,39.3700787401575);
#2276=VECTOR('',#3732,39.3700787401575);
#2277=VECTOR('',#3733,39.3700787401575);
#2278=VECTOR('',#3734,39.3700787401575);
#2279=VECTOR('',#3739,39.3700787401575);
#2280=VECTOR('',#3742,39.3700787401575);
#2281=VECTOR('',#3743,39.3700787401575);
#2282=VECTOR('',#3744,39.3700787401575);
#2283=VECTOR('',#3749,39.3700787401575);
#2284=VECTOR('',#3750,39.3700787401575);
#2285=VECTOR('',#3751,39.3700787401575);
#2286=VECTOR('',#3752,39.3700787401575);
#2287=VECTOR('',#3755,39.3700787401575);
#2288=VECTOR('',#3756,39.3700787401575);
#2289=VECTOR('',#3757,39.3700787401575);
#2290=VECTOR('',#3758,39.3700787401575);
#2291=VECTOR('',#3761,39.3700787401575);
#2292=VECTOR('',#3762,39.3700787401575);
#2293=VECTOR('',#3765,39.3700787401575);
#2294=VECTOR('',#3766,39.3700787401575);
#2295=VECTOR('',#3769,39.3700787401575);
#2296=VECTOR('',#3770,39.3700787401575);
#2297=VECTOR('',#3773,39.3700787401575);
#2298=VECTOR('',#3774,39.3700787401575);
#2299=VECTOR('',#3777,39.3700787401575);
#2300=VECTOR('',#3778,39.3700787401575);
#2301=VECTOR('',#3781,39.3700787401575);
#2302=VECTOR('',#3782,39.3700787401575);
#2303=VECTOR('',#3785,39.3700787401575);
#2304=VECTOR('',#3786,39.3700787401575);
#2305=VECTOR('',#3789,39.3700787401575);
#2306=VECTOR('',#3790,39.3700787401575);
#2307=VECTOR('',#3809,39.3700787401575);
#2308=VECTOR('',#3810,39.3700787401575);
#2309=VECTOR('',#3813,39.3700787401575);
#2310=VECTOR('',#3814,39.3700787401575);
#2311=VECTOR('',#3817,39.3700787401575);
#2312=VECTOR('',#3818,39.3700787401575);
#2313=VECTOR('',#3821,39.3700787401575);
#2314=VECTOR('',#3822,39.3700787401575);
#2315=VECTOR('',#3825,39.3700787401575);
#2316=VECTOR('',#3826,39.3700787401575);
#2317=VECTOR('',#3829,39.3700787401575);
#2318=VECTOR('',#3830,39.3700787401575);
#2319=VECTOR('',#3833,39.3700787401575);
#2320=VECTOR('',#3834,39.3700787401575);
#2321=VECTOR('',#3837,39.3700787401575);
#2322=VECTOR('',#3838,39.3700787401575);
#2323=VECTOR('',#3857,39.3700787401575);
#2324=VECTOR('',#3858,39.3700787401575);
#2325=VECTOR('',#3861,39.3700787401575);
#2326=VECTOR('',#3864,39.3700787401575);
#2327=EDGE_LOOP('',(#79,#80,#81,#82,#83,#84,#85,#86,#87,#88,#89,#90,#91,
#92,#93,#94,#95,#96,#97,#98));
#2328=EDGE_LOOP('',(#99,#100,#101,#102,#103,#104,#105,#106,#107,#108,#109,
#110,#111,#112,#113,#114,#115,#116,#117,#118));
#2329=EDGE_LOOP('',(#119,#120,#121,#122));
#2330=EDGE_LOOP('',(#123,#124,#125,#126));
#2331=EDGE_LOOP('',(#127,#128,#129,#130));
#2332=EDGE_LOOP('',(#131,#132,#133,#134));
#2333=EDGE_LOOP('',(#135,#136,#137,#138));
#2334=EDGE_LOOP('',(#139,#140,#141,#142));
#2335=EDGE_LOOP('',(#143,#144,#145,#146));
#2336=EDGE_LOOP('',(#147,#148,#149,#150));
#2337=EDGE_LOOP('',(#151,#152,#153,#154));
#2338=EDGE_LOOP('',(#155,#156,#157,#158));
#2339=EDGE_LOOP('',(#159,#160,#161,#162));
#2340=EDGE_LOOP('',(#163,#164,#165,#166));
#2341=EDGE_LOOP('',(#167,#168,#169,#170));
#2342=EDGE_LOOP('',(#171,#172,#173,#174));
#2343=EDGE_LOOP('',(#175,#176,#177,#178));
#2344=EDGE_LOOP('',(#179,#180,#181,#182));
#2345=EDGE_LOOP('',(#183,#184,#185,#186));
#2346=EDGE_LOOP('',(#187,#188,#189,#190));
#2347=EDGE_LOOP('',(#191,#192,#193,#194));
#2348=EDGE_LOOP('',(#195,#196,#197,#198));
#2349=EDGE_LOOP('',(#199,#200,#201,#202));
#2350=EDGE_LOOP('',(#203,#204,#205,#206));
#2351=EDGE_LOOP('',(#207,#208,#209,#210));
#2352=EDGE_LOOP('',(#211,#212,#213,#214));
#2353=EDGE_LOOP('',(#215,#216,#217,#218));
#2354=EDGE_LOOP('',(#219,#220,#221,#222));
#2355=EDGE_LOOP('',(#223,#224,#225,#226));
#2356=EDGE_LOOP('',(#227,#228,#229,#230));
#2357=EDGE_LOOP('',(#231,#232,#233,#234));
#2358=EDGE_LOOP('',(#235,#236,#237,#238));
#2359=EDGE_LOOP('',(#239,#240,#241,#242));
#2360=EDGE_LOOP('',(#243,#244,#245,#246));
#2361=EDGE_LOOP('',(#247,#248,#249,#250));
#2362=EDGE_LOOP('',(#251,#252,#253,#254));
#2363=EDGE_LOOP('',(#255,#256,#257,#258));
#2364=EDGE_LOOP('',(#259,#260,#261,#262));
#2365=EDGE_LOOP('',(#263,#264,#265,#266));
#2366=EDGE_LOOP('',(#267,#268,#269,#270));
#2367=EDGE_LOOP('',(#271,#272,#273,#274));
#2368=EDGE_LOOP('',(#275,#276,#277,#278));
#2369=EDGE_LOOP('',(#279,#280,#281,#282));
#2370=EDGE_LOOP('',(#283,#284,#285,#286));
#2371=EDGE_LOOP('',(#287,#288,#289,#290));
#2372=EDGE_LOOP('',(#291,#292,#293,#294));
#2373=EDGE_LOOP('',(#295,#296,#297,#298));
#2374=EDGE_LOOP('',(#299,#300,#301,#302));
#2375=EDGE_LOOP('',(#303,#304,#305,#306));
#2376=EDGE_LOOP('',(#307,#308,#309,#310));
#2377=EDGE_LOOP('',(#311,#312,#313,#314));
#2378=EDGE_LOOP('',(#315,#316,#317,#318));
#2379=EDGE_LOOP('',(#319,#320,#321,#322));
#2380=EDGE_LOOP('',(#323,#324,#325,#326));
#2381=EDGE_LOOP('',(#327,#328,#329,#330));
#2382=EDGE_LOOP('',(#331,#332,#333,#334));
#2383=EDGE_LOOP('',(#335,#336,#337,#338));
#2384=EDGE_LOOP('',(#339,#340,#341,#342));
#2385=EDGE_LOOP('',(#343,#344,#345,#346));
#2386=EDGE_LOOP('',(#347,#348,#349,#350));
#2387=EDGE_LOOP('',(#351,#352,#353,#354));
#2388=EDGE_LOOP('',(#355,#356,#357,#358));
#2389=EDGE_LOOP('',(#359,#360,#361,#362));
#2390=EDGE_LOOP('',(#363,#364,#365,#366));
#2391=EDGE_LOOP('',(#367,#368,#369,#370));
#2392=EDGE_LOOP('',(#371,#372,#373,#374));
#2393=EDGE_LOOP('',(#375,#376,#377,#378));
#2394=EDGE_LOOP('',(#379,#380,#381,#382));
#2395=EDGE_LOOP('',(#383,#384,#385,#386));
#2396=EDGE_LOOP('',(#387,#388,#389,#390));
#2397=EDGE_LOOP('',(#391,#392,#393,#394,#395,#396));
#2398=EDGE_LOOP('',(#397,#398,#399,#400,#401,#402));
#2399=EDGE_LOOP('',(#403,#404,#405,#406,#407,#408));
#2400=EDGE_LOOP('',(#409,#410,#411,#412,#413,#414));
#2401=EDGE_LOOP('',(#415,#416,#417,#418));
#2402=EDGE_LOOP('',(#419,#420,#421,#422));
#2403=EDGE_LOOP('',(#423,#424,#425,#426));
#2404=EDGE_LOOP('',(#427,#428,#429,#430));
#2405=EDGE_LOOP('',(#431,#432,#433,#434,#435,#436));
#2406=EDGE_LOOP('',(#437,#438,#439,#440,#441,#442));
#2407=EDGE_LOOP('',(#443,#444,#445,#446,#447,#448));
#2408=EDGE_LOOP('',(#449,#450,#451,#452,#453,#454));
#2409=EDGE_LOOP('',(#455,#456,#457,#458,#459,#460));
#2410=EDGE_LOOP('',(#461,#462,#463,#464,#465,#466));
#2411=EDGE_LOOP('',(#467,#468,#469,#470,#471,#472));
#2412=EDGE_LOOP('',(#473,#474,#475,#476,#477,#478));
#2413=EDGE_LOOP('',(#479,#480,#481,#482));
#2414=EDGE_LOOP('',(#483,#484,#485,#486));
#2415=EDGE_LOOP('',(#487,#488,#489,#490));
#2416=EDGE_LOOP('',(#491,#492,#493,#494));
#2417=EDGE_LOOP('',(#495,#496,#497,#498,#499,#500));
#2418=EDGE_LOOP('',(#501,#502,#503,#504,#505,#506));
#2419=EDGE_LOOP('',(#507,#508,#509,#510,#511,#512));
#2420=EDGE_LOOP('',(#513,#514,#515,#516,#517,#518));
#2421=EDGE_LOOP('',(#519,#520,#521,#522,#523,#524,#525,#526));
#2422=EDGE_LOOP('',(#527,#528,#529,#530,#531,#532,#533,#534));
#2423=EDGE_LOOP('',(#535,#536,#537,#538,#539,#540,#541,#542));
#2424=EDGE_LOOP('',(#543,#544,#545,#546,#547,#548,#549,#550));
#2425=EDGE_LOOP('',(#551,#552,#553,#554,#555,#556,#557,#558));
#2426=EDGE_LOOP('',(#559,#560,#561,#562,#563,#564,#565,#566));
#2427=EDGE_LOOP('',(#567,#568,#569,#570,#571,#572,#573,#574));
#2428=EDGE_LOOP('',(#575,#576,#577,#578,#579,#580,#581,#582));
#2429=EDGE_LOOP('',(#583,#584,#585,#586,#587,#588,#589,#590));
#2430=EDGE_LOOP('',(#591,#592,#593,#594,#595,#596,#597,#598));
#2431=EDGE_LOOP('',(#599,#600,#601,#602,#603,#604,#605,#606));
#2432=EDGE_LOOP('',(#607,#608,#609,#610,#611,#612,#613,#614));
#2433=EDGE_LOOP('',(#615,#616,#617,#618,#619,#620,#621,#622));
#2434=EDGE_LOOP('',(#623,#624,#625,#626,#627,#628,#629,#630));
#2435=EDGE_LOOP('',(#631,#632,#633,#634,#635,#636,#637,#638));
#2436=EDGE_LOOP('',(#639,#640,#641,#642,#643,#644,#645,#646));
#2437=EDGE_LOOP('',(#647,#648,#649,#650));
#2438=EDGE_LOOP('',(#651,#652,#653,#654));
#2439=EDGE_LOOP('',(#655,#656,#657,#658));
#2440=EDGE_LOOP('',(#659,#660,#661,#662));
#2441=EDGE_LOOP('',(#663,#664,#665,#666));
#2442=EDGE_LOOP('',(#667,#668,#669,#670));
#2443=EDGE_LOOP('',(#671,#672,#673,#674));
#2444=EDGE_LOOP('',(#675,#676,#677,#678));
#2445=EDGE_LOOP('',(#679,#680,#681,#682));
#2446=EDGE_LOOP('',(#683,#684,#685,#686));
#2447=EDGE_LOOP('',(#687,#688,#689,#690));
#2448=EDGE_LOOP('',(#691,#692,#693,#694));
#2449=EDGE_LOOP('',(#695,#696,#697,#698));
#2450=EDGE_LOOP('',(#699,#700,#701,#702));
#2451=EDGE_LOOP('',(#703,#704,#705,#706));
#2452=EDGE_LOOP('',(#707,#708,#709,#710));
#2453=EDGE_LOOP('',(#711,#712,#713,#714));
#2454=EDGE_LOOP('',(#715,#716,#717,#718));
#2455=EDGE_LOOP('',(#719,#720,#721,#722));
#2456=EDGE_LOOP('',(#723,#724,#725,#726));
#2457=EDGE_LOOP('',(#727,#728,#729,#730));
#2458=EDGE_LOOP('',(#731,#732,#733,#734));
#2459=EDGE_LOOP('',(#735,#736,#737,#738));
#2460=EDGE_LOOP('',(#739,#740,#741,#742));
#2461=EDGE_LOOP('',(#743,#744,#745,#746));
#2462=EDGE_LOOP('',(#747,#748,#749,#750));
#2463=EDGE_LOOP('',(#751,#752,#753,#754));
#2464=EDGE_LOOP('',(#755,#756,#757,#758));
#2465=EDGE_LOOP('',(#759,#760,#761,#762));
#2466=EDGE_LOOP('',(#763,#764,#765,#766));
#2467=EDGE_LOOP('',(#767,#768,#769,#770));
#2468=EDGE_LOOP('',(#771,#772,#773,#774));
#2469=EDGE_LOOP('',(#775,#776,#777,#778));
#2470=EDGE_LOOP('',(#779,#780,#781,#782));
#2471=EDGE_LOOP('',(#783,#784,#785,#786));
#2472=EDGE_LOOP('',(#787,#788,#789,#790));
#2473=EDGE_LOOP('',(#791,#792,#793,#794));
#2474=EDGE_LOOP('',(#795,#796,#797,#798));
#2475=EDGE_LOOP('',(#799,#800,#801,#802));
#2476=EDGE_LOOP('',(#803,#804,#805,#806));
#2477=EDGE_LOOP('',(#807,#808,#809,#810));
#2478=EDGE_LOOP('',(#811,#812,#813,#814));
#2479=EDGE_LOOP('',(#815,#816,#817,#818));
#2480=EDGE_LOOP('',(#819,#820,#821,#822));
#2481=EDGE_LOOP('',(#823,#824,#825,#826));
#2482=EDGE_LOOP('',(#827,#828,#829,#830));
#2483=EDGE_LOOP('',(#831,#832,#833,#834));
#2484=EDGE_LOOP('',(#835,#836,#837,#838));
#2485=EDGE_LOOP('',(#839,#840,#841,#842));
#2486=EDGE_LOOP('',(#843,#844,#845,#846));
#2487=EDGE_LOOP('',(#847,#848,#849,#850));
#2488=EDGE_LOOP('',(#851,#852,#853,#854));
#2489=EDGE_LOOP('',(#855,#856,#857,#858));
#2490=EDGE_LOOP('',(#859,#860,#861,#862));
#2491=EDGE_LOOP('',(#863,#864,#865,#866));
#2492=EDGE_LOOP('',(#867,#868,#869,#870));
#2493=EDGE_LOOP('',(#871,#872,#873,#874));
#2494=EDGE_LOOP('',(#875,#876,#877,#878));
#2495=EDGE_LOOP('',(#879,#880,#881,#882));
#2496=EDGE_LOOP('',(#883,#884,#885,#886));
#2497=EDGE_LOOP('',(#887,#888,#889,#890));
#2498=EDGE_LOOP('',(#891,#892,#893,#894));
#2499=FACE_BOUND('',#2327,.T.);
#2500=FACE_BOUND('',#2328,.T.);
#2501=FACE_BOUND('',#2329,.T.);
#2502=FACE_BOUND('',#2330,.T.);
#2503=FACE_BOUND('',#2331,.T.);
#2504=FACE_BOUND('',#2332,.T.);
#2505=FACE_BOUND('',#2333,.T.);
#2506=FACE_BOUND('',#2334,.T.);
#2507=FACE_BOUND('',#2335,.T.);
#2508=FACE_BOUND('',#2336,.T.);
#2509=FACE_BOUND('',#2337,.T.);
#2510=FACE_BOUND('',#2338,.T.);
#2511=FACE_BOUND('',#2339,.T.);
#2512=FACE_BOUND('',#2340,.T.);
#2513=FACE_BOUND('',#2341,.T.);
#2514=FACE_BOUND('',#2342,.T.);
#2515=FACE_BOUND('',#2343,.T.);
#2516=FACE_BOUND('',#2344,.T.);
#2517=FACE_BOUND('',#2345,.T.);
#2518=FACE_BOUND('',#2346,.T.);
#2519=FACE_BOUND('',#2347,.T.);
#2520=FACE_BOUND('',#2348,.T.);
#2521=FACE_BOUND('',#2349,.T.);
#2522=FACE_BOUND('',#2350,.T.);
#2523=FACE_BOUND('',#2351,.T.);
#2524=FACE_BOUND('',#2352,.T.);
#2525=FACE_BOUND('',#2353,.T.);
#2526=FACE_BOUND('',#2354,.T.);
#2527=FACE_BOUND('',#2355,.T.);
#2528=FACE_BOUND('',#2356,.T.);
#2529=FACE_BOUND('',#2357,.T.);
#2530=FACE_BOUND('',#2358,.T.);
#2531=FACE_BOUND('',#2359,.T.);
#2532=FACE_BOUND('',#2360,.T.);
#2533=FACE_BOUND('',#2361,.T.);
#2534=FACE_BOUND('',#2362,.T.);
#2535=FACE_BOUND('',#2363,.T.);
#2536=FACE_BOUND('',#2364,.T.);
#2537=FACE_BOUND('',#2365,.T.);
#2538=FACE_BOUND('',#2366,.T.);
#2539=FACE_BOUND('',#2367,.T.);
#2540=FACE_BOUND('',#2368,.T.);
#2541=FACE_BOUND('',#2369,.T.);
#2542=FACE_BOUND('',#2370,.T.);
#2543=FACE_BOUND('',#2371,.T.);
#2544=FACE_BOUND('',#2372,.T.);
#2545=FACE_BOUND('',#2373,.T.);
#2546=FACE_BOUND('',#2374,.T.);
#2547=FACE_BOUND('',#2375,.T.);
#2548=FACE_BOUND('',#2376,.T.);
#2549=FACE_BOUND('',#2377,.T.);
#2550=FACE_BOUND('',#2378,.T.);
#2551=FACE_BOUND('',#2379,.T.);
#2552=FACE_BOUND('',#2380,.T.);
#2553=FACE_BOUND('',#2381,.T.);
#2554=FACE_BOUND('',#2382,.T.);
#2555=FACE_BOUND('',#2383,.T.);
#2556=FACE_BOUND('',#2384,.T.);
#2557=FACE_BOUND('',#2385,.T.);
#2558=FACE_BOUND('',#2386,.T.);
#2559=FACE_BOUND('',#2387,.T.);
#2560=FACE_BOUND('',#2388,.T.);
#2561=FACE_BOUND('',#2389,.T.);
#2562=FACE_BOUND('',#2390,.T.);
#2563=FACE_BOUND('',#2391,.T.);
#2564=FACE_BOUND('',#2392,.T.);
#2565=FACE_BOUND('',#2393,.T.);
#2566=FACE_BOUND('',#2394,.T.);
#2567=FACE_BOUND('',#2395,.T.);
#2568=FACE_BOUND('',#2396,.T.);
#2569=FACE_BOUND('',#2397,.T.);
#2570=FACE_BOUND('',#2398,.T.);
#2571=FACE_BOUND('',#2399,.T.);
#2572=FACE_BOUND('',#2400,.T.);
#2573=FACE_BOUND('',#2401,.T.);
#2574=FACE_BOUND('',#2402,.T.);
#2575=FACE_BOUND('',#2403,.T.);
#2576=FACE_BOUND('',#2404,.T.);
#2577=FACE_BOUND('',#2405,.T.);
#2578=FACE_BOUND('',#2406,.T.);
#2579=FACE_BOUND('',#2407,.T.);
#2580=FACE_BOUND('',#2408,.T.);
#2581=FACE_BOUND('',#2409,.T.);
#2582=FACE_BOUND('',#2410,.T.);
#2583=FACE_BOUND('',#2411,.T.);
#2584=FACE_BOUND('',#2412,.T.);
#2585=FACE_BOUND('',#2413,.T.);
#2586=FACE_BOUND('',#2414,.T.);
#2587=FACE_BOUND('',#2415,.T.);
#2588=FACE_BOUND('',#2416,.T.);
#2589=FACE_BOUND('',#2417,.T.);
#2590=FACE_BOUND('',#2418,.T.);
#2591=FACE_BOUND('',#2419,.T.);
#2592=FACE_BOUND('',#2420,.T.);
#2593=FACE_BOUND('',#2421,.T.);
#2594=FACE_BOUND('',#2422,.T.);
#2595=FACE_BOUND('',#2423,.T.);
#2596=FACE_BOUND('',#2424,.T.);
#2597=FACE_BOUND('',#2425,.T.);
#2598=FACE_BOUND('',#2426,.T.);
#2599=FACE_BOUND('',#2427,.T.);
#2600=FACE_BOUND('',#2428,.T.);
#2601=FACE_BOUND('',#2429,.T.);
#2602=FACE_BOUND('',#2430,.T.);
#2603=FACE_BOUND('',#2431,.T.);
#2604=FACE_BOUND('',#2432,.T.);
#2605=FACE_BOUND('',#2433,.T.);
#2606=FACE_BOUND('',#2434,.T.);
#2607=FACE_BOUND('',#2435,.T.);
#2608=FACE_BOUND('',#2436,.T.);
#2609=FACE_BOUND('',#2437,.T.);
#2610=FACE_BOUND('',#2438,.T.);
#2611=FACE_BOUND('',#2439,.T.);
#2612=FACE_BOUND('',#2440,.T.);
#2613=FACE_BOUND('',#2441,.T.);
#2614=FACE_BOUND('',#2442,.T.);
#2615=FACE_BOUND('',#2443,.T.);
#2616=FACE_BOUND('',#2444,.T.);
#2617=FACE_BOUND('',#2445,.T.);
#2618=FACE_BOUND('',#2446,.T.);
#2619=FACE_BOUND('',#2447,.T.);
#2620=FACE_BOUND('',#2448,.T.);
#2621=FACE_BOUND('',#2449,.T.);
#2622=FACE_BOUND('',#2450,.T.);
#2623=FACE_BOUND('',#2451,.T.);
#2624=FACE_BOUND('',#2452,.T.);
#2625=FACE_BOUND('',#2453,.T.);
#2626=FACE_BOUND('',#2454,.T.);
#2627=FACE_BOUND('',#2455,.T.);
#2628=FACE_BOUND('',#2456,.T.);
#2629=FACE_BOUND('',#2457,.T.);
#2630=FACE_BOUND('',#2458,.T.);
#2631=FACE_BOUND('',#2459,.T.);
#2632=FACE_BOUND('',#2460,.T.);
#2633=FACE_BOUND('',#2461,.T.);
#2634=FACE_BOUND('',#2462,.T.);
#2635=FACE_BOUND('',#2463,.T.);
#2636=FACE_BOUND('',#2464,.T.);
#2637=FACE_BOUND('',#2465,.T.);
#2638=FACE_BOUND('',#2466,.T.);
#2639=FACE_BOUND('',#2467,.T.);
#2640=FACE_BOUND('',#2468,.T.);
#2641=FACE_BOUND('',#2469,.T.);
#2642=FACE_BOUND('',#2470,.T.);
#2643=FACE_BOUND('',#2471,.T.);
#2644=FACE_BOUND('',#2472,.T.);
#2645=FACE_BOUND('',#2473,.T.);
#2646=FACE_BOUND('',#2474,.T.);
#2647=FACE_BOUND('',#2475,.T.);
#2648=FACE_BOUND('',#2476,.T.);
#2649=FACE_BOUND('',#2477,.T.);
#2650=FACE_BOUND('',#2478,.T.);
#2651=FACE_BOUND('',#2479,.T.);
#2652=FACE_BOUND('',#2480,.T.);
#2653=FACE_BOUND('',#2481,.T.);
#2654=FACE_BOUND('',#2482,.T.);
#2655=FACE_BOUND('',#2483,.T.);
#2656=FACE_BOUND('',#2484,.T.);
#2657=FACE_BOUND('',#2485,.T.);
#2658=FACE_BOUND('',#2486,.T.);
#2659=FACE_BOUND('',#2487,.T.);
#2660=FACE_BOUND('',#2488,.T.);
#2661=FACE_BOUND('',#2489,.T.);
#2662=FACE_BOUND('',#2490,.T.);
#2663=FACE_BOUND('',#2491,.T.);
#2664=FACE_BOUND('',#2492,.T.);
#2665=FACE_BOUND('',#2493,.T.);
#2666=FACE_BOUND('',#2494,.T.);
#2667=FACE_BOUND('',#2495,.T.);
#2668=FACE_BOUND('',#2496,.T.);
#2669=FACE_BOUND('',#2497,.T.);
#2670=FACE_BOUND('',#2498,.T.);
#2671=PLANE('',#2977);
#2672=PLANE('',#2978);
#2673=PLANE('',#2979);
#2674=PLANE('',#2980);
#2675=PLANE('',#2981);
#2676=PLANE('',#2982);
#2677=PLANE('',#2983);
#2678=PLANE('',#2984);
#2679=PLANE('',#2985);
#2680=PLANE('',#2986);
#2681=PLANE('',#2987);
#2682=PLANE('',#2988);
#2683=PLANE('',#2989);
#2684=PLANE('',#2990);
#2685=PLANE('',#2991);
#2686=PLANE('',#2992);
#2687=PLANE('',#2993);
#2688=PLANE('',#2994);
#2689=PLANE('',#2995);
#2690=PLANE('',#2996);
#2691=PLANE('',#2997);
#2692=PLANE('',#2998);
#2693=PLANE('',#2999);
#2694=PLANE('',#3000);
#2695=PLANE('',#3001);
#2696=PLANE('',#3002);
#2697=PLANE('',#3003);
#2698=PLANE('',#3004);
#2699=PLANE('',#3005);
#2700=PLANE('',#3006);
#2701=PLANE('',#3007);
#2702=PLANE('',#3008);
#2703=PLANE('',#3009);
#2704=PLANE('',#3010);
#2705=PLANE('',#3011);
#2706=PLANE('',#3012);
#2707=PLANE('',#3013);
#2708=PLANE('',#3014);
#2709=PLANE('',#3015);
#2710=PLANE('',#3016);
#2711=PLANE('',#3017);
#2712=PLANE('',#3018);
#2713=PLANE('',#3019);
#2714=PLANE('',#3020);
#2715=PLANE('',#3021);
#2716=PLANE('',#3022);
#2717=PLANE('',#3023);
#2718=PLANE('',#3024);
#2719=PLANE('',#3025);
#2720=PLANE('',#3026);
#2721=PLANE('',#3027);
#2722=PLANE('',#3028);
#2723=PLANE('',#3029);
#2724=PLANE('',#3030);
#2725=PLANE('',#3032);
#2726=PLANE('',#3033);
#2727=PLANE('',#3034);
#2728=PLANE('',#3035);
#2729=PLANE('',#3036);
#2730=PLANE('',#3037);
#2731=PLANE('',#3038);
#2732=PLANE('',#3039);
#2733=PLANE('',#3040);
#2734=PLANE('',#3041);
#2735=PLANE('',#3042);
#2736=PLANE('',#3043);
#2737=PLANE('',#3044);
#2738=PLANE('',#3045);
#2739=PLANE('',#3046);
#2740=PLANE('',#3047);
#2741=PLANE('',#3048);
#2742=PLANE('',#3049);
#2743=PLANE('',#3050);
#2744=PLANE('',#3051);
#2745=PLANE('',#3052);
#2746=PLANE('',#3053);
#2747=PLANE('',#3054);
#2748=PLANE('',#3055);
#2749=PLANE('',#3056);
#2750=PLANE('',#3059);
#2751=PLANE('',#3062);
#2752=PLANE('',#3065);
#2753=PLANE('',#3068);
#2754=PLANE('',#3071);
#2755=PLANE('',#3074);
#2756=PLANE('',#3077);
#2757=PLANE('',#3080);
#2758=PLANE('',#3083);
#2759=PLANE('',#3086);
#2760=PLANE('',#3089);
#2761=PLANE('',#3092);
#2762=PLANE('',#3095);
#2763=PLANE('',#3098);
#2764=PLANE('',#3101);
#2765=PLANE('',#3104);
#2766=PLANE('',#3105);
#2767=PLANE('',#3106);
#2768=PLANE('',#3107);
#2769=PLANE('',#3108);
#2770=PLANE('',#3109);
#2771=PLANE('',#3110);
#2772=PLANE('',#3111);
#2773=PLANE('',#3112);
#2774=PLANE('',#3113);
#2775=PLANE('',#3122);
#2776=PLANE('',#3123);
#2777=PLANE('',#3124);
#2778=PLANE('',#3125);
#2779=PLANE('',#3126);
#2780=PLANE('',#3127);
#2781=PLANE('',#3128);
#2782=PLANE('',#3129);
#2783=PLANE('',#3138);
#2784=PLANE('',#3139);
#2785=PLANE('',#3140);
#2786=PLANE('',#3141);
#2787=PLANE('',#3142);
#2788=PLANE('',#3143);
#2789=PLANE('',#3144);
#2790=PLANE('',#3145);
#2791=PLANE('',#3146);
#2792=PLANE('',#3147);
#2793=PLANE('',#3148);
#2794=PLANE('',#3149);
#2795=PLANE('',#3150);
#2796=PLANE('',#3151);
#2797=PLANE('',#3152);
#2798=PLANE('',#3153);
#2799=PLANE('',#3154);
#2800=PLANE('',#3155);
#2801=PLANE('',#3156);
#2802=PLANE('',#3157);
#2803=ADVANCED_FACE('',(#2499),#2671,.F.);
#2804=ADVANCED_FACE('',(#2500),#2672,.F.);
#2805=ADVANCED_FACE('',(#2501),#2673,.T.);
#2806=ADVANCED_FACE('',(#2502),#2674,.T.);
#2807=ADVANCED_FACE('',(#2503),#2675,.T.);
#2808=ADVANCED_FACE('',(#2504),#2676,.T.);
#2809=ADVANCED_FACE('',(#2505),#2677,.T.);
#2810=ADVANCED_FACE('',(#2506),#2678,.T.);
#2811=ADVANCED_FACE('',(#2507),#2679,.T.);
#2812=ADVANCED_FACE('',(#2508),#2680,.T.);
#2813=ADVANCED_FACE('',(#2509),#2681,.T.);
#2814=ADVANCED_FACE('',(#2510),#2682,.T.);
#2815=ADVANCED_FACE('',(#2511),#2683,.T.);
#2816=ADVANCED_FACE('',(#2512),#2684,.T.);
#2817=ADVANCED_FACE('',(#2513),#2685,.T.);
#2818=ADVANCED_FACE('',(#2514),#2686,.T.);
#2819=ADVANCED_FACE('',(#2515),#2687,.T.);
#2820=ADVANCED_FACE('',(#2516),#2688,.T.);
#2821=ADVANCED_FACE('',(#2517),#2689,.T.);
#2822=ADVANCED_FACE('',(#2518),#2690,.T.);
#2823=ADVANCED_FACE('',(#2519),#2691,.T.);
#2824=ADVANCED_FACE('',(#2520),#2692,.T.);
#2825=ADVANCED_FACE('',(#2521),#2693,.T.);
#2826=ADVANCED_FACE('',(#2522),#2694,.T.);
#2827=ADVANCED_FACE('',(#2523),#2695,.T.);
#2828=ADVANCED_FACE('',(#2524),#2696,.T.);
#2829=ADVANCED_FACE('',(#2525),#2697,.T.);
#2830=ADVANCED_FACE('',(#2526),#2698,.T.);
#2831=ADVANCED_FACE('',(#2527),#2699,.T.);
#2832=ADVANCED_FACE('',(#2528),#2700,.T.);
#2833=ADVANCED_FACE('',(#2529),#2701,.T.);
#2834=ADVANCED_FACE('',(#2530),#2702,.T.);
#2835=ADVANCED_FACE('',(#2531),#2703,.T.);
#2836=ADVANCED_FACE('',(#2532),#2704,.T.);
#2837=ADVANCED_FACE('',(#2533),#2705,.F.);
#2838=ADVANCED_FACE('',(#2534),#2706,.F.);
#2839=ADVANCED_FACE('',(#2535),#2707,.F.);
#2840=ADVANCED_FACE('',(#2536),#2708,.F.);
#2841=ADVANCED_FACE('',(#2537),#2709,.F.);
#2842=ADVANCED_FACE('',(#2538),#2710,.F.);
#2843=ADVANCED_FACE('',(#2539),#2711,.F.);
#2844=ADVANCED_FACE('',(#2540,#2541,#2542,#2543,#2544,#2545,#2546,#2547,
#2548),#2712,.T.);
#2845=ADVANCED_FACE('',(#2549),#2713,.T.);
#2846=ADVANCED_FACE('',(#2550),#2714,.T.);
#2847=ADVANCED_FACE('',(#2551,#2552,#2553),#2715,.T.);
#2848=ADVANCED_FACE('',(#2554),#2716,.T.);
#2849=ADVANCED_FACE('',(#2555),#2717,.T.);
#2850=ADVANCED_FACE('',(#2556,#2557,#2558),#2718,.T.);
#2851=ADVANCED_FACE('',(#2559),#2719,.T.);
#2852=ADVANCED_FACE('',(#2560),#2720,.T.);
#2853=ADVANCED_FACE('',(#2561,#2562,#2563),#2721,.T.);
#2854=ADVANCED_FACE('',(#2564,#2565,#2566),#2722,.T.);
#2855=ADVANCED_FACE('',(#2567),#2723,.T.);
#2856=ADVANCED_FACE('',(#2568),#2724,.T.);
#2857=ADVANCED_FACE('',(#2569),#2725,.F.);
#2858=ADVANCED_FACE('',(#2570),#2726,.F.);
#2859=ADVANCED_FACE('',(#2571),#2727,.F.);
#2860=ADVANCED_FACE('',(#2572),#2728,.F.);
#2861=ADVANCED_FACE('',(#2573),#2729,.F.);
#2862=ADVANCED_FACE('',(#2574),#2730,.F.);
#2863=ADVANCED_FACE('',(#2575),#2731,.F.);
#2864=ADVANCED_FACE('',(#2576),#2732,.F.);
#2865=ADVANCED_FACE('',(#2577),#2733,.F.);
#2866=ADVANCED_FACE('',(#2578),#2734,.F.);
#2867=ADVANCED_FACE('',(#2579),#2735,.F.);
#2868=ADVANCED_FACE('',(#2580),#2736,.F.);
#2869=ADVANCED_FACE('',(#2581),#2737,.F.);
#2870=ADVANCED_FACE('',(#2582),#2738,.F.);
#2871=ADVANCED_FACE('',(#2583),#2739,.F.);
#2872=ADVANCED_FACE('',(#2584),#2740,.F.);
#2873=ADVANCED_FACE('',(#2585),#2741,.F.);
#2874=ADVANCED_FACE('',(#2586),#2742,.F.);
#2875=ADVANCED_FACE('',(#2587),#2743,.F.);
#2876=ADVANCED_FACE('',(#2588),#2744,.F.);
#2877=ADVANCED_FACE('',(#2589),#2745,.F.);
#2878=ADVANCED_FACE('',(#2590),#2746,.F.);
#2879=ADVANCED_FACE('',(#2591),#2747,.F.);
#2880=ADVANCED_FACE('',(#2592),#2748,.F.);
#2881=ADVANCED_FACE('',(#2593),#2749,.T.);
#2882=ADVANCED_FACE('',(#2594),#2750,.T.);
#2883=ADVANCED_FACE('',(#2595),#2751,.T.);
#2884=ADVANCED_FACE('',(#2596),#2752,.T.);
#2885=ADVANCED_FACE('',(#2597),#2753,.T.);
#2886=ADVANCED_FACE('',(#2598),#2754,.T.);
#2887=ADVANCED_FACE('',(#2599),#2755,.T.);
#2888=ADVANCED_FACE('',(#2600),#2756,.T.);
#2889=ADVANCED_FACE('',(#2601),#2757,.T.);
#2890=ADVANCED_FACE('',(#2602),#2758,.T.);
#2891=ADVANCED_FACE('',(#2603),#2759,.T.);
#2892=ADVANCED_FACE('',(#2604),#2760,.T.);
#2893=ADVANCED_FACE('',(#2605),#2761,.T.);
#2894=ADVANCED_FACE('',(#2606),#2762,.T.);
#2895=ADVANCED_FACE('',(#2607),#2763,.T.);
#2896=ADVANCED_FACE('',(#2608),#2764,.T.);
#2897=ADVANCED_FACE('',(#2609),#2765,.F.);
#2898=ADVANCED_FACE('',(#2610),#2766,.F.);
#2899=ADVANCED_FACE('',(#2611),#2767,.F.);
#2900=ADVANCED_FACE('',(#2612),#2768,.F.);
#2901=ADVANCED_FACE('',(#2613),#2769,.F.);
#2902=ADVANCED_FACE('',(#2614),#2770,.F.);
#2903=ADVANCED_FACE('',(#2615),#2771,.F.);
#2904=ADVANCED_FACE('',(#2616),#2772,.F.);
#2905=ADVANCED_FACE('',(#2617),#2773,.F.);
#2906=ADVANCED_FACE('',(#2618),#2774,.F.);
#2907=ADVANCED_FACE('',(#2619),#18,.T.);
#2908=ADVANCED_FACE('',(#2620),#19,.T.);
#2909=ADVANCED_FACE('',(#2621),#20,.T.);
#2910=ADVANCED_FACE('',(#2622),#21,.T.);
#2911=ADVANCED_FACE('',(#2623),#22,.F.);
#2912=ADVANCED_FACE('',(#2624),#23,.F.);
#2913=ADVANCED_FACE('',(#2625),#24,.F.);
#2914=ADVANCED_FACE('',(#2626),#25,.F.);
#2915=ADVANCED_FACE('',(#2627),#2775,.F.);
#2916=ADVANCED_FACE('',(#2628),#2776,.F.);
#2917=ADVANCED_FACE('',(#2629),#2777,.F.);
#2918=ADVANCED_FACE('',(#2630),#2778,.F.);
#2919=ADVANCED_FACE('',(#2631),#2779,.F.);
#2920=ADVANCED_FACE('',(#2632),#2780,.F.);
#2921=ADVANCED_FACE('',(#2633),#2781,.F.);
#2922=ADVANCED_FACE('',(#2634),#2782,.F.);
#2923=ADVANCED_FACE('',(#2635),#26,.T.);
#2924=ADVANCED_FACE('',(#2636),#27,.T.);
#2925=ADVANCED_FACE('',(#2637),#28,.T.);
#2926=ADVANCED_FACE('',(#2638),#29,.T.);
#2927=ADVANCED_FACE('',(#2639),#30,.F.);
#2928=ADVANCED_FACE('',(#2640),#31,.F.);
#2929=ADVANCED_FACE('',(#2641),#32,.F.);
#2930=ADVANCED_FACE('',(#2642),#33,.F.);
#2931=ADVANCED_FACE('',(#2643,#2644,#2645,#2646,#2647,#2648,#2649,#2650,
#2651),#2783,.F.);
#2932=ADVANCED_FACE('',(#2652),#2784,.F.);
#2933=ADVANCED_FACE('',(#2653),#2785,.F.);
#2934=ADVANCED_FACE('',(#2654),#2786,.T.);
#2935=ADVANCED_FACE('',(#2655),#2787,.T.);
#2936=ADVANCED_FACE('',(#2656),#2788,.T.);
#2937=ADVANCED_FACE('',(#2657),#2789,.T.);
#2938=ADVANCED_FACE('',(#2658),#2790,.T.);
#2939=ADVANCED_FACE('',(#2659),#2791,.T.);
#2940=ADVANCED_FACE('',(#2660),#2792,.T.);
#2941=ADVANCED_FACE('',(#2661),#2793,.T.);
#2942=ADVANCED_FACE('',(#2662),#2794,.T.);
#2943=ADVANCED_FACE('',(#2663),#2795,.T.);
#2944=ADVANCED_FACE('',(#2664),#2796,.T.);
#2945=ADVANCED_FACE('',(#2665),#2797,.T.);
#2946=ADVANCED_FACE('',(#2666),#2798,.T.);
#2947=ADVANCED_FACE('',(#2667),#2799,.T.);
#2948=ADVANCED_FACE('',(#2668),#2800,.T.);
#2949=ADVANCED_FACE('',(#2669),#2801,.T.);
#2950=ADVANCED_FACE('',(#2670),#2802,.T.);
#2951=CLOSED_SHELL('',(#2803,#2804,#2805,#2806,#2807,#2808,#2809,#2810,
#2811,#2812,#2813,#2814,#2815,#2816,#2817,#2818,#2819,#2820,#2821,#2822,
#2823,#2824,#2825,#2826,#2827,#2828,#2829,#2830,#2831,#2832,#2833,#2834,
#2835,#2836,#2837,#2838,#2839,#2840,#2841,#2842,#2843,#2844,#2845,#2846,
#2847,#2848,#2849,#2850,#2851,#2852,#2853,#2854,#2855,#2856));
#2952=CLOSED_SHELL('',(#2857,#2858,#2859,#2860,#2861,#2862,#2863,#2864,
#2865,#2866,#2867,#2868,#2869,#2870,#2871,#2872,#2873,#2874,#2875,#2876,
#2877,#2878,#2879,#2880,#2881,#2882,#2883,#2884,#2885,#2886,#2887,#2888,
#2889,#2890,#2891,#2892,#2893,#2894,#2895,#2896,#2897,#2898,#2899,#2900,
#2901,#2902,#2903,#2904,#2905,#2906,#2907,#2908,#2909,#2910,#2911,#2912,
#2913,#2914,#2915,#2916,#2917,#2918,#2919,#2920,#2921,#2922,#2923,#2924,
#2925,#2926,#2927,#2928,#2929,#2930,#2931,#2932,#2933,#2934,#2935,#2936,
#2937,#2938,#2939,#2940,#2941,#2942,#2943,#2944,#2945,#2946,#2947,#2948,
#2949,#2950));
#2953=STYLED_ITEM('',(#2955),#2968);
#2954=STYLED_ITEM('',(#2956),#2969);
#2955=PRESENTATION_STYLE_ASSIGNMENT((#2957));
#2956=PRESENTATION_STYLE_ASSIGNMENT((#2958));
#2957=SURFACE_STYLE_USAGE(.BOTH.,#2959);
#2958=SURFACE_STYLE_USAGE(.BOTH.,#2960);
#2959=SURFACE_SIDE_STYLE('',(#2961));
#2960=SURFACE_SIDE_STYLE('',(#2962));
#2961=SURFACE_STYLE_FILL_AREA(#2963);
#2962=SURFACE_STYLE_FILL_AREA(#2964);
#2963=FILL_AREA_STYLE('',(#2965));
#2964=FILL_AREA_STYLE('',(#2966));
#2965=FILL_AREA_STYLE_COLOUR('',#2967);
#2966=FILL_AREA_STYLE_COLOUR('',#66);
#2967=COLOUR_RGB('',0.689999997615814,0.689999997615814,0.689999997615814);
#2968=MANIFOLD_SOLID_BREP('T1SSW-104-02-G-D-RA',#2951);
#2969=MANIFOLD_SOLID_BREP('P2SSW-104-02-G-D-RA',#2952);
#2970=SHAPE_DEFINITION_REPRESENTATION(#4745,#2973);
#2971=SHAPE_DEFINITION_REPRESENTATION(#4746,#2974);
#2972=SHAPE_DEFINITION_REPRESENTATION(#4748,#2975);
#2973=SHAPE_REPRESENTATION('SSW-104-02-G-D-RA',(#2976,#3031,#3158),#4733);
#2974=SHAPE_REPRESENTATION('T1SSW-104-02-G-D-RA',(#2976),#4734);
#2975=SHAPE_REPRESENTATION('P2SSW-104-02-G-D-RA',(#2976),#4735);
#2976=AXIS2_PLACEMENT_3D('',#3901,#3159,#3160);
#2977=AXIS2_PLACEMENT_3D('',#3902,#3161,#3162);
#2978=AXIS2_PLACEMENT_3D('',#3943,#3183,#3184);
#2979=AXIS2_PLACEMENT_3D('',#3984,#3205,#3206);
#2980=AXIS2_PLACEMENT_3D('',#3993,#3211,#3212);
#2981=AXIS2_PLACEMENT_3D('',#3999,#3216,#3217);
#2982=AXIS2_PLACEMENT_3D('',#4005,#3221,#3222);
#2983=AXIS2_PLACEMENT_3D('',#4014,#3227,#3228);
#2984=AXIS2_PLACEMENT_3D('',#4020,#3232,#3233);
#2985=AXIS2_PLACEMENT_3D('',#4026,#3237,#3238);
#2986=AXIS2_PLACEMENT_3D('',#4035,#3243,#3244);
#2987=AXIS2_PLACEMENT_3D('',#4041,#3248,#3249);
#2988=AXIS2_PLACEMENT_3D('',#4047,#3253,#3254);
#2989=AXIS2_PLACEMENT_3D('',#4056,#3259,#3260);
#2990=AXIS2_PLACEMENT_3D('',#4062,#3264,#3265);
#2991=AXIS2_PLACEMENT_3D('',#4068,#3269,#3270);
#2992=AXIS2_PLACEMENT_3D('',#4077,#3275,#3276);
#2993=AXIS2_PLACEMENT_3D('',#4083,#3280,#3281);
#2994=AXIS2_PLACEMENT_3D('',#4089,#3285,#3286);
#2995=AXIS2_PLACEMENT_3D('',#4098,#3291,#3292);
#2996=AXIS2_PLACEMENT_3D('',#4104,#3296,#3297);
#2997=AXIS2_PLACEMENT_3D('',#4110,#3301,#3302);
#2998=AXIS2_PLACEMENT_3D('',#4119,#3307,#3308);
#2999=AXIS2_PLACEMENT_3D('',#4125,#3312,#3313);
#3000=AXIS2_PLACEMENT_3D('',#4131,#3317,#3318);
#3001=AXIS2_PLACEMENT_3D('',#4140,#3323,#3324);
#3002=AXIS2_PLACEMENT_3D('',#4146,#3328,#3329);
#3003=AXIS2_PLACEMENT_3D('',#4152,#3333,#3334);
#3004=AXIS2_PLACEMENT_3D('',#4155,#3337,#3338);
#3005=AXIS2_PLACEMENT_3D('',#4158,#3341,#3342);
#3006=AXIS2_PLACEMENT_3D('',#4161,#3345,#3346);
#3007=AXIS2_PLACEMENT_3D('',#4164,#3349,#3350);
#3008=AXIS2_PLACEMENT_3D('',#4167,#3353,#3354);
#3009=AXIS2_PLACEMENT_3D('',#4170,#3357,#3358);
#3010=AXIS2_PLACEMENT_3D('',#4173,#3361,#3362);
#3011=AXIS2_PLACEMENT_3D('',#4176,#3365,#3366);
#3012=AXIS2_PLACEMENT_3D('',#4179,#3369,#3370);
#3013=AXIS2_PLACEMENT_3D('',#4182,#3373,#3374);
#3014=AXIS2_PLACEMENT_3D('',#4185,#3377,#3378);
#3015=AXIS2_PLACEMENT_3D('',#4188,#3381,#3382);
#3016=AXIS2_PLACEMENT_3D('',#4191,#3385,#3386);
#3017=AXIS2_PLACEMENT_3D('',#4193,#3388,#3389);
#3018=AXIS2_PLACEMENT_3D('',#4195,#3391,#3392);
#3019=AXIS2_PLACEMENT_3D('',#4196,#3393,#3394);
#3020=AXIS2_PLACEMENT_3D('',#4198,#3396,#3397);
#3021=AXIS2_PLACEMENT_3D('',#4200,#3399,#3400);
#3022=AXIS2_PLACEMENT_3D('',#4201,#3401,#3402);
#3023=AXIS2_PLACEMENT_3D('',#4203,#3404,#3405);
#3024=AXIS2_PLACEMENT_3D('',#4205,#3407,#3408);
#3025=AXIS2_PLACEMENT_3D('',#4206,#3409,#3410);
#3026=AXIS2_PLACEMENT_3D('',#4208,#3412,#3413);
#3027=AXIS2_PLACEMENT_3D('',#4210,#3415,#3416);
#3028=AXIS2_PLACEMENT_3D('',#4211,#3417,#3418);
#3029=AXIS2_PLACEMENT_3D('',#4214,#3421,#3422);
#3030=AXIS2_PLACEMENT_3D('',#4215,#3423,#3424);
#3031=AXIS2_PLACEMENT_3D('',#4216,#3425,#3426);
#3032=AXIS2_PLACEMENT_3D('',#4217,#3427,#3428);
#3033=AXIS2_PLACEMENT_3D('',#4230,#3435,#3436);
#3034=AXIS2_PLACEMENT_3D('',#4243,#3443,#3444);
#3035=AXIS2_PLACEMENT_3D('',#4256,#3451,#3452);
#3036=AXIS2_PLACEMENT_3D('',#4269,#3459,#3460);
#3037=AXIS2_PLACEMENT_3D('',#4275,#3464,#3465);
#3038=AXIS2_PLACEMENT_3D('',#4281,#3469,#3470);
#3039=AXIS2_PLACEMENT_3D('',#4287,#3474,#3475);
#3040=AXIS2_PLACEMENT_3D('',#4293,#3479,#3480);
#3041=AXIS2_PLACEMENT_3D('',#4303,#3486,#3487);
#3042=AXIS2_PLACEMENT_3D('',#4313,#3493,#3494);
#3043=AXIS2_PLACEMENT_3D('',#4323,#3500,#3501);
#3044=AXIS2_PLACEMENT_3D('',#4333,#3507,#3508);
#3045=AXIS2_PLACEMENT_3D('',#4346,#3515,#3516);
#3046=AXIS2_PLACEMENT_3D('',#4359,#3523,#3524);
#3047=AXIS2_PLACEMENT_3D('',#4372,#3531,#3532);
#3048=AXIS2_PLACEMENT_3D('',#4385,#3539,#3540);
#3049=AXIS2_PLACEMENT_3D('',#4391,#3544,#3545);
#3050=AXIS2_PLACEMENT_3D('',#4397,#3549,#3550);
#3051=AXIS2_PLACEMENT_3D('',#4403,#3554,#3555);
#3052=AXIS2_PLACEMENT_3D('',#4409,#3559,#3560);
#3053=AXIS2_PLACEMENT_3D('',#4419,#3566,#3567);
#3054=AXIS2_PLACEMENT_3D('',#4429,#3573,#3574);
#3055=AXIS2_PLACEMENT_3D('',#4439,#3580,#3581);
#3056=AXIS2_PLACEMENT_3D('',#4449,#3587,#3588);
#3057=AXIS2_PLACEMENT_3D('',#4451,#3590,#3591);
#3058=AXIS2_PLACEMENT_3D('',#4459,#3595,#3596);
#3059=AXIS2_PLACEMENT_3D('',#4460,#3597,#3598);
#3060=AXIS2_PLACEMENT_3D('',#4462,#3600,#3601);
#3061=AXIS2_PLACEMENT_3D('',#4470,#3605,#3606);
#3062=AXIS2_PLACEMENT_3D('',#4471,#3607,#3608);
#3063=AXIS2_PLACEMENT_3D('',#4473,#3610,#3611);
#3064=AXIS2_PLACEMENT_3D('',#4481,#3615,#3616);
#3065=AXIS2_PLACEMENT_3D('',#4482,#3617,#3618);
#3066=AXIS2_PLACEMENT_3D('',#4484,#3620,#3621);
#3067=AXIS2_PLACEMENT_3D('',#4492,#3625,#3626);
#3068=AXIS2_PLACEMENT_3D('',#4493,#3627,#3628);
#3069=AXIS2_PLACEMENT_3D('',#4495,#3630,#3631);
#3070=AXIS2_PLACEMENT_3D('',#4503,#3635,#3636);
#3071=AXIS2_PLACEMENT_3D('',#4504,#3637,#3638);
#3072=AXIS2_PLACEMENT_3D('',#4506,#3640,#3641);
#3073=AXIS2_PLACEMENT_3D('',#4514,#3645,#3646);
#3074=AXIS2_PLACEMENT_3D('',#4515,#3647,#3648);
#3075=AXIS2_PLACEMENT_3D('',#4517,#3650,#3651);
#3076=AXIS2_PLACEMENT_3D('',#4525,#3655,#3656);
#3077=AXIS2_PLACEMENT_3D('',#4526,#3657,#3658);
#3078=AXIS2_PLACEMENT_3D('',#4528,#3660,#3661);
#3079=AXIS2_PLACEMENT_3D('',#4536,#3665,#3666);
#3080=AXIS2_PLACEMENT_3D('',#4537,#3667,#3668);
#3081=AXIS2_PLACEMENT_3D('',#4539,#3670,#3671);
#3082=AXIS2_PLACEMENT_3D('',#4547,#3675,#3676);
#3083=AXIS2_PLACEMENT_3D('',#4548,#3677,#3678);
#3084=AXIS2_PLACEMENT_3D('',#4550,#3680,#3681);
#3085=AXIS2_PLACEMENT_3D('',#4558,#3685,#3686);
#3086=AXIS2_PLACEMENT_3D('',#4559,#3687,#3688);
#3087=AXIS2_PLACEMENT_3D('',#4561,#3690,#3691);
#3088=AXIS2_PLACEMENT_3D('',#4569,#3695,#3696);
#3089=AXIS2_PLACEMENT_3D('',#4570,#3697,#3698);
#3090=AXIS2_PLACEMENT_3D('',#4572,#3700,#3701);
#3091=AXIS2_PLACEMENT_3D('',#4580,#3705,#3706);
#3092=AXIS2_PLACEMENT_3D('',#4581,#3707,#3708);
#3093=AXIS2_PLACEMENT_3D('',#4583,#3710,#3711);
#3094=AXIS2_PLACEMENT_3D('',#4591,#3715,#3716);
#3095=AXIS2_PLACEMENT_3D('',#4592,#3717,#3718);
#3096=AXIS2_PLACEMENT_3D('',#4594,#3720,#3721);
#3097=AXIS2_PLACEMENT_3D('',#4602,#3725,#3726);
#3098=AXIS2_PLACEMENT_3D('',#4603,#3727,#3728);
#3099=AXIS2_PLACEMENT_3D('',#4605,#3730,#3731);
#3100=AXIS2_PLACEMENT_3D('',#4613,#3735,#3736);
#3101=AXIS2_PLACEMENT_3D('',#4614,#3737,#3738);
#3102=AXIS2_PLACEMENT_3D('',#4616,#3740,#3741);
#3103=AXIS2_PLACEMENT_3D('',#4624,#3745,#3746);
#3104=AXIS2_PLACEMENT_3D('',#4625,#3747,#3748);
#3105=AXIS2_PLACEMENT_3D('',#4634,#3753,#3754);
#3106=AXIS2_PLACEMENT_3D('',#4643,#3759,#3760);
#3107=AXIS2_PLACEMENT_3D('',#4646,#3763,#3764);
#3108=AXIS2_PLACEMENT_3D('',#4649,#3767,#3768);
#3109=AXIS2_PLACEMENT_3D('',#4652,#3771,#3772);
#3110=AXIS2_PLACEMENT_3D('',#4655,#3775,#3776);
#3111=AXIS2_PLACEMENT_3D('',#4658,#3779,#3780);
#3112=AXIS2_PLACEMENT_3D('',#4661,#3783,#3784);
#3113=AXIS2_PLACEMENT_3D('',#4664,#3787,#3788);
#3114=AXIS2_PLACEMENT_3D('',#4667,#3791,#3792);
#3115=AXIS2_PLACEMENT_3D('',#4668,#3793,#3794);
#3116=AXIS2_PLACEMENT_3D('',#4669,#3795,#3796);
#3117=AXIS2_PLACEMENT_3D('',#4670,#3797,#3798);
#3118=AXIS2_PLACEMENT_3D('',#4671,#3799,#3800);
#3119=AXIS2_PLACEMENT_3D('',#4672,#3801,#3802);
#3120=AXIS2_PLACEMENT_3D('',#4673,#3803,#3804);
#3121=AXIS2_PLACEMENT_3D('',#4674,#3805,#3806);
#3122=AXIS2_PLACEMENT_3D('',#4675,#3807,#3808);
#3123=AXIS2_PLACEMENT_3D('',#4678,#3811,#3812);
#3124=AXIS2_PLACEMENT_3D('',#4681,#3815,#3816);
#3125=AXIS2_PLACEMENT_3D('',#4684,#3819,#3820);
#3126=AXIS2_PLACEMENT_3D('',#4687,#3823,#3824);
#3127=AXIS2_PLACEMENT_3D('',#4690,#3827,#3828);
#3128=AXIS2_PLACEMENT_3D('',#4693,#3831,#3832);
#3129=AXIS2_PLACEMENT_3D('',#4696,#3835,#3836);
#3130=AXIS2_PLACEMENT_3D('',#4699,#3839,#3840);
#3131=AXIS2_PLACEMENT_3D('',#4700,#3841,#3842);
#3132=AXIS2_PLACEMENT_3D('',#4701,#3843,#3844);
#3133=AXIS2_PLACEMENT_3D('',#4702,#3845,#3846);
#3134=AXIS2_PLACEMENT_3D('',#4703,#3847,#3848);
#3135=AXIS2_PLACEMENT_3D('',#4704,#3849,#3850);
#3136=AXIS2_PLACEMENT_3D('',#4705,#3851,#3852);
#3137=AXIS2_PLACEMENT_3D('',#4706,#3853,#3854);
#3138=AXIS2_PLACEMENT_3D('',#4707,#3855,#3856);
#3139=AXIS2_PLACEMENT_3D('',#4710,#3859,#3860);
#3140=AXIS2_PLACEMENT_3D('',#4712,#3862,#3863);
#3141=AXIS2_PLACEMENT_3D('',#4714,#3865,#3866);
#3142=AXIS2_PLACEMENT_3D('',#4715,#3867,#3868);
#3143=AXIS2_PLACEMENT_3D('',#4716,#3869,#3870);
#3144=AXIS2_PLACEMENT_3D('',#4717,#3871,#3872);
#3145=AXIS2_PLACEMENT_3D('',#4718,#3873,#3874);
#3146=AXIS2_PLACEMENT_3D('',#4719,#3875,#3876);
#3147=AXIS2_PLACEMENT_3D('',#4720,#3877,#3878);
#3148=AXIS2_PLACEMENT_3D('',#4721,#3879,#3880);
#3149=AXIS2_PLACEMENT_3D('',#4722,#3881,#3882);
#3150=AXIS2_PLACEMENT_3D('',#4723,#3883,#3884);
#3151=AXIS2_PLACEMENT_3D('',#4724,#3885,#3886);
#3152=AXIS2_PLACEMENT_3D('',#4725,#3887,#3888);
#3153=AXIS2_PLACEMENT_3D('',#4726,#3889,#3890);
#3154=AXIS2_PLACEMENT_3D('',#4727,#3891,#3892);
#3155=AXIS2_PLACEMENT_3D('',#4728,#3893,#3894);
#3156=AXIS2_PLACEMENT_3D('',#4729,#3895,#3896);
#3157=AXIS2_PLACEMENT_3D('',#4730,#3897,#3898);
#3158=AXIS2_PLACEMENT_3D('',#4731,#3899,#3900);
#3159=DIRECTION('',(0.,0.,1.));
#3160=DIRECTION('',(1.,0.,0.));
#3161=DIRECTION('',(0.,0.,1.));
#3162=DIRECTION('',(1.,0.,0.));
#3163=DIRECTION('',(0.,-1.,0.));
#3164=DIRECTION('',(1.,5.33564061262551E-17,0.));
#3165=DIRECTION('',(0.,1.,0.));
#3166=DIRECTION('',(-1.,0.,0.));
#3167=DIRECTION('',(0.,-1.,0.));
#3168=DIRECTION('',(1.,5.33564061262551E-17,0.));
#3169=DIRECTION('',(0.,1.,0.));
#3170=DIRECTION('',(-1.,0.,0.));
#3171=DIRECTION('',(0.,-1.,0.));
#3172=DIRECTION('',(1.,5.33564061262551E-17,0.));
#3173=DIRECTION('',(0.,1.,0.));
#3174=DIRECTION('',(-1.,0.,0.));
#3175=DIRECTION('',(0.,-1.,0.));
#3176=DIRECTION('',(1.,5.33564061262552E-17,0.));
#3177=DIRECTION('',(0.,1.,0.));
#3178=DIRECTION('',(-1.,0.,0.));
#3179=DIRECTION('',(0.,-1.,0.));
#3180=DIRECTION('',(-1.,0.,0.));
#3181=DIRECTION('',(0.,-1.,0.));
#3182=DIRECTION('',(-1.,0.,0.));
#3183=DIRECTION('',(0.,0.,-1.));
#3184=DIRECTION('',(-1.,0.,0.));
#3185=DIRECTION('',(0.,1.,0.));
#3186=DIRECTION('',(1.,0.,0.));
#3187=DIRECTION('',(0.,-1.,0.));
#3188=DIRECTION('',(1.,0.,0.));
#3189=DIRECTION('',(0.,-1.,0.));
#3190=DIRECTION('',(1.,0.,0.));
#3191=DIRECTION('',(0.,-1.,0.));
#3192=DIRECTION('',(-1.,-5.33564061262552E-17,0.));
#3193=DIRECTION('',(0.,1.,0.));
#3194=DIRECTION('',(1.,0.,0.));
#3195=DIRECTION('',(0.,-1.,0.));
#3196=DIRECTION('',(-1.,-5.33564061262551E-17,0.));
#3197=DIRECTION('',(0.,1.,0.));
#3198=DIRECTION('',(1.,0.,0.));
#3199=DIRECTION('',(0.,-1.,0.));
#3200=DIRECTION('',(-1.,-5.33564061262551E-17,0.));
#3201=DIRECTION('',(0.,1.,0.));
#3202=DIRECTION('',(1.,0.,0.));
#3203=DIRECTION('',(0.,-1.,0.));
#3204=DIRECTION('',(-1.,-5.33564061262551E-17,0.));
#3205=DIRECTION('',(0.,0.,1.));
#3206=DIRECTION('',(1.,0.,0.));
#3207=DIRECTION('',(0.,-1.,0.));
#3208=DIRECTION('',(1.,5.33564061262551E-17,0.));
#3209=DIRECTION('',(0.,-1.,0.));
#3210=DIRECTION('',(-1.,0.,0.));
#3211=DIRECTION('',(-1.,0.,0.));
#3212=DIRECTION('',(0.,0.,1.));
#3213=DIRECTION('',(0.,0.,1.));
#3214=DIRECTION('',(0.,-1.,0.));
#3215=DIRECTION('',(0.,0.,-1.));
#3216=DIRECTION('',(0.,0.,-1.));
#3217=DIRECTION('',(-1.,0.,0.));
#3218=DIRECTION('',(-1.,-5.33564061262551E-17,0.));
#3219=DIRECTION('',(0.,-1.,0.));
#3220=DIRECTION('',(1.,0.,0.));
#3221=DIRECTION('',(0.,0.,1.));
#3222=DIRECTION('',(1.,0.,0.));
#3223=DIRECTION('',(0.,-1.,0.));
#3224=DIRECTION('',(1.,5.33564061262551E-17,0.));
#3225=DIRECTION('',(0.,-1.,0.));
#3226=DIRECTION('',(-1.,0.,0.));
#3227=DIRECTION('',(-1.,0.,0.));
#3228=DIRECTION('',(0.,0.,1.));
#3229=DIRECTION('',(0.,0.,1.));
#3230=DIRECTION('',(0.,-1.,0.));
#3231=DIRECTION('',(0.,0.,-1.));
#3232=DIRECTION('',(0.,0.,-1.));
#3233=DIRECTION('',(-1.,0.,0.));
#3234=DIRECTION('',(-1.,-5.33564061262551E-17,0.));
#3235=DIRECTION('',(0.,-1.,0.));
#3236=DIRECTION('',(1.,0.,0.));
#3237=DIRECTION('',(0.,0.,1.));
#3238=DIRECTION('',(1.,0.,0.));
#3239=DIRECTION('',(0.,-1.,0.));
#3240=DIRECTION('',(1.,5.33564061262551E-17,0.));
#3241=DIRECTION('',(0.,-1.,0.));
#3242=DIRECTION('',(-1.,0.,0.));
#3243=DIRECTION('',(-1.,0.,0.));
#3244=DIRECTION('',(0.,0.,1.));
#3245=DIRECTION('',(0.,0.,1.));
#3246=DIRECTION('',(0.,-1.,0.));
#3247=DIRECTION('',(0.,0.,-1.));
#3248=DIRECTION('',(0.,0.,-1.));
#3249=DIRECTION('',(-1.,0.,0.));
#3250=DIRECTION('',(-1.,-5.33564061262551E-17,0.));
#3251=DIRECTION('',(0.,-1.,0.));
#3252=DIRECTION('',(1.,0.,0.));
#3253=DIRECTION('',(0.,0.,1.));
#3254=DIRECTION('',(1.,0.,0.));
#3255=DIRECTION('',(0.,-1.,0.));
#3256=DIRECTION('',(1.,5.33564061262551E-17,0.));
#3257=DIRECTION('',(0.,-1.,0.));
#3258=DIRECTION('',(-1.,0.,0.));
#3259=DIRECTION('',(-1.,0.,0.));
#3260=DIRECTION('',(0.,0.,1.));
#3261=DIRECTION('',(0.,0.,1.));
#3262=DIRECTION('',(0.,-1.,0.));
#3263=DIRECTION('',(0.,0.,-1.));
#3264=DIRECTION('',(0.,0.,-1.));
#3265=DIRECTION('',(-1.,0.,0.));
#3266=DIRECTION('',(-1.,-5.33564061262551E-17,0.));
#3267=DIRECTION('',(0.,-1.,0.));
#3268=DIRECTION('',(1.,0.,0.));
#3269=DIRECTION('',(0.,0.,1.));
#3270=DIRECTION('',(1.,0.,0.));
#3271=DIRECTION('',(0.,-1.,0.));
#3272=DIRECTION('',(1.,5.33564061262551E-17,0.));
#3273=DIRECTION('',(0.,-1.,0.));
#3274=DIRECTION('',(-1.,0.,0.));
#3275=DIRECTION('',(-1.,0.,0.));
#3276=DIRECTION('',(0.,0.,1.));
#3277=DIRECTION('',(0.,0.,1.));
#3278=DIRECTION('',(0.,-1.,0.));
#3279=DIRECTION('',(0.,0.,-1.));
#3280=DIRECTION('',(0.,0.,-1.));
#3281=DIRECTION('',(-1.,0.,0.));
#3282=DIRECTION('',(-1.,-5.33564061262551E-17,0.));
#3283=DIRECTION('',(0.,-1.,0.));
#3284=DIRECTION('',(1.,0.,0.));
#3285=DIRECTION('',(0.,0.,1.));
#3286=DIRECTION('',(1.,0.,0.));
#3287=DIRECTION('',(0.,-1.,0.));
#3288=DIRECTION('',(1.,5.33564061262551E-17,0.));
#3289=DIRECTION('',(0.,-1.,0.));
#3290=DIRECTION('',(-1.,0.,0.));
#3291=DIRECTION('',(-1.,0.,0.));
#3292=DIRECTION('',(0.,0.,1.));
#3293=DIRECTION('',(0.,0.,1.));
#3294=DIRECTION('',(0.,-1.,0.));
#3295=DIRECTION('',(0.,0.,-1.));
#3296=DIRECTION('',(0.,0.,-1.));
#3297=DIRECTION('',(-1.,0.,0.));
#3298=DIRECTION('',(-1.,-5.33564061262551E-17,0.));
#3299=DIRECTION('',(0.,-1.,0.));
#3300=DIRECTION('',(1.,0.,0.));
#3301=DIRECTION('',(0.,0.,1.));
#3302=DIRECTION('',(1.,0.,0.));
#3303=DIRECTION('',(0.,-1.,0.));
#3304=DIRECTION('',(1.,5.33564061262552E-17,0.));
#3305=DIRECTION('',(0.,-1.,0.));
#3306=DIRECTION('',(-1.,0.,0.));
#3307=DIRECTION('',(-1.,0.,0.));
#3308=DIRECTION('',(0.,0.,1.));
#3309=DIRECTION('',(0.,0.,1.));
#3310=DIRECTION('',(0.,-1.,0.));
#3311=DIRECTION('',(0.,0.,-1.));
#3312=DIRECTION('',(0.,0.,-1.));
#3313=DIRECTION('',(-1.,0.,0.));
#3314=DIRECTION('',(-1.,-5.33564061262552E-17,0.));
#3315=DIRECTION('',(0.,-1.,0.));
#3316=DIRECTION('',(1.,0.,0.));
#3317=DIRECTION('',(0.,0.,1.));
#3318=DIRECTION('',(1.,0.,0.));
#3319=DIRECTION('',(0.,-1.,0.));
#3320=DIRECTION('',(1.,5.33564061262552E-17,0.));
#3321=DIRECTION('',(0.,-1.,0.));
#3322=DIRECTION('',(-1.,0.,0.));
#3323=DIRECTION('',(-1.,0.,0.));
#3324=DIRECTION('',(0.,0.,1.));
#3325=DIRECTION('',(0.,0.,1.));
#3326=DIRECTION('',(0.,-1.,0.));
#3327=DIRECTION('',(0.,0.,-1.));
#3328=DIRECTION('',(0.,0.,-1.));
#3329=DIRECTION('',(-1.,0.,0.));
#3330=DIRECTION('',(-1.,-5.33564061262552E-17,0.));
#3331=DIRECTION('',(0.,-1.,0.));
#3332=DIRECTION('',(1.,0.,0.));
#3333=DIRECTION('',(1.,0.,0.));
#3334=DIRECTION('',(0.,0.,-1.));
#3335=DIRECTION('',(0.,0.,-1.));
#3336=DIRECTION('',(0.,0.,1.));
#3337=DIRECTION('',(1.,0.,0.));
#3338=DIRECTION('',(0.,0.,-1.));
#3339=DIRECTION('',(0.,0.,-1.));
#3340=DIRECTION('',(0.,0.,1.));
#3341=DIRECTION('',(1.,0.,0.));
#3342=DIRECTION('',(0.,0.,-1.));
#3343=DIRECTION('',(0.,0.,-1.));
#3344=DIRECTION('',(0.,0.,1.));
#3345=DIRECTION('',(1.,0.,0.));
#3346=DIRECTION('',(0.,0.,-1.));
#3347=DIRECTION('',(0.,0.,-1.));
#3348=DIRECTION('',(0.,0.,1.));
#3349=DIRECTION('',(1.,0.,0.));
#3350=DIRECTION('',(0.,0.,-1.));
#3351=DIRECTION('',(0.,0.,-1.));
#3352=DIRECTION('',(0.,0.,1.));
#3353=DIRECTION('',(1.,0.,0.));
#3354=DIRECTION('',(0.,0.,-1.));
#3355=DIRECTION('',(0.,0.,-1.));
#3356=DIRECTION('',(0.,0.,1.));
#3357=DIRECTION('',(1.,0.,0.));
#3358=DIRECTION('',(0.,0.,-1.));
#3359=DIRECTION('',(0.,0.,-1.));
#3360=DIRECTION('',(0.,0.,1.));
#3361=DIRECTION('',(1.,0.,0.));
#3362=DIRECTION('',(0.,0.,-1.));
#3363=DIRECTION('',(0.,0.,-1.));
#3364=DIRECTION('',(0.,0.,1.));
#3365=DIRECTION('',(0.,1.,0.));
#3366=DIRECTION('',(0.,0.,1.));
#3367=DIRECTION('',(0.,0.,-1.));
#3368=DIRECTION('',(0.,0.,1.));
#3369=DIRECTION('',(0.,1.,0.));
#3370=DIRECTION('',(0.,0.,1.));
#3371=DIRECTION('',(0.,0.,1.));
#3372=DIRECTION('',(0.,0.,-1.));
#3373=DIRECTION('',(0.,1.,0.));
#3374=DIRECTION('',(0.,0.,1.));
#3375=DIRECTION('',(0.,0.,-1.));
#3376=DIRECTION('',(0.,0.,1.));
#3377=DIRECTION('',(0.,1.,0.));
#3378=DIRECTION('',(0.,0.,1.));
#3379=DIRECTION('',(0.,0.,-1.));
#3380=DIRECTION('',(0.,0.,1.));
#3381=DIRECTION('',(0.,1.,0.));
#3382=DIRECTION('',(0.,0.,1.));
#3383=DIRECTION('',(0.,0.,-1.));
#3384=DIRECTION('',(0.,0.,1.));
#3385=DIRECTION('',(1.,0.,0.));
#3386=DIRECTION('',(0.,0.,-1.));
#3387=DIRECTION('',(0.,0.,1.));
#3388=DIRECTION('',(-1.,0.,0.));
#3389=DIRECTION('',(0.,0.,1.));
#3390=DIRECTION('',(0.,0.,-1.));
#3391=DIRECTION('',(0.,1.,0.));
#3392=DIRECTION('',(0.,0.,1.));
#3393=DIRECTION('',(-1.,0.,0.));
#3394=DIRECTION('',(0.,0.,1.));
#3395=DIRECTION('',(0.,0.,-1.));
#3396=DIRECTION('',(1.,0.,0.));
#3397=DIRECTION('',(0.,0.,-1.));
#3398=DIRECTION('',(0.,0.,-1.));
#3399=DIRECTION('',(5.33564061262552E-17,-1.,0.));
#3400=DIRECTION('',(1.,5.33564061262552E-17,0.));
#3401=DIRECTION('',(-1.,0.,0.));
#3402=DIRECTION('',(0.,0.,1.));
#3403=DIRECTION('',(0.,0.,-1.));
#3404=DIRECTION('',(1.,0.,0.));
#3405=DIRECTION('',(0.,0.,-1.));
#3406=DIRECTION('',(0.,0.,-1.));
#3407=DIRECTION('',(5.33564061262551E-17,-1.,0.));
#3408=DIRECTION('',(1.,5.33564061262551E-17,0.));
#3409=DIRECTION('',(-1.,0.,0.));
#3410=DIRECTION('',(0.,0.,1.));
#3411=DIRECTION('',(0.,0.,-1.));
#3412=DIRECTION('',(1.,0.,0.));
#3413=DIRECTION('',(0.,0.,-1.));
#3414=DIRECTION('',(0.,0.,-1.));
#3415=DIRECTION('',(5.33564061262551E-17,-1.,0.));
#3416=DIRECTION('',(1.,5.33564061262551E-17,0.));
#3417=DIRECTION('',(5.33564061262551E-17,-1.,0.));
#3418=DIRECTION('',(1.,5.33564061262551E-17,0.));
#3419=DIRECTION('',(0.,0.,-1.));
#3420=DIRECTION('',(0.,0.,-1.));
#3421=DIRECTION('',(-1.,0.,0.));
#3422=DIRECTION('',(0.,0.,1.));
#3423=DIRECTION('',(1.,0.,0.));
#3424=DIRECTION('',(0.,0.,-1.));
#3425=DIRECTION('',(0.,0.,1.));
#3426=DIRECTION('',(1.,0.,0.));
#3427=DIRECTION('',(0.,-1.,0.));
#3428=DIRECTION('',(0.,0.,-1.));
#3429=DIRECTION('',(-0.5,0.,0.866025403784439));
#3430=DIRECTION('',(0.,0.,1.));
#3431=DIRECTION('',(-1.,0.,0.));
#3432=DIRECTION('',(0.,0.,-1.));
#3433=DIRECTION('',(-0.5,0.,-0.866025403784439));
#3434=DIRECTION('',(-1.,0.,0.));
#3435=DIRECTION('',(0.,-1.,0.));
#3436=DIRECTION('',(0.,0.,-1.));
#3437=DIRECTION('',(-0.5,0.,0.866025403784438));
#3438=DIRECTION('',(0.,0.,1.));
#3439=DIRECTION('',(-1.,0.,0.));
#3440=DIRECTION('',(0.,0.,-1.));
#3441=DIRECTION('',(-0.5,0.,-0.866025403784439));
#3442=DIRECTION('',(-1.,0.,0.));
#3443=DIRECTION('',(0.,-1.,0.));
#3444=DIRECTION('',(0.,0.,-1.));
#3445=DIRECTION('',(-0.5,0.,0.866025403784439));
#3446=DIRECTION('',(0.,0.,1.));
#3447=DIRECTION('',(-1.,0.,0.));
#3448=DIRECTION('',(0.,0.,-1.));
#3449=DIRECTION('',(-0.5,0.,-0.866025403784439));
#3450=DIRECTION('',(-1.,0.,0.));
#3451=DIRECTION('',(0.,-1.,0.));
#3452=DIRECTION('',(0.,0.,-1.));
#3453=DIRECTION('',(-0.5,0.,0.866025403784438));
#3454=DIRECTION('',(0.,0.,1.));
#3455=DIRECTION('',(-1.,0.,0.));
#3456=DIRECTION('',(0.,0.,-1.));
#3457=DIRECTION('',(-0.5,0.,-0.866025403784439));
#3458=DIRECTION('',(-1.,0.,0.));
#3459=DIRECTION('',(0.,0.,-1.));
#3460=DIRECTION('',(-1.,0.,0.));
#3461=DIRECTION('',(0.,-1.,0.));
#3462=DIRECTION('',(0.,1.,0.));
#3463=DIRECTION('',(-1.,0.,0.));
#3464=DIRECTION('',(0.,0.,-1.));
#3465=DIRECTION('',(-1.,0.,0.));
#3466=DIRECTION('',(0.,-1.,0.));
#3467=DIRECTION('',(0.,1.,0.));
#3468=DIRECTION('',(-1.,0.,0.));
#3469=DIRECTION('',(0.,0.,-1.));
#3470=DIRECTION('',(-1.,0.,0.));
#3471=DIRECTION('',(0.,-1.,0.));
#3472=DIRECTION('',(0.,1.,0.));
#3473=DIRECTION('',(-1.,0.,0.));
#3474=DIRECTION('',(0.,0.,-1.));
#3475=DIRECTION('',(-1.,0.,0.));
#3476=DIRECTION('',(0.,-1.,0.));
#3477=DIRECTION('',(0.,1.,0.));
#3478=DIRECTION('',(-1.,0.,0.));
#3479=DIRECTION('',(0.,1.,0.));
#3480=DIRECTION('',(0.,0.,1.));
#3481=DIRECTION('',(0.5,0.,-0.866025403784439));
#3482=DIRECTION('',(0.5,0.,0.866025403784439));
#3483=DIRECTION('',(0.,0.,1.));
#3484=DIRECTION('',(-1.,0.,0.));
#3485=DIRECTION('',(0.,0.,-1.));
#3486=DIRECTION('',(0.,1.,0.));
#3487=DIRECTION('',(0.,0.,1.));
#3488=DIRECTION('',(0.5,0.,-0.866025403784438));
#3489=DIRECTION('',(0.5,0.,0.866025403784439));
#3490=DIRECTION('',(0.,0.,1.));
#3491=DIRECTION('',(-1.,0.,0.));
#3492=DIRECTION('',(0.,0.,-1.));
#3493=DIRECTION('',(0.,1.,0.));
#3494=DIRECTION('',(0.,0.,1.));
#3495=DIRECTION('',(0.5,0.,-0.866025403784439));
#3496=DIRECTION('',(0.5,0.,0.866025403784439));
#3497=DIRECTION('',(0.,0.,1.));
#3498=DIRECTION('',(-1.,0.,0.));
#3499=DIRECTION('',(0.,0.,-1.));
#3500=DIRECTION('',(0.,1.,0.));
#3501=DIRECTION('',(0.,0.,1.));
#3502=DIRECTION('',(0.5,0.,-0.866025403784438));
#3503=DIRECTION('',(0.5,0.,0.866025403784439));
#3504=DIRECTION('',(0.,0.,1.));
#3505=DIRECTION('',(-1.,0.,0.));
#3506=DIRECTION('',(0.,0.,-1.));
#3507=DIRECTION('',(0.,-1.,0.));
#3508=DIRECTION('',(0.,0.,-1.));
#3509=DIRECTION('',(-0.5,0.,0.866025403784439));
#3510=DIRECTION('',(0.,0.,1.));
#3511=DIRECTION('',(-1.,0.,0.));
#3512=DIRECTION('',(0.,0.,-1.));
#3513=DIRECTION('',(-0.5,0.,-0.866025403784439));
#3514=DIRECTION('',(-1.,0.,0.));
#3515=DIRECTION('',(0.,-1.,0.));
#3516=DIRECTION('',(0.,0.,-1.));
#3517=DIRECTION('',(-0.5,0.,0.866025403784438));
#3518=DIRECTION('',(0.,0.,1.));
#3519=DIRECTION('',(-1.,0.,0.));
#3520=DIRECTION('',(0.,0.,-1.));
#3521=DIRECTION('',(-0.5,0.,-0.866025403784439));
#3522=DIRECTION('',(-1.,0.,0.));
#3523=DIRECTION('',(0.,-1.,0.));
#3524=DIRECTION('',(0.,0.,-1.));
#3525=DIRECTION('',(-0.5,0.,0.866025403784439));
#3526=DIRECTION('',(0.,0.,1.));
#3527=DIRECTION('',(-1.,0.,0.));
#3528=DIRECTION('',(0.,0.,-1.));
#3529=DIRECTION('',(-0.5,0.,-0.866025403784439));
#3530=DIRECTION('',(-1.,0.,0.));
#3531=DIRECTION('',(0.,-1.,0.));
#3532=DIRECTION('',(0.,0.,-1.));
#3533=DIRECTION('',(-0.5,0.,0.866025403784438));
#3534=DIRECTION('',(0.,0.,1.));
#3535=DIRECTION('',(-1.,0.,0.));
#3536=DIRECTION('',(0.,0.,-1.));
#3537=DIRECTION('',(-0.5,0.,-0.866025403784439));
#3538=DIRECTION('',(-1.,0.,0.));
#3539=DIRECTION('',(0.,0.,-1.));
#3540=DIRECTION('',(-1.,0.,0.));
#3541=DIRECTION('',(0.,-1.,0.));
#3542=DIRECTION('',(0.,1.,0.));
#3543=DIRECTION('',(-1.,0.,0.));
#3544=DIRECTION('',(0.,0.,-1.));
#3545=DIRECTION('',(-1.,0.,0.));
#3546=DIRECTION('',(0.,-1.,0.));
#3547=DIRECTION('',(0.,1.,0.));
#3548=DIRECTION('',(-1.,0.,0.));
#3549=DIRECTION('',(0.,0.,-1.));
#3550=DIRECTION('',(-1.,0.,0.));
#3551=DIRECTION('',(0.,-1.,0.));
#3552=DIRECTION('',(0.,1.,0.));
#3553=DIRECTION('',(-1.,0.,0.));
#3554=DIRECTION('',(0.,0.,-1.));
#3555=DIRECTION('',(-1.,0.,0.));
#3556=DIRECTION('',(0.,-1.,0.));
#3557=DIRECTION('',(0.,1.,0.));
#3558=DIRECTION('',(-1.,0.,0.));
#3559=DIRECTION('',(0.,1.,0.));
#3560=DIRECTION('',(0.,0.,1.));
#3561=DIRECTION('',(0.5,0.,-0.866025403784439));
#3562=DIRECTION('',(0.5,0.,0.866025403784439));
#3563=DIRECTION('',(0.,0.,1.));
#3564=DIRECTION('',(-1.,0.,0.));
#3565=DIRECTION('',(0.,0.,-1.));
#3566=DIRECTION('',(0.,1.,0.));
#3567=DIRECTION('',(0.,0.,1.));
#3568=DIRECTION('',(0.5,0.,-0.866025403784438));
#3569=DIRECTION('',(0.5,0.,0.866025403784439));
#3570=DIRECTION('',(0.,0.,1.));
#3571=DIRECTION('',(-1.,0.,0.));
#3572=DIRECTION('',(0.,0.,-1.));
#3573=DIRECTION('',(0.,1.,0.));
#3574=DIRECTION('',(0.,0.,1.));
#3575=DIRECTION('',(0.5,0.,-0.866025403784439));
#3576=DIRECTION('',(0.5,0.,0.866025403784439));
#3577=DIRECTION('',(0.,0.,1.));
#3578=DIRECTION('',(-1.,0.,0.));
#3579=DIRECTION('',(0.,0.,-1.));
#3580=DIRECTION('',(0.,1.,0.));
#3581=DIRECTION('',(0.,0.,1.));
#3582=DIRECTION('',(0.5,0.,-0.866025403784438));
#3583=DIRECTION('',(0.5,0.,0.866025403784439));
#3584=DIRECTION('',(0.,0.,1.));
#3585=DIRECTION('',(-1.,0.,0.));
#3586=DIRECTION('',(0.,0.,-1.));
#3587=DIRECTION('',(-1.,0.,0.));
#3588=DIRECTION('',(0.,0.,1.));
#3589=DIRECTION('',(0.,-1.,0.));
#3590=DIRECTION('',(-1.,0.,0.));
#3591=DIRECTION('',(0.,0.,1.));
#3592=DIRECTION('',(0.,1.,0.));
#3593=DIRECTION('',(0.,0.,-1.));
#3594=DIRECTION('',(0.,-1.,0.));
#3595=DIRECTION('',(-1.,0.,0.));
#3596=DIRECTION('',(0.,0.,1.));
#3597=DIRECTION('',(-1.,0.,0.));
#3598=DIRECTION('',(0.,0.,1.));
#3599=DIRECTION('',(0.,-1.,0.));
#3600=DIRECTION('',(-1.,0.,0.));
#3601=DIRECTION('',(0.,0.,1.));
#3602=DIRECTION('',(0.,1.,0.));
#3603=DIRECTION('',(0.,0.,-1.));
#3604=DIRECTION('',(0.,-1.,0.));
#3605=DIRECTION('',(-1.,0.,0.));
#3606=DIRECTION('',(0.,0.,1.));
#3607=DIRECTION('',(1.,0.,0.));
#3608=DIRECTION('',(0.,0.,-1.));
#3609=DIRECTION('',(0.,-1.,0.));
#3610=DIRECTION('',(1.,0.,0.));
#3611=DIRECTION('',(0.,0.,-1.));
#3612=DIRECTION('',(0.,1.,0.));
#3613=DIRECTION('',(0.,0.,-1.));
#3614=DIRECTION('',(0.,-1.,0.));
#3615=DIRECTION('',(1.,0.,0.));
#3616=DIRECTION('',(0.,0.,-1.));
#3617=DIRECTION('',(-1.,0.,0.));
#3618=DIRECTION('',(0.,0.,1.));
#3619=DIRECTION('',(0.,-1.,0.));
#3620=DIRECTION('',(-1.,0.,0.));
#3621=DIRECTION('',(0.,0.,1.));
#3622=DIRECTION('',(0.,1.,0.));
#3623=DIRECTION('',(0.,0.,-1.));
#3624=DIRECTION('',(0.,-1.,0.));
#3625=DIRECTION('',(-1.,0.,0.));
#3626=DIRECTION('',(0.,0.,1.));
#3627=DIRECTION('',(1.,0.,0.));
#3628=DIRECTION('',(0.,0.,-1.));
#3629=DIRECTION('',(0.,-1.,0.));
#3630=DIRECTION('',(1.,0.,0.));
#3631=DIRECTION('',(0.,0.,-1.));
#3632=DIRECTION('',(0.,1.,0.));
#3633=DIRECTION('',(0.,0.,-1.));
#3634=DIRECTION('',(0.,-1.,0.));
#3635=DIRECTION('',(1.,0.,0.));
#3636=DIRECTION('',(0.,0.,-1.));
#3637=DIRECTION('',(-1.,0.,0.));
#3638=DIRECTION('',(0.,0.,1.));
#3639=DIRECTION('',(0.,-1.,0.));
#3640=DIRECTION('',(-1.,0.,0.));
#3641=DIRECTION('',(0.,0.,1.));
#3642=DIRECTION('',(0.,1.,0.));
#3643=DIRECTION('',(0.,0.,-1.));
#3644=DIRECTION('',(0.,-1.,0.));
#3645=DIRECTION('',(-1.,0.,0.));
#3646=DIRECTION('',(0.,0.,1.));
#3647=DIRECTION('',(1.,0.,0.));
#3648=DIRECTION('',(0.,0.,-1.));
#3649=DIRECTION('',(0.,-1.,0.));
#3650=DIRECTION('',(1.,0.,0.));
#3651=DIRECTION('',(0.,0.,-1.));
#3652=DIRECTION('',(0.,1.,0.));
#3653=DIRECTION('',(0.,0.,-1.));
#3654=DIRECTION('',(0.,-1.,0.));
#3655=DIRECTION('',(1.,0.,0.));
#3656=DIRECTION('',(0.,0.,-1.));
#3657=DIRECTION('',(1.,0.,0.));
#3658=DIRECTION('',(0.,0.,-1.));
#3659=DIRECTION('',(0.,-1.,0.));
#3660=DIRECTION('',(1.,0.,0.));
#3661=DIRECTION('',(0.,0.,-1.));
#3662=DIRECTION('',(0.,1.,0.));
#3663=DIRECTION('',(0.,0.,-1.));
#3664=DIRECTION('',(0.,-1.,0.));
#3665=DIRECTION('',(1.,0.,0.));
#3666=DIRECTION('',(0.,0.,-1.));
#3667=DIRECTION('',(-1.,0.,0.));
#3668=DIRECTION('',(0.,0.,1.));
#3669=DIRECTION('',(0.,1.,0.));
#3670=DIRECTION('',(-1.,0.,0.));
#3671=DIRECTION('',(0.,0.,1.));
#3672=DIRECTION('',(0.,1.,0.));
#3673=DIRECTION('',(0.,0.,-1.));
#3674=DIRECTION('',(0.,-1.,0.));
#3675=DIRECTION('',(-1.,0.,0.));
#3676=DIRECTION('',(0.,0.,1.));
#3677=DIRECTION('',(-1.,0.,0.));
#3678=DIRECTION('',(0.,0.,1.));
#3679=DIRECTION('',(0.,1.,0.));
#3680=DIRECTION('',(-1.,0.,0.));
#3681=DIRECTION('',(0.,0.,1.));
#3682=DIRECTION('',(0.,1.,0.));
#3683=DIRECTION('',(0.,0.,-1.));
#3684=DIRECTION('',(0.,-1.,0.));
#3685=DIRECTION('',(-1.,0.,0.));
#3686=DIRECTION('',(0.,0.,1.));
#3687=DIRECTION('',(1.,0.,0.));
#3688=DIRECTION('',(0.,0.,-1.));
#3689=DIRECTION('',(0.,-1.,0.));
#3690=DIRECTION('',(1.,0.,0.));
#3691=DIRECTION('',(0.,0.,-1.));
#3692=DIRECTION('',(0.,1.,0.));
#3693=DIRECTION('',(0.,0.,-1.));
#3694=DIRECTION('',(0.,-1.,0.));
#3695=DIRECTION('',(1.,0.,0.));
#3696=DIRECTION('',(0.,0.,-1.));
#3697=DIRECTION('',(-1.,0.,0.));
#3698=DIRECTION('',(0.,0.,1.));
#3699=DIRECTION('',(0.,1.,0.));
#3700=DIRECTION('',(-1.,0.,0.));
#3701=DIRECTION('',(0.,0.,1.));
#3702=DIRECTION('',(0.,1.,0.));
#3703=DIRECTION('',(0.,0.,-1.));
#3704=DIRECTION('',(0.,-1.,0.));
#3705=DIRECTION('',(-1.,0.,0.));
#3706=DIRECTION('',(0.,0.,1.));
#3707=DIRECTION('',(1.,0.,0.));
#3708=DIRECTION('',(0.,0.,-1.));
#3709=DIRECTION('',(0.,-1.,0.));
#3710=DIRECTION('',(1.,0.,0.));
#3711=DIRECTION('',(0.,0.,-1.));
#3712=DIRECTION('',(0.,1.,0.));
#3713=DIRECTION('',(0.,0.,-1.));
#3714=DIRECTION('',(0.,-1.,0.));
#3715=DIRECTION('',(1.,0.,0.));
#3716=DIRECTION('',(0.,0.,-1.));
#3717=DIRECTION('',(-1.,0.,0.));
#3718=DIRECTION('',(0.,0.,1.));
#3719=DIRECTION('',(0.,1.,0.));
#3720=DIRECTION('',(-1.,0.,0.));
#3721=DIRECTION('',(0.,0.,1.));
#3722=DIRECTION('',(0.,1.,0.));
#3723=DIRECTION('',(0.,0.,-1.));
#3724=DIRECTION('',(0.,-1.,0.));
#3725=DIRECTION('',(-1.,0.,0.));
#3726=DIRECTION('',(0.,0.,1.));
#3727=DIRECTION('',(1.,0.,0.));
#3728=DIRECTION('',(0.,0.,-1.));
#3729=DIRECTION('',(0.,-1.,0.));
#3730=DIRECTION('',(1.,0.,0.));
#3731=DIRECTION('',(0.,0.,-1.));
#3732=DIRECTION('',(0.,1.,0.));
#3733=DIRECTION('',(0.,0.,-1.));
#3734=DIRECTION('',(0.,-1.,0.));
#3735=DIRECTION('',(1.,0.,0.));
#3736=DIRECTION('',(0.,0.,-1.));
#3737=DIRECTION('',(1.,0.,0.));
#3738=DIRECTION('',(0.,0.,-1.));
#3739=DIRECTION('',(0.,-1.,0.));
#3740=DIRECTION('',(1.,0.,0.));
#3741=DIRECTION('',(0.,0.,-1.));
#3742=DIRECTION('',(0.,1.,0.));
#3743=DIRECTION('',(0.,0.,-1.));
#3744=DIRECTION('',(0.,-1.,0.));
#3745=DIRECTION('',(1.,0.,0.));
#3746=DIRECTION('',(0.,0.,-1.));
#3747=DIRECTION('',(1.,0.,0.));
#3748=DIRECTION('',(0.,0.,-1.));
#3749=DIRECTION('',(0.,0.,1.));
#3750=DIRECTION('',(0.,-1.,0.));
#3751=DIRECTION('',(0.,0.,1.));
#3752=DIRECTION('',(0.,-1.,0.));
#3753=DIRECTION('',(-1.,0.,0.));
#3754=DIRECTION('',(0.,0.,1.));
#3755=DIRECTION('',(0.,0.,-1.));
#3756=DIRECTION('',(0.,-1.,0.));
#3757=DIRECTION('',(0.,0.,-1.));
#3758=DIRECTION('',(0.,-1.,0.));
#3759=DIRECTION('',(0.,0.,1.));
#3760=DIRECTION('',(1.,0.,0.));
#3761=DIRECTION('',(-1.,0.,0.));
#3762=DIRECTION('',(1.,0.,0.));
#3763=DIRECTION('',(0.,0.,1.));
#3764=DIRECTION('',(1.,0.,0.));
#3765=DIRECTION('',(-1.,0.,0.));
#3766=DIRECTION('',(1.,0.,0.));
#3767=DIRECTION('',(0.,0.,1.));
#3768=DIRECTION('',(1.,0.,0.));
#3769=DIRECTION('',(-1.,0.,0.));
#3770=DIRECTION('',(1.,0.,0.));
#3771=DIRECTION('',(0.,0.,1.));
#3772=DIRECTION('',(1.,0.,0.));
#3773=DIRECTION('',(-1.,0.,0.));
#3774=DIRECTION('',(1.,0.,0.));
#3775=DIRECTION('',(0.,0.,-1.));
#3776=DIRECTION('',(-1.,0.,0.));
#3777=DIRECTION('',(-1.,0.,0.));
#3778=DIRECTION('',(-1.,0.,0.));
#3779=DIRECTION('',(0.,0.,-1.));
#3780=DIRECTION('',(-1.,0.,0.));
#3781=DIRECTION('',(-1.,0.,0.));
#3782=DIRECTION('',(-1.,0.,0.));
#3783=DIRECTION('',(0.,0.,-1.));
#3784=DIRECTION('',(-1.,0.,0.));
#3785=DIRECTION('',(-1.,0.,0.));
#3786=DIRECTION('',(-1.,0.,0.));
#3787=DIRECTION('',(0.,0.,-1.));
#3788=DIRECTION('',(-1.,0.,0.));
#3789=DIRECTION('',(-1.,0.,0.));
#3790=DIRECTION('',(-1.,0.,0.));
#3791=DIRECTION('',(-1.,0.,0.));
#3792=DIRECTION('',(0.,0.,1.));
#3793=DIRECTION('',(-1.,0.,0.));
#3794=DIRECTION('',(0.,0.,1.));
#3795=DIRECTION('',(-1.,0.,0.));
#3796=DIRECTION('',(0.,0.,1.));
#3797=DIRECTION('',(-1.,0.,0.));
#3798=DIRECTION('',(0.,0.,1.));
#3799=DIRECTION('',(-1.,0.,0.));
#3800=DIRECTION('',(0.,0.,1.));
#3801=DIRECTION('',(-1.,0.,0.));
#3802=DIRECTION('',(0.,0.,1.));
#3803=DIRECTION('',(-1.,0.,0.));
#3804=DIRECTION('',(0.,0.,1.));
#3805=DIRECTION('',(-1.,0.,0.));
#3806=DIRECTION('',(0.,0.,1.));
#3807=DIRECTION('',(0.,0.,1.));
#3808=DIRECTION('',(1.,0.,0.));
#3809=DIRECTION('',(-1.,0.,0.));
#3810=DIRECTION('',(1.,0.,0.));
#3811=DIRECTION('',(0.,0.,1.));
#3812=DIRECTION('',(1.,0.,0.));
#3813=DIRECTION('',(-1.,0.,0.));
#3814=DIRECTION('',(1.,0.,0.));
#3815=DIRECTION('',(0.,0.,1.));
#3816=DIRECTION('',(1.,0.,0.));
#3817=DIRECTION('',(-1.,0.,0.));
#3818=DIRECTION('',(1.,0.,0.));
#3819=DIRECTION('',(0.,0.,1.));
#3820=DIRECTION('',(1.,0.,0.));
#3821=DIRECTION('',(-1.,0.,0.));
#3822=DIRECTION('',(1.,0.,0.));
#3823=DIRECTION('',(0.,0.,-1.));
#3824=DIRECTION('',(-1.,0.,0.));
#3825=DIRECTION('',(-1.,0.,0.));
#3826=DIRECTION('',(-1.,0.,0.));
#3827=DIRECTION('',(0.,0.,-1.));
#3828=DIRECTION('',(-1.,0.,0.));
#3829=DIRECTION('',(-1.,0.,0.));
#3830=DIRECTION('',(-1.,0.,0.));
#3831=DIRECTION('',(0.,0.,-1.));
#3832=DIRECTION('',(-1.,0.,0.));
#3833=DIRECTION('',(-1.,0.,0.));
#3834=DIRECTION('',(-1.,0.,0.));
#3835=DIRECTION('',(0.,0.,-1.));
#3836=DIRECTION('',(-1.,0.,0.));
#3837=DIRECTION('',(-1.,0.,0.));
#3838=DIRECTION('',(-1.,0.,0.));
#3839=DIRECTION('',(-1.,0.,0.));
#3840=DIRECTION('',(0.,0.,1.));
#3841=DIRECTION('',(-1.,0.,0.));
#3842=DIRECTION('',(0.,0.,1.));
#3843=DIRECTION('',(-1.,0.,0.));
#3844=DIRECTION('',(0.,0.,1.));
#3845=DIRECTION('',(-1.,0.,0.));
#3846=DIRECTION('',(0.,0.,1.));
#3847=DIRECTION('',(-1.,0.,0.));
#3848=DIRECTION('',(0.,0.,1.));
#3849=DIRECTION('',(-1.,0.,0.));
#3850=DIRECTION('',(0.,0.,1.));
#3851=DIRECTION('',(-1.,0.,0.));
#3852=DIRECTION('',(0.,0.,1.));
#3853=DIRECTION('',(-1.,0.,0.));
#3854=DIRECTION('',(0.,0.,1.));
#3855=DIRECTION('',(0.,1.,0.));
#3856=DIRECTION('',(0.,0.,1.));
#3857=DIRECTION('',(-1.,0.,0.));
#3858=DIRECTION('',(1.,0.,0.));
#3859=DIRECTION('',(0.,0.,1.));
#3860=DIRECTION('',(1.,0.,0.));
#3861=DIRECTION('',(-1.,0.,0.));
#3862=DIRECTION('',(0.,0.,-1.));
#3863=DIRECTION('',(-1.,0.,0.));
#3864=DIRECTION('',(1.,0.,0.));
#3865=DIRECTION('',(0.,1.,0.));
#3866=DIRECTION('',(0.,0.,1.));
#3867=DIRECTION('',(0.866025403784439,0.,0.5));
#3868=DIRECTION('',(0.5,0.,-0.866025403784439));
#3869=DIRECTION('',(0.866025403784438,0.,0.5));
#3870=DIRECTION('',(0.5,0.,-0.866025403784438));
#3871=DIRECTION('',(-0.866025403784439,0.,0.5));
#3872=DIRECTION('',(0.5,0.,0.866025403784439));
#3873=DIRECTION('',(0.866025403784439,0.,0.5));
#3874=DIRECTION('',(0.5,0.,-0.866025403784439));
#3875=DIRECTION('',(-0.866025403784439,0.,0.499999999999999));
#3876=DIRECTION('',(0.5,0.,0.866025403784439));
#3877=DIRECTION('',(0.866025403784438,0.,0.5));
#3878=DIRECTION('',(0.5,0.,-0.866025403784438));
#3879=DIRECTION('',(-0.866025403784439,0.,0.5));
#3880=DIRECTION('',(0.5,0.,0.866025403784439));
#3881=DIRECTION('',(-0.866025403784438,0.,0.5));
#3882=DIRECTION('',(0.5,0.,0.866025403784439));
#3883=DIRECTION('',(0.866025403784439,0.,0.5));
#3884=DIRECTION('',(0.5,0.,-0.866025403784439));
#3885=DIRECTION('',(0.866025403784438,0.,0.5));
#3886=DIRECTION('',(0.5,0.,-0.866025403784438));
#3887=DIRECTION('',(-0.866025403784439,0.,0.5));
#3888=DIRECTION('',(0.5,0.,0.866025403784439));
#3889=DIRECTION('',(0.866025403784439,0.,0.5));
#3890=DIRECTION('',(0.5,0.,-0.866025403784439));
#3891=DIRECTION('',(-0.866025403784439,0.,0.499999999999999));
#3892=DIRECTION('',(0.5,0.,0.866025403784439));
#3893=DIRECTION('',(0.866025403784438,0.,0.5));
#3894=DIRECTION('',(0.5,0.,-0.866025403784438));
#3895=DIRECTION('',(-0.866025403784439,0.,0.5));
#3896=DIRECTION('',(0.5,0.,0.866025403784439));
#3897=DIRECTION('',(-0.866025403784438,0.,0.5));
#3898=DIRECTION('',(0.5,0.,0.866025403784439));
#3899=DIRECTION('',(0.,0.,1.));
#3900=DIRECTION('',(1.,0.,0.));
#3901=CARTESIAN_POINT('',(0.,0.,0.));
#3902=CARTESIAN_POINT('',(0.21,0.335,-0.0975));
#3903=CARTESIAN_POINT('',(0.19,0.335,-0.0975));
#3904=CARTESIAN_POINT('',(0.19,0.02,-0.0975));
#3905=CARTESIAN_POINT('',(0.19,0.,-0.0975));
#3906=CARTESIAN_POINT('',(0.21,0.02,-0.0975));
#3907=CARTESIAN_POINT('',(0.11,0.02,-0.0975));
#3908=CARTESIAN_POINT('',(0.11,0.335,-0.0975));
#3909=CARTESIAN_POINT('',(0.11,0.,-0.0975));
#3910=CARTESIAN_POINT('',(0.21,0.,-0.0975));
#3911=CARTESIAN_POINT('',(0.09,0.,-0.0975));
#3912=CARTESIAN_POINT('',(0.09,0.335,-0.0975));
#3913=CARTESIAN_POINT('',(0.09,0.02,-0.0975));
#3914=CARTESIAN_POINT('',(0.21,0.02,-0.0975));
#3915=CARTESIAN_POINT('',(0.01,0.02,-0.0975));
#3916=CARTESIAN_POINT('',(0.01,0.335,-0.0975));
#3917=CARTESIAN_POINT('',(0.01,0.,-0.0975));
#3918=CARTESIAN_POINT('',(0.21,0.,-0.0975));
#3919=CARTESIAN_POINT('',(-0.01,0.,-0.0975));
#3920=CARTESIAN_POINT('',(-0.01,0.335,-0.0975));
#3921=CARTESIAN_POINT('',(-0.01,0.02,-0.0975));
#3922=CARTESIAN_POINT('',(0.21,0.02,-0.0975));
#3923=CARTESIAN_POINT('',(-0.09,0.02,-0.0975));
#3924=CARTESIAN_POINT('',(-0.09,0.335,-0.0975));
#3925=CARTESIAN_POINT('',(-0.09,0.,-0.0975));
#3926=CARTESIAN_POINT('',(0.21,0.,-0.0975));
#3927=CARTESIAN_POINT('',(-0.11,0.,-0.0975));
#3928=CARTESIAN_POINT('',(-0.11,0.335,-0.0975));
#3929=CARTESIAN_POINT('',(-0.11,0.02,-0.0975));
#3930=CARTESIAN_POINT('',(0.21,0.02,-0.0975));
#3931=CARTESIAN_POINT('',(-0.19,0.02,-0.0975));
#3932=CARTESIAN_POINT('',(-0.19,0.335,-0.0975));
#3933=CARTESIAN_POINT('',(-0.19,0.,-0.0975));
#3934=CARTESIAN_POINT('',(0.21,0.,-0.0975));
#3935=CARTESIAN_POINT('',(-0.21,0.,-0.0975));
#3936=CARTESIAN_POINT('',(-0.21,0.335,-0.0975));
#3937=CARTESIAN_POINT('',(-0.21,0.335,-0.0975));
#3938=CARTESIAN_POINT('',(0.21,0.335,-0.0975));
#3939=CARTESIAN_POINT('',(0.21,0.335,-0.0975));
#3940=CARTESIAN_POINT('',(0.21,0.335,-0.0975));
#3941=CARTESIAN_POINT('',(0.21,0.,-0.0975));
#3942=CARTESIAN_POINT('',(0.21,0.,-0.0975));
#3943=CARTESIAN_POINT('',(-0.21,0.335,0.0975));
#3944=CARTESIAN_POINT('',(0.19,0.335,0.0975));
#3945=CARTESIAN_POINT('',(0.19,0.,0.0975));
#3946=CARTESIAN_POINT('',(0.19,0.02,0.0975));
#3947=CARTESIAN_POINT('',(-0.21,0.,0.0975));
#3948=CARTESIAN_POINT('',(0.21,0.,0.0975));
#3949=CARTESIAN_POINT('',(0.21,0.335,0.0975));
#3950=CARTESIAN_POINT('',(0.21,0.335,0.0975));
#3951=CARTESIAN_POINT('',(-0.21,0.335,0.0975));
#3952=CARTESIAN_POINT('',(-0.21,0.335,0.0975));
#3953=CARTESIAN_POINT('',(-0.21,0.335,0.0975));
#3954=CARTESIAN_POINT('',(-0.21,0.,0.0975));
#3955=CARTESIAN_POINT('',(-0.21,0.,0.0975));
#3956=CARTESIAN_POINT('',(-0.19,0.,0.0975));
#3957=CARTESIAN_POINT('',(-0.19,0.335,0.0975));
#3958=CARTESIAN_POINT('',(-0.19,0.02,0.0975));
#3959=CARTESIAN_POINT('',(-0.21,0.02,0.0975));
#3960=CARTESIAN_POINT('',(-0.11,0.02,0.0975));
#3961=CARTESIAN_POINT('',(-0.11,0.335,0.0975));
#3962=CARTESIAN_POINT('',(-0.11,0.,0.0975));
#3963=CARTESIAN_POINT('',(-0.21,0.,0.0975));
#3964=CARTESIAN_POINT('',(-0.09,0.,0.0975));
#3965=CARTESIAN_POINT('',(-0.09,0.335,0.0975));
#3966=CARTESIAN_POINT('',(-0.09,0.02,0.0975));
#3967=CARTESIAN_POINT('',(-0.21,0.02,0.0975));
#3968=CARTESIAN_POINT('',(-0.01,0.02,0.0975));
#3969=CARTESIAN_POINT('',(-0.01,0.335,0.0975));
#3970=CARTESIAN_POINT('',(-0.01,0.,0.0975));
#3971=CARTESIAN_POINT('',(-0.21,0.,0.0975));
#3972=CARTESIAN_POINT('',(0.01,0.,0.0975));
#3973=CARTESIAN_POINT('',(0.01,0.335,0.0975));
#3974=CARTESIAN_POINT('',(0.01,0.02,0.0975));
#3975=CARTESIAN_POINT('',(-0.21,0.02,0.0975));
#3976=CARTESIAN_POINT('',(0.09,0.02,0.0975));
#3977=CARTESIAN_POINT('',(0.09,0.335,0.0975));
#3978=CARTESIAN_POINT('',(0.09,0.,0.0975));
#3979=CARTESIAN_POINT('',(-0.21,0.,0.0975));
#3980=CARTESIAN_POINT('',(0.11,0.,0.0975));
#3981=CARTESIAN_POINT('',(0.11,0.335,0.0975));
#3982=CARTESIAN_POINT('',(0.11,0.02,0.0975));
#3983=CARTESIAN_POINT('',(-0.21,0.02,0.0975));
#3984=CARTESIAN_POINT('',(0.1655,0.335,0.0345));
#3985=CARTESIAN_POINT('',(0.1345,0.335,0.0345));
#3986=CARTESIAN_POINT('',(0.1345,0.335,0.0345));
#3987=CARTESIAN_POINT('',(0.1345,0.02,0.0345));
#3988=CARTESIAN_POINT('',(0.1655,0.02,0.0345));
#3989=CARTESIAN_POINT('',(0.1655,0.02,0.0345));
#3990=CARTESIAN_POINT('',(0.1655,0.335,0.0345));
#3991=CARTESIAN_POINT('',(0.1655,0.335,0.0345));
#3992=CARTESIAN_POINT('',(0.1655,0.335,0.0345));
#3993=CARTESIAN_POINT('',(0.1655,0.335,0.0655));
#3994=CARTESIAN_POINT('',(0.1655,0.02,0.0655));
#3995=CARTESIAN_POINT('',(0.1655,0.02,0.0655));
#3996=CARTESIAN_POINT('',(0.1655,0.335,0.0655));
#3997=CARTESIAN_POINT('',(0.1655,0.335,0.0655));
#3998=CARTESIAN_POINT('',(0.1655,0.335,0.0655));
#3999=CARTESIAN_POINT('',(0.1345,0.335,0.0655));
#4000=CARTESIAN_POINT('',(0.1345,0.02,0.0655));
#4001=CARTESIAN_POINT('',(0.1345,0.02,0.0655));
#4002=CARTESIAN_POINT('',(0.1345,0.335,0.0655));
#4003=CARTESIAN_POINT('',(0.1345,0.335,0.0655));
#4004=CARTESIAN_POINT('',(0.1345,0.335,0.0655));
#4005=CARTESIAN_POINT('',(0.1655,0.335,-0.0655));
#4006=CARTESIAN_POINT('',(0.1345,0.335,-0.0655));
#4007=CARTESIAN_POINT('',(0.1345,0.335,-0.0655));
#4008=CARTESIAN_POINT('',(0.1345,0.02,-0.0655));
#4009=CARTESIAN_POINT('',(0.1655,0.02,-0.0655));
#4010=CARTESIAN_POINT('',(0.1655,0.02,-0.0655));
#4011=CARTESIAN_POINT('',(0.1655,0.335,-0.0655));
#4012=CARTESIAN_POINT('',(0.1655,0.335,-0.0655));
#4013=CARTESIAN_POINT('',(0.1655,0.335,-0.0655));
#4014=CARTESIAN_POINT('',(0.1655,0.335,-0.0345));
#4015=CARTESIAN_POINT('',(0.1655,0.02,-0.0345));
#4016=CARTESIAN_POINT('',(0.1655,0.02,-0.0345));
#4017=CARTESIAN_POINT('',(0.1655,0.335,-0.0345));
#4018=CARTESIAN_POINT('',(0.1655,0.335,-0.0345));
#4019=CARTESIAN_POINT('',(0.1655,0.335,-0.0345));
#4020=CARTESIAN_POINT('',(0.1345,0.335,-0.0345));
#4021=CARTESIAN_POINT('',(0.1345,0.02,-0.0345));
#4022=CARTESIAN_POINT('',(0.1345,0.02,-0.0345));
#4023=CARTESIAN_POINT('',(0.1345,0.335,-0.0345));
#4024=CARTESIAN_POINT('',(0.1345,0.335,-0.0345));
#4025=CARTESIAN_POINT('',(0.1345,0.335,-0.0345));
#4026=CARTESIAN_POINT('',(0.0655,0.335,0.0345));
#4027=CARTESIAN_POINT('',(0.0345,0.335,0.0345));
#4028=CARTESIAN_POINT('',(0.0345,0.335,0.0345));
#4029=CARTESIAN_POINT('',(0.0345,0.02,0.0345));
#4030=CARTESIAN_POINT('',(0.0655,0.02,0.0345));
#4031=CARTESIAN_POINT('',(0.0655,0.02,0.0345));
#4032=CARTESIAN_POINT('',(0.0655,0.335,0.0345));
#4033=CARTESIAN_POINT('',(0.0655,0.335,0.0345));
#4034=CARTESIAN_POINT('',(0.0655,0.335,0.0345));
#4035=CARTESIAN_POINT('',(0.0655,0.335,0.0655));
#4036=CARTESIAN_POINT('',(0.0655,0.02,0.0655));
#4037=CARTESIAN_POINT('',(0.0655,0.02,0.0655));
#4038=CARTESIAN_POINT('',(0.0655,0.335,0.0655));
#4039=CARTESIAN_POINT('',(0.0655,0.335,0.0655));
#4040=CARTESIAN_POINT('',(0.0655,0.335,0.0655));
#4041=CARTESIAN_POINT('',(0.0345,0.335,0.0655));
#4042=CARTESIAN_POINT('',(0.0345,0.02,0.0655));
#4043=CARTESIAN_POINT('',(0.0345,0.02,0.0655));
#4044=CARTESIAN_POINT('',(0.0345,0.335,0.0655));
#4045=CARTESIAN_POINT('',(0.0345,0.335,0.0655));
#4046=CARTESIAN_POINT('',(0.0345,0.335,0.0655));
#4047=CARTESIAN_POINT('',(0.0655,0.335,-0.0655));
#4048=CARTESIAN_POINT('',(0.0345,0.335,-0.0655));
#4049=CARTESIAN_POINT('',(0.0345,0.335,-0.0655));
#4050=CARTESIAN_POINT('',(0.0345,0.02,-0.0655));
#4051=CARTESIAN_POINT('',(0.0655,0.02,-0.0655));
#4052=CARTESIAN_POINT('',(0.0655,0.02,-0.0655));
#4053=CARTESIAN_POINT('',(0.0655,0.335,-0.0655));
#4054=CARTESIAN_POINT('',(0.0655,0.335,-0.0655));
#4055=CARTESIAN_POINT('',(0.0655,0.335,-0.0655));
#4056=CARTESIAN_POINT('',(0.0655,0.335,-0.0345));
#4057=CARTESIAN_POINT('',(0.0655,0.02,-0.0345));
#4058=CARTESIAN_POINT('',(0.0655,0.02,-0.0345));
#4059=CARTESIAN_POINT('',(0.0655,0.335,-0.0345));
#4060=CARTESIAN_POINT('',(0.0655,0.335,-0.0345));
#4061=CARTESIAN_POINT('',(0.0655,0.335,-0.0345));
#4062=CARTESIAN_POINT('',(0.0345,0.335,-0.0345));
#4063=CARTESIAN_POINT('',(0.0345,0.02,-0.0345));
#4064=CARTESIAN_POINT('',(0.0345,0.02,-0.0345));
#4065=CARTESIAN_POINT('',(0.0345,0.335,-0.0345));
#4066=CARTESIAN_POINT('',(0.0345,0.335,-0.0345));
#4067=CARTESIAN_POINT('',(0.0345,0.335,-0.0345));
#4068=CARTESIAN_POINT('',(-0.0345,0.335,0.0345));
#4069=CARTESIAN_POINT('',(-0.0655,0.335,0.0345));
#4070=CARTESIAN_POINT('',(-0.0655,0.335,0.0345));
#4071=CARTESIAN_POINT('',(-0.0655,0.02,0.0345));
#4072=CARTESIAN_POINT('',(-0.0345,0.02,0.0345));
#4073=CARTESIAN_POINT('',(-0.0345,0.02,0.0345));
#4074=CARTESIAN_POINT('',(-0.0345,0.335,0.0345));
#4075=CARTESIAN_POINT('',(-0.0345,0.335,0.0345));
#4076=CARTESIAN_POINT('',(-0.0345,0.335,0.0345));
#4077=CARTESIAN_POINT('',(-0.0345,0.335,0.0655));
#4078=CARTESIAN_POINT('',(-0.0345,0.02,0.0655));
#4079=CARTESIAN_POINT('',(-0.0345,0.02,0.0655));
#4080=CARTESIAN_POINT('',(-0.0345,0.335,0.0655));
#4081=CARTESIAN_POINT('',(-0.0345,0.335,0.0655));
#4082=CARTESIAN_POINT('',(-0.0345,0.335,0.0655));
#4083=CARTESIAN_POINT('',(-0.0655,0.335,0.0655));
#4084=CARTESIAN_POINT('',(-0.0655,0.02,0.0655));
#4085=CARTESIAN_POINT('',(-0.0655,0.02,0.0655));
#4086=CARTESIAN_POINT('',(-0.0655,0.335,0.0655));
#4087=CARTESIAN_POINT('',(-0.0655,0.335,0.0655));
#4088=CARTESIAN_POINT('',(-0.0655,0.335,0.0655));
#4089=CARTESIAN_POINT('',(-0.0345,0.335,-0.0655));
#4090=CARTESIAN_POINT('',(-0.0655,0.335,-0.0655));
#4091=CARTESIAN_POINT('',(-0.0655,0.335,-0.0655));
#4092=CARTESIAN_POINT('',(-0.0655,0.02,-0.0655));
#4093=CARTESIAN_POINT('',(-0.0345,0.02,-0.0655));
#4094=CARTESIAN_POINT('',(-0.0345,0.02,-0.0655));
#4095=CARTESIAN_POINT('',(-0.0345,0.335,-0.0655));
#4096=CARTESIAN_POINT('',(-0.0345,0.335,-0.0655));
#4097=CARTESIAN_POINT('',(-0.0345,0.335,-0.0655));
#4098=CARTESIAN_POINT('',(-0.0345,0.335,-0.0345));
#4099=CARTESIAN_POINT('',(-0.0345,0.02,-0.0345));
#4100=CARTESIAN_POINT('',(-0.0345,0.02,-0.0345));
#4101=CARTESIAN_POINT('',(-0.0345,0.335,-0.0345));
#4102=CARTESIAN_POINT('',(-0.0345,0.335,-0.0345));
#4103=CARTESIAN_POINT('',(-0.0345,0.335,-0.0345));
#4104=CARTESIAN_POINT('',(-0.0655,0.335,-0.0345));
#4105=CARTESIAN_POINT('',(-0.0655,0.02,-0.0345));
#4106=CARTESIAN_POINT('',(-0.0655,0.02,-0.0345));
#4107=CARTESIAN_POINT('',(-0.0655,0.335,-0.0345));
#4108=CARTESIAN_POINT('',(-0.0655,0.335,-0.0345));
#4109=CARTESIAN_POINT('',(-0.0655,0.335,-0.0345));
#4110=CARTESIAN_POINT('',(-0.1345,0.335,0.0345));
#4111=CARTESIAN_POINT('',(-0.1655,0.335,0.0345));
#4112=CARTESIAN_POINT('',(-0.1655,0.335,0.0345));
#4113=CARTESIAN_POINT('',(-0.1655,0.02,0.0345));
#4114=CARTESIAN_POINT('',(-0.1345,0.02,0.0345));
#4115=CARTESIAN_POINT('',(-0.1345,0.02,0.0345));
#4116=CARTESIAN_POINT('',(-0.1345,0.335,0.0345));
#4117=CARTESIAN_POINT('',(-0.1345,0.335,0.0345));
#4118=CARTESIAN_POINT('',(-0.1345,0.335,0.0345));
#4119=CARTESIAN_POINT('',(-0.1345,0.335,0.0655));
#4120=CARTESIAN_POINT('',(-0.1345,0.02,0.0655));
#4121=CARTESIAN_POINT('',(-0.1345,0.02,0.0655));
#4122=CARTESIAN_POINT('',(-0.1345,0.335,0.0655));
#4123=CARTESIAN_POINT('',(-0.1345,0.335,0.0655));
#4124=CARTESIAN_POINT('',(-0.1345,0.335,0.0655));
#4125=CARTESIAN_POINT('',(-0.1655,0.335,0.0655));
#4126=CARTESIAN_POINT('',(-0.1655,0.02,0.0655));
#4127=CARTESIAN_POINT('',(-0.1655,0.02,0.0655));
#4128=CARTESIAN_POINT('',(-0.1655,0.335,0.0655));
#4129=CARTESIAN_POINT('',(-0.1655,0.335,0.0655));
#4130=CARTESIAN_POINT('',(-0.1655,0.335,0.0655));
#4131=CARTESIAN_POINT('',(-0.1345,0.335,-0.0655));
#4132=CARTESIAN_POINT('',(-0.1655,0.335,-0.0655));
#4133=CARTESIAN_POINT('',(-0.1655,0.335,-0.0655));
#4134=CARTESIAN_POINT('',(-0.1655,0.02,-0.0655));
#4135=CARTESIAN_POINT('',(-0.1345,0.02,-0.0655));
#4136=CARTESIAN_POINT('',(-0.1345,0.02,-0.0655));
#4137=CARTESIAN_POINT('',(-0.1345,0.335,-0.0655));
#4138=CARTESIAN_POINT('',(-0.1345,0.335,-0.0655));
#4139=CARTESIAN_POINT('',(-0.1345,0.335,-0.0655));
#4140=CARTESIAN_POINT('',(-0.1345,0.335,-0.0345));
#4141=CARTESIAN_POINT('',(-0.1345,0.02,-0.0345));
#4142=CARTESIAN_POINT('',(-0.1345,0.02,-0.0345));
#4143=CARTESIAN_POINT('',(-0.1345,0.335,-0.0345));
#4144=CARTESIAN_POINT('',(-0.1345,0.335,-0.0345));
#4145=CARTESIAN_POINT('',(-0.1345,0.335,-0.0345));
#4146=CARTESIAN_POINT('',(-0.1655,0.335,-0.0345));
#4147=CARTESIAN_POINT('',(-0.1655,0.02,-0.0345));
#4148=CARTESIAN_POINT('',(-0.1655,0.02,-0.0345));
#4149=CARTESIAN_POINT('',(-0.1655,0.335,-0.0345));
#4150=CARTESIAN_POINT('',(-0.1655,0.335,-0.0345));
#4151=CARTESIAN_POINT('',(-0.1655,0.335,-0.0345));
#4152=CARTESIAN_POINT('',(0.1345,0.335,0.0345));
#4153=CARTESIAN_POINT('',(0.1345,0.02,0.0345));
#4154=CARTESIAN_POINT('',(0.1345,0.335,0.0345));
#4155=CARTESIAN_POINT('',(0.1345,0.335,-0.0655));
#4156=CARTESIAN_POINT('',(0.1345,0.02,-0.0655));
#4157=CARTESIAN_POINT('',(0.1345,0.335,-0.0655));
#4158=CARTESIAN_POINT('',(0.0345,0.335,0.0345));
#4159=CARTESIAN_POINT('',(0.0345,0.02,0.0345));
#4160=CARTESIAN_POINT('',(0.0345,0.335,0.0345));
#4161=CARTESIAN_POINT('',(0.0345,0.335,-0.0655));
#4162=CARTESIAN_POINT('',(0.0345,0.02,-0.0655));
#4163=CARTESIAN_POINT('',(0.0345,0.335,-0.0655));
#4164=CARTESIAN_POINT('',(-0.0655,0.335,0.0345));
#4165=CARTESIAN_POINT('',(-0.0655,0.02,0.0345));
#4166=CARTESIAN_POINT('',(-0.0655,0.335,0.0345));
#4167=CARTESIAN_POINT('',(-0.0655,0.335,-0.0655));
#4168=CARTESIAN_POINT('',(-0.0655,0.02,-0.0655));
#4169=CARTESIAN_POINT('',(-0.0655,0.335,-0.0655));
#4170=CARTESIAN_POINT('',(-0.1655,0.335,0.0345));
#4171=CARTESIAN_POINT('',(-0.1655,0.02,0.0345));
#4172=CARTESIAN_POINT('',(-0.1655,0.335,0.0345));
#4173=CARTESIAN_POINT('',(-0.1655,0.335,-0.0655));
#4174=CARTESIAN_POINT('',(-0.1655,0.02,-0.0655));
#4175=CARTESIAN_POINT('',(-0.1655,0.335,-0.0655));
#4176=CARTESIAN_POINT('',(0.,0.,0.));
#4177=CARTESIAN_POINT('',(-0.19,0.,0.));
#4178=CARTESIAN_POINT('',(-0.21,0.,-0.0975));
#4179=CARTESIAN_POINT('',(0.,0.,0.));
#4180=CARTESIAN_POINT('',(0.19,0.,0.));
#4181=CARTESIAN_POINT('',(0.21,0.,0.0975));
#4182=CARTESIAN_POINT('',(0.,0.,0.));
#4183=CARTESIAN_POINT('',(0.11,0.,0.));
#4184=CARTESIAN_POINT('',(0.09,0.,0.));
#4185=CARTESIAN_POINT('',(0.,0.,0.));
#4186=CARTESIAN_POINT('',(0.01,0.,0.));
#4187=CARTESIAN_POINT('',(-0.01,0.,0.));
#4188=CARTESIAN_POINT('',(0.,0.,0.));
#4189=CARTESIAN_POINT('',(-0.09,0.,0.));
#4190=CARTESIAN_POINT('',(-0.11,0.,0.));
#4191=CARTESIAN_POINT('',(-0.21,0.335,-0.0975));
#4192=CARTESIAN_POINT('',(-0.21,0.335,-0.0975));
#4193=CARTESIAN_POINT('',(0.21,0.335,0.0975));
#4194=CARTESIAN_POINT('',(0.21,0.335,0.0975));
#4195=CARTESIAN_POINT('',(0.,0.335,0.));
#4196=CARTESIAN_POINT('',(-0.11,-0.05,0.2));
#4197=CARTESIAN_POINT('',(-0.11,0.02,0.2));
#4198=CARTESIAN_POINT('',(-0.19,0.02,0.2));
#4199=CARTESIAN_POINT('',(-0.19,0.02,0.2));
#4200=CARTESIAN_POINT('',(-0.11,0.02,0.2));
#4201=CARTESIAN_POINT('',(-0.01,-0.05,0.2));
#4202=CARTESIAN_POINT('',(-0.01,0.02,0.2));
#4203=CARTESIAN_POINT('',(-0.09,0.02,0.2));
#4204=CARTESIAN_POINT('',(-0.09,0.02,0.2));
#4205=CARTESIAN_POINT('',(-0.01,0.02,0.2));
#4206=CARTESIAN_POINT('',(0.09,-0.05,0.2));
#4207=CARTESIAN_POINT('',(0.09,0.02,0.2));
#4208=CARTESIAN_POINT('',(0.01,0.02,0.2));
#4209=CARTESIAN_POINT('',(0.01,0.02,0.2));
#4210=CARTESIAN_POINT('',(0.09,0.02,0.2));
#4211=CARTESIAN_POINT('',(0.19,0.02,0.2));
#4212=CARTESIAN_POINT('',(0.19,0.02,0.2));
#4213=CARTESIAN_POINT('',(0.11,0.02,0.2));
#4214=CARTESIAN_POINT('',(0.19,-0.08,0.2));
#4215=CARTESIAN_POINT('',(0.11,0.02,0.2));
#4216=CARTESIAN_POINT('',(0.,0.,0.));
#4217=CARTESIAN_POINT('',(0.1705,0.016,0.074));
#4218=CARTESIAN_POINT('',(0.212727068683689,0.016,0.0983798094716167));
#4219=CARTESIAN_POINT('',(0.1655,0.016,0.180179491924311));
#4220=CARTESIAN_POINT('',(0.155788675134595,0.016,0.197));
#4221=CARTESIAN_POINT('',(0.1655,0.016,0.074));
#4222=CARTESIAN_POINT('',(0.1655,0.016,0.074));
#4223=CARTESIAN_POINT('',(0.1705,0.016,0.074));
#4224=CARTESIAN_POINT('',(0.1345,0.016,0.074));
#4225=CARTESIAN_POINT('',(0.1345,0.016,0.074));
#4226=CARTESIAN_POINT('',(0.1345,0.016,0.180179491924311));
#4227=CARTESIAN_POINT('',(0.097522931316311,0.016,0.116133330249198));
#4228=CARTESIAN_POINT('',(0.144211324865405,0.016,0.197));
#4229=CARTESIAN_POINT('',(0.1705,0.016,0.197));
#4230=CARTESIAN_POINT('',(0.1705,0.016,0.074));
#4231=CARTESIAN_POINT('',(0.137727068683689,0.016,0.0550785392823948));
#4232=CARTESIAN_POINT('',(0.0655,0.016,0.180179491924311));
#4233=CARTESIAN_POINT('',(0.0557886751345948,0.016,0.197));
#4234=CARTESIAN_POINT('',(0.0655,0.016,0.074));
#4235=CARTESIAN_POINT('',(0.0655,0.016,0.074));
#4236=CARTESIAN_POINT('',(0.1705,0.016,0.074));
#4237=CARTESIAN_POINT('',(0.0345,0.016,0.074));
#4238=CARTESIAN_POINT('',(0.0345,0.016,0.074));
#4239=CARTESIAN_POINT('',(0.0345,0.016,0.180179491924311));
#4240=CARTESIAN_POINT('',(0.0225229313163109,0.016,0.15943460043842));
#4241=CARTESIAN_POINT('',(0.0442113248654052,0.016,0.197));
#4242=CARTESIAN_POINT('',(0.1705,0.016,0.197));
#4243=CARTESIAN_POINT('',(0.1705,0.016,0.074));
#4244=CARTESIAN_POINT('',(0.0627270686836891,0.016,0.0117772690931729));
#4245=CARTESIAN_POINT('',(-0.0345,0.016,0.180179491924311));
#4246=CARTESIAN_POINT('',(-0.0442113248654052,0.016,0.197));
#4247=CARTESIAN_POINT('',(-0.0345,0.016,0.074));
#4248=CARTESIAN_POINT('',(-0.0345,0.016,0.074));
#4249=CARTESIAN_POINT('',(0.1705,0.016,0.074));
#4250=CARTESIAN_POINT('',(-0.0655,0.016,0.074));
#4251=CARTESIAN_POINT('',(-0.0655,0.016,0.074));
#4252=CARTESIAN_POINT('',(-0.0655,0.016,0.180179491924311));
#4253=CARTESIAN_POINT('',(-0.0524770686836891,0.016,0.202735870627641));
#4254=CARTESIAN_POINT('',(-0.0557886751345947,0.016,0.197));
#4255=CARTESIAN_POINT('',(0.1705,0.016,0.197));
#4256=CARTESIAN_POINT('',(0.1705,0.016,0.074));
#4257=CARTESIAN_POINT('',(-0.0122729313163107,0.016,-0.0315240010960491));
#4258=CARTESIAN_POINT('',(-0.1345,0.016,0.180179491924311));
#4259=CARTESIAN_POINT('',(-0.144211324865405,0.016,0.197));
#4260=CARTESIAN_POINT('',(-0.1345,0.016,0.074));
#4261=CARTESIAN_POINT('',(-0.1345,0.016,0.074));
#4262=CARTESIAN_POINT('',(0.1705,0.016,0.074));
#4263=CARTESIAN_POINT('',(-0.1655,0.016,0.074));
#4264=CARTESIAN_POINT('',(-0.1655,0.016,0.074));
#4265=CARTESIAN_POINT('',(-0.1655,0.016,0.180179491924311));
#4266=CARTESIAN_POINT('',(-0.127477068683689,0.016,0.246037140816864));
#4267=CARTESIAN_POINT('',(-0.155788675134595,0.016,0.197));
#4268=CARTESIAN_POINT('',(0.1705,0.016,0.197));
#4269=CARTESIAN_POINT('',(0.1705,0.016,0.197));
#4270=CARTESIAN_POINT('',(0.155788675134595,0.016,0.197));
#4271=CARTESIAN_POINT('',(0.155788675134595,0.,0.197));
#4272=CARTESIAN_POINT('',(0.144211324865405,0.016,0.197));
#4273=CARTESIAN_POINT('',(0.144211324865405,0.,0.197));
#4274=CARTESIAN_POINT('',(0.1705,0.,0.197));
#4275=CARTESIAN_POINT('',(0.1705,0.016,0.197));
#4276=CARTESIAN_POINT('',(0.0557886751345948,0.016,0.197));
#4277=CARTESIAN_POINT('',(0.0557886751345948,0.,0.197));
#4278=CARTESIAN_POINT('',(0.0442113248654052,0.016,0.197));
#4279=CARTESIAN_POINT('',(0.0442113248654052,0.,0.197));
#4280=CARTESIAN_POINT('',(0.1705,0.,0.197));
#4281=CARTESIAN_POINT('',(0.1705,0.016,0.197));
#4282=CARTESIAN_POINT('',(-0.0442113248654052,0.016,0.197));
#4283=CARTESIAN_POINT('',(-0.0442113248654052,0.,0.197));
#4284=CARTESIAN_POINT('',(-0.0557886751345947,0.016,0.197));
#4285=CARTESIAN_POINT('',(-0.0557886751345948,0.,0.197));
#4286=CARTESIAN_POINT('',(0.1705,0.,0.197));
#4287=CARTESIAN_POINT('',(0.1705,0.016,0.197));
#4288=CARTESIAN_POINT('',(-0.144211324865405,0.016,0.197));
#4289=CARTESIAN_POINT('',(-0.144211324865405,0.,0.197));
#4290=CARTESIAN_POINT('',(-0.155788675134595,0.016,0.197));
#4291=CARTESIAN_POINT('',(-0.155788675134595,0.,0.197));
#4292=CARTESIAN_POINT('',(0.1705,0.,0.197));
#4293=CARTESIAN_POINT('',(0.1705,0.,0.197));
#4294=CARTESIAN_POINT('',(0.159466506350946,0.,0.190629809471617));
#4295=CARTESIAN_POINT('',(0.1655,0.,0.180179491924311));
#4296=CARTESIAN_POINT('',(0.150783493649054,0.,0.208383330249198));
#4297=CARTESIAN_POINT('',(0.1345,0.,0.180179491924311));
#4298=CARTESIAN_POINT('',(0.1345,0.,0.197));
#4299=CARTESIAN_POINT('',(0.1345,0.,0.074));
#4300=CARTESIAN_POINT('',(0.1705,0.,0.074));
#4301=CARTESIAN_POINT('',(0.1655,0.,0.074));
#4302=CARTESIAN_POINT('',(0.1655,0.,0.197));
#4303=CARTESIAN_POINT('',(0.1705,0.,0.197));
#4304=CARTESIAN_POINT('',(0.0844665063509462,0.,0.147328539282395));
#4305=CARTESIAN_POINT('',(0.0655,0.,0.180179491924311));
#4306=CARTESIAN_POINT('',(0.0757834936490539,0.,0.25168460043842));
#4307=CARTESIAN_POINT('',(0.0345,0.,0.180179491924311));
#4308=CARTESIAN_POINT('',(0.0345,0.,0.197));
#4309=CARTESIAN_POINT('',(0.0345,0.,0.074));
#4310=CARTESIAN_POINT('',(0.1705,0.,0.074));
#4311=CARTESIAN_POINT('',(0.0655,0.,0.074));
#4312=CARTESIAN_POINT('',(0.0655,0.,0.197));
#4313=CARTESIAN_POINT('',(0.1705,0.,0.197));
#4314=CARTESIAN_POINT('',(0.00946650635094612,0.,0.104027269093173));
#4315=CARTESIAN_POINT('',(-0.0345,0.,0.180179491924311));
#4316=CARTESIAN_POINT('',(0.000783493649053861,0.,0.294985870627642));
#4317=CARTESIAN_POINT('',(-0.0655,0.,0.180179491924311));
#4318=CARTESIAN_POINT('',(-0.0655,0.,0.197));
#4319=CARTESIAN_POINT('',(-0.0655,0.,0.074));
#4320=CARTESIAN_POINT('',(0.1705,0.,0.074));
#4321=CARTESIAN_POINT('',(-0.0345,0.,0.074));
#4322=CARTESIAN_POINT('',(-0.0345,0.,0.197));
#4323=CARTESIAN_POINT('',(0.1705,0.,0.197));
#4324=CARTESIAN_POINT('',(-0.0655334936490538,0.,0.0607259989039509));
#4325=CARTESIAN_POINT('',(-0.1345,0.,0.180179491924311));
#4326=CARTESIAN_POINT('',(-0.074216506350946,0.,0.338287140816864));
#4327=CARTESIAN_POINT('',(-0.1655,0.,0.180179491924311));
#4328=CARTESIAN_POINT('',(-0.1655,0.,0.197));
#4329=CARTESIAN_POINT('',(-0.1655,0.,0.074));
#4330=CARTESIAN_POINT('',(0.1705,0.,0.074));
#4331=CARTESIAN_POINT('',(-0.1345,0.,0.074));
#4332=CARTESIAN_POINT('',(-0.1345,0.,0.197));
#4333=CARTESIAN_POINT('',(0.1705,-0.084,-0.026));
#4334=CARTESIAN_POINT('',(0.256028338872911,-0.084,0.0233798094716167));
#4335=CARTESIAN_POINT('',(0.1655,-0.084,0.180179491924311));
#4336=CARTESIAN_POINT('',(0.155788675134595,-0.084,0.197));
#4337=CARTESIAN_POINT('',(0.1655,-0.084,-0.026));
#4338=CARTESIAN_POINT('',(0.1655,-0.084,-0.026));
#4339=CARTESIAN_POINT('',(0.1705,-0.084,-0.026));
#4340=CARTESIAN_POINT('',(0.1345,-0.084,-0.026));
#4341=CARTESIAN_POINT('',(0.1345,-0.084,-0.026));
#4342=CARTESIAN_POINT('',(0.1345,-0.084,0.180179491924311));
#4343=CARTESIAN_POINT('',(0.0542216611270891,-0.084,0.0411333302491976));
#4344=CARTESIAN_POINT('',(0.144211324865405,-0.084,0.197));
#4345=CARTESIAN_POINT('',(0.1705,-0.084,0.197));
#4346=CARTESIAN_POINT('',(0.1705,-0.084,-0.026));
#4347=CARTESIAN_POINT('',(0.181028338872911,-0.084,-0.0199214607176051));
#4348=CARTESIAN_POINT('',(0.0655,-0.084,0.180179491924311));
#4349=CARTESIAN_POINT('',(0.0557886751345949,-0.084,0.197));
#4350=CARTESIAN_POINT('',(0.0655,-0.084,-0.026));
#4351=CARTESIAN_POINT('',(0.0655,-0.084,-0.026));
#4352=CARTESIAN_POINT('',(0.1705,-0.084,-0.026));
#4353=CARTESIAN_POINT('',(0.0345,-0.084,-0.026));
#4354=CARTESIAN_POINT('',(0.0345,-0.084,-0.026));
#4355=CARTESIAN_POINT('',(0.0345,-0.084,0.180179491924311));
#4356=CARTESIAN_POINT('',(-0.020778338872911,-0.084,0.0844346004384195));
#4357=CARTESIAN_POINT('',(0.0442113248654052,-0.084,0.197));
#4358=CARTESIAN_POINT('',(0.1705,-0.084,0.197));
#4359=CARTESIAN_POINT('',(0.1705,-0.084,-0.026));
#4360=CARTESIAN_POINT('',(0.106028338872911,-0.084,-0.0632227309068271));
#4361=CARTESIAN_POINT('',(-0.0345,-0.084,0.180179491924311));
#4362=CARTESIAN_POINT('',(-0.0442113248654051,-0.084,0.197));
#4363=CARTESIAN_POINT('',(-0.0345,-0.084,-0.026));
#4364=CARTESIAN_POINT('',(-0.0345,-0.084,-0.026));
#4365=CARTESIAN_POINT('',(0.1705,-0.084,-0.026));
#4366=CARTESIAN_POINT('',(-0.0655,-0.084,-0.026));
#4367=CARTESIAN_POINT('',(-0.0655,-0.084,-0.026));
#4368=CARTESIAN_POINT('',(-0.0655,-0.084,0.180179491924311));
#4369=CARTESIAN_POINT('',(-0.0957783388729111,-0.084,0.127735870627641));
#4370=CARTESIAN_POINT('',(-0.0557886751345947,-0.084,0.197));
#4371=CARTESIAN_POINT('',(0.1705,-0.084,0.197));
#4372=CARTESIAN_POINT('',(0.1705,-0.084,-0.026));
#4373=CARTESIAN_POINT('',(0.0310283388729112,-0.084,-0.106524001096049));
#4374=CARTESIAN_POINT('',(-0.1345,-0.084,0.180179491924311));
#4375=CARTESIAN_POINT('',(-0.144211324865405,-0.084,0.197));
#4376=CARTESIAN_POINT('',(-0.1345,-0.084,-0.026));
#4377=CARTESIAN_POINT('',(-0.1345,-0.084,-0.026));
#4378=CARTESIAN_POINT('',(0.1705,-0.084,-0.026));
#4379=CARTESIAN_POINT('',(-0.1655,-0.084,-0.026));
#4380=CARTESIAN_POINT('',(-0.1655,-0.084,-0.026));
#4381=CARTESIAN_POINT('',(-0.1655,-0.084,0.180179491924311));
#4382=CARTESIAN_POINT('',(-0.170778338872911,-0.084,0.171037140816864));
#4383=CARTESIAN_POINT('',(-0.155788675134595,-0.084,0.197));
#4384=CARTESIAN_POINT('',(0.1705,-0.084,0.197));
#4385=CARTESIAN_POINT('',(0.1705,-0.084,0.197));
#4386=CARTESIAN_POINT('',(0.155788675134595,-0.084,0.197));
#4387=CARTESIAN_POINT('',(0.155788675134595,-0.1,0.197));
#4388=CARTESIAN_POINT('',(0.144211324865405,-0.084,0.197));
#4389=CARTESIAN_POINT('',(0.144211324865405,-0.1,0.197));
#4390=CARTESIAN_POINT('',(0.1705,-0.1,0.197));
#4391=CARTESIAN_POINT('',(0.1705,-0.084,0.197));
#4392=CARTESIAN_POINT('',(0.0557886751345949,-0.084,0.197));
#4393=CARTESIAN_POINT('',(0.0557886751345948,-0.1,0.197));
#4394=CARTESIAN_POINT('',(0.0442113248654052,-0.084,0.197));
#4395=CARTESIAN_POINT('',(0.0442113248654052,-0.1,0.197));
#4396=CARTESIAN_POINT('',(0.1705,-0.1,0.197));
#4397=CARTESIAN_POINT('',(0.1705,-0.084,0.197));
#4398=CARTESIAN_POINT('',(-0.0442113248654051,-0.084,0.197));
#4399=CARTESIAN_POINT('',(-0.0442113248654051,-0.1,0.197));
#4400=CARTESIAN_POINT('',(-0.0557886751345947,-0.084,0.197));
#4401=CARTESIAN_POINT('',(-0.0557886751345948,-0.1,0.197));
#4402=CARTESIAN_POINT('',(0.1705,-0.1,0.197));
#4403=CARTESIAN_POINT('',(0.1705,-0.084,0.197));
#4404=CARTESIAN_POINT('',(-0.144211324865405,-0.084,0.197));
#4405=CARTESIAN_POINT('',(-0.144211324865405,-0.1,0.197));
#4406=CARTESIAN_POINT('',(-0.155788675134595,-0.084,0.197));
#4407=CARTESIAN_POINT('',(-0.155788675134595,-0.1,0.197));
#4408=CARTESIAN_POINT('',(0.1705,-0.1,0.197));
#4409=CARTESIAN_POINT('',(0.1705,-0.1,0.197));
#4410=CARTESIAN_POINT('',(0.159466506350946,-0.1,0.190629809471617));
#4411=CARTESIAN_POINT('',(0.1655,-0.1,0.180179491924311));
#4412=CARTESIAN_POINT('',(0.150783493649054,-0.1,0.208383330249198));
#4413=CARTESIAN_POINT('',(0.1345,-0.1,0.180179491924311));
#4414=CARTESIAN_POINT('',(0.1345,-0.1,0.197));
#4415=CARTESIAN_POINT('',(0.1345,-0.1,-0.026));
#4416=CARTESIAN_POINT('',(0.1705,-0.1,-0.026));
#4417=CARTESIAN_POINT('',(0.1655,-0.1,-0.026));
#4418=CARTESIAN_POINT('',(0.1655,-0.1,0.197));
#4419=CARTESIAN_POINT('',(0.1705,-0.1,0.197));
#4420=CARTESIAN_POINT('',(0.0844665063509462,-0.1,0.147328539282395));
#4421=CARTESIAN_POINT('',(0.0655,-0.1,0.180179491924311));
#4422=CARTESIAN_POINT('',(0.0757834936490538,-0.1,0.25168460043842));
#4423=CARTESIAN_POINT('',(0.0345,-0.1,0.180179491924311));
#4424=CARTESIAN_POINT('',(0.0345,-0.1,0.197));
#4425=CARTESIAN_POINT('',(0.0345,-0.1,-0.026));
#4426=CARTESIAN_POINT('',(0.1705,-0.1,-0.026));
#4427=CARTESIAN_POINT('',(0.0655,-0.1,-0.026));
#4428=CARTESIAN_POINT('',(0.0655,-0.1,0.197));
#4429=CARTESIAN_POINT('',(0.1705,-0.1,0.197));
#4430=CARTESIAN_POINT('',(0.00946650635094615,-0.1,0.104027269093173));
#4431=CARTESIAN_POINT('',(-0.0345,-0.1,0.180179491924311));
#4432=CARTESIAN_POINT('',(0.000783493649053861,-0.1,0.294985870627641));
#4433=CARTESIAN_POINT('',(-0.0655,-0.1,0.180179491924311));
#4434=CARTESIAN_POINT('',(-0.0655,-0.1,0.197));
#4435=CARTESIAN_POINT('',(-0.0655,-0.1,-0.026));
#4436=CARTESIAN_POINT('',(0.1705,-0.1,-0.026));
#4437=CARTESIAN_POINT('',(-0.0345,-0.1,-0.026));
#4438=CARTESIAN_POINT('',(-0.0345,-0.1,0.197));
#4439=CARTESIAN_POINT('',(0.1705,-0.1,0.197));
#4440=CARTESIAN_POINT('',(-0.0655334936490538,-0.1,0.0607259989039508));
#4441=CARTESIAN_POINT('',(-0.1345,-0.1,0.180179491924311));
#4442=CARTESIAN_POINT('',(-0.074216506350946,-0.1,0.338287140816864));
#4443=CARTESIAN_POINT('',(-0.1655,-0.1,0.180179491924311));
#4444=CARTESIAN_POINT('',(-0.1655,-0.1,0.197));
#4445=CARTESIAN_POINT('',(-0.1655,-0.1,-0.026));
#4446=CARTESIAN_POINT('',(0.1705,-0.1,-0.026));
#4447=CARTESIAN_POINT('',(-0.1345,-0.1,-0.026));
#4448=CARTESIAN_POINT('',(-0.1345,-0.1,0.197));
#4449=CARTESIAN_POINT('',(-0.1655,-0.35,1.));
#4450=CARTESIAN_POINT('',(-0.1655,1.,0.180179491924311));
#4451=CARTESIAN_POINT('',(-0.1655,-0.068,-0.026));
#4452=CARTESIAN_POINT('',(-0.1655,-0.068,-0.042));
#4453=CARTESIAN_POINT('',(-0.1655,0.108,-0.042));
#4454=CARTESIAN_POINT('',(-0.1655,0.103,-0.042));
#4455=CARTESIAN_POINT('',(-0.1655,0.103,1.));
#4456=CARTESIAN_POINT('',(-0.1655,0.103,-0.058));
#4457=CARTESIAN_POINT('',(-0.1655,-0.068,-0.058));
#4458=CARTESIAN_POINT('',(-0.1655,-0.068,-0.058));
#4459=CARTESIAN_POINT('',(-0.1655,-0.068,-0.026));
#4460=CARTESIAN_POINT('',(-0.0655,-0.35,1.));
#4461=CARTESIAN_POINT('',(-0.0655,1.,0.180179491924311));
#4462=CARTESIAN_POINT('',(-0.0655,-0.068,-0.026));
#4463=CARTESIAN_POINT('',(-0.0655,-0.068,-0.042));
#4464=CARTESIAN_POINT('',(-0.0655,0.108,-0.042));
#4465=CARTESIAN_POINT('',(-0.0655,0.103,-0.042));
#4466=CARTESIAN_POINT('',(-0.0655,0.103,1.));
#4467=CARTESIAN_POINT('',(-0.0655,0.103,-0.058));
#4468=CARTESIAN_POINT('',(-0.0655,-0.068,-0.058));
#4469=CARTESIAN_POINT('',(-0.0655,-0.068,-0.058));
#4470=CARTESIAN_POINT('',(-0.0655,-0.068,-0.026));
#4471=CARTESIAN_POINT('',(-0.1345,0.103,1.));
#4472=CARTESIAN_POINT('',(-0.1345,1.,0.180179491924311));
#4473=CARTESIAN_POINT('',(-0.1345,-0.068,-0.026));
#4474=CARTESIAN_POINT('',(-0.1345,-0.068,-0.058));
#4475=CARTESIAN_POINT('',(-0.1345,-0.068,-0.058));
#4476=CARTESIAN_POINT('',(-0.1345,0.103,-0.058));
#4477=CARTESIAN_POINT('',(-0.1345,0.103,1.));
#4478=CARTESIAN_POINT('',(-0.1345,0.103,-0.042));
#4479=CARTESIAN_POINT('',(-0.1345,0.108,-0.042));
#4480=CARTESIAN_POINT('',(-0.1345,-0.068,-0.042));
#4481=CARTESIAN_POINT('',(-0.1345,-0.068,-0.026));
#4482=CARTESIAN_POINT('',(0.0345,-0.35,1.));
#4483=CARTESIAN_POINT('',(0.0345,1.,0.180179491924311));
#4484=CARTESIAN_POINT('',(0.0345,-0.068,-0.026));
#4485=CARTESIAN_POINT('',(0.0345,-0.068,-0.042));
#4486=CARTESIAN_POINT('',(0.0345,0.108,-0.042));
#4487=CARTESIAN_POINT('',(0.0345,0.103,-0.042));
#4488=CARTESIAN_POINT('',(0.0345,0.103,1.));
#4489=CARTESIAN_POINT('',(0.0345,0.103,-0.058));
#4490=CARTESIAN_POINT('',(0.0345,-0.068,-0.058));
#4491=CARTESIAN_POINT('',(0.0345,-0.068,-0.058));
#4492=CARTESIAN_POINT('',(0.0345,-0.068,-0.026));
#4493=CARTESIAN_POINT('',(-0.0345,0.103,1.));
#4494=CARTESIAN_POINT('',(-0.0345,1.,0.180179491924311));
#4495=CARTESIAN_POINT('',(-0.0345,-0.068,-0.026));
#4496=CARTESIAN_POINT('',(-0.0345,-0.068,-0.058));
#4497=CARTESIAN_POINT('',(-0.0345,-0.068,-0.058));
#4498=CARTESIAN_POINT('',(-0.0345,0.103,-0.058));
#4499=CARTESIAN_POINT('',(-0.0345,0.103,1.));
#4500=CARTESIAN_POINT('',(-0.0345,0.103,-0.042));
#4501=CARTESIAN_POINT('',(-0.0345,0.108,-0.042));
#4502=CARTESIAN_POINT('',(-0.0345,-0.068,-0.042));
#4503=CARTESIAN_POINT('',(-0.0345,-0.068,-0.026));
#4504=CARTESIAN_POINT('',(0.1345,-0.35,1.));
#4505=CARTESIAN_POINT('',(0.1345,1.,0.180179491924311));
#4506=CARTESIAN_POINT('',(0.1345,-0.068,-0.026));
#4507=CARTESIAN_POINT('',(0.1345,-0.068,-0.042));
#4508=CARTESIAN_POINT('',(0.1345,0.108,-0.042));
#4509=CARTESIAN_POINT('',(0.1345,0.103,-0.042));
#4510=CARTESIAN_POINT('',(0.1345,0.103,1.));
#4511=CARTESIAN_POINT('',(0.1345,0.103,-0.058));
#4512=CARTESIAN_POINT('',(0.1345,-0.068,-0.058));
#4513=CARTESIAN_POINT('',(0.1345,-0.068,-0.058));
#4514=CARTESIAN_POINT('',(0.1345,-0.068,-0.026));
#4515=CARTESIAN_POINT('',(0.0655,0.103,1.));
#4516=CARTESIAN_POINT('',(0.0655,1.,0.180179491924311));
#4517=CARTESIAN_POINT('',(0.0655,-0.068,-0.026));
#4518=CARTESIAN_POINT('',(0.0655,-0.068,-0.058));
#4519=CARTESIAN_POINT('',(0.0655,-0.068,-0.058));
#4520=CARTESIAN_POINT('',(0.0655,0.103,-0.058));
#4521=CARTESIAN_POINT('',(0.0655,0.103,1.));
#4522=CARTESIAN_POINT('',(0.0655,0.103,-0.042));
#4523=CARTESIAN_POINT('',(0.0655,0.108,-0.042));
#4524=CARTESIAN_POINT('',(0.0655,-0.068,-0.042));
#4525=CARTESIAN_POINT('',(0.0655,-0.068,-0.026));
#4526=CARTESIAN_POINT('',(0.1655,0.103,1.));
#4527=CARTESIAN_POINT('',(0.1655,1.,0.180179491924311));
#4528=CARTESIAN_POINT('',(0.1655,-0.068,-0.026));
#4529=CARTESIAN_POINT('',(0.1655,-0.068,-0.058));
#4530=CARTESIAN_POINT('',(0.1655,-0.068,-0.058));
#4531=CARTESIAN_POINT('',(0.1655,0.103,-0.058));
#4532=CARTESIAN_POINT('',(0.1655,0.103,1.));
#4533=CARTESIAN_POINT('',(0.1655,0.103,-0.042));
#4534=CARTESIAN_POINT('',(0.1655,0.108,-0.042));
#4535=CARTESIAN_POINT('',(0.1655,-0.068,-0.042));
#4536=CARTESIAN_POINT('',(0.1655,-0.068,-0.026));
#4537=CARTESIAN_POINT('',(-0.1655,-0.35,1.));
#4538=CARTESIAN_POINT('',(-0.1655,-0.35,0.180179491924311));
#4539=CARTESIAN_POINT('',(-0.1655,0.032,0.074));
#4540=CARTESIAN_POINT('',(-0.1655,0.032,0.058));
#4541=CARTESIAN_POINT('',(-0.1655,0.108,0.058));
#4542=CARTESIAN_POINT('',(-0.1655,0.103,0.058));
#4543=CARTESIAN_POINT('',(-0.1655,0.103,1.));
#4544=CARTESIAN_POINT('',(-0.1655,0.103,0.042));
#4545=CARTESIAN_POINT('',(-0.1655,0.032,0.042));
#4546=CARTESIAN_POINT('',(-0.1655,0.032,0.042));
#4547=CARTESIAN_POINT('',(-0.1655,0.032,0.074));
#4548=CARTESIAN_POINT('',(-0.0655,-0.35,1.));
#4549=CARTESIAN_POINT('',(-0.0655,-0.35,0.180179491924311));
#4550=CARTESIAN_POINT('',(-0.0655,0.032,0.074));
#4551=CARTESIAN_POINT('',(-0.0655,0.032,0.058));
#4552=CARTESIAN_POINT('',(-0.0655,0.108,0.058));
#4553=CARTESIAN_POINT('',(-0.0655,0.103,0.058));
#4554=CARTESIAN_POINT('',(-0.0655,0.103,1.));
#4555=CARTESIAN_POINT('',(-0.0655,0.103,0.042));
#4556=CARTESIAN_POINT('',(-0.0655,0.032,0.042));
#4557=CARTESIAN_POINT('',(-0.0655,0.032,0.042));
#4558=CARTESIAN_POINT('',(-0.0655,0.032,0.074));
#4559=CARTESIAN_POINT('',(-0.1345,0.103,1.));
#4560=CARTESIAN_POINT('',(-0.1345,0.103,0.180179491924311));
#4561=CARTESIAN_POINT('',(-0.1345,0.032,0.074));
#4562=CARTESIAN_POINT('',(-0.1345,0.032,0.042));
#4563=CARTESIAN_POINT('',(-0.1345,0.032,0.042));
#4564=CARTESIAN_POINT('',(-0.1345,0.103,0.042));
#4565=CARTESIAN_POINT('',(-0.1345,0.103,1.));
#4566=CARTESIAN_POINT('',(-0.1345,0.103,0.058));
#4567=CARTESIAN_POINT('',(-0.1345,0.108,0.058));
#4568=CARTESIAN_POINT('',(-0.1345,0.032,0.058));
#4569=CARTESIAN_POINT('',(-0.1345,0.032,0.074));
#4570=CARTESIAN_POINT('',(0.0345,-0.35,1.));
#4571=CARTESIAN_POINT('',(0.0345,-0.35,0.180179491924311));
#4572=CARTESIAN_POINT('',(0.0345,0.032,0.074));
#4573=CARTESIAN_POINT('',(0.0345,0.032,0.058));
#4574=CARTESIAN_POINT('',(0.0345,0.108,0.058));
#4575=CARTESIAN_POINT('',(0.0345,0.103,0.058));
#4576=CARTESIAN_POINT('',(0.0345,0.103,1.));
#4577=CARTESIAN_POINT('',(0.0345,0.103,0.042));
#4578=CARTESIAN_POINT('',(0.0345,0.032,0.042));
#4579=CARTESIAN_POINT('',(0.0345,0.032,0.042));
#4580=CARTESIAN_POINT('',(0.0345,0.032,0.074));
#4581=CARTESIAN_POINT('',(-0.0345,0.103,1.));
#4582=CARTESIAN_POINT('',(-0.0345,0.103,0.180179491924311));
#4583=CARTESIAN_POINT('',(-0.0345,0.032,0.074));
#4584=CARTESIAN_POINT('',(-0.0345,0.032,0.042));
#4585=CARTESIAN_POINT('',(-0.0345,0.032,0.042));
#4586=CARTESIAN_POINT('',(-0.0345,0.103,0.042));
#4587=CARTESIAN_POINT('',(-0.0345,0.103,1.));
#4588=CARTESIAN_POINT('',(-0.0345,0.103,0.058));
#4589=CARTESIAN_POINT('',(-0.0345,0.108,0.058));
#4590=CARTESIAN_POINT('',(-0.0345,0.032,0.058));
#4591=CARTESIAN_POINT('',(-0.0345,0.032,0.074));
#4592=CARTESIAN_POINT('',(0.1345,-0.35,1.));
#4593=CARTESIAN_POINT('',(0.1345,-0.35,0.180179491924311));
#4594=CARTESIAN_POINT('',(0.1345,0.032,0.074));
#4595=CARTESIAN_POINT('',(0.1345,0.032,0.058));
#4596=CARTESIAN_POINT('',(0.1345,0.108,0.058));
#4597=CARTESIAN_POINT('',(0.1345,0.103,0.058));
#4598=CARTESIAN_POINT('',(0.1345,0.103,1.));
#4599=CARTESIAN_POINT('',(0.1345,0.103,0.042));
#4600=CARTESIAN_POINT('',(0.1345,0.032,0.042));
#4601=CARTESIAN_POINT('',(0.1345,0.032,0.042));
#4602=CARTESIAN_POINT('',(0.1345,0.032,0.074));
#4603=CARTESIAN_POINT('',(0.0655,0.103,1.));
#4604=CARTESIAN_POINT('',(0.0655,0.103,0.180179491924311));
#4605=CARTESIAN_POINT('',(0.0655,0.032,0.074));
#4606=CARTESIAN_POINT('',(0.0655,0.032,0.042));
#4607=CARTESIAN_POINT('',(0.0655,0.032,0.042));
#4608=CARTESIAN_POINT('',(0.0655,0.103,0.042));
#4609=CARTESIAN_POINT('',(0.0655,0.103,1.));
#4610=CARTESIAN_POINT('',(0.0655,0.103,0.058));
#4611=CARTESIAN_POINT('',(0.0655,0.108,0.058));
#4612=CARTESIAN_POINT('',(0.0655,0.032,0.058));
#4613=CARTESIAN_POINT('',(0.0655,0.032,0.074));
#4614=CARTESIAN_POINT('',(0.1655,0.103,1.));
#4615=CARTESIAN_POINT('',(0.1655,0.103,0.180179491924311));
#4616=CARTESIAN_POINT('',(0.1655,0.032,0.074));
#4617=CARTESIAN_POINT('',(0.1655,0.032,0.042));
#4618=CARTESIAN_POINT('',(0.1655,0.032,0.042));
#4619=CARTESIAN_POINT('',(0.1655,0.103,0.042));
#4620=CARTESIAN_POINT('',(0.1655,0.103,1.));
#4621=CARTESIAN_POINT('',(0.1655,0.103,0.058));
#4622=CARTESIAN_POINT('',(0.1655,0.108,0.058));
#4623=CARTESIAN_POINT('',(0.1655,0.032,0.058));
#4624=CARTESIAN_POINT('',(0.1655,0.032,0.074));
#4625=CARTESIAN_POINT('',(-0.1705,0.108,-0.074));
#4626=CARTESIAN_POINT('',(-0.1705,0.103,-0.074));
#4627=CARTESIAN_POINT('',(-0.1705,0.103,-0.074));
#4628=CARTESIAN_POINT('',(-0.1705,0.103,0.074));
#4629=CARTESIAN_POINT('',(-0.1705,0.108,0.074));
#4630=CARTESIAN_POINT('',(-0.1705,0.108,0.074));
#4631=CARTESIAN_POINT('',(-0.1705,0.108,-0.074));
#4632=CARTESIAN_POINT('',(-0.1705,0.108,-0.074));
#4633=CARTESIAN_POINT('',(-0.1705,0.108,-0.074));
#4634=CARTESIAN_POINT('',(0.1705,0.108,0.074));
#4635=CARTESIAN_POINT('',(0.1705,0.103,0.074));
#4636=CARTESIAN_POINT('',(0.1705,0.103,0.074));
#4637=CARTESIAN_POINT('',(0.1705,0.103,-0.074));
#4638=CARTESIAN_POINT('',(0.1705,0.108,-0.074));
#4639=CARTESIAN_POINT('',(0.1705,0.108,-0.074));
#4640=CARTESIAN_POINT('',(0.1705,0.108,0.074));
#4641=CARTESIAN_POINT('',(0.1705,0.108,0.074));
#4642=CARTESIAN_POINT('',(0.1705,0.108,0.074));
#4643=CARTESIAN_POINT('',(0.1705,0.032,0.042));
#4644=CARTESIAN_POINT('',(0.1705,0.032,0.042));
#4645=CARTESIAN_POINT('',(0.,0.103,0.042));
#4646=CARTESIAN_POINT('',(0.1705,0.032,0.042));
#4647=CARTESIAN_POINT('',(0.1705,0.032,0.042));
#4648=CARTESIAN_POINT('',(0.,0.103,0.042));
#4649=CARTESIAN_POINT('',(0.1705,0.032,0.042));
#4650=CARTESIAN_POINT('',(0.1705,0.032,0.042));
#4651=CARTESIAN_POINT('',(0.,0.103,0.042));
#4652=CARTESIAN_POINT('',(0.1705,0.032,0.042));
#4653=CARTESIAN_POINT('',(0.1705,0.032,0.042));
#4654=CARTESIAN_POINT('',(0.,0.103,0.042));
#4655=CARTESIAN_POINT('',(0.1705,0.108,0.058));
#4656=CARTESIAN_POINT('',(0.,0.103,0.058));
#4657=CARTESIAN_POINT('',(0.1705,0.032,0.058));
#4658=CARTESIAN_POINT('',(0.1705,0.108,0.058));
#4659=CARTESIAN_POINT('',(0.,0.103,0.058));
#4660=CARTESIAN_POINT('',(0.1705,0.032,0.058));
#4661=CARTESIAN_POINT('',(0.1705,0.108,0.058));
#4662=CARTESIAN_POINT('',(0.,0.103,0.058));
#4663=CARTESIAN_POINT('',(0.1705,0.032,0.058));
#4664=CARTESIAN_POINT('',(0.1705,0.108,0.058));
#4665=CARTESIAN_POINT('',(0.,0.103,0.058));
#4666=CARTESIAN_POINT('',(0.1705,0.032,0.058));
#4667=CARTESIAN_POINT('',(0.1705,0.032,0.074));
#4668=CARTESIAN_POINT('',(0.1705,0.032,0.074));
#4669=CARTESIAN_POINT('',(0.1705,0.032,0.074));
#4670=CARTESIAN_POINT('',(0.1705,0.032,0.074));
#4671=CARTESIAN_POINT('',(0.1705,0.032,0.074));
#4672=CARTESIAN_POINT('',(0.1705,0.032,0.074));
#4673=CARTESIAN_POINT('',(0.1705,0.032,0.074));
#4674=CARTESIAN_POINT('',(0.1705,0.032,0.074));
#4675=CARTESIAN_POINT('',(0.1705,-0.068,-0.058));
#4676=CARTESIAN_POINT('',(0.1705,-0.068,-0.058));
#4677=CARTESIAN_POINT('',(0.,0.103,-0.058));
#4678=CARTESIAN_POINT('',(0.1705,-0.068,-0.058));
#4679=CARTESIAN_POINT('',(0.1705,-0.068,-0.058));
#4680=CARTESIAN_POINT('',(0.,0.103,-0.058));
#4681=CARTESIAN_POINT('',(0.1705,-0.068,-0.058));
#4682=CARTESIAN_POINT('',(0.1705,-0.068,-0.058));
#4683=CARTESIAN_POINT('',(0.,0.103,-0.058));
#4684=CARTESIAN_POINT('',(0.1705,-0.068,-0.058));
#4685=CARTESIAN_POINT('',(0.1705,-0.068,-0.058));
#4686=CARTESIAN_POINT('',(0.,0.103,-0.058));
#4687=CARTESIAN_POINT('',(0.1705,0.108,-0.042));
#4688=CARTESIAN_POINT('',(0.,0.103,-0.042));
#4689=CARTESIAN_POINT('',(0.1705,-0.068,-0.042));
#4690=CARTESIAN_POINT('',(0.1705,0.108,-0.042));
#4691=CARTESIAN_POINT('',(0.,0.103,-0.042));
#4692=CARTESIAN_POINT('',(0.1705,-0.068,-0.042));
#4693=CARTESIAN_POINT('',(0.1705,0.108,-0.042));
#4694=CARTESIAN_POINT('',(0.,0.103,-0.042));
#4695=CARTESIAN_POINT('',(0.1705,-0.068,-0.042));
#4696=CARTESIAN_POINT('',(0.1705,0.108,-0.042));
#4697=CARTESIAN_POINT('',(0.,0.103,-0.042));
#4698=CARTESIAN_POINT('',(0.1705,-0.068,-0.042));
#4699=CARTESIAN_POINT('',(0.1705,-0.068,-0.026));
#4700=CARTESIAN_POINT('',(0.1705,-0.068,-0.026));
#4701=CARTESIAN_POINT('',(0.1705,-0.068,-0.026));
#4702=CARTESIAN_POINT('',(0.1705,-0.068,-0.026));
#4703=CARTESIAN_POINT('',(0.1705,-0.068,-0.026));
#4704=CARTESIAN_POINT('',(0.1705,-0.068,-0.026));
#4705=CARTESIAN_POINT('',(0.1705,-0.068,-0.026));
#4706=CARTESIAN_POINT('',(0.1705,-0.068,-0.026));
#4707=CARTESIAN_POINT('',(0.,0.103,0.));
#4708=CARTESIAN_POINT('',(0.1705,0.103,-0.074));
#4709=CARTESIAN_POINT('',(-0.1705,0.103,0.074));
#4710=CARTESIAN_POINT('',(0.1705,0.108,-0.074));
#4711=CARTESIAN_POINT('',(0.1705,0.108,-0.074));
#4712=CARTESIAN_POINT('',(-0.1705,0.108,0.074));
#4713=CARTESIAN_POINT('',(-0.1705,0.108,0.074));
#4714=CARTESIAN_POINT('',(0.,0.108,0.));
#4715=CARTESIAN_POINT('',(0.1655,1.,0.180179491924311));
#4716=CARTESIAN_POINT('',(0.0655,1.,0.180179491924311));
#4717=CARTESIAN_POINT('',(0.1445,1.,0.1975));
#4718=CARTESIAN_POINT('',(-0.0345,1.,0.180179491924311));
#4719=CARTESIAN_POINT('',(0.0445,1.,0.1975));
#4720=CARTESIAN_POINT('',(-0.1345,1.,0.180179491924311));
#4721=CARTESIAN_POINT('',(-0.0555,1.,0.1975));
#4722=CARTESIAN_POINT('',(-0.1555,1.,0.1975));
#4723=CARTESIAN_POINT('',(0.1655,1.,0.180179491924311));
#4724=CARTESIAN_POINT('',(0.0655,1.,0.180179491924311));
#4725=CARTESIAN_POINT('',(0.1445,1.,0.1975));
#4726=CARTESIAN_POINT('',(-0.0345,1.,0.180179491924311));
#4727=CARTESIAN_POINT('',(0.0445,1.,0.1975));
#4728=CARTESIAN_POINT('',(-0.1345,1.,0.180179491924311));
#4729=CARTESIAN_POINT('',(-0.0555,1.,0.1975));
#4730=CARTESIAN_POINT('',(-0.1555,1.,0.1975));
#4731=CARTESIAN_POINT('',(0.,-0.068,-8.327598234202E-18));
#4732=MECHANICAL_DESIGN_GEOMETRIC_PRESENTATION_REPRESENTATION('',(#2953,
#2954),#4733);
#4733=(
GEOMETRIC_REPRESENTATION_CONTEXT(3)
GLOBAL_UNCERTAINTY_ASSIGNED_CONTEXT((#4736))
GLOBAL_UNIT_ASSIGNED_CONTEXT((#4741,#4740,#4739))
REPRESENTATION_CONTEXT('SSW-104-02-G-D-RA','TOP_LEVEL_ASSEMBLY_PART')
);
#4734=(
GEOMETRIC_REPRESENTATION_CONTEXT(3)
GLOBAL_UNCERTAINTY_ASSIGNED_CONTEXT((#4737))
GLOBAL_UNIT_ASSIGNED_CONTEXT((#4741,#4740,#4739))
REPRESENTATION_CONTEXT('T1SSW-104-02-G-D-RA','COMPONENT_PART')
);
#4735=(
GEOMETRIC_REPRESENTATION_CONTEXT(3)
GLOBAL_UNCERTAINTY_ASSIGNED_CONTEXT((#4738))
GLOBAL_UNIT_ASSIGNED_CONTEXT((#4741,#4740,#4739))
REPRESENTATION_CONTEXT('P2SSW-104-02-G-D-RA','COMPONENT_PART')
);
#4736=UNCERTAINTY_MEASURE_WITH_UNIT(LENGTH_MEASURE(3.93700787401575E-7),
#4741,'DISTANCE_ACCURACY_VALUE','Maximum Tolerance applied to model');
#4737=UNCERTAINTY_MEASURE_WITH_UNIT(LENGTH_MEASURE(3.93700787401575E-7),
#4741,'DISTANCE_ACCURACY_VALUE','Maximum Tolerance applied to model');
#4738=UNCERTAINTY_MEASURE_WITH_UNIT(LENGTH_MEASURE(3.93700787401575E-7),
#4741,'DISTANCE_ACCURACY_VALUE','Maximum Tolerance applied to model');
#4739=(
NAMED_UNIT(*)
SI_UNIT($,.STERADIAN.)
SOLID_ANGLE_UNIT()
);
#4740=(
NAMED_UNIT(*)
PLANE_ANGLE_UNIT()
SI_UNIT($,.RADIAN.)
);
#4741=(
CONVERSION_BASED_UNIT('INCH',#4743)
LENGTH_UNIT()
NAMED_UNIT(#4742)
);
#4742=DIMENSIONAL_EXPONENTS(1.,0.,0.,0.,0.,0.,0.);
#4743=LENGTH_MEASURE_WITH_UNIT(LENGTH_MEASURE(25.4),#4744);
#4744=(
LENGTH_UNIT()
NAMED_UNIT(*)
SI_UNIT(.MILLI.,.METRE.)
);
#4745=PRODUCT_DEFINITION_SHAPE('','',#4750);
#4746=PRODUCT_DEFINITION_SHAPE('','',#4751);
#4747=PRODUCT_DEFINITION_SHAPE(' ','NAUO PRDDFN',#69);
#4748=PRODUCT_DEFINITION_SHAPE('','',#4752);
#4749=PRODUCT_DEFINITION_SHAPE(' ','NAUO PRDDFN',#70);
#4750=PRODUCT_DEFINITION('','',#4756,#4753);
#4751=PRODUCT_DEFINITION('','',#4757,#4754);
#4752=PRODUCT_DEFINITION('','',#4758,#4755);
#4753=PRODUCT_DEFINITION_CONTEXT('',#4772,'design');
#4754=PRODUCT_DEFINITION_CONTEXT('',#4772,'design');
#4755=PRODUCT_DEFINITION_CONTEXT('',#4772,'design');
#4756=PRODUCT_DEFINITION_FORMATION_WITH_SPECIFIED_SOURCE('','',#4762,
 .NOT_KNOWN.);
#4757=PRODUCT_DEFINITION_FORMATION_WITH_SPECIFIED_SOURCE('','',#4763,
 .NOT_KNOWN.);
#4758=PRODUCT_DEFINITION_FORMATION_WITH_SPECIFIED_SOURCE('','',#4764,
 .NOT_KNOWN.);
#4759=PRODUCT_RELATED_PRODUCT_CATEGORY('','',(#4762));
#4760=PRODUCT_RELATED_PRODUCT_CATEGORY('','',(#4763));
#4761=PRODUCT_RELATED_PRODUCT_CATEGORY('','',(#4764));
#4762=PRODUCT('SSW-104-02-G-D-RA','SSW-104-02-G-D-RA',
'SSW-104-02-G-D-RA',(#4768));
#4763=PRODUCT('T1SSW-104-02-G-D-RA','T1SSW-104-02-G-D-RA',
'T1SSW-104-02-G-D-RA',(#4769));
#4764=PRODUCT('P2SSW-104-02-G-D-RA','P2SSW-104-02-G-D-RA',
'P2SSW-104-02-G-D-RA',(#4770));
#4765=PRODUCT_CATEGORY('','');
#4766=PRODUCT_CATEGORY('','');
#4767=PRODUCT_CATEGORY('','');
#4768=PRODUCT_CONTEXT('',#4772,'mechanical');
#4769=PRODUCT_CONTEXT('',#4772,'mechanical');
#4770=PRODUCT_CONTEXT('',#4772,'mechanical');
#4771=APPLICATION_PROTOCOL_DEFINITION('international standard',
'automotive_design',2010,#4772);
#4772=APPLICATION_CONTEXT(
'core data for automotive mechanical design processes');
ENDSEC;
END-ISO-10303-21;
