ISO-10303-21;
HEADER;
/* Generated by software containing ST-Developer
 * from STEP Tools, Inc. (www.steptools.com) 
 */
/* OPTION: strings as raw bytes, not using required /X/ escapes */

FILE_DESCRIPTION(
/* description */ ('Unknown'),
/* implementation_level */ '2;1');

FILE_NAME(
/* name */ 'TMPC0503',
/* time_stamp */ '2018-05-15T13:18:58+08:00',
/* author */ ('Unknown'),
/* organization */ ('Unknown'),
/* preprocessor_version */ 'ST-DEVELOPER v16.7',
/* originating_system */ 'DEX',
/* authorisation */ $);

FILE_SCHEMA (('AUTOMOTIVE_DESIGN {1 0 10303 214 3 1 1}'));
ENDSEC;

DATA;
#10=PROPERTY_DEFINITION_REPRESENTATION(#14,#12);
#11=PROPERTY_DEFINITION_REPRESENTATION(#15,#13);
#12=REPRESENTATION('',(#16),#13223);
#13=REPRESENTATION('',(#17),#13223);
#14=PROPERTY_DEFINITION('pmi validation property','',#13228);
#15=PROPERTY_DEFINITION('pmi validation property','',#13228);
#16=VALUE_REPRESENTATION_ITEM('number of annotations',COUNT_MEASURE(0.));
#17=VALUE_REPRESENTATION_ITEM('number of views',COUNT_MEASURE(0.));
#18=B_SPLINE_SURFACE_WITH_KNOTS('',3,1,((#11439,#11440),(#11441,#11442),
(#11443,#11444),(#11445,#11446)),.SURF_OF_LINEAR_EXTRUSION.,.F.,.F.,.F.,
(4,4),(2,2),(0.890510032133767,0.903020920190012),(0.,1.),
 .PIECEWISE_BEZIER_KNOTS.);
#19=B_SPLINE_SURFACE_WITH_KNOTS('',3,1,((#11455,#11456),(#11457,#11458),
(#11459,#11460),(#11461,#11462)),.SURF_OF_LINEAR_EXTRUSION.,.F.,.F.,.F.,
(4,4),(2,2),(0.903020920190012,0.932493741870507),(0.,1.),
 .PIECEWISE_BEZIER_KNOTS.);
#20=B_SPLINE_SURFACE_WITH_KNOTS('',3,1,((#11476,#11477),(#11478,#11479),
(#11480,#11481),(#11482,#11483),(#11484,#11485),(#11486,#11487),(#11488,
#11489),(#11490,#11491),(#11492,#11493)),.SURF_OF_LINEAR_EXTRUSION.,.F.,
 .F.,.F.,(4,1,1,1,1,1,4),(2,2),(0.,0.0412391024485572,0.0824782048971143,
0.123717307345671,0.164956409794229,0.247434614691343,0.329912819588457),
(0.,1.),.UNSPECIFIED.);
#21=B_SPLINE_SURFACE_WITH_KNOTS('',3,1,((#11518,#11519),(#11520,#11521),
(#11522,#11523),(#11524,#11525)),.SURF_OF_LINEAR_EXTRUSION.,.F.,.F.,.F.,
(4,4),(2,2),(0.329912819588457,0.40179366594438),(0.,1.),
 .PIECEWISE_BEZIER_KNOTS.);
#22=B_SPLINE_SURFACE_WITH_KNOTS('',3,1,((#11539,#11540),(#11541,#11542),
(#11543,#11544),(#11545,#11546),(#11547,#11548)),
 .SURF_OF_LINEAR_EXTRUSION.,.F.,.F.,.F.,(4,1,4),(2,2),(0.40179366594438,
0.500223222689053,0.598652779433726),(0.,1.),.UNSPECIFIED.);
#23=B_SPLINE_SURFACE_WITH_KNOTS('',3,1,((#11568,#11569),(#11570,#11571),
(#11572,#11573),(#11574,#11575),(#11576,#11577),(#11578,#11579),(#11580,
#11581)),.SURF_OF_LINEAR_EXTRUSION.,.F.,.F.,.F.,(4,1,1,1,4),(2,2),(0.598652779433726,
0.623803361806382,0.648953944179038,0.674104526551695,0.699255108924351),
(0.,1.),.UNSPECIFIED.);
#24=B_SPLINE_SURFACE_WITH_KNOTS('',3,1,((#11603,#11604),(#11605,#11606),
(#11607,#11608),(#11609,#11610)),.SURF_OF_LINEAR_EXTRUSION.,.F.,.F.,.F.,
(4,4),(2,2),(0.699255108924351,0.708001910327486),(0.,1.),
 .PIECEWISE_BEZIER_KNOTS.);
#25=B_SPLINE_SURFACE_WITH_KNOTS('',3,1,((#11617,#11618),(#11619,#11620),
(#11621,#11622),(#11623,#11624)),.SURF_OF_LINEAR_EXTRUSION.,.F.,.F.,.F.,
(4,4),(2,2),(0.708001910327486,0.721332488037326),(0.,1.),
 .PIECEWISE_BEZIER_KNOTS.);
#26=B_SPLINE_SURFACE_WITH_KNOTS('',3,1,((#11640,#11641),(#11642,#11643),
(#11644,#11645),(#11646,#11647),(#11648,#11649),(#11650,#11651),(#11652,
#11653)),.SURF_OF_LINEAR_EXTRUSION.,.F.,.F.,.F.,(4,1,1,1,4),(2,2),(0.721332488037326,
0.805921260085546,0.848215646109657,0.869362839121712,0.890510032133767),
(0.,1.),.UNSPECIFIED.);
#27=B_SPLINE_SURFACE_WITH_KNOTS('',3,1,((#11671,#11672),(#11673,#11674),
(#11675,#11676),(#11677,#11678),(#11679,#11680),(#11681,#11682),(#11683,
#11684),(#11685,#11686),(#11687,#11688),(#11689,#11690)),
 .SURF_OF_LINEAR_EXTRUSION.,.F.,.F.,.F.,(4,1,1,1,1,1,1,4),(2,2),(0.,0.217423022973276,
0.326134534459913,0.434846045946551,0.543557557433189,0.652269068919827,
0.760980580406465,0.869692091893102),(0.,1.),.UNSPECIFIED.);
#28=B_SPLINE_SURFACE_WITH_KNOTS('',3,1,((#11735,#11736),(#11737,#11738),
(#11739,#11740),(#11741,#11742),(#11743,#11744),(#11745,#11746),(#11747,
#11748),(#11749,#11750),(#11751,#11752)),.SURF_OF_LINEAR_EXTRUSION.,.T.,
 .F.,.F.,(1,1,1,1,1,1,1,1,1,1,1,1,1),(2,2),(-0.532667536428136,-0.35682483321893,
-0.180982130009724,0.,0.115647057153451,0.291489760362658,0.467332463571864,
0.64317516678107,0.819017869990276,1.,1.11564705715345,1.29148976036266,
1.46733246357186),(0.,1.),.UNSPECIFIED.);
#29=B_SPLINE_SURFACE_WITH_KNOTS('',3,1,((#11812,#11813),(#11814,#11815),
(#11816,#11817),(#11818,#11819),(#11820,#11821)),
 .SURF_OF_LINEAR_EXTRUSION.,.F.,.F.,.F.,(4,1,4),(2,2),(0.00842515671176548,
0.021434940198165,0.0344447236845646),(0.,1.),.UNSPECIFIED.);
#30=B_SPLINE_SURFACE_WITH_KNOTS('',3,1,((#11834,#11835),(#11836,#11837),
(#11838,#11839),(#11840,#11841),(#11842,#11843),(#11844,#11845),(#11846,
#11847)),.SURF_OF_LINEAR_EXTRUSION.,.F.,.F.,.F.,(4,1,1,1,4),(2,2),(0.0344447236845646,
0.105673382639988,0.141287712117699,0.159094876856555,0.176902041595411),
(0.,1.),.UNSPECIFIED.);
#31=B_SPLINE_SURFACE_WITH_KNOTS('',3,1,((#11867,#11868),(#11869,#11870),
(#11871,#11872),(#11873,#11874),(#11875,#11876)),
 .SURF_OF_LINEAR_EXTRUSION.,.F.,.F.,.F.,(4,1,4),(2,2),(0.185158695172941,
0.203205554685475,0.22125241419801),(0.,1.),.UNSPECIFIED.);
#32=B_SPLINE_SURFACE_WITH_KNOTS('',3,1,((#11897,#11898),(#11899,#11900),
(#11901,#11902),(#11903,#11904),(#11905,#11906),(#11907,#11908),(#11909,
#11910)),.SURF_OF_LINEAR_EXTRUSION.,.F.,.F.,.F.,(4,1,1,1,4),(2,2),(0.255627053582012,
0.312096616934338,0.368566180286664,0.425035743638991,0.481505306991317),
(0.,1.),.UNSPECIFIED.);
#33=B_SPLINE_SURFACE_WITH_KNOTS('',3,1,((#11928,#11929),(#11930,#11931),
(#11932,#11933),(#11934,#11935)),.SURF_OF_LINEAR_EXTRUSION.,.F.,.F.,.F.,
(4,4),(2,2),(0.481505306991317,0.500277549227439),(0.,1.),
 .PIECEWISE_BEZIER_KNOTS.);
#34=B_SPLINE_SURFACE_WITH_KNOTS('',3,1,((#11963,#11964),(#11965,#11966),
(#11967,#11968),(#11969,#11970),(#11971,#11972)),
 .SURF_OF_LINEAR_EXTRUSION.,.F.,.F.,.F.,(4,1,4),(2,2),(0.581832938578688,
0.59488645585332,0.607939973127953),(0.,1.),.UNSPECIFIED.);
#35=B_SPLINE_SURFACE_WITH_KNOTS('',3,1,((#11984,#11985),(#11986,#11987),
(#11988,#11989),(#11990,#11991),(#11992,#11993),(#11994,#11995),(#11996,
#11997)),.SURF_OF_LINEAR_EXTRUSION.,.F.,.F.,.F.,(4,1,1,1,4),(2,2),(0.607939973127953,
0.659058052880356,0.710176132632759,0.761294212385162,0.812412292137565),
(0.,1.),.UNSPECIFIED.);
#36=B_SPLINE_SURFACE_WITH_KNOTS('',3,1,((#12021,#12022),(#12023,#12024),
(#12025,#12026),(#12027,#12028)),.SURF_OF_LINEAR_EXTRUSION.,.F.,.F.,.F.,
(4,4),(2,2),(0.907953569248985,0.917177541006429),(0.,1.),
 .PIECEWISE_BEZIER_KNOTS.);
#37=B_SPLINE_SURFACE_WITH_KNOTS('',3,1,((#12035,#12036),(#12037,#12038),
(#12039,#12040),(#12041,#12042)),.SURF_OF_LINEAR_EXTRUSION.,.F.,.F.,.F.,
(4,4),(2,2),(0.917177541006429,0.926861761772505),(0.,1.),
 .PIECEWISE_BEZIER_KNOTS.);
#38=B_SPLINE_SURFACE_WITH_KNOTS('',3,1,((#12055,#12056),(#12057,#12058),
(#12059,#12060),(#12061,#12062),(#12063,#12064),(#12065,#12066),(#12067,
#12068),(#12069,#12070)),.SURF_OF_LINEAR_EXTRUSION.,.T.,.F.,.F.,(1,1,1,
1,1,1,1,1,1,1,1,1),(2,2),(-0.640072467846417,-0.386537593409188,-0.137208338248092,
0.,0.118115075686533,0.359927532153583,0.613462406590812,0.862791661751908,
1.,1.11811507568653,1.35992753215358,1.61346240659081),(0.,1.),
 .UNSPECIFIED.);
#39=B_SPLINE_SURFACE_WITH_KNOTS('',3,1,((#12101,#12102),(#12103,#12104),
(#12105,#12106),(#12107,#12108),(#12109,#12110),(#12111,#12112)),
 .SURF_OF_LINEAR_EXTRUSION.,.F.,.F.,.F.,(4,1,1,4),(2,2),(0.727017765642558,
0.767698887928813,0.788039449071941,0.808380010215069),(0.,1.),
 .UNSPECIFIED.);
#40=B_SPLINE_SURFACE_WITH_KNOTS('',3,1,((#12131,#12132),(#12133,#12134),
(#12135,#12136),(#12137,#12138)),.SURF_OF_LINEAR_EXTRUSION.,.F.,.F.,.F.,
(4,4),(2,2),(0.,0.0160283830677338),(0.,1.),.PIECEWISE_BEZIER_KNOTS.);
#41=B_SPLINE_SURFACE_WITH_KNOTS('',3,1,((#12145,#12146),(#12147,#12148),
(#12149,#12150),(#12151,#12152)),.SURF_OF_LINEAR_EXTRUSION.,.F.,.F.,.F.,
(4,4),(2,2),(0.0160283830677338,0.082898011988176),(0.,1.),
 .PIECEWISE_BEZIER_KNOTS.);
#42=B_SPLINE_SURFACE_WITH_KNOTS('',3,1,((#12166,#12167),(#12168,#12169),
(#12170,#12171),(#12172,#12173)),.SURF_OF_LINEAR_EXTRUSION.,.F.,.F.,.F.,
(4,4),(2,2),(0.0970920853055783,0.197364218242521),(0.,1.),
 .PIECEWISE_BEZIER_KNOTS.);
#43=B_SPLINE_SURFACE_WITH_KNOTS('',3,1,((#12197,#12198),(#12199,#12200),
(#12201,#12202),(#12203,#12204)),.SURF_OF_LINEAR_EXTRUSION.,.F.,.F.,.F.,
(4,4),(2,2),(0.446044382763409,0.461752464860895),(0.,1.),
 .PIECEWISE_BEZIER_KNOTS.);
#44=B_SPLINE_SURFACE_WITH_KNOTS('',3,1,((#12211,#12212),(#12213,#12214),
(#12215,#12216),(#12217,#12218)),.SURF_OF_LINEAR_EXTRUSION.,.F.,.F.,.F.,
(4,4),(2,2),(0.461752464860895,0.477792748135642),(0.,1.),
 .PIECEWISE_BEZIER_KNOTS.);
#45=B_SPLINE_SURFACE_WITH_KNOTS('',3,1,((#12252,#12253),(#12254,#12255),
(#12256,#12257),(#12258,#12259),(#12260,#12261),(#12262,#12263)),
 .SURF_OF_LINEAR_EXTRUSION.,.F.,.F.,.F.,(4,1,1,4),(2,2),(0.938637224395362,
0.953977918296521,0.969318612197681,1.),(0.,1.),.UNSPECIFIED.);
#46=B_SPLINE_SURFACE_WITH_KNOTS('',3,1,((#12275,#12276),(#12277,#12278),
(#12279,#12280),(#12281,#12282),(#12283,#12284),(#12285,#12286)),
 .SURF_OF_LINEAR_EXTRUSION.,.F.,.F.,.F.,(4,1,1,4),(2,2),(0.,0.0441295774166276,
0.0661943661249415,0.0882591548332553),(0.,1.),.UNSPECIFIED.);
#47=B_SPLINE_SURFACE_WITH_KNOTS('',3,1,((#12296,#12297),(#12298,#12299),
(#12300,#12301),(#12302,#12303)),.SURF_OF_LINEAR_EXTRUSION.,.F.,.F.,.F.,
(4,4),(2,2),(0.0882591548332553,0.0993311352069429),(0.,1.),
 .PIECEWISE_BEZIER_KNOTS.);
#48=B_SPLINE_SURFACE_WITH_KNOTS('',3,1,((#12325,#12326),(#12327,#12328),
(#12329,#12330),(#12331,#12332),(#12333,#12334),(#12335,#12336),(#12337,
#12338)),.SURF_OF_LINEAR_EXTRUSION.,.F.,.F.,.F.,(4,1,1,1,4),(2,2),(0.159535118656443,
0.169995255605546,0.18045539255465,0.201375666452856,0.24321621424927),
(0.,1.),.UNSPECIFIED.);
#49=B_SPLINE_SURFACE_WITH_KNOTS('',3,1,((#12364,#12365),(#12366,#12367),
(#12368,#12369),(#12370,#12371)),.SURF_OF_LINEAR_EXTRUSION.,.F.,.F.,.F.,
(4,4),(2,2),(0.3060523210484,0.321435812950979),(0.,1.),
 .PIECEWISE_BEZIER_KNOTS.);
#50=B_SPLINE_SURFACE_WITH_KNOTS('',3,1,((#12399,#12400),(#12401,#12402),
(#12403,#12404),(#12405,#12406),(#12407,#12408)),
 .SURF_OF_LINEAR_EXTRUSION.,.F.,.F.,.F.,(4,1,4),(2,2),(0.388267757881158,
0.398941979252273,0.409616200623389),(0.,1.),.UNSPECIFIED.);
#51=B_SPLINE_SURFACE_WITH_KNOTS('',3,1,((#12427,#12428),(#12429,#12430),
(#12431,#12432),(#12433,#12434)),.SURF_OF_LINEAR_EXTRUSION.,.F.,.F.,.F.,
(4,4),(2,2),(0.571725091838328,0.579163995877135),(0.,1.),
 .PIECEWISE_BEZIER_KNOTS.);
#52=B_SPLINE_SURFACE_WITH_KNOTS('',3,1,((#12441,#12442),(#12443,#12444),
(#12445,#12446),(#12447,#12448)),.SURF_OF_LINEAR_EXTRUSION.,.F.,.F.,.F.,
(4,4),(2,2),(0.579163995877135,0.594437423743033),(0.,1.),
 .PIECEWISE_BEZIER_KNOTS.);
#53=B_SPLINE_SURFACE_WITH_KNOTS('',3,1,((#12462,#12463),(#12464,#12465),
(#12466,#12467),(#12468,#12469)),.SURF_OF_LINEAR_EXTRUSION.,.F.,.F.,.F.,
(4,4),(2,2),(0.601341550285407,0.634559572877011),(0.,1.),
 .PIECEWISE_BEZIER_KNOTS.);
#54=B_SPLINE_SURFACE_WITH_KNOTS('',3,1,((#12494,#12495),(#12496,#12497),
(#12498,#12499),(#12500,#12501)),.SURF_OF_LINEAR_EXTRUSION.,.F.,.F.,.F.,
(4,4),(2,2),(0.850680741356147,0.871667196934335),(0.,1.),
 .PIECEWISE_BEZIER_KNOTS.);
#55=B_SPLINE_SURFACE_WITH_KNOTS('',3,1,((#12531,#12532),(#12533,#12534),
(#12535,#12536),(#12537,#12538),(#12539,#12540),(#12541,#12542),(#12543,
#12544)),.SURF_OF_LINEAR_EXTRUSION.,.F.,.F.,.F.,(4,1,1,1,4),(2,2),(0.,0.0796250366496332,
0.11943755497445,0.139343814136858,0.159250073299266),(0.,1.),
 .UNSPECIFIED.);
#56=B_SPLINE_SURFACE_WITH_KNOTS('',3,1,((#12560,#12561),(#12562,#12563),
(#12564,#12565),(#12566,#12567)),.SURF_OF_LINEAR_EXTRUSION.,.F.,.F.,.F.,
(4,4),(2,2),(0.159250073299266,0.187127658102187),(0.,1.),
 .PIECEWISE_BEZIER_KNOTS.);
#57=B_SPLINE_SURFACE_WITH_KNOTS('',3,1,((#12576,#12577),(#12578,#12579),
(#12580,#12581),(#12582,#12583)),.SURF_OF_LINEAR_EXTRUSION.,.F.,.F.,.F.,
(4,4),(2,2),(0.187127658102187,0.201239231527778),(0.,1.),
 .PIECEWISE_BEZIER_KNOTS.);
#58=B_SPLINE_SURFACE_WITH_KNOTS('',3,1,((#12590,#12591),(#12592,#12593),
(#12594,#12595),(#12596,#12597),(#12598,#12599)),
 .SURF_OF_LINEAR_EXTRUSION.,.F.,.F.,.F.,(4,1,4),(2,2),(0.201239231527778,
0.25878526266806,0.316331293808341),(0.,1.),.UNSPECIFIED.);
#59=B_SPLINE_SURFACE_WITH_KNOTS('',3,1,((#12620,#12621),(#12622,#12623),
(#12624,#12625),(#12626,#12627)),.SURF_OF_LINEAR_EXTRUSION.,.F.,.F.,.F.,
(4,4),(2,2),(0.406443186454487,0.417553060171602),(0.,1.),
 .PIECEWISE_BEZIER_KNOTS.);
#60=B_SPLINE_SURFACE_WITH_KNOTS('',3,1,((#12634,#12635),(#12636,#12637),
(#12638,#12639),(#12640,#12641)),.SURF_OF_LINEAR_EXTRUSION.,.F.,.F.,.F.,
(4,4),(2,2),(0.417553060171602,0.429009711339237),(0.,1.),
 .PIECEWISE_BEZIER_KNOTS.);
#61=B_SPLINE_SURFACE_WITH_KNOTS('',3,1,((#12667,#12668),(#12669,#12670),
(#12671,#12672),(#12673,#12674),(#12675,#12676),(#12677,#12678)),
 .SURF_OF_LINEAR_EXTRUSION.,.F.,.F.,.F.,(4,1,1,4),(2,2),(0.609047794001188,
0.637260119187131,0.651366281780103,0.665472444373075),(0.,1.),
 .UNSPECIFIED.);
#62=B_SPLINE_SURFACE_WITH_KNOTS('',3,1,((#12698,#12699),(#12700,#12701),
(#12702,#12703),(#12704,#12705)),.SURF_OF_LINEAR_EXTRUSION.,.F.,.F.,.F.,
(4,4),(2,2),(0.8034570814871,0.814975472126103),(0.,1.),
 .PIECEWISE_BEZIER_KNOTS.);
#63=B_SPLINE_SURFACE_WITH_KNOTS('',3,1,((#12712,#12713),(#12714,#12715),
(#12716,#12717),(#12718,#12719)),.SURF_OF_LINEAR_EXTRUSION.,.F.,.F.,.F.,
(4,4),(2,2),(0.814975472126103,0.859390435064318),(0.,1.),
 .PIECEWISE_BEZIER_KNOTS.);
#64=B_SPLINE_SURFACE_WITH_KNOTS('',3,1,((#12736,#12737),(#12738,#12739),
(#12740,#12741),(#12742,#12743),(#12744,#12745)),
 .SURF_OF_LINEAR_EXTRUSION.,.F.,.F.,.F.,(4,1,4),(2,2),(0.831174454007751,
0.880211555799467,0.929248657591183),(0.,1.),.UNSPECIFIED.);
#65=B_SPLINE_SURFACE_WITH_KNOTS('',3,1,((#12762,#12763),(#12764,#12765),
(#12766,#12767),(#12768,#12769)),.SURF_OF_LINEAR_EXTRUSION.,.F.,.F.,.F.,
(4,4),(2,2),(0.929248657591183,1.),(0.,1.),.PIECEWISE_BEZIER_KNOTS.);
#66=B_SPLINE_SURFACE_WITH_KNOTS('',3,1,((#12779,#12780),(#12781,#12782),
(#12783,#12784),(#12785,#12786),(#12787,#12788)),
 .SURF_OF_LINEAR_EXTRUSION.,.F.,.F.,.F.,(4,1,4),(2,2),(0.,0.127168572286908,
0.254337144573817),(0.,1.),.UNSPECIFIED.);
#67=B_SPLINE_SURFACE_WITH_KNOTS('',3,1,((#12802,#12803),(#12804,#12805),
(#12806,#12807),(#12808,#12809),(#12810,#12811)),
 .SURF_OF_LINEAR_EXTRUSION.,.F.,.F.,.F.,(4,1,4),(2,2),(0.254337144573817,
0.330140663111003,0.405944181648188),(0.,1.),.UNSPECIFIED.);
#68=B_SPLINE_SURFACE_WITH_KNOTS('',3,1,((#12829,#12830),(#12831,#12832),
(#12833,#12834),(#12835,#12836)),.SURF_OF_LINEAR_EXTRUSION.,.F.,.F.,.F.,
(4,4),(2,2),(0.405944181648188,0.421749936385872),(0.,1.),
 .PIECEWISE_BEZIER_KNOTS.);
#69=B_SPLINE_SURFACE_WITH_KNOTS('',3,1,((#12845,#12846),(#12847,#12848),
(#12849,#12850),(#12851,#12852),(#12853,#12854),(#12855,#12856),(#12857,
#12858),(#12859,#12860),(#12861,#12862),(#12863,#12864),(#12865,#12866),
(#12867,#12868)),.SURF_OF_LINEAR_EXTRUSION.,.F.,.F.,.F.,(4,1,1,1,1,1,1,
1,1,4),(2,2),(0.421749936385872,0.471854021843084,0.521958107300295,0.572062192757506,
0.622166278214717,0.672270363671929,0.72237444912914,0.747426491857745,
0.772478534586351,0.822582620043562),(0.,1.),.UNSPECIFIED.);
#70=B_SPLINE_SURFACE_WITH_KNOTS('',3,1,((#12900,#12901),(#12902,#12903),
(#12904,#12905),(#12906,#12907)),.SURF_OF_LINEAR_EXTRUSION.,.F.,.F.,.F.,
(4,4),(2,2),(0.,0.385359541861218),(0.,1.),.PIECEWISE_BEZIER_KNOTS.);
#71=B_SPLINE_SURFACE_WITH_KNOTS('',3,1,((#12940,#12941),(#12942,#12943),
(#12944,#12945),(#12946,#12947),(#12948,#12949)),
 .SURF_OF_LINEAR_EXTRUSION.,.F.,.F.,.F.,(4,1,4),(2,2),(0.617533720511907,
0.808766860255954,1.),(0.,1.),.UNSPECIFIED.);
#72=B_SPLINE_SURFACE_WITH_KNOTS('',3,1,((#12981,#12982),(#12983,#12984),
(#12985,#12986),(#12987,#12988)),.SURF_OF_LINEAR_EXTRUSION.,.F.,.F.,.F.,
(4,4),(2,2),(0.888201479860181,0.893149782259553),(0.,1.),
 .PIECEWISE_BEZIER_KNOTS.);
#73=B_SPLINE_SURFACE_WITH_KNOTS('',3,1,((#12995,#12996),(#12997,#12998),
(#12999,#13000),(#13001,#13002)),.SURF_OF_LINEAR_EXTRUSION.,.F.,.F.,.F.,
(4,4),(2,2),(0.893149782259553,0.897967030609876),(0.,1.),
 .PIECEWISE_BEZIER_KNOTS.);
#74=B_SPLINE_SURFACE_WITH_KNOTS('',3,1,((#13016,#13017),(#13018,#13019),
(#13020,#13021),(#13022,#13023)),.SURF_OF_LINEAR_EXTRUSION.,.F.,.F.,.F.,
(4,4),(2,2),(0.,0.00481779894585431),(0.,1.),.PIECEWISE_BEZIER_KNOTS.);
#75=B_SPLINE_SURFACE_WITH_KNOTS('',3,1,((#13030,#13031),(#13032,#13033),
(#13034,#13035),(#13036,#13037)),.SURF_OF_LINEAR_EXTRUSION.,.F.,.F.,.F.,
(4,4),(2,2),(0.00481779894585431,0.00973390127405851),(0.,1.),
 .PIECEWISE_BEZIER_KNOTS.);
#76=B_SPLINE_SURFACE_WITH_KNOTS('',3,1,((#13063,#13064),(#13065,#13066),
(#13067,#13068),(#13069,#13070),(#13071,#13072)),
 .SURF_OF_LINEAR_EXTRUSION.,.F.,.F.,.F.,(4,1,4),(2,2),(0.0519588271732071,
0.058681118787528,0.0654034104018489),(0.,1.),.UNSPECIFIED.);
#77=B_SPLINE_SURFACE_WITH_KNOTS('',3,1,((#13119,#13120),(#13121,#13122),
(#13123,#13124),(#13125,#13126)),.SURF_OF_LINEAR_EXTRUSION.,.F.,.F.,.F.,
(4,4),(2,2),(0.467585403835982,0.477285560278218),(0.,1.),
 .PIECEWISE_BEZIER_KNOTS.);
#78=B_SPLINE_SURFACE_WITH_KNOTS('',3,1,((#13154,#13155),(#13156,#13157),
(#13158,#13159),(#13160,#13161)),.SURF_OF_LINEAR_EXTRUSION.,.F.,.F.,.F.,
(4,4),(2,2),(0.509413946792033,0.521477317528406),(0.,1.),
 .PIECEWISE_BEZIER_KNOTS.);
#79=B_SPLINE_SURFACE_WITH_KNOTS('',3,1,((#13180,#13181),(#13182,#13183),
(#13184,#13185),(#13186,#13187)),.SURF_OF_LINEAR_EXTRUSION.,.F.,.F.,.F.,
(4,4),(2,2),(0.623521948948979,0.636380904869333),(0.,1.),
 .PIECEWISE_BEZIER_KNOTS.);
#80=DRAUGHTING_PRE_DEFINED_COLOUR('black');
#81=ELLIPSE('',#7438,0.00424264068711929,0.003);
#82=ELLIPSE('',#7440,0.00424264068711928,0.003);
#83=ELLIPSE('',#7443,0.00424264068711929,0.003);
#84=ELLIPSE('',#7445,0.00424264068711928,0.003);
#85=SHAPE_REPRESENTATION_RELATIONSHIP('','',#7180,#86);
#86=ADVANCED_BREP_SHAPE_REPRESENTATION('',(#7177,#7178),#13223);
#87=TOROIDAL_SURFACE('',#7328,0.007,0.003);
#88=TOROIDAL_SURFACE('',#7333,0.007,0.003);
#89=TOROIDAL_SURFACE('',#7338,0.007,0.003);
#90=TOROIDAL_SURFACE('',#7343,0.007,0.003);
#91=TOROIDAL_SURFACE('',#7396,0.015,0.005);
#92=TOROIDAL_SURFACE('',#7400,0.015,0.005);
#93=TOROIDAL_SURFACE('',#7403,0.015,0.005);
#94=TOROIDAL_SURFACE('',#7410,0.015,0.005);
#95=TOROIDAL_SURFACE('',#7412,0.015,0.005);
#96=TOROIDAL_SURFACE('',#7418,0.015,0.005);
#97=TOROIDAL_SURFACE('',#7421,0.015,0.005);
#98=TOROIDAL_SURFACE('',#7425,0.015,0.005);
#99=TOROIDAL_SURFACE('',#7430,0.003,0.003);
#100=TOROIDAL_SURFACE('',#7434,0.003,0.003);
#101=TOROIDAL_SURFACE('',#7449,0.003,0.003);
#102=TOROIDAL_SURFACE('',#7453,0.003,0.003);
#103=(
BOUNDED_SURFACE()
B_SPLINE_SURFACE(3,1,((#8924,#8925),(#8926,#8927),(#8928,#8929),(#8930,
#8931),(#8932,#8933),(#8934,#8935),(#8936,#8937)),
 .SURF_OF_LINEAR_EXTRUSION.,.T.,.F.,.F.)
B_SPLINE_SURFACE_WITH_KNOTS((4,3,4),(2,2),(0.,0.5,1.),(0.,1.),
 .PIECEWISE_BEZIER_KNOTS.)
GEOMETRIC_REPRESENTATION_ITEM()
RATIONAL_B_SPLINE_SURFACE(((1.,1.),(0.333333333333333,0.333333333333333),
(0.333333333333333,0.333333333333333),(1.,1.),(0.333333333333333,0.333333333333333),
(0.333333333333333,0.333333333333333),(1.,1.)))
REPRESENTATION_ITEM('')
SURFACE()
);
#104=(
BOUNDED_SURFACE()
B_SPLINE_SURFACE(3,3,((#8941,#8942,#8943,#8944),(#8945,#8946,#8947,#8948),
(#8949,#8950,#8951,#8952),(#8953,#8954,#8955,#8956),(#8957,#8958,#8959,
#8960),(#8961,#8962,#8963,#8964),(#8965,#8966,#8967,#8968)),
 .SURF_OF_REVOLUTION.,.T.,.F.,.F.)
B_SPLINE_SURFACE_WITH_KNOTS((4,3,4),(4,4),(0.,0.5,1.),(0.,1.),
 .PIECEWISE_BEZIER_KNOTS.)
GEOMETRIC_REPRESENTATION_ITEM()
RATIONAL_B_SPLINE_SURFACE(((1.,0.997717544611357,0.997717544611357,1.),
(0.333333333333333,0.332572514870452,0.332572514870452,0.333333333333333),
(0.333333333333333,0.332572514870452,0.332572514870452,0.333333333333333),
(1.,0.997717544611357,0.997717544611357,1.),(0.333333333333333,0.332572514870452,
0.332572514870452,0.333333333333333),(0.333333333333333,0.332572514870452,
0.332572514870452,0.333333333333333),(1.,0.997717544611357,0.997717544611357,
1.)))
REPRESENTATION_ITEM('')
SURFACE()
);
#105=(
BOUNDED_SURFACE()
B_SPLINE_SURFACE(3,1,((#8971,#8972),(#8973,#8974),(#8975,#8976),(#8977,
#8978),(#8979,#8980),(#8981,#8982),(#8983,#8984)),
 .SURF_OF_LINEAR_EXTRUSION.,.T.,.F.,.F.)
B_SPLINE_SURFACE_WITH_KNOTS((4,3,4),(2,2),(0.,0.5,1.),(0.,1.),
 .PIECEWISE_BEZIER_KNOTS.)
GEOMETRIC_REPRESENTATION_ITEM()
RATIONAL_B_SPLINE_SURFACE(((1.,1.),(0.333333333333333,0.333333333333333),
(0.333333333333333,0.333333333333333),(1.,1.),(0.333333333333333,0.333333333333333),
(0.333333333333333,0.333333333333333),(1.,1.)))
REPRESENTATION_ITEM('')
SURFACE()
);
#106=(
BOUNDED_SURFACE()
B_SPLINE_SURFACE(3,3,((#9139,#9140,#9141,#9142,#9143,#9144,#9145,#9146,
#9147,#9148,#9149,#9150,#9151,#9152,#9153,#9154,#9155,#9156,#9157,#9158,
#9159,#9160,#9161,#9162,#9163,#9164,#9165),(#9166,#9167,#9168,#9169,#9170,
#9171,#9172,#9173,#9174,#9175,#9176,#9177,#9178,#9179,#9180,#9181,#9182,
#9183,#9184,#9185,#9186,#9187,#9188,#9189,#9190,#9191,#9192),(#9193,#9194,
#9195,#9196,#9197,#9198,#9199,#9200,#9201,#9202,#9203,#9204,#9205,#9206,
#9207,#9208,#9209,#9210,#9211,#9212,#9213,#9214,#9215,#9216,#9217,#9218,
#9219),(#9220,#9221,#9222,#9223,#9224,#9225,#9226,#9227,#9228,#9229,#9230,
#9231,#9232,#9233,#9234,#9235,#9236,#9237,#9238,#9239,#9240,#9241,#9242,
#9243,#9244,#9245,#9246),(#9247,#9248,#9249,#9250,#9251,#9252,#9253,#9254,
#9255,#9256,#9257,#9258,#9259,#9260,#9261,#9262,#9263,#9264,#9265,#9266,
#9267,#9268,#9269,#9270,#9271,#9272,#9273),(#9274,#9275,#9276,#9277,#9278,
#9279,#9280,#9281,#9282,#9283,#9284,#9285,#9286,#9287,#9288,#9289,#9290,
#9291,#9292,#9293,#9294,#9295,#9296,#9297,#9298,#9299,#9300),(#9301,#9302,
#9303,#9304,#9305,#9306,#9307,#9308,#9309,#9310,#9311,#9312,#9313,#9314,
#9315,#9316,#9317,#9318,#9319,#9320,#9321,#9322,#9323,#9324,#9325,#9326,
#9327)),.UNSPECIFIED.,.T.,.F.,.F.)
B_SPLINE_SURFACE_WITH_KNOTS((4,3,4),(4,1,1,1,1,1,1,1,1,1,2,1,1,1,1,1,2,
1,1,1,1,1,4),(0.,0.5,1.),(0.,0.179060264151728,0.358120528303456,0.44765066037932,
0.537180792455183,0.581945858493115,0.626710924531047,0.671475990568979,
0.693858523587945,0.705049790097428,0.716241056606911,0.726758038855784,
0.737275021104657,0.758308985602403,0.779342950100149,0.789859932349022,
0.800376914597895,0.812853357435527,0.825329800273158,0.850282685948421,
0.900188457298948,0.950094228649474,1.),.UNSPECIFIED.)
GEOMETRIC_REPRESENTATION_ITEM()
RATIONAL_B_SPLINE_SURFACE(((1.,1.,1.,1.,1.,1.,1.,1.,1.,1.,1.,1.,1.,1.,1.,
1.,1.,1.,1.,1.,1.,1.,1.,1.,1.,1.,1.),(0.333333333333333,0.333333333333333,
0.333333333333333,0.333333333333333,0.333333333333333,0.333333333333333,
0.333333333333333,0.333333333333333,0.333333333333333,0.333333333333333,
0.333333333333333,0.333333333333333,0.333333333333333,0.333333333333333,
0.333333333333333,0.333333333333333,0.333333333333333,0.333333333333333,
0.333333333333333,0.333333333333333,0.333333333333333,0.333333333333333,
0.333333333333333,0.333333333333333,0.333333333333333,0.333333333333333,
0.333333333333333),(0.333333333333333,0.333333333333333,0.333333333333333,
0.333333333333333,0.333333333333333,0.333333333333333,0.333333333333333,
0.333333333333333,0.333333333333333,0.333333333333333,0.333333333333333,
0.333333333333333,0.333333333333333,0.333333333333333,0.333333333333333,
0.333333333333333,0.333333333333333,0.333333333333333,0.333333333333333,
0.333333333333333,0.333333333333333,0.333333333333333,0.333333333333333,
0.333333333333333,0.333333333333333,0.333333333333333,0.333333333333333),
(1.,1.,1.,1.,1.,1.,1.,1.,1.,1.,1.,1.,1.,1.,1.,1.,1.,1.,1.,1.,1.,1.,1.,1.,
1.,1.,1.),(0.333333333333333,0.333333333333333,0.333333333333333,0.333333333333333,
0.333333333333333,0.333333333333333,0.333333333333333,0.333333333333333,
0.333333333333333,0.333333333333333,0.333333333333333,0.333333333333333,
0.333333333333333,0.333333333333333,0.333333333333333,0.333333333333333,
0.333333333333333,0.333333333333333,0.333333333333333,0.333333333333333,
0.333333333333333,0.333333333333333,0.333333333333333,0.333333333333333,
0.333333333333333,0.333333333333333,0.333333333333333),(0.333333333333333,
0.333333333333333,0.333333333333333,0.333333333333333,0.333333333333333,
0.333333333333333,0.333333333333333,0.333333333333333,0.333333333333333,
0.333333333333333,0.333333333333333,0.333333333333333,0.333333333333333,
0.333333333333333,0.333333333333333,0.333333333333333,0.333333333333333,
0.333333333333333,0.333333333333333,0.333333333333333,0.333333333333333,
0.333333333333333,0.333333333333333,0.333333333333333,0.333333333333333,
0.333333333333333,0.333333333333333),(1.,1.,1.,1.,1.,1.,1.,1.,1.,1.,1.,
1.,1.,1.,1.,1.,1.,1.,1.,1.,1.,1.,1.,1.,1.,1.,1.)))
REPRESENTATION_ITEM('')
SURFACE()
);
#107=(
BOUNDED_SURFACE()
B_SPLINE_SURFACE(3,2,((#9332,#9333,#9334,#9335,#9336,#9337,#9338,#9339,
#9340,#9341,#9342,#9343,#9344,#9345,#9346,#9347,#9348,#9349,#9350,#9351,
#9352,#9353,#9354,#9355,#9356,#9357,#9358,#9359,#9360,#9361,#9362,#9363,
#9364,#9365,#9366,#9367,#9368,#9369,#9370,#9371,#9372,#9373,#9374,#9375,
#9376,#9377,#9378,#9379,#9380,#9381,#9382,#9383,#9384,#9385,#9386,#9387,
#9388,#9389,#9390,#9391,#9392,#9393,#9394,#9395,#9396,#9397,#9398),(#9399,
#9400,#9401,#9402,#9403,#9404,#9405,#9406,#9407,#9408,#9409,#9410,#9411,
#9412,#9413,#9414,#9415,#9416,#9417,#9418,#9419,#9420,#9421,#9422,#9423,
#9424,#9425,#9426,#9427,#9428,#9429,#9430,#9431,#9432,#9433,#9434,#9435,
#9436,#9437,#9438,#9439,#9440,#9441,#9442,#9443,#9444,#9445,#9446,#9447,
#9448,#9449,#9450,#9451,#9452,#9453,#9454,#9455,#9456,#9457,#9458,#9459,
#9460,#9461,#9462,#9463,#9464,#9465),(#9466,#9467,#9468,#9469,#9470,#9471,
#9472,#9473,#9474,#9475,#9476,#9477,#9478,#9479,#9480,#9481,#9482,#9483,
#9484,#9485,#9486,#9487,#9488,#9489,#9490,#9491,#9492,#9493,#9494,#9495,
#9496,#9497,#9498,#9499,#9500,#9501,#9502,#9503,#9504,#9505,#9506,#9507,
#9508,#9509,#9510,#9511,#9512,#9513,#9514,#9515,#9516,#9517,#9518,#9519,
#9520,#9521,#9522,#9523,#9524,#9525,#9526,#9527,#9528,#9529,#9530,#9531,
#9532),(#9533,#9534,#9535,#9536,#9537,#9538,#9539,#9540,#9541,#9542,#9543,
#9544,#9545,#9546,#9547,#9548,#9549,#9550,#9551,#9552,#9553,#9554,#9555,
#9556,#9557,#9558,#9559,#9560,#9561,#9562,#9563,#9564,#9565,#9566,#9567,
#9568,#9569,#9570,#9571,#9572,#9573,#9574,#9575,#9576,#9577,#9578,#9579,
#9580,#9581,#9582,#9583,#9584,#9585,#9586,#9587,#9588,#9589,#9590,#9591,
#9592,#9593,#9594,#9595,#9596,#9597,#9598,#9599),(#9600,#9601,#9602,#9603,
#9604,#9605,#9606,#9607,#9608,#9609,#9610,#9611,#9612,#9613,#9614,#9615,
#9616,#9617,#9618,#9619,#9620,#9621,#9622,#9623,#9624,#9625,#9626,#9627,
#9628,#9629,#9630,#9631,#9632,#9633,#9634,#9635,#9636,#9637,#9638,#9639,
#9640,#9641,#9642,#9643,#9644,#9645,#9646,#9647,#9648,#9649,#9650,#9651,
#9652,#9653,#9654,#9655,#9656,#9657,#9658,#9659,#9660,#9661,#9662,#9663,
#9664,#9665,#9666),(#9667,#9668,#9669,#9670,#9671,#9672,#9673,#9674,#9675,
#9676,#9677,#9678,#9679,#9680,#9681,#9682,#9683,#9684,#9685,#9686,#9687,
#9688,#9689,#9690,#9691,#9692,#9693,#9694,#9695,#9696,#9697,#9698,#9699,
#9700,#9701,#9702,#9703,#9704,#9705,#9706,#9707,#9708,#9709,#9710,#9711,
#9712,#9713,#9714,#9715,#9716,#9717,#9718,#9719,#9720,#9721,#9722,#9723,
#9724,#9725,#9726,#9727,#9728,#9729,#9730,#9731,#9732,#9733),(#9734,#9735,
#9736,#9737,#9738,#9739,#9740,#9741,#9742,#9743,#9744,#9745,#9746,#9747,
#9748,#9749,#9750,#9751,#9752,#9753,#9754,#9755,#9756,#9757,#9758,#9759,
#9760,#9761,#9762,#9763,#9764,#9765,#9766,#9767,#9768,#9769,#9770,#9771,
#9772,#9773,#9774,#9775,#9776,#9777,#9778,#9779,#9780,#9781,#9782,#9783,
#9784,#9785,#9786,#9787,#9788,#9789,#9790,#9791,#9792,#9793,#9794,#9795,
#9796,#9797,#9798,#9799,#9800)),.UNSPECIFIED.,.T.,.F.,.F.)
B_SPLINE_SURFACE_WITH_KNOTS((4,3,4),(3,2,2,2,2,2,2,2,2,2,2,2,2,2,2,2,2,
2,2,2,2,2,2,2,2,2,2,2,2,2,2,2,2,3),(0.,0.5,1.),(0.,0.0277777777777778,0.0555555555555556,
0.0833333333333333,0.111111111111111,0.138888888888889,0.166666666666667,
0.194444444444444,0.222222222222222,0.25,0.277777777777778,0.305555555555556,
0.333333333333333,0.361111111111111,0.388888888888889,0.416666666666667,
0.444444444444444,0.472222222222222,0.5,0.527777777777778,0.555555555555556,
0.583333333333333,0.611111111111111,0.638888888888889,0.666666666666667,
0.694444444444444,0.722222222222222,0.75,0.777777777777778,0.805555555555556,
0.833333333333333,0.861111111111111,0.888888888888889,0.916666666666667),
 .PIECEWISE_BEZIER_KNOTS.)
GEOMETRIC_REPRESENTATION_ITEM()
RATIONAL_B_SPLINE_SURFACE(((1.,0.866025403784439,1.,0.866025403784439,1.,
0.866025403784439,1.,0.866025403784439,1.,0.866025403784439,1.,0.866025403784439,
1.,0.866025403784439,1.,0.866025403784439,1.,0.866025403784439,1.,0.866025403784439,
1.,0.866025403784439,1.,0.866025403784439,1.,0.866025403784439,1.,0.866025403784439,
1.,0.866025403784439,1.,0.866025403784439,1.,0.866025403784439,1.,0.866025403784439,
1.,0.866025403784439,1.,0.866025403784439,1.,0.866025403784439,1.,0.866025403784439,
1.,0.866025403784439,1.,0.866025403784439,1.,0.866025403784439,1.,0.866025403784439,
1.,0.866025403784439,1.,0.866025403784439,1.,0.866025403784439,1.,0.866025403784439,
1.,0.866025403784439,1.,0.866025403784439,1.,0.866025403784439,1.),(0.333333333333333,
0.288675134594813,0.333333333333333,0.288675134594813,0.333333333333333,
0.288675134594813,0.333333333333333,0.288675134594813,0.333333333333333,
0.288675134594813,0.333333333333333,0.288675134594813,0.333333333333333,
0.288675134594813,0.333333333333333,0.288675134594813,0.333333333333333,
0.288675134594813,0.333333333333333,0.288675134594813,0.333333333333333,
0.288675134594813,0.333333333333333,0.288675134594813,0.333333333333333,
0.288675134594813,0.333333333333333,0.288675134594813,0.333333333333333,
0.288675134594813,0.333333333333333,0.288675134594813,0.333333333333333,
0.288675134594813,0.333333333333333,0.288675134594813,0.333333333333333,
0.288675134594813,0.333333333333333,0.288675134594813,0.333333333333333,
0.288675134594813,0.333333333333333,0.288675134594813,0.333333333333333,
0.288675134594813,0.333333333333333,0.288675134594813,0.333333333333333,
0.288675134594813,0.333333333333333,0.288675134594813,0.333333333333333,
0.288675134594813,0.333333333333333,0.288675134594813,0.333333333333333,
0.288675134594813,0.333333333333333,0.288675134594813,0.333333333333333,
0.288675134594813,0.333333333333333,0.288675134594813,0.333333333333333,
0.288675134594813,0.333333333333333),(0.333333333333333,0.288675134594813,
0.333333333333333,0.288675134594813,0.333333333333333,0.288675134594813,
0.333333333333333,0.288675134594813,0.333333333333333,0.288675134594813,
0.333333333333333,0.288675134594813,0.333333333333333,0.288675134594813,
0.333333333333333,0.288675134594813,0.333333333333333,0.288675134594813,
0.333333333333333,0.288675134594813,0.333333333333333,0.288675134594813,
0.333333333333333,0.288675134594813,0.333333333333333,0.288675134594813,
0.333333333333333,0.288675134594813,0.333333333333333,0.288675134594813,
0.333333333333333,0.288675134594813,0.333333333333333,0.288675134594813,
0.333333333333333,0.288675134594813,0.333333333333333,0.288675134594813,
0.333333333333333,0.288675134594813,0.333333333333333,0.288675134594813,
0.333333333333333,0.288675134594813,0.333333333333333,0.288675134594813,
0.333333333333333,0.288675134594813,0.333333333333333,0.288675134594813,
0.333333333333333,0.288675134594813,0.333333333333333,0.288675134594813,
0.333333333333333,0.288675134594813,0.333333333333333,0.288675134594813,
0.333333333333333,0.288675134594813,0.333333333333333,0.288675134594813,
0.333333333333333,0.288675134594813,0.333333333333333,0.288675134594813,
0.333333333333333),(1.,0.866025403784439,1.,0.866025403784439,1.,0.866025403784439,
1.,0.866025403784439,1.,0.866025403784439,1.,0.866025403784439,1.,0.866025403784439,
1.,0.866025403784439,1.,0.866025403784439,1.,0.866025403784439,1.,0.866025403784439,
1.,0.866025403784439,1.,0.866025403784439,1.,0.866025403784439,1.,0.866025403784439,
1.,0.866025403784439,1.,0.866025403784439,1.,0.866025403784439,1.,0.866025403784439,
1.,0.866025403784439,1.,0.866025403784439,1.,0.866025403784439,1.,0.866025403784439,
1.,0.866025403784439,1.,0.866025403784439,1.,0.866025403784439,1.,0.866025403784439,
1.,0.866025403784439,1.,0.866025403784439,1.,0.866025403784439,1.,0.866025403784439,
1.,0.866025403784439,1.,0.866025403784439,1.),(0.333333333333333,0.288675134594813,
0.333333333333333,0.288675134594813,0.333333333333333,0.288675134594813,
0.333333333333333,0.288675134594813,0.333333333333333,0.288675134594813,
0.333333333333333,0.288675134594813,0.333333333333333,0.288675134594813,
0.333333333333333,0.288675134594813,0.333333333333333,0.288675134594813,
0.333333333333333,0.288675134594813,0.333333333333333,0.288675134594813,
0.333333333333333,0.288675134594813,0.333333333333333,0.288675134594813,
0.333333333333333,0.288675134594813,0.333333333333333,0.288675134594813,
0.333333333333333,0.288675134594813,0.333333333333333,0.288675134594813,
0.333333333333333,0.288675134594813,0.333333333333333,0.288675134594813,
0.333333333333333,0.288675134594813,0.333333333333333,0.288675134594813,
0.333333333333333,0.288675134594813,0.333333333333333,0.288675134594813,
0.333333333333333,0.288675134594813,0.333333333333333,0.288675134594813,
0.333333333333333,0.288675134594813,0.333333333333333,0.288675134594813,
0.333333333333333,0.288675134594813,0.333333333333333,0.288675134594813,
0.333333333333333,0.288675134594813,0.333333333333333,0.288675134594813,
0.333333333333333,0.288675134594813,0.333333333333333,0.288675134594813,
0.333333333333333),(0.333333333333333,0.288675134594813,0.333333333333333,
0.288675134594813,0.333333333333333,0.288675134594813,0.333333333333333,
0.288675134594813,0.333333333333333,0.288675134594813,0.333333333333333,
0.288675134594813,0.333333333333333,0.288675134594813,0.333333333333333,
0.288675134594813,0.333333333333333,0.288675134594813,0.333333333333333,
0.288675134594813,0.333333333333333,0.288675134594813,0.333333333333333,
0.288675134594813,0.333333333333333,0.288675134594813,0.333333333333333,
0.288675134594813,0.333333333333333,0.288675134594813,0.333333333333333,
0.288675134594813,0.333333333333333,0.288675134594813,0.333333333333333,
0.288675134594813,0.333333333333333,0.288675134594813,0.333333333333333,
0.288675134594813,0.333333333333333,0.288675134594813,0.333333333333333,
0.288675134594813,0.333333333333333,0.288675134594813,0.333333333333333,
0.288675134594813,0.333333333333333,0.288675134594813,0.333333333333333,
0.288675134594813,0.333333333333333,0.288675134594813,0.333333333333333,
0.288675134594813,0.333333333333333,0.288675134594813,0.333333333333333,
0.288675134594813,0.333333333333333,0.288675134594813,0.333333333333333,
0.288675134594813,0.333333333333333,0.288675134594813,0.333333333333333),
(1.,0.866025403784439,1.,0.866025403784439,1.,0.866025403784439,1.,0.866025403784439,
1.,0.866025403784439,1.,0.866025403784439,1.,0.866025403784439,1.,0.866025403784439,
1.,0.866025403784439,1.,0.866025403784439,1.,0.866025403784439,1.,0.866025403784439,
1.,0.866025403784439,1.,0.866025403784439,1.,0.866025403784439,1.,0.866025403784439,
1.,0.866025403784439,1.,0.866025403784439,1.,0.866025403784439,1.,0.866025403784439,
1.,0.866025403784439,1.,0.866025403784439,1.,0.866025403784439,1.,0.866025403784439,
1.,0.866025403784439,1.,0.866025403784439,1.,0.866025403784439,1.,0.866025403784439,
1.,0.866025403784439,1.,0.866025403784439,1.,0.866025403784439,1.,0.866025403784439,
1.,0.866025403784439,1.)))
REPRESENTATION_ITEM('')
SURFACE()
);
#108=(
BOUNDED_SURFACE()
B_SPLINE_SURFACE(3,3,((#9834,#9835,#9836,#9837),(#9838,#9839,#9840,#9841),
(#9842,#9843,#9844,#9845),(#9846,#9847,#9848,#9849),(#9850,#9851,#9852,
#9853),(#9854,#9855,#9856,#9857),(#9858,#9859,#9860,#9861)),
 .SURF_OF_REVOLUTION.,.T.,.F.,.F.)
B_SPLINE_SURFACE_WITH_KNOTS((4,3,4),(4,4),(0.,0.5,1.),(0.,1.),
 .PIECEWISE_BEZIER_KNOTS.)
GEOMETRIC_REPRESENTATION_ITEM()
RATIONAL_B_SPLINE_SURFACE(((1.,0.344249952945586,0.344249952945586,1.),
(0.333333333333333,0.114749984315195,0.114749984315195,0.333333333333333),
(0.333333333333333,0.114749984315195,0.114749984315195,0.333333333333333),
(1.,0.344249952945586,0.344249952945586,1.),(0.333333333333333,0.114749984315195,
0.114749984315195,0.333333333333333),(0.333333333333333,0.114749984315195,
0.114749984315195,0.333333333333333),(1.,0.344249952945586,0.344249952945586,
1.)))
REPRESENTATION_ITEM('')
SURFACE()
);
#109=(
BOUNDED_SURFACE()
B_SPLINE_SURFACE(3,2,((#9890,#9891,#9892,#9893,#9894,#9895,#9896,#9897,
#9898,#9899,#9900,#9901,#9902,#9903,#9904,#9905,#9906,#9907,#9908,#9909,
#9910,#9911,#9912,#9913,#9914,#9915,#9916,#9917,#9918,#9919,#9920,#9921,
#9922,#9923,#9924,#9925,#9926,#9927,#9928,#9929,#9930,#9931,#9932,#9933,
#9934,#9935,#9936,#9937,#9938,#9939,#9940,#9941,#9942,#9943,#9944),(#9945,
#9946,#9947,#9948,#9949,#9950,#9951,#9952,#9953,#9954,#9955,#9956,#9957,
#9958,#9959,#9960,#9961,#9962,#9963,#9964,#9965,#9966,#9967,#9968,#9969,
#9970,#9971,#9972,#9973,#9974,#9975,#9976,#9977,#9978,#9979,#9980,#9981,
#9982,#9983,#9984,#9985,#9986,#9987,#9988,#9989,#9990,#9991,#9992,#9993,
#9994,#9995,#9996,#9997,#9998,#9999),(#10000,#10001,#10002,#10003,#10004,
#10005,#10006,#10007,#10008,#10009,#10010,#10011,#10012,#10013,#10014,#10015,
#10016,#10017,#10018,#10019,#10020,#10021,#10022,#10023,#10024,#10025,#10026,
#10027,#10028,#10029,#10030,#10031,#10032,#10033,#10034,#10035,#10036,#10037,
#10038,#10039,#10040,#10041,#10042,#10043,#10044,#10045,#10046,#10047,#10048,
#10049,#10050,#10051,#10052,#10053,#10054),(#10055,#10056,#10057,#10058,
#10059,#10060,#10061,#10062,#10063,#10064,#10065,#10066,#10067,#10068,#10069,
#10070,#10071,#10072,#10073,#10074,#10075,#10076,#10077,#10078,#10079,#10080,
#10081,#10082,#10083,#10084,#10085,#10086,#10087,#10088,#10089,#10090,#10091,
#10092,#10093,#10094,#10095,#10096,#10097,#10098,#10099,#10100,#10101,#10102,
#10103,#10104,#10105,#10106,#10107,#10108,#10109),(#10110,#10111,#10112,
#10113,#10114,#10115,#10116,#10117,#10118,#10119,#10120,#10121,#10122,#10123,
#10124,#10125,#10126,#10127,#10128,#10129,#10130,#10131,#10132,#10133,#10134,
#10135,#10136,#10137,#10138,#10139,#10140,#10141,#10142,#10143,#10144,#10145,
#10146,#10147,#10148,#10149,#10150,#10151,#10152,#10153,#10154,#10155,#10156,
#10157,#10158,#10159,#10160,#10161,#10162,#10163,#10164),(#10165,#10166,
#10167,#10168,#10169,#10170,#10171,#10172,#10173,#10174,#10175,#10176,#10177,
#10178,#10179,#10180,#10181,#10182,#10183,#10184,#10185,#10186,#10187,#10188,
#10189,#10190,#10191,#10192,#10193,#10194,#10195,#10196,#10197,#10198,#10199,
#10200,#10201,#10202,#10203,#10204,#10205,#10206,#10207,#10208,#10209,#10210,
#10211,#10212,#10213,#10214,#10215,#10216,#10217,#10218,#10219),(#10220,
#10221,#10222,#10223,#10224,#10225,#10226,#10227,#10228,#10229,#10230,#10231,
#10232,#10233,#10234,#10235,#10236,#10237,#10238,#10239,#10240,#10241,#10242,
#10243,#10244,#10245,#10246,#10247,#10248,#10249,#10250,#10251,#10252,#10253,
#10254,#10255,#10256,#10257,#10258,#10259,#10260,#10261,#10262,#10263,#10264,
#10265,#10266,#10267,#10268,#10269,#10270,#10271,#10272,#10273,#10274)),
 .UNSPECIFIED.,.T.,.F.,.F.)
B_SPLINE_SURFACE_WITH_KNOTS((4,3,4),(3,2,2,2,2,2,2,2,2,2,2,2,2,2,2,2,2,
2,2,2,2,2,2,2,2,2,2,3),(0.,0.5,1.),(0.,0.0333333333333333,0.0666666666666667,
0.1,0.133333333333333,0.166666666666667,0.2,0.233333333333333,0.266666666666667,
0.3,0.333333333333333,0.366666666666667,0.4,0.433333333333333,0.466666666666667,
0.5,0.533333333333333,0.566666666666667,0.6,0.633333333333333,0.666666666666667,
0.7,0.733333333333333,0.766666666666667,0.8,0.833333333333333,0.866666666666667,
0.9),.PIECEWISE_BEZIER_KNOTS.)
GEOMETRIC_REPRESENTATION_ITEM()
RATIONAL_B_SPLINE_SURFACE(((1.,0.866025403784439,1.,0.866025403784439,1.,
0.866025403784439,1.,0.866025403784439,1.,0.866025403784439,1.,0.866025403784439,
1.,0.866025403784439,1.,0.866025403784439,1.,0.866025403784439,1.,0.866025403784439,
1.,0.866025403784439,1.,0.866025403784439,1.,0.866025403784439,1.,0.866025403784439,
1.,0.866025403784439,1.,0.866025403784439,1.,0.866025403784439,1.,0.866025403784439,
1.,0.866025403784439,1.,0.866025403784439,1.,0.866025403784439,1.,0.866025403784439,
1.,0.866025403784439,1.,0.866025403784439,1.,0.866025403784439,1.,0.866025403784439,
1.,0.866025403784439,1.),(0.333333333333333,0.288675134594813,0.333333333333333,
0.288675134594813,0.333333333333333,0.288675134594813,0.333333333333333,
0.288675134594813,0.333333333333333,0.288675134594813,0.333333333333333,
0.288675134594813,0.333333333333333,0.288675134594813,0.333333333333333,
0.288675134594813,0.333333333333333,0.288675134594813,0.333333333333333,
0.288675134594813,0.333333333333333,0.288675134594813,0.333333333333333,
0.288675134594813,0.333333333333333,0.288675134594813,0.333333333333333,
0.288675134594813,0.333333333333333,0.288675134594813,0.333333333333333,
0.288675134594813,0.333333333333333,0.288675134594813,0.333333333333333,
0.288675134594813,0.333333333333333,0.288675134594813,0.333333333333333,
0.288675134594813,0.333333333333333,0.288675134594813,0.333333333333333,
0.288675134594813,0.333333333333333,0.288675134594813,0.333333333333333,
0.288675134594813,0.333333333333333,0.288675134594813,0.333333333333333,
0.288675134594813,0.333333333333333,0.288675134594813,0.333333333333333),
(0.333333333333333,0.288675134594813,0.333333333333333,0.288675134594813,
0.333333333333333,0.288675134594813,0.333333333333333,0.288675134594813,
0.333333333333333,0.288675134594813,0.333333333333333,0.288675134594813,
0.333333333333333,0.288675134594813,0.333333333333333,0.288675134594813,
0.333333333333333,0.288675134594813,0.333333333333333,0.288675134594813,
0.333333333333333,0.288675134594813,0.333333333333333,0.288675134594813,
0.333333333333333,0.288675134594813,0.333333333333333,0.288675134594813,
0.333333333333333,0.288675134594813,0.333333333333333,0.288675134594813,
0.333333333333333,0.288675134594813,0.333333333333333,0.288675134594813,
0.333333333333333,0.288675134594813,0.333333333333333,0.288675134594813,
0.333333333333333,0.288675134594813,0.333333333333333,0.288675134594813,
0.333333333333333,0.288675134594813,0.333333333333333,0.288675134594813,
0.333333333333333,0.288675134594813,0.333333333333333,0.288675134594813,
0.333333333333333,0.288675134594813,0.333333333333333),(1.,0.866025403784439,
1.,0.866025403784439,1.,0.866025403784439,1.,0.866025403784439,1.,0.866025403784439,
1.,0.866025403784439,1.,0.866025403784439,1.,0.866025403784439,1.,0.866025403784439,
1.,0.866025403784439,1.,0.866025403784439,1.,0.866025403784439,1.,0.866025403784439,
1.,0.866025403784439,1.,0.866025403784439,1.,0.866025403784439,1.,0.866025403784439,
1.,0.866025403784439,1.,0.866025403784439,1.,0.866025403784439,1.,0.866025403784439,
1.,0.866025403784439,1.,0.866025403784439,1.,0.866025403784439,1.,0.866025403784439,
1.,0.866025403784439,1.,0.866025403784439,1.),(0.333333333333333,0.288675134594813,
0.333333333333333,0.288675134594813,0.333333333333333,0.288675134594813,
0.333333333333333,0.288675134594813,0.333333333333333,0.288675134594813,
0.333333333333333,0.288675134594813,0.333333333333333,0.288675134594813,
0.333333333333333,0.288675134594813,0.333333333333333,0.288675134594813,
0.333333333333333,0.288675134594813,0.333333333333333,0.288675134594813,
0.333333333333333,0.288675134594813,0.333333333333333,0.288675134594813,
0.333333333333333,0.288675134594813,0.333333333333333,0.288675134594813,
0.333333333333333,0.288675134594813,0.333333333333333,0.288675134594813,
0.333333333333333,0.288675134594813,0.333333333333333,0.288675134594813,
0.333333333333333,0.288675134594813,0.333333333333333,0.288675134594813,
0.333333333333333,0.288675134594813,0.333333333333333,0.288675134594813,
0.333333333333333,0.288675134594813,0.333333333333333,0.288675134594813,
0.333333333333333,0.288675134594813,0.333333333333333,0.288675134594813,
0.333333333333333),(0.333333333333333,0.288675134594813,0.333333333333333,
0.288675134594813,0.333333333333333,0.288675134594813,0.333333333333333,
0.288675134594813,0.333333333333333,0.288675134594813,0.333333333333333,
0.288675134594813,0.333333333333333,0.288675134594813,0.333333333333333,
0.288675134594813,0.333333333333333,0.288675134594813,0.333333333333333,
0.288675134594813,0.333333333333333,0.288675134594813,0.333333333333333,
0.288675134594813,0.333333333333333,0.288675134594813,0.333333333333333,
0.288675134594813,0.333333333333333,0.288675134594813,0.333333333333333,
0.288675134594813,0.333333333333333,0.288675134594813,0.333333333333333,
0.288675134594813,0.333333333333333,0.288675134594813,0.333333333333333,
0.288675134594813,0.333333333333333,0.288675134594813,0.333333333333333,
0.288675134594813,0.333333333333333,0.288675134594813,0.333333333333333,
0.288675134594813,0.333333333333333,0.288675134594813,0.333333333333333,
0.288675134594813,0.333333333333333,0.288675134594813,0.333333333333333),
(1.,0.866025403784439,1.,0.866025403784439,1.,0.866025403784439,1.,0.866025403784439,
1.,0.866025403784439,1.,0.866025403784439,1.,0.866025403784439,1.,0.866025403784439,
1.,0.866025403784439,1.,0.866025403784439,1.,0.866025403784439,1.,0.866025403784439,
1.,0.866025403784439,1.,0.866025403784439,1.,0.866025403784439,1.,0.866025403784439,
1.,0.866025403784439,1.,0.866025403784439,1.,0.866025403784439,1.,0.866025403784439,
1.,0.866025403784439,1.,0.866025403784439,1.,0.866025403784439,1.,0.866025403784439,
1.,0.866025403784439,1.,0.866025403784439,1.,0.866025403784439,1.)))
REPRESENTATION_ITEM('')
SURFACE()
);
#110=PLANE('',#7185);
#111=PLANE('',#7190);
#112=PLANE('',#7195);
#113=PLANE('',#7203);
#114=PLANE('',#7208);
#115=PLANE('',#7213);
#116=PLANE('',#7231);
#117=PLANE('',#7237);
#118=PLANE('',#7238);
#119=PLANE('',#7239);
#120=PLANE('',#7240);
#121=PLANE('',#7245);
#122=PLANE('',#7256);
#123=PLANE('',#7262);
#124=PLANE('',#7263);
#125=PLANE('',#7275);
#126=PLANE('',#7276);
#127=PLANE('',#7277);
#128=PLANE('',#7278);
#129=PLANE('',#7281);
#130=PLANE('',#7284);
#131=PLANE('',#7285);
#132=PLANE('',#7289);
#133=PLANE('',#7293);
#134=PLANE('',#7297);
#135=PLANE('',#7301);
#136=PLANE('',#7302);
#137=PLANE('',#7303);
#138=PLANE('',#7304);
#139=PLANE('',#7305);
#140=PLANE('',#7346);
#141=PLANE('',#7353);
#142=PLANE('',#7356);
#143=PLANE('',#7357);
#144=PLANE('',#7360);
#145=PLANE('',#7361);
#146=PLANE('',#7370);
#147=PLANE('',#7372);
#148=PLANE('',#7373);
#149=PLANE('',#7375);
#150=PLANE('',#7376);
#151=PLANE('',#7378);
#152=PLANE('',#7380);
#153=PLANE('',#7381);
#154=PLANE('',#7461);
#155=PLANE('',#7462);
#156=PLANE('',#7463);
#157=PLANE('',#7464);
#158=PLANE('',#7465);
#159=PLANE('',#7466);
#160=PLANE('',#7467);
#161=PLANE('',#7468);
#162=PLANE('',#7469);
#163=PLANE('',#7470);
#164=PLANE('',#7471);
#165=PLANE('',#7472);
#166=PLANE('',#7473);
#167=PLANE('',#7474);
#168=PLANE('',#7475);
#169=PLANE('',#7476);
#170=PLANE('',#7477);
#171=PLANE('',#7478);
#172=PLANE('',#7479);
#173=PLANE('',#7480);
#174=PLANE('',#7481);
#175=PLANE('',#7482);
#176=PLANE('',#7483);
#177=PLANE('',#7484);
#178=PLANE('',#7485);
#179=PLANE('',#7486);
#180=PLANE('',#7487);
#181=PLANE('',#7488);
#182=PLANE('',#7489);
#183=PLANE('',#7490);
#184=PLANE('',#7491);
#185=PLANE('',#7492);
#186=PLANE('',#7493);
#187=PLANE('',#7494);
#188=PLANE('',#7495);
#189=PLANE('',#7496);
#190=PLANE('',#7497);
#191=PLANE('',#7498);
#192=PLANE('',#7499);
#193=PLANE('',#7500);
#194=PLANE('',#7501);
#195=PLANE('',#7502);
#196=PLANE('',#7503);
#197=PLANE('',#7504);
#198=PLANE('',#7505);
#199=PLANE('',#7506);
#200=PLANE('',#7507);
#201=PLANE('',#7508);
#202=PLANE('',#7509);
#203=PLANE('',#7510);
#204=PLANE('',#7511);
#205=PLANE('',#7512);
#206=PLANE('',#7513);
#207=PLANE('',#7514);
#208=PLANE('',#7517);
#209=PLANE('',#7518);
#210=PLANE('',#7519);
#211=PLANE('',#7520);
#212=PLANE('',#7521);
#213=PLANE('',#7522);
#214=PLANE('',#7523);
#215=PLANE('',#7524);
#216=PLANE('',#7525);
#217=PLANE('',#7526);
#218=PLANE('',#7527);
#219=PLANE('',#7528);
#220=PLANE('',#7529);
#221=PLANE('',#7530);
#222=PLANE('',#7531);
#223=PLANE('',#7532);
#224=PLANE('',#7533);
#225=PLANE('',#7534);
#226=PLANE('',#7535);
#227=PLANE('',#7536);
#228=PLANE('',#7537);
#229=PLANE('',#7538);
#230=PLANE('',#7539);
#231=PLANE('',#7540);
#232=PLANE('',#7541);
#233=PLANE('',#7542);
#234=PLANE('',#7543);
#235=PLANE('',#7544);
#236=PLANE('',#7545);
#237=PLANE('',#7546);
#238=PLANE('',#7547);
#239=CIRCLE('',#7183,0.22318265555608);
#240=CIRCLE('',#7184,0.22318265555608);
#241=CIRCLE('',#7186,0.01);
#242=CIRCLE('',#7187,0.03);
#243=CIRCLE('',#7188,0.0100000000000025);
#244=CIRCLE('',#7189,0.211264951321159);
#245=CIRCLE('',#7191,0.211264951321159);
#246=CIRCLE('',#7192,0.0100000000000025);
#247=CIRCLE('',#7193,0.03);
#248=CIRCLE('',#7194,0.01);
#249=CIRCLE('',#7196,0.211264951321159);
#250=CIRCLE('',#7197,0.0100000000000025);
#251=CIRCLE('',#7198,0.03);
#252=CIRCLE('',#7199,0.01);
#253=CIRCLE('',#7200,0.22318265555608);
#254=CIRCLE('',#7202,0.22318265555608);
#255=CIRCLE('',#7204,0.01);
#256=CIRCLE('',#7205,0.03);
#257=CIRCLE('',#7206,0.0100000000000025);
#258=CIRCLE('',#7207,0.211264951321159);
#259=CIRCLE('',#7209,0.22318265555608);
#260=CIRCLE('',#7210,0.03);
#261=CIRCLE('',#7211,0.0300803598209425);
#262=CIRCLE('',#7212,0.240748696125791);
#263=CIRCLE('',#7214,0.01);
#264=CIRCLE('',#7215,0.01);
#265=CIRCLE('',#7216,0.01);
#266=CIRCLE('',#7217,0.01);
#267=CIRCLE('',#7218,0.01);
#268=CIRCLE('',#7220,0.240748696125791);
#269=CIRCLE('',#7222,0.0300803598209425);
#270=CIRCLE('',#7224,0.03);
#271=CIRCLE('',#7226,0.22318265555608);
#272=CIRCLE('',#7232,0.01);
#273=CIRCLE('',#7233,0.01);
#274=CIRCLE('',#7234,0.01);
#275=CIRCLE('',#7235,0.01);
#276=CIRCLE('',#7236,0.01);
#277=CIRCLE('',#7241,0.014);
#278=CIRCLE('',#7242,0.014);
#279=CIRCLE('',#7243,0.014);
#280=CIRCLE('',#7244,0.014);
#281=CIRCLE('',#7247,0.03);
#282=CIRCLE('',#7248,0.03);
#283=CIRCLE('',#7250,0.22318265555608);
#284=CIRCLE('',#7251,0.22318265555608);
#285=CIRCLE('',#7257,0.01);
#286=CIRCLE('',#7258,0.01);
#287=CIRCLE('',#7259,0.01);
#288=CIRCLE('',#7260,0.01);
#289=CIRCLE('',#7261,0.01);
#290=CIRCLE('',#7264,0.01);
#291=CIRCLE('',#7265,0.01);
#292=CIRCLE('',#7266,0.01);
#293=CIRCLE('',#7267,0.01);
#294=CIRCLE('',#7268,0.01);
#295=CIRCLE('',#7270,0.240748696125791);
#296=CIRCLE('',#7271,0.240748696125791);
#297=CIRCLE('',#7273,0.0300803598209425);
#298=CIRCLE('',#7274,0.0300803598209425);
#299=CIRCLE('',#7279,0.014);
#300=CIRCLE('',#7280,0.014);
#301=CIRCLE('',#7282,0.014);
#302=CIRCLE('',#7283,0.014);
#303=CIRCLE('',#7286,0.007);
#304=CIRCLE('',#7287,0.01);
#305=CIRCLE('',#7288,0.01);
#306=CIRCLE('',#7290,0.01);
#307=CIRCLE('',#7291,0.007);
#308=CIRCLE('',#7292,0.01);
#309=CIRCLE('',#7294,0.007);
#310=CIRCLE('',#7295,0.01);
#311=CIRCLE('',#7296,0.01);
#312=CIRCLE('',#7298,0.007);
#313=CIRCLE('',#7299,0.01);
#314=CIRCLE('',#7300,0.01);
#315=CIRCLE('',#7316,0.01);
#316=CIRCLE('',#7318,0.01);
#317=CIRCLE('',#7320,0.01);
#318=CIRCLE('',#7322,0.01);
#319=CIRCLE('',#7327,0.003);
#320=CIRCLE('',#7329,0.003);
#321=CIRCLE('',#7332,0.003);
#322=CIRCLE('',#7334,0.003);
#323=CIRCLE('',#7337,0.003);
#324=CIRCLE('',#7339,0.003);
#325=CIRCLE('',#7342,0.003);
#326=CIRCLE('',#7344,0.003);
#327=CIRCLE('',#7347,0.388553763974459);
#328=CIRCLE('',#7348,0.015);
#329=CIRCLE('',#7349,0.015);
#330=CIRCLE('',#7350,0.015);
#331=CIRCLE('',#7351,0.015);
#332=CIRCLE('',#7352,0.0365043264239264);
#333=CIRCLE('',#7354,0.003);
#334=CIRCLE('',#7355,0.003);
#335=CIRCLE('',#7358,0.003);
#336=CIRCLE('',#7359,0.003);
#337=CIRCLE('',#7362,0.003);
#338=CIRCLE('',#7363,0.015);
#339=CIRCLE('',#7364,0.015);
#340=CIRCLE('',#7365,0.003);
#341=CIRCLE('',#7366,0.003);
#342=CIRCLE('',#7367,0.015);
#343=CIRCLE('',#7368,0.015);
#344=CIRCLE('',#7369,0.003);
#345=CIRCLE('',#7371,0.005);
#346=CIRCLE('',#7374,0.005);
#347=CIRCLE('',#7377,0.005);
#348=CIRCLE('',#7379,0.005);
#349=CIRCLE('',#7383,0.02);
#350=CIRCLE('',#7384,0.02);
#351=CIRCLE('',#7386,0.02);
#352=CIRCLE('',#7387,0.02);
#353=CIRCLE('',#7389,0.02);
#354=CIRCLE('',#7390,0.02);
#355=CIRCLE('',#7392,0.02);
#356=CIRCLE('',#7393,0.02);
#357=CIRCLE('',#7395,0.005);
#358=CIRCLE('',#7397,0.005);
#359=CIRCLE('',#7399,0.005);
#360=CIRCLE('',#7401,0.005);
#361=CIRCLE('',#7404,0.005);
#362=CIRCLE('',#7405,0.005);
#363=CIRCLE('',#7407,0.005);
#364=CIRCLE('',#7409,0.005);
#365=CIRCLE('',#7411,0.005);
#366=CIRCLE('',#7413,0.005);
#367=CIRCLE('',#7415,0.005);
#368=CIRCLE('',#7417,0.005);
#369=CIRCLE('',#7420,0.005);
#370=CIRCLE('',#7422,0.005);
#371=CIRCLE('',#7424,0.005);
#372=CIRCLE('',#7426,0.005);
#373=CIRCLE('',#7429,0.003);
#374=CIRCLE('',#7431,0.003);
#375=CIRCLE('',#7433,0.003);
#376=CIRCLE('',#7435,0.003);
#377=CIRCLE('',#7448,0.003);
#378=CIRCLE('',#7450,0.003);
#379=CIRCLE('',#7452,0.003);
#380=CIRCLE('',#7454,0.003);
#381=CIRCLE('',#7457,0.388553763974459);
#382=CIRCLE('',#7459,0.107887581060749);
#383=CIRCLE('',#7460,0.107887581060749);
#384=CIRCLE('',#7516,0.0365043264239264);
#385=B_SPLINE_CURVE_WITH_KNOTS('',3,(#8712,#8713,#8714,#8715),
 .UNSPECIFIED.,.F.,.F.,(4,4),(0.,4.72865959983338E-5),.UNSPECIFIED.);
#386=B_SPLINE_CURVE_WITH_KNOTS('',3,(#8771,#8772,#8773,#8774),
 .UNSPECIFIED.,.F.,.F.,(4,4),(1.0842021724855E-19,4.72871178115799E-5),
 .UNSPECIFIED.);
#387=B_SPLINE_CURVE_WITH_KNOTS('',3,(#8836,#8837,#8838,#8839),
 .UNSPECIFIED.,.F.,.F.,(4,4),(3.16111875209219E-17,0.000161294508520647),
 .UNSPECIFIED.);
#388=B_SPLINE_CURVE_WITH_KNOTS('',3,(#8845,#8846,#8847,#8848),
 .UNSPECIFIED.,.F.,.F.,(4,4),(0.,0.000161817654360195),.UNSPECIFIED.);
#389=B_SPLINE_CURVE_WITH_KNOTS('',3,(#8856,#8857,#8858,#8859),
 .UNSPECIFIED.,.F.,.F.,(4,4),(0.,4.686563289967E-5),.UNSPECIFIED.);
#390=B_SPLINE_CURVE_WITH_KNOTS('',3,(#8985,#8986,#8987,#8988,#8989,#8990,
#8991,#8992,#8993,#8994,#8995,#8996),.UNSPECIFIED.,.T.,.F.,(1,1,1,1,1,1,
1,1,1,1,1,1,1,1,1,1),(-0.000118204725785811,-5.9102362892827E-5,-2.95511814463351E-5,
1.56875404666972E-16,5.91023628931407E-5,0.000118204725786125,0.000177307088679108,
0.000236409451572092,0.000295511814465076,0.00035461417735806,0.000413716540251044,
0.000443267721697536,0.000472818903144028,0.000531921266037012,0.000591023628929996,
0.000650125991822979),.UNSPECIFIED.);
#391=B_SPLINE_CURVE_WITH_KNOTS('',3,(#9005,#9006,#9007,#9008),
 .UNSPECIFIED.,.F.,.F.,(4,4),(0.,0.000178442289395395),.UNSPECIFIED.);
#392=B_SPLINE_CURVE_WITH_KNOTS('',3,(#9018,#9019,#9020,#9021),
 .UNSPECIFIED.,.F.,.F.,(4,4),(0.,4.6865643313832E-5),.UNSPECIFIED.);
#393=B_SPLINE_CURVE_WITH_KNOTS('',3,(#9101,#9102,#9103,#9104),
 .UNSPECIFIED.,.F.,.F.,(4,4),(1.51278251732965E-15,0.000167878396324928),
 .UNSPECIFIED.);
#394=B_SPLINE_CURVE_WITH_KNOTS('',3,(#9114,#9115,#9116,#9117),
 .UNSPECIFIED.,.F.,.F.,(4,4),(0.,0.000417173737566271),.UNSPECIFIED.);
#395=B_SPLINE_CURVE_WITH_KNOTS('',3,(#9121,#9122,#9123,#9124),
 .UNSPECIFIED.,.F.,.F.,(4,4),(0.000232776696680337,0.000566836895075653),
 .UNSPECIFIED.);
#396=B_SPLINE_CURVE_WITH_KNOTS('',3,(#9803,#9804,#9805,#9806,#9807,#9808,
#9809,#9810,#9811,#9812,#9813,#9814,#9815,#9816,#9817,#9818,#9819,#9820,
#9821,#9822,#9823,#9824,#9825,#9826,#9827,#9828,#9829,#9830,#9831,#9832),
 .UNSPECIFIED.,.T.,.F.,(1,1,1,1,1,1,1,1,1,1,1,1,1,1,1,1,1,1,1,1,1,1,1,1,
1,1,1,1,1,1,1,1,1,1),(-0.000261123719692861,-0.000130561859846429,-6.52809299232122E-5,
4.0639507414649E-18,6.52809299232205E-5,0.000130561859846437,0.00026112371969287,
0.000391685579539303,0.000522247439385735,0.000783371159078601,0.00104449487877147,
0.0015667423181572,0.00169730417800363,0.00182786603785006,0.00189314696777328,
0.0019584278976965,0.0019910683626581,0.00202370882761971,0.00208898975754293,
0.00221955161738936,0.0023501134772358,0.00261123719692866,0.00287236091662153,
0.00313348463631439,0.00339460835600726,0.00365573207570012,0.00378629393554656,
0.00391685579539299,0.00404741765523942,0.00411269858516264,0.00417797951508585,
0.00424326044500907,0.00430854137493229,0.00443910323477872),
 .UNSPECIFIED.);
#397=B_SPLINE_CURVE_WITH_KNOTS('',3,(#9862,#9863,#9864,#9865,#9866,#9867,
#9868,#9869,#9870,#9871,#9872,#9873,#9874,#9875,#9876,#9877,#9878,#9879,
#9880,#9881,#9882,#9883,#9884,#9885,#9886),.UNSPECIFIED.,.T.,.F.,(1,1,1,
1,1,1,1,1,1,1,1,1,1,1,1,1,1,1,1,1,1,1,1,1,1,1,1,1,1),(-0.000163853790263882,
-8.19268951266091E-5,-4.09634475579727E-5,1.06636736021098E-14,4.09634475793002E-5,
8.19268951479367E-5,0.00016385379028521,0.000327707580559756,0.000491561370834302,
0.000655415161108848,0.00098312274165794,0.00114697653193249,0.00122890342706976,
0.00126986687463839,0.00131083032220703,0.0013927572173443,0.00147468411248158,
0.00163853790275612,0.00180239169303067,0.00196624548330522,0.00213009927357976,
0.00229395306385431,0.00245780685412885,0.00253973374926613,0.00258069719683476,
0.0026216606444034,0.00266262409197204,0.00270358753954067,0.00278551443467794),
 .UNSPECIFIED.);
#398=B_SPLINE_CURVE_WITH_KNOTS('',3,(#10335,#10336,#10337,#10338),
 .UNSPECIFIED.,.F.,.F.,(4,4),(0.,8.56983087363853E-5),.UNSPECIFIED.);
#399=B_SPLINE_CURVE_WITH_KNOTS('',3,(#10339,#10340,#10341,#10342),
 .UNSPECIFIED.,.F.,.F.,(4,4),(0.,8.56983087363853E-5),.UNSPECIFIED.);
#400=B_SPLINE_CURVE_WITH_KNOTS('',3,(#10350,#10351,#10352,#10353),
 .UNSPECIFIED.,.F.,.F.,(4,4),(0.,8.56983087363853E-5),.UNSPECIFIED.);
#401=B_SPLINE_CURVE_WITH_KNOTS('',3,(#10354,#10355,#10356,#10357),
 .UNSPECIFIED.,.F.,.F.,(4,4),(0.,8.56983087363853E-5),.UNSPECIFIED.);
#402=B_SPLINE_CURVE_WITH_KNOTS('',3,(#10395,#10396,#10397,#10398),
 .UNSPECIFIED.,.F.,.F.,(4,4),(0.885328209521547,0.888201479860181),
 .PIECEWISE_BEZIER_KNOTS.);
#403=B_SPLINE_CURVE_WITH_KNOTS('',3,(#10400,#10401,#10402,#10403),
 .UNSPECIFIED.,.F.,.F.,(4,4),(0.888201479860181,0.893149782259553),
 .PIECEWISE_BEZIER_KNOTS.);
#404=B_SPLINE_CURVE_WITH_KNOTS('',3,(#10405,#10406,#10407,#10408),
 .UNSPECIFIED.,.F.,.F.,(4,4),(0.893149782259553,0.897967030609876),
 .PIECEWISE_BEZIER_KNOTS.);
#405=B_SPLINE_CURVE_WITH_KNOTS('',3,(#10410,#10411,#10412,#10413),
 .UNSPECIFIED.,.F.,.F.,(4,4),(0.897967030609876,1.),
 .PIECEWISE_BEZIER_KNOTS.);
#406=B_SPLINE_CURVE_WITH_KNOTS('',3,(#10415,#10416,#10417,#10418),
 .UNSPECIFIED.,.F.,.F.,(4,4),(0.,0.00481779894585431),
 .PIECEWISE_BEZIER_KNOTS.);
#407=B_SPLINE_CURVE_WITH_KNOTS('',3,(#10420,#10421,#10422,#10423),
 .UNSPECIFIED.,.F.,.F.,(4,4),(0.00481779894585431,0.00973390127405851),
 .PIECEWISE_BEZIER_KNOTS.);
#408=B_SPLINE_CURVE_WITH_KNOTS('',3,(#10425,#10426,#10427,#10428),
 .UNSPECIFIED.,.F.,.F.,(4,4),(0.00973390127405851,0.0126037304137369),
 .PIECEWISE_BEZIER_KNOTS.);
#409=B_SPLINE_CURVE_WITH_KNOTS('',3,(#10436,#10437,#10438,#10439,#10440,
#10441,#10442,#10443,#10444,#10445),.UNSPECIFIED.,.F.,.F.,(4,3,3,4),(0.0519588271732071,
0.0554415790988239,0.0608094551542373,0.0654034104018489),
 .PIECEWISE_BEZIER_KNOTS.);
#410=B_SPLINE_CURVE_WITH_KNOTS('',3,(#10447,#10448,#10449,#10450),
 .UNSPECIFIED.,.F.,.F.,(4,4),(0.0654034104018489,0.15875221748545),
 .PIECEWISE_BEZIER_KNOTS.);
#411=B_SPLINE_CURVE_WITH_KNOTS('',3,(#10462,#10463,#10464,#10465),
 .UNSPECIFIED.,.F.,.F.,(4,4),(0.375989028192259,0.467585403835982),
 .PIECEWISE_BEZIER_KNOTS.);
#412=B_SPLINE_CURVE_WITH_KNOTS('',3,(#10467,#10468,#10469,#10470,#10471,
#10472),.UNSPECIFIED.,.F.,.F.,(4,2,4),(0.467585403835982,0.4724354820571,
0.477285560278218),.UNSPECIFIED.);
#413=B_SPLINE_CURVE_WITH_KNOTS('',3,(#10474,#10475,#10476,#10477),
 .UNSPECIFIED.,.F.,.F.,(4,4),(0.477285560278218,0.479375211433589),
 .PIECEWISE_BEZIER_KNOTS.);
#414=B_SPLINE_CURVE_WITH_KNOTS('',3,(#10485,#10486,#10487,#10488,#10489,
#10490,#10491,#10492,#10493),.UNSPECIFIED.,.F.,.F.,(4,3,2,4),(0.509413946792033,
0.511503597947404,0.516490457737905,0.521477317528406),.UNSPECIFIED.);
#415=B_SPLINE_CURVE_WITH_KNOTS('',3,(#10495,#10496,#10497,#10498),
 .UNSPECIFIED.,.F.,.F.,(4,4),(0.521477317528406,0.623521948948979),
 .PIECEWISE_BEZIER_KNOTS.);
#416=B_SPLINE_CURVE_WITH_KNOTS('',3,(#10500,#10501,#10502,#10503,#10504,
#10505,#10506,#10507,#10508),.UNSPECIFIED.,.F.,.F.,(4,2,3,4),(0.623521948948979,
0.628514660662235,0.633507372375491,0.636380904869333),.UNSPECIFIED.);
#417=B_SPLINE_CURVE_WITH_KNOTS('',3,(#10522,#10523,#10524,#10525,#10526,
#10527,#10528,#10529,#10530,#10531,#10532,#10533),.UNSPECIFIED.,.F.,.F.,
(4,3,2,3,4),(0.831174454007751,0.86589352334731,0.889499700450646,0.909350349378452,
0.929248657591183),.UNSPECIFIED.);
#418=B_SPLINE_CURVE_WITH_KNOTS('',3,(#10535,#10536,#10537,#10538,#10539,
#10540,#10541),.UNSPECIFIED.,.F.,.F.,(4,3,4),(0.929248657591183,0.964945888392642,
1.),.UNSPECIFIED.);
#419=B_SPLINE_CURVE_WITH_KNOTS('',3,(#10543,#10544,#10545,#10546,#10547,
#10548,#10549,#10550,#10551,#10552,#10553),.UNSPECIFIED.,.F.,.F.,(4,3,2,
2,4),(0.,0.0501468404158896,0.0976329576619191,0.175985051117868,0.254337144573817),
 .UNSPECIFIED.);
#420=B_SPLINE_CURVE_WITH_KNOTS('',3,(#10555,#10556,#10557,#10558,#10559,
#10560,#10561,#10562,#10563,#10564,#10565,#10566,#10567,#10568,#10569),
 .UNSPECIFIED.,.F.,.F.,(4,3,3,2,3,4),(0.254337144573817,0.274589324632262,
0.303678383354848,0.342354236530243,0.383227581363331,0.405944181648188),
 .UNSPECIFIED.);
#421=B_SPLINE_CURVE_WITH_KNOTS('',3,(#10571,#10572,#10573,#10574,#10575,
#10576),.UNSPECIFIED.,.F.,.F.,(4,2,4),(0.405944181648188,0.41384705901703,
0.421749936385872),.UNSPECIFIED.);
#422=B_SPLINE_CURVE_WITH_KNOTS('',3,(#10578,#10579,#10580,#10581,#10582,
#10583,#10584,#10585,#10586,#10587,#10588,#10589,#10590,#10591,#10592,#10593,
#10594,#10595,#10596,#10597,#10598,#10599,#10600,#10601,#10602,#10603,#10604,
#10605,#10606),.UNSPECIFIED.,.F.,.F.,(4,2,2,2,2,2,3,3,3,2,2,2,4),(0.421749936385872,
0.450859751335598,0.470872749113534,0.492425208259003,0.530142011763573,
0.567858815268143,0.607751588205669,0.64926156667201,0.760122921264534,
0.774144486296562,0.788166051328588,0.805374335686075,0.822582620043562),
 .UNSPECIFIED.);
#423=B_SPLINE_CURVE_WITH_KNOTS('',3,(#10612,#10613,#10614,#10615),
 .UNSPECIFIED.,.F.,.F.,(4,4),(0.932975840630615,0.938637224395362),
 .PIECEWISE_BEZIER_KNOTS.);
#424=B_SPLINE_CURVE_WITH_KNOTS('',3,(#10617,#10618,#10619,#10620,#10621,
#10622,#10623,#10624,#10625),.UNSPECIFIED.,.F.,.F.,(4,2,3,4),(0.938637224395362,
0.948828332598134,0.959019440800907,1.),.UNSPECIFIED.);
#425=B_SPLINE_CURVE_WITH_KNOTS('',3,(#10627,#10628,#10629,#10630,#10631,
#10632,#10633),.UNSPECIFIED.,.F.,.F.,(4,3,4),(0.,0.0793984158056165,0.0882591548332553),
 .PIECEWISE_BEZIER_KNOTS.);
#426=B_SPLINE_CURVE_WITH_KNOTS('',3,(#10635,#10636,#10637,#10638,#10639,
#10640,#10641),.UNSPECIFIED.,.F.,.F.,(4,3,4),(0.0882591548332553,0.0947704581899559,
0.0993311352069429),.PIECEWISE_BEZIER_KNOTS.);
#427=B_SPLINE_CURVE_WITH_KNOTS('',3,(#10649,#10650,#10651,#10652,#10653,
#10654,#10655,#10656,#10657,#10658,#10659,#10660),.UNSPECIFIED.,.F.,.F.,
(4,3,2,3,4),(0.159535118656443,0.162849099396782,0.170535069838939,0.178221040281094,
0.24321621424927),.UNSPECIFIED.);
#428=B_SPLINE_CURVE_WITH_KNOTS('',3,(#10664,#10665,#10666,#10667),
 .UNSPECIFIED.,.F.,.F.,(4,4),(0.275536081731107,0.3060523210484),
 .PIECEWISE_BEZIER_KNOTS.);
#429=B_SPLINE_CURVE_WITH_KNOTS('',3,(#10669,#10670,#10671,#10672,#10673,
#10674),.UNSPECIFIED.,.F.,.F.,(4,2,4),(0.3060523210484,0.313744066999689,
0.321435812950979),.UNSPECIFIED.);
#430=B_SPLINE_CURVE_WITH_KNOTS('',3,(#10676,#10677,#10678,#10679),
 .UNSPECIFIED.,.F.,.F.,(4,4),(0.321435812950979,0.327097196715726),
 .PIECEWISE_BEZIER_KNOTS.);
#431=B_SPLINE_CURVE_WITH_KNOTS('',3,(#10687,#10688,#10689,#10690,#10691,
#10692,#10693,#10694,#10695),.UNSPECIFIED.,.F.,.F.,(4,3,2,4),(0.388267757881158,
0.393929141645905,0.401772671134646,0.409616200623389),.UNSPECIFIED.);
#432=B_SPLINE_CURVE_WITH_KNOTS('',3,(#10697,#10698,#10699,#10700),
 .UNSPECIFIED.,.F.,.F.,(4,4),(0.409616200623389,0.571725091838328),
 .PIECEWISE_BEZIER_KNOTS.);
#433=B_SPLINE_CURVE_WITH_KNOTS('',3,(#10702,#10703,#10704,#10705),
 .UNSPECIFIED.,.F.,.F.,(4,4),(0.571725091838328,0.579163995877135),
 .PIECEWISE_BEZIER_KNOTS.);
#434=B_SPLINE_CURVE_WITH_KNOTS('',3,(#10707,#10708,#10709,#10710,#10711,
#10712,#10713),.UNSPECIFIED.,.F.,.F.,(4,3,4),(0.579163995877135,0.587524886240787,
0.594437423743033),.PIECEWISE_BEZIER_KNOTS.);
#435=B_SPLINE_CURVE_WITH_KNOTS('',3,(#10717,#10718,#10719,#10720,#10721,
#10722,#10723,#10724,#10725,#10726),.UNSPECIFIED.,.F.,.F.,(4,3,3,4),(0.601341550285407,
0.61155965756812,0.623731023996877,0.634559572877011),.UNSPECIFIED.);
#436=B_SPLINE_CURVE_WITH_KNOTS('',3,(#10734,#10735,#10736,#10737,#10738,
#10739,#10740,#10741,#10742,#10743),.UNSPECIFIED.,.F.,.F.,(4,3,3,4),(0.850680741356147,
0.858328008636135,0.864880422110209,0.871667196934335),.UNSPECIFIED.);
#437=B_SPLINE_CURVE_WITH_KNOTS('',3,(#10751,#10752,#10753,#10754,#10755,
#10756,#10757,#10758,#10759),.UNSPECIFIED.,.F.,.F.,(4,3,2,4),(0.727017765642558,
0.77612925932077,0.79225463476792,0.808380010215069),.UNSPECIFIED.);
#438=B_SPLINE_CURVE_WITH_KNOTS('',3,(#10761,#10762,#10763,#10764),
 .UNSPECIFIED.,.F.,.F.,(4,4),(0.808380010215069,1.),
 .PIECEWISE_BEZIER_KNOTS.);
#439=B_SPLINE_CURVE_WITH_KNOTS('',3,(#10766,#10767,#10768,#10769),
 .UNSPECIFIED.,.F.,.F.,(4,4),(0.,0.0160283830677338),
 .PIECEWISE_BEZIER_KNOTS.);
#440=B_SPLINE_CURVE_WITH_KNOTS('',3,(#10771,#10772,#10773,#10774,#10775,
#10776,#10777),.UNSPECIFIED.,.F.,.F.,(4,3,4),(0.0160283830677338,0.0337632787258041,
0.082898011988176),.PIECEWISE_BEZIER_KNOTS.);
#441=B_SPLINE_CURVE_WITH_KNOTS('',3,(#10781,#10782,#10783,#10784,#10785,
#10786,#10787,#10788,#10789,#10790),.UNSPECIFIED.,.F.,.F.,(4,3,3,4),(0.0970920853055783,
0.120377288454893,0.160264509007357,0.197364218242521),.UNSPECIFIED.);
#442=B_SPLINE_CURVE_WITH_KNOTS('',3,(#10794,#10795,#10796,#10797),
 .UNSPECIFIED.,.F.,.F.,(4,4),(0.20190632170409,0.446044382763409),
 .PIECEWISE_BEZIER_KNOTS.);
#443=B_SPLINE_CURVE_WITH_KNOTS('',3,(#10799,#10800,#10801,#10802),
 .UNSPECIFIED.,.F.,.F.,(4,4),(0.446044382763409,0.461752464860895),
 .PIECEWISE_BEZIER_KNOTS.);
#444=B_SPLINE_CURVE_WITH_KNOTS('',3,(#10804,#10805,#10806,#10807),
 .UNSPECIFIED.,.F.,.F.,(4,4),(0.461752464860895,0.477792748135642),
 .PIECEWISE_BEZIER_KNOTS.);
#445=B_SPLINE_CURVE_WITH_KNOTS('',3,(#10809,#10810,#10811,#10812),
 .UNSPECIFIED.,.F.,.F.,(4,4),(0.477792748135642,0.526597450400837),
 .PIECEWISE_BEZIER_KNOTS.);
#446=B_SPLINE_CURVE_WITH_KNOTS('',3,(#10815,#10816,#10817,#10818,#10819,
#10820,#10821,#10822,#10823,#10824,#10825,#10826,#10827,#10828,#10829,#10830,
#10831,#10832,#10833,#10834,#10835,#10836),.UNSPECIFIED.,.T.,.F.,(4,3,2,
3,2,3,2,3,4),(0.,0.124331658617403,0.246235600673548,0.372654503546585,
0.497419954141317,0.626806347350666,0.753624918074083,0.875914254128808,
1.),.UNSPECIFIED.);
#447=B_SPLINE_CURVE_WITH_KNOTS('',3,(#10838,#10839,#10840,#10841),
 .UNSPECIFIED.,.F.,.F.,(4,4),(0.926861761772505,0.933778268245524),
 .PIECEWISE_BEZIER_KNOTS.);
#448=B_SPLINE_CURVE_WITH_KNOTS('',3,(#10850,#10851,#10852,#10853,#10854,
#10855,#10856,#10857,#10858,#10859),.UNSPECIFIED.,.F.,.F.,(4,3,3,4),(0.00842515671176548,
0.0151652820811778,0.0255536641289591,0.0344447236845646),
 .PIECEWISE_BEZIER_KNOTS.);
#449=B_SPLINE_CURVE_WITH_KNOTS('',3,(#10861,#10862,#10863,#10864,#10865,
#10866,#10867,#10868,#10869,#10870,#10871,#10872,#10873),.UNSPECIFIED.,
 .F.,.F.,(4,3,3,3,4),(0.0344447236845646,0.153259338170475,0.159551397320245,
0.165759841635871,0.176902041595411),.PIECEWISE_BEZIER_KNOTS.);
#450=B_SPLINE_CURVE_WITH_KNOTS('',3,(#10877,#10878,#10879,#10880,#10881,
#10882,#10883,#10884,#10885,#10886),.UNSPECIFIED.,.F.,.F.,(4,3,3,4),(0.185158695172941,
0.194763373824353,0.208026982935268,0.22125241419801),.UNSPECIFIED.);
#451=B_SPLINE_CURVE_WITH_KNOTS('',3,(#10892,#10893,#10894,#10895,#10896,
#10897,#10898,#10899,#10900,#10901,#10902,#10903,#10904,#10905,#10906),
 .UNSPECIFIED.,.F.,.F.,(4,3,2,3,3,4),(0.255627053582012,0.287949219993718,
0.31234552091664,0.353153878824074,0.393042795658907,0.481505306991317),
 .UNSPECIFIED.);
#452=B_SPLINE_CURVE_WITH_KNOTS('',3,(#10908,#10909,#10910,#10911,#10912,
#10913),.UNSPECIFIED.,.F.,.F.,(4,2,4),(0.481505306991317,0.490891428109378,
0.500277549227439),.UNSPECIFIED.);
#453=B_SPLINE_CURVE_WITH_KNOTS('',3,(#10915,#10916,#10917,#10918),
 .UNSPECIFIED.,.F.,.F.,(4,4),(0.500277549227439,0.507186050112446),
 .PIECEWISE_BEZIER_KNOTS.);
#454=B_SPLINE_CURVE_WITH_KNOTS('',3,(#10926,#10927,#10928,#10929,#10930,
#10931,#10932,#10933,#10934),.UNSPECIFIED.,.F.,.F.,(4,3,2,4),(0.581832938578688,
0.588741567082335,0.598340770105144,0.607939973127953),.UNSPECIFIED.);
#455=B_SPLINE_CURVE_WITH_KNOTS('',3,(#10936,#10937,#10938,#10939,#10940,
#10941,#10942,#10943,#10944,#10945,#10946,#10947,#10948,#10949),
 .UNSPECIFIED.,.F.,.F.,(4,3,3,2,2,4),(0.607939973127953,0.700785200091608,
0.727770320630629,0.75784049471862,0.785126393428092,0.812412292137565),
 .UNSPECIFIED.);
#456=B_SPLINE_CURVE_WITH_KNOTS('',3,(#10951,#10952,#10953,#10954),
 .UNSPECIFIED.,.F.,.F.,(4,4),(0.812412292137565,0.907953569248985),
 .PIECEWISE_BEZIER_KNOTS.);
#457=B_SPLINE_CURVE_WITH_KNOTS('',3,(#10956,#10957,#10958,#10959),
 .UNSPECIFIED.,.F.,.F.,(4,4),(0.907953569248985,0.917177541006429),
 .PIECEWISE_BEZIER_KNOTS.);
#458=B_SPLINE_CURVE_WITH_KNOTS('',3,(#10961,#10962,#10963,#10964),
 .UNSPECIFIED.,.F.,.F.,(4,4),(0.917177541006429,0.926861761772505),
 .PIECEWISE_BEZIER_KNOTS.);
#459=B_SPLINE_CURVE_WITH_KNOTS('',3,(#10965,#10966,#10967,#10968,#10969,
#10970,#10971,#10972,#10973,#10974,#10975,#10976,#10977,#10978,#10979,#10980,
#10981),.UNSPECIFIED.,.F.,.F.,(4,3,2,3,2,3,4),(0.721332488037326,0.741574928075356,
0.764800031775888,0.805138369782075,0.860580765624303,0.876490322692073,
0.890510032133767),.UNSPECIFIED.);
#460=B_SPLINE_CURVE_WITH_KNOTS('',3,(#10984,#10985,#10986,#10987),
 .UNSPECIFIED.,.F.,.F.,(4,4),(0.890510032133767,0.903020920190012),
 .PIECEWISE_BEZIER_KNOTS.);
#461=B_SPLINE_CURVE_WITH_KNOTS('',3,(#10989,#10990,#10991,#10992,#10993,
#10994,#10995),.UNSPECIFIED.,.F.,.F.,(4,2,1,4),(0.903020920190012,0.90891548452611,
0.920704613198308,0.932493741870507),.UNSPECIFIED.);
#462=B_SPLINE_CURVE_WITH_KNOTS('',3,(#10999,#11000,#11001,#11002,#11003,
#11004,#11005,#11006,#11007,#11008,#11009,#11010,#11011,#11012,#11013,#11014,
#11015,#11016,#11017,#11018,#11019,#11020),.UNSPECIFIED.,.F.,.F.,(4,3,2,
3,2,3,2,3,4),(0.,0.0382047763764155,0.0699882210711745,0.113955319565591,
0.182424820378819,0.235989395844949,0.274645650967922,0.298726596782233,
0.329912819588457),.UNSPECIFIED.);
#463=B_SPLINE_CURVE_WITH_KNOTS('',3,(#11022,#11023,#11024,#11025,#11026,
#11027,#11028,#11029,#11030,#11031,#11032),.UNSPECIFIED.,.F.,.F.,(4,2,2,
3,4),(0.329912819588457,0.346361498930331,0.362810178272205,0.381608668948633,
0.40179366594438),.UNSPECIFIED.);
#464=B_SPLINE_CURVE_WITH_KNOTS('',3,(#11034,#11035,#11036,#11037,#11038,
#11039,#11040,#11041,#11042,#11043,#11044,#11045,#11046,#11047,#11048,#11049,
#11050),.UNSPECIFIED.,.F.,.F.,(4,3,2,3,2,3,4),(0.40179366594438,0.427160356385189,
0.452153723455721,0.498732271178078,0.552767055136892,0.575627925273313,
0.598652779433726),.UNSPECIFIED.);
#465=B_SPLINE_CURVE_WITH_KNOTS('',3,(#11052,#11053,#11054,#11055,#11056,
#11057,#11058,#11059,#11060,#11061,#11062,#11063,#11064,#11065,#11066,#11067,
#11068,#11069,#11070),.UNSPECIFIED.,.F.,.F.,(4,3,2,2,2,3,2,1,4),(0.598652779433726,
0.62187715518772,0.631631593926749,0.643602950561011,0.655574307195273,
0.672034922567383,0.683124628120222,0.691189868522286,0.699255108924351),
 .UNSPECIFIED.);
#466=B_SPLINE_CURVE_WITH_KNOTS('',3,(#11072,#11073,#11074,#11075),
 .UNSPECIFIED.,.F.,.F.,(4,4),(0.699255108924351,0.708001910327486),
 .PIECEWISE_BEZIER_KNOTS.);
#467=B_SPLINE_CURVE_WITH_KNOTS('',3,(#11077,#11078,#11079,#11080),
 .UNSPECIFIED.,.F.,.F.,(4,4),(0.708001910327486,0.721332488037326),
 .PIECEWISE_BEZIER_KNOTS.);
#468=B_SPLINE_CURVE_WITH_KNOTS('',3,(#11104,#11105,#11106,#11107,#11108,
#11109,#11110,#11111,#11112,#11113,#11114,#11115,#11116),.UNSPECIFIED.,
 .F.,.F.,(4,2,2,3,2,4),(0.,0.0439287493831227,0.087857498766246,0.124464789918849,
0.143016941055072,0.159250073299266),.UNSPECIFIED.);
#469=B_SPLINE_CURVE_WITH_KNOTS('',3,(#11118,#11119,#11120,#11121,#11122,
#11123),.UNSPECIFIED.,.F.,.F.,(4,2,4),(0.159250073299266,0.172935433111609,
0.187127658102187),.UNSPECIFIED.);
#470=B_SPLINE_CURVE_WITH_KNOTS('',3,(#11125,#11126,#11127,#11128),
 .UNSPECIFIED.,.F.,.F.,(4,4),(0.187127658102187,0.201239231527778),
 .PIECEWISE_BEZIER_KNOTS.);
#471=B_SPLINE_CURVE_WITH_KNOTS('',3,(#11130,#11131,#11132,#11133,#11134,
#11135,#11136,#11137,#11138,#11139,#11140),.UNSPECIFIED.,.F.,.F.,(4,3,2,
2,4),(0.201239231527778,0.209850568990556,0.234850391339081,0.275590842573711,
0.316331293808341),.UNSPECIFIED.);
#472=B_SPLINE_CURVE_WITH_KNOTS('',3,(#11142,#11143,#11144,#11145),
 .UNSPECIFIED.,.F.,.F.,(4,4),(0.316331293808341,0.406443186454487),
 .PIECEWISE_BEZIER_KNOTS.);
#473=B_SPLINE_CURVE_WITH_KNOTS('',3,(#11147,#11148,#11149,#11150),
 .UNSPECIFIED.,.F.,.F.,(4,4),(0.406443186454487,0.417553060171602),
 .PIECEWISE_BEZIER_KNOTS.);
#474=B_SPLINE_CURVE_WITH_KNOTS('',3,(#11152,#11153,#11154,#11155),
 .UNSPECIFIED.,.F.,.F.,(4,4),(0.417553060171602,0.429009711339237),
 .PIECEWISE_BEZIER_KNOTS.);
#475=B_SPLINE_CURVE_WITH_KNOTS('',3,(#11157,#11158,#11159,#11160),
 .UNSPECIFIED.,.F.,.F.,(4,4),(0.429009711339237,0.46576176650529),
 .PIECEWISE_BEZIER_KNOTS.);
#476=B_SPLINE_CURVE_WITH_KNOTS('',3,(#11168,#11169,#11170,#11171,#11172,
#11173,#11174,#11175,#11176,#11177),.UNSPECIFIED.,.F.,.F.,(4,3,3,4),(0.609047794001188,
0.642332366960575,0.654663143023628,0.665472444373075),
 .PIECEWISE_BEZIER_KNOTS.);
#477=B_SPLINE_CURVE_WITH_KNOTS('',3,(#11179,#11180,#11181,#11182),
 .UNSPECIFIED.,.F.,.F.,(4,4),(0.665472444373075,0.8034570814871),
 .PIECEWISE_BEZIER_KNOTS.);
#478=B_SPLINE_CURVE_WITH_KNOTS('',3,(#11184,#11185,#11186,#11187),
 .UNSPECIFIED.,.F.,.F.,(4,4),(0.8034570814871,0.814975472126103),
 .PIECEWISE_BEZIER_KNOTS.);
#479=B_SPLINE_CURVE_WITH_KNOTS('',3,(#11189,#11190,#11191,#11192,#11193,
#11194,#11195),.UNSPECIFIED.,.F.,.F.,(4,3,4),(0.814975472126103,0.827755553245654,
0.859390435064318),.PIECEWISE_BEZIER_KNOTS.);
#480=B_SPLINE_CURVE_WITH_KNOTS('',3,(#11362,#11363,#11364,#11365),
 .UNSPECIFIED.,.F.,.F.,(4,4),(0.,6.61992107299112E-5),.UNSPECIFIED.);
#481=B_SPLINE_CURVE_WITH_KNOTS('',3,(#11374,#11375,#11376,#11377),
 .UNSPECIFIED.,.F.,.F.,(4,4),(0.,6.61992107299112E-5),.UNSPECIFIED.);
#482=B_SPLINE_CURVE_WITH_KNOTS('',3,(#11395,#11396,#11397,#11398),
 .UNSPECIFIED.,.F.,.F.,(4,4),(0.,6.61992107299112E-5),.UNSPECIFIED.);
#483=B_SPLINE_CURVE_WITH_KNOTS('',3,(#11407,#11408,#11409,#11410),
 .UNSPECIFIED.,.F.,.F.,(4,4),(0.,6.61992107299112E-5),.UNSPECIFIED.);
#484=B_SPLINE_CURVE_WITH_KNOTS('',3,(#11449,#11450,#11451,#11452),
 .UNSPECIFIED.,.F.,.F.,(4,4),(0.890510032133767,0.903020920190012),
 .PIECEWISE_BEZIER_KNOTS.);
#485=B_SPLINE_CURVE_WITH_KNOTS('',3,(#11463,#11464,#11465,#11466,#11467,
#11468,#11469),.UNSPECIFIED.,.F.,.F.,(4,2,1,4),(0.903020920190012,0.90891548452611,
0.920704613198308,0.932493741870507),.UNSPECIFIED.);
#486=B_SPLINE_CURVE_WITH_KNOTS('',3,(#11494,#11495,#11496,#11497,#11498,
#11499,#11500,#11501,#11502,#11503,#11504,#11505,#11506,#11507,#11508,#11509,
#11510,#11511,#11512,#11513,#11514,#11515),.UNSPECIFIED.,.F.,.F.,(4,3,2,
3,2,3,2,3,4),(0.,0.0382047763764155,0.0699882210711745,0.113955319565591,
0.182424820378819,0.235989395844949,0.274645650967922,0.298726596782233,
0.329912819588457),.UNSPECIFIED.);
#487=B_SPLINE_CURVE_WITH_KNOTS('',3,(#11526,#11527,#11528,#11529,#11530,
#11531,#11532,#11533,#11534,#11535,#11536),.UNSPECIFIED.,.F.,.F.,(4,2,2,
3,4),(0.329912819588457,0.346361498930331,0.362810178272205,0.381608668948633,
0.40179366594438),.UNSPECIFIED.);
#488=B_SPLINE_CURVE_WITH_KNOTS('',3,(#11549,#11550,#11551,#11552,#11553,
#11554,#11555,#11556,#11557,#11558,#11559,#11560,#11561,#11562,#11563,#11564,
#11565),.UNSPECIFIED.,.F.,.F.,(4,3,2,3,2,3,4),(0.40179366594438,0.427160356385189,
0.452153723455721,0.498732271178078,0.552767055136892,0.575627925273313,
0.598652779433726),.UNSPECIFIED.);
#489=B_SPLINE_CURVE_WITH_KNOTS('',3,(#11582,#11583,#11584,#11585,#11586,
#11587,#11588,#11589,#11590,#11591,#11592,#11593,#11594,#11595,#11596,#11597,
#11598,#11599,#11600),.UNSPECIFIED.,.F.,.F.,(4,3,2,2,2,3,2,1,4),(0.598652779433726,
0.62187715518772,0.631631593926749,0.643602950561011,0.655574307195273,
0.672034922567383,0.683124628120222,0.691189868522286,0.699255108924351),
 .UNSPECIFIED.);
#490=B_SPLINE_CURVE_WITH_KNOTS('',3,(#11611,#11612,#11613,#11614),
 .UNSPECIFIED.,.F.,.F.,(4,4),(0.699255108924351,0.708001910327486),
 .PIECEWISE_BEZIER_KNOTS.);
#491=B_SPLINE_CURVE_WITH_KNOTS('',3,(#11625,#11626,#11627,#11628),
 .UNSPECIFIED.,.F.,.F.,(4,4),(0.708001910327486,0.721332488037326),
 .PIECEWISE_BEZIER_KNOTS.);
#492=B_SPLINE_CURVE_WITH_KNOTS('',3,(#11654,#11655,#11656,#11657,#11658,
#11659,#11660,#11661,#11662,#11663,#11664,#11665,#11666,#11667,#11668,#11669,
#11670),.UNSPECIFIED.,.F.,.F.,(4,3,2,3,2,3,4),(0.721332488037326,0.741574928075356,
0.764800031775888,0.805138369782075,0.860580765624303,0.876490322692073,
0.890510032133767),.UNSPECIFIED.);
#493=B_SPLINE_CURVE_WITH_KNOTS('',3,(#11691,#11692,#11693,#11694,#11695,
#11696,#11697,#11698,#11699,#11700,#11701,#11702,#11703,#11704,#11705,#11706,
#11707,#11708,#11709,#11710,#11711,#11712),.UNSPECIFIED.,.F.,.F.,(4,2,2,
2,2,2,2,3,3,4),(0.,0.107212934544653,0.214425869089304,0.324132127693131,
0.43383838629696,0.53689578074298,0.639953175189001,0.705222858338147,0.753556005562439,
0.869692091893102),.UNSPECIFIED.);
#494=B_SPLINE_CURVE_WITH_KNOTS('',3,(#11713,#11714,#11715,#11716,#11717,
#11718,#11719,#11720,#11721,#11722,#11723,#11724,#11725,#11726,#11727,#11728,
#11729,#11730,#11731,#11732,#11733,#11734),.UNSPECIFIED.,.F.,.F.,(4,2,2,
2,2,2,2,3,3,4),(0.,0.107212934544653,0.214425869089304,0.324132127693131,
0.43383838629696,0.53689578074298,0.639953175189001,0.705222858338147,0.753556005562439,
0.869692091893102),.UNSPECIFIED.);
#495=B_SPLINE_CURVE_WITH_KNOTS('',3,(#11753,#11754,#11755,#11756,#11757,
#11758,#11759,#11760,#11761,#11762,#11763,#11764,#11765,#11766,#11767,#11768,
#11769,#11770,#11771,#11772),.UNSPECIFIED.,.T.,.F.,(4,3,2,2,2,2,2,3,4),
(0.,0.121733744372054,0.225585038365368,0.338877359085344,0.452169679805321,
0.587531933133085,0.722894186460849,0.856037386455373,1.),.UNSPECIFIED.);
#496=B_SPLINE_CURVE_WITH_KNOTS('',3,(#11774,#11775,#11776,#11777,#11778,
#11779,#11780,#11781,#11782,#11783,#11784,#11785,#11786,#11787,#11788,#11789,
#11790,#11791,#11792,#11793),.UNSPECIFIED.,.T.,.F.,(4,3,2,2,2,2,2,3,4),
(0.,0.121733744372054,0.225585038365368,0.338877359085344,0.452169679805321,
0.587531933133085,0.722894186460849,0.856037386455373,1.),.UNSPECIFIED.);
#497=B_SPLINE_CURVE_WITH_KNOTS('',3,(#11822,#11823,#11824,#11825,#11826,
#11827,#11828,#11829,#11830,#11831),.UNSPECIFIED.,.F.,.F.,(4,3,3,4),(0.00842515671176548,
0.0151652820811778,0.0255536641289591,0.0344447236845646),
 .PIECEWISE_BEZIER_KNOTS.);
#498=B_SPLINE_CURVE_WITH_KNOTS('',3,(#11848,#11849,#11850,#11851,#11852,
#11853,#11854,#11855,#11856,#11857,#11858,#11859,#11860),.UNSPECIFIED.,
 .F.,.F.,(4,3,3,3,4),(0.0344447236845646,0.153259338170475,0.159551397320245,
0.165759841635871,0.176902041595411),.PIECEWISE_BEZIER_KNOTS.);
#499=B_SPLINE_CURVE_WITH_KNOTS('',3,(#11877,#11878,#11879,#11880,#11881,
#11882,#11883,#11884,#11885,#11886),.UNSPECIFIED.,.F.,.F.,(4,3,3,4),(0.185158695172941,
0.194763373824353,0.208026982935268,0.22125241419801),.UNSPECIFIED.);
#500=B_SPLINE_CURVE_WITH_KNOTS('',3,(#11911,#11912,#11913,#11914,#11915,
#11916,#11917,#11918,#11919,#11920,#11921,#11922,#11923,#11924,#11925),
 .UNSPECIFIED.,.F.,.F.,(4,3,2,3,3,4),(0.255627053582012,0.287949219993718,
0.31234552091664,0.353153878824074,0.393042795658907,0.481505306991317),
 .UNSPECIFIED.);
#501=B_SPLINE_CURVE_WITH_KNOTS('',3,(#11936,#11937,#11938,#11939,#11940,
#11941),.UNSPECIFIED.,.F.,.F.,(4,2,4),(0.481505306991317,0.490891428109378,
0.500277549227439),.UNSPECIFIED.);
#502=B_SPLINE_CURVE_WITH_KNOTS('',3,(#11945,#11946,#11947,#11948),
 .UNSPECIFIED.,.F.,.F.,(4,4),(0.500277549227439,0.507186050112446),
 .PIECEWISE_BEZIER_KNOTS.);
#503=B_SPLINE_CURVE_WITH_KNOTS('',3,(#11973,#11974,#11975,#11976,#11977,
#11978,#11979,#11980,#11981),.UNSPECIFIED.,.F.,.F.,(4,3,2,4),(0.581832938578688,
0.588741567082335,0.598340770105144,0.607939973127953),.UNSPECIFIED.);
#504=B_SPLINE_CURVE_WITH_KNOTS('',3,(#11998,#11999,#12000,#12001,#12002,
#12003,#12004,#12005,#12006,#12007,#12008,#12009,#12010,#12011),
 .UNSPECIFIED.,.F.,.F.,(4,3,3,2,2,4),(0.607939973127953,0.700785200091608,
0.727770320630629,0.75784049471862,0.785126393428092,0.812412292137565),
 .UNSPECIFIED.);
#505=B_SPLINE_CURVE_WITH_KNOTS('',3,(#12015,#12016,#12017,#12018),
 .UNSPECIFIED.,.F.,.F.,(4,4),(0.812412292137565,0.907953569248985),
 .PIECEWISE_BEZIER_KNOTS.);
#506=B_SPLINE_CURVE_WITH_KNOTS('',3,(#12029,#12030,#12031,#12032),
 .UNSPECIFIED.,.F.,.F.,(4,4),(0.907953569248985,0.917177541006429),
 .PIECEWISE_BEZIER_KNOTS.);
#507=B_SPLINE_CURVE_WITH_KNOTS('',3,(#12043,#12044,#12045,#12046),
 .UNSPECIFIED.,.F.,.F.,(4,4),(0.917177541006429,0.926861761772505),
 .PIECEWISE_BEZIER_KNOTS.);
#508=B_SPLINE_CURVE_WITH_KNOTS('',3,(#12050,#12051,#12052,#12053),
 .UNSPECIFIED.,.F.,.F.,(4,4),(0.926861761772505,0.933778268245524),
 .PIECEWISE_BEZIER_KNOTS.);
#509=B_SPLINE_CURVE_WITH_KNOTS('',3,(#12071,#12072,#12073,#12074,#12075,
#12076,#12077,#12078,#12079,#12080,#12081,#12082,#12083,#12084,#12085,#12086,
#12087,#12088,#12089,#12090,#12091,#12092),.UNSPECIFIED.,.T.,.F.,(4,3,2,
3,2,3,2,3,4),(0.,0.124331658617403,0.246235600673548,0.372654503546585,
0.497419954141317,0.626806347350666,0.753624918074083,0.875914254128808,
1.),.UNSPECIFIED.);
#510=B_SPLINE_CURVE_WITH_KNOTS('',3,(#12113,#12114,#12115,#12116,#12117,
#12118,#12119,#12120,#12121),.UNSPECIFIED.,.F.,.F.,(4,3,2,4),(0.727017765642558,
0.77612925932077,0.79225463476792,0.808380010215069),.UNSPECIFIED.);
#511=B_SPLINE_CURVE_WITH_KNOTS('',3,(#12125,#12126,#12127,#12128),
 .UNSPECIFIED.,.F.,.F.,(4,4),(0.808380010215069,1.),
 .PIECEWISE_BEZIER_KNOTS.);
#512=B_SPLINE_CURVE_WITH_KNOTS('',3,(#12139,#12140,#12141,#12142),
 .UNSPECIFIED.,.F.,.F.,(4,4),(0.,0.0160283830677338),
 .PIECEWISE_BEZIER_KNOTS.);
#513=B_SPLINE_CURVE_WITH_KNOTS('',3,(#12153,#12154,#12155,#12156,#12157,
#12158,#12159),.UNSPECIFIED.,.F.,.F.,(4,3,4),(0.0160283830677338,0.0337632787258041,
0.082898011988176),.PIECEWISE_BEZIER_KNOTS.);
#514=B_SPLINE_CURVE_WITH_KNOTS('',3,(#12174,#12175,#12176,#12177,#12178,
#12179,#12180,#12181,#12182,#12183),.UNSPECIFIED.,.F.,.F.,(4,3,3,4),(0.0970920853055783,
0.120377288454893,0.160264509007357,0.197364218242521),.UNSPECIFIED.);
#515=B_SPLINE_CURVE_WITH_KNOTS('',3,(#12191,#12192,#12193,#12194),
 .UNSPECIFIED.,.F.,.F.,(4,4),(0.20190632170409,0.446044382763409),
 .PIECEWISE_BEZIER_KNOTS.);
#516=B_SPLINE_CURVE_WITH_KNOTS('',3,(#12205,#12206,#12207,#12208),
 .UNSPECIFIED.,.F.,.F.,(4,4),(0.446044382763409,0.461752464860895),
 .PIECEWISE_BEZIER_KNOTS.);
#517=B_SPLINE_CURVE_WITH_KNOTS('',3,(#12219,#12220,#12221,#12222),
 .UNSPECIFIED.,.F.,.F.,(4,4),(0.461752464860895,0.477792748135642),
 .PIECEWISE_BEZIER_KNOTS.);
#518=B_SPLINE_CURVE_WITH_KNOTS('',3,(#12226,#12227,#12228,#12229),
 .UNSPECIFIED.,.F.,.F.,(4,4),(0.477792748135642,0.526597450400837),
 .PIECEWISE_BEZIER_KNOTS.);
#519=B_SPLINE_CURVE_WITH_KNOTS('',3,(#12246,#12247,#12248,#12249),
 .UNSPECIFIED.,.F.,.F.,(4,4),(0.932975840630615,0.938637224395362),
 .PIECEWISE_BEZIER_KNOTS.);
#520=B_SPLINE_CURVE_WITH_KNOTS('',3,(#12264,#12265,#12266,#12267,#12268,
#12269,#12270,#12271,#12272),.UNSPECIFIED.,.F.,.F.,(4,2,3,4),(0.938637224395362,
0.948828332598134,0.959019440800907,1.),.UNSPECIFIED.);
#521=B_SPLINE_CURVE_WITH_KNOTS('',3,(#12287,#12288,#12289,#12290,#12291,
#12292,#12293),.UNSPECIFIED.,.F.,.F.,(4,3,4),(0.,0.0793984158056165,0.0882591548332553),
 .PIECEWISE_BEZIER_KNOTS.);
#522=B_SPLINE_CURVE_WITH_KNOTS('',3,(#12304,#12305,#12306,#12307,#12308,
#12309,#12310),.UNSPECIFIED.,.F.,.F.,(4,3,4),(0.0882591548332553,0.0947704581899559,
0.0993311352069429),.PIECEWISE_BEZIER_KNOTS.);
#523=B_SPLINE_CURVE_WITH_KNOTS('',3,(#12339,#12340,#12341,#12342,#12343,
#12344,#12345,#12346,#12347,#12348,#12349,#12350),.UNSPECIFIED.,.F.,.F.,
(4,3,2,3,4),(0.159535118656443,0.162849099396782,0.170535069838939,0.178221040281094,
0.24321621424927),.UNSPECIFIED.);
#524=B_SPLINE_CURVE_WITH_KNOTS('',3,(#12358,#12359,#12360,#12361),
 .UNSPECIFIED.,.F.,.F.,(4,4),(0.275536081731107,0.3060523210484),
 .PIECEWISE_BEZIER_KNOTS.);
#525=B_SPLINE_CURVE_WITH_KNOTS('',3,(#12372,#12373,#12374,#12375,#12376,
#12377),.UNSPECIFIED.,.F.,.F.,(4,2,4),(0.3060523210484,0.313744066999689,
0.321435812950979),.UNSPECIFIED.);
#526=B_SPLINE_CURVE_WITH_KNOTS('',3,(#12381,#12382,#12383,#12384),
 .UNSPECIFIED.,.F.,.F.,(4,4),(0.321435812950979,0.327097196715726),
 .PIECEWISE_BEZIER_KNOTS.);
#527=B_SPLINE_CURVE_WITH_KNOTS('',3,(#12409,#12410,#12411,#12412,#12413,
#12414,#12415,#12416,#12417),.UNSPECIFIED.,.F.,.F.,(4,3,2,4),(0.388267757881158,
0.393929141645905,0.401772671134646,0.409616200623389),.UNSPECIFIED.);
#528=B_SPLINE_CURVE_WITH_KNOTS('',3,(#12421,#12422,#12423,#12424),
 .UNSPECIFIED.,.F.,.F.,(4,4),(0.409616200623389,0.571725091838328),
 .PIECEWISE_BEZIER_KNOTS.);
#529=B_SPLINE_CURVE_WITH_KNOTS('',3,(#12435,#12436,#12437,#12438),
 .UNSPECIFIED.,.F.,.F.,(4,4),(0.571725091838328,0.579163995877135),
 .PIECEWISE_BEZIER_KNOTS.);
#530=B_SPLINE_CURVE_WITH_KNOTS('',3,(#12449,#12450,#12451,#12452,#12453,
#12454,#12455),.UNSPECIFIED.,.F.,.F.,(4,3,4),(0.579163995877135,0.587524886240787,
0.594437423743033),.PIECEWISE_BEZIER_KNOTS.);
#531=B_SPLINE_CURVE_WITH_KNOTS('',3,(#12470,#12471,#12472,#12473,#12474,
#12475,#12476,#12477,#12478,#12479),.UNSPECIFIED.,.F.,.F.,(4,3,3,4),(0.601341550285407,
0.61155965756812,0.623731023996877,0.634559572877011),.UNSPECIFIED.);
#532=B_SPLINE_CURVE_WITH_KNOTS('',3,(#12502,#12503,#12504,#12505,#12506,
#12507,#12508,#12509,#12510,#12511),.UNSPECIFIED.,.F.,.F.,(4,3,3,4),(0.850680741356147,
0.858328008636135,0.864880422110209,0.871667196934335),.UNSPECIFIED.);
#533=B_SPLINE_CURVE_WITH_KNOTS('',3,(#12545,#12546,#12547,#12548,#12549,
#12550,#12551,#12552,#12553,#12554,#12555,#12556,#12557),.UNSPECIFIED.,
 .F.,.F.,(4,2,2,3,2,4),(0.,0.0439287493831227,0.087857498766246,0.124464789918849,
0.143016941055072,0.159250073299266),.UNSPECIFIED.);
#534=B_SPLINE_CURVE_WITH_KNOTS('',3,(#12568,#12569,#12570,#12571,#12572,
#12573),.UNSPECIFIED.,.F.,.F.,(4,2,4),(0.159250073299266,0.172935433111609,
0.187127658102187),.UNSPECIFIED.);
#535=B_SPLINE_CURVE_WITH_KNOTS('',3,(#12584,#12585,#12586,#12587),
 .UNSPECIFIED.,.F.,.F.,(4,4),(0.187127658102187,0.201239231527778),
 .PIECEWISE_BEZIER_KNOTS.);
#536=B_SPLINE_CURVE_WITH_KNOTS('',3,(#12600,#12601,#12602,#12603,#12604,
#12605,#12606,#12607,#12608,#12609,#12610),.UNSPECIFIED.,.F.,.F.,(4,3,2,
2,4),(0.201239231527778,0.209850568990556,0.234850391339081,0.275590842573711,
0.316331293808341),.UNSPECIFIED.);
#537=B_SPLINE_CURVE_WITH_KNOTS('',3,(#12614,#12615,#12616,#12617),
 .UNSPECIFIED.,.F.,.F.,(4,4),(0.316331293808341,0.406443186454487),
 .PIECEWISE_BEZIER_KNOTS.);
#538=B_SPLINE_CURVE_WITH_KNOTS('',3,(#12628,#12629,#12630,#12631),
 .UNSPECIFIED.,.F.,.F.,(4,4),(0.406443186454487,0.417553060171602),
 .PIECEWISE_BEZIER_KNOTS.);
#539=B_SPLINE_CURVE_WITH_KNOTS('',3,(#12642,#12643,#12644,#12645),
 .UNSPECIFIED.,.F.,.F.,(4,4),(0.417553060171602,0.429009711339237),
 .PIECEWISE_BEZIER_KNOTS.);
#540=B_SPLINE_CURVE_WITH_KNOTS('',3,(#12649,#12650,#12651,#12652),
 .UNSPECIFIED.,.F.,.F.,(4,4),(0.429009711339237,0.46576176650529),
 .PIECEWISE_BEZIER_KNOTS.);
#541=B_SPLINE_CURVE_WITH_KNOTS('',3,(#12679,#12680,#12681,#12682,#12683,
#12684,#12685,#12686,#12687,#12688),.UNSPECIFIED.,.F.,.F.,(4,3,3,4),(0.609047794001188,
0.642332366960575,0.654663143023628,0.665472444373075),
 .PIECEWISE_BEZIER_KNOTS.);
#542=B_SPLINE_CURVE_WITH_KNOTS('',3,(#12692,#12693,#12694,#12695),
 .UNSPECIFIED.,.F.,.F.,(4,4),(0.665472444373075,0.8034570814871),
 .PIECEWISE_BEZIER_KNOTS.);
#543=B_SPLINE_CURVE_WITH_KNOTS('',3,(#12706,#12707,#12708,#12709),
 .UNSPECIFIED.,.F.,.F.,(4,4),(0.8034570814871,0.814975472126103),
 .PIECEWISE_BEZIER_KNOTS.);
#544=B_SPLINE_CURVE_WITH_KNOTS('',3,(#12720,#12721,#12722,#12723,#12724,
#12725,#12726),.UNSPECIFIED.,.F.,.F.,(4,3,4),(0.814975472126103,0.827755553245654,
0.859390435064318),.PIECEWISE_BEZIER_KNOTS.);
#545=B_SPLINE_CURVE_WITH_KNOTS('',3,(#12748,#12749,#12750,#12751,#12752,
#12753,#12754,#12755,#12756,#12757,#12758,#12759),.UNSPECIFIED.,.F.,.F.,
(4,3,2,3,4),(0.831174454007751,0.86589352334731,0.889499700450646,0.909350349378452,
0.929248657591183),.UNSPECIFIED.);
#546=B_SPLINE_CURVE_WITH_KNOTS('',3,(#12770,#12771,#12772,#12773,#12774,
#12775,#12776),.UNSPECIFIED.,.F.,.F.,(4,3,4),(0.929248657591183,0.964945888392642,
1.),.UNSPECIFIED.);
#547=B_SPLINE_CURVE_WITH_KNOTS('',3,(#12789,#12790,#12791,#12792,#12793,
#12794,#12795,#12796,#12797,#12798,#12799),.UNSPECIFIED.,.F.,.F.,(4,3,2,
2,4),(0.,0.0501468404158896,0.0976329576619191,0.175985051117868,0.254337144573817),
 .UNSPECIFIED.);
#548=B_SPLINE_CURVE_WITH_KNOTS('',3,(#12812,#12813,#12814,#12815,#12816,
#12817,#12818,#12819,#12820,#12821,#12822,#12823,#12824,#12825,#12826),
 .UNSPECIFIED.,.F.,.F.,(4,3,3,2,3,4),(0.254337144573817,0.274589324632262,
0.303678383354848,0.342354236530243,0.383227581363331,0.405944181648188),
 .UNSPECIFIED.);
#549=B_SPLINE_CURVE_WITH_KNOTS('',3,(#12837,#12838,#12839,#12840,#12841,
#12842),.UNSPECIFIED.,.F.,.F.,(4,2,4),(0.405944181648188,0.41384705901703,
0.421749936385872),.UNSPECIFIED.);
#550=B_SPLINE_CURVE_WITH_KNOTS('',3,(#12869,#12870,#12871,#12872,#12873,
#12874,#12875,#12876,#12877,#12878,#12879,#12880,#12881,#12882,#12883,#12884,
#12885,#12886,#12887,#12888,#12889,#12890,#12891,#12892,#12893,#12894,#12895,
#12896,#12897),.UNSPECIFIED.,.F.,.F.,(4,2,2,2,2,2,3,3,3,2,2,2,4),(0.421749936385872,
0.450859751335598,0.470872749113534,0.492425208259003,0.530142011763573,
0.567858815268143,0.607751588205669,0.64926156667201,0.760122921264534,
0.774144486296562,0.788166051328588,0.805374335686075,0.822582620043562),
 .UNSPECIFIED.);
#551=B_SPLINE_CURVE_WITH_KNOTS('',3,(#12908,#12909,#12910,#12911,#12912,
#12913,#12914,#12915,#12916,#12917),.UNSPECIFIED.,.F.,.F.,(4,2,2,2,4),(0.,
0.11058143375148,0.22116286750296,0.303261204682088,0.385359541861218),
 .UNSPECIFIED.);
#552=B_SPLINE_CURVE_WITH_KNOTS('',3,(#12922,#12923,#12924,#12925,#12926,
#12927,#12928,#12929,#12930,#12931),.UNSPECIFIED.,.F.,.F.,(4,2,2,2,4),(0.,
0.11058143375148,0.22116286750296,0.303261204682088,0.385359541861218),
 .UNSPECIFIED.);
#553=B_SPLINE_CURVE_WITH_KNOTS('',3,(#12950,#12951,#12952,#12953,#12954,
#12955,#12956),.UNSPECIFIED.,.F.,.F.,(4,3,4),(0.617533720511907,0.86198928762711,
1.),.UNSPECIFIED.);
#554=B_SPLINE_CURVE_WITH_KNOTS('',3,(#12957,#12958,#12959,#12960,#12961,
#12962,#12963),.UNSPECIFIED.,.F.,.F.,(4,3,4),(0.617533720511907,0.86198928762711,
1.),.UNSPECIFIED.);
#555=B_SPLINE_CURVE_WITH_KNOTS('',3,(#12975,#12976,#12977,#12978),
 .UNSPECIFIED.,.F.,.F.,(4,4),(0.885328209521547,0.888201479860181),
 .PIECEWISE_BEZIER_KNOTS.);
#556=B_SPLINE_CURVE_WITH_KNOTS('',3,(#12989,#12990,#12991,#12992),
 .UNSPECIFIED.,.F.,.F.,(4,4),(0.888201479860181,0.893149782259553),
 .PIECEWISE_BEZIER_KNOTS.);
#557=B_SPLINE_CURVE_WITH_KNOTS('',3,(#13003,#13004,#13005,#13006),
 .UNSPECIFIED.,.F.,.F.,(4,4),(0.893149782259553,0.897967030609876),
 .PIECEWISE_BEZIER_KNOTS.);
#558=B_SPLINE_CURVE_WITH_KNOTS('',3,(#13010,#13011,#13012,#13013),
 .UNSPECIFIED.,.F.,.F.,(4,4),(0.897967030609876,1.),
 .PIECEWISE_BEZIER_KNOTS.);
#559=B_SPLINE_CURVE_WITH_KNOTS('',3,(#13024,#13025,#13026,#13027),
 .UNSPECIFIED.,.F.,.F.,(4,4),(0.,0.00481779894585431),
 .PIECEWISE_BEZIER_KNOTS.);
#560=B_SPLINE_CURVE_WITH_KNOTS('',3,(#13038,#13039,#13040,#13041),
 .UNSPECIFIED.,.F.,.F.,(4,4),(0.00481779894585431,0.00973390127405851),
 .PIECEWISE_BEZIER_KNOTS.);
#561=B_SPLINE_CURVE_WITH_KNOTS('',3,(#13045,#13046,#13047,#13048),
 .UNSPECIFIED.,.F.,.F.,(4,4),(0.00973390127405851,0.0126037304137369),
 .PIECEWISE_BEZIER_KNOTS.);
#562=B_SPLINE_CURVE_WITH_KNOTS('',3,(#13073,#13074,#13075,#13076,#13077,
#13078,#13079,#13080,#13081,#13082),.UNSPECIFIED.,.F.,.F.,(4,3,3,4),(0.0519588271732071,
0.0554415790988239,0.0608094551542373,0.0654034104018489),
 .PIECEWISE_BEZIER_KNOTS.);
#563=B_SPLINE_CURVE_WITH_KNOTS('',3,(#13086,#13087,#13088,#13089),
 .UNSPECIFIED.,.F.,.F.,(4,4),(0.0654034104018489,0.15875221748545),
 .PIECEWISE_BEZIER_KNOTS.);
#564=B_SPLINE_CURVE_WITH_KNOTS('',3,(#13113,#13114,#13115,#13116),
 .UNSPECIFIED.,.F.,.F.,(4,4),(0.375989028192259,0.467585403835982),
 .PIECEWISE_BEZIER_KNOTS.);
#565=B_SPLINE_CURVE_WITH_KNOTS('',3,(#13127,#13128,#13129,#13130,#13131,
#13132),.UNSPECIFIED.,.F.,.F.,(4,2,4),(0.467585403835982,0.4724354820571,
0.477285560278218),.UNSPECIFIED.);
#566=B_SPLINE_CURVE_WITH_KNOTS('',3,(#13136,#13137,#13138,#13139),
 .UNSPECIFIED.,.F.,.F.,(4,4),(0.477285560278218,0.479375211433589),
 .PIECEWISE_BEZIER_KNOTS.);
#567=B_SPLINE_CURVE_WITH_KNOTS('',3,(#13162,#13163,#13164,#13165,#13166,
#13167,#13168,#13169,#13170),.UNSPECIFIED.,.F.,.F.,(4,3,2,4),(0.509413946792033,
0.511503597947404,0.516490457737905,0.521477317528406),.UNSPECIFIED.);
#568=B_SPLINE_CURVE_WITH_KNOTS('',3,(#13174,#13175,#13176,#13177),
 .UNSPECIFIED.,.F.,.F.,(4,4),(0.521477317528406,0.623521948948979),
 .PIECEWISE_BEZIER_KNOTS.);
#569=B_SPLINE_CURVE_WITH_KNOTS('',3,(#13188,#13189,#13190,#13191,#13192,
#13193,#13194,#13195,#13196),.UNSPECIFIED.,.F.,.F.,(4,2,3,4),(0.623521948948979,
0.628514660662235,0.633507372375491,0.636380904869333),.UNSPECIFIED.);
#570=ORIENTED_EDGE('',*,*,#2090,.T.);
#571=ORIENTED_EDGE('',*,*,#2091,.T.);
#572=ORIENTED_EDGE('',*,*,#2092,.T.);
#573=ORIENTED_EDGE('',*,*,#2093,.F.);
#574=ORIENTED_EDGE('',*,*,#2094,.F.);
#575=ORIENTED_EDGE('',*,*,#2095,.T.);
#576=ORIENTED_EDGE('',*,*,#2096,.T.);
#577=ORIENTED_EDGE('',*,*,#2097,.T.);
#578=ORIENTED_EDGE('',*,*,#2094,.T.);
#579=ORIENTED_EDGE('',*,*,#2098,.T.);
#580=ORIENTED_EDGE('',*,*,#2099,.T.);
#581=ORIENTED_EDGE('',*,*,#2100,.T.);
#582=ORIENTED_EDGE('',*,*,#2101,.T.);
#583=ORIENTED_EDGE('',*,*,#2092,.F.);
#584=ORIENTED_EDGE('',*,*,#2102,.T.);
#585=ORIENTED_EDGE('',*,*,#2103,.T.);
#586=ORIENTED_EDGE('',*,*,#2104,.F.);
#587=ORIENTED_EDGE('',*,*,#2105,.F.);
#588=ORIENTED_EDGE('',*,*,#2106,.F.);
#589=ORIENTED_EDGE('',*,*,#2107,.F.);
#590=ORIENTED_EDGE('',*,*,#2108,.F.);
#591=ORIENTED_EDGE('',*,*,#2109,.T.);
#592=ORIENTED_EDGE('',*,*,#2110,.T.);
#593=ORIENTED_EDGE('',*,*,#2111,.F.);
#594=ORIENTED_EDGE('',*,*,#2112,.F.);
#595=ORIENTED_EDGE('',*,*,#2113,.F.);
#596=ORIENTED_EDGE('',*,*,#2114,.F.);
#597=ORIENTED_EDGE('',*,*,#2115,.F.);
#598=ORIENTED_EDGE('',*,*,#2116,.F.);
#599=ORIENTED_EDGE('',*,*,#2117,.F.);
#600=ORIENTED_EDGE('',*,*,#2118,.T.);
#601=ORIENTED_EDGE('',*,*,#2119,.F.);
#602=ORIENTED_EDGE('',*,*,#2116,.T.);
#603=ORIENTED_EDGE('',*,*,#2120,.T.);
#604=ORIENTED_EDGE('',*,*,#2121,.T.);
#605=ORIENTED_EDGE('',*,*,#2122,.T.);
#606=ORIENTED_EDGE('',*,*,#2117,.T.);
#607=ORIENTED_EDGE('',*,*,#2123,.T.);
#608=ORIENTED_EDGE('',*,*,#2124,.T.);
#609=ORIENTED_EDGE('',*,*,#2125,.T.);
#610=ORIENTED_EDGE('',*,*,#2126,.T.);
#611=ORIENTED_EDGE('',*,*,#2127,.T.);
#612=ORIENTED_EDGE('',*,*,#2128,.F.);
#613=ORIENTED_EDGE('',*,*,#2129,.T.);
#614=ORIENTED_EDGE('',*,*,#2130,.T.);
#615=ORIENTED_EDGE('',*,*,#2131,.F.);
#616=ORIENTED_EDGE('',*,*,#2132,.F.);
#617=ORIENTED_EDGE('',*,*,#2133,.F.);
#618=ORIENTED_EDGE('',*,*,#2134,.F.);
#619=ORIENTED_EDGE('',*,*,#2135,.F.);
#620=ORIENTED_EDGE('',*,*,#2136,.T.);
#621=ORIENTED_EDGE('',*,*,#2137,.T.);
#622=ORIENTED_EDGE('',*,*,#2138,.T.);
#623=ORIENTED_EDGE('',*,*,#2139,.T.);
#624=ORIENTED_EDGE('',*,*,#2140,.T.);
#625=ORIENTED_EDGE('',*,*,#2141,.T.);
#626=ORIENTED_EDGE('',*,*,#2128,.T.);
#627=ORIENTED_EDGE('',*,*,#2142,.T.);
#628=ORIENTED_EDGE('',*,*,#2143,.F.);
#629=ORIENTED_EDGE('',*,*,#2144,.T.);
#630=ORIENTED_EDGE('',*,*,#2145,.F.);
#631=ORIENTED_EDGE('',*,*,#2146,.T.);
#632=ORIENTED_EDGE('',*,*,#2147,.F.);
#633=ORIENTED_EDGE('',*,*,#2142,.F.);
#634=ORIENTED_EDGE('',*,*,#2134,.T.);
#635=ORIENTED_EDGE('',*,*,#2148,.T.);
#636=ORIENTED_EDGE('',*,*,#2149,.F.);
#637=ORIENTED_EDGE('',*,*,#2150,.F.);
#638=ORIENTED_EDGE('',*,*,#2148,.F.);
#639=ORIENTED_EDGE('',*,*,#2133,.T.);
#640=ORIENTED_EDGE('',*,*,#2151,.T.);
#641=ORIENTED_EDGE('',*,*,#2152,.F.);
#642=ORIENTED_EDGE('',*,*,#2151,.F.);
#643=ORIENTED_EDGE('',*,*,#2132,.T.);
#644=ORIENTED_EDGE('',*,*,#2153,.T.);
#645=ORIENTED_EDGE('',*,*,#2154,.F.);
#646=ORIENTED_EDGE('',*,*,#2155,.F.);
#647=ORIENTED_EDGE('',*,*,#2156,.T.);
#648=ORIENTED_EDGE('',*,*,#2157,.F.);
#649=ORIENTED_EDGE('',*,*,#2153,.F.);
#650=ORIENTED_EDGE('',*,*,#2131,.T.);
#651=ORIENTED_EDGE('',*,*,#2123,.F.);
#652=ORIENTED_EDGE('',*,*,#2120,.F.);
#653=ORIENTED_EDGE('',*,*,#2115,.T.);
#654=ORIENTED_EDGE('',*,*,#2158,.T.);
#655=ORIENTED_EDGE('',*,*,#2124,.F.);
#656=ORIENTED_EDGE('',*,*,#2158,.F.);
#657=ORIENTED_EDGE('',*,*,#2114,.T.);
#658=ORIENTED_EDGE('',*,*,#2159,.T.);
#659=ORIENTED_EDGE('',*,*,#2125,.F.);
#660=ORIENTED_EDGE('',*,*,#2159,.F.);
#661=ORIENTED_EDGE('',*,*,#2113,.T.);
#662=ORIENTED_EDGE('',*,*,#2160,.T.);
#663=ORIENTED_EDGE('',*,*,#2126,.F.);
#664=ORIENTED_EDGE('',*,*,#2160,.F.);
#665=ORIENTED_EDGE('',*,*,#2112,.T.);
#666=ORIENTED_EDGE('',*,*,#2161,.T.);
#667=ORIENTED_EDGE('',*,*,#2162,.T.);
#668=ORIENTED_EDGE('',*,*,#2163,.T.);
#669=ORIENTED_EDGE('',*,*,#2164,.F.);
#670=ORIENTED_EDGE('',*,*,#2165,.T.);
#671=ORIENTED_EDGE('',*,*,#2166,.T.);
#672=ORIENTED_EDGE('',*,*,#2167,.T.);
#673=ORIENTED_EDGE('',*,*,#2127,.F.);
#674=ORIENTED_EDGE('',*,*,#2161,.F.);
#675=ORIENTED_EDGE('',*,*,#2111,.T.);
#676=ORIENTED_EDGE('',*,*,#2168,.T.);
#677=ORIENTED_EDGE('',*,*,#2169,.F.);
#678=ORIENTED_EDGE('',*,*,#2170,.T.);
#679=ORIENTED_EDGE('',*,*,#2171,.F.);
#680=ORIENTED_EDGE('',*,*,#2172,.T.);
#681=ORIENTED_EDGE('',*,*,#2173,.T.);
#682=ORIENTED_EDGE('',*,*,#2174,.T.);
#683=ORIENTED_EDGE('',*,*,#2175,.T.);
#684=ORIENTED_EDGE('',*,*,#2176,.T.);
#685=ORIENTED_EDGE('',*,*,#2166,.F.);
#686=ORIENTED_EDGE('',*,*,#2177,.T.);
#687=ORIENTED_EDGE('',*,*,#2145,.T.);
#688=ORIENTED_EDGE('',*,*,#2157,.T.);
#689=ORIENTED_EDGE('',*,*,#2178,.T.);
#690=ORIENTED_EDGE('',*,*,#2179,.T.);
#691=ORIENTED_EDGE('',*,*,#2143,.T.);
#692=ORIENTED_EDGE('',*,*,#2147,.T.);
#693=ORIENTED_EDGE('',*,*,#2150,.T.);
#694=ORIENTED_EDGE('',*,*,#2180,.F.);
#695=ORIENTED_EDGE('',*,*,#2181,.T.);
#696=ORIENTED_EDGE('',*,*,#2182,.F.);
#697=ORIENTED_EDGE('',*,*,#2154,.T.);
#698=ORIENTED_EDGE('',*,*,#2169,.T.);
#699=ORIENTED_EDGE('',*,*,#2183,.T.);
#700=ORIENTED_EDGE('',*,*,#2184,.T.);
#701=ORIENTED_EDGE('',*,*,#2185,.T.);
#702=ORIENTED_EDGE('',*,*,#2186,.T.);
#703=ORIENTED_EDGE('',*,*,#2187,.T.);
#704=ORIENTED_EDGE('',*,*,#2140,.F.);
#705=ORIENTED_EDGE('',*,*,#2188,.T.);
#706=ORIENTED_EDGE('',*,*,#2164,.T.);
#707=ORIENTED_EDGE('',*,*,#2189,.T.);
#708=ORIENTED_EDGE('',*,*,#2135,.T.);
#709=ORIENTED_EDGE('',*,*,#2190,.T.);
#710=ORIENTED_EDGE('',*,*,#2152,.T.);
#711=ORIENTED_EDGE('',*,*,#2182,.T.);
#712=ORIENTED_EDGE('',*,*,#2191,.F.);
#713=ORIENTED_EDGE('',*,*,#2180,.T.);
#714=ORIENTED_EDGE('',*,*,#2149,.T.);
#715=ORIENTED_EDGE('',*,*,#2192,.T.);
#716=ORIENTED_EDGE('',*,*,#2192,.F.);
#717=ORIENTED_EDGE('',*,*,#2193,.T.);
#718=ORIENTED_EDGE('',*,*,#2194,.T.);
#719=ORIENTED_EDGE('',*,*,#2193,.F.);
#720=ORIENTED_EDGE('',*,*,#2195,.T.);
#721=ORIENTED_EDGE('',*,*,#2181,.F.);
#722=ORIENTED_EDGE('',*,*,#2191,.T.);
#723=ORIENTED_EDGE('',*,*,#2196,.T.);
#724=ORIENTED_EDGE('',*,*,#2197,.T.);
#725=ORIENTED_EDGE('',*,*,#2198,.T.);
#726=ORIENTED_EDGE('',*,*,#2199,.F.);
#727=ORIENTED_EDGE('',*,*,#2200,.F.);
#728=ORIENTED_EDGE('',*,*,#2201,.T.);
#729=ORIENTED_EDGE('',*,*,#2202,.T.);
#730=ORIENTED_EDGE('',*,*,#2203,.T.);
#731=ORIENTED_EDGE('',*,*,#2204,.F.);
#732=ORIENTED_EDGE('',*,*,#2199,.T.);
#733=ORIENTED_EDGE('',*,*,#2108,.T.);
#734=ORIENTED_EDGE('',*,*,#2205,.F.);
#735=ORIENTED_EDGE('',*,*,#2098,.F.);
#736=ORIENTED_EDGE('',*,*,#2093,.T.);
#737=ORIENTED_EDGE('',*,*,#2107,.T.);
#738=ORIENTED_EDGE('',*,*,#2206,.F.);
#739=ORIENTED_EDGE('',*,*,#2099,.F.);
#740=ORIENTED_EDGE('',*,*,#2205,.T.);
#741=ORIENTED_EDGE('',*,*,#2106,.T.);
#742=ORIENTED_EDGE('',*,*,#2207,.F.);
#743=ORIENTED_EDGE('',*,*,#2100,.F.);
#744=ORIENTED_EDGE('',*,*,#2206,.T.);
#745=ORIENTED_EDGE('',*,*,#2105,.T.);
#746=ORIENTED_EDGE('',*,*,#2208,.F.);
#747=ORIENTED_EDGE('',*,*,#2101,.F.);
#748=ORIENTED_EDGE('',*,*,#2207,.T.);
#749=ORIENTED_EDGE('',*,*,#2209,.F.);
#750=ORIENTED_EDGE('',*,*,#2210,.T.);
#751=ORIENTED_EDGE('',*,*,#2211,.T.);
#752=ORIENTED_EDGE('',*,*,#2212,.T.);
#753=ORIENTED_EDGE('',*,*,#2213,.T.);
#754=ORIENTED_EDGE('',*,*,#2214,.T.);
#755=ORIENTED_EDGE('',*,*,#2215,.T.);
#756=ORIENTED_EDGE('',*,*,#2216,.T.);
#757=ORIENTED_EDGE('',*,*,#2217,.T.);
#758=ORIENTED_EDGE('',*,*,#2095,.F.);
#759=ORIENTED_EDGE('',*,*,#2208,.T.);
#760=ORIENTED_EDGE('',*,*,#2104,.T.);
#761=ORIENTED_EDGE('',*,*,#2218,.T.);
#762=ORIENTED_EDGE('',*,*,#2219,.T.);
#763=ORIENTED_EDGE('',*,*,#2220,.T.);
#764=ORIENTED_EDGE('',*,*,#2221,.T.);
#765=ORIENTED_EDGE('',*,*,#2222,.F.);
#766=ORIENTED_EDGE('',*,*,#2223,.T.);
#767=ORIENTED_EDGE('',*,*,#2209,.T.);
#768=ORIENTED_EDGE('',*,*,#2224,.T.);
#769=ORIENTED_EDGE('',*,*,#2225,.T.);
#770=ORIENTED_EDGE('',*,*,#2226,.T.);
#771=ORIENTED_EDGE('',*,*,#2227,.T.);
#772=ORIENTED_EDGE('',*,*,#2222,.T.);
#773=ORIENTED_EDGE('',*,*,#2228,.T.);
#774=ORIENTED_EDGE('',*,*,#2229,.T.);
#775=ORIENTED_EDGE('',*,*,#2230,.F.);
#776=ORIENTED_EDGE('',*,*,#2231,.F.);
#777=ORIENTED_EDGE('',*,*,#2232,.T.);
#778=ORIENTED_EDGE('',*,*,#2233,.F.);
#779=ORIENTED_EDGE('',*,*,#2234,.T.);
#780=ORIENTED_EDGE('',*,*,#2235,.F.);
#781=ORIENTED_EDGE('',*,*,#2236,.T.);
#782=ORIENTED_EDGE('',*,*,#2237,.T.);
#783=ORIENTED_EDGE('',*,*,#2238,.T.);
#784=ORIENTED_EDGE('',*,*,#2239,.F.);
#785=ORIENTED_EDGE('',*,*,#2240,.F.);
#786=ORIENTED_EDGE('',*,*,#2230,.T.);
#787=ORIENTED_EDGE('',*,*,#2241,.T.);
#788=ORIENTED_EDGE('',*,*,#2242,.T.);
#789=ORIENTED_EDGE('',*,*,#2196,.F.);
#790=ORIENTED_EDGE('',*,*,#2243,.F.);
#791=ORIENTED_EDGE('',*,*,#2239,.T.);
#792=ORIENTED_EDGE('',*,*,#2244,.T.);
#793=ORIENTED_EDGE('',*,*,#2245,.T.);
#794=ORIENTED_EDGE('',*,*,#2231,.T.);
#795=ORIENTED_EDGE('',*,*,#2240,.T.);
#796=ORIENTED_EDGE('',*,*,#2243,.T.);
#797=ORIENTED_EDGE('',*,*,#2200,.T.);
#798=ORIENTED_EDGE('',*,*,#2204,.T.);
#799=ORIENTED_EDGE('',*,*,#2246,.T.);
#800=ORIENTED_EDGE('',*,*,#2247,.T.);
#801=ORIENTED_EDGE('',*,*,#2201,.F.);
#802=ORIENTED_EDGE('',*,*,#2198,.F.);
#803=ORIENTED_EDGE('',*,*,#2248,.F.);
#804=ORIENTED_EDGE('',*,*,#2249,.F.);
#805=ORIENTED_EDGE('',*,*,#2250,.F.);
#806=ORIENTED_EDGE('',*,*,#2241,.F.);
#807=ORIENTED_EDGE('',*,*,#2238,.F.);
#808=ORIENTED_EDGE('',*,*,#2229,.F.);
#809=ORIENTED_EDGE('',*,*,#2233,.T.);
#810=ORIENTED_EDGE('',*,*,#2251,.T.);
#811=ORIENTED_EDGE('',*,*,#2252,.F.);
#812=ORIENTED_EDGE('',*,*,#2253,.F.);
#813=ORIENTED_EDGE('',*,*,#2254,.F.);
#814=ORIENTED_EDGE('',*,*,#2255,.T.);
#815=ORIENTED_EDGE('',*,*,#2216,.F.);
#816=ORIENTED_EDGE('',*,*,#2256,.T.);
#817=ORIENTED_EDGE('',*,*,#2211,.F.);
#818=ORIENTED_EDGE('',*,*,#2257,.T.);
#819=ORIENTED_EDGE('',*,*,#2226,.F.);
#820=ORIENTED_EDGE('',*,*,#2258,.T.);
#821=ORIENTED_EDGE('',*,*,#2259,.T.);
#822=ORIENTED_EDGE('',*,*,#2242,.F.);
#823=ORIENTED_EDGE('',*,*,#2250,.T.);
#824=ORIENTED_EDGE('',*,*,#2260,.T.);
#825=ORIENTED_EDGE('',*,*,#2248,.T.);
#826=ORIENTED_EDGE('',*,*,#2197,.F.);
#827=ORIENTED_EDGE('',*,*,#2260,.F.);
#828=ORIENTED_EDGE('',*,*,#2249,.T.);
#829=ORIENTED_EDGE('',*,*,#2194,.F.);
#830=ORIENTED_EDGE('',*,*,#2195,.F.);
#831=ORIENTED_EDGE('',*,*,#2261,.F.);
#832=ORIENTED_EDGE('',*,*,#2262,.T.);
#833=ORIENTED_EDGE('',*,*,#2263,.F.);
#834=ORIENTED_EDGE('',*,*,#2262,.F.);
#835=ORIENTED_EDGE('',*,*,#2264,.T.);
#836=ORIENTED_EDGE('',*,*,#2261,.T.);
#837=ORIENTED_EDGE('',*,*,#2264,.F.);
#838=ORIENTED_EDGE('',*,*,#2259,.F.);
#839=ORIENTED_EDGE('',*,*,#2263,.T.);
#840=ORIENTED_EDGE('',*,*,#2265,.T.);
#841=ORIENTED_EDGE('',*,*,#2266,.T.);
#842=ORIENTED_EDGE('',*,*,#2267,.F.);
#843=ORIENTED_EDGE('',*,*,#2185,.F.);
#844=ORIENTED_EDGE('',*,*,#2268,.T.);
#845=ORIENTED_EDGE('',*,*,#2269,.T.);
#846=ORIENTED_EDGE('',*,*,#2270,.T.);
#847=ORIENTED_EDGE('',*,*,#2265,.F.);
#848=ORIENTED_EDGE('',*,*,#2184,.F.);
#849=ORIENTED_EDGE('',*,*,#2271,.T.);
#850=ORIENTED_EDGE('',*,*,#2109,.F.);
#851=ORIENTED_EDGE('',*,*,#2119,.T.);
#852=ORIENTED_EDGE('',*,*,#2272,.T.);
#853=ORIENTED_EDGE('',*,*,#2273,.T.);
#854=ORIENTED_EDGE('',*,*,#2274,.T.);
#855=ORIENTED_EDGE('',*,*,#2275,.T.);
#856=ORIENTED_EDGE('',*,*,#2276,.T.);
#857=ORIENTED_EDGE('',*,*,#2155,.T.);
#858=ORIENTED_EDGE('',*,*,#2130,.F.);
#859=ORIENTED_EDGE('',*,*,#2277,.T.);
#860=ORIENTED_EDGE('',*,*,#2186,.F.);
#861=ORIENTED_EDGE('',*,*,#2267,.T.);
#862=ORIENTED_EDGE('',*,*,#2278,.T.);
#863=ORIENTED_EDGE('',*,*,#2279,.T.);
#864=ORIENTED_EDGE('',*,*,#2090,.F.);
#865=ORIENTED_EDGE('',*,*,#2097,.F.);
#866=ORIENTED_EDGE('',*,*,#2280,.T.);
#867=ORIENTED_EDGE('',*,*,#2254,.T.);
#868=ORIENTED_EDGE('',*,*,#2281,.T.);
#869=ORIENTED_EDGE('',*,*,#2282,.T.);
#870=ORIENTED_EDGE('',*,*,#2283,.T.);
#871=ORIENTED_EDGE('',*,*,#2284,.T.);
#872=ORIENTED_EDGE('',*,*,#2285,.T.);
#873=ORIENTED_EDGE('',*,*,#2286,.T.);
#874=ORIENTED_EDGE('',*,*,#2287,.F.);
#875=ORIENTED_EDGE('',*,*,#2252,.T.);
#876=ORIENTED_EDGE('',*,*,#2288,.T.);
#877=ORIENTED_EDGE('',*,*,#2244,.F.);
#878=ORIENTED_EDGE('',*,*,#2203,.F.);
#879=ORIENTED_EDGE('',*,*,#2289,.T.);
#880=ORIENTED_EDGE('',*,*,#2287,.T.);
#881=ORIENTED_EDGE('',*,*,#2290,.T.);
#882=ORIENTED_EDGE('',*,*,#2281,.F.);
#883=ORIENTED_EDGE('',*,*,#2253,.T.);
#884=ORIENTED_EDGE('',*,*,#2171,.T.);
#885=ORIENTED_EDGE('',*,*,#2291,.T.);
#886=ORIENTED_EDGE('',*,*,#2138,.F.);
#887=ORIENTED_EDGE('',*,*,#2292,.T.);
#888=ORIENTED_EDGE('',*,*,#2137,.F.);
#889=ORIENTED_EDGE('',*,*,#2293,.T.);
#890=ORIENTED_EDGE('',*,*,#2162,.F.);
#891=ORIENTED_EDGE('',*,*,#2292,.F.);
#892=ORIENTED_EDGE('',*,*,#2235,.T.);
#893=ORIENTED_EDGE('',*,*,#2294,.T.);
#894=ORIENTED_EDGE('',*,*,#2214,.F.);
#895=ORIENTED_EDGE('',*,*,#2295,.T.);
#896=ORIENTED_EDGE('',*,*,#2213,.F.);
#897=ORIENTED_EDGE('',*,*,#2296,.T.);
#898=ORIENTED_EDGE('',*,*,#2236,.F.);
#899=ORIENTED_EDGE('',*,*,#2295,.F.);
#900=ORIENTED_EDGE('',*,*,#2146,.F.);
#901=ORIENTED_EDGE('',*,*,#2177,.F.);
#902=ORIENTED_EDGE('',*,*,#2165,.F.);
#903=ORIENTED_EDGE('',*,*,#2190,.F.);
#904=ORIENTED_EDGE('',*,*,#2270,.F.);
#905=ORIENTED_EDGE('',*,*,#2297,.T.);
#906=ORIENTED_EDGE('',*,*,#2174,.F.);
#907=ORIENTED_EDGE('',*,*,#2298,.T.);
#908=ORIENTED_EDGE('',*,*,#2273,.F.);
#909=ORIENTED_EDGE('',*,*,#2266,.F.);
#910=ORIENTED_EDGE('',*,*,#2215,.F.);
#911=ORIENTED_EDGE('',*,*,#2294,.F.);
#912=ORIENTED_EDGE('',*,*,#2234,.F.);
#913=ORIENTED_EDGE('',*,*,#2256,.F.);
#914=ORIENTED_EDGE('',*,*,#2139,.F.);
#915=ORIENTED_EDGE('',*,*,#2291,.F.);
#916=ORIENTED_EDGE('',*,*,#2170,.F.);
#917=ORIENTED_EDGE('',*,*,#2188,.F.);
#918=ORIENTED_EDGE('',*,*,#2277,.F.);
#919=ORIENTED_EDGE('',*,*,#2129,.F.);
#920=ORIENTED_EDGE('',*,*,#2141,.F.);
#921=ORIENTED_EDGE('',*,*,#2187,.F.);
#922=ORIENTED_EDGE('',*,*,#2168,.F.);
#923=ORIENTED_EDGE('',*,*,#2110,.F.);
#924=ORIENTED_EDGE('',*,*,#2271,.F.);
#925=ORIENTED_EDGE('',*,*,#2183,.F.);
#926=ORIENTED_EDGE('',*,*,#2217,.F.);
#927=ORIENTED_EDGE('',*,*,#2255,.F.);
#928=ORIENTED_EDGE('',*,*,#2280,.F.);
#929=ORIENTED_EDGE('',*,*,#2096,.F.);
#930=ORIENTED_EDGE('',*,*,#2288,.F.);
#931=ORIENTED_EDGE('',*,*,#2251,.F.);
#932=ORIENTED_EDGE('',*,*,#2232,.F.);
#933=ORIENTED_EDGE('',*,*,#2245,.F.);
#934=ORIENTED_EDGE('',*,*,#2286,.F.);
#935=ORIENTED_EDGE('',*,*,#2299,.T.);
#936=ORIENTED_EDGE('',*,*,#2219,.F.);
#937=ORIENTED_EDGE('',*,*,#2300,.T.);
#938=ORIENTED_EDGE('',*,*,#2282,.F.);
#939=ORIENTED_EDGE('',*,*,#2290,.F.);
#940=ORIENTED_EDGE('',*,*,#2221,.F.);
#941=ORIENTED_EDGE('',*,*,#2301,.T.);
#942=ORIENTED_EDGE('',*,*,#2246,.F.);
#943=ORIENTED_EDGE('',*,*,#2228,.F.);
#944=ORIENTED_EDGE('',*,*,#2103,.F.);
#945=ORIENTED_EDGE('',*,*,#2302,.T.);
#946=ORIENTED_EDGE('',*,*,#2224,.F.);
#947=ORIENTED_EDGE('',*,*,#2218,.F.);
#948=ORIENTED_EDGE('',*,*,#2176,.F.);
#949=ORIENTED_EDGE('',*,*,#2303,.T.);
#950=ORIENTED_EDGE('',*,*,#2121,.F.);
#951=ORIENTED_EDGE('',*,*,#2167,.F.);
#952=ORIENTED_EDGE('',*,*,#2179,.F.);
#953=ORIENTED_EDGE('',*,*,#2304,.T.);
#954=ORIENTED_EDGE('',*,*,#2172,.F.);
#955=ORIENTED_EDGE('',*,*,#2144,.F.);
#956=ORIENTED_EDGE('',*,*,#2163,.F.);
#957=ORIENTED_EDGE('',*,*,#2293,.F.);
#958=ORIENTED_EDGE('',*,*,#2136,.F.);
#959=ORIENTED_EDGE('',*,*,#2189,.F.);
#960=ORIENTED_EDGE('',*,*,#2237,.F.);
#961=ORIENTED_EDGE('',*,*,#2296,.F.);
#962=ORIENTED_EDGE('',*,*,#2212,.F.);
#963=ORIENTED_EDGE('',*,*,#2258,.F.);
#964=ORIENTED_EDGE('',*,*,#2227,.F.);
#965=ORIENTED_EDGE('',*,*,#2257,.F.);
#966=ORIENTED_EDGE('',*,*,#2210,.F.);
#967=ORIENTED_EDGE('',*,*,#2223,.F.);
#968=ORIENTED_EDGE('',*,*,#2300,.F.);
#969=ORIENTED_EDGE('',*,*,#2225,.F.);
#970=ORIENTED_EDGE('',*,*,#2305,.F.);
#971=ORIENTED_EDGE('',*,*,#2283,.F.);
#972=ORIENTED_EDGE('',*,*,#2305,.T.);
#973=ORIENTED_EDGE('',*,*,#2302,.F.);
#974=ORIENTED_EDGE('',*,*,#2306,.F.);
#975=ORIENTED_EDGE('',*,*,#2278,.F.);
#976=ORIENTED_EDGE('',*,*,#2306,.T.);
#977=ORIENTED_EDGE('',*,*,#2102,.F.);
#978=ORIENTED_EDGE('',*,*,#2091,.F.);
#979=ORIENTED_EDGE('',*,*,#2279,.F.);
#980=ORIENTED_EDGE('',*,*,#2118,.F.);
#981=ORIENTED_EDGE('',*,*,#2122,.F.);
#982=ORIENTED_EDGE('',*,*,#2307,.F.);
#983=ORIENTED_EDGE('',*,*,#2272,.F.);
#984=ORIENTED_EDGE('',*,*,#2307,.T.);
#985=ORIENTED_EDGE('',*,*,#2303,.F.);
#986=ORIENTED_EDGE('',*,*,#2308,.F.);
#987=ORIENTED_EDGE('',*,*,#2268,.F.);
#988=ORIENTED_EDGE('',*,*,#2308,.T.);
#989=ORIENTED_EDGE('',*,*,#2175,.F.);
#990=ORIENTED_EDGE('',*,*,#2297,.F.);
#991=ORIENTED_EDGE('',*,*,#2269,.F.);
#992=ORIENTED_EDGE('',*,*,#2156,.F.);
#993=ORIENTED_EDGE('',*,*,#2276,.F.);
#994=ORIENTED_EDGE('',*,*,#2309,.F.);
#995=ORIENTED_EDGE('',*,*,#2178,.F.);
#996=ORIENTED_EDGE('',*,*,#2309,.T.);
#997=ORIENTED_EDGE('',*,*,#2275,.F.);
#998=ORIENTED_EDGE('',*,*,#2310,.F.);
#999=ORIENTED_EDGE('',*,*,#2304,.F.);
#1000=ORIENTED_EDGE('',*,*,#2298,.F.);
#1001=ORIENTED_EDGE('',*,*,#2173,.F.);
#1002=ORIENTED_EDGE('',*,*,#2310,.T.);
#1003=ORIENTED_EDGE('',*,*,#2274,.F.);
#1004=ORIENTED_EDGE('',*,*,#2202,.F.);
#1005=ORIENTED_EDGE('',*,*,#2247,.F.);
#1006=ORIENTED_EDGE('',*,*,#2311,.F.);
#1007=ORIENTED_EDGE('',*,*,#2289,.F.);
#1008=ORIENTED_EDGE('',*,*,#2311,.T.);
#1009=ORIENTED_EDGE('',*,*,#2301,.F.);
#1010=ORIENTED_EDGE('',*,*,#2312,.F.);
#1011=ORIENTED_EDGE('',*,*,#2284,.F.);
#1012=ORIENTED_EDGE('',*,*,#2312,.T.);
#1013=ORIENTED_EDGE('',*,*,#2220,.F.);
#1014=ORIENTED_EDGE('',*,*,#2299,.F.);
#1015=ORIENTED_EDGE('',*,*,#2285,.F.);
#1016=ORIENTED_EDGE('',*,*,#2313,.T.);
#1017=ORIENTED_EDGE('',*,*,#2314,.T.);
#1018=ORIENTED_EDGE('',*,*,#2315,.T.);
#1019=ORIENTED_EDGE('',*,*,#2316,.T.);
#1020=ORIENTED_EDGE('',*,*,#2317,.T.);
#1021=ORIENTED_EDGE('',*,*,#2318,.T.);
#1022=ORIENTED_EDGE('',*,*,#2319,.T.);
#1023=ORIENTED_EDGE('',*,*,#2320,.T.);
#1024=ORIENTED_EDGE('',*,*,#2321,.T.);
#1025=ORIENTED_EDGE('',*,*,#2322,.T.);
#1026=ORIENTED_EDGE('',*,*,#2323,.T.);
#1027=ORIENTED_EDGE('',*,*,#2324,.T.);
#1028=ORIENTED_EDGE('',*,*,#2325,.T.);
#1029=ORIENTED_EDGE('',*,*,#2326,.T.);
#1030=ORIENTED_EDGE('',*,*,#2327,.T.);
#1031=ORIENTED_EDGE('',*,*,#2328,.T.);
#1032=ORIENTED_EDGE('',*,*,#2329,.T.);
#1033=ORIENTED_EDGE('',*,*,#2330,.T.);
#1034=ORIENTED_EDGE('',*,*,#2331,.T.);
#1035=ORIENTED_EDGE('',*,*,#2332,.T.);
#1036=ORIENTED_EDGE('',*,*,#2333,.T.);
#1037=ORIENTED_EDGE('',*,*,#2334,.T.);
#1038=ORIENTED_EDGE('',*,*,#2335,.T.);
#1039=ORIENTED_EDGE('',*,*,#2336,.T.);
#1040=ORIENTED_EDGE('',*,*,#2337,.T.);
#1041=ORIENTED_EDGE('',*,*,#2338,.T.);
#1042=ORIENTED_EDGE('',*,*,#2339,.T.);
#1043=ORIENTED_EDGE('',*,*,#2340,.T.);
#1044=ORIENTED_EDGE('',*,*,#2341,.T.);
#1045=ORIENTED_EDGE('',*,*,#2342,.T.);
#1046=ORIENTED_EDGE('',*,*,#2343,.T.);
#1047=ORIENTED_EDGE('',*,*,#2344,.T.);
#1048=ORIENTED_EDGE('',*,*,#2345,.T.);
#1049=ORIENTED_EDGE('',*,*,#2346,.T.);
#1050=ORIENTED_EDGE('',*,*,#2347,.T.);
#1051=ORIENTED_EDGE('',*,*,#2348,.T.);
#1052=ORIENTED_EDGE('',*,*,#2349,.T.);
#1053=ORIENTED_EDGE('',*,*,#2350,.T.);
#1054=ORIENTED_EDGE('',*,*,#2351,.T.);
#1055=ORIENTED_EDGE('',*,*,#2352,.T.);
#1056=ORIENTED_EDGE('',*,*,#2353,.T.);
#1057=ORIENTED_EDGE('',*,*,#2354,.T.);
#1058=ORIENTED_EDGE('',*,*,#2355,.T.);
#1059=ORIENTED_EDGE('',*,*,#2356,.T.);
#1060=ORIENTED_EDGE('',*,*,#2357,.T.);
#1061=ORIENTED_EDGE('',*,*,#2358,.T.);
#1062=ORIENTED_EDGE('',*,*,#2359,.T.);
#1063=ORIENTED_EDGE('',*,*,#2360,.T.);
#1064=ORIENTED_EDGE('',*,*,#2361,.T.);
#1065=ORIENTED_EDGE('',*,*,#2362,.T.);
#1066=ORIENTED_EDGE('',*,*,#2363,.T.);
#1067=ORIENTED_EDGE('',*,*,#2364,.T.);
#1068=ORIENTED_EDGE('',*,*,#2365,.T.);
#1069=ORIENTED_EDGE('',*,*,#2366,.T.);
#1070=ORIENTED_EDGE('',*,*,#2367,.T.);
#1071=ORIENTED_EDGE('',*,*,#2368,.T.);
#1072=ORIENTED_EDGE('',*,*,#2369,.T.);
#1073=ORIENTED_EDGE('',*,*,#2370,.T.);
#1074=ORIENTED_EDGE('',*,*,#2371,.T.);
#1075=ORIENTED_EDGE('',*,*,#2372,.T.);
#1076=ORIENTED_EDGE('',*,*,#2373,.T.);
#1077=ORIENTED_EDGE('',*,*,#2374,.T.);
#1078=ORIENTED_EDGE('',*,*,#2375,.T.);
#1079=ORIENTED_EDGE('',*,*,#2376,.T.);
#1080=ORIENTED_EDGE('',*,*,#2377,.T.);
#1081=ORIENTED_EDGE('',*,*,#2378,.T.);
#1082=ORIENTED_EDGE('',*,*,#2379,.T.);
#1083=ORIENTED_EDGE('',*,*,#2380,.T.);
#1084=ORIENTED_EDGE('',*,*,#2381,.T.);
#1085=ORIENTED_EDGE('',*,*,#2382,.T.);
#1086=ORIENTED_EDGE('',*,*,#2383,.T.);
#1087=ORIENTED_EDGE('',*,*,#2384,.T.);
#1088=ORIENTED_EDGE('',*,*,#2385,.T.);
#1089=ORIENTED_EDGE('',*,*,#2386,.T.);
#1090=ORIENTED_EDGE('',*,*,#2387,.T.);
#1091=ORIENTED_EDGE('',*,*,#2388,.T.);
#1092=ORIENTED_EDGE('',*,*,#2389,.T.);
#1093=ORIENTED_EDGE('',*,*,#2390,.T.);
#1094=ORIENTED_EDGE('',*,*,#2391,.T.);
#1095=ORIENTED_EDGE('',*,*,#2392,.T.);
#1096=ORIENTED_EDGE('',*,*,#2393,.T.);
#1097=ORIENTED_EDGE('',*,*,#2394,.T.);
#1098=ORIENTED_EDGE('',*,*,#2395,.T.);
#1099=ORIENTED_EDGE('',*,*,#2396,.T.);
#1100=ORIENTED_EDGE('',*,*,#2397,.T.);
#1101=ORIENTED_EDGE('',*,*,#2398,.T.);
#1102=ORIENTED_EDGE('',*,*,#2399,.T.);
#1103=ORIENTED_EDGE('',*,*,#2400,.T.);
#1104=ORIENTED_EDGE('',*,*,#2401,.T.);
#1105=ORIENTED_EDGE('',*,*,#2402,.T.);
#1106=ORIENTED_EDGE('',*,*,#2403,.T.);
#1107=ORIENTED_EDGE('',*,*,#2404,.T.);
#1108=ORIENTED_EDGE('',*,*,#2405,.T.);
#1109=ORIENTED_EDGE('',*,*,#2406,.T.);
#1110=ORIENTED_EDGE('',*,*,#2407,.T.);
#1111=ORIENTED_EDGE('',*,*,#2408,.T.);
#1112=ORIENTED_EDGE('',*,*,#2409,.T.);
#1113=ORIENTED_EDGE('',*,*,#2410,.T.);
#1114=ORIENTED_EDGE('',*,*,#2411,.T.);
#1115=ORIENTED_EDGE('',*,*,#2412,.T.);
#1116=ORIENTED_EDGE('',*,*,#2413,.T.);
#1117=ORIENTED_EDGE('',*,*,#2414,.T.);
#1118=ORIENTED_EDGE('',*,*,#2415,.T.);
#1119=ORIENTED_EDGE('',*,*,#2416,.T.);
#1120=ORIENTED_EDGE('',*,*,#2417,.T.);
#1121=ORIENTED_EDGE('',*,*,#2418,.T.);
#1122=ORIENTED_EDGE('',*,*,#2419,.T.);
#1123=ORIENTED_EDGE('',*,*,#2420,.T.);
#1124=ORIENTED_EDGE('',*,*,#2421,.T.);
#1125=ORIENTED_EDGE('',*,*,#2422,.T.);
#1126=ORIENTED_EDGE('',*,*,#2423,.T.);
#1127=ORIENTED_EDGE('',*,*,#2424,.T.);
#1128=ORIENTED_EDGE('',*,*,#2425,.T.);
#1129=ORIENTED_EDGE('',*,*,#2426,.T.);
#1130=ORIENTED_EDGE('',*,*,#2427,.T.);
#1131=ORIENTED_EDGE('',*,*,#2428,.T.);
#1132=ORIENTED_EDGE('',*,*,#2429,.T.);
#1133=ORIENTED_EDGE('',*,*,#2430,.T.);
#1134=ORIENTED_EDGE('',*,*,#2431,.T.);
#1135=ORIENTED_EDGE('',*,*,#2432,.T.);
#1136=ORIENTED_EDGE('',*,*,#2433,.T.);
#1137=ORIENTED_EDGE('',*,*,#2434,.T.);
#1138=ORIENTED_EDGE('',*,*,#2435,.T.);
#1139=ORIENTED_EDGE('',*,*,#2436,.T.);
#1140=ORIENTED_EDGE('',*,*,#2437,.T.);
#1141=ORIENTED_EDGE('',*,*,#2438,.T.);
#1142=ORIENTED_EDGE('',*,*,#2439,.T.);
#1143=ORIENTED_EDGE('',*,*,#2440,.T.);
#1144=ORIENTED_EDGE('',*,*,#2441,.T.);
#1145=ORIENTED_EDGE('',*,*,#2442,.T.);
#1146=ORIENTED_EDGE('',*,*,#2443,.T.);
#1147=ORIENTED_EDGE('',*,*,#2444,.T.);
#1148=ORIENTED_EDGE('',*,*,#2445,.T.);
#1149=ORIENTED_EDGE('',*,*,#2446,.T.);
#1150=ORIENTED_EDGE('',*,*,#2447,.T.);
#1151=ORIENTED_EDGE('',*,*,#2448,.T.);
#1152=ORIENTED_EDGE('',*,*,#2449,.T.);
#1153=ORIENTED_EDGE('',*,*,#2450,.T.);
#1154=ORIENTED_EDGE('',*,*,#2451,.T.);
#1155=ORIENTED_EDGE('',*,*,#2452,.T.);
#1156=ORIENTED_EDGE('',*,*,#2453,.T.);
#1157=ORIENTED_EDGE('',*,*,#2454,.F.);
#1158=ORIENTED_EDGE('',*,*,#2455,.T.);
#1159=ORIENTED_EDGE('',*,*,#2456,.T.);
#1160=ORIENTED_EDGE('',*,*,#2457,.T.);
#1161=ORIENTED_EDGE('',*,*,#2458,.T.);
#1162=ORIENTED_EDGE('',*,*,#2459,.T.);
#1163=ORIENTED_EDGE('',*,*,#2460,.T.);
#1164=ORIENTED_EDGE('',*,*,#2461,.T.);
#1165=ORIENTED_EDGE('',*,*,#2462,.F.);
#1166=ORIENTED_EDGE('',*,*,#2463,.T.);
#1167=ORIENTED_EDGE('',*,*,#2464,.T.);
#1168=ORIENTED_EDGE('',*,*,#2465,.T.);
#1169=ORIENTED_EDGE('',*,*,#2466,.T.);
#1170=ORIENTED_EDGE('',*,*,#2467,.T.);
#1171=ORIENTED_EDGE('',*,*,#2468,.T.);
#1172=ORIENTED_EDGE('',*,*,#2469,.T.);
#1173=ORIENTED_EDGE('',*,*,#2470,.F.);
#1174=ORIENTED_EDGE('',*,*,#2471,.T.);
#1175=ORIENTED_EDGE('',*,*,#2472,.F.);
#1176=ORIENTED_EDGE('',*,*,#2473,.T.);
#1177=ORIENTED_EDGE('',*,*,#2474,.T.);
#1178=ORIENTED_EDGE('',*,*,#2475,.T.);
#1179=ORIENTED_EDGE('',*,*,#2476,.T.);
#1180=ORIENTED_EDGE('',*,*,#2477,.T.);
#1181=ORIENTED_EDGE('',*,*,#2478,.T.);
#1182=ORIENTED_EDGE('',*,*,#2479,.T.);
#1183=ORIENTED_EDGE('',*,*,#2480,.T.);
#1184=ORIENTED_EDGE('',*,*,#2481,.T.);
#1185=ORIENTED_EDGE('',*,*,#2482,.F.);
#1186=ORIENTED_EDGE('',*,*,#2483,.T.);
#1187=ORIENTED_EDGE('',*,*,#2484,.T.);
#1188=ORIENTED_EDGE('',*,*,#2485,.T.);
#1189=ORIENTED_EDGE('',*,*,#2486,.T.);
#1190=ORIENTED_EDGE('',*,*,#2487,.T.);
#1191=ORIENTED_EDGE('',*,*,#2488,.T.);
#1192=ORIENTED_EDGE('',*,*,#2489,.T.);
#1193=ORIENTED_EDGE('',*,*,#2490,.F.);
#1194=ORIENTED_EDGE('',*,*,#2491,.T.);
#1195=ORIENTED_EDGE('',*,*,#2492,.F.);
#1196=ORIENTED_EDGE('',*,*,#2493,.T.);
#1197=ORIENTED_EDGE('',*,*,#2494,.T.);
#1198=ORIENTED_EDGE('',*,*,#2495,.T.);
#1199=ORIENTED_EDGE('',*,*,#2496,.T.);
#1200=ORIENTED_EDGE('',*,*,#2497,.T.);
#1201=ORIENTED_EDGE('',*,*,#2498,.T.);
#1202=ORIENTED_EDGE('',*,*,#2499,.T.);
#1203=ORIENTED_EDGE('',*,*,#2500,.F.);
#1204=ORIENTED_EDGE('',*,*,#2501,.T.);
#1205=ORIENTED_EDGE('',*,*,#2502,.F.);
#1206=ORIENTED_EDGE('',*,*,#2503,.T.);
#1207=ORIENTED_EDGE('',*,*,#2470,.T.);
#1208=ORIENTED_EDGE('',*,*,#2504,.T.);
#1209=ORIENTED_EDGE('',*,*,#2505,.T.);
#1210=ORIENTED_EDGE('',*,*,#2506,.F.);
#1211=ORIENTED_EDGE('',*,*,#2507,.T.);
#1212=ORIENTED_EDGE('',*,*,#2502,.T.);
#1213=ORIENTED_EDGE('',*,*,#2508,.T.);
#1214=ORIENTED_EDGE('',*,*,#2474,.F.);
#1215=ORIENTED_EDGE('',*,*,#2509,.T.);
#1216=ORIENTED_EDGE('',*,*,#2506,.T.);
#1217=ORIENTED_EDGE('',*,*,#2510,.T.);
#1218=ORIENTED_EDGE('',*,*,#2511,.T.);
#1219=ORIENTED_EDGE('',*,*,#2512,.T.);
#1220=ORIENTED_EDGE('',*,*,#2513,.T.);
#1221=ORIENTED_EDGE('',*,*,#2472,.T.);
#1222=ORIENTED_EDGE('',*,*,#2514,.T.);
#1223=ORIENTED_EDGE('',*,*,#2515,.T.);
#1224=ORIENTED_EDGE('',*,*,#2516,.T.);
#1225=ORIENTED_EDGE('',*,*,#2517,.T.);
#1226=ORIENTED_EDGE('',*,*,#2456,.F.);
#1227=ORIENTED_EDGE('',*,*,#2518,.T.);
#1228=ORIENTED_EDGE('',*,*,#2519,.T.);
#1229=ORIENTED_EDGE('',*,*,#2520,.T.);
#1230=ORIENTED_EDGE('',*,*,#2521,.F.);
#1231=ORIENTED_EDGE('',*,*,#2522,.T.);
#1232=ORIENTED_EDGE('',*,*,#2462,.T.);
#1233=ORIENTED_EDGE('',*,*,#2521,.T.);
#1234=ORIENTED_EDGE('',*,*,#2523,.T.);
#1235=ORIENTED_EDGE('',*,*,#2515,.F.);
#1236=ORIENTED_EDGE('',*,*,#2524,.T.);
#1237=ORIENTED_EDGE('',*,*,#2454,.T.);
#1238=ORIENTED_EDGE('',*,*,#2525,.T.);
#1239=ORIENTED_EDGE('',*,*,#2526,.T.);
#1240=ORIENTED_EDGE('',*,*,#2527,.T.);
#1241=ORIENTED_EDGE('',*,*,#2460,.F.);
#1242=ORIENTED_EDGE('',*,*,#2528,.T.);
#1243=ORIENTED_EDGE('',*,*,#2464,.F.);
#1244=ORIENTED_EDGE('',*,*,#2529,.T.);
#1245=ORIENTED_EDGE('',*,*,#2466,.F.);
#1246=ORIENTED_EDGE('',*,*,#2530,.T.);
#1247=ORIENTED_EDGE('',*,*,#2476,.F.);
#1248=ORIENTED_EDGE('',*,*,#2531,.T.);
#1249=ORIENTED_EDGE('',*,*,#2480,.F.);
#1250=ORIENTED_EDGE('',*,*,#2532,.T.);
#1251=ORIENTED_EDGE('',*,*,#2468,.F.);
#1252=ORIENTED_EDGE('',*,*,#2533,.T.);
#1253=ORIENTED_EDGE('',*,*,#2458,.F.);
#1254=ORIENTED_EDGE('',*,*,#2534,.T.);
#1255=ORIENTED_EDGE('',*,*,#2478,.F.);
#1256=ORIENTED_EDGE('',*,*,#2535,.T.);
#1257=ORIENTED_EDGE('',*,*,#2484,.F.);
#1258=ORIENTED_EDGE('',*,*,#2536,.T.);
#1259=ORIENTED_EDGE('',*,*,#2519,.F.);
#1260=ORIENTED_EDGE('',*,*,#2461,.F.);
#1261=ORIENTED_EDGE('',*,*,#2537,.F.);
#1262=ORIENTED_EDGE('',*,*,#2537,.T.);
#1263=ORIENTED_EDGE('',*,*,#2529,.F.);
#1264=ORIENTED_EDGE('',*,*,#2538,.F.);
#1265=ORIENTED_EDGE('',*,*,#2485,.F.);
#1266=ORIENTED_EDGE('',*,*,#2538,.T.);
#1267=ORIENTED_EDGE('',*,*,#2467,.F.);
#1268=ORIENTED_EDGE('',*,*,#2539,.F.);
#1269=ORIENTED_EDGE('',*,*,#2486,.F.);
#1270=ORIENTED_EDGE('',*,*,#2539,.T.);
#1271=ORIENTED_EDGE('',*,*,#2531,.F.);
#1272=ORIENTED_EDGE('',*,*,#2540,.F.);
#1273=ORIENTED_EDGE('',*,*,#2487,.F.);
#1274=ORIENTED_EDGE('',*,*,#2511,.F.);
#1275=ORIENTED_EDGE('',*,*,#2541,.T.);
#1276=ORIENTED_EDGE('',*,*,#2488,.F.);
#1277=ORIENTED_EDGE('',*,*,#2540,.T.);
#1278=ORIENTED_EDGE('',*,*,#2475,.F.);
#1279=ORIENTED_EDGE('',*,*,#2542,.F.);
#1280=ORIENTED_EDGE('',*,*,#2533,.F.);
#1281=ORIENTED_EDGE('',*,*,#2543,.F.);
#1282=ORIENTED_EDGE('',*,*,#2432,.F.);
#1283=ORIENTED_EDGE('',*,*,#2543,.T.);
#1284=ORIENTED_EDGE('',*,*,#2477,.F.);
#1285=ORIENTED_EDGE('',*,*,#2544,.F.);
#1286=ORIENTED_EDGE('',*,*,#2433,.F.);
#1287=ORIENTED_EDGE('',*,*,#2542,.T.);
#1288=ORIENTED_EDGE('',*,*,#2431,.F.);
#1289=ORIENTED_EDGE('',*,*,#2545,.F.);
#1290=ORIENTED_EDGE('',*,*,#2481,.F.);
#1291=ORIENTED_EDGE('',*,*,#2544,.T.);
#1292=ORIENTED_EDGE('',*,*,#2530,.F.);
#1293=ORIENTED_EDGE('',*,*,#2546,.F.);
#1294=ORIENTED_EDGE('',*,*,#2434,.F.);
#1295=ORIENTED_EDGE('',*,*,#2545,.T.);
#1296=ORIENTED_EDGE('',*,*,#2430,.F.);
#1297=ORIENTED_EDGE('',*,*,#2547,.F.);
#1298=ORIENTED_EDGE('',*,*,#2535,.F.);
#1299=ORIENTED_EDGE('',*,*,#2546,.T.);
#1300=ORIENTED_EDGE('',*,*,#2465,.F.);
#1301=ORIENTED_EDGE('',*,*,#2548,.F.);
#1302=ORIENTED_EDGE('',*,*,#2427,.F.);
#1303=ORIENTED_EDGE('',*,*,#2547,.T.);
#1304=ORIENTED_EDGE('',*,*,#2429,.F.);
#1305=ORIENTED_EDGE('',*,*,#2549,.F.);
#1306=ORIENTED_EDGE('',*,*,#2459,.F.);
#1307=ORIENTED_EDGE('',*,*,#2548,.T.);
#1308=ORIENTED_EDGE('',*,*,#2528,.F.);
#1309=ORIENTED_EDGE('',*,*,#2549,.T.);
#1310=ORIENTED_EDGE('',*,*,#2428,.F.);
#1311=ORIENTED_EDGE('',*,*,#2494,.F.);
#1312=ORIENTED_EDGE('',*,*,#2550,.T.);
#1313=ORIENTED_EDGE('',*,*,#2504,.F.);
#1314=ORIENTED_EDGE('',*,*,#2469,.F.);
#1315=ORIENTED_EDGE('',*,*,#2551,.F.);
#1316=ORIENTED_EDGE('',*,*,#2551,.T.);
#1317=ORIENTED_EDGE('',*,*,#2532,.F.);
#1318=ORIENTED_EDGE('',*,*,#2552,.F.);
#1319=ORIENTED_EDGE('',*,*,#2495,.F.);
#1320=ORIENTED_EDGE('',*,*,#2552,.T.);
#1321=ORIENTED_EDGE('',*,*,#2479,.F.);
#1322=ORIENTED_EDGE('',*,*,#2553,.F.);
#1323=ORIENTED_EDGE('',*,*,#2496,.F.);
#1324=ORIENTED_EDGE('',*,*,#2553,.T.);
#1325=ORIENTED_EDGE('',*,*,#2534,.F.);
#1326=ORIENTED_EDGE('',*,*,#2554,.F.);
#1327=ORIENTED_EDGE('',*,*,#2497,.F.);
#1328=ORIENTED_EDGE('',*,*,#2517,.F.);
#1329=ORIENTED_EDGE('',*,*,#2555,.T.);
#1330=ORIENTED_EDGE('',*,*,#2498,.F.);
#1331=ORIENTED_EDGE('',*,*,#2554,.T.);
#1332=ORIENTED_EDGE('',*,*,#2457,.F.);
#1333=ORIENTED_EDGE('',*,*,#2556,.F.);
#1334=ORIENTED_EDGE('',*,*,#2489,.F.);
#1335=ORIENTED_EDGE('',*,*,#2541,.F.);
#1336=ORIENTED_EDGE('',*,*,#2510,.F.);
#1337=ORIENTED_EDGE('',*,*,#2490,.T.);
#1338=ORIENTED_EDGE('',*,*,#2556,.T.);
#1339=ORIENTED_EDGE('',*,*,#2557,.F.);
#1340=ORIENTED_EDGE('',*,*,#2558,.F.);
#1341=ORIENTED_EDGE('',*,*,#2491,.F.);
#1342=ORIENTED_EDGE('',*,*,#2557,.T.);
#1343=ORIENTED_EDGE('',*,*,#2508,.F.);
#1344=ORIENTED_EDGE('',*,*,#2492,.T.);
#1345=ORIENTED_EDGE('',*,*,#2558,.T.);
#1346=ORIENTED_EDGE('',*,*,#2559,.F.);
#1347=ORIENTED_EDGE('',*,*,#2550,.F.);
#1348=ORIENTED_EDGE('',*,*,#2493,.F.);
#1349=ORIENTED_EDGE('',*,*,#2559,.T.);
#1350=ORIENTED_EDGE('',*,*,#2505,.F.);
#1351=ORIENTED_EDGE('',*,*,#2471,.F.);
#1352=ORIENTED_EDGE('',*,*,#2503,.F.);
#1353=ORIENTED_EDGE('',*,*,#2560,.F.);
#1354=ORIENTED_EDGE('',*,*,#2514,.F.);
#1355=ORIENTED_EDGE('',*,*,#2560,.T.);
#1356=ORIENTED_EDGE('',*,*,#2507,.F.);
#1357=ORIENTED_EDGE('',*,*,#2561,.F.);
#1358=ORIENTED_EDGE('',*,*,#2512,.F.);
#1359=ORIENTED_EDGE('',*,*,#2561,.T.);
#1360=ORIENTED_EDGE('',*,*,#2509,.F.);
#1361=ORIENTED_EDGE('',*,*,#2473,.F.);
#1362=ORIENTED_EDGE('',*,*,#2513,.F.);
#1363=ORIENTED_EDGE('',*,*,#2455,.F.);
#1364=ORIENTED_EDGE('',*,*,#2527,.F.);
#1365=ORIENTED_EDGE('',*,*,#2562,.F.);
#1366=ORIENTED_EDGE('',*,*,#2518,.F.);
#1367=ORIENTED_EDGE('',*,*,#2562,.T.);
#1368=ORIENTED_EDGE('',*,*,#2526,.F.);
#1369=ORIENTED_EDGE('',*,*,#2563,.F.);
#1370=ORIENTED_EDGE('',*,*,#2524,.F.);
#1371=ORIENTED_EDGE('',*,*,#2463,.F.);
#1372=ORIENTED_EDGE('',*,*,#2522,.F.);
#1373=ORIENTED_EDGE('',*,*,#2563,.T.);
#1374=ORIENTED_EDGE('',*,*,#2525,.F.);
#1375=ORIENTED_EDGE('',*,*,#2564,.F.);
#1376=ORIENTED_EDGE('',*,*,#2499,.F.);
#1377=ORIENTED_EDGE('',*,*,#2555,.F.);
#1378=ORIENTED_EDGE('',*,*,#2516,.F.);
#1379=ORIENTED_EDGE('',*,*,#2500,.T.);
#1380=ORIENTED_EDGE('',*,*,#2564,.T.);
#1381=ORIENTED_EDGE('',*,*,#2565,.F.);
#1382=ORIENTED_EDGE('',*,*,#2566,.F.);
#1383=ORIENTED_EDGE('',*,*,#2501,.F.);
#1384=ORIENTED_EDGE('',*,*,#2565,.T.);
#1385=ORIENTED_EDGE('',*,*,#2523,.F.);
#1386=ORIENTED_EDGE('',*,*,#2482,.T.);
#1387=ORIENTED_EDGE('',*,*,#2566,.T.);
#1388=ORIENTED_EDGE('',*,*,#2567,.F.);
#1389=ORIENTED_EDGE('',*,*,#2536,.F.);
#1390=ORIENTED_EDGE('',*,*,#2483,.F.);
#1391=ORIENTED_EDGE('',*,*,#2567,.T.);
#1392=ORIENTED_EDGE('',*,*,#2520,.F.);
#1393=ORIENTED_EDGE('',*,*,#2418,.F.);
#1394=ORIENTED_EDGE('',*,*,#2568,.F.);
#1395=ORIENTED_EDGE('',*,*,#2569,.T.);
#1396=ORIENTED_EDGE('',*,*,#2570,.T.);
#1397=ORIENTED_EDGE('',*,*,#2419,.F.);
#1398=ORIENTED_EDGE('',*,*,#2570,.F.);
#1399=ORIENTED_EDGE('',*,*,#2571,.T.);
#1400=ORIENTED_EDGE('',*,*,#2572,.T.);
#1401=ORIENTED_EDGE('',*,*,#2420,.F.);
#1402=ORIENTED_EDGE('',*,*,#2572,.F.);
#1403=ORIENTED_EDGE('',*,*,#2573,.T.);
#1404=ORIENTED_EDGE('',*,*,#2574,.T.);
#1405=ORIENTED_EDGE('',*,*,#2421,.F.);
#1406=ORIENTED_EDGE('',*,*,#2574,.F.);
#1407=ORIENTED_EDGE('',*,*,#2575,.T.);
#1408=ORIENTED_EDGE('',*,*,#2576,.T.);
#1409=ORIENTED_EDGE('',*,*,#2422,.F.);
#1410=ORIENTED_EDGE('',*,*,#2576,.F.);
#1411=ORIENTED_EDGE('',*,*,#2577,.T.);
#1412=ORIENTED_EDGE('',*,*,#2578,.T.);
#1413=ORIENTED_EDGE('',*,*,#2423,.F.);
#1414=ORIENTED_EDGE('',*,*,#2578,.F.);
#1415=ORIENTED_EDGE('',*,*,#2579,.T.);
#1416=ORIENTED_EDGE('',*,*,#2580,.T.);
#1417=ORIENTED_EDGE('',*,*,#2424,.F.);
#1418=ORIENTED_EDGE('',*,*,#2580,.F.);
#1419=ORIENTED_EDGE('',*,*,#2581,.T.);
#1420=ORIENTED_EDGE('',*,*,#2582,.T.);
#1421=ORIENTED_EDGE('',*,*,#2425,.F.);
#1422=ORIENTED_EDGE('',*,*,#2582,.F.);
#1423=ORIENTED_EDGE('',*,*,#2583,.T.);
#1424=ORIENTED_EDGE('',*,*,#2584,.T.);
#1425=ORIENTED_EDGE('',*,*,#2426,.F.);
#1426=ORIENTED_EDGE('',*,*,#2584,.F.);
#1427=ORIENTED_EDGE('',*,*,#2585,.T.);
#1428=ORIENTED_EDGE('',*,*,#2586,.T.);
#1429=ORIENTED_EDGE('',*,*,#2587,.F.);
#1430=ORIENTED_EDGE('',*,*,#2588,.F.);
#1431=ORIENTED_EDGE('',*,*,#2589,.T.);
#1432=ORIENTED_EDGE('',*,*,#2590,.T.);
#1433=ORIENTED_EDGE('',*,*,#2417,.F.);
#1434=ORIENTED_EDGE('',*,*,#2586,.F.);
#1435=ORIENTED_EDGE('',*,*,#2591,.T.);
#1436=ORIENTED_EDGE('',*,*,#2568,.T.);
#1437=ORIENTED_EDGE('',*,*,#2592,.F.);
#1438=ORIENTED_EDGE('',*,*,#2590,.F.);
#1439=ORIENTED_EDGE('',*,*,#2593,.T.);
#1440=ORIENTED_EDGE('',*,*,#2588,.T.);
#1441=ORIENTED_EDGE('',*,*,#2594,.T.);
#1442=ORIENTED_EDGE('',*,*,#2595,.F.);
#1443=ORIENTED_EDGE('',*,*,#2589,.F.);
#1444=ORIENTED_EDGE('',*,*,#2593,.F.);
#1445=ORIENTED_EDGE('',*,*,#2569,.F.);
#1446=ORIENTED_EDGE('',*,*,#2591,.F.);
#1447=ORIENTED_EDGE('',*,*,#2585,.F.);
#1448=ORIENTED_EDGE('',*,*,#2583,.F.);
#1449=ORIENTED_EDGE('',*,*,#2581,.F.);
#1450=ORIENTED_EDGE('',*,*,#2579,.F.);
#1451=ORIENTED_EDGE('',*,*,#2577,.F.);
#1452=ORIENTED_EDGE('',*,*,#2575,.F.);
#1453=ORIENTED_EDGE('',*,*,#2573,.F.);
#1454=ORIENTED_EDGE('',*,*,#2571,.F.);
#1455=ORIENTED_EDGE('',*,*,#2594,.F.);
#1456=ORIENTED_EDGE('',*,*,#2592,.T.);
#1457=ORIENTED_EDGE('',*,*,#2587,.T.);
#1458=ORIENTED_EDGE('',*,*,#2595,.T.);
#1459=ORIENTED_EDGE('',*,*,#2397,.F.);
#1460=ORIENTED_EDGE('',*,*,#2596,.F.);
#1461=ORIENTED_EDGE('',*,*,#2597,.T.);
#1462=ORIENTED_EDGE('',*,*,#2598,.T.);
#1463=ORIENTED_EDGE('',*,*,#2398,.F.);
#1464=ORIENTED_EDGE('',*,*,#2598,.F.);
#1465=ORIENTED_EDGE('',*,*,#2599,.T.);
#1466=ORIENTED_EDGE('',*,*,#2600,.T.);
#1467=ORIENTED_EDGE('',*,*,#2399,.F.);
#1468=ORIENTED_EDGE('',*,*,#2600,.F.);
#1469=ORIENTED_EDGE('',*,*,#2601,.T.);
#1470=ORIENTED_EDGE('',*,*,#2602,.T.);
#1471=ORIENTED_EDGE('',*,*,#2400,.F.);
#1472=ORIENTED_EDGE('',*,*,#2602,.F.);
#1473=ORIENTED_EDGE('',*,*,#2603,.T.);
#1474=ORIENTED_EDGE('',*,*,#2604,.T.);
#1475=ORIENTED_EDGE('',*,*,#2401,.F.);
#1476=ORIENTED_EDGE('',*,*,#2604,.F.);
#1477=ORIENTED_EDGE('',*,*,#2605,.T.);
#1478=ORIENTED_EDGE('',*,*,#2606,.T.);
#1479=ORIENTED_EDGE('',*,*,#2402,.F.);
#1480=ORIENTED_EDGE('',*,*,#2606,.F.);
#1481=ORIENTED_EDGE('',*,*,#2607,.T.);
#1482=ORIENTED_EDGE('',*,*,#2608,.T.);
#1483=ORIENTED_EDGE('',*,*,#2403,.F.);
#1484=ORIENTED_EDGE('',*,*,#2608,.F.);
#1485=ORIENTED_EDGE('',*,*,#2609,.T.);
#1486=ORIENTED_EDGE('',*,*,#2610,.T.);
#1487=ORIENTED_EDGE('',*,*,#2404,.F.);
#1488=ORIENTED_EDGE('',*,*,#2610,.F.);
#1489=ORIENTED_EDGE('',*,*,#2611,.T.);
#1490=ORIENTED_EDGE('',*,*,#2612,.T.);
#1491=ORIENTED_EDGE('',*,*,#2405,.F.);
#1492=ORIENTED_EDGE('',*,*,#2612,.F.);
#1493=ORIENTED_EDGE('',*,*,#2613,.T.);
#1494=ORIENTED_EDGE('',*,*,#2614,.T.);
#1495=ORIENTED_EDGE('',*,*,#2406,.F.);
#1496=ORIENTED_EDGE('',*,*,#2614,.F.);
#1497=ORIENTED_EDGE('',*,*,#2615,.T.);
#1498=ORIENTED_EDGE('',*,*,#2616,.T.);
#1499=ORIENTED_EDGE('',*,*,#2407,.F.);
#1500=ORIENTED_EDGE('',*,*,#2616,.F.);
#1501=ORIENTED_EDGE('',*,*,#2617,.T.);
#1502=ORIENTED_EDGE('',*,*,#2618,.T.);
#1503=ORIENTED_EDGE('',*,*,#2408,.F.);
#1504=ORIENTED_EDGE('',*,*,#2618,.F.);
#1505=ORIENTED_EDGE('',*,*,#2619,.T.);
#1506=ORIENTED_EDGE('',*,*,#2620,.T.);
#1507=ORIENTED_EDGE('',*,*,#2409,.F.);
#1508=ORIENTED_EDGE('',*,*,#2620,.F.);
#1509=ORIENTED_EDGE('',*,*,#2621,.T.);
#1510=ORIENTED_EDGE('',*,*,#2622,.T.);
#1511=ORIENTED_EDGE('',*,*,#2410,.F.);
#1512=ORIENTED_EDGE('',*,*,#2622,.F.);
#1513=ORIENTED_EDGE('',*,*,#2623,.T.);
#1514=ORIENTED_EDGE('',*,*,#2624,.T.);
#1515=ORIENTED_EDGE('',*,*,#2411,.F.);
#1516=ORIENTED_EDGE('',*,*,#2624,.F.);
#1517=ORIENTED_EDGE('',*,*,#2625,.T.);
#1518=ORIENTED_EDGE('',*,*,#2626,.T.);
#1519=ORIENTED_EDGE('',*,*,#2412,.F.);
#1520=ORIENTED_EDGE('',*,*,#2626,.F.);
#1521=ORIENTED_EDGE('',*,*,#2627,.T.);
#1522=ORIENTED_EDGE('',*,*,#2628,.T.);
#1523=ORIENTED_EDGE('',*,*,#2413,.F.);
#1524=ORIENTED_EDGE('',*,*,#2628,.F.);
#1525=ORIENTED_EDGE('',*,*,#2629,.T.);
#1526=ORIENTED_EDGE('',*,*,#2630,.T.);
#1527=ORIENTED_EDGE('',*,*,#2414,.F.);
#1528=ORIENTED_EDGE('',*,*,#2630,.F.);
#1529=ORIENTED_EDGE('',*,*,#2631,.T.);
#1530=ORIENTED_EDGE('',*,*,#2632,.T.);
#1531=ORIENTED_EDGE('',*,*,#2415,.F.);
#1532=ORIENTED_EDGE('',*,*,#2632,.F.);
#1533=ORIENTED_EDGE('',*,*,#2633,.T.);
#1534=ORIENTED_EDGE('',*,*,#2634,.T.);
#1535=ORIENTED_EDGE('',*,*,#2416,.F.);
#1536=ORIENTED_EDGE('',*,*,#2634,.F.);
#1537=ORIENTED_EDGE('',*,*,#2635,.T.);
#1538=ORIENTED_EDGE('',*,*,#2636,.T.);
#1539=ORIENTED_EDGE('',*,*,#2396,.F.);
#1540=ORIENTED_EDGE('',*,*,#2636,.F.);
#1541=ORIENTED_EDGE('',*,*,#2637,.T.);
#1542=ORIENTED_EDGE('',*,*,#2596,.T.);
#1543=ORIENTED_EDGE('',*,*,#2597,.F.);
#1544=ORIENTED_EDGE('',*,*,#2637,.F.);
#1545=ORIENTED_EDGE('',*,*,#2635,.F.);
#1546=ORIENTED_EDGE('',*,*,#2633,.F.);
#1547=ORIENTED_EDGE('',*,*,#2631,.F.);
#1548=ORIENTED_EDGE('',*,*,#2629,.F.);
#1549=ORIENTED_EDGE('',*,*,#2627,.F.);
#1550=ORIENTED_EDGE('',*,*,#2625,.F.);
#1551=ORIENTED_EDGE('',*,*,#2623,.F.);
#1552=ORIENTED_EDGE('',*,*,#2621,.F.);
#1553=ORIENTED_EDGE('',*,*,#2619,.F.);
#1554=ORIENTED_EDGE('',*,*,#2617,.F.);
#1555=ORIENTED_EDGE('',*,*,#2615,.F.);
#1556=ORIENTED_EDGE('',*,*,#2613,.F.);
#1557=ORIENTED_EDGE('',*,*,#2611,.F.);
#1558=ORIENTED_EDGE('',*,*,#2609,.F.);
#1559=ORIENTED_EDGE('',*,*,#2607,.F.);
#1560=ORIENTED_EDGE('',*,*,#2605,.F.);
#1561=ORIENTED_EDGE('',*,*,#2603,.F.);
#1562=ORIENTED_EDGE('',*,*,#2601,.F.);
#1563=ORIENTED_EDGE('',*,*,#2599,.F.);
#1564=ORIENTED_EDGE('',*,*,#2638,.T.);
#1565=ORIENTED_EDGE('',*,*,#2395,.F.);
#1566=ORIENTED_EDGE('',*,*,#2638,.F.);
#1567=ORIENTED_EDGE('',*,*,#2382,.F.);
#1568=ORIENTED_EDGE('',*,*,#2639,.F.);
#1569=ORIENTED_EDGE('',*,*,#2640,.T.);
#1570=ORIENTED_EDGE('',*,*,#2641,.T.);
#1571=ORIENTED_EDGE('',*,*,#2383,.F.);
#1572=ORIENTED_EDGE('',*,*,#2641,.F.);
#1573=ORIENTED_EDGE('',*,*,#2642,.T.);
#1574=ORIENTED_EDGE('',*,*,#2643,.T.);
#1575=ORIENTED_EDGE('',*,*,#2384,.F.);
#1576=ORIENTED_EDGE('',*,*,#2643,.F.);
#1577=ORIENTED_EDGE('',*,*,#2644,.T.);
#1578=ORIENTED_EDGE('',*,*,#2645,.T.);
#1579=ORIENTED_EDGE('',*,*,#2385,.F.);
#1580=ORIENTED_EDGE('',*,*,#2645,.F.);
#1581=ORIENTED_EDGE('',*,*,#2646,.T.);
#1582=ORIENTED_EDGE('',*,*,#2647,.T.);
#1583=ORIENTED_EDGE('',*,*,#2386,.F.);
#1584=ORIENTED_EDGE('',*,*,#2647,.F.);
#1585=ORIENTED_EDGE('',*,*,#2648,.T.);
#1586=ORIENTED_EDGE('',*,*,#2649,.T.);
#1587=ORIENTED_EDGE('',*,*,#2387,.F.);
#1588=ORIENTED_EDGE('',*,*,#2649,.F.);
#1589=ORIENTED_EDGE('',*,*,#2650,.T.);
#1590=ORIENTED_EDGE('',*,*,#2651,.T.);
#1591=ORIENTED_EDGE('',*,*,#2388,.F.);
#1592=ORIENTED_EDGE('',*,*,#2651,.F.);
#1593=ORIENTED_EDGE('',*,*,#2652,.T.);
#1594=ORIENTED_EDGE('',*,*,#2653,.T.);
#1595=ORIENTED_EDGE('',*,*,#2389,.F.);
#1596=ORIENTED_EDGE('',*,*,#2653,.F.);
#1597=ORIENTED_EDGE('',*,*,#2654,.T.);
#1598=ORIENTED_EDGE('',*,*,#2655,.T.);
#1599=ORIENTED_EDGE('',*,*,#2390,.F.);
#1600=ORIENTED_EDGE('',*,*,#2655,.F.);
#1601=ORIENTED_EDGE('',*,*,#2656,.T.);
#1602=ORIENTED_EDGE('',*,*,#2657,.T.);
#1603=ORIENTED_EDGE('',*,*,#2391,.F.);
#1604=ORIENTED_EDGE('',*,*,#2657,.F.);
#1605=ORIENTED_EDGE('',*,*,#2658,.T.);
#1606=ORIENTED_EDGE('',*,*,#2659,.T.);
#1607=ORIENTED_EDGE('',*,*,#2392,.F.);
#1608=ORIENTED_EDGE('',*,*,#2659,.F.);
#1609=ORIENTED_EDGE('',*,*,#2660,.T.);
#1610=ORIENTED_EDGE('',*,*,#2661,.T.);
#1611=ORIENTED_EDGE('',*,*,#2393,.F.);
#1612=ORIENTED_EDGE('',*,*,#2661,.F.);
#1613=ORIENTED_EDGE('',*,*,#2662,.T.);
#1614=ORIENTED_EDGE('',*,*,#2663,.T.);
#1615=ORIENTED_EDGE('',*,*,#2394,.F.);
#1616=ORIENTED_EDGE('',*,*,#2663,.F.);
#1617=ORIENTED_EDGE('',*,*,#2664,.T.);
#1618=ORIENTED_EDGE('',*,*,#2665,.T.);
#1619=ORIENTED_EDGE('',*,*,#2381,.F.);
#1620=ORIENTED_EDGE('',*,*,#2665,.F.);
#1621=ORIENTED_EDGE('',*,*,#2666,.T.);
#1622=ORIENTED_EDGE('',*,*,#2639,.T.);
#1623=ORIENTED_EDGE('',*,*,#2640,.F.);
#1624=ORIENTED_EDGE('',*,*,#2666,.F.);
#1625=ORIENTED_EDGE('',*,*,#2664,.F.);
#1626=ORIENTED_EDGE('',*,*,#2662,.F.);
#1627=ORIENTED_EDGE('',*,*,#2660,.F.);
#1628=ORIENTED_EDGE('',*,*,#2658,.F.);
#1629=ORIENTED_EDGE('',*,*,#2656,.F.);
#1630=ORIENTED_EDGE('',*,*,#2654,.F.);
#1631=ORIENTED_EDGE('',*,*,#2652,.F.);
#1632=ORIENTED_EDGE('',*,*,#2650,.F.);
#1633=ORIENTED_EDGE('',*,*,#2648,.F.);
#1634=ORIENTED_EDGE('',*,*,#2646,.F.);
#1635=ORIENTED_EDGE('',*,*,#2644,.F.);
#1636=ORIENTED_EDGE('',*,*,#2642,.F.);
#1637=ORIENTED_EDGE('',*,*,#2354,.F.);
#1638=ORIENTED_EDGE('',*,*,#2667,.F.);
#1639=ORIENTED_EDGE('',*,*,#2668,.T.);
#1640=ORIENTED_EDGE('',*,*,#2669,.T.);
#1641=ORIENTED_EDGE('',*,*,#2355,.F.);
#1642=ORIENTED_EDGE('',*,*,#2669,.F.);
#1643=ORIENTED_EDGE('',*,*,#2670,.T.);
#1644=ORIENTED_EDGE('',*,*,#2671,.T.);
#1645=ORIENTED_EDGE('',*,*,#2356,.F.);
#1646=ORIENTED_EDGE('',*,*,#2671,.F.);
#1647=ORIENTED_EDGE('',*,*,#2672,.T.);
#1648=ORIENTED_EDGE('',*,*,#2673,.T.);
#1649=ORIENTED_EDGE('',*,*,#2357,.F.);
#1650=ORIENTED_EDGE('',*,*,#2673,.F.);
#1651=ORIENTED_EDGE('',*,*,#2674,.T.);
#1652=ORIENTED_EDGE('',*,*,#2675,.T.);
#1653=ORIENTED_EDGE('',*,*,#2358,.F.);
#1654=ORIENTED_EDGE('',*,*,#2675,.F.);
#1655=ORIENTED_EDGE('',*,*,#2676,.T.);
#1656=ORIENTED_EDGE('',*,*,#2677,.T.);
#1657=ORIENTED_EDGE('',*,*,#2359,.F.);
#1658=ORIENTED_EDGE('',*,*,#2677,.F.);
#1659=ORIENTED_EDGE('',*,*,#2678,.T.);
#1660=ORIENTED_EDGE('',*,*,#2679,.T.);
#1661=ORIENTED_EDGE('',*,*,#2360,.F.);
#1662=ORIENTED_EDGE('',*,*,#2679,.F.);
#1663=ORIENTED_EDGE('',*,*,#2680,.T.);
#1664=ORIENTED_EDGE('',*,*,#2681,.T.);
#1665=ORIENTED_EDGE('',*,*,#2361,.F.);
#1666=ORIENTED_EDGE('',*,*,#2681,.F.);
#1667=ORIENTED_EDGE('',*,*,#2682,.T.);
#1668=ORIENTED_EDGE('',*,*,#2683,.T.);
#1669=ORIENTED_EDGE('',*,*,#2362,.F.);
#1670=ORIENTED_EDGE('',*,*,#2683,.F.);
#1671=ORIENTED_EDGE('',*,*,#2684,.T.);
#1672=ORIENTED_EDGE('',*,*,#2685,.T.);
#1673=ORIENTED_EDGE('',*,*,#2363,.F.);
#1674=ORIENTED_EDGE('',*,*,#2685,.F.);
#1675=ORIENTED_EDGE('',*,*,#2686,.T.);
#1676=ORIENTED_EDGE('',*,*,#2687,.T.);
#1677=ORIENTED_EDGE('',*,*,#2364,.F.);
#1678=ORIENTED_EDGE('',*,*,#2687,.F.);
#1679=ORIENTED_EDGE('',*,*,#2688,.T.);
#1680=ORIENTED_EDGE('',*,*,#2689,.T.);
#1681=ORIENTED_EDGE('',*,*,#2365,.F.);
#1682=ORIENTED_EDGE('',*,*,#2689,.F.);
#1683=ORIENTED_EDGE('',*,*,#2690,.T.);
#1684=ORIENTED_EDGE('',*,*,#2691,.T.);
#1685=ORIENTED_EDGE('',*,*,#2366,.F.);
#1686=ORIENTED_EDGE('',*,*,#2691,.F.);
#1687=ORIENTED_EDGE('',*,*,#2692,.T.);
#1688=ORIENTED_EDGE('',*,*,#2693,.T.);
#1689=ORIENTED_EDGE('',*,*,#2367,.F.);
#1690=ORIENTED_EDGE('',*,*,#2693,.F.);
#1691=ORIENTED_EDGE('',*,*,#2694,.T.);
#1692=ORIENTED_EDGE('',*,*,#2695,.T.);
#1693=ORIENTED_EDGE('',*,*,#2368,.F.);
#1694=ORIENTED_EDGE('',*,*,#2695,.F.);
#1695=ORIENTED_EDGE('',*,*,#2696,.T.);
#1696=ORIENTED_EDGE('',*,*,#2697,.T.);
#1697=ORIENTED_EDGE('',*,*,#2369,.F.);
#1698=ORIENTED_EDGE('',*,*,#2697,.F.);
#1699=ORIENTED_EDGE('',*,*,#2698,.T.);
#1700=ORIENTED_EDGE('',*,*,#2699,.T.);
#1701=ORIENTED_EDGE('',*,*,#2370,.F.);
#1702=ORIENTED_EDGE('',*,*,#2699,.F.);
#1703=ORIENTED_EDGE('',*,*,#2700,.T.);
#1704=ORIENTED_EDGE('',*,*,#2701,.T.);
#1705=ORIENTED_EDGE('',*,*,#2371,.F.);
#1706=ORIENTED_EDGE('',*,*,#2701,.F.);
#1707=ORIENTED_EDGE('',*,*,#2702,.T.);
#1708=ORIENTED_EDGE('',*,*,#2703,.T.);
#1709=ORIENTED_EDGE('',*,*,#2372,.F.);
#1710=ORIENTED_EDGE('',*,*,#2703,.F.);
#1711=ORIENTED_EDGE('',*,*,#2704,.T.);
#1712=ORIENTED_EDGE('',*,*,#2705,.T.);
#1713=ORIENTED_EDGE('',*,*,#2373,.F.);
#1714=ORIENTED_EDGE('',*,*,#2705,.F.);
#1715=ORIENTED_EDGE('',*,*,#2706,.T.);
#1716=ORIENTED_EDGE('',*,*,#2707,.T.);
#1717=ORIENTED_EDGE('',*,*,#2374,.F.);
#1718=ORIENTED_EDGE('',*,*,#2707,.F.);
#1719=ORIENTED_EDGE('',*,*,#2708,.T.);
#1720=ORIENTED_EDGE('',*,*,#2709,.T.);
#1721=ORIENTED_EDGE('',*,*,#2375,.F.);
#1722=ORIENTED_EDGE('',*,*,#2709,.F.);
#1723=ORIENTED_EDGE('',*,*,#2710,.T.);
#1724=ORIENTED_EDGE('',*,*,#2711,.T.);
#1725=ORIENTED_EDGE('',*,*,#2376,.F.);
#1726=ORIENTED_EDGE('',*,*,#2711,.F.);
#1727=ORIENTED_EDGE('',*,*,#2712,.T.);
#1728=ORIENTED_EDGE('',*,*,#2713,.T.);
#1729=ORIENTED_EDGE('',*,*,#2377,.F.);
#1730=ORIENTED_EDGE('',*,*,#2713,.F.);
#1731=ORIENTED_EDGE('',*,*,#2714,.T.);
#1732=ORIENTED_EDGE('',*,*,#2715,.T.);
#1733=ORIENTED_EDGE('',*,*,#2378,.F.);
#1734=ORIENTED_EDGE('',*,*,#2715,.F.);
#1735=ORIENTED_EDGE('',*,*,#2716,.T.);
#1736=ORIENTED_EDGE('',*,*,#2717,.T.);
#1737=ORIENTED_EDGE('',*,*,#2379,.F.);
#1738=ORIENTED_EDGE('',*,*,#2717,.F.);
#1739=ORIENTED_EDGE('',*,*,#2718,.T.);
#1740=ORIENTED_EDGE('',*,*,#2719,.T.);
#1741=ORIENTED_EDGE('',*,*,#2380,.F.);
#1742=ORIENTED_EDGE('',*,*,#2719,.F.);
#1743=ORIENTED_EDGE('',*,*,#2720,.T.);
#1744=ORIENTED_EDGE('',*,*,#2721,.T.);
#1745=ORIENTED_EDGE('',*,*,#2353,.F.);
#1746=ORIENTED_EDGE('',*,*,#2721,.F.);
#1747=ORIENTED_EDGE('',*,*,#2722,.T.);
#1748=ORIENTED_EDGE('',*,*,#2667,.T.);
#1749=ORIENTED_EDGE('',*,*,#2668,.F.);
#1750=ORIENTED_EDGE('',*,*,#2722,.F.);
#1751=ORIENTED_EDGE('',*,*,#2720,.F.);
#1752=ORIENTED_EDGE('',*,*,#2718,.F.);
#1753=ORIENTED_EDGE('',*,*,#2716,.F.);
#1754=ORIENTED_EDGE('',*,*,#2714,.F.);
#1755=ORIENTED_EDGE('',*,*,#2712,.F.);
#1756=ORIENTED_EDGE('',*,*,#2710,.F.);
#1757=ORIENTED_EDGE('',*,*,#2708,.F.);
#1758=ORIENTED_EDGE('',*,*,#2706,.F.);
#1759=ORIENTED_EDGE('',*,*,#2704,.F.);
#1760=ORIENTED_EDGE('',*,*,#2702,.F.);
#1761=ORIENTED_EDGE('',*,*,#2700,.F.);
#1762=ORIENTED_EDGE('',*,*,#2698,.F.);
#1763=ORIENTED_EDGE('',*,*,#2696,.F.);
#1764=ORIENTED_EDGE('',*,*,#2694,.F.);
#1765=ORIENTED_EDGE('',*,*,#2692,.F.);
#1766=ORIENTED_EDGE('',*,*,#2690,.F.);
#1767=ORIENTED_EDGE('',*,*,#2688,.F.);
#1768=ORIENTED_EDGE('',*,*,#2686,.F.);
#1769=ORIENTED_EDGE('',*,*,#2684,.F.);
#1770=ORIENTED_EDGE('',*,*,#2682,.F.);
#1771=ORIENTED_EDGE('',*,*,#2680,.F.);
#1772=ORIENTED_EDGE('',*,*,#2678,.F.);
#1773=ORIENTED_EDGE('',*,*,#2676,.F.);
#1774=ORIENTED_EDGE('',*,*,#2674,.F.);
#1775=ORIENTED_EDGE('',*,*,#2672,.F.);
#1776=ORIENTED_EDGE('',*,*,#2670,.F.);
#1777=ORIENTED_EDGE('',*,*,#2436,.F.);
#1778=ORIENTED_EDGE('',*,*,#2723,.F.);
#1779=ORIENTED_EDGE('',*,*,#2724,.T.);
#1780=ORIENTED_EDGE('',*,*,#2725,.T.);
#1781=ORIENTED_EDGE('',*,*,#2437,.F.);
#1782=ORIENTED_EDGE('',*,*,#2725,.F.);
#1783=ORIENTED_EDGE('',*,*,#2726,.T.);
#1784=ORIENTED_EDGE('',*,*,#2727,.T.);
#1785=ORIENTED_EDGE('',*,*,#2438,.F.);
#1786=ORIENTED_EDGE('',*,*,#2727,.F.);
#1787=ORIENTED_EDGE('',*,*,#2728,.T.);
#1788=ORIENTED_EDGE('',*,*,#2729,.T.);
#1789=ORIENTED_EDGE('',*,*,#2439,.F.);
#1790=ORIENTED_EDGE('',*,*,#2729,.F.);
#1791=ORIENTED_EDGE('',*,*,#2730,.T.);
#1792=ORIENTED_EDGE('',*,*,#2731,.T.);
#1793=ORIENTED_EDGE('',*,*,#2440,.F.);
#1794=ORIENTED_EDGE('',*,*,#2731,.F.);
#1795=ORIENTED_EDGE('',*,*,#2732,.T.);
#1796=ORIENTED_EDGE('',*,*,#2733,.T.);
#1797=ORIENTED_EDGE('',*,*,#2441,.F.);
#1798=ORIENTED_EDGE('',*,*,#2733,.F.);
#1799=ORIENTED_EDGE('',*,*,#2734,.T.);
#1800=ORIENTED_EDGE('',*,*,#2735,.T.);
#1801=ORIENTED_EDGE('',*,*,#2442,.F.);
#1802=ORIENTED_EDGE('',*,*,#2735,.F.);
#1803=ORIENTED_EDGE('',*,*,#2736,.T.);
#1804=ORIENTED_EDGE('',*,*,#2737,.T.);
#1805=ORIENTED_EDGE('',*,*,#2443,.F.);
#1806=ORIENTED_EDGE('',*,*,#2737,.F.);
#1807=ORIENTED_EDGE('',*,*,#2738,.T.);
#1808=ORIENTED_EDGE('',*,*,#2739,.T.);
#1809=ORIENTED_EDGE('',*,*,#2444,.F.);
#1810=ORIENTED_EDGE('',*,*,#2739,.F.);
#1811=ORIENTED_EDGE('',*,*,#2740,.T.);
#1812=ORIENTED_EDGE('',*,*,#2741,.T.);
#1813=ORIENTED_EDGE('',*,*,#2445,.F.);
#1814=ORIENTED_EDGE('',*,*,#2741,.F.);
#1815=ORIENTED_EDGE('',*,*,#2742,.T.);
#1816=ORIENTED_EDGE('',*,*,#2743,.T.);
#1817=ORIENTED_EDGE('',*,*,#2446,.F.);
#1818=ORIENTED_EDGE('',*,*,#2743,.F.);
#1819=ORIENTED_EDGE('',*,*,#2744,.T.);
#1820=ORIENTED_EDGE('',*,*,#2745,.T.);
#1821=ORIENTED_EDGE('',*,*,#2447,.F.);
#1822=ORIENTED_EDGE('',*,*,#2745,.F.);
#1823=ORIENTED_EDGE('',*,*,#2746,.T.);
#1824=ORIENTED_EDGE('',*,*,#2747,.T.);
#1825=ORIENTED_EDGE('',*,*,#2448,.F.);
#1826=ORIENTED_EDGE('',*,*,#2747,.F.);
#1827=ORIENTED_EDGE('',*,*,#2748,.T.);
#1828=ORIENTED_EDGE('',*,*,#2749,.T.);
#1829=ORIENTED_EDGE('',*,*,#2449,.F.);
#1830=ORIENTED_EDGE('',*,*,#2749,.F.);
#1831=ORIENTED_EDGE('',*,*,#2750,.T.);
#1832=ORIENTED_EDGE('',*,*,#2751,.T.);
#1833=ORIENTED_EDGE('',*,*,#2450,.F.);
#1834=ORIENTED_EDGE('',*,*,#2751,.F.);
#1835=ORIENTED_EDGE('',*,*,#2752,.T.);
#1836=ORIENTED_EDGE('',*,*,#2753,.T.);
#1837=ORIENTED_EDGE('',*,*,#2451,.F.);
#1838=ORIENTED_EDGE('',*,*,#2753,.F.);
#1839=ORIENTED_EDGE('',*,*,#2754,.T.);
#1840=ORIENTED_EDGE('',*,*,#2755,.T.);
#1841=ORIENTED_EDGE('',*,*,#2452,.F.);
#1842=ORIENTED_EDGE('',*,*,#2755,.F.);
#1843=ORIENTED_EDGE('',*,*,#2756,.T.);
#1844=ORIENTED_EDGE('',*,*,#2757,.T.);
#1845=ORIENTED_EDGE('',*,*,#2453,.F.);
#1846=ORIENTED_EDGE('',*,*,#2757,.F.);
#1847=ORIENTED_EDGE('',*,*,#2758,.T.);
#1848=ORIENTED_EDGE('',*,*,#2759,.T.);
#1849=ORIENTED_EDGE('',*,*,#2435,.F.);
#1850=ORIENTED_EDGE('',*,*,#2759,.F.);
#1851=ORIENTED_EDGE('',*,*,#2760,.T.);
#1852=ORIENTED_EDGE('',*,*,#2723,.T.);
#1853=ORIENTED_EDGE('',*,*,#2724,.F.);
#1854=ORIENTED_EDGE('',*,*,#2760,.F.);
#1855=ORIENTED_EDGE('',*,*,#2758,.F.);
#1856=ORIENTED_EDGE('',*,*,#2756,.F.);
#1857=ORIENTED_EDGE('',*,*,#2754,.F.);
#1858=ORIENTED_EDGE('',*,*,#2752,.F.);
#1859=ORIENTED_EDGE('',*,*,#2750,.F.);
#1860=ORIENTED_EDGE('',*,*,#2748,.F.);
#1861=ORIENTED_EDGE('',*,*,#2746,.F.);
#1862=ORIENTED_EDGE('',*,*,#2744,.F.);
#1863=ORIENTED_EDGE('',*,*,#2742,.F.);
#1864=ORIENTED_EDGE('',*,*,#2740,.F.);
#1865=ORIENTED_EDGE('',*,*,#2738,.F.);
#1866=ORIENTED_EDGE('',*,*,#2736,.F.);
#1867=ORIENTED_EDGE('',*,*,#2734,.F.);
#1868=ORIENTED_EDGE('',*,*,#2732,.F.);
#1869=ORIENTED_EDGE('',*,*,#2730,.F.);
#1870=ORIENTED_EDGE('',*,*,#2728,.F.);
#1871=ORIENTED_EDGE('',*,*,#2726,.F.);
#1872=ORIENTED_EDGE('',*,*,#2347,.F.);
#1873=ORIENTED_EDGE('',*,*,#2761,.F.);
#1874=ORIENTED_EDGE('',*,*,#2762,.T.);
#1875=ORIENTED_EDGE('',*,*,#2763,.T.);
#1876=ORIENTED_EDGE('',*,*,#2348,.F.);
#1877=ORIENTED_EDGE('',*,*,#2763,.F.);
#1878=ORIENTED_EDGE('',*,*,#2764,.T.);
#1879=ORIENTED_EDGE('',*,*,#2765,.T.);
#1880=ORIENTED_EDGE('',*,*,#2349,.F.);
#1881=ORIENTED_EDGE('',*,*,#2765,.F.);
#1882=ORIENTED_EDGE('',*,*,#2766,.T.);
#1883=ORIENTED_EDGE('',*,*,#2767,.T.);
#1884=ORIENTED_EDGE('',*,*,#2350,.F.);
#1885=ORIENTED_EDGE('',*,*,#2767,.F.);
#1886=ORIENTED_EDGE('',*,*,#2768,.T.);
#1887=ORIENTED_EDGE('',*,*,#2769,.T.);
#1888=ORIENTED_EDGE('',*,*,#2351,.F.);
#1889=ORIENTED_EDGE('',*,*,#2769,.F.);
#1890=ORIENTED_EDGE('',*,*,#2770,.T.);
#1891=ORIENTED_EDGE('',*,*,#2771,.T.);
#1892=ORIENTED_EDGE('',*,*,#2352,.F.);
#1893=ORIENTED_EDGE('',*,*,#2771,.F.);
#1894=ORIENTED_EDGE('',*,*,#2772,.T.);
#1895=ORIENTED_EDGE('',*,*,#2773,.T.);
#1896=ORIENTED_EDGE('',*,*,#2774,.F.);
#1897=ORIENTED_EDGE('',*,*,#2775,.F.);
#1898=ORIENTED_EDGE('',*,*,#2776,.T.);
#1899=ORIENTED_EDGE('',*,*,#2777,.T.);
#1900=ORIENTED_EDGE('',*,*,#2778,.F.);
#1901=ORIENTED_EDGE('',*,*,#2777,.F.);
#1902=ORIENTED_EDGE('',*,*,#2779,.T.);
#1903=ORIENTED_EDGE('',*,*,#2780,.T.);
#1904=ORIENTED_EDGE('',*,*,#2781,.F.);
#1905=ORIENTED_EDGE('',*,*,#2780,.F.);
#1906=ORIENTED_EDGE('',*,*,#2782,.T.);
#1907=ORIENTED_EDGE('',*,*,#2775,.T.);
#1908=ORIENTED_EDGE('',*,*,#2346,.F.);
#1909=ORIENTED_EDGE('',*,*,#2773,.F.);
#1910=ORIENTED_EDGE('',*,*,#2783,.T.);
#1911=ORIENTED_EDGE('',*,*,#2761,.T.);
#1912=ORIENTED_EDGE('',*,*,#2776,.F.);
#1913=ORIENTED_EDGE('',*,*,#2782,.F.);
#1914=ORIENTED_EDGE('',*,*,#2779,.F.);
#1915=ORIENTED_EDGE('',*,*,#2762,.F.);
#1916=ORIENTED_EDGE('',*,*,#2783,.F.);
#1917=ORIENTED_EDGE('',*,*,#2772,.F.);
#1918=ORIENTED_EDGE('',*,*,#2770,.F.);
#1919=ORIENTED_EDGE('',*,*,#2768,.F.);
#1920=ORIENTED_EDGE('',*,*,#2766,.F.);
#1921=ORIENTED_EDGE('',*,*,#2764,.F.);
#1922=ORIENTED_EDGE('',*,*,#2781,.T.);
#1923=ORIENTED_EDGE('',*,*,#2774,.T.);
#1924=ORIENTED_EDGE('',*,*,#2778,.T.);
#1925=ORIENTED_EDGE('',*,*,#2314,.F.);
#1926=ORIENTED_EDGE('',*,*,#2784,.F.);
#1927=ORIENTED_EDGE('',*,*,#2785,.T.);
#1928=ORIENTED_EDGE('',*,*,#2786,.T.);
#1929=ORIENTED_EDGE('',*,*,#2315,.F.);
#1930=ORIENTED_EDGE('',*,*,#2786,.F.);
#1931=ORIENTED_EDGE('',*,*,#2787,.T.);
#1932=ORIENTED_EDGE('',*,*,#2788,.T.);
#1933=ORIENTED_EDGE('',*,*,#2316,.F.);
#1934=ORIENTED_EDGE('',*,*,#2788,.F.);
#1935=ORIENTED_EDGE('',*,*,#2789,.T.);
#1936=ORIENTED_EDGE('',*,*,#2790,.T.);
#1937=ORIENTED_EDGE('',*,*,#2317,.F.);
#1938=ORIENTED_EDGE('',*,*,#2790,.F.);
#1939=ORIENTED_EDGE('',*,*,#2791,.T.);
#1940=ORIENTED_EDGE('',*,*,#2792,.T.);
#1941=ORIENTED_EDGE('',*,*,#2318,.F.);
#1942=ORIENTED_EDGE('',*,*,#2792,.F.);
#1943=ORIENTED_EDGE('',*,*,#2793,.T.);
#1944=ORIENTED_EDGE('',*,*,#2794,.T.);
#1945=ORIENTED_EDGE('',*,*,#2319,.F.);
#1946=ORIENTED_EDGE('',*,*,#2794,.F.);
#1947=ORIENTED_EDGE('',*,*,#2795,.T.);
#1948=ORIENTED_EDGE('',*,*,#2796,.T.);
#1949=ORIENTED_EDGE('',*,*,#2320,.F.);
#1950=ORIENTED_EDGE('',*,*,#2796,.F.);
#1951=ORIENTED_EDGE('',*,*,#2797,.T.);
#1952=ORIENTED_EDGE('',*,*,#2798,.T.);
#1953=ORIENTED_EDGE('',*,*,#2321,.F.);
#1954=ORIENTED_EDGE('',*,*,#2798,.F.);
#1955=ORIENTED_EDGE('',*,*,#2799,.T.);
#1956=ORIENTED_EDGE('',*,*,#2800,.T.);
#1957=ORIENTED_EDGE('',*,*,#2322,.F.);
#1958=ORIENTED_EDGE('',*,*,#2800,.F.);
#1959=ORIENTED_EDGE('',*,*,#2801,.T.);
#1960=ORIENTED_EDGE('',*,*,#2802,.T.);
#1961=ORIENTED_EDGE('',*,*,#2323,.F.);
#1962=ORIENTED_EDGE('',*,*,#2802,.F.);
#1963=ORIENTED_EDGE('',*,*,#2803,.T.);
#1964=ORIENTED_EDGE('',*,*,#2804,.T.);
#1965=ORIENTED_EDGE('',*,*,#2324,.F.);
#1966=ORIENTED_EDGE('',*,*,#2804,.F.);
#1967=ORIENTED_EDGE('',*,*,#2805,.T.);
#1968=ORIENTED_EDGE('',*,*,#2806,.T.);
#1969=ORIENTED_EDGE('',*,*,#2325,.F.);
#1970=ORIENTED_EDGE('',*,*,#2806,.F.);
#1971=ORIENTED_EDGE('',*,*,#2807,.T.);
#1972=ORIENTED_EDGE('',*,*,#2808,.T.);
#1973=ORIENTED_EDGE('',*,*,#2326,.F.);
#1974=ORIENTED_EDGE('',*,*,#2808,.F.);
#1975=ORIENTED_EDGE('',*,*,#2809,.T.);
#1976=ORIENTED_EDGE('',*,*,#2810,.T.);
#1977=ORIENTED_EDGE('',*,*,#2327,.F.);
#1978=ORIENTED_EDGE('',*,*,#2810,.F.);
#1979=ORIENTED_EDGE('',*,*,#2811,.T.);
#1980=ORIENTED_EDGE('',*,*,#2812,.T.);
#1981=ORIENTED_EDGE('',*,*,#2328,.F.);
#1982=ORIENTED_EDGE('',*,*,#2812,.F.);
#1983=ORIENTED_EDGE('',*,*,#2813,.T.);
#1984=ORIENTED_EDGE('',*,*,#2814,.T.);
#1985=ORIENTED_EDGE('',*,*,#2329,.F.);
#1986=ORIENTED_EDGE('',*,*,#2814,.F.);
#1987=ORIENTED_EDGE('',*,*,#2815,.T.);
#1988=ORIENTED_EDGE('',*,*,#2816,.T.);
#1989=ORIENTED_EDGE('',*,*,#2330,.F.);
#1990=ORIENTED_EDGE('',*,*,#2816,.F.);
#1991=ORIENTED_EDGE('',*,*,#2817,.T.);
#1992=ORIENTED_EDGE('',*,*,#2818,.T.);
#1993=ORIENTED_EDGE('',*,*,#2331,.F.);
#1994=ORIENTED_EDGE('',*,*,#2818,.F.);
#1995=ORIENTED_EDGE('',*,*,#2819,.T.);
#1996=ORIENTED_EDGE('',*,*,#2820,.T.);
#1997=ORIENTED_EDGE('',*,*,#2332,.F.);
#1998=ORIENTED_EDGE('',*,*,#2820,.F.);
#1999=ORIENTED_EDGE('',*,*,#2821,.T.);
#2000=ORIENTED_EDGE('',*,*,#2822,.T.);
#2001=ORIENTED_EDGE('',*,*,#2333,.F.);
#2002=ORIENTED_EDGE('',*,*,#2822,.F.);
#2003=ORIENTED_EDGE('',*,*,#2823,.T.);
#2004=ORIENTED_EDGE('',*,*,#2824,.T.);
#2005=ORIENTED_EDGE('',*,*,#2334,.F.);
#2006=ORIENTED_EDGE('',*,*,#2824,.F.);
#2007=ORIENTED_EDGE('',*,*,#2825,.T.);
#2008=ORIENTED_EDGE('',*,*,#2826,.T.);
#2009=ORIENTED_EDGE('',*,*,#2335,.F.);
#2010=ORIENTED_EDGE('',*,*,#2826,.F.);
#2011=ORIENTED_EDGE('',*,*,#2827,.T.);
#2012=ORIENTED_EDGE('',*,*,#2828,.T.);
#2013=ORIENTED_EDGE('',*,*,#2336,.F.);
#2014=ORIENTED_EDGE('',*,*,#2828,.F.);
#2015=ORIENTED_EDGE('',*,*,#2829,.T.);
#2016=ORIENTED_EDGE('',*,*,#2830,.T.);
#2017=ORIENTED_EDGE('',*,*,#2337,.F.);
#2018=ORIENTED_EDGE('',*,*,#2830,.F.);
#2019=ORIENTED_EDGE('',*,*,#2831,.T.);
#2020=ORIENTED_EDGE('',*,*,#2832,.T.);
#2021=ORIENTED_EDGE('',*,*,#2338,.F.);
#2022=ORIENTED_EDGE('',*,*,#2832,.F.);
#2023=ORIENTED_EDGE('',*,*,#2833,.T.);
#2024=ORIENTED_EDGE('',*,*,#2834,.T.);
#2025=ORIENTED_EDGE('',*,*,#2339,.F.);
#2026=ORIENTED_EDGE('',*,*,#2834,.F.);
#2027=ORIENTED_EDGE('',*,*,#2835,.T.);
#2028=ORIENTED_EDGE('',*,*,#2836,.T.);
#2029=ORIENTED_EDGE('',*,*,#2340,.F.);
#2030=ORIENTED_EDGE('',*,*,#2836,.F.);
#2031=ORIENTED_EDGE('',*,*,#2837,.T.);
#2032=ORIENTED_EDGE('',*,*,#2838,.T.);
#2033=ORIENTED_EDGE('',*,*,#2341,.F.);
#2034=ORIENTED_EDGE('',*,*,#2838,.F.);
#2035=ORIENTED_EDGE('',*,*,#2839,.T.);
#2036=ORIENTED_EDGE('',*,*,#2840,.T.);
#2037=ORIENTED_EDGE('',*,*,#2342,.F.);
#2038=ORIENTED_EDGE('',*,*,#2840,.F.);
#2039=ORIENTED_EDGE('',*,*,#2841,.T.);
#2040=ORIENTED_EDGE('',*,*,#2842,.T.);
#2041=ORIENTED_EDGE('',*,*,#2343,.F.);
#2042=ORIENTED_EDGE('',*,*,#2842,.F.);
#2043=ORIENTED_EDGE('',*,*,#2843,.T.);
#2044=ORIENTED_EDGE('',*,*,#2844,.T.);
#2045=ORIENTED_EDGE('',*,*,#2344,.F.);
#2046=ORIENTED_EDGE('',*,*,#2844,.F.);
#2047=ORIENTED_EDGE('',*,*,#2845,.T.);
#2048=ORIENTED_EDGE('',*,*,#2846,.T.);
#2049=ORIENTED_EDGE('',*,*,#2345,.F.);
#2050=ORIENTED_EDGE('',*,*,#2846,.F.);
#2051=ORIENTED_EDGE('',*,*,#2847,.T.);
#2052=ORIENTED_EDGE('',*,*,#2848,.T.);
#2053=ORIENTED_EDGE('',*,*,#2313,.F.);
#2054=ORIENTED_EDGE('',*,*,#2848,.F.);
#2055=ORIENTED_EDGE('',*,*,#2849,.T.);
#2056=ORIENTED_EDGE('',*,*,#2784,.T.);
#2057=ORIENTED_EDGE('',*,*,#2785,.F.);
#2058=ORIENTED_EDGE('',*,*,#2849,.F.);
#2059=ORIENTED_EDGE('',*,*,#2847,.F.);
#2060=ORIENTED_EDGE('',*,*,#2845,.F.);
#2061=ORIENTED_EDGE('',*,*,#2843,.F.);
#2062=ORIENTED_EDGE('',*,*,#2841,.F.);
#2063=ORIENTED_EDGE('',*,*,#2839,.F.);
#2064=ORIENTED_EDGE('',*,*,#2837,.F.);
#2065=ORIENTED_EDGE('',*,*,#2835,.F.);
#2066=ORIENTED_EDGE('',*,*,#2833,.F.);
#2067=ORIENTED_EDGE('',*,*,#2831,.F.);
#2068=ORIENTED_EDGE('',*,*,#2829,.F.);
#2069=ORIENTED_EDGE('',*,*,#2827,.F.);
#2070=ORIENTED_EDGE('',*,*,#2825,.F.);
#2071=ORIENTED_EDGE('',*,*,#2823,.F.);
#2072=ORIENTED_EDGE('',*,*,#2821,.F.);
#2073=ORIENTED_EDGE('',*,*,#2819,.F.);
#2074=ORIENTED_EDGE('',*,*,#2817,.F.);
#2075=ORIENTED_EDGE('',*,*,#2815,.F.);
#2076=ORIENTED_EDGE('',*,*,#2813,.F.);
#2077=ORIENTED_EDGE('',*,*,#2811,.F.);
#2078=ORIENTED_EDGE('',*,*,#2809,.F.);
#2079=ORIENTED_EDGE('',*,*,#2807,.F.);
#2080=ORIENTED_EDGE('',*,*,#2805,.F.);
#2081=ORIENTED_EDGE('',*,*,#2803,.F.);
#2082=ORIENTED_EDGE('',*,*,#2801,.F.);
#2083=ORIENTED_EDGE('',*,*,#2799,.F.);
#2084=ORIENTED_EDGE('',*,*,#2797,.F.);
#2085=ORIENTED_EDGE('',*,*,#2795,.F.);
#2086=ORIENTED_EDGE('',*,*,#2793,.F.);
#2087=ORIENTED_EDGE('',*,*,#2791,.F.);
#2088=ORIENTED_EDGE('',*,*,#2789,.F.);
#2089=ORIENTED_EDGE('',*,*,#2787,.F.);
#2090=EDGE_CURVE('',#2850,#2851,#3349,.T.);
#2091=EDGE_CURVE('',#2851,#2852,#385,.T.);
#2092=EDGE_CURVE('',#2852,#2853,#239,.T.);
#2093=EDGE_CURVE('',#2854,#2853,#3350,.T.);
#2094=EDGE_CURVE('',#2850,#2854,#240,.T.);
#2095=EDGE_CURVE('',#2855,#2856,#3351,.T.);
#2096=EDGE_CURVE('',#2856,#2857,#3352,.T.);
#2097=EDGE_CURVE('',#2857,#2850,#3353,.T.);
#2098=EDGE_CURVE('',#2854,#2858,#241,.T.);
#2099=EDGE_CURVE('',#2858,#2859,#242,.T.);
#2100=EDGE_CURVE('',#2859,#2860,#243,.T.);
#2101=EDGE_CURVE('',#2860,#2855,#244,.T.);
#2102=EDGE_CURVE('',#2852,#2861,#3354,.F.);
#2103=EDGE_CURVE('',#2861,#2862,#3355,.F.);
#2104=EDGE_CURVE('',#2863,#2862,#3356,.T.);
#2105=EDGE_CURVE('',#2864,#2863,#245,.T.);
#2106=EDGE_CURVE('',#2865,#2864,#246,.T.);
#2107=EDGE_CURVE('',#2866,#2865,#247,.T.);
#2108=EDGE_CURVE('',#2853,#2866,#248,.T.);
#2109=EDGE_CURVE('',#2867,#2868,#3357,.T.);
#2110=EDGE_CURVE('',#2868,#2869,#3358,.F.);
#2111=EDGE_CURVE('',#2870,#2869,#3359,.T.);
#2112=EDGE_CURVE('',#2871,#2870,#249,.T.);
#2113=EDGE_CURVE('',#2872,#2871,#250,.T.);
#2114=EDGE_CURVE('',#2873,#2872,#251,.T.);
#2115=EDGE_CURVE('',#2874,#2873,#252,.T.);
#2116=EDGE_CURVE('',#2867,#2874,#253,.T.);
#2117=EDGE_CURVE('',#2875,#2876,#254,.T.);
#2118=EDGE_CURVE('',#2875,#2877,#386,.T.);
#2119=EDGE_CURVE('',#2867,#2877,#3360,.T.);
#2120=EDGE_CURVE('',#2874,#2876,#3361,.T.);
#2121=EDGE_CURVE('',#2878,#2879,#3362,.T.);
#2122=EDGE_CURVE('',#2879,#2875,#3363,.F.);
#2123=EDGE_CURVE('',#2876,#2880,#255,.T.);
#2124=EDGE_CURVE('',#2880,#2881,#256,.T.);
#2125=EDGE_CURVE('',#2881,#2882,#257,.T.);
#2126=EDGE_CURVE('',#2882,#2883,#258,.T.);
#2127=EDGE_CURVE('',#2883,#2878,#3364,.T.);
#2128=EDGE_CURVE('',#2884,#2885,#3365,.T.);
#2129=EDGE_CURVE('',#2884,#2886,#3366,.F.);
#2130=EDGE_CURVE('',#2886,#2887,#3367,.T.);
#2131=EDGE_CURVE('',#2888,#2887,#259,.T.);
#2132=EDGE_CURVE('',#2889,#2888,#260,.T.);
#2133=EDGE_CURVE('',#2890,#2889,#261,.T.);
#2134=EDGE_CURVE('',#2885,#2890,#262,.T.);
#2135=EDGE_CURVE('',#2891,#2892,#3368,.T.);
#2136=EDGE_CURVE('',#2891,#2893,#263,.T.);
#2137=EDGE_CURVE('',#2893,#2894,#3369,.T.);
#2138=EDGE_CURVE('',#2894,#2895,#3370,.T.);
#2139=EDGE_CURVE('',#2895,#2896,#264,.F.);
#2140=EDGE_CURVE('',#2896,#2897,#3371,.T.);
#2141=EDGE_CURVE('',#2897,#2884,#265,.F.);
#2142=EDGE_CURVE('',#2885,#2898,#3372,.T.);
#2143=EDGE_CURVE('',#2899,#2898,#3373,.T.);
#2144=EDGE_CURVE('',#2899,#2900,#266,.T.);
#2145=EDGE_CURVE('',#2901,#2900,#3374,.T.);
#2146=EDGE_CURVE('',#2901,#2892,#267,.T.);
#2147=EDGE_CURVE('',#2898,#2902,#268,.T.);
#2148=EDGE_CURVE('',#2890,#2902,#3375,.T.);
#2149=EDGE_CURVE('',#2903,#2904,#387,.T.);
#2150=EDGE_CURVE('',#2902,#2903,#269,.T.);
#2151=EDGE_CURVE('',#2889,#2904,#3376,.T.);
#2152=EDGE_CURVE('',#2904,#2905,#388,.T.);
#2153=EDGE_CURVE('',#2888,#2906,#3377,.T.);
#2154=EDGE_CURVE('',#2905,#2906,#270,.T.);
#2155=EDGE_CURVE('',#2907,#2887,#3378,.F.);
#2156=EDGE_CURVE('',#2907,#2908,#389,.T.);
#2157=EDGE_CURVE('',#2906,#2908,#271,.T.);
#2158=EDGE_CURVE('',#2873,#2880,#3379,.T.);
#2159=EDGE_CURVE('',#2872,#2881,#3380,.T.);
#2160=EDGE_CURVE('',#2871,#2882,#3381,.T.);
#2161=EDGE_CURVE('',#2870,#2883,#3382,.T.);
#2162=EDGE_CURVE('',#2909,#2910,#3383,.T.);
#2163=EDGE_CURVE('',#2910,#2911,#272,.T.);
#2164=EDGE_CURVE('',#2912,#2911,#3384,.T.);
#2165=EDGE_CURVE('',#2912,#2913,#273,.T.);
#2166=EDGE_CURVE('',#2913,#2914,#3385,.T.);
#2167=EDGE_CURVE('',#2914,#2878,#274,.T.);
#2168=EDGE_CURVE('',#2869,#2915,#275,.F.);
#2169=EDGE_CURVE('',#2916,#2915,#3386,.T.);
#2170=EDGE_CURVE('',#2916,#2917,#276,.F.);
#2171=EDGE_CURVE('',#2909,#2917,#3387,.T.);
#2172=EDGE_CURVE('',#2900,#2918,#3388,.F.);
#2173=EDGE_CURVE('',#2918,#2919,#3389,.F.);
#2174=EDGE_CURVE('',#2919,#2920,#3390,.F.);
#2175=EDGE_CURVE('',#2920,#2921,#3391,.F.);
#2176=EDGE_CURVE('',#2921,#2914,#3392,.F.);
#2177=EDGE_CURVE('',#2913,#2901,#3393,.F.);
#2178=EDGE_CURVE('',#2908,#2922,#3394,.F.);
#2179=EDGE_CURVE('',#2922,#2899,#3395,.T.);
#2180=EDGE_CURVE('',#2923,#2903,#3396,.F.);
#2181=EDGE_CURVE('',#2923,#2924,#3397,.T.);
#2182=EDGE_CURVE('',#2905,#2924,#3398,.T.);
#2183=EDGE_CURVE('',#2915,#2925,#3399,.T.);
#2184=EDGE_CURVE('',#2925,#2926,#3400,.T.);
#2185=EDGE_CURVE('',#2926,#2927,#3401,.T.);
#2186=EDGE_CURVE('',#2927,#2928,#3402,.T.);
#2187=EDGE_CURVE('',#2928,#2897,#3403,.T.);
#2188=EDGE_CURVE('',#2896,#2916,#3404,.T.);
#2189=EDGE_CURVE('',#2911,#2891,#3405,.T.);
#2190=EDGE_CURVE('',#2892,#2912,#3406,.T.);
#2191=EDGE_CURVE('',#2923,#2924,#277,.F.);
#2192=EDGE_CURVE('',#2929,#2929,#278,.F.);
#2193=EDGE_CURVE('',#2930,#2930,#279,.F.);
#2194=EDGE_CURVE('',#2931,#2931,#390,.T.);
#2195=EDGE_CURVE('',#2932,#2932,#280,.F.);
#2196=EDGE_CURVE('',#2933,#2934,#3407,.T.);
#2197=EDGE_CURVE('',#2934,#2935,#391,.T.);
#2198=EDGE_CURVE('',#2935,#2936,#281,.T.);
#2199=EDGE_CURVE('',#2937,#2936,#3408,.T.);
#2200=EDGE_CURVE('',#2933,#2937,#282,.T.);
#2201=EDGE_CURVE('',#2936,#2938,#283,.T.);
#2202=EDGE_CURVE('',#2938,#2939,#392,.T.);
#2203=EDGE_CURVE('',#2939,#2940,#3409,.F.);
#2204=EDGE_CURVE('',#2937,#2940,#284,.T.);
#2205=EDGE_CURVE('',#2858,#2866,#3410,.T.);
#2206=EDGE_CURVE('',#2859,#2865,#3411,.T.);
#2207=EDGE_CURVE('',#2860,#2864,#3412,.T.);
#2208=EDGE_CURVE('',#2855,#2863,#3413,.T.);
#2209=EDGE_CURVE('',#2941,#2942,#3414,.T.);
#2210=EDGE_CURVE('',#2941,#2943,#285,.F.);
#2211=EDGE_CURVE('',#2943,#2944,#3415,.T.);
#2212=EDGE_CURVE('',#2944,#2945,#286,.F.);
#2213=EDGE_CURVE('',#2945,#2946,#3416,.T.);
#2214=EDGE_CURVE('',#2946,#2947,#3417,.T.);
#2215=EDGE_CURVE('',#2947,#2948,#287,.T.);
#2216=EDGE_CURVE('',#2948,#2949,#3418,.T.);
#2217=EDGE_CURVE('',#2949,#2856,#288,.T.);
#2218=EDGE_CURVE('',#2862,#2942,#289,.F.);
#2219=EDGE_CURVE('',#2950,#2951,#3419,.F.);
#2220=EDGE_CURVE('',#2951,#2952,#3420,.F.);
#2221=EDGE_CURVE('',#2952,#2953,#3421,.T.);
#2222=EDGE_CURVE('',#2954,#2953,#3422,.T.);
#2223=EDGE_CURVE('',#2954,#2941,#3423,.T.);
#2224=EDGE_CURVE('',#2942,#2955,#3424,.T.);
#2225=EDGE_CURVE('',#2955,#2950,#3425,.F.);
#2226=EDGE_CURVE('',#2956,#2957,#3426,.T.);
#2227=EDGE_CURVE('',#2957,#2954,#290,.F.);
#2228=EDGE_CURVE('',#2953,#2958,#291,.F.);
#2229=EDGE_CURVE('',#2958,#2959,#3427,.T.);
#2230=EDGE_CURVE('',#2960,#2959,#3428,.T.);
#2231=EDGE_CURVE('',#2961,#2960,#3429,.T.);
#2232=EDGE_CURVE('',#2961,#2962,#292,.T.);
#2233=EDGE_CURVE('',#2963,#2962,#3430,.T.);
#2234=EDGE_CURVE('',#2963,#2964,#293,.T.);
#2235=EDGE_CURVE('',#2965,#2964,#3431,.T.);
#2236=EDGE_CURVE('',#2965,#2966,#3432,.T.);
#2237=EDGE_CURVE('',#2966,#2956,#294,.F.);
#2238=EDGE_CURVE('',#2959,#2967,#295,.T.);
#2239=EDGE_CURVE('',#2968,#2967,#3433,.T.);
#2240=EDGE_CURVE('',#2960,#2968,#296,.T.);
#2241=EDGE_CURVE('',#2967,#2969,#297,.T.);
#2242=EDGE_CURVE('',#2969,#2934,#393,.T.);
#2243=EDGE_CURVE('',#2968,#2933,#298,.T.);
#2244=EDGE_CURVE('',#2940,#2970,#3434,.T.);
#2245=EDGE_CURVE('',#2970,#2961,#3435,.T.);
#2246=EDGE_CURVE('',#2958,#2971,#3436,.F.);
#2247=EDGE_CURVE('',#2971,#2938,#3437,.F.);
#2248=EDGE_CURVE('',#2972,#2935,#394,.T.);
#2249=EDGE_CURVE('',#2973,#2972,#3438,.T.);
#2250=EDGE_CURVE('',#2969,#2973,#395,.T.);
#2251=EDGE_CURVE('',#2962,#2974,#3439,.F.);
#2252=EDGE_CURVE('',#2975,#2974,#3440,.T.);
#2253=EDGE_CURVE('',#2976,#2975,#3441,.T.);
#2254=EDGE_CURVE('',#2977,#2976,#3442,.T.);
#2255=EDGE_CURVE('',#2977,#2949,#3443,.F.);
#2256=EDGE_CURVE('',#2948,#2963,#3444,.T.);
#2257=EDGE_CURVE('',#2943,#2957,#3445,.F.);
#2258=EDGE_CURVE('',#2956,#2944,#3446,.T.);
#2259=EDGE_CURVE('',#2978,#2978,#299,.T.);
#2260=EDGE_CURVE('',#2973,#2972,#300,.F.);
#2261=EDGE_CURVE('',#2979,#2979,#301,.T.);
#2262=EDGE_CURVE('',#2980,#2980,#396,.T.);
#2263=EDGE_CURVE('',#2981,#2981,#397,.T.);
#2264=EDGE_CURVE('',#2982,#2982,#302,.F.);
#2265=EDGE_CURVE('',#2926,#2983,#3447,.T.);
#2266=EDGE_CURVE('',#2983,#2984,#3448,.T.);
#2267=EDGE_CURVE('',#2927,#2984,#3449,.T.);
#2268=EDGE_CURVE('',#2985,#2986,#303,.F.);
#2269=EDGE_CURVE('',#2986,#2987,#3450,.T.);
#2270=EDGE_CURVE('',#2987,#2983,#304,.T.);
#2271=EDGE_CURVE('',#2925,#2868,#305,.T.);
#2272=EDGE_CURVE('',#2877,#2985,#3451,.T.);
#2273=EDGE_CURVE('',#2984,#2988,#306,.T.);
#2274=EDGE_CURVE('',#2988,#2989,#3452,.T.);
#2275=EDGE_CURVE('',#2989,#2990,#307,.F.);
#2276=EDGE_CURVE('',#2990,#2907,#3453,.T.);
#2277=EDGE_CURVE('',#2886,#2928,#308,.T.);
#2278=EDGE_CURVE('',#2991,#2992,#309,.F.);
#2279=EDGE_CURVE('',#2992,#2851,#3454,.T.);
#2280=EDGE_CURVE('',#2857,#2977,#310,.T.);
#2281=EDGE_CURVE('',#2976,#2993,#3455,.T.);
#2282=EDGE_CURVE('',#2993,#2994,#311,.T.);
#2283=EDGE_CURVE('',#2994,#2991,#3456,.T.);
#2284=EDGE_CURVE('',#2995,#2996,#312,.F.);
#2285=EDGE_CURVE('',#2996,#2997,#3457,.T.);
#2286=EDGE_CURVE('',#2997,#2998,#313,.T.);
#2287=EDGE_CURVE('',#2975,#2998,#3458,.T.);
#2288=EDGE_CURVE('',#2974,#2970,#314,.T.);
#2289=EDGE_CURVE('',#2939,#2995,#3459,.T.);
#2290=EDGE_CURVE('',#2998,#2993,#3460,.T.);
#2291=EDGE_CURVE('',#2917,#2895,#3461,.F.);
#2292=EDGE_CURVE('',#2894,#2909,#3462,.T.);
#2293=EDGE_CURVE('',#2893,#2910,#3463,.F.);
#2294=EDGE_CURVE('',#2964,#2947,#3464,.F.);
#2295=EDGE_CURVE('',#2946,#2965,#3465,.T.);
#2296=EDGE_CURVE('',#2945,#2966,#3466,.F.);
#2297=EDGE_CURVE('',#2987,#2920,#398,.T.);
#2298=EDGE_CURVE('',#2919,#2988,#399,.F.);
#2299=EDGE_CURVE('',#2997,#2951,#400,.T.);
#2300=EDGE_CURVE('',#2950,#2994,#401,.F.);
#2301=EDGE_CURVE('',#2952,#2971,#315,.T.);
#2302=EDGE_CURVE('',#2861,#2955,#316,.T.);
#2303=EDGE_CURVE('',#2921,#2879,#317,.T.);
#2304=EDGE_CURVE('',#2922,#2918,#318,.T.);
#2305=EDGE_CURVE('',#2991,#2955,#319,.T.);
#2306=EDGE_CURVE('',#2992,#2861,#320,.T.);
#2307=EDGE_CURVE('',#2985,#2879,#321,.T.);
#2308=EDGE_CURVE('',#2986,#2921,#322,.T.);
#2309=EDGE_CURVE('',#2922,#2990,#323,.T.);
#2310=EDGE_CURVE('',#2918,#2989,#324,.T.);
#2311=EDGE_CURVE('',#2995,#2971,#325,.T.);
#2312=EDGE_CURVE('',#2996,#2952,#326,.T.);
#2313=EDGE_CURVE('',#2999,#3000,#3467,.T.);
#2314=EDGE_CURVE('',#3000,#3001,#3468,.T.);
#2315=EDGE_CURVE('',#3001,#3002,#402,.T.);
#2316=EDGE_CURVE('',#3002,#3003,#403,.T.);
#2317=EDGE_CURVE('',#3003,#3004,#404,.T.);
#2318=EDGE_CURVE('',#3004,#3005,#405,.T.);
#2319=EDGE_CURVE('',#3005,#3006,#406,.T.);
#2320=EDGE_CURVE('',#3006,#3007,#407,.T.);
#2321=EDGE_CURVE('',#3007,#3008,#408,.T.);
#2322=EDGE_CURVE('',#3008,#3009,#3469,.T.);
#2323=EDGE_CURVE('',#3009,#3010,#3470,.T.);
#2324=EDGE_CURVE('',#3010,#3011,#3471,.T.);
#2325=EDGE_CURVE('',#3011,#3012,#409,.T.);
#2326=EDGE_CURVE('',#3012,#3013,#410,.T.);
#2327=EDGE_CURVE('',#3013,#3014,#3472,.T.);
#2328=EDGE_CURVE('',#3014,#3015,#3473,.T.);
#2329=EDGE_CURVE('',#3015,#3016,#3474,.T.);
#2330=EDGE_CURVE('',#3016,#3017,#3475,.T.);
#2331=EDGE_CURVE('',#3017,#3018,#3476,.T.);
#2332=EDGE_CURVE('',#3018,#3019,#411,.T.);
#2333=EDGE_CURVE('',#3019,#3020,#412,.T.);
#2334=EDGE_CURVE('',#3020,#3021,#413,.T.);
#2335=EDGE_CURVE('',#3021,#3022,#3477,.T.);
#2336=EDGE_CURVE('',#3022,#3023,#3478,.T.);
#2337=EDGE_CURVE('',#3023,#3024,#3479,.T.);
#2338=EDGE_CURVE('',#3024,#3025,#414,.T.);
#2339=EDGE_CURVE('',#3025,#3026,#415,.T.);
#2340=EDGE_CURVE('',#3026,#3027,#416,.T.);
#2341=EDGE_CURVE('',#3027,#3028,#3480,.T.);
#2342=EDGE_CURVE('',#3028,#3029,#3481,.T.);
#2343=EDGE_CURVE('',#3029,#3030,#3482,.T.);
#2344=EDGE_CURVE('',#3030,#3031,#3483,.T.);
#2345=EDGE_CURVE('',#3031,#2999,#3484,.T.);
#2346=EDGE_CURVE('',#3032,#3033,#3485,.T.);
#2347=EDGE_CURVE('',#3033,#3034,#417,.T.);
#2348=EDGE_CURVE('',#3034,#3035,#418,.T.);
#2349=EDGE_CURVE('',#3035,#3036,#419,.T.);
#2350=EDGE_CURVE('',#3036,#3037,#420,.T.);
#2351=EDGE_CURVE('',#3037,#3038,#421,.T.);
#2352=EDGE_CURVE('',#3038,#3032,#422,.T.);
#2353=EDGE_CURVE('',#3039,#3040,#3486,.T.);
#2354=EDGE_CURVE('',#3040,#3041,#3487,.T.);
#2355=EDGE_CURVE('',#3041,#3042,#423,.T.);
#2356=EDGE_CURVE('',#3042,#3043,#424,.T.);
#2357=EDGE_CURVE('',#3043,#3044,#425,.T.);
#2358=EDGE_CURVE('',#3044,#3045,#426,.T.);
#2359=EDGE_CURVE('',#3045,#3046,#3488,.T.);
#2360=EDGE_CURVE('',#3046,#3047,#3489,.T.);
#2361=EDGE_CURVE('',#3047,#3048,#3490,.T.);
#2362=EDGE_CURVE('',#3048,#3049,#427,.T.);
#2363=EDGE_CURVE('',#3049,#3050,#3491,.T.);
#2364=EDGE_CURVE('',#3050,#3051,#428,.T.);
#2365=EDGE_CURVE('',#3051,#3052,#429,.T.);
#2366=EDGE_CURVE('',#3052,#3053,#430,.T.);
#2367=EDGE_CURVE('',#3053,#3054,#3492,.T.);
#2368=EDGE_CURVE('',#3054,#3055,#3493,.T.);
#2369=EDGE_CURVE('',#3055,#3056,#3494,.T.);
#2370=EDGE_CURVE('',#3056,#3057,#431,.T.);
#2371=EDGE_CURVE('',#3057,#3058,#432,.T.);
#2372=EDGE_CURVE('',#3058,#3059,#433,.T.);
#2373=EDGE_CURVE('',#3059,#3060,#434,.T.);
#2374=EDGE_CURVE('',#3060,#3061,#3495,.T.);
#2375=EDGE_CURVE('',#3061,#3062,#435,.T.);
#2376=EDGE_CURVE('',#3062,#3063,#3496,.T.);
#2377=EDGE_CURVE('',#3063,#3064,#3497,.T.);
#2378=EDGE_CURVE('',#3064,#3065,#3498,.T.);
#2379=EDGE_CURVE('',#3065,#3066,#436,.T.);
#2380=EDGE_CURVE('',#3066,#3039,#3499,.T.);
#2381=EDGE_CURVE('',#3067,#3068,#3500,.T.);
#2382=EDGE_CURVE('',#3068,#3069,#3501,.T.);
#2383=EDGE_CURVE('',#3069,#3070,#437,.T.);
#2384=EDGE_CURVE('',#3070,#3071,#438,.T.);
#2385=EDGE_CURVE('',#3071,#3072,#439,.T.);
#2386=EDGE_CURVE('',#3072,#3073,#440,.T.);
#2387=EDGE_CURVE('',#3073,#3074,#3502,.T.);
#2388=EDGE_CURVE('',#3074,#3075,#441,.T.);
#2389=EDGE_CURVE('',#3075,#3076,#3503,.T.);
#2390=EDGE_CURVE('',#3076,#3077,#442,.T.);
#2391=EDGE_CURVE('',#3077,#3078,#443,.T.);
#2392=EDGE_CURVE('',#3078,#3079,#444,.T.);
#2393=EDGE_CURVE('',#3079,#3080,#445,.T.);
#2394=EDGE_CURVE('',#3080,#3067,#3504,.T.);
#2395=EDGE_CURVE('',#3081,#3081,#446,.T.);
#2396=EDGE_CURVE('',#3082,#3083,#447,.T.);
#2397=EDGE_CURVE('',#3083,#3084,#3505,.T.);
#2398=EDGE_CURVE('',#3084,#3085,#3506,.T.);
#2399=EDGE_CURVE('',#3085,#3086,#3507,.T.);
#2400=EDGE_CURVE('',#3086,#3087,#448,.T.);
#2401=EDGE_CURVE('',#3087,#3088,#449,.T.);
#2402=EDGE_CURVE('',#3088,#3089,#3508,.T.);
#2403=EDGE_CURVE('',#3089,#3090,#450,.T.);
#2404=EDGE_CURVE('',#3090,#3091,#3509,.T.);
#2405=EDGE_CURVE('',#3091,#3092,#3510,.T.);
#2406=EDGE_CURVE('',#3092,#3093,#451,.T.);
#2407=EDGE_CURVE('',#3093,#3094,#452,.T.);
#2408=EDGE_CURVE('',#3094,#3095,#453,.T.);
#2409=EDGE_CURVE('',#3095,#3096,#3511,.T.);
#2410=EDGE_CURVE('',#3096,#3097,#3512,.T.);
#2411=EDGE_CURVE('',#3097,#3098,#3513,.T.);
#2412=EDGE_CURVE('',#3098,#3099,#454,.T.);
#2413=EDGE_CURVE('',#3099,#3100,#455,.T.);
#2414=EDGE_CURVE('',#3100,#3101,#456,.T.);
#2415=EDGE_CURVE('',#3101,#3102,#457,.T.);
#2416=EDGE_CURVE('',#3102,#3082,#458,.T.);
#2417=EDGE_CURVE('',#3103,#3104,#459,.T.);
#2418=EDGE_CURVE('',#3104,#3105,#460,.T.);
#2419=EDGE_CURVE('',#3105,#3106,#461,.T.);
#2420=EDGE_CURVE('',#3106,#3107,#327,.T.);
#2421=EDGE_CURVE('',#3107,#3108,#462,.T.);
#2422=EDGE_CURVE('',#3108,#3109,#463,.T.);
#2423=EDGE_CURVE('',#3109,#3110,#464,.T.);
#2424=EDGE_CURVE('',#3110,#3111,#465,.T.);
#2425=EDGE_CURVE('',#3111,#3112,#466,.T.);
#2426=EDGE_CURVE('',#3112,#3103,#467,.T.);
#2427=EDGE_CURVE('',#3113,#3114,#3514,.F.);
#2428=EDGE_CURVE('',#3114,#3115,#328,.F.);
#2429=EDGE_CURVE('',#3115,#3116,#3515,.F.);
#2430=EDGE_CURVE('',#3116,#3117,#329,.F.);
#2431=EDGE_CURVE('',#3117,#3118,#3516,.F.);
#2432=EDGE_CURVE('',#3118,#3119,#330,.F.);
#2433=EDGE_CURVE('',#3119,#3120,#3517,.F.);
#2434=EDGE_CURVE('',#3120,#3113,#331,.F.);
#2435=EDGE_CURVE('',#3121,#3122,#332,.T.);
#2436=EDGE_CURVE('',#3122,#3123,#3518,.T.);
#2437=EDGE_CURVE('',#3123,#3124,#3519,.T.);
#2438=EDGE_CURVE('',#3124,#3125,#468,.T.);
#2439=EDGE_CURVE('',#3125,#3126,#469,.T.);
#2440=EDGE_CURVE('',#3126,#3127,#470,.T.);
#2441=EDGE_CURVE('',#3127,#3128,#471,.T.);
#2442=EDGE_CURVE('',#3128,#3129,#472,.T.);
#2443=EDGE_CURVE('',#3129,#3130,#473,.T.);
#2444=EDGE_CURVE('',#3130,#3131,#474,.T.);
#2445=EDGE_CURVE('',#3131,#3132,#475,.T.);
#2446=EDGE_CURVE('',#3132,#3133,#3520,.T.);
#2447=EDGE_CURVE('',#3133,#3134,#3521,.T.);
#2448=EDGE_CURVE('',#3134,#3135,#3522,.T.);
#2449=EDGE_CURVE('',#3135,#3136,#476,.T.);
#2450=EDGE_CURVE('',#3136,#3137,#477,.T.);
#2451=EDGE_CURVE('',#3137,#3138,#478,.T.);
#2452=EDGE_CURVE('',#3138,#3139,#479,.T.);
#2453=EDGE_CURVE('',#3139,#3121,#3523,.T.);
#2454=EDGE_CURVE('',#3140,#3141,#3524,.T.);
#2455=EDGE_CURVE('',#3140,#3142,#333,.F.);
#2456=EDGE_CURVE('',#3142,#3143,#3525,.T.);
#2457=EDGE_CURVE('',#3143,#3144,#3526,.F.);
#2458=EDGE_CURVE('',#3144,#3145,#3527,.F.);
#2459=EDGE_CURVE('',#3145,#3146,#3528,.T.);
#2460=EDGE_CURVE('',#3146,#3147,#3529,.T.);
#2461=EDGE_CURVE('',#3147,#3148,#3530,.F.);
#2462=EDGE_CURVE('',#3149,#3148,#3531,.T.);
#2463=EDGE_CURVE('',#3149,#3141,#334,.F.);
#2464=EDGE_CURVE('',#3150,#3151,#3532,.F.);
#2465=EDGE_CURVE('',#3151,#3152,#3533,.T.);
#2466=EDGE_CURVE('',#3152,#3153,#3534,.T.);
#2467=EDGE_CURVE('',#3153,#3150,#3535,.F.);
#2468=EDGE_CURVE('',#3154,#3155,#3536,.T.);
#2469=EDGE_CURVE('',#3155,#3156,#3537,.F.);
#2470=EDGE_CURVE('',#3157,#3156,#3538,.T.);
#2471=EDGE_CURVE('',#3157,#3158,#335,.F.);
#2472=EDGE_CURVE('',#3159,#3158,#3539,.T.);
#2473=EDGE_CURVE('',#3159,#3160,#336,.F.);
#2474=EDGE_CURVE('',#3160,#3161,#3540,.T.);
#2475=EDGE_CURVE('',#3161,#3162,#3541,.F.);
#2476=EDGE_CURVE('',#3162,#3163,#3542,.F.);
#2477=EDGE_CURVE('',#3163,#3154,#3543,.T.);
#2478=EDGE_CURVE('',#3164,#3165,#3544,.T.);
#2479=EDGE_CURVE('',#3165,#3166,#3545,.F.);
#2480=EDGE_CURVE('',#3166,#3167,#3546,.F.);
#2481=EDGE_CURVE('',#3167,#3164,#3547,.T.);
#2482=EDGE_CURVE('',#3168,#3169,#337,.T.);
#2483=EDGE_CURVE('',#3168,#3170,#3548,.F.);
#2484=EDGE_CURVE('',#3170,#3171,#3549,.T.);
#2485=EDGE_CURVE('',#3171,#3172,#338,.T.);
#2486=EDGE_CURVE('',#3172,#3173,#3550,.T.);
#2487=EDGE_CURVE('',#3173,#3174,#339,.T.);
#2488=EDGE_CURVE('',#3174,#3175,#3551,.T.);
#2489=EDGE_CURVE('',#3175,#3176,#3552,.F.);
#2490=EDGE_CURVE('',#3177,#3176,#340,.T.);
#2491=EDGE_CURVE('',#3177,#3178,#3553,.F.);
#2492=EDGE_CURVE('',#3179,#3178,#341,.T.);
#2493=EDGE_CURVE('',#3179,#3180,#3554,.F.);
#2494=EDGE_CURVE('',#3180,#3181,#3555,.T.);
#2495=EDGE_CURVE('',#3181,#3182,#342,.T.);
#2496=EDGE_CURVE('',#3182,#3183,#3556,.T.);
#2497=EDGE_CURVE('',#3183,#3184,#343,.T.);
#2498=EDGE_CURVE('',#3184,#3185,#3557,.T.);
#2499=EDGE_CURVE('',#3185,#3186,#3558,.F.);
#2500=EDGE_CURVE('',#3187,#3186,#344,.T.);
#2501=EDGE_CURVE('',#3187,#3169,#3559,.F.);
#2502=EDGE_CURVE('',#3188,#3189,#3560,.T.);
#2503=EDGE_CURVE('',#3188,#3157,#3561,.F.);
#2504=EDGE_CURVE('',#3156,#3190,#345,.F.);
#2505=EDGE_CURVE('',#3190,#3189,#3562,.T.);
#2506=EDGE_CURVE('',#3191,#3192,#3563,.T.);
#2507=EDGE_CURVE('',#3191,#3188,#3564,.F.);
#2508=EDGE_CURVE('',#3189,#3192,#3565,.T.);
#2509=EDGE_CURVE('',#3160,#3191,#3566,.F.);
#2510=EDGE_CURVE('',#3192,#3193,#3567,.T.);
#2511=EDGE_CURVE('',#3193,#3161,#346,.F.);
#2512=EDGE_CURVE('',#3194,#3195,#3568,.T.);
#2513=EDGE_CURVE('',#3195,#3159,#3569,.T.);
#2514=EDGE_CURVE('',#3158,#3194,#3570,.T.);
#2515=EDGE_CURVE('',#3196,#3197,#3571,.T.);
#2516=EDGE_CURVE('',#3197,#3198,#3572,.T.);
#2517=EDGE_CURVE('',#3198,#3143,#347,.F.);
#2518=EDGE_CURVE('',#3142,#3196,#3573,.F.);
#2519=EDGE_CURVE('',#3148,#3199,#348,.F.);
#2520=EDGE_CURVE('',#3199,#3200,#3574,.T.);
#2521=EDGE_CURVE('',#3201,#3200,#3575,.T.);
#2522=EDGE_CURVE('',#3201,#3149,#3576,.F.);
#2523=EDGE_CURVE('',#3200,#3197,#3577,.T.);
#2524=EDGE_CURVE('',#3196,#3201,#3578,.F.);
#2525=EDGE_CURVE('',#3141,#3202,#3579,.T.);
#2526=EDGE_CURVE('',#3202,#3203,#3580,.T.);
#2527=EDGE_CURVE('',#3203,#3140,#3581,.T.);
#2528=EDGE_CURVE('',#3146,#3151,#349,.T.);
#2529=EDGE_CURVE('',#3150,#3147,#350,.F.);
#2530=EDGE_CURVE('',#3152,#3163,#351,.T.);
#2531=EDGE_CURVE('',#3162,#3153,#352,.F.);
#2532=EDGE_CURVE('',#3166,#3155,#353,.F.);
#2533=EDGE_CURVE('',#3154,#3167,#354,.T.);
#2534=EDGE_CURVE('',#3144,#3165,#355,.F.);
#2535=EDGE_CURVE('',#3164,#3145,#356,.T.);
#2536=EDGE_CURVE('',#3170,#3199,#480,.F.);
#2537=EDGE_CURVE('',#3171,#3147,#357,.T.);
#2538=EDGE_CURVE('',#3172,#3150,#358,.T.);
#2539=EDGE_CURVE('',#3173,#3153,#359,.T.);
#2540=EDGE_CURVE('',#3174,#3162,#360,.T.);
#2541=EDGE_CURVE('',#3193,#3175,#481,.T.);
#2542=EDGE_CURVE('',#3167,#3118,#361,.T.);
#2543=EDGE_CURVE('',#3119,#3154,#362,.T.);
#2544=EDGE_CURVE('',#3120,#3163,#363,.T.);
#2545=EDGE_CURVE('',#3164,#3117,#364,.T.);
#2546=EDGE_CURVE('',#3113,#3152,#365,.T.);
#2547=EDGE_CURVE('',#3145,#3116,#366,.T.);
#2548=EDGE_CURVE('',#3114,#3151,#367,.T.);
#2549=EDGE_CURVE('',#3146,#3115,#368,.T.);
#2550=EDGE_CURVE('',#3180,#3190,#482,.F.);
#2551=EDGE_CURVE('',#3181,#3155,#369,.T.);
#2552=EDGE_CURVE('',#3182,#3166,#370,.T.);
#2553=EDGE_CURVE('',#3183,#3165,#371,.T.);
#2554=EDGE_CURVE('',#3184,#3144,#372,.T.);
#2555=EDGE_CURVE('',#3198,#3185,#483,.T.);
#2556=EDGE_CURVE('',#3176,#3192,#373,.T.);
#2557=EDGE_CURVE('',#3177,#3192,#374,.F.);
#2558=EDGE_CURVE('',#3178,#3189,#375,.T.);
#2559=EDGE_CURVE('',#3179,#3189,#376,.F.);
#2560=EDGE_CURVE('',#3194,#3188,#81,.F.);
#2561=EDGE_CURVE('',#3195,#3191,#82,.F.);
#2562=EDGE_CURVE('',#3196,#3203,#83,.T.);
#2563=EDGE_CURVE('',#3201,#3202,#84,.T.);
#2564=EDGE_CURVE('',#3186,#3197,#377,.T.);
#2565=EDGE_CURVE('',#3187,#3197,#378,.F.);
#2566=EDGE_CURVE('',#3169,#3200,#379,.T.);
#2567=EDGE_CURVE('',#3168,#3200,#380,.F.);
#2568=EDGE_CURVE('',#3204,#3104,#3582,.T.);
#2569=EDGE_CURVE('',#3204,#3205,#484,.T.);
#2570=EDGE_CURVE('',#3205,#3105,#3583,.T.);
#2571=EDGE_CURVE('',#3205,#3206,#485,.T.);
#2572=EDGE_CURVE('',#3206,#3106,#3584,.T.);
#2573=EDGE_CURVE('',#3206,#3207,#381,.T.);
#2574=EDGE_CURVE('',#3207,#3107,#3585,.T.);
#2575=EDGE_CURVE('',#3207,#3208,#486,.T.);
#2576=EDGE_CURVE('',#3208,#3108,#3586,.T.);
#2577=EDGE_CURVE('',#3208,#3209,#487,.T.);
#2578=EDGE_CURVE('',#3209,#3109,#3587,.T.);
#2579=EDGE_CURVE('',#3209,#3210,#488,.T.);
#2580=EDGE_CURVE('',#3210,#3110,#3588,.T.);
#2581=EDGE_CURVE('',#3210,#3211,#489,.T.);
#2582=EDGE_CURVE('',#3211,#3111,#3589,.T.);
#2583=EDGE_CURVE('',#3211,#3212,#490,.T.);
#2584=EDGE_CURVE('',#3212,#3112,#3590,.T.);
#2585=EDGE_CURVE('',#3212,#3213,#491,.T.);
#2586=EDGE_CURVE('',#3213,#3103,#3591,.T.);
#2587=EDGE_CURVE('',#3214,#3215,#382,.T.);
#2588=EDGE_CURVE('',#3216,#3214,#3592,.T.);
#2589=EDGE_CURVE('',#3216,#3217,#383,.T.);
#2590=EDGE_CURVE('',#3217,#3215,#3593,.T.);
#2591=EDGE_CURVE('',#3213,#3204,#492,.T.);
#2592=EDGE_CURVE('',#3215,#3214,#493,.T.);
#2593=EDGE_CURVE('',#3217,#3216,#494,.T.);
#2594=EDGE_CURVE('',#3218,#3218,#495,.T.);
#2595=EDGE_CURVE('',#3219,#3219,#496,.T.);
#2596=EDGE_CURVE('',#3220,#3083,#3594,.T.);
#2597=EDGE_CURVE('',#3220,#3221,#3595,.T.);
#2598=EDGE_CURVE('',#3221,#3084,#3596,.T.);
#2599=EDGE_CURVE('',#3221,#3222,#3597,.T.);
#2600=EDGE_CURVE('',#3222,#3085,#3598,.T.);
#2601=EDGE_CURVE('',#3222,#3223,#3599,.T.);
#2602=EDGE_CURVE('',#3223,#3086,#3600,.T.);
#2603=EDGE_CURVE('',#3223,#3224,#497,.T.);
#2604=EDGE_CURVE('',#3224,#3087,#3601,.T.);
#2605=EDGE_CURVE('',#3224,#3225,#498,.T.);
#2606=EDGE_CURVE('',#3225,#3088,#3602,.T.);
#2607=EDGE_CURVE('',#3225,#3226,#3603,.T.);
#2608=EDGE_CURVE('',#3226,#3089,#3604,.T.);
#2609=EDGE_CURVE('',#3226,#3227,#499,.T.);
#2610=EDGE_CURVE('',#3227,#3090,#3605,.T.);
#2611=EDGE_CURVE('',#3227,#3228,#3606,.T.);
#2612=EDGE_CURVE('',#3228,#3091,#3607,.T.);
#2613=EDGE_CURVE('',#3228,#3229,#3608,.T.);
#2614=EDGE_CURVE('',#3229,#3092,#3609,.T.);
#2615=EDGE_CURVE('',#3229,#3230,#500,.T.);
#2616=EDGE_CURVE('',#3230,#3093,#3610,.T.);
#2617=EDGE_CURVE('',#3230,#3231,#501,.T.);
#2618=EDGE_CURVE('',#3231,#3094,#3611,.T.);
#2619=EDGE_CURVE('',#3231,#3232,#502,.T.);
#2620=EDGE_CURVE('',#3232,#3095,#3612,.T.);
#2621=EDGE_CURVE('',#3232,#3233,#3613,.T.);
#2622=EDGE_CURVE('',#3233,#3096,#3614,.T.);
#2623=EDGE_CURVE('',#3233,#3234,#3615,.T.);
#2624=EDGE_CURVE('',#3234,#3097,#3616,.T.);
#2625=EDGE_CURVE('',#3234,#3235,#3617,.T.);
#2626=EDGE_CURVE('',#3235,#3098,#3618,.T.);
#2627=EDGE_CURVE('',#3235,#3236,#503,.T.);
#2628=EDGE_CURVE('',#3236,#3099,#3619,.T.);
#2629=EDGE_CURVE('',#3236,#3237,#504,.T.);
#2630=EDGE_CURVE('',#3237,#3100,#3620,.T.);
#2631=EDGE_CURVE('',#3237,#3238,#505,.T.);
#2632=EDGE_CURVE('',#3238,#3101,#3621,.T.);
#2633=EDGE_CURVE('',#3238,#3239,#506,.T.);
#2634=EDGE_CURVE('',#3239,#3102,#3622,.T.);
#2635=EDGE_CURVE('',#3239,#3240,#507,.T.);
#2636=EDGE_CURVE('',#3240,#3082,#3623,.T.);
#2637=EDGE_CURVE('',#3240,#3220,#508,.T.);
#2638=EDGE_CURVE('',#3241,#3241,#509,.T.);
#2639=EDGE_CURVE('',#3242,#3068,#3624,.T.);
#2640=EDGE_CURVE('',#3242,#3243,#3625,.T.);
#2641=EDGE_CURVE('',#3243,#3069,#3626,.T.);
#2642=EDGE_CURVE('',#3243,#3244,#510,.T.);
#2643=EDGE_CURVE('',#3244,#3070,#3627,.T.);
#2644=EDGE_CURVE('',#3244,#3245,#511,.T.);
#2645=EDGE_CURVE('',#3245,#3071,#3628,.T.);
#2646=EDGE_CURVE('',#3245,#3246,#512,.T.);
#2647=EDGE_CURVE('',#3246,#3072,#3629,.T.);
#2648=EDGE_CURVE('',#3246,#3247,#513,.T.);
#2649=EDGE_CURVE('',#3247,#3073,#3630,.T.);
#2650=EDGE_CURVE('',#3247,#3248,#3631,.T.);
#2651=EDGE_CURVE('',#3248,#3074,#3632,.T.);
#2652=EDGE_CURVE('',#3248,#3249,#514,.T.);
#2653=EDGE_CURVE('',#3249,#3075,#3633,.T.);
#2654=EDGE_CURVE('',#3249,#3250,#3634,.T.);
#2655=EDGE_CURVE('',#3250,#3076,#3635,.T.);
#2656=EDGE_CURVE('',#3250,#3251,#515,.T.);
#2657=EDGE_CURVE('',#3251,#3077,#3636,.T.);
#2658=EDGE_CURVE('',#3251,#3252,#516,.T.);
#2659=EDGE_CURVE('',#3252,#3078,#3637,.T.);
#2660=EDGE_CURVE('',#3252,#3253,#517,.T.);
#2661=EDGE_CURVE('',#3253,#3079,#3638,.T.);
#2662=EDGE_CURVE('',#3253,#3254,#518,.T.);
#2663=EDGE_CURVE('',#3254,#3080,#3639,.T.);
#2664=EDGE_CURVE('',#3254,#3255,#3640,.T.);
#2665=EDGE_CURVE('',#3255,#3067,#3641,.T.);
#2666=EDGE_CURVE('',#3255,#3242,#3642,.T.);
#2667=EDGE_CURVE('',#3256,#3040,#3643,.T.);
#2668=EDGE_CURVE('',#3256,#3257,#3644,.T.);
#2669=EDGE_CURVE('',#3257,#3041,#3645,.T.);
#2670=EDGE_CURVE('',#3257,#3258,#519,.T.);
#2671=EDGE_CURVE('',#3258,#3042,#3646,.T.);
#2672=EDGE_CURVE('',#3258,#3259,#520,.T.);
#2673=EDGE_CURVE('',#3259,#3043,#3647,.T.);
#2674=EDGE_CURVE('',#3259,#3260,#521,.T.);
#2675=EDGE_CURVE('',#3260,#3044,#3648,.T.);
#2676=EDGE_CURVE('',#3260,#3261,#522,.T.);
#2677=EDGE_CURVE('',#3261,#3045,#3649,.T.);
#2678=EDGE_CURVE('',#3261,#3262,#3650,.T.);
#2679=EDGE_CURVE('',#3262,#3046,#3651,.T.);
#2680=EDGE_CURVE('',#3262,#3263,#3652,.T.);
#2681=EDGE_CURVE('',#3263,#3047,#3653,.T.);
#2682=EDGE_CURVE('',#3263,#3264,#3654,.T.);
#2683=EDGE_CURVE('',#3264,#3048,#3655,.T.);
#2684=EDGE_CURVE('',#3264,#3265,#523,.T.);
#2685=EDGE_CURVE('',#3265,#3049,#3656,.T.);
#2686=EDGE_CURVE('',#3265,#3266,#3657,.T.);
#2687=EDGE_CURVE('',#3266,#3050,#3658,.T.);
#2688=EDGE_CURVE('',#3266,#3267,#524,.T.);
#2689=EDGE_CURVE('',#3267,#3051,#3659,.T.);
#2690=EDGE_CURVE('',#3267,#3268,#525,.T.);
#2691=EDGE_CURVE('',#3268,#3052,#3660,.T.);
#2692=EDGE_CURVE('',#3268,#3269,#526,.T.);
#2693=EDGE_CURVE('',#3269,#3053,#3661,.T.);
#2694=EDGE_CURVE('',#3269,#3270,#3662,.T.);
#2695=EDGE_CURVE('',#3270,#3054,#3663,.T.);
#2696=EDGE_CURVE('',#3270,#3271,#3664,.T.);
#2697=EDGE_CURVE('',#3271,#3055,#3665,.T.);
#2698=EDGE_CURVE('',#3271,#3272,#3666,.T.);
#2699=EDGE_CURVE('',#3272,#3056,#3667,.T.);
#2700=EDGE_CURVE('',#3272,#3273,#527,.T.);
#2701=EDGE_CURVE('',#3273,#3057,#3668,.T.);
#2702=EDGE_CURVE('',#3273,#3274,#528,.T.);
#2703=EDGE_CURVE('',#3274,#3058,#3669,.T.);
#2704=EDGE_CURVE('',#3274,#3275,#529,.T.);
#2705=EDGE_CURVE('',#3275,#3059,#3670,.T.);
#2706=EDGE_CURVE('',#3275,#3276,#530,.T.);
#2707=EDGE_CURVE('',#3276,#3060,#3671,.T.);
#2708=EDGE_CURVE('',#3276,#3277,#3672,.T.);
#2709=EDGE_CURVE('',#3277,#3061,#3673,.T.);
#2710=EDGE_CURVE('',#3277,#3278,#531,.T.);
#2711=EDGE_CURVE('',#3278,#3062,#3674,.T.);
#2712=EDGE_CURVE('',#3278,#3279,#3675,.T.);
#2713=EDGE_CURVE('',#3279,#3063,#3676,.T.);
#2714=EDGE_CURVE('',#3279,#3280,#3677,.T.);
#2715=EDGE_CURVE('',#3280,#3064,#3678,.T.);
#2716=EDGE_CURVE('',#3280,#3281,#3679,.T.);
#2717=EDGE_CURVE('',#3281,#3065,#3680,.T.);
#2718=EDGE_CURVE('',#3281,#3282,#532,.T.);
#2719=EDGE_CURVE('',#3282,#3066,#3681,.T.);
#2720=EDGE_CURVE('',#3282,#3283,#3682,.T.);
#2721=EDGE_CURVE('',#3283,#3039,#3683,.T.);
#2722=EDGE_CURVE('',#3283,#3256,#3684,.T.);
#2723=EDGE_CURVE('',#3284,#3122,#3685,.T.);
#2724=EDGE_CURVE('',#3284,#3285,#3686,.T.);
#2725=EDGE_CURVE('',#3285,#3123,#3687,.T.);
#2726=EDGE_CURVE('',#3285,#3286,#3688,.T.);
#2727=EDGE_CURVE('',#3286,#3124,#3689,.T.);
#2728=EDGE_CURVE('',#3286,#3287,#533,.T.);
#2729=EDGE_CURVE('',#3287,#3125,#3690,.T.);
#2730=EDGE_CURVE('',#3287,#3288,#534,.T.);
#2731=EDGE_CURVE('',#3288,#3126,#3691,.T.);
#2732=EDGE_CURVE('',#3288,#3289,#535,.T.);
#2733=EDGE_CURVE('',#3289,#3127,#3692,.T.);
#2734=EDGE_CURVE('',#3289,#3290,#536,.T.);
#2735=EDGE_CURVE('',#3290,#3128,#3693,.T.);
#2736=EDGE_CURVE('',#3290,#3291,#537,.T.);
#2737=EDGE_CURVE('',#3291,#3129,#3694,.T.);
#2738=EDGE_CURVE('',#3291,#3292,#538,.T.);
#2739=EDGE_CURVE('',#3292,#3130,#3695,.T.);
#2740=EDGE_CURVE('',#3292,#3293,#539,.T.);
#2741=EDGE_CURVE('',#3293,#3131,#3696,.T.);
#2742=EDGE_CURVE('',#3293,#3294,#540,.T.);
#2743=EDGE_CURVE('',#3294,#3132,#3697,.T.);
#2744=EDGE_CURVE('',#3294,#3295,#3698,.T.);
#2745=EDGE_CURVE('',#3295,#3133,#3699,.T.);
#2746=EDGE_CURVE('',#3295,#3296,#3700,.T.);
#2747=EDGE_CURVE('',#3296,#3134,#3701,.T.);
#2748=EDGE_CURVE('',#3296,#3297,#3702,.T.);
#2749=EDGE_CURVE('',#3297,#3135,#3703,.T.);
#2750=EDGE_CURVE('',#3297,#3298,#541,.T.);
#2751=EDGE_CURVE('',#3298,#3136,#3704,.T.);
#2752=EDGE_CURVE('',#3298,#3299,#542,.T.);
#2753=EDGE_CURVE('',#3299,#3137,#3705,.T.);
#2754=EDGE_CURVE('',#3299,#3300,#543,.T.);
#2755=EDGE_CURVE('',#3300,#3138,#3706,.T.);
#2756=EDGE_CURVE('',#3300,#3301,#544,.T.);
#2757=EDGE_CURVE('',#3301,#3139,#3707,.T.);
#2758=EDGE_CURVE('',#3301,#3302,#3708,.T.);
#2759=EDGE_CURVE('',#3302,#3121,#3709,.T.);
#2760=EDGE_CURVE('',#3302,#3284,#384,.T.);
#2761=EDGE_CURVE('',#3303,#3033,#3710,.T.);
#2762=EDGE_CURVE('',#3303,#3304,#545,.T.);
#2763=EDGE_CURVE('',#3304,#3034,#3711,.T.);
#2764=EDGE_CURVE('',#3304,#3305,#546,.T.);
#2765=EDGE_CURVE('',#3305,#3035,#3712,.T.);
#2766=EDGE_CURVE('',#3305,#3306,#547,.T.);
#2767=EDGE_CURVE('',#3306,#3036,#3713,.T.);
#2768=EDGE_CURVE('',#3306,#3307,#548,.T.);
#2769=EDGE_CURVE('',#3307,#3037,#3714,.T.);
#2770=EDGE_CURVE('',#3307,#3308,#549,.T.);
#2771=EDGE_CURVE('',#3308,#3038,#3715,.T.);
#2772=EDGE_CURVE('',#3308,#3309,#550,.T.);
#2773=EDGE_CURVE('',#3309,#3032,#3716,.T.);
#2774=EDGE_CURVE('',#3310,#3311,#551,.T.);
#2775=EDGE_CURVE('',#3312,#3310,#3717,.T.);
#2776=EDGE_CURVE('',#3312,#3313,#552,.T.);
#2777=EDGE_CURVE('',#3313,#3311,#3718,.T.);
#2778=EDGE_CURVE('',#3311,#3314,#3719,.T.);
#2779=EDGE_CURVE('',#3313,#3315,#3720,.T.);
#2780=EDGE_CURVE('',#3315,#3314,#3721,.T.);
#2781=EDGE_CURVE('',#3314,#3310,#553,.T.);
#2782=EDGE_CURVE('',#3315,#3312,#554,.T.);
#2783=EDGE_CURVE('',#3309,#3303,#3722,.T.);
#2784=EDGE_CURVE('',#3316,#3000,#3723,.T.);
#2785=EDGE_CURVE('',#3316,#3317,#3724,.T.);
#2786=EDGE_CURVE('',#3317,#3001,#3725,.T.);
#2787=EDGE_CURVE('',#3317,#3318,#555,.T.);
#2788=EDGE_CURVE('',#3318,#3002,#3726,.T.);
#2789=EDGE_CURVE('',#3318,#3319,#556,.T.);
#2790=EDGE_CURVE('',#3319,#3003,#3727,.T.);
#2791=EDGE_CURVE('',#3319,#3320,#557,.T.);
#2792=EDGE_CURVE('',#3320,#3004,#3728,.T.);
#2793=EDGE_CURVE('',#3320,#3321,#558,.T.);
#2794=EDGE_CURVE('',#3321,#3005,#3729,.T.);
#2795=EDGE_CURVE('',#3321,#3322,#559,.T.);
#2796=EDGE_CURVE('',#3322,#3006,#3730,.T.);
#2797=EDGE_CURVE('',#3322,#3323,#560,.T.);
#2798=EDGE_CURVE('',#3323,#3007,#3731,.T.);
#2799=EDGE_CURVE('',#3323,#3324,#561,.T.);
#2800=EDGE_CURVE('',#3324,#3008,#3732,.T.);
#2801=EDGE_CURVE('',#3324,#3325,#3733,.T.);
#2802=EDGE_CURVE('',#3325,#3009,#3734,.T.);
#2803=EDGE_CURVE('',#3325,#3326,#3735,.T.);
#2804=EDGE_CURVE('',#3326,#3010,#3736,.T.);
#2805=EDGE_CURVE('',#3326,#3327,#3737,.T.);
#2806=EDGE_CURVE('',#3327,#3011,#3738,.T.);
#2807=EDGE_CURVE('',#3327,#3328,#562,.T.);
#2808=EDGE_CURVE('',#3328,#3012,#3739,.T.);
#2809=EDGE_CURVE('',#3328,#3329,#563,.T.);
#2810=EDGE_CURVE('',#3329,#3013,#3740,.T.);
#2811=EDGE_CURVE('',#3329,#3330,#3741,.T.);
#2812=EDGE_CURVE('',#3330,#3014,#3742,.T.);
#2813=EDGE_CURVE('',#3330,#3331,#3743,.T.);
#2814=EDGE_CURVE('',#3331,#3015,#3744,.T.);
#2815=EDGE_CURVE('',#3331,#3332,#3745,.T.);
#2816=EDGE_CURVE('',#3332,#3016,#3746,.T.);
#2817=EDGE_CURVE('',#3332,#3333,#3747,.T.);
#2818=EDGE_CURVE('',#3333,#3017,#3748,.T.);
#2819=EDGE_CURVE('',#3333,#3334,#3749,.T.);
#2820=EDGE_CURVE('',#3334,#3018,#3750,.T.);
#2821=EDGE_CURVE('',#3334,#3335,#564,.T.);
#2822=EDGE_CURVE('',#3335,#3019,#3751,.T.);
#2823=EDGE_CURVE('',#3335,#3336,#565,.T.);
#2824=EDGE_CURVE('',#3336,#3020,#3752,.T.);
#2825=EDGE_CURVE('',#3336,#3337,#566,.T.);
#2826=EDGE_CURVE('',#3337,#3021,#3753,.T.);
#2827=EDGE_CURVE('',#3337,#3338,#3754,.T.);
#2828=EDGE_CURVE('',#3338,#3022,#3755,.T.);
#2829=EDGE_CURVE('',#3338,#3339,#3756,.T.);
#2830=EDGE_CURVE('',#3339,#3023,#3757,.T.);
#2831=EDGE_CURVE('',#3339,#3340,#3758,.T.);
#2832=EDGE_CURVE('',#3340,#3024,#3759,.T.);
#2833=EDGE_CURVE('',#3340,#3341,#567,.T.);
#2834=EDGE_CURVE('',#3341,#3025,#3760,.T.);
#2835=EDGE_CURVE('',#3341,#3342,#568,.T.);
#2836=EDGE_CURVE('',#3342,#3026,#3761,.T.);
#2837=EDGE_CURVE('',#3342,#3343,#569,.T.);
#2838=EDGE_CURVE('',#3343,#3027,#3762,.T.);
#2839=EDGE_CURVE('',#3343,#3344,#3763,.T.);
#2840=EDGE_CURVE('',#3344,#3028,#3764,.T.);
#2841=EDGE_CURVE('',#3344,#3345,#3765,.T.);
#2842=EDGE_CURVE('',#3345,#3029,#3766,.T.);
#2843=EDGE_CURVE('',#3345,#3346,#3767,.T.);
#2844=EDGE_CURVE('',#3346,#3030,#3768,.T.);
#2845=EDGE_CURVE('',#3346,#3347,#3769,.T.);
#2846=EDGE_CURVE('',#3347,#3031,#3770,.T.);
#2847=EDGE_CURVE('',#3347,#3348,#3771,.T.);
#2848=EDGE_CURVE('',#3348,#2999,#3772,.T.);
#2849=EDGE_CURVE('',#3348,#3316,#3773,.T.);
#2850=VERTEX_POINT('',#8710);
#2851=VERTEX_POINT('',#8711);
#2852=VERTEX_POINT('',#8716);
#2853=VERTEX_POINT('',#8718);
#2854=VERTEX_POINT('',#8720);
#2855=VERTEX_POINT('',#8724);
#2856=VERTEX_POINT('',#8725);
#2857=VERTEX_POINT('',#8727);
#2858=VERTEX_POINT('',#8730);
#2859=VERTEX_POINT('',#8732);
#2860=VERTEX_POINT('',#8734);
#2861=VERTEX_POINT('',#8738);
#2862=VERTEX_POINT('',#8740);
#2863=VERTEX_POINT('',#8742);
#2864=VERTEX_POINT('',#8744);
#2865=VERTEX_POINT('',#8746);
#2866=VERTEX_POINT('',#8748);
#2867=VERTEX_POINT('',#8752);
#2868=VERTEX_POINT('',#8753);
#2869=VERTEX_POINT('',#8755);
#2870=VERTEX_POINT('',#8757);
#2871=VERTEX_POINT('',#8759);
#2872=VERTEX_POINT('',#8761);
#2873=VERTEX_POINT('',#8763);
#2874=VERTEX_POINT('',#8765);
#2875=VERTEX_POINT('',#8769);
#2876=VERTEX_POINT('',#8770);
#2877=VERTEX_POINT('',#8775);
#2878=VERTEX_POINT('',#8780);
#2879=VERTEX_POINT('',#8781);
#2880=VERTEX_POINT('',#8784);
#2881=VERTEX_POINT('',#8786);
#2882=VERTEX_POINT('',#8788);
#2883=VERTEX_POINT('',#8790);
#2884=VERTEX_POINT('',#8794);
#2885=VERTEX_POINT('',#8795);
#2886=VERTEX_POINT('',#8797);
#2887=VERTEX_POINT('',#8799);
#2888=VERTEX_POINT('',#8801);
#2889=VERTEX_POINT('',#8803);
#2890=VERTEX_POINT('',#8805);
#2891=VERTEX_POINT('',#8809);
#2892=VERTEX_POINT('',#8810);
#2893=VERTEX_POINT('',#8812);
#2894=VERTEX_POINT('',#8814);
#2895=VERTEX_POINT('',#8816);
#2896=VERTEX_POINT('',#8818);
#2897=VERTEX_POINT('',#8820);
#2898=VERTEX_POINT('',#8823);
#2899=VERTEX_POINT('',#8825);
#2900=VERTEX_POINT('',#8827);
#2901=VERTEX_POINT('',#8829);
#2902=VERTEX_POINT('',#8833);
#2903=VERTEX_POINT('',#8840);
#2904=VERTEX_POINT('',#8841);
#2905=VERTEX_POINT('',#8849);
#2906=VERTEX_POINT('',#8851);
#2907=VERTEX_POINT('',#8855);
#2908=VERTEX_POINT('',#8860);
#2909=VERTEX_POINT('',#8872);
#2910=VERTEX_POINT('',#8873);
#2911=VERTEX_POINT('',#8875);
#2912=VERTEX_POINT('',#8877);
#2913=VERTEX_POINT('',#8879);
#2914=VERTEX_POINT('',#8881);
#2915=VERTEX_POINT('',#8884);
#2916=VERTEX_POINT('',#8886);
#2917=VERTEX_POINT('',#8888);
#2918=VERTEX_POINT('',#8892);
#2919=VERTEX_POINT('',#8894);
#2920=VERTEX_POINT('',#8896);
#2921=VERTEX_POINT('',#8898);
#2922=VERTEX_POINT('',#8903);
#2923=VERTEX_POINT('',#8906);
#2924=VERTEX_POINT('',#8908);
#2925=VERTEX_POINT('',#8912);
#2926=VERTEX_POINT('',#8914);
#2927=VERTEX_POINT('',#8916);
#2928=VERTEX_POINT('',#8918);
#2929=VERTEX_POINT('',#8940);
#2930=VERTEX_POINT('',#8970);
#2931=VERTEX_POINT('',#8997);
#2932=VERTEX_POINT('',#8999);
#2933=VERTEX_POINT('',#9003);
#2934=VERTEX_POINT('',#9004);
#2935=VERTEX_POINT('',#9009);
#2936=VERTEX_POINT('',#9011);
#2937=VERTEX_POINT('',#9013);
#2938=VERTEX_POINT('',#9017);
#2939=VERTEX_POINT('',#9022);
#2940=VERTEX_POINT('',#9024);
#2941=VERTEX_POINT('',#9036);
#2942=VERTEX_POINT('',#9037);
#2943=VERTEX_POINT('',#9039);
#2944=VERTEX_POINT('',#9041);
#2945=VERTEX_POINT('',#9043);
#2946=VERTEX_POINT('',#9045);
#2947=VERTEX_POINT('',#9047);
#2948=VERTEX_POINT('',#9049);
#2949=VERTEX_POINT('',#9051);
#2950=VERTEX_POINT('',#9056);
#2951=VERTEX_POINT('',#9057);
#2952=VERTEX_POINT('',#9059);
#2953=VERTEX_POINT('',#9061);
#2954=VERTEX_POINT('',#9063);
#2955=VERTEX_POINT('',#9066);
#2956=VERTEX_POINT('',#9070);
#2957=VERTEX_POINT('',#9071);
#2958=VERTEX_POINT('',#9074);
#2959=VERTEX_POINT('',#9076);
#2960=VERTEX_POINT('',#9078);
#2961=VERTEX_POINT('',#9080);
#2962=VERTEX_POINT('',#9082);
#2963=VERTEX_POINT('',#9084);
#2964=VERTEX_POINT('',#9086);
#2965=VERTEX_POINT('',#9088);
#2966=VERTEX_POINT('',#9090);
#2967=VERTEX_POINT('',#9094);
#2968=VERTEX_POINT('',#9096);
#2969=VERTEX_POINT('',#9100);
#2970=VERTEX_POINT('',#9108);
#2971=VERTEX_POINT('',#9112);
#2972=VERTEX_POINT('',#9118);
#2973=VERTEX_POINT('',#9120);
#2974=VERTEX_POINT('',#9127);
#2975=VERTEX_POINT('',#9129);
#2976=VERTEX_POINT('',#9131);
#2977=VERTEX_POINT('',#9133);
#2978=VERTEX_POINT('',#9329);
#2979=VERTEX_POINT('',#9802);
#2980=VERTEX_POINT('',#9833);
#2981=VERTEX_POINT('',#9887);
#2982=VERTEX_POINT('',#9889);
#2983=VERTEX_POINT('',#10277);
#2984=VERTEX_POINT('',#10279);
#2985=VERTEX_POINT('',#10283);
#2986=VERTEX_POINT('',#10284);
#2987=VERTEX_POINT('',#10286);
#2988=VERTEX_POINT('',#10292);
#2989=VERTEX_POINT('',#10294);
#2990=VERTEX_POINT('',#10296);
#2991=VERTEX_POINT('',#10301);
#2992=VERTEX_POINT('',#10302);
#2993=VERTEX_POINT('',#10306);
#2994=VERTEX_POINT('',#10308);
#2995=VERTEX_POINT('',#10312);
#2996=VERTEX_POINT('',#10313);
#2997=VERTEX_POINT('',#10315);
#2998=VERTEX_POINT('',#10317);
#2999=VERTEX_POINT('',#10391);
#3000=VERTEX_POINT('',#10392);
#3001=VERTEX_POINT('',#10394);
#3002=VERTEX_POINT('',#10399);
#3003=VERTEX_POINT('',#10404);
#3004=VERTEX_POINT('',#10409);
#3005=VERTEX_POINT('',#10414);
#3006=VERTEX_POINT('',#10419);
#3007=VERTEX_POINT('',#10424);
#3008=VERTEX_POINT('',#10429);
#3009=VERTEX_POINT('',#10431);
#3010=VERTEX_POINT('',#10433);
#3011=VERTEX_POINT('',#10435);
#3012=VERTEX_POINT('',#10446);
#3013=VERTEX_POINT('',#10451);
#3014=VERTEX_POINT('',#10453);
#3015=VERTEX_POINT('',#10455);
#3016=VERTEX_POINT('',#10457);
#3017=VERTEX_POINT('',#10459);
#3018=VERTEX_POINT('',#10461);
#3019=VERTEX_POINT('',#10466);
#3020=VERTEX_POINT('',#10473);
#3021=VERTEX_POINT('',#10478);
#3022=VERTEX_POINT('',#10480);
#3023=VERTEX_POINT('',#10482);
#3024=VERTEX_POINT('',#10484);
#3025=VERTEX_POINT('',#10494);
#3026=VERTEX_POINT('',#10499);
#3027=VERTEX_POINT('',#10509);
#3028=VERTEX_POINT('',#10511);
#3029=VERTEX_POINT('',#10513);
#3030=VERTEX_POINT('',#10515);
#3031=VERTEX_POINT('',#10517);
#3032=VERTEX_POINT('',#10520);
#3033=VERTEX_POINT('',#10521);
#3034=VERTEX_POINT('',#10534);
#3035=VERTEX_POINT('',#10542);
#3036=VERTEX_POINT('',#10554);
#3037=VERTEX_POINT('',#10570);
#3038=VERTEX_POINT('',#10577);
#3039=VERTEX_POINT('',#10608);
#3040=VERTEX_POINT('',#10609);
#3041=VERTEX_POINT('',#10611);
#3042=VERTEX_POINT('',#10616);
#3043=VERTEX_POINT('',#10626);
#3044=VERTEX_POINT('',#10634);
#3045=VERTEX_POINT('',#10642);
#3046=VERTEX_POINT('',#10644);
#3047=VERTEX_POINT('',#10646);
#3048=VERTEX_POINT('',#10648);
#3049=VERTEX_POINT('',#10661);
#3050=VERTEX_POINT('',#10663);
#3051=VERTEX_POINT('',#10668);
#3052=VERTEX_POINT('',#10675);
#3053=VERTEX_POINT('',#10680);
#3054=VERTEX_POINT('',#10682);
#3055=VERTEX_POINT('',#10684);
#3056=VERTEX_POINT('',#10686);
#3057=VERTEX_POINT('',#10696);
#3058=VERTEX_POINT('',#10701);
#3059=VERTEX_POINT('',#10706);
#3060=VERTEX_POINT('',#10714);
#3061=VERTEX_POINT('',#10716);
#3062=VERTEX_POINT('',#10727);
#3063=VERTEX_POINT('',#10729);
#3064=VERTEX_POINT('',#10731);
#3065=VERTEX_POINT('',#10733);
#3066=VERTEX_POINT('',#10744);
#3067=VERTEX_POINT('',#10747);
#3068=VERTEX_POINT('',#10748);
#3069=VERTEX_POINT('',#10750);
#3070=VERTEX_POINT('',#10760);
#3071=VERTEX_POINT('',#10765);
#3072=VERTEX_POINT('',#10770);
#3073=VERTEX_POINT('',#10778);
#3074=VERTEX_POINT('',#10780);
#3075=VERTEX_POINT('',#10791);
#3076=VERTEX_POINT('',#10793);
#3077=VERTEX_POINT('',#10798);
#3078=VERTEX_POINT('',#10803);
#3079=VERTEX_POINT('',#10808);
#3080=VERTEX_POINT('',#10813);
#3081=VERTEX_POINT('',#10837);
#3082=VERTEX_POINT('',#10842);
#3083=VERTEX_POINT('',#10843);
#3084=VERTEX_POINT('',#10845);
#3085=VERTEX_POINT('',#10847);
#3086=VERTEX_POINT('',#10849);
#3087=VERTEX_POINT('',#10860);
#3088=VERTEX_POINT('',#10874);
#3089=VERTEX_POINT('',#10876);
#3090=VERTEX_POINT('',#10887);
#3091=VERTEX_POINT('',#10889);
#3092=VERTEX_POINT('',#10891);
#3093=VERTEX_POINT('',#10907);
#3094=VERTEX_POINT('',#10914);
#3095=VERTEX_POINT('',#10919);
#3096=VERTEX_POINT('',#10921);
#3097=VERTEX_POINT('',#10923);
#3098=VERTEX_POINT('',#10925);
#3099=VERTEX_POINT('',#10935);
#3100=VERTEX_POINT('',#10950);
#3101=VERTEX_POINT('',#10955);
#3102=VERTEX_POINT('',#10960);
#3103=VERTEX_POINT('',#10982);
#3104=VERTEX_POINT('',#10983);
#3105=VERTEX_POINT('',#10988);
#3106=VERTEX_POINT('',#10996);
#3107=VERTEX_POINT('',#10998);
#3108=VERTEX_POINT('',#11021);
#3109=VERTEX_POINT('',#11033);
#3110=VERTEX_POINT('',#11051);
#3111=VERTEX_POINT('',#11071);
#3112=VERTEX_POINT('',#11076);
#3113=VERTEX_POINT('',#11082);
#3114=VERTEX_POINT('',#11083);
#3115=VERTEX_POINT('',#11085);
#3116=VERTEX_POINT('',#11087);
#3117=VERTEX_POINT('',#11089);
#3118=VERTEX_POINT('',#11091);
#3119=VERTEX_POINT('',#11093);
#3120=VERTEX_POINT('',#11095);
#3121=VERTEX_POINT('',#11098);
#3122=VERTEX_POINT('',#11099);
#3123=VERTEX_POINT('',#11101);
#3124=VERTEX_POINT('',#11103);
#3125=VERTEX_POINT('',#11117);
#3126=VERTEX_POINT('',#11124);
#3127=VERTEX_POINT('',#11129);
#3128=VERTEX_POINT('',#11141);
#3129=VERTEX_POINT('',#11146);
#3130=VERTEX_POINT('',#11151);
#3131=VERTEX_POINT('',#11156);
#3132=VERTEX_POINT('',#11161);
#3133=VERTEX_POINT('',#11163);
#3134=VERTEX_POINT('',#11165);
#3135=VERTEX_POINT('',#11167);
#3136=VERTEX_POINT('',#11178);
#3137=VERTEX_POINT('',#11183);
#3138=VERTEX_POINT('',#11188);
#3139=VERTEX_POINT('',#11196);
#3140=VERTEX_POINT('',#11200);
#3141=VERTEX_POINT('',#11201);
#3142=VERTEX_POINT('',#11203);
#3143=VERTEX_POINT('',#11205);
#3144=VERTEX_POINT('',#11207);
#3145=VERTEX_POINT('',#11209);
#3146=VERTEX_POINT('',#11211);
#3147=VERTEX_POINT('',#11213);
#3148=VERTEX_POINT('',#11215);
#3149=VERTEX_POINT('',#11217);
#3150=VERTEX_POINT('',#11221);
#3151=VERTEX_POINT('',#11222);
#3152=VERTEX_POINT('',#11224);
#3153=VERTEX_POINT('',#11226);
#3154=VERTEX_POINT('',#11230);
#3155=VERTEX_POINT('',#11231);
#3156=VERTEX_POINT('',#11233);
#3157=VERTEX_POINT('',#11235);
#3158=VERTEX_POINT('',#11237);
#3159=VERTEX_POINT('',#11239);
#3160=VERTEX_POINT('',#11241);
#3161=VERTEX_POINT('',#11243);
#3162=VERTEX_POINT('',#11245);
#3163=VERTEX_POINT('',#11247);
#3164=VERTEX_POINT('',#11251);
#3165=VERTEX_POINT('',#11252);
#3166=VERTEX_POINT('',#11254);
#3167=VERTEX_POINT('',#11256);
#3168=VERTEX_POINT('',#11260);
#3169=VERTEX_POINT('',#11261);
#3170=VERTEX_POINT('',#11263);
#3171=VERTEX_POINT('',#11265);
#3172=VERTEX_POINT('',#11267);
#3173=VERTEX_POINT('',#11269);
#3174=VERTEX_POINT('',#11271);
#3175=VERTEX_POINT('',#11273);
#3176=VERTEX_POINT('',#11275);
#3177=VERTEX_POINT('',#11277);
#3178=VERTEX_POINT('',#11279);
#3179=VERTEX_POINT('',#11281);
#3180=VERTEX_POINT('',#11283);
#3181=VERTEX_POINT('',#11285);
#3182=VERTEX_POINT('',#11287);
#3183=VERTEX_POINT('',#11289);
#3184=VERTEX_POINT('',#11291);
#3185=VERTEX_POINT('',#11293);
#3186=VERTEX_POINT('',#11295);
#3187=VERTEX_POINT('',#11297);
#3188=VERTEX_POINT('',#11301);
#3189=VERTEX_POINT('',#11302);
#3190=VERTEX_POINT('',#11305);
#3191=VERTEX_POINT('',#11309);
#3192=VERTEX_POINT('',#11310);
#3193=VERTEX_POINT('',#11316);
#3194=VERTEX_POINT('',#11320);
#3195=VERTEX_POINT('',#11321);
#3196=VERTEX_POINT('',#11326);
#3197=VERTEX_POINT('',#11327);
#3198=VERTEX_POINT('',#11329);
#3199=VERTEX_POINT('',#11334);
#3200=VERTEX_POINT('',#11336);
#3201=VERTEX_POINT('',#11338);
#3202=VERTEX_POINT('',#11345);
#3203=VERTEX_POINT('',#11347);
#3204=VERTEX_POINT('',#11448);
#3205=VERTEX_POINT('',#11453);
#3206=VERTEX_POINT('',#11470);
#3207=VERTEX_POINT('',#11474);
#3208=VERTEX_POINT('',#11516);
#3209=VERTEX_POINT('',#11537);
#3210=VERTEX_POINT('',#11566);
#3211=VERTEX_POINT('',#11601);
#3212=VERTEX_POINT('',#11615);
#3213=VERTEX_POINT('',#11629);
#3214=VERTEX_POINT('',#11633);
#3215=VERTEX_POINT('',#11634);
#3216=VERTEX_POINT('',#11636);
#3217=VERTEX_POINT('',#11638);
#3218=VERTEX_POINT('',#11773);
#3219=VERTEX_POINT('',#11794);
#3220=VERTEX_POINT('',#11800);
#3221=VERTEX_POINT('',#11802);
#3222=VERTEX_POINT('',#11806);
#3223=VERTEX_POINT('',#11810);
#3224=VERTEX_POINT('',#11832);
#3225=VERTEX_POINT('',#11861);
#3226=VERTEX_POINT('',#11865);
#3227=VERTEX_POINT('',#11887);
#3228=VERTEX_POINT('',#11891);
#3229=VERTEX_POINT('',#11895);
#3230=VERTEX_POINT('',#11926);
#3231=VERTEX_POINT('',#11942);
#3232=VERTEX_POINT('',#11949);
#3233=VERTEX_POINT('',#11953);
#3234=VERTEX_POINT('',#11957);
#3235=VERTEX_POINT('',#11961);
#3236=VERTEX_POINT('',#11982);
#3237=VERTEX_POINT('',#12012);
#3238=VERTEX_POINT('',#12019);
#3239=VERTEX_POINT('',#12033);
#3240=VERTEX_POINT('',#12047);
#3241=VERTEX_POINT('',#12093);
#3242=VERTEX_POINT('',#12097);
#3243=VERTEX_POINT('',#12099);
#3244=VERTEX_POINT('',#12122);
#3245=VERTEX_POINT('',#12129);
#3246=VERTEX_POINT('',#12143);
#3247=VERTEX_POINT('',#12160);
#3248=VERTEX_POINT('',#12164);
#3249=VERTEX_POINT('',#12184);
#3250=VERTEX_POINT('',#12188);
#3251=VERTEX_POINT('',#12195);
#3252=VERTEX_POINT('',#12209);
#3253=VERTEX_POINT('',#12223);
#3254=VERTEX_POINT('',#12230);
#3255=VERTEX_POINT('',#12234);
#3256=VERTEX_POINT('',#12241);
#3257=VERTEX_POINT('',#12243);
#3258=VERTEX_POINT('',#12250);
#3259=VERTEX_POINT('',#12273);
#3260=VERTEX_POINT('',#12294);
#3261=VERTEX_POINT('',#12311);
#3262=VERTEX_POINT('',#12315);
#3263=VERTEX_POINT('',#12319);
#3264=VERTEX_POINT('',#12323);
#3265=VERTEX_POINT('',#12351);
#3266=VERTEX_POINT('',#12355);
#3267=VERTEX_POINT('',#12362);
#3268=VERTEX_POINT('',#12378);
#3269=VERTEX_POINT('',#12385);
#3270=VERTEX_POINT('',#12389);
#3271=VERTEX_POINT('',#12393);
#3272=VERTEX_POINT('',#12397);
#3273=VERTEX_POINT('',#12418);
#3274=VERTEX_POINT('',#12425);
#3275=VERTEX_POINT('',#12439);
#3276=VERTEX_POINT('',#12456);
#3277=VERTEX_POINT('',#12460);
#3278=VERTEX_POINT('',#12480);
#3279=VERTEX_POINT('',#12484);
#3280=VERTEX_POINT('',#12488);
#3281=VERTEX_POINT('',#12492);
#3282=VERTEX_POINT('',#12512);
#3283=VERTEX_POINT('',#12516);
#3284=VERTEX_POINT('',#12523);
#3285=VERTEX_POINT('',#12525);
#3286=VERTEX_POINT('',#12529);
#3287=VERTEX_POINT('',#12558);
#3288=VERTEX_POINT('',#12574);
#3289=VERTEX_POINT('',#12588);
#3290=VERTEX_POINT('',#12611);
#3291=VERTEX_POINT('',#12618);
#3292=VERTEX_POINT('',#12632);
#3293=VERTEX_POINT('',#12646);
#3294=VERTEX_POINT('',#12653);
#3295=VERTEX_POINT('',#12657);
#3296=VERTEX_POINT('',#12661);
#3297=VERTEX_POINT('',#12665);
#3298=VERTEX_POINT('',#12689);
#3299=VERTEX_POINT('',#12696);
#3300=VERTEX_POINT('',#12710);
#3301=VERTEX_POINT('',#12727);
#3302=VERTEX_POINT('',#12731);
#3303=VERTEX_POINT('',#12747);
#3304=VERTEX_POINT('',#12760);
#3305=VERTEX_POINT('',#12777);
#3306=VERTEX_POINT('',#12800);
#3307=VERTEX_POINT('',#12827);
#3308=VERTEX_POINT('',#12843);
#3309=VERTEX_POINT('',#12898);
#3310=VERTEX_POINT('',#12918);
#3311=VERTEX_POINT('',#12919);
#3312=VERTEX_POINT('',#12921);
#3313=VERTEX_POINT('',#12932);
#3314=VERTEX_POINT('',#12936);
#3315=VERTEX_POINT('',#12938);
#3316=VERTEX_POINT('',#12970);
#3317=VERTEX_POINT('',#12972);
#3318=VERTEX_POINT('',#12979);
#3319=VERTEX_POINT('',#12993);
#3320=VERTEX_POINT('',#13007);
#3321=VERTEX_POINT('',#13014);
#3322=VERTEX_POINT('',#13028);
#3323=VERTEX_POINT('',#13042);
#3324=VERTEX_POINT('',#13049);
#3325=VERTEX_POINT('',#13053);
#3326=VERTEX_POINT('',#13057);
#3327=VERTEX_POINT('',#13061);
#3328=VERTEX_POINT('',#13083);
#3329=VERTEX_POINT('',#13090);
#3330=VERTEX_POINT('',#13094);
#3331=VERTEX_POINT('',#13098);
#3332=VERTEX_POINT('',#13102);
#3333=VERTEX_POINT('',#13106);
#3334=VERTEX_POINT('',#13110);
#3335=VERTEX_POINT('',#13117);
#3336=VERTEX_POINT('',#13133);
#3337=VERTEX_POINT('',#13140);
#3338=VERTEX_POINT('',#13144);
#3339=VERTEX_POINT('',#13148);
#3340=VERTEX_POINT('',#13152);
#3341=VERTEX_POINT('',#13171);
#3342=VERTEX_POINT('',#13178);
#3343=VERTEX_POINT('',#13197);
#3344=VERTEX_POINT('',#13201);
#3345=VERTEX_POINT('',#13205);
#3346=VERTEX_POINT('',#13209);
#3347=VERTEX_POINT('',#13213);
#3348=VERTEX_POINT('',#13217);
#3349=LINE('',#8709,#3774);
#3350=LINE('',#8719,#3775);
#3351=LINE('',#8723,#3776);
#3352=LINE('',#8726,#3777);
#3353=LINE('',#8728,#3778);
#3354=LINE('',#8737,#3779);
#3355=LINE('',#8739,#3780);
#3356=LINE('',#8741,#3781);
#3357=LINE('',#8751,#3782);
#3358=LINE('',#8754,#3783);
#3359=LINE('',#8756,#3784);
#3360=LINE('',#8776,#3785);
#3361=LINE('',#8777,#3786);
#3362=LINE('',#8779,#3787);
#3363=LINE('',#8782,#3788);
#3364=LINE('',#8791,#3789);
#3365=LINE('',#8793,#3790);
#3366=LINE('',#8796,#3791);
#3367=LINE('',#8798,#3792);
#3368=LINE('',#8808,#3793);
#3369=LINE('',#8813,#3794);
#3370=LINE('',#8815,#3795);
#3371=LINE('',#8819,#3796);
#3372=LINE('',#8822,#3797);
#3373=LINE('',#8824,#3798);
#3374=LINE('',#8828,#3799);
#3375=LINE('',#8834,#3800);
#3376=LINE('',#8843,#3801);
#3377=LINE('',#8850,#3802);
#3378=LINE('',#8854,#3803);
#3379=LINE('',#8863,#3804);
#3380=LINE('',#8865,#3805);
#3381=LINE('',#8867,#3806);
#3382=LINE('',#8869,#3807);
#3383=LINE('',#8871,#3808);
#3384=LINE('',#8876,#3809);
#3385=LINE('',#8880,#3810);
#3386=LINE('',#8885,#3811);
#3387=LINE('',#8889,#3812);
#3388=LINE('',#8891,#3813);
#3389=LINE('',#8893,#3814);
#3390=LINE('',#8895,#3815);
#3391=LINE('',#8897,#3816);
#3392=LINE('',#8899,#3817);
#3393=LINE('',#8900,#3818);
#3394=LINE('',#8902,#3819);
#3395=LINE('',#8904,#3820);
#3396=LINE('',#8905,#3821);
#3397=LINE('',#8907,#3822);
#3398=LINE('',#8909,#3823);
#3399=LINE('',#8911,#3824);
#3400=LINE('',#8913,#3825);
#3401=LINE('',#8915,#3826);
#3402=LINE('',#8917,#3827);
#3403=LINE('',#8919,#3828);
#3404=LINE('',#8920,#3829);
#3405=LINE('',#8922,#3830);
#3406=LINE('',#8923,#3831);
#3407=LINE('',#9002,#3832);
#3408=LINE('',#9012,#3833);
#3409=LINE('',#9023,#3834);
#3410=LINE('',#9027,#3835);
#3411=LINE('',#9029,#3836);
#3412=LINE('',#9031,#3837);
#3413=LINE('',#9033,#3838);
#3414=LINE('',#9035,#3839);
#3415=LINE('',#9040,#3840);
#3416=LINE('',#9044,#3841);
#3417=LINE('',#9046,#3842);
#3418=LINE('',#9050,#3843);
#3419=LINE('',#9055,#3844);
#3420=LINE('',#9058,#3845);
#3421=LINE('',#9060,#3846);
#3422=LINE('',#9062,#3847);
#3423=LINE('',#9064,#3848);
#3424=LINE('',#9065,#3849);
#3425=LINE('',#9067,#3850);
#3426=LINE('',#9069,#3851);
#3427=LINE('',#9075,#3852);
#3428=LINE('',#9077,#3853);
#3429=LINE('',#9079,#3854);
#3430=LINE('',#9083,#3855);
#3431=LINE('',#9087,#3856);
#3432=LINE('',#9089,#3857);
#3433=LINE('',#9095,#3858);
#3434=LINE('',#9107,#3859);
#3435=LINE('',#9109,#3860);
#3436=LINE('',#9111,#3861);
#3437=LINE('',#9113,#3862);
#3438=LINE('',#9119,#3863);
#3439=LINE('',#9126,#3864);
#3440=LINE('',#9128,#3865);
#3441=LINE('',#9130,#3866);
#3442=LINE('',#9132,#3867);
#3443=LINE('',#9134,#3868);
#3444=LINE('',#9135,#3869);
#3445=LINE('',#9137,#3870);
#3446=LINE('',#9138,#3871);
#3447=LINE('',#10276,#3872);
#3448=LINE('',#10278,#3873);
#3449=LINE('',#10280,#3874);
#3450=LINE('',#10285,#3875);
#3451=LINE('',#10289,#3876);
#3452=LINE('',#10293,#3877);
#3453=LINE('',#10297,#3878);
#3454=LINE('',#10303,#3879);
#3455=LINE('',#10305,#3880);
#3456=LINE('',#10309,#3881);
#3457=LINE('',#10314,#3882);
#3458=LINE('',#10318,#3883);
#3459=LINE('',#10320,#3884);
#3460=LINE('',#10322,#3885);
#3461=LINE('',#10324,#3886);
#3462=LINE('',#10325,#3887);
#3463=LINE('',#10327,#3888);
#3464=LINE('',#10329,#3889);
#3465=LINE('',#10330,#3890);
#3466=LINE('',#10332,#3891);
#3467=LINE('',#10390,#3892);
#3468=LINE('',#10393,#3893);
#3469=LINE('',#10430,#3894);
#3470=LINE('',#10432,#3895);
#3471=LINE('',#10434,#3896);
#3472=LINE('',#10452,#3897);
#3473=LINE('',#10454,#3898);
#3474=LINE('',#10456,#3899);
#3475=LINE('',#10458,#3900);
#3476=LINE('',#10460,#3901);
#3477=LINE('',#10479,#3902);
#3478=LINE('',#10481,#3903);
#3479=LINE('',#10483,#3904);
#3480=LINE('',#10510,#3905);
#3481=LINE('',#10512,#3906);
#3482=LINE('',#10514,#3907);
#3483=LINE('',#10516,#3908);
#3484=LINE('',#10518,#3909);
#3485=LINE('',#10519,#3910);
#3486=LINE('',#10607,#3911);
#3487=LINE('',#10610,#3912);
#3488=LINE('',#10643,#3913);
#3489=LINE('',#10645,#3914);
#3490=LINE('',#10647,#3915);
#3491=LINE('',#10662,#3916);
#3492=LINE('',#10681,#3917);
#3493=LINE('',#10683,#3918);
#3494=LINE('',#10685,#3919);
#3495=LINE('',#10715,#3920);
#3496=LINE('',#10728,#3921);
#3497=LINE('',#10730,#3922);
#3498=LINE('',#10732,#3923);
#3499=LINE('',#10745,#3924);
#3500=LINE('',#10746,#3925);
#3501=LINE('',#10749,#3926);
#3502=LINE('',#10779,#3927);
#3503=LINE('',#10792,#3928);
#3504=LINE('',#10814,#3929);
#3505=LINE('',#10844,#3930);
#3506=LINE('',#10846,#3931);
#3507=LINE('',#10848,#3932);
#3508=LINE('',#10875,#3933);
#3509=LINE('',#10888,#3934);
#3510=LINE('',#10890,#3935);
#3511=LINE('',#10920,#3936);
#3512=LINE('',#10922,#3937);
#3513=LINE('',#10924,#3938);
#3514=LINE('',#11081,#3939);
#3515=LINE('',#11086,#3940);
#3516=LINE('',#11090,#3941);
#3517=LINE('',#11094,#3942);
#3518=LINE('',#11100,#3943);
#3519=LINE('',#11102,#3944);
#3520=LINE('',#11162,#3945);
#3521=LINE('',#11164,#3946);
#3522=LINE('',#11166,#3947);
#3523=LINE('',#11197,#3948);
#3524=LINE('',#11199,#3949);
#3525=LINE('',#11204,#3950);
#3526=LINE('',#11206,#3951);
#3527=LINE('',#11208,#3952);
#3528=LINE('',#11210,#3953);
#3529=LINE('',#11212,#3954);
#3530=LINE('',#11214,#3955);
#3531=LINE('',#11216,#3956);
#3532=LINE('',#11220,#3957);
#3533=LINE('',#11223,#3958);
#3534=LINE('',#11225,#3959);
#3535=LINE('',#11227,#3960);
#3536=LINE('',#11229,#3961);
#3537=LINE('',#11232,#3962);
#3538=LINE('',#11234,#3963);
#3539=LINE('',#11238,#3964);
#3540=LINE('',#11242,#3965);
#3541=LINE('',#11244,#3966);
#3542=LINE('',#11246,#3967);
#3543=LINE('',#11248,#3968);
#3544=LINE('',#11250,#3969);
#3545=LINE('',#11253,#3970);
#3546=LINE('',#11255,#3971);
#3547=LINE('',#11257,#3972);
#3548=LINE('',#11262,#3973);
#3549=LINE('',#11264,#3974);
#3550=LINE('',#11268,#3975);
#3551=LINE('',#11272,#3976);
#3552=LINE('',#11274,#3977);
#3553=LINE('',#11278,#3978);
#3554=LINE('',#11282,#3979);
#3555=LINE('',#11284,#3980);
#3556=LINE('',#11288,#3981);
#3557=LINE('',#11292,#3982);
#3558=LINE('',#11294,#3983);
#3559=LINE('',#11298,#3984);
#3560=LINE('',#11300,#3985);
#3561=LINE('',#11303,#3986);
#3562=LINE('',#11306,#3987);
#3563=LINE('',#11308,#3988);
#3564=LINE('',#11311,#3989);
#3565=LINE('',#11312,#3990);
#3566=LINE('',#11314,#3991);
#3567=LINE('',#11315,#3992);
#3568=LINE('',#11319,#3993);
#3569=LINE('',#11322,#3994);
#3570=LINE('',#11323,#3995);
#3571=LINE('',#11325,#3996);
#3572=LINE('',#11328,#3997);
#3573=LINE('',#11331,#3998);
#3574=LINE('',#11335,#3999);
#3575=LINE('',#11337,#4000);
#3576=LINE('',#11339,#4001);
#3577=LINE('',#11341,#4002);
#3578=LINE('',#11342,#4003);
#3579=LINE('',#11344,#4004);
#3580=LINE('',#11346,#4005);
#3581=LINE('',#11348,#4006);
#3582=LINE('',#11447,#4007);
#3583=LINE('',#11454,#4008);
#3584=LINE('',#11471,#4009);
#3585=LINE('',#11475,#4010);
#3586=LINE('',#11517,#4011);
#3587=LINE('',#11538,#4012);
#3588=LINE('',#11567,#4013);
#3589=LINE('',#11602,#4014);
#3590=LINE('',#11616,#4015);
#3591=LINE('',#11630,#4016);
#3592=LINE('',#11635,#4017);
#3593=LINE('',#11639,#4018);
#3594=LINE('',#11799,#4019);
#3595=LINE('',#11801,#4020);
#3596=LINE('',#11803,#4021);
#3597=LINE('',#11805,#4022);
#3598=LINE('',#11807,#4023);
#3599=LINE('',#11809,#4024);
#3600=LINE('',#11811,#4025);
#3601=LINE('',#11833,#4026);
#3602=LINE('',#11862,#4027);
#3603=LINE('',#11864,#4028);
#3604=LINE('',#11866,#4029);
#3605=LINE('',#11888,#4030);
#3606=LINE('',#11890,#4031);
#3607=LINE('',#11892,#4032);
#3608=LINE('',#11894,#4033);
#3609=LINE('',#11896,#4034);
#3610=LINE('',#11927,#4035);
#3611=LINE('',#11943,#4036);
#3612=LINE('',#11950,#4037);
#3613=LINE('',#11952,#4038);
#3614=LINE('',#11954,#4039);
#3615=LINE('',#11956,#4040);
#3616=LINE('',#11958,#4041);
#3617=LINE('',#11960,#4042);
#3618=LINE('',#11962,#4043);
#3619=LINE('',#11983,#4044);
#3620=LINE('',#12013,#4045);
#3621=LINE('',#12020,#4046);
#3622=LINE('',#12034,#4047);
#3623=LINE('',#12048,#4048);
#3624=LINE('',#12096,#4049);
#3625=LINE('',#12098,#4050);
#3626=LINE('',#12100,#4051);
#3627=LINE('',#12123,#4052);
#3628=LINE('',#12130,#4053);
#3629=LINE('',#12144,#4054);
#3630=LINE('',#12161,#4055);
#3631=LINE('',#12163,#4056);
#3632=LINE('',#12165,#4057);
#3633=LINE('',#12185,#4058);
#3634=LINE('',#12187,#4059);
#3635=LINE('',#12189,#4060);
#3636=LINE('',#12196,#4061);
#3637=LINE('',#12210,#4062);
#3638=LINE('',#12224,#4063);
#3639=LINE('',#12231,#4064);
#3640=LINE('',#12233,#4065);
#3641=LINE('',#12235,#4066);
#3642=LINE('',#12237,#4067);
#3643=LINE('',#12240,#4068);
#3644=LINE('',#12242,#4069);
#3645=LINE('',#12244,#4070);
#3646=LINE('',#12251,#4071);
#3647=LINE('',#12274,#4072);
#3648=LINE('',#12295,#4073);
#3649=LINE('',#12312,#4074);
#3650=LINE('',#12314,#4075);
#3651=LINE('',#12316,#4076);
#3652=LINE('',#12318,#4077);
#3653=LINE('',#12320,#4078);
#3654=LINE('',#12322,#4079);
#3655=LINE('',#12324,#4080);
#3656=LINE('',#12352,#4081);
#3657=LINE('',#12354,#4082);
#3658=LINE('',#12356,#4083);
#3659=LINE('',#12363,#4084);
#3660=LINE('',#12379,#4085);
#3661=LINE('',#12386,#4086);
#3662=LINE('',#12388,#4087);
#3663=LINE('',#12390,#4088);
#3664=LINE('',#12392,#4089);
#3665=LINE('',#12394,#4090);
#3666=LINE('',#12396,#4091);
#3667=LINE('',#12398,#4092);
#3668=LINE('',#12419,#4093);
#3669=LINE('',#12426,#4094);
#3670=LINE('',#12440,#4095);
#3671=LINE('',#12457,#4096);
#3672=LINE('',#12459,#4097);
#3673=LINE('',#12461,#4098);
#3674=LINE('',#12481,#4099);
#3675=LINE('',#12483,#4100);
#3676=LINE('',#12485,#4101);
#3677=LINE('',#12487,#4102);
#3678=LINE('',#12489,#4103);
#3679=LINE('',#12491,#4104);
#3680=LINE('',#12493,#4105);
#3681=LINE('',#12513,#4106);
#3682=LINE('',#12515,#4107);
#3683=LINE('',#12517,#4108);
#3684=LINE('',#12519,#4109);
#3685=LINE('',#12522,#4110);
#3686=LINE('',#12524,#4111);
#3687=LINE('',#12526,#4112);
#3688=LINE('',#12528,#4113);
#3689=LINE('',#12530,#4114);
#3690=LINE('',#12559,#4115);
#3691=LINE('',#12575,#4116);
#3692=LINE('',#12589,#4117);
#3693=LINE('',#12612,#4118);
#3694=LINE('',#12619,#4119);
#3695=LINE('',#12633,#4120);
#3696=LINE('',#12647,#4121);
#3697=LINE('',#12654,#4122);
#3698=LINE('',#12656,#4123);
#3699=LINE('',#12658,#4124);
#3700=LINE('',#12660,#4125);
#3701=LINE('',#12662,#4126);
#3702=LINE('',#12664,#4127);
#3703=LINE('',#12666,#4128);
#3704=LINE('',#12690,#4129);
#3705=LINE('',#12697,#4130);
#3706=LINE('',#12711,#4131);
#3707=LINE('',#12728,#4132);
#3708=LINE('',#12730,#4133);
#3709=LINE('',#12732,#4134);
#3710=LINE('',#12746,#4135);
#3711=LINE('',#12761,#4136);
#3712=LINE('',#12778,#4137);
#3713=LINE('',#12801,#4138);
#3714=LINE('',#12828,#4139);
#3715=LINE('',#12844,#4140);
#3716=LINE('',#12899,#4141);
#3717=LINE('',#12920,#4142);
#3718=LINE('',#12933,#4143);
#3719=LINE('',#12935,#4144);
#3720=LINE('',#12937,#4145);
#3721=LINE('',#12939,#4146);
#3722=LINE('',#12965,#4147);
#3723=LINE('',#12969,#4148);
#3724=LINE('',#12971,#4149);
#3725=LINE('',#12973,#4150);
#3726=LINE('',#12980,#4151);
#3727=LINE('',#12994,#4152);
#3728=LINE('',#13008,#4153);
#3729=LINE('',#13015,#4154);
#3730=LINE('',#13029,#4155);
#3731=LINE('',#13043,#4156);
#3732=LINE('',#13050,#4157);
#3733=LINE('',#13052,#4158);
#3734=LINE('',#13054,#4159);
#3735=LINE('',#13056,#4160);
#3736=LINE('',#13058,#4161);
#3737=LINE('',#13060,#4162);
#3738=LINE('',#13062,#4163);
#3739=LINE('',#13084,#4164);
#3740=LINE('',#13091,#4165);
#3741=LINE('',#13093,#4166);
#3742=LINE('',#13095,#4167);
#3743=LINE('',#13097,#4168);
#3744=LINE('',#13099,#4169);
#3745=LINE('',#13101,#4170);
#3746=LINE('',#13103,#4171);
#3747=LINE('',#13105,#4172);
#3748=LINE('',#13107,#4173);
#3749=LINE('',#13109,#4174);
#3750=LINE('',#13111,#4175);
#3751=LINE('',#13118,#4176);
#3752=LINE('',#13134,#4177);
#3753=LINE('',#13141,#4178);
#3754=LINE('',#13143,#4179);
#3755=LINE('',#13145,#4180);
#3756=LINE('',#13147,#4181);
#3757=LINE('',#13149,#4182);
#3758=LINE('',#13151,#4183);
#3759=LINE('',#13153,#4184);
#3760=LINE('',#13172,#4185);
#3761=LINE('',#13179,#4186);
#3762=LINE('',#13198,#4187);
#3763=LINE('',#13200,#4188);
#3764=LINE('',#13202,#4189);
#3765=LINE('',#13204,#4190);
#3766=LINE('',#13206,#4191);
#3767=LINE('',#13208,#4192);
#3768=LINE('',#13210,#4193);
#3769=LINE('',#13212,#4194);
#3770=LINE('',#13214,#4195);
#3771=LINE('',#13216,#4196);
#3772=LINE('',#13218,#4197);
#3773=LINE('',#13220,#4198);
#3774=VECTOR('',#7552,100.);
#3775=VECTOR('',#7555,100.);
#3776=VECTOR('',#7560,100.);
#3777=VECTOR('',#7561,100.);
#3778=VECTOR('',#7562,100.);
#3779=VECTOR('',#7573,100.);
#3780=VECTOR('',#7574,100.);
#3781=VECTOR('',#7575,100.);
#3782=VECTOR('',#7586,100.);
#3783=VECTOR('',#7587,100.);
#3784=VECTOR('',#7588,100.);
#3785=VECTOR('',#7603,100.);
#3786=VECTOR('',#7604,100.);
#3787=VECTOR('',#7607,100.);
#3788=VECTOR('',#7608,100.);
#3789=VECTOR('',#7617,100.);
#3790=VECTOR('',#7620,100.);
#3791=VECTOR('',#7621,100.);
#3792=VECTOR('',#7622,100.);
#3793=VECTOR('',#7633,100.);
#3794=VECTOR('',#7636,100.);
#3795=VECTOR('',#7637,100.);
#3796=VECTOR('',#7640,100.);
#3797=VECTOR('',#7643,100.);
#3798=VECTOR('',#7644,100.);
#3799=VECTOR('',#7647,100.);
#3800=VECTOR('',#7654,100.);
#3801=VECTOR('',#7659,100.);
#3802=VECTOR('',#7662,100.);
#3803=VECTOR('',#7667,100.);
#3804=VECTOR('',#7672,100.);
#3805=VECTOR('',#7675,100.);
#3806=VECTOR('',#7678,100.);
#3807=VECTOR('',#7681,100.);
#3808=VECTOR('',#7684,100.);
#3809=VECTOR('',#7687,100.);
#3810=VECTOR('',#7690,100.);
#3811=VECTOR('',#7695,100.);
#3812=VECTOR('',#7698,100.);
#3813=VECTOR('',#7701,100.);
#3814=VECTOR('',#7702,100.);
#3815=VECTOR('',#7703,100.);
#3816=VECTOR('',#7704,100.);
#3817=VECTOR('',#7705,100.);
#3818=VECTOR('',#7706,100.);
#3819=VECTOR('',#7709,100.);
#3820=VECTOR('',#7710,100.);
#3821=VECTOR('',#7711,100.);
#3822=VECTOR('',#7712,100.);
#3823=VECTOR('',#7713,100.);
#3824=VECTOR('',#7716,100.);
#3825=VECTOR('',#7717,100.);
#3826=VECTOR('',#7718,100.);
#3827=VECTOR('',#7719,100.);
#3828=VECTOR('',#7720,100.);
#3829=VECTOR('',#7721,100.);
#3830=VECTOR('',#7724,100.);
#3831=VECTOR('',#7725,100.);
#3832=VECTOR('',#7738,100.);
#3833=VECTOR('',#7741,100.);
#3834=VECTOR('',#7748,100.);
#3835=VECTOR('',#7753,100.);
#3836=VECTOR('',#7756,100.);
#3837=VECTOR('',#7759,100.);
#3838=VECTOR('',#7762,100.);
#3839=VECTOR('',#7765,100.);
#3840=VECTOR('',#7768,100.);
#3841=VECTOR('',#7771,100.);
#3842=VECTOR('',#7772,100.);
#3843=VECTOR('',#7775,100.);
#3844=VECTOR('',#7782,100.);
#3845=VECTOR('',#7783,100.);
#3846=VECTOR('',#7784,100.);
#3847=VECTOR('',#7785,100.);
#3848=VECTOR('',#7786,100.);
#3849=VECTOR('',#7787,100.);
#3850=VECTOR('',#7788,100.);
#3851=VECTOR('',#7791,100.);
#3852=VECTOR('',#7796,100.);
#3853=VECTOR('',#7797,100.);
#3854=VECTOR('',#7798,100.);
#3855=VECTOR('',#7801,100.);
#3856=VECTOR('',#7804,100.);
#3857=VECTOR('',#7805,100.);
#3858=VECTOR('',#7812,100.);
#3859=VECTOR('',#7823,100.);
#3860=VECTOR('',#7824,100.);
#3861=VECTOR('',#7827,100.);
#3862=VECTOR('',#7828,100.);
#3863=VECTOR('',#7829,100.);
#3864=VECTOR('',#7832,100.);
#3865=VECTOR('',#7833,100.);
#3866=VECTOR('',#7834,100.);
#3867=VECTOR('',#7835,100.);
#3868=VECTOR('',#7836,100.);
#3869=VECTOR('',#7837,100.);
#3870=VECTOR('',#7840,100.);
#3871=VECTOR('',#7841,100.);
#3872=VECTOR('',#7854,100.);
#3873=VECTOR('',#7855,100.);
#3874=VECTOR('',#7856,100.);
#3875=VECTOR('',#7861,100.);
#3876=VECTOR('',#7866,100.);
#3877=VECTOR('',#7871,100.);
#3878=VECTOR('',#7874,100.);
#3879=VECTOR('',#7881,100.);
#3880=VECTOR('',#7884,100.);
#3881=VECTOR('',#7887,100.);
#3882=VECTOR('',#7892,100.);
#3883=VECTOR('',#7895,100.);
#3884=VECTOR('',#7898,100.);
#3885=VECTOR('',#7901,100.);
#3886=VECTOR('',#7904,100.);
#3887=VECTOR('',#7905,100.);
#3888=VECTOR('',#7908,100.);
#3889=VECTOR('',#7911,100.);
#3890=VECTOR('',#7912,100.);
#3891=VECTOR('',#7915,100.);
#3892=VECTOR('',#7998,100.);
#3893=VECTOR('',#7999,100.);
#3894=VECTOR('',#8000,100.);
#3895=VECTOR('',#8001,100.);
#3896=VECTOR('',#8002,100.);
#3897=VECTOR('',#8003,100.);
#3898=VECTOR('',#8004,100.);
#3899=VECTOR('',#8005,100.);
#3900=VECTOR('',#8006,100.);
#3901=VECTOR('',#8007,100.);
#3902=VECTOR('',#8008,100.);
#3903=VECTOR('',#8009,100.);
#3904=VECTOR('',#8010,100.);
#3905=VECTOR('',#8011,100.);
#3906=VECTOR('',#8012,100.);
#3907=VECTOR('',#8013,100.);
#3908=VECTOR('',#8014,100.);
#3909=VECTOR('',#8015,100.);
#3910=VECTOR('',#8016,100.);
#3911=VECTOR('',#8017,100.);
#3912=VECTOR('',#8018,100.);
#3913=VECTOR('',#8019,100.);
#3914=VECTOR('',#8020,100.);
#3915=VECTOR('',#8021,100.);
#3916=VECTOR('',#8022,100.);
#3917=VECTOR('',#8023,100.);
#3918=VECTOR('',#8024,100.);
#3919=VECTOR('',#8025,100.);
#3920=VECTOR('',#8026,100.);
#3921=VECTOR('',#8027,100.);
#3922=VECTOR('',#8028,100.);
#3923=VECTOR('',#8029,100.);
#3924=VECTOR('',#8030,100.);
#3925=VECTOR('',#8031,100.);
#3926=VECTOR('',#8032,100.);
#3927=VECTOR('',#8033,100.);
#3928=VECTOR('',#8034,100.);
#3929=VECTOR('',#8035,100.);
#3930=VECTOR('',#8036,100.);
#3931=VECTOR('',#8037,100.);
#3932=VECTOR('',#8038,100.);
#3933=VECTOR('',#8039,100.);
#3934=VECTOR('',#8040,100.);
#3935=VECTOR('',#8041,100.);
#3936=VECTOR('',#8042,100.);
#3937=VECTOR('',#8043,100.);
#3938=VECTOR('',#8044,100.);
#3939=VECTOR('',#8047,100.);
#3940=VECTOR('',#8050,100.);
#3941=VECTOR('',#8053,100.);
#3942=VECTOR('',#8056,100.);
#3943=VECTOR('',#8061,100.);
#3944=VECTOR('',#8062,100.);
#3945=VECTOR('',#8063,100.);
#3946=VECTOR('',#8064,100.);
#3947=VECTOR('',#8065,100.);
#3948=VECTOR('',#8066,100.);
#3949=VECTOR('',#8069,100.);
#3950=VECTOR('',#8072,100.);
#3951=VECTOR('',#8073,100.);
#3952=VECTOR('',#8074,100.);
#3953=VECTOR('',#8075,100.);
#3954=VECTOR('',#8076,100.);
#3955=VECTOR('',#8077,100.);
#3956=VECTOR('',#8078,100.);
#3957=VECTOR('',#8083,100.);
#3958=VECTOR('',#8084,100.);
#3959=VECTOR('',#8085,100.);
#3960=VECTOR('',#8086,100.);
#3961=VECTOR('',#8089,100.);
#3962=VECTOR('',#8090,100.);
#3963=VECTOR('',#8091,100.);
#3964=VECTOR('',#8094,100.);
#3965=VECTOR('',#8097,100.);
#3966=VECTOR('',#8098,100.);
#3967=VECTOR('',#8099,100.);
#3968=VECTOR('',#8100,100.);
#3969=VECTOR('',#8103,100.);
#3970=VECTOR('',#8104,100.);
#3971=VECTOR('',#8105,100.);
#3972=VECTOR('',#8106,100.);
#3973=VECTOR('',#8111,100.);
#3974=VECTOR('',#8112,100.);
#3975=VECTOR('',#8115,100.);
#3976=VECTOR('',#8118,100.);
#3977=VECTOR('',#8119,100.);
#3978=VECTOR('',#8122,100.);
#3979=VECTOR('',#8125,100.);
#3980=VECTOR('',#8126,100.);
#3981=VECTOR('',#8129,100.);
#3982=VECTOR('',#8132,100.);
#3983=VECTOR('',#8133,100.);
#3984=VECTOR('',#8136,100.);
#3985=VECTOR('',#8139,100.);
#3986=VECTOR('',#8140,100.);
#3987=VECTOR('',#8143,100.);
#3988=VECTOR('',#8146,100.);
#3989=VECTOR('',#8147,100.);
#3990=VECTOR('',#8148,100.);
#3991=VECTOR('',#8151,100.);
#3992=VECTOR('',#8152,100.);
#3993=VECTOR('',#8157,100.);
#3994=VECTOR('',#8158,100.);
#3995=VECTOR('',#8159,100.);
#3996=VECTOR('',#8162,100.);
#3997=VECTOR('',#8163,100.);
#3998=VECTOR('',#8166,100.);
#3999=VECTOR('',#8171,100.);
#4000=VECTOR('',#8172,100.);
#4001=VECTOR('',#8173,100.);
#4002=VECTOR('',#8176,100.);
#4003=VECTOR('',#8177,100.);
#4004=VECTOR('',#8180,100.);
#4005=VECTOR('',#8181,100.);
#4006=VECTOR('',#8182,100.);
#4007=VECTOR('',#8331,100.);
#4008=VECTOR('',#8332,100.);
#4009=VECTOR('',#8333,100.);
#4010=VECTOR('',#8338,100.);
#4011=VECTOR('',#8339,100.);
#4012=VECTOR('',#8340,100.);
#4013=VECTOR('',#8341,100.);
#4014=VECTOR('',#8342,100.);
#4015=VECTOR('',#8343,100.);
#4016=VECTOR('',#8344,100.);
#4017=VECTOR('',#8349,100.);
#4018=VECTOR('',#8352,100.);
#4019=VECTOR('',#8361,100.);
#4020=VECTOR('',#8362,100.);
#4021=VECTOR('',#8363,100.);
#4022=VECTOR('',#8366,100.);
#4023=VECTOR('',#8367,100.);
#4024=VECTOR('',#8370,100.);
#4025=VECTOR('',#8371,100.);
#4026=VECTOR('',#8372,100.);
#4027=VECTOR('',#8373,100.);
#4028=VECTOR('',#8376,100.);
#4029=VECTOR('',#8377,100.);
#4030=VECTOR('',#8378,100.);
#4031=VECTOR('',#8381,100.);
#4032=VECTOR('',#8382,100.);
#4033=VECTOR('',#8385,100.);
#4034=VECTOR('',#8386,100.);
#4035=VECTOR('',#8387,100.);
#4036=VECTOR('',#8388,100.);
#4037=VECTOR('',#8391,100.);
#4038=VECTOR('',#8394,100.);
#4039=VECTOR('',#8395,100.);
#4040=VECTOR('',#8398,100.);
#4041=VECTOR('',#8399,100.);
#4042=VECTOR('',#8402,100.);
#4043=VECTOR('',#8403,100.);
#4044=VECTOR('',#8404,100.);
#4045=VECTOR('',#8405,100.);
#4046=VECTOR('',#8408,100.);
#4047=VECTOR('',#8409,100.);
#4048=VECTOR('',#8410,100.);
#4049=VECTOR('',#8419,100.);
#4050=VECTOR('',#8420,100.);
#4051=VECTOR('',#8421,100.);
#4052=VECTOR('',#8422,100.);
#4053=VECTOR('',#8425,100.);
#4054=VECTOR('',#8426,100.);
#4055=VECTOR('',#8427,100.);
#4056=VECTOR('',#8430,100.);
#4057=VECTOR('',#8431,100.);
#4058=VECTOR('',#8432,100.);
#4059=VECTOR('',#8435,100.);
#4060=VECTOR('',#8436,100.);
#4061=VECTOR('',#8439,100.);
#4062=VECTOR('',#8440,100.);
#4063=VECTOR('',#8441,100.);
#4064=VECTOR('',#8444,100.);
#4065=VECTOR('',#8447,100.);
#4066=VECTOR('',#8448,100.);
#4067=VECTOR('',#8451,100.);
#4068=VECTOR('',#8456,100.);
#4069=VECTOR('',#8457,100.);
#4070=VECTOR('',#8458,100.);
#4071=VECTOR('',#8461,100.);
#4072=VECTOR('',#8462,100.);
#4073=VECTOR('',#8463,100.);
#4074=VECTOR('',#8464,100.);
#4075=VECTOR('',#8467,100.);
#4076=VECTOR('',#8468,100.);
#4077=VECTOR('',#8471,100.);
#4078=VECTOR('',#8472,100.);
#4079=VECTOR('',#8475,100.);
#4080=VECTOR('',#8476,100.);
#4081=VECTOR('',#8477,100.);
#4082=VECTOR('',#8480,100.);
#4083=VECTOR('',#8481,100.);
#4084=VECTOR('',#8484,100.);
#4085=VECTOR('',#8485,100.);
#4086=VECTOR('',#8488,100.);
#4087=VECTOR('',#8491,100.);
#4088=VECTOR('',#8492,100.);
#4089=VECTOR('',#8495,100.);
#4090=VECTOR('',#8496,100.);
#4091=VECTOR('',#8499,100.);
#4092=VECTOR('',#8500,100.);
#4093=VECTOR('',#8501,100.);
#4094=VECTOR('',#8504,100.);
#4095=VECTOR('',#8505,100.);
#4096=VECTOR('',#8506,100.);
#4097=VECTOR('',#8509,100.);
#4098=VECTOR('',#8510,100.);
#4099=VECTOR('',#8511,100.);
#4100=VECTOR('',#8514,100.);
#4101=VECTOR('',#8515,100.);
#4102=VECTOR('',#8518,100.);
#4103=VECTOR('',#8519,100.);
#4104=VECTOR('',#8522,100.);
#4105=VECTOR('',#8523,100.);
#4106=VECTOR('',#8524,100.);
#4107=VECTOR('',#8527,100.);
#4108=VECTOR('',#8528,100.);
#4109=VECTOR('',#8531,100.);
#4110=VECTOR('',#8536,100.);
#4111=VECTOR('',#8537,100.);
#4112=VECTOR('',#8538,100.);
#4113=VECTOR('',#8541,100.);
#4114=VECTOR('',#8542,100.);
#4115=VECTOR('',#8543,100.);
#4116=VECTOR('',#8544,100.);
#4117=VECTOR('',#8545,100.);
#4118=VECTOR('',#8546,100.);
#4119=VECTOR('',#8549,100.);
#4120=VECTOR('',#8550,100.);
#4121=VECTOR('',#8551,100.);
#4122=VECTOR('',#8554,100.);
#4123=VECTOR('',#8557,100.);
#4124=VECTOR('',#8558,100.);
#4125=VECTOR('',#8561,100.);
#4126=VECTOR('',#8562,100.);
#4127=VECTOR('',#8565,100.);
#4128=VECTOR('',#8566,100.);
#4129=VECTOR('',#8567,100.);
#4130=VECTOR('',#8570,100.);
#4131=VECTOR('',#8571,100.);
#4132=VECTOR('',#8572,100.);
#4133=VECTOR('',#8575,100.);
#4134=VECTOR('',#8576,100.);
#4135=VECTOR('',#8583,100.);
#4136=VECTOR('',#8584,100.);
#4137=VECTOR('',#8585,100.);
#4138=VECTOR('',#8586,100.);
#4139=VECTOR('',#8587,100.);
#4140=VECTOR('',#8588,100.);
#4141=VECTOR('',#8589,100.);
#4142=VECTOR('',#8590,100.);
#4143=VECTOR('',#8591,100.);
#4144=VECTOR('',#8594,100.);
#4145=VECTOR('',#8595,100.);
#4146=VECTOR('',#8596,100.);
#4147=VECTOR('',#8599,100.);
#4148=VECTOR('',#8606,100.);
#4149=VECTOR('',#8607,100.);
#4150=VECTOR('',#8608,100.);
#4151=VECTOR('',#8611,100.);
#4152=VECTOR('',#8612,100.);
#4153=VECTOR('',#8613,100.);
#4154=VECTOR('',#8616,100.);
#4155=VECTOR('',#8617,100.);
#4156=VECTOR('',#8618,100.);
#4157=VECTOR('',#8621,100.);
#4158=VECTOR('',#8624,100.);
#4159=VECTOR('',#8625,100.);
#4160=VECTOR('',#8628,100.);
#4161=VECTOR('',#8629,100.);
#4162=VECTOR('',#8632,100.);
#4163=VECTOR('',#8633,100.);
#4164=VECTOR('',#8634,100.);
#4165=VECTOR('',#8637,100.);
#4166=VECTOR('',#8640,100.);
#4167=VECTOR('',#8641,100.);
#4168=VECTOR('',#8644,100.);
#4169=VECTOR('',#8645,100.);
#4170=VECTOR('',#8648,100.);
#4171=VECTOR('',#8649,100.);
#4172=VECTOR('',#8652,100.);
#4173=VECTOR('',#8653,100.);
#4174=VECTOR('',#8656,100.);
#4175=VECTOR('',#8657,100.);
#4176=VECTOR('',#8660,100.);
#4177=VECTOR('',#8661,100.);
#4178=VECTOR('',#8664,100.);
#4179=VECTOR('',#8667,100.);
#4180=VECTOR('',#8668,100.);
#4181=VECTOR('',#8671,100.);
#4182=VECTOR('',#8672,100.);
#4183=VECTOR('',#8675,100.);
#4184=VECTOR('',#8676,100.);
#4185=VECTOR('',#8677,100.);
#4186=VECTOR('',#8680,100.);
#4187=VECTOR('',#8681,100.);
#4188=VECTOR('',#8684,100.);
#4189=VECTOR('',#8685,100.);
#4190=VECTOR('',#8688,100.);
#4191=VECTOR('',#8689,100.);
#4192=VECTOR('',#8692,100.);
#4193=VECTOR('',#8693,100.);
#4194=VECTOR('',#8696,100.);
#4195=VECTOR('',#8697,100.);
#4196=VECTOR('',#8700,100.);
#4197=VECTOR('',#8701,100.);
#4198=VECTOR('',#8704,100.);
#4199=EDGE_LOOP('',(#570,#571,#572,#573,#574));
#4200=EDGE_LOOP('',(#575,#576,#577,#578,#579,#580,#581,#582));
#4201=EDGE_LOOP('',(#583,#584,#585,#586,#587,#588,#589,#590));
#4202=EDGE_LOOP('',(#591,#592,#593,#594,#595,#596,#597,#598));
#4203=EDGE_LOOP('',(#599,#600,#601,#602,#603));
#4204=EDGE_LOOP('',(#604,#605,#606,#607,#608,#609,#610,#611));
#4205=EDGE_LOOP('',(#612,#613,#614,#615,#616,#617,#618));
#4206=EDGE_LOOP('',(#619,#620,#621,#622,#623,#624,#625,#626,#627,#628,#629,
#630,#631));
#4207=EDGE_LOOP('',(#632,#633,#634,#635));
#4208=EDGE_LOOP('',(#636,#637,#638,#639,#640));
#4209=EDGE_LOOP('',(#641,#642,#643,#644,#645));
#4210=EDGE_LOOP('',(#646,#647,#648,#649,#650));
#4211=EDGE_LOOP('',(#651,#652,#653,#654));
#4212=EDGE_LOOP('',(#655,#656,#657,#658));
#4213=EDGE_LOOP('',(#659,#660,#661,#662));
#4214=EDGE_LOOP('',(#663,#664,#665,#666));
#4215=EDGE_LOOP('',(#667,#668,#669,#670,#671,#672,#673,#674,#675,#676,#677,
#678,#679));
#4216=EDGE_LOOP('',(#680,#681,#682,#683,#684,#685,#686,#687));
#4217=EDGE_LOOP('',(#688,#689,#690,#691,#692,#693,#694,#695,#696,#697));
#4218=EDGE_LOOP('',(#698,#699,#700,#701,#702,#703,#704,#705));
#4219=EDGE_LOOP('',(#706,#707,#708,#709));
#4220=EDGE_LOOP('',(#710,#711,#712,#713,#714));
#4221=EDGE_LOOP('',(#715));
#4222=EDGE_LOOP('',(#716));
#4223=EDGE_LOOP('',(#717));
#4224=EDGE_LOOP('',(#718));
#4225=EDGE_LOOP('',(#719));
#4226=EDGE_LOOP('',(#720));
#4227=EDGE_LOOP('',(#721,#722));
#4228=EDGE_LOOP('',(#723,#724,#725,#726,#727));
#4229=EDGE_LOOP('',(#728,#729,#730,#731,#732));
#4230=EDGE_LOOP('',(#733,#734,#735,#736));
#4231=EDGE_LOOP('',(#737,#738,#739,#740));
#4232=EDGE_LOOP('',(#741,#742,#743,#744));
#4233=EDGE_LOOP('',(#745,#746,#747,#748));
#4234=EDGE_LOOP('',(#749,#750,#751,#752,#753,#754,#755,#756,#757,#758,#759,
#760,#761));
#4235=EDGE_LOOP('',(#762,#763,#764,#765,#766,#767,#768,#769));
#4236=EDGE_LOOP('',(#770,#771,#772,#773,#774,#775,#776,#777,#778,#779,#780,
#781,#782));
#4237=EDGE_LOOP('',(#783,#784,#785,#786));
#4238=EDGE_LOOP('',(#787,#788,#789,#790,#791));
#4239=EDGE_LOOP('',(#792,#793,#794,#795,#796,#797,#798));
#4240=EDGE_LOOP('',(#799,#800,#801,#802,#803,#804,#805,#806,#807,#808));
#4241=EDGE_LOOP('',(#809,#810,#811,#812,#813,#814,#815,#816));
#4242=EDGE_LOOP('',(#817,#818,#819,#820));
#4243=EDGE_LOOP('',(#821));
#4244=EDGE_LOOP('',(#822,#823,#824,#825,#826));
#4245=EDGE_LOOP('',(#827,#828));
#4246=EDGE_LOOP('',(#829));
#4247=EDGE_LOOP('',(#830));
#4248=EDGE_LOOP('',(#831));
#4249=EDGE_LOOP('',(#832));
#4250=EDGE_LOOP('',(#833));
#4251=EDGE_LOOP('',(#834));
#4252=EDGE_LOOP('',(#835));
#4253=EDGE_LOOP('',(#836));
#4254=EDGE_LOOP('',(#837));
#4255=EDGE_LOOP('',(#838));
#4256=EDGE_LOOP('',(#839));
#4257=EDGE_LOOP('',(#840,#841,#842,#843));
#4258=EDGE_LOOP('',(#844,#845,#846,#847,#848,#849,#850,#851,#852));
#4259=EDGE_LOOP('',(#853,#854,#855,#856,#857,#858,#859,#860,#861));
#4260=EDGE_LOOP('',(#862,#863,#864,#865,#866,#867,#868,#869,#870));
#4261=EDGE_LOOP('',(#871,#872,#873,#874,#875,#876,#877,#878,#879));
#4262=EDGE_LOOP('',(#880,#881,#882,#883));
#4263=EDGE_LOOP('',(#884,#885,#886,#887));
#4264=EDGE_LOOP('',(#888,#889,#890,#891));
#4265=EDGE_LOOP('',(#892,#893,#894,#895));
#4266=EDGE_LOOP('',(#896,#897,#898,#899));
#4267=EDGE_LOOP('',(#900,#901,#902,#903));
#4268=EDGE_LOOP('',(#904,#905,#906,#907,#908,#909));
#4269=EDGE_LOOP('',(#910,#911,#912,#913));
#4270=EDGE_LOOP('',(#914,#915,#916,#917));
#4271=EDGE_LOOP('',(#918,#919,#920,#921));
#4272=EDGE_LOOP('',(#922,#923,#924,#925));
#4273=EDGE_LOOP('',(#926,#927,#928,#929));
#4274=EDGE_LOOP('',(#930,#931,#932,#933));
#4275=EDGE_LOOP('',(#934,#935,#936,#937,#938,#939));
#4276=EDGE_LOOP('',(#940,#941,#942,#943));
#4277=EDGE_LOOP('',(#944,#945,#946,#947));
#4278=EDGE_LOOP('',(#948,#949,#950,#951));
#4279=EDGE_LOOP('',(#952,#953,#954,#955));
#4280=EDGE_LOOP('',(#956,#957,#958,#959));
#4281=EDGE_LOOP('',(#960,#961,#962,#963));
#4282=EDGE_LOOP('',(#964,#965,#966,#967));
#4283=EDGE_LOOP('',(#968,#969,#970,#971));
#4284=EDGE_LOOP('',(#972,#973,#974,#975));
#4285=EDGE_LOOP('',(#976,#977,#978,#979));
#4286=EDGE_LOOP('',(#980,#981,#982,#983));
#4287=EDGE_LOOP('',(#984,#985,#986,#987));
#4288=EDGE_LOOP('',(#988,#989,#990,#991));
#4289=EDGE_LOOP('',(#992,#993,#994,#995));
#4290=EDGE_LOOP('',(#996,#997,#998,#999));
#4291=EDGE_LOOP('',(#1000,#1001,#1002,#1003));
#4292=EDGE_LOOP('',(#1004,#1005,#1006,#1007));
#4293=EDGE_LOOP('',(#1008,#1009,#1010,#1011));
#4294=EDGE_LOOP('',(#1012,#1013,#1014,#1015));
#4295=EDGE_LOOP('',(#1016,#1017,#1018,#1019,#1020,#1021,#1022,#1023,#1024,
#1025,#1026,#1027,#1028,#1029,#1030,#1031,#1032,#1033,#1034,#1035,#1036,
#1037,#1038,#1039,#1040,#1041,#1042,#1043,#1044,#1045,#1046,#1047,#1048));
#4296=EDGE_LOOP('',(#1049,#1050,#1051,#1052,#1053,#1054,#1055));
#4297=EDGE_LOOP('',(#1056,#1057,#1058,#1059,#1060,#1061,#1062,#1063,#1064,
#1065,#1066,#1067,#1068,#1069,#1070,#1071,#1072,#1073,#1074,#1075,#1076,
#1077,#1078,#1079,#1080,#1081,#1082,#1083));
#4298=EDGE_LOOP('',(#1084,#1085,#1086,#1087,#1088,#1089,#1090,#1091,#1092,
#1093,#1094,#1095,#1096,#1097));
#4299=EDGE_LOOP('',(#1098));
#4300=EDGE_LOOP('',(#1099,#1100,#1101,#1102,#1103,#1104,#1105,#1106,#1107,
#1108,#1109,#1110,#1111,#1112,#1113,#1114,#1115,#1116,#1117,#1118,#1119));
#4301=EDGE_LOOP('',(#1120,#1121,#1122,#1123,#1124,#1125,#1126,#1127,#1128,
#1129));
#4302=EDGE_LOOP('',(#1130,#1131,#1132,#1133,#1134,#1135,#1136,#1137));
#4303=EDGE_LOOP('',(#1138,#1139,#1140,#1141,#1142,#1143,#1144,#1145,#1146,
#1147,#1148,#1149,#1150,#1151,#1152,#1153,#1154,#1155,#1156));
#4304=EDGE_LOOP('',(#1157,#1158,#1159,#1160,#1161,#1162,#1163,#1164,#1165,
#1166));
#4305=EDGE_LOOP('',(#1167,#1168,#1169,#1170));
#4306=EDGE_LOOP('',(#1171,#1172,#1173,#1174,#1175,#1176,#1177,#1178,#1179,
#1180));
#4307=EDGE_LOOP('',(#1181,#1182,#1183,#1184));
#4308=EDGE_LOOP('',(#1185,#1186,#1187,#1188,#1189,#1190,#1191,#1192,#1193,
#1194,#1195,#1196,#1197,#1198,#1199,#1200,#1201,#1202,#1203,#1204));
#4309=EDGE_LOOP('',(#1205,#1206,#1207,#1208,#1209));
#4310=EDGE_LOOP('',(#1210,#1211,#1212,#1213));
#4311=EDGE_LOOP('',(#1214,#1215,#1216,#1217,#1218));
#4312=EDGE_LOOP('',(#1219,#1220,#1221,#1222));
#4313=EDGE_LOOP('',(#1223,#1224,#1225,#1226,#1227));
#4314=EDGE_LOOP('',(#1228,#1229,#1230,#1231,#1232));
#4315=EDGE_LOOP('',(#1233,#1234,#1235,#1236));
#4316=EDGE_LOOP('',(#1237,#1238,#1239,#1240));
#4317=EDGE_LOOP('',(#1241,#1242,#1243,#1244));
#4318=EDGE_LOOP('',(#1245,#1246,#1247,#1248));
#4319=EDGE_LOOP('',(#1249,#1250,#1251,#1252));
#4320=EDGE_LOOP('',(#1253,#1254,#1255,#1256));
#4321=EDGE_LOOP('',(#1257,#1258,#1259,#1260,#1261));
#4322=EDGE_LOOP('',(#1262,#1263,#1264,#1265));
#4323=EDGE_LOOP('',(#1266,#1267,#1268,#1269));
#4324=EDGE_LOOP('',(#1270,#1271,#1272,#1273));
#4325=EDGE_LOOP('',(#1274,#1275,#1276,#1277,#1278));
#4326=EDGE_LOOP('',(#1279,#1280,#1281,#1282));
#4327=EDGE_LOOP('',(#1283,#1284,#1285,#1286));
#4328=EDGE_LOOP('',(#1287,#1288,#1289,#1290));
#4329=EDGE_LOOP('',(#1291,#1292,#1293,#1294));
#4330=EDGE_LOOP('',(#1295,#1296,#1297,#1298));
#4331=EDGE_LOOP('',(#1299,#1300,#1301,#1302));
#4332=EDGE_LOOP('',(#1303,#1304,#1305,#1306));
#4333=EDGE_LOOP('',(#1307,#1308,#1309,#1310));
#4334=EDGE_LOOP('',(#1311,#1312,#1313,#1314,#1315));
#4335=EDGE_LOOP('',(#1316,#1317,#1318,#1319));
#4336=EDGE_LOOP('',(#1320,#1321,#1322,#1323));
#4337=EDGE_LOOP('',(#1324,#1325,#1326,#1327));
#4338=EDGE_LOOP('',(#1328,#1329,#1330,#1331,#1332));
#4339=EDGE_LOOP('',(#1333,#1334,#1335,#1336));
#4340=EDGE_LOOP('',(#1337,#1338,#1339));
#4341=EDGE_LOOP('',(#1340,#1341,#1342,#1343));
#4342=EDGE_LOOP('',(#1344,#1345,#1346));
#4343=EDGE_LOOP('',(#1347,#1348,#1349,#1350));
#4344=EDGE_LOOP('',(#1351,#1352,#1353,#1354));
#4345=EDGE_LOOP('',(#1355,#1356,#1357,#1358));
#4346=EDGE_LOOP('',(#1359,#1360,#1361,#1362));
#4347=EDGE_LOOP('',(#1363,#1364,#1365,#1366));
#4348=EDGE_LOOP('',(#1367,#1368,#1369,#1370));
#4349=EDGE_LOOP('',(#1371,#1372,#1373,#1374));
#4350=EDGE_LOOP('',(#1375,#1376,#1377,#1378));
#4351=EDGE_LOOP('',(#1379,#1380,#1381));
#4352=EDGE_LOOP('',(#1382,#1383,#1384,#1385));
#4353=EDGE_LOOP('',(#1386,#1387,#1388));
#4354=EDGE_LOOP('',(#1389,#1390,#1391,#1392));
#4355=EDGE_LOOP('',(#1393,#1394,#1395,#1396));
#4356=EDGE_LOOP('',(#1397,#1398,#1399,#1400));
#4357=EDGE_LOOP('',(#1401,#1402,#1403,#1404));
#4358=EDGE_LOOP('',(#1405,#1406,#1407,#1408));
#4359=EDGE_LOOP('',(#1409,#1410,#1411,#1412));
#4360=EDGE_LOOP('',(#1413,#1414,#1415,#1416));
#4361=EDGE_LOOP('',(#1417,#1418,#1419,#1420));
#4362=EDGE_LOOP('',(#1421,#1422,#1423,#1424));
#4363=EDGE_LOOP('',(#1425,#1426,#1427,#1428));
#4364=EDGE_LOOP('',(#1429,#1430,#1431,#1432));
#4365=EDGE_LOOP('',(#1433,#1434,#1435,#1436));
#4366=EDGE_LOOP('',(#1437,#1438,#1439,#1440));
#4367=EDGE_LOOP('',(#1441));
#4368=EDGE_LOOP('',(#1442));
#4369=EDGE_LOOP('',(#1443,#1444));
#4370=EDGE_LOOP('',(#1445,#1446,#1447,#1448,#1449,#1450,#1451,#1452,#1453,
#1454));
#4371=EDGE_LOOP('',(#1455));
#4372=EDGE_LOOP('',(#1456,#1457));
#4373=EDGE_LOOP('',(#1458));
#4374=EDGE_LOOP('',(#1459,#1460,#1461,#1462));
#4375=EDGE_LOOP('',(#1463,#1464,#1465,#1466));
#4376=EDGE_LOOP('',(#1467,#1468,#1469,#1470));
#4377=EDGE_LOOP('',(#1471,#1472,#1473,#1474));
#4378=EDGE_LOOP('',(#1475,#1476,#1477,#1478));
#4379=EDGE_LOOP('',(#1479,#1480,#1481,#1482));
#4380=EDGE_LOOP('',(#1483,#1484,#1485,#1486));
#4381=EDGE_LOOP('',(#1487,#1488,#1489,#1490));
#4382=EDGE_LOOP('',(#1491,#1492,#1493,#1494));
#4383=EDGE_LOOP('',(#1495,#1496,#1497,#1498));
#4384=EDGE_LOOP('',(#1499,#1500,#1501,#1502));
#4385=EDGE_LOOP('',(#1503,#1504,#1505,#1506));
#4386=EDGE_LOOP('',(#1507,#1508,#1509,#1510));
#4387=EDGE_LOOP('',(#1511,#1512,#1513,#1514));
#4388=EDGE_LOOP('',(#1515,#1516,#1517,#1518));
#4389=EDGE_LOOP('',(#1519,#1520,#1521,#1522));
#4390=EDGE_LOOP('',(#1523,#1524,#1525,#1526));
#4391=EDGE_LOOP('',(#1527,#1528,#1529,#1530));
#4392=EDGE_LOOP('',(#1531,#1532,#1533,#1534));
#4393=EDGE_LOOP('',(#1535,#1536,#1537,#1538));
#4394=EDGE_LOOP('',(#1539,#1540,#1541,#1542));
#4395=EDGE_LOOP('',(#1543,#1544,#1545,#1546,#1547,#1548,#1549,#1550,#1551,
#1552,#1553,#1554,#1555,#1556,#1557,#1558,#1559,#1560,#1561,#1562,#1563));
#4396=EDGE_LOOP('',(#1564));
#4397=EDGE_LOOP('',(#1565));
#4398=EDGE_LOOP('',(#1566));
#4399=EDGE_LOOP('',(#1567,#1568,#1569,#1570));
#4400=EDGE_LOOP('',(#1571,#1572,#1573,#1574));
#4401=EDGE_LOOP('',(#1575,#1576,#1577,#1578));
#4402=EDGE_LOOP('',(#1579,#1580,#1581,#1582));
#4403=EDGE_LOOP('',(#1583,#1584,#1585,#1586));
#4404=EDGE_LOOP('',(#1587,#1588,#1589,#1590));
#4405=EDGE_LOOP('',(#1591,#1592,#1593,#1594));
#4406=EDGE_LOOP('',(#1595,#1596,#1597,#1598));
#4407=EDGE_LOOP('',(#1599,#1600,#1601,#1602));
#4408=EDGE_LOOP('',(#1603,#1604,#1605,#1606));
#4409=EDGE_LOOP('',(#1607,#1608,#1609,#1610));
#4410=EDGE_LOOP('',(#1611,#1612,#1613,#1614));
#4411=EDGE_LOOP('',(#1615,#1616,#1617,#1618));
#4412=EDGE_LOOP('',(#1619,#1620,#1621,#1622));
#4413=EDGE_LOOP('',(#1623,#1624,#1625,#1626,#1627,#1628,#1629,#1630,#1631,
#1632,#1633,#1634,#1635,#1636));
#4414=EDGE_LOOP('',(#1637,#1638,#1639,#1640));
#4415=EDGE_LOOP('',(#1641,#1642,#1643,#1644));
#4416=EDGE_LOOP('',(#1645,#1646,#1647,#1648));
#4417=EDGE_LOOP('',(#1649,#1650,#1651,#1652));
#4418=EDGE_LOOP('',(#1653,#1654,#1655,#1656));
#4419=EDGE_LOOP('',(#1657,#1658,#1659,#1660));
#4420=EDGE_LOOP('',(#1661,#1662,#1663,#1664));
#4421=EDGE_LOOP('',(#1665,#1666,#1667,#1668));
#4422=EDGE_LOOP('',(#1669,#1670,#1671,#1672));
#4423=EDGE_LOOP('',(#1673,#1674,#1675,#1676));
#4424=EDGE_LOOP('',(#1677,#1678,#1679,#1680));
#4425=EDGE_LOOP('',(#1681,#1682,#1683,#1684));
#4426=EDGE_LOOP('',(#1685,#1686,#1687,#1688));
#4427=EDGE_LOOP('',(#1689,#1690,#1691,#1692));
#4428=EDGE_LOOP('',(#1693,#1694,#1695,#1696));
#4429=EDGE_LOOP('',(#1697,#1698,#1699,#1700));
#4430=EDGE_LOOP('',(#1701,#1702,#1703,#1704));
#4431=EDGE_LOOP('',(#1705,#1706,#1707,#1708));
#4432=EDGE_LOOP('',(#1709,#1710,#1711,#1712));
#4433=EDGE_LOOP('',(#1713,#1714,#1715,#1716));
#4434=EDGE_LOOP('',(#1717,#1718,#1719,#1720));
#4435=EDGE_LOOP('',(#1721,#1722,#1723,#1724));
#4436=EDGE_LOOP('',(#1725,#1726,#1727,#1728));
#4437=EDGE_LOOP('',(#1729,#1730,#1731,#1732));
#4438=EDGE_LOOP('',(#1733,#1734,#1735,#1736));
#4439=EDGE_LOOP('',(#1737,#1738,#1739,#1740));
#4440=EDGE_LOOP('',(#1741,#1742,#1743,#1744));
#4441=EDGE_LOOP('',(#1745,#1746,#1747,#1748));
#4442=EDGE_LOOP('',(#1749,#1750,#1751,#1752,#1753,#1754,#1755,#1756,#1757,
#1758,#1759,#1760,#1761,#1762,#1763,#1764,#1765,#1766,#1767,#1768,#1769,
#1770,#1771,#1772,#1773,#1774,#1775,#1776));
#4443=EDGE_LOOP('',(#1777,#1778,#1779,#1780));
#4444=EDGE_LOOP('',(#1781,#1782,#1783,#1784));
#4445=EDGE_LOOP('',(#1785,#1786,#1787,#1788));
#4446=EDGE_LOOP('',(#1789,#1790,#1791,#1792));
#4447=EDGE_LOOP('',(#1793,#1794,#1795,#1796));
#4448=EDGE_LOOP('',(#1797,#1798,#1799,#1800));
#4449=EDGE_LOOP('',(#1801,#1802,#1803,#1804));
#4450=EDGE_LOOP('',(#1805,#1806,#1807,#1808));
#4451=EDGE_LOOP('',(#1809,#1810,#1811,#1812));
#4452=EDGE_LOOP('',(#1813,#1814,#1815,#1816));
#4453=EDGE_LOOP('',(#1817,#1818,#1819,#1820));
#4454=EDGE_LOOP('',(#1821,#1822,#1823,#1824));
#4455=EDGE_LOOP('',(#1825,#1826,#1827,#1828));
#4456=EDGE_LOOP('',(#1829,#1830,#1831,#1832));
#4457=EDGE_LOOP('',(#1833,#1834,#1835,#1836));
#4458=EDGE_LOOP('',(#1837,#1838,#1839,#1840));
#4459=EDGE_LOOP('',(#1841,#1842,#1843,#1844));
#4460=EDGE_LOOP('',(#1845,#1846,#1847,#1848));
#4461=EDGE_LOOP('',(#1849,#1850,#1851,#1852));
#4462=EDGE_LOOP('',(#1853,#1854,#1855,#1856,#1857,#1858,#1859,#1860,#1861,
#1862,#1863,#1864,#1865,#1866,#1867,#1868,#1869,#1870,#1871));
#4463=EDGE_LOOP('',(#1872,#1873,#1874,#1875));
#4464=EDGE_LOOP('',(#1876,#1877,#1878,#1879));
#4465=EDGE_LOOP('',(#1880,#1881,#1882,#1883));
#4466=EDGE_LOOP('',(#1884,#1885,#1886,#1887));
#4467=EDGE_LOOP('',(#1888,#1889,#1890,#1891));
#4468=EDGE_LOOP('',(#1892,#1893,#1894,#1895));
#4469=EDGE_LOOP('',(#1896,#1897,#1898,#1899));
#4470=EDGE_LOOP('',(#1900,#1901,#1902,#1903));
#4471=EDGE_LOOP('',(#1904,#1905,#1906,#1907));
#4472=EDGE_LOOP('',(#1908,#1909,#1910,#1911));
#4473=EDGE_LOOP('',(#1912,#1913,#1914));
#4474=EDGE_LOOP('',(#1915,#1916,#1917,#1918,#1919,#1920,#1921));
#4475=EDGE_LOOP('',(#1922,#1923,#1924));
#4476=EDGE_LOOP('',(#1925,#1926,#1927,#1928));
#4477=EDGE_LOOP('',(#1929,#1930,#1931,#1932));
#4478=EDGE_LOOP('',(#1933,#1934,#1935,#1936));
#4479=EDGE_LOOP('',(#1937,#1938,#1939,#1940));
#4480=EDGE_LOOP('',(#1941,#1942,#1943,#1944));
#4481=EDGE_LOOP('',(#1945,#1946,#1947,#1948));
#4482=EDGE_LOOP('',(#1949,#1950,#1951,#1952));
#4483=EDGE_LOOP('',(#1953,#1954,#1955,#1956));
#4484=EDGE_LOOP('',(#1957,#1958,#1959,#1960));
#4485=EDGE_LOOP('',(#1961,#1962,#1963,#1964));
#4486=EDGE_LOOP('',(#1965,#1966,#1967,#1968));
#4487=EDGE_LOOP('',(#1969,#1970,#1971,#1972));
#4488=EDGE_LOOP('',(#1973,#1974,#1975,#1976));
#4489=EDGE_LOOP('',(#1977,#1978,#1979,#1980));
#4490=EDGE_LOOP('',(#1981,#1982,#1983,#1984));
#4491=EDGE_LOOP('',(#1985,#1986,#1987,#1988));
#4492=EDGE_LOOP('',(#1989,#1990,#1991,#1992));
#4493=EDGE_LOOP('',(#1993,#1994,#1995,#1996));
#4494=EDGE_LOOP('',(#1997,#1998,#1999,#2000));
#4495=EDGE_LOOP('',(#2001,#2002,#2003,#2004));
#4496=EDGE_LOOP('',(#2005,#2006,#2007,#2008));
#4497=EDGE_LOOP('',(#2009,#2010,#2011,#2012));
#4498=EDGE_LOOP('',(#2013,#2014,#2015,#2016));
#4499=EDGE_LOOP('',(#2017,#2018,#2019,#2020));
#4500=EDGE_LOOP('',(#2021,#2022,#2023,#2024));
#4501=EDGE_LOOP('',(#2025,#2026,#2027,#2028));
#4502=EDGE_LOOP('',(#2029,#2030,#2031,#2032));
#4503=EDGE_LOOP('',(#2033,#2034,#2035,#2036));
#4504=EDGE_LOOP('',(#2037,#2038,#2039,#2040));
#4505=EDGE_LOOP('',(#2041,#2042,#2043,#2044));
#4506=EDGE_LOOP('',(#2045,#2046,#2047,#2048));
#4507=EDGE_LOOP('',(#2049,#2050,#2051,#2052));
#4508=EDGE_LOOP('',(#2053,#2054,#2055,#2056));
#4509=EDGE_LOOP('',(#2057,#2058,#2059,#2060,#2061,#2062,#2063,#2064,#2065,
#2066,#2067,#2068,#2069,#2070,#2071,#2072,#2073,#2074,#2075,#2076,#2077,
#2078,#2079,#2080,#2081,#2082,#2083,#2084,#2085,#2086,#2087,#2088,#2089));
#4510=FACE_BOUND('',#4199,.T.);
#4511=FACE_BOUND('',#4200,.T.);
#4512=FACE_BOUND('',#4201,.T.);
#4513=FACE_BOUND('',#4202,.T.);
#4514=FACE_BOUND('',#4203,.T.);
#4515=FACE_BOUND('',#4204,.T.);
#4516=FACE_BOUND('',#4205,.T.);
#4517=FACE_BOUND('',#4206,.T.);
#4518=FACE_BOUND('',#4207,.T.);
#4519=FACE_BOUND('',#4208,.T.);
#4520=FACE_BOUND('',#4209,.T.);
#4521=FACE_BOUND('',#4210,.T.);
#4522=FACE_BOUND('',#4211,.T.);
#4523=FACE_BOUND('',#4212,.T.);
#4524=FACE_BOUND('',#4213,.T.);
#4525=FACE_BOUND('',#4214,.T.);
#4526=FACE_BOUND('',#4215,.T.);
#4527=FACE_BOUND('',#4216,.T.);
#4528=FACE_BOUND('',#4217,.T.);
#4529=FACE_BOUND('',#4218,.T.);
#4530=FACE_BOUND('',#4219,.T.);
#4531=FACE_BOUND('',#4220,.T.);
#4532=FACE_BOUND('',#4221,.T.);
#4533=FACE_BOUND('',#4222,.T.);
#4534=FACE_BOUND('',#4223,.T.);
#4535=FACE_BOUND('',#4224,.T.);
#4536=FACE_BOUND('',#4225,.T.);
#4537=FACE_BOUND('',#4226,.T.);
#4538=FACE_BOUND('',#4227,.T.);
#4539=FACE_BOUND('',#4228,.T.);
#4540=FACE_BOUND('',#4229,.T.);
#4541=FACE_BOUND('',#4230,.T.);
#4542=FACE_BOUND('',#4231,.T.);
#4543=FACE_BOUND('',#4232,.T.);
#4544=FACE_BOUND('',#4233,.T.);
#4545=FACE_BOUND('',#4234,.T.);
#4546=FACE_BOUND('',#4235,.T.);
#4547=FACE_BOUND('',#4236,.T.);
#4548=FACE_BOUND('',#4237,.T.);
#4549=FACE_BOUND('',#4238,.T.);
#4550=FACE_BOUND('',#4239,.T.);
#4551=FACE_BOUND('',#4240,.T.);
#4552=FACE_BOUND('',#4241,.T.);
#4553=FACE_BOUND('',#4242,.T.);
#4554=FACE_BOUND('',#4243,.T.);
#4555=FACE_BOUND('',#4244,.T.);
#4556=FACE_BOUND('',#4245,.T.);
#4557=FACE_BOUND('',#4246,.T.);
#4558=FACE_BOUND('',#4247,.T.);
#4559=FACE_BOUND('',#4248,.T.);
#4560=FACE_BOUND('',#4249,.T.);
#4561=FACE_BOUND('',#4250,.T.);
#4562=FACE_BOUND('',#4251,.T.);
#4563=FACE_BOUND('',#4252,.T.);
#4564=FACE_BOUND('',#4253,.T.);
#4565=FACE_BOUND('',#4254,.T.);
#4566=FACE_BOUND('',#4255,.T.);
#4567=FACE_BOUND('',#4256,.T.);
#4568=FACE_BOUND('',#4257,.T.);
#4569=FACE_BOUND('',#4258,.T.);
#4570=FACE_BOUND('',#4259,.T.);
#4571=FACE_BOUND('',#4260,.T.);
#4572=FACE_BOUND('',#4261,.T.);
#4573=FACE_BOUND('',#4262,.T.);
#4574=FACE_BOUND('',#4263,.T.);
#4575=FACE_BOUND('',#4264,.T.);
#4576=FACE_BOUND('',#4265,.T.);
#4577=FACE_BOUND('',#4266,.T.);
#4578=FACE_BOUND('',#4267,.T.);
#4579=FACE_BOUND('',#4268,.T.);
#4580=FACE_BOUND('',#4269,.T.);
#4581=FACE_BOUND('',#4270,.T.);
#4582=FACE_BOUND('',#4271,.T.);
#4583=FACE_BOUND('',#4272,.T.);
#4584=FACE_BOUND('',#4273,.T.);
#4585=FACE_BOUND('',#4274,.T.);
#4586=FACE_BOUND('',#4275,.T.);
#4587=FACE_BOUND('',#4276,.T.);
#4588=FACE_BOUND('',#4277,.T.);
#4589=FACE_BOUND('',#4278,.T.);
#4590=FACE_BOUND('',#4279,.T.);
#4591=FACE_BOUND('',#4280,.T.);
#4592=FACE_BOUND('',#4281,.T.);
#4593=FACE_BOUND('',#4282,.T.);
#4594=FACE_BOUND('',#4283,.T.);
#4595=FACE_BOUND('',#4284,.T.);
#4596=FACE_BOUND('',#4285,.T.);
#4597=FACE_BOUND('',#4286,.T.);
#4598=FACE_BOUND('',#4287,.T.);
#4599=FACE_BOUND('',#4288,.T.);
#4600=FACE_BOUND('',#4289,.T.);
#4601=FACE_BOUND('',#4290,.T.);
#4602=FACE_BOUND('',#4291,.T.);
#4603=FACE_BOUND('',#4292,.T.);
#4604=FACE_BOUND('',#4293,.T.);
#4605=FACE_BOUND('',#4294,.T.);
#4606=FACE_BOUND('',#4295,.T.);
#4607=FACE_BOUND('',#4296,.T.);
#4608=FACE_BOUND('',#4297,.T.);
#4609=FACE_BOUND('',#4298,.T.);
#4610=FACE_BOUND('',#4299,.T.);
#4611=FACE_BOUND('',#4300,.T.);
#4612=FACE_BOUND('',#4301,.T.);
#4613=FACE_BOUND('',#4302,.T.);
#4614=FACE_BOUND('',#4303,.T.);
#4615=FACE_BOUND('',#4304,.T.);
#4616=FACE_BOUND('',#4305,.T.);
#4617=FACE_BOUND('',#4306,.T.);
#4618=FACE_BOUND('',#4307,.T.);
#4619=FACE_BOUND('',#4308,.T.);
#4620=FACE_BOUND('',#4309,.T.);
#4621=FACE_BOUND('',#4310,.T.);
#4622=FACE_BOUND('',#4311,.T.);
#4623=FACE_BOUND('',#4312,.T.);
#4624=FACE_BOUND('',#4313,.T.);
#4625=FACE_BOUND('',#4314,.T.);
#4626=FACE_BOUND('',#4315,.T.);
#4627=FACE_BOUND('',#4316,.T.);
#4628=FACE_BOUND('',#4317,.T.);
#4629=FACE_BOUND('',#4318,.T.);
#4630=FACE_BOUND('',#4319,.T.);
#4631=FACE_BOUND('',#4320,.T.);
#4632=FACE_BOUND('',#4321,.T.);
#4633=FACE_BOUND('',#4322,.T.);
#4634=FACE_BOUND('',#4323,.T.);
#4635=FACE_BOUND('',#4324,.T.);
#4636=FACE_BOUND('',#4325,.T.);
#4637=FACE_BOUND('',#4326,.T.);
#4638=FACE_BOUND('',#4327,.T.);
#4639=FACE_BOUND('',#4328,.T.);
#4640=FACE_BOUND('',#4329,.T.);
#4641=FACE_BOUND('',#4330,.T.);
#4642=FACE_BOUND('',#4331,.T.);
#4643=FACE_BOUND('',#4332,.T.);
#4644=FACE_BOUND('',#4333,.T.);
#4645=FACE_BOUND('',#4334,.T.);
#4646=FACE_BOUND('',#4335,.T.);
#4647=FACE_BOUND('',#4336,.T.);
#4648=FACE_BOUND('',#4337,.T.);
#4649=FACE_BOUND('',#4338,.T.);
#4650=FACE_BOUND('',#4339,.T.);
#4651=FACE_BOUND('',#4340,.T.);
#4652=FACE_BOUND('',#4341,.T.);
#4653=FACE_BOUND('',#4342,.T.);
#4654=FACE_BOUND('',#4343,.T.);
#4655=FACE_BOUND('',#4344,.T.);
#4656=FACE_BOUND('',#4345,.T.);
#4657=FACE_BOUND('',#4346,.T.);
#4658=FACE_BOUND('',#4347,.T.);
#4659=FACE_BOUND('',#4348,.T.);
#4660=FACE_BOUND('',#4349,.T.);
#4661=FACE_BOUND('',#4350,.T.);
#4662=FACE_BOUND('',#4351,.T.);
#4663=FACE_BOUND('',#4352,.T.);
#4664=FACE_BOUND('',#4353,.T.);
#4665=FACE_BOUND('',#4354,.T.);
#4666=FACE_BOUND('',#4355,.T.);
#4667=FACE_BOUND('',#4356,.T.);
#4668=FACE_BOUND('',#4357,.T.);
#4669=FACE_BOUND('',#4358,.T.);
#4670=FACE_BOUND('',#4359,.T.);
#4671=FACE_BOUND('',#4360,.T.);
#4672=FACE_BOUND('',#4361,.T.);
#4673=FACE_BOUND('',#4362,.T.);
#4674=FACE_BOUND('',#4363,.T.);
#4675=FACE_BOUND('',#4364,.T.);
#4676=FACE_BOUND('',#4365,.T.);
#4677=FACE_BOUND('',#4366,.T.);
#4678=FACE_BOUND('',#4367,.T.);
#4679=FACE_BOUND('',#4368,.T.);
#4680=FACE_BOUND('',#4369,.T.);
#4681=FACE_BOUND('',#4370,.T.);
#4682=FACE_BOUND('',#4371,.T.);
#4683=FACE_BOUND('',#4372,.T.);
#4684=FACE_BOUND('',#4373,.T.);
#4685=FACE_BOUND('',#4374,.T.);
#4686=FACE_BOUND('',#4375,.T.);
#4687=FACE_BOUND('',#4376,.T.);
#4688=FACE_BOUND('',#4377,.T.);
#4689=FACE_BOUND('',#4378,.T.);
#4690=FACE_BOUND('',#4379,.T.);
#4691=FACE_BOUND('',#4380,.T.);
#4692=FACE_BOUND('',#4381,.T.);
#4693=FACE_BOUND('',#4382,.T.);
#4694=FACE_BOUND('',#4383,.T.);
#4695=FACE_BOUND('',#4384,.T.);
#4696=FACE_BOUND('',#4385,.T.);
#4697=FACE_BOUND('',#4386,.T.);
#4698=FACE_BOUND('',#4387,.T.);
#4699=FACE_BOUND('',#4388,.T.);
#4700=FACE_BOUND('',#4389,.T.);
#4701=FACE_BOUND('',#4390,.T.);
#4702=FACE_BOUND('',#4391,.T.);
#4703=FACE_BOUND('',#4392,.T.);
#4704=FACE_BOUND('',#4393,.T.);
#4705=FACE_BOUND('',#4394,.T.);
#4706=FACE_BOUND('',#4395,.T.);
#4707=FACE_BOUND('',#4396,.T.);
#4708=FACE_BOUND('',#4397,.T.);
#4709=FACE_BOUND('',#4398,.T.);
#4710=FACE_BOUND('',#4399,.T.);
#4711=FACE_BOUND('',#4400,.T.);
#4712=FACE_BOUND('',#4401,.T.);
#4713=FACE_BOUND('',#4402,.T.);
#4714=FACE_BOUND('',#4403,.T.);
#4715=FACE_BOUND('',#4404,.T.);
#4716=FACE_BOUND('',#4405,.T.);
#4717=FACE_BOUND('',#4406,.T.);
#4718=FACE_BOUND('',#4407,.T.);
#4719=FACE_BOUND('',#4408,.T.);
#4720=FACE_BOUND('',#4409,.T.);
#4721=FACE_BOUND('',#4410,.T.);
#4722=FACE_BOUND('',#4411,.T.);
#4723=FACE_BOUND('',#4412,.T.);
#4724=FACE_BOUND('',#4413,.T.);
#4725=FACE_BOUND('',#4414,.T.);
#4726=FACE_BOUND('',#4415,.T.);
#4727=FACE_BOUND('',#4416,.T.);
#4728=FACE_BOUND('',#4417,.T.);
#4729=FACE_BOUND('',#4418,.T.);
#4730=FACE_BOUND('',#4419,.T.);
#4731=FACE_BOUND('',#4420,.T.);
#4732=FACE_BOUND('',#4421,.T.);
#4733=FACE_BOUND('',#4422,.T.);
#4734=FACE_BOUND('',#4423,.T.);
#4735=FACE_BOUND('',#4424,.T.);
#4736=FACE_BOUND('',#4425,.T.);
#4737=FACE_BOUND('',#4426,.T.);
#4738=FACE_BOUND('',#4427,.T.);
#4739=FACE_BOUND('',#4428,.T.);
#4740=FACE_BOUND('',#4429,.T.);
#4741=FACE_BOUND('',#4430,.T.);
#4742=FACE_BOUND('',#4431,.T.);
#4743=FACE_BOUND('',#4432,.T.);
#4744=FACE_BOUND('',#4433,.T.);
#4745=FACE_BOUND('',#4434,.T.);
#4746=FACE_BOUND('',#4435,.T.);
#4747=FACE_BOUND('',#4436,.T.);
#4748=FACE_BOUND('',#4437,.T.);
#4749=FACE_BOUND('',#4438,.T.);
#4750=FACE_BOUND('',#4439,.T.);
#4751=FACE_BOUND('',#4440,.T.);
#4752=FACE_BOUND('',#4441,.T.);
#4753=FACE_BOUND('',#4442,.T.);
#4754=FACE_BOUND('',#4443,.T.);
#4755=FACE_BOUND('',#4444,.T.);
#4756=FACE_BOUND('',#4445,.T.);
#4757=FACE_BOUND('',#4446,.T.);
#4758=FACE_BOUND('',#4447,.T.);
#4759=FACE_BOUND('',#4448,.T.);
#4760=FACE_BOUND('',#4449,.T.);
#4761=FACE_BOUND('',#4450,.T.);
#4762=FACE_BOUND('',#4451,.T.);
#4763=FACE_BOUND('',#4452,.T.);
#4764=FACE_BOUND('',#4453,.T.);
#4765=FACE_BOUND('',#4454,.T.);
#4766=FACE_BOUND('',#4455,.T.);
#4767=FACE_BOUND('',#4456,.T.);
#4768=FACE_BOUND('',#4457,.T.);
#4769=FACE_BOUND('',#4458,.T.);
#4770=FACE_BOUND('',#4459,.T.);
#4771=FACE_BOUND('',#4460,.T.);
#4772=FACE_BOUND('',#4461,.T.);
#4773=FACE_BOUND('',#4462,.T.);
#4774=FACE_BOUND('',#4463,.T.);
#4775=FACE_BOUND('',#4464,.T.);
#4776=FACE_BOUND('',#4465,.T.);
#4777=FACE_BOUND('',#4466,.T.);
#4778=FACE_BOUND('',#4467,.T.);
#4779=FACE_BOUND('',#4468,.T.);
#4780=FACE_BOUND('',#4469,.T.);
#4781=FACE_BOUND('',#4470,.T.);
#4782=FACE_BOUND('',#4471,.T.);
#4783=FACE_BOUND('',#4472,.T.);
#4784=FACE_BOUND('',#4473,.T.);
#4785=FACE_BOUND('',#4474,.T.);
#4786=FACE_BOUND('',#4475,.T.);
#4787=FACE_BOUND('',#4476,.T.);
#4788=FACE_BOUND('',#4477,.T.);
#4789=FACE_BOUND('',#4478,.T.);
#4790=FACE_BOUND('',#4479,.T.);
#4791=FACE_BOUND('',#4480,.T.);
#4792=FACE_BOUND('',#4481,.T.);
#4793=FACE_BOUND('',#4482,.T.);
#4794=FACE_BOUND('',#4483,.T.);
#4795=FACE_BOUND('',#4484,.T.);
#4796=FACE_BOUND('',#4485,.T.);
#4797=FACE_BOUND('',#4486,.T.);
#4798=FACE_BOUND('',#4487,.T.);
#4799=FACE_BOUND('',#4488,.T.);
#4800=FACE_BOUND('',#4489,.T.);
#4801=FACE_BOUND('',#4490,.T.);
#4802=FACE_BOUND('',#4491,.T.);
#4803=FACE_BOUND('',#4492,.T.);
#4804=FACE_BOUND('',#4493,.T.);
#4805=FACE_BOUND('',#4494,.T.);
#4806=FACE_BOUND('',#4495,.T.);
#4807=FACE_BOUND('',#4496,.T.);
#4808=FACE_BOUND('',#4497,.T.);
#4809=FACE_BOUND('',#4498,.T.);
#4810=FACE_BOUND('',#4499,.T.);
#4811=FACE_BOUND('',#4500,.T.);
#4812=FACE_BOUND('',#4501,.T.);
#4813=FACE_BOUND('',#4502,.T.);
#4814=FACE_BOUND('',#4503,.T.);
#4815=FACE_BOUND('',#4504,.T.);
#4816=FACE_BOUND('',#4505,.T.);
#4817=FACE_BOUND('',#4506,.T.);
#4818=FACE_BOUND('',#4507,.T.);
#4819=FACE_BOUND('',#4508,.T.);
#4820=FACE_BOUND('',#4509,.T.);
#4821=CYLINDRICAL_SURFACE('',#7182,0.22318265555608);
#4822=CYLINDRICAL_SURFACE('',#7201,0.22318265555608);
#4823=CYLINDRICAL_SURFACE('',#7219,0.240748696125791);
#4824=CYLINDRICAL_SURFACE('',#7221,0.0300803598209425);
#4825=CYLINDRICAL_SURFACE('',#7223,0.03);
#4826=CYLINDRICAL_SURFACE('',#7225,0.22318265555608);
#4827=CYLINDRICAL_SURFACE('',#7227,0.01);
#4828=CYLINDRICAL_SURFACE('',#7228,0.03);
#4829=CYLINDRICAL_SURFACE('',#7229,0.0100000000000025);
#4830=CYLINDRICAL_SURFACE('',#7230,0.211264951321159);
#4831=CYLINDRICAL_SURFACE('',#7246,0.03);
#4832=CYLINDRICAL_SURFACE('',#7249,0.22318265555608);
#4833=CYLINDRICAL_SURFACE('',#7252,0.01);
#4834=CYLINDRICAL_SURFACE('',#7253,0.03);
#4835=CYLINDRICAL_SURFACE('',#7254,0.0100000000000025);
#4836=CYLINDRICAL_SURFACE('',#7255,0.211264951321159);
#4837=CYLINDRICAL_SURFACE('',#7269,0.240748696125791);
#4838=CYLINDRICAL_SURFACE('',#7272,0.0300803598209425);
#4839=CYLINDRICAL_SURFACE('',#7306,0.01);
#4840=CYLINDRICAL_SURFACE('',#7307,0.01);
#4841=CYLINDRICAL_SURFACE('',#7308,0.01);
#4842=CYLINDRICAL_SURFACE('',#7309,0.01);
#4843=CYLINDRICAL_SURFACE('',#7310,0.01);
#4844=CYLINDRICAL_SURFACE('',#7311,0.01);
#4845=CYLINDRICAL_SURFACE('',#7312,0.01);
#4846=CYLINDRICAL_SURFACE('',#7313,0.01);
#4847=CYLINDRICAL_SURFACE('',#7314,0.01);
#4848=CYLINDRICAL_SURFACE('',#7315,0.01);
#4849=CYLINDRICAL_SURFACE('',#7317,0.01);
#4850=CYLINDRICAL_SURFACE('',#7319,0.01);
#4851=CYLINDRICAL_SURFACE('',#7321,0.01);
#4852=CYLINDRICAL_SURFACE('',#7323,0.01);
#4853=CYLINDRICAL_SURFACE('',#7324,0.01);
#4854=CYLINDRICAL_SURFACE('',#7325,0.01);
#4855=CYLINDRICAL_SURFACE('',#7326,0.003);
#4856=CYLINDRICAL_SURFACE('',#7330,0.003);
#4857=CYLINDRICAL_SURFACE('',#7331,0.003);
#4858=CYLINDRICAL_SURFACE('',#7335,0.003);
#4859=CYLINDRICAL_SURFACE('',#7336,0.003);
#4860=CYLINDRICAL_SURFACE('',#7340,0.003);
#4861=CYLINDRICAL_SURFACE('',#7341,0.003);
#4862=CYLINDRICAL_SURFACE('',#7345,0.003);
#4863=CYLINDRICAL_SURFACE('',#7382,0.02);
#4864=CYLINDRICAL_SURFACE('',#7385,0.02);
#4865=CYLINDRICAL_SURFACE('',#7388,0.02);
#4866=CYLINDRICAL_SURFACE('',#7391,0.02);
#4867=CYLINDRICAL_SURFACE('',#7394,0.005);
#4868=CYLINDRICAL_SURFACE('',#7398,0.005);
#4869=CYLINDRICAL_SURFACE('',#7402,0.005);
#4870=CYLINDRICAL_SURFACE('',#7406,0.005);
#4871=CYLINDRICAL_SURFACE('',#7408,0.005);
#4872=CYLINDRICAL_SURFACE('',#7414,0.005);
#4873=CYLINDRICAL_SURFACE('',#7416,0.005);
#4874=CYLINDRICAL_SURFACE('',#7419,0.005);
#4875=CYLINDRICAL_SURFACE('',#7423,0.005);
#4876=CYLINDRICAL_SURFACE('',#7427,0.005);
#4877=CYLINDRICAL_SURFACE('',#7428,0.003);
#4878=CYLINDRICAL_SURFACE('',#7432,0.003);
#4879=CYLINDRICAL_SURFACE('',#7436,0.003);
#4880=CYLINDRICAL_SURFACE('',#7437,0.003);
#4881=CYLINDRICAL_SURFACE('',#7439,0.003);
#4882=CYLINDRICAL_SURFACE('',#7441,0.003);
#4883=CYLINDRICAL_SURFACE('',#7442,0.003);
#4884=CYLINDRICAL_SURFACE('',#7444,0.003);
#4885=CYLINDRICAL_SURFACE('',#7446,0.003);
#4886=CYLINDRICAL_SURFACE('',#7447,0.003);
#4887=CYLINDRICAL_SURFACE('',#7451,0.003);
#4888=CYLINDRICAL_SURFACE('',#7455,0.003);
#4889=CYLINDRICAL_SURFACE('',#7456,0.388553763974459);
#4890=CYLINDRICAL_SURFACE('',#7458,0.107887581060749);
#4891=CYLINDRICAL_SURFACE('',#7515,0.0365043264239264);
#4892=STYLED_ITEM('',(#5177),#6890);
#4893=STYLED_ITEM('',(#5178),#6891);
#4894=STYLED_ITEM('',(#5179),#6892);
#4895=STYLED_ITEM('',(#5180),#6893);
#4896=STYLED_ITEM('',(#5181),#6894);
#4897=STYLED_ITEM('',(#5182),#6895);
#4898=STYLED_ITEM('',(#5183),#6896);
#4899=STYLED_ITEM('',(#5184),#6897);
#4900=STYLED_ITEM('',(#5185),#6898);
#4901=STYLED_ITEM('',(#5186),#6899);
#4902=STYLED_ITEM('',(#5187),#6900);
#4903=STYLED_ITEM('',(#5188),#6901);
#4904=STYLED_ITEM('',(#5189),#6902);
#4905=STYLED_ITEM('',(#5190),#6903);
#4906=STYLED_ITEM('',(#5191),#6904);
#4907=STYLED_ITEM('',(#5192),#6905);
#4908=STYLED_ITEM('',(#5193),#6906);
#4909=STYLED_ITEM('',(#5194),#6907);
#4910=STYLED_ITEM('',(#5195),#6908);
#4911=STYLED_ITEM('',(#5196),#6909);
#4912=STYLED_ITEM('',(#5197),#6910);
#4913=STYLED_ITEM('',(#5198),#6911);
#4914=STYLED_ITEM('',(#5199),#6912);
#4915=STYLED_ITEM('',(#5200),#6913);
#4916=STYLED_ITEM('',(#5201),#6914);
#4917=STYLED_ITEM('',(#5202),#6915);
#4918=STYLED_ITEM('',(#5203),#6916);
#4919=STYLED_ITEM('',(#5204),#6917);
#4920=STYLED_ITEM('',(#5205),#6918);
#4921=STYLED_ITEM('',(#5206),#6919);
#4922=STYLED_ITEM('',(#5207),#6920);
#4923=STYLED_ITEM('',(#5208),#6921);
#4924=STYLED_ITEM('',(#5209),#6922);
#4925=STYLED_ITEM('',(#5210),#6923);
#4926=STYLED_ITEM('',(#5211),#6924);
#4927=STYLED_ITEM('',(#5212),#6925);
#4928=STYLED_ITEM('',(#5213),#6926);
#4929=STYLED_ITEM('',(#5214),#6927);
#4930=STYLED_ITEM('',(#5215),#6928);
#4931=STYLED_ITEM('',(#5216),#6929);
#4932=STYLED_ITEM('',(#5217),#6930);
#4933=STYLED_ITEM('',(#5218),#6931);
#4934=STYLED_ITEM('',(#5219),#6932);
#4935=STYLED_ITEM('',(#5220),#6933);
#4936=STYLED_ITEM('',(#5221),#6934);
#4937=STYLED_ITEM('',(#5222),#6935);
#4938=STYLED_ITEM('',(#5223),#6936);
#4939=STYLED_ITEM('',(#5224),#6937);
#4940=STYLED_ITEM('',(#5225),#6938);
#4941=STYLED_ITEM('',(#5226),#6939);
#4942=STYLED_ITEM('',(#5227),#6940);
#4943=STYLED_ITEM('',(#5228),#6941);
#4944=STYLED_ITEM('',(#5229),#6942);
#4945=STYLED_ITEM('',(#5230),#6943);
#4946=STYLED_ITEM('',(#5231),#6944);
#4947=STYLED_ITEM('',(#5232),#6945);
#4948=STYLED_ITEM('',(#5233),#6946);
#4949=STYLED_ITEM('',(#5234),#6947);
#4950=STYLED_ITEM('',(#5235),#6948);
#4951=STYLED_ITEM('',(#5236),#6949);
#4952=STYLED_ITEM('',(#5237),#6950);
#4953=STYLED_ITEM('',(#5238),#6951);
#4954=STYLED_ITEM('',(#5239),#6952);
#4955=STYLED_ITEM('',(#5240),#6953);
#4956=STYLED_ITEM('',(#5241),#6954);
#4957=STYLED_ITEM('',(#5242),#6955);
#4958=STYLED_ITEM('',(#5243),#6956);
#4959=STYLED_ITEM('',(#5244),#6957);
#4960=STYLED_ITEM('',(#5245),#6958);
#4961=STYLED_ITEM('',(#5246),#6959);
#4962=STYLED_ITEM('',(#5247),#6960);
#4963=STYLED_ITEM('',(#5248),#6961);
#4964=STYLED_ITEM('',(#5249),#6962);
#4965=STYLED_ITEM('',(#5250),#6963);
#4966=STYLED_ITEM('',(#5251),#6964);
#4967=STYLED_ITEM('',(#5252),#6965);
#4968=STYLED_ITEM('',(#5253),#6966);
#4969=STYLED_ITEM('',(#5254),#6967);
#4970=STYLED_ITEM('',(#5255),#6968);
#4971=STYLED_ITEM('',(#5256),#6969);
#4972=STYLED_ITEM('',(#5257),#6970);
#4973=STYLED_ITEM('',(#5258),#6971);
#4974=STYLED_ITEM('',(#5259),#6972);
#4975=STYLED_ITEM('',(#5260),#6973);
#4976=STYLED_ITEM('',(#5261),#6974);
#4977=STYLED_ITEM('',(#5262),#6975);
#4978=STYLED_ITEM('',(#5263),#6976);
#4979=STYLED_ITEM('',(#5264),#6977);
#4980=STYLED_ITEM('',(#5265),#6978);
#4981=STYLED_ITEM('',(#5266),#6979);
#4982=STYLED_ITEM('',(#5267),#6980);
#4983=STYLED_ITEM('',(#5268),#6981);
#4984=STYLED_ITEM('',(#5269),#6982);
#4985=STYLED_ITEM('',(#5270),#6983);
#4986=STYLED_ITEM('',(#5271),#6984);
#4987=STYLED_ITEM('',(#5272),#6985);
#4988=STYLED_ITEM('',(#5273),#6986);
#4989=STYLED_ITEM('',(#5274),#6987);
#4990=STYLED_ITEM('',(#5275),#6988);
#4991=STYLED_ITEM('',(#5276),#6989);
#4992=STYLED_ITEM('',(#5277),#6990);
#4993=STYLED_ITEM('',(#5278),#6991);
#4994=STYLED_ITEM('',(#5279),#6992);
#4995=STYLED_ITEM('',(#5280),#6993);
#4996=STYLED_ITEM('',(#5281),#6994);
#4997=STYLED_ITEM('',(#5282),#6995);
#4998=STYLED_ITEM('',(#5283),#6996);
#4999=STYLED_ITEM('',(#5284),#6997);
#5000=STYLED_ITEM('',(#5285),#6998);
#5001=STYLED_ITEM('',(#5286),#6999);
#5002=STYLED_ITEM('',(#5287),#7000);
#5003=STYLED_ITEM('',(#5288),#7001);
#5004=STYLED_ITEM('',(#5289),#7002);
#5005=STYLED_ITEM('',(#5290),#7003);
#5006=STYLED_ITEM('',(#5291),#7004);
#5007=STYLED_ITEM('',(#5292),#7005);
#5008=STYLED_ITEM('',(#5293),#7006);
#5009=STYLED_ITEM('',(#5294),#7007);
#5010=STYLED_ITEM('',(#5295),#7008);
#5011=STYLED_ITEM('',(#5296),#7009);
#5012=STYLED_ITEM('',(#5297),#7010);
#5013=STYLED_ITEM('',(#5298),#7011);
#5014=STYLED_ITEM('',(#5299),#7012);
#5015=STYLED_ITEM('',(#5300),#7013);
#5016=STYLED_ITEM('',(#5301),#7014);
#5017=STYLED_ITEM('',(#5302),#7015);
#5018=STYLED_ITEM('',(#5303),#7016);
#5019=STYLED_ITEM('',(#5304),#7017);
#5020=STYLED_ITEM('',(#5305),#7018);
#5021=STYLED_ITEM('',(#5306),#7019);
#5022=STYLED_ITEM('',(#5307),#7020);
#5023=STYLED_ITEM('',(#5308),#7021);
#5024=STYLED_ITEM('',(#5309),#7022);
#5025=STYLED_ITEM('',(#5310),#7023);
#5026=STYLED_ITEM('',(#5311),#7024);
#5027=STYLED_ITEM('',(#5312),#7025);
#5028=STYLED_ITEM('',(#5313),#7026);
#5029=STYLED_ITEM('',(#5314),#7027);
#5030=STYLED_ITEM('',(#5315),#7028);
#5031=STYLED_ITEM('',(#5316),#7029);
#5032=STYLED_ITEM('',(#5317),#7030);
#5033=STYLED_ITEM('',(#5318),#7031);
#5034=STYLED_ITEM('',(#5319),#7032);
#5035=STYLED_ITEM('',(#5320),#7033);
#5036=STYLED_ITEM('',(#5321),#7034);
#5037=STYLED_ITEM('',(#5322),#7035);
#5038=STYLED_ITEM('',(#5323),#7036);
#5039=STYLED_ITEM('',(#5324),#7037);
#5040=STYLED_ITEM('',(#5325),#7038);
#5041=STYLED_ITEM('',(#5326),#7039);
#5042=STYLED_ITEM('',(#5327),#7040);
#5043=STYLED_ITEM('',(#5328),#7041);
#5044=STYLED_ITEM('',(#5329),#7042);
#5045=STYLED_ITEM('',(#5330),#7043);
#5046=STYLED_ITEM('',(#5331),#7044);
#5047=STYLED_ITEM('',(#5332),#7045);
#5048=STYLED_ITEM('',(#5333),#7046);
#5049=STYLED_ITEM('',(#5334),#7047);
#5050=STYLED_ITEM('',(#5335),#7048);
#5051=STYLED_ITEM('',(#5336),#7049);
#5052=STYLED_ITEM('',(#5337),#7050);
#5053=STYLED_ITEM('',(#5338),#7051);
#5054=STYLED_ITEM('',(#5339),#7052);
#5055=STYLED_ITEM('',(#5340),#7053);
#5056=STYLED_ITEM('',(#5341),#7054);
#5057=STYLED_ITEM('',(#5342),#7055);
#5058=STYLED_ITEM('',(#5343),#7056);
#5059=STYLED_ITEM('',(#5344),#7057);
#5060=STYLED_ITEM('',(#5345),#7058);
#5061=STYLED_ITEM('',(#5346),#7059);
#5062=STYLED_ITEM('',(#5347),#7060);
#5063=STYLED_ITEM('',(#5348),#7061);
#5064=STYLED_ITEM('',(#5349),#7062);
#5065=STYLED_ITEM('',(#5350),#7063);
#5066=STYLED_ITEM('',(#5351),#7064);
#5067=STYLED_ITEM('',(#5352),#7065);
#5068=STYLED_ITEM('',(#5353),#7066);
#5069=STYLED_ITEM('',(#5354),#7067);
#5070=STYLED_ITEM('',(#5355),#7068);
#5071=STYLED_ITEM('',(#5356),#7069);
#5072=STYLED_ITEM('',(#5357),#7070);
#5073=STYLED_ITEM('',(#5358),#7071);
#5074=STYLED_ITEM('',(#5359),#7072);
#5075=STYLED_ITEM('',(#5360),#7073);
#5076=STYLED_ITEM('',(#5361),#7074);
#5077=STYLED_ITEM('',(#5362),#7075);
#5078=STYLED_ITEM('',(#5363),#7076);
#5079=STYLED_ITEM('',(#5364),#7077);
#5080=STYLED_ITEM('',(#5365),#7078);
#5081=STYLED_ITEM('',(#5366),#7079);
#5082=STYLED_ITEM('',(#5367),#7080);
#5083=STYLED_ITEM('',(#5368),#7081);
#5084=STYLED_ITEM('',(#5369),#7082);
#5085=STYLED_ITEM('',(#5370),#7083);
#5086=STYLED_ITEM('',(#5371),#7084);
#5087=STYLED_ITEM('',(#5372),#7085);
#5088=STYLED_ITEM('',(#5373),#7086);
#5089=STYLED_ITEM('',(#5374),#7087);
#5090=STYLED_ITEM('',(#5375),#7088);
#5091=STYLED_ITEM('',(#5376),#7089);
#5092=STYLED_ITEM('',(#5377),#7090);
#5093=STYLED_ITEM('',(#5378),#7091);
#5094=STYLED_ITEM('',(#5379),#7092);
#5095=STYLED_ITEM('',(#5380),#7093);
#5096=STYLED_ITEM('',(#5381),#7094);
#5097=STYLED_ITEM('',(#5382),#7095);
#5098=STYLED_ITEM('',(#5383),#7096);
#5099=STYLED_ITEM('',(#5384),#7097);
#5100=STYLED_ITEM('',(#5385),#7098);
#5101=STYLED_ITEM('',(#5386),#7099);
#5102=STYLED_ITEM('',(#5387),#7100);
#5103=STYLED_ITEM('',(#5388),#7101);
#5104=STYLED_ITEM('',(#5389),#7102);
#5105=STYLED_ITEM('',(#5390),#7103);
#5106=STYLED_ITEM('',(#5391),#7104);
#5107=STYLED_ITEM('',(#5392),#7105);
#5108=STYLED_ITEM('',(#5393),#7106);
#5109=STYLED_ITEM('',(#5394),#7107);
#5110=STYLED_ITEM('',(#5395),#7108);
#5111=STYLED_ITEM('',(#5396),#7109);
#5112=STYLED_ITEM('',(#5397),#7110);
#5113=STYLED_ITEM('',(#5398),#7111);
#5114=STYLED_ITEM('',(#5399),#7112);
#5115=STYLED_ITEM('',(#5400),#7113);
#5116=STYLED_ITEM('',(#5401),#7114);
#5117=STYLED_ITEM('',(#5402),#7115);
#5118=STYLED_ITEM('',(#5403),#7116);
#5119=STYLED_ITEM('',(#5404),#7117);
#5120=STYLED_ITEM('',(#5405),#7118);
#5121=STYLED_ITEM('',(#5406),#7119);
#5122=STYLED_ITEM('',(#5407),#7120);
#5123=STYLED_ITEM('',(#5408),#7121);
#5124=STYLED_ITEM('',(#5409),#7122);
#5125=STYLED_ITEM('',(#5410),#7123);
#5126=STYLED_ITEM('',(#5411),#7124);
#5127=STYLED_ITEM('',(#5412),#7125);
#5128=STYLED_ITEM('',(#5413),#7126);
#5129=STYLED_ITEM('',(#5414),#7127);
#5130=STYLED_ITEM('',(#5415),#7128);
#5131=STYLED_ITEM('',(#5416),#7129);
#5132=STYLED_ITEM('',(#5417),#7130);
#5133=STYLED_ITEM('',(#5418),#7131);
#5134=STYLED_ITEM('',(#5419),#7132);
#5135=STYLED_ITEM('',(#5420),#7133);
#5136=STYLED_ITEM('',(#5421),#7134);
#5137=STYLED_ITEM('',(#5422),#7135);
#5138=STYLED_ITEM('',(#5423),#7136);
#5139=STYLED_ITEM('',(#5424),#7137);
#5140=STYLED_ITEM('',(#5425),#7138);
#5141=STYLED_ITEM('',(#5426),#7139);
#5142=STYLED_ITEM('',(#5427),#7140);
#5143=STYLED_ITEM('',(#5428),#7141);
#5144=STYLED_ITEM('',(#5429),#7142);
#5145=STYLED_ITEM('',(#5430),#7143);
#5146=STYLED_ITEM('',(#5431),#7144);
#5147=STYLED_ITEM('',(#5432),#7145);
#5148=STYLED_ITEM('',(#5433),#7146);
#5149=STYLED_ITEM('',(#5434),#7147);
#5150=STYLED_ITEM('',(#5435),#7148);
#5151=STYLED_ITEM('',(#5436),#7149);
#5152=STYLED_ITEM('',(#5437),#7150);
#5153=STYLED_ITEM('',(#5438),#7151);
#5154=STYLED_ITEM('',(#5439),#7152);
#5155=STYLED_ITEM('',(#5440),#7153);
#5156=STYLED_ITEM('',(#5441),#7154);
#5157=STYLED_ITEM('',(#5442),#7155);
#5158=STYLED_ITEM('',(#5443),#7156);
#5159=STYLED_ITEM('',(#5444),#7157);
#5160=STYLED_ITEM('',(#5445),#7158);
#5161=STYLED_ITEM('',(#5446),#7159);
#5162=STYLED_ITEM('',(#5447),#7160);
#5163=STYLED_ITEM('',(#5448),#7161);
#5164=STYLED_ITEM('',(#5449),#7162);
#5165=STYLED_ITEM('',(#5450),#7163);
#5166=STYLED_ITEM('',(#5451),#7164);
#5167=STYLED_ITEM('',(#5452),#7165);
#5168=STYLED_ITEM('',(#5453),#7166);
#5169=STYLED_ITEM('',(#5454),#7167);
#5170=STYLED_ITEM('',(#5455),#7168);
#5171=STYLED_ITEM('',(#5456),#7169);
#5172=STYLED_ITEM('',(#5457),#7170);
#5173=STYLED_ITEM('',(#5458),#7171);
#5174=STYLED_ITEM('',(#5459),#7172);
#5175=STYLED_ITEM('',(#5460),#7173);
#5176=STYLED_ITEM('',(#5461),#7174);
#5177=PRESENTATION_STYLE_ASSIGNMENT((#5462));
#5178=PRESENTATION_STYLE_ASSIGNMENT((#5463));
#5179=PRESENTATION_STYLE_ASSIGNMENT((#5464));
#5180=PRESENTATION_STYLE_ASSIGNMENT((#5465));
#5181=PRESENTATION_STYLE_ASSIGNMENT((#5466));
#5182=PRESENTATION_STYLE_ASSIGNMENT((#5467));
#5183=PRESENTATION_STYLE_ASSIGNMENT((#5468));
#5184=PRESENTATION_STYLE_ASSIGNMENT((#5469));
#5185=PRESENTATION_STYLE_ASSIGNMENT((#5470));
#5186=PRESENTATION_STYLE_ASSIGNMENT((#5471));
#5187=PRESENTATION_STYLE_ASSIGNMENT((#5472));
#5188=PRESENTATION_STYLE_ASSIGNMENT((#5473));
#5189=PRESENTATION_STYLE_ASSIGNMENT((#5474));
#5190=PRESENTATION_STYLE_ASSIGNMENT((#5475));
#5191=PRESENTATION_STYLE_ASSIGNMENT((#5476));
#5192=PRESENTATION_STYLE_ASSIGNMENT((#5477));
#5193=PRESENTATION_STYLE_ASSIGNMENT((#5478));
#5194=PRESENTATION_STYLE_ASSIGNMENT((#5479));
#5195=PRESENTATION_STYLE_ASSIGNMENT((#5480));
#5196=PRESENTATION_STYLE_ASSIGNMENT((#5481));
#5197=PRESENTATION_STYLE_ASSIGNMENT((#5482));
#5198=PRESENTATION_STYLE_ASSIGNMENT((#5483));
#5199=PRESENTATION_STYLE_ASSIGNMENT((#5484));
#5200=PRESENTATION_STYLE_ASSIGNMENT((#5485));
#5201=PRESENTATION_STYLE_ASSIGNMENT((#5486));
#5202=PRESENTATION_STYLE_ASSIGNMENT((#5487));
#5203=PRESENTATION_STYLE_ASSIGNMENT((#5488));
#5204=PRESENTATION_STYLE_ASSIGNMENT((#5489));
#5205=PRESENTATION_STYLE_ASSIGNMENT((#5490));
#5206=PRESENTATION_STYLE_ASSIGNMENT((#5491));
#5207=PRESENTATION_STYLE_ASSIGNMENT((#5492));
#5208=PRESENTATION_STYLE_ASSIGNMENT((#5493));
#5209=PRESENTATION_STYLE_ASSIGNMENT((#5494));
#5210=PRESENTATION_STYLE_ASSIGNMENT((#5495));
#5211=PRESENTATION_STYLE_ASSIGNMENT((#5496));
#5212=PRESENTATION_STYLE_ASSIGNMENT((#5497));
#5213=PRESENTATION_STYLE_ASSIGNMENT((#5498));
#5214=PRESENTATION_STYLE_ASSIGNMENT((#5499));
#5215=PRESENTATION_STYLE_ASSIGNMENT((#5500));
#5216=PRESENTATION_STYLE_ASSIGNMENT((#5501));
#5217=PRESENTATION_STYLE_ASSIGNMENT((#5502));
#5218=PRESENTATION_STYLE_ASSIGNMENT((#5503));
#5219=PRESENTATION_STYLE_ASSIGNMENT((#5504));
#5220=PRESENTATION_STYLE_ASSIGNMENT((#5505));
#5221=PRESENTATION_STYLE_ASSIGNMENT((#5506));
#5222=PRESENTATION_STYLE_ASSIGNMENT((#5507));
#5223=PRESENTATION_STYLE_ASSIGNMENT((#5508));
#5224=PRESENTATION_STYLE_ASSIGNMENT((#5509));
#5225=PRESENTATION_STYLE_ASSIGNMENT((#5510));
#5226=PRESENTATION_STYLE_ASSIGNMENT((#5511));
#5227=PRESENTATION_STYLE_ASSIGNMENT((#5512));
#5228=PRESENTATION_STYLE_ASSIGNMENT((#5513));
#5229=PRESENTATION_STYLE_ASSIGNMENT((#5514));
#5230=PRESENTATION_STYLE_ASSIGNMENT((#5515));
#5231=PRESENTATION_STYLE_ASSIGNMENT((#5516));
#5232=PRESENTATION_STYLE_ASSIGNMENT((#5517));
#5233=PRESENTATION_STYLE_ASSIGNMENT((#5518));
#5234=PRESENTATION_STYLE_ASSIGNMENT((#5519));
#5235=PRESENTATION_STYLE_ASSIGNMENT((#5520));
#5236=PRESENTATION_STYLE_ASSIGNMENT((#5521));
#5237=PRESENTATION_STYLE_ASSIGNMENT((#5522));
#5238=PRESENTATION_STYLE_ASSIGNMENT((#5523));
#5239=PRESENTATION_STYLE_ASSIGNMENT((#5524));
#5240=PRESENTATION_STYLE_ASSIGNMENT((#5525));
#5241=PRESENTATION_STYLE_ASSIGNMENT((#5526));
#5242=PRESENTATION_STYLE_ASSIGNMENT((#5527));
#5243=PRESENTATION_STYLE_ASSIGNMENT((#5528));
#5244=PRESENTATION_STYLE_ASSIGNMENT((#5529));
#5245=PRESENTATION_STYLE_ASSIGNMENT((#5530));
#5246=PRESENTATION_STYLE_ASSIGNMENT((#5531));
#5247=PRESENTATION_STYLE_ASSIGNMENT((#5532));
#5248=PRESENTATION_STYLE_ASSIGNMENT((#5533));
#5249=PRESENTATION_STYLE_ASSIGNMENT((#5534));
#5250=PRESENTATION_STYLE_ASSIGNMENT((#5535));
#5251=PRESENTATION_STYLE_ASSIGNMENT((#5536));
#5252=PRESENTATION_STYLE_ASSIGNMENT((#5537));
#5253=PRESENTATION_STYLE_ASSIGNMENT((#5538));
#5254=PRESENTATION_STYLE_ASSIGNMENT((#5539));
#5255=PRESENTATION_STYLE_ASSIGNMENT((#5540));
#5256=PRESENTATION_STYLE_ASSIGNMENT((#5541));
#5257=PRESENTATION_STYLE_ASSIGNMENT((#5542));
#5258=PRESENTATION_STYLE_ASSIGNMENT((#5543));
#5259=PRESENTATION_STYLE_ASSIGNMENT((#5544));
#5260=PRESENTATION_STYLE_ASSIGNMENT((#5545));
#5261=PRESENTATION_STYLE_ASSIGNMENT((#5546));
#5262=PRESENTATION_STYLE_ASSIGNMENT((#5547));
#5263=PRESENTATION_STYLE_ASSIGNMENT((#5548));
#5264=PRESENTATION_STYLE_ASSIGNMENT((#5549));
#5265=PRESENTATION_STYLE_ASSIGNMENT((#5550));
#5266=PRESENTATION_STYLE_ASSIGNMENT((#5551));
#5267=PRESENTATION_STYLE_ASSIGNMENT((#5552));
#5268=PRESENTATION_STYLE_ASSIGNMENT((#5553));
#5269=PRESENTATION_STYLE_ASSIGNMENT((#5554));
#5270=PRESENTATION_STYLE_ASSIGNMENT((#5555));
#5271=PRESENTATION_STYLE_ASSIGNMENT((#5556));
#5272=PRESENTATION_STYLE_ASSIGNMENT((#5557));
#5273=PRESENTATION_STYLE_ASSIGNMENT((#5558));
#5274=PRESENTATION_STYLE_ASSIGNMENT((#5559));
#5275=PRESENTATION_STYLE_ASSIGNMENT((#5560));
#5276=PRESENTATION_STYLE_ASSIGNMENT((#5561));
#5277=PRESENTATION_STYLE_ASSIGNMENT((#5562));
#5278=PRESENTATION_STYLE_ASSIGNMENT((#5563));
#5279=PRESENTATION_STYLE_ASSIGNMENT((#5564));
#5280=PRESENTATION_STYLE_ASSIGNMENT((#5565));
#5281=PRESENTATION_STYLE_ASSIGNMENT((#5566));
#5282=PRESENTATION_STYLE_ASSIGNMENT((#5567));
#5283=PRESENTATION_STYLE_ASSIGNMENT((#5568));
#5284=PRESENTATION_STYLE_ASSIGNMENT((#5569));
#5285=PRESENTATION_STYLE_ASSIGNMENT((#5570));
#5286=PRESENTATION_STYLE_ASSIGNMENT((#5571));
#5287=PRESENTATION_STYLE_ASSIGNMENT((#5572));
#5288=PRESENTATION_STYLE_ASSIGNMENT((#5573));
#5289=PRESENTATION_STYLE_ASSIGNMENT((#5574));
#5290=PRESENTATION_STYLE_ASSIGNMENT((#5575));
#5291=PRESENTATION_STYLE_ASSIGNMENT((#5576));
#5292=PRESENTATION_STYLE_ASSIGNMENT((#5577));
#5293=PRESENTATION_STYLE_ASSIGNMENT((#5578));
#5294=PRESENTATION_STYLE_ASSIGNMENT((#5579));
#5295=PRESENTATION_STYLE_ASSIGNMENT((#5580));
#5296=PRESENTATION_STYLE_ASSIGNMENT((#5581));
#5297=PRESENTATION_STYLE_ASSIGNMENT((#5582));
#5298=PRESENTATION_STYLE_ASSIGNMENT((#5583));
#5299=PRESENTATION_STYLE_ASSIGNMENT((#5584));
#5300=PRESENTATION_STYLE_ASSIGNMENT((#5585));
#5301=PRESENTATION_STYLE_ASSIGNMENT((#5586));
#5302=PRESENTATION_STYLE_ASSIGNMENT((#5587));
#5303=PRESENTATION_STYLE_ASSIGNMENT((#5588));
#5304=PRESENTATION_STYLE_ASSIGNMENT((#5589));
#5305=PRESENTATION_STYLE_ASSIGNMENT((#5590));
#5306=PRESENTATION_STYLE_ASSIGNMENT((#5591));
#5307=PRESENTATION_STYLE_ASSIGNMENT((#5592));
#5308=PRESENTATION_STYLE_ASSIGNMENT((#5593));
#5309=PRESENTATION_STYLE_ASSIGNMENT((#5594));
#5310=PRESENTATION_STYLE_ASSIGNMENT((#5595));
#5311=PRESENTATION_STYLE_ASSIGNMENT((#5596));
#5312=PRESENTATION_STYLE_ASSIGNMENT((#5597));
#5313=PRESENTATION_STYLE_ASSIGNMENT((#5598));
#5314=PRESENTATION_STYLE_ASSIGNMENT((#5599));
#5315=PRESENTATION_STYLE_ASSIGNMENT((#5600));
#5316=PRESENTATION_STYLE_ASSIGNMENT((#5601));
#5317=PRESENTATION_STYLE_ASSIGNMENT((#5602));
#5318=PRESENTATION_STYLE_ASSIGNMENT((#5603));
#5319=PRESENTATION_STYLE_ASSIGNMENT((#5604));
#5320=PRESENTATION_STYLE_ASSIGNMENT((#5605));
#5321=PRESENTATION_STYLE_ASSIGNMENT((#5606));
#5322=PRESENTATION_STYLE_ASSIGNMENT((#5607));
#5323=PRESENTATION_STYLE_ASSIGNMENT((#5608));
#5324=PRESENTATION_STYLE_ASSIGNMENT((#5609));
#5325=PRESENTATION_STYLE_ASSIGNMENT((#5610));
#5326=PRESENTATION_STYLE_ASSIGNMENT((#5611));
#5327=PRESENTATION_STYLE_ASSIGNMENT((#5612));
#5328=PRESENTATION_STYLE_ASSIGNMENT((#5613));
#5329=PRESENTATION_STYLE_ASSIGNMENT((#5614));
#5330=PRESENTATION_STYLE_ASSIGNMENT((#5615));
#5331=PRESENTATION_STYLE_ASSIGNMENT((#5616));
#5332=PRESENTATION_STYLE_ASSIGNMENT((#5617));
#5333=PRESENTATION_STYLE_ASSIGNMENT((#5618));
#5334=PRESENTATION_STYLE_ASSIGNMENT((#5619));
#5335=PRESENTATION_STYLE_ASSIGNMENT((#5620));
#5336=PRESENTATION_STYLE_ASSIGNMENT((#5621));
#5337=PRESENTATION_STYLE_ASSIGNMENT((#5622));
#5338=PRESENTATION_STYLE_ASSIGNMENT((#5623));
#5339=PRESENTATION_STYLE_ASSIGNMENT((#5624));
#5340=PRESENTATION_STYLE_ASSIGNMENT((#5625));
#5341=PRESENTATION_STYLE_ASSIGNMENT((#5626));
#5342=PRESENTATION_STYLE_ASSIGNMENT((#5627));
#5343=PRESENTATION_STYLE_ASSIGNMENT((#5628));
#5344=PRESENTATION_STYLE_ASSIGNMENT((#5629));
#5345=PRESENTATION_STYLE_ASSIGNMENT((#5630));
#5346=PRESENTATION_STYLE_ASSIGNMENT((#5631));
#5347=PRESENTATION_STYLE_ASSIGNMENT((#5632));
#5348=PRESENTATION_STYLE_ASSIGNMENT((#5633));
#5349=PRESENTATION_STYLE_ASSIGNMENT((#5634));
#5350=PRESENTATION_STYLE_ASSIGNMENT((#5635));
#5351=PRESENTATION_STYLE_ASSIGNMENT((#5636));
#5352=PRESENTATION_STYLE_ASSIGNMENT((#5637));
#5353=PRESENTATION_STYLE_ASSIGNMENT((#5638));
#5354=PRESENTATION_STYLE_ASSIGNMENT((#5639));
#5355=PRESENTATION_STYLE_ASSIGNMENT((#5640));
#5356=PRESENTATION_STYLE_ASSIGNMENT((#5641));
#5357=PRESENTATION_STYLE_ASSIGNMENT((#5642));
#5358=PRESENTATION_STYLE_ASSIGNMENT((#5643));
#5359=PRESENTATION_STYLE_ASSIGNMENT((#5644));
#5360=PRESENTATION_STYLE_ASSIGNMENT((#5645));
#5361=PRESENTATION_STYLE_ASSIGNMENT((#5646));
#5362=PRESENTATION_STYLE_ASSIGNMENT((#5647));
#5363=PRESENTATION_STYLE_ASSIGNMENT((#5648));
#5364=PRESENTATION_STYLE_ASSIGNMENT((#5649));
#5365=PRESENTATION_STYLE_ASSIGNMENT((#5650));
#5366=PRESENTATION_STYLE_ASSIGNMENT((#5651));
#5367=PRESENTATION_STYLE_ASSIGNMENT((#5652));
#5368=PRESENTATION_STYLE_ASSIGNMENT((#5653));
#5369=PRESENTATION_STYLE_ASSIGNMENT((#5654));
#5370=PRESENTATION_STYLE_ASSIGNMENT((#5655));
#5371=PRESENTATION_STYLE_ASSIGNMENT((#5656));
#5372=PRESENTATION_STYLE_ASSIGNMENT((#5657));
#5373=PRESENTATION_STYLE_ASSIGNMENT((#5658));
#5374=PRESENTATION_STYLE_ASSIGNMENT((#5659));
#5375=PRESENTATION_STYLE_ASSIGNMENT((#5660));
#5376=PRESENTATION_STYLE_ASSIGNMENT((#5661));
#5377=PRESENTATION_STYLE_ASSIGNMENT((#5662));
#5378=PRESENTATION_STYLE_ASSIGNMENT((#5663));
#5379=PRESENTATION_STYLE_ASSIGNMENT((#5664));
#5380=PRESENTATION_STYLE_ASSIGNMENT((#5665));
#5381=PRESENTATION_STYLE_ASSIGNMENT((#5666));
#5382=PRESENTATION_STYLE_ASSIGNMENT((#5667));
#5383=PRESENTATION_STYLE_ASSIGNMENT((#5668));
#5384=PRESENTATION_STYLE_ASSIGNMENT((#5669));
#5385=PRESENTATION_STYLE_ASSIGNMENT((#5670));
#5386=PRESENTATION_STYLE_ASSIGNMENT((#5671));
#5387=PRESENTATION_STYLE_ASSIGNMENT((#5672));
#5388=PRESENTATION_STYLE_ASSIGNMENT((#5673));
#5389=PRESENTATION_STYLE_ASSIGNMENT((#5674));
#5390=PRESENTATION_STYLE_ASSIGNMENT((#5675));
#5391=PRESENTATION_STYLE_ASSIGNMENT((#5676));
#5392=PRESENTATION_STYLE_ASSIGNMENT((#5677));
#5393=PRESENTATION_STYLE_ASSIGNMENT((#5678));
#5394=PRESENTATION_STYLE_ASSIGNMENT((#5679));
#5395=PRESENTATION_STYLE_ASSIGNMENT((#5680));
#5396=PRESENTATION_STYLE_ASSIGNMENT((#5681));
#5397=PRESENTATION_STYLE_ASSIGNMENT((#5682));
#5398=PRESENTATION_STYLE_ASSIGNMENT((#5683));
#5399=PRESENTATION_STYLE_ASSIGNMENT((#5684));
#5400=PRESENTATION_STYLE_ASSIGNMENT((#5685));
#5401=PRESENTATION_STYLE_ASSIGNMENT((#5686));
#5402=PRESENTATION_STYLE_ASSIGNMENT((#5687));
#5403=PRESENTATION_STYLE_ASSIGNMENT((#5688));
#5404=PRESENTATION_STYLE_ASSIGNMENT((#5689));
#5405=PRESENTATION_STYLE_ASSIGNMENT((#5690));
#5406=PRESENTATION_STYLE_ASSIGNMENT((#5691));
#5407=PRESENTATION_STYLE_ASSIGNMENT((#5692));
#5408=PRESENTATION_STYLE_ASSIGNMENT((#5693));
#5409=PRESENTATION_STYLE_ASSIGNMENT((#5694));
#5410=PRESENTATION_STYLE_ASSIGNMENT((#5695));
#5411=PRESENTATION_STYLE_ASSIGNMENT((#5696));
#5412=PRESENTATION_STYLE_ASSIGNMENT((#5697));
#5413=PRESENTATION_STYLE_ASSIGNMENT((#5698));
#5414=PRESENTATION_STYLE_ASSIGNMENT((#5699));
#5415=PRESENTATION_STYLE_ASSIGNMENT((#5700));
#5416=PRESENTATION_STYLE_ASSIGNMENT((#5701));
#5417=PRESENTATION_STYLE_ASSIGNMENT((#5702));
#5418=PRESENTATION_STYLE_ASSIGNMENT((#5703));
#5419=PRESENTATION_STYLE_ASSIGNMENT((#5704));
#5420=PRESENTATION_STYLE_ASSIGNMENT((#5705));
#5421=PRESENTATION_STYLE_ASSIGNMENT((#5706));
#5422=PRESENTATION_STYLE_ASSIGNMENT((#5707));
#5423=PRESENTATION_STYLE_ASSIGNMENT((#5708));
#5424=PRESENTATION_STYLE_ASSIGNMENT((#5709));
#5425=PRESENTATION_STYLE_ASSIGNMENT((#5710));
#5426=PRESENTATION_STYLE_ASSIGNMENT((#5711));
#5427=PRESENTATION_STYLE_ASSIGNMENT((#5712));
#5428=PRESENTATION_STYLE_ASSIGNMENT((#5713));
#5429=PRESENTATION_STYLE_ASSIGNMENT((#5714));
#5430=PRESENTATION_STYLE_ASSIGNMENT((#5715));
#5431=PRESENTATION_STYLE_ASSIGNMENT((#5716));
#5432=PRESENTATION_STYLE_ASSIGNMENT((#5717));
#5433=PRESENTATION_STYLE_ASSIGNMENT((#5718));
#5434=PRESENTATION_STYLE_ASSIGNMENT((#5719));
#5435=PRESENTATION_STYLE_ASSIGNMENT((#5720));
#5436=PRESENTATION_STYLE_ASSIGNMENT((#5721));
#5437=PRESENTATION_STYLE_ASSIGNMENT((#5722));
#5438=PRESENTATION_STYLE_ASSIGNMENT((#5723));
#5439=PRESENTATION_STYLE_ASSIGNMENT((#5724));
#5440=PRESENTATION_STYLE_ASSIGNMENT((#5725));
#5441=PRESENTATION_STYLE_ASSIGNMENT((#5726));
#5442=PRESENTATION_STYLE_ASSIGNMENT((#5727));
#5443=PRESENTATION_STYLE_ASSIGNMENT((#5728));
#5444=PRESENTATION_STYLE_ASSIGNMENT((#5729));
#5445=PRESENTATION_STYLE_ASSIGNMENT((#5730));
#5446=PRESENTATION_STYLE_ASSIGNMENT((#5731));
#5447=PRESENTATION_STYLE_ASSIGNMENT((#5732));
#5448=PRESENTATION_STYLE_ASSIGNMENT((#5733));
#5449=PRESENTATION_STYLE_ASSIGNMENT((#5734));
#5450=PRESENTATION_STYLE_ASSIGNMENT((#5735));
#5451=PRESENTATION_STYLE_ASSIGNMENT((#5736));
#5452=PRESENTATION_STYLE_ASSIGNMENT((#5737));
#5453=PRESENTATION_STYLE_ASSIGNMENT((#5738));
#5454=PRESENTATION_STYLE_ASSIGNMENT((#5739));
#5455=PRESENTATION_STYLE_ASSIGNMENT((#5740));
#5456=PRESENTATION_STYLE_ASSIGNMENT((#5741));
#5457=PRESENTATION_STYLE_ASSIGNMENT((#5742));
#5458=PRESENTATION_STYLE_ASSIGNMENT((#5743));
#5459=PRESENTATION_STYLE_ASSIGNMENT((#5744));
#5460=PRESENTATION_STYLE_ASSIGNMENT((#5745));
#5461=PRESENTATION_STYLE_ASSIGNMENT((#5746));
#5462=SURFACE_STYLE_USAGE(.BOTH.,#5747);
#5463=SURFACE_STYLE_USAGE(.BOTH.,#5748);
#5464=SURFACE_STYLE_USAGE(.BOTH.,#5749);
#5465=SURFACE_STYLE_USAGE(.BOTH.,#5750);
#5466=SURFACE_STYLE_USAGE(.BOTH.,#5751);
#5467=SURFACE_STYLE_USAGE(.BOTH.,#5752);
#5468=SURFACE_STYLE_USAGE(.BOTH.,#5753);
#5469=SURFACE_STYLE_USAGE(.BOTH.,#5754);
#5470=SURFACE_STYLE_USAGE(.BOTH.,#5755);
#5471=SURFACE_STYLE_USAGE(.BOTH.,#5756);
#5472=SURFACE_STYLE_USAGE(.BOTH.,#5757);
#5473=SURFACE_STYLE_USAGE(.BOTH.,#5758);
#5474=SURFACE_STYLE_USAGE(.BOTH.,#5759);
#5475=SURFACE_STYLE_USAGE(.BOTH.,#5760);
#5476=SURFACE_STYLE_USAGE(.BOTH.,#5761);
#5477=SURFACE_STYLE_USAGE(.BOTH.,#5762);
#5478=SURFACE_STYLE_USAGE(.BOTH.,#5763);
#5479=SURFACE_STYLE_USAGE(.BOTH.,#5764);
#5480=SURFACE_STYLE_USAGE(.BOTH.,#5765);
#5481=SURFACE_STYLE_USAGE(.BOTH.,#5766);
#5482=SURFACE_STYLE_USAGE(.BOTH.,#5767);
#5483=SURFACE_STYLE_USAGE(.BOTH.,#5768);
#5484=SURFACE_STYLE_USAGE(.BOTH.,#5769);
#5485=SURFACE_STYLE_USAGE(.BOTH.,#5770);
#5486=SURFACE_STYLE_USAGE(.BOTH.,#5771);
#5487=SURFACE_STYLE_USAGE(.BOTH.,#5772);
#5488=SURFACE_STYLE_USAGE(.BOTH.,#5773);
#5489=SURFACE_STYLE_USAGE(.BOTH.,#5774);
#5490=SURFACE_STYLE_USAGE(.BOTH.,#5775);
#5491=SURFACE_STYLE_USAGE(.BOTH.,#5776);
#5492=SURFACE_STYLE_USAGE(.BOTH.,#5777);
#5493=SURFACE_STYLE_USAGE(.BOTH.,#5778);
#5494=SURFACE_STYLE_USAGE(.BOTH.,#5779);
#5495=SURFACE_STYLE_USAGE(.BOTH.,#5780);
#5496=SURFACE_STYLE_USAGE(.BOTH.,#5781);
#5497=SURFACE_STYLE_USAGE(.BOTH.,#5782);
#5498=SURFACE_STYLE_USAGE(.BOTH.,#5783);
#5499=SURFACE_STYLE_USAGE(.BOTH.,#5784);
#5500=SURFACE_STYLE_USAGE(.BOTH.,#5785);
#5501=SURFACE_STYLE_USAGE(.BOTH.,#5786);
#5502=SURFACE_STYLE_USAGE(.BOTH.,#5787);
#5503=SURFACE_STYLE_USAGE(.BOTH.,#5788);
#5504=SURFACE_STYLE_USAGE(.BOTH.,#5789);
#5505=SURFACE_STYLE_USAGE(.BOTH.,#5790);
#5506=SURFACE_STYLE_USAGE(.BOTH.,#5791);
#5507=SURFACE_STYLE_USAGE(.BOTH.,#5792);
#5508=SURFACE_STYLE_USAGE(.BOTH.,#5793);
#5509=SURFACE_STYLE_USAGE(.BOTH.,#5794);
#5510=SURFACE_STYLE_USAGE(.BOTH.,#5795);
#5511=SURFACE_STYLE_USAGE(.BOTH.,#5796);
#5512=SURFACE_STYLE_USAGE(.BOTH.,#5797);
#5513=SURFACE_STYLE_USAGE(.BOTH.,#5798);
#5514=SURFACE_STYLE_USAGE(.BOTH.,#5799);
#5515=SURFACE_STYLE_USAGE(.BOTH.,#5800);
#5516=SURFACE_STYLE_USAGE(.BOTH.,#5801);
#5517=SURFACE_STYLE_USAGE(.BOTH.,#5802);
#5518=SURFACE_STYLE_USAGE(.BOTH.,#5803);
#5519=SURFACE_STYLE_USAGE(.BOTH.,#5804);
#5520=SURFACE_STYLE_USAGE(.BOTH.,#5805);
#5521=SURFACE_STYLE_USAGE(.BOTH.,#5806);
#5522=SURFACE_STYLE_USAGE(.BOTH.,#5807);
#5523=SURFACE_STYLE_USAGE(.BOTH.,#5808);
#5524=SURFACE_STYLE_USAGE(.BOTH.,#5809);
#5525=SURFACE_STYLE_USAGE(.BOTH.,#5810);
#5526=SURFACE_STYLE_USAGE(.BOTH.,#5811);
#5527=SURFACE_STYLE_USAGE(.BOTH.,#5812);
#5528=SURFACE_STYLE_USAGE(.BOTH.,#5813);
#5529=SURFACE_STYLE_USAGE(.BOTH.,#5814);
#5530=SURFACE_STYLE_USAGE(.BOTH.,#5815);
#5531=SURFACE_STYLE_USAGE(.BOTH.,#5816);
#5532=SURFACE_STYLE_USAGE(.BOTH.,#5817);
#5533=SURFACE_STYLE_USAGE(.BOTH.,#5818);
#5534=SURFACE_STYLE_USAGE(.BOTH.,#5819);
#5535=SURFACE_STYLE_USAGE(.BOTH.,#5820);
#5536=SURFACE_STYLE_USAGE(.BOTH.,#5821);
#5537=SURFACE_STYLE_USAGE(.BOTH.,#5822);
#5538=SURFACE_STYLE_USAGE(.BOTH.,#5823);
#5539=SURFACE_STYLE_USAGE(.BOTH.,#5824);
#5540=SURFACE_STYLE_USAGE(.BOTH.,#5825);
#5541=SURFACE_STYLE_USAGE(.BOTH.,#5826);
#5542=SURFACE_STYLE_USAGE(.BOTH.,#5827);
#5543=SURFACE_STYLE_USAGE(.BOTH.,#5828);
#5544=SURFACE_STYLE_USAGE(.BOTH.,#5829);
#5545=SURFACE_STYLE_USAGE(.BOTH.,#5830);
#5546=SURFACE_STYLE_USAGE(.BOTH.,#5831);
#5547=SURFACE_STYLE_USAGE(.BOTH.,#5832);
#5548=SURFACE_STYLE_USAGE(.BOTH.,#5833);
#5549=SURFACE_STYLE_USAGE(.BOTH.,#5834);
#5550=SURFACE_STYLE_USAGE(.BOTH.,#5835);
#5551=SURFACE_STYLE_USAGE(.BOTH.,#5836);
#5552=SURFACE_STYLE_USAGE(.BOTH.,#5837);
#5553=SURFACE_STYLE_USAGE(.BOTH.,#5838);
#5554=SURFACE_STYLE_USAGE(.BOTH.,#5839);
#5555=SURFACE_STYLE_USAGE(.BOTH.,#5840);
#5556=SURFACE_STYLE_USAGE(.BOTH.,#5841);
#5557=SURFACE_STYLE_USAGE(.BOTH.,#5842);
#5558=SURFACE_STYLE_USAGE(.BOTH.,#5843);
#5559=SURFACE_STYLE_USAGE(.BOTH.,#5844);
#5560=SURFACE_STYLE_USAGE(.BOTH.,#5845);
#5561=SURFACE_STYLE_USAGE(.BOTH.,#5846);
#5562=SURFACE_STYLE_USAGE(.BOTH.,#5847);
#5563=SURFACE_STYLE_USAGE(.BOTH.,#5848);
#5564=SURFACE_STYLE_USAGE(.BOTH.,#5849);
#5565=SURFACE_STYLE_USAGE(.BOTH.,#5850);
#5566=SURFACE_STYLE_USAGE(.BOTH.,#5851);
#5567=SURFACE_STYLE_USAGE(.BOTH.,#5852);
#5568=SURFACE_STYLE_USAGE(.BOTH.,#5853);
#5569=SURFACE_STYLE_USAGE(.BOTH.,#5854);
#5570=SURFACE_STYLE_USAGE(.BOTH.,#5855);
#5571=SURFACE_STYLE_USAGE(.BOTH.,#5856);
#5572=SURFACE_STYLE_USAGE(.BOTH.,#5857);
#5573=SURFACE_STYLE_USAGE(.BOTH.,#5858);
#5574=SURFACE_STYLE_USAGE(.BOTH.,#5859);
#5575=SURFACE_STYLE_USAGE(.BOTH.,#5860);
#5576=SURFACE_STYLE_USAGE(.BOTH.,#5861);
#5577=SURFACE_STYLE_USAGE(.BOTH.,#5862);
#5578=SURFACE_STYLE_USAGE(.BOTH.,#5863);
#5579=SURFACE_STYLE_USAGE(.BOTH.,#5864);
#5580=SURFACE_STYLE_USAGE(.BOTH.,#5865);
#5581=SURFACE_STYLE_USAGE(.BOTH.,#5866);
#5582=SURFACE_STYLE_USAGE(.BOTH.,#5867);
#5583=SURFACE_STYLE_USAGE(.BOTH.,#5868);
#5584=SURFACE_STYLE_USAGE(.BOTH.,#5869);
#5585=SURFACE_STYLE_USAGE(.BOTH.,#5870);
#5586=SURFACE_STYLE_USAGE(.BOTH.,#5871);
#5587=SURFACE_STYLE_USAGE(.BOTH.,#5872);
#5588=SURFACE_STYLE_USAGE(.BOTH.,#5873);
#5589=SURFACE_STYLE_USAGE(.BOTH.,#5874);
#5590=SURFACE_STYLE_USAGE(.BOTH.,#5875);
#5591=SURFACE_STYLE_USAGE(.BOTH.,#5876);
#5592=SURFACE_STYLE_USAGE(.BOTH.,#5877);
#5593=SURFACE_STYLE_USAGE(.BOTH.,#5878);
#5594=SURFACE_STYLE_USAGE(.BOTH.,#5879);
#5595=SURFACE_STYLE_USAGE(.BOTH.,#5880);
#5596=SURFACE_STYLE_USAGE(.BOTH.,#5881);
#5597=SURFACE_STYLE_USAGE(.BOTH.,#5882);
#5598=SURFACE_STYLE_USAGE(.BOTH.,#5883);
#5599=SURFACE_STYLE_USAGE(.BOTH.,#5884);
#5600=SURFACE_STYLE_USAGE(.BOTH.,#5885);
#5601=SURFACE_STYLE_USAGE(.BOTH.,#5886);
#5602=SURFACE_STYLE_USAGE(.BOTH.,#5887);
#5603=SURFACE_STYLE_USAGE(.BOTH.,#5888);
#5604=SURFACE_STYLE_USAGE(.BOTH.,#5889);
#5605=SURFACE_STYLE_USAGE(.BOTH.,#5890);
#5606=SURFACE_STYLE_USAGE(.BOTH.,#5891);
#5607=SURFACE_STYLE_USAGE(.BOTH.,#5892);
#5608=SURFACE_STYLE_USAGE(.BOTH.,#5893);
#5609=SURFACE_STYLE_USAGE(.BOTH.,#5894);
#5610=SURFACE_STYLE_USAGE(.BOTH.,#5895);
#5611=SURFACE_STYLE_USAGE(.BOTH.,#5896);
#5612=SURFACE_STYLE_USAGE(.BOTH.,#5897);
#5613=SURFACE_STYLE_USAGE(.BOTH.,#5898);
#5614=SURFACE_STYLE_USAGE(.BOTH.,#5899);
#5615=SURFACE_STYLE_USAGE(.BOTH.,#5900);
#5616=SURFACE_STYLE_USAGE(.BOTH.,#5901);
#5617=SURFACE_STYLE_USAGE(.BOTH.,#5902);
#5618=SURFACE_STYLE_USAGE(.BOTH.,#5903);
#5619=SURFACE_STYLE_USAGE(.BOTH.,#5904);
#5620=SURFACE_STYLE_USAGE(.BOTH.,#5905);
#5621=SURFACE_STYLE_USAGE(.BOTH.,#5906);
#5622=SURFACE_STYLE_USAGE(.BOTH.,#5907);
#5623=SURFACE_STYLE_USAGE(.BOTH.,#5908);
#5624=SURFACE_STYLE_USAGE(.BOTH.,#5909);
#5625=SURFACE_STYLE_USAGE(.BOTH.,#5910);
#5626=SURFACE_STYLE_USAGE(.BOTH.,#5911);
#5627=SURFACE_STYLE_USAGE(.BOTH.,#5912);
#5628=SURFACE_STYLE_USAGE(.BOTH.,#5913);
#5629=SURFACE_STYLE_USAGE(.BOTH.,#5914);
#5630=SURFACE_STYLE_USAGE(.BOTH.,#5915);
#5631=SURFACE_STYLE_USAGE(.BOTH.,#5916);
#5632=SURFACE_STYLE_USAGE(.BOTH.,#5917);
#5633=SURFACE_STYLE_USAGE(.BOTH.,#5918);
#5634=SURFACE_STYLE_USAGE(.BOTH.,#5919);
#5635=SURFACE_STYLE_USAGE(.BOTH.,#5920);
#5636=SURFACE_STYLE_USAGE(.BOTH.,#5921);
#5637=SURFACE_STYLE_USAGE(.BOTH.,#5922);
#5638=SURFACE_STYLE_USAGE(.BOTH.,#5923);
#5639=SURFACE_STYLE_USAGE(.BOTH.,#5924);
#5640=SURFACE_STYLE_USAGE(.BOTH.,#5925);
#5641=SURFACE_STYLE_USAGE(.BOTH.,#5926);
#5642=SURFACE_STYLE_USAGE(.BOTH.,#5927);
#5643=SURFACE_STYLE_USAGE(.BOTH.,#5928);
#5644=SURFACE_STYLE_USAGE(.BOTH.,#5929);
#5645=SURFACE_STYLE_USAGE(.BOTH.,#5930);
#5646=SURFACE_STYLE_USAGE(.BOTH.,#5931);
#5647=SURFACE_STYLE_USAGE(.BOTH.,#5932);
#5648=SURFACE_STYLE_USAGE(.BOTH.,#5933);
#5649=SURFACE_STYLE_USAGE(.BOTH.,#5934);
#5650=SURFACE_STYLE_USAGE(.BOTH.,#5935);
#5651=SURFACE_STYLE_USAGE(.BOTH.,#5936);
#5652=SURFACE_STYLE_USAGE(.BOTH.,#5937);
#5653=SURFACE_STYLE_USAGE(.BOTH.,#5938);
#5654=SURFACE_STYLE_USAGE(.BOTH.,#5939);
#5655=SURFACE_STYLE_USAGE(.BOTH.,#5940);
#5656=SURFACE_STYLE_USAGE(.BOTH.,#5941);
#5657=SURFACE_STYLE_USAGE(.BOTH.,#5942);
#5658=SURFACE_STYLE_USAGE(.BOTH.,#5943);
#5659=SURFACE_STYLE_USAGE(.BOTH.,#5944);
#5660=SURFACE_STYLE_USAGE(.BOTH.,#5945);
#5661=SURFACE_STYLE_USAGE(.BOTH.,#5946);
#5662=SURFACE_STYLE_USAGE(.BOTH.,#5947);
#5663=SURFACE_STYLE_USAGE(.BOTH.,#5948);
#5664=SURFACE_STYLE_USAGE(.BOTH.,#5949);
#5665=SURFACE_STYLE_USAGE(.BOTH.,#5950);
#5666=SURFACE_STYLE_USAGE(.BOTH.,#5951);
#5667=SURFACE_STYLE_USAGE(.BOTH.,#5952);
#5668=SURFACE_STYLE_USAGE(.BOTH.,#5953);
#5669=SURFACE_STYLE_USAGE(.BOTH.,#5954);
#5670=SURFACE_STYLE_USAGE(.BOTH.,#5955);
#5671=SURFACE_STYLE_USAGE(.BOTH.,#5956);
#5672=SURFACE_STYLE_USAGE(.BOTH.,#5957);
#5673=SURFACE_STYLE_USAGE(.BOTH.,#5958);
#5674=SURFACE_STYLE_USAGE(.BOTH.,#5959);
#5675=SURFACE_STYLE_USAGE(.BOTH.,#5960);
#5676=SURFACE_STYLE_USAGE(.BOTH.,#5961);
#5677=SURFACE_STYLE_USAGE(.BOTH.,#5962);
#5678=SURFACE_STYLE_USAGE(.BOTH.,#5963);
#5679=SURFACE_STYLE_USAGE(.BOTH.,#5964);
#5680=SURFACE_STYLE_USAGE(.BOTH.,#5965);
#5681=SURFACE_STYLE_USAGE(.BOTH.,#5966);
#5682=SURFACE_STYLE_USAGE(.BOTH.,#5967);
#5683=SURFACE_STYLE_USAGE(.BOTH.,#5968);
#5684=SURFACE_STYLE_USAGE(.BOTH.,#5969);
#5685=SURFACE_STYLE_USAGE(.BOTH.,#5970);
#5686=SURFACE_STYLE_USAGE(.BOTH.,#5971);
#5687=SURFACE_STYLE_USAGE(.BOTH.,#5972);
#5688=SURFACE_STYLE_USAGE(.BOTH.,#5973);
#5689=SURFACE_STYLE_USAGE(.BOTH.,#5974);
#5690=SURFACE_STYLE_USAGE(.BOTH.,#5975);
#5691=SURFACE_STYLE_USAGE(.BOTH.,#5976);
#5692=SURFACE_STYLE_USAGE(.BOTH.,#5977);
#5693=SURFACE_STYLE_USAGE(.BOTH.,#5978);
#5694=SURFACE_STYLE_USAGE(.BOTH.,#5979);
#5695=SURFACE_STYLE_USAGE(.BOTH.,#5980);
#5696=SURFACE_STYLE_USAGE(.BOTH.,#5981);
#5697=SURFACE_STYLE_USAGE(.BOTH.,#5982);
#5698=SURFACE_STYLE_USAGE(.BOTH.,#5983);
#5699=SURFACE_STYLE_USAGE(.BOTH.,#5984);
#5700=SURFACE_STYLE_USAGE(.BOTH.,#5985);
#5701=SURFACE_STYLE_USAGE(.BOTH.,#5986);
#5702=SURFACE_STYLE_USAGE(.BOTH.,#5987);
#5703=SURFACE_STYLE_USAGE(.BOTH.,#5988);
#5704=SURFACE_STYLE_USAGE(.BOTH.,#5989);
#5705=SURFACE_STYLE_USAGE(.BOTH.,#5990);
#5706=SURFACE_STYLE_USAGE(.BOTH.,#5991);
#5707=SURFACE_STYLE_USAGE(.BOTH.,#5992);
#5708=SURFACE_STYLE_USAGE(.BOTH.,#5993);
#5709=SURFACE_STYLE_USAGE(.BOTH.,#5994);
#5710=SURFACE_STYLE_USAGE(.BOTH.,#5995);
#5711=SURFACE_STYLE_USAGE(.BOTH.,#5996);
#5712=SURFACE_STYLE_USAGE(.BOTH.,#5997);
#5713=SURFACE_STYLE_USAGE(.BOTH.,#5998);
#5714=SURFACE_STYLE_USAGE(.BOTH.,#5999);
#5715=SURFACE_STYLE_USAGE(.BOTH.,#6000);
#5716=SURFACE_STYLE_USAGE(.BOTH.,#6001);
#5717=SURFACE_STYLE_USAGE(.BOTH.,#6002);
#5718=SURFACE_STYLE_USAGE(.BOTH.,#6003);
#5719=SURFACE_STYLE_USAGE(.BOTH.,#6004);
#5720=SURFACE_STYLE_USAGE(.BOTH.,#6005);
#5721=SURFACE_STYLE_USAGE(.BOTH.,#6006);
#5722=SURFACE_STYLE_USAGE(.BOTH.,#6007);
#5723=SURFACE_STYLE_USAGE(.BOTH.,#6008);
#5724=SURFACE_STYLE_USAGE(.BOTH.,#6009);
#5725=SURFACE_STYLE_USAGE(.BOTH.,#6010);
#5726=SURFACE_STYLE_USAGE(.BOTH.,#6011);
#5727=SURFACE_STYLE_USAGE(.BOTH.,#6012);
#5728=SURFACE_STYLE_USAGE(.BOTH.,#6013);
#5729=SURFACE_STYLE_USAGE(.BOTH.,#6014);
#5730=SURFACE_STYLE_USAGE(.BOTH.,#6015);
#5731=SURFACE_STYLE_USAGE(.BOTH.,#6016);
#5732=SURFACE_STYLE_USAGE(.BOTH.,#6017);
#5733=SURFACE_STYLE_USAGE(.BOTH.,#6018);
#5734=SURFACE_STYLE_USAGE(.BOTH.,#6019);
#5735=SURFACE_STYLE_USAGE(.BOTH.,#6020);
#5736=SURFACE_STYLE_USAGE(.BOTH.,#6021);
#5737=SURFACE_STYLE_USAGE(.BOTH.,#6022);
#5738=SURFACE_STYLE_USAGE(.BOTH.,#6023);
#5739=SURFACE_STYLE_USAGE(.BOTH.,#6024);
#5740=SURFACE_STYLE_USAGE(.BOTH.,#6025);
#5741=SURFACE_STYLE_USAGE(.BOTH.,#6026);
#5742=SURFACE_STYLE_USAGE(.BOTH.,#6027);
#5743=SURFACE_STYLE_USAGE(.BOTH.,#6028);
#5744=SURFACE_STYLE_USAGE(.BOTH.,#6029);
#5745=SURFACE_STYLE_USAGE(.BOTH.,#6030);
#5746=SURFACE_STYLE_USAGE(.BOTH.,#6031);
#5747=SURFACE_SIDE_STYLE('',(#6032));
#5748=SURFACE_SIDE_STYLE('',(#6033));
#5749=SURFACE_SIDE_STYLE('',(#6034));
#5750=SURFACE_SIDE_STYLE('',(#6035));
#5751=SURFACE_SIDE_STYLE('',(#6036));
#5752=SURFACE_SIDE_STYLE('',(#6037));
#5753=SURFACE_SIDE_STYLE('',(#6038));
#5754=SURFACE_SIDE_STYLE('',(#6039));
#5755=SURFACE_SIDE_STYLE('',(#6040));
#5756=SURFACE_SIDE_STYLE('',(#6041));
#5757=SURFACE_SIDE_STYLE('',(#6042));
#5758=SURFACE_SIDE_STYLE('',(#6043));
#5759=SURFACE_SIDE_STYLE('',(#6044));
#5760=SURFACE_SIDE_STYLE('',(#6045));
#5761=SURFACE_SIDE_STYLE('',(#6046));
#5762=SURFACE_SIDE_STYLE('',(#6047));
#5763=SURFACE_SIDE_STYLE('',(#6048));
#5764=SURFACE_SIDE_STYLE('',(#6049));
#5765=SURFACE_SIDE_STYLE('',(#6050));
#5766=SURFACE_SIDE_STYLE('',(#6051));
#5767=SURFACE_SIDE_STYLE('',(#6052));
#5768=SURFACE_SIDE_STYLE('',(#6053));
#5769=SURFACE_SIDE_STYLE('',(#6054));
#5770=SURFACE_SIDE_STYLE('',(#6055));
#5771=SURFACE_SIDE_STYLE('',(#6056));
#5772=SURFACE_SIDE_STYLE('',(#6057));
#5773=SURFACE_SIDE_STYLE('',(#6058));
#5774=SURFACE_SIDE_STYLE('',(#6059));
#5775=SURFACE_SIDE_STYLE('',(#6060));
#5776=SURFACE_SIDE_STYLE('',(#6061));
#5777=SURFACE_SIDE_STYLE('',(#6062));
#5778=SURFACE_SIDE_STYLE('',(#6063));
#5779=SURFACE_SIDE_STYLE('',(#6064));
#5780=SURFACE_SIDE_STYLE('',(#6065));
#5781=SURFACE_SIDE_STYLE('',(#6066));
#5782=SURFACE_SIDE_STYLE('',(#6067));
#5783=SURFACE_SIDE_STYLE('',(#6068));
#5784=SURFACE_SIDE_STYLE('',(#6069));
#5785=SURFACE_SIDE_STYLE('',(#6070));
#5786=SURFACE_SIDE_STYLE('',(#6071));
#5787=SURFACE_SIDE_STYLE('',(#6072));
#5788=SURFACE_SIDE_STYLE('',(#6073));
#5789=SURFACE_SIDE_STYLE('',(#6074));
#5790=SURFACE_SIDE_STYLE('',(#6075));
#5791=SURFACE_SIDE_STYLE('',(#6076));
#5792=SURFACE_SIDE_STYLE('',(#6077));
#5793=SURFACE_SIDE_STYLE('',(#6078));
#5794=SURFACE_SIDE_STYLE('',(#6079));
#5795=SURFACE_SIDE_STYLE('',(#6080));
#5796=SURFACE_SIDE_STYLE('',(#6081));
#5797=SURFACE_SIDE_STYLE('',(#6082));
#5798=SURFACE_SIDE_STYLE('',(#6083));
#5799=SURFACE_SIDE_STYLE('',(#6084));
#5800=SURFACE_SIDE_STYLE('',(#6085));
#5801=SURFACE_SIDE_STYLE('',(#6086));
#5802=SURFACE_SIDE_STYLE('',(#6087));
#5803=SURFACE_SIDE_STYLE('',(#6088));
#5804=SURFACE_SIDE_STYLE('',(#6089));
#5805=SURFACE_SIDE_STYLE('',(#6090));
#5806=SURFACE_SIDE_STYLE('',(#6091));
#5807=SURFACE_SIDE_STYLE('',(#6092));
#5808=SURFACE_SIDE_STYLE('',(#6093));
#5809=SURFACE_SIDE_STYLE('',(#6094));
#5810=SURFACE_SIDE_STYLE('',(#6095));
#5811=SURFACE_SIDE_STYLE('',(#6096));
#5812=SURFACE_SIDE_STYLE('',(#6097));
#5813=SURFACE_SIDE_STYLE('',(#6098));
#5814=SURFACE_SIDE_STYLE('',(#6099));
#5815=SURFACE_SIDE_STYLE('',(#6100));
#5816=SURFACE_SIDE_STYLE('',(#6101));
#5817=SURFACE_SIDE_STYLE('',(#6102));
#5818=SURFACE_SIDE_STYLE('',(#6103));
#5819=SURFACE_SIDE_STYLE('',(#6104));
#5820=SURFACE_SIDE_STYLE('',(#6105));
#5821=SURFACE_SIDE_STYLE('',(#6106));
#5822=SURFACE_SIDE_STYLE('',(#6107));
#5823=SURFACE_SIDE_STYLE('',(#6108));
#5824=SURFACE_SIDE_STYLE('',(#6109));
#5825=SURFACE_SIDE_STYLE('',(#6110));
#5826=SURFACE_SIDE_STYLE('',(#6111));
#5827=SURFACE_SIDE_STYLE('',(#6112));
#5828=SURFACE_SIDE_STYLE('',(#6113));
#5829=SURFACE_SIDE_STYLE('',(#6114));
#5830=SURFACE_SIDE_STYLE('',(#6115));
#5831=SURFACE_SIDE_STYLE('',(#6116));
#5832=SURFACE_SIDE_STYLE('',(#6117));
#5833=SURFACE_SIDE_STYLE('',(#6118));
#5834=SURFACE_SIDE_STYLE('',(#6119));
#5835=SURFACE_SIDE_STYLE('',(#6120));
#5836=SURFACE_SIDE_STYLE('',(#6121));
#5837=SURFACE_SIDE_STYLE('',(#6122));
#5838=SURFACE_SIDE_STYLE('',(#6123));
#5839=SURFACE_SIDE_STYLE('',(#6124));
#5840=SURFACE_SIDE_STYLE('',(#6125));
#5841=SURFACE_SIDE_STYLE('',(#6126));
#5842=SURFACE_SIDE_STYLE('',(#6127));
#5843=SURFACE_SIDE_STYLE('',(#6128));
#5844=SURFACE_SIDE_STYLE('',(#6129));
#5845=SURFACE_SIDE_STYLE('',(#6130));
#5846=SURFACE_SIDE_STYLE('',(#6131));
#5847=SURFACE_SIDE_STYLE('',(#6132));
#5848=SURFACE_SIDE_STYLE('',(#6133));
#5849=SURFACE_SIDE_STYLE('',(#6134));
#5850=SURFACE_SIDE_STYLE('',(#6135));
#5851=SURFACE_SIDE_STYLE('',(#6136));
#5852=SURFACE_SIDE_STYLE('',(#6137));
#5853=SURFACE_SIDE_STYLE('',(#6138));
#5854=SURFACE_SIDE_STYLE('',(#6139));
#5855=SURFACE_SIDE_STYLE('',(#6140));
#5856=SURFACE_SIDE_STYLE('',(#6141));
#5857=SURFACE_SIDE_STYLE('',(#6142));
#5858=SURFACE_SIDE_STYLE('',(#6143));
#5859=SURFACE_SIDE_STYLE('',(#6144));
#5860=SURFACE_SIDE_STYLE('',(#6145));
#5861=SURFACE_SIDE_STYLE('',(#6146));
#5862=SURFACE_SIDE_STYLE('',(#6147));
#5863=SURFACE_SIDE_STYLE('',(#6148));
#5864=SURFACE_SIDE_STYLE('',(#6149));
#5865=SURFACE_SIDE_STYLE('',(#6150));
#5866=SURFACE_SIDE_STYLE('',(#6151));
#5867=SURFACE_SIDE_STYLE('',(#6152));
#5868=SURFACE_SIDE_STYLE('',(#6153));
#5869=SURFACE_SIDE_STYLE('',(#6154));
#5870=SURFACE_SIDE_STYLE('',(#6155));
#5871=SURFACE_SIDE_STYLE('',(#6156));
#5872=SURFACE_SIDE_STYLE('',(#6157));
#5873=SURFACE_SIDE_STYLE('',(#6158));
#5874=SURFACE_SIDE_STYLE('',(#6159));
#5875=SURFACE_SIDE_STYLE('',(#6160));
#5876=SURFACE_SIDE_STYLE('',(#6161));
#5877=SURFACE_SIDE_STYLE('',(#6162));
#5878=SURFACE_SIDE_STYLE('',(#6163));
#5879=SURFACE_SIDE_STYLE('',(#6164));
#5880=SURFACE_SIDE_STYLE('',(#6165));
#5881=SURFACE_SIDE_STYLE('',(#6166));
#5882=SURFACE_SIDE_STYLE('',(#6167));
#5883=SURFACE_SIDE_STYLE('',(#6168));
#5884=SURFACE_SIDE_STYLE('',(#6169));
#5885=SURFACE_SIDE_STYLE('',(#6170));
#5886=SURFACE_SIDE_STYLE('',(#6171));
#5887=SURFACE_SIDE_STYLE('',(#6172));
#5888=SURFACE_SIDE_STYLE('',(#6173));
#5889=SURFACE_SIDE_STYLE('',(#6174));
#5890=SURFACE_SIDE_STYLE('',(#6175));
#5891=SURFACE_SIDE_STYLE('',(#6176));
#5892=SURFACE_SIDE_STYLE('',(#6177));
#5893=SURFACE_SIDE_STYLE('',(#6178));
#5894=SURFACE_SIDE_STYLE('',(#6179));
#5895=SURFACE_SIDE_STYLE('',(#6180));
#5896=SURFACE_SIDE_STYLE('',(#6181));
#5897=SURFACE_SIDE_STYLE('',(#6182));
#5898=SURFACE_SIDE_STYLE('',(#6183));
#5899=SURFACE_SIDE_STYLE('',(#6184));
#5900=SURFACE_SIDE_STYLE('',(#6185));
#5901=SURFACE_SIDE_STYLE('',(#6186));
#5902=SURFACE_SIDE_STYLE('',(#6187));
#5903=SURFACE_SIDE_STYLE('',(#6188));
#5904=SURFACE_SIDE_STYLE('',(#6189));
#5905=SURFACE_SIDE_STYLE('',(#6190));
#5906=SURFACE_SIDE_STYLE('',(#6191));
#5907=SURFACE_SIDE_STYLE('',(#6192));
#5908=SURFACE_SIDE_STYLE('',(#6193));
#5909=SURFACE_SIDE_STYLE('',(#6194));
#5910=SURFACE_SIDE_STYLE('',(#6195));
#5911=SURFACE_SIDE_STYLE('',(#6196));
#5912=SURFACE_SIDE_STYLE('',(#6197));
#5913=SURFACE_SIDE_STYLE('',(#6198));
#5914=SURFACE_SIDE_STYLE('',(#6199));
#5915=SURFACE_SIDE_STYLE('',(#6200));
#5916=SURFACE_SIDE_STYLE('',(#6201));
#5917=SURFACE_SIDE_STYLE('',(#6202));
#5918=SURFACE_SIDE_STYLE('',(#6203));
#5919=SURFACE_SIDE_STYLE('',(#6204));
#5920=SURFACE_SIDE_STYLE('',(#6205));
#5921=SURFACE_SIDE_STYLE('',(#6206));
#5922=SURFACE_SIDE_STYLE('',(#6207));
#5923=SURFACE_SIDE_STYLE('',(#6208));
#5924=SURFACE_SIDE_STYLE('',(#6209));
#5925=SURFACE_SIDE_STYLE('',(#6210));
#5926=SURFACE_SIDE_STYLE('',(#6211));
#5927=SURFACE_SIDE_STYLE('',(#6212));
#5928=SURFACE_SIDE_STYLE('',(#6213));
#5929=SURFACE_SIDE_STYLE('',(#6214));
#5930=SURFACE_SIDE_STYLE('',(#6215));
#5931=SURFACE_SIDE_STYLE('',(#6216));
#5932=SURFACE_SIDE_STYLE('',(#6217));
#5933=SURFACE_SIDE_STYLE('',(#6218));
#5934=SURFACE_SIDE_STYLE('',(#6219));
#5935=SURFACE_SIDE_STYLE('',(#6220));
#5936=SURFACE_SIDE_STYLE('',(#6221));
#5937=SURFACE_SIDE_STYLE('',(#6222));
#5938=SURFACE_SIDE_STYLE('',(#6223));
#5939=SURFACE_SIDE_STYLE('',(#6224));
#5940=SURFACE_SIDE_STYLE('',(#6225));
#5941=SURFACE_SIDE_STYLE('',(#6226));
#5942=SURFACE_SIDE_STYLE('',(#6227));
#5943=SURFACE_SIDE_STYLE('',(#6228));
#5944=SURFACE_SIDE_STYLE('',(#6229));
#5945=SURFACE_SIDE_STYLE('',(#6230));
#5946=SURFACE_SIDE_STYLE('',(#6231));
#5947=SURFACE_SIDE_STYLE('',(#6232));
#5948=SURFACE_SIDE_STYLE('',(#6233));
#5949=SURFACE_SIDE_STYLE('',(#6234));
#5950=SURFACE_SIDE_STYLE('',(#6235));
#5951=SURFACE_SIDE_STYLE('',(#6236));
#5952=SURFACE_SIDE_STYLE('',(#6237));
#5953=SURFACE_SIDE_STYLE('',(#6238));
#5954=SURFACE_SIDE_STYLE('',(#6239));
#5955=SURFACE_SIDE_STYLE('',(#6240));
#5956=SURFACE_SIDE_STYLE('',(#6241));
#5957=SURFACE_SIDE_STYLE('',(#6242));
#5958=SURFACE_SIDE_STYLE('',(#6243));
#5959=SURFACE_SIDE_STYLE('',(#6244));
#5960=SURFACE_SIDE_STYLE('',(#6245));
#5961=SURFACE_SIDE_STYLE('',(#6246));
#5962=SURFACE_SIDE_STYLE('',(#6247));
#5963=SURFACE_SIDE_STYLE('',(#6248));
#5964=SURFACE_SIDE_STYLE('',(#6249));
#5965=SURFACE_SIDE_STYLE('',(#6250));
#5966=SURFACE_SIDE_STYLE('',(#6251));
#5967=SURFACE_SIDE_STYLE('',(#6252));
#5968=SURFACE_SIDE_STYLE('',(#6253));
#5969=SURFACE_SIDE_STYLE('',(#6254));
#5970=SURFACE_SIDE_STYLE('',(#6255));
#5971=SURFACE_SIDE_STYLE('',(#6256));
#5972=SURFACE_SIDE_STYLE('',(#6257));
#5973=SURFACE_SIDE_STYLE('',(#6258));
#5974=SURFACE_SIDE_STYLE('',(#6259));
#5975=SURFACE_SIDE_STYLE('',(#6260));
#5976=SURFACE_SIDE_STYLE('',(#6261));
#5977=SURFACE_SIDE_STYLE('',(#6262));
#5978=SURFACE_SIDE_STYLE('',(#6263));
#5979=SURFACE_SIDE_STYLE('',(#6264));
#5980=SURFACE_SIDE_STYLE('',(#6265));
#5981=SURFACE_SIDE_STYLE('',(#6266));
#5982=SURFACE_SIDE_STYLE('',(#6267));
#5983=SURFACE_SIDE_STYLE('',(#6268));
#5984=SURFACE_SIDE_STYLE('',(#6269));
#5985=SURFACE_SIDE_STYLE('',(#6270));
#5986=SURFACE_SIDE_STYLE('',(#6271));
#5987=SURFACE_SIDE_STYLE('',(#6272));
#5988=SURFACE_SIDE_STYLE('',(#6273));
#5989=SURFACE_SIDE_STYLE('',(#6274));
#5990=SURFACE_SIDE_STYLE('',(#6275));
#5991=SURFACE_SIDE_STYLE('',(#6276));
#5992=SURFACE_SIDE_STYLE('',(#6277));
#5993=SURFACE_SIDE_STYLE('',(#6278));
#5994=SURFACE_SIDE_STYLE('',(#6279));
#5995=SURFACE_SIDE_STYLE('',(#6280));
#5996=SURFACE_SIDE_STYLE('',(#6281));
#5997=SURFACE_SIDE_STYLE('',(#6282));
#5998=SURFACE_SIDE_STYLE('',(#6283));
#5999=SURFACE_SIDE_STYLE('',(#6284));
#6000=SURFACE_SIDE_STYLE('',(#6285));
#6001=SURFACE_SIDE_STYLE('',(#6286));
#6002=SURFACE_SIDE_STYLE('',(#6287));
#6003=SURFACE_SIDE_STYLE('',(#6288));
#6004=SURFACE_SIDE_STYLE('',(#6289));
#6005=SURFACE_SIDE_STYLE('',(#6290));
#6006=SURFACE_SIDE_STYLE('',(#6291));
#6007=SURFACE_SIDE_STYLE('',(#6292));
#6008=SURFACE_SIDE_STYLE('',(#6293));
#6009=SURFACE_SIDE_STYLE('',(#6294));
#6010=SURFACE_SIDE_STYLE('',(#6295));
#6011=SURFACE_SIDE_STYLE('',(#6296));
#6012=SURFACE_SIDE_STYLE('',(#6297));
#6013=SURFACE_SIDE_STYLE('',(#6298));
#6014=SURFACE_SIDE_STYLE('',(#6299));
#6015=SURFACE_SIDE_STYLE('',(#6300));
#6016=SURFACE_SIDE_STYLE('',(#6301));
#6017=SURFACE_SIDE_STYLE('',(#6302));
#6018=SURFACE_SIDE_STYLE('',(#6303));
#6019=SURFACE_SIDE_STYLE('',(#6304));
#6020=SURFACE_SIDE_STYLE('',(#6305));
#6021=SURFACE_SIDE_STYLE('',(#6306));
#6022=SURFACE_SIDE_STYLE('',(#6307));
#6023=SURFACE_SIDE_STYLE('',(#6308));
#6024=SURFACE_SIDE_STYLE('',(#6309));
#6025=SURFACE_SIDE_STYLE('',(#6310));
#6026=SURFACE_SIDE_STYLE('',(#6311));
#6027=SURFACE_SIDE_STYLE('',(#6312));
#6028=SURFACE_SIDE_STYLE('',(#6313));
#6029=SURFACE_SIDE_STYLE('',(#6314));
#6030=SURFACE_SIDE_STYLE('',(#6315));
#6031=SURFACE_SIDE_STYLE('',(#6316));
#6032=SURFACE_STYLE_FILL_AREA(#6317);
#6033=SURFACE_STYLE_FILL_AREA(#6318);
#6034=SURFACE_STYLE_FILL_AREA(#6319);
#6035=SURFACE_STYLE_FILL_AREA(#6320);
#6036=SURFACE_STYLE_FILL_AREA(#6321);
#6037=SURFACE_STYLE_FILL_AREA(#6322);
#6038=SURFACE_STYLE_FILL_AREA(#6323);
#6039=SURFACE_STYLE_FILL_AREA(#6324);
#6040=SURFACE_STYLE_FILL_AREA(#6325);
#6041=SURFACE_STYLE_FILL_AREA(#6326);
#6042=SURFACE_STYLE_FILL_AREA(#6327);
#6043=SURFACE_STYLE_FILL_AREA(#6328);
#6044=SURFACE_STYLE_FILL_AREA(#6329);
#6045=SURFACE_STYLE_FILL_AREA(#6330);
#6046=SURFACE_STYLE_FILL_AREA(#6331);
#6047=SURFACE_STYLE_FILL_AREA(#6332);
#6048=SURFACE_STYLE_FILL_AREA(#6333);
#6049=SURFACE_STYLE_FILL_AREA(#6334);
#6050=SURFACE_STYLE_FILL_AREA(#6335);
#6051=SURFACE_STYLE_FILL_AREA(#6336);
#6052=SURFACE_STYLE_FILL_AREA(#6337);
#6053=SURFACE_STYLE_FILL_AREA(#6338);
#6054=SURFACE_STYLE_FILL_AREA(#6339);
#6055=SURFACE_STYLE_FILL_AREA(#6340);
#6056=SURFACE_STYLE_FILL_AREA(#6341);
#6057=SURFACE_STYLE_FILL_AREA(#6342);
#6058=SURFACE_STYLE_FILL_AREA(#6343);
#6059=SURFACE_STYLE_FILL_AREA(#6344);
#6060=SURFACE_STYLE_FILL_AREA(#6345);
#6061=SURFACE_STYLE_FILL_AREA(#6346);
#6062=SURFACE_STYLE_FILL_AREA(#6347);
#6063=SURFACE_STYLE_FILL_AREA(#6348);
#6064=SURFACE_STYLE_FILL_AREA(#6349);
#6065=SURFACE_STYLE_FILL_AREA(#6350);
#6066=SURFACE_STYLE_FILL_AREA(#6351);
#6067=SURFACE_STYLE_FILL_AREA(#6352);
#6068=SURFACE_STYLE_FILL_AREA(#6353);
#6069=SURFACE_STYLE_FILL_AREA(#6354);
#6070=SURFACE_STYLE_FILL_AREA(#6355);
#6071=SURFACE_STYLE_FILL_AREA(#6356);
#6072=SURFACE_STYLE_FILL_AREA(#6357);
#6073=SURFACE_STYLE_FILL_AREA(#6358);
#6074=SURFACE_STYLE_FILL_AREA(#6359);
#6075=SURFACE_STYLE_FILL_AREA(#6360);
#6076=SURFACE_STYLE_FILL_AREA(#6361);
#6077=SURFACE_STYLE_FILL_AREA(#6362);
#6078=SURFACE_STYLE_FILL_AREA(#6363);
#6079=SURFACE_STYLE_FILL_AREA(#6364);
#6080=SURFACE_STYLE_FILL_AREA(#6365);
#6081=SURFACE_STYLE_FILL_AREA(#6366);
#6082=SURFACE_STYLE_FILL_AREA(#6367);
#6083=SURFACE_STYLE_FILL_AREA(#6368);
#6084=SURFACE_STYLE_FILL_AREA(#6369);
#6085=SURFACE_STYLE_FILL_AREA(#6370);
#6086=SURFACE_STYLE_FILL_AREA(#6371);
#6087=SURFACE_STYLE_FILL_AREA(#6372);
#6088=SURFACE_STYLE_FILL_AREA(#6373);
#6089=SURFACE_STYLE_FILL_AREA(#6374);
#6090=SURFACE_STYLE_FILL_AREA(#6375);
#6091=SURFACE_STYLE_FILL_AREA(#6376);
#6092=SURFACE_STYLE_FILL_AREA(#6377);
#6093=SURFACE_STYLE_FILL_AREA(#6378);
#6094=SURFACE_STYLE_FILL_AREA(#6379);
#6095=SURFACE_STYLE_FILL_AREA(#6380);
#6096=SURFACE_STYLE_FILL_AREA(#6381);
#6097=SURFACE_STYLE_FILL_AREA(#6382);
#6098=SURFACE_STYLE_FILL_AREA(#6383);
#6099=SURFACE_STYLE_FILL_AREA(#6384);
#6100=SURFACE_STYLE_FILL_AREA(#6385);
#6101=SURFACE_STYLE_FILL_AREA(#6386);
#6102=SURFACE_STYLE_FILL_AREA(#6387);
#6103=SURFACE_STYLE_FILL_AREA(#6388);
#6104=SURFACE_STYLE_FILL_AREA(#6389);
#6105=SURFACE_STYLE_FILL_AREA(#6390);
#6106=SURFACE_STYLE_FILL_AREA(#6391);
#6107=SURFACE_STYLE_FILL_AREA(#6392);
#6108=SURFACE_STYLE_FILL_AREA(#6393);
#6109=SURFACE_STYLE_FILL_AREA(#6394);
#6110=SURFACE_STYLE_FILL_AREA(#6395);
#6111=SURFACE_STYLE_FILL_AREA(#6396);
#6112=SURFACE_STYLE_FILL_AREA(#6397);
#6113=SURFACE_STYLE_FILL_AREA(#6398);
#6114=SURFACE_STYLE_FILL_AREA(#6399);
#6115=SURFACE_STYLE_FILL_AREA(#6400);
#6116=SURFACE_STYLE_FILL_AREA(#6401);
#6117=SURFACE_STYLE_FILL_AREA(#6402);
#6118=SURFACE_STYLE_FILL_AREA(#6403);
#6119=SURFACE_STYLE_FILL_AREA(#6404);
#6120=SURFACE_STYLE_FILL_AREA(#6405);
#6121=SURFACE_STYLE_FILL_AREA(#6406);
#6122=SURFACE_STYLE_FILL_AREA(#6407);
#6123=SURFACE_STYLE_FILL_AREA(#6408);
#6124=SURFACE_STYLE_FILL_AREA(#6409);
#6125=SURFACE_STYLE_FILL_AREA(#6410);
#6126=SURFACE_STYLE_FILL_AREA(#6411);
#6127=SURFACE_STYLE_FILL_AREA(#6412);
#6128=SURFACE_STYLE_FILL_AREA(#6413);
#6129=SURFACE_STYLE_FILL_AREA(#6414);
#6130=SURFACE_STYLE_FILL_AREA(#6415);
#6131=SURFACE_STYLE_FILL_AREA(#6416);
#6132=SURFACE_STYLE_FILL_AREA(#6417);
#6133=SURFACE_STYLE_FILL_AREA(#6418);
#6134=SURFACE_STYLE_FILL_AREA(#6419);
#6135=SURFACE_STYLE_FILL_AREA(#6420);
#6136=SURFACE_STYLE_FILL_AREA(#6421);
#6137=SURFACE_STYLE_FILL_AREA(#6422);
#6138=SURFACE_STYLE_FILL_AREA(#6423);
#6139=SURFACE_STYLE_FILL_AREA(#6424);
#6140=SURFACE_STYLE_FILL_AREA(#6425);
#6141=SURFACE_STYLE_FILL_AREA(#6426);
#6142=SURFACE_STYLE_FILL_AREA(#6427);
#6143=SURFACE_STYLE_FILL_AREA(#6428);
#6144=SURFACE_STYLE_FILL_AREA(#6429);
#6145=SURFACE_STYLE_FILL_AREA(#6430);
#6146=SURFACE_STYLE_FILL_AREA(#6431);
#6147=SURFACE_STYLE_FILL_AREA(#6432);
#6148=SURFACE_STYLE_FILL_AREA(#6433);
#6149=SURFACE_STYLE_FILL_AREA(#6434);
#6150=SURFACE_STYLE_FILL_AREA(#6435);
#6151=SURFACE_STYLE_FILL_AREA(#6436);
#6152=SURFACE_STYLE_FILL_AREA(#6437);
#6153=SURFACE_STYLE_FILL_AREA(#6438);
#6154=SURFACE_STYLE_FILL_AREA(#6439);
#6155=SURFACE_STYLE_FILL_AREA(#6440);
#6156=SURFACE_STYLE_FILL_AREA(#6441);
#6157=SURFACE_STYLE_FILL_AREA(#6442);
#6158=SURFACE_STYLE_FILL_AREA(#6443);
#6159=SURFACE_STYLE_FILL_AREA(#6444);
#6160=SURFACE_STYLE_FILL_AREA(#6445);
#6161=SURFACE_STYLE_FILL_AREA(#6446);
#6162=SURFACE_STYLE_FILL_AREA(#6447);
#6163=SURFACE_STYLE_FILL_AREA(#6448);
#6164=SURFACE_STYLE_FILL_AREA(#6449);
#6165=SURFACE_STYLE_FILL_AREA(#6450);
#6166=SURFACE_STYLE_FILL_AREA(#6451);
#6167=SURFACE_STYLE_FILL_AREA(#6452);
#6168=SURFACE_STYLE_FILL_AREA(#6453);
#6169=SURFACE_STYLE_FILL_AREA(#6454);
#6170=SURFACE_STYLE_FILL_AREA(#6455);
#6171=SURFACE_STYLE_FILL_AREA(#6456);
#6172=SURFACE_STYLE_FILL_AREA(#6457);
#6173=SURFACE_STYLE_FILL_AREA(#6458);
#6174=SURFACE_STYLE_FILL_AREA(#6459);
#6175=SURFACE_STYLE_FILL_AREA(#6460);
#6176=SURFACE_STYLE_FILL_AREA(#6461);
#6177=SURFACE_STYLE_FILL_AREA(#6462);
#6178=SURFACE_STYLE_FILL_AREA(#6463);
#6179=SURFACE_STYLE_FILL_AREA(#6464);
#6180=SURFACE_STYLE_FILL_AREA(#6465);
#6181=SURFACE_STYLE_FILL_AREA(#6466);
#6182=SURFACE_STYLE_FILL_AREA(#6467);
#6183=SURFACE_STYLE_FILL_AREA(#6468);
#6184=SURFACE_STYLE_FILL_AREA(#6469);
#6185=SURFACE_STYLE_FILL_AREA(#6470);
#6186=SURFACE_STYLE_FILL_AREA(#6471);
#6187=SURFACE_STYLE_FILL_AREA(#6472);
#6188=SURFACE_STYLE_FILL_AREA(#6473);
#6189=SURFACE_STYLE_FILL_AREA(#6474);
#6190=SURFACE_STYLE_FILL_AREA(#6475);
#6191=SURFACE_STYLE_FILL_AREA(#6476);
#6192=SURFACE_STYLE_FILL_AREA(#6477);
#6193=SURFACE_STYLE_FILL_AREA(#6478);
#6194=SURFACE_STYLE_FILL_AREA(#6479);
#6195=SURFACE_STYLE_FILL_AREA(#6480);
#6196=SURFACE_STYLE_FILL_AREA(#6481);
#6197=SURFACE_STYLE_FILL_AREA(#6482);
#6198=SURFACE_STYLE_FILL_AREA(#6483);
#6199=SURFACE_STYLE_FILL_AREA(#6484);
#6200=SURFACE_STYLE_FILL_AREA(#6485);
#6201=SURFACE_STYLE_FILL_AREA(#6486);
#6202=SURFACE_STYLE_FILL_AREA(#6487);
#6203=SURFACE_STYLE_FILL_AREA(#6488);
#6204=SURFACE_STYLE_FILL_AREA(#6489);
#6205=SURFACE_STYLE_FILL_AREA(#6490);
#6206=SURFACE_STYLE_FILL_AREA(#6491);
#6207=SURFACE_STYLE_FILL_AREA(#6492);
#6208=SURFACE_STYLE_FILL_AREA(#6493);
#6209=SURFACE_STYLE_FILL_AREA(#6494);
#6210=SURFACE_STYLE_FILL_AREA(#6495);
#6211=SURFACE_STYLE_FILL_AREA(#6496);
#6212=SURFACE_STYLE_FILL_AREA(#6497);
#6213=SURFACE_STYLE_FILL_AREA(#6498);
#6214=SURFACE_STYLE_FILL_AREA(#6499);
#6215=SURFACE_STYLE_FILL_AREA(#6500);
#6216=SURFACE_STYLE_FILL_AREA(#6501);
#6217=SURFACE_STYLE_FILL_AREA(#6502);
#6218=SURFACE_STYLE_FILL_AREA(#6503);
#6219=SURFACE_STYLE_FILL_AREA(#6504);
#6220=SURFACE_STYLE_FILL_AREA(#6505);
#6221=SURFACE_STYLE_FILL_AREA(#6506);
#6222=SURFACE_STYLE_FILL_AREA(#6507);
#6223=SURFACE_STYLE_FILL_AREA(#6508);
#6224=SURFACE_STYLE_FILL_AREA(#6509);
#6225=SURFACE_STYLE_FILL_AREA(#6510);
#6226=SURFACE_STYLE_FILL_AREA(#6511);
#6227=SURFACE_STYLE_FILL_AREA(#6512);
#6228=SURFACE_STYLE_FILL_AREA(#6513);
#6229=SURFACE_STYLE_FILL_AREA(#6514);
#6230=SURFACE_STYLE_FILL_AREA(#6515);
#6231=SURFACE_STYLE_FILL_AREA(#6516);
#6232=SURFACE_STYLE_FILL_AREA(#6517);
#6233=SURFACE_STYLE_FILL_AREA(#6518);
#6234=SURFACE_STYLE_FILL_AREA(#6519);
#6235=SURFACE_STYLE_FILL_AREA(#6520);
#6236=SURFACE_STYLE_FILL_AREA(#6521);
#6237=SURFACE_STYLE_FILL_AREA(#6522);
#6238=SURFACE_STYLE_FILL_AREA(#6523);
#6239=SURFACE_STYLE_FILL_AREA(#6524);
#6240=SURFACE_STYLE_FILL_AREA(#6525);
#6241=SURFACE_STYLE_FILL_AREA(#6526);
#6242=SURFACE_STYLE_FILL_AREA(#6527);
#6243=SURFACE_STYLE_FILL_AREA(#6528);
#6244=SURFACE_STYLE_FILL_AREA(#6529);
#6245=SURFACE_STYLE_FILL_AREA(#6530);
#6246=SURFACE_STYLE_FILL_AREA(#6531);
#6247=SURFACE_STYLE_FILL_AREA(#6532);
#6248=SURFACE_STYLE_FILL_AREA(#6533);
#6249=SURFACE_STYLE_FILL_AREA(#6534);
#6250=SURFACE_STYLE_FILL_AREA(#6535);
#6251=SURFACE_STYLE_FILL_AREA(#6536);
#6252=SURFACE_STYLE_FILL_AREA(#6537);
#6253=SURFACE_STYLE_FILL_AREA(#6538);
#6254=SURFACE_STYLE_FILL_AREA(#6539);
#6255=SURFACE_STYLE_FILL_AREA(#6540);
#6256=SURFACE_STYLE_FILL_AREA(#6541);
#6257=SURFACE_STYLE_FILL_AREA(#6542);
#6258=SURFACE_STYLE_FILL_AREA(#6543);
#6259=SURFACE_STYLE_FILL_AREA(#6544);
#6260=SURFACE_STYLE_FILL_AREA(#6545);
#6261=SURFACE_STYLE_FILL_AREA(#6546);
#6262=SURFACE_STYLE_FILL_AREA(#6547);
#6263=SURFACE_STYLE_FILL_AREA(#6548);
#6264=SURFACE_STYLE_FILL_AREA(#6549);
#6265=SURFACE_STYLE_FILL_AREA(#6550);
#6266=SURFACE_STYLE_FILL_AREA(#6551);
#6267=SURFACE_STYLE_FILL_AREA(#6552);
#6268=SURFACE_STYLE_FILL_AREA(#6553);
#6269=SURFACE_STYLE_FILL_AREA(#6554);
#6270=SURFACE_STYLE_FILL_AREA(#6555);
#6271=SURFACE_STYLE_FILL_AREA(#6556);
#6272=SURFACE_STYLE_FILL_AREA(#6557);
#6273=SURFACE_STYLE_FILL_AREA(#6558);
#6274=SURFACE_STYLE_FILL_AREA(#6559);
#6275=SURFACE_STYLE_FILL_AREA(#6560);
#6276=SURFACE_STYLE_FILL_AREA(#6561);
#6277=SURFACE_STYLE_FILL_AREA(#6562);
#6278=SURFACE_STYLE_FILL_AREA(#6563);
#6279=SURFACE_STYLE_FILL_AREA(#6564);
#6280=SURFACE_STYLE_FILL_AREA(#6565);
#6281=SURFACE_STYLE_FILL_AREA(#6566);
#6282=SURFACE_STYLE_FILL_AREA(#6567);
#6283=SURFACE_STYLE_FILL_AREA(#6568);
#6284=SURFACE_STYLE_FILL_AREA(#6569);
#6285=SURFACE_STYLE_FILL_AREA(#6570);
#6286=SURFACE_STYLE_FILL_AREA(#6571);
#6287=SURFACE_STYLE_FILL_AREA(#6572);
#6288=SURFACE_STYLE_FILL_AREA(#6573);
#6289=SURFACE_STYLE_FILL_AREA(#6574);
#6290=SURFACE_STYLE_FILL_AREA(#6575);
#6291=SURFACE_STYLE_FILL_AREA(#6576);
#6292=SURFACE_STYLE_FILL_AREA(#6577);
#6293=SURFACE_STYLE_FILL_AREA(#6578);
#6294=SURFACE_STYLE_FILL_AREA(#6579);
#6295=SURFACE_STYLE_FILL_AREA(#6580);
#6296=SURFACE_STYLE_FILL_AREA(#6581);
#6297=SURFACE_STYLE_FILL_AREA(#6582);
#6298=SURFACE_STYLE_FILL_AREA(#6583);
#6299=SURFACE_STYLE_FILL_AREA(#6584);
#6300=SURFACE_STYLE_FILL_AREA(#6585);
#6301=SURFACE_STYLE_FILL_AREA(#6586);
#6302=SURFACE_STYLE_FILL_AREA(#6587);
#6303=SURFACE_STYLE_FILL_AREA(#6588);
#6304=SURFACE_STYLE_FILL_AREA(#6589);
#6305=SURFACE_STYLE_FILL_AREA(#6590);
#6306=SURFACE_STYLE_FILL_AREA(#6591);
#6307=SURFACE_STYLE_FILL_AREA(#6592);
#6308=SURFACE_STYLE_FILL_AREA(#6593);
#6309=SURFACE_STYLE_FILL_AREA(#6594);
#6310=SURFACE_STYLE_FILL_AREA(#6595);
#6311=SURFACE_STYLE_FILL_AREA(#6596);
#6312=SURFACE_STYLE_FILL_AREA(#6597);
#6313=SURFACE_STYLE_FILL_AREA(#6598);
#6314=SURFACE_STYLE_FILL_AREA(#6599);
#6315=SURFACE_STYLE_FILL_AREA(#6600);
#6316=SURFACE_STYLE_FILL_AREA(#6601);
#6317=FILL_AREA_STYLE('',(#6602));
#6318=FILL_AREA_STYLE('',(#6603));
#6319=FILL_AREA_STYLE('',(#6604));
#6320=FILL_AREA_STYLE('',(#6605));
#6321=FILL_AREA_STYLE('',(#6606));
#6322=FILL_AREA_STYLE('',(#6607));
#6323=FILL_AREA_STYLE('',(#6608));
#6324=FILL_AREA_STYLE('',(#6609));
#6325=FILL_AREA_STYLE('',(#6610));
#6326=FILL_AREA_STYLE('',(#6611));
#6327=FILL_AREA_STYLE('',(#6612));
#6328=FILL_AREA_STYLE('',(#6613));
#6329=FILL_AREA_STYLE('',(#6614));
#6330=FILL_AREA_STYLE('',(#6615));
#6331=FILL_AREA_STYLE('',(#6616));
#6332=FILL_AREA_STYLE('',(#6617));
#6333=FILL_AREA_STYLE('',(#6618));
#6334=FILL_AREA_STYLE('',(#6619));
#6335=FILL_AREA_STYLE('',(#6620));
#6336=FILL_AREA_STYLE('',(#6621));
#6337=FILL_AREA_STYLE('',(#6622));
#6338=FILL_AREA_STYLE('',(#6623));
#6339=FILL_AREA_STYLE('',(#6624));
#6340=FILL_AREA_STYLE('',(#6625));
#6341=FILL_AREA_STYLE('',(#6626));
#6342=FILL_AREA_STYLE('',(#6627));
#6343=FILL_AREA_STYLE('',(#6628));
#6344=FILL_AREA_STYLE('',(#6629));
#6345=FILL_AREA_STYLE('',(#6630));
#6346=FILL_AREA_STYLE('',(#6631));
#6347=FILL_AREA_STYLE('',(#6632));
#6348=FILL_AREA_STYLE('',(#6633));
#6349=FILL_AREA_STYLE('',(#6634));
#6350=FILL_AREA_STYLE('',(#6635));
#6351=FILL_AREA_STYLE('',(#6636));
#6352=FILL_AREA_STYLE('',(#6637));
#6353=FILL_AREA_STYLE('',(#6638));
#6354=FILL_AREA_STYLE('',(#6639));
#6355=FILL_AREA_STYLE('',(#6640));
#6356=FILL_AREA_STYLE('',(#6641));
#6357=FILL_AREA_STYLE('',(#6642));
#6358=FILL_AREA_STYLE('',(#6643));
#6359=FILL_AREA_STYLE('',(#6644));
#6360=FILL_AREA_STYLE('',(#6645));
#6361=FILL_AREA_STYLE('',(#6646));
#6362=FILL_AREA_STYLE('',(#6647));
#6363=FILL_AREA_STYLE('',(#6648));
#6364=FILL_AREA_STYLE('',(#6649));
#6365=FILL_AREA_STYLE('',(#6650));
#6366=FILL_AREA_STYLE('',(#6651));
#6367=FILL_AREA_STYLE('',(#6652));
#6368=FILL_AREA_STYLE('',(#6653));
#6369=FILL_AREA_STYLE('',(#6654));
#6370=FILL_AREA_STYLE('',(#6655));
#6371=FILL_AREA_STYLE('',(#6656));
#6372=FILL_AREA_STYLE('',(#6657));
#6373=FILL_AREA_STYLE('',(#6658));
#6374=FILL_AREA_STYLE('',(#6659));
#6375=FILL_AREA_STYLE('',(#6660));
#6376=FILL_AREA_STYLE('',(#6661));
#6377=FILL_AREA_STYLE('',(#6662));
#6378=FILL_AREA_STYLE('',(#6663));
#6379=FILL_AREA_STYLE('',(#6664));
#6380=FILL_AREA_STYLE('',(#6665));
#6381=FILL_AREA_STYLE('',(#6666));
#6382=FILL_AREA_STYLE('',(#6667));
#6383=FILL_AREA_STYLE('',(#6668));
#6384=FILL_AREA_STYLE('',(#6669));
#6385=FILL_AREA_STYLE('',(#6670));
#6386=FILL_AREA_STYLE('',(#6671));
#6387=FILL_AREA_STYLE('',(#6672));
#6388=FILL_AREA_STYLE('',(#6673));
#6389=FILL_AREA_STYLE('',(#6674));
#6390=FILL_AREA_STYLE('',(#6675));
#6391=FILL_AREA_STYLE('',(#6676));
#6392=FILL_AREA_STYLE('',(#6677));
#6393=FILL_AREA_STYLE('',(#6678));
#6394=FILL_AREA_STYLE('',(#6679));
#6395=FILL_AREA_STYLE('',(#6680));
#6396=FILL_AREA_STYLE('',(#6681));
#6397=FILL_AREA_STYLE('',(#6682));
#6398=FILL_AREA_STYLE('',(#6683));
#6399=FILL_AREA_STYLE('',(#6684));
#6400=FILL_AREA_STYLE('',(#6685));
#6401=FILL_AREA_STYLE('',(#6686));
#6402=FILL_AREA_STYLE('',(#6687));
#6403=FILL_AREA_STYLE('',(#6688));
#6404=FILL_AREA_STYLE('',(#6689));
#6405=FILL_AREA_STYLE('',(#6690));
#6406=FILL_AREA_STYLE('',(#6691));
#6407=FILL_AREA_STYLE('',(#6692));
#6408=FILL_AREA_STYLE('',(#6693));
#6409=FILL_AREA_STYLE('',(#6694));
#6410=FILL_AREA_STYLE('',(#6695));
#6411=FILL_AREA_STYLE('',(#6696));
#6412=FILL_AREA_STYLE('',(#6697));
#6413=FILL_AREA_STYLE('',(#6698));
#6414=FILL_AREA_STYLE('',(#6699));
#6415=FILL_AREA_STYLE('',(#6700));
#6416=FILL_AREA_STYLE('',(#6701));
#6417=FILL_AREA_STYLE('',(#6702));
#6418=FILL_AREA_STYLE('',(#6703));
#6419=FILL_AREA_STYLE('',(#6704));
#6420=FILL_AREA_STYLE('',(#6705));
#6421=FILL_AREA_STYLE('',(#6706));
#6422=FILL_AREA_STYLE('',(#6707));
#6423=FILL_AREA_STYLE('',(#6708));
#6424=FILL_AREA_STYLE('',(#6709));
#6425=FILL_AREA_STYLE('',(#6710));
#6426=FILL_AREA_STYLE('',(#6711));
#6427=FILL_AREA_STYLE('',(#6712));
#6428=FILL_AREA_STYLE('',(#6713));
#6429=FILL_AREA_STYLE('',(#6714));
#6430=FILL_AREA_STYLE('',(#6715));
#6431=FILL_AREA_STYLE('',(#6716));
#6432=FILL_AREA_STYLE('',(#6717));
#6433=FILL_AREA_STYLE('',(#6718));
#6434=FILL_AREA_STYLE('',(#6719));
#6435=FILL_AREA_STYLE('',(#6720));
#6436=FILL_AREA_STYLE('',(#6721));
#6437=FILL_AREA_STYLE('',(#6722));
#6438=FILL_AREA_STYLE('',(#6723));
#6439=FILL_AREA_STYLE('',(#6724));
#6440=FILL_AREA_STYLE('',(#6725));
#6441=FILL_AREA_STYLE('',(#6726));
#6442=FILL_AREA_STYLE('',(#6727));
#6443=FILL_AREA_STYLE('',(#6728));
#6444=FILL_AREA_STYLE('',(#6729));
#6445=FILL_AREA_STYLE('',(#6730));
#6446=FILL_AREA_STYLE('',(#6731));
#6447=FILL_AREA_STYLE('',(#6732));
#6448=FILL_AREA_STYLE('',(#6733));
#6449=FILL_AREA_STYLE('',(#6734));
#6450=FILL_AREA_STYLE('',(#6735));
#6451=FILL_AREA_STYLE('',(#6736));
#6452=FILL_AREA_STYLE('',(#6737));
#6453=FILL_AREA_STYLE('',(#6738));
#6454=FILL_AREA_STYLE('',(#6739));
#6455=FILL_AREA_STYLE('',(#6740));
#6456=FILL_AREA_STYLE('',(#6741));
#6457=FILL_AREA_STYLE('',(#6742));
#6458=FILL_AREA_STYLE('',(#6743));
#6459=FILL_AREA_STYLE('',(#6744));
#6460=FILL_AREA_STYLE('',(#6745));
#6461=FILL_AREA_STYLE('',(#6746));
#6462=FILL_AREA_STYLE('',(#6747));
#6463=FILL_AREA_STYLE('',(#6748));
#6464=FILL_AREA_STYLE('',(#6749));
#6465=FILL_AREA_STYLE('',(#6750));
#6466=FILL_AREA_STYLE('',(#6751));
#6467=FILL_AREA_STYLE('',(#6752));
#6468=FILL_AREA_STYLE('',(#6753));
#6469=FILL_AREA_STYLE('',(#6754));
#6470=FILL_AREA_STYLE('',(#6755));
#6471=FILL_AREA_STYLE('',(#6756));
#6472=FILL_AREA_STYLE('',(#6757));
#6473=FILL_AREA_STYLE('',(#6758));
#6474=FILL_AREA_STYLE('',(#6759));
#6475=FILL_AREA_STYLE('',(#6760));
#6476=FILL_AREA_STYLE('',(#6761));
#6477=FILL_AREA_STYLE('',(#6762));
#6478=FILL_AREA_STYLE('',(#6763));
#6479=FILL_AREA_STYLE('',(#6764));
#6480=FILL_AREA_STYLE('',(#6765));
#6481=FILL_AREA_STYLE('',(#6766));
#6482=FILL_AREA_STYLE('',(#6767));
#6483=FILL_AREA_STYLE('',(#6768));
#6484=FILL_AREA_STYLE('',(#6769));
#6485=FILL_AREA_STYLE('',(#6770));
#6486=FILL_AREA_STYLE('',(#6771));
#6487=FILL_AREA_STYLE('',(#6772));
#6488=FILL_AREA_STYLE('',(#6773));
#6489=FILL_AREA_STYLE('',(#6774));
#6490=FILL_AREA_STYLE('',(#6775));
#6491=FILL_AREA_STYLE('',(#6776));
#6492=FILL_AREA_STYLE('',(#6777));
#6493=FILL_AREA_STYLE('',(#6778));
#6494=FILL_AREA_STYLE('',(#6779));
#6495=FILL_AREA_STYLE('',(#6780));
#6496=FILL_AREA_STYLE('',(#6781));
#6497=FILL_AREA_STYLE('',(#6782));
#6498=FILL_AREA_STYLE('',(#6783));
#6499=FILL_AREA_STYLE('',(#6784));
#6500=FILL_AREA_STYLE('',(#6785));
#6501=FILL_AREA_STYLE('',(#6786));
#6502=FILL_AREA_STYLE('',(#6787));
#6503=FILL_AREA_STYLE('',(#6788));
#6504=FILL_AREA_STYLE('',(#6789));
#6505=FILL_AREA_STYLE('',(#6790));
#6506=FILL_AREA_STYLE('',(#6791));
#6507=FILL_AREA_STYLE('',(#6792));
#6508=FILL_AREA_STYLE('',(#6793));
#6509=FILL_AREA_STYLE('',(#6794));
#6510=FILL_AREA_STYLE('',(#6795));
#6511=FILL_AREA_STYLE('',(#6796));
#6512=FILL_AREA_STYLE('',(#6797));
#6513=FILL_AREA_STYLE('',(#6798));
#6514=FILL_AREA_STYLE('',(#6799));
#6515=FILL_AREA_STYLE('',(#6800));
#6516=FILL_AREA_STYLE('',(#6801));
#6517=FILL_AREA_STYLE('',(#6802));
#6518=FILL_AREA_STYLE('',(#6803));
#6519=FILL_AREA_STYLE('',(#6804));
#6520=FILL_AREA_STYLE('',(#6805));
#6521=FILL_AREA_STYLE('',(#6806));
#6522=FILL_AREA_STYLE('',(#6807));
#6523=FILL_AREA_STYLE('',(#6808));
#6524=FILL_AREA_STYLE('',(#6809));
#6525=FILL_AREA_STYLE('',(#6810));
#6526=FILL_AREA_STYLE('',(#6811));
#6527=FILL_AREA_STYLE('',(#6812));
#6528=FILL_AREA_STYLE('',(#6813));
#6529=FILL_AREA_STYLE('',(#6814));
#6530=FILL_AREA_STYLE('',(#6815));
#6531=FILL_AREA_STYLE('',(#6816));
#6532=FILL_AREA_STYLE('',(#6817));
#6533=FILL_AREA_STYLE('',(#6818));
#6534=FILL_AREA_STYLE('',(#6819));
#6535=FILL_AREA_STYLE('',(#6820));
#6536=FILL_AREA_STYLE('',(#6821));
#6537=FILL_AREA_STYLE('',(#6822));
#6538=FILL_AREA_STYLE('',(#6823));
#6539=FILL_AREA_STYLE('',(#6824));
#6540=FILL_AREA_STYLE('',(#6825));
#6541=FILL_AREA_STYLE('',(#6826));
#6542=FILL_AREA_STYLE('',(#6827));
#6543=FILL_AREA_STYLE('',(#6828));
#6544=FILL_AREA_STYLE('',(#6829));
#6545=FILL_AREA_STYLE('',(#6830));
#6546=FILL_AREA_STYLE('',(#6831));
#6547=FILL_AREA_STYLE('',(#6832));
#6548=FILL_AREA_STYLE('',(#6833));
#6549=FILL_AREA_STYLE('',(#6834));
#6550=FILL_AREA_STYLE('',(#6835));
#6551=FILL_AREA_STYLE('',(#6836));
#6552=FILL_AREA_STYLE('',(#6837));
#6553=FILL_AREA_STYLE('',(#6838));
#6554=FILL_AREA_STYLE('',(#6839));
#6555=FILL_AREA_STYLE('',(#6840));
#6556=FILL_AREA_STYLE('',(#6841));
#6557=FILL_AREA_STYLE('',(#6842));
#6558=FILL_AREA_STYLE('',(#6843));
#6559=FILL_AREA_STYLE('',(#6844));
#6560=FILL_AREA_STYLE('',(#6845));
#6561=FILL_AREA_STYLE('',(#6846));
#6562=FILL_AREA_STYLE('',(#6847));
#6563=FILL_AREA_STYLE('',(#6848));
#6564=FILL_AREA_STYLE('',(#6849));
#6565=FILL_AREA_STYLE('',(#6850));
#6566=FILL_AREA_STYLE('',(#6851));
#6567=FILL_AREA_STYLE('',(#6852));
#6568=FILL_AREA_STYLE('',(#6853));
#6569=FILL_AREA_STYLE('',(#6854));
#6570=FILL_AREA_STYLE('',(#6855));
#6571=FILL_AREA_STYLE('',(#6856));
#6572=FILL_AREA_STYLE('',(#6857));
#6573=FILL_AREA_STYLE('',(#6858));
#6574=FILL_AREA_STYLE('',(#6859));
#6575=FILL_AREA_STYLE('',(#6860));
#6576=FILL_AREA_STYLE('',(#6861));
#6577=FILL_AREA_STYLE('',(#6862));
#6578=FILL_AREA_STYLE('',(#6863));
#6579=FILL_AREA_STYLE('',(#6864));
#6580=FILL_AREA_STYLE('',(#6865));
#6581=FILL_AREA_STYLE('',(#6866));
#6582=FILL_AREA_STYLE('',(#6867));
#6583=FILL_AREA_STYLE('',(#6868));
#6584=FILL_AREA_STYLE('',(#6869));
#6585=FILL_AREA_STYLE('',(#6870));
#6586=FILL_AREA_STYLE('',(#6871));
#6587=FILL_AREA_STYLE('',(#6872));
#6588=FILL_AREA_STYLE('',(#6873));
#6589=FILL_AREA_STYLE('',(#6874));
#6590=FILL_AREA_STYLE('',(#6875));
#6591=FILL_AREA_STYLE('',(#6876));
#6592=FILL_AREA_STYLE('',(#6877));
#6593=FILL_AREA_STYLE('',(#6878));
#6594=FILL_AREA_STYLE('',(#6879));
#6595=FILL_AREA_STYLE('',(#6880));
#6596=FILL_AREA_STYLE('',(#6881));
#6597=FILL_AREA_STYLE('',(#6882));
#6598=FILL_AREA_STYLE('',(#6883));
#6599=FILL_AREA_STYLE('',(#6884));
#6600=FILL_AREA_STYLE('',(#6885));
#6601=FILL_AREA_STYLE('',(#6886));
#6602=FILL_AREA_STYLE_COLOUR('',#6887);
#6603=FILL_AREA_STYLE_COLOUR('',#6887);
#6604=FILL_AREA_STYLE_COLOUR('',#6887);
#6605=FILL_AREA_STYLE_COLOUR('',#6887);
#6606=FILL_AREA_STYLE_COLOUR('',#6887);
#6607=FILL_AREA_STYLE_COLOUR('',#6887);
#6608=FILL_AREA_STYLE_COLOUR('',#6887);
#6609=FILL_AREA_STYLE_COLOUR('',#6887);
#6610=FILL_AREA_STYLE_COLOUR('',#6887);
#6611=FILL_AREA_STYLE_COLOUR('',#6887);
#6612=FILL_AREA_STYLE_COLOUR('',#6887);
#6613=FILL_AREA_STYLE_COLOUR('',#6887);
#6614=FILL_AREA_STYLE_COLOUR('',#6887);
#6615=FILL_AREA_STYLE_COLOUR('',#6887);
#6616=FILL_AREA_STYLE_COLOUR('',#6887);
#6617=FILL_AREA_STYLE_COLOUR('',#6887);
#6618=FILL_AREA_STYLE_COLOUR('',#6887);
#6619=FILL_AREA_STYLE_COLOUR('',#6887);
#6620=FILL_AREA_STYLE_COLOUR('',#6887);
#6621=FILL_AREA_STYLE_COLOUR('',#6887);
#6622=FILL_AREA_STYLE_COLOUR('',#6887);
#6623=FILL_AREA_STYLE_COLOUR('',#6888);
#6624=FILL_AREA_STYLE_COLOUR('',#6888);
#6625=FILL_AREA_STYLE_COLOUR('',#6888);
#6626=FILL_AREA_STYLE_COLOUR('',#6888);
#6627=FILL_AREA_STYLE_COLOUR('',#6887);
#6628=FILL_AREA_STYLE_COLOUR('',#6887);
#6629=FILL_AREA_STYLE_COLOUR('',#6887);
#6630=FILL_AREA_STYLE_COLOUR('',#6887);
#6631=FILL_AREA_STYLE_COLOUR('',#6887);
#6632=FILL_AREA_STYLE_COLOUR('',#6887);
#6633=FILL_AREA_STYLE_COLOUR('',#6887);
#6634=FILL_AREA_STYLE_COLOUR('',#6887);
#6635=FILL_AREA_STYLE_COLOUR('',#6887);
#6636=FILL_AREA_STYLE_COLOUR('',#6887);
#6637=FILL_AREA_STYLE_COLOUR('',#6887);
#6638=FILL_AREA_STYLE_COLOUR('',#6887);
#6639=FILL_AREA_STYLE_COLOUR('',#6887);
#6640=FILL_AREA_STYLE_COLOUR('',#6887);
#6641=FILL_AREA_STYLE_COLOUR('',#6887);
#6642=FILL_AREA_STYLE_COLOUR('',#6888);
#6643=FILL_AREA_STYLE_COLOUR('',#6888);
#6644=FILL_AREA_STYLE_COLOUR('',#6888);
#6645=FILL_AREA_STYLE_COLOUR('',#6888);
#6646=FILL_AREA_STYLE_COLOUR('',#6888);
#6647=FILL_AREA_STYLE_COLOUR('',#6887);
#6648=FILL_AREA_STYLE_COLOUR('',#6887);
#6649=FILL_AREA_STYLE_COLOUR('',#6887);
#6650=FILL_AREA_STYLE_COLOUR('',#6887);
#6651=FILL_AREA_STYLE_COLOUR('',#6887);
#6652=FILL_AREA_STYLE_COLOUR('',#6887);
#6653=FILL_AREA_STYLE_COLOUR('',#6887);
#6654=FILL_AREA_STYLE_COLOUR('',#6887);
#6655=FILL_AREA_STYLE_COLOUR('',#6887);
#6656=FILL_AREA_STYLE_COLOUR('',#6887);
#6657=FILL_AREA_STYLE_COLOUR('',#6887);
#6658=FILL_AREA_STYLE_COLOUR('',#6887);
#6659=FILL_AREA_STYLE_COLOUR('',#6887);
#6660=FILL_AREA_STYLE_COLOUR('',#6887);
#6661=FILL_AREA_STYLE_COLOUR('',#6887);
#6662=FILL_AREA_STYLE_COLOUR('',#6887);
#6663=FILL_AREA_STYLE_COLOUR('',#6887);
#6664=FILL_AREA_STYLE_COLOUR('',#6887);
#6665=FILL_AREA_STYLE_COLOUR('',#6887);
#6666=FILL_AREA_STYLE_COLOUR('',#6887);
#6667=FILL_AREA_STYLE_COLOUR('',#6887);
#6668=FILL_AREA_STYLE_COLOUR('',#6887);
#6669=FILL_AREA_STYLE_COLOUR('',#6887);
#6670=FILL_AREA_STYLE_COLOUR('',#6887);
#6671=FILL_AREA_STYLE_COLOUR('',#6887);
#6672=FILL_AREA_STYLE_COLOUR('',#6887);
#6673=FILL_AREA_STYLE_COLOUR('',#6887);
#6674=FILL_AREA_STYLE_COLOUR('',#6887);
#6675=FILL_AREA_STYLE_COLOUR('',#6887);
#6676=FILL_AREA_STYLE_COLOUR('',#6887);
#6677=FILL_AREA_STYLE_COLOUR('',#6887);
#6678=FILL_AREA_STYLE_COLOUR('',#6887);
#6679=FILL_AREA_STYLE_COLOUR('',#6887);
#6680=FILL_AREA_STYLE_COLOUR('',#6887);
#6681=FILL_AREA_STYLE_COLOUR('',#6887);
#6682=FILL_AREA_STYLE_COLOUR('',#6887);
#6683=FILL_AREA_STYLE_COLOUR('',#6887);
#6684=FILL_AREA_STYLE_COLOUR('',#6887);
#6685=FILL_AREA_STYLE_COLOUR('',#6889);
#6686=FILL_AREA_STYLE_COLOUR('',#6889);
#6687=FILL_AREA_STYLE_COLOUR('',#6889);
#6688=FILL_AREA_STYLE_COLOUR('',#6889);
#6689=FILL_AREA_STYLE_COLOUR('',#6889);
#6690=FILL_AREA_STYLE_COLOUR('',#6889);
#6691=FILL_AREA_STYLE_COLOUR('',#6889);
#6692=FILL_AREA_STYLE_COLOUR('',#6889);
#6693=FILL_AREA_STYLE_COLOUR('',#6889);
#6694=FILL_AREA_STYLE_COLOUR('',#6889);
#6695=FILL_AREA_STYLE_COLOUR('',#6889);
#6696=FILL_AREA_STYLE_COLOUR('',#6889);
#6697=FILL_AREA_STYLE_COLOUR('',#6889);
#6698=FILL_AREA_STYLE_COLOUR('',#6889);
#6699=FILL_AREA_STYLE_COLOUR('',#6889);
#6700=FILL_AREA_STYLE_COLOUR('',#6889);
#6701=FILL_AREA_STYLE_COLOUR('',#6889);
#6702=FILL_AREA_STYLE_COLOUR('',#6889);
#6703=FILL_AREA_STYLE_COLOUR('',#6889);
#6704=FILL_AREA_STYLE_COLOUR('',#6889);
#6705=FILL_AREA_STYLE_COLOUR('',#6889);
#6706=FILL_AREA_STYLE_COLOUR('',#6889);
#6707=FILL_AREA_STYLE_COLOUR('',#6889);
#6708=FILL_AREA_STYLE_COLOUR('',#6889);
#6709=FILL_AREA_STYLE_COLOUR('',#6889);
#6710=FILL_AREA_STYLE_COLOUR('',#6889);
#6711=FILL_AREA_STYLE_COLOUR('',#6889);
#6712=FILL_AREA_STYLE_COLOUR('',#6889);
#6713=FILL_AREA_STYLE_COLOUR('',#6889);
#6714=FILL_AREA_STYLE_COLOUR('',#6889);
#6715=FILL_AREA_STYLE_COLOUR('',#6889);
#6716=FILL_AREA_STYLE_COLOUR('',#6889);
#6717=FILL_AREA_STYLE_COLOUR('',#6889);
#6718=FILL_AREA_STYLE_COLOUR('',#6889);
#6719=FILL_AREA_STYLE_COLOUR('',#6889);
#6720=FILL_AREA_STYLE_COLOUR('',#6889);
#6721=FILL_AREA_STYLE_COLOUR('',#6889);
#6722=FILL_AREA_STYLE_COLOUR('',#6889);
#6723=FILL_AREA_STYLE_COLOUR('',#6889);
#6724=FILL_AREA_STYLE_COLOUR('',#6889);
#6725=FILL_AREA_STYLE_COLOUR('',#6889);
#6726=FILL_AREA_STYLE_COLOUR('',#6889);
#6727=FILL_AREA_STYLE_COLOUR('',#6889);
#6728=FILL_AREA_STYLE_COLOUR('',#6889);
#6729=FILL_AREA_STYLE_COLOUR('',#6889);
#6730=FILL_AREA_STYLE_COLOUR('',#6889);
#6731=FILL_AREA_STYLE_COLOUR('',#6889);
#6732=FILL_AREA_STYLE_COLOUR('',#6889);
#6733=FILL_AREA_STYLE_COLOUR('',#6889);
#6734=FILL_AREA_STYLE_COLOUR('',#6889);
#6735=FILL_AREA_STYLE_COLOUR('',#6889);
#6736=FILL_AREA_STYLE_COLOUR('',#6889);
#6737=FILL_AREA_STYLE_COLOUR('',#80);
#6738=FILL_AREA_STYLE_COLOUR('',#80);
#6739=FILL_AREA_STYLE_COLOUR('',#80);
#6740=FILL_AREA_STYLE_COLOUR('',#80);
#6741=FILL_AREA_STYLE_COLOUR('',#80);
#6742=FILL_AREA_STYLE_COLOUR('',#80);
#6743=FILL_AREA_STYLE_COLOUR('',#80);
#6744=FILL_AREA_STYLE_COLOUR('',#80);
#6745=FILL_AREA_STYLE_COLOUR('',#80);
#6746=FILL_AREA_STYLE_COLOUR('',#80);
#6747=FILL_AREA_STYLE_COLOUR('',#80);
#6748=FILL_AREA_STYLE_COLOUR('',#80);
#6749=FILL_AREA_STYLE_COLOUR('',#80);
#6750=FILL_AREA_STYLE_COLOUR('',#80);
#6751=FILL_AREA_STYLE_COLOUR('',#6889);
#6752=FILL_AREA_STYLE_COLOUR('',#6889);
#6753=FILL_AREA_STYLE_COLOUR('',#80);
#6754=FILL_AREA_STYLE_COLOUR('',#80);
#6755=FILL_AREA_STYLE_COLOUR('',#80);
#6756=FILL_AREA_STYLE_COLOUR('',#80);
#6757=FILL_AREA_STYLE_COLOUR('',#80);
#6758=FILL_AREA_STYLE_COLOUR('',#80);
#6759=FILL_AREA_STYLE_COLOUR('',#80);
#6760=FILL_AREA_STYLE_COLOUR('',#80);
#6761=FILL_AREA_STYLE_COLOUR('',#80);
#6762=FILL_AREA_STYLE_COLOUR('',#80);
#6763=FILL_AREA_STYLE_COLOUR('',#80);
#6764=FILL_AREA_STYLE_COLOUR('',#80);
#6765=FILL_AREA_STYLE_COLOUR('',#80);
#6766=FILL_AREA_STYLE_COLOUR('',#80);
#6767=FILL_AREA_STYLE_COLOUR('',#80);
#6768=FILL_AREA_STYLE_COLOUR('',#80);
#6769=FILL_AREA_STYLE_COLOUR('',#80);
#6770=FILL_AREA_STYLE_COLOUR('',#80);
#6771=FILL_AREA_STYLE_COLOUR('',#80);
#6772=FILL_AREA_STYLE_COLOUR('',#80);
#6773=FILL_AREA_STYLE_COLOUR('',#80);
#6774=FILL_AREA_STYLE_COLOUR('',#80);
#6775=FILL_AREA_STYLE_COLOUR('',#80);
#6776=FILL_AREA_STYLE_COLOUR('',#80);
#6777=FILL_AREA_STYLE_COLOUR('',#80);
#6778=FILL_AREA_STYLE_COLOUR('',#80);
#6779=FILL_AREA_STYLE_COLOUR('',#80);
#6780=FILL_AREA_STYLE_COLOUR('',#80);
#6781=FILL_AREA_STYLE_COLOUR('',#80);
#6782=FILL_AREA_STYLE_COLOUR('',#80);
#6783=FILL_AREA_STYLE_COLOUR('',#80);
#6784=FILL_AREA_STYLE_COLOUR('',#80);
#6785=FILL_AREA_STYLE_COLOUR('',#80);
#6786=FILL_AREA_STYLE_COLOUR('',#80);
#6787=FILL_AREA_STYLE_COLOUR('',#80);
#6788=FILL_AREA_STYLE_COLOUR('',#80);
#6789=FILL_AREA_STYLE_COLOUR('',#80);
#6790=FILL_AREA_STYLE_COLOUR('',#80);
#6791=FILL_AREA_STYLE_COLOUR('',#80);
#6792=FILL_AREA_STYLE_COLOUR('',#80);
#6793=FILL_AREA_STYLE_COLOUR('',#80);
#6794=FILL_AREA_STYLE_COLOUR('',#80);
#6795=FILL_AREA_STYLE_COLOUR('',#80);
#6796=FILL_AREA_STYLE_COLOUR('',#80);
#6797=FILL_AREA_STYLE_COLOUR('',#80);
#6798=FILL_AREA_STYLE_COLOUR('',#80);
#6799=FILL_AREA_STYLE_COLOUR('',#80);
#6800=FILL_AREA_STYLE_COLOUR('',#80);
#6801=FILL_AREA_STYLE_COLOUR('',#80);
#6802=FILL_AREA_STYLE_COLOUR('',#80);
#6803=FILL_AREA_STYLE_COLOUR('',#80);
#6804=FILL_AREA_STYLE_COLOUR('',#80);
#6805=FILL_AREA_STYLE_COLOUR('',#80);
#6806=FILL_AREA_STYLE_COLOUR('',#80);
#6807=FILL_AREA_STYLE_COLOUR('',#80);
#6808=FILL_AREA_STYLE_COLOUR('',#80);
#6809=FILL_AREA_STYLE_COLOUR('',#80);
#6810=FILL_AREA_STYLE_COLOUR('',#80);
#6811=FILL_AREA_STYLE_COLOUR('',#80);
#6812=FILL_AREA_STYLE_COLOUR('',#80);
#6813=FILL_AREA_STYLE_COLOUR('',#80);
#6814=FILL_AREA_STYLE_COLOUR('',#80);
#6815=FILL_AREA_STYLE_COLOUR('',#80);
#6816=FILL_AREA_STYLE_COLOUR('',#80);
#6817=FILL_AREA_STYLE_COLOUR('',#80);
#6818=FILL_AREA_STYLE_COLOUR('',#80);
#6819=FILL_AREA_STYLE_COLOUR('',#80);
#6820=FILL_AREA_STYLE_COLOUR('',#80);
#6821=FILL_AREA_STYLE_COLOUR('',#80);
#6822=FILL_AREA_STYLE_COLOUR('',#80);
#6823=FILL_AREA_STYLE_COLOUR('',#80);
#6824=FILL_AREA_STYLE_COLOUR('',#80);
#6825=FILL_AREA_STYLE_COLOUR('',#80);
#6826=FILL_AREA_STYLE_COLOUR('',#80);
#6827=FILL_AREA_STYLE_COLOUR('',#80);
#6828=FILL_AREA_STYLE_COLOUR('',#80);
#6829=FILL_AREA_STYLE_COLOUR('',#80);
#6830=FILL_AREA_STYLE_COLOUR('',#80);
#6831=FILL_AREA_STYLE_COLOUR('',#80);
#6832=FILL_AREA_STYLE_COLOUR('',#80);
#6833=FILL_AREA_STYLE_COLOUR('',#80);
#6834=FILL_AREA_STYLE_COLOUR('',#80);
#6835=FILL_AREA_STYLE_COLOUR('',#80);
#6836=FILL_AREA_STYLE_COLOUR('',#80);
#6837=FILL_AREA_STYLE_COLOUR('',#80);
#6838=FILL_AREA_STYLE_COLOUR('',#80);
#6839=FILL_AREA_STYLE_COLOUR('',#80);
#6840=FILL_AREA_STYLE_COLOUR('',#80);
#6841=FILL_AREA_STYLE_COLOUR('',#80);
#6842=FILL_AREA_STYLE_COLOUR('',#80);
#6843=FILL_AREA_STYLE_COLOUR('',#80);
#6844=FILL_AREA_STYLE_COLOUR('',#80);
#6845=FILL_AREA_STYLE_COLOUR('',#80);
#6846=FILL_AREA_STYLE_COLOUR('',#80);
#6847=FILL_AREA_STYLE_COLOUR('',#80);
#6848=FILL_AREA_STYLE_COLOUR('',#80);
#6849=FILL_AREA_STYLE_COLOUR('',#80);
#6850=FILL_AREA_STYLE_COLOUR('',#80);
#6851=FILL_AREA_STYLE_COLOUR('',#80);
#6852=FILL_AREA_STYLE_COLOUR('',#6889);
#6853=FILL_AREA_STYLE_COLOUR('',#80);
#6854=FILL_AREA_STYLE_COLOUR('',#80);
#6855=FILL_AREA_STYLE_COLOUR('',#80);
#6856=FILL_AREA_STYLE_COLOUR('',#80);
#6857=FILL_AREA_STYLE_COLOUR('',#80);
#6858=FILL_AREA_STYLE_COLOUR('',#80);
#6859=FILL_AREA_STYLE_COLOUR('',#80);
#6860=FILL_AREA_STYLE_COLOUR('',#80);
#6861=FILL_AREA_STYLE_COLOUR('',#80);
#6862=FILL_AREA_STYLE_COLOUR('',#80);
#6863=FILL_AREA_STYLE_COLOUR('',#80);
#6864=FILL_AREA_STYLE_COLOUR('',#80);
#6865=FILL_AREA_STYLE_COLOUR('',#80);
#6866=FILL_AREA_STYLE_COLOUR('',#80);
#6867=FILL_AREA_STYLE_COLOUR('',#80);
#6868=FILL_AREA_STYLE_COLOUR('',#80);
#6869=FILL_AREA_STYLE_COLOUR('',#80);
#6870=FILL_AREA_STYLE_COLOUR('',#80);
#6871=FILL_AREA_STYLE_COLOUR('',#80);
#6872=FILL_AREA_STYLE_COLOUR('',#80);
#6873=FILL_AREA_STYLE_COLOUR('',#80);
#6874=FILL_AREA_STYLE_COLOUR('',#80);
#6875=FILL_AREA_STYLE_COLOUR('',#80);
#6876=FILL_AREA_STYLE_COLOUR('',#80);
#6877=FILL_AREA_STYLE_COLOUR('',#80);
#6878=FILL_AREA_STYLE_COLOUR('',#80);
#6879=FILL_AREA_STYLE_COLOUR('',#80);
#6880=FILL_AREA_STYLE_COLOUR('',#80);
#6881=FILL_AREA_STYLE_COLOUR('',#80);
#6882=FILL_AREA_STYLE_COLOUR('',#80);
#6883=FILL_AREA_STYLE_COLOUR('',#80);
#6884=FILL_AREA_STYLE_COLOUR('',#80);
#6885=FILL_AREA_STYLE_COLOUR('',#80);
#6886=FILL_AREA_STYLE_COLOUR('',#80);
#6887=COLOUR_RGB('',0.920000016689301,0.920000016689301,0.920000016689301);
#6888=COLOUR_RGB('',0.670000016689301,0.519999980926514,0.409999996423721);
#6889=COLOUR_RGB('',0.5,0.5,0.5);
#6890=ADVANCED_FACE('',(#4510),#4821,.F.);
#6891=ADVANCED_FACE('',(#4511),#110,.F.);
#6892=ADVANCED_FACE('',(#4512),#111,.T.);
#6893=ADVANCED_FACE('',(#4513),#112,.F.);
#6894=ADVANCED_FACE('',(#4514),#4822,.F.);
#6895=ADVANCED_FACE('',(#4515),#113,.T.);
#6896=ADVANCED_FACE('',(#4516),#114,.F.);
#6897=ADVANCED_FACE('',(#4517),#115,.T.);
#6898=ADVANCED_FACE('',(#4518),#4823,.T.);
#6899=ADVANCED_FACE('',(#4519),#4824,.T.);
#6900=ADVANCED_FACE('',(#4520),#4825,.F.);
#6901=ADVANCED_FACE('',(#4521),#4826,.F.);
#6902=ADVANCED_FACE('',(#4522),#4827,.T.);
#6903=ADVANCED_FACE('',(#4523),#4828,.T.);
#6904=ADVANCED_FACE('',(#4524),#4829,.T.);
#6905=ADVANCED_FACE('',(#4525),#4830,.T.);
#6906=ADVANCED_FACE('',(#4526),#116,.T.);
#6907=ADVANCED_FACE('',(#4527),#117,.T.);
#6908=ADVANCED_FACE('',(#4528),#118,.T.);
#6909=ADVANCED_FACE('',(#4529),#119,.F.);
#6910=ADVANCED_FACE('',(#4530),#120,.T.);
#6911=ADVANCED_FACE('',(#4531,#4532),#103,.T.);
#6912=ADVANCED_FACE('',(#4533,#4534),#104,.T.);
#6913=ADVANCED_FACE('',(#4535,#4536,#4537),#105,.T.);
#6914=ADVANCED_FACE('',(#4538),#121,.F.);
#6915=ADVANCED_FACE('',(#4539),#4831,.F.);
#6916=ADVANCED_FACE('',(#4540),#4832,.F.);
#6917=ADVANCED_FACE('',(#4541),#4833,.T.);
#6918=ADVANCED_FACE('',(#4542),#4834,.T.);
#6919=ADVANCED_FACE('',(#4543),#4835,.T.);
#6920=ADVANCED_FACE('',(#4544),#4836,.T.);
#6921=ADVANCED_FACE('',(#4545),#122,.F.);
#6922=ADVANCED_FACE('',(#4546),#123,.F.);
#6923=ADVANCED_FACE('',(#4547),#124,.F.);
#6924=ADVANCED_FACE('',(#4548),#4837,.T.);
#6925=ADVANCED_FACE('',(#4549),#4838,.T.);
#6926=ADVANCED_FACE('',(#4550),#125,.F.);
#6927=ADVANCED_FACE('',(#4551),#126,.T.);
#6928=ADVANCED_FACE('',(#4552),#127,.T.);
#6929=ADVANCED_FACE('',(#4553),#128,.F.);
#6930=ADVANCED_FACE('',(#4554,#4555),#106,.T.);
#6931=ADVANCED_FACE('',(#4556),#129,.T.);
#6932=ADVANCED_FACE('',(#4557,#4558,#4559,#4560),#107,.T.);
#6933=ADVANCED_FACE('',(#4561,#4562,#4563,#4564),#108,.F.);
#6934=ADVANCED_FACE('',(#4565,#4566,#4567),#109,.T.);
#6935=ADVANCED_FACE('',(#4568),#130,.F.);
#6936=ADVANCED_FACE('',(#4569),#131,.F.);
#6937=ADVANCED_FACE('',(#4570),#132,.F.);
#6938=ADVANCED_FACE('',(#4571),#133,.F.);
#6939=ADVANCED_FACE('',(#4572),#134,.F.);
#6940=ADVANCED_FACE('',(#4573),#135,.F.);
#6941=ADVANCED_FACE('',(#4574),#136,.T.);
#6942=ADVANCED_FACE('',(#4575),#137,.F.);
#6943=ADVANCED_FACE('',(#4576),#138,.T.);
#6944=ADVANCED_FACE('',(#4577),#139,.F.);
#6945=ADVANCED_FACE('',(#4578),#4839,.T.);
#6946=ADVANCED_FACE('',(#4579),#4840,.T.);
#6947=ADVANCED_FACE('',(#4580),#4841,.F.);
#6948=ADVANCED_FACE('',(#4581),#4842,.F.);
#6949=ADVANCED_FACE('',(#4582),#4843,.F.);
#6950=ADVANCED_FACE('',(#4583),#4844,.F.);
#6951=ADVANCED_FACE('',(#4584),#4845,.F.);
#6952=ADVANCED_FACE('',(#4585),#4846,.F.);
#6953=ADVANCED_FACE('',(#4586),#4847,.T.);
#6954=ADVANCED_FACE('',(#4587),#4848,.T.);
#6955=ADVANCED_FACE('',(#4588),#4849,.T.);
#6956=ADVANCED_FACE('',(#4589),#4850,.T.);
#6957=ADVANCED_FACE('',(#4590),#4851,.T.);
#6958=ADVANCED_FACE('',(#4591),#4852,.T.);
#6959=ADVANCED_FACE('',(#4592),#4853,.T.);
#6960=ADVANCED_FACE('',(#4593),#4854,.T.);
#6961=ADVANCED_FACE('',(#4594),#4855,.T.);
#6962=ADVANCED_FACE('',(#4595),#87,.T.);
#6963=ADVANCED_FACE('',(#4596),#4856,.T.);
#6964=ADVANCED_FACE('',(#4597),#4857,.T.);
#6965=ADVANCED_FACE('',(#4598),#88,.T.);
#6966=ADVANCED_FACE('',(#4599),#4858,.T.);
#6967=ADVANCED_FACE('',(#4600),#4859,.T.);
#6968=ADVANCED_FACE('',(#4601),#89,.T.);
#6969=ADVANCED_FACE('',(#4602),#4860,.T.);
#6970=ADVANCED_FACE('',(#4603),#4861,.T.);
#6971=ADVANCED_FACE('',(#4604),#90,.T.);
#6972=ADVANCED_FACE('',(#4605),#4862,.T.);
#6973=ADVANCED_FACE('',(#4606,#4607,#4608,#4609,#4610,#4611,#4612,#4613,
#4614),#140,.F.);
#6974=ADVANCED_FACE('',(#4615),#141,.T.);
#6975=ADVANCED_FACE('',(#4616),#142,.T.);
#6976=ADVANCED_FACE('',(#4617),#143,.T.);
#6977=ADVANCED_FACE('',(#4618),#144,.T.);
#6978=ADVANCED_FACE('',(#4619),#145,.T.);
#6979=ADVANCED_FACE('',(#4620),#146,.F.);
#6980=ADVANCED_FACE('',(#4621),#147,.F.);
#6981=ADVANCED_FACE('',(#4622),#148,.F.);
#6982=ADVANCED_FACE('',(#4623),#149,.T.);
#6983=ADVANCED_FACE('',(#4624),#150,.F.);
#6984=ADVANCED_FACE('',(#4625),#151,.F.);
#6985=ADVANCED_FACE('',(#4626),#152,.F.);
#6986=ADVANCED_FACE('',(#4627),#153,.T.);
#6987=ADVANCED_FACE('',(#4628),#4863,.T.);
#6988=ADVANCED_FACE('',(#4629),#4864,.T.);
#6989=ADVANCED_FACE('',(#4630),#4865,.T.);
#6990=ADVANCED_FACE('',(#4631),#4866,.T.);
#6991=ADVANCED_FACE('',(#4632),#4867,.T.);
#6992=ADVANCED_FACE('',(#4633),#91,.T.);
#6993=ADVANCED_FACE('',(#4634),#4868,.T.);
#6994=ADVANCED_FACE('',(#4635),#92,.T.);
#6995=ADVANCED_FACE('',(#4636),#4869,.T.);
#6996=ADVANCED_FACE('',(#4637),#93,.T.);
#6997=ADVANCED_FACE('',(#4638),#4870,.T.);
#6998=ADVANCED_FACE('',(#4639),#4871,.T.);
#6999=ADVANCED_FACE('',(#4640),#94,.T.);
#7000=ADVANCED_FACE('',(#4641),#95,.T.);
#7001=ADVANCED_FACE('',(#4642),#4872,.T.);
#7002=ADVANCED_FACE('',(#4643),#4873,.T.);
#7003=ADVANCED_FACE('',(#4644),#96,.T.);
#7004=ADVANCED_FACE('',(#4645),#4874,.T.);
#7005=ADVANCED_FACE('',(#4646),#97,.T.);
#7006=ADVANCED_FACE('',(#4647),#4875,.T.);
#7007=ADVANCED_FACE('',(#4648),#98,.T.);
#7008=ADVANCED_FACE('',(#4649),#4876,.T.);
#7009=ADVANCED_FACE('',(#4650),#4877,.T.);
#7010=ADVANCED_FACE('',(#4651),#99,.T.);
#7011=ADVANCED_FACE('',(#4652),#4878,.T.);
#7012=ADVANCED_FACE('',(#4653),#100,.T.);
#7013=ADVANCED_FACE('',(#4654),#4879,.T.);
#7014=ADVANCED_FACE('',(#4655),#4880,.F.);
#7015=ADVANCED_FACE('',(#4656),#4881,.F.);
#7016=ADVANCED_FACE('',(#4657),#4882,.F.);
#7017=ADVANCED_FACE('',(#4658),#4883,.F.);
#7018=ADVANCED_FACE('',(#4659),#4884,.F.);
#7019=ADVANCED_FACE('',(#4660),#4885,.F.);
#7020=ADVANCED_FACE('',(#4661),#4886,.T.);
#7021=ADVANCED_FACE('',(#4662),#101,.T.);
#7022=ADVANCED_FACE('',(#4663),#4887,.T.);
#7023=ADVANCED_FACE('',(#4664),#102,.T.);
#7024=ADVANCED_FACE('',(#4665),#4888,.T.);
#7025=ADVANCED_FACE('',(#4666),#18,.T.);
#7026=ADVANCED_FACE('',(#4667),#19,.T.);
#7027=ADVANCED_FACE('',(#4668),#4889,.F.);
#7028=ADVANCED_FACE('',(#4669),#20,.T.);
#7029=ADVANCED_FACE('',(#4670),#21,.T.);
#7030=ADVANCED_FACE('',(#4671),#22,.T.);
#7031=ADVANCED_FACE('',(#4672),#23,.T.);
#7032=ADVANCED_FACE('',(#4673),#24,.T.);
#7033=ADVANCED_FACE('',(#4674),#25,.T.);
#7034=ADVANCED_FACE('',(#4675),#4890,.T.);
#7035=ADVANCED_FACE('',(#4676),#26,.T.);
#7036=ADVANCED_FACE('',(#4677),#27,.T.);
#7037=ADVANCED_FACE('',(#4678,#4679),#28,.T.);
#7038=ADVANCED_FACE('',(#4680,#4681,#4682),#154,.F.);
#7039=ADVANCED_FACE('',(#4683),#155,.F.);
#7040=ADVANCED_FACE('',(#4684),#156,.F.);
#7041=ADVANCED_FACE('',(#4685),#157,.T.);
#7042=ADVANCED_FACE('',(#4686),#158,.T.);
#7043=ADVANCED_FACE('',(#4687),#159,.T.);
#7044=ADVANCED_FACE('',(#4688),#29,.T.);
#7045=ADVANCED_FACE('',(#4689),#30,.T.);
#7046=ADVANCED_FACE('',(#4690),#160,.T.);
#7047=ADVANCED_FACE('',(#4691),#31,.T.);
#7048=ADVANCED_FACE('',(#4692),#161,.T.);
#7049=ADVANCED_FACE('',(#4693),#162,.T.);
#7050=ADVANCED_FACE('',(#4694),#32,.T.);
#7051=ADVANCED_FACE('',(#4695),#33,.T.);
#7052=ADVANCED_FACE('',(#4696),#163,.T.);
#7053=ADVANCED_FACE('',(#4697),#164,.T.);
#7054=ADVANCED_FACE('',(#4698),#165,.T.);
#7055=ADVANCED_FACE('',(#4699),#166,.T.);
#7056=ADVANCED_FACE('',(#4700),#34,.T.);
#7057=ADVANCED_FACE('',(#4701),#35,.T.);
#7058=ADVANCED_FACE('',(#4702),#167,.T.);
#7059=ADVANCED_FACE('',(#4703),#36,.T.);
#7060=ADVANCED_FACE('',(#4704),#37,.T.);
#7061=ADVANCED_FACE('',(#4705),#168,.T.);
#7062=ADVANCED_FACE('',(#4706),#169,.F.);
#7063=ADVANCED_FACE('',(#4707,#4708),#38,.T.);
#7064=ADVANCED_FACE('',(#4709),#170,.T.);
#7065=ADVANCED_FACE('',(#4710),#171,.T.);
#7066=ADVANCED_FACE('',(#4711),#39,.T.);
#7067=ADVANCED_FACE('',(#4712),#172,.T.);
#7068=ADVANCED_FACE('',(#4713),#40,.T.);
#7069=ADVANCED_FACE('',(#4714),#41,.T.);
#7070=ADVANCED_FACE('',(#4715),#173,.T.);
#7071=ADVANCED_FACE('',(#4716),#42,.T.);
#7072=ADVANCED_FACE('',(#4717),#174,.T.);
#7073=ADVANCED_FACE('',(#4718),#175,.T.);
#7074=ADVANCED_FACE('',(#4719),#43,.T.);
#7075=ADVANCED_FACE('',(#4720),#44,.T.);
#7076=ADVANCED_FACE('',(#4721),#176,.T.);
#7077=ADVANCED_FACE('',(#4722),#177,.T.);
#7078=ADVANCED_FACE('',(#4723),#178,.T.);
#7079=ADVANCED_FACE('',(#4724),#179,.F.);
#7080=ADVANCED_FACE('',(#4725),#180,.T.);
#7081=ADVANCED_FACE('',(#4726),#181,.T.);
#7082=ADVANCED_FACE('',(#4727),#45,.T.);
#7083=ADVANCED_FACE('',(#4728),#46,.T.);
#7084=ADVANCED_FACE('',(#4729),#47,.T.);
#7085=ADVANCED_FACE('',(#4730),#182,.T.);
#7086=ADVANCED_FACE('',(#4731),#183,.T.);
#7087=ADVANCED_FACE('',(#4732),#184,.T.);
#7088=ADVANCED_FACE('',(#4733),#48,.T.);
#7089=ADVANCED_FACE('',(#4734),#185,.T.);
#7090=ADVANCED_FACE('',(#4735),#186,.T.);
#7091=ADVANCED_FACE('',(#4736),#49,.T.);
#7092=ADVANCED_FACE('',(#4737),#187,.T.);
#7093=ADVANCED_FACE('',(#4738),#188,.T.);
#7094=ADVANCED_FACE('',(#4739),#189,.T.);
#7095=ADVANCED_FACE('',(#4740),#190,.T.);
#7096=ADVANCED_FACE('',(#4741),#50,.T.);
#7097=ADVANCED_FACE('',(#4742),#191,.T.);
#7098=ADVANCED_FACE('',(#4743),#51,.T.);
#7099=ADVANCED_FACE('',(#4744),#52,.T.);
#7100=ADVANCED_FACE('',(#4745),#192,.T.);
#7101=ADVANCED_FACE('',(#4746),#53,.T.);
#7102=ADVANCED_FACE('',(#4747),#193,.T.);
#7103=ADVANCED_FACE('',(#4748),#194,.T.);
#7104=ADVANCED_FACE('',(#4749),#195,.T.);
#7105=ADVANCED_FACE('',(#4750),#54,.T.);
#7106=ADVANCED_FACE('',(#4751),#196,.T.);
#7107=ADVANCED_FACE('',(#4752),#197,.T.);
#7108=ADVANCED_FACE('',(#4753),#198,.F.);
#7109=ADVANCED_FACE('',(#4754),#199,.T.);
#7110=ADVANCED_FACE('',(#4755),#200,.T.);
#7111=ADVANCED_FACE('',(#4756),#55,.T.);
#7112=ADVANCED_FACE('',(#4757),#56,.T.);
#7113=ADVANCED_FACE('',(#4758),#57,.T.);
#7114=ADVANCED_FACE('',(#4759),#58,.T.);
#7115=ADVANCED_FACE('',(#4760),#201,.T.);
#7116=ADVANCED_FACE('',(#4761),#59,.T.);
#7117=ADVANCED_FACE('',(#4762),#60,.T.);
#7118=ADVANCED_FACE('',(#4763),#202,.T.);
#7119=ADVANCED_FACE('',(#4764),#203,.T.);
#7120=ADVANCED_FACE('',(#4765),#204,.T.);
#7121=ADVANCED_FACE('',(#4766),#205,.T.);
#7122=ADVANCED_FACE('',(#4767),#61,.T.);
#7123=ADVANCED_FACE('',(#4768),#206,.T.);
#7124=ADVANCED_FACE('',(#4769),#62,.T.);
#7125=ADVANCED_FACE('',(#4770),#63,.T.);
#7126=ADVANCED_FACE('',(#4771),#207,.T.);
#7127=ADVANCED_FACE('',(#4772),#4891,.F.);
#7128=ADVANCED_FACE('',(#4773),#208,.T.);
#7129=ADVANCED_FACE('',(#4774),#64,.T.);
#7130=ADVANCED_FACE('',(#4775),#65,.T.);
#7131=ADVANCED_FACE('',(#4776),#66,.T.);
#7132=ADVANCED_FACE('',(#4777),#67,.T.);
#7133=ADVANCED_FACE('',(#4778),#68,.T.);
#7134=ADVANCED_FACE('',(#4779),#69,.T.);
#7135=ADVANCED_FACE('',(#4780),#70,.T.);
#7136=ADVANCED_FACE('',(#4781),#209,.T.);
#7137=ADVANCED_FACE('',(#4782),#71,.T.);
#7138=ADVANCED_FACE('',(#4783),#210,.T.);
#7139=ADVANCED_FACE('',(#4784,#4785),#211,.T.);
#7140=ADVANCED_FACE('',(#4786),#212,.F.);
#7141=ADVANCED_FACE('',(#4787),#213,.T.);
#7142=ADVANCED_FACE('',(#4788),#214,.T.);
#7143=ADVANCED_FACE('',(#4789),#72,.T.);
#7144=ADVANCED_FACE('',(#4790),#73,.T.);
#7145=ADVANCED_FACE('',(#4791),#215,.T.);
#7146=ADVANCED_FACE('',(#4792),#74,.T.);
#7147=ADVANCED_FACE('',(#4793),#75,.T.);
#7148=ADVANCED_FACE('',(#4794),#216,.T.);
#7149=ADVANCED_FACE('',(#4795),#217,.T.);
#7150=ADVANCED_FACE('',(#4796),#218,.T.);
#7151=ADVANCED_FACE('',(#4797),#219,.T.);
#7152=ADVANCED_FACE('',(#4798),#76,.T.);
#7153=ADVANCED_FACE('',(#4799),#220,.T.);
#7154=ADVANCED_FACE('',(#4800),#221,.T.);
#7155=ADVANCED_FACE('',(#4801),#222,.T.);
#7156=ADVANCED_FACE('',(#4802),#223,.T.);
#7157=ADVANCED_FACE('',(#4803),#224,.T.);
#7158=ADVANCED_FACE('',(#4804),#225,.T.);
#7159=ADVANCED_FACE('',(#4805),#226,.T.);
#7160=ADVANCED_FACE('',(#4806),#77,.T.);
#7161=ADVANCED_FACE('',(#4807),#227,.T.);
#7162=ADVANCED_FACE('',(#4808),#228,.T.);
#7163=ADVANCED_FACE('',(#4809),#229,.T.);
#7164=ADVANCED_FACE('',(#4810),#230,.T.);
#7165=ADVANCED_FACE('',(#4811),#78,.T.);
#7166=ADVANCED_FACE('',(#4812),#231,.T.);
#7167=ADVANCED_FACE('',(#4813),#79,.T.);
#7168=ADVANCED_FACE('',(#4814),#232,.T.);
#7169=ADVANCED_FACE('',(#4815),#233,.T.);
#7170=ADVANCED_FACE('',(#4816),#234,.T.);
#7171=ADVANCED_FACE('',(#4817),#235,.T.);
#7172=ADVANCED_FACE('',(#4818),#236,.T.);
#7173=ADVANCED_FACE('',(#4819),#237,.T.);
#7174=ADVANCED_FACE('',(#4820),#238,.F.);
#7175=CLOSED_SHELL('',(#6890,#6891,#6892,#6893,#6894,#6895,#6896,#6897,
#6898,#6899,#6900,#6901,#6902,#6903,#6904,#6905,#6906,#6907,#6908,#6909,
#6910,#6911,#6912,#6913,#6914,#6915,#6916,#6917,#6918,#6919,#6920,#6921,
#6922,#6923,#6924,#6925,#6926,#6927,#6928,#6929,#6930,#6931,#6932,#6933,
#6934,#6935,#6936,#6937,#6938,#6939,#6940,#6941,#6942,#6943,#6944,#6945,
#6946,#6947,#6948,#6949,#6950,#6951,#6952,#6953,#6954,#6955,#6956,#6957,
#6958,#6959,#6960,#6961,#6962,#6963,#6964,#6965,#6966,#6967,#6968,#6969,
#6970,#6971,#6972));
#7176=CLOSED_SHELL('',(#6973,#6974,#6975,#6976,#6977,#6978,#6979,#6980,
#6981,#6982,#6983,#6984,#6985,#6986,#6987,#6988,#6989,#6990,#6991,#6992,
#6993,#6994,#6995,#6996,#6997,#6998,#6999,#7000,#7001,#7002,#7003,#7004,
#7005,#7006,#7007,#7008,#7009,#7010,#7011,#7012,#7013,#7014,#7015,#7016,
#7017,#7018,#7019,#7020,#7021,#7022,#7023,#7024,#7025,#7026,#7027,#7028,
#7029,#7030,#7031,#7032,#7033,#7034,#7035,#7036,#7037,#7038,#7039,#7040,
#7041,#7042,#7043,#7044,#7045,#7046,#7047,#7048,#7049,#7050,#7051,#7052,
#7053,#7054,#7055,#7056,#7057,#7058,#7059,#7060,#7061,#7062,#7063,#7064,
#7065,#7066,#7067,#7068,#7069,#7070,#7071,#7072,#7073,#7074,#7075,#7076,
#7077,#7078,#7079,#7080,#7081,#7082,#7083,#7084,#7085,#7086,#7087,#7088,
#7089,#7090,#7091,#7092,#7093,#7094,#7095,#7096,#7097,#7098,#7099,#7100,
#7101,#7102,#7103,#7104,#7105,#7106,#7107,#7108,#7109,#7110,#7111,#7112,
#7113,#7114,#7115,#7116,#7117,#7118,#7119,#7120,#7121,#7122,#7123,#7124,
#7125,#7126,#7127,#7128,#7129,#7130,#7131,#7132,#7133,#7134,#7135,#7136,
#7137,#7138,#7139,#7140,#7141,#7142,#7143,#7144,#7145,#7146,#7147,#7148,
#7149,#7150,#7151,#7152,#7153,#7154,#7155,#7156,#7157,#7158,#7159,#7160,
#7161,#7162,#7163,#7164,#7165,#7166,#7167,#7168,#7169,#7170,#7171,#7172,
#7173,#7174));
#7177=MANIFOLD_SOLID_BREP('',#7175);
#7178=MANIFOLD_SOLID_BREP('',#7176);
#7179=SHAPE_DEFINITION_REPRESENTATION(#13228,#7180);
#7180=SHAPE_REPRESENTATION('TMPC0503',(#7181),#13223);
#7181=AXIS2_PLACEMENT_3D('',#8707,#7548,#7549);
#7182=AXIS2_PLACEMENT_3D('',#8708,#7550,#7551);
#7183=AXIS2_PLACEMENT_3D('',#8717,#7553,#7554);
#7184=AXIS2_PLACEMENT_3D('',#8721,#7556,#7557);
#7185=AXIS2_PLACEMENT_3D('',#8722,#7558,#7559);
#7186=AXIS2_PLACEMENT_3D('',#8729,#7563,#7564);
#7187=AXIS2_PLACEMENT_3D('',#8731,#7565,#7566);
#7188=AXIS2_PLACEMENT_3D('',#8733,#7567,#7568);
#7189=AXIS2_PLACEMENT_3D('',#8735,#7569,#7570);
#7190=AXIS2_PLACEMENT_3D('',#8736,#7571,#7572);
#7191=AXIS2_PLACEMENT_3D('',#8743,#7576,#7577);
#7192=AXIS2_PLACEMENT_3D('',#8745,#7578,#7579);
#7193=AXIS2_PLACEMENT_3D('',#8747,#7580,#7581);
#7194=AXIS2_PLACEMENT_3D('',#8749,#7582,#7583);
#7195=AXIS2_PLACEMENT_3D('',#8750,#7584,#7585);
#7196=AXIS2_PLACEMENT_3D('',#8758,#7589,#7590);
#7197=AXIS2_PLACEMENT_3D('',#8760,#7591,#7592);
#7198=AXIS2_PLACEMENT_3D('',#8762,#7593,#7594);
#7199=AXIS2_PLACEMENT_3D('',#8764,#7595,#7596);
#7200=AXIS2_PLACEMENT_3D('',#8766,#7597,#7598);
#7201=AXIS2_PLACEMENT_3D('',#8767,#7599,#7600);
#7202=AXIS2_PLACEMENT_3D('',#8768,#7601,#7602);
#7203=AXIS2_PLACEMENT_3D('',#8778,#7605,#7606);
#7204=AXIS2_PLACEMENT_3D('',#8783,#7609,#7610);
#7205=AXIS2_PLACEMENT_3D('',#8785,#7611,#7612);
#7206=AXIS2_PLACEMENT_3D('',#8787,#7613,#7614);
#7207=AXIS2_PLACEMENT_3D('',#8789,#7615,#7616);
#7208=AXIS2_PLACEMENT_3D('',#8792,#7618,#7619);
#7209=AXIS2_PLACEMENT_3D('',#8800,#7623,#7624);
#7210=AXIS2_PLACEMENT_3D('',#8802,#7625,#7626);
#7211=AXIS2_PLACEMENT_3D('',#8804,#7627,#7628);
#7212=AXIS2_PLACEMENT_3D('',#8806,#7629,#7630);
#7213=AXIS2_PLACEMENT_3D('',#8807,#7631,#7632);
#7214=AXIS2_PLACEMENT_3D('',#8811,#7634,#7635);
#7215=AXIS2_PLACEMENT_3D('',#8817,#7638,#7639);
#7216=AXIS2_PLACEMENT_3D('',#8821,#7641,#7642);
#7217=AXIS2_PLACEMENT_3D('',#8826,#7645,#7646);
#7218=AXIS2_PLACEMENT_3D('',#8830,#7648,#7649);
#7219=AXIS2_PLACEMENT_3D('',#8831,#7650,#7651);
#7220=AXIS2_PLACEMENT_3D('',#8832,#7652,#7653);
#7221=AXIS2_PLACEMENT_3D('',#8835,#7655,#7656);
#7222=AXIS2_PLACEMENT_3D('',#8842,#7657,#7658);
#7223=AXIS2_PLACEMENT_3D('',#8844,#7660,#7661);
#7224=AXIS2_PLACEMENT_3D('',#8852,#7663,#7664);
#7225=AXIS2_PLACEMENT_3D('',#8853,#7665,#7666);
#7226=AXIS2_PLACEMENT_3D('',#8861,#7668,#7669);
#7227=AXIS2_PLACEMENT_3D('',#8862,#7670,#7671);
#7228=AXIS2_PLACEMENT_3D('',#8864,#7673,#7674);
#7229=AXIS2_PLACEMENT_3D('',#8866,#7676,#7677);
#7230=AXIS2_PLACEMENT_3D('',#8868,#7679,#7680);
#7231=AXIS2_PLACEMENT_3D('',#8870,#7682,#7683);
#7232=AXIS2_PLACEMENT_3D('',#8874,#7685,#7686);
#7233=AXIS2_PLACEMENT_3D('',#8878,#7688,#7689);
#7234=AXIS2_PLACEMENT_3D('',#8882,#7691,#7692);
#7235=AXIS2_PLACEMENT_3D('',#8883,#7693,#7694);
#7236=AXIS2_PLACEMENT_3D('',#8887,#7696,#7697);
#7237=AXIS2_PLACEMENT_3D('',#8890,#7699,#7700);
#7238=AXIS2_PLACEMENT_3D('',#8901,#7707,#7708);
#7239=AXIS2_PLACEMENT_3D('',#8910,#7714,#7715);
#7240=AXIS2_PLACEMENT_3D('',#8921,#7722,#7723);
#7241=AXIS2_PLACEMENT_3D('',#8938,#7726,#7727);
#7242=AXIS2_PLACEMENT_3D('',#8939,#7728,#7729);
#7243=AXIS2_PLACEMENT_3D('',#8969,#7730,#7731);
#7244=AXIS2_PLACEMENT_3D('',#8998,#7732,#7733);
#7245=AXIS2_PLACEMENT_3D('',#9000,#7734,#7735);
#7246=AXIS2_PLACEMENT_3D('',#9001,#7736,#7737);
#7247=AXIS2_PLACEMENT_3D('',#9010,#7739,#7740);
#7248=AXIS2_PLACEMENT_3D('',#9014,#7742,#7743);
#7249=AXIS2_PLACEMENT_3D('',#9015,#7744,#7745);
#7250=AXIS2_PLACEMENT_3D('',#9016,#7746,#7747);
#7251=AXIS2_PLACEMENT_3D('',#9025,#7749,#7750);
#7252=AXIS2_PLACEMENT_3D('',#9026,#7751,#7752);
#7253=AXIS2_PLACEMENT_3D('',#9028,#7754,#7755);
#7254=AXIS2_PLACEMENT_3D('',#9030,#7757,#7758);
#7255=AXIS2_PLACEMENT_3D('',#9032,#7760,#7761);
#7256=AXIS2_PLACEMENT_3D('',#9034,#7763,#7764);
#7257=AXIS2_PLACEMENT_3D('',#9038,#7766,#7767);
#7258=AXIS2_PLACEMENT_3D('',#9042,#7769,#7770);
#7259=AXIS2_PLACEMENT_3D('',#9048,#7773,#7774);
#7260=AXIS2_PLACEMENT_3D('',#9052,#7776,#7777);
#7261=AXIS2_PLACEMENT_3D('',#9053,#7778,#7779);
#7262=AXIS2_PLACEMENT_3D('',#9054,#7780,#7781);
#7263=AXIS2_PLACEMENT_3D('',#9068,#7789,#7790);
#7264=AXIS2_PLACEMENT_3D('',#9072,#7792,#7793);
#7265=AXIS2_PLACEMENT_3D('',#9073,#7794,#7795);
#7266=AXIS2_PLACEMENT_3D('',#9081,#7799,#7800);
#7267=AXIS2_PLACEMENT_3D('',#9085,#7802,#7803);
#7268=AXIS2_PLACEMENT_3D('',#9091,#7806,#7807);
#7269=AXIS2_PLACEMENT_3D('',#9092,#7808,#7809);
#7270=AXIS2_PLACEMENT_3D('',#9093,#7810,#7811);
#7271=AXIS2_PLACEMENT_3D('',#9097,#7813,#7814);
#7272=AXIS2_PLACEMENT_3D('',#9098,#7815,#7816);
#7273=AXIS2_PLACEMENT_3D('',#9099,#7817,#7818);
#7274=AXIS2_PLACEMENT_3D('',#9105,#7819,#7820);
#7275=AXIS2_PLACEMENT_3D('',#9106,#7821,#7822);
#7276=AXIS2_PLACEMENT_3D('',#9110,#7825,#7826);
#7277=AXIS2_PLACEMENT_3D('',#9125,#7830,#7831);
#7278=AXIS2_PLACEMENT_3D('',#9136,#7838,#7839);
#7279=AXIS2_PLACEMENT_3D('',#9328,#7842,#7843);
#7280=AXIS2_PLACEMENT_3D('',#9330,#7844,#7845);
#7281=AXIS2_PLACEMENT_3D('',#9331,#7846,#7847);
#7282=AXIS2_PLACEMENT_3D('',#9801,#7848,#7849);
#7283=AXIS2_PLACEMENT_3D('',#9888,#7850,#7851);
#7284=AXIS2_PLACEMENT_3D('',#10275,#7852,#7853);
#7285=AXIS2_PLACEMENT_3D('',#10281,#7857,#7858);
#7286=AXIS2_PLACEMENT_3D('',#10282,#7859,#7860);
#7287=AXIS2_PLACEMENT_3D('',#10287,#7862,#7863);
#7288=AXIS2_PLACEMENT_3D('',#10288,#7864,#7865);
#7289=AXIS2_PLACEMENT_3D('',#10290,#7867,#7868);
#7290=AXIS2_PLACEMENT_3D('',#10291,#7869,#7870);
#7291=AXIS2_PLACEMENT_3D('',#10295,#7872,#7873);
#7292=AXIS2_PLACEMENT_3D('',#10298,#7875,#7876);
#7293=AXIS2_PLACEMENT_3D('',#10299,#7877,#7878);
#7294=AXIS2_PLACEMENT_3D('',#10300,#7879,#7880);
#7295=AXIS2_PLACEMENT_3D('',#10304,#7882,#7883);
#7296=AXIS2_PLACEMENT_3D('',#10307,#7885,#7886);
#7297=AXIS2_PLACEMENT_3D('',#10310,#7888,#7889);
#7298=AXIS2_PLACEMENT_3D('',#10311,#7890,#7891);
#7299=AXIS2_PLACEMENT_3D('',#10316,#7893,#7894);
#7300=AXIS2_PLACEMENT_3D('',#10319,#7896,#7897);
#7301=AXIS2_PLACEMENT_3D('',#10321,#7899,#7900);
#7302=AXIS2_PLACEMENT_3D('',#10323,#7902,#7903);
#7303=AXIS2_PLACEMENT_3D('',#10326,#7906,#7907);
#7304=AXIS2_PLACEMENT_3D('',#10328,#7909,#7910);
#7305=AXIS2_PLACEMENT_3D('',#10331,#7913,#7914);
#7306=AXIS2_PLACEMENT_3D('',#10333,#7916,#7917);
#7307=AXIS2_PLACEMENT_3D('',#10334,#7918,#7919);
#7308=AXIS2_PLACEMENT_3D('',#10343,#7920,#7921);
#7309=AXIS2_PLACEMENT_3D('',#10344,#7922,#7923);
#7310=AXIS2_PLACEMENT_3D('',#10345,#7924,#7925);
#7311=AXIS2_PLACEMENT_3D('',#10346,#7926,#7927);
#7312=AXIS2_PLACEMENT_3D('',#10347,#7928,#7929);
#7313=AXIS2_PLACEMENT_3D('',#10348,#7930,#7931);
#7314=AXIS2_PLACEMENT_3D('',#10349,#7932,#7933);
#7315=AXIS2_PLACEMENT_3D('',#10358,#7934,#7935);
#7316=AXIS2_PLACEMENT_3D('',#10359,#7936,#7937);
#7317=AXIS2_PLACEMENT_3D('',#10360,#7938,#7939);
#7318=AXIS2_PLACEMENT_3D('',#10361,#7940,#7941);
#7319=AXIS2_PLACEMENT_3D('',#10362,#7942,#7943);
#7320=AXIS2_PLACEMENT_3D('',#10363,#7944,#7945);
#7321=AXIS2_PLACEMENT_3D('',#10364,#7946,#7947);
#7322=AXIS2_PLACEMENT_3D('',#10365,#7948,#7949);
#7323=AXIS2_PLACEMENT_3D('',#10366,#7950,#7951);
#7324=AXIS2_PLACEMENT_3D('',#10367,#7952,#7953);
#7325=AXIS2_PLACEMENT_3D('',#10368,#7954,#7955);
#7326=AXIS2_PLACEMENT_3D('',#10369,#7956,#7957);
#7327=AXIS2_PLACEMENT_3D('',#10370,#7958,#7959);
#7328=AXIS2_PLACEMENT_3D('',#10371,#7960,#7961);
#7329=AXIS2_PLACEMENT_3D('',#10372,#7962,#7963);
#7330=AXIS2_PLACEMENT_3D('',#10373,#7964,#7965);
#7331=AXIS2_PLACEMENT_3D('',#10374,#7966,#7967);
#7332=AXIS2_PLACEMENT_3D('',#10375,#7968,#7969);
#7333=AXIS2_PLACEMENT_3D('',#10376,#7970,#7971);
#7334=AXIS2_PLACEMENT_3D('',#10377,#7972,#7973);
#7335=AXIS2_PLACEMENT_3D('',#10378,#7974,#7975);
#7336=AXIS2_PLACEMENT_3D('',#10379,#7976,#7977);
#7337=AXIS2_PLACEMENT_3D('',#10380,#7978,#7979);
#7338=AXIS2_PLACEMENT_3D('',#10381,#7980,#7981);
#7339=AXIS2_PLACEMENT_3D('',#10382,#7982,#7983);
#7340=AXIS2_PLACEMENT_3D('',#10383,#7984,#7985);
#7341=AXIS2_PLACEMENT_3D('',#10384,#7986,#7987);
#7342=AXIS2_PLACEMENT_3D('',#10385,#7988,#7989);
#7343=AXIS2_PLACEMENT_3D('',#10386,#7990,#7991);
#7344=AXIS2_PLACEMENT_3D('',#10387,#7992,#7993);
#7345=AXIS2_PLACEMENT_3D('',#10388,#7994,#7995);
#7346=AXIS2_PLACEMENT_3D('',#10389,#7996,#7997);
#7347=AXIS2_PLACEMENT_3D('',#10997,#8045,#8046);
#7348=AXIS2_PLACEMENT_3D('',#11084,#8048,#8049);
#7349=AXIS2_PLACEMENT_3D('',#11088,#8051,#8052);
#7350=AXIS2_PLACEMENT_3D('',#11092,#8054,#8055);
#7351=AXIS2_PLACEMENT_3D('',#11096,#8057,#8058);
#7352=AXIS2_PLACEMENT_3D('',#11097,#8059,#8060);
#7353=AXIS2_PLACEMENT_3D('',#11198,#8067,#8068);
#7354=AXIS2_PLACEMENT_3D('',#11202,#8070,#8071);
#7355=AXIS2_PLACEMENT_3D('',#11218,#8079,#8080);
#7356=AXIS2_PLACEMENT_3D('',#11219,#8081,#8082);
#7357=AXIS2_PLACEMENT_3D('',#11228,#8087,#8088);
#7358=AXIS2_PLACEMENT_3D('',#11236,#8092,#8093);
#7359=AXIS2_PLACEMENT_3D('',#11240,#8095,#8096);
#7360=AXIS2_PLACEMENT_3D('',#11249,#8101,#8102);
#7361=AXIS2_PLACEMENT_3D('',#11258,#8107,#8108);
#7362=AXIS2_PLACEMENT_3D('',#11259,#8109,#8110);
#7363=AXIS2_PLACEMENT_3D('',#11266,#8113,#8114);
#7364=AXIS2_PLACEMENT_3D('',#11270,#8116,#8117);
#7365=AXIS2_PLACEMENT_3D('',#11276,#8120,#8121);
#7366=AXIS2_PLACEMENT_3D('',#11280,#8123,#8124);
#7367=AXIS2_PLACEMENT_3D('',#11286,#8127,#8128);
#7368=AXIS2_PLACEMENT_3D('',#11290,#8130,#8131);
#7369=AXIS2_PLACEMENT_3D('',#11296,#8134,#8135);
#7370=AXIS2_PLACEMENT_3D('',#11299,#8137,#8138);
#7371=AXIS2_PLACEMENT_3D('',#11304,#8141,#8142);
#7372=AXIS2_PLACEMENT_3D('',#11307,#8144,#8145);
#7373=AXIS2_PLACEMENT_3D('',#11313,#8149,#8150);
#7374=AXIS2_PLACEMENT_3D('',#11317,#8153,#8154);
#7375=AXIS2_PLACEMENT_3D('',#11318,#8155,#8156);
#7376=AXIS2_PLACEMENT_3D('',#11324,#8160,#8161);
#7377=AXIS2_PLACEMENT_3D('',#11330,#8164,#8165);
#7378=AXIS2_PLACEMENT_3D('',#11332,#8167,#8168);
#7379=AXIS2_PLACEMENT_3D('',#11333,#8169,#8170);
#7380=AXIS2_PLACEMENT_3D('',#11340,#8174,#8175);
#7381=AXIS2_PLACEMENT_3D('',#11343,#8178,#8179);
#7382=AXIS2_PLACEMENT_3D('',#11349,#8183,#8184);
#7383=AXIS2_PLACEMENT_3D('',#11350,#8185,#8186);
#7384=AXIS2_PLACEMENT_3D('',#11351,#8187,#8188);
#7385=AXIS2_PLACEMENT_3D('',#11352,#8189,#8190);
#7386=AXIS2_PLACEMENT_3D('',#11353,#8191,#8192);
#7387=AXIS2_PLACEMENT_3D('',#11354,#8193,#8194);
#7388=AXIS2_PLACEMENT_3D('',#11355,#8195,#8196);
#7389=AXIS2_PLACEMENT_3D('',#11356,#8197,#8198);
#7390=AXIS2_PLACEMENT_3D('',#11357,#8199,#8200);
#7391=AXIS2_PLACEMENT_3D('',#11358,#8201,#8202);
#7392=AXIS2_PLACEMENT_3D('',#11359,#8203,#8204);
#7393=AXIS2_PLACEMENT_3D('',#11360,#8205,#8206);
#7394=AXIS2_PLACEMENT_3D('',#11361,#8207,#8208);
#7395=AXIS2_PLACEMENT_3D('',#11366,#8209,#8210);
#7396=AXIS2_PLACEMENT_3D('',#11367,#8211,#8212);
#7397=AXIS2_PLACEMENT_3D('',#11368,#8213,#8214);
#7398=AXIS2_PLACEMENT_3D('',#11369,#8215,#8216);
#7399=AXIS2_PLACEMENT_3D('',#11370,#8217,#8218);
#7400=AXIS2_PLACEMENT_3D('',#11371,#8219,#8220);
#7401=AXIS2_PLACEMENT_3D('',#11372,#8221,#8222);
#7402=AXIS2_PLACEMENT_3D('',#11373,#8223,#8224);
#7403=AXIS2_PLACEMENT_3D('',#11378,#8225,#8226);
#7404=AXIS2_PLACEMENT_3D('',#11379,#8227,#8228);
#7405=AXIS2_PLACEMENT_3D('',#11380,#8229,#8230);
#7406=AXIS2_PLACEMENT_3D('',#11381,#8231,#8232);
#7407=AXIS2_PLACEMENT_3D('',#11382,#8233,#8234);
#7408=AXIS2_PLACEMENT_3D('',#11383,#8235,#8236);
#7409=AXIS2_PLACEMENT_3D('',#11384,#8237,#8238);
#7410=AXIS2_PLACEMENT_3D('',#11385,#8239,#8240);
#7411=AXIS2_PLACEMENT_3D('',#11386,#8241,#8242);
#7412=AXIS2_PLACEMENT_3D('',#11387,#8243,#8244);
#7413=AXIS2_PLACEMENT_3D('',#11388,#8245,#8246);
#7414=AXIS2_PLACEMENT_3D('',#11389,#8247,#8248);
#7415=AXIS2_PLACEMENT_3D('',#11390,#8249,#8250);
#7416=AXIS2_PLACEMENT_3D('',#11391,#8251,#8252);
#7417=AXIS2_PLACEMENT_3D('',#11392,#8253,#8254);
#7418=AXIS2_PLACEMENT_3D('',#11393,#8255,#8256);
#7419=AXIS2_PLACEMENT_3D('',#11394,#8257,#8258);
#7420=AXIS2_PLACEMENT_3D('',#11399,#8259,#8260);
#7421=AXIS2_PLACEMENT_3D('',#11400,#8261,#8262);
#7422=AXIS2_PLACEMENT_3D('',#11401,#8263,#8264);
#7423=AXIS2_PLACEMENT_3D('',#11402,#8265,#8266);
#7424=AXIS2_PLACEMENT_3D('',#11403,#8267,#8268);
#7425=AXIS2_PLACEMENT_3D('',#11404,#8269,#8270);
#7426=AXIS2_PLACEMENT_3D('',#11405,#8271,#8272);
#7427=AXIS2_PLACEMENT_3D('',#11406,#8273,#8274);
#7428=AXIS2_PLACEMENT_3D('',#11411,#8275,#8276);
#7429=AXIS2_PLACEMENT_3D('',#11412,#8277,#8278);
#7430=AXIS2_PLACEMENT_3D('',#11413,#8279,#8280);
#7431=AXIS2_PLACEMENT_3D('',#11414,#8281,#8282);
#7432=AXIS2_PLACEMENT_3D('',#11415,#8283,#8284);
#7433=AXIS2_PLACEMENT_3D('',#11416,#8285,#8286);
#7434=AXIS2_PLACEMENT_3D('',#11417,#8287,#8288);
#7435=AXIS2_PLACEMENT_3D('',#11418,#8289,#8290);
#7436=AXIS2_PLACEMENT_3D('',#11419,#8291,#8292);
#7437=AXIS2_PLACEMENT_3D('',#11420,#8293,#8294);
#7438=AXIS2_PLACEMENT_3D('',#11421,#8295,#8296);
#7439=AXIS2_PLACEMENT_3D('',#11422,#8297,#8298);
#7440=AXIS2_PLACEMENT_3D('',#11423,#8299,#8300);
#7441=AXIS2_PLACEMENT_3D('',#11424,#8301,#8302);
#7442=AXIS2_PLACEMENT_3D('',#11425,#8303,#8304);
#7443=AXIS2_PLACEMENT_3D('',#11426,#8305,#8306);
#7444=AXIS2_PLACEMENT_3D('',#11427,#8307,#8308);
#7445=AXIS2_PLACEMENT_3D('',#11428,#8309,#8310);
#7446=AXIS2_PLACEMENT_3D('',#11429,#8311,#8312);
#7447=AXIS2_PLACEMENT_3D('',#11430,#8313,#8314);
#7448=AXIS2_PLACEMENT_3D('',#11431,#8315,#8316);
#7449=AXIS2_PLACEMENT_3D('',#11432,#8317,#8318);
#7450=AXIS2_PLACEMENT_3D('',#11433,#8319,#8320);
#7451=AXIS2_PLACEMENT_3D('',#11434,#8321,#8322);
#7452=AXIS2_PLACEMENT_3D('',#11435,#8323,#8324);
#7453=AXIS2_PLACEMENT_3D('',#11436,#8325,#8326);
#7454=AXIS2_PLACEMENT_3D('',#11437,#8327,#8328);
#7455=AXIS2_PLACEMENT_3D('',#11438,#8329,#8330);
#7456=AXIS2_PLACEMENT_3D('',#11472,#8334,#8335);
#7457=AXIS2_PLACEMENT_3D('',#11473,#8336,#8337);
#7458=AXIS2_PLACEMENT_3D('',#11631,#8345,#8346);
#7459=AXIS2_PLACEMENT_3D('',#11632,#8347,#8348);
#7460=AXIS2_PLACEMENT_3D('',#11637,#8350,#8351);
#7461=AXIS2_PLACEMENT_3D('',#11795,#8353,#8354);
#7462=AXIS2_PLACEMENT_3D('',#11796,#8355,#8356);
#7463=AXIS2_PLACEMENT_3D('',#11797,#8357,#8358);
#7464=AXIS2_PLACEMENT_3D('',#11798,#8359,#8360);
#7465=AXIS2_PLACEMENT_3D('',#11804,#8364,#8365);
#7466=AXIS2_PLACEMENT_3D('',#11808,#8368,#8369);
#7467=AXIS2_PLACEMENT_3D('',#11863,#8374,#8375);
#7468=AXIS2_PLACEMENT_3D('',#11889,#8379,#8380);
#7469=AXIS2_PLACEMENT_3D('',#11893,#8383,#8384);
#7470=AXIS2_PLACEMENT_3D('',#11944,#8389,#8390);
#7471=AXIS2_PLACEMENT_3D('',#11951,#8392,#8393);
#7472=AXIS2_PLACEMENT_3D('',#11955,#8396,#8397);
#7473=AXIS2_PLACEMENT_3D('',#11959,#8400,#8401);
#7474=AXIS2_PLACEMENT_3D('',#12014,#8406,#8407);
#7475=AXIS2_PLACEMENT_3D('',#12049,#8411,#8412);
#7476=AXIS2_PLACEMENT_3D('',#12054,#8413,#8414);
#7477=AXIS2_PLACEMENT_3D('',#12094,#8415,#8416);
#7478=AXIS2_PLACEMENT_3D('',#12095,#8417,#8418);
#7479=AXIS2_PLACEMENT_3D('',#12124,#8423,#8424);
#7480=AXIS2_PLACEMENT_3D('',#12162,#8428,#8429);
#7481=AXIS2_PLACEMENT_3D('',#12186,#8433,#8434);
#7482=AXIS2_PLACEMENT_3D('',#12190,#8437,#8438);
#7483=AXIS2_PLACEMENT_3D('',#12225,#8442,#8443);
#7484=AXIS2_PLACEMENT_3D('',#12232,#8445,#8446);
#7485=AXIS2_PLACEMENT_3D('',#12236,#8449,#8450);
#7486=AXIS2_PLACEMENT_3D('',#12238,#8452,#8453);
#7487=AXIS2_PLACEMENT_3D('',#12239,#8454,#8455);
#7488=AXIS2_PLACEMENT_3D('',#12245,#8459,#8460);
#7489=AXIS2_PLACEMENT_3D('',#12313,#8465,#8466);
#7490=AXIS2_PLACEMENT_3D('',#12317,#8469,#8470);
#7491=AXIS2_PLACEMENT_3D('',#12321,#8473,#8474);
#7492=AXIS2_PLACEMENT_3D('',#12353,#8478,#8479);
#7493=AXIS2_PLACEMENT_3D('',#12357,#8482,#8483);
#7494=AXIS2_PLACEMENT_3D('',#12380,#8486,#8487);
#7495=AXIS2_PLACEMENT_3D('',#12387,#8489,#8490);
#7496=AXIS2_PLACEMENT_3D('',#12391,#8493,#8494);
#7497=AXIS2_PLACEMENT_3D('',#12395,#8497,#8498);
#7498=AXIS2_PLACEMENT_3D('',#12420,#8502,#8503);
#7499=AXIS2_PLACEMENT_3D('',#12458,#8507,#8508);
#7500=AXIS2_PLACEMENT_3D('',#12482,#8512,#8513);
#7501=AXIS2_PLACEMENT_3D('',#12486,#8516,#8517);
#7502=AXIS2_PLACEMENT_3D('',#12490,#8520,#8521);
#7503=AXIS2_PLACEMENT_3D('',#12514,#8525,#8526);
#7504=AXIS2_PLACEMENT_3D('',#12518,#8529,#8530);
#7505=AXIS2_PLACEMENT_3D('',#12520,#8532,#8533);
#7506=AXIS2_PLACEMENT_3D('',#12521,#8534,#8535);
#7507=AXIS2_PLACEMENT_3D('',#12527,#8539,#8540);
#7508=AXIS2_PLACEMENT_3D('',#12613,#8547,#8548);
#7509=AXIS2_PLACEMENT_3D('',#12648,#8552,#8553);
#7510=AXIS2_PLACEMENT_3D('',#12655,#8555,#8556);
#7511=AXIS2_PLACEMENT_3D('',#12659,#8559,#8560);
#7512=AXIS2_PLACEMENT_3D('',#12663,#8563,#8564);
#7513=AXIS2_PLACEMENT_3D('',#12691,#8568,#8569);
#7514=AXIS2_PLACEMENT_3D('',#12729,#8573,#8574);
#7515=AXIS2_PLACEMENT_3D('',#12733,#8577,#8578);
#7516=AXIS2_PLACEMENT_3D('',#12734,#8579,#8580);
#7517=AXIS2_PLACEMENT_3D('',#12735,#8581,#8582);
#7518=AXIS2_PLACEMENT_3D('',#12934,#8592,#8593);
#7519=AXIS2_PLACEMENT_3D('',#12964,#8597,#8598);
#7520=AXIS2_PLACEMENT_3D('',#12966,#8600,#8601);
#7521=AXIS2_PLACEMENT_3D('',#12967,#8602,#8603);
#7522=AXIS2_PLACEMENT_3D('',#12968,#8604,#8605);
#7523=AXIS2_PLACEMENT_3D('',#12974,#8609,#8610);
#7524=AXIS2_PLACEMENT_3D('',#13009,#8614,#8615);
#7525=AXIS2_PLACEMENT_3D('',#13044,#8619,#8620);
#7526=AXIS2_PLACEMENT_3D('',#13051,#8622,#8623);
#7527=AXIS2_PLACEMENT_3D('',#13055,#8626,#8627);
#7528=AXIS2_PLACEMENT_3D('',#13059,#8630,#8631);
#7529=AXIS2_PLACEMENT_3D('',#13085,#8635,#8636);
#7530=AXIS2_PLACEMENT_3D('',#13092,#8638,#8639);
#7531=AXIS2_PLACEMENT_3D('',#13096,#8642,#8643);
#7532=AXIS2_PLACEMENT_3D('',#13100,#8646,#8647);
#7533=AXIS2_PLACEMENT_3D('',#13104,#8650,#8651);
#7534=AXIS2_PLACEMENT_3D('',#13108,#8654,#8655);
#7535=AXIS2_PLACEMENT_3D('',#13112,#8658,#8659);
#7536=AXIS2_PLACEMENT_3D('',#13135,#8662,#8663);
#7537=AXIS2_PLACEMENT_3D('',#13142,#8665,#8666);
#7538=AXIS2_PLACEMENT_3D('',#13146,#8669,#8670);
#7539=AXIS2_PLACEMENT_3D('',#13150,#8673,#8674);
#7540=AXIS2_PLACEMENT_3D('',#13173,#8678,#8679);
#7541=AXIS2_PLACEMENT_3D('',#13199,#8682,#8683);
#7542=AXIS2_PLACEMENT_3D('',#13203,#8686,#8687);
#7543=AXIS2_PLACEMENT_3D('',#13207,#8690,#8691);
#7544=AXIS2_PLACEMENT_3D('',#13211,#8694,#8695);
#7545=AXIS2_PLACEMENT_3D('',#13215,#8698,#8699);
#7546=AXIS2_PLACEMENT_3D('',#13219,#8702,#8703);
#7547=AXIS2_PLACEMENT_3D('',#13221,#8705,#8706);
#7548=DIRECTION('',(0.,0.,1.));
#7549=DIRECTION('',(1.,0.,0.));
#7550=DIRECTION('',(0.,0.,-1.));
#7551=DIRECTION('',(-1.,0.,0.));
#7552=DIRECTION('',(0.,0.,-1.));
#7553=DIRECTION('',(0.,0.,-1.));
#7554=DIRECTION('',(1.,0.,0.));
#7555=DIRECTION('',(0.,0.,-1.));
#7556=DIRECTION('',(0.,0.,-1.));
#7557=DIRECTION('',(1.,0.,0.));
#7558=DIRECTION('',(0.,0.,-1.));
#7559=DIRECTION('',(-1.,0.,0.));
#7560=DIRECTION('',(-1.,2.76400664006703E-13,0.));
#7561=DIRECTION('',(-5.78241158658936E-16,-1.,0.));
#7562=DIRECTION('',(1.,0.,0.));
#7563=DIRECTION('',(0.,0.,1.));
#7564=DIRECTION('',(-1.,0.,0.));
#7565=DIRECTION('',(0.,0.,1.));
#7566=DIRECTION('',(1.,0.,0.));
#7567=DIRECTION('',(0.,0.,1.));
#7568=DIRECTION('',(1.,0.,0.));
#7569=DIRECTION('',(0.,0.,1.));
#7570=DIRECTION('',(1.,0.,0.));
#7571=DIRECTION('',(0.,0.,-1.));
#7572=DIRECTION('',(-1.,0.,0.));
#7573=DIRECTION('',(1.,0.,0.));
#7574=DIRECTION('',(0.,-1.,0.));
#7575=DIRECTION('',(-1.,2.76400664006703E-13,0.));
#7576=DIRECTION('',(0.,0.,1.));
#7577=DIRECTION('',(1.,0.,0.));
#7578=DIRECTION('',(0.,0.,1.));
#7579=DIRECTION('',(1.,0.,0.));
#7580=DIRECTION('',(0.,0.,1.));
#7581=DIRECTION('',(1.,0.,0.));
#7582=DIRECTION('',(0.,0.,1.));
#7583=DIRECTION('',(-1.,0.,0.));
#7584=DIRECTION('',(0.,0.,-1.));
#7585=DIRECTION('',(-1.,0.,0.));
#7586=DIRECTION('',(1.,0.,0.));
#7587=DIRECTION('',(0.,-1.,0.));
#7588=DIRECTION('',(1.,2.72614353540857E-13,0.));
#7589=DIRECTION('',(0.,0.,-1.));
#7590=DIRECTION('',(1.,0.,0.));
#7591=DIRECTION('',(0.,0.,-1.));
#7592=DIRECTION('',(1.,0.,0.));
#7593=DIRECTION('',(0.,0.,-1.));
#7594=DIRECTION('',(1.,0.,0.));
#7595=DIRECTION('',(0.,0.,-1.));
#7596=DIRECTION('',(1.,0.,0.));
#7597=DIRECTION('',(0.,0.,1.));
#7598=DIRECTION('',(-1.,0.,0.));
#7599=DIRECTION('',(0.,0.,-1.));
#7600=DIRECTION('',(-1.,0.,0.));
#7601=DIRECTION('',(0.,0.,1.));
#7602=DIRECTION('',(-1.,0.,0.));
#7603=DIRECTION('',(0.,0.,-1.));
#7604=DIRECTION('',(0.,0.,-1.));
#7605=DIRECTION('',(0.,0.,-1.));
#7606=DIRECTION('',(-1.,0.,0.));
#7607=DIRECTION('',(0.,-1.,0.));
#7608=DIRECTION('',(1.,0.,0.));
#7609=DIRECTION('',(0.,0.,-1.));
#7610=DIRECTION('',(1.,0.,0.));
#7611=DIRECTION('',(0.,0.,-1.));
#7612=DIRECTION('',(1.,0.,0.));
#7613=DIRECTION('',(0.,0.,-1.));
#7614=DIRECTION('',(1.,0.,0.));
#7615=DIRECTION('',(0.,0.,-1.));
#7616=DIRECTION('',(1.,0.,0.));
#7617=DIRECTION('',(1.,2.72614353540857E-13,0.));
#7618=DIRECTION('',(0.,0.,-1.));
#7619=DIRECTION('',(-1.,0.,0.));
#7620=DIRECTION('',(-1.,0.,0.));
#7621=DIRECTION('',(0.,-1.,0.));
#7622=DIRECTION('',(-1.,0.,0.));
#7623=DIRECTION('',(0.,0.,1.));
#7624=DIRECTION('',(-1.,0.,0.));
#7625=DIRECTION('',(0.,0.,1.));
#7626=DIRECTION('',(1.,0.,0.));
#7627=DIRECTION('',(0.,0.,-1.));
#7628=DIRECTION('',(0.,1.,0.));
#7629=DIRECTION('',(0.,0.,-1.));
#7630=DIRECTION('',(1.,0.,0.));
#7631=DIRECTION('',(0.,-1.,0.));
#7632=DIRECTION('',(0.,0.,-1.));
#7633=DIRECTION('',(1.,1.44560289664734E-15,0.));
#7634=DIRECTION('',(0.,-1.,0.));
#7635=DIRECTION('',(0.,0.,-1.));
#7636=DIRECTION('',(0.,-7.22801448323669E-16,-1.));
#7637=DIRECTION('',(1.,0.,0.));
#7638=DIRECTION('',(0.,-1.,0.));
#7639=DIRECTION('',(0.,0.,-1.));
#7640=DIRECTION('',(0.,0.,-1.));
#7641=DIRECTION('',(0.,-1.,0.));
#7642=DIRECTION('',(0.,0.,-1.));
#7643=DIRECTION('',(0.,0.,-1.));
#7644=DIRECTION('',(-1.,0.,0.));
#7645=DIRECTION('',(0.,-1.,0.));
#7646=DIRECTION('',(0.,0.,-1.));
#7647=DIRECTION('',(0.,0.,-1.));
#7648=DIRECTION('',(0.,-1.,0.));
#7649=DIRECTION('',(0.,0.,-1.));
#7650=DIRECTION('',(0.,0.,-1.));
#7651=DIRECTION('',(-1.,0.,0.));
#7652=DIRECTION('',(0.,0.,-1.));
#7653=DIRECTION('',(1.,0.,0.));
#7654=DIRECTION('',(0.,0.,-1.));
#7655=DIRECTION('',(0.,0.,-1.));
#7656=DIRECTION('',(-1.,0.,0.));
#7657=DIRECTION('',(0.,0.,-1.));
#7658=DIRECTION('',(0.,1.,0.));
#7659=DIRECTION('',(0.,0.,-1.));
#7660=DIRECTION('',(0.,0.,-1.));
#7661=DIRECTION('',(-1.,0.,0.));
#7662=DIRECTION('',(0.,0.,-1.));
#7663=DIRECTION('',(0.,0.,1.));
#7664=DIRECTION('',(1.,0.,0.));
#7665=DIRECTION('',(0.,0.,-1.));
#7666=DIRECTION('',(-1.,0.,0.));
#7667=DIRECTION('',(0.,0.,-1.));
#7668=DIRECTION('',(0.,0.,1.));
#7669=DIRECTION('',(-1.,0.,0.));
#7670=DIRECTION('',(0.,0.,-1.));
#7671=DIRECTION('',(-1.,0.,0.));
#7672=DIRECTION('',(0.,0.,-1.));
#7673=DIRECTION('',(0.,0.,-1.));
#7674=DIRECTION('',(-1.,0.,0.));
#7675=DIRECTION('',(0.,0.,-1.));
#7676=DIRECTION('',(0.,0.,-1.));
#7677=DIRECTION('',(-1.,0.,0.));
#7678=DIRECTION('',(0.,0.,-1.));
#7679=DIRECTION('',(0.,0.,-1.));
#7680=DIRECTION('',(-1.,0.,0.));
#7681=DIRECTION('',(0.,0.,-1.));
#7682=DIRECTION('',(-2.72614353540857E-13,1.,0.));
#7683=DIRECTION('',(-1.,-2.72614353540857E-13,0.));
#7684=DIRECTION('',(0.,0.,1.));
#7685=DIRECTION('',(-2.72614353540857E-13,1.,0.));
#7686=DIRECTION('',(-1.,-2.72614353540857E-13,0.));
#7687=DIRECTION('',(-1.,0.,0.));
#7688=DIRECTION('',(-2.72614353540857E-13,1.,0.));
#7689=DIRECTION('',(-1.,-2.72614353540857E-13,0.));
#7690=DIRECTION('',(0.,0.,-1.));
#7691=DIRECTION('',(-2.72614353540857E-13,1.,0.));
#7692=DIRECTION('',(-1.,-2.72614353540857E-13,0.));
#7693=DIRECTION('',(-2.72614353540857E-13,1.,0.));
#7694=DIRECTION('',(-1.,-2.72614353540857E-13,0.));
#7695=DIRECTION('',(0.,0.,-1.));
#7696=DIRECTION('',(-2.72614353540857E-13,1.,0.));
#7697=DIRECTION('',(-1.,-2.72614353540857E-13,0.));
#7698=DIRECTION('',(1.,0.,0.));
#7699=DIRECTION('',(1.,0.,0.));
#7700=DIRECTION('',(0.,0.,-1.));
#7701=DIRECTION('',(0.,-1.,0.));
#7702=DIRECTION('',(0.,0.,-1.));
#7703=DIRECTION('',(0.,-1.,0.));
#7704=DIRECTION('',(0.,0.,1.));
#7705=DIRECTION('',(0.,-1.,0.));
#7706=DIRECTION('',(0.,1.,0.));
#7707=DIRECTION('',(0.,0.,-1.));
#7708=DIRECTION('',(-1.,0.,0.));
#7709=DIRECTION('',(-1.,0.,0.));
#7710=DIRECTION('',(0.,-1.,0.));
#7711=DIRECTION('',(0.340545693789497,-0.940227967272528,0.));
#7712=DIRECTION('',(0.997431879684343,-0.071621542774212,0.));
#7713=DIRECTION('',(0.340545693789497,-0.940227967272528,0.));
#7714=DIRECTION('',(1.,0.,0.));
#7715=DIRECTION('',(0.,0.,-1.));
#7716=DIRECTION('',(0.,-1.,0.));
#7717=DIRECTION('',(0.,0.,1.));
#7718=DIRECTION('',(0.,-1.,0.));
#7719=DIRECTION('',(0.,0.,-1.));
#7720=DIRECTION('',(0.,-1.,0.));
#7721=DIRECTION('',(0.,1.,-7.2280144832367E-17));
#7722=DIRECTION('',(0.,0.,1.));
#7723=DIRECTION('',(1.,0.,0.));
#7724=DIRECTION('',(0.,-1.,0.));
#7725=DIRECTION('',(0.,1.,0.));
#7726=DIRECTION('',(0.0709191437233997,0.98764997359292,0.139706852786268));
#7727=DIRECTION('',(0.996400455924653,-0.0636232760756761,-0.0560197302255325));
#7728=DIRECTION('',(0.0709191437233996,0.98764997359292,0.139706852786268));
#7729=DIRECTION('',(0.996400455924653,-0.063623276075676,-0.0560197302255324));
#7730=DIRECTION('',(0.,1.,0.));
#7731=DIRECTION('',(1.,0.,0.));
#7732=DIRECTION('',(0.,1.,0.));
#7733=DIRECTION('',(1.,0.,0.));
#7734=DIRECTION('',(0.0709191437233997,0.98764997359292,0.139706852786268));
#7735=DIRECTION('',(0.0464392774134452,-0.143176843111247,0.988606992242122));
#7736=DIRECTION('',(0.,0.,-1.));
#7737=DIRECTION('',(-1.,0.,0.));
#7738=DIRECTION('',(0.,0.,-1.));
#7739=DIRECTION('',(0.,0.,-1.));
#7740=DIRECTION('',(1.,0.,0.));
#7741=DIRECTION('',(0.,0.,-1.));
#7742=DIRECTION('',(0.,0.,-1.));
#7743=DIRECTION('',(1.,0.,0.));
#7744=DIRECTION('',(0.,0.,-1.));
#7745=DIRECTION('',(-1.,0.,0.));
#7746=DIRECTION('',(0.,0.,-1.));
#7747=DIRECTION('',(1.,0.,0.));
#7748=DIRECTION('',(0.,0.,-1.));
#7749=DIRECTION('',(0.,0.,-1.));
#7750=DIRECTION('',(1.,0.,0.));
#7751=DIRECTION('',(0.,0.,-1.));
#7752=DIRECTION('',(-1.,0.,0.));
#7753=DIRECTION('',(0.,0.,-1.));
#7754=DIRECTION('',(0.,0.,-1.));
#7755=DIRECTION('',(-1.,0.,0.));
#7756=DIRECTION('',(0.,0.,-1.));
#7757=DIRECTION('',(0.,0.,-1.));
#7758=DIRECTION('',(-1.,0.,0.));
#7759=DIRECTION('',(0.,0.,-1.));
#7760=DIRECTION('',(0.,0.,-1.));
#7761=DIRECTION('',(-1.,0.,0.));
#7762=DIRECTION('',(0.,0.,-1.));
#7763=DIRECTION('',(-2.76400664006703E-13,-1.,0.));
#7764=DIRECTION('',(1.,-2.76400664006703E-13,0.));
#7765=DIRECTION('',(0.,0.,-1.));
#7766=DIRECTION('',(-2.76400664006703E-13,-1.,0.));
#7767=DIRECTION('',(1.,-2.76400664006703E-13,0.));
#7768=DIRECTION('',(1.,0.,0.));
#7769=DIRECTION('',(-2.76400664006703E-13,-1.,0.));
#7770=DIRECTION('',(1.,-2.76400664006703E-13,0.));
#7771=DIRECTION('',(0.,0.,-1.));
#7772=DIRECTION('',(-1.,0.,0.));
#7773=DIRECTION('',(-2.76400664006703E-13,-1.,0.));
#7774=DIRECTION('',(1.,-2.76400664006703E-13,0.));
#7775=DIRECTION('',(0.,0.,-1.));
#7776=DIRECTION('',(-2.76400664006703E-13,-1.,0.));
#7777=DIRECTION('',(1.,-2.76400664006703E-13,0.));
#7778=DIRECTION('',(-2.76400664006703E-13,-1.,0.));
#7779=DIRECTION('',(1.,-2.76400664006703E-13,0.));
#7780=DIRECTION('',(1.,0.,0.));
#7781=DIRECTION('',(0.,0.,-1.));
#7782=DIRECTION('',(0.,1.,0.));
#7783=DIRECTION('',(0.,0.,1.));
#7784=DIRECTION('',(0.,-1.,0.));
#7785=DIRECTION('',(0.,0.,-1.));
#7786=DIRECTION('',(0.,1.,0.));
#7787=DIRECTION('',(0.,-1.,0.));
#7788=DIRECTION('',(0.,0.,-1.));
#7789=DIRECTION('',(0.,1.,0.));
#7790=DIRECTION('',(0.,0.,1.));
#7791=DIRECTION('',(-1.,1.44560289664734E-15,0.));
#7792=DIRECTION('',(0.,1.,0.));
#7793=DIRECTION('',(0.,0.,1.));
#7794=DIRECTION('',(0.,1.,0.));
#7795=DIRECTION('',(0.,0.,1.));
#7796=DIRECTION('',(1.,0.,0.));
#7797=DIRECTION('',(0.,0.,-1.));
#7798=DIRECTION('',(1.,0.,0.));
#7799=DIRECTION('',(0.,1.,0.));
#7800=DIRECTION('',(0.,0.,1.));
#7801=DIRECTION('',(0.,0.,-1.));
#7802=DIRECTION('',(0.,1.,0.));
#7803=DIRECTION('',(0.,0.,1.));
#7804=DIRECTION('',(-1.,0.,0.));
#7805=DIRECTION('',(0.,7.22801448323669E-16,1.));
#7806=DIRECTION('',(0.,1.,0.));
#7807=DIRECTION('',(0.,0.,1.));
#7808=DIRECTION('',(0.,0.,-1.));
#7809=DIRECTION('',(-1.,0.,0.));
#7810=DIRECTION('',(0.,0.,1.));
#7811=DIRECTION('',(1.,0.,0.));
#7812=DIRECTION('',(0.,0.,-1.));
#7813=DIRECTION('',(0.,0.,1.));
#7814=DIRECTION('',(1.,0.,0.));
#7815=DIRECTION('',(0.,0.,-1.));
#7816=DIRECTION('',(-1.,0.,0.));
#7817=DIRECTION('',(0.,0.,1.));
#7818=DIRECTION('',(0.,1.,0.));
#7819=DIRECTION('',(0.,0.,1.));
#7820=DIRECTION('',(0.,1.,0.));
#7821=DIRECTION('',(0.,0.,-1.));
#7822=DIRECTION('',(-1.,0.,0.));
#7823=DIRECTION('',(-1.,0.,0.));
#7824=DIRECTION('',(-5.78241158658936E-16,-1.,0.));
#7825=DIRECTION('',(0.,0.,-1.));
#7826=DIRECTION('',(-1.,0.,0.));
#7827=DIRECTION('',(0.,-1.,0.));
#7828=DIRECTION('',(-1.,0.,0.));
#7829=DIRECTION('',(-0.940227967272527,0.340545693789501,0.));
#7830=DIRECTION('',(1.,-5.78241158658936E-16,0.));
#7831=DIRECTION('',(5.78241158658936E-16,1.,0.));
#7832=DIRECTION('',(-5.78241158658936E-16,-1.,0.));
#7833=DIRECTION('',(0.,0.,-1.));
#7834=DIRECTION('',(-5.78241158658936E-16,-1.,0.));
#7835=DIRECTION('',(0.,0.,1.));
#7836=DIRECTION('',(-5.78241158658936E-16,-1.,0.));
#7837=DIRECTION('',(-5.78241158658936E-16,-1.,7.2280144832367E-17));
#7838=DIRECTION('',(0.,0.,-1.));
#7839=DIRECTION('',(-1.,0.,0.));
#7840=DIRECTION('',(0.,1.,0.));
#7841=DIRECTION('',(0.,1.,0.));
#7842=DIRECTION('',(-1.10218211923262E-15,-1.,-1.12030148263751E-31));
#7843=DIRECTION('',(-1.,1.10218211923262E-15,-2.03287907341032E-16));
#7844=DIRECTION('',(-0.340545693789501,-0.940227967272527,-1.12030148263751E-31));
#7845=DIRECTION('',(-0.940227967272527,0.340545693789501,-2.03287907341032E-16));
#7846=DIRECTION('',(-0.340545693789501,-0.940227967272527,-1.12030148263751E-31));
#7847=DIRECTION('',(0.940227967272527,-0.340545693789501,0.));
#7848=DIRECTION('',(-4.89982515786259E-15,-1.,-4.98037601339414E-31));
#7849=DIRECTION('',(-1.,4.89982515786259E-15,-2.03287907341032E-16));
#7850=DIRECTION('',(0.032745467796435,0.999463723373086,-4.98037601339414E-31));
#7851=DIRECTION('',(0.999463723373086,-0.032745467796435,-2.03287907341032E-16));
#7852=DIRECTION('',(0.,0.,1.));
#7853=DIRECTION('',(1.,0.,0.));
#7854=DIRECTION('',(1.,0.,0.));
#7855=DIRECTION('',(0.,-1.,0.));
#7856=DIRECTION('',(1.,0.,0.));
#7857=DIRECTION('',(0.,1.,0.));
#7858=DIRECTION('',(0.,0.,1.));
#7859=DIRECTION('',(0.,1.,0.));
#7860=DIRECTION('',(0.,0.,1.));
#7861=DIRECTION('',(0.,0.,1.));
#7862=DIRECTION('',(0.,1.,0.));
#7863=DIRECTION('',(0.,0.,1.));
#7864=DIRECTION('',(0.,1.,0.));
#7865=DIRECTION('',(0.,0.,1.));
#7866=DIRECTION('',(1.,0.,0.));
#7867=DIRECTION('',(0.,-1.,0.));
#7868=DIRECTION('',(0.,0.,-1.));
#7869=DIRECTION('',(0.,-1.,0.));
#7870=DIRECTION('',(0.,0.,-1.));
#7871=DIRECTION('',(0.,0.,-1.));
#7872=DIRECTION('',(0.,-1.,0.));
#7873=DIRECTION('',(0.,0.,-1.));
#7874=DIRECTION('',(-1.,0.,0.));
#7875=DIRECTION('',(0.,-1.,0.));
#7876=DIRECTION('',(0.,0.,-1.));
#7877=DIRECTION('',(0.,1.,0.));
#7878=DIRECTION('',(0.,0.,1.));
#7879=DIRECTION('',(0.,1.,0.));
#7880=DIRECTION('',(0.,0.,1.));
#7881=DIRECTION('',(1.,0.,0.));
#7882=DIRECTION('',(0.,1.,0.));
#7883=DIRECTION('',(0.,0.,1.));
#7884=DIRECTION('',(-1.,0.,0.));
#7885=DIRECTION('',(0.,1.,0.));
#7886=DIRECTION('',(0.,0.,1.));
#7887=DIRECTION('',(0.,0.,-1.));
#7888=DIRECTION('',(0.,-1.,0.));
#7889=DIRECTION('',(0.,0.,-1.));
#7890=DIRECTION('',(0.,-1.,0.));
#7891=DIRECTION('',(0.,0.,-1.));
#7892=DIRECTION('',(0.,0.,1.));
#7893=DIRECTION('',(0.,-1.,0.));
#7894=DIRECTION('',(0.,0.,-1.));
#7895=DIRECTION('',(-1.,0.,0.));
#7896=DIRECTION('',(0.,-1.,0.));
#7897=DIRECTION('',(0.,0.,-1.));
#7898=DIRECTION('',(-1.,0.,0.));
#7899=DIRECTION('',(0.,0.,1.));
#7900=DIRECTION('',(1.,0.,0.));
#7901=DIRECTION('',(0.,1.,0.));
#7902=DIRECTION('',(0.,-7.2280144832367E-17,-1.));
#7903=DIRECTION('',(0.,1.,-7.2280144832367E-17));
#7904=DIRECTION('',(0.,1.,-7.2280144832367E-17));
#7905=DIRECTION('',(0.,1.,-7.2280144832367E-17));
#7906=DIRECTION('',(1.,0.,0.));
#7907=DIRECTION('',(0.,0.,-1.));
#7908=DIRECTION('',(0.,-1.,0.));
#7909=DIRECTION('',(0.,-7.2280144832367E-17,-1.));
#7910=DIRECTION('',(0.,1.,-7.2280144832367E-17));
#7911=DIRECTION('',(-5.78241158658936E-16,-1.,7.2280144832367E-17));
#7912=DIRECTION('',(0.,-1.,7.2280144832367E-17));
#7913=DIRECTION('',(-1.,0.,0.));
#7914=DIRECTION('',(0.,0.,1.));
#7915=DIRECTION('',(0.,1.,0.));
#7916=DIRECTION('',(0.,1.,0.));
#7917=DIRECTION('',(0.,0.,1.));
#7918=DIRECTION('',(0.,1.,0.));
#7919=DIRECTION('',(0.,0.,1.));
#7920=DIRECTION('',(5.78241158658936E-16,1.,-7.2280144832367E-17));
#7921=DIRECTION('',(-1.,5.78241158658936E-16,0.));
#7922=DIRECTION('',(0.,1.,-7.2280144832367E-17));
#7923=DIRECTION('',(0.,7.2280144832367E-17,1.));
#7924=DIRECTION('',(0.,1.,0.));
#7925=DIRECTION('',(0.,0.,1.));
#7926=DIRECTION('',(0.,1.,0.));
#7927=DIRECTION('',(0.,0.,1.));
#7928=DIRECTION('',(-5.78241158658936E-16,-1.,0.));
#7929=DIRECTION('',(1.,-5.78241158658936E-16,0.));
#7930=DIRECTION('',(-5.78241158658936E-16,-1.,0.));
#7931=DIRECTION('',(1.,-5.78241158658936E-16,0.));
#7932=DIRECTION('',(0.,1.,0.));
#7933=DIRECTION('',(0.,0.,1.));
#7934=DIRECTION('',(0.,1.,0.));
#7935=DIRECTION('',(0.,0.,1.));
#7936=DIRECTION('',(0.,-1.,0.));
#7937=DIRECTION('',(0.,0.,-1.));
#7938=DIRECTION('',(0.,1.,0.));
#7939=DIRECTION('',(0.,0.,1.));
#7940=DIRECTION('',(0.,1.,0.));
#7941=DIRECTION('',(0.,0.,1.));
#7942=DIRECTION('',(0.,-1.,0.));
#7943=DIRECTION('',(0.,0.,-1.));
#7944=DIRECTION('',(0.,1.,0.));
#7945=DIRECTION('',(0.,0.,1.));
#7946=DIRECTION('',(0.,-1.,0.));
#7947=DIRECTION('',(0.,0.,-1.));
#7948=DIRECTION('',(0.,-1.,0.));
#7949=DIRECTION('',(0.,0.,-1.));
#7950=DIRECTION('',(0.,1.,0.));
#7951=DIRECTION('',(0.,0.,1.));
#7952=DIRECTION('',(0.,1.,0.));
#7953=DIRECTION('',(0.,0.,1.));
#7954=DIRECTION('',(0.,1.,0.));
#7955=DIRECTION('',(0.,0.,1.));
#7956=DIRECTION('',(0.,0.,-1.));
#7957=DIRECTION('',(-1.,0.,0.));
#7958=DIRECTION('',(0.,0.,-1.));
#7959=DIRECTION('',(-1.,0.,0.));
#7960=DIRECTION('',(0.,1.,0.));
#7961=DIRECTION('',(0.,0.,1.));
#7962=DIRECTION('',(1.,0.,0.));
#7963=DIRECTION('',(0.,0.,-1.));
#7964=DIRECTION('',(-1.,0.,0.));
#7965=DIRECTION('',(0.,0.,1.));
#7966=DIRECTION('',(-1.,0.,0.));
#7967=DIRECTION('',(0.,0.,1.));
#7968=DIRECTION('',(1.,0.,0.));
#7969=DIRECTION('',(0.,0.,-1.));
#7970=DIRECTION('',(0.,1.,0.));
#7971=DIRECTION('',(0.,0.,1.));
#7972=DIRECTION('',(0.,0.,1.));
#7973=DIRECTION('',(1.,0.,0.));
#7974=DIRECTION('',(0.,0.,-1.));
#7975=DIRECTION('',(-1.,0.,0.));
#7976=DIRECTION('',(1.,0.,0.));
#7977=DIRECTION('',(0.,0.,-1.));
#7978=DIRECTION('',(1.,0.,0.));
#7979=DIRECTION('',(0.,0.,-1.));
#7980=DIRECTION('',(0.,-1.,0.));
#7981=DIRECTION('',(0.,0.,-1.));
#7982=DIRECTION('',(0.,0.,1.));
#7983=DIRECTION('',(1.,0.,0.));
#7984=DIRECTION('',(0.,0.,1.));
#7985=DIRECTION('',(1.,0.,0.));
#7986=DIRECTION('',(1.,0.,0.));
#7987=DIRECTION('',(0.,0.,-1.));
#7988=DIRECTION('',(-1.,0.,0.));
#7989=DIRECTION('',(0.,0.,1.));
#7990=DIRECTION('',(0.,-1.,0.));
#7991=DIRECTION('',(0.,0.,-1.));
#7992=DIRECTION('',(0.,0.,1.));
#7993=DIRECTION('',(1.,0.,0.));
#7994=DIRECTION('',(0.,0.,1.));
#7995=DIRECTION('',(1.,0.,0.));
#7996=DIRECTION('',(0.,0.,1.));
#7997=DIRECTION('',(1.,0.,0.));
#7998=DIRECTION('',(-1.,0.,0.));
#7999=DIRECTION('',(0.,-1.,0.));
#8000=DIRECTION('',(0.,-1.,0.));
#8001=DIRECTION('',(1.,0.,0.));
#8002=DIRECTION('',(0.,1.,0.));
#8003=DIRECTION('',(1.,0.,0.));
#8004=DIRECTION('',(0.227255550736079,-0.973835157847385,0.));
#8005=DIRECTION('',(1.,0.,0.));
#8006=DIRECTION('',(0.211873329425558,0.977297136125001,0.));
#8007=DIRECTION('',(1.,0.,0.));
#8008=DIRECTION('',(0.,-1.,0.));
#8009=DIRECTION('',(1.,0.,0.));
#8010=DIRECTION('',(0.,1.,0.));
#8011=DIRECTION('',(0.,1.,0.));
#8012=DIRECTION('',(-1.,0.,0.));
#8013=DIRECTION('',(-0.211540203941572,-0.977369296692073,0.));
#8014=DIRECTION('',(-1.,0.,0.));
#8015=DIRECTION('',(-0.225119440316941,0.974331174494272,0.));
#8016=DIRECTION('',(-1.,0.,0.));
#8017=DIRECTION('',(-1.,0.,0.));
#8018=DIRECTION('',(0.,-1.,0.));
#8019=DIRECTION('',(0.,-1.,0.));
#8020=DIRECTION('',(1.,0.,0.));
#8021=DIRECTION('',(0.,1.,0.));
#8022=DIRECTION('',(0.700669180395382,-0.713486299548957,0.));
#8023=DIRECTION('',(0.,-1.,0.));
#8024=DIRECTION('',(1.,0.,0.));
#8025=DIRECTION('',(0.,1.,0.));
#8026=DIRECTION('',(0.,1.,0.));
#8027=DIRECTION('',(-1.,0.,0.));
#8028=DIRECTION('',(0.,-1.,0.));
#8029=DIRECTION('',(-0.68295277316351,0.730462531296624,0.));
#8030=DIRECTION('',(0.,1.,0.));
#8031=DIRECTION('',(1.,0.,0.));
#8032=DIRECTION('',(0.,1.,0.));
#8033=DIRECTION('',(0.,1.,0.));
#8034=DIRECTION('',(-1.,0.,0.));
#8035=DIRECTION('',(0.,-1.,0.));
#8036=DIRECTION('',(0.,-1.,0.));
#8037=DIRECTION('',(1.,0.,0.));
#8038=DIRECTION('',(0.,1.,0.));
#8039=DIRECTION('',(0.,1.,0.));
#8040=DIRECTION('',(-1.,0.,0.));
#8041=DIRECTION('',(0.,-1.,0.));
#8042=DIRECTION('',(0.,-1.,0.));
#8043=DIRECTION('',(1.,0.,0.));
#8044=DIRECTION('',(0.,1.,0.));
#8045=DIRECTION('',(0.,0.,-1.));
#8046=DIRECTION('',(-1.,0.,0.));
#8047=DIRECTION('',(-1.,0.,0.));
#8048=DIRECTION('',(0.,0.,1.));
#8049=DIRECTION('',(1.,0.,0.));
#8050=DIRECTION('',(-8.34001671142696E-17,1.,0.));
#8051=DIRECTION('',(0.,0.,1.));
#8052=DIRECTION('',(1.,0.,0.));
#8053=DIRECTION('',(1.,0.,0.));
#8054=DIRECTION('',(0.,0.,1.));
#8055=DIRECTION('',(1.,0.,0.));
#8056=DIRECTION('',(-8.34001671142696E-17,-1.,0.));
#8057=DIRECTION('',(0.,0.,1.));
#8058=DIRECTION('',(1.,0.,0.));
#8059=DIRECTION('',(0.,0.,-1.));
#8060=DIRECTION('',(-1.,0.,0.));
#8061=DIRECTION('',(-1.,0.,0.));
#8062=DIRECTION('',(0.,-1.,0.));
#8063=DIRECTION('',(0.,-1.,0.));
#8064=DIRECTION('',(1.,0.,0.));
#8065=DIRECTION('',(0.,1.,0.));
#8066=DIRECTION('',(0.,1.,0.));
#8067=DIRECTION('',(1.,8.34001671142696E-17,0.));
#8068=DIRECTION('',(-8.34001671142696E-17,1.,0.));
#8069=DIRECTION('',(0.,1.,0.));
#8070=DIRECTION('',(1.,8.34001671142696E-17,0.));
#8071=DIRECTION('',(-8.34001671142696E-17,1.,0.));
#8072=DIRECTION('',(0.,0.,1.));
#8073=DIRECTION('',(-8.34001671142696E-17,1.,0.));
#8074=DIRECTION('',(0.,0.,1.));
#8075=DIRECTION('',(-8.34001671142696E-17,1.,0.));
#8076=DIRECTION('',(0.,0.,1.));
#8077=DIRECTION('',(-8.34001671142696E-17,1.,0.));
#8078=DIRECTION('',(0.,0.,1.));
#8079=DIRECTION('',(1.,8.34001671142696E-17,0.));
#8080=DIRECTION('',(-8.34001671142696E-17,1.,0.));
#8081=DIRECTION('',(0.,1.,0.));
#8082=DIRECTION('',(0.,0.,1.));
#8083=DIRECTION('',(0.,0.,1.));
#8084=DIRECTION('',(-1.,0.,0.));
#8085=DIRECTION('',(0.,0.,1.));
#8086=DIRECTION('',(-1.,0.,0.));
#8087=DIRECTION('',(-1.,8.34001671142696E-17,0.));
#8088=DIRECTION('',(-8.34001671142696E-17,-1.,0.));
#8089=DIRECTION('',(0.,0.,1.));
#8090=DIRECTION('',(-8.34001671142696E-17,-1.,0.));
#8091=DIRECTION('',(0.,0.,1.));
#8092=DIRECTION('',(-1.,8.34001671142696E-17,0.));
#8093=DIRECTION('',(-8.34001671142696E-17,-1.,0.));
#8094=DIRECTION('',(0.,-1.,0.));
#8095=DIRECTION('',(-1.,8.34001671142696E-17,0.));
#8096=DIRECTION('',(-8.34001671142696E-17,-1.,0.));
#8097=DIRECTION('',(0.,0.,1.));
#8098=DIRECTION('',(-8.34001671142696E-17,-1.,0.));
#8099=DIRECTION('',(0.,0.,1.));
#8100=DIRECTION('',(-8.34001671142696E-17,-1.,0.));
#8101=DIRECTION('',(0.,-1.,0.));
#8102=DIRECTION('',(0.,0.,-1.));
#8103=DIRECTION('',(0.,0.,1.));
#8104=DIRECTION('',(1.,0.,0.));
#8105=DIRECTION('',(0.,0.,1.));
#8106=DIRECTION('',(1.,0.,0.));
#8107=DIRECTION('',(0.,0.,1.));
#8108=DIRECTION('',(1.,0.,0.));
#8109=DIRECTION('',(0.,0.,1.));
#8110=DIRECTION('',(1.,0.,0.));
#8111=DIRECTION('',(-1.,0.,0.));
#8112=DIRECTION('',(-8.34001671142696E-17,1.,0.));
#8113=DIRECTION('',(0.,0.,1.));
#8114=DIRECTION('',(1.,0.,0.));
#8115=DIRECTION('',(-1.,0.,0.));
#8116=DIRECTION('',(0.,0.,1.));
#8117=DIRECTION('',(1.,0.,0.));
#8118=DIRECTION('',(-8.34001671142696E-17,-1.,0.));
#8119=DIRECTION('',(-1.,0.,0.));
#8120=DIRECTION('',(0.,0.,1.));
#8121=DIRECTION('',(1.,0.,0.));
#8122=DIRECTION('',(-1.14126544472158E-16,1.,0.));
#8123=DIRECTION('',(0.,0.,1.));
#8124=DIRECTION('',(1.,0.,0.));
#8125=DIRECTION('',(1.,0.,0.));
#8126=DIRECTION('',(-8.34001671142696E-17,-1.,0.));
#8127=DIRECTION('',(0.,0.,1.));
#8128=DIRECTION('',(1.,0.,0.));
#8129=DIRECTION('',(1.,0.,0.));
#8130=DIRECTION('',(0.,0.,1.));
#8131=DIRECTION('',(1.,0.,0.));
#8132=DIRECTION('',(-8.34001671142696E-17,1.,0.));
#8133=DIRECTION('',(1.,0.,0.));
#8134=DIRECTION('',(0.,0.,1.));
#8135=DIRECTION('',(1.,0.,0.));
#8136=DIRECTION('',(-1.14126544472158E-16,-1.,0.));
#8137=DIRECTION('',(0.,-1.,0.));
#8138=DIRECTION('',(0.,0.,-1.));
#8139=DIRECTION('',(0.,0.,1.));
#8140=DIRECTION('',(1.,0.,0.));
#8141=DIRECTION('',(0.,-1.,0.));
#8142=DIRECTION('',(0.,0.,-1.));
#8143=DIRECTION('',(1.,0.,0.));
#8144=DIRECTION('',(1.,1.14126544472158E-16,0.));
#8145=DIRECTION('',(-1.14126544472158E-16,1.,0.));
#8146=DIRECTION('',(0.,0.,1.));
#8147=DIRECTION('',(-1.14126544472158E-16,1.,0.));
#8148=DIRECTION('',(-1.14126544472158E-16,1.,0.));
#8149=DIRECTION('',(0.,1.,0.));
#8150=DIRECTION('',(0.,0.,1.));
#8151=DIRECTION('',(-1.,0.,0.));
#8152=DIRECTION('',(-1.,0.,0.));
#8153=DIRECTION('',(0.,1.,0.));
#8154=DIRECTION('',(0.,0.,1.));
#8155=DIRECTION('',(0.,0.,1.));
#8156=DIRECTION('',(1.,0.,0.));
#8157=DIRECTION('',(-1.14126544472158E-16,1.,0.));
#8158=DIRECTION('',(-1.,0.,0.));
#8159=DIRECTION('',(1.,0.,0.));
#8160=DIRECTION('',(0.,-1.,0.));
#8161=DIRECTION('',(0.,0.,-1.));
#8162=DIRECTION('',(0.,0.,1.));
#8163=DIRECTION('',(1.,0.,0.));
#8164=DIRECTION('',(0.,-1.,0.));
#8165=DIRECTION('',(0.,0.,-1.));
#8166=DIRECTION('',(1.,0.,0.));
#8167=DIRECTION('',(0.,1.,0.));
#8168=DIRECTION('',(0.,0.,1.));
#8169=DIRECTION('',(0.,1.,0.));
#8170=DIRECTION('',(0.,0.,1.));
#8171=DIRECTION('',(-1.,0.,0.));
#8172=DIRECTION('',(0.,0.,1.));
#8173=DIRECTION('',(-1.,0.,0.));
#8174=DIRECTION('',(-1.,1.14126544472158E-16,0.));
#8175=DIRECTION('',(-1.14126544472158E-16,-1.,0.));
#8176=DIRECTION('',(-1.14126544472158E-16,-1.,0.));
#8177=DIRECTION('',(-1.14126544472158E-16,-1.,0.));
#8178=DIRECTION('',(0.,0.,1.));
#8179=DIRECTION('',(1.,0.,0.));
#8180=DIRECTION('',(-1.,0.,0.));
#8181=DIRECTION('',(-1.14126544472158E-16,-1.,0.));
#8182=DIRECTION('',(1.,0.,0.));
#8183=DIRECTION('',(0.,0.,1.));
#8184=DIRECTION('',(1.,0.,0.));
#8185=DIRECTION('',(0.,0.,1.));
#8186=DIRECTION('',(1.,0.,0.));
#8187=DIRECTION('',(0.,0.,1.));
#8188=DIRECTION('',(1.,0.,0.));
#8189=DIRECTION('',(0.,0.,1.));
#8190=DIRECTION('',(1.,0.,0.));
#8191=DIRECTION('',(0.,0.,1.));
#8192=DIRECTION('',(1.,0.,0.));
#8193=DIRECTION('',(0.,0.,1.));
#8194=DIRECTION('',(1.,0.,0.));
#8195=DIRECTION('',(0.,0.,1.));
#8196=DIRECTION('',(1.,0.,0.));
#8197=DIRECTION('',(0.,0.,1.));
#8198=DIRECTION('',(1.,0.,0.));
#8199=DIRECTION('',(0.,0.,1.));
#8200=DIRECTION('',(1.,0.,0.));
#8201=DIRECTION('',(0.,0.,1.));
#8202=DIRECTION('',(1.,0.,0.));
#8203=DIRECTION('',(0.,0.,1.));
#8204=DIRECTION('',(1.,0.,0.));
#8205=DIRECTION('',(0.,0.,1.));
#8206=DIRECTION('',(1.,0.,0.));
#8207=DIRECTION('',(-8.34001671142696E-17,1.,0.));
#8208=DIRECTION('',(-1.,-8.34001671142696E-17,0.));
#8209=DIRECTION('',(0.,1.,0.));
#8210=DIRECTION('',(0.,0.,1.));
#8211=DIRECTION('',(0.,0.,1.));
#8212=DIRECTION('',(1.,0.,0.));
#8213=DIRECTION('',(-1.,0.,0.));
#8214=DIRECTION('',(0.,0.,1.));
#8215=DIRECTION('',(-1.,0.,0.));
#8216=DIRECTION('',(0.,0.,1.));
#8217=DIRECTION('',(-1.,0.,0.));
#8218=DIRECTION('',(0.,0.,1.));
#8219=DIRECTION('',(0.,0.,1.));
#8220=DIRECTION('',(1.,0.,0.));
#8221=DIRECTION('',(0.,-1.,0.));
#8222=DIRECTION('',(0.,0.,-1.));
#8223=DIRECTION('',(-8.34001671142696E-17,-1.,0.));
#8224=DIRECTION('',(1.,-8.34001671142696E-17,0.));
#8225=DIRECTION('',(0.,0.,1.));
#8226=DIRECTION('',(1.,0.,0.));
#8227=DIRECTION('',(1.,0.,0.));
#8228=DIRECTION('',(0.,0.,-1.));
#8229=DIRECTION('',(0.,1.,0.));
#8230=DIRECTION('',(0.,0.,1.));
#8231=DIRECTION('',(8.34001671142696E-17,1.,0.));
#8232=DIRECTION('',(-1.,8.34001671142696E-17,0.));
#8233=DIRECTION('',(0.,1.,0.));
#8234=DIRECTION('',(0.,0.,1.));
#8235=DIRECTION('',(-1.,0.,0.));
#8236=DIRECTION('',(0.,0.,1.));
#8237=DIRECTION('',(1.,0.,0.));
#8238=DIRECTION('',(0.,0.,-1.));
#8239=DIRECTION('',(0.,0.,1.));
#8240=DIRECTION('',(1.,0.,0.));
#8241=DIRECTION('',(1.,0.,0.));
#8242=DIRECTION('',(0.,0.,-1.));
#8243=DIRECTION('',(0.,0.,1.));
#8244=DIRECTION('',(1.,0.,0.));
#8245=DIRECTION('',(0.,1.,0.));
#8246=DIRECTION('',(0.,0.,1.));
#8247=DIRECTION('',(1.,0.,0.));
#8248=DIRECTION('',(0.,0.,-1.));
#8249=DIRECTION('',(1.,0.,0.));
#8250=DIRECTION('',(0.,0.,-1.));
#8251=DIRECTION('',(8.34001671142696E-17,-1.,0.));
#8252=DIRECTION('',(1.,8.34001671142696E-17,0.));
#8253=DIRECTION('',(0.,1.,0.));
#8254=DIRECTION('',(0.,0.,1.));
#8255=DIRECTION('',(0.,0.,1.));
#8256=DIRECTION('',(1.,0.,0.));
#8257=DIRECTION('',(-8.34001671142696E-17,-1.,0.));
#8258=DIRECTION('',(1.,-8.34001671142696E-17,0.));
#8259=DIRECTION('',(0.,-1.,0.));
#8260=DIRECTION('',(0.,0.,-1.));
#8261=DIRECTION('',(0.,0.,1.));
#8262=DIRECTION('',(1.,0.,0.));
#8263=DIRECTION('',(1.,0.,0.));
#8264=DIRECTION('',(0.,0.,-1.));
#8265=DIRECTION('',(1.,0.,0.));
#8266=DIRECTION('',(0.,0.,-1.));
#8267=DIRECTION('',(1.,0.,0.));
#8268=DIRECTION('',(0.,0.,-1.));
#8269=DIRECTION('',(0.,0.,1.));
#8270=DIRECTION('',(1.,0.,0.));
#8271=DIRECTION('',(0.,1.,0.));
#8272=DIRECTION('',(0.,0.,1.));
#8273=DIRECTION('',(-8.34001671142696E-17,1.,0.));
#8274=DIRECTION('',(-1.,-8.34001671142696E-17,0.));
#8275=DIRECTION('',(1.,0.,0.));
#8276=DIRECTION('',(0.,0.,-1.));
#8277=DIRECTION('',(1.,0.,0.));
#8278=DIRECTION('',(0.,0.,-1.));
#8279=DIRECTION('',(0.,0.,1.));
#8280=DIRECTION('',(1.,0.,0.));
#8281=DIRECTION('',(0.,1.,0.));
#8282=DIRECTION('',(0.,0.,1.));
#8283=DIRECTION('',(1.14126544472158E-16,-1.,0.));
#8284=DIRECTION('',(1.,1.14126544472158E-16,0.));
#8285=DIRECTION('',(0.,-1.,0.));
#8286=DIRECTION('',(0.,0.,-1.));
#8287=DIRECTION('',(0.,0.,1.));
#8288=DIRECTION('',(1.,0.,0.));
#8289=DIRECTION('',(1.,0.,0.));
#8290=DIRECTION('',(0.,0.,-1.));
#8291=DIRECTION('',(-1.,0.,0.));
#8292=DIRECTION('',(0.,0.,1.));
#8293=DIRECTION('',(1.,0.,0.));
#8294=DIRECTION('',(0.,0.,-1.));
#8295=DIRECTION('',(0.707106781186547,0.707106781186548,0.));
#8296=DIRECTION('',(-0.707106781186548,0.707106781186547,0.));
#8297=DIRECTION('',(-1.14126544472158E-16,1.,0.));
#8298=DIRECTION('',(-1.,-1.14126544472158E-16,0.));
#8299=DIRECTION('',(-0.707106781186548,0.707106781186547,0.));
#8300=DIRECTION('',(-0.707106781186547,-0.707106781186548,0.));
#8301=DIRECTION('',(-1.,0.,0.));
#8302=DIRECTION('',(0.,0.,1.));
#8303=DIRECTION('',(1.,0.,0.));
#8304=DIRECTION('',(0.,0.,-1.));
#8305=DIRECTION('',(0.707106781186547,-0.707106781186548,0.));
#8306=DIRECTION('',(-0.707106781186548,-0.707106781186547,0.));
#8307=DIRECTION('',(-1.14126544472158E-16,-1.,0.));
#8308=DIRECTION('',(1.,-1.14126544472158E-16,0.));
#8309=DIRECTION('',(-0.707106781186548,-0.707106781186547,0.));
#8310=DIRECTION('',(-0.707106781186547,0.707106781186548,0.));
#8311=DIRECTION('',(-1.,0.,0.));
#8312=DIRECTION('',(0.,0.,1.));
#8313=DIRECTION('',(-1.,0.,0.));
#8314=DIRECTION('',(0.,0.,1.));
#8315=DIRECTION('',(-1.,0.,0.));
#8316=DIRECTION('',(0.,0.,1.));
#8317=DIRECTION('',(0.,0.,1.));
#8318=DIRECTION('',(1.,0.,0.));
#8319=DIRECTION('',(0.,-1.,0.));
#8320=DIRECTION('',(0.,0.,-1.));
#8321=DIRECTION('',(1.14126544472158E-16,1.,0.));
#8322=DIRECTION('',(-1.,1.14126544472158E-16,0.));
#8323=DIRECTION('',(0.,1.,0.));
#8324=DIRECTION('',(0.,0.,1.));
#8325=DIRECTION('',(0.,0.,1.));
#8326=DIRECTION('',(1.,0.,0.));
#8327=DIRECTION('',(-1.,0.,0.));
#8328=DIRECTION('',(0.,0.,1.));
#8329=DIRECTION('',(1.,0.,0.));
#8330=DIRECTION('',(0.,0.,-1.));
#8331=DIRECTION('',(0.,0.,1.));
#8332=DIRECTION('',(0.,0.,1.));
#8333=DIRECTION('',(0.,0.,1.));
#8334=DIRECTION('',(0.,0.,1.));
#8335=DIRECTION('',(1.,0.,0.));
#8336=DIRECTION('',(0.,0.,-1.));
#8337=DIRECTION('',(-1.,0.,0.));
#8338=DIRECTION('',(0.,0.,1.));
#8339=DIRECTION('',(0.,0.,1.));
#8340=DIRECTION('',(0.,0.,1.));
#8341=DIRECTION('',(0.,0.,1.));
#8342=DIRECTION('',(0.,0.,1.));
#8343=DIRECTION('',(0.,0.,1.));
#8344=DIRECTION('',(0.,0.,1.));
#8345=DIRECTION('',(0.,0.,1.));
#8346=DIRECTION('',(1.,0.,0.));
#8347=DIRECTION('',(0.,0.,1.));
#8348=DIRECTION('',(-1.,0.,0.));
#8349=DIRECTION('',(0.,0.,1.));
#8350=DIRECTION('',(0.,0.,1.));
#8351=DIRECTION('',(-1.,0.,0.));
#8352=DIRECTION('',(0.,0.,1.));
#8353=DIRECTION('',(0.,0.,1.));
#8354=DIRECTION('',(1.,0.,0.));
#8355=DIRECTION('',(0.,0.,1.));
#8356=DIRECTION('',(1.,0.,0.));
#8357=DIRECTION('',(0.,0.,1.));
#8358=DIRECTION('',(1.,0.,0.));
#8359=DIRECTION('',(-1.,0.,0.));
#8360=DIRECTION('',(0.,0.,1.));
#8361=DIRECTION('',(0.,0.,1.));
#8362=DIRECTION('',(0.,-1.,0.));
#8363=DIRECTION('',(0.,0.,1.));
#8364=DIRECTION('',(0.,-1.,0.));
#8365=DIRECTION('',(0.,0.,-1.));
#8366=DIRECTION('',(1.,0.,0.));
#8367=DIRECTION('',(0.,0.,1.));
#8368=DIRECTION('',(1.,0.,0.));
#8369=DIRECTION('',(0.,0.,-1.));
#8370=DIRECTION('',(0.,1.,0.));
#8371=DIRECTION('',(0.,0.,1.));
#8372=DIRECTION('',(0.,0.,1.));
#8373=DIRECTION('',(0.,0.,1.));
#8374=DIRECTION('',(1.,0.,0.));
#8375=DIRECTION('',(0.,0.,-1.));
#8376=DIRECTION('',(0.,1.,0.));
#8377=DIRECTION('',(0.,0.,1.));
#8378=DIRECTION('',(0.,0.,1.));
#8379=DIRECTION('',(0.,1.,0.));
#8380=DIRECTION('',(0.,0.,1.));
#8381=DIRECTION('',(-1.,0.,0.));
#8382=DIRECTION('',(0.,0.,1.));
#8383=DIRECTION('',(-1.,0.,0.));
#8384=DIRECTION('',(0.,0.,1.));
#8385=DIRECTION('',(0.,-1.,0.));
#8386=DIRECTION('',(0.,0.,1.));
#8387=DIRECTION('',(0.,0.,1.));
#8388=DIRECTION('',(0.,0.,1.));
#8389=DIRECTION('',(0.,1.,0.));
#8390=DIRECTION('',(0.,0.,1.));
#8391=DIRECTION('',(0.,0.,1.));
#8392=DIRECTION('',(-1.,0.,0.));
#8393=DIRECTION('',(0.,0.,1.));
#8394=DIRECTION('',(0.,-1.,0.));
#8395=DIRECTION('',(0.,0.,1.));
#8396=DIRECTION('',(0.,-1.,0.));
#8397=DIRECTION('',(0.,0.,-1.));
#8398=DIRECTION('',(1.,0.,0.));
#8399=DIRECTION('',(0.,0.,1.));
#8400=DIRECTION('',(1.,0.,0.));
#8401=DIRECTION('',(0.,0.,-1.));
#8402=DIRECTION('',(0.,1.,0.));
#8403=DIRECTION('',(0.,0.,1.));
#8404=DIRECTION('',(0.,0.,1.));
#8405=DIRECTION('',(0.,0.,1.));
#8406=DIRECTION('',(-1.,0.,0.));
#8407=DIRECTION('',(0.,0.,1.));
#8408=DIRECTION('',(0.,0.,1.));
#8409=DIRECTION('',(0.,0.,1.));
#8410=DIRECTION('',(0.,0.,1.));
#8411=DIRECTION('',(0.,1.,0.));
#8412=DIRECTION('',(0.,0.,1.));
#8413=DIRECTION('',(0.,0.,1.));
#8414=DIRECTION('',(1.,0.,0.));
#8415=DIRECTION('',(0.,0.,-1.));
#8416=DIRECTION('',(-1.,0.,0.));
#8417=DIRECTION('',(1.,0.,0.));
#8418=DIRECTION('',(0.,0.,-1.));
#8419=DIRECTION('',(0.,0.,1.));
#8420=DIRECTION('',(0.,1.,0.));
#8421=DIRECTION('',(0.,0.,1.));
#8422=DIRECTION('',(0.,0.,1.));
#8423=DIRECTION('',(1.,0.,0.));
#8424=DIRECTION('',(0.,0.,-1.));
#8425=DIRECTION('',(0.,0.,1.));
#8426=DIRECTION('',(0.,0.,1.));
#8427=DIRECTION('',(0.,0.,1.));
#8428=DIRECTION('',(1.,0.,0.));
#8429=DIRECTION('',(0.,0.,-1.));
#8430=DIRECTION('',(0.,1.,0.));
#8431=DIRECTION('',(0.,0.,1.));
#8432=DIRECTION('',(0.,0.,1.));
#8433=DIRECTION('',(0.,1.,0.));
#8434=DIRECTION('',(0.,0.,1.));
#8435=DIRECTION('',(-1.,0.,0.));
#8436=DIRECTION('',(0.,0.,1.));
#8437=DIRECTION('',(-1.,0.,0.));
#8438=DIRECTION('',(0.,0.,1.));
#8439=DIRECTION('',(0.,0.,1.));
#8440=DIRECTION('',(0.,0.,1.));
#8441=DIRECTION('',(0.,0.,1.));
#8442=DIRECTION('',(0.,1.,0.));
#8443=DIRECTION('',(0.,0.,1.));
#8444=DIRECTION('',(0.,0.,1.));
#8445=DIRECTION('',(-1.,0.,0.));
#8446=DIRECTION('',(0.,0.,1.));
#8447=DIRECTION('',(0.,-1.,0.));
#8448=DIRECTION('',(0.,0.,1.));
#8449=DIRECTION('',(0.,-1.,0.));
#8450=DIRECTION('',(0.,0.,-1.));
#8451=DIRECTION('',(1.,0.,0.));
#8452=DIRECTION('',(0.,0.,1.));
#8453=DIRECTION('',(1.,0.,0.));
#8454=DIRECTION('',(-1.,0.,0.));
#8455=DIRECTION('',(0.,0.,1.));
#8456=DIRECTION('',(0.,0.,1.));
#8457=DIRECTION('',(0.,-1.,0.));
#8458=DIRECTION('',(0.,0.,1.));
#8459=DIRECTION('',(0.,-1.,0.));
#8460=DIRECTION('',(0.,0.,-1.));
#8461=DIRECTION('',(0.,0.,1.));
#8462=DIRECTION('',(0.,0.,1.));
#8463=DIRECTION('',(0.,0.,1.));
#8464=DIRECTION('',(0.,0.,1.));
#8465=DIRECTION('',(-1.,0.,0.));
#8466=DIRECTION('',(0.,0.,1.));
#8467=DIRECTION('',(0.,-1.,0.));
#8468=DIRECTION('',(0.,0.,1.));
#8469=DIRECTION('',(0.,-1.,0.));
#8470=DIRECTION('',(0.,0.,-1.));
#8471=DIRECTION('',(1.,0.,0.));
#8472=DIRECTION('',(0.,0.,1.));
#8473=DIRECTION('',(1.,0.,0.));
#8474=DIRECTION('',(0.,0.,-1.));
#8475=DIRECTION('',(0.,1.,0.));
#8476=DIRECTION('',(0.,0.,1.));
#8477=DIRECTION('',(0.,0.,1.));
#8478=DIRECTION('',(-0.713486299548956,-0.700669180395382,0.));
#8479=DIRECTION('',(0.700669180395382,-0.713486299548957,0.));
#8480=DIRECTION('',(0.700669180395382,-0.713486299548957,0.));
#8481=DIRECTION('',(0.,0.,1.));
#8482=DIRECTION('',(-1.,0.,0.));
#8483=DIRECTION('',(0.,0.,1.));
#8484=DIRECTION('',(0.,0.,1.));
#8485=DIRECTION('',(0.,0.,1.));
#8486=DIRECTION('',(0.,1.,0.));
#8487=DIRECTION('',(0.,0.,1.));
#8488=DIRECTION('',(0.,0.,1.));
#8489=DIRECTION('',(-1.,0.,0.));
#8490=DIRECTION('',(0.,0.,1.));
#8491=DIRECTION('',(0.,-1.,0.));
#8492=DIRECTION('',(0.,0.,1.));
#8493=DIRECTION('',(0.,-1.,0.));
#8494=DIRECTION('',(0.,0.,-1.));
#8495=DIRECTION('',(1.,0.,0.));
#8496=DIRECTION('',(0.,0.,1.));
#8497=DIRECTION('',(1.,0.,0.));
#8498=DIRECTION('',(0.,0.,-1.));
#8499=DIRECTION('',(0.,1.,0.));
#8500=DIRECTION('',(0.,0.,1.));
#8501=DIRECTION('',(0.,0.,1.));
#8502=DIRECTION('',(1.,0.,0.));
#8503=DIRECTION('',(0.,0.,-1.));
#8504=DIRECTION('',(0.,0.,1.));
#8505=DIRECTION('',(0.,0.,1.));
#8506=DIRECTION('',(0.,0.,1.));
#8507=DIRECTION('',(1.,0.,0.));
#8508=DIRECTION('',(0.,0.,-1.));
#8509=DIRECTION('',(0.,1.,0.));
#8510=DIRECTION('',(0.,0.,1.));
#8511=DIRECTION('',(0.,0.,1.));
#8512=DIRECTION('',(0.,1.,0.));
#8513=DIRECTION('',(0.,0.,1.));
#8514=DIRECTION('',(-1.,0.,0.));
#8515=DIRECTION('',(0.,0.,1.));
#8516=DIRECTION('',(-1.,0.,0.));
#8517=DIRECTION('',(0.,0.,1.));
#8518=DIRECTION('',(0.,-1.,0.));
#8519=DIRECTION('',(0.,0.,1.));
#8520=DIRECTION('',(0.730462531296624,0.68295277316351,0.));
#8521=DIRECTION('',(-0.68295277316351,0.730462531296624,0.));
#8522=DIRECTION('',(-0.68295277316351,0.730462531296624,0.));
#8523=DIRECTION('',(0.,0.,1.));
#8524=DIRECTION('',(0.,0.,1.));
#8525=DIRECTION('',(1.,0.,0.));
#8526=DIRECTION('',(0.,0.,-1.));
#8527=DIRECTION('',(0.,1.,0.));
#8528=DIRECTION('',(0.,0.,1.));
#8529=DIRECTION('',(0.,1.,0.));
#8530=DIRECTION('',(0.,0.,1.));
#8531=DIRECTION('',(-1.,0.,0.));
#8532=DIRECTION('',(0.,0.,1.));
#8533=DIRECTION('',(1.,0.,0.));
#8534=DIRECTION('',(0.,1.,0.));
#8535=DIRECTION('',(0.,0.,1.));
#8536=DIRECTION('',(0.,0.,1.));
#8537=DIRECTION('',(-1.,0.,0.));
#8538=DIRECTION('',(0.,0.,1.));
#8539=DIRECTION('',(-1.,0.,0.));
#8540=DIRECTION('',(0.,0.,1.));
#8541=DIRECTION('',(0.,-1.,0.));
#8542=DIRECTION('',(0.,0.,1.));
#8543=DIRECTION('',(0.,0.,1.));
#8544=DIRECTION('',(0.,0.,1.));
#8545=DIRECTION('',(0.,0.,1.));
#8546=DIRECTION('',(0.,0.,1.));
#8547=DIRECTION('',(-1.,0.,0.));
#8548=DIRECTION('',(0.,0.,1.));
#8549=DIRECTION('',(0.,0.,1.));
#8550=DIRECTION('',(0.,0.,1.));
#8551=DIRECTION('',(0.,0.,1.));
#8552=DIRECTION('',(0.,1.,0.));
#8553=DIRECTION('',(0.,0.,1.));
#8554=DIRECTION('',(0.,0.,1.));
#8555=DIRECTION('',(-1.,0.,0.));
#8556=DIRECTION('',(0.,0.,1.));
#8557=DIRECTION('',(0.,-1.,0.));
#8558=DIRECTION('',(0.,0.,1.));
#8559=DIRECTION('',(0.,-1.,0.));
#8560=DIRECTION('',(0.,0.,-1.));
#8561=DIRECTION('',(1.,0.,0.));
#8562=DIRECTION('',(0.,0.,1.));
#8563=DIRECTION('',(1.,0.,0.));
#8564=DIRECTION('',(0.,0.,-1.));
#8565=DIRECTION('',(0.,1.,0.));
#8566=DIRECTION('',(0.,0.,1.));
#8567=DIRECTION('',(0.,0.,1.));
#8568=DIRECTION('',(1.,0.,0.));
#8569=DIRECTION('',(0.,0.,-1.));
#8570=DIRECTION('',(0.,0.,1.));
#8571=DIRECTION('',(0.,0.,1.));
#8572=DIRECTION('',(0.,0.,1.));
#8573=DIRECTION('',(1.,0.,0.));
#8574=DIRECTION('',(0.,0.,-1.));
#8575=DIRECTION('',(0.,1.,0.));
#8576=DIRECTION('',(0.,0.,1.));
#8577=DIRECTION('',(0.,0.,1.));
#8578=DIRECTION('',(1.,0.,0.));
#8579=DIRECTION('',(0.,0.,-1.));
#8580=DIRECTION('',(-1.,0.,0.));
#8581=DIRECTION('',(0.,0.,-1.));
#8582=DIRECTION('',(-1.,0.,0.));
#8583=DIRECTION('',(0.,0.,1.));
#8584=DIRECTION('',(0.,0.,1.));
#8585=DIRECTION('',(0.,0.,1.));
#8586=DIRECTION('',(0.,0.,1.));
#8587=DIRECTION('',(0.,0.,1.));
#8588=DIRECTION('',(0.,0.,1.));
#8589=DIRECTION('',(0.,0.,1.));
#8590=DIRECTION('',(0.,0.,1.));
#8591=DIRECTION('',(0.,0.,1.));
#8592=DIRECTION('',(1.,0.,0.));
#8593=DIRECTION('',(0.,0.,-1.));
#8594=DIRECTION('',(0.,1.,0.));
#8595=DIRECTION('',(0.,1.,0.));
#8596=DIRECTION('',(0.,0.,1.));
#8597=DIRECTION('',(0.,1.,0.));
#8598=DIRECTION('',(0.,0.,1.));
#8599=DIRECTION('',(-1.,0.,0.));
#8600=DIRECTION('',(0.,0.,-1.));
#8601=DIRECTION('',(-1.,0.,0.));
#8602=DIRECTION('',(0.,0.,1.));
#8603=DIRECTION('',(1.,0.,0.));
#8604=DIRECTION('',(-1.,0.,0.));
#8605=DIRECTION('',(0.,0.,1.));
#8606=DIRECTION('',(0.,0.,1.));
#8607=DIRECTION('',(0.,-1.,0.));
#8608=DIRECTION('',(0.,0.,1.));
#8609=DIRECTION('',(0.,-1.,0.));
#8610=DIRECTION('',(0.,0.,-1.));
#8611=DIRECTION('',(0.,0.,1.));
#8612=DIRECTION('',(0.,0.,1.));
#8613=DIRECTION('',(0.,0.,1.));
#8614=DIRECTION('',(-1.,0.,0.));
#8615=DIRECTION('',(0.,0.,1.));
#8616=DIRECTION('',(0.,0.,1.));
#8617=DIRECTION('',(0.,0.,1.));
#8618=DIRECTION('',(0.,0.,1.));
#8619=DIRECTION('',(0.,1.,0.));
#8620=DIRECTION('',(0.,0.,1.));
#8621=DIRECTION('',(0.,0.,1.));
#8622=DIRECTION('',(-1.,0.,0.));
#8623=DIRECTION('',(0.,0.,1.));
#8624=DIRECTION('',(0.,-1.,0.));
#8625=DIRECTION('',(0.,0.,1.));
#8626=DIRECTION('',(0.,-1.,0.));
#8627=DIRECTION('',(0.,0.,-1.));
#8628=DIRECTION('',(1.,0.,0.));
#8629=DIRECTION('',(0.,0.,1.));
#8630=DIRECTION('',(1.,0.,0.));
#8631=DIRECTION('',(0.,0.,-1.));
#8632=DIRECTION('',(0.,1.,0.));
#8633=DIRECTION('',(0.,0.,1.));
#8634=DIRECTION('',(0.,0.,1.));
#8635=DIRECTION('',(1.,0.,0.));
#8636=DIRECTION('',(0.,0.,-1.));
#8637=DIRECTION('',(0.,0.,1.));
#8638=DIRECTION('',(0.,-1.,0.));
#8639=DIRECTION('',(0.,0.,-1.));
#8640=DIRECTION('',(1.,0.,0.));
#8641=DIRECTION('',(0.,0.,1.));
#8642=DIRECTION('',(-0.973835157847385,-0.227255550736079,0.));
#8643=DIRECTION('',(0.227255550736079,-0.973835157847385,0.));
#8644=DIRECTION('',(0.227255550736079,-0.973835157847385,0.));
#8645=DIRECTION('',(0.,0.,1.));
#8646=DIRECTION('',(0.,-1.,0.));
#8647=DIRECTION('',(0.,0.,-1.));
#8648=DIRECTION('',(1.,0.,0.));
#8649=DIRECTION('',(0.,0.,1.));
#8650=DIRECTION('',(0.977297136125001,-0.211873329425558,0.));
#8651=DIRECTION('',(0.211873329425558,0.977297136125001,0.));
#8652=DIRECTION('',(0.211873329425558,0.977297136125001,0.));
#8653=DIRECTION('',(0.,0.,1.));
#8654=DIRECTION('',(0.,-1.,0.));
#8655=DIRECTION('',(0.,0.,-1.));
#8656=DIRECTION('',(1.,0.,0.));
#8657=DIRECTION('',(0.,0.,1.));
#8658=DIRECTION('',(-1.,0.,0.));
#8659=DIRECTION('',(0.,0.,1.));
#8660=DIRECTION('',(0.,0.,1.));
#8661=DIRECTION('',(0.,0.,1.));
#8662=DIRECTION('',(0.,1.,0.));
#8663=DIRECTION('',(0.,0.,1.));
#8664=DIRECTION('',(0.,0.,1.));
#8665=DIRECTION('',(-1.,0.,0.));
#8666=DIRECTION('',(0.,0.,1.));
#8667=DIRECTION('',(0.,-1.,0.));
#8668=DIRECTION('',(0.,0.,1.));
#8669=DIRECTION('',(0.,-1.,0.));
#8670=DIRECTION('',(0.,0.,-1.));
#8671=DIRECTION('',(1.,0.,0.));
#8672=DIRECTION('',(0.,0.,1.));
#8673=DIRECTION('',(1.,0.,0.));
#8674=DIRECTION('',(0.,0.,-1.));
#8675=DIRECTION('',(0.,1.,0.));
#8676=DIRECTION('',(0.,0.,1.));
#8677=DIRECTION('',(0.,0.,1.));
#8678=DIRECTION('',(1.,0.,0.));
#8679=DIRECTION('',(0.,0.,-1.));
#8680=DIRECTION('',(0.,0.,1.));
#8681=DIRECTION('',(0.,0.,1.));
#8682=DIRECTION('',(1.,0.,0.));
#8683=DIRECTION('',(0.,0.,-1.));
#8684=DIRECTION('',(0.,1.,0.));
#8685=DIRECTION('',(0.,0.,1.));
#8686=DIRECTION('',(0.,1.,0.));
#8687=DIRECTION('',(0.,0.,1.));
#8688=DIRECTION('',(-1.,0.,0.));
#8689=DIRECTION('',(0.,0.,1.));
#8690=DIRECTION('',(-0.977369296692073,0.211540203941572,0.));
#8691=DIRECTION('',(-0.211540203941572,-0.977369296692074,0.));
#8692=DIRECTION('',(-0.211540203941572,-0.977369296692073,0.));
#8693=DIRECTION('',(0.,0.,1.));
#8694=DIRECTION('',(0.,1.,0.));
#8695=DIRECTION('',(0.,0.,1.));
#8696=DIRECTION('',(-1.,0.,0.));
#8697=DIRECTION('',(0.,0.,1.));
#8698=DIRECTION('',(0.974331174494272,0.225119440316941,0.));
#8699=DIRECTION('',(-0.225119440316941,0.974331174494272,0.));
#8700=DIRECTION('',(-0.225119440316941,0.974331174494272,0.));
#8701=DIRECTION('',(0.,0.,1.));
#8702=DIRECTION('',(0.,1.,0.));
#8703=DIRECTION('',(0.,0.,1.));
#8704=DIRECTION('',(-1.,0.,0.));
#8705=DIRECTION('',(0.,0.,1.));
#8706=DIRECTION('',(1.,0.,0.));
#8707=CARTESIAN_POINT('',(0.,0.,0.));
#8708=CARTESIAN_POINT('',(-0.00771527776596291,-0.0200000000124238,0.045));
#8709=CARTESIAN_POINT('',(-0.227284168413226,0.02,0.045));
#8710=CARTESIAN_POINT('',(-0.227284168413226,0.02,0.045));
#8711=CARTESIAN_POINT('',(-0.227284168413226,0.02,0.033));
#8712=CARTESIAN_POINT('',(-0.227284168413226,0.02,0.033));
#8713=CARTESIAN_POINT('',(-0.227284168413226,0.02,0.0314009404702793));
#8714=CARTESIAN_POINT('',(-0.227024350881971,0.0214316629541778,0.0299999999999742));
#8715=CARTESIAN_POINT('',(-0.2267164141557,0.0229999999999932,0.0299999999999706));
#8716=CARTESIAN_POINT('',(-0.226716414155698,0.023,0.03));
#8717=CARTESIAN_POINT('',(-0.00771527776596291,-0.0200000000124238,0.03));
#8718=CARTESIAN_POINT('',(-0.161509229495816,0.141734097049326,0.03));
#8719=CARTESIAN_POINT('',(-0.161509229495816,0.141734097049326,0.045));
#8720=CARTESIAN_POINT('',(-0.161509229495816,0.141734097049326,0.045));
#8721=CARTESIAN_POINT('',(-0.00771527776596291,-0.0200000000124238,0.045));
#8722=CARTESIAN_POINT('',(-0.162867460048992,-0.135097083991615,0.045));
#8723=CARTESIAN_POINT('',(-0.285,0.075,0.045));
#8724=CARTESIAN_POINT('',(-0.250638248138424,0.0749999999999904,0.045));
#8725=CARTESIAN_POINT('',(-0.26,0.0749999999999931,0.045));
#8726=CARTESIAN_POINT('',(-0.26,-0.135097083991615,0.045));
#8727=CARTESIAN_POINT('',(-0.26,0.02,0.045));
#8728=CARTESIAN_POINT('',(-0.162867460048992,0.02,0.045));
#8729=CARTESIAN_POINT('',(-0.168400175001714,0.148980811479656,0.045));
#8730=CARTESIAN_POINT('',(-0.158600262502571,0.150971217219484,0.045));
#8731=CARTESIAN_POINT('',(-0.188,0.145,0.045));
#8732=CARTESIAN_POINT('',(-0.183825747025808,0.17470817416314,0.045));
#8733=CARTESIAN_POINT('',(-0.185217164683872,0.164805449442093,0.045));
#8734=CARTESIAN_POINT('',(-0.192080080669479,0.172078714470576,0.045));
#8735=CARTESIAN_POINT('',(-0.0470907195074633,0.0184201162517901,0.045));
#8736=CARTESIAN_POINT('',(-0.162867460048992,-0.135097083991615,0.03));
#8737=CARTESIAN_POINT('',(-0.275,0.023,0.03));
#8738=CARTESIAN_POINT('',(-0.275,0.023,0.03));
#8739=CARTESIAN_POINT('',(-0.275,0.075,0.03));
#8740=CARTESIAN_POINT('',(-0.275,0.0749999999999972,0.03));
#8741=CARTESIAN_POINT('',(-0.285,0.075,0.03));
#8742=CARTESIAN_POINT('',(-0.250638248138424,0.0749999999999904,0.03));
#8743=CARTESIAN_POINT('',(-0.0470907195074633,0.0184201162517901,0.03));
#8744=CARTESIAN_POINT('',(-0.192080080669479,0.172078714470576,0.03));
#8745=CARTESIAN_POINT('',(-0.185217164683872,0.164805449442093,0.03));
#8746=CARTESIAN_POINT('',(-0.183825747025808,0.17470817416314,0.03));
#8747=CARTESIAN_POINT('',(-0.188,0.145,0.03));
#8748=CARTESIAN_POINT('',(-0.158600262502571,0.150971217219484,0.03));
#8749=CARTESIAN_POINT('',(-0.168400175001714,0.148980811479656,0.03));
#8750=CARTESIAN_POINT('',(0.0158050518338301,-0.0477742716130647,0.045));
#8751=CARTESIAN_POINT('',(0.0158050518338301,0.02,0.045));
#8752=CARTESIAN_POINT('',(0.227284168413227,0.02,0.045));
#8753=CARTESIAN_POINT('',(0.26,0.02,0.045));
#8754=CARTESIAN_POINT('',(0.26,0.075,0.045));
#8755=CARTESIAN_POINT('',(0.26,0.0749999999999932,0.045));
#8756=CARTESIAN_POINT('',(0.285,0.075,0.045));
#8757=CARTESIAN_POINT('',(0.250638248138425,0.0749999999999907,0.045));
#8758=CARTESIAN_POINT('',(0.047090719507464,0.0184201162517901,0.045));
#8759=CARTESIAN_POINT('',(0.19208008066948,0.172078714470576,0.045));
#8760=CARTESIAN_POINT('',(0.185217164683873,0.164805449442093,0.045));
#8761=CARTESIAN_POINT('',(0.183825747025809,0.17470817416314,0.045));
#8762=CARTESIAN_POINT('',(0.188,0.145,0.045));
#8763=CARTESIAN_POINT('',(0.158600262502571,0.150971217219484,0.045));
#8764=CARTESIAN_POINT('',(0.168400175001714,0.148980811479656,0.045));
#8765=CARTESIAN_POINT('',(0.161509229495816,0.141734097049326,0.045));
#8766=CARTESIAN_POINT('',(0.00771527776596357,-0.0200000000124238,0.045));
#8767=CARTESIAN_POINT('',(0.00771527776596357,-0.0200000000124238,0.045));
#8768=CARTESIAN_POINT('',(0.00771527776596357,-0.0200000000124238,0.03));
#8769=CARTESIAN_POINT('',(0.226716414155699,0.023,0.03));
#8770=CARTESIAN_POINT('',(0.161509229495816,0.141734097049326,0.03));
#8771=CARTESIAN_POINT('',(0.226716414155699,0.023,0.03));
#8772=CARTESIAN_POINT('',(0.227024437722373,0.0214312206716978,0.03));
#8773=CARTESIAN_POINT('',(0.22728416841323,0.0199999999999944,0.0314004309265824));
#8774=CARTESIAN_POINT('',(0.22728416841323,0.0199999999999936,0.0329999999999986));
#8775=CARTESIAN_POINT('',(0.227284168413227,0.02,0.033));
#8776=CARTESIAN_POINT('',(0.227284168413227,0.02,0.045));
#8777=CARTESIAN_POINT('',(0.161509229495816,0.141734097049326,0.045));
#8778=CARTESIAN_POINT('',(0.0158050518338301,-0.0477742716130647,0.03));
#8779=CARTESIAN_POINT('',(0.275,-0.0477742716130647,0.03));
#8780=CARTESIAN_POINT('',(0.275,0.0749999999999973,0.03));
#8781=CARTESIAN_POINT('',(0.275,0.023,0.03));
#8782=CARTESIAN_POINT('',(0.227284168413227,0.023,0.03));
#8783=CARTESIAN_POINT('',(0.168400175001714,0.148980811479656,0.03));
#8784=CARTESIAN_POINT('',(0.158600262502571,0.150971217219484,0.03));
#8785=CARTESIAN_POINT('',(0.188,0.145,0.03));
#8786=CARTESIAN_POINT('',(0.183825747025809,0.17470817416314,0.03));
#8787=CARTESIAN_POINT('',(0.185217164683873,0.164805449442093,0.03));
#8788=CARTESIAN_POINT('',(0.19208008066948,0.172078714470576,0.03));
#8789=CARTESIAN_POINT('',(0.047090719507464,0.0184201162517901,0.03));
#8790=CARTESIAN_POINT('',(0.250638248138425,0.0749999999999907,0.03));
#8791=CARTESIAN_POINT('',(0.285,0.075,0.03));
#8792=CARTESIAN_POINT('',(0.0158050518338301,-0.0477742716130647,0.045));
#8793=CARTESIAN_POINT('',(0.255009346109809,-0.075,0.045));
#8794=CARTESIAN_POINT('',(0.26,-0.075,0.045));
#8795=CARTESIAN_POINT('',(0.255009346109809,-0.0750000000000001,0.045));
#8796=CARTESIAN_POINT('',(0.26,-0.02,0.045));
#8797=CARTESIAN_POINT('',(0.26,-0.02,0.045));
#8798=CARTESIAN_POINT('',(0.0158050518338301,-0.02,0.045));
#8799=CARTESIAN_POINT('',(0.230897933322044,-0.02,0.045));
#8800=CARTESIAN_POINT('',(0.00771527776596357,-0.0200000000124238,0.045));
#8801=CARTESIAN_POINT('',(0.18696157685825,-0.152970906615269,0.045));
#8802=CARTESIAN_POINT('',(0.162867460048992,-0.135097083991615,0.045));
#8803=CARTESIAN_POINT('',(0.175220025499647,-0.162435959732715,0.045));
#8804=CARTESIAN_POINT('',(0.187605679281895,-0.189848067045792,0.045));
#8805=CARTESIAN_POINT('',(0.216347732769104,-0.180975502123752,0.045));
#8806=CARTESIAN_POINT('',(0.0158050518338301,-0.0477742716130647,0.045));
#8807=CARTESIAN_POINT('',(0.255009346109809,-0.075,0.045));
#8808=CARTESIAN_POINT('',(0.27,-0.075,0.21));
#8809=CARTESIAN_POINT('',(0.185,-0.0750000000000001,0.21));
#8810=CARTESIAN_POINT('',(0.275,-0.075,0.21));
#8811=CARTESIAN_POINT('',(0.185,-0.075,0.2));
#8812=CARTESIAN_POINT('',(0.175,-0.075,0.2));
#8813=CARTESIAN_POINT('',(0.175,-0.075,0.21));
#8814=CARTESIAN_POINT('',(0.175,-0.075,0.195));
#8815=CARTESIAN_POINT('',(0.175,-0.075,0.195));
#8816=CARTESIAN_POINT('',(0.26,-0.075,0.195));
#8817=CARTESIAN_POINT('',(0.26,-0.075,0.185));
#8818=CARTESIAN_POINT('',(0.27,-0.075,0.185));
#8819=CARTESIAN_POINT('',(0.27,-0.075,0.21));
#8820=CARTESIAN_POINT('',(0.27,-0.075,0.055));
#8821=CARTESIAN_POINT('',(0.26,-0.075,0.055));
#8822=CARTESIAN_POINT('',(0.255009346109809,-0.0750000000000001,0.045));
#8823=CARTESIAN_POINT('',(0.255009346109809,-0.0750000000000001,0.03));
#8824=CARTESIAN_POINT('',(0.255009346109809,-0.075,0.03));
#8825=CARTESIAN_POINT('',(0.275,-0.075,0.03));
#8826=CARTESIAN_POINT('',(0.275,-0.075,0.04));
#8827=CARTESIAN_POINT('',(0.285,-0.075,0.04));
#8828=CARTESIAN_POINT('',(0.285,-0.075,0.045));
#8829=CARTESIAN_POINT('',(0.285,-0.075,0.2));
#8830=CARTESIAN_POINT('',(0.275,-0.075,0.2));
#8831=CARTESIAN_POINT('',(0.0158050518338301,-0.0477742716130647,0.045));
#8832=CARTESIAN_POINT('',(0.0158050518338301,-0.0477742716130647,0.03));
#8833=CARTESIAN_POINT('',(0.216347732769104,-0.180975502123752,0.03));
#8834=CARTESIAN_POINT('',(0.216347732769104,-0.180975502123752,0.045));
#8835=CARTESIAN_POINT('',(0.187605679281895,-0.189848067045792,0.045));
#8836=CARTESIAN_POINT('',(0.165337089849736,-0.169625852239811,0.0299999999999979));
#8837=CARTESIAN_POINT('',(0.166512868583847,-0.168331091297738,0.035166764800005));
#8838=CARTESIAN_POINT('',(0.170242423088429,-0.16468499733595,0.0390068747702789));
#8839=CARTESIAN_POINT('',(0.175220025499647,-0.162435959732715,0.0388582990110827));
#8840=CARTESIAN_POINT('',(0.165337089849737,-0.169625852239808,0.03));
#8841=CARTESIAN_POINT('',(0.175220025499647,-0.162435959732715,0.0388582990110827));
#8842=CARTESIAN_POINT('',(0.187605679281895,-0.189848067045792,0.03));
#8843=CARTESIAN_POINT('',(0.175220025499647,-0.162435959732715,0.045));
#8844=CARTESIAN_POINT('',(0.162867460048992,-0.135097083991615,0.045));
#8845=CARTESIAN_POINT('',(0.175220025499647,-0.162435959732715,0.0388582990110827));
#8846=CARTESIAN_POINT('',(0.180213153938936,-0.160179906980804,0.0387092598176303));
#8847=CARTESIAN_POINT('',(0.183840201069961,-0.156674646935449,0.0349418934163137));
#8848=CARTESIAN_POINT('',(0.185382594624161,-0.154923044625643,0.0299999999999999));
#8849=CARTESIAN_POINT('',(0.185382594624161,-0.154923044625643,0.03));
#8850=CARTESIAN_POINT('',(0.18696157685825,-0.152970906615269,0.045));
#8851=CARTESIAN_POINT('',(0.18696157685825,-0.152970906615269,0.03));
#8852=CARTESIAN_POINT('',(0.162867460048992,-0.135097083991615,0.03));
#8853=CARTESIAN_POINT('',(0.00771527776596357,-0.0200000000124238,0.045));
#8854=CARTESIAN_POINT('',(0.230897933322044,-0.02,0.045));
#8855=CARTESIAN_POINT('',(0.230897933322044,-0.02,0.033));
#8856=CARTESIAN_POINT('',(0.230897933322044,-0.02,0.033));
#8857=CARTESIAN_POINT('',(0.230897933322044,-0.02,0.0314153201063937));
#8858=CARTESIAN_POINT('',(0.230899070663914,-0.0214154637535253,0.0299999999999875));
#8859=CARTESIAN_POINT('',(0.230877769554209,-0.0229999999999968,0.0299999999999859));
#8860=CARTESIAN_POINT('',(0.230877769554208,-0.023,0.03));
#8861=CARTESIAN_POINT('',(0.00771527776596357,-0.0200000000124238,0.03));
#8862=CARTESIAN_POINT('',(0.168400175001714,0.148980811479656,0.045));
#8863=CARTESIAN_POINT('',(0.158600262502571,0.150971217219484,0.045));
#8864=CARTESIAN_POINT('',(0.188,0.145,0.045));
#8865=CARTESIAN_POINT('',(0.183825747025809,0.17470817416314,0.045));
#8866=CARTESIAN_POINT('',(0.185217164683873,0.164805449442093,0.045));
#8867=CARTESIAN_POINT('',(0.19208008066948,0.172078714470576,0.045));
#8868=CARTESIAN_POINT('',(0.047090719507464,0.0184201162517901,0.045));
#8869=CARTESIAN_POINT('',(0.250638248138425,0.0749999999999907,0.045));
#8870=CARTESIAN_POINT('',(0.285,0.075,0.045));
#8871=CARTESIAN_POINT('',(0.175,0.075,0.195));
#8872=CARTESIAN_POINT('',(0.175,0.075,0.195));
#8873=CARTESIAN_POINT('',(0.175,0.075,0.2));
#8874=CARTESIAN_POINT('',(0.185,0.0749999999999727,0.2));
#8875=CARTESIAN_POINT('',(0.185,0.075,0.21));
#8876=CARTESIAN_POINT('',(0.285,0.075,0.21));
#8877=CARTESIAN_POINT('',(0.275,0.075,0.21));
#8878=CARTESIAN_POINT('',(0.275,0.0749999999999973,0.2));
#8879=CARTESIAN_POINT('',(0.285,0.075,0.2));
#8880=CARTESIAN_POINT('',(0.285,0.075,0.045));
#8881=CARTESIAN_POINT('',(0.285,0.075,0.04));
#8882=CARTESIAN_POINT('',(0.275,0.0749999999999973,0.04));
#8883=CARTESIAN_POINT('',(0.26,0.0749999999999932,0.055));
#8884=CARTESIAN_POINT('',(0.27,0.075,0.055));
#8885=CARTESIAN_POINT('',(0.27,0.075,0.21));
#8886=CARTESIAN_POINT('',(0.27,0.075,0.185));
#8887=CARTESIAN_POINT('',(0.26,0.0749999999999932,0.185));
#8888=CARTESIAN_POINT('',(0.26,0.075,0.195));
#8889=CARTESIAN_POINT('',(0.175,0.075,0.195));
#8890=CARTESIAN_POINT('',(0.285,-0.075,0.045));
#8891=CARTESIAN_POINT('',(0.285,-0.075,0.04));
#8892=CARTESIAN_POINT('',(0.285,-0.023,0.04));
#8893=CARTESIAN_POINT('',(0.285,-0.023,0.07));
#8894=CARTESIAN_POINT('',(0.285,-0.023,0.07));
#8895=CARTESIAN_POINT('',(0.285,0.02,0.07));
#8896=CARTESIAN_POINT('',(0.285,0.023,0.07));
#8897=CARTESIAN_POINT('',(0.285,0.023,0.04));
#8898=CARTESIAN_POINT('',(0.285,0.023,0.04));
#8899=CARTESIAN_POINT('',(0.285,-0.075,0.04));
#8900=CARTESIAN_POINT('',(0.285,-0.075,0.2));
#8901=CARTESIAN_POINT('',(0.0158050518338301,-0.0477742716130647,0.03));
#8902=CARTESIAN_POINT('',(0.275,-0.023,0.03));
#8903=CARTESIAN_POINT('',(0.275,-0.023,0.03));
#8904=CARTESIAN_POINT('',(0.275,-0.0477742716130647,0.03));
#8905=CARTESIAN_POINT('',(0.167194430706596,-0.174753868392189,0.03));
#8906=CARTESIAN_POINT('',(0.175284287811955,-0.197089519790555,0.03));
#8907=CARTESIAN_POINT('',(0.00595639928975108,-0.184930770047719,0.03));
#8908=CARTESIAN_POINT('',(0.201332529208201,-0.198959938486212,0.03));
#8909=CARTESIAN_POINT('',(0.193242672102823,-0.176624287087793,0.03));
#8910=CARTESIAN_POINT('',(0.27,0.075,0.21));
#8911=CARTESIAN_POINT('',(0.27,0.02,0.055));
#8912=CARTESIAN_POINT('',(0.27,0.02,0.055));
#8913=CARTESIAN_POINT('',(0.27,0.02,0.21));
#8914=CARTESIAN_POINT('',(0.27,0.02,0.06));
#8915=CARTESIAN_POINT('',(0.27,0.075,0.06));
#8916=CARTESIAN_POINT('',(0.27,-0.02,0.06));
#8917=CARTESIAN_POINT('',(0.27,-0.02,0.21));
#8918=CARTESIAN_POINT('',(0.27,-0.02,0.055));
#8919=CARTESIAN_POINT('',(0.27,-0.075,0.055));
#8920=CARTESIAN_POINT('',(0.27,0.075,0.185));
#8921=CARTESIAN_POINT('',(0.,0.,0.21));
#8922=CARTESIAN_POINT('',(0.185,-0.075,0.21));
#8923=CARTESIAN_POINT('',(0.275,0.,0.21));
#8924=CARTESIAN_POINT('',(0.186128826293229,-0.153540511190582,0.0242157237768425));
#8925=CARTESIAN_POINT('',(0.202308540504005,-0.198211813987476,0.0242157237768425));
#8926=CARTESIAN_POINT('',(0.187429126060805,-0.157549462797697,0.0518967195596219));
#8927=CARTESIAN_POINT('',(0.203608840271582,-0.202220765594591,0.0518967195596219));
#8928=CARTESIAN_POINT('',(0.159529913294915,-0.155768011067578,0.0534652720059368));
#8929=CARTESIAN_POINT('',(0.175709627505692,-0.200439313864472,0.0534652720059368));
#8930=CARTESIAN_POINT('',(0.158229613527338,-0.151759059460463,0.0257842762231574));
#8931=CARTESIAN_POINT('',(0.174409327738115,-0.196430362257357,0.0257842762231574));
#8932=CARTESIAN_POINT('',(0.156929313759762,-0.147750107853348,-0.00189671955962195));
#8933=CARTESIAN_POINT('',(0.173109027970539,-0.192421410650242,-0.00189671955962195));
#8934=CARTESIAN_POINT('',(0.184828526525652,-0.149531559583467,-0.00346527200593686));
#8935=CARTESIAN_POINT('',(0.201008240736429,-0.194202862380361,-0.00346527200593686));
#8936=CARTESIAN_POINT('',(0.186128826293229,-0.153540511190582,0.0242157237768425));
#8937=CARTESIAN_POINT('',(0.202308540504005,-0.198211813987476,0.0242157237768425));
#8938=CARTESIAN_POINT('',(0.18835893412106,-0.197321088122417,0.025));
#8939=CARTESIAN_POINT('',(0.172179219910284,-0.152649785325522,0.025));
#8940=CARTESIAN_POINT('',(0.186128826293229,-0.153540511190582,0.0242157237768425));
#8941=CARTESIAN_POINT('',(0.184338245273897,-0.148058603406697,0.0246255919435888));
#8942=CARTESIAN_POINT('',(0.184999757183105,-0.149873342508339,0.0246344706770096));
#8943=CARTESIAN_POINT('',(0.185597982946499,-0.151704825380919,0.0244975354061138));
#8944=CARTESIAN_POINT('',(0.186128826293229,-0.153540511190582,0.0242157237768424));
#8945=CARTESIAN_POINT('',(0.184338245273897,-0.148058603406697,0.0526255919435888));
#8946=CARTESIAN_POINT('',(0.185480639441701,-0.15120103202767,0.0526344706770095));
#8947=CARTESIAN_POINT('',(0.186513290016206,-0.154371889164628,0.052390957407513));
#8948=CARTESIAN_POINT('',(0.187429126060805,-0.157549462797697,0.0518967195596218));
#8949=CARTESIAN_POINT('',(0.156338245273897,-0.148058603406697,0.0526255919435888));
#8950=CARTESIAN_POINT('',(0.157480639441701,-0.150569569121665,0.053115352935606));
#8951=CARTESIAN_POINT('',(0.158546962617118,-0.153145250553255,0.0533958865952852));
#8952=CARTESIAN_POINT('',(0.159529913294915,-0.155768011067578,0.0534652720059367));
#8953=CARTESIAN_POINT('',(0.156338245273897,-0.148058603406697,0.0246255919435888));
#8954=CARTESIAN_POINT('',(0.156999757183105,-0.149241879602335,0.025115352935606));
#8955=CARTESIAN_POINT('',(0.157631655547412,-0.150478186769546,0.025502464593886));
#8956=CARTESIAN_POINT('',(0.158229613527338,-0.151759059460463,0.0257842762231573));
#8957=CARTESIAN_POINT('',(0.156338245273897,-0.148058603406697,-0.00337440805641114));
#8958=CARTESIAN_POINT('',(0.156518874924508,-0.147914190083004,-0.00288464706439396));
#8959=CARTESIAN_POINT('',(0.156716348477706,-0.147811122985836,-0.00239095740751327));
#8960=CARTESIAN_POINT('',(0.156929313759762,-0.147750107853348,-0.00189671955962204));
#8961=CARTESIAN_POINT('',(0.184338245273897,-0.148058603406697,-0.00337440805641114));
#8962=CARTESIAN_POINT('',(0.184518874924508,-0.148545652989008,-0.00336552932299043));
#8963=CARTESIAN_POINT('',(0.184682675876793,-0.149037761597209,-0.00339588659528544));
#8964=CARTESIAN_POINT('',(0.184828526525652,-0.149531559583467,-0.00346527200593698));
#8965=CARTESIAN_POINT('',(0.184338245273897,-0.148058603406697,0.0246255919435888));
#8966=CARTESIAN_POINT('',(0.184999757183105,-0.149873342508339,0.0246344706770096));
#8967=CARTESIAN_POINT('',(0.185597982946499,-0.151704825380919,0.0244975354061138));
#8968=CARTESIAN_POINT('',(0.186128826293229,-0.153540511190582,0.0242157237768424));
#8969=CARTESIAN_POINT('',(0.170338245273897,-0.148058603406697,0.0246255919435889));
#8970=CARTESIAN_POINT('',(0.184338245273897,-0.148058603406697,0.0246255919435889));
#8971=CARTESIAN_POINT('',(0.119,0.,0.));
#8972=CARTESIAN_POINT('',(0.184338245273897,-0.148058603406697,0.0246255919435889));
#8973=CARTESIAN_POINT('',(0.119,0.,0.028));
#8974=CARTESIAN_POINT('',(0.184338245273897,-0.148058603406697,0.0526255919435889));
#8975=CARTESIAN_POINT('',(0.091,0.,0.028));
#8976=CARTESIAN_POINT('',(0.156338245273897,-0.148058603406697,0.0526255919435889));
#8977=CARTESIAN_POINT('',(0.091,0.,-1.71450551880629E-18));
#8978=CARTESIAN_POINT('',(0.156338245273897,-0.148058603406697,0.0246255919435889));
#8979=CARTESIAN_POINT('',(0.091,0.,-0.028));
#8980=CARTESIAN_POINT('',(0.156338245273897,-0.148058603406697,-0.00337440805641104));
#8981=CARTESIAN_POINT('',(0.119,0.,-0.028));
#8982=CARTESIAN_POINT('',(0.184338245273897,-0.148058603406697,-0.00337440805641104));
#8983=CARTESIAN_POINT('',(0.119,0.,0.));
#8984=CARTESIAN_POINT('',(0.184338245273897,-0.148058603406697,0.0246255919435889));
#8985=CARTESIAN_POINT('',(0.106043024087614,-0.00493337040270215,0.0148651837776628));
#8986=CARTESIAN_POINT('',(0.109509426881308,-0.00871871367037303,0.0154219172798716));
#8987=CARTESIAN_POINT('',(0.110840889363163,-0.0130762990232412,0.0162052123543334));
#8988=CARTESIAN_POINT('',(0.111770138391222,-0.0185886010250925,0.0170095305625209));
#8989=CARTESIAN_POINT('',(0.112014043754581,-0.025812259628124,0.0179896041337318));
#8990=CARTESIAN_POINT('',(0.106887482375893,-0.0267167708836506,0.0146328653076506));
#8991=CARTESIAN_POINT('',(0.105161560721137,-0.0197143346621179,0.0143773811857833));
#8992=CARTESIAN_POINT('',(0.104243183998393,-0.0141448512604147,0.0144733430433894));
#8993=CARTESIAN_POINT('',(0.103723527499581,-0.00939875301476721,0.0147246697672383));
#8994=CARTESIAN_POINT('',(0.106043024087614,-0.00493337040270215,0.0148651837776628));
#8995=CARTESIAN_POINT('',(0.109509426881308,-0.00871871367037303,0.0154219172798716));
#8996=CARTESIAN_POINT('',(0.110840889363163,-0.0130762990232412,0.0162052123543334));
#8997=CARTESIAN_POINT('',(0.108442723448839,-0.00774743827137014,0.0152885591174313));
#8998=CARTESIAN_POINT('',(0.105,0.,0.));
#8999=CARTESIAN_POINT('',(0.119,0.,0.));
#9000=CARTESIAN_POINT('',(0.18835893412106,-0.197321088122417,0.025));
#9001=CARTESIAN_POINT('',(-0.162867460048992,-0.135097083991615,0.045));
#9002=CARTESIAN_POINT('',(-0.175220025499646,-0.162435959732715,0.045));
#9003=CARTESIAN_POINT('',(-0.175220025499646,-0.162435959732715,0.045));
#9004=CARTESIAN_POINT('',(-0.175220025499646,-0.162435959732715,0.0389919874704128));
#9005=CARTESIAN_POINT('',(-0.175220025499646,-0.162435959732715,0.0389919874704128));
#9006=CARTESIAN_POINT('',(-0.180722129716086,-0.159949935687925,0.0391957418810953));
#9007=CARTESIAN_POINT('',(-0.184914727581906,-0.155592535926771,0.0355041316934009));
#9008=CARTESIAN_POINT('',(-0.186447338170601,-0.15364403381551,0.0300000000000001));
#9009=CARTESIAN_POINT('',(-0.186447338170601,-0.15364403381551,0.03));
#9010=CARTESIAN_POINT('',(-0.162867460048992,-0.135097083991615,0.03));
#9011=CARTESIAN_POINT('',(-0.186961576858249,-0.152970906615268,0.03));
#9012=CARTESIAN_POINT('',(-0.186961576858249,-0.152970906615268,0.045));
#9013=CARTESIAN_POINT('',(-0.186961576858249,-0.152970906615268,0.045));
#9014=CARTESIAN_POINT('',(-0.162867460048992,-0.135097083991615,0.045));
#9015=CARTESIAN_POINT('',(-0.00771527776596291,-0.0200000000124238,0.045));
#9016=CARTESIAN_POINT('',(-0.00771527776596291,-0.0200000000124238,0.03));
#9017=CARTESIAN_POINT('',(-0.230877769554208,-0.023,0.03));
#9018=CARTESIAN_POINT('',(-0.230877769554208,-0.023,0.03));
#9019=CARTESIAN_POINT('',(-0.230899070648684,-0.0214154648863986,0.03));
#9020=CARTESIAN_POINT('',(-0.230897933322047,-0.0199999999999875,0.0314153203599907));
#9021=CARTESIAN_POINT('',(-0.230897933322047,-0.0199999999999858,0.0329999999999968));
#9022=CARTESIAN_POINT('',(-0.230897933322043,-0.02,0.033));
#9023=CARTESIAN_POINT('',(-0.230897933322043,-0.02,0.045));
#9024=CARTESIAN_POINT('',(-0.230897933322043,-0.02,0.045));
#9025=CARTESIAN_POINT('',(-0.00771527776596291,-0.0200000000124238,0.045));
#9026=CARTESIAN_POINT('',(-0.168400175001714,0.148980811479656,0.045));
#9027=CARTESIAN_POINT('',(-0.158600262502571,0.150971217219484,0.045));
#9028=CARTESIAN_POINT('',(-0.188,0.145,0.045));
#9029=CARTESIAN_POINT('',(-0.183825747025808,0.17470817416314,0.045));
#9030=CARTESIAN_POINT('',(-0.185217164683872,0.164805449442093,0.045));
#9031=CARTESIAN_POINT('',(-0.192080080669479,0.172078714470576,0.045));
#9032=CARTESIAN_POINT('',(-0.0470907195074633,0.0184201162517901,0.045));
#9033=CARTESIAN_POINT('',(-0.250638248138424,0.0749999999999904,0.045));
#9034=CARTESIAN_POINT('',(-0.285,0.075,0.045));
#9035=CARTESIAN_POINT('',(-0.285,0.075,0.045));
#9036=CARTESIAN_POINT('',(-0.285,0.075,0.2));
#9037=CARTESIAN_POINT('',(-0.285,0.075,0.04));
#9038=CARTESIAN_POINT('',(-0.275,0.0749999999999972,0.2));
#9039=CARTESIAN_POINT('',(-0.275,0.075,0.21));
#9040=CARTESIAN_POINT('',(-0.285,0.075,0.21));
#9041=CARTESIAN_POINT('',(-0.185,0.075,0.21));
#9042=CARTESIAN_POINT('',(-0.185,0.0749999999999724,0.2));
#9043=CARTESIAN_POINT('',(-0.175,0.075,0.2));
#9044=CARTESIAN_POINT('',(-0.175,0.075,0.21));
#9045=CARTESIAN_POINT('',(-0.175,0.075,0.195));
#9046=CARTESIAN_POINT('',(-0.175,0.075,0.195));
#9047=CARTESIAN_POINT('',(-0.26,0.075,0.195));
#9048=CARTESIAN_POINT('',(-0.26,0.0749999999999931,0.185));
#9049=CARTESIAN_POINT('',(-0.27,0.075,0.185));
#9050=CARTESIAN_POINT('',(-0.27,0.075,0.21));
#9051=CARTESIAN_POINT('',(-0.27,0.075,0.055));
#9052=CARTESIAN_POINT('',(-0.26,0.0749999999999931,0.055));
#9053=CARTESIAN_POINT('',(-0.275,0.0749999999999972,0.04));
#9054=CARTESIAN_POINT('',(-0.285,-0.075,0.045));
#9055=CARTESIAN_POINT('',(-0.285,-0.075,0.07));
#9056=CARTESIAN_POINT('',(-0.285,0.023,0.07));
#9057=CARTESIAN_POINT('',(-0.285,-0.023,0.07));
#9058=CARTESIAN_POINT('',(-0.285,-0.023,0.045));
#9059=CARTESIAN_POINT('',(-0.285,-0.023,0.04));
#9060=CARTESIAN_POINT('',(-0.285,-0.075,0.04));
#9061=CARTESIAN_POINT('',(-0.285,-0.075,0.04));
#9062=CARTESIAN_POINT('',(-0.285,-0.075,0.045));
#9063=CARTESIAN_POINT('',(-0.285,-0.075,0.2));
#9064=CARTESIAN_POINT('',(-0.285,-0.075,0.2));
#9065=CARTESIAN_POINT('',(-0.285,0.02,0.04));
#9066=CARTESIAN_POINT('',(-0.285,0.023,0.04));
#9067=CARTESIAN_POINT('',(-0.285,0.023,0.045));
#9068=CARTESIAN_POINT('',(-0.255009346109808,-0.075,0.045));
#9069=CARTESIAN_POINT('',(-0.27,-0.075,0.21));
#9070=CARTESIAN_POINT('',(-0.185,-0.0750000000000001,0.21));
#9071=CARTESIAN_POINT('',(-0.275,-0.075,0.21));
#9072=CARTESIAN_POINT('',(-0.275,-0.075,0.2));
#9073=CARTESIAN_POINT('',(-0.275,-0.075,0.04));
#9074=CARTESIAN_POINT('',(-0.275,-0.075,0.03));
#9075=CARTESIAN_POINT('',(-0.255009346109808,-0.075,0.03));
#9076=CARTESIAN_POINT('',(-0.255009346109808,-0.075,0.03));
#9077=CARTESIAN_POINT('',(-0.255009346109808,-0.075,0.045));
#9078=CARTESIAN_POINT('',(-0.255009346109808,-0.075,0.045));
#9079=CARTESIAN_POINT('',(-0.255009346109808,-0.075,0.045));
#9080=CARTESIAN_POINT('',(-0.26,-0.075,0.045));
#9081=CARTESIAN_POINT('',(-0.26,-0.075,0.055));
#9082=CARTESIAN_POINT('',(-0.27,-0.075,0.055));
#9083=CARTESIAN_POINT('',(-0.27,-0.075,0.21));
#9084=CARTESIAN_POINT('',(-0.27,-0.075,0.185));
#9085=CARTESIAN_POINT('',(-0.26,-0.075,0.185));
#9086=CARTESIAN_POINT('',(-0.26,-0.075,0.195));
#9087=CARTESIAN_POINT('',(-0.175,-0.075,0.195));
#9088=CARTESIAN_POINT('',(-0.175,-0.075,0.195));
#9089=CARTESIAN_POINT('',(-0.175,-0.075,0.195));
#9090=CARTESIAN_POINT('',(-0.175,-0.075,0.2));
#9091=CARTESIAN_POINT('',(-0.185,-0.075,0.2));
#9092=CARTESIAN_POINT('',(-0.0158050518338295,-0.0477742716130647,0.045));
#9093=CARTESIAN_POINT('',(-0.0158050518338295,-0.0477742716130647,0.03));
#9094=CARTESIAN_POINT('',(-0.216347732769103,-0.180975502123752,0.03));
#9095=CARTESIAN_POINT('',(-0.216347732769103,-0.180975502123752,0.045));
#9096=CARTESIAN_POINT('',(-0.216347732769103,-0.180975502123752,0.045));
#9097=CARTESIAN_POINT('',(-0.0158050518338295,-0.0477742716130647,0.045));
#9098=CARTESIAN_POINT('',(-0.187605679281894,-0.189848067045792,0.045));
#9099=CARTESIAN_POINT('',(-0.187605679281894,-0.189848067045792,0.03));
#9100=CARTESIAN_POINT('',(-0.164687581874102,-0.170365026775744,0.03));
#9101=CARTESIAN_POINT('',(-0.164687581873903,-0.170365026776022,0.0300000000000448));
#9102=CARTESIAN_POINT('',(-0.166170950542093,-0.168620125202201,0.0352017097568823));
#9103=CARTESIAN_POINT('',(-0.170041263740272,-0.164775887467558,0.0388002071062399));
#9104=CARTESIAN_POINT('',(-0.175220025499646,-0.162435959732715,0.0389919874704128));
#9105=CARTESIAN_POINT('',(-0.187605679281894,-0.189848067045792,0.045));
#9106=CARTESIAN_POINT('',(-0.162867460048992,-0.135097083991615,0.045));
#9107=CARTESIAN_POINT('',(-0.162867460048992,-0.02,0.045));
#9108=CARTESIAN_POINT('',(-0.26,-0.02,0.045));
#9109=CARTESIAN_POINT('',(-0.26,-0.135097083991615,0.045));
#9110=CARTESIAN_POINT('',(-0.162867460048992,-0.135097083991615,0.03));
#9111=CARTESIAN_POINT('',(-0.275,-0.02,0.03));
#9112=CARTESIAN_POINT('',(-0.275,-0.023,0.03));
#9113=CARTESIAN_POINT('',(-0.230897933322043,-0.023,0.03));
#9114=CARTESIAN_POINT('',(-0.200654010200754,-0.192867875327756,0.03));
#9115=CARTESIAN_POINT('',(-0.195918452871074,-0.179793261485376,0.03));
#9116=CARTESIAN_POINT('',(-0.191182895636709,-0.166718647608475,0.03));
#9117=CARTESIAN_POINT('',(-0.186447338170601,-0.15364403381551,0.03));
#9118=CARTESIAN_POINT('',(-0.200654010200754,-0.192867875327756,0.03));
#9119=CARTESIAN_POINT('',(-0.185747281519955,-0.198267015150689,0.03));
#9120=CARTESIAN_POINT('',(-0.176063858041365,-0.201774300917076,0.03));
#9121=CARTESIAN_POINT('',(-0.164687581874163,-0.170365026775722,0.03));
#9122=CARTESIAN_POINT('',(-0.168479674029572,-0.180834784786738,0.03));
#9123=CARTESIAN_POINT('',(-0.172271765973702,-0.191304542874278,0.03));
#9124=CARTESIAN_POINT('',(-0.176063858041365,-0.201774300917076,0.03));
#9125=CARTESIAN_POINT('',(-0.27,0.075,0.21));
#9126=CARTESIAN_POINT('',(-0.27,0.075,0.055));
#9127=CARTESIAN_POINT('',(-0.27,-0.02,0.055));
#9128=CARTESIAN_POINT('',(-0.27,-0.02,0.21));
#9129=CARTESIAN_POINT('',(-0.27,-0.02,0.06));
#9130=CARTESIAN_POINT('',(-0.27,0.075,0.06));
#9131=CARTESIAN_POINT('',(-0.27,0.02,0.06));
#9132=CARTESIAN_POINT('',(-0.27,0.02,0.21));
#9133=CARTESIAN_POINT('',(-0.27,0.02,0.055));
#9134=CARTESIAN_POINT('',(-0.27,0.075,0.055));
#9135=CARTESIAN_POINT('',(-0.27,-0.075,0.185));
#9136=CARTESIAN_POINT('',(0.,0.,0.21));
#9137=CARTESIAN_POINT('',(-0.275,0.,0.21));
#9138=CARTESIAN_POINT('',(-0.185,0.,0.21));
#9139=CARTESIAN_POINT('',(-0.201522125662875,-0.192553448409364,0.025));
#9140=CARTESIAN_POINT('',(-0.197324597955801,-0.180964304821403,0.025));
#9141=CARTESIAN_POINT('',(-0.188929567051176,-0.157786084775273,0.025));
#9142=CARTESIAN_POINT('',(-0.178435655873032,-0.128812974069172,0.025));
#9143=CARTESIAN_POINT('',(-0.170040784279903,-0.105635190365855,0.025));
#9144=CARTESIAN_POINT('',(-0.164793407434413,-0.0911474812215933,0.025));
#9145=CARTESIAN_POINT('',(-0.160596838660157,-0.0795609640820448,0.025));
#9146=CARTESIAN_POINT('',(-0.15744576323293,-0.0708610822976138,0.025));
#9147=CARTESIAN_POINT('',(-0.154831474572799,-0.0636429730032119,0.025));
#9148=CARTESIAN_POINT('',(-0.152978693069693,-0.0585279052368943,0.025));
#9149=CARTESIAN_POINT('',(-0.151955528993748,-0.0557024281587593,0.025));
#9150=CARTESIAN_POINT('',(-0.151377149473833,-0.0541067360925962,0.025));
#9151=CARTESIAN_POINT('',(-0.150940014809855,-0.0528982515948227,0.025));
#9152=CARTESIAN_POINT('',(-0.150656060473762,-0.0520486529421929,0.025));
#9153=CARTESIAN_POINT('',(-0.150050577617323,-0.0499790648809865,0.025));
#9154=CARTESIAN_POINT('',(-0.149500487645321,-0.0474548977188471,0.025));
#9155=CARTESIAN_POINT('',(-0.149158103364042,-0.0448942743877708,0.025));
#9156=CARTESIAN_POINT('',(-0.149022605977208,-0.042742195232467,0.025));
#9157=CARTESIAN_POINT('',(-0.149000260622829,-0.0418466793919184,0.025));
#9158=CARTESIAN_POINT('',(-0.1489996908195,-0.0404854824771885,0.025));
#9159=CARTESIAN_POINT('',(-0.149000139584876,-0.0385932922358234,0.025));
#9160=CARTESIAN_POINT('',(-0.148999920436621,-0.0352431767002096,0.025));
#9161=CARTESIAN_POINT('',(-0.149000057229799,-0.0291781341890877,0.025));
#9162=CARTESIAN_POINT('',(-0.148999980458117,-0.0206196398254883,0.025));
#9163=CARTESIAN_POINT('',(-0.149000005583395,-0.010303848769721,0.025));
#9164=CARTESIAN_POINT('',(-0.149,-0.00343534003148546,0.025));
#9165=CARTESIAN_POINT('',(-0.149,1.6422513576566E-16,0.025));
#9166=CARTESIAN_POINT('',(-0.201522125662875,-0.192553448409364,0.053));
#9167=CARTESIAN_POINT('',(-0.197324597955801,-0.180964304821403,0.053));
#9168=CARTESIAN_POINT('',(-0.188929567051176,-0.157786084775273,0.0529999999999999));
#9169=CARTESIAN_POINT('',(-0.178435655873032,-0.128812974069172,0.053));
#9170=CARTESIAN_POINT('',(-0.170040784279903,-0.105635190365855,0.053));
#9171=CARTESIAN_POINT('',(-0.164793407434413,-0.0911474812215933,0.053));
#9172=CARTESIAN_POINT('',(-0.160596838660157,-0.0795609640820448,0.0529999999999999));
#9173=CARTESIAN_POINT('',(-0.15744576323293,-0.0708610822976138,0.053));
#9174=CARTESIAN_POINT('',(-0.154831474572799,-0.0636429730032119,0.0529999999999999));
#9175=CARTESIAN_POINT('',(-0.152978693069693,-0.0585279052368943,0.053));
#9176=CARTESIAN_POINT('',(-0.151955528993748,-0.0557024281587593,0.053));
#9177=CARTESIAN_POINT('',(-0.151377149473833,-0.0541067360925962,0.053));
#9178=CARTESIAN_POINT('',(-0.150940014809855,-0.0528982515948227,0.053));
#9179=CARTESIAN_POINT('',(-0.150656060473762,-0.0520486529421929,0.0529999999999999));
#9180=CARTESIAN_POINT('',(-0.150050577617323,-0.0499790648809865,0.053));
#9181=CARTESIAN_POINT('',(-0.149500487645321,-0.0474548977188471,0.053));
#9182=CARTESIAN_POINT('',(-0.149158103364042,-0.0448942743877708,0.053));
#9183=CARTESIAN_POINT('',(-0.149022605977208,-0.042742195232467,0.053));
#9184=CARTESIAN_POINT('',(-0.149000260622829,-0.0418466793919184,0.053));
#9185=CARTESIAN_POINT('',(-0.1489996908195,-0.0404854824771885,0.053));
#9186=CARTESIAN_POINT('',(-0.149000139584876,-0.0385932922358235,0.053));
#9187=CARTESIAN_POINT('',(-0.148999920436621,-0.0352431767002096,0.0529999999999999));
#9188=CARTESIAN_POINT('',(-0.149000057229799,-0.0291781341890877,0.053));
#9189=CARTESIAN_POINT('',(-0.148999980458117,-0.0206196398254883,0.0529999999999999));
#9190=CARTESIAN_POINT('',(-0.149000005583395,-0.010303848769721,0.053));
#9191=CARTESIAN_POINT('',(-0.149,-0.00343534003148546,0.053));
#9192=CARTESIAN_POINT('',(-0.149,1.6422513576566E-16,0.053));
#9193=CARTESIAN_POINT('',(-0.175195742579244,-0.20208872783547,0.053));
#9194=CARTESIAN_POINT('',(-0.17099821487218,-0.190499584247509,0.053));
#9195=CARTESIAN_POINT('',(-0.162603135428671,-0.167321229768523,0.053));
#9196=CARTESIAN_POINT('',(-0.152109406271293,-0.13834862318563,0.053));
#9197=CARTESIAN_POINT('',(-0.143714170636642,-0.115169831235899,0.053));
#9198=CARTESIAN_POINT('',(-0.138467719063353,-0.100684684717938,0.053));
#9199=CARTESIAN_POINT('',(-0.134269251205826,-0.089092907892933,0.053));
#9200=CARTESIAN_POINT('',(-0.131123977690348,-0.0804090950357161,0.053));
#9201=CARTESIAN_POINT('',(-0.128491536251431,-0.0731407099540112,0.053));
#9202=CARTESIAN_POINT('',(-0.126671160511098,-0.0681153929225957,0.053));
#9203=CARTESIAN_POINT('',(-0.125596074254728,-0.065146112599232,0.053));
#9204=CARTESIAN_POINT('',(-0.125124020266157,-0.0638448988529878,0.053));
#9205=CARTESIAN_POINT('',(-0.12454479146472,-0.0622428715970408,0.053));
#9206=CARTESIAN_POINT('',(-0.123900745297108,-0.060348684107206,0.053));
#9207=CARTESIAN_POINT('',(-0.122892752106517,-0.0568544833084675,0.053));
#9208=CARTESIAN_POINT('',(-0.121881039791431,-0.0523026188063376,0.053));
#9209=CARTESIAN_POINT('',(-0.121282162149995,-0.0476782942259443,0.053));
#9210=CARTESIAN_POINT('',(-0.121039970503363,-0.0440496811712783,0.053));
#9211=CARTESIAN_POINT('',(-0.121000463329474,-0.0420493859690966,0.053));
#9212=CARTESIAN_POINT('',(-0.120999450345778,-0.0402450088353084,0.053));
#9213=CARTESIAN_POINT('',(-0.12100024815089,-0.038701858214099,0.053));
#9214=CARTESIAN_POINT('',(-0.120999858553993,-0.0351812940925926,0.0529999999999999));
#9215=CARTESIAN_POINT('',(-0.121000101741865,-0.0292226462401806,0.053));
#9216=CARTESIAN_POINT('',(-0.120999965258875,-0.0206044405885298,0.053));
#9217=CARTESIAN_POINT('',(-0.121000009926036,-0.010308191408852,0.053));
#9218=CARTESIAN_POINT('',(-0.121,-0.00343534003148549,0.053));
#9219=CARTESIAN_POINT('',(-0.121,1.33364036427147E-16,0.053));
#9220=CARTESIAN_POINT('',(-0.175195742579244,-0.20208872783547,0.025));
#9221=CARTESIAN_POINT('',(-0.17099821487218,-0.190499584247509,0.025));
#9222=CARTESIAN_POINT('',(-0.162603135428671,-0.167321229768523,0.025));
#9223=CARTESIAN_POINT('',(-0.152109406271293,-0.13834862318563,0.025));
#9224=CARTESIAN_POINT('',(-0.143714170636642,-0.115169831235899,0.025));
#9225=CARTESIAN_POINT('',(-0.138467719063353,-0.100684684717938,0.025));
#9226=CARTESIAN_POINT('',(-0.134269251205826,-0.089092907892933,0.025));
#9227=CARTESIAN_POINT('',(-0.131123977690348,-0.0804090950357161,0.025));
#9228=CARTESIAN_POINT('',(-0.128491536251431,-0.0731407099540112,0.025));
#9229=CARTESIAN_POINT('',(-0.126671160511098,-0.0681153929225957,0.025));
#9230=CARTESIAN_POINT('',(-0.125596074254728,-0.065146112599232,0.025));
#9231=CARTESIAN_POINT('',(-0.125124020266157,-0.0638448988529878,0.025));
#9232=CARTESIAN_POINT('',(-0.12454479146472,-0.0622428715970408,0.025));
#9233=CARTESIAN_POINT('',(-0.123900745297108,-0.060348684107206,0.025));
#9234=CARTESIAN_POINT('',(-0.122892752106517,-0.0568544833084675,0.025));
#9235=CARTESIAN_POINT('',(-0.121881039791431,-0.0523026188063376,0.025));
#9236=CARTESIAN_POINT('',(-0.121282162149995,-0.0476782942259442,0.025));
#9237=CARTESIAN_POINT('',(-0.121039970503363,-0.0440496811712783,0.025));
#9238=CARTESIAN_POINT('',(-0.121000463329474,-0.0420493859690966,0.025));
#9239=CARTESIAN_POINT('',(-0.120999450345778,-0.0402450088353084,0.025));
#9240=CARTESIAN_POINT('',(-0.12100024815089,-0.038701858214099,0.025));
#9241=CARTESIAN_POINT('',(-0.120999858553993,-0.0351812940925926,0.025));
#9242=CARTESIAN_POINT('',(-0.121000101741865,-0.0292226462401806,0.025));
#9243=CARTESIAN_POINT('',(-0.120999965258875,-0.0206044405885298,0.025));
#9244=CARTESIAN_POINT('',(-0.121000009926036,-0.010308191408852,0.025));
#9245=CARTESIAN_POINT('',(-0.121,-0.00343534003148549,0.025));
#9246=CARTESIAN_POINT('',(-0.121,1.33364036427147E-16,0.025));
#9247=CARTESIAN_POINT('',(-0.175195742579244,-0.20208872783547,-0.003));
#9248=CARTESIAN_POINT('',(-0.17099821487218,-0.190499584247509,-0.003));
#9249=CARTESIAN_POINT('',(-0.162603135428671,-0.167321229768523,-0.003));
#9250=CARTESIAN_POINT('',(-0.152109406271293,-0.13834862318563,-0.003));
#9251=CARTESIAN_POINT('',(-0.143714170636642,-0.115169831235899,-0.003));
#9252=CARTESIAN_POINT('',(-0.138467719063353,-0.100684684717938,-0.003));
#9253=CARTESIAN_POINT('',(-0.134269251205826,-0.089092907892933,-0.003));
#9254=CARTESIAN_POINT('',(-0.131123977690348,-0.0804090950357161,-0.003));
#9255=CARTESIAN_POINT('',(-0.128491536251431,-0.0731407099540112,-0.003));
#9256=CARTESIAN_POINT('',(-0.126671160511098,-0.0681153929225957,-0.003));
#9257=CARTESIAN_POINT('',(-0.125596074254728,-0.065146112599232,-0.003));
#9258=CARTESIAN_POINT('',(-0.125124020266157,-0.0638448988529878,-0.003));
#9259=CARTESIAN_POINT('',(-0.12454479146472,-0.0622428715970408,-0.003));
#9260=CARTESIAN_POINT('',(-0.123900745297108,-0.060348684107206,-0.003));
#9261=CARTESIAN_POINT('',(-0.122892752106517,-0.0568544833084675,-0.003));
#9262=CARTESIAN_POINT('',(-0.121881039791431,-0.0523026188063376,-0.003));
#9263=CARTESIAN_POINT('',(-0.121282162149995,-0.0476782942259443,-0.003));
#9264=CARTESIAN_POINT('',(-0.121039970503363,-0.0440496811712783,-0.003));
#9265=CARTESIAN_POINT('',(-0.121000463329474,-0.0420493859690966,-0.003));
#9266=CARTESIAN_POINT('',(-0.120999450345778,-0.0402450088353084,-0.003));
#9267=CARTESIAN_POINT('',(-0.12100024815089,-0.038701858214099,-0.003));
#9268=CARTESIAN_POINT('',(-0.120999858553993,-0.0351812940925926,-0.003));
#9269=CARTESIAN_POINT('',(-0.121000101741865,-0.0292226462401806,-0.003));
#9270=CARTESIAN_POINT('',(-0.120999965258875,-0.0206044405885298,-0.003));
#9271=CARTESIAN_POINT('',(-0.121000009926036,-0.010308191408852,-0.003));
#9272=CARTESIAN_POINT('',(-0.121,-0.00343534003148549,-0.003));
#9273=CARTESIAN_POINT('',(-0.121,1.33364036427147E-16,-0.003));
#9274=CARTESIAN_POINT('',(-0.201522125662875,-0.192553448409364,-0.00300000000000001));
#9275=CARTESIAN_POINT('',(-0.197324597955801,-0.180964304821403,-0.00300000000000001));
#9276=CARTESIAN_POINT('',(-0.188929567051176,-0.157786084775273,-0.00300000000000001));
#9277=CARTESIAN_POINT('',(-0.178435655873032,-0.128812974069172,-0.00300000000000001));
#9278=CARTESIAN_POINT('',(-0.170040784279903,-0.105635190365855,-0.00300000000000001));
#9279=CARTESIAN_POINT('',(-0.164793407434413,-0.0911474812215933,-0.00300000000000001));
#9280=CARTESIAN_POINT('',(-0.160596838660157,-0.0795609640820448,-0.00300000000000001));
#9281=CARTESIAN_POINT('',(-0.15744576323293,-0.0708610822976138,-0.00300000000000001));
#9282=CARTESIAN_POINT('',(-0.154831474572799,-0.0636429730032119,-0.00300000000000001));
#9283=CARTESIAN_POINT('',(-0.152978693069693,-0.0585279052368943,-0.00300000000000001));
#9284=CARTESIAN_POINT('',(-0.151955528993748,-0.0557024281587593,-0.00300000000000001));
#9285=CARTESIAN_POINT('',(-0.151377149473833,-0.0541067360925962,-0.00300000000000001));
#9286=CARTESIAN_POINT('',(-0.150940014809855,-0.0528982515948227,-0.00300000000000001));
#9287=CARTESIAN_POINT('',(-0.150656060473762,-0.0520486529421929,-0.00300000000000001));
#9288=CARTESIAN_POINT('',(-0.150050577617323,-0.0499790648809865,-0.00300000000000001));
#9289=CARTESIAN_POINT('',(-0.149500487645321,-0.0474548977188471,-0.00300000000000001));
#9290=CARTESIAN_POINT('',(-0.149158103364042,-0.0448942743877708,-0.00300000000000001));
#9291=CARTESIAN_POINT('',(-0.149022605977208,-0.042742195232467,-0.00300000000000001));
#9292=CARTESIAN_POINT('',(-0.149000260622829,-0.0418466793919184,-0.00300000000000001));
#9293=CARTESIAN_POINT('',(-0.1489996908195,-0.0404854824771885,-0.00300000000000001));
#9294=CARTESIAN_POINT('',(-0.149000139584876,-0.0385932922358235,-0.00300000000000001));
#9295=CARTESIAN_POINT('',(-0.148999920436621,-0.0352431767002096,-0.00300000000000001));
#9296=CARTESIAN_POINT('',(-0.149000057229799,-0.0291781341890877,-0.00300000000000001));
#9297=CARTESIAN_POINT('',(-0.148999980458117,-0.0206196398254883,-0.00300000000000001));
#9298=CARTESIAN_POINT('',(-0.149000005583395,-0.010303848769721,-0.00300000000000001));
#9299=CARTESIAN_POINT('',(-0.149,-0.00343534003148546,-0.00300000000000001));
#9300=CARTESIAN_POINT('',(-0.149,1.6422513576566E-16,-0.00300000000000001));
#9301=CARTESIAN_POINT('',(-0.201522125662875,-0.192553448409364,0.025));
#9302=CARTESIAN_POINT('',(-0.197324597955801,-0.180964304821403,0.025));
#9303=CARTESIAN_POINT('',(-0.188929567051176,-0.157786084775273,0.025));
#9304=CARTESIAN_POINT('',(-0.178435655873032,-0.128812974069172,0.025));
#9305=CARTESIAN_POINT('',(-0.170040784279903,-0.105635190365855,0.025));
#9306=CARTESIAN_POINT('',(-0.164793407434413,-0.0911474812215933,0.025));
#9307=CARTESIAN_POINT('',(-0.160596838660157,-0.0795609640820448,0.025));
#9308=CARTESIAN_POINT('',(-0.15744576323293,-0.0708610822976138,0.025));
#9309=CARTESIAN_POINT('',(-0.154831474572799,-0.0636429730032119,0.025));
#9310=CARTESIAN_POINT('',(-0.152978693069693,-0.0585279052368943,0.025));
#9311=CARTESIAN_POINT('',(-0.151955528993748,-0.0557024281587593,0.025));
#9312=CARTESIAN_POINT('',(-0.151377149473833,-0.0541067360925962,0.025));
#9313=CARTESIAN_POINT('',(-0.150940014809855,-0.0528982515948227,0.025));
#9314=CARTESIAN_POINT('',(-0.150656060473762,-0.0520486529421929,0.025));
#9315=CARTESIAN_POINT('',(-0.150050577617323,-0.0499790648809865,0.025));
#9316=CARTESIAN_POINT('',(-0.149500487645321,-0.0474548977188471,0.025));
#9317=CARTESIAN_POINT('',(-0.149158103364042,-0.0448942743877708,0.025));
#9318=CARTESIAN_POINT('',(-0.149022605977208,-0.042742195232467,0.025));
#9319=CARTESIAN_POINT('',(-0.149000260622829,-0.0418466793919184,0.025));
#9320=CARTESIAN_POINT('',(-0.1489996908195,-0.0404854824771885,0.025));
#9321=CARTESIAN_POINT('',(-0.149000139584876,-0.0385932922358234,0.025));
#9322=CARTESIAN_POINT('',(-0.148999920436621,-0.0352431767002096,0.025));
#9323=CARTESIAN_POINT('',(-0.149000057229799,-0.0291781341890877,0.025));
#9324=CARTESIAN_POINT('',(-0.148999980458117,-0.0206196398254883,0.025));
#9325=CARTESIAN_POINT('',(-0.149000005583395,-0.010303848769721,0.025));
#9326=CARTESIAN_POINT('',(-0.149,-0.00343534003148546,0.025));
#9327=CARTESIAN_POINT('',(-0.149,1.6422513576566E-16,0.025));
#9328=CARTESIAN_POINT('',(-0.135,1.48794586096403E-16,0.025));
#9329=CARTESIAN_POINT('',(-0.149,1.6422513576566E-16,0.025));
#9330=CARTESIAN_POINT('',(-0.18835893412106,-0.197321088122417,0.025));
#9331=CARTESIAN_POINT('',(-0.18835893412106,-0.197321088122417,0.025));
#9332=CARTESIAN_POINT('',(0.119,0.,0.));
#9333=CARTESIAN_POINT('',(0.119,0.0687046820335654,0.00242424242424242));
#9334=CARTESIAN_POINT('',(0.0595,0.103057023050348,0.00484848484848484));
#9335=CARTESIAN_POINT('',(7.67466813991687E-18,0.137409364067131,0.00727272727272726));
#9336=CARTESIAN_POINT('',(-0.0595,0.103057023050348,0.00969696969696968));
#9337=CARTESIAN_POINT('',(-0.119,0.0687046820335655,0.0121212121212121));
#9338=CARTESIAN_POINT('',(-0.119,1.45732969098535E-17,0.0145454545454545));
#9339=CARTESIAN_POINT('',(-0.119,-0.0687046820335654,0.016969696969697));
#9340=CARTESIAN_POINT('',(-0.0595000000000001,-0.103057023050348,0.0193939393939394));
#9341=CARTESIAN_POINT('',(-2.7459376943555E-17,-0.137409364067131,0.0218181818181818));
#9342=CARTESIAN_POINT('',(0.0594999999999999,-0.103057023050348,0.0242424242424242));
#9343=CARTESIAN_POINT('',(0.119,-0.0687046820335655,0.0266666666666667));
#9344=CARTESIAN_POINT('',(0.119,0.,0.0290909090909091));
#9345=CARTESIAN_POINT('',(0.119,0.0687046820335654,0.0315151515151515));
#9346=CARTESIAN_POINT('',(0.0595,0.103057023050348,0.0339393939393939));
#9347=CARTESIAN_POINT('',(4.71775312404731E-18,0.137409364067131,0.0363636363636364));
#9348=CARTESIAN_POINT('',(-0.0595,0.103057023050348,0.0387878787878788));
#9349=CARTESIAN_POINT('',(-0.119,0.0687046820335655,0.0412121212121212));
#9350=CARTESIAN_POINT('',(-0.119,1.45732969098535E-17,0.0436363636363636));
#9351=CARTESIAN_POINT('',(-0.119,-0.0687046820335654,0.0460606060606061));
#9352=CARTESIAN_POINT('',(-0.0595000000000001,-0.103057023050348,0.0484848484848485));
#9353=CARTESIAN_POINT('',(-3.04162919594245E-17,-0.137409364067131,0.0509090909090909));
#9354=CARTESIAN_POINT('',(0.0594999999999999,-0.103057023050348,0.0533333333333333));
#9355=CARTESIAN_POINT('',(0.119,-0.0687046820335655,0.0557575757575758));
#9356=CARTESIAN_POINT('',(0.119,0.,0.0581818181818182));
#9357=CARTESIAN_POINT('',(0.119,0.0687046820335654,0.0606060606060606));
#9358=CARTESIAN_POINT('',(0.0595,0.103057023050348,0.063030303030303));
#9359=CARTESIAN_POINT('',(1.76083810817776E-18,0.137409364067131,0.0654545454545454));
#9360=CARTESIAN_POINT('',(-0.0595,0.103057023050348,0.0678787878787879));
#9361=CARTESIAN_POINT('',(-0.119,0.0687046820335655,0.0703030303030303));
#9362=CARTESIAN_POINT('',(-0.119,1.45732969098535E-17,0.0727272727272727));
#9363=CARTESIAN_POINT('',(-0.119,-0.0687046820335654,0.0751515151515152));
#9364=CARTESIAN_POINT('',(-0.0595000000000001,-0.103057023050348,0.0775757575757576));
#9365=CARTESIAN_POINT('',(-3.33732069752941E-17,-0.137409364067131,0.08));
#9366=CARTESIAN_POINT('',(0.0594999999999999,-0.103057023050348,0.0824242424242424));
#9367=CARTESIAN_POINT('',(0.119,-0.0687046820335655,0.0848484848484849));
#9368=CARTESIAN_POINT('',(0.119,0.,0.0872727272727273));
#9369=CARTESIAN_POINT('',(0.119,0.0687046820335654,0.0896969696969697));
#9370=CARTESIAN_POINT('',(0.0595,0.103057023050348,0.0921212121212121));
#9371=CARTESIAN_POINT('',(-1.1960769076918E-18,0.137409364067131,0.0945454545454546));
#9372=CARTESIAN_POINT('',(-0.0595,0.103057023050348,0.096969696969697));
#9373=CARTESIAN_POINT('',(-0.119,0.0687046820335655,0.0993939393939394));
#9374=CARTESIAN_POINT('',(-0.119,1.45732969098535E-17,0.101818181818182));
#9375=CARTESIAN_POINT('',(-0.119,-0.0687046820335654,0.104242424242424));
#9376=CARTESIAN_POINT('',(-0.0595000000000001,-0.103057023050348,0.106666666666667));
#9377=CARTESIAN_POINT('',(-3.63301219911636E-17,-0.137409364067131,0.109090909090909));
#9378=CARTESIAN_POINT('',(0.0594999999999999,-0.103057023050348,0.111515151515152));
#9379=CARTESIAN_POINT('',(0.119,-0.0687046820335655,0.113939393939394));
#9380=CARTESIAN_POINT('',(0.119,0.,0.116363636363636));
#9381=CARTESIAN_POINT('',(0.119,0.0687046820335654,0.118787878787879));
#9382=CARTESIAN_POINT('',(0.0595,0.103057023050348,0.121212121212121));
#9383=CARTESIAN_POINT('',(-4.15299192356136E-18,0.137409364067131,0.123636363636364));
#9384=CARTESIAN_POINT('',(-0.0595,0.103057023050348,0.126060606060606));
#9385=CARTESIAN_POINT('',(-0.119,0.0687046820335655,0.128484848484848));
#9386=CARTESIAN_POINT('',(-0.119,1.45732969098535E-17,0.130909090909091));
#9387=CARTESIAN_POINT('',(-0.119,-0.0687046820335654,0.133333333333333));
#9388=CARTESIAN_POINT('',(-0.0595000000000001,-0.103057023050348,0.135757575757576));
#9389=CARTESIAN_POINT('',(-3.92870370070332E-17,-0.137409364067131,0.138181818181818));
#9390=CARTESIAN_POINT('',(0.0594999999999999,-0.103057023050348,0.140606060606061));
#9391=CARTESIAN_POINT('',(0.119,-0.0687046820335655,0.143030303030303));
#9392=CARTESIAN_POINT('',(0.119,0.,0.145454545454546));
#9393=CARTESIAN_POINT('',(0.119,0.0687046820335654,0.147878787878788));
#9394=CARTESIAN_POINT('',(0.0595,0.103057023050348,0.15030303030303));
#9395=CARTESIAN_POINT('',(-7.10990693943092E-18,0.137409364067131,0.152727272727273));
#9396=CARTESIAN_POINT('',(-0.0595,0.103057023050348,0.155151515151515));
#9397=CARTESIAN_POINT('',(-0.119,0.0687046820335655,0.157575757575758));
#9398=CARTESIAN_POINT('',(-0.119,1.45732969098535E-17,0.16));
#9399=CARTESIAN_POINT('',(0.119,0.,-0.028));
#9400=CARTESIAN_POINT('',(0.119,0.0687046820335654,-0.0255757575757576));
#9401=CARTESIAN_POINT('',(0.0595,0.103057023050348,-0.0231515151515151));
#9402=CARTESIAN_POINT('',(1.05206988426913E-17,0.137409364067131,-0.0207272727272727));
#9403=CARTESIAN_POINT('',(-0.0595,0.103057023050348,-0.0183030303030303));
#9404=CARTESIAN_POINT('',(-0.119,0.0687046820335655,-0.0158787878787879));
#9405=CARTESIAN_POINT('',(-0.119,1.45732969098535E-17,-0.0134545454545455));
#9406=CARTESIAN_POINT('',(-0.119,-0.0687046820335654,-0.011030303030303));
#9407=CARTESIAN_POINT('',(-0.0595000000000001,-0.103057023050348,-0.0086060606060606));
#9408=CARTESIAN_POINT('',(-2.46133462407805E-17,-0.137409364067131,-0.00618181818181817));
#9409=CARTESIAN_POINT('',(0.0594999999999999,-0.103057023050348,-0.00375757575757574));
#9410=CARTESIAN_POINT('',(0.119,-0.0687046820335656,-0.00133333333333331));
#9411=CARTESIAN_POINT('',(0.119,0.,0.00109090909090912));
#9412=CARTESIAN_POINT('',(0.119,0.0687046820335654,0.00351515151515154));
#9413=CARTESIAN_POINT('',(0.0595,0.103057023050348,0.00593939393939396));
#9414=CARTESIAN_POINT('',(7.56378382682176E-18,0.137409364067131,0.00836363636363638));
#9415=CARTESIAN_POINT('',(-0.0595,0.103057023050348,0.0107878787878788));
#9416=CARTESIAN_POINT('',(-0.119,0.0687046820335655,0.0132121212121212));
#9417=CARTESIAN_POINT('',(-0.119,1.45732969098535E-17,0.0156363636363636));
#9418=CARTESIAN_POINT('',(-0.119,-0.0687046820335654,0.0180606060606061));
#9419=CARTESIAN_POINT('',(-0.0595000000000001,-0.103057023050348,0.0204848484848485));
#9420=CARTESIAN_POINT('',(-2.75702612566501E-17,-0.137409364067131,0.0229090909090909));
#9421=CARTESIAN_POINT('',(0.0594999999999999,-0.103057023050348,0.0253333333333334));
#9422=CARTESIAN_POINT('',(0.119,-0.0687046820335656,0.0277575757575758));
#9423=CARTESIAN_POINT('',(0.119,0.,0.0301818181818182));
#9424=CARTESIAN_POINT('',(0.119,0.0687046820335654,0.0326060606060606));
#9425=CARTESIAN_POINT('',(0.0595,0.103057023050348,0.0350303030303031));
#9426=CARTESIAN_POINT('',(4.6068688109522E-18,0.137409364067131,0.0374545454545455));
#9427=CARTESIAN_POINT('',(-0.0595,0.103057023050348,0.0398787878787879));
#9428=CARTESIAN_POINT('',(-0.119,0.0687046820335655,0.0423030303030303));
#9429=CARTESIAN_POINT('',(-0.119,1.45732969098535E-17,0.0447272727272727));
#9430=CARTESIAN_POINT('',(-0.119,-0.0687046820335654,0.0471515151515152));
#9431=CARTESIAN_POINT('',(-0.0595000000000001,-0.103057023050348,0.0495757575757576));
#9432=CARTESIAN_POINT('',(-3.05271762725196E-17,-0.137409364067131,0.052));
#9433=CARTESIAN_POINT('',(0.0594999999999999,-0.103057023050348,0.0544242424242425));
#9434=CARTESIAN_POINT('',(0.119,-0.0687046820335656,0.0568484848484849));
#9435=CARTESIAN_POINT('',(0.119,0.,0.0592727272727273));
#9436=CARTESIAN_POINT('',(0.119,0.0687046820335654,0.0616969696969697));
#9437=CARTESIAN_POINT('',(0.0595,0.103057023050348,0.0641212121212122));
#9438=CARTESIAN_POINT('',(1.64995379508264E-18,0.137409364067131,0.0665454545454546));
#9439=CARTESIAN_POINT('',(-0.0595,0.103057023050348,0.068969696969697));
#9440=CARTESIAN_POINT('',(-0.119,0.0687046820335655,0.0713939393939394));
#9441=CARTESIAN_POINT('',(-0.119,1.45732969098535E-17,0.0738181818181818));
#9442=CARTESIAN_POINT('',(-0.119,-0.0687046820335654,0.0762424242424243));
#9443=CARTESIAN_POINT('',(-0.0595000000000001,-0.103057023050348,0.0786666666666667));
#9444=CARTESIAN_POINT('',(-3.34840912883892E-17,-0.137409364067131,0.0810909090909091));
#9445=CARTESIAN_POINT('',(0.0594999999999999,-0.103057023050348,0.0835151515151516));
#9446=CARTESIAN_POINT('',(0.119,-0.0687046820335656,0.085939393939394));
#9447=CARTESIAN_POINT('',(0.119,0.,0.0883636363636364));
#9448=CARTESIAN_POINT('',(0.119,0.0687046820335654,0.0907878787878788));
#9449=CARTESIAN_POINT('',(0.0595,0.103057023050348,0.0932121212121212));
#9450=CARTESIAN_POINT('',(-1.30696122078691E-18,0.137409364067131,0.0956363636363637));
#9451=CARTESIAN_POINT('',(-0.0595,0.103057023050348,0.0980606060606061));
#9452=CARTESIAN_POINT('',(-0.119,0.0687046820335655,0.100484848484849));
#9453=CARTESIAN_POINT('',(-0.119,1.45732969098535E-17,0.102909090909091));
#9454=CARTESIAN_POINT('',(-0.119,-0.0687046820335654,0.105333333333333));
#9455=CARTESIAN_POINT('',(-0.0595000000000001,-0.103057023050348,0.107757575757576));
#9456=CARTESIAN_POINT('',(-3.64410063042587E-17,-0.137409364067131,0.110181818181818));
#9457=CARTESIAN_POINT('',(0.0594999999999999,-0.103057023050348,0.112606060606061));
#9458=CARTESIAN_POINT('',(0.119,-0.0687046820335656,0.115030303030303));
#9459=CARTESIAN_POINT('',(0.119,0.,0.117454545454546));
#9460=CARTESIAN_POINT('',(0.119,0.0687046820335654,0.119878787878788));
#9461=CARTESIAN_POINT('',(0.0595,0.103057023050348,0.12230303030303));
#9462=CARTESIAN_POINT('',(-4.26387623665647E-18,0.137409364067131,0.124727272727273));
#9463=CARTESIAN_POINT('',(-0.0595,0.103057023050348,0.127151515151515));
#9464=CARTESIAN_POINT('',(-0.119,0.0687046820335655,0.129575757575758));
#9465=CARTESIAN_POINT('',(-0.119,1.45732969098535E-17,0.132));
#9466=CARTESIAN_POINT('',(0.091,0.,-0.028));
#9467=CARTESIAN_POINT('',(0.091,0.052538874496256,-0.0255757575757576));
#9468=CARTESIAN_POINT('',(0.0455,0.078808311744384,-0.0231515151515151));
#9469=CARTESIAN_POINT('',(8.5409583970715E-18,0.105077748992512,-0.0207272727272727));
#9470=CARTESIAN_POINT('',(-0.0455,0.078808311744384,-0.0183030303030303));
#9471=CARTESIAN_POINT('',(-0.091,0.052538874496256,-0.0158787878787879));
#9472=CARTESIAN_POINT('',(-0.091,1.11442858722409E-17,-0.0134545454545455));
#9473=CARTESIAN_POINT('',(-0.0910000000000001,-0.0525388744962559,-0.011030303030303));
#9474=CARTESIAN_POINT('',(-0.0455,-0.0788083117443839,-0.0086060606060606));
#9475=CARTESIAN_POINT('',(-1.8674124903921E-17,-0.105077748992512,-0.00618181818181817));
#9476=CARTESIAN_POINT('',(0.0455,-0.078808311744384,-0.00375757575757574));
#9477=CARTESIAN_POINT('',(0.091,-0.052538874496256,-0.00133333333333331));
#9478=CARTESIAN_POINT('',(0.091,0.,0.00109090909090912));
#9479=CARTESIAN_POINT('',(0.091,0.052538874496256,0.00351515151515154));
#9480=CARTESIAN_POINT('',(0.0455,0.078808311744384,0.00593939393939396));
#9481=CARTESIAN_POINT('',(5.58404338120194E-18,0.105077748992512,0.00836363636363638));
#9482=CARTESIAN_POINT('',(-0.0455,0.078808311744384,0.0107878787878788));
#9483=CARTESIAN_POINT('',(-0.091,0.052538874496256,0.0132121212121212));
#9484=CARTESIAN_POINT('',(-0.091,1.11442858722409E-17,0.0156363636363636));
#9485=CARTESIAN_POINT('',(-0.0910000000000001,-0.0525388744962559,0.0180606060606061));
#9486=CARTESIAN_POINT('',(-0.0455000000000001,-0.0788083117443839,0.0204848484848485));
#9487=CARTESIAN_POINT('',(-2.16310399197906E-17,-0.105077748992512,0.0229090909090909));
#9488=CARTESIAN_POINT('',(0.0455,-0.078808311744384,0.0253333333333334));
#9489=CARTESIAN_POINT('',(0.091,-0.052538874496256,0.0277575757575758));
#9490=CARTESIAN_POINT('',(0.091,0.,0.0301818181818182));
#9491=CARTESIAN_POINT('',(0.091,0.052538874496256,0.0326060606060606));
#9492=CARTESIAN_POINT('',(0.0455,0.078808311744384,0.0350303030303031));
#9493=CARTESIAN_POINT('',(2.62712836533238E-18,0.105077748992512,0.0374545454545455));
#9494=CARTESIAN_POINT('',(-0.0455,0.078808311744384,0.0398787878787879));
#9495=CARTESIAN_POINT('',(-0.091,0.052538874496256,0.0423030303030303));
#9496=CARTESIAN_POINT('',(-0.091,1.11442858722409E-17,0.0447272727272727));
#9497=CARTESIAN_POINT('',(-0.0910000000000001,-0.0525388744962559,0.0471515151515152));
#9498=CARTESIAN_POINT('',(-0.0455000000000001,-0.0788083117443839,0.0495757575757576));
#9499=CARTESIAN_POINT('',(-2.45879549356601E-17,-0.105077748992512,0.052));
#9500=CARTESIAN_POINT('',(0.0455,-0.078808311744384,0.0544242424242425));
#9501=CARTESIAN_POINT('',(0.091,-0.052538874496256,0.0568484848484849));
#9502=CARTESIAN_POINT('',(0.091,0.,0.0592727272727273));
#9503=CARTESIAN_POINT('',(0.091,0.052538874496256,0.0616969696969697));
#9504=CARTESIAN_POINT('',(0.0455,0.078808311744384,0.0641212121212122));
#9505=CARTESIAN_POINT('',(-3.29786650537179E-19,0.105077748992512,0.0665454545454546));
#9506=CARTESIAN_POINT('',(-0.0455,0.078808311744384,0.068969696969697));
#9507=CARTESIAN_POINT('',(-0.091,0.052538874496256,0.0713939393939394));
#9508=CARTESIAN_POINT('',(-0.091,1.11442858722409E-17,0.0738181818181818));
#9509=CARTESIAN_POINT('',(-0.0910000000000001,-0.0525388744962559,0.0762424242424243));
#9510=CARTESIAN_POINT('',(-0.0455000000000001,-0.0788083117443839,0.0786666666666667));
#9511=CARTESIAN_POINT('',(-2.75448699515297E-17,-0.105077748992512,0.0810909090909091));
#9512=CARTESIAN_POINT('',(0.0455,-0.078808311744384,0.0835151515151516));
#9513=CARTESIAN_POINT('',(0.091,-0.052538874496256,0.085939393939394));
#9514=CARTESIAN_POINT('',(0.091,0.,0.0883636363636364));
#9515=CARTESIAN_POINT('',(0.091,0.052538874496256,0.0907878787878788));
#9516=CARTESIAN_POINT('',(0.0455,0.078808311744384,0.0932121212121212));
#9517=CARTESIAN_POINT('',(-3.28670166640674E-18,0.105077748992512,0.0956363636363637));
#9518=CARTESIAN_POINT('',(-0.0455,0.078808311744384,0.0980606060606061));
#9519=CARTESIAN_POINT('',(-0.091,0.052538874496256,0.100484848484849));
#9520=CARTESIAN_POINT('',(-0.091,1.11442858722409E-17,0.102909090909091));
#9521=CARTESIAN_POINT('',(-0.0910000000000001,-0.0525388744962559,0.105333333333333));
#9522=CARTESIAN_POINT('',(-0.0455000000000001,-0.0788083117443839,0.107757575757576));
#9523=CARTESIAN_POINT('',(-3.05017849673993E-17,-0.105077748992512,0.110181818181818));
#9524=CARTESIAN_POINT('',(0.0455,-0.078808311744384,0.112606060606061));
#9525=CARTESIAN_POINT('',(0.091,-0.052538874496256,0.115030303030303));
#9526=CARTESIAN_POINT('',(0.091,0.,0.117454545454546));
#9527=CARTESIAN_POINT('',(0.091,0.052538874496256,0.119878787878788));
#9528=CARTESIAN_POINT('',(0.0455,0.078808311744384,0.12230303030303));
#9529=CARTESIAN_POINT('',(-6.24361668227629E-18,0.105077748992512,0.124727272727273));
#9530=CARTESIAN_POINT('',(-0.0455,0.078808311744384,0.127151515151515));
#9531=CARTESIAN_POINT('',(-0.091,0.052538874496256,0.129575757575758));
#9532=CARTESIAN_POINT('',(-0.0910000000000001,1.11442858722409E-17,0.132));
#9533=CARTESIAN_POINT('',(0.091,0.,-1.71450551880629E-18));
#9534=CARTESIAN_POINT('',(0.091,0.0525388744962559,0.00242424242424242));
#9535=CARTESIAN_POINT('',(0.0455,0.0788083117443839,0.00484848484848484));
#9536=CARTESIAN_POINT('',(5.69492769429705E-18,0.105077748992512,0.00727272727272726));
#9537=CARTESIAN_POINT('',(-0.0455,0.0788083117443839,0.00969696969696968));
#9538=CARTESIAN_POINT('',(-0.091,0.052538874496256,0.0121212121212121));
#9539=CARTESIAN_POINT('',(-0.091,1.11442858722409E-17,0.0145454545454545));
#9540=CARTESIAN_POINT('',(-0.091,-0.0525388744962559,0.016969696969697));
#9541=CARTESIAN_POINT('',(-0.0455,-0.0788083117443839,0.0193939393939394));
#9542=CARTESIAN_POINT('',(-2.15201556066955E-17,-0.105077748992512,0.0218181818181818));
#9543=CARTESIAN_POINT('',(0.0455,-0.078808311744384,0.0242424242424242));
#9544=CARTESIAN_POINT('',(0.091,-0.052538874496256,0.0266666666666667));
#9545=CARTESIAN_POINT('',(0.091,0.,0.0290909090909091));
#9546=CARTESIAN_POINT('',(0.091,0.0525388744962559,0.0315151515151515));
#9547=CARTESIAN_POINT('',(0.0455,0.0788083117443839,0.0339393939393939));
#9548=CARTESIAN_POINT('',(2.73801267842749E-18,0.105077748992512,0.0363636363636364));
#9549=CARTESIAN_POINT('',(-0.0455,0.0788083117443839,0.0387878787878788));
#9550=CARTESIAN_POINT('',(-0.091,0.052538874496256,0.0412121212121212));
#9551=CARTESIAN_POINT('',(-0.091,1.11442858722409E-17,0.0436363636363636));
#9552=CARTESIAN_POINT('',(-0.091,-0.0525388744962559,0.0460606060606061));
#9553=CARTESIAN_POINT('',(-0.0455000000000001,-0.0788083117443839,0.0484848484848485));
#9554=CARTESIAN_POINT('',(-2.4477070622565E-17,-0.105077748992512,0.0509090909090909));
#9555=CARTESIAN_POINT('',(0.0454999999999999,-0.078808311744384,0.0533333333333333));
#9556=CARTESIAN_POINT('',(0.091,-0.052538874496256,0.0557575757575758));
#9557=CARTESIAN_POINT('',(0.091,0.,0.0581818181818182));
#9558=CARTESIAN_POINT('',(0.091,0.0525388744962559,0.0606060606060606));
#9559=CARTESIAN_POINT('',(0.0455,0.0788083117443839,0.063030303030303));
#9560=CARTESIAN_POINT('',(-2.18902337442068E-19,0.105077748992512,0.0654545454545454));
#9561=CARTESIAN_POINT('',(-0.0455,0.0788083117443839,0.0678787878787879));
#9562=CARTESIAN_POINT('',(-0.091,0.052538874496256,0.0703030303030303));
#9563=CARTESIAN_POINT('',(-0.091,1.11442858722409E-17,0.0727272727272727));
#9564=CARTESIAN_POINT('',(-0.0910000000000001,-0.0525388744962559,0.0751515151515152));
#9565=CARTESIAN_POINT('',(-0.0455000000000001,-0.0788083117443839,0.0775757575757576));
#9566=CARTESIAN_POINT('',(-2.74339856384346E-17,-0.105077748992512,0.08));
#9567=CARTESIAN_POINT('',(0.0454999999999999,-0.078808311744384,0.0824242424242424));
#9568=CARTESIAN_POINT('',(0.091,-0.052538874496256,0.0848484848484849));
#9569=CARTESIAN_POINT('',(0.091,0.,0.0872727272727273));
#9570=CARTESIAN_POINT('',(0.091,0.0525388744962559,0.0896969696969697));
#9571=CARTESIAN_POINT('',(0.0455,0.0788083117443839,0.0921212121212121));
#9572=CARTESIAN_POINT('',(-3.17581735331163E-18,0.105077748992512,0.0945454545454546));
#9573=CARTESIAN_POINT('',(-0.0455,0.0788083117443839,0.096969696969697));
#9574=CARTESIAN_POINT('',(-0.091,0.052538874496256,0.0993939393939394));
#9575=CARTESIAN_POINT('',(-0.091,1.11442858722409E-17,0.101818181818182));
#9576=CARTESIAN_POINT('',(-0.0910000000000001,-0.0525388744962559,0.104242424242424));
#9577=CARTESIAN_POINT('',(-0.0455000000000001,-0.0788083117443839,0.106666666666667));
#9578=CARTESIAN_POINT('',(-3.03909006543042E-17,-0.105077748992512,0.109090909090909));
#9579=CARTESIAN_POINT('',(0.0454999999999999,-0.078808311744384,0.111515151515152));
#9580=CARTESIAN_POINT('',(0.091,-0.052538874496256,0.113939393939394));
#9581=CARTESIAN_POINT('',(0.091,0.,0.116363636363636));
#9582=CARTESIAN_POINT('',(0.091,0.0525388744962559,0.118787878787879));
#9583=CARTESIAN_POINT('',(0.0455,0.0788083117443839,0.121212121212121));
#9584=CARTESIAN_POINT('',(-6.13273236918119E-18,0.105077748992512,0.123636363636364));
#9585=CARTESIAN_POINT('',(-0.0455,0.0788083117443839,0.126060606060606));
#9586=CARTESIAN_POINT('',(-0.091,0.052538874496256,0.128484848484848));
#9587=CARTESIAN_POINT('',(-0.091,1.11442858722409E-17,0.130909090909091));
#9588=CARTESIAN_POINT('',(-0.0910000000000001,-0.0525388744962559,0.133333333333333));
#9589=CARTESIAN_POINT('',(-0.0455000000000001,-0.0788083117443839,0.135757575757576));
#9590=CARTESIAN_POINT('',(-3.33478156701737E-17,-0.105077748992512,0.138181818181818));
#9591=CARTESIAN_POINT('',(0.0454999999999999,-0.078808311744384,0.140606060606061));
#9592=CARTESIAN_POINT('',(0.091,-0.052538874496256,0.143030303030303));
#9593=CARTESIAN_POINT('',(0.091,0.,0.145454545454546));
#9594=CARTESIAN_POINT('',(0.091,0.0525388744962559,0.147878787878788));
#9595=CARTESIAN_POINT('',(0.0455,0.0788083117443839,0.15030303030303));
#9596=CARTESIAN_POINT('',(-9.08964738505074E-18,0.105077748992512,0.152727272727273));
#9597=CARTESIAN_POINT('',(-0.0455,0.0788083117443839,0.155151515151515));
#9598=CARTESIAN_POINT('',(-0.091,0.052538874496256,0.157575757575758));
#9599=CARTESIAN_POINT('',(-0.091,1.11442858722409E-17,0.16));
#9600=CARTESIAN_POINT('',(0.091,0.,0.028));
#9601=CARTESIAN_POINT('',(0.091,0.052538874496256,0.0304242424242424));
#9602=CARTESIAN_POINT('',(0.0455,0.078808311744384,0.0328484848484848));
#9603=CARTESIAN_POINT('',(2.8488969915226E-18,0.105077748992512,0.0352727272727272));
#9604=CARTESIAN_POINT('',(-0.0455,0.078808311744384,0.0376969696969697));
#9605=CARTESIAN_POINT('',(-0.091,0.052538874496256,0.0401212121212121));
#9606=CARTESIAN_POINT('',(-0.091,1.11442858722409E-17,0.0425454545454545));
#9607=CARTESIAN_POINT('',(-0.0910000000000001,-0.0525388744962559,0.0449696969696969));
#9608=CARTESIAN_POINT('',(-0.0455000000000001,-0.0788083117443839,0.0473939393939394));
#9609=CARTESIAN_POINT('',(-2.43661863094699E-17,-0.105077748992512,0.0498181818181818));
#9610=CARTESIAN_POINT('',(0.0455,-0.078808311744384,0.0522424242424242));
#9611=CARTESIAN_POINT('',(0.091,-0.052538874496256,0.0546666666666667));
#9612=CARTESIAN_POINT('',(0.091,0.,0.0570909090909091));
#9613=CARTESIAN_POINT('',(0.091,0.052538874496256,0.0595151515151515));
#9614=CARTESIAN_POINT('',(0.0455,0.078808311744384,0.0619393939393939));
#9615=CARTESIAN_POINT('',(-1.08018024346956E-19,0.105077748992512,0.0643636363636363));
#9616=CARTESIAN_POINT('',(-0.0455,0.078808311744384,0.0667878787878788));
#9617=CARTESIAN_POINT('',(-0.091,0.052538874496256,0.0692121212121212));
#9618=CARTESIAN_POINT('',(-0.091,1.11442858722409E-17,0.0716363636363636));
#9619=CARTESIAN_POINT('',(-0.0910000000000001,-0.0525388744962559,0.074060606060606));
#9620=CARTESIAN_POINT('',(-0.0455000000000001,-0.0788083117443839,0.0764848484848485));
#9621=CARTESIAN_POINT('',(-2.73231013253395E-17,-0.105077748992512,0.0789090909090909));
#9622=CARTESIAN_POINT('',(0.0455,-0.078808311744384,0.0813333333333333));
#9623=CARTESIAN_POINT('',(0.091,-0.052538874496256,0.0837575757575758));
#9624=CARTESIAN_POINT('',(0.091,0.,0.0861818181818182));
#9625=CARTESIAN_POINT('',(0.091,0.052538874496256,0.0886060606060606));
#9626=CARTESIAN_POINT('',(0.0455,0.078808311744384,0.091030303030303));
#9627=CARTESIAN_POINT('',(-3.06493304021651E-18,0.105077748992512,0.0934545454545455));
#9628=CARTESIAN_POINT('',(-0.0455,0.078808311744384,0.0958787878787879));
#9629=CARTESIAN_POINT('',(-0.091,0.052538874496256,0.0983030303030303));
#9630=CARTESIAN_POINT('',(-0.091,1.11442858722409E-17,0.100727272727273));
#9631=CARTESIAN_POINT('',(-0.0910000000000001,-0.0525388744962559,0.103151515151515));
#9632=CARTESIAN_POINT('',(-0.0455000000000001,-0.0788083117443839,0.105575757575758));
#9633=CARTESIAN_POINT('',(-3.0280016341209E-17,-0.105077748992512,0.108));
#9634=CARTESIAN_POINT('',(0.0454999999999999,-0.078808311744384,0.110424242424242));
#9635=CARTESIAN_POINT('',(0.091,-0.052538874496256,0.112848484848485));
#9636=CARTESIAN_POINT('',(0.091,0.,0.115272727272727));
#9637=CARTESIAN_POINT('',(0.091,0.052538874496256,0.11769696969697));
#9638=CARTESIAN_POINT('',(0.0455,0.078808311744384,0.120121212121212));
#9639=CARTESIAN_POINT('',(-6.02184805608607E-18,0.105077748992512,0.122545454545455));
#9640=CARTESIAN_POINT('',(-0.0455,0.078808311744384,0.124969696969697));
#9641=CARTESIAN_POINT('',(-0.091,0.052538874496256,0.127393939393939));
#9642=CARTESIAN_POINT('',(-0.091,1.11442858722409E-17,0.129818181818182));
#9643=CARTESIAN_POINT('',(-0.0910000000000001,-0.0525388744962559,0.132242424242424));
#9644=CARTESIAN_POINT('',(-0.0455000000000001,-0.0788083117443839,0.134666666666667));
#9645=CARTESIAN_POINT('',(-3.32369313570786E-17,-0.105077748992512,0.137090909090909));
#9646=CARTESIAN_POINT('',(0.0454999999999999,-0.078808311744384,0.139515151515152));
#9647=CARTESIAN_POINT('',(0.091,-0.052538874496256,0.141939393939394));
#9648=CARTESIAN_POINT('',(0.091,0.,0.144363636363636));
#9649=CARTESIAN_POINT('',(0.091,0.052538874496256,0.146787878787879));
#9650=CARTESIAN_POINT('',(0.0455,0.078808311744384,0.149212121212121));
#9651=CARTESIAN_POINT('',(-8.97876307195563E-18,0.105077748992512,0.151636363636364));
#9652=CARTESIAN_POINT('',(-0.0455,0.078808311744384,0.154060606060606));
#9653=CARTESIAN_POINT('',(-0.091,0.052538874496256,0.156484848484849));
#9654=CARTESIAN_POINT('',(-0.091,1.11442858722409E-17,0.158909090909091));
#9655=CARTESIAN_POINT('',(-0.0910000000000001,-0.0525388744962559,0.161333333333333));
#9656=CARTESIAN_POINT('',(-0.0455000000000001,-0.0788083117443839,0.163757575757576));
#9657=CARTESIAN_POINT('',(-3.61938463729482E-17,-0.105077748992512,0.166181818181818));
#9658=CARTESIAN_POINT('',(0.0454999999999999,-0.078808311744384,0.168606060606061));
#9659=CARTESIAN_POINT('',(0.091,-0.052538874496256,0.171030303030303));
#9660=CARTESIAN_POINT('',(0.091,0.,0.173454545454545));
#9661=CARTESIAN_POINT('',(0.091,0.052538874496256,0.175878787878788));
#9662=CARTESIAN_POINT('',(0.0455,0.078808311744384,0.17830303030303));
#9663=CARTESIAN_POINT('',(-1.19356780878252E-17,0.105077748992512,0.180727272727273));
#9664=CARTESIAN_POINT('',(-0.0455,0.078808311744384,0.183151515151515));
#9665=CARTESIAN_POINT('',(-0.091,0.052538874496256,0.185575757575758));
#9666=CARTESIAN_POINT('',(-0.0910000000000001,1.11442858722409E-17,0.188));
#9667=CARTESIAN_POINT('',(0.119,0.,0.028));
#9668=CARTESIAN_POINT('',(0.119,0.0687046820335654,0.0304242424242424));
#9669=CARTESIAN_POINT('',(0.0595,0.103057023050348,0.0328484848484848));
#9670=CARTESIAN_POINT('',(4.82863743714243E-18,0.137409364067131,0.0352727272727272));
#9671=CARTESIAN_POINT('',(-0.0595,0.103057023050348,0.0376969696969697));
#9672=CARTESIAN_POINT('',(-0.119,0.0687046820335655,0.0401212121212121));
#9673=CARTESIAN_POINT('',(-0.119,1.45732969098535E-17,0.0425454545454545));
#9674=CARTESIAN_POINT('',(-0.119,-0.0687046820335654,0.0449696969696969));
#9675=CARTESIAN_POINT('',(-0.0595000000000001,-0.103057023050348,0.0473939393939394));
#9676=CARTESIAN_POINT('',(-3.03054076463294E-17,-0.137409364067131,0.0498181818181818));
#9677=CARTESIAN_POINT('',(0.0594999999999999,-0.103057023050348,0.0522424242424242));
#9678=CARTESIAN_POINT('',(0.119,-0.0687046820335656,0.0546666666666667));
#9679=CARTESIAN_POINT('',(0.119,0.,0.0570909090909091));
#9680=CARTESIAN_POINT('',(0.119,0.0687046820335654,0.0595151515151515));
#9681=CARTESIAN_POINT('',(0.0595,0.103057023050348,0.0619393939393939));
#9682=CARTESIAN_POINT('',(1.87172242127287E-18,0.137409364067131,0.0643636363636363));
#9683=CARTESIAN_POINT('',(-0.0595,0.103057023050348,0.0667878787878788));
#9684=CARTESIAN_POINT('',(-0.119,0.0687046820335655,0.0692121212121212));
#9685=CARTESIAN_POINT('',(-0.119,1.45732969098535E-17,0.0716363636363636));
#9686=CARTESIAN_POINT('',(-0.119,-0.0687046820335654,0.074060606060606));
#9687=CARTESIAN_POINT('',(-0.0595000000000001,-0.103057023050348,0.0764848484848485));
#9688=CARTESIAN_POINT('',(-3.3262322662199E-17,-0.137409364067131,0.0789090909090909));
#9689=CARTESIAN_POINT('',(0.0594999999999999,-0.103057023050348,0.0813333333333333));
#9690=CARTESIAN_POINT('',(0.119,-0.0687046820335656,0.0837575757575758));
#9691=CARTESIAN_POINT('',(0.119,0.,0.0861818181818182));
#9692=CARTESIAN_POINT('',(0.119,0.0687046820335654,0.0886060606060606));
#9693=CARTESIAN_POINT('',(0.0595,0.103057023050348,0.091030303030303));
#9694=CARTESIAN_POINT('',(-1.08519259459669E-18,0.137409364067131,0.0934545454545455));
#9695=CARTESIAN_POINT('',(-0.0595,0.103057023050348,0.0958787878787879));
#9696=CARTESIAN_POINT('',(-0.119,0.0687046820335655,0.0983030303030303));
#9697=CARTESIAN_POINT('',(-0.119,1.45732969098535E-17,0.100727272727273));
#9698=CARTESIAN_POINT('',(-0.119,-0.0687046820335654,0.103151515151515));
#9699=CARTESIAN_POINT('',(-0.0595000000000001,-0.103057023050348,0.105575757575758));
#9700=CARTESIAN_POINT('',(-3.62192376780685E-17,-0.137409364067131,0.108));
#9701=CARTESIAN_POINT('',(0.0594999999999999,-0.103057023050348,0.110424242424242));
#9702=CARTESIAN_POINT('',(0.119,-0.0687046820335656,0.112848484848485));
#9703=CARTESIAN_POINT('',(0.119,0.,0.115272727272727));
#9704=CARTESIAN_POINT('',(0.119,0.0687046820335654,0.11769696969697));
#9705=CARTESIAN_POINT('',(0.0595,0.103057023050348,0.120121212121212));
#9706=CARTESIAN_POINT('',(-4.04210761046625E-18,0.137409364067131,0.122545454545455));
#9707=CARTESIAN_POINT('',(-0.0595,0.103057023050348,0.124969696969697));
#9708=CARTESIAN_POINT('',(-0.119,0.0687046820335655,0.127393939393939));
#9709=CARTESIAN_POINT('',(-0.119,1.45732969098535E-17,0.129818181818182));
#9710=CARTESIAN_POINT('',(-0.119,-0.0687046820335654,0.132242424242424));
#9711=CARTESIAN_POINT('',(-0.0595000000000001,-0.103057023050348,0.134666666666667));
#9712=CARTESIAN_POINT('',(-3.91761526939381E-17,-0.137409364067131,0.137090909090909));
#9713=CARTESIAN_POINT('',(0.0594999999999999,-0.103057023050348,0.139515151515152));
#9714=CARTESIAN_POINT('',(0.119,-0.0687046820335656,0.141939393939394));
#9715=CARTESIAN_POINT('',(0.119,0.,0.144363636363636));
#9716=CARTESIAN_POINT('',(0.119,0.0687046820335654,0.146787878787879));
#9717=CARTESIAN_POINT('',(0.0595,0.103057023050348,0.149212121212121));
#9718=CARTESIAN_POINT('',(-6.99902262633581E-18,0.137409364067131,0.151636363636364));
#9719=CARTESIAN_POINT('',(-0.0595,0.103057023050348,0.154060606060606));
#9720=CARTESIAN_POINT('',(-0.119,0.0687046820335655,0.156484848484849));
#9721=CARTESIAN_POINT('',(-0.119,1.45732969098535E-17,0.158909090909091));
#9722=CARTESIAN_POINT('',(-0.119,-0.0687046820335654,0.161333333333333));
#9723=CARTESIAN_POINT('',(-0.0595000000000001,-0.103057023050348,0.163757575757576));
#9724=CARTESIAN_POINT('',(-4.21330677098076E-17,-0.137409364067131,0.166181818181818));
#9725=CARTESIAN_POINT('',(0.0594999999999999,-0.103057023050348,0.168606060606061));
#9726=CARTESIAN_POINT('',(0.119,-0.0687046820335656,0.171030303030303));
#9727=CARTESIAN_POINT('',(0.119,0.,0.173454545454545));
#9728=CARTESIAN_POINT('',(0.119,0.0687046820335654,0.175878787878788));
#9729=CARTESIAN_POINT('',(0.0595,0.103057023050348,0.17830303030303));
#9730=CARTESIAN_POINT('',(-9.95593764220537E-18,0.137409364067131,0.180727272727273));
#9731=CARTESIAN_POINT('',(-0.0595,0.103057023050348,0.183151515151515));
#9732=CARTESIAN_POINT('',(-0.119,0.0687046820335655,0.185575757575758));
#9733=CARTESIAN_POINT('',(-0.119,1.45732969098535E-17,0.188));
#9734=CARTESIAN_POINT('',(0.119,0.,0.));
#9735=CARTESIAN_POINT('',(0.119,0.0687046820335654,0.00242424242424242));
#9736=CARTESIAN_POINT('',(0.0595,0.103057023050348,0.00484848484848484));
#9737=CARTESIAN_POINT('',(7.67466813991687E-18,0.137409364067131,0.00727272727272726));
#9738=CARTESIAN_POINT('',(-0.0595,0.103057023050348,0.00969696969696968));
#9739=CARTESIAN_POINT('',(-0.119,0.0687046820335655,0.0121212121212121));
#9740=CARTESIAN_POINT('',(-0.119,1.45732969098535E-17,0.0145454545454545));
#9741=CARTESIAN_POINT('',(-0.119,-0.0687046820335654,0.016969696969697));
#9742=CARTESIAN_POINT('',(-0.0595000000000001,-0.103057023050348,0.0193939393939394));
#9743=CARTESIAN_POINT('',(-2.7459376943555E-17,-0.137409364067131,0.0218181818181818));
#9744=CARTESIAN_POINT('',(0.0594999999999999,-0.103057023050348,0.0242424242424242));
#9745=CARTESIAN_POINT('',(0.119,-0.0687046820335655,0.0266666666666667));
#9746=CARTESIAN_POINT('',(0.119,0.,0.0290909090909091));
#9747=CARTESIAN_POINT('',(0.119,0.0687046820335654,0.0315151515151515));
#9748=CARTESIAN_POINT('',(0.0595,0.103057023050348,0.0339393939393939));
#9749=CARTESIAN_POINT('',(4.71775312404731E-18,0.137409364067131,0.0363636363636364));
#9750=CARTESIAN_POINT('',(-0.0595,0.103057023050348,0.0387878787878788));
#9751=CARTESIAN_POINT('',(-0.119,0.0687046820335655,0.0412121212121212));
#9752=CARTESIAN_POINT('',(-0.119,1.45732969098535E-17,0.0436363636363636));
#9753=CARTESIAN_POINT('',(-0.119,-0.0687046820335654,0.0460606060606061));
#9754=CARTESIAN_POINT('',(-0.0595000000000001,-0.103057023050348,0.0484848484848485));
#9755=CARTESIAN_POINT('',(-3.04162919594245E-17,-0.137409364067131,0.0509090909090909));
#9756=CARTESIAN_POINT('',(0.0594999999999999,-0.103057023050348,0.0533333333333333));
#9757=CARTESIAN_POINT('',(0.119,-0.0687046820335655,0.0557575757575758));
#9758=CARTESIAN_POINT('',(0.119,0.,0.0581818181818182));
#9759=CARTESIAN_POINT('',(0.119,0.0687046820335654,0.0606060606060606));
#9760=CARTESIAN_POINT('',(0.0595,0.103057023050348,0.063030303030303));
#9761=CARTESIAN_POINT('',(1.76083810817776E-18,0.137409364067131,0.0654545454545454));
#9762=CARTESIAN_POINT('',(-0.0595,0.103057023050348,0.0678787878787879));
#9763=CARTESIAN_POINT('',(-0.119,0.0687046820335655,0.0703030303030303));
#9764=CARTESIAN_POINT('',(-0.119,1.45732969098535E-17,0.0727272727272727));
#9765=CARTESIAN_POINT('',(-0.119,-0.0687046820335654,0.0751515151515152));
#9766=CARTESIAN_POINT('',(-0.0595000000000001,-0.103057023050348,0.0775757575757576));
#9767=CARTESIAN_POINT('',(-3.33732069752941E-17,-0.137409364067131,0.08));
#9768=CARTESIAN_POINT('',(0.0594999999999999,-0.103057023050348,0.0824242424242424));
#9769=CARTESIAN_POINT('',(0.119,-0.0687046820335655,0.0848484848484849));
#9770=CARTESIAN_POINT('',(0.119,0.,0.0872727272727273));
#9771=CARTESIAN_POINT('',(0.119,0.0687046820335654,0.0896969696969697));
#9772=CARTESIAN_POINT('',(0.0595,0.103057023050348,0.0921212121212121));
#9773=CARTESIAN_POINT('',(-1.1960769076918E-18,0.137409364067131,0.0945454545454546));
#9774=CARTESIAN_POINT('',(-0.0595,0.103057023050348,0.096969696969697));
#9775=CARTESIAN_POINT('',(-0.119,0.0687046820335655,0.0993939393939394));
#9776=CARTESIAN_POINT('',(-0.119,1.45732969098535E-17,0.101818181818182));
#9777=CARTESIAN_POINT('',(-0.119,-0.0687046820335654,0.104242424242424));
#9778=CARTESIAN_POINT('',(-0.0595000000000001,-0.103057023050348,0.106666666666667));
#9779=CARTESIAN_POINT('',(-3.63301219911636E-17,-0.137409364067131,0.109090909090909));
#9780=CARTESIAN_POINT('',(0.0594999999999999,-0.103057023050348,0.111515151515152));
#9781=CARTESIAN_POINT('',(0.119,-0.0687046820335655,0.113939393939394));
#9782=CARTESIAN_POINT('',(0.119,0.,0.116363636363636));
#9783=CARTESIAN_POINT('',(0.119,0.0687046820335654,0.118787878787879));
#9784=CARTESIAN_POINT('',(0.0595,0.103057023050348,0.121212121212121));
#9785=CARTESIAN_POINT('',(-4.15299192356136E-18,0.137409364067131,0.123636363636364));
#9786=CARTESIAN_POINT('',(-0.0595,0.103057023050348,0.126060606060606));
#9787=CARTESIAN_POINT('',(-0.119,0.0687046820335655,0.128484848484848));
#9788=CARTESIAN_POINT('',(-0.119,1.45732969098535E-17,0.130909090909091));
#9789=CARTESIAN_POINT('',(-0.119,-0.0687046820335654,0.133333333333333));
#9790=CARTESIAN_POINT('',(-0.0595000000000001,-0.103057023050348,0.135757575757576));
#9791=CARTESIAN_POINT('',(-3.92870370070332E-17,-0.137409364067131,0.138181818181818));
#9792=CARTESIAN_POINT('',(0.0594999999999999,-0.103057023050348,0.140606060606061));
#9793=CARTESIAN_POINT('',(0.119,-0.0687046820335655,0.143030303030303));
#9794=CARTESIAN_POINT('',(0.119,0.,0.145454545454546));
#9795=CARTESIAN_POINT('',(0.119,0.0687046820335654,0.147878787878788));
#9796=CARTESIAN_POINT('',(0.0595,0.103057023050348,0.15030303030303));
#9797=CARTESIAN_POINT('',(-7.10990693943092E-18,0.137409364067131,0.152727272727273));
#9798=CARTESIAN_POINT('',(-0.0595,0.103057023050348,0.155151515151515));
#9799=CARTESIAN_POINT('',(-0.119,0.0687046820335655,0.157575757575758));
#9800=CARTESIAN_POINT('',(-0.119,1.45732969098535E-17,0.16));
#9801=CARTESIAN_POINT('',(-0.105,5.14481641575572E-16,0.16));
#9802=CARTESIAN_POINT('',(-0.119,5.83079193785648E-16,0.16));
#9803=CARTESIAN_POINT('',(-0.102471929430149,-0.0320918230926792,0.146136245571742));
#9804=CARTESIAN_POINT('',(-0.102164745067076,-0.0223140830699262,0.145929039209171));
#9805=CARTESIAN_POINT('',(-0.0979174579457032,-0.0319227311285364,0.146167427336414));
#9806=CARTESIAN_POINT('',(-0.094582949451933,-0.0385640269063753,0.14636908864117));
#9807=CARTESIAN_POINT('',(-0.0891210284053261,-0.0487260961107541,0.146713930159367));
#9808=CARTESIAN_POINT('',(-0.0818898542881692,-0.0591858472071212,0.147179400855745));
#9809=CARTESIAN_POINT('',(-0.0707101367676624,-0.0723717228145303,0.14791411676435));
#9810=CARTESIAN_POINT('',(-0.0540293173574649,-0.0865214985146801,0.149024119540836));
#9811=CARTESIAN_POINT('',(-0.0235265304956427,-0.102709001095645,0.150980239542511));
#9812=CARTESIAN_POINT('',(0.00737884868615022,-0.107558744930105,0.152800563132788));
#9813=CARTESIAN_POINT('',(0.0330894443404243,-0.104744872622296,0.15289975294786));
#9814=CARTESIAN_POINT('',(0.0437591946647208,-0.102242203950195,0.152798497520057));
#9815=CARTESIAN_POINT('',(0.0519155542460518,-0.100229599549998,0.152002113903311));
#9816=CARTESIAN_POINT('',(0.0576745937365922,-0.097628114933142,0.15206227902853));
#9817=CARTESIAN_POINT('',(0.0606672028916674,-0.0988203009035131,0.149529065441403));
#9818=CARTESIAN_POINT('',(0.0560582415486593,-0.101957063538015,0.148754490655605));
#9819=CARTESIAN_POINT('',(0.0504608568020046,-0.105516006091027,0.147765126616571));
#9820=CARTESIAN_POINT('',(0.0403758987411808,-0.110093757483854,0.147036906610084));
#9821=CARTESIAN_POINT('',(0.024148314124823,-0.115099453593016,0.146262513734311));
#9822=CARTESIAN_POINT('',(0.00297399361657109,-0.117649518726364,0.145940795251406));
#9823=CARTESIAN_POINT('',(-0.0225827435815442,-0.1146699775699,0.146046335222538));
#9824=CARTESIAN_POINT('',(-0.0467300420187903,-0.105774425284731,0.146366737915174));
#9825=CARTESIAN_POINT('',(-0.0680493366883187,-0.0916870031331773,0.146668656887271));
#9826=CARTESIAN_POINT('',(-0.0826588431618524,-0.076013314245432,0.146720824241584));
#9827=CARTESIAN_POINT('',(-0.0918019932481932,-0.061657465469979,0.146612764421075));
#9828=CARTESIAN_POINT('',(-0.0974020126977203,-0.0501850489410209,0.146465652612518));
#9829=CARTESIAN_POINT('',(-0.100608737460232,-0.0394396461466022,0.146277146997277));
#9830=CARTESIAN_POINT('',(-0.102471929430149,-0.0320918230926792,0.146136245571742));
#9831=CARTESIAN_POINT('',(-0.102164745067076,-0.0223140830699262,0.145929039209171));
#9832=CARTESIAN_POINT('',(-0.0979174579457032,-0.0319227311285364,0.146167427336414));
#9833=CARTESIAN_POINT('',(-0.101508061274027,-0.0255451477501546,0.146003304957473));
#9834=CARTESIAN_POINT('',(-0.119,5.83079193785648E-16,0.16));
#9835=CARTESIAN_POINT('',(-0.115194641880816,-0.259466573405207,0.16));
#9836=CARTESIAN_POINT('',(0.144299455198101,-0.25991047232732,0.16));
#9837=CARTESIAN_POINT('',(0.148992492127223,-0.000458436549149674,0.16));
#9838=CARTESIAN_POINT('',(-0.119,5.83079193785648E-16,0.188));
#9839=CARTESIAN_POINT('',(-0.115194641880816,-0.259466573405207,0.188));
#9840=CARTESIAN_POINT('',(0.144299455198101,-0.25991047232732,0.188));
#9841=CARTESIAN_POINT('',(0.148992492127223,-0.000458436549149674,0.188));
#9842=CARTESIAN_POINT('',(-0.091,4.45884089365496E-16,0.188));
#9843=CARTESIAN_POINT('',(-0.0871946418808155,-0.205249677469791,0.188));
#9844=CARTESIAN_POINT('',(0.11808982856353,-0.204805778547678,0.188));
#9845=CARTESIAN_POINT('',(0.121007507872777,0.000458436549150519,0.188));
#9846=CARTESIAN_POINT('',(-0.091,4.45884089365496E-16,0.16));
#9847=CARTESIAN_POINT('',(-0.0871946418808155,-0.205249677469791,0.16));
#9848=CARTESIAN_POINT('',(0.11808982856353,-0.204805778547678,0.16));
#9849=CARTESIAN_POINT('',(0.121007507872777,0.000458436549150519,0.16));
#9850=CARTESIAN_POINT('',(-0.091,4.45884089365496E-16,0.132));
#9851=CARTESIAN_POINT('',(-0.0871946418808155,-0.205249677469791,0.132));
#9852=CARTESIAN_POINT('',(0.11808982856353,-0.204805778547678,0.132));
#9853=CARTESIAN_POINT('',(0.121007507872777,0.000458436549150519,0.132));
#9854=CARTESIAN_POINT('',(-0.119,5.83079193785648E-16,0.132));
#9855=CARTESIAN_POINT('',(-0.115194641880816,-0.259466573405207,0.132));
#9856=CARTESIAN_POINT('',(0.144299455198101,-0.25991047232732,0.132));
#9857=CARTESIAN_POINT('',(0.148992492127223,-0.000458436549149674,0.132));
#9858=CARTESIAN_POINT('',(-0.119,5.83079193785648E-16,0.16));
#9859=CARTESIAN_POINT('',(-0.115194641880816,-0.259466573405207,0.16));
#9860=CARTESIAN_POINT('',(0.144299455198101,-0.25991047232732,0.16));
#9861=CARTESIAN_POINT('',(0.148992492127223,-0.000458436549149674,0.16));
#9862=CARTESIAN_POINT('',(0.0227638520927018,-0.126695510604207,0.149142220937365));
#9863=CARTESIAN_POINT('',(0.0165986932418908,-0.125891656633775,0.14834446615088));
#9864=CARTESIAN_POINT('',(0.0228156175050999,-0.124165520201447,0.147487062089219));
#9865=CARTESIAN_POINT('',(0.0273045677510653,-0.123049283063318,0.147153685179498));
#9866=CARTESIAN_POINT('',(0.0369456238416215,-0.120502796598565,0.146588123844806));
#9867=CARTESIAN_POINT('',(0.0495027779933389,-0.116217672430081,0.146250467824049));
#9868=CARTESIAN_POINT('',(0.0643127236494234,-0.109251199191683,0.146035608984367));
#9869=CARTESIAN_POINT('',(0.082580059616208,-0.0979835847437235,0.145979804616027));
#9870=CARTESIAN_POINT('',(0.0985646294681028,-0.0840746687059743,0.146024322451932));
#9871=CARTESIAN_POINT('',(0.111667915813072,-0.0686800555698262,0.146023615623263));
#9872=CARTESIAN_POINT('',(0.116059983262671,-0.0622017375301075,0.145980096711306));
#9873=CARTESIAN_POINT('',(0.121605422370888,-0.0561850780057188,0.146037481988855));
#9874=CARTESIAN_POINT('',(0.119203790256097,-0.064159674864261,0.146356416427264));
#9875=CARTESIAN_POINT('',(0.116699486349835,-0.0688119358218091,0.146537777036936));
#9876=CARTESIAN_POINT('',(0.111141156091061,-0.0784924830816849,0.146934658939734));
#9877=CARTESIAN_POINT('',(0.103043102715142,-0.0888576091541544,0.147414116005679));
#9878=CARTESIAN_POINT('',(0.0917524306390402,-0.0999645212564303,0.148001169613434));
#9879=CARTESIAN_POINT('',(0.0788614630051208,-0.109461624820031,0.148561278813123));
#9880=CARTESIAN_POINT('',(0.0649038924405727,-0.117019319207682,0.14901184775249));
#9881=CARTESIAN_POINT('',(0.0500024108529727,-0.122588727574461,0.149317611995149));
#9882=CARTESIAN_POINT('',(0.0371491868831774,-0.125595168085836,0.149472527509639));
#9883=CARTESIAN_POINT('',(0.0273987556836272,-0.126442319187193,0.149244737241826));
#9884=CARTESIAN_POINT('',(0.0227638520927018,-0.126695510604207,0.149142220937365));
#9885=CARTESIAN_POINT('',(0.0165986932418908,-0.125891656633775,0.14834446615088));
#9886=CARTESIAN_POINT('',(0.0228156175050999,-0.124165520201447,0.147487062089219));
#9887=CARTESIAN_POINT('',(0.0186623737637699,-0.125737942890472,0.148334524605365));
#9888=CARTESIAN_POINT('',(0.135,4.77048955893622E-16,0.16));
#9889=CARTESIAN_POINT('',(0.148992492127223,-0.000458436549149674,0.16));
#9890=CARTESIAN_POINT('',(0.149,0.,0.16));
#9891=CARTESIAN_POINT('',(0.149,0.0860251901092542,0.1575));
#9892=CARTESIAN_POINT('',(0.0745,0.129037785163881,0.155));
#9893=CARTESIAN_POINT('',(-4.96565556341961E-18,0.172050380218508,0.1525));
#9894=CARTESIAN_POINT('',(-0.0745,0.129037785163881,0.15));
#9895=CARTESIAN_POINT('',(-0.149,0.0860251901092543,0.1475));
#9896=CARTESIAN_POINT('',(-0.149,1.82472373072956E-17,0.145));
#9897=CARTESIAN_POINT('',(-0.149,-0.0860251901092542,0.1425));
#9898=CARTESIAN_POINT('',(-0.0745000000000001,-0.129037785163881,0.14));
#9899=CARTESIAN_POINT('',(-4.55811857436982E-17,-0.172050380218508,0.1375));
#9900=CARTESIAN_POINT('',(0.0744999999999999,-0.129037785163881,0.135));
#9901=CARTESIAN_POINT('',(0.149,-0.0860251901092543,0.1325));
#9902=CARTESIAN_POINT('',(0.149,0.,0.13));
#9903=CARTESIAN_POINT('',(0.149,0.0860251901092542,0.1275));
#9904=CARTESIAN_POINT('',(0.0745,0.129037785163881,0.125));
#9905=CARTESIAN_POINT('',(-1.91633695330413E-18,0.172050380218508,0.1225));
#9906=CARTESIAN_POINT('',(-0.0745,0.129037785163881,0.12));
#9907=CARTESIAN_POINT('',(-0.149,0.0860251901092543,0.1175));
#9908=CARTESIAN_POINT('',(-0.149,1.82472373072956E-17,0.115));
#9909=CARTESIAN_POINT('',(-0.149,-0.0860251901092542,0.1125));
#9910=CARTESIAN_POINT('',(-0.0745000000000001,-0.129037785163881,0.11));
#9911=CARTESIAN_POINT('',(-4.25318671335827E-17,-0.172050380218508,0.1075));
#9912=CARTESIAN_POINT('',(0.0744999999999999,-0.129037785163881,0.105));
#9913=CARTESIAN_POINT('',(0.149,-0.0860251901092543,0.1025));
#9914=CARTESIAN_POINT('',(0.149,0.,0.1));
#9915=CARTESIAN_POINT('',(0.149,0.0860251901092542,0.0975));
#9916=CARTESIAN_POINT('',(0.0745,0.129037785163881,0.095));
#9917=CARTESIAN_POINT('',(1.13298165681135E-18,0.172050380218508,0.0925));
#9918=CARTESIAN_POINT('',(-0.0745,0.129037785163881,0.09));
#9919=CARTESIAN_POINT('',(-0.149,0.0860251901092543,0.0874999999999999));
#9920=CARTESIAN_POINT('',(-0.149,1.82472373072956E-17,0.0849999999999999));
#9921=CARTESIAN_POINT('',(-0.149,-0.0860251901092542,0.0824999999999999));
#9922=CARTESIAN_POINT('',(-0.0745000000000001,-0.129037785163881,0.0799999999999999));
#9923=CARTESIAN_POINT('',(-3.94825485234672E-17,-0.172050380218508,0.0775));
#9924=CARTESIAN_POINT('',(0.0744999999999999,-0.129037785163881,0.075));
#9925=CARTESIAN_POINT('',(0.149,-0.0860251901092543,0.0725));
#9926=CARTESIAN_POINT('',(0.149,0.,0.07));
#9927=CARTESIAN_POINT('',(0.149,0.0860251901092542,0.0675));
#9928=CARTESIAN_POINT('',(0.0745,0.129037785163881,0.065));
#9929=CARTESIAN_POINT('',(4.18230026692683E-18,0.172050380218508,0.0625));
#9930=CARTESIAN_POINT('',(-0.0745,0.129037785163881,0.06));
#9931=CARTESIAN_POINT('',(-0.149,0.0860251901092543,0.0574999999999999));
#9932=CARTESIAN_POINT('',(-0.149,1.82472373072956E-17,0.0549999999999999));
#9933=CARTESIAN_POINT('',(-0.149,-0.0860251901092542,0.0524999999999999));
#9934=CARTESIAN_POINT('',(-0.0745000000000001,-0.129037785163881,0.0499999999999999));
#9935=CARTESIAN_POINT('',(-3.64332299133517E-17,-0.172050380218508,0.0475));
#9936=CARTESIAN_POINT('',(0.0744999999999999,-0.129037785163881,0.045));
#9937=CARTESIAN_POINT('',(0.149,-0.0860251901092543,0.0425));
#9938=CARTESIAN_POINT('',(0.149,0.,0.04));
#9939=CARTESIAN_POINT('',(0.149,0.0860251901092542,0.0375));
#9940=CARTESIAN_POINT('',(0.0745,0.129037785163881,0.035));
#9941=CARTESIAN_POINT('',(7.23161887704231E-18,0.172050380218508,0.0325));
#9942=CARTESIAN_POINT('',(-0.0745,0.129037785163881,0.03));
#9943=CARTESIAN_POINT('',(-0.149,0.0860251901092543,0.0274999999999999));
#9944=CARTESIAN_POINT('',(-0.149,1.82472373072956E-17,0.0249999999999999));
#9945=CARTESIAN_POINT('',(0.149,0.,0.132));
#9946=CARTESIAN_POINT('',(0.149,0.0860251901092542,0.1295));
#9947=CARTESIAN_POINT('',(0.0745,0.129037785163881,0.127));
#9948=CARTESIAN_POINT('',(-2.11962486064517E-18,0.172050380218509,0.1245));
#9949=CARTESIAN_POINT('',(-0.0745,0.129037785163881,0.122));
#9950=CARTESIAN_POINT('',(-0.149,0.0860251901092543,0.1195));
#9951=CARTESIAN_POINT('',(-0.149,1.82472373072956E-17,0.117));
#9952=CARTESIAN_POINT('',(-0.149,-0.0860251901092542,0.1145));
#9953=CARTESIAN_POINT('',(-0.0745000000000001,-0.129037785163881,0.112));
#9954=CARTESIAN_POINT('',(-4.27351550409237E-17,-0.172050380218509,0.1095));
#9955=CARTESIAN_POINT('',(0.0744999999999999,-0.129037785163881,0.107));
#9956=CARTESIAN_POINT('',(0.149,-0.0860251901092543,0.1045));
#9957=CARTESIAN_POINT('',(0.149,0.,0.102));
#9958=CARTESIAN_POINT('',(0.149,0.0860251901092542,0.0995));
#9959=CARTESIAN_POINT('',(0.0745,0.129037785163881,0.097));
#9960=CARTESIAN_POINT('',(9.29693749470312E-19,0.172050380218509,0.0945));
#9961=CARTESIAN_POINT('',(-0.0745,0.129037785163881,0.092));
#9962=CARTESIAN_POINT('',(-0.149,0.0860251901092543,0.0895));
#9963=CARTESIAN_POINT('',(-0.149,1.82472373072956E-17,0.087));
#9964=CARTESIAN_POINT('',(-0.149,-0.0860251901092542,0.0845));
#9965=CARTESIAN_POINT('',(-0.0745000000000001,-0.129037785163881,0.082));
#9966=CARTESIAN_POINT('',(-3.96858364308083E-17,-0.172050380218509,0.0795));
#9967=CARTESIAN_POINT('',(0.0744999999999999,-0.129037785163881,0.077));
#9968=CARTESIAN_POINT('',(0.149,-0.0860251901092543,0.0745));
#9969=CARTESIAN_POINT('',(0.149,0.,0.072));
#9970=CARTESIAN_POINT('',(0.149,0.0860251901092542,0.0695));
#9971=CARTESIAN_POINT('',(0.0745,0.129037785163881,0.067));
#9972=CARTESIAN_POINT('',(3.97901235958579E-18,0.172050380218509,0.0645));
#9973=CARTESIAN_POINT('',(-0.0745,0.129037785163881,0.062));
#9974=CARTESIAN_POINT('',(-0.149,0.0860251901092543,0.0594999999999999));
#9975=CARTESIAN_POINT('',(-0.149,1.82472373072956E-17,0.057));
#9976=CARTESIAN_POINT('',(-0.149,-0.0860251901092542,0.0545));
#9977=CARTESIAN_POINT('',(-0.0745000000000001,-0.129037785163881,0.0519999999999999));
#9978=CARTESIAN_POINT('',(-3.66365178206928E-17,-0.172050380218509,0.0495));
#9979=CARTESIAN_POINT('',(0.0744999999999999,-0.129037785163881,0.047));
#9980=CARTESIAN_POINT('',(0.149,-0.0860251901092543,0.0445));
#9981=CARTESIAN_POINT('',(0.149,0.,0.042));
#9982=CARTESIAN_POINT('',(0.149,0.0860251901092542,0.0395));
#9983=CARTESIAN_POINT('',(0.0745,0.129037785163881,0.037));
#9984=CARTESIAN_POINT('',(7.02833096970127E-18,0.172050380218509,0.0345));
#9985=CARTESIAN_POINT('',(-0.0745,0.129037785163881,0.032));
#9986=CARTESIAN_POINT('',(-0.149,0.0860251901092543,0.0294999999999999));
#9987=CARTESIAN_POINT('',(-0.149,1.82472373072956E-17,0.0269999999999999));
#9988=CARTESIAN_POINT('',(-0.149,-0.0860251901092542,0.0245));
#9989=CARTESIAN_POINT('',(-0.0745000000000001,-0.129037785163881,0.022));
#9990=CARTESIAN_POINT('',(-3.35871992105773E-17,-0.172050380218509,0.0195));
#9991=CARTESIAN_POINT('',(0.0744999999999999,-0.129037785163881,0.017));
#9992=CARTESIAN_POINT('',(0.149,-0.0860251901092543,0.0145));
#9993=CARTESIAN_POINT('',(0.149,0.,0.012));
#9994=CARTESIAN_POINT('',(0.149,0.0860251901092542,0.0095));
#9995=CARTESIAN_POINT('',(0.0745,0.129037785163881,0.007));
#9996=CARTESIAN_POINT('',(1.00776495798168E-17,0.172050380218509,0.00449999999999997));
#9997=CARTESIAN_POINT('',(-0.0745,0.129037785163881,0.00199999999999996));
#9998=CARTESIAN_POINT('',(-0.149,0.0860251901092543,-0.000500000000000045));
#9999=CARTESIAN_POINT('',(-0.149,1.82472373072956E-17,-0.00300000000000005));
#10000=CARTESIAN_POINT('',(0.121,0.,0.132));
#10001=CARTESIAN_POINT('',(0.121,0.0698593825719447,0.1295));
#10002=CARTESIAN_POINT('',(0.0605,0.104789073857917,0.127));
#10003=CARTESIAN_POINT('',(-4.09936530626499E-18,0.139718765143889,0.1245));
#10004=CARTESIAN_POINT('',(-0.0605,0.104789073857917,0.122));
#10005=CARTESIAN_POINT('',(-0.121,0.0698593825719448,0.1195));
#10006=CARTESIAN_POINT('',(-0.121,1.4818226269683E-17,0.117));
#10007=CARTESIAN_POINT('',(-0.121,-0.0698593825719447,0.1145));
#10008=CARTESIAN_POINT('',(-0.0605000000000001,-0.104789073857917,0.112));
#10009=CARTESIAN_POINT('',(-3.67959337040643E-17,-0.139718765143889,0.1095));
#10010=CARTESIAN_POINT('',(0.0604999999999999,-0.104789073857917,0.107));
#10011=CARTESIAN_POINT('',(0.121,-0.0698593825719448,0.1045));
#10012=CARTESIAN_POINT('',(0.121,0.,0.102));
#10013=CARTESIAN_POINT('',(0.121,0.0698593825719447,0.0995));
#10014=CARTESIAN_POINT('',(0.0605,0.104789073857917,0.097));
#10015=CARTESIAN_POINT('',(-1.05004669614951E-18,0.139718765143889,0.0945));
#10016=CARTESIAN_POINT('',(-0.0605,0.104789073857917,0.092));
#10017=CARTESIAN_POINT('',(-0.121,0.0698593825719448,0.0895));
#10018=CARTESIAN_POINT('',(-0.121,1.4818226269683E-17,0.087));
#10019=CARTESIAN_POINT('',(-0.121,-0.0698593825719447,0.0845));
#10020=CARTESIAN_POINT('',(-0.0605000000000001,-0.104789073857917,0.082));
#10021=CARTESIAN_POINT('',(-3.37466150939488E-17,-0.139718765143889,0.0795));
#10022=CARTESIAN_POINT('',(0.0604999999999999,-0.104789073857917,0.077));
#10023=CARTESIAN_POINT('',(0.121,-0.0698593825719448,0.0745));
#10024=CARTESIAN_POINT('',(0.121,0.,0.072));
#10025=CARTESIAN_POINT('',(0.121,0.0698593825719447,0.0695));
#10026=CARTESIAN_POINT('',(0.0605,0.104789073857917,0.067));
#10027=CARTESIAN_POINT('',(1.99927191396597E-18,0.139718765143889,0.0645));
#10028=CARTESIAN_POINT('',(-0.0605,0.104789073857917,0.062));
#10029=CARTESIAN_POINT('',(-0.121,0.0698593825719448,0.0595));
#10030=CARTESIAN_POINT('',(-0.121,1.4818226269683E-17,0.057));
#10031=CARTESIAN_POINT('',(-0.121,-0.0698593825719447,0.0545));
#10032=CARTESIAN_POINT('',(-0.0605000000000001,-0.104789073857917,0.052));
#10033=CARTESIAN_POINT('',(-3.06972964838333E-17,-0.139718765143889,0.0495));
#10034=CARTESIAN_POINT('',(0.0604999999999999,-0.104789073857917,0.047));
#10035=CARTESIAN_POINT('',(0.121,-0.0698593825719448,0.0445));
#10036=CARTESIAN_POINT('',(0.121,0.,0.042));
#10037=CARTESIAN_POINT('',(0.121,0.0698593825719447,0.0395));
#10038=CARTESIAN_POINT('',(0.0605,0.104789073857917,0.037));
#10039=CARTESIAN_POINT('',(5.04859052408145E-18,0.139718765143889,0.0345));
#10040=CARTESIAN_POINT('',(-0.0605,0.104789073857917,0.032));
#10041=CARTESIAN_POINT('',(-0.121,0.0698593825719448,0.0295));
#10042=CARTESIAN_POINT('',(-0.121,1.4818226269683E-17,0.027));
#10043=CARTESIAN_POINT('',(-0.121,-0.0698593825719447,0.0245));
#10044=CARTESIAN_POINT('',(-0.0605000000000001,-0.104789073857917,0.022));
#10045=CARTESIAN_POINT('',(-2.76479778737178E-17,-0.139718765143889,0.0195));
#10046=CARTESIAN_POINT('',(0.0604999999999999,-0.104789073857917,0.017));
#10047=CARTESIAN_POINT('',(0.121,-0.0698593825719448,0.0145));
#10048=CARTESIAN_POINT('',(0.121,0.,0.012));
#10049=CARTESIAN_POINT('',(0.121,0.0698593825719447,0.0095));
#10050=CARTESIAN_POINT('',(0.0605,0.104789073857917,0.007));
#10051=CARTESIAN_POINT('',(8.09790913419693E-18,0.139718765143889,0.00449999999999999));
#10052=CARTESIAN_POINT('',(-0.0605,0.104789073857917,0.00199999999999998));
#10053=CARTESIAN_POINT('',(-0.121,0.0698593825719448,-0.000500000000000001));
#10054=CARTESIAN_POINT('',(-0.121,1.4818226269683E-17,-0.00300000000000001));
#10055=CARTESIAN_POINT('',(0.121,0.,0.16));
#10056=CARTESIAN_POINT('',(0.121,0.0698593825719447,0.1575));
#10057=CARTESIAN_POINT('',(0.0605,0.104789073857917,0.155));
#10058=CARTESIAN_POINT('',(-6.94539600903944E-18,0.139718765143889,0.1525));
#10059=CARTESIAN_POINT('',(-0.0605,0.104789073857917,0.15));
#10060=CARTESIAN_POINT('',(-0.121,0.0698593825719448,0.1475));
#10061=CARTESIAN_POINT('',(-0.121,1.4818226269683E-17,0.145));
#10062=CARTESIAN_POINT('',(-0.121,-0.0698593825719447,0.1425));
#10063=CARTESIAN_POINT('',(-0.0605000000000001,-0.104789073857917,0.14));
#10064=CARTESIAN_POINT('',(-3.96419644068387E-17,-0.139718765143889,0.1375));
#10065=CARTESIAN_POINT('',(0.0604999999999999,-0.104789073857917,0.135));
#10066=CARTESIAN_POINT('',(0.121,-0.0698593825719448,0.1325));
#10067=CARTESIAN_POINT('',(0.121,0.,0.13));
#10068=CARTESIAN_POINT('',(0.121,0.0698593825719447,0.1275));
#10069=CARTESIAN_POINT('',(0.0605,0.104789073857917,0.125));
#10070=CARTESIAN_POINT('',(-3.89607739892396E-18,0.139718765143889,0.1225));
#10071=CARTESIAN_POINT('',(-0.0605,0.104789073857917,0.12));
#10072=CARTESIAN_POINT('',(-0.121,0.0698593825719448,0.1175));
#10073=CARTESIAN_POINT('',(-0.121,1.4818226269683E-17,0.115));
#10074=CARTESIAN_POINT('',(-0.121,-0.0698593825719447,0.1125));
#10075=CARTESIAN_POINT('',(-0.0605000000000001,-0.104789073857917,0.11));
#10076=CARTESIAN_POINT('',(-3.65926457967232E-17,-0.139718765143889,0.1075));
#10077=CARTESIAN_POINT('',(0.0604999999999999,-0.104789073857917,0.105));
#10078=CARTESIAN_POINT('',(0.121,-0.0698593825719448,0.1025));
#10079=CARTESIAN_POINT('',(0.121,0.,0.1));
#10080=CARTESIAN_POINT('',(0.121,0.0698593825719447,0.0975));
#10081=CARTESIAN_POINT('',(0.0605,0.104789073857917,0.095));
#10082=CARTESIAN_POINT('',(-8.4675878880848E-19,0.139718765143889,0.0925));
#10083=CARTESIAN_POINT('',(-0.0605,0.104789073857917,0.09));
#10084=CARTESIAN_POINT('',(-0.121,0.0698593825719448,0.0874999999999999));
#10085=CARTESIAN_POINT('',(-0.121,1.4818226269683E-17,0.0849999999999999));
#10086=CARTESIAN_POINT('',(-0.121,-0.0698593825719447,0.0824999999999999));
#10087=CARTESIAN_POINT('',(-0.0605000000000001,-0.104789073857917,0.0799999999999999));
#10088=CARTESIAN_POINT('',(-3.35433271866077E-17,-0.139718765143889,0.0775));
#10089=CARTESIAN_POINT('',(0.0604999999999999,-0.104789073857917,0.075));
#10090=CARTESIAN_POINT('',(0.121,-0.0698593825719448,0.0725));
#10091=CARTESIAN_POINT('',(0.121,0.,0.07));
#10092=CARTESIAN_POINT('',(0.121,0.0698593825719447,0.0675));
#10093=CARTESIAN_POINT('',(0.0605,0.104789073857917,0.065));
#10094=CARTESIAN_POINT('',(2.202559821307E-18,0.139718765143889,0.0625));
#10095=CARTESIAN_POINT('',(-0.0605,0.104789073857917,0.06));
#10096=CARTESIAN_POINT('',(-0.121,0.0698593825719448,0.0574999999999999));
#10097=CARTESIAN_POINT('',(-0.121,1.4818226269683E-17,0.0549999999999999));
#10098=CARTESIAN_POINT('',(-0.121,-0.0698593825719447,0.0524999999999999));
#10099=CARTESIAN_POINT('',(-0.0605000000000001,-0.104789073857917,0.0499999999999999));
#10100=CARTESIAN_POINT('',(-3.04940085764923E-17,-0.139718765143889,0.0475));
#10101=CARTESIAN_POINT('',(0.0604999999999999,-0.104789073857917,0.045));
#10102=CARTESIAN_POINT('',(0.121,-0.0698593825719448,0.0425));
#10103=CARTESIAN_POINT('',(0.121,0.,0.04));
#10104=CARTESIAN_POINT('',(0.121,0.0698593825719447,0.0375));
#10105=CARTESIAN_POINT('',(0.0605,0.104789073857917,0.035));
#10106=CARTESIAN_POINT('',(5.25187843142248E-18,0.139718765143889,0.0325));
#10107=CARTESIAN_POINT('',(-0.0605,0.104789073857917,0.03));
#10108=CARTESIAN_POINT('',(-0.121,0.0698593825719448,0.0274999999999999));
#10109=CARTESIAN_POINT('',(-0.121,1.4818226269683E-17,0.0249999999999999));
#10110=CARTESIAN_POINT('',(0.121,0.,0.188));
#10111=CARTESIAN_POINT('',(0.121,0.0698593825719447,0.1855));
#10112=CARTESIAN_POINT('',(0.0605,0.104789073857917,0.183));
#10113=CARTESIAN_POINT('',(-9.79142671181389E-18,0.139718765143889,0.1805));
#10114=CARTESIAN_POINT('',(-0.0605,0.104789073857917,0.178));
#10115=CARTESIAN_POINT('',(-0.121,0.0698593825719448,0.1755));
#10116=CARTESIAN_POINT('',(-0.121,1.4818226269683E-17,0.173));
#10117=CARTESIAN_POINT('',(-0.121,-0.0698593825719447,0.1705));
#10118=CARTESIAN_POINT('',(-0.0605000000000001,-0.104789073857917,0.168));
#10119=CARTESIAN_POINT('',(-4.24879951096132E-17,-0.139718765143889,0.1655));
#10120=CARTESIAN_POINT('',(0.0604999999999999,-0.104789073857917,0.163));
#10121=CARTESIAN_POINT('',(0.121,-0.0698593825719448,0.1605));
#10122=CARTESIAN_POINT('',(0.121,0.,0.158));
#10123=CARTESIAN_POINT('',(0.121,0.0698593825719447,0.1555));
#10124=CARTESIAN_POINT('',(0.0605,0.104789073857917,0.153));
#10125=CARTESIAN_POINT('',(-6.74210810169841E-18,0.139718765143889,0.1505));
#10126=CARTESIAN_POINT('',(-0.0605,0.104789073857917,0.148));
#10127=CARTESIAN_POINT('',(-0.121,0.0698593825719448,0.1455));
#10128=CARTESIAN_POINT('',(-0.121,1.4818226269683E-17,0.143));
#10129=CARTESIAN_POINT('',(-0.121,-0.0698593825719447,0.1405));
#10130=CARTESIAN_POINT('',(-0.0605000000000001,-0.104789073857917,0.138));
#10131=CARTESIAN_POINT('',(-3.94386764994977E-17,-0.139718765143889,0.1355));
#10132=CARTESIAN_POINT('',(0.0604999999999999,-0.104789073857917,0.133));
#10133=CARTESIAN_POINT('',(0.121,-0.0698593825719448,0.1305));
#10134=CARTESIAN_POINT('',(0.121,0.,0.128));
#10135=CARTESIAN_POINT('',(0.121,0.0698593825719447,0.1255));
#10136=CARTESIAN_POINT('',(0.0605,0.104789073857917,0.123));
#10137=CARTESIAN_POINT('',(-3.69278949158293E-18,0.139718765143889,0.1205));
#10138=CARTESIAN_POINT('',(-0.0605,0.104789073857917,0.118));
#10139=CARTESIAN_POINT('',(-0.121,0.0698593825719448,0.1155));
#10140=CARTESIAN_POINT('',(-0.121,1.4818226269683E-17,0.113));
#10141=CARTESIAN_POINT('',(-0.121,-0.0698593825719447,0.1105));
#10142=CARTESIAN_POINT('',(-0.0605000000000001,-0.104789073857917,0.108));
#10143=CARTESIAN_POINT('',(-3.63893578893822E-17,-0.139718765143889,0.1055));
#10144=CARTESIAN_POINT('',(0.0604999999999999,-0.104789073857917,0.103));
#10145=CARTESIAN_POINT('',(0.121,-0.0698593825719448,0.1005));
#10146=CARTESIAN_POINT('',(0.121,0.,0.0979999999999999));
#10147=CARTESIAN_POINT('',(0.121,0.0698593825719447,0.0955));
#10148=CARTESIAN_POINT('',(0.0605,0.104789073857917,0.093));
#10149=CARTESIAN_POINT('',(-6.43470881467445E-19,0.139718765143889,0.0905));
#10150=CARTESIAN_POINT('',(-0.0605,0.104789073857917,0.088));
#10151=CARTESIAN_POINT('',(-0.121,0.0698593825719448,0.0855));
#10152=CARTESIAN_POINT('',(-0.121,1.4818226269683E-17,0.083));
#10153=CARTESIAN_POINT('',(-0.121,-0.0698593825719447,0.0805));
#10154=CARTESIAN_POINT('',(-0.0605000000000001,-0.104789073857917,0.078));
#10155=CARTESIAN_POINT('',(-3.33400392792667E-17,-0.139718765143889,0.0755));
#10156=CARTESIAN_POINT('',(0.0604999999999999,-0.104789073857917,0.073));
#10157=CARTESIAN_POINT('',(0.121,-0.0698593825719448,0.0705));
#10158=CARTESIAN_POINT('',(0.121,0.,0.068));
#10159=CARTESIAN_POINT('',(0.121,0.0698593825719447,0.0655));
#10160=CARTESIAN_POINT('',(0.0605,0.104789073857917,0.063));
#10161=CARTESIAN_POINT('',(2.40584772864804E-18,0.139718765143889,0.0605));
#10162=CARTESIAN_POINT('',(-0.0605,0.104789073857917,0.058));
#10163=CARTESIAN_POINT('',(-0.121,0.0698593825719448,0.0555));
#10164=CARTESIAN_POINT('',(-0.121,1.4818226269683E-17,0.053));
#10165=CARTESIAN_POINT('',(0.149,0.,0.188));
#10166=CARTESIAN_POINT('',(0.149,0.0860251901092542,0.1855));
#10167=CARTESIAN_POINT('',(0.0745,0.129037785163881,0.183));
#10168=CARTESIAN_POINT('',(-7.81168626619406E-18,0.172050380218509,0.1805));
#10169=CARTESIAN_POINT('',(-0.0745,0.129037785163881,0.178));
#10170=CARTESIAN_POINT('',(-0.149,0.0860251901092543,0.1755));
#10171=CARTESIAN_POINT('',(-0.149,1.82472373072956E-17,0.173));
#10172=CARTESIAN_POINT('',(-0.149,-0.0860251901092542,0.1705));
#10173=CARTESIAN_POINT('',(-0.0745000000000001,-0.129037785163881,0.168));
#10174=CARTESIAN_POINT('',(-4.84272164464726E-17,-0.172050380218509,0.1655));
#10175=CARTESIAN_POINT('',(0.0744999999999999,-0.129037785163881,0.163));
#10176=CARTESIAN_POINT('',(0.149,-0.0860251901092543,0.1605));
#10177=CARTESIAN_POINT('',(0.149,0.,0.158));
#10178=CARTESIAN_POINT('',(0.149,0.0860251901092542,0.1555));
#10179=CARTESIAN_POINT('',(0.0745,0.129037785163881,0.153));
#10180=CARTESIAN_POINT('',(-4.76236765607858E-18,0.172050380218509,0.1505));
#10181=CARTESIAN_POINT('',(-0.0745,0.129037785163881,0.148));
#10182=CARTESIAN_POINT('',(-0.149,0.0860251901092543,0.1455));
#10183=CARTESIAN_POINT('',(-0.149,1.82472373072956E-17,0.143));
#10184=CARTESIAN_POINT('',(-0.149,-0.0860251901092542,0.1405));
#10185=CARTESIAN_POINT('',(-0.0745000000000001,-0.129037785163881,0.138));
#10186=CARTESIAN_POINT('',(-4.53778978363571E-17,-0.172050380218509,0.1355));
#10187=CARTESIAN_POINT('',(0.0744999999999999,-0.129037785163881,0.133));
#10188=CARTESIAN_POINT('',(0.149,-0.0860251901092543,0.1305));
#10189=CARTESIAN_POINT('',(0.149,0.,0.128));
#10190=CARTESIAN_POINT('',(0.149,0.0860251901092542,0.1255));
#10191=CARTESIAN_POINT('',(0.0745,0.129037785163881,0.123));
#10192=CARTESIAN_POINT('',(-1.7130490459631E-18,0.172050380218509,0.1205));
#10193=CARTESIAN_POINT('',(-0.0745,0.129037785163881,0.118));
#10194=CARTESIAN_POINT('',(-0.149,0.0860251901092543,0.1155));
#10195=CARTESIAN_POINT('',(-0.149,1.82472373072956E-17,0.113));
#10196=CARTESIAN_POINT('',(-0.149,-0.0860251901092542,0.1105));
#10197=CARTESIAN_POINT('',(-0.0745000000000001,-0.129037785163881,0.108));
#10198=CARTESIAN_POINT('',(-4.23285792262417E-17,-0.172050380218509,0.1055));
#10199=CARTESIAN_POINT('',(0.0744999999999999,-0.129037785163881,0.103));
#10200=CARTESIAN_POINT('',(0.149,-0.0860251901092543,0.1005));
#10201=CARTESIAN_POINT('',(0.149,0.,0.0979999999999999));
#10202=CARTESIAN_POINT('',(0.149,0.0860251901092542,0.0955));
#10203=CARTESIAN_POINT('',(0.0745,0.129037785163881,0.093));
#10204=CARTESIAN_POINT('',(1.33626956415238E-18,0.172050380218509,0.0904999999999999));
#10205=CARTESIAN_POINT('',(-0.0745,0.129037785163881,0.088));
#10206=CARTESIAN_POINT('',(-0.149,0.0860251901092543,0.0854999999999999));
#10207=CARTESIAN_POINT('',(-0.149,1.82472373072956E-17,0.0829999999999999));
#10208=CARTESIAN_POINT('',(-0.149,-0.0860251901092542,0.0804999999999999));
#10209=CARTESIAN_POINT('',(-0.0745000000000001,-0.129037785163881,0.0779999999999999));
#10210=CARTESIAN_POINT('',(-3.92792606161262E-17,-0.172050380218509,0.0754999999999999));
#10211=CARTESIAN_POINT('',(0.0744999999999999,-0.129037785163881,0.073));
#10212=CARTESIAN_POINT('',(0.149,-0.0860251901092543,0.0705));
#10213=CARTESIAN_POINT('',(0.149,0.,0.068));
#10214=CARTESIAN_POINT('',(0.149,0.0860251901092542,0.0655));
#10215=CARTESIAN_POINT('',(0.0745,0.129037785163881,0.063));
#10216=CARTESIAN_POINT('',(4.38558817426786E-18,0.172050380218509,0.0604999999999999));
#10217=CARTESIAN_POINT('',(-0.0745,0.129037785163881,0.0579999999999999));
#10218=CARTESIAN_POINT('',(-0.149,0.0860251901092543,0.0554999999999999));
#10219=CARTESIAN_POINT('',(-0.149,1.82472373072956E-17,0.0529999999999999));
#10220=CARTESIAN_POINT('',(0.149,0.,0.16));
#10221=CARTESIAN_POINT('',(0.149,0.0860251901092542,0.1575));
#10222=CARTESIAN_POINT('',(0.0745,0.129037785163881,0.155));
#10223=CARTESIAN_POINT('',(-4.96565556341961E-18,0.172050380218508,0.1525));
#10224=CARTESIAN_POINT('',(-0.0745,0.129037785163881,0.15));
#10225=CARTESIAN_POINT('',(-0.149,0.0860251901092543,0.1475));
#10226=CARTESIAN_POINT('',(-0.149,1.82472373072956E-17,0.145));
#10227=CARTESIAN_POINT('',(-0.149,-0.0860251901092542,0.1425));
#10228=CARTESIAN_POINT('',(-0.0745000000000001,-0.129037785163881,0.14));
#10229=CARTESIAN_POINT('',(-4.55811857436982E-17,-0.172050380218508,0.1375));
#10230=CARTESIAN_POINT('',(0.0744999999999999,-0.129037785163881,0.135));
#10231=CARTESIAN_POINT('',(0.149,-0.0860251901092543,0.1325));
#10232=CARTESIAN_POINT('',(0.149,0.,0.13));
#10233=CARTESIAN_POINT('',(0.149,0.0860251901092542,0.1275));
#10234=CARTESIAN_POINT('',(0.0745,0.129037785163881,0.125));
#10235=CARTESIAN_POINT('',(-1.91633695330413E-18,0.172050380218508,0.1225));
#10236=CARTESIAN_POINT('',(-0.0745,0.129037785163881,0.12));
#10237=CARTESIAN_POINT('',(-0.149,0.0860251901092543,0.1175));
#10238=CARTESIAN_POINT('',(-0.149,1.82472373072956E-17,0.115));
#10239=CARTESIAN_POINT('',(-0.149,-0.0860251901092542,0.1125));
#10240=CARTESIAN_POINT('',(-0.0745000000000001,-0.129037785163881,0.11));
#10241=CARTESIAN_POINT('',(-4.25318671335827E-17,-0.172050380218508,0.1075));
#10242=CARTESIAN_POINT('',(0.0744999999999999,-0.129037785163881,0.105));
#10243=CARTESIAN_POINT('',(0.149,-0.0860251901092543,0.1025));
#10244=CARTESIAN_POINT('',(0.149,0.,0.1));
#10245=CARTESIAN_POINT('',(0.149,0.0860251901092542,0.0975));
#10246=CARTESIAN_POINT('',(0.0745,0.129037785163881,0.095));
#10247=CARTESIAN_POINT('',(1.13298165681135E-18,0.172050380218508,0.0925));
#10248=CARTESIAN_POINT('',(-0.0745,0.129037785163881,0.09));
#10249=CARTESIAN_POINT('',(-0.149,0.0860251901092543,0.0874999999999999));
#10250=CARTESIAN_POINT('',(-0.149,1.82472373072956E-17,0.0849999999999999));
#10251=CARTESIAN_POINT('',(-0.149,-0.0860251901092542,0.0824999999999999));
#10252=CARTESIAN_POINT('',(-0.0745000000000001,-0.129037785163881,0.0799999999999999));
#10253=CARTESIAN_POINT('',(-3.94825485234672E-17,-0.172050380218508,0.0775));
#10254=CARTESIAN_POINT('',(0.0744999999999999,-0.129037785163881,0.075));
#10255=CARTESIAN_POINT('',(0.149,-0.0860251901092543,0.0725));
#10256=CARTESIAN_POINT('',(0.149,0.,0.07));
#10257=CARTESIAN_POINT('',(0.149,0.0860251901092542,0.0675));
#10258=CARTESIAN_POINT('',(0.0745,0.129037785163881,0.065));
#10259=CARTESIAN_POINT('',(4.18230026692683E-18,0.172050380218508,0.0625));
#10260=CARTESIAN_POINT('',(-0.0745,0.129037785163881,0.06));
#10261=CARTESIAN_POINT('',(-0.149,0.0860251901092543,0.0574999999999999));
#10262=CARTESIAN_POINT('',(-0.149,1.82472373072956E-17,0.0549999999999999));
#10263=CARTESIAN_POINT('',(-0.149,-0.0860251901092542,0.0524999999999999));
#10264=CARTESIAN_POINT('',(-0.0745000000000001,-0.129037785163881,0.0499999999999999));
#10265=CARTESIAN_POINT('',(-3.64332299133517E-17,-0.172050380218508,0.0475));
#10266=CARTESIAN_POINT('',(0.0744999999999999,-0.129037785163881,0.045));
#10267=CARTESIAN_POINT('',(0.149,-0.0860251901092543,0.0425));
#10268=CARTESIAN_POINT('',(0.149,0.,0.04));
#10269=CARTESIAN_POINT('',(0.149,0.0860251901092542,0.0375));
#10270=CARTESIAN_POINT('',(0.0745,0.129037785163881,0.035));
#10271=CARTESIAN_POINT('',(7.23161887704231E-18,0.172050380218508,0.0325));
#10272=CARTESIAN_POINT('',(-0.0745,0.129037785163881,0.03));
#10273=CARTESIAN_POINT('',(-0.149,0.0860251901092543,0.0274999999999999));
#10274=CARTESIAN_POINT('',(-0.149,1.82472373072956E-17,0.0249999999999999));
#10275=CARTESIAN_POINT('',(0.205,0.02,0.06));
#10276=CARTESIAN_POINT('',(0.205,0.02,0.06));
#10277=CARTESIAN_POINT('',(0.275,0.02,0.06));
#10278=CARTESIAN_POINT('',(0.275,-0.02,0.06));
#10279=CARTESIAN_POINT('',(0.275,-0.02,0.06));
#10280=CARTESIAN_POINT('',(0.205,-0.02,0.06));
#10281=CARTESIAN_POINT('',(0.205,0.02,0.));
#10282=CARTESIAN_POINT('',(0.275,0.02,0.04));
#10283=CARTESIAN_POINT('',(0.275,0.02,0.033));
#10284=CARTESIAN_POINT('',(0.282,0.02,0.04));
#10285=CARTESIAN_POINT('',(0.282,0.02,0.07));
#10286=CARTESIAN_POINT('',(0.282,0.02,0.0628585715714571));
#10287=CARTESIAN_POINT('',(0.275,0.02,0.07));
#10288=CARTESIAN_POINT('',(0.26,0.02,0.055));
#10289=CARTESIAN_POINT('',(0.275,0.02,0.033));
#10290=CARTESIAN_POINT('',(0.205,-0.02,0.06));
#10291=CARTESIAN_POINT('',(0.275,-0.02,0.07));
#10292=CARTESIAN_POINT('',(0.282,-0.02,0.0628585715714571));
#10293=CARTESIAN_POINT('',(0.282,-0.02,0.04));
#10294=CARTESIAN_POINT('',(0.282,-0.02,0.04));
#10295=CARTESIAN_POINT('',(0.275,-0.02,0.04));
#10296=CARTESIAN_POINT('',(0.275,-0.02,0.033));
#10297=CARTESIAN_POINT('',(0.230897933322044,-0.02,0.033));
#10298=CARTESIAN_POINT('',(0.26,-0.02,0.055));
#10299=CARTESIAN_POINT('',(-0.205,0.02,0.06));
#10300=CARTESIAN_POINT('',(-0.275,0.02,0.04));
#10301=CARTESIAN_POINT('',(-0.282,0.02,0.04));
#10302=CARTESIAN_POINT('',(-0.275,0.02,0.033));
#10303=CARTESIAN_POINT('',(-0.227284168413226,0.02,0.033));
#10304=CARTESIAN_POINT('',(-0.26,0.02,0.055));
#10305=CARTESIAN_POINT('',(-0.205,0.02,0.06));
#10306=CARTESIAN_POINT('',(-0.275,0.02,0.06));
#10307=CARTESIAN_POINT('',(-0.275,0.02,0.07));
#10308=CARTESIAN_POINT('',(-0.282,0.02,0.0628585715714571));
#10309=CARTESIAN_POINT('',(-0.282,0.02,0.06));
#10310=CARTESIAN_POINT('',(-0.205,-0.02,0.));
#10311=CARTESIAN_POINT('',(-0.275,-0.02,0.04));
#10312=CARTESIAN_POINT('',(-0.275,-0.02,0.033));
#10313=CARTESIAN_POINT('',(-0.282,-0.02,0.04));
#10314=CARTESIAN_POINT('',(-0.282,-0.02,0.));
#10315=CARTESIAN_POINT('',(-0.282,-0.02,0.0628585715714571));
#10316=CARTESIAN_POINT('',(-0.275,-0.02,0.07));
#10317=CARTESIAN_POINT('',(-0.275,-0.02,0.06));
#10318=CARTESIAN_POINT('',(-0.205,-0.02,0.06));
#10319=CARTESIAN_POINT('',(-0.26,-0.02,0.055));
#10320=CARTESIAN_POINT('',(-0.275,-0.02,0.033));
#10321=CARTESIAN_POINT('',(-0.205,-0.02,0.06));
#10322=CARTESIAN_POINT('',(-0.275,-0.02,0.06));
#10323=CARTESIAN_POINT('',(0.175,-0.075,0.195));
#10324=CARTESIAN_POINT('',(0.26,-0.075,0.195));
#10325=CARTESIAN_POINT('',(0.175,-0.075,0.195));
#10326=CARTESIAN_POINT('',(0.175,0.,0.));
#10327=CARTESIAN_POINT('',(0.175,0.075,0.2));
#10328=CARTESIAN_POINT('',(-0.175,0.075,0.195));
#10329=CARTESIAN_POINT('',(-0.26,0.075,0.195));
#10330=CARTESIAN_POINT('',(-0.175,0.075,0.195));
#10331=CARTESIAN_POINT('',(-0.175,0.,0.));
#10332=CARTESIAN_POINT('',(-0.175,0.,0.2));
#10333=CARTESIAN_POINT('',(0.275,0.,0.2));
#10334=CARTESIAN_POINT('',(0.275,0.02,0.07));
#10335=CARTESIAN_POINT('',(0.282,0.02,0.0628585715714571));
#10336=CARTESIAN_POINT('',(0.284070540128928,0.02,0.06488810684546));
#10337=CARTESIAN_POINT('',(0.285,0.0216277829502918,0.0674944609976967));
#10338=CARTESIAN_POINT('',(0.285,0.023,0.07));
#10339=CARTESIAN_POINT('',(0.282,-0.02,0.0628585715714571));
#10340=CARTESIAN_POINT('',(0.284070540128928,-0.02,0.06488810684546));
#10341=CARTESIAN_POINT('',(0.285,-0.0216277829502918,0.0674944609976967));
#10342=CARTESIAN_POINT('',(0.285,-0.023,0.07));
#10343=CARTESIAN_POINT('',(-0.26,0.075,0.185));
#10344=CARTESIAN_POINT('',(0.26,0.075,0.185));
#10345=CARTESIAN_POINT('',(0.26,0.075,0.055));
#10346=CARTESIAN_POINT('',(0.26,0.075,0.055));
#10347=CARTESIAN_POINT('',(-0.26,-0.135097083991615,0.055));
#10348=CARTESIAN_POINT('',(-0.26,-0.135097083991615,0.055));
#10349=CARTESIAN_POINT('',(-0.275,-0.02,0.07));
#10350=CARTESIAN_POINT('',(-0.282,-0.02,0.0628585715714571));
#10351=CARTESIAN_POINT('',(-0.284070540128928,-0.02,0.06488810684546));
#10352=CARTESIAN_POINT('',(-0.285,-0.0216277829502918,0.0674944609976967));
#10353=CARTESIAN_POINT('',(-0.285,-0.023,0.07));
#10354=CARTESIAN_POINT('',(-0.282,0.02,0.0628585715714571));
#10355=CARTESIAN_POINT('',(-0.284070540128928,0.02,0.06488810684546));
#10356=CARTESIAN_POINT('',(-0.285,0.0216277829502918,0.0674944609976967));
#10357=CARTESIAN_POINT('',(-0.285,0.023,0.07));
#10358=CARTESIAN_POINT('',(-0.275,-0.075,0.04));
#10359=CARTESIAN_POINT('',(-0.275,-0.023,0.04));
#10360=CARTESIAN_POINT('',(-0.275,-0.075,0.04));
#10361=CARTESIAN_POINT('',(-0.275,0.023,0.04));
#10362=CARTESIAN_POINT('',(0.275,-0.0477742716130647,0.04));
#10363=CARTESIAN_POINT('',(0.275,0.023,0.04));
#10364=CARTESIAN_POINT('',(0.275,-0.0477742716130647,0.04));
#10365=CARTESIAN_POINT('',(0.275,-0.023,0.04));
#10366=CARTESIAN_POINT('',(0.185,0.,0.2));
#10367=CARTESIAN_POINT('',(-0.185,0.,0.2));
#10368=CARTESIAN_POINT('',(-0.275,-0.075,0.2));
#10369=CARTESIAN_POINT('',(-0.282,0.023,0.06));
#10370=CARTESIAN_POINT('',(-0.282,0.023,0.04));
#10371=CARTESIAN_POINT('',(-0.275,0.023,0.04));
#10372=CARTESIAN_POINT('',(-0.275,0.023,0.033));
#10373=CARTESIAN_POINT('',(-0.205,0.023,0.033));
#10374=CARTESIAN_POINT('',(0.205,0.023,0.033));
#10375=CARTESIAN_POINT('',(0.275,0.023,0.033));
#10376=CARTESIAN_POINT('',(0.275,0.023,0.04));
#10377=CARTESIAN_POINT('',(0.282,0.023,0.04));
#10378=CARTESIAN_POINT('',(0.282,0.023,0.));
#10379=CARTESIAN_POINT('',(0.205,-0.023,0.033));
#10380=CARTESIAN_POINT('',(0.275,-0.023,0.033));
#10381=CARTESIAN_POINT('',(0.275,-0.023,0.04));
#10382=CARTESIAN_POINT('',(0.282,-0.023,0.04));
#10383=CARTESIAN_POINT('',(0.282,-0.023,0.06));
#10384=CARTESIAN_POINT('',(-0.205,-0.023,0.033));
#10385=CARTESIAN_POINT('',(-0.275,-0.023,0.033));
#10386=CARTESIAN_POINT('',(-0.275,-0.023,0.04));
#10387=CARTESIAN_POINT('',(-0.282,-0.023,0.04));
#10388=CARTESIAN_POINT('',(-0.282,-0.023,0.));
#10389=CARTESIAN_POINT('',(0.,0.,-0.0699999999999999));
#10390=CARTESIAN_POINT('',(0.119087980939415,0.0383074445200817,-0.0699999999999999));
#10391=CARTESIAN_POINT('',(0.119087980939415,0.0383074445200817,-0.0699999999999999));
#10392=CARTESIAN_POINT('',(0.108345979577944,0.0383074445200817,-0.0699999999999999));
#10393=CARTESIAN_POINT('',(0.108345979577944,0.0383074445200817,-0.0699999999999999));
#10394=CARTESIAN_POINT('',(0.108345979577944,0.0363060830496937,-0.0699999999999999));
#10395=CARTESIAN_POINT('',(0.108345979577944,0.0363060830496937,-0.0699999999999999));
#10396=CARTESIAN_POINT('',(0.108795264805991,0.0363060830496937,-0.0699999999999999));
#10397=CARTESIAN_POINT('',(0.109244550034037,0.0363060830496937,-0.0699999999999999));
#10398=CARTESIAN_POINT('',(0.109693835262083,0.0363060830496937,-0.0699999999999999));
#10399=CARTESIAN_POINT('',(0.109693835262083,0.0363060830496937,-0.0699999999999999));
#10400=CARTESIAN_POINT('',(0.109693835262083,0.0363060830496937,-0.0699999999999999));
#10401=CARTESIAN_POINT('',(0.109857211708646,0.0362815765827093,-0.0699999999999999));
#10402=CARTESIAN_POINT('',(0.111658437031995,0.0356787174948945,-0.0699999999999999));
#10403=CARTESIAN_POINT('',(0.111858573179034,0.035611733151804,-0.0699999999999999));
#10404=CARTESIAN_POINT('',(0.111858573179034,0.035611733151804,-0.0699999999999999));
#10405=CARTESIAN_POINT('',(0.111858573179034,0.035611733151804,-0.0699999999999999));
#10406=CARTESIAN_POINT('',(0.112413348888524,0.035142307551466,-0.0699999999999999));
#10407=CARTESIAN_POINT('',(0.112686004459989,0.033763565268421,-0.0699999999999999));
#10408=CARTESIAN_POINT('',(0.112716299523486,0.033610371681416,-0.0699999999999999));
#10409=CARTESIAN_POINT('',(0.112716299523486,0.033610371681416,-0.0699999999999999));
#10410=CARTESIAN_POINT('',(0.112716299523486,0.033610371681416,-0.0699999999999999));
#10411=CARTESIAN_POINT('',(0.112716299523486,0.0176539387338326,-0.0699999999999999));
#10412=CARTESIAN_POINT('',(0.112716299523486,0.00169750578624918,-0.0699999999999999));
#10413=CARTESIAN_POINT('',(0.112716299523486,-0.0142589271613342,-0.0699999999999999));
#10414=CARTESIAN_POINT('',(0.112716299523486,-0.0142589271613342,-0.0699999999999999));
#10415=CARTESIAN_POINT('',(0.112716299523486,-0.0142589271613342,-0.0699999999999999));
#10416=CARTESIAN_POINT('',(0.112687708645337,-0.0144141347855684,-0.0699999999999999));
#10417=CARTESIAN_POINT('',(0.111941486725664,-0.0160756732471068,-0.0699999999999999));
#10418=CARTESIAN_POINT('',(0.111858573179034,-0.0162602886317222,-0.0699999999999999));
#10419=CARTESIAN_POINT('',(0.111858573179034,-0.0162602886317222,-0.0699999999999999));
#10420=CARTESIAN_POINT('',(0.111858573179034,-0.0162602886317222,-0.0699999999999999));
#10421=CARTESIAN_POINT('',(0.111312009388563,-0.0166897316099494,-0.0699999999999999));
#10422=CARTESIAN_POINT('',(0.109855652674731,-0.0168913881371692,-0.0699999999999999));
#10423=CARTESIAN_POINT('',(0.109693835262083,-0.0169137944179714,-0.0699999999999999));
#10424=CARTESIAN_POINT('',(0.109693835262083,-0.0169137944179714,-0.0699999999999999));
#10425=CARTESIAN_POINT('',(0.109693835262083,-0.0169137944179714,-0.0699999999999999));
#10426=CARTESIAN_POINT('',(0.109244550034037,-0.0169137944179714,-0.0699999999999999));
#10427=CARTESIAN_POINT('',(0.108795264805991,-0.0169137944179714,-0.0699999999999999));
#10428=CARTESIAN_POINT('',(0.108345979577944,-0.0169137944179714,-0.0699999999999999));
#10429=CARTESIAN_POINT('',(0.108345979577944,-0.0169137944179714,-0.0699999999999999));
#10430=CARTESIAN_POINT('',(0.108345979577944,-0.0169137944179714,-0.0699999999999999));
#10431=CARTESIAN_POINT('',(0.108345979577944,-0.018956,-0.0699999999999999));
#10432=CARTESIAN_POINT('',(0.108345979577944,-0.018956,-0.0699999999999999));
#10433=CARTESIAN_POINT('',(0.122723106875426,-0.018956,-0.0699999999999999));
#10434=CARTESIAN_POINT('',(0.122723106875426,-0.018956,-0.0699999999999999));
#10435=CARTESIAN_POINT('',(0.122723106875426,-0.0169137944179714,-0.0699999999999999));
#10436=CARTESIAN_POINT('',(0.122723106875426,-0.0169137944179714,-0.0699999999999999));
#10437=CARTESIAN_POINT('',(0.122178518720218,-0.0169137944179714,-0.0699999999999999));
#10438=CARTESIAN_POINT('',(0.12163393056501,-0.0169137944179714,-0.0699999999999999));
#10439=CARTESIAN_POINT('',(0.121089342409803,-0.0169137944179714,-0.0699999999999999));
#10440=CARTESIAN_POINT('',(0.119945707283867,-0.0169137944179714,-0.0699999999999999));
#10441=CARTESIAN_POINT('',(0.119169669162696,-0.0167095738597685,-0.0699999999999999));
#10442=CARTESIAN_POINT('',(0.11872038393465,-0.0162602886317222,-0.0699999999999999));
#10443=CARTESIAN_POINT('',(0.118291520762424,-0.0158314254594962,-0.0699999999999999));
#10444=CARTESIAN_POINT('',(0.118089342409803,-0.0144161769911504,-0.0699999999999999));
#10445=CARTESIAN_POINT('',(0.1180668781484,-0.0142589271613342,-0.0699999999999999));
#10446=CARTESIAN_POINT('',(0.1180668781484,-0.0142589271613342,-0.0699999999999999));
#10447=CARTESIAN_POINT('',(0.1180668781484,-0.0142589271613342,-0.0699999999999999));
#10448=CARTESIAN_POINT('',(0.1180668781484,0.000336035398230126,-0.0699999999999999));
#10449=CARTESIAN_POINT('',(0.1180668781484,0.0149309979577945,-0.0699999999999999));
#10450=CARTESIAN_POINT('',(0.1180668781484,0.0295259605173588,-0.0699999999999999));
#10451=CARTESIAN_POINT('',(0.1180668781484,0.0295259605173588,-0.0699999999999999));
#10452=CARTESIAN_POINT('',(0.1180668781484,0.0295259605173588,-0.0699999999999999));
#10453=CARTESIAN_POINT('',(0.11876122804629,0.0295259605173588,-0.0699999999999999));
#10454=CARTESIAN_POINT('',(0.11876122804629,0.0295259605173588,-0.0699999999999999));
#10455=CARTESIAN_POINT('',(0.130075046970729,-0.018956,-0.0699999999999999));
#10456=CARTESIAN_POINT('',(0.130075046970729,-0.018956,-0.0699999999999999));
#10457=CARTESIAN_POINT('',(0.132076408441117,-0.018956,-0.0699999999999999));
#10458=CARTESIAN_POINT('',(0.132076408441117,-0.018956,-0.0699999999999999));
#10459=CARTESIAN_POINT('',(0.142409968686181,0.0287090782845473,-0.0699999999999999));
#10460=CARTESIAN_POINT('',(0.142409968686181,0.0287090782845473,-0.0699999999999999));
#10461=CARTESIAN_POINT('',(0.14306347447243,0.0287090782845473,-0.0699999999999999));
#10462=CARTESIAN_POINT('',(0.14306347447243,0.0287090782845473,-0.0699999999999999));
#10463=CARTESIAN_POINT('',(0.14306347447243,0.0143864098025868,-0.0699999999999999));
#10464=CARTESIAN_POINT('',(0.14306347447243,6.37413206263043E-5,-0.0699999999999999));
#10465=CARTESIAN_POINT('',(0.14306347447243,-0.0142589271613342,-0.0699999999999999));
#10466=CARTESIAN_POINT('',(0.14306347447243,-0.0142589271613342,-0.0699999999999999));
#10467=CARTESIAN_POINT('',(0.14306347447243,-0.0142589271613342,-0.0699999999999999));
#10468=CARTESIAN_POINT('',(0.143038968005446,-0.0144141347855684,-0.0699999999999999));
#10469=CARTESIAN_POINT('',(0.142818409802587,-0.0158110034036759,-0.0699999999999999));
#10470=CARTESIAN_POINT('',(0.141674774676651,-0.0167095738597685,-0.0699999999999999));
#10471=CARTESIAN_POINT('',(0.140241146358067,-0.0168933723621511,-0.0699999999999999));
#10472=CARTESIAN_POINT('',(0.140081854322669,-0.0169137944179714,-0.0699999999999999));
#10473=CARTESIAN_POINT('',(0.140081854322669,-0.0169137944179714,-0.0699999999999999));
#10474=CARTESIAN_POINT('',(0.140081854322669,-0.0169137944179714,-0.0699999999999999));
#10475=CARTESIAN_POINT('',(0.139755101429544,-0.0169137944179714,-0.0699999999999999));
#10476=CARTESIAN_POINT('',(0.13942834853642,-0.0169137944179714,-0.0699999999999999));
#10477=CARTESIAN_POINT('',(0.139101595643295,-0.0169137944179714,-0.0699999999999999));
#10478=CARTESIAN_POINT('',(0.139101595643295,-0.0169137944179714,-0.0699999999999999));
#10479=CARTESIAN_POINT('',(0.139101595643295,-0.0169137944179714,-0.0699999999999999));
#10480=CARTESIAN_POINT('',(0.139101595643295,-0.018956,-0.0699999999999999));
#10481=CARTESIAN_POINT('',(0.139101595643295,-0.018956,-0.0699999999999999));
#10482=CARTESIAN_POINT('',(0.149108402995235,-0.018956,-0.0699999999999999));
#10483=CARTESIAN_POINT('',(0.149108402995235,-0.018956,-0.0699999999999999));
#10484=CARTESIAN_POINT('',(0.149108402995235,-0.0169137944179714,-0.0699999999999999));
#10485=CARTESIAN_POINT('',(0.149108402995235,-0.0169137944179714,-0.0699999999999999));
#10486=CARTESIAN_POINT('',(0.14878165010211,-0.0169137944179714,-0.0699999999999999));
#10487=CARTESIAN_POINT('',(0.148454897208986,-0.0169137944179714,-0.0699999999999999));
#10488=CARTESIAN_POINT('',(0.148128144315861,-0.0169137944179714,-0.0699999999999999));
#10489=CARTESIAN_POINT('',(0.147025353301566,-0.0169137944179714,-0.0699999999999999));
#10490=CARTESIAN_POINT('',(0.146208471068754,-0.0167095738597685,-0.0699999999999999));
#10491=CARTESIAN_POINT('',(0.145309900612662,-0.0158110034036759,-0.0699999999999999));
#10492=CARTESIAN_POINT('',(0.145126102110279,-0.0144141347855684,-0.0699999999999999));
#10493=CARTESIAN_POINT('',(0.145105680054459,-0.0142589271613342,-0.0699999999999999));
#10494=CARTESIAN_POINT('',(0.145105680054459,-0.0142589271613342,-0.0699999999999999));
#10495=CARTESIAN_POINT('',(0.145105680054459,-0.0142589271613342,-0.0699999999999999));
#10496=CARTESIAN_POINT('',(0.145105680054459,0.00169750578624918,-0.0699999999999999));
#10497=CARTESIAN_POINT('',(0.145105680054459,0.0176539387338326,-0.0699999999999999));
#10498=CARTESIAN_POINT('',(0.145105680054459,0.033610371681416,-0.0699999999999999));
#10499=CARTESIAN_POINT('',(0.145105680054459,0.033610371681416,-0.0699999999999999));
#10500=CARTESIAN_POINT('',(0.145105680054459,0.033610371681416,-0.0699999999999999));
#10501=CARTESIAN_POINT('',(0.145126102110279,0.0337655793056501,-0.0699999999999999));
#10502=CARTESIAN_POINT('',(0.145309900612662,0.0351624479237577,-0.0699999999999999));
#10503=CARTESIAN_POINT('',(0.146208471068754,0.0360610183798503,-0.0699999999999999));
#10504=CARTESIAN_POINT('',(0.147025353301566,0.0362652389380531,-0.0699999999999999));
#10505=CARTESIAN_POINT('',(0.148128144315861,0.0363060830496937,-0.0699999999999999));
#10506=CARTESIAN_POINT('',(0.148576814084691,0.0363227004485392,-0.0699999999999999));
#10507=CARTESIAN_POINT('',(0.149026714771954,0.0363060830496937,-0.0699999999999999));
#10508=CARTESIAN_POINT('',(0.149476,0.0363060830496937,-0.0699999999999999));
#10509=CARTESIAN_POINT('',(0.149476,0.0363060830496937,-0.0699999999999999));
#10510=CARTESIAN_POINT('',(0.149476,0.0363060830496937,-0.0699999999999999));
#10511=CARTESIAN_POINT('',(0.149476,0.0383074445200817,-0.0699999999999999));
#10512=CARTESIAN_POINT('',(0.149476,0.0383074445200817,-0.0699999999999999));
#10513=CARTESIAN_POINT('',(0.139755101429544,0.0383074445200817,-0.0699999999999999));
#10514=CARTESIAN_POINT('',(0.139755101429544,0.0383074445200817,-0.0699999999999999));
#10515=CARTESIAN_POINT('',(0.130075046970729,-0.00641685772634442,-0.0699999999999999));
#10516=CARTESIAN_POINT('',(0.130075046970729,-0.00641685772634442,-0.0699999999999999));
#10517=CARTESIAN_POINT('',(0.129421541184479,-0.00641685772634442,-0.0699999999999999));
#10518=CARTESIAN_POINT('',(0.129421541184479,-0.00641685772634442,-0.0699999999999999));
#10519=CARTESIAN_POINT('',(0.0679511531654189,-0.0105421130020422,-0.0699999999999999));
#10520=CARTESIAN_POINT('',(0.0679511531654189,-0.0105421130020422,-0.0699999999999999));
#10521=CARTESIAN_POINT('',(0.0662357004765148,-0.0105421130020422,-0.0699999999999999));
#10522=CARTESIAN_POINT('',(0.0662357004765148,-0.0105421130020422,-0.0699999999999999));
#10523=CARTESIAN_POINT('',(0.0662357004765148,-0.0136871095983662,-0.0699999999999999));
#10524=CARTESIAN_POINT('',(0.0667666739278422,-0.0158926916269571,-0.0699999999999999));
#10525=CARTESIAN_POINT('',(0.0679103090537783,-0.0171180149761742,-0.0699999999999999));
#10526=CARTESIAN_POINT('',(0.0690349288688317,-0.0183229647780172,-0.0699999999999999));
#10527=CARTESIAN_POINT('',(0.0704426439754937,-0.018956,-0.0699999999999999));
#10528=CARTESIAN_POINT('',(0.0737510170183801,-0.018956,-0.0699999999999999));
#10529=CARTESIAN_POINT('',(0.0749763403675972,-0.0186292471068754,-0.0699999999999999));
#10530=CARTESIAN_POINT('',(0.0758749108236898,-0.0179757413206262,-0.0699999999999999));
#10531=CARTESIAN_POINT('',(0.0767929098301844,-0.0173081056795393,-0.0699999999999999));
#10532=CARTESIAN_POINT('',(0.0774269870660315,-0.0161786004084411,-0.0699999999999999));
#10533=CARTESIAN_POINT('',(0.0778762722940778,-0.0146265241660994,-0.0699999999999999));
#10534=CARTESIAN_POINT('',(0.0778762722940778,-0.0146265241660994,-0.0699999999999999));
#10535=CARTESIAN_POINT('',(0.0778762722940778,-0.0146265241660994,-0.0699999999999999));
#10536=CARTESIAN_POINT('',(0.0801226984343092,-0.0161786004084411,-0.0699999999999999));
#10537=CARTESIAN_POINT('',(0.0821649040163378,-0.0173222355343771,-0.0699999999999999));
#10538=CARTESIAN_POINT('',(0.0840845772634447,-0.018098273655548,-0.0699999999999999));
#10539=CARTESIAN_POINT('',(0.0859691436457212,-0.0188601196398725,-0.0699999999999999));
#10540=CARTESIAN_POINT('',(0.088250676650783,-0.019241908781484,-0.0699999999999999));
#10541=CARTESIAN_POINT('',(0.0909463880190608,-0.019241908781484,-0.0699999999999999));
#10542=CARTESIAN_POINT('',(0.0909463880190608,-0.019241908781484,-0.0699999999999999));
#10543=CARTESIAN_POINT('',(0.0909463880190608,-0.019241908781484,-0.0699999999999999));
#10544=CARTESIAN_POINT('',(0.0949899550714774,-0.019241908781484,-0.0699999999999999));
#10545=CARTESIAN_POINT('',(0.0980941075561608,-0.0183024942137508,-0.0699999999999999));
#10546=CARTESIAN_POINT('',(0.100340533696392,-0.0164236650782845,-0.0699999999999999));
#10547=CARTESIAN_POINT('',(0.102607060128872,-0.0145280247893011,-0.0699999999999999));
#10548=CARTESIAN_POINT('',(0.103689750850919,-0.0123392539142273,-0.0699999999999999));
#10549=CARTESIAN_POINT('',(0.103689750850919,-0.00584504016337641,-0.0699999999999999));
#10550=CARTESIAN_POINT('',(0.101974298162015,-0.00257751123213067,-0.0699999999999999));
#10551=CARTESIAN_POINT('',(0.095030799183118,0.00256884683458137,-0.0699999999999999));
#10552=CARTESIAN_POINT('',(0.0881689884275019,0.00440683185840712,-0.0699999999999999));
#10553=CARTESIAN_POINT('',(0.0778762722940778,0.00550962287270255,-0.0699999999999999));
#10554=CARTESIAN_POINT('',(0.0778762722940778,0.00550962287270255,-0.0699999999999999));
#10555=CARTESIAN_POINT('',(0.0778762722940778,0.00550962287270255,-0.0699999999999999));
#10556=CARTESIAN_POINT('',(0.0778762722940778,0.00685747855684142,-0.0699999999999999));
#10557=CARTESIAN_POINT('',(0.0778762722940778,0.00820533424098029,-0.0699999999999999));
#10558=CARTESIAN_POINT('',(0.0778762722940778,0.00955318992511916,-0.0699999999999999));
#10559=CARTESIAN_POINT('',(0.0778762722940778,0.01175877195371,-0.0699999999999999));
#10560=CARTESIAN_POINT('',(0.0783664016337647,0.0135967569775358,-0.0699999999999999));
#10561=CARTESIAN_POINT('',(0.079387504424779,0.0150671449965964,-0.0699999999999999));
#10562=CARTESIAN_POINT('',(0.0803894715049778,0.0165099775920827,-0.0699999999999999));
#10563=CARTESIAN_POINT('',(0.0826958774676653,0.0172318829135467,-0.0699999999999999));
#10564=CARTESIAN_POINT('',(0.0900886616746088,0.0172318829135467,-0.0699999999999999));
#10565=CARTESIAN_POINT('',(0.0927843730428865,0.0166192212389381,-0.0699999999999999));
#10566=CARTESIAN_POINT('',(0.0943364492852282,0.0153938978897209,-0.0699999999999999));
#10567=CARTESIAN_POINT('',(0.0959136871731369,0.0141487100834772,-0.0699999999999999));
#10568=CARTESIAN_POINT('',(0.096460343090538,0.0128615629680055,-0.0699999999999999));
#10569=CARTESIAN_POINT('',(0.0960110578624917,0.0115137072838666,-0.0699999999999999));
#10570=CARTESIAN_POINT('',(0.0960110578624917,0.0115137072838666,-0.0699999999999999));
#10571=CARTESIAN_POINT('',(0.0960110578624917,0.0115137072838666,-0.0699999999999999));
#10572=CARTESIAN_POINT('',(0.0958068373042888,0.0110644220558203,-0.0699999999999999));
#10573=CARTESIAN_POINT('',(0.0956843049693671,0.010615136827774,-0.0699999999999999));
#10574=CARTESIAN_POINT('',(0.0956843049693671,0.00971656637168144,-0.0699999999999999));
#10575=CARTESIAN_POINT('',(0.0958476814159294,0.00918559292035401,-0.0699999999999999));
#10576=CARTESIAN_POINT('',(0.096174434309054,0.00849124302246429,-0.0699999999999999));
#10577=CARTESIAN_POINT('',(0.096174434309054,0.00849124302246429,-0.0699999999999999));
#10578=CARTESIAN_POINT('',(0.096174434309054,0.00849124302246429,-0.0699999999999999));
#10579=CARTESIAN_POINT('',(0.0962928822328116,0.00839321715452692,-0.0699999999999999));
#10580=CARTESIAN_POINT('',(0.0973589135466306,0.00751098434309057,-0.0699999999999999));
#10581=CARTESIAN_POINT('',(0.0995644955752214,0.00751098434309057,-0.0699999999999999));
#10582=CARTESIAN_POINT('',(0.100299689584752,0.00779689312457457,-0.0699999999999999));
#10583=CARTESIAN_POINT('',(0.101402480599047,0.00889968413887001,-0.0699999999999999));
#10584=CARTESIAN_POINT('',(0.101647545268891,0.00971656637168144,-0.0699999999999999));
#10585=CARTESIAN_POINT('',(0.101647545268891,0.0128615629680055,-0.0699999999999999));
#10586=CARTESIAN_POINT('',(0.100218001361471,0.0147812362151124,-0.0699999999999999));
#10587=CARTESIAN_POINT('',(0.0944181375085094,0.0183755180394827,-0.0699999999999999));
#10588=CARTESIAN_POINT('',(0.0908646997957796,0.0192740884955753,-0.0699999999999999));
#10589=CARTESIAN_POINT('',(0.0821240599046973,0.0192740884955753,-0.0699999999999999));
#10590=CARTESIAN_POINT('',(0.0787748427501704,0.0184163621511232,-0.0699999999999999));
#10591=CARTESIAN_POINT('',(0.0765692607215795,0.0167417535738598,-0.0699999999999999));
#10592=CARTESIAN_POINT('',(0.0743377701810147,0.0150474737189866,-0.0699999999999999));
#10593=CARTESIAN_POINT('',(0.0732200435670526,0.0126573424098026,-0.0699999999999999));
#10594=CARTESIAN_POINT('',(0.0732200435670526,0.00951234581347859,-0.0699999999999999));
#10595=CARTESIAN_POINT('',(0.0732200435670526,0.00213317631041528,-0.0699999999999999));
#10596=CARTESIAN_POINT('',(0.0732200435670526,-0.00524599319264803,-0.0699999999999999));
#10597=CARTESIAN_POINT('',(0.0732200435670526,-0.0126251626957113,-0.0699999999999999));
#10598=CARTESIAN_POINT('',(0.0732200435670526,-0.0144223036078965,-0.0699999999999999));
#10599=CARTESIAN_POINT('',(0.0730566671204903,-0.0154842505105514,-0.0699999999999999));
#10600=CARTESIAN_POINT('',(0.0724031613342412,-0.0161377562968005,-0.0699999999999999));
#10601=CARTESIAN_POINT('',(0.0717904996596326,-0.0163011327433628,-0.0699999999999999));
#10602=CARTESIAN_POINT('',(0.0697891381892446,-0.0163011327433628,-0.0699999999999999));
#10603=CARTESIAN_POINT('',(0.0690539441797143,-0.0158110034036759,-0.0699999999999999));
#10604=CARTESIAN_POINT('',(0.0681553737236217,-0.0137687978216473,-0.0699999999999999));
#10605=CARTESIAN_POINT('',(0.0679511531654189,-0.0123392539142273,-0.0699999999999999));
#10606=CARTESIAN_POINT('',(0.0679511531654189,-0.0105421130020422,-0.0699999999999999));
#10607=CARTESIAN_POINT('',(-0.00176974540503723,0.018538894486045,-0.0699999999999999));
#10608=CARTESIAN_POINT('',(-0.00176974540503723,0.018538894486045,-0.0699999999999999));
#10609=CARTESIAN_POINT('',(-0.0159018080326751,0.018538894486045,-0.0699999999999999));
#10610=CARTESIAN_POINT('',(-0.0159018080326751,0.018538894486045,-0.0699999999999999));
#10611=CARTESIAN_POINT('',(-0.0159018080326751,0.0165375330156569,-0.0699999999999999));
#10612=CARTESIAN_POINT('',(-0.0159018080326751,0.0165375330156569,-0.0699999999999999));
#10613=CARTESIAN_POINT('',(-0.0153436051735872,0.0165375330156569,-0.0699999999999999));
#10614=CARTESIAN_POINT('',(-0.0147854023144994,0.0165375330156569,-0.0699999999999999));
#10615=CARTESIAN_POINT('',(-0.0142271994554116,0.0165375330156569,-0.0699999999999999));
#10616=CARTESIAN_POINT('',(-0.0142271994554116,0.0165375330156569,-0.0699999999999999));
#10617=CARTESIAN_POINT('',(-0.0142271994554116,0.0165375330156569,-0.0699999999999999));
#10618=CARTESIAN_POINT('',(-0.0140760762423415,0.0165171109598367,-0.0699999999999999));
#10619=CARTESIAN_POINT('',(-0.0127159673247105,0.0163333124574541,-0.0699999999999999));
#10620=CARTESIAN_POINT('',(-0.0106737617426819,0.0156798066712049,-0.0699999999999999));
#10621=CARTESIAN_POINT('',(-0.00973434717494876,0.0150671449965964,-0.0699999999999999));
#10622=CARTESIAN_POINT('',(-0.00883577671885615,0.0141685745405038,-0.0699999999999999));
#10623=CARTESIAN_POINT('',(-0.00598349625595618,0.0113162940776039,-0.0699999999999999));
#10624=CARTESIAN_POINT('',(-0.00344435398230068,0.00815087542545952,-0.0699999999999999));
#10625=CARTESIAN_POINT('',(-0.00074864261402294,0.0051420258679374,-0.0699999999999999));
#10626=CARTESIAN_POINT('',(-0.00074864261402294,0.0051420258679374,-0.0699999999999999));
#10627=CARTESIAN_POINT('',(-0.00074864261402294,0.0051420258679374,-0.0699999999999999));
#10628=CARTESIAN_POINT('',(-0.00499643022464241,-0.00143387610619466,-0.0699999999999999));
#10629=CARTESIAN_POINT('',(-0.00924421783526186,-0.00800977808032672,-0.0699999999999999));
#10630=CARTESIAN_POINT('',(-0.0134920054458813,-0.0145856800544588,-0.0699999999999999));
#10631=CARTESIAN_POINT('',(-0.0141059846007494,-0.0155361670153604,-0.0699999999999999));
#10632=CARTESIAN_POINT('',(-0.0152075898828113,-0.0163349152719921,-0.0699999999999999));
#10633=CARTESIAN_POINT('',(-0.0153299904697071,-0.0164236650782845,-0.0699999999999999));
#10634=CARTESIAN_POINT('',(-0.0153299904697071,-0.0164236650782845,-0.0699999999999999));
#10635=CARTESIAN_POINT('',(-0.0153299904697071,-0.0164236650782845,-0.0699999999999999));
#10636=CARTESIAN_POINT('',(-0.0158905890492202,-0.0167686488195233,-0.0699999999999999));
#10637=CARTESIAN_POINT('',(-0.0165144697072837,-0.0169137944179714,-0.0699999999999999));
#10638=CARTESIAN_POINT('',(-0.0171679754935328,-0.0169137944179714,-0.0699999999999999));
#10639=CARTESIAN_POINT('',(-0.0176172607215791,-0.0169137944179714,-0.0699999999999999));
#10640=CARTESIAN_POINT('',(-0.0180665459496254,-0.0169137944179714,-0.0699999999999999));
#10641=CARTESIAN_POINT('',(-0.0185158311776717,-0.0169137944179714,-0.0699999999999999));
#10642=CARTESIAN_POINT('',(-0.0185158311776717,-0.0169137944179714,-0.0699999999999999));
#10643=CARTESIAN_POINT('',(-0.0185158311776717,-0.0169137944179714,-0.0699999999999999));
#10644=CARTESIAN_POINT('',(-0.0185158311776717,-0.018956,-0.0699999999999999));
#10645=CARTESIAN_POINT('',(-0.0185158311776717,-0.018956,-0.0699999999999999));
#10646=CARTESIAN_POINT('',(-0.00479220966643957,-0.018956,-0.0699999999999999));
#10647=CARTESIAN_POINT('',(-0.00479220966643957,-0.018956,-0.0699999999999999));
#10648=CARTESIAN_POINT('',(-0.00479220966643957,-0.0169137944179714,-0.0699999999999999));
#10649=CARTESIAN_POINT('',(-0.00479220966643957,-0.0169137944179714,-0.0699999999999999));
#10650=CARTESIAN_POINT('',(-0.00511896255956414,-0.0169137944179714,-0.0699999999999999));
#10651=CARTESIAN_POINT('',(-0.00544571545268874,-0.0169137944179714,-0.0699999999999999));
#10652=CARTESIAN_POINT('',(-0.00577246834581331,-0.0169137944179714,-0.0699999999999999));
#10653=CARTESIAN_POINT('',(-0.00691610347174929,-0.0169137944179714,-0.0699999999999999));
#10654=CARTESIAN_POINT('',(-0.00769214159292013,-0.0167504179714091,-0.0699999999999999));
#10655=CARTESIAN_POINT('',(-0.00859071204901274,-0.0160969121851599,-0.0699999999999999));
#10656=CARTESIAN_POINT('',(-0.00846817971409101,-0.0154842505105514,-0.0699999999999999));
#10657=CARTESIAN_POINT('',(-0.00777382981620131,-0.0145856800544588,-0.0699999999999999));
#10658=CARTESIAN_POINT('',(-0.00387241577156877,-0.00953679129081647,-0.0699999999999999));
#10659=CARTESIAN_POINT('',(-0.00085756024506448,-0.00380283458134783,-0.0699999999999999));
#10660=CARTESIAN_POINT('',(0.00260057454050395,0.00158858815520765,-0.0699999999999999));
#10661=CARTESIAN_POINT('',(0.00260057454050395,0.00158858815520765,-0.0699999999999999));
#10662=CARTESIAN_POINT('',(0.00260057454050395,0.00158858815520765,-0.0699999999999999));
#10663=CARTESIAN_POINT('',(0.00929900884955772,-0.00523237848876784,-0.0699999999999999));
#10664=CARTESIAN_POINT('',(0.00929900884955772,-0.00523237848876784,-0.0699999999999999));
#10665=CARTESIAN_POINT('',(0.00929900884955772,-0.00824122804628996,-0.0699999999999999));
#10666=CARTESIAN_POINT('',(0.00929900884955772,-0.0112500776038121,-0.0699999999999999));
#10667=CARTESIAN_POINT('',(0.00929900884955772,-0.0142589271613342,-0.0699999999999999));
#10668=CARTESIAN_POINT('',(0.00929900884955772,-0.0142589271613342,-0.0699999999999999));
#10669=CARTESIAN_POINT('',(0.00929900884955772,-0.0142589271613342,-0.0699999999999999));
#10670=CARTESIAN_POINT('',(0.00927450238257338,-0.0144141347855684,-0.0699999999999999));
#10671=CARTESIAN_POINT('',(0.0090539441797143,-0.0158110034036759,-0.0699999999999999));
#10672=CARTESIAN_POINT('',(0.00791030905377828,-0.0167095738597685,-0.0699999999999999));
#10673=CARTESIAN_POINT('',(0.00647668073519421,-0.0168933723621511,-0.0699999999999999));
#10674=CARTESIAN_POINT('',(0.00631738869979598,-0.0169137944179714,-0.0699999999999999));
#10675=CARTESIAN_POINT('',(0.00631738869979598,-0.0169137944179714,-0.0699999999999999));
#10676=CARTESIAN_POINT('',(0.00631738869979598,-0.0169137944179714,-0.0699999999999999));
#10677=CARTESIAN_POINT('',(0.00575918584070815,-0.0169137944179714,-0.0699999999999999));
#10678=CARTESIAN_POINT('',(0.00520098298162035,-0.0169137944179714,-0.0699999999999999));
#10679=CARTESIAN_POINT('',(0.00464278012253253,-0.0169137944179714,-0.0699999999999999));
#10680=CARTESIAN_POINT('',(0.00464278012253253,-0.0169137944179714,-0.0699999999999999));
#10681=CARTESIAN_POINT('',(0.00464278012253253,-0.0169137944179714,-0.0699999999999999));
#10682=CARTESIAN_POINT('',(0.00464278012253253,-0.018956,-0.0699999999999999));
#10683=CARTESIAN_POINT('',(0.00464278012253253,-0.018956,-0.0699999999999999));
#10684=CARTESIAN_POINT('',(0.0186523104152486,-0.018956,-0.0699999999999999));
#10685=CARTESIAN_POINT('',(0.0186523104152486,-0.018956,-0.0699999999999999));
#10686=CARTESIAN_POINT('',(0.0186523104152486,-0.0169137944179714,-0.0699999999999999));
#10687=CARTESIAN_POINT('',(0.0186523104152486,-0.0169137944179714,-0.0699999999999999));
#10688=CARTESIAN_POINT('',(0.0180941075561608,-0.0169137944179714,-0.0699999999999999));
#10689=CARTESIAN_POINT('',(0.017535904697073,-0.0169137944179714,-0.0699999999999999));
#10690=CARTESIAN_POINT('',(0.0169777018379852,-0.0169137944179714,-0.0699999999999999));
#10691=CARTESIAN_POINT('',(0.0158749108236898,-0.0169137944179714,-0.0699999999999999));
#10692=CARTESIAN_POINT('',(0.0150988727025189,-0.0167095738597685,-0.0699999999999999));
#10693=CARTESIAN_POINT('',(0.0142003022464263,-0.0158110034036759,-0.0699999999999999));
#10694=CARTESIAN_POINT('',(0.0140165037440437,-0.0144141347855684,-0.0699999999999999));
#10695=CARTESIAN_POINT('',(0.0139960816882234,-0.0142589271613342,-0.0699999999999999));
#10696=CARTESIAN_POINT('',(0.0139960816882234,-0.0142589271613342,-0.0699999999999999));
#10697=CARTESIAN_POINT('',(0.0139960816882234,-0.0142589271613342,-0.0699999999999999));
#10698=CARTESIAN_POINT('',(0.0139960816882234,0.00172473519400956,-0.0699999999999999));
#10699=CARTESIAN_POINT('',(0.0139960816882234,0.0177083975493533,-0.0699999999999999));
#10700=CARTESIAN_POINT('',(0.0139960816882234,0.0336920599046971,-0.0699999999999999));
#10701=CARTESIAN_POINT('',(0.0139960816882234,0.0336920599046971,-0.0699999999999999));
#10702=CARTESIAN_POINT('',(0.0139960816882234,0.0336920599046971,-0.0699999999999999));
#10703=CARTESIAN_POINT('',(0.0140165037440437,0.0338513519400953,-0.0699999999999999));
#10704=CARTESIAN_POINT('',(0.0145862791014298,0.0355459741320627,-0.0699999999999999));
#10705=CARTESIAN_POINT('',(0.0146495874744726,0.0357342654867257,-0.0699999999999999));
#10706=CARTESIAN_POINT('',(0.0146495874744726,0.0357342654867257,-0.0699999999999999));
#10707=CARTESIAN_POINT('',(0.0146495874744726,0.0357342654867257,-0.0699999999999999));
#10708=CARTESIAN_POINT('',(0.0150784506466986,0.0361631286589517,-0.0699999999999999));
#10709=CARTESIAN_POINT('',(0.0158749108236898,0.0363877712729748,-0.0699999999999999));
#10710=CARTESIAN_POINT('',(0.0169777018379852,0.0363877712729748,-0.0699999999999999));
#10711=CARTESIAN_POINT('',(0.0176584370319947,0.0363877712729748,-0.0699999999999999));
#10712=CARTESIAN_POINT('',(0.0183391722260043,0.0363877712729748,-0.0699999999999999));
#10713=CARTESIAN_POINT('',(0.0190199074200138,0.0363877712729748,-0.0699999999999999));
#10714=CARTESIAN_POINT('',(0.0190199074200138,0.0363877712729748,-0.0699999999999999));
#10715=CARTESIAN_POINT('',(0.0190199074200138,0.0363877712729748,-0.0699999999999999));
#10716=CARTESIAN_POINT('',(0.0190199074200138,0.0384299768550034,-0.0699999999999999));
#10717=CARTESIAN_POINT('',(0.0190199074200138,0.0384299768550034,-0.0699999999999999));
#10718=CARTESIAN_POINT('',(0.0180124193328797,0.0384299768550034,-0.0699999999999999));
#10719=CARTESIAN_POINT('',(0.0170049312457456,0.0384299768550034,-0.0699999999999999));
#10720=CARTESIAN_POINT('',(0.0159974431586115,0.0384299768550034,-0.0699999999999999));
#10721=CARTESIAN_POINT('',(0.0146495874744726,0.0384299768550034,-0.0699999999999999));
#10722=CARTESIAN_POINT('',(0.013465108236896,0.0386341974132063,-0.0699999999999999));
#10723=CARTESIAN_POINT('',(0.0124848495575223,0.0390834826412526,-0.0699999999999999));
#10724=CARTESIAN_POINT('',(0.0114863077177012,0.0395411476511706,-0.0699999999999999));
#10725=CARTESIAN_POINT('',(0.0106468645336966,0.040186273655548,-0.0699999999999999));
#10726=CARTESIAN_POINT('',(0.00999335874744746,0.041044,-0.0699999999999999));
#10727=CARTESIAN_POINT('',(0.00999335874744746,0.041044,-0.0699999999999999));
#10728=CARTESIAN_POINT('',(0.00999335874744746,0.041044,-0.0699999999999999));
#10729=CARTESIAN_POINT('',(0.00929900884955772,0.041044,-0.0699999999999999));
#10730=CARTESIAN_POINT('',(0.00929900884955772,0.041044,-0.0699999999999999));
#10731=CARTESIAN_POINT('',(0.00929900884955772,-0.00155640844111638,-0.0699999999999999));
#10732=CARTESIAN_POINT('',(0.00929900884955772,-0.00155640844111638,-0.0699999999999999));
#10733=CARTESIAN_POINT('',(-0.00479220966643957,0.0135150687542546,-0.0699999999999999));
#10734=CARTESIAN_POINT('',(-0.00479220966643957,0.0135150687542546,-0.0699999999999999));
#10735=CARTESIAN_POINT('',(-0.00524149489448585,0.0144136392103472,-0.0699999999999999));
#10736=CARTESIAN_POINT('',(-0.00540487134104817,0.0151079891082369,-0.0699999999999999));
#10737=CARTESIAN_POINT('',(-0.00532318311776699,0.0156798066712049,-0.0699999999999999));
#10738=CARTESIAN_POINT('',(-0.00524067801225298,0.0162573424098026,-0.0699999999999999));
#10739=CARTESIAN_POINT('',(-0.00466967733151784,0.0165375330156569,-0.0699999999999999));
#10740=CARTESIAN_POINT('',(-0.00377110687542527,0.0165375330156569,-0.0699999999999999));
#10741=CARTESIAN_POINT('',(-0.00310398638529591,0.0165375330156569,-0.0699999999999999));
#10742=CARTESIAN_POINT('',(-0.00243686589516657,0.0165375330156569,-0.0699999999999999));
#10743=CARTESIAN_POINT('',(-0.00176974540503723,0.0165375330156569,-0.0699999999999999));
#10744=CARTESIAN_POINT('',(-0.00176974540503723,0.0165375330156569,-0.0699999999999999));
#10745=CARTESIAN_POINT('',(-0.00176974540503723,0.0165375330156569,-0.0699999999999999));
#10746=CARTESIAN_POINT('',(-0.0549896228727023,-0.018956,-0.0699999999999999));
#10747=CARTESIAN_POINT('',(-0.0549896228727023,-0.018956,-0.0699999999999999));
#10748=CARTESIAN_POINT('',(-0.0302380912185158,-0.018956,-0.0699999999999999));
#10749=CARTESIAN_POINT('',(-0.0302380912185158,-0.018956,-0.0699999999999999));
#10750=CARTESIAN_POINT('',(-0.0302380912185158,-0.0169137944179714,-0.0699999999999999));
#10751=CARTESIAN_POINT('',(-0.0302380912185158,-0.0169137944179714,-0.0699999999999999));
#10752=CARTESIAN_POINT('',(-0.0325934349897888,-0.0169137944179714,-0.0699999999999999));
#10753=CARTESIAN_POINT('',(-0.0349487787610617,-0.0169137944179714,-0.0699999999999999));
#10754=CARTESIAN_POINT('',(-0.0373041225323347,-0.0169137944179714,-0.0699999999999999));
#10755=CARTESIAN_POINT('',(-0.0384069135466302,-0.0169137944179714,-0.0699999999999999));
#10756=CARTESIAN_POINT('',(-0.039182951667801,-0.0167095738597685,-0.0699999999999999));
#10757=CARTESIAN_POINT('',(-0.0400815221238936,-0.0158110034036759,-0.0699999999999999));
#10758=CARTESIAN_POINT('',(-0.0402653206262762,-0.0144141347855684,-0.0699999999999999));
#10759=CARTESIAN_POINT('',(-0.0402857426820965,-0.0142589271613342,-0.0699999999999999));
#10760=CARTESIAN_POINT('',(-0.0402857426820965,-0.0142589271613342,-0.0699999999999999));
#10761=CARTESIAN_POINT('',(-0.0402857426820965,-0.0142589271613342,-0.0699999999999999));
#10762=CARTESIAN_POINT('',(-0.0402857426820965,-0.00506900204220555,-0.0699999999999999));
#10763=CARTESIAN_POINT('',(-0.0402857426820964,0.00412092307692311,-0.0699999999999999));
#10764=CARTESIAN_POINT('',(-0.0402857426820965,0.0133108481960518,-0.0699999999999999));
#10765=CARTESIAN_POINT('',(-0.0402857426820965,0.0133108481960518,-0.0699999999999999));
#10766=CARTESIAN_POINT('',(-0.0402857426820965,0.0133108481960518,-0.0699999999999999));
#10767=CARTESIAN_POINT('',(-0.0402653206262762,0.01347014023145,-0.0699999999999999));
#10768=CARTESIAN_POINT('',(-0.0396955452688902,0.0152750415248469,-0.0699999999999999));
#10769=CARTESIAN_POINT('',(-0.0396322368958473,0.0154755861130021,-0.0699999999999999));
#10770=CARTESIAN_POINT('',(-0.0396322368958473,0.0154755861130021,-0.0699999999999999));
#10771=CARTESIAN_POINT('',(-0.0396322368958473,0.0154755861130021,-0.0699999999999999));
#10772=CARTESIAN_POINT('',(-0.0392027939176201,0.0160221499034731,-0.0699999999999999));
#10773=CARTESIAN_POINT('',(-0.0384069135466302,0.0162924683458135,-0.0699999999999999));
#10774=CARTESIAN_POINT('',(-0.0373041225323347,0.0162924683458135,-0.0699999999999999));
#10775=CARTESIAN_POINT('',(-0.0349487787610617,0.0162924683458135,-0.0699999999999999));
#10776=CARTESIAN_POINT('',(-0.0325934349897888,0.0164286153846154,-0.0699999999999999));
#10777=CARTESIAN_POINT('',(-0.0302380912185158,0.0164966889040164,-0.0699999999999999));
#10778=CARTESIAN_POINT('',(-0.0302380912185158,0.0164966889040164,-0.0699999999999999));
#10779=CARTESIAN_POINT('',(-0.0302380912185158,0.0164966889040164,-0.0699999999999999));
#10780=CARTESIAN_POINT('',(-0.0302380912185158,0.018538894486045,-0.0699999999999999));
#10781=CARTESIAN_POINT('',(-0.0302380912185158,0.018538894486045,-0.0699999999999999));
#10782=CARTESIAN_POINT('',(-0.0313544969366914,0.0185661238938053,-0.0699999999999999));
#10783=CARTESIAN_POINT('',(-0.0324709026548671,0.0185933533015657,-0.0699999999999999));
#10784=CARTESIAN_POINT('',(-0.0335873083730427,0.0186205827093261,-0.0699999999999999));
#10785=CARTESIAN_POINT('',(-0.0356273041963559,0.0186703387050167,-0.0699999999999999));
#10786=CARTESIAN_POINT('',(-0.0375083430905376,0.0187022709326072,-0.0699999999999999));
#10787=CARTESIAN_POINT('',(-0.0393054840027228,0.0190290238257318,-0.0699999999999999));
#10788=CARTESIAN_POINT('',(-0.0410702763784885,0.0193498951667801,-0.0699999999999999));
#10789=CARTESIAN_POINT('',(-0.0427363893805307,0.019968438393465,-0.0699999999999999));
#10790=CARTESIAN_POINT('',(-0.0442884656228725,0.0208670088495575,-0.0699999999999999));
#10791=CARTESIAN_POINT('',(-0.0442884656228725,0.0208670088495575,-0.0699999999999999));
#10792=CARTESIAN_POINT('',(-0.0442884656228725,0.0208670088495575,-0.0699999999999999));
#10793=CARTESIAN_POINT('',(-0.0449419714091217,0.0208670088495575,-0.0699999999999999));
#10794=CARTESIAN_POINT('',(-0.0449419714091217,0.0208670088495575,-0.0699999999999999));
#10795=CARTESIAN_POINT('',(-0.0449419714091217,0.00915836351259363,-0.0699999999999999));
#10796=CARTESIAN_POINT('',(-0.0449419714091216,-0.00255028182437029,-0.0699999999999999));
#10797=CARTESIAN_POINT('',(-0.0449419714091217,-0.0142589271613342,-0.0699999999999999));
#10798=CARTESIAN_POINT('',(-0.0449419714091217,-0.0142589271613342,-0.0699999999999999));
#10799=CARTESIAN_POINT('',(-0.0449419714091217,-0.0142589271613342,-0.0699999999999999));
#10800=CARTESIAN_POINT('',(-0.0449705622872701,-0.0144141347855684,-0.0699999999999999));
#10801=CARTESIAN_POINT('',(-0.0457167842069433,-0.0160756732471068,-0.0699999999999999));
#10802=CARTESIAN_POINT('',(-0.0457996977535737,-0.0162602886317222,-0.0699999999999999));
#10803=CARTESIAN_POINT('',(-0.0457996977535737,-0.0162602886317222,-0.0699999999999999));
#10804=CARTESIAN_POINT('',(-0.0457996977535737,-0.0162602886317222,-0.0699999999999999));
#10805=CARTESIAN_POINT('',(-0.0463462615440447,-0.0166897316099494,-0.0699999999999999));
#10806=CARTESIAN_POINT('',(-0.047802618257876,-0.0168913881371692,-0.0699999999999999));
#10807=CARTESIAN_POINT('',(-0.0479644356705239,-0.0169137944179714,-0.0699999999999999));
#10808=CARTESIAN_POINT('',(-0.0479644356705239,-0.0169137944179714,-0.0699999999999999));
#10809=CARTESIAN_POINT('',(-0.0479644356705239,-0.0169137944179714,-0.0699999999999999));
#10810=CARTESIAN_POINT('',(-0.0503061647379167,-0.0169137944179714,-0.0699999999999999));
#10811=CARTESIAN_POINT('',(-0.0526478938053095,-0.0169137944179714,-0.0699999999999999));
#10812=CARTESIAN_POINT('',(-0.0549896228727023,-0.0169137944179714,-0.0699999999999999));
#10813=CARTESIAN_POINT('',(-0.0549896228727023,-0.0169137944179714,-0.0699999999999999));
#10814=CARTESIAN_POINT('',(-0.0549896228727023,-0.0169137944179714,-0.0699999999999999));
#10815=CARTESIAN_POINT('',(-0.0429406099387336,0.039042638529612,-0.0699999999999999));
#10816=CARTESIAN_POINT('',(-0.0440405392636784,0.0390819217197886,-0.0699999999999999));
#10817=CARTESIAN_POINT('',(-0.0450645037440434,0.0386341974132063,-0.0699999999999999));
#10818=CARTESIAN_POINT('',(-0.0459630742001359,0.0378581592920354,-0.0699999999999999));
#10819=CARTESIAN_POINT('',(-0.0468818491990282,0.0370646717929921,-0.0699999999999999));
#10820=CARTESIAN_POINT('',(-0.0472700857726342,0.0361018624914908,-0.0699999999999999));
#10821=CARTESIAN_POINT('',(-0.0472700857726342,0.0338554363512594,-0.0699999999999999));
#10822=CARTESIAN_POINT('',(-0.0468616446562285,0.0328343335602451,-0.0699999999999999));
#10823=CARTESIAN_POINT('',(-0.0459630742001359,0.0319766072157931,-0.0699999999999999));
#10824=CARTESIAN_POINT('',(-0.0450441037661213,0.0310994081651427,-0.0699999999999999));
#10825=CARTESIAN_POINT('',(-0.044043400953029,0.0306287515316542,-0.0699999999999999));
#10826=CARTESIAN_POINT('',(-0.0417969748127976,0.0306287515316542,-0.0699999999999999));
#10827=CARTESIAN_POINT('',(-0.0408167161334239,0.0310780367597005,-0.0699999999999999));
#10828=CARTESIAN_POINT('',(-0.0399181456773313,0.0319766072157931,-0.0699999999999999));
#10829=CARTESIAN_POINT('',(-0.039039997277059,0.0328547556160654,-0.0699999999999999));
#10830=CARTESIAN_POINT('',(-0.0385702899931925,0.0338554363512594,-0.0699999999999999));
#10831=CARTESIAN_POINT('',(-0.0385702899931925,0.0361018624914908,-0.0699999999999999));
#10832=CARTESIAN_POINT('',(-0.0390195752212387,0.037041277059224,-0.0699999999999999));
#10833=CARTESIAN_POINT('',(-0.0399181456773313,0.0378581592920354,-0.0699999999999999));
#10834=CARTESIAN_POINT('',(-0.040796386485096,0.038656560026367,-0.0699999999999999));
#10835=CARTESIAN_POINT('',(-0.0417969748127976,0.0390017944179714,-0.0699999999999999));
#10836=CARTESIAN_POINT('',(-0.0429406099387336,0.039042638529612,-0.0699999999999999));
#10837=CARTESIAN_POINT('',(-0.0429406099387336,0.039042638529612,-0.0699999999999999));
#10838=CARTESIAN_POINT('',(-0.0791693369639208,-0.0169137944179714,-0.0699999999999999));
#10839=CARTESIAN_POINT('',(-0.0797275398230086,-0.0169137944179714,-0.0699999999999999));
#10840=CARTESIAN_POINT('',(-0.0802857426820965,-0.0169137944179714,-0.0699999999999999));
#10841=CARTESIAN_POINT('',(-0.0808439455411843,-0.0169137944179714,-0.0699999999999999));
#10842=CARTESIAN_POINT('',(-0.0791693369639208,-0.0169137944179714,-0.0699999999999999));
#10843=CARTESIAN_POINT('',(-0.0808439455411843,-0.0169137944179714,-0.0699999999999999));
#10844=CARTESIAN_POINT('',(-0.0808439455411843,-0.0169137944179714,-0.0699999999999999));
#10845=CARTESIAN_POINT('',(-0.0808439455411843,-0.018956,-0.0699999999999999));
#10846=CARTESIAN_POINT('',(-0.0808439455411843,-0.018956,-0.0699999999999999));
#10847=CARTESIAN_POINT('',(-0.0668344152484681,-0.018956,-0.0699999999999999));
#10848=CARTESIAN_POINT('',(-0.0668344152484681,-0.018956,-0.0699999999999999));
#10849=CARTESIAN_POINT('',(-0.0668344152484681,-0.0169137944179714,-0.0699999999999999));
#10850=CARTESIAN_POINT('',(-0.0668344152484681,-0.0169137944179714,-0.0699999999999999));
#10851=CARTESIAN_POINT('',(-0.0673790034036758,-0.0169137944179714,-0.0699999999999999));
#10852=CARTESIAN_POINT('',(-0.0679235915588833,-0.0169137944179714,-0.0699999999999999));
#10853=CARTESIAN_POINT('',(-0.068468179714091,-0.0169137944179714,-0.0699999999999999));
#10854=CARTESIAN_POINT('',(-0.069611814840027,-0.0169137944179714,-0.0699999999999999));
#10855=CARTESIAN_POINT('',(-0.0703878529611979,-0.0167095738597685,-0.0699999999999999));
#10856=CARTESIAN_POINT('',(-0.0708371381892442,-0.0162602886317222,-0.0699999999999999));
#10857=CARTESIAN_POINT('',(-0.0712660013614702,-0.0158314254594963,-0.0699999999999999));
#10858=CARTESIAN_POINT('',(-0.071468179714091,-0.0144161769911504,-0.0699999999999999));
#10859=CARTESIAN_POINT('',(-0.0714906439754933,-0.0142589271613342,-0.0699999999999999));
#10860=CARTESIAN_POINT('',(-0.0714906439754933,-0.0142589271613342,-0.0699999999999999));
#10861=CARTESIAN_POINT('',(-0.0714906439754933,-0.0142589271613342,-0.0699999999999999));
#10862=CARTESIAN_POINT('',(-0.0714906439754933,-0.00466056092579983,-0.0699999999999999));
#10863=CARTESIAN_POINT('',(-0.0714906439754933,0.00493780530973455,-0.0699999999999999));
#10864=CARTESIAN_POINT('',(-0.0714906439754933,0.0145361715452689,-0.0699999999999999));
#10865=CARTESIAN_POINT('',(-0.0714906439754933,0.0151896773315181,-0.0699999999999999));
#10866=CARTESIAN_POINT('',(-0.0713681116405716,0.0156798066712049,-0.0699999999999999));
#10867=CARTESIAN_POINT('',(-0.0711638910823688,0.0160065595643295,-0.0699999999999999));
#10868=CARTESIAN_POINT('',(-0.0709481974590983,0.0163516693615622,-0.0699999999999999));
#10869=CARTESIAN_POINT('',(-0.0704695411844791,0.0165375330156569,-0.0699999999999999));
#10870=CARTESIAN_POINT('',(-0.0698160353982299,0.0165375330156569,-0.0699999999999999));
#10871=CARTESIAN_POINT('',(-0.0696363213070114,0.0165375330156569,-0.0699999999999999));
#10872=CARTESIAN_POINT('',(-0.0673719237576581,0.0165375330156569,-0.0699999999999999));
#10873=CARTESIAN_POINT('',(-0.0671203240299522,0.0165375330156569,-0.0699999999999999));
#10874=CARTESIAN_POINT('',(-0.0671203240299522,0.0165375330156569,-0.0699999999999999));
#10875=CARTESIAN_POINT('',(-0.0671203240299522,0.0165375330156569,-0.0699999999999999));
#10876=CARTESIAN_POINT('',(-0.0671203240299522,0.018538894486045,-0.0699999999999999));
#10877=CARTESIAN_POINT('',(-0.0671203240299522,0.018538894486045,-0.0699999999999999));
#10878=CARTESIAN_POINT('',(-0.0672755316541863,0.018538894486045,-0.0699999999999999));
#10879=CARTESIAN_POINT('',(-0.0692311477195369,0.018538894486045,-0.0699999999999999));
#10880=CARTESIAN_POINT('',(-0.0694484383934647,0.018538894486045,-0.0699999999999999));
#10881=CARTESIAN_POINT('',(-0.0705920735194008,0.018538894486045,-0.0699999999999999));
#10882=CARTESIAN_POINT('',(-0.0716540204220556,0.0186614268209667,-0.0699999999999999));
#10883=CARTESIAN_POINT('',(-0.0726342791014293,0.0189064914908101,-0.0699999999999999));
#10884=CARTESIAN_POINT('',(-0.0736433689184317,0.0191587639450607,-0.0699999999999999));
#10885=CARTESIAN_POINT('',(-0.0745947964601767,0.0195599972770593,-0.0699999999999999));
#10886=CARTESIAN_POINT('',(-0.0754933669162694,0.0202951912865895,-0.0699999999999999));
#10887=CARTESIAN_POINT('',(-0.0754933669162694,0.0202951912865895,-0.0699999999999999));
#10888=CARTESIAN_POINT('',(-0.0754933669162694,0.0202951912865895,-0.0699999999999999));
#10889=CARTESIAN_POINT('',(-0.0761468727025185,0.0202951912865895,-0.0699999999999999));
#10890=CARTESIAN_POINT('',(-0.0761468727025185,0.0202951912865895,-0.0699999999999999));
#10891=CARTESIAN_POINT('',(-0.0761468727025185,0.012616498298162,-0.0699999999999999));
#10892=CARTESIAN_POINT('',(-0.0761468727025185,0.012616498298162,-0.0699999999999999));
#10893=CARTESIAN_POINT('',(-0.0781482341729065,0.0148220803267529,-0.0699999999999999));
#10894=CARTESIAN_POINT('',(-0.0801495956432946,0.0164558447923758,-0.0699999999999999));
#10895=CARTESIAN_POINT('',(-0.0821509571136826,0.0175994799183118,-0.0699999999999999));
#10896=CARTESIAN_POINT('',(-0.0841347241975177,0.0187330611090748,-0.0699999999999999));
#10897=CARTESIAN_POINT('',(-0.0862762123893803,0.0192740884955753,-0.0699999999999999));
#10898=CARTESIAN_POINT('',(-0.0922802968005444,0.0192740884955753,-0.0699999999999999));
#10899=CARTESIAN_POINT('',(-0.0950985405037438,0.018252985704561,-0.0699999999999999));
#10900=CARTESIAN_POINT('',(-0.0968548373042884,0.0162516242341729,-0.0699999999999999));
#10901=CARTESIAN_POINT('',(-0.098649152764986,0.0142069391743083,-0.0699999999999999));
#10902=CARTESIAN_POINT('',(-0.0995505486725662,0.0112277985023826,-0.0699999999999999));
#10903=CARTESIAN_POINT('',(-0.0995505486725662,0.007184231449966,-0.0699999999999999));
#10904=CARTESIAN_POINT('',(-0.0995505486725662,3.65119128659249E-5,-0.0699999999999999));
#10905=CARTESIAN_POINT('',(-0.0995505486725662,-0.00711120762423414,-0.0699999999999999));
#10906=CARTESIAN_POINT('',(-0.0995505486725662,-0.0142589271613342,-0.0699999999999999));
#10907=CARTESIAN_POINT('',(-0.0995505486725662,-0.0142589271613342,-0.0699999999999999));
#10908=CARTESIAN_POINT('',(-0.0995505486725662,-0.0142589271613342,-0.0699999999999999));
#10909=CARTESIAN_POINT('',(-0.0995750551395505,-0.0144141347855684,-0.0699999999999999));
#10910=CARTESIAN_POINT('',(-0.0997956133424096,-0.0158110034036759,-0.0699999999999999));
#10911=CARTESIAN_POINT('',(-0.100939248468346,-0.0167095738597685,-0.0699999999999999));
#10912=CARTESIAN_POINT('',(-0.10237287678693,-0.0168933723621511,-0.0699999999999999));
#10913=CARTESIAN_POINT('',(-0.102532168822328,-0.0169137944179714,-0.0699999999999999));
#10914=CARTESIAN_POINT('',(-0.102532168822328,-0.0169137944179714,-0.0699999999999999));
#10915=CARTESIAN_POINT('',(-0.102532168822328,-0.0169137944179714,-0.0699999999999999));
#10916=CARTESIAN_POINT('',(-0.103090371681416,-0.0169137944179714,-0.0699999999999999));
#10917=CARTESIAN_POINT('',(-0.103648574540504,-0.0169137944179714,-0.0699999999999999));
#10918=CARTESIAN_POINT('',(-0.104206777399591,-0.0169137944179714,-0.0699999999999999));
#10919=CARTESIAN_POINT('',(-0.104206777399591,-0.0169137944179714,-0.0699999999999999));
#10920=CARTESIAN_POINT('',(-0.104206777399591,-0.0169137944179714,-0.0699999999999999));
#10921=CARTESIAN_POINT('',(-0.104206777399591,-0.018956,-0.0699999999999999));
#10922=CARTESIAN_POINT('',(-0.104206777399591,-0.018956,-0.0699999999999999));
#10923=CARTESIAN_POINT('',(-0.0901972471068752,-0.018956,-0.0699999999999999));
#10924=CARTESIAN_POINT('',(-0.0901972471068752,-0.018956,-0.0699999999999999));
#10925=CARTESIAN_POINT('',(-0.0901972471068752,-0.0169137944179714,-0.0699999999999999));
#10926=CARTESIAN_POINT('',(-0.0901972471068752,-0.0169137944179714,-0.0699999999999999));
#10927=CARTESIAN_POINT('',(-0.090755449965963,-0.0169137944179714,-0.0699999999999999));
#10928=CARTESIAN_POINT('',(-0.0913136528250509,-0.0169137944179714,-0.0699999999999999));
#10929=CARTESIAN_POINT('',(-0.0918718556841387,-0.0169137944179714,-0.0699999999999999));
#10930=CARTESIAN_POINT('',(-0.0929746466984341,-0.0169137944179714,-0.0699999999999999));
#10931=CARTESIAN_POINT('',(-0.093750684819605,-0.0167095738597685,-0.0699999999999999));
#10932=CARTESIAN_POINT('',(-0.0946492552756976,-0.0158110034036759,-0.0699999999999999));
#10933=CARTESIAN_POINT('',(-0.0948698134785567,-0.0144141347855684,-0.0699999999999999));
#10934=CARTESIAN_POINT('',(-0.094894319945541,-0.0142589271613342,-0.0699999999999999));
#10935=CARTESIAN_POINT('',(-0.094894319945541,-0.0142589271613342,-0.0699999999999999));
#10936=CARTESIAN_POINT('',(-0.094894319945541,-0.0142589271613342,-0.0699999999999999));
#10937=CARTESIAN_POINT('',(-0.094894319945541,-0.00675722532334918,-0.0699999999999999));
#10938=CARTESIAN_POINT('',(-0.094894319945541,0.000744476514635844,-0.0699999999999999));
#10939=CARTESIAN_POINT('',(-0.094894319945541,0.00824617835262086,-0.0699999999999999));
#10940=CARTESIAN_POINT('',(-0.094894319945541,0.010901045609258,-0.0699999999999999));
#10941=CARTESIAN_POINT('',(-0.094322502382573,0.0129840953029272,-0.0699999999999999));
#10942=CARTESIAN_POINT('',(-0.0932197113682776,0.0144544833219878,-0.0699999999999999));
#10943=CARTESIAN_POINT('',(-0.092121821647379,0.0159183362831859,-0.0699999999999999));
#10944=CARTESIAN_POINT('',(-0.0904014676650781,0.0166192212389381,-0.0699999999999999));
#10945=CARTESIAN_POINT('',(-0.0861945241660992,0.0166192212389381,-0.0699999999999999));
#10946=CARTESIAN_POINT('',(-0.08411147447243,0.0159657154526889,-0.0699999999999999));
#10947=CARTESIAN_POINT('',(-0.0798636868618105,0.0132700040844112,-0.0699999999999999));
#10948=CARTESIAN_POINT('',(-0.0779440136147036,0.0113503308373043,-0.0699999999999999));
#10949=CARTESIAN_POINT('',(-0.0761468727025185,0.00889968413887001,-0.0699999999999999));
#10950=CARTESIAN_POINT('',(-0.0761468727025185,0.00889968413887001,-0.0699999999999999));
#10951=CARTESIAN_POINT('',(-0.0761468727025185,0.00889968413887001,-0.0699999999999999));
#10952=CARTESIAN_POINT('',(-0.0761468727025185,0.00118014703880194,-0.0699999999999999));
#10953=CARTESIAN_POINT('',(-0.0761468727025185,-0.00653939006126613,-0.0699999999999999));
#10954=CARTESIAN_POINT('',(-0.0761468727025185,-0.0142589271613342,-0.0699999999999999));
#10955=CARTESIAN_POINT('',(-0.0761468727025185,-0.0142589271613342,-0.0699999999999999));
#10956=CARTESIAN_POINT('',(-0.0761468727025185,-0.0142589271613342,-0.0699999999999999));
#10957=CARTESIAN_POINT('',(-0.0761754635806669,-0.0144141347855684,-0.0699999999999999));
#10958=CARTESIAN_POINT('',(-0.0768849257998637,-0.0160756732471068,-0.0699999999999999));
#10959=CARTESIAN_POINT('',(-0.07696375493533,-0.0162602886317222,-0.0699999999999999));
#10960=CARTESIAN_POINT('',(-0.07696375493533,-0.0162602886317222,-0.0699999999999999));
#10961=CARTESIAN_POINT('',(-0.07696375493533,-0.0162602886317222,-0.0699999999999999));
#10962=CARTESIAN_POINT('',(-0.0775185306448204,-0.0167297142320603,-0.0699999999999999));
#10963=CARTESIAN_POINT('',(-0.0790042563320108,-0.0168953863993803,-0.0699999999999999));
#10964=CARTESIAN_POINT('',(-0.0791693369639208,-0.0169137944179714,-0.0699999999999999));
#10965=CARTESIAN_POINT('',(-0.138066545949625,0.0146178597685501,-0.0699999999999999));
#10966=CARTESIAN_POINT('',(-0.138965116405718,0.0137192893124575,-0.0699999999999999));
#10967=CARTESIAN_POINT('',(-0.139618622191967,0.0124939659632403,-0.0699999999999999));
#10968=CARTESIAN_POINT('',(-0.140067907420013,0.010901045609258,-0.0699999999999999));
#10969=CARTESIAN_POINT('',(-0.140506521439842,0.00934595953895738,-0.0699999999999999));
#10970=CARTESIAN_POINT('',(-0.140762257317903,0.00779689312457457,-0.0699999999999999));
#10971=CARTESIAN_POINT('',(-0.140762257317903,0.0035491055139551,-0.0699999999999999));
#10972=CARTESIAN_POINT('',(-0.139700310415248,0.000935082368958511,-0.0699999999999999));
#10973=CARTESIAN_POINT('',(-0.137576416609939,-0.00163809666439752,-0.0699999999999999));
#10974=CARTESIAN_POINT('',(-0.135435972156064,-0.00423132744505384,-0.0699999999999999));
#10975=CARTESIAN_POINT('',(-0.132021617426821,-0.00547744315861127,-0.0699999999999999));
#10976=CARTESIAN_POINT('',(-0.125976688904016,-0.00547744315861127,-0.0699999999999999));
#10977=CARTESIAN_POINT('',(-0.124751365554799,-0.00531406671204898,-0.0699999999999999));
#10978=CARTESIAN_POINT('',(-0.123648574540504,-0.0049873138189244,-0.0699999999999999));
#10979=CARTESIAN_POINT('',(-0.122508235786755,-0.0046494356696657,-0.0699999999999999));
#10980=CARTESIAN_POINT('',(-0.121108400433679,-0.00388749469017961,-0.0699999999999999));
#10981=CARTESIAN_POINT('',(-0.120952863172226,-0.00380283458134782,-0.0699999999999999));
#10982=CARTESIAN_POINT('',(-0.138066545949625,0.0146178597685501,-0.0699999999999999));
#10983=CARTESIAN_POINT('',(-0.120952863172226,-0.00380283458134782,-0.0699999999999999));
#10984=CARTESIAN_POINT('',(-0.120952863172226,-0.00380283458134782,-0.0699999999999999));
#10985=CARTESIAN_POINT('',(-0.120054292716133,-0.00425211980939412,-0.0699999999999999));
#10986=CARTESIAN_POINT('',(-0.119061780803267,-0.00535491082368955,-0.0699999999999999));
#10987=CARTESIAN_POINT('',(-0.118951501701838,-0.00547744315861127,-0.0699999999999999));
#10988=CARTESIAN_POINT('',(-0.118951501701838,-0.00547744315861127,-0.0699999999999999));
#10989=CARTESIAN_POINT('',(-0.118951501701838,-0.00547744315861127,-0.0699999999999999));
#10990=CARTESIAN_POINT('',(-0.118483148665705,-0.00615868393844124,-0.0699999999999999));
#10991=CARTESIAN_POINT('',(-0.118257151803948,-0.00670276650782843,-0.0699999999999999));
#10992=CARTESIAN_POINT('',(-0.118257151803948,-0.00805062219196729,-0.0699999999999999));
#10993=CARTESIAN_POINT('',(-0.118747281143635,-0.00943932198774674,-0.0699999999999999));
#10994=CARTESIAN_POINT('',(-0.120732304969367,-0.00980691899251188,-0.0699999999999999));
#10995=CARTESIAN_POINT('',(-0.120952863172226,-0.00984776310415246,-0.0699999999999999));
#10996=CARTESIAN_POINT('',(-0.120952863172226,-0.00984776310415246,-0.0699999999999999));
#10997=CARTESIAN_POINT('',(-0.182626875485082,0.373780108281586,-0.0699999999999999));
#10998=CARTESIAN_POINT('',(-0.135044081688223,-0.0118491245745405,-0.0699999999999999));
#10999=CARTESIAN_POINT('',(-0.135044081688223,-0.0118491245745405,-0.0699999999999999));
#11000=CARTESIAN_POINT('',(-0.138441328685403,-0.0122351753696746,-0.0699999999999999));
#11001=CARTESIAN_POINT('',(-0.140884789652825,-0.0132786684819605,-0.0699999999999999));
#11002=CARTESIAN_POINT('',(-0.142436865895167,-0.0147082123893805,-0.0699999999999999));
#11003=CARTESIAN_POINT('',(-0.144031393080068,-0.0161768558491578,-0.0699999999999999));
#11004=CARTESIAN_POINT('',(-0.14480582437032,-0.018098273655548,-0.0699999999999999));
#11005=CARTESIAN_POINT('',(-0.14480582437032,-0.0239389816201497,-0.0699999999999999));
#11006=CARTESIAN_POINT('',(-0.14341712457454,-0.0265938488767869,-0.0699999999999999));
#11007=CARTESIAN_POINT('',(-0.140598880871341,-0.0285952103471749,-0.0699999999999999));
#11008=CARTESIAN_POINT('',(-0.137807788636379,-0.0305772903401185,-0.0699999999999999));
#11009=CARTESIAN_POINT('',(-0.13336947311096,-0.0316176746085772,-0.0699999999999999));
#11010=CARTESIAN_POINT('',(-0.12266831586113,-0.0316176746085772,-0.0699999999999999));
#11011=CARTESIAN_POINT('',(-0.118869813478557,-0.0306782600408441,-0.0699999999999999));
#11012=CARTESIAN_POINT('',(-0.115929037440435,-0.0287585867937372,-0.0699999999999999));
#11013=CARTESIAN_POINT('',(-0.113035597037176,-0.0268698131971654,-0.0699999999999999));
#11014=CARTESIAN_POINT('',(-0.111599561606535,-0.0247150197413206,-0.0699999999999999));
#11015=CARTESIAN_POINT('',(-0.111599561606535,-0.020671452688904,-0.0699999999999999));
#11016=CARTESIAN_POINT('',(-0.112130535057862,-0.0191193764465623,-0.0699999999999999));
#11017=CARTESIAN_POINT('',(-0.113274170183798,-0.0175673002042205,-0.0699999999999999));
#11018=CARTESIAN_POINT('',(-0.114403432875477,-0.0160347294083714,-0.0699999999999999));
#11019=CARTESIAN_POINT('',(-0.116133257998638,-0.0147490565010211,-0.0699999999999999));
#11020=CARTESIAN_POINT('',(-0.118583904697073,-0.0138504860449285,-0.0699999999999999));
#11021=CARTESIAN_POINT('',(-0.118583904697073,-0.0138504860449285,-0.0699999999999999));
#11022=CARTESIAN_POINT('',(-0.118583904697073,-0.0138504860449285,-0.0699999999999999));
#11023=CARTESIAN_POINT('',(-0.117236049012934,-0.0131969802586793,-0.0699999999999999));
#11024=CARTESIAN_POINT('',(-0.116174102110279,-0.0124617862491491,-0.0699999999999999));
#11025=CARTESIAN_POINT('',(-0.114622025867937,-0.0109097100068073,-0.0699999999999999));
#11026=CARTESIAN_POINT('',(-0.114213584751531,-0.00997029543907416,-0.0699999999999999));
#11027=CARTESIAN_POINT('',(-0.114213584751531,-0.00751964874063986,-0.0699999999999999));
#11028=CARTESIAN_POINT('',(-0.114662869979578,-0.00633516950306327,-0.0699999999999999));
#11029=CARTESIAN_POINT('',(-0.11556144043567,-0.00531406671204898,-0.0699999999999999));
#11030=CARTESIAN_POINT('',(-0.116439754569489,-0.00431598246907378,-0.0699999999999999));
#11031=CARTESIAN_POINT('',(-0.117603646017699,-0.00347608168822325,-0.0699999999999999));
#11032=CARTESIAN_POINT('',(-0.118951501701838,-0.00278173179033353,-0.0699999999999999));
#11033=CARTESIAN_POINT('',(-0.118951501701838,-0.00278173179033353,-0.0699999999999999));
#11034=CARTESIAN_POINT('',(-0.118951501701838,-0.00278173179033353,-0.0699999999999999));
#11035=CARTESIAN_POINT('',(-0.117603646017699,-0.00167894077603809,-0.0699999999999999));
#11036=CARTESIAN_POINT('',(-0.116419166780122,-0.000331085091899219,-0.0699999999999999));
#11037=CARTESIAN_POINT('',(-0.115438908100749,0.00122099115044251,-0.0699999999999999));
#11038=CARTESIAN_POINT('',(-0.1144470027836,0.00279150790259421,-0.0699999999999999));
#11039=CARTESIAN_POINT('',(-0.113927675970047,0.00444767597004768,-0.0699999999999999));
#11040=CARTESIAN_POINT('',(-0.113927675970047,0.00959403403675973,-0.0699999999999999));
#11041=CARTESIAN_POINT('',(-0.115071311095983,0.0125348100748809,-0.0699999999999999));
#11042=CARTESIAN_POINT('',(-0.117440269571137,0.0151079891082369,-0.0699999999999999));
#11043=CARTESIAN_POINT('',(-0.119790490886661,0.0176608157095822,-0.0699999999999999));
#11044=CARTESIAN_POINT('',(-0.123076756977535,0.0189473356024507,-0.0699999999999999));
#11045=CARTESIAN_POINT('',(-0.12912168550034,0.0189473356024507,-0.0699999999999999));
#11046=CARTESIAN_POINT('',(-0.130837138189244,0.0187431150442478,-0.0699999999999999));
#11047=CARTESIAN_POINT('',(-0.132552590878148,0.0182938298162015,-0.0699999999999999));
#11048=CARTESIAN_POINT('',(-0.134229821279024,0.0178545551874008,-0.0699999999999999));
#11049=CARTESIAN_POINT('',(-0.135615899251191,0.0170685064669844,-0.0699999999999999));
#11050=CARTESIAN_POINT('',(-0.136718690265487,0.0159248713410484,-0.0699999999999999));
#11051=CARTESIAN_POINT('',(-0.136718690265487,0.0159248713410484,-0.0699999999999999));
#11052=CARTESIAN_POINT('',(-0.136718690265487,0.0159248713410484,-0.0699999999999999));
#11053=CARTESIAN_POINT('',(-0.138311610619469,0.0170276623553438,-0.0699999999999999));
#11054=CARTESIAN_POINT('',(-0.139700310415248,0.0178853886997958,-0.0699999999999999));
#11055=CARTESIAN_POINT('',(-0.140925633764465,0.0184163621511232,-0.0699999999999999));
#11056=CARTESIAN_POINT('',(-0.142165858145993,0.0189537927164518,-0.0699999999999999));
#11057=CARTESIAN_POINT('',(-0.143212904016337,0.0192740884955753,-0.0699999999999999));
#11058=CARTESIAN_POINT('',(-0.145214265486725,0.0192740884955753,-0.0699999999999999));
#11059=CARTESIAN_POINT('',(-0.145990303607896,0.0188656473791695,-0.0699999999999999));
#11060=CARTESIAN_POINT('',(-0.146888874063989,0.0173135711368278,-0.0699999999999999));
#11061=CARTESIAN_POINT('',(-0.147133938733832,0.0166192212389381,-0.0699999999999999));
#11062=CARTESIAN_POINT('',(-0.147133938733832,0.0150671449965964,-0.0699999999999999));
#11063=CARTESIAN_POINT('',(-0.14697056228727,0.0143319509870661,-0.0699999999999999));
#11064=CARTESIAN_POINT('',(-0.146643809394145,0.0138009775357386,-0.0699999999999999));
#11065=CARTESIAN_POINT('',(-0.146287606669452,0.0132221481081113,-0.0699999999999999));
#11066=CARTESIAN_POINT('',(-0.145663550714772,0.0129840953029272,-0.0699999999999999));
#11067=CARTESIAN_POINT('',(-0.14411147447243,0.0129840953029272,-0.0699999999999999));
#11068=CARTESIAN_POINT('',(-0.142967839346494,0.0133108481960518,-0.0699999999999999));
#11069=CARTESIAN_POINT('',(-0.142159125936011,0.0147812362151124,-0.0699999999999999));
#11070=CARTESIAN_POINT('',(-0.142069268890401,0.0149446126616746,-0.0699999999999999));
#11071=CARTESIAN_POINT('',(-0.142069268890401,0.0149446126616746,-0.0699999999999999));
#11072=CARTESIAN_POINT('',(-0.142069268890401,0.0149446126616746,-0.0699999999999999));
#11073=CARTESIAN_POINT('',(-0.141829239795966,0.0155846902468364,-0.0699999999999999));
#11074=CARTESIAN_POINT('',(-0.141374918992512,0.0158431831177672,-0.0699999999999999));
#11075=CARTESIAN_POINT('',(-0.140598880871341,0.0157614948944861,-0.0699999999999999));
#11076=CARTESIAN_POINT('',(-0.140598880871341,0.0157614948944861,-0.0699999999999999));
#11077=CARTESIAN_POINT('',(-0.140598880871341,0.0157614948944861,-0.0699999999999999));
#11078=CARTESIAN_POINT('',(-0.140435504424779,0.0157124819605174,-0.0699999999999999));
#11079=CARTESIAN_POINT('',(-0.138965116405718,0.0152713655547992,-0.0699999999999999));
#11080=CARTESIAN_POINT('',(-0.138066545949625,0.0146178597685501,-0.0699999999999999));
#11081=CARTESIAN_POINT('',(0.245,0.255,-0.0699999999999999));
#11082=CARTESIAN_POINT('',(-0.245,0.255,-0.0699999999999999));
#11083=CARTESIAN_POINT('',(0.245,0.255,-0.0699999999999999));
#11084=CARTESIAN_POINT('',(0.245,0.24,-0.0699999999999999));
#11085=CARTESIAN_POINT('',(0.26,0.24,-0.0699999999999999));
#11086=CARTESIAN_POINT('',(0.26,-0.24,-0.0699999999999999));
#11087=CARTESIAN_POINT('',(0.26,-0.24,-0.0699999999999999));
#11088=CARTESIAN_POINT('',(0.245,-0.24,-0.0699999999999999));
#11089=CARTESIAN_POINT('',(0.245,-0.255,-0.0699999999999999));
#11090=CARTESIAN_POINT('',(-0.245,-0.255,-0.0699999999999999));
#11091=CARTESIAN_POINT('',(-0.245,-0.255,-0.0699999999999999));
#11092=CARTESIAN_POINT('',(-0.245,-0.24,-0.0699999999999999));
#11093=CARTESIAN_POINT('',(-0.26,-0.24,-0.0699999999999999));
#11094=CARTESIAN_POINT('',(-0.26,0.24,-0.0699999999999999));
#11095=CARTESIAN_POINT('',(-0.26,0.24,-0.0699999999999999));
#11096=CARTESIAN_POINT('',(-0.245,0.24,-0.0699999999999999));
#11097=CARTESIAN_POINT('',(0.0598208153697418,0.0550027803003148,-0.0699999999999999));
#11098=CARTESIAN_POINT('',(0.0615386276378491,0.018538894486045,-0.0699999999999999));
#11099=CARTESIAN_POINT('',(0.0485093560245067,0.0202951912865895,-0.0699999999999999));
#11100=CARTESIAN_POINT('',(0.0485093560245066,0.0202951912865895,-0.0699999999999999));
#11101=CARTESIAN_POINT('',(0.0474882532334924,0.0202951912865895,-0.0699999999999999));
#11102=CARTESIAN_POINT('',(0.0474882532334924,0.0202951912865895,-0.0699999999999999));
#11103=CARTESIAN_POINT('',(0.0474882532334924,0.00824617835262086,-0.0699999999999999));
#11104=CARTESIAN_POINT('',(0.0474882532334924,0.00824617835262086,-0.0699999999999999));
#11105=CARTESIAN_POINT('',(0.0452418270932609,0.0117996160653506,-0.0699999999999999));
#11106=CARTESIAN_POINT('',(0.0428320245064672,0.0145361715452689,-0.0699999999999999));
#11107=CARTESIAN_POINT('',(0.0376856664397551,0.0182938298162015,-0.0699999999999999));
#11108=CARTESIAN_POINT('',(0.0350716432947585,0.0192740884955753,-0.0699999999999999));
#11109=CARTESIAN_POINT('',(0.0301295057862494,0.0192740884955753,-0.0699999999999999));
#11110=CARTESIAN_POINT('',(0.0283732089857047,0.0187431150442478,-0.0699999999999999));
#11111=CARTESIAN_POINT('',(0.0271478856364876,0.0177628563648741,-0.0699999999999999));
#11112=CARTESIAN_POINT('',(0.0259026383303726,0.0167666585199821,-0.0699999999999999));
#11113=CARTESIAN_POINT('',(0.0253099006126619,0.0155572743362832,-0.0699999999999999));
#11114=CARTESIAN_POINT('',(0.0253099006126619,0.0131066276378489,-0.0699999999999999));
#11115=CARTESIAN_POINT('',(0.0260818543226687,0.0117097590197414,-0.0699999999999999));
#11116=CARTESIAN_POINT('',(0.0261676269571139,0.0115545513955072,-0.0699999999999999));
#11117=CARTESIAN_POINT('',(0.0261676269571139,0.0115545513955072,-0.0699999999999999));
#11118=CARTESIAN_POINT('',(0.0261676269571139,0.0115545513955072,-0.0699999999999999));
#11119=CARTESIAN_POINT('',(0.0263064969366918,0.0114524411164058,-0.0699999999999999));
#11120=CARTESIAN_POINT('',(0.0275563267528933,0.0105334486044929,-0.0699999999999999));
#11121=CARTESIAN_POINT('',(0.0298027528931248,0.0105334486044929,-0.0699999999999999));
#11122=CARTESIAN_POINT('',(0.0310525827093263,0.0114524411164058,-0.0699999999999999));
#11123=CARTESIAN_POINT('',(0.0311914526889042,0.0115545513955072,-0.0699999999999999));
#11124=CARTESIAN_POINT('',(0.0311914526889042,0.0115545513955072,-0.0699999999999999));
#11125=CARTESIAN_POINT('',(0.0311914526889042,0.0115545513955072,-0.0699999999999999));
#11126=CARTESIAN_POINT('',(0.0312649720898572,0.0117138434309054,-0.0699999999999999));
#11127=CARTESIAN_POINT('',(0.0319266466984345,0.0131474717494895,-0.0699999999999999));
#11128=CARTESIAN_POINT('',(0.0316815820285911,0.0142502627637849,-0.0699999999999999));
#11129=CARTESIAN_POINT('',(0.0316815820285911,0.0142502627637849,-0.0699999999999999));
#11130=CARTESIAN_POINT('',(0.0316815820285911,0.0142502627637849,-0.0699999999999999));
#11131=CARTESIAN_POINT('',(0.0316815820285911,0.0149446126616746,-0.0699999999999999));
#11132=CARTESIAN_POINT('',(0.0318041143635128,0.0154755861130021,-0.0699999999999999));
#11133=CARTESIAN_POINT('',(0.0320491790333562,0.0159248713410484,-0.0699999999999999));
#11134=CARTESIAN_POINT('',(0.0322848781744158,0.016356986432991,-0.0699999999999999));
#11135=CARTESIAN_POINT('',(0.0329477494894488,0.0166192212389381,-0.0699999999999999));
#11136=CARTESIAN_POINT('',(0.0358476814159294,0.0166192212389381,-0.0699999999999999));
#11137=CARTESIAN_POINT('',(0.0380124193328797,0.0155164302246426,-0.0699999999999999));
#11138=CARTESIAN_POINT('',(0.0431587773995918,0.0110235779441797,-0.0699999999999999));
#11139=CARTESIAN_POINT('',(0.0454868917631043,0.00787858134785571,-0.0699999999999999));
#11140=CARTESIAN_POINT('',(0.0474882532334924,0.00387585840707967,-0.0699999999999999));
#11141=CARTESIAN_POINT('',(0.0474882532334924,0.00387585840707967,-0.0699999999999999));
#11142=CARTESIAN_POINT('',(0.0474882532334924,0.00387585840707967,-0.0699999999999999));
#11143=CARTESIAN_POINT('',(0.0474882532334924,-0.00216907011572495,-0.0699999999999999));
#11144=CARTESIAN_POINT('',(0.0474882532334924,-0.00821399863852958,-0.0699999999999999));
#11145=CARTESIAN_POINT('',(0.0474882532334924,-0.0142589271613342,-0.0699999999999999));
#11146=CARTESIAN_POINT('',(0.0474882532334924,-0.0142589271613342,-0.0699999999999999));
#11147=CARTESIAN_POINT('',(0.0474882532334924,-0.0142589271613342,-0.0699999999999999));
#11148=CARTESIAN_POINT('',(0.0474596623553439,-0.0144141347855684,-0.0699999999999999));
#11149=CARTESIAN_POINT('',(0.0467502001361472,-0.0160756732471068,-0.0699999999999999));
#11150=CARTESIAN_POINT('',(0.0466713710006809,-0.0162602886317222,-0.0699999999999999));
#11151=CARTESIAN_POINT('',(0.0466713710006809,-0.0162602886317222,-0.0699999999999999));
#11152=CARTESIAN_POINT('',(0.0466713710006809,-0.0162602886317222,-0.0699999999999999));
#11153=CARTESIAN_POINT('',(0.0461165952911905,-0.0167297142320603,-0.0699999999999999));
#11154=CARTESIAN_POINT('',(0.0446676293044766,-0.0168953863993803,-0.0699999999999999));
#11155=CARTESIAN_POINT('',(0.0445066330837306,-0.0169137944179714,-0.0699999999999999));
#11156=CARTESIAN_POINT('',(0.0445066330837306,-0.0169137944179714,-0.0699999999999999));
#11157=CARTESIAN_POINT('',(0.0445066330837306,-0.0169137944179714,-0.0699999999999999));
#11158=CARTESIAN_POINT('',(0.0420423716814161,-0.0169137944179714,-0.0699999999999999));
#11159=CARTESIAN_POINT('',(0.0395781102791016,-0.0169137944179714,-0.0699999999999999));
#11160=CARTESIAN_POINT('',(0.0371138488767871,-0.0169137944179714,-0.0699999999999999));
#11161=CARTESIAN_POINT('',(0.0371138488767871,-0.0169137944179714,-0.0699999999999999));
#11162=CARTESIAN_POINT('',(0.0371138488767871,-0.0169137944179714,-0.0699999999999999));
#11163=CARTESIAN_POINT('',(0.0371138488767871,-0.018956,-0.0699999999999999));
#11164=CARTESIAN_POINT('',(0.0371138488767871,-0.018956,-0.0699999999999999));
#11165=CARTESIAN_POINT('',(0.0618653805309736,-0.018956,-0.0699999999999999));
#11166=CARTESIAN_POINT('',(0.0618653805309736,-0.018956,-0.0699999999999999));
#11167=CARTESIAN_POINT('',(0.0618653805309736,-0.0169137944179714,-0.0699999999999999));
#11168=CARTESIAN_POINT('',(0.0618653805309736,-0.0169137944179714,-0.0699999999999999));
#11169=CARTESIAN_POINT('',(0.0596325690946224,-0.0169137944179714,-0.0699999999999999));
#11170=CARTESIAN_POINT('',(0.0573997576582711,-0.0169137944179714,-0.0699999999999999));
#11171=CARTESIAN_POINT('',(0.0551669462219199,-0.0169137944179714,-0.0699999999999999));
#11172=CARTESIAN_POINT('',(0.0540641552076244,-0.0169137944179714,-0.0699999999999999));
#11173=CARTESIAN_POINT('',(0.053247272974813,-0.0167095738597685,-0.0699999999999999));
#11174=CARTESIAN_POINT('',(0.0528388318584073,-0.0162602886317222,-0.0699999999999999));
#11175=CARTESIAN_POINT('',(0.0524119092435216,-0.0157906737553481,-0.0699999999999999));
#11176=CARTESIAN_POINT('',(0.052171224688818,-0.0144121018207356,-0.0699999999999999));
#11177=CARTESIAN_POINT('',(0.0521444819605176,-0.0142589271613342,-0.0699999999999999));
#11178=CARTESIAN_POINT('',(0.0521444819605176,-0.0142589271613342,-0.0699999999999999));
#11179=CARTESIAN_POINT('',(0.0521444819605176,-0.0142589271613342,-0.0699999999999999));
#11180=CARTESIAN_POINT('',(0.0521444819605176,-0.00500092852280459,-0.0699999999999999));
#11181=CARTESIAN_POINT('',(0.0521444819605176,0.00425707011572501,-0.0699999999999999));
#11182=CARTESIAN_POINT('',(0.0521444819605176,0.0135150687542546,-0.0699999999999999));
#11183=CARTESIAN_POINT('',(0.0521444819605176,0.0135150687542546,-0.0699999999999999));
#11184=CARTESIAN_POINT('',(0.0521444819605176,0.0135150687542546,-0.0699999999999999));
#11185=CARTESIAN_POINT('',(0.0521689884275019,0.0136743607896529,-0.0699999999999999));
#11186=CARTESIAN_POINT('',(0.0527718475153168,0.0154792620830497,-0.0699999999999999));
#11187=CARTESIAN_POINT('',(0.0528388318584073,0.0156798066712049,-0.0699999999999999));
#11188=CARTESIAN_POINT('',(0.0528388318584073,0.0156798066712049,-0.0699999999999999));
#11189=CARTESIAN_POINT('',(0.0528388318584073,0.0156798066712049,-0.0699999999999999));
#11190=CARTESIAN_POINT('',(0.05327252674731,0.0162317819843538,-0.0699999999999999));
#11191=CARTESIAN_POINT('',(0.0540641552076244,0.0165375330156569,-0.0699999999999999));
#11192=CARTESIAN_POINT('',(0.0551669462219199,0.0165375330156569,-0.0699999999999999));
#11193=CARTESIAN_POINT('',(0.0572908400272296,0.0165375330156569,-0.0699999999999999));
#11194=CARTESIAN_POINT('',(0.0594147338325393,0.0165375330156569,-0.0699999999999999));
#11195=CARTESIAN_POINT('',(0.0615386276378491,0.0165375330156569,-0.0699999999999999));
#11196=CARTESIAN_POINT('',(0.0615386276378491,0.0165375330156569,-0.0699999999999999));
#11197=CARTESIAN_POINT('',(0.0615386276378491,0.0165375330156569,-0.0699999999999999));
#11198=CARTESIAN_POINT('',(0.265,-0.26,-0.0699999999999999));
#11199=CARTESIAN_POINT('',(0.265,-0.095,0.195));
#11200=CARTESIAN_POINT('',(0.265,-0.092,0.195));
#11201=CARTESIAN_POINT('',(0.265,0.0920000000000001,0.195));
#11202=CARTESIAN_POINT('',(0.265,-0.092,0.198));
#11203=CARTESIAN_POINT('',(0.265,-0.095,0.198));
#11204=CARTESIAN_POINT('',(0.265,-0.095,0.195));
#11205=CARTESIAN_POINT('',(0.265,-0.095,0.2));
#11206=CARTESIAN_POINT('',(0.265,-0.26,0.2));
#11207=CARTESIAN_POINT('',(0.265,-0.24,0.2));
#11208=CARTESIAN_POINT('',(0.265,-0.24,-0.0699999999999999));
#11209=CARTESIAN_POINT('',(0.265,-0.24,-0.0649999999999999));
#11210=CARTESIAN_POINT('',(0.265,0.24,-0.0649999999999999));
#11211=CARTESIAN_POINT('',(0.265,0.24,-0.0649999999999999));
#11212=CARTESIAN_POINT('',(0.265,0.24,-0.0699999999999999));
#11213=CARTESIAN_POINT('',(0.265,0.24,0.2));
#11214=CARTESIAN_POINT('',(0.265,-0.26,0.2));
#11215=CARTESIAN_POINT('',(0.265,0.095,0.2));
#11216=CARTESIAN_POINT('',(0.265,0.095,0.195));
#11217=CARTESIAN_POINT('',(0.265,0.095,0.198));
#11218=CARTESIAN_POINT('',(0.265,0.092,0.198));
#11219=CARTESIAN_POINT('',(0.265,0.26,-0.0699999999999999));
#11220=CARTESIAN_POINT('',(0.245,0.26,-0.0699999999999999));
#11221=CARTESIAN_POINT('',(0.245,0.26,0.2));
#11222=CARTESIAN_POINT('',(0.245,0.26,-0.0649999999999999));
#11223=CARTESIAN_POINT('',(-0.245,0.26,-0.0649999999999999));
#11224=CARTESIAN_POINT('',(-0.245,0.26,-0.0649999999999999));
#11225=CARTESIAN_POINT('',(-0.245,0.26,-0.0699999999999999));
#11226=CARTESIAN_POINT('',(-0.245,0.26,0.2));
#11227=CARTESIAN_POINT('',(0.265,0.26,0.2));
#11228=CARTESIAN_POINT('',(-0.265,0.26,-0.0699999999999999));
#11229=CARTESIAN_POINT('',(-0.265,-0.24,-0.0699999999999999));
#11230=CARTESIAN_POINT('',(-0.265,-0.24,-0.0649999999999999));
#11231=CARTESIAN_POINT('',(-0.265,-0.24,0.2));
#11232=CARTESIAN_POINT('',(-0.265,0.26,0.2));
#11233=CARTESIAN_POINT('',(-0.265,-0.095,0.2));
#11234=CARTESIAN_POINT('',(-0.265,-0.095,0.195));
#11235=CARTESIAN_POINT('',(-0.265,-0.095,0.198));
#11236=CARTESIAN_POINT('',(-0.265,-0.092,0.198));
#11237=CARTESIAN_POINT('',(-0.265,-0.092,0.195));
#11238=CARTESIAN_POINT('',(-0.265,0.095,0.195));
#11239=CARTESIAN_POINT('',(-0.265,0.092,0.195));
#11240=CARTESIAN_POINT('',(-0.265,0.092,0.198));
#11241=CARTESIAN_POINT('',(-0.265,0.095,0.198));
#11242=CARTESIAN_POINT('',(-0.265,0.095,0.195));
#11243=CARTESIAN_POINT('',(-0.265,0.095,0.2));
#11244=CARTESIAN_POINT('',(-0.265,0.26,0.2));
#11245=CARTESIAN_POINT('',(-0.265,0.24,0.2));
#11246=CARTESIAN_POINT('',(-0.265,0.24,-0.0699999999999999));
#11247=CARTESIAN_POINT('',(-0.265,0.24,-0.0649999999999999));
#11248=CARTESIAN_POINT('',(-0.265,-0.24,-0.0649999999999999));
#11249=CARTESIAN_POINT('',(-0.265,-0.26,-0.0699999999999999));
#11250=CARTESIAN_POINT('',(0.245,-0.26,-0.0699999999999999));
#11251=CARTESIAN_POINT('',(0.245,-0.26,-0.0649999999999999));
#11252=CARTESIAN_POINT('',(0.245,-0.26,0.2));
#11253=CARTESIAN_POINT('',(-0.265,-0.26,0.2));
#11254=CARTESIAN_POINT('',(-0.245,-0.26,0.2));
#11255=CARTESIAN_POINT('',(-0.245,-0.26,-0.0699999999999999));
#11256=CARTESIAN_POINT('',(-0.245,-0.26,-0.0649999999999999));
#11257=CARTESIAN_POINT('',(0.245,-0.26,-0.0649999999999999));
#11258=CARTESIAN_POINT('',(0.,0.,0.205));
#11259=CARTESIAN_POINT('',(0.145,0.095,0.205));
#11260=CARTESIAN_POINT('',(0.145,0.098,0.205));
#11261=CARTESIAN_POINT('',(0.142,0.095,0.205));
#11262=CARTESIAN_POINT('',(0.26,0.098,0.205));
#11263=CARTESIAN_POINT('',(0.26,0.098,0.205));
#11264=CARTESIAN_POINT('',(0.26,2.16840434497101E-17,0.205));
#11265=CARTESIAN_POINT('',(0.26,0.24,0.205));
#11266=CARTESIAN_POINT('',(0.245,0.24,0.205));
#11267=CARTESIAN_POINT('',(0.245,0.255,0.205));
#11268=CARTESIAN_POINT('',(0.,0.255,0.205));
#11269=CARTESIAN_POINT('',(-0.245,0.255,0.205));
#11270=CARTESIAN_POINT('',(-0.245,0.24,0.205));
#11271=CARTESIAN_POINT('',(-0.26,0.24,0.205));
#11272=CARTESIAN_POINT('',(-0.26,2.16840434497101E-17,0.205));
#11273=CARTESIAN_POINT('',(-0.26,0.098,0.205));
#11274=CARTESIAN_POINT('',(-0.145,0.098,0.205));
#11275=CARTESIAN_POINT('',(-0.145,0.098,0.205));
#11276=CARTESIAN_POINT('',(-0.145,0.095,0.205));
#11277=CARTESIAN_POINT('',(-0.142,0.095,0.205));
#11278=CARTESIAN_POINT('',(-0.142,-0.095,0.205));
#11279=CARTESIAN_POINT('',(-0.142,-0.095,0.205));
#11280=CARTESIAN_POINT('',(-0.145,-0.095,0.205));
#11281=CARTESIAN_POINT('',(-0.145,-0.0979999999999999,0.205));
#11282=CARTESIAN_POINT('',(-0.26,-0.0979999999999999,0.205));
#11283=CARTESIAN_POINT('',(-0.26,-0.0979999999999999,0.205));
#11284=CARTESIAN_POINT('',(-0.26,2.16840434497101E-17,0.205));
#11285=CARTESIAN_POINT('',(-0.26,-0.24,0.205));
#11286=CARTESIAN_POINT('',(-0.245,-0.24,0.205));
#11287=CARTESIAN_POINT('',(-0.245,-0.255,0.205));
#11288=CARTESIAN_POINT('',(0.,-0.255,0.205));
#11289=CARTESIAN_POINT('',(0.245,-0.255,0.205));
#11290=CARTESIAN_POINT('',(0.245,-0.24,0.205));
#11291=CARTESIAN_POINT('',(0.26,-0.24,0.205));
#11292=CARTESIAN_POINT('',(0.26,2.16840434497101E-17,0.205));
#11293=CARTESIAN_POINT('',(0.26,-0.0979999999999999,0.205));
#11294=CARTESIAN_POINT('',(0.145,-0.0979999999999999,0.205));
#11295=CARTESIAN_POINT('',(0.145,-0.0979999999999999,0.205));
#11296=CARTESIAN_POINT('',(0.145,-0.095,0.205));
#11297=CARTESIAN_POINT('',(0.142,-0.095,0.205));
#11298=CARTESIAN_POINT('',(0.142,0.095,0.205));
#11299=CARTESIAN_POINT('',(-0.265,-0.095,0.195));
#11300=CARTESIAN_POINT('',(-0.145,-0.095,0.195));
#11301=CARTESIAN_POINT('',(-0.145,-0.095,0.198));
#11302=CARTESIAN_POINT('',(-0.145,-0.095,0.202));
#11303=CARTESIAN_POINT('',(-0.265,-0.095,0.198));
#11304=CARTESIAN_POINT('',(-0.26,-0.095,0.2));
#11305=CARTESIAN_POINT('',(-0.264582575694956,-0.095,0.202));
#11306=CARTESIAN_POINT('',(-0.145,-0.095,0.202));
#11307=CARTESIAN_POINT('',(-0.145,-0.095,0.195));
#11308=CARTESIAN_POINT('',(-0.145,0.095,0.195));
#11309=CARTESIAN_POINT('',(-0.145,0.095,0.198));
#11310=CARTESIAN_POINT('',(-0.145,0.095,0.202));
#11311=CARTESIAN_POINT('',(-0.145,-0.095,0.198));
#11312=CARTESIAN_POINT('',(-0.145,0.095,0.202));
#11313=CARTESIAN_POINT('',(-0.145,0.095,0.195));
#11314=CARTESIAN_POINT('',(-0.145,0.095,0.198));
#11315=CARTESIAN_POINT('',(-0.26,0.095,0.202));
#11316=CARTESIAN_POINT('',(-0.264582575694956,0.095,0.202));
#11317=CARTESIAN_POINT('',(-0.26,0.095,0.2));
#11318=CARTESIAN_POINT('',(0.,0.,0.195));
#11319=CARTESIAN_POINT('',(-0.148,-1.68907285818794E-17,0.195));
#11320=CARTESIAN_POINT('',(-0.148,-0.092,0.195));
#11321=CARTESIAN_POINT('',(-0.148,0.092,0.195));
#11322=CARTESIAN_POINT('',(0.,0.092,0.195));
#11323=CARTESIAN_POINT('',(0.,-0.092,0.195));
#11324=CARTESIAN_POINT('',(0.145,-0.095,0.195));
#11325=CARTESIAN_POINT('',(0.145,-0.095,0.195));
#11326=CARTESIAN_POINT('',(0.145,-0.095,0.198));
#11327=CARTESIAN_POINT('',(0.145,-0.095,0.202));
#11328=CARTESIAN_POINT('',(0.26,-0.095,0.202));
#11329=CARTESIAN_POINT('',(0.264582575694956,-0.095,0.202));
#11330=CARTESIAN_POINT('',(0.26,-0.095,0.2));
#11331=CARTESIAN_POINT('',(0.145,-0.095,0.198));
#11332=CARTESIAN_POINT('',(0.265,0.095,0.195));
#11333=CARTESIAN_POINT('',(0.26,0.095,0.2));
#11334=CARTESIAN_POINT('',(0.264582575694956,0.095,0.202));
#11335=CARTESIAN_POINT('',(0.145,0.095,0.202));
#11336=CARTESIAN_POINT('',(0.145,0.095,0.202));
#11337=CARTESIAN_POINT('',(0.145,0.095,0.195));
#11338=CARTESIAN_POINT('',(0.145,0.095,0.198));
#11339=CARTESIAN_POINT('',(0.265,0.095,0.198));
#11340=CARTESIAN_POINT('',(0.145,0.095,0.195));
#11341=CARTESIAN_POINT('',(0.145,-0.095,0.202));
#11342=CARTESIAN_POINT('',(0.145,0.095,0.198));
#11343=CARTESIAN_POINT('',(0.,0.,0.195));
#11344=CARTESIAN_POINT('',(0.,0.092,0.195));
#11345=CARTESIAN_POINT('',(0.148,0.092,0.195));
#11346=CARTESIAN_POINT('',(0.148,-1.68907285818794E-17,0.195));
#11347=CARTESIAN_POINT('',(0.148,-0.092,0.195));
#11348=CARTESIAN_POINT('',(0.,-0.092,0.195));
#11349=CARTESIAN_POINT('',(0.245,0.24,-0.0699999999999999));
#11350=CARTESIAN_POINT('',(0.245,0.24,-0.0649999999999999));
#11351=CARTESIAN_POINT('',(0.245,0.24,0.2));
#11352=CARTESIAN_POINT('',(-0.245,0.24,-0.0699999999999999));
#11353=CARTESIAN_POINT('',(-0.245,0.24,-0.0649999999999999));
#11354=CARTESIAN_POINT('',(-0.245,0.24,0.2));
#11355=CARTESIAN_POINT('',(-0.245,-0.24,-0.0699999999999999));
#11356=CARTESIAN_POINT('',(-0.245,-0.24,0.2));
#11357=CARTESIAN_POINT('',(-0.245,-0.24,-0.0649999999999999));
#11358=CARTESIAN_POINT('',(0.245,-0.24,-0.0699999999999999));
#11359=CARTESIAN_POINT('',(0.245,-0.24,0.2));
#11360=CARTESIAN_POINT('',(0.245,-0.24,-0.0649999999999999));
#11361=CARTESIAN_POINT('',(0.26,2.16840434497101E-17,0.2));
#11362=CARTESIAN_POINT('',(0.264582575694956,0.095,0.202));
#11363=CARTESIAN_POINT('',(0.263684733687432,0.095,0.204057214480794));
#11364=CARTESIAN_POINT('',(0.261744597802979,0.096648696664737,0.205));
#11365=CARTESIAN_POINT('',(0.26,0.098,0.205));
#11366=CARTESIAN_POINT('',(0.26,0.24,0.2));
#11367=CARTESIAN_POINT('',(0.245,0.24,0.2));
#11368=CARTESIAN_POINT('',(0.245,0.255,0.2));
#11369=CARTESIAN_POINT('',(0.,0.255,0.2));
#11370=CARTESIAN_POINT('',(-0.245,0.255,0.2));
#11371=CARTESIAN_POINT('',(-0.245,0.24,0.2));
#11372=CARTESIAN_POINT('',(-0.26,0.24,0.2));
#11373=CARTESIAN_POINT('',(-0.26,2.16840434497101E-17,0.2));
#11374=CARTESIAN_POINT('',(-0.264582575694956,0.095,0.202));
#11375=CARTESIAN_POINT('',(-0.263684733687432,0.095,0.204057214480794));
#11376=CARTESIAN_POINT('',(-0.261744597802979,0.096648696664737,0.205));
#11377=CARTESIAN_POINT('',(-0.26,0.098,0.205));
#11378=CARTESIAN_POINT('',(-0.245,-0.24,-0.0649999999999999));
#11379=CARTESIAN_POINT('',(-0.245,-0.255,-0.0649999999999999));
#11380=CARTESIAN_POINT('',(-0.26,-0.24,-0.0649999999999999));
#11381=CARTESIAN_POINT('',(-0.26,0.26,-0.0649999999999999));
#11382=CARTESIAN_POINT('',(-0.26,0.24,-0.0649999999999999));
#11383=CARTESIAN_POINT('',(-0.265,-0.255,-0.0649999999999999));
#11384=CARTESIAN_POINT('',(0.245,-0.255,-0.0649999999999999));
#11385=CARTESIAN_POINT('',(-0.245,0.24,-0.0649999999999999));
#11386=CARTESIAN_POINT('',(-0.245,0.255,-0.0649999999999999));
#11387=CARTESIAN_POINT('',(0.245,-0.24,-0.0649999999999999));
#11388=CARTESIAN_POINT('',(0.26,-0.24,-0.0649999999999999));
#11389=CARTESIAN_POINT('',(0.265,0.255,-0.0649999999999999));
#11390=CARTESIAN_POINT('',(0.245,0.255,-0.0649999999999999));
#11391=CARTESIAN_POINT('',(0.26,-0.26,-0.0649999999999999));
#11392=CARTESIAN_POINT('',(0.26,0.24,-0.0649999999999999));
#11393=CARTESIAN_POINT('',(0.245,0.24,-0.0649999999999999));
#11394=CARTESIAN_POINT('',(-0.26,2.16840434497101E-17,0.2));
#11395=CARTESIAN_POINT('',(-0.264582575694956,-0.095,0.202));
#11396=CARTESIAN_POINT('',(-0.263684733687432,-0.095,0.204057214480794));
#11397=CARTESIAN_POINT('',(-0.261744597802979,-0.0966486966647369,0.205));
#11398=CARTESIAN_POINT('',(-0.26,-0.0979999999999999,0.205));
#11399=CARTESIAN_POINT('',(-0.26,-0.24,0.2));
#11400=CARTESIAN_POINT('',(-0.245,-0.24,0.2));
#11401=CARTESIAN_POINT('',(-0.245,-0.255,0.2));
#11402=CARTESIAN_POINT('',(0.,-0.255,0.2));
#11403=CARTESIAN_POINT('',(0.245,-0.255,0.2));
#11404=CARTESIAN_POINT('',(0.245,-0.24,0.2));
#11405=CARTESIAN_POINT('',(0.26,-0.24,0.2));
#11406=CARTESIAN_POINT('',(0.26,2.16840434497101E-17,0.2));
#11407=CARTESIAN_POINT('',(0.264582575694956,-0.095,0.202));
#11408=CARTESIAN_POINT('',(0.263684733687432,-0.095,0.204057214480794));
#11409=CARTESIAN_POINT('',(0.261744597802979,-0.0966486966647369,0.205));
#11410=CARTESIAN_POINT('',(0.26,-0.0979999999999999,0.205));
#11411=CARTESIAN_POINT('',(-0.145,0.098,0.202));
#11412=CARTESIAN_POINT('',(-0.145,0.098,0.202));
#11413=CARTESIAN_POINT('',(-0.145,0.095,0.202));
#11414=CARTESIAN_POINT('',(-0.142,0.095,0.202));
#11415=CARTESIAN_POINT('',(-0.142,-0.095,0.202));
#11416=CARTESIAN_POINT('',(-0.142,-0.095,0.202));
#11417=CARTESIAN_POINT('',(-0.145,-0.095,0.202));
#11418=CARTESIAN_POINT('',(-0.145,-0.0979999999999999,0.202));
#11419=CARTESIAN_POINT('',(-0.265,-0.0979999999999999,0.202));
#11420=CARTESIAN_POINT('',(0.,-0.092,0.198));
#11421=CARTESIAN_POINT('',(-0.148,-0.092,0.198));
#11422=CARTESIAN_POINT('',(-0.148,-1.68907285818794E-17,0.198));
#11423=CARTESIAN_POINT('',(-0.148,0.092,0.198));
#11424=CARTESIAN_POINT('',(0.,0.092,0.198));
#11425=CARTESIAN_POINT('',(0.,-0.092,0.198));
#11426=CARTESIAN_POINT('',(0.148,-0.092,0.198));
#11427=CARTESIAN_POINT('',(0.148,-1.68907285818794E-17,0.198));
#11428=CARTESIAN_POINT('',(0.148,0.092,0.198));
#11429=CARTESIAN_POINT('',(0.,0.092,0.198));
#11430=CARTESIAN_POINT('',(0.145,-0.0979999999999999,0.202));
#11431=CARTESIAN_POINT('',(0.145,-0.0979999999999999,0.202));
#11432=CARTESIAN_POINT('',(0.145,-0.095,0.202));
#11433=CARTESIAN_POINT('',(0.142,-0.095,0.202));
#11434=CARTESIAN_POINT('',(0.142,0.095,0.202));
#11435=CARTESIAN_POINT('',(0.142,0.095,0.202));
#11436=CARTESIAN_POINT('',(0.145,0.095,0.202));
#11437=CARTESIAN_POINT('',(0.145,0.098,0.202));
#11438=CARTESIAN_POINT('',(0.265,0.098,0.202));
#11439=CARTESIAN_POINT('',(-0.120952863172226,-0.00380283458134782,-0.0709999999999999));
#11440=CARTESIAN_POINT('',(-0.120952863172226,-0.00380283458134782,-0.0699999999999999));
#11441=CARTESIAN_POINT('',(-0.120054292716133,-0.00425211980939412,-0.0709999999999999));
#11442=CARTESIAN_POINT('',(-0.120054292716133,-0.00425211980939412,-0.0699999999999999));
#11443=CARTESIAN_POINT('',(-0.119061780803267,-0.00535491082368955,-0.0709999999999999));
#11444=CARTESIAN_POINT('',(-0.119061780803267,-0.00535491082368955,-0.0699999999999999));
#11445=CARTESIAN_POINT('',(-0.118951501701838,-0.00547744315861127,-0.0709999999999999));
#11446=CARTESIAN_POINT('',(-0.118951501701838,-0.00547744315861127,-0.0699999999999999));
#11447=CARTESIAN_POINT('',(-0.120952863172226,-0.00380283458134782,-0.0709999999999999));
#11448=CARTESIAN_POINT('',(-0.120952863172226,-0.00380283458134782,-0.0709999999999999));
#11449=CARTESIAN_POINT('',(-0.120952863172226,-0.00380283458134782,-0.0709999999999999));
#11450=CARTESIAN_POINT('',(-0.120054292716133,-0.00425211980939412,-0.0709999999999999));
#11451=CARTESIAN_POINT('',(-0.119061780803267,-0.00535491082368955,-0.0709999999999999));
#11452=CARTESIAN_POINT('',(-0.118951501701838,-0.00547744315861127,-0.0709999999999999));
#11453=CARTESIAN_POINT('',(-0.118951501701838,-0.00547744315861127,-0.0709999999999999));
#11454=CARTESIAN_POINT('',(-0.118951501701838,-0.00547744315861127,-0.0709999999999999));
#11455=CARTESIAN_POINT('',(-0.118951501701838,-0.00547744315861127,-0.0709999999999999));
#11456=CARTESIAN_POINT('',(-0.118951501701838,-0.00547744315861127,-0.0699999999999999));
#11457=CARTESIAN_POINT('',(-0.116609736521172,-0.00888364705776134,-0.0709999999999999));
#11458=CARTESIAN_POINT('',(-0.116609736521172,-0.00888364705776134,-0.0699999999999999));
#11459=CARTESIAN_POINT('',(-0.120401467665078,-0.00974565282505103,-0.0709999999999999));
#11460=CARTESIAN_POINT('',(-0.120401467665078,-0.00974565282505103,-0.0699999999999999));
#11461=CARTESIAN_POINT('',(-0.120952863172226,-0.00984776310415246,-0.0709999999999999));
#11462=CARTESIAN_POINT('',(-0.120952863172226,-0.00984776310415246,-0.0699999999999999));
#11463=CARTESIAN_POINT('',(-0.118951501701838,-0.00547744315861127,-0.0709999999999999));
#11464=CARTESIAN_POINT('',(-0.118483148665705,-0.00615868393844124,-0.0709999999999999));
#11465=CARTESIAN_POINT('',(-0.118257151803948,-0.00670276650782843,-0.0709999999999999));
#11466=CARTESIAN_POINT('',(-0.118257151803948,-0.00805062219196729,-0.0709999999999999));
#11467=CARTESIAN_POINT('',(-0.118747281143635,-0.00943932198774674,-0.0709999999999999));
#11468=CARTESIAN_POINT('',(-0.120732304969367,-0.00980691899251188,-0.0709999999999999));
#11469=CARTESIAN_POINT('',(-0.120952863172226,-0.00984776310415246,-0.0709999999999999));
#11470=CARTESIAN_POINT('',(-0.120952863172226,-0.00984776310415246,-0.0709999999999999));
#11471=CARTESIAN_POINT('',(-0.120952863172226,-0.00984776310415246,-0.0709999999999999));
#11472=CARTESIAN_POINT('',(-0.182626875485082,0.373780108281586,-0.0709999999999999));
#11473=CARTESIAN_POINT('',(-0.182626875485082,0.373780108281586,-0.0709999999999999));
#11474=CARTESIAN_POINT('',(-0.135044081688223,-0.0118491245745405,-0.0709999999999999));
#11475=CARTESIAN_POINT('',(-0.135044081688223,-0.0118491245745405,-0.0709999999999999));
#11476=CARTESIAN_POINT('',(-0.135044081688223,-0.0118491245745405,-0.0709999999999999));
#11477=CARTESIAN_POINT('',(-0.135044081688223,-0.0118491245745405,-0.0699999999999999));
#11478=CARTESIAN_POINT('',(-0.138711147177088,-0.0122658365619115,-0.0709999999999999));
#11479=CARTESIAN_POINT('',(-0.138711147177088,-0.0122658365619115,-0.0699999999999999));
#11480=CARTESIAN_POINT('',(-0.143787699785923,-0.0138766791146948,-0.0709999999999999));
#11481=CARTESIAN_POINT('',(-0.143787699785923,-0.0138766791146948,-0.0699999999999999));
#11482=CARTESIAN_POINT('',(-0.145903316804754,-0.0238805948730327,-0.0709999999999999));
#11483=CARTESIAN_POINT('',(-0.145903316804754,-0.0238805948730327,-0.0699999999999999));
#11484=CARTESIAN_POINT('',(-0.139411160938962,-0.030172381854188,-0.0709999999999999));
#11485=CARTESIAN_POINT('',(-0.139411160938962,-0.030172381854188,-0.0699999999999999));
#11486=CARTESIAN_POINT('',(-0.129904480828964,-0.0322646028596034,-0.0709999999999999));
#11487=CARTESIAN_POINT('',(-0.129904480828964,-0.0322646028596034,-0.0699999999999999));
#11488=CARTESIAN_POINT('',(-0.108609363857657,-0.0299990418326626,-0.0709999999999999));
#11489=CARTESIAN_POINT('',(-0.108609363857657,-0.0299990418326626,-0.0699999999999999));
#11490=CARTESIAN_POINT('',(-0.11210267926045,-0.0162269353716903,-0.0709999999999999));
#11491=CARTESIAN_POINT('',(-0.11210267926045,-0.0162269353716903,-0.0699999999999999));
#11492=CARTESIAN_POINT('',(-0.118583904697073,-0.0138504860449285,-0.0709999999999999));
#11493=CARTESIAN_POINT('',(-0.118583904697073,-0.0138504860449285,-0.0699999999999999));
#11494=CARTESIAN_POINT('',(-0.135044081688223,-0.0118491245745405,-0.0709999999999999));
#11495=CARTESIAN_POINT('',(-0.138441328685403,-0.0122351753696746,-0.0709999999999999));
#11496=CARTESIAN_POINT('',(-0.140884789652825,-0.0132786684819605,-0.0709999999999999));
#11497=CARTESIAN_POINT('',(-0.142436865895167,-0.0147082123893805,-0.0709999999999999));
#11498=CARTESIAN_POINT('',(-0.144031393080068,-0.0161768558491578,-0.0709999999999999));
#11499=CARTESIAN_POINT('',(-0.14480582437032,-0.018098273655548,-0.0709999999999999));
#11500=CARTESIAN_POINT('',(-0.14480582437032,-0.0239389816201497,-0.0709999999999999));
#11501=CARTESIAN_POINT('',(-0.14341712457454,-0.0265938488767869,-0.0709999999999999));
#11502=CARTESIAN_POINT('',(-0.140598880871341,-0.0285952103471749,-0.0709999999999999));
#11503=CARTESIAN_POINT('',(-0.137807788636379,-0.0305772903401185,-0.0709999999999999));
#11504=CARTESIAN_POINT('',(-0.13336947311096,-0.0316176746085772,-0.0709999999999999));
#11505=CARTESIAN_POINT('',(-0.12266831586113,-0.0316176746085772,-0.0709999999999999));
#11506=CARTESIAN_POINT('',(-0.118869813478557,-0.0306782600408441,-0.0709999999999999));
#11507=CARTESIAN_POINT('',(-0.115929037440435,-0.0287585867937372,-0.0709999999999999));
#11508=CARTESIAN_POINT('',(-0.113035597037176,-0.0268698131971654,-0.0709999999999999));
#11509=CARTESIAN_POINT('',(-0.111599561606535,-0.0247150197413206,-0.0709999999999999));
#11510=CARTESIAN_POINT('',(-0.111599561606535,-0.020671452688904,-0.0709999999999999));
#11511=CARTESIAN_POINT('',(-0.112130535057862,-0.0191193764465623,-0.0709999999999999));
#11512=CARTESIAN_POINT('',(-0.113274170183798,-0.0175673002042205,-0.0709999999999999));
#11513=CARTESIAN_POINT('',(-0.114403432875477,-0.0160347294083714,-0.0709999999999999));
#11514=CARTESIAN_POINT('',(-0.116133257998638,-0.0147490565010211,-0.0709999999999999));
#11515=CARTESIAN_POINT('',(-0.118583904697073,-0.0138504860449285,-0.0709999999999999));
#11516=CARTESIAN_POINT('',(-0.118583904697073,-0.0138504860449285,-0.0709999999999999));
#11517=CARTESIAN_POINT('',(-0.118583904697073,-0.0138504860449285,-0.0709999999999999));
#11518=CARTESIAN_POINT('',(-0.118583904697073,-0.0138504860449285,-0.0709999999999999));
#11519=CARTESIAN_POINT('',(-0.118583904697073,-0.0138504860449285,-0.0699999999999999));
#11520=CARTESIAN_POINT('',(-0.112693765718261,-0.0109946610855047,-0.0709999999999999));
#11521=CARTESIAN_POINT('',(-0.112693765718261,-0.0109946610855047,-0.0699999999999999));
#11522=CARTESIAN_POINT('',(-0.114151649248951,-0.00525438305394173,-0.0709999999999999));
#11523=CARTESIAN_POINT('',(-0.114151649248951,-0.00525438305394173,-0.0699999999999999));
#11524=CARTESIAN_POINT('',(-0.118951501701838,-0.00278173179033353,-0.0709999999999999));
#11525=CARTESIAN_POINT('',(-0.118951501701838,-0.00278173179033353,-0.0699999999999999));
#11526=CARTESIAN_POINT('',(-0.118583904697073,-0.0138504860449285,-0.0709999999999999));
#11527=CARTESIAN_POINT('',(-0.117236049012934,-0.0131969802586793,-0.0709999999999999));
#11528=CARTESIAN_POINT('',(-0.116174102110279,-0.0124617862491491,-0.0709999999999999));
#11529=CARTESIAN_POINT('',(-0.114622025867937,-0.0109097100068073,-0.0709999999999999));
#11530=CARTESIAN_POINT('',(-0.114213584751531,-0.00997029543907416,-0.0709999999999999));
#11531=CARTESIAN_POINT('',(-0.114213584751531,-0.00751964874063986,-0.0709999999999999));
#11532=CARTESIAN_POINT('',(-0.114662869979578,-0.00633516950306327,-0.0709999999999999));
#11533=CARTESIAN_POINT('',(-0.11556144043567,-0.00531406671204898,-0.0709999999999999));
#11534=CARTESIAN_POINT('',(-0.116439754569489,-0.00431598246907378,-0.0709999999999999));
#11535=CARTESIAN_POINT('',(-0.117603646017699,-0.00347608168822325,-0.0709999999999999));
#11536=CARTESIAN_POINT('',(-0.118951501701838,-0.00278173179033353,-0.0709999999999999));
#11537=CARTESIAN_POINT('',(-0.118951501701838,-0.00278173179033353,-0.0709999999999999));
#11538=CARTESIAN_POINT('',(-0.118951501701838,-0.00278173179033353,-0.0709999999999999));
#11539=CARTESIAN_POINT('',(-0.118951501701838,-0.00278173179033353,-0.0709999999999999));
#11540=CARTESIAN_POINT('',(-0.118951501701838,-0.00278173179033353,-0.0699999999999999));
#11541=CARTESIAN_POINT('',(-0.113721460445366,0.00149739287405235,-0.0709999999999999));
#11542=CARTESIAN_POINT('',(-0.113721460445366,0.00149739287405235,-0.0699999999999999));
#11543=CARTESIAN_POINT('',(-0.112411006006699,0.0194772149897622,-0.0709999999999999));
#11544=CARTESIAN_POINT('',(-0.112411006006699,0.0194772149897622,-0.0699999999999999));
#11545=CARTESIAN_POINT('',(-0.132004339852543,0.0208138273248418,-0.0709999999999999));
#11546=CARTESIAN_POINT('',(-0.132004339852543,0.0208138273248418,-0.0699999999999999));
#11547=CARTESIAN_POINT('',(-0.136718690265487,0.0159248713410484,-0.0709999999999999));
#11548=CARTESIAN_POINT('',(-0.136718690265487,0.0159248713410484,-0.0699999999999999));
#11549=CARTESIAN_POINT('',(-0.118951501701838,-0.00278173179033353,-0.0709999999999999));
#11550=CARTESIAN_POINT('',(-0.117603646017699,-0.00167894077603809,-0.0709999999999999));
#11551=CARTESIAN_POINT('',(-0.116419166780122,-0.000331085091899219,-0.0709999999999999));
#11552=CARTESIAN_POINT('',(-0.115438908100749,0.00122099115044251,-0.0709999999999999));
#11553=CARTESIAN_POINT('',(-0.1144470027836,0.00279150790259421,-0.0709999999999999));
#11554=CARTESIAN_POINT('',(-0.113927675970047,0.00444767597004768,-0.0709999999999999));
#11555=CARTESIAN_POINT('',(-0.113927675970047,0.00959403403675973,-0.0709999999999999));
#11556=CARTESIAN_POINT('',(-0.115071311095983,0.0125348100748809,-0.0709999999999999));
#11557=CARTESIAN_POINT('',(-0.117440269571137,0.0151079891082369,-0.0709999999999999));
#11558=CARTESIAN_POINT('',(-0.119790490886661,0.0176608157095822,-0.0709999999999999));
#11559=CARTESIAN_POINT('',(-0.123076756977535,0.0189473356024507,-0.0709999999999999));
#11560=CARTESIAN_POINT('',(-0.12912168550034,0.0189473356024507,-0.0709999999999999));
#11561=CARTESIAN_POINT('',(-0.130837138189244,0.0187431150442478,-0.0709999999999999));
#11562=CARTESIAN_POINT('',(-0.132552590878148,0.0182938298162015,-0.0709999999999999));
#11563=CARTESIAN_POINT('',(-0.134229821279024,0.0178545551874008,-0.0709999999999999));
#11564=CARTESIAN_POINT('',(-0.135615899251191,0.0170685064669844,-0.0709999999999999));
#11565=CARTESIAN_POINT('',(-0.136718690265487,0.0159248713410484,-0.0709999999999999));
#11566=CARTESIAN_POINT('',(-0.136718690265487,0.0159248713410484,-0.0709999999999999));
#11567=CARTESIAN_POINT('',(-0.136718690265487,0.0159248713410484,-0.0709999999999999));
#11568=CARTESIAN_POINT('',(-0.136718690265487,0.0159248713410484,-0.0709999999999999));
#11569=CARTESIAN_POINT('',(-0.136718690265487,0.0159248713410484,-0.0699999999999999));
#11570=CARTESIAN_POINT('',(-0.138443725848801,0.0171191267448816,-0.0709999999999999));
#11571=CARTESIAN_POINT('',(-0.138443725848801,0.0171191267448816,-0.0699999999999999));
#11572=CARTESIAN_POINT('',(-0.141139450979819,0.0196638505291281,-0.0709999999999999));
#11573=CARTESIAN_POINT('',(-0.141139450979819,0.0196638505291281,-0.0699999999999999));
#11574=CARTESIAN_POINT('',(-0.148174931676435,0.0177491064898964,-0.0709999999999999));
#11575=CARTESIAN_POINT('',(-0.148174931676435,0.0177491064898964,-0.0699999999999999));
#11576=CARTESIAN_POINT('',(-0.147656845677525,0.0119055020905792,-0.0709999999999999));
#11577=CARTESIAN_POINT('',(-0.147656845677525,0.0119055020905792,-0.0699999999999999));
#11578=CARTESIAN_POINT('',(-0.142349478396219,0.0144351408329162,-0.0709999999999999));
#11579=CARTESIAN_POINT('',(-0.142349478396219,0.0144351408329162,-0.0699999999999999));
#11580=CARTESIAN_POINT('',(-0.142069268890401,0.0149446126616746,-0.0709999999999999));
#11581=CARTESIAN_POINT('',(-0.142069268890401,0.0149446126616746,-0.0699999999999999));
#11582=CARTESIAN_POINT('',(-0.136718690265487,0.0159248713410484,-0.0709999999999999));
#11583=CARTESIAN_POINT('',(-0.138311610619469,0.0170276623553438,-0.0709999999999999));
#11584=CARTESIAN_POINT('',(-0.139700310415248,0.0178853886997958,-0.0709999999999999));
#11585=CARTESIAN_POINT('',(-0.140925633764465,0.0184163621511232,-0.0709999999999999));
#11586=CARTESIAN_POINT('',(-0.142165858145993,0.0189537927164518,-0.0709999999999999));
#11587=CARTESIAN_POINT('',(-0.143212904016337,0.0192740884955753,-0.0709999999999999));
#11588=CARTESIAN_POINT('',(-0.145214265486725,0.0192740884955753,-0.0709999999999999));
#11589=CARTESIAN_POINT('',(-0.145990303607896,0.0188656473791695,-0.0709999999999999));
#11590=CARTESIAN_POINT('',(-0.146888874063989,0.0173135711368278,-0.0709999999999999));
#11591=CARTESIAN_POINT('',(-0.147133938733832,0.0166192212389381,-0.0709999999999999));
#11592=CARTESIAN_POINT('',(-0.147133938733832,0.0150671449965964,-0.0709999999999999));
#11593=CARTESIAN_POINT('',(-0.14697056228727,0.0143319509870661,-0.0709999999999999));
#11594=CARTESIAN_POINT('',(-0.146643809394145,0.0138009775357386,-0.0709999999999999));
#11595=CARTESIAN_POINT('',(-0.146287606669452,0.0132221481081113,-0.0709999999999999));
#11596=CARTESIAN_POINT('',(-0.145663550714772,0.0129840953029272,-0.0709999999999999));
#11597=CARTESIAN_POINT('',(-0.14411147447243,0.0129840953029272,-0.0709999999999999));
#11598=CARTESIAN_POINT('',(-0.142967839346494,0.0133108481960518,-0.0709999999999999));
#11599=CARTESIAN_POINT('',(-0.142159125936011,0.0147812362151124,-0.0709999999999999));
#11600=CARTESIAN_POINT('',(-0.142069268890401,0.0149446126616746,-0.0709999999999999));
#11601=CARTESIAN_POINT('',(-0.142069268890401,0.0149446126616746,-0.0709999999999999));
#11602=CARTESIAN_POINT('',(-0.142069268890401,0.0149446126616746,-0.0709999999999999));
#11603=CARTESIAN_POINT('',(-0.142069268890401,0.0149446126616746,-0.0709999999999999));
#11604=CARTESIAN_POINT('',(-0.142069268890401,0.0149446126616746,-0.0699999999999999));
#11605=CARTESIAN_POINT('',(-0.141829239795966,0.0155846902468364,-0.0709999999999999));
#11606=CARTESIAN_POINT('',(-0.141829239795966,0.0155846902468364,-0.0699999999999999));
#11607=CARTESIAN_POINT('',(-0.141374918992512,0.0158431831177672,-0.0709999999999999));
#11608=CARTESIAN_POINT('',(-0.141374918992512,0.0158431831177672,-0.0699999999999999));
#11609=CARTESIAN_POINT('',(-0.140598880871341,0.0157614948944861,-0.0709999999999999));
#11610=CARTESIAN_POINT('',(-0.140598880871341,0.0157614948944861,-0.0699999999999999));
#11611=CARTESIAN_POINT('',(-0.142069268890401,0.0149446126616746,-0.0709999999999999));
#11612=CARTESIAN_POINT('',(-0.141829239795966,0.0155846902468364,-0.0709999999999999));
#11613=CARTESIAN_POINT('',(-0.141374918992512,0.0158431831177672,-0.0709999999999999));
#11614=CARTESIAN_POINT('',(-0.140598880871341,0.0157614948944861,-0.0709999999999999));
#11615=CARTESIAN_POINT('',(-0.140598880871341,0.0157614948944861,-0.0709999999999999));
#11616=CARTESIAN_POINT('',(-0.140598880871341,0.0157614948944861,-0.0709999999999999));
#11617=CARTESIAN_POINT('',(-0.140598880871341,0.0157614948944861,-0.0709999999999999));
#11618=CARTESIAN_POINT('',(-0.140598880871341,0.0157614948944861,-0.0699999999999999));
#11619=CARTESIAN_POINT('',(-0.140435504424779,0.0157124819605174,-0.0709999999999999));
#11620=CARTESIAN_POINT('',(-0.140435504424779,0.0157124819605174,-0.0699999999999999));
#11621=CARTESIAN_POINT('',(-0.138965116405718,0.0152713655547992,-0.0709999999999999));
#11622=CARTESIAN_POINT('',(-0.138965116405718,0.0152713655547992,-0.0699999999999999));
#11623=CARTESIAN_POINT('',(-0.138066545949625,0.0146178597685501,-0.0709999999999999));
#11624=CARTESIAN_POINT('',(-0.138066545949625,0.0146178597685501,-0.0699999999999999));
#11625=CARTESIAN_POINT('',(-0.140598880871341,0.0157614948944861,-0.0709999999999999));
#11626=CARTESIAN_POINT('',(-0.140435504424779,0.0157124819605174,-0.0709999999999999));
#11627=CARTESIAN_POINT('',(-0.138965116405718,0.0152713655547992,-0.0709999999999999));
#11628=CARTESIAN_POINT('',(-0.138066545949625,0.0146178597685501,-0.0709999999999999));
#11629=CARTESIAN_POINT('',(-0.138066545949625,0.0146178597685501,-0.0709999999999999));
#11630=CARTESIAN_POINT('',(-0.138066545949625,0.0146178597685501,-0.0709999999999999));
#11631=CARTESIAN_POINT('',(-0.138042465084138,0.0920389559723932,-0.0709999999999999));
#11632=CARTESIAN_POINT('',(-0.138042465084138,0.0920389559723932,-0.0699999999999999));
#11633=CARTESIAN_POINT('',(-0.129693503063308,-0.0155250946221919,-0.0699999999999999));
#11634=CARTESIAN_POINT('',(-0.121320460176991,-0.0145448359428182,-0.0699999999999999));
#11635=CARTESIAN_POINT('',(-0.129693503063308,-0.0155250946221919,-0.0709999999999999));
#11636=CARTESIAN_POINT('',(-0.129693503063308,-0.0155250946221919,-0.0709999999999999));
#11637=CARTESIAN_POINT('',(-0.138042465084138,0.0920389559723932,-0.0709999999999999));
#11638=CARTESIAN_POINT('',(-0.121320460176991,-0.0145448359428182,-0.0709999999999999));
#11639=CARTESIAN_POINT('',(-0.121320460176991,-0.0145448359428182,-0.0709999999999999));
#11640=CARTESIAN_POINT('',(-0.138066545949625,0.0146178597685501,-0.0709999999999999));
#11641=CARTESIAN_POINT('',(-0.138066545949625,0.0146178597685501,-0.0699999999999999));
#11642=CARTESIAN_POINT('',(-0.141821477239375,0.0108629284788004,-0.0709999999999999));
#11643=CARTESIAN_POINT('',(-0.141821477239375,0.0108629284788004,-0.0699999999999999));
#11644=CARTESIAN_POINT('',(-0.140582417155548,-0.00190264049594864,-0.0709999999999999));
#11645=CARTESIAN_POINT('',(-0.140582417155548,-0.00190264049594864,-0.0699999999999999));
#11646=CARTESIAN_POINT('',(-0.132090252778771,-0.00521775971368542,-0.071));
#11647=CARTESIAN_POINT('',(-0.132090252778771,-0.00521775971368542,-0.07));
#11648=CARTESIAN_POINT('',(-0.125434166717844,-0.00590919220199559,-0.0709999999999999));
#11649=CARTESIAN_POINT('',(-0.125434166717844,-0.00590919220199559,-0.0699999999999999));
#11650=CARTESIAN_POINT('',(-0.121187474060718,-0.00393053506396718,-0.0709999999999999));
#11651=CARTESIAN_POINT('',(-0.121187474060718,-0.00393053506396718,-0.0699999999999999));
#11652=CARTESIAN_POINT('',(-0.120952863172226,-0.00380283458134782,-0.0709999999999999));
#11653=CARTESIAN_POINT('',(-0.120952863172226,-0.00380283458134782,-0.0699999999999999));
#11654=CARTESIAN_POINT('',(-0.138066545949625,0.0146178597685501,-0.0709999999999999));
#11655=CARTESIAN_POINT('',(-0.138965116405718,0.0137192893124575,-0.0709999999999999));
#11656=CARTESIAN_POINT('',(-0.139618622191967,0.0124939659632403,-0.0709999999999999));
#11657=CARTESIAN_POINT('',(-0.140067907420013,0.010901045609258,-0.0709999999999999));
#11658=CARTESIAN_POINT('',(-0.140506521439842,0.00934595953895738,-0.0709999999999999));
#11659=CARTESIAN_POINT('',(-0.140762257317903,0.00779689312457457,-0.0709999999999999));
#11660=CARTESIAN_POINT('',(-0.140762257317903,0.0035491055139551,-0.0709999999999999));
#11661=CARTESIAN_POINT('',(-0.139700310415248,0.000935082368958511,-0.0709999999999999));
#11662=CARTESIAN_POINT('',(-0.137576416609939,-0.00163809666439752,-0.0709999999999999));
#11663=CARTESIAN_POINT('',(-0.135435972156064,-0.00423132744505384,-0.0709999999999999));
#11664=CARTESIAN_POINT('',(-0.132021617426821,-0.00547744315861127,-0.0709999999999999));
#11665=CARTESIAN_POINT('',(-0.125976688904016,-0.00547744315861127,-0.0709999999999999));
#11666=CARTESIAN_POINT('',(-0.124751365554799,-0.00531406671204898,-0.0709999999999999));
#11667=CARTESIAN_POINT('',(-0.123648574540504,-0.0049873138189244,-0.0709999999999999));
#11668=CARTESIAN_POINT('',(-0.122508235786755,-0.0046494356696657,-0.0709999999999999));
#11669=CARTESIAN_POINT('',(-0.121108400433679,-0.00388749469017961,-0.0709999999999999));
#11670=CARTESIAN_POINT('',(-0.120952863172226,-0.00380283458134782,-0.0709999999999999));
#11671=CARTESIAN_POINT('',(-0.121320460176991,-0.0145448359428182,-0.0709999999999999));
#11672=CARTESIAN_POINT('',(-0.121320460176991,-0.0145448359428182,-0.0699999999999999));
#11673=CARTESIAN_POINT('',(-0.117178958845427,-0.0163670965287063,-0.0709999999999999));
#11674=CARTESIAN_POINT('',(-0.117178958845427,-0.0163670965287063,-0.0699999999999999));
#11675=CARTESIAN_POINT('',(-0.114599696632866,-0.0202634784488098,-0.0709999999999999));
#11676=CARTESIAN_POINT('',(-0.114599696632866,-0.0202634784488098,-0.0699999999999999));
#11677=CARTESIAN_POINT('',(-0.117734821587981,-0.0278834786737736,-0.071));
#11678=CARTESIAN_POINT('',(-0.117734821587981,-0.0278834786737736,-0.07));
#11679=CARTESIAN_POINT('',(-0.128049904360672,-0.0302870062671902,-0.0709999999999999));
#11680=CARTESIAN_POINT('',(-0.128049904360672,-0.0302870062671902,-0.0699999999999999));
#11681=CARTESIAN_POINT('',(-0.13884612046939,-0.0284202561205636,-0.0709999999999999));
#11682=CARTESIAN_POINT('',(-0.13884612046939,-0.0284202561205636,-0.0699999999999999));
#11683=CARTESIAN_POINT('',(-0.141611206374034,-0.0209850733717754,-0.0709999999999999));
#11684=CARTESIAN_POINT('',(-0.141611206374034,-0.0209850733717754,-0.0699999999999999));
#11685=CARTESIAN_POINT('',(-0.137140491836932,-0.0159184655281257,-0.0709999999999999));
#11686=CARTESIAN_POINT('',(-0.137140491836932,-0.0159184655281257,-0.0699999999999999));
#11687=CARTESIAN_POINT('',(-0.13221687772347,-0.0159838900149487,-0.0709999999999999));
#11688=CARTESIAN_POINT('',(-0.13221687772347,-0.0159838900149487,-0.0699999999999999));
#11689=CARTESIAN_POINT('',(-0.129693503063308,-0.0155250946221919,-0.0709999999999999));
#11690=CARTESIAN_POINT('',(-0.129693503063308,-0.0155250946221919,-0.0699999999999999));
#11691=CARTESIAN_POINT('',(-0.121320460176991,-0.0145448359428182,-0.0699999999999999));
#11692=CARTESIAN_POINT('',(-0.119278254594962,-0.0154434063989108,-0.0699999999999999));
#11693=CARTESIAN_POINT('',(-0.117889554799183,-0.0165053533015657,-0.0699999999999999));
#11694=CARTESIAN_POINT('',(-0.116337478556841,-0.018956,-0.0699999999999999));
#11695=CARTESIAN_POINT('',(-0.115929037440435,-0.0204672321307011,-0.0699999999999999));
#11696=CARTESIAN_POINT('',(-0.115929037440435,-0.0240206698434309,-0.0699999999999999));
#11697=CARTESIAN_POINT('',(-0.11695014023145,-0.0256952784206943,-0.0699999999999999));
#11698=CARTESIAN_POINT('',(-0.120952863172226,-0.0287994309053778,-0.0699999999999999));
#11699=CARTESIAN_POINT('',(-0.123975327433628,-0.0295754690265486,-0.0699999999999999));
#11700=CARTESIAN_POINT('',(-0.131817396868618,-0.0295754690265486,-0.0699999999999999));
#11701=CARTESIAN_POINT('',(-0.13483986113002,-0.0289628073519401,-0.0699999999999999));
#11702=CARTESIAN_POINT('',(-0.139332713410483,-0.0265121606535058,-0.0699999999999999));
#11703=CARTESIAN_POINT('',(-0.140435504424779,-0.02467417562968,-0.0699999999999999));
#11704=CARTESIAN_POINT('',(-0.140435504424779,-0.020671452688904,-0.0699999999999999));
#11705=CARTESIAN_POINT('',(-0.140149595643295,-0.0194461293396868,-0.0699999999999999));
#11706=CARTESIAN_POINT('',(-0.139618622191967,-0.0185475588835942,-0.0699999999999999));
#11707=CARTESIAN_POINT('',(-0.139077078059373,-0.0176310995822808,-0.0699999999999999));
#11708=CARTESIAN_POINT('',(-0.138189078284547,-0.0171180149761742,-0.0699999999999999));
#11709=CARTESIAN_POINT('',(-0.137086287270252,-0.0168729503063308,-0.0699999999999999));
#11710=CARTESIAN_POINT('',(-0.134850432547151,-0.0163760937011972,-0.0699999999999999));
#11711=CARTESIAN_POINT('',(-0.132389214431586,-0.0160152239618788,-0.0699999999999999));
#11712=CARTESIAN_POINT('',(-0.129693503063308,-0.0155250946221919,-0.0699999999999999));
#11713=CARTESIAN_POINT('',(-0.121320460176991,-0.0145448359428182,-0.0709999999999999));
#11714=CARTESIAN_POINT('',(-0.119278254594962,-0.0154434063989108,-0.0709999999999999));
#11715=CARTESIAN_POINT('',(-0.117889554799183,-0.0165053533015657,-0.0709999999999999));
#11716=CARTESIAN_POINT('',(-0.116337478556841,-0.018956,-0.0709999999999999));
#11717=CARTESIAN_POINT('',(-0.115929037440435,-0.0204672321307011,-0.0709999999999999));
#11718=CARTESIAN_POINT('',(-0.115929037440435,-0.0240206698434309,-0.0709999999999999));
#11719=CARTESIAN_POINT('',(-0.11695014023145,-0.0256952784206943,-0.0709999999999999));
#11720=CARTESIAN_POINT('',(-0.120952863172226,-0.0287994309053778,-0.0709999999999999));
#11721=CARTESIAN_POINT('',(-0.123975327433628,-0.0295754690265486,-0.0709999999999999));
#11722=CARTESIAN_POINT('',(-0.131817396868618,-0.0295754690265486,-0.0709999999999999));
#11723=CARTESIAN_POINT('',(-0.13483986113002,-0.0289628073519401,-0.0709999999999999));
#11724=CARTESIAN_POINT('',(-0.139332713410483,-0.0265121606535058,-0.0709999999999999));
#11725=CARTESIAN_POINT('',(-0.140435504424779,-0.02467417562968,-0.0709999999999999));
#11726=CARTESIAN_POINT('',(-0.140435504424779,-0.020671452688904,-0.0709999999999999));
#11727=CARTESIAN_POINT('',(-0.140149595643295,-0.0194461293396868,-0.0709999999999999));
#11728=CARTESIAN_POINT('',(-0.139618622191967,-0.0185475588835942,-0.0709999999999999));
#11729=CARTESIAN_POINT('',(-0.139077078059373,-0.0176310995822808,-0.0709999999999999));
#11730=CARTESIAN_POINT('',(-0.138189078284547,-0.0171180149761742,-0.0709999999999999));
#11731=CARTESIAN_POINT('',(-0.137086287270252,-0.0168729503063308,-0.0709999999999999));
#11732=CARTESIAN_POINT('',(-0.134850432547151,-0.0163760937011972,-0.0709999999999999));
#11733=CARTESIAN_POINT('',(-0.132389214431586,-0.0160152239618788,-0.0709999999999999));
#11734=CARTESIAN_POINT('',(-0.129693503063308,-0.0155250946221919,-0.0709999999999999));
#11735=CARTESIAN_POINT('',(-0.121440872110428,0.0173366127778984,-0.0709999999999999));
#11736=CARTESIAN_POINT('',(-0.121440872110428,0.0173366127778984,-0.0699999999999999));
#11737=CARTESIAN_POINT('',(-0.11773900806492,0.00761604029502383,-0.0709999999999999));
#11738=CARTESIAN_POINT('',(-0.11773900806492,0.00761604029502383,-0.0699999999999999));
#11739=CARTESIAN_POINT('',(-0.119842587336257,-0.0022201807970981,-0.071));
#11740=CARTESIAN_POINT('',(-0.119842587336257,-0.0022201807970981,-0.07));
#11741=CARTESIAN_POINT('',(-0.133590381974336,-0.00548283641278989,-0.0709999999999999));
#11742=CARTESIAN_POINT('',(-0.133590381974336,-0.00548283641278989,-0.0699999999999999));
#11743=CARTESIAN_POINT('',(-0.137676319894384,0.00814390409875214,-0.0709999999999999));
#11744=CARTESIAN_POINT('',(-0.137676319894384,0.00814390409875214,-0.0699999999999999));
#11745=CARTESIAN_POINT('',(-0.132147130192795,0.0177216968198223,-0.0709999999999999));
#11746=CARTESIAN_POINT('',(-0.132147130192795,0.0177216968198223,-0.0699999999999999));
#11747=CARTESIAN_POINT('',(-0.121440872110428,0.0173366127778984,-0.0709999999999999));
#11748=CARTESIAN_POINT('',(-0.121440872110428,0.0173366127778984,-0.0699999999999999));
#11749=CARTESIAN_POINT('',(-0.11773900806492,0.00761604029502383,-0.0709999999999999));
#11750=CARTESIAN_POINT('',(-0.11773900806492,0.00761604029502383,-0.0699999999999999));
#11751=CARTESIAN_POINT('',(-0.119842587336257,-0.0022201807970981,-0.071));
#11752=CARTESIAN_POINT('',(-0.119842587336257,-0.0022201807970981,-0.07));
#11753=CARTESIAN_POINT('',(-0.118583904697073,0.00624481688223284,-0.0709999999999999));
#11754=CARTESIAN_POINT('',(-0.118583904697073,0.0035491055139551,-0.0709999999999999));
#11755=CARTESIAN_POINT('',(-0.119359942818243,0.00126183526208307,-0.0709999999999999));
#11756=CARTESIAN_POINT('',(-0.120952863172226,-0.000616993873383225,-0.0709999999999999));
#11757=CARTESIAN_POINT('',(-0.122528702444601,-0.00247567609208203,-0.0709999999999999));
#11758=CARTESIAN_POINT('',(-0.124628833219877,-0.00343523757658268,-0.0709999999999999));
#11759=CARTESIAN_POINT('',(-0.130265320626276,-0.00343523757658268,-0.0709999999999999));
#11760=CARTESIAN_POINT('',(-0.132430058543226,-0.00261835534377124,-0.0709999999999999));
#11761=CARTESIAN_POINT('',(-0.135370834581348,0.000730861810755644,-0.0709999999999999));
#11762=CARTESIAN_POINT('',(-0.136106028590878,0.00309982028590882,-0.0709999999999999));
#11763=CARTESIAN_POINT('',(-0.136106028590878,0.0100024751531654,-0.0709999999999999));
#11764=CARTESIAN_POINT('',(-0.135248302246426,0.0127390306330838,-0.0709999999999999));
#11765=CARTESIAN_POINT('',(-0.131899085091899,0.0160882477876106,-0.0709999999999999));
#11766=CARTESIAN_POINT('',(-0.12981603539823,0.0169459741320627,-0.0709999999999999));
#11767=CARTESIAN_POINT('',(-0.124873897889721,0.0169459741320627,-0.0709999999999999));
#11768=CARTESIAN_POINT('',(-0.122790848196052,0.0160882477876106,-0.0709999999999999));
#11769=CARTESIAN_POINT('',(-0.121116239618788,0.0144136392103472,-0.0709999999999999));
#11770=CARTESIAN_POINT('',(-0.119421208985704,0.0127186085772635,-0.0709999999999999));
#11771=CARTESIAN_POINT('',(-0.118583904697073,0.0100024751531654,-0.0709999999999999));
#11772=CARTESIAN_POINT('',(-0.118583904697073,0.00624481688223284,-0.0709999999999999));
#11773=CARTESIAN_POINT('',(-0.118583904697073,0.00624481688223284,-0.0709999999999999));
#11774=CARTESIAN_POINT('',(-0.118583904697073,0.00624481688223284,-0.0699999999999999));
#11775=CARTESIAN_POINT('',(-0.118583904697073,0.0035491055139551,-0.0699999999999999));
#11776=CARTESIAN_POINT('',(-0.119359942818243,0.00126183526208307,-0.0699999999999999));
#11777=CARTESIAN_POINT('',(-0.120952863172226,-0.000616993873383225,-0.0699999999999999));
#11778=CARTESIAN_POINT('',(-0.122528702444601,-0.00247567609208203,-0.0699999999999999));
#11779=CARTESIAN_POINT('',(-0.124628833219877,-0.00343523757658268,-0.0699999999999999));
#11780=CARTESIAN_POINT('',(-0.130265320626276,-0.00343523757658268,-0.0699999999999999));
#11781=CARTESIAN_POINT('',(-0.132430058543226,-0.00261835534377124,-0.0699999999999999));
#11782=CARTESIAN_POINT('',(-0.135370834581348,0.000730861810755644,-0.0699999999999999));
#11783=CARTESIAN_POINT('',(-0.136106028590878,0.00309982028590882,-0.0699999999999999));
#11784=CARTESIAN_POINT('',(-0.136106028590878,0.0100024751531654,-0.0699999999999999));
#11785=CARTESIAN_POINT('',(-0.135248302246426,0.0127390306330838,-0.0699999999999999));
#11786=CARTESIAN_POINT('',(-0.131899085091899,0.0160882477876106,-0.0699999999999999));
#11787=CARTESIAN_POINT('',(-0.12981603539823,0.0169459741320627,-0.0699999999999999));
#11788=CARTESIAN_POINT('',(-0.124873897889721,0.0169459741320627,-0.0699999999999999));
#11789=CARTESIAN_POINT('',(-0.122790848196052,0.0160882477876106,-0.0699999999999999));
#11790=CARTESIAN_POINT('',(-0.121116239618788,0.0144136392103472,-0.0699999999999999));
#11791=CARTESIAN_POINT('',(-0.119421208985704,0.0127186085772635,-0.0699999999999999));
#11792=CARTESIAN_POINT('',(-0.118583904697073,0.0100024751531654,-0.0699999999999999));
#11793=CARTESIAN_POINT('',(-0.118583904697073,0.00624481688223284,-0.0699999999999999));
#11794=CARTESIAN_POINT('',(-0.118583904697073,0.00624481688223284,-0.0699999999999999));
#11795=CARTESIAN_POINT('',(-0.119656573179033,-0.00476267120490126,-0.0709999999999999));
#11796=CARTESIAN_POINT('',(0.,0.,-0.0699999999999999));
#11797=CARTESIAN_POINT('',(0.,0.,-0.0699999999999999));
#11798=CARTESIAN_POINT('',(-0.0808439455411843,-0.0169137944179714,-0.0709999999999999));
#11799=CARTESIAN_POINT('',(-0.0808439455411843,-0.0169137944179714,-0.0709999999999999));
#11800=CARTESIAN_POINT('',(-0.0808439455411843,-0.0169137944179714,-0.0709999999999999));
#11801=CARTESIAN_POINT('',(-0.0808439455411843,-0.0169137944179714,-0.0709999999999999));
#11802=CARTESIAN_POINT('',(-0.0808439455411843,-0.018956,-0.0709999999999999));
#11803=CARTESIAN_POINT('',(-0.0808439455411843,-0.018956,-0.0709999999999999));
#11804=CARTESIAN_POINT('',(-0.0808439455411843,-0.018956,-0.0709999999999999));
#11805=CARTESIAN_POINT('',(-0.0808439455411843,-0.018956,-0.0709999999999999));
#11806=CARTESIAN_POINT('',(-0.0668344152484681,-0.018956,-0.0709999999999999));
#11807=CARTESIAN_POINT('',(-0.0668344152484681,-0.018956,-0.0709999999999999));
#11808=CARTESIAN_POINT('',(-0.0668344152484681,-0.018956,-0.0709999999999999));
#11809=CARTESIAN_POINT('',(-0.0668344152484681,-0.018956,-0.0709999999999999));
#11810=CARTESIAN_POINT('',(-0.0668344152484681,-0.0169137944179714,-0.0709999999999999));
#11811=CARTESIAN_POINT('',(-0.0668344152484681,-0.0169137944179714,-0.0709999999999999));
#11812=CARTESIAN_POINT('',(-0.0668344152484681,-0.0169137944179714,-0.0709999999999999));
#11813=CARTESIAN_POINT('',(-0.0668344152484681,-0.0169137944179714,-0.0699999999999999));
#11814=CARTESIAN_POINT('',(-0.0678855787803309,-0.0169137944179714,-0.0709999999999999));
#11815=CARTESIAN_POINT('',(-0.0678855787803309,-0.0169137944179714,-0.0699999999999999));
#11816=CARTESIAN_POINT('',(-0.0706205527157496,-0.0176619069563462,-0.0709999999999999));
#11817=CARTESIAN_POINT('',(-0.0706205527157496,-0.0176619069563462,-0.0699999999999999));
#11818=CARTESIAN_POINT('',(-0.0714577732950982,-0.0144890219240998,-0.0709999999999999));
#11819=CARTESIAN_POINT('',(-0.0714577732950982,-0.0144890219240998,-0.0699999999999999));
#11820=CARTESIAN_POINT('',(-0.0714906439754933,-0.0142589271613342,-0.0709999999999999));
#11821=CARTESIAN_POINT('',(-0.0714906439754933,-0.0142589271613342,-0.0699999999999999));
#11822=CARTESIAN_POINT('',(-0.0668344152484681,-0.0169137944179714,-0.0709999999999999));
#11823=CARTESIAN_POINT('',(-0.0673790034036758,-0.0169137944179714,-0.0709999999999999));
#11824=CARTESIAN_POINT('',(-0.0679235915588833,-0.0169137944179714,-0.0709999999999999));
#11825=CARTESIAN_POINT('',(-0.068468179714091,-0.0169137944179714,-0.0709999999999999));
#11826=CARTESIAN_POINT('',(-0.069611814840027,-0.0169137944179714,-0.0709999999999999));
#11827=CARTESIAN_POINT('',(-0.0703878529611979,-0.0167095738597685,-0.0709999999999999));
#11828=CARTESIAN_POINT('',(-0.0708371381892442,-0.0162602886317222,-0.0709999999999999));
#11829=CARTESIAN_POINT('',(-0.0712660013614702,-0.0158314254594963,-0.0709999999999999));
#11830=CARTESIAN_POINT('',(-0.071468179714091,-0.0144161769911504,-0.0709999999999999));
#11831=CARTESIAN_POINT('',(-0.0714906439754933,-0.0142589271613342,-0.0709999999999999));
#11832=CARTESIAN_POINT('',(-0.0714906439754933,-0.0142589271613342,-0.0709999999999999));
#11833=CARTESIAN_POINT('',(-0.0714906439754933,-0.0142589271613342,-0.0709999999999999));
#11834=CARTESIAN_POINT('',(-0.0714906439754933,-0.0142589271613342,-0.0709999999999999));
#11835=CARTESIAN_POINT('',(-0.0714906439754933,-0.0142589271613342,-0.0699999999999999));
#11836=CARTESIAN_POINT('',(-0.0714906439754933,-0.00850476334842043,-0.0709999999999999));
#11837=CARTESIAN_POINT('',(-0.0714906439754933,-0.00850476334842043,-0.0699999999999999));
#11838=CARTESIAN_POINT('',(-0.0720391199338087,0.000556097316653249,-0.0709999999999999));
#11839=CARTESIAN_POINT('',(-0.0720391199338087,0.000556097316653249,-0.0699999999999999));
#11840=CARTESIAN_POINT('',(-0.0707593426977395,0.00962344911594536,-0.0709999999999999));
#11841=CARTESIAN_POINT('',(-0.0707593426977395,0.00962344911594536,-0.0699999999999999));
#11842=CARTESIAN_POINT('',(-0.0727704212115626,0.0169528677297701,-0.0709999999999999));
#11843=CARTESIAN_POINT('',(-0.0727704212115626,0.0169528677297701,-0.0699999999999999));
#11844=CARTESIAN_POINT('',(-0.0675224239577743,0.0165375330156569,-0.0709999999999999));
#11845=CARTESIAN_POINT('',(-0.0675224239577743,0.0165375330156569,-0.0699999999999999));
#11846=CARTESIAN_POINT('',(-0.0671203240299522,0.0165375330156569,-0.0709999999999999));
#11847=CARTESIAN_POINT('',(-0.0671203240299522,0.0165375330156569,-0.0699999999999999));
#11848=CARTESIAN_POINT('',(-0.0714906439754933,-0.0142589271613342,-0.0709999999999999));
#11849=CARTESIAN_POINT('',(-0.0714906439754933,-0.00466056092579983,-0.0709999999999999));
#11850=CARTESIAN_POINT('',(-0.0714906439754933,0.00493780530973455,-0.0709999999999999));
#11851=CARTESIAN_POINT('',(-0.0714906439754933,0.0145361715452689,-0.0709999999999999));
#11852=CARTESIAN_POINT('',(-0.0714906439754933,0.0151896773315181,-0.0709999999999999));
#11853=CARTESIAN_POINT('',(-0.0713681116405716,0.0156798066712049,-0.0709999999999999));
#11854=CARTESIAN_POINT('',(-0.0711638910823688,0.0160065595643295,-0.0709999999999999));
#11855=CARTESIAN_POINT('',(-0.0709481974590983,0.0163516693615622,-0.0709999999999999));
#11856=CARTESIAN_POINT('',(-0.0704695411844791,0.0165375330156569,-0.0709999999999999));
#11857=CARTESIAN_POINT('',(-0.0698160353982299,0.0165375330156569,-0.0709999999999999));
#11858=CARTESIAN_POINT('',(-0.0696363213070114,0.0165375330156569,-0.0709999999999999));
#11859=CARTESIAN_POINT('',(-0.0673719237576581,0.0165375330156569,-0.0709999999999999));
#11860=CARTESIAN_POINT('',(-0.0671203240299522,0.0165375330156569,-0.0709999999999999));
#11861=CARTESIAN_POINT('',(-0.0671203240299522,0.0165375330156569,-0.0709999999999999));
#11862=CARTESIAN_POINT('',(-0.0671203240299522,0.0165375330156569,-0.0709999999999999));
#11863=CARTESIAN_POINT('',(-0.0671203240299522,0.0165375330156569,-0.0709999999999999));
#11864=CARTESIAN_POINT('',(-0.0671203240299522,0.0165375330156569,-0.0709999999999999));
#11865=CARTESIAN_POINT('',(-0.0671203240299522,0.018538894486045,-0.0709999999999999));
#11866=CARTESIAN_POINT('',(-0.0671203240299522,0.018538894486045,-0.0709999999999999));
#11867=CARTESIAN_POINT('',(-0.0671203240299522,0.018538894486045,-0.0709999999999999));
#11868=CARTESIAN_POINT('',(-0.0671203240299522,0.018538894486045,-0.0699999999999999));
#11869=CARTESIAN_POINT('',(-0.0674119537961825,0.018538894486045,-0.0709999999999999));
#11870=CARTESIAN_POINT('',(-0.0674119537961825,0.018538894486045,-0.0699999999999999));
#11871=CARTESIAN_POINT('',(-0.0722262172264479,0.0184601965825096,-0.0709999999999999));
#11872=CARTESIAN_POINT('',(-0.0722262172264479,0.0184601965825096,-0.0699999999999999));
#11873=CARTESIAN_POINT('',(-0.074267215990749,0.019291976892982,-0.0709999999999999));
#11874=CARTESIAN_POINT('',(-0.074267215990749,0.019291976892982,-0.0699999999999999));
#11875=CARTESIAN_POINT('',(-0.0754933669162694,0.0202951912865895,-0.0709999999999999));
#11876=CARTESIAN_POINT('',(-0.0754933669162694,0.0202951912865895,-0.0699999999999999));
#11877=CARTESIAN_POINT('',(-0.0671203240299522,0.018538894486045,-0.0709999999999999));
#11878=CARTESIAN_POINT('',(-0.0672755316541863,0.018538894486045,-0.0709999999999999));
#11879=CARTESIAN_POINT('',(-0.0692311477195369,0.018538894486045,-0.0709999999999999));
#11880=CARTESIAN_POINT('',(-0.0694484383934647,0.018538894486045,-0.0709999999999999));
#11881=CARTESIAN_POINT('',(-0.0705920735194008,0.018538894486045,-0.0709999999999999));
#11882=CARTESIAN_POINT('',(-0.0716540204220556,0.0186614268209667,-0.0709999999999999));
#11883=CARTESIAN_POINT('',(-0.0726342791014293,0.0189064914908101,-0.0709999999999999));
#11884=CARTESIAN_POINT('',(-0.0736433689184317,0.0191587639450607,-0.0709999999999999));
#11885=CARTESIAN_POINT('',(-0.0745947964601767,0.0195599972770593,-0.0709999999999999));
#11886=CARTESIAN_POINT('',(-0.0754933669162694,0.0202951912865895,-0.0709999999999999));
#11887=CARTESIAN_POINT('',(-0.0754933669162694,0.0202951912865895,-0.0709999999999999));
#11888=CARTESIAN_POINT('',(-0.0754933669162694,0.0202951912865895,-0.0709999999999999));
#11889=CARTESIAN_POINT('',(-0.0754933669162694,0.0202951912865895,-0.0709999999999999));
#11890=CARTESIAN_POINT('',(-0.0754933669162694,0.0202951912865895,-0.0709999999999999));
#11891=CARTESIAN_POINT('',(-0.0761468727025185,0.0202951912865895,-0.0709999999999999));
#11892=CARTESIAN_POINT('',(-0.0761468727025185,0.0202951912865895,-0.0709999999999999));
#11893=CARTESIAN_POINT('',(-0.0761468727025185,0.0202951912865895,-0.0709999999999999));
#11894=CARTESIAN_POINT('',(-0.0761468727025185,0.0202951912865895,-0.0709999999999999));
#11895=CARTESIAN_POINT('',(-0.0761468727025185,0.012616498298162,-0.0709999999999999));
#11896=CARTESIAN_POINT('',(-0.0761468727025185,0.012616498298162,-0.0709999999999999));
#11897=CARTESIAN_POINT('',(-0.0761468727025185,0.012616498298162,-0.0709999999999999));
#11898=CARTESIAN_POINT('',(-0.0761468727025185,0.012616498298162,-0.0699999999999999));
#11899=CARTESIAN_POINT('',(-0.0796434207650286,0.0164698369792957,-0.0709999999999999));
#11900=CARTESIAN_POINT('',(-0.0796434207650286,0.0164698369792957,-0.0699999999999999));
#11901=CARTESIAN_POINT('',(-0.0886932304488907,0.0216846955142901,-0.0709999999999999));
#11902=CARTESIAN_POINT('',(-0.0886932304488907,0.0216846955142901,-0.0699999999999999));
#11903=CARTESIAN_POINT('',(-0.100832044286797,0.0150423271807537,-0.0709999999999999));
#11904=CARTESIAN_POINT('',(-0.100832044286797,0.0150423271807537,-0.0699999999999999));
#11905=CARTESIAN_POINT('',(-0.0991844070685004,-0.00112080534275072,-0.0709999999999999));
#11906=CARTESIAN_POINT('',(-0.0991844070685004,-0.00112080534275072,-0.0699999999999999));
#11907=CARTESIAN_POINT('',(-0.0995505486725662,-0.00969621923968996,-0.0709999999999999));
#11908=CARTESIAN_POINT('',(-0.0995505486725662,-0.00969621923968996,-0.0699999999999999));
#11909=CARTESIAN_POINT('',(-0.0995505486725662,-0.0142589271613342,-0.0709999999999999));
#11910=CARTESIAN_POINT('',(-0.0995505486725662,-0.0142589271613342,-0.0699999999999999));
#11911=CARTESIAN_POINT('',(-0.0761468727025185,0.012616498298162,-0.0709999999999999));
#11912=CARTESIAN_POINT('',(-0.0781482341729065,0.0148220803267529,-0.0709999999999999));
#11913=CARTESIAN_POINT('',(-0.0801495956432946,0.0164558447923758,-0.0709999999999999));
#11914=CARTESIAN_POINT('',(-0.0821509571136826,0.0175994799183118,-0.0709999999999999));
#11915=CARTESIAN_POINT('',(-0.0841347241975177,0.0187330611090748,-0.0709999999999999));
#11916=CARTESIAN_POINT('',(-0.0862762123893803,0.0192740884955753,-0.0709999999999999));
#11917=CARTESIAN_POINT('',(-0.0922802968005444,0.0192740884955753,-0.0709999999999999));
#11918=CARTESIAN_POINT('',(-0.0950985405037438,0.018252985704561,-0.0709999999999999));
#11919=CARTESIAN_POINT('',(-0.0968548373042884,0.0162516242341729,-0.0709999999999999));
#11920=CARTESIAN_POINT('',(-0.098649152764986,0.0142069391743083,-0.0709999999999999));
#11921=CARTESIAN_POINT('',(-0.0995505486725662,0.0112277985023826,-0.0709999999999999));
#11922=CARTESIAN_POINT('',(-0.0995505486725662,0.007184231449966,-0.0709999999999999));
#11923=CARTESIAN_POINT('',(-0.0995505486725662,3.65119128659249E-5,-0.0709999999999999));
#11924=CARTESIAN_POINT('',(-0.0995505486725662,-0.00711120762423414,-0.0709999999999999));
#11925=CARTESIAN_POINT('',(-0.0995505486725662,-0.0142589271613342,-0.0709999999999999));
#11926=CARTESIAN_POINT('',(-0.0995505486725662,-0.0142589271613342,-0.0709999999999999));
#11927=CARTESIAN_POINT('',(-0.0995505486725662,-0.0142589271613342,-0.0709999999999999));
#11928=CARTESIAN_POINT('',(-0.0995505486725662,-0.0142589271613342,-0.0709999999999999));
#11929=CARTESIAN_POINT('',(-0.0995505486725662,-0.0142589271613342,-0.0699999999999999));
#11930=CARTESIAN_POINT('',(-0.0995995616065348,-0.0145693424098025,-0.0709999999999999));
#11931=CARTESIAN_POINT('',(-0.0995995616065348,-0.0145693424098025,-0.0699999999999999));
#11932=CARTESIAN_POINT('',(-0.102213584751531,-0.0168729503063308,-0.0709999999999999));
#11933=CARTESIAN_POINT('',(-0.102213584751531,-0.0168729503063308,-0.0699999999999999));
#11934=CARTESIAN_POINT('',(-0.102532168822328,-0.0169137944179714,-0.0709999999999999));
#11935=CARTESIAN_POINT('',(-0.102532168822328,-0.0169137944179714,-0.0699999999999999));
#11936=CARTESIAN_POINT('',(-0.0995505486725662,-0.0142589271613342,-0.0709999999999999));
#11937=CARTESIAN_POINT('',(-0.0995750551395505,-0.0144141347855684,-0.0709999999999999));
#11938=CARTESIAN_POINT('',(-0.0997956133424096,-0.0158110034036759,-0.0709999999999999));
#11939=CARTESIAN_POINT('',(-0.100939248468346,-0.0167095738597685,-0.0709999999999999));
#11940=CARTESIAN_POINT('',(-0.10237287678693,-0.0168933723621511,-0.0709999999999999));
#11941=CARTESIAN_POINT('',(-0.102532168822328,-0.0169137944179714,-0.0709999999999999));
#11942=CARTESIAN_POINT('',(-0.102532168822328,-0.0169137944179714,-0.0709999999999999));
#11943=CARTESIAN_POINT('',(-0.102532168822328,-0.0169137944179714,-0.0709999999999999));
#11944=CARTESIAN_POINT('',(-0.102532168822328,-0.0169137944179714,-0.0709999999999999));
#11945=CARTESIAN_POINT('',(-0.102532168822328,-0.0169137944179714,-0.0709999999999999));
#11946=CARTESIAN_POINT('',(-0.103090371681416,-0.0169137944179714,-0.0709999999999999));
#11947=CARTESIAN_POINT('',(-0.103648574540504,-0.0169137944179714,-0.0709999999999999));
#11948=CARTESIAN_POINT('',(-0.104206777399591,-0.0169137944179714,-0.0709999999999999));
#11949=CARTESIAN_POINT('',(-0.104206777399591,-0.0169137944179714,-0.0709999999999999));
#11950=CARTESIAN_POINT('',(-0.104206777399591,-0.0169137944179714,-0.0709999999999999));
#11951=CARTESIAN_POINT('',(-0.104206777399591,-0.0169137944179714,-0.0709999999999999));
#11952=CARTESIAN_POINT('',(-0.104206777399591,-0.0169137944179714,-0.0709999999999999));
#11953=CARTESIAN_POINT('',(-0.104206777399591,-0.018956,-0.0709999999999999));
#11954=CARTESIAN_POINT('',(-0.104206777399591,-0.018956,-0.0709999999999999));
#11955=CARTESIAN_POINT('',(-0.104206777399591,-0.018956,-0.0709999999999999));
#11956=CARTESIAN_POINT('',(-0.104206777399591,-0.018956,-0.0709999999999999));
#11957=CARTESIAN_POINT('',(-0.0901972471068752,-0.018956,-0.0709999999999999));
#11958=CARTESIAN_POINT('',(-0.0901972471068752,-0.018956,-0.0709999999999999));
#11959=CARTESIAN_POINT('',(-0.0901972471068752,-0.018956,-0.0709999999999999));
#11960=CARTESIAN_POINT('',(-0.0901972471068752,-0.018956,-0.0709999999999999));
#11961=CARTESIAN_POINT('',(-0.0901972471068752,-0.0169137944179714,-0.0709999999999999));
#11962=CARTESIAN_POINT('',(-0.0901972471068752,-0.0169137944179714,-0.0709999999999999));
#11963=CARTESIAN_POINT('',(-0.0901972471068752,-0.0169137944179714,-0.0709999999999999));
#11964=CARTESIAN_POINT('',(-0.0901972471068752,-0.0169137944179714,-0.0699999999999999));
#11965=CARTESIAN_POINT('',(-0.0912519442381517,-0.0169137944179714,-0.0709999999999999));
#11966=CARTESIAN_POINT('',(-0.0912519442381517,-0.0169137944179714,-0.0699999999999999));
#11967=CARTESIAN_POINT('',(-0.0941195299622501,-0.0176121484363017,-0.0709999999999999));
#11968=CARTESIAN_POINT('',(-0.0941195299622501,-0.0176121484363017,-0.0699999999999999));
#11969=CARTESIAN_POINT('',(-0.0948609947216281,-0.0144699869127825,-0.0709999999999999));
#11970=CARTESIAN_POINT('',(-0.0948609947216281,-0.0144699869127825,-0.0699999999999999));
#11971=CARTESIAN_POINT('',(-0.094894319945541,-0.0142589271613342,-0.0709999999999999));
#11972=CARTESIAN_POINT('',(-0.094894319945541,-0.0142589271613342,-0.0699999999999999));
#11973=CARTESIAN_POINT('',(-0.0901972471068752,-0.0169137944179714,-0.0709999999999999));
#11974=CARTESIAN_POINT('',(-0.090755449965963,-0.0169137944179714,-0.0709999999999999));
#11975=CARTESIAN_POINT('',(-0.0913136528250509,-0.0169137944179714,-0.0709999999999999));
#11976=CARTESIAN_POINT('',(-0.0918718556841387,-0.0169137944179714,-0.0709999999999999));
#11977=CARTESIAN_POINT('',(-0.0929746466984341,-0.0169137944179714,-0.0709999999999999));
#11978=CARTESIAN_POINT('',(-0.093750684819605,-0.0167095738597685,-0.0709999999999999));
#11979=CARTESIAN_POINT('',(-0.0946492552756976,-0.0158110034036759,-0.0709999999999999));
#11980=CARTESIAN_POINT('',(-0.0948698134785567,-0.0144141347855684,-0.0709999999999999));
#11981=CARTESIAN_POINT('',(-0.094894319945541,-0.0142589271613342,-0.0709999999999999));
#11982=CARTESIAN_POINT('',(-0.094894319945541,-0.0142589271613342,-0.0709999999999999));
#11983=CARTESIAN_POINT('',(-0.094894319945541,-0.0142589271613342,-0.0709999999999999));
#11984=CARTESIAN_POINT('',(-0.094894319945541,-0.0142589271613342,-0.0709999999999999));
#11985=CARTESIAN_POINT('',(-0.094894319945541,-0.0142589271613342,-0.0699999999999999));
#11986=CARTESIAN_POINT('',(-0.094894319945541,-0.0101286923030256,-0.0709999999999999));
#11987=CARTESIAN_POINT('',(-0.094894319945541,-0.0101286923030256,-0.0699999999999999));
#11988=CARTESIAN_POINT('',(-0.094480609195081,-0.00228329637127596,-0.0709999999999999));
#11989=CARTESIAN_POINT('',(-0.094480609195081,-0.00228329637127596,-0.0699999999999999));
#11990=CARTESIAN_POINT('',(-0.0963423075721512,0.011975240235554,-0.071));
#11991=CARTESIAN_POINT('',(-0.0963423075721512,0.011975240235554,-0.07));
#11992=CARTESIAN_POINT('',(-0.0882798901529247,0.0192328430176984,-0.0709999999999999));
#11993=CARTESIAN_POINT('',(-0.0882798901529247,0.0192328430176984,-0.0699999999999999));
#11994=CARTESIAN_POINT('',(-0.0795136810841494,0.0134907864774576,-0.0709999999999999));
#11995=CARTESIAN_POINT('',(-0.0795136810841494,0.0134907864774576,-0.0699999999999999));
#11996=CARTESIAN_POINT('',(-0.0761468727025185,0.00889968413887001,-0.0709999999999999));
#11997=CARTESIAN_POINT('',(-0.0761468727025185,0.00889968413887001,-0.0699999999999999));
#11998=CARTESIAN_POINT('',(-0.094894319945541,-0.0142589271613342,-0.0709999999999999));
#11999=CARTESIAN_POINT('',(-0.094894319945541,-0.00675722532334918,-0.0709999999999999));
#12000=CARTESIAN_POINT('',(-0.094894319945541,0.000744476514635844,-0.0709999999999999));
#12001=CARTESIAN_POINT('',(-0.094894319945541,0.00824617835262086,-0.0709999999999999));
#12002=CARTESIAN_POINT('',(-0.094894319945541,0.010901045609258,-0.0709999999999999));
#12003=CARTESIAN_POINT('',(-0.094322502382573,0.0129840953029272,-0.0709999999999999));
#12004=CARTESIAN_POINT('',(-0.0932197113682776,0.0144544833219878,-0.0709999999999999));
#12005=CARTESIAN_POINT('',(-0.092121821647379,0.0159183362831859,-0.0709999999999999));
#12006=CARTESIAN_POINT('',(-0.0904014676650781,0.0166192212389381,-0.0709999999999999));
#12007=CARTESIAN_POINT('',(-0.0861945241660992,0.0166192212389381,-0.0709999999999999));
#12008=CARTESIAN_POINT('',(-0.08411147447243,0.0159657154526889,-0.0709999999999999));
#12009=CARTESIAN_POINT('',(-0.0798636868618105,0.0132700040844112,-0.0709999999999999));
#12010=CARTESIAN_POINT('',(-0.0779440136147036,0.0113503308373043,-0.0709999999999999));
#12011=CARTESIAN_POINT('',(-0.0761468727025185,0.00889968413887001,-0.0709999999999999));
#12012=CARTESIAN_POINT('',(-0.0761468727025185,0.00889968413887001,-0.0709999999999999));
#12013=CARTESIAN_POINT('',(-0.0761468727025185,0.00889968413887001,-0.0709999999999999));
#12014=CARTESIAN_POINT('',(-0.0761468727025185,0.00889968413887001,-0.0709999999999999));
#12015=CARTESIAN_POINT('',(-0.0761468727025185,0.00889968413887001,-0.0709999999999999));
#12016=CARTESIAN_POINT('',(-0.0761468727025185,0.00118014703880194,-0.0709999999999999));
#12017=CARTESIAN_POINT('',(-0.0761468727025185,-0.00653939006126613,-0.0709999999999999));
#12018=CARTESIAN_POINT('',(-0.0761468727025185,-0.0142589271613342,-0.0709999999999999));
#12019=CARTESIAN_POINT('',(-0.0761468727025185,-0.0142589271613342,-0.0709999999999999));
#12020=CARTESIAN_POINT('',(-0.0761468727025185,-0.0142589271613342,-0.0709999999999999));
#12021=CARTESIAN_POINT('',(-0.0761468727025185,-0.0142589271613342,-0.0709999999999999));
#12022=CARTESIAN_POINT('',(-0.0761468727025185,-0.0142589271613342,-0.0699999999999999));
#12023=CARTESIAN_POINT('',(-0.0761754635806669,-0.0144141347855684,-0.0709999999999999));
#12024=CARTESIAN_POINT('',(-0.0761754635806669,-0.0144141347855684,-0.0699999999999999));
#12025=CARTESIAN_POINT('',(-0.0768849257998637,-0.0160756732471068,-0.0709999999999999));
#12026=CARTESIAN_POINT('',(-0.0768849257998637,-0.0160756732471068,-0.0699999999999999));
#12027=CARTESIAN_POINT('',(-0.07696375493533,-0.0162602886317222,-0.0709999999999999));
#12028=CARTESIAN_POINT('',(-0.07696375493533,-0.0162602886317222,-0.0699999999999999));
#12029=CARTESIAN_POINT('',(-0.0761468727025185,-0.0142589271613342,-0.0709999999999999));
#12030=CARTESIAN_POINT('',(-0.0761754635806669,-0.0144141347855684,-0.0709999999999999));
#12031=CARTESIAN_POINT('',(-0.0768849257998637,-0.0160756732471068,-0.0709999999999999));
#12032=CARTESIAN_POINT('',(-0.07696375493533,-0.0162602886317222,-0.0709999999999999));
#12033=CARTESIAN_POINT('',(-0.07696375493533,-0.0162602886317222,-0.0709999999999999));
#12034=CARTESIAN_POINT('',(-0.07696375493533,-0.0162602886317222,-0.0709999999999999));
#12035=CARTESIAN_POINT('',(-0.07696375493533,-0.0162602886317222,-0.0709999999999999));
#12036=CARTESIAN_POINT('',(-0.07696375493533,-0.0162602886317222,-0.0699999999999999));
#12037=CARTESIAN_POINT('',(-0.0775185306448204,-0.0167297142320603,-0.0709999999999999));
#12038=CARTESIAN_POINT('',(-0.0775185306448204,-0.0167297142320603,-0.0699999999999999));
#12039=CARTESIAN_POINT('',(-0.0790042563320108,-0.0168953863993803,-0.0709999999999999));
#12040=CARTESIAN_POINT('',(-0.0790042563320108,-0.0168953863993803,-0.0699999999999999));
#12041=CARTESIAN_POINT('',(-0.0791693369639208,-0.0169137944179714,-0.0709999999999999));
#12042=CARTESIAN_POINT('',(-0.0791693369639208,-0.0169137944179714,-0.0699999999999999));
#12043=CARTESIAN_POINT('',(-0.07696375493533,-0.0162602886317222,-0.0709999999999999));
#12044=CARTESIAN_POINT('',(-0.0775185306448204,-0.0167297142320603,-0.0709999999999999));
#12045=CARTESIAN_POINT('',(-0.0790042563320108,-0.0168953863993803,-0.0709999999999999));
#12046=CARTESIAN_POINT('',(-0.0791693369639208,-0.0169137944179714,-0.0709999999999999));
#12047=CARTESIAN_POINT('',(-0.0791693369639208,-0.0169137944179714,-0.0709999999999999));
#12048=CARTESIAN_POINT('',(-0.0791693369639208,-0.0169137944179714,-0.0709999999999999));
#12049=CARTESIAN_POINT('',(-0.0791693369639208,-0.0169137944179714,-0.0709999999999999));
#12050=CARTESIAN_POINT('',(-0.0791693369639208,-0.0169137944179714,-0.0709999999999999));
#12051=CARTESIAN_POINT('',(-0.0797275398230086,-0.0169137944179714,-0.0709999999999999));
#12052=CARTESIAN_POINT('',(-0.0802857426820965,-0.0169137944179714,-0.0709999999999999));
#12053=CARTESIAN_POINT('',(-0.0808439455411843,-0.0169137944179714,-0.0709999999999999));
#12054=CARTESIAN_POINT('',(-0.0701461143767321,-0.0166816575636909,-0.0709999999999999));
#12055=CARTESIAN_POINT('',(-0.03808400590707,0.0375317469252145,-0.0709999999999999));
#12056=CARTESIAN_POINT('',(-0.03808400590707,0.0375317469252145,-0.0699999999999999));
#12057=CARTESIAN_POINT('',(-0.0427859041178751,0.0394922384716036,-0.0709999999999999));
#12058=CARTESIAN_POINT('',(-0.0427859041178751,0.0394922384716036,-0.0699999999999999));
#12059=CARTESIAN_POINT('',(-0.0472614285233323,0.0378921136334745,-0.0709999999999999));
#12060=CARTESIAN_POINT('',(-0.0472614285233323,0.0378921136334745,-0.0699999999999999));
#12061=CARTESIAN_POINT('',(-0.0477121290860636,0.0308819028385203,-0.071));
#12062=CARTESIAN_POINT('',(-0.0477121290860636,0.0308819028385203,-0.07));
#12063=CARTESIAN_POINT('',(-0.0388983240689592,0.0300983388088133,-0.0709999999999999));
#12064=CARTESIAN_POINT('',(-0.0388983240689592,0.0300983388088133,-0.0699999999999999));
#12065=CARTESIAN_POINT('',(-0.03808400590707,0.0375317469252145,-0.0709999999999999));
#12066=CARTESIAN_POINT('',(-0.03808400590707,0.0375317469252145,-0.0699999999999999));
#12067=CARTESIAN_POINT('',(-0.0427859041178751,0.0394922384716036,-0.0709999999999999));
#12068=CARTESIAN_POINT('',(-0.0427859041178751,0.0394922384716036,-0.0699999999999999));
#12069=CARTESIAN_POINT('',(-0.0472614285233323,0.0378921136334745,-0.0709999999999999));
#12070=CARTESIAN_POINT('',(-0.0472614285233323,0.0378921136334745,-0.0699999999999999));
#12071=CARTESIAN_POINT('',(-0.0429406099387336,0.039042638529612,-0.0709999999999999));
#12072=CARTESIAN_POINT('',(-0.0440405392636784,0.0390819217197886,-0.0709999999999999));
#12073=CARTESIAN_POINT('',(-0.0450645037440434,0.0386341974132063,-0.0709999999999999));
#12074=CARTESIAN_POINT('',(-0.0459630742001359,0.0378581592920354,-0.0709999999999999));
#12075=CARTESIAN_POINT('',(-0.0468818491990282,0.0370646717929921,-0.0709999999999999));
#12076=CARTESIAN_POINT('',(-0.0472700857726342,0.0361018624914908,-0.0709999999999999));
#12077=CARTESIAN_POINT('',(-0.0472700857726342,0.0338554363512594,-0.0709999999999999));
#12078=CARTESIAN_POINT('',(-0.0468616446562285,0.0328343335602451,-0.0709999999999999));
#12079=CARTESIAN_POINT('',(-0.0459630742001359,0.0319766072157931,-0.0709999999999999));
#12080=CARTESIAN_POINT('',(-0.0450441037661213,0.0310994081651427,-0.0709999999999999));
#12081=CARTESIAN_POINT('',(-0.044043400953029,0.0306287515316542,-0.0709999999999999));
#12082=CARTESIAN_POINT('',(-0.0417969748127976,0.0306287515316542,-0.0709999999999999));
#12083=CARTESIAN_POINT('',(-0.0408167161334239,0.0310780367597005,-0.0709999999999999));
#12084=CARTESIAN_POINT('',(-0.0399181456773313,0.0319766072157931,-0.0709999999999999));
#12085=CARTESIAN_POINT('',(-0.039039997277059,0.0328547556160654,-0.0709999999999999));
#12086=CARTESIAN_POINT('',(-0.0385702899931925,0.0338554363512594,-0.0709999999999999));
#12087=CARTESIAN_POINT('',(-0.0385702899931925,0.0361018624914908,-0.0709999999999999));
#12088=CARTESIAN_POINT('',(-0.0390195752212387,0.037041277059224,-0.0709999999999999));
#12089=CARTESIAN_POINT('',(-0.0399181456773313,0.0378581592920354,-0.0709999999999999));
#12090=CARTESIAN_POINT('',(-0.040796386485096,0.038656560026367,-0.0709999999999999));
#12091=CARTESIAN_POINT('',(-0.0417969748127976,0.0390017944179714,-0.0709999999999999));
#12092=CARTESIAN_POINT('',(-0.0429406099387336,0.039042638529612,-0.0709999999999999));
#12093=CARTESIAN_POINT('',(-0.0429406099387336,0.039042638529612,-0.0709999999999999));
#12094=CARTESIAN_POINT('',(-0.0428723897746725,0.0306292874776518,-0.0709999999999999));
#12095=CARTESIAN_POINT('',(-0.0302380912185158,-0.018956,-0.0709999999999999));
#12096=CARTESIAN_POINT('',(-0.0302380912185158,-0.018956,-0.0709999999999999));
#12097=CARTESIAN_POINT('',(-0.0302380912185158,-0.018956,-0.0709999999999999));
#12098=CARTESIAN_POINT('',(-0.0302380912185158,-0.018956,-0.0709999999999999));
#12099=CARTESIAN_POINT('',(-0.0302380912185158,-0.0169137944179714,-0.0709999999999999));
#12100=CARTESIAN_POINT('',(-0.0302380912185158,-0.0169137944179714,-0.0709999999999999));
#12101=CARTESIAN_POINT('',(-0.0302380912185158,-0.0169137944179714,-0.0709999999999999));
#12102=CARTESIAN_POINT('',(-0.0302380912185158,-0.0169137944179714,-0.0699999999999999));
#12103=CARTESIAN_POINT('',(-0.0321891218390289,-0.0169137944179714,-0.0709999999999999));
#12104=CARTESIAN_POINT('',(-0.0321891218390289,-0.0169137944179714,-0.0699999999999999));
#12105=CARTESIAN_POINT('',(-0.0347094238486008,-0.0166256959484589,-0.0709999999999999));
#12106=CARTESIAN_POINT('',(-0.0347094238486008,-0.0166256959484589,-0.0699999999999999));
#12107=CARTESIAN_POINT('',(-0.0396948022128207,-0.0173939585338255,-0.071));
#12108=CARTESIAN_POINT('',(-0.0396948022128207,-0.0173939585338255,-0.07));
#12109=CARTESIAN_POINT('',(-0.0402599822849856,-0.014454706179377,-0.0709999999999999));
#12110=CARTESIAN_POINT('',(-0.0402599822849856,-0.014454706179377,-0.0699999999999999));
#12111=CARTESIAN_POINT('',(-0.0402857426820965,-0.0142589271613342,-0.0709999999999999));
#12112=CARTESIAN_POINT('',(-0.0402857426820965,-0.0142589271613342,-0.0699999999999999));
#12113=CARTESIAN_POINT('',(-0.0302380912185158,-0.0169137944179714,-0.0709999999999999));
#12114=CARTESIAN_POINT('',(-0.0325934349897888,-0.0169137944179714,-0.0709999999999999));
#12115=CARTESIAN_POINT('',(-0.0349487787610617,-0.0169137944179714,-0.0709999999999999));
#12116=CARTESIAN_POINT('',(-0.0373041225323347,-0.0169137944179714,-0.0709999999999999));
#12117=CARTESIAN_POINT('',(-0.0384069135466302,-0.0169137944179714,-0.0709999999999999));
#12118=CARTESIAN_POINT('',(-0.039182951667801,-0.0167095738597685,-0.0709999999999999));
#12119=CARTESIAN_POINT('',(-0.0400815221238936,-0.0158110034036759,-0.0709999999999999));
#12120=CARTESIAN_POINT('',(-0.0402653206262762,-0.0144141347855684,-0.0709999999999999));
#12121=CARTESIAN_POINT('',(-0.0402857426820965,-0.0142589271613342,-0.0709999999999999));
#12122=CARTESIAN_POINT('',(-0.0402857426820965,-0.0142589271613342,-0.0709999999999999));
#12123=CARTESIAN_POINT('',(-0.0402857426820965,-0.0142589271613342,-0.0709999999999999));
#12124=CARTESIAN_POINT('',(-0.0402857426820965,-0.0142589271613342,-0.0709999999999999));
#12125=CARTESIAN_POINT('',(-0.0402857426820965,-0.0142589271613342,-0.0709999999999999));
#12126=CARTESIAN_POINT('',(-0.0402857426820965,-0.00506900204220555,-0.0709999999999999));
#12127=CARTESIAN_POINT('',(-0.0402857426820964,0.00412092307692311,-0.0709999999999999));
#12128=CARTESIAN_POINT('',(-0.0402857426820965,0.0133108481960518,-0.0709999999999999));
#12129=CARTESIAN_POINT('',(-0.0402857426820965,0.0133108481960518,-0.0709999999999999));
#12130=CARTESIAN_POINT('',(-0.0402857426820965,0.0133108481960518,-0.0709999999999999));
#12131=CARTESIAN_POINT('',(-0.0402857426820965,0.0133108481960518,-0.0709999999999999));
#12132=CARTESIAN_POINT('',(-0.0402857426820965,0.0133108481960518,-0.0699999999999999));
#12133=CARTESIAN_POINT('',(-0.0402653206262762,0.01347014023145,-0.0709999999999999));
#12134=CARTESIAN_POINT('',(-0.0402653206262762,0.01347014023145,-0.0699999999999999));
#12135=CARTESIAN_POINT('',(-0.0396955452688902,0.0152750415248469,-0.0709999999999999));
#12136=CARTESIAN_POINT('',(-0.0396955452688902,0.0152750415248469,-0.0699999999999999));
#12137=CARTESIAN_POINT('',(-0.0396322368958473,0.0154755861130021,-0.0709999999999999));
#12138=CARTESIAN_POINT('',(-0.0396322368958473,0.0154755861130021,-0.0699999999999999));
#12139=CARTESIAN_POINT('',(-0.0402857426820965,0.0133108481960518,-0.0709999999999999));
#12140=CARTESIAN_POINT('',(-0.0402653206262762,0.01347014023145,-0.0709999999999999));
#12141=CARTESIAN_POINT('',(-0.0396955452688902,0.0152750415248469,-0.0709999999999999));
#12142=CARTESIAN_POINT('',(-0.0396322368958473,0.0154755861130021,-0.0709999999999999));
#12143=CARTESIAN_POINT('',(-0.0396322368958473,0.0154755861130021,-0.0709999999999999));
#12144=CARTESIAN_POINT('',(-0.0396322368958473,0.0154755861130021,-0.0709999999999999));
#12145=CARTESIAN_POINT('',(-0.0396322368958473,0.0154755861130021,-0.0709999999999999));
#12146=CARTESIAN_POINT('',(-0.0396322368958473,0.0154755861130021,-0.0699999999999999));
#12147=CARTESIAN_POINT('',(-0.038013017186287,0.017536411197897,-0.0709999999999999));
#12148=CARTESIAN_POINT('',(-0.038013017186287,0.017536411197897,-0.0699999999999999));
#12149=CARTESIAN_POINT('',(-0.0334435825992071,0.0164040446444588,-0.0709999999999999));
#12150=CARTESIAN_POINT('',(-0.0334435825992071,0.0164040446444588,-0.0699999999999999));
#12151=CARTESIAN_POINT('',(-0.0302380912185158,0.0164966889040164,-0.0709999999999999));
#12152=CARTESIAN_POINT('',(-0.0302380912185158,0.0164966889040164,-0.0699999999999999));
#12153=CARTESIAN_POINT('',(-0.0396322368958473,0.0154755861130021,-0.0709999999999999));
#12154=CARTESIAN_POINT('',(-0.0392027939176201,0.0160221499034731,-0.0709999999999999));
#12155=CARTESIAN_POINT('',(-0.0384069135466302,0.0162924683458135,-0.0709999999999999));
#12156=CARTESIAN_POINT('',(-0.0373041225323347,0.0162924683458135,-0.0709999999999999));
#12157=CARTESIAN_POINT('',(-0.0349487787610617,0.0162924683458135,-0.0709999999999999));
#12158=CARTESIAN_POINT('',(-0.0325934349897888,0.0164286153846154,-0.0709999999999999));
#12159=CARTESIAN_POINT('',(-0.0302380912185158,0.0164966889040164,-0.0709999999999999));
#12160=CARTESIAN_POINT('',(-0.0302380912185158,0.0164966889040164,-0.0709999999999999));
#12161=CARTESIAN_POINT('',(-0.0302380912185158,0.0164966889040164,-0.0709999999999999));
#12162=CARTESIAN_POINT('',(-0.0302380912185158,0.0164966889040164,-0.0709999999999999));
#12163=CARTESIAN_POINT('',(-0.0302380912185158,0.0164966889040164,-0.0709999999999999));
#12164=CARTESIAN_POINT('',(-0.0302380912185158,0.018538894486045,-0.0709999999999999));
#12165=CARTESIAN_POINT('',(-0.0302380912185158,0.018538894486045,-0.0709999999999999));
#12166=CARTESIAN_POINT('',(-0.0302380912185158,0.018538894486045,-0.0709999999999999));
#12167=CARTESIAN_POINT('',(-0.0302380912185158,0.018538894486045,-0.0699999999999999));
#12168=CARTESIAN_POINT('',(-0.0350456242199089,0.018656151388518,-0.0709999999999999));
#12169=CARTESIAN_POINT('',(-0.0350456242199089,0.018656151388518,-0.0699999999999999));
#12170=CARTESIAN_POINT('',(-0.0400935541664546,0.0184383759011052,-0.0709999999999999));
#12171=CARTESIAN_POINT('',(-0.0400935541664546,0.0184383759011052,-0.0699999999999999));
#12172=CARTESIAN_POINT('',(-0.0442884656228725,0.0208670088495575,-0.0709999999999999));
#12173=CARTESIAN_POINT('',(-0.0442884656228725,0.0208670088495575,-0.0699999999999999));
#12174=CARTESIAN_POINT('',(-0.0302380912185158,0.018538894486045,-0.0709999999999999));
#12175=CARTESIAN_POINT('',(-0.0313544969366914,0.0185661238938053,-0.0709999999999999));
#12176=CARTESIAN_POINT('',(-0.0324709026548671,0.0185933533015657,-0.0709999999999999));
#12177=CARTESIAN_POINT('',(-0.0335873083730427,0.0186205827093261,-0.0709999999999999));
#12178=CARTESIAN_POINT('',(-0.0356273041963559,0.0186703387050167,-0.0709999999999999));
#12179=CARTESIAN_POINT('',(-0.0375083430905376,0.0187022709326072,-0.0709999999999999));
#12180=CARTESIAN_POINT('',(-0.0393054840027228,0.0190290238257318,-0.0709999999999999));
#12181=CARTESIAN_POINT('',(-0.0410702763784885,0.0193498951667801,-0.0709999999999999));
#12182=CARTESIAN_POINT('',(-0.0427363893805307,0.019968438393465,-0.0709999999999999));
#12183=CARTESIAN_POINT('',(-0.0442884656228725,0.0208670088495575,-0.0709999999999999));
#12184=CARTESIAN_POINT('',(-0.0442884656228725,0.0208670088495575,-0.0709999999999999));
#12185=CARTESIAN_POINT('',(-0.0442884656228725,0.0208670088495575,-0.0709999999999999));
#12186=CARTESIAN_POINT('',(-0.0442884656228725,0.0208670088495575,-0.0709999999999999));
#12187=CARTESIAN_POINT('',(-0.0442884656228725,0.0208670088495575,-0.0709999999999999));
#12188=CARTESIAN_POINT('',(-0.0449419714091217,0.0208670088495575,-0.0709999999999999));
#12189=CARTESIAN_POINT('',(-0.0449419714091217,0.0208670088495575,-0.0709999999999999));
#12190=CARTESIAN_POINT('',(-0.0449419714091217,0.0208670088495575,-0.0709999999999999));
#12191=CARTESIAN_POINT('',(-0.0449419714091217,0.0208670088495575,-0.0709999999999999));
#12192=CARTESIAN_POINT('',(-0.0449419714091217,0.00915836351259363,-0.0709999999999999));
#12193=CARTESIAN_POINT('',(-0.0449419714091216,-0.00255028182437029,-0.0709999999999999));
#12194=CARTESIAN_POINT('',(-0.0449419714091217,-0.0142589271613342,-0.0709999999999999));
#12195=CARTESIAN_POINT('',(-0.0449419714091217,-0.0142589271613342,-0.0709999999999999));
#12196=CARTESIAN_POINT('',(-0.0449419714091217,-0.0142589271613342,-0.0709999999999999));
#12197=CARTESIAN_POINT('',(-0.0449419714091217,-0.0142589271613342,-0.0709999999999999));
#12198=CARTESIAN_POINT('',(-0.0449419714091217,-0.0142589271613342,-0.0699999999999999));
#12199=CARTESIAN_POINT('',(-0.0449705622872701,-0.0144141347855684,-0.0709999999999999));
#12200=CARTESIAN_POINT('',(-0.0449705622872701,-0.0144141347855684,-0.0699999999999999));
#12201=CARTESIAN_POINT('',(-0.0457167842069433,-0.0160756732471068,-0.0709999999999999));
#12202=CARTESIAN_POINT('',(-0.0457167842069433,-0.0160756732471068,-0.0699999999999999));
#12203=CARTESIAN_POINT('',(-0.0457996977535737,-0.0162602886317222,-0.0709999999999999));
#12204=CARTESIAN_POINT('',(-0.0457996977535737,-0.0162602886317222,-0.0699999999999999));
#12205=CARTESIAN_POINT('',(-0.0449419714091217,-0.0142589271613342,-0.0709999999999999));
#12206=CARTESIAN_POINT('',(-0.0449705622872701,-0.0144141347855684,-0.0709999999999999));
#12207=CARTESIAN_POINT('',(-0.0457167842069433,-0.0160756732471068,-0.0709999999999999));
#12208=CARTESIAN_POINT('',(-0.0457996977535737,-0.0162602886317222,-0.0709999999999999));
#12209=CARTESIAN_POINT('',(-0.0457996977535737,-0.0162602886317222,-0.0709999999999999));
#12210=CARTESIAN_POINT('',(-0.0457996977535737,-0.0162602886317222,-0.0709999999999999));
#12211=CARTESIAN_POINT('',(-0.0457996977535737,-0.0162602886317222,-0.0709999999999999));
#12212=CARTESIAN_POINT('',(-0.0457996977535737,-0.0162602886317222,-0.0699999999999999));
#12213=CARTESIAN_POINT('',(-0.0463462615440447,-0.0166897316099494,-0.0709999999999999));
#12214=CARTESIAN_POINT('',(-0.0463462615440447,-0.0166897316099494,-0.0699999999999999));
#12215=CARTESIAN_POINT('',(-0.047802618257876,-0.0168913881371692,-0.0709999999999999));
#12216=CARTESIAN_POINT('',(-0.047802618257876,-0.0168913881371692,-0.0699999999999999));
#12217=CARTESIAN_POINT('',(-0.0479644356705239,-0.0169137944179714,-0.0709999999999999));
#12218=CARTESIAN_POINT('',(-0.0479644356705239,-0.0169137944179714,-0.0699999999999999));
#12219=CARTESIAN_POINT('',(-0.0457996977535737,-0.0162602886317222,-0.0709999999999999));
#12220=CARTESIAN_POINT('',(-0.0463462615440447,-0.0166897316099494,-0.0709999999999999));
#12221=CARTESIAN_POINT('',(-0.047802618257876,-0.0168913881371692,-0.0709999999999999));
#12222=CARTESIAN_POINT('',(-0.0479644356705239,-0.0169137944179714,-0.0709999999999999));
#12223=CARTESIAN_POINT('',(-0.0479644356705239,-0.0169137944179714,-0.0709999999999999));
#12224=CARTESIAN_POINT('',(-0.0479644356705239,-0.0169137944179714,-0.0709999999999999));
#12225=CARTESIAN_POINT('',(-0.0479644356705239,-0.0169137944179714,-0.0709999999999999));
#12226=CARTESIAN_POINT('',(-0.0479644356705239,-0.0169137944179714,-0.0709999999999999));
#12227=CARTESIAN_POINT('',(-0.0503061647379167,-0.0169137944179714,-0.0709999999999999));
#12228=CARTESIAN_POINT('',(-0.0526478938053095,-0.0169137944179714,-0.0709999999999999));
#12229=CARTESIAN_POINT('',(-0.0549896228727023,-0.0169137944179714,-0.0709999999999999));
#12230=CARTESIAN_POINT('',(-0.0549896228727023,-0.0169137944179714,-0.0709999999999999));
#12231=CARTESIAN_POINT('',(-0.0549896228727023,-0.0169137944179714,-0.0709999999999999));
#12232=CARTESIAN_POINT('',(-0.0549896228727023,-0.0169137944179714,-0.0709999999999999));
#12233=CARTESIAN_POINT('',(-0.0549896228727023,-0.0169137944179714,-0.0709999999999999));
#12234=CARTESIAN_POINT('',(-0.0549896228727023,-0.018956,-0.0709999999999999));
#12235=CARTESIAN_POINT('',(-0.0549896228727023,-0.018956,-0.0709999999999999));
#12236=CARTESIAN_POINT('',(-0.0549896228727023,-0.018956,-0.0709999999999999));
#12237=CARTESIAN_POINT('',(-0.0549896228727023,-0.018956,-0.0709999999999999));
#12238=CARTESIAN_POINT('',(-0.0360911830800551,-0.0169137944179714,-0.0709999999999999));
#12239=CARTESIAN_POINT('',(-0.0159018080326751,0.018538894486045,-0.0709999999999999));
#12240=CARTESIAN_POINT('',(-0.0159018080326751,0.018538894486045,-0.0709999999999999));
#12241=CARTESIAN_POINT('',(-0.0159018080326751,0.018538894486045,-0.0709999999999999));
#12242=CARTESIAN_POINT('',(-0.0159018080326751,0.018538894486045,-0.0709999999999999));
#12243=CARTESIAN_POINT('',(-0.0159018080326751,0.0165375330156569,-0.0709999999999999));
#12244=CARTESIAN_POINT('',(-0.0159018080326751,0.0165375330156569,-0.0709999999999999));
#12245=CARTESIAN_POINT('',(-0.0159018080326751,0.0165375330156569,-0.0709999999999999));
#12246=CARTESIAN_POINT('',(-0.0159018080326751,0.0165375330156569,-0.0709999999999999));
#12247=CARTESIAN_POINT('',(-0.0153436051735872,0.0165375330156569,-0.0709999999999999));
#12248=CARTESIAN_POINT('',(-0.0147854023144994,0.0165375330156569,-0.0709999999999999));
#12249=CARTESIAN_POINT('',(-0.0142271994554116,0.0165375330156569,-0.0709999999999999));
#12250=CARTESIAN_POINT('',(-0.0142271994554116,0.0165375330156569,-0.0709999999999999));
#12251=CARTESIAN_POINT('',(-0.0142271994554116,0.0165375330156569,-0.0709999999999999));
#12252=CARTESIAN_POINT('',(-0.0142271994554116,0.0165375330156569,-0.0709999999999999));
#12253=CARTESIAN_POINT('',(-0.0142271994554116,0.0165375330156569,-0.0699999999999999));
#12254=CARTESIAN_POINT('',(-0.0139997134051274,0.0165067916575104,-0.0709999999999999));
#12255=CARTESIAN_POINT('',(-0.0139997134051274,0.0165067916575104,-0.0699999999999999));
#12256=CARTESIAN_POINT('',(-0.00955937032861485,0.0157418244602572,-0.0709999999999999));
#12257=CARTESIAN_POINT('',(-0.00955937032861485,0.0157418244602572,-0.0699999999999999));
#12258=CARTESIAN_POINT('',(-0.00583789658689726,0.010615133030423,-0.0709999999999999));
#12259=CARTESIAN_POINT('',(-0.00583789658689726,0.010615133030423,-0.0699999999999999));
#12260=CARTESIAN_POINT('',(-0.00276687192835305,0.00739469596120485,-0.0709999999999999));
#12261=CARTESIAN_POINT('',(-0.00276687192835305,0.00739469596120485,-0.0699999999999999));
#12262=CARTESIAN_POINT('',(-0.00074864261402294,0.0051420258679374,-0.0709999999999999));
#12263=CARTESIAN_POINT('',(-0.00074864261402294,0.0051420258679374,-0.0699999999999999));
#12264=CARTESIAN_POINT('',(-0.0142271994554116,0.0165375330156569,-0.0709999999999999));
#12265=CARTESIAN_POINT('',(-0.0140760762423415,0.0165171109598367,-0.0709999999999999));
#12266=CARTESIAN_POINT('',(-0.0127159673247105,0.0163333124574541,-0.0709999999999999));
#12267=CARTESIAN_POINT('',(-0.0106737617426819,0.0156798066712049,-0.0709999999999999));
#12268=CARTESIAN_POINT('',(-0.00973434717494876,0.0150671449965964,-0.0709999999999999));
#12269=CARTESIAN_POINT('',(-0.00883577671885615,0.0141685745405038,-0.0709999999999999));
#12270=CARTESIAN_POINT('',(-0.00598349625595618,0.0113162940776039,-0.0709999999999999));
#12271=CARTESIAN_POINT('',(-0.00344435398230068,0.00815087542545952,-0.0709999999999999));
#12272=CARTESIAN_POINT('',(-0.00074864261402294,0.0051420258679374,-0.0709999999999999));
#12273=CARTESIAN_POINT('',(-0.00074864261402294,0.0051420258679374,-0.0709999999999999));
#12274=CARTESIAN_POINT('',(-0.00074864261402294,0.0051420258679374,-0.0709999999999999));
#12275=CARTESIAN_POINT('',(-0.00074864261402294,0.0051420258679374,-0.0709999999999999));
#12276=CARTESIAN_POINT('',(-0.00074864261402294,0.0051420258679374,-0.0699999999999999));
#12277=CARTESIAN_POINT('',(-0.00310955964631168,0.00148714469295195,-0.0709999999999999));
#12278=CARTESIAN_POINT('',(-0.00310955964631168,0.00148714469295195,-0.0699999999999999));
#12279=CARTESIAN_POINT('',(-0.00700316391991652,-0.00433413396660346,-0.071));
#12280=CARTESIAN_POINT('',(-0.00700316391991652,-0.00433413396660346,-0.07));
#12281=CARTESIAN_POINT('',(-0.010785721384036,-0.0107400112577018,-0.0709999999999999));
#12282=CARTESIAN_POINT('',(-0.010785721384036,-0.0107400112577018,-0.0699999999999999));
#12283=CARTESIAN_POINT('',(-0.0150251916172407,-0.0162026625504324,-0.0709999999999999));
#12284=CARTESIAN_POINT('',(-0.0150251916172407,-0.0162026625504324,-0.0699999999999999));
#12285=CARTESIAN_POINT('',(-0.0153299904697071,-0.0164236650782845,-0.0709999999999999));
#12286=CARTESIAN_POINT('',(-0.0153299904697071,-0.0164236650782845,-0.0699999999999999));
#12287=CARTESIAN_POINT('',(-0.00074864261402294,0.0051420258679374,-0.0709999999999999));
#12288=CARTESIAN_POINT('',(-0.00499643022464241,-0.00143387610619466,-0.0709999999999999));
#12289=CARTESIAN_POINT('',(-0.00924421783526186,-0.00800977808032672,-0.0709999999999999));
#12290=CARTESIAN_POINT('',(-0.0134920054458813,-0.0145856800544588,-0.0709999999999999));
#12291=CARTESIAN_POINT('',(-0.0141059846007494,-0.0155361670153604,-0.0709999999999999));
#12292=CARTESIAN_POINT('',(-0.0152075898828113,-0.0163349152719921,-0.0709999999999999));
#12293=CARTESIAN_POINT('',(-0.0153299904697071,-0.0164236650782845,-0.0709999999999999));
#12294=CARTESIAN_POINT('',(-0.0153299904697071,-0.0164236650782845,-0.0709999999999999));
#12295=CARTESIAN_POINT('',(-0.0153299904697071,-0.0164236650782845,-0.0709999999999999));
#12296=CARTESIAN_POINT('',(-0.0153299904697071,-0.0164236650782845,-0.0709999999999999));
#12297=CARTESIAN_POINT('',(-0.0153299904697071,-0.0164236650782845,-0.0699999999999999));
#12298=CARTESIAN_POINT('',(-0.0162832460822717,-0.0170102839167858,-0.0709999999999999));
#12299=CARTESIAN_POINT('',(-0.0162832460822717,-0.0170102839167858,-0.0699999999999999));
#12300=CARTESIAN_POINT('',(-0.0174250989884401,-0.0169137944179714,-0.0709999999999999));
#12301=CARTESIAN_POINT('',(-0.0174250989884401,-0.0169137944179714,-0.0699999999999999));
#12302=CARTESIAN_POINT('',(-0.0185158311776717,-0.0169137944179714,-0.0709999999999999));
#12303=CARTESIAN_POINT('',(-0.0185158311776717,-0.0169137944179714,-0.0699999999999999));
#12304=CARTESIAN_POINT('',(-0.0153299904697071,-0.0164236650782845,-0.0709999999999999));
#12305=CARTESIAN_POINT('',(-0.0158905890492202,-0.0167686488195233,-0.0709999999999999));
#12306=CARTESIAN_POINT('',(-0.0165144697072837,-0.0169137944179714,-0.0709999999999999));
#12307=CARTESIAN_POINT('',(-0.0171679754935328,-0.0169137944179714,-0.0709999999999999));
#12308=CARTESIAN_POINT('',(-0.0176172607215791,-0.0169137944179714,-0.0709999999999999));
#12309=CARTESIAN_POINT('',(-0.0180665459496254,-0.0169137944179714,-0.0709999999999999));
#12310=CARTESIAN_POINT('',(-0.0185158311776717,-0.0169137944179714,-0.0709999999999999));
#12311=CARTESIAN_POINT('',(-0.0185158311776717,-0.0169137944179714,-0.0709999999999999));
#12312=CARTESIAN_POINT('',(-0.0185158311776717,-0.0169137944179714,-0.0709999999999999));
#12313=CARTESIAN_POINT('',(-0.0185158311776717,-0.0169137944179714,-0.0709999999999999));
#12314=CARTESIAN_POINT('',(-0.0185158311776717,-0.0169137944179714,-0.0709999999999999));
#12315=CARTESIAN_POINT('',(-0.0185158311776717,-0.018956,-0.0709999999999999));
#12316=CARTESIAN_POINT('',(-0.0185158311776717,-0.018956,-0.0709999999999999));
#12317=CARTESIAN_POINT('',(-0.0185158311776717,-0.018956,-0.0709999999999999));
#12318=CARTESIAN_POINT('',(-0.0185158311776717,-0.018956,-0.0709999999999999));
#12319=CARTESIAN_POINT('',(-0.00479220966643957,-0.018956,-0.0709999999999999));
#12320=CARTESIAN_POINT('',(-0.00479220966643957,-0.018956,-0.0709999999999999));
#12321=CARTESIAN_POINT('',(-0.00479220966643957,-0.018956,-0.0709999999999999));
#12322=CARTESIAN_POINT('',(-0.00479220966643957,-0.018956,-0.0709999999999999));
#12323=CARTESIAN_POINT('',(-0.00479220966643957,-0.0169137944179714,-0.0709999999999999));
#12324=CARTESIAN_POINT('',(-0.00479220966643957,-0.0169137944179714,-0.0709999999999999));
#12325=CARTESIAN_POINT('',(-0.00479220966643957,-0.0169137944179714,-0.0709999999999999));
#12326=CARTESIAN_POINT('',(-0.00479220966643957,-0.0169137944179714,-0.0699999999999999));
#12327=CARTESIAN_POINT('',(-0.00582356146912045,-0.0169137944179714,-0.0709999999999999));
#12328=CARTESIAN_POINT('',(-0.00582356146912045,-0.0169137944179714,-0.0699999999999999));
#12329=CARTESIAN_POINT('',(-0.0091850360359929,-0.0170246124687229,-0.0709999999999999));
#12330=CARTESIAN_POINT('',(-0.0091850360359929,-0.0170246124687229,-0.0699999999999999));
#12331=CARTESIAN_POINT('',(-0.006762995826548,-0.0129701055125838,-0.0709999999999999));
#12332=CARTESIAN_POINT('',(-0.006762995826548,-0.0129701055125838,-0.0699999999999999));
#12333=CARTESIAN_POINT('',(-0.00265155922730924,-0.00753079323233042,-0.0709999999999999));
#12334=CARTESIAN_POINT('',(-0.00265155922730924,-0.00753079323233042,-0.0699999999999999));
#12335=CARTESIAN_POINT('',(0.000374405350575136,-0.00188213231413017,-0.0709999999999999));
#12336=CARTESIAN_POINT('',(0.000374405350575136,-0.00188213231413017,-0.0699999999999999));
#12337=CARTESIAN_POINT('',(0.00260057454050395,0.00158858815520765,-0.0709999999999999));
#12338=CARTESIAN_POINT('',(0.00260057454050395,0.00158858815520765,-0.0699999999999999));
#12339=CARTESIAN_POINT('',(-0.00479220966643957,-0.0169137944179714,-0.0709999999999999));
#12340=CARTESIAN_POINT('',(-0.00511896255956414,-0.0169137944179714,-0.0709999999999999));
#12341=CARTESIAN_POINT('',(-0.00544571545268874,-0.0169137944179714,-0.0709999999999999));
#12342=CARTESIAN_POINT('',(-0.00577246834581331,-0.0169137944179714,-0.0709999999999999));
#12343=CARTESIAN_POINT('',(-0.00691610347174929,-0.0169137944179714,-0.0709999999999999));
#12344=CARTESIAN_POINT('',(-0.00769214159292013,-0.0167504179714091,-0.0709999999999999));
#12345=CARTESIAN_POINT('',(-0.00859071204901274,-0.0160969121851599,-0.0709999999999999));
#12346=CARTESIAN_POINT('',(-0.00846817971409101,-0.0154842505105514,-0.0709999999999999));
#12347=CARTESIAN_POINT('',(-0.00777382981620131,-0.0145856800544588,-0.0709999999999999));
#12348=CARTESIAN_POINT('',(-0.00387241577156877,-0.00953679129081647,-0.0709999999999999));
#12349=CARTESIAN_POINT('',(-0.00085756024506448,-0.00380283458134783,-0.0709999999999999));
#12350=CARTESIAN_POINT('',(0.00260057454050395,0.00158858815520765,-0.0709999999999999));
#12351=CARTESIAN_POINT('',(0.00260057454050395,0.00158858815520765,-0.0709999999999999));
#12352=CARTESIAN_POINT('',(0.00260057454050395,0.00158858815520765,-0.0709999999999999));
#12353=CARTESIAN_POINT('',(0.00260057454050395,0.00158858815520765,-0.0709999999999999));
#12354=CARTESIAN_POINT('',(0.00260057454050395,0.00158858815520765,-0.0709999999999999));
#12355=CARTESIAN_POINT('',(0.00929900884955772,-0.00523237848876784,-0.0709999999999999));
#12356=CARTESIAN_POINT('',(0.00929900884955772,-0.00523237848876784,-0.0709999999999999));
#12357=CARTESIAN_POINT('',(0.00929900884955772,-0.00523237848876784,-0.0709999999999999));
#12358=CARTESIAN_POINT('',(0.00929900884955772,-0.00523237848876784,-0.0709999999999999));
#12359=CARTESIAN_POINT('',(0.00929900884955772,-0.00824122804628996,-0.0709999999999999));
#12360=CARTESIAN_POINT('',(0.00929900884955772,-0.0112500776038121,-0.0709999999999999));
#12361=CARTESIAN_POINT('',(0.00929900884955772,-0.0142589271613342,-0.0709999999999999));
#12362=CARTESIAN_POINT('',(0.00929900884955772,-0.0142589271613342,-0.0709999999999999));
#12363=CARTESIAN_POINT('',(0.00929900884955772,-0.0142589271613342,-0.0709999999999999));
#12364=CARTESIAN_POINT('',(0.00929900884955772,-0.0142589271613342,-0.0709999999999999));
#12365=CARTESIAN_POINT('',(0.00929900884955772,-0.0142589271613342,-0.0699999999999999));
#12366=CARTESIAN_POINT('',(0.00924999591558904,-0.0145693424098025,-0.0709999999999999));
#12367=CARTESIAN_POINT('',(0.00924999591558904,-0.0145693424098025,-0.0699999999999999));
#12368=CARTESIAN_POINT('',(0.00663597277059245,-0.0168729503063308,-0.0709999999999999));
#12369=CARTESIAN_POINT('',(0.00663597277059245,-0.0168729503063308,-0.0699999999999999));
#12370=CARTESIAN_POINT('',(0.00631738869979598,-0.0169137944179714,-0.0709999999999999));
#12371=CARTESIAN_POINT('',(0.00631738869979598,-0.0169137944179714,-0.0699999999999999));
#12372=CARTESIAN_POINT('',(0.00929900884955772,-0.0142589271613342,-0.0709999999999999));
#12373=CARTESIAN_POINT('',(0.00927450238257338,-0.0144141347855684,-0.0709999999999999));
#12374=CARTESIAN_POINT('',(0.0090539441797143,-0.0158110034036759,-0.0709999999999999));
#12375=CARTESIAN_POINT('',(0.00791030905377828,-0.0167095738597685,-0.0709999999999999));
#12376=CARTESIAN_POINT('',(0.00647668073519421,-0.0168933723621511,-0.0709999999999999));
#12377=CARTESIAN_POINT('',(0.00631738869979598,-0.0169137944179714,-0.0709999999999999));
#12378=CARTESIAN_POINT('',(0.00631738869979598,-0.0169137944179714,-0.0709999999999999));
#12379=CARTESIAN_POINT('',(0.00631738869979598,-0.0169137944179714,-0.0709999999999999));
#12380=CARTESIAN_POINT('',(0.00631738869979598,-0.0169137944179714,-0.0709999999999999));
#12381=CARTESIAN_POINT('',(0.00631738869979598,-0.0169137944179714,-0.0709999999999999));
#12382=CARTESIAN_POINT('',(0.00575918584070815,-0.0169137944179714,-0.0709999999999999));
#12383=CARTESIAN_POINT('',(0.00520098298162035,-0.0169137944179714,-0.0709999999999999));
#12384=CARTESIAN_POINT('',(0.00464278012253253,-0.0169137944179714,-0.0709999999999999));
#12385=CARTESIAN_POINT('',(0.00464278012253253,-0.0169137944179714,-0.0709999999999999));
#12386=CARTESIAN_POINT('',(0.00464278012253253,-0.0169137944179714,-0.0709999999999999));
#12387=CARTESIAN_POINT('',(0.00464278012253253,-0.0169137944179714,-0.0709999999999999));
#12388=CARTESIAN_POINT('',(0.00464278012253253,-0.0169137944179714,-0.0709999999999999));
#12389=CARTESIAN_POINT('',(0.00464278012253253,-0.018956,-0.0709999999999999));
#12390=CARTESIAN_POINT('',(0.00464278012253253,-0.018956,-0.0709999999999999));
#12391=CARTESIAN_POINT('',(0.00464278012253253,-0.018956,-0.0709999999999999));
#12392=CARTESIAN_POINT('',(0.00464278012253253,-0.018956,-0.0709999999999999));
#12393=CARTESIAN_POINT('',(0.0186523104152486,-0.018956,-0.0709999999999999));
#12394=CARTESIAN_POINT('',(0.0186523104152486,-0.018956,-0.0709999999999999));
#12395=CARTESIAN_POINT('',(0.0186523104152486,-0.018956,-0.0709999999999999));
#12396=CARTESIAN_POINT('',(0.0186523104152486,-0.018956,-0.0709999999999999));
#12397=CARTESIAN_POINT('',(0.0186523104152486,-0.0169137944179714,-0.0709999999999999));
#12398=CARTESIAN_POINT('',(0.0186523104152486,-0.0169137944179714,-0.0709999999999999));
#12399=CARTESIAN_POINT('',(0.0186523104152486,-0.0169137944179714,-0.0709999999999999));
#12400=CARTESIAN_POINT('',(0.0186523104152486,-0.0169137944179714,-0.0699999999999999));
#12401=CARTESIAN_POINT('',(0.0175998502508281,-0.0169137944179714,-0.0709999999999999));
#12402=CARTESIAN_POINT('',(0.0175998502508281,-0.0169137944179714,-0.0699999999999999));
#12403=CARTESIAN_POINT('',(0.0147155302579254,-0.0176138036118843,-0.0709999999999999));
#12404=CARTESIAN_POINT('',(0.0147155302579254,-0.0176138036118843,-0.0699999999999999));
#12405=CARTESIAN_POINT('',(0.0140238739652834,-0.0144701484669898,-0.0709999999999999));
#12406=CARTESIAN_POINT('',(0.0140238739652834,-0.0144701484669898,-0.0699999999999999));
#12407=CARTESIAN_POINT('',(0.0139960816882234,-0.0142589271613342,-0.0709999999999999));
#12408=CARTESIAN_POINT('',(0.0139960816882234,-0.0142589271613342,-0.0699999999999999));
#12409=CARTESIAN_POINT('',(0.0186523104152486,-0.0169137944179714,-0.0709999999999999));
#12410=CARTESIAN_POINT('',(0.0180941075561608,-0.0169137944179714,-0.0709999999999999));
#12411=CARTESIAN_POINT('',(0.017535904697073,-0.0169137944179714,-0.0709999999999999));
#12412=CARTESIAN_POINT('',(0.0169777018379852,-0.0169137944179714,-0.0709999999999999));
#12413=CARTESIAN_POINT('',(0.0158749108236898,-0.0169137944179714,-0.0709999999999999));
#12414=CARTESIAN_POINT('',(0.0150988727025189,-0.0167095738597685,-0.0709999999999999));
#12415=CARTESIAN_POINT('',(0.0142003022464263,-0.0158110034036759,-0.0709999999999999));
#12416=CARTESIAN_POINT('',(0.0140165037440437,-0.0144141347855684,-0.0709999999999999));
#12417=CARTESIAN_POINT('',(0.0139960816882234,-0.0142589271613342,-0.0709999999999999));
#12418=CARTESIAN_POINT('',(0.0139960816882234,-0.0142589271613342,-0.0709999999999999));
#12419=CARTESIAN_POINT('',(0.0139960816882234,-0.0142589271613342,-0.0709999999999999));
#12420=CARTESIAN_POINT('',(0.0139960816882234,-0.0142589271613342,-0.0709999999999999));
#12421=CARTESIAN_POINT('',(0.0139960816882234,-0.0142589271613342,-0.0709999999999999));
#12422=CARTESIAN_POINT('',(0.0139960816882234,0.00172473519400956,-0.0709999999999999));
#12423=CARTESIAN_POINT('',(0.0139960816882234,0.0177083975493533,-0.0709999999999999));
#12424=CARTESIAN_POINT('',(0.0139960816882234,0.0336920599046971,-0.0709999999999999));
#12425=CARTESIAN_POINT('',(0.0139960816882234,0.0336920599046971,-0.0709999999999999));
#12426=CARTESIAN_POINT('',(0.0139960816882234,0.0336920599046971,-0.0709999999999999));
#12427=CARTESIAN_POINT('',(0.0139960816882234,0.0336920599046971,-0.0709999999999999));
#12428=CARTESIAN_POINT('',(0.0139960816882234,0.0336920599046971,-0.0699999999999999));
#12429=CARTESIAN_POINT('',(0.0140165037440437,0.0338513519400953,-0.0709999999999999));
#12430=CARTESIAN_POINT('',(0.0140165037440437,0.0338513519400953,-0.0699999999999999));
#12431=CARTESIAN_POINT('',(0.0145862791014298,0.0355459741320627,-0.0709999999999999));
#12432=CARTESIAN_POINT('',(0.0145862791014298,0.0355459741320627,-0.0699999999999999));
#12433=CARTESIAN_POINT('',(0.0146495874744726,0.0357342654867257,-0.0709999999999999));
#12434=CARTESIAN_POINT('',(0.0146495874744726,0.0357342654867257,-0.0699999999999999));
#12435=CARTESIAN_POINT('',(0.0139960816882234,0.0336920599046971,-0.0709999999999999));
#12436=CARTESIAN_POINT('',(0.0140165037440437,0.0338513519400953,-0.0709999999999999));
#12437=CARTESIAN_POINT('',(0.0145862791014298,0.0355459741320627,-0.0709999999999999));
#12438=CARTESIAN_POINT('',(0.0146495874744726,0.0357342654867257,-0.0709999999999999));
#12439=CARTESIAN_POINT('',(0.0146495874744726,0.0357342654867257,-0.0709999999999999));
#12440=CARTESIAN_POINT('',(0.0146495874744726,0.0357342654867257,-0.0709999999999999));
#12441=CARTESIAN_POINT('',(0.0146495874744726,0.0357342654867257,-0.0709999999999999));
#12442=CARTESIAN_POINT('',(0.0146495874744726,0.0357342654867257,-0.0699999999999999));
#12443=CARTESIAN_POINT('',(0.0154330220658184,0.0365177000780714,-0.0709999999999999));
#12444=CARTESIAN_POINT('',(0.0154330220658184,0.0365177000780714,-0.0699999999999999));
#12445=CARTESIAN_POINT('',(0.0175158056515817,0.0363877712729748,-0.0709999999999999));
#12446=CARTESIAN_POINT('',(0.0175158056515817,0.0363877712729748,-0.0699999999999999));
#12447=CARTESIAN_POINT('',(0.0190199074200138,0.0363877712729748,-0.0709999999999999));
#12448=CARTESIAN_POINT('',(0.0190199074200138,0.0363877712729748,-0.0699999999999999));
#12449=CARTESIAN_POINT('',(0.0146495874744726,0.0357342654867257,-0.0709999999999999));
#12450=CARTESIAN_POINT('',(0.0150784506466986,0.0361631286589517,-0.0709999999999999));
#12451=CARTESIAN_POINT('',(0.0158749108236898,0.0363877712729748,-0.0709999999999999));
#12452=CARTESIAN_POINT('',(0.0169777018379852,0.0363877712729748,-0.0709999999999999));
#12453=CARTESIAN_POINT('',(0.0176584370319947,0.0363877712729748,-0.0709999999999999));
#12454=CARTESIAN_POINT('',(0.0183391722260043,0.0363877712729748,-0.0709999999999999));
#12455=CARTESIAN_POINT('',(0.0190199074200138,0.0363877712729748,-0.0709999999999999));
#12456=CARTESIAN_POINT('',(0.0190199074200138,0.0363877712729748,-0.0709999999999999));
#12457=CARTESIAN_POINT('',(0.0190199074200138,0.0363877712729748,-0.0709999999999999));
#12458=CARTESIAN_POINT('',(0.0190199074200138,0.0363877712729748,-0.0709999999999999));
#12459=CARTESIAN_POINT('',(0.0190199074200138,0.0363877712729748,-0.0709999999999999));
#12460=CARTESIAN_POINT('',(0.0190199074200138,0.0384299768550034,-0.0709999999999999));
#12461=CARTESIAN_POINT('',(0.0190199074200138,0.0384299768550034,-0.0709999999999999));
#12462=CARTESIAN_POINT('',(0.0190199074200138,0.0384299768550034,-0.0709999999999999));
#12463=CARTESIAN_POINT('',(0.0190199074200138,0.0384299768550034,-0.0699999999999999));
#12464=CARTESIAN_POINT('',(0.0157446666035652,0.0384299768550034,-0.0709999999999999));
#12465=CARTESIAN_POINT('',(0.0157446666035652,0.0384299768550034,-0.0699999999999999));
#12466=CARTESIAN_POINT('',(0.0119980751883725,0.0384128096712857,-0.0709999999999999));
#12467=CARTESIAN_POINT('',(0.0119980751883725,0.0384128096712857,-0.0699999999999999));
#12468=CARTESIAN_POINT('',(0.00999335874744746,0.041044,-0.0709999999999999));
#12469=CARTESIAN_POINT('',(0.00999335874744746,0.041044,-0.0699999999999999));
#12470=CARTESIAN_POINT('',(0.0190199074200138,0.0384299768550034,-0.0709999999999999));
#12471=CARTESIAN_POINT('',(0.0180124193328797,0.0384299768550034,-0.0709999999999999));
#12472=CARTESIAN_POINT('',(0.0170049312457456,0.0384299768550034,-0.0709999999999999));
#12473=CARTESIAN_POINT('',(0.0159974431586115,0.0384299768550034,-0.0709999999999999));
#12474=CARTESIAN_POINT('',(0.0146495874744726,0.0384299768550034,-0.0709999999999999));
#12475=CARTESIAN_POINT('',(0.013465108236896,0.0386341974132063,-0.0709999999999999));
#12476=CARTESIAN_POINT('',(0.0124848495575223,0.0390834826412526,-0.0709999999999999));
#12477=CARTESIAN_POINT('',(0.0114863077177012,0.0395411476511706,-0.0709999999999999));
#12478=CARTESIAN_POINT('',(0.0106468645336966,0.040186273655548,-0.0709999999999999));
#12479=CARTESIAN_POINT('',(0.00999335874744746,0.041044,-0.0709999999999999));
#12480=CARTESIAN_POINT('',(0.00999335874744746,0.041044,-0.0709999999999999));
#12481=CARTESIAN_POINT('',(0.00999335874744746,0.041044,-0.0709999999999999));
#12482=CARTESIAN_POINT('',(0.00999335874744746,0.041044,-0.0709999999999999));
#12483=CARTESIAN_POINT('',(0.00999335874744746,0.041044,-0.0709999999999999));
#12484=CARTESIAN_POINT('',(0.00929900884955772,0.041044,-0.0709999999999999));
#12485=CARTESIAN_POINT('',(0.00929900884955772,0.041044,-0.0709999999999999));
#12486=CARTESIAN_POINT('',(0.00929900884955772,0.041044,-0.0709999999999999));
#12487=CARTESIAN_POINT('',(0.00929900884955772,0.041044,-0.0709999999999999));
#12488=CARTESIAN_POINT('',(0.00929900884955772,-0.00155640844111638,-0.0709999999999999));
#12489=CARTESIAN_POINT('',(0.00929900884955772,-0.00155640844111638,-0.0709999999999999));
#12490=CARTESIAN_POINT('',(0.00929900884955772,-0.00155640844111638,-0.0709999999999999));
#12491=CARTESIAN_POINT('',(0.00929900884955772,-0.00155640844111638,-0.0709999999999999));
#12492=CARTESIAN_POINT('',(-0.00479220966643957,0.0135150687542546,-0.0709999999999999));
#12493=CARTESIAN_POINT('',(-0.00479220966643957,0.0135150687542546,-0.0709999999999999));
#12494=CARTESIAN_POINT('',(-0.00479220966643957,0.0135150687542546,-0.0709999999999999));
#12495=CARTESIAN_POINT('',(-0.00479220966643957,0.0135150687542546,-0.0699999999999999));
#12496=CARTESIAN_POINT('',(-0.00602518664175769,0.0159810227048909,-0.0709999999999999));
#12497=CARTESIAN_POINT('',(-0.00602518664175769,0.0159810227048909,-0.0699999999999999));
#12498=CARTESIAN_POINT('',(-0.00383265376640323,0.0165375330156569,-0.0709999999999999));
#12499=CARTESIAN_POINT('',(-0.00383265376640323,0.0165375330156569,-0.0699999999999999));
#12500=CARTESIAN_POINT('',(-0.00176974540503723,0.0165375330156569,-0.0709999999999999));
#12501=CARTESIAN_POINT('',(-0.00176974540503723,0.0165375330156569,-0.0699999999999999));
#12502=CARTESIAN_POINT('',(-0.00479220966643957,0.0135150687542546,-0.0709999999999999));
#12503=CARTESIAN_POINT('',(-0.00524149489448585,0.0144136392103472,-0.0709999999999999));
#12504=CARTESIAN_POINT('',(-0.00540487134104817,0.0151079891082369,-0.0709999999999999));
#12505=CARTESIAN_POINT('',(-0.00532318311776699,0.0156798066712049,-0.0709999999999999));
#12506=CARTESIAN_POINT('',(-0.00524067801225298,0.0162573424098026,-0.0709999999999999));
#12507=CARTESIAN_POINT('',(-0.00466967733151784,0.0165375330156569,-0.0709999999999999));
#12508=CARTESIAN_POINT('',(-0.00377110687542527,0.0165375330156569,-0.0709999999999999));
#12509=CARTESIAN_POINT('',(-0.00310398638529591,0.0165375330156569,-0.0709999999999999));
#12510=CARTESIAN_POINT('',(-0.00243686589516657,0.0165375330156569,-0.0709999999999999));
#12511=CARTESIAN_POINT('',(-0.00176974540503723,0.0165375330156569,-0.0709999999999999));
#12512=CARTESIAN_POINT('',(-0.00176974540503723,0.0165375330156569,-0.0709999999999999));
#12513=CARTESIAN_POINT('',(-0.00176974540503723,0.0165375330156569,-0.0709999999999999));
#12514=CARTESIAN_POINT('',(-0.00176974540503723,0.0165375330156569,-0.0709999999999999));
#12515=CARTESIAN_POINT('',(-0.00176974540503723,0.0165375330156569,-0.0709999999999999));
#12516=CARTESIAN_POINT('',(-0.00176974540503723,0.018538894486045,-0.0709999999999999));
#12517=CARTESIAN_POINT('',(-0.00176974540503723,0.018538894486045,-0.0709999999999999));
#12518=CARTESIAN_POINT('',(-0.00176974540503723,0.018538894486045,-0.0709999999999999));
#12519=CARTESIAN_POINT('',(-0.00176974540503723,0.018538894486045,-0.0709999999999999));
#12520=CARTESIAN_POINT('',(-0.00673716287207608,0.0119662038326769,-0.0709999999999999));
#12521=CARTESIAN_POINT('',(0.0485093560245066,0.0202951912865895,-0.0709999999999999));
#12522=CARTESIAN_POINT('',(0.0485093560245067,0.0202951912865895,-0.0709999999999999));
#12523=CARTESIAN_POINT('',(0.0485093560245067,0.0202951912865895,-0.0709999999999999));
#12524=CARTESIAN_POINT('',(0.0485093560245066,0.0202951912865895,-0.0709999999999999));
#12525=CARTESIAN_POINT('',(0.0474882532334924,0.0202951912865895,-0.0709999999999999));
#12526=CARTESIAN_POINT('',(0.0474882532334924,0.0202951912865895,-0.0709999999999999));
#12527=CARTESIAN_POINT('',(0.0474882532334924,0.0202951912865895,-0.0709999999999999));
#12528=CARTESIAN_POINT('',(0.0474882532334924,0.0202951912865895,-0.0709999999999999));
#12529=CARTESIAN_POINT('',(0.0474882532334924,0.00824617835262086,-0.0709999999999999));
#12530=CARTESIAN_POINT('',(0.0474882532334924,0.00824617835262086,-0.0709999999999999));
#12531=CARTESIAN_POINT('',(0.0474882532334924,0.00824617835262086,-0.0709999999999999));
#12532=CARTESIAN_POINT('',(0.0474882532334924,0.00824617835262086,-0.0699999999999999));
#12533=CARTESIAN_POINT('',(0.0434163921798894,0.0146871222010474,-0.0709999999999999));
#12534=CARTESIAN_POINT('',(0.0434163921798894,0.0146871222010474,-0.0699999999999999));
#12535=CARTESIAN_POINT('',(0.0355850262249518,0.0199345731062196,-0.071));
#12536=CARTESIAN_POINT('',(0.0355850262249518,0.0199345731062196,-0.07));
#12537=CARTESIAN_POINT('',(0.0288334851600154,0.0194616041593053,-0.0709999999999999));
#12538=CARTESIAN_POINT('',(0.0288334851600154,0.0194616041593053,-0.0699999999999999));
#12539=CARTESIAN_POINT('',(0.0244164365071179,0.0154324602955542,-0.0709999999999999));
#12540=CARTESIAN_POINT('',(0.0244164365071179,0.0154324602955542,-0.0699999999999999));
#12541=CARTESIAN_POINT('',(0.0260624462523291,0.0117448783851177,-0.0709999999999999));
#12542=CARTESIAN_POINT('',(0.0260624462523291,0.0117448783851177,-0.0699999999999999));
#12543=CARTESIAN_POINT('',(0.0261676269571139,0.0115545513955072,-0.0709999999999999));
#12544=CARTESIAN_POINT('',(0.0261676269571139,0.0115545513955072,-0.0699999999999999));
#12545=CARTESIAN_POINT('',(0.0474882532334924,0.00824617835262086,-0.0709999999999999));
#12546=CARTESIAN_POINT('',(0.0452418270932609,0.0117996160653506,-0.0709999999999999));
#12547=CARTESIAN_POINT('',(0.0428320245064672,0.0145361715452689,-0.0709999999999999));
#12548=CARTESIAN_POINT('',(0.0376856664397551,0.0182938298162015,-0.0709999999999999));
#12549=CARTESIAN_POINT('',(0.0350716432947585,0.0192740884955753,-0.0709999999999999));
#12550=CARTESIAN_POINT('',(0.0301295057862494,0.0192740884955753,-0.0709999999999999));
#12551=CARTESIAN_POINT('',(0.0283732089857047,0.0187431150442478,-0.0709999999999999));
#12552=CARTESIAN_POINT('',(0.0271478856364876,0.0177628563648741,-0.0709999999999999));
#12553=CARTESIAN_POINT('',(0.0259026383303726,0.0167666585199821,-0.0709999999999999));
#12554=CARTESIAN_POINT('',(0.0253099006126619,0.0155572743362832,-0.0709999999999999));
#12555=CARTESIAN_POINT('',(0.0253099006126619,0.0131066276378489,-0.0709999999999999));
#12556=CARTESIAN_POINT('',(0.0260818543226687,0.0117097590197414,-0.0709999999999999));
#12557=CARTESIAN_POINT('',(0.0261676269571139,0.0115545513955072,-0.0709999999999999));
#12558=CARTESIAN_POINT('',(0.0261676269571139,0.0115545513955072,-0.0709999999999999));
#12559=CARTESIAN_POINT('',(0.0261676269571139,0.0115545513955072,-0.0709999999999999));
#12560=CARTESIAN_POINT('',(0.0261676269571139,0.0115545513955072,-0.0709999999999999));
#12561=CARTESIAN_POINT('',(0.0261676269571139,0.0115545513955072,-0.0699999999999999));
#12562=CARTESIAN_POINT('',(0.0264505102488467,0.0113465489751154,-0.0709999999999999));
#12563=CARTESIAN_POINT('',(0.0264505102488467,0.0113465489751154,-0.0699999999999999));
#12564=CARTESIAN_POINT('',(0.0309186723718761,0.0113539776329865,-0.0709999999999999));
#12565=CARTESIAN_POINT('',(0.0309186723718761,0.0113539776329865,-0.0699999999999999));
#12566=CARTESIAN_POINT('',(0.0311914526889042,0.0115545513955072,-0.0709999999999999));
#12567=CARTESIAN_POINT('',(0.0311914526889042,0.0115545513955072,-0.0699999999999999));
#12568=CARTESIAN_POINT('',(0.0261676269571139,0.0115545513955072,-0.0709999999999999));
#12569=CARTESIAN_POINT('',(0.0263064969366918,0.0114524411164058,-0.0709999999999999));
#12570=CARTESIAN_POINT('',(0.0275563267528933,0.0105334486044929,-0.0709999999999999));
#12571=CARTESIAN_POINT('',(0.0298027528931248,0.0105334486044929,-0.0709999999999999));
#12572=CARTESIAN_POINT('',(0.0310525827093263,0.0114524411164058,-0.0709999999999999));
#12573=CARTESIAN_POINT('',(0.0311914526889042,0.0115545513955072,-0.0709999999999999));
#12574=CARTESIAN_POINT('',(0.0311914526889042,0.0115545513955072,-0.0709999999999999));
#12575=CARTESIAN_POINT('',(0.0311914526889042,0.0115545513955072,-0.0709999999999999));
#12576=CARTESIAN_POINT('',(0.0311914526889042,0.0115545513955072,-0.0709999999999999));
#12577=CARTESIAN_POINT('',(0.0311914526889042,0.0115545513955072,-0.0699999999999999));
#12578=CARTESIAN_POINT('',(0.0312649720898572,0.0117138434309054,-0.0709999999999999));
#12579=CARTESIAN_POINT('',(0.0312649720898572,0.0117138434309054,-0.0699999999999999));
#12580=CARTESIAN_POINT('',(0.0319266466984345,0.0131474717494895,-0.0709999999999999));
#12581=CARTESIAN_POINT('',(0.0319266466984345,0.0131474717494895,-0.0699999999999999));
#12582=CARTESIAN_POINT('',(0.0316815820285911,0.0142502627637849,-0.0709999999999999));
#12583=CARTESIAN_POINT('',(0.0316815820285911,0.0142502627637849,-0.0699999999999999));
#12584=CARTESIAN_POINT('',(0.0311914526889042,0.0115545513955072,-0.0709999999999999));
#12585=CARTESIAN_POINT('',(0.0312649720898572,0.0117138434309054,-0.0709999999999999));
#12586=CARTESIAN_POINT('',(0.0319266466984345,0.0131474717494895,-0.0709999999999999));
#12587=CARTESIAN_POINT('',(0.0316815820285911,0.0142502627637849,-0.0709999999999999));
#12588=CARTESIAN_POINT('',(0.0316815820285911,0.0142502627637849,-0.0709999999999999));
#12589=CARTESIAN_POINT('',(0.0316815820285911,0.0142502627637849,-0.0709999999999999));
#12590=CARTESIAN_POINT('',(0.0316815820285911,0.0142502627637849,-0.0709999999999999));
#12591=CARTESIAN_POINT('',(0.0316815820285911,0.0142502627637849,-0.0699999999999999));
#12592=CARTESIAN_POINT('',(0.0316815820285911,0.0188903179258227,-0.0709999999999999));
#12593=CARTESIAN_POINT('',(0.0316815820285911,0.0188903179258227,-0.0699999999999999));
#12594=CARTESIAN_POINT('',(0.0370423377680684,0.0167280759600597,-0.0709999999999999));
#12595=CARTESIAN_POINT('',(0.0370423377680684,0.0167280759600597,-0.0699999999999999));
#12596=CARTESIAN_POINT('',(0.0446613230938474,0.00952971868636944,-0.0709999999999999));
#12597=CARTESIAN_POINT('',(0.0446613230938474,0.00952971868636944,-0.0699999999999999));
#12598=CARTESIAN_POINT('',(0.0474882532334924,0.00387585840707967,-0.0709999999999999));
#12599=CARTESIAN_POINT('',(0.0474882532334924,0.00387585840707967,-0.0699999999999999));
#12600=CARTESIAN_POINT('',(0.0316815820285911,0.0142502627637849,-0.0709999999999999));
#12601=CARTESIAN_POINT('',(0.0316815820285911,0.0149446126616746,-0.0709999999999999));
#12602=CARTESIAN_POINT('',(0.0318041143635128,0.0154755861130021,-0.0709999999999999));
#12603=CARTESIAN_POINT('',(0.0320491790333562,0.0159248713410484,-0.0709999999999999));
#12604=CARTESIAN_POINT('',(0.0322848781744158,0.016356986432991,-0.0709999999999999));
#12605=CARTESIAN_POINT('',(0.0329477494894488,0.0166192212389381,-0.0709999999999999));
#12606=CARTESIAN_POINT('',(0.0358476814159294,0.0166192212389381,-0.0709999999999999));
#12607=CARTESIAN_POINT('',(0.0380124193328797,0.0155164302246426,-0.0709999999999999));
#12608=CARTESIAN_POINT('',(0.0431587773995918,0.0110235779441797,-0.0709999999999999));
#12609=CARTESIAN_POINT('',(0.0454868917631043,0.00787858134785571,-0.0709999999999999));
#12610=CARTESIAN_POINT('',(0.0474882532334924,0.00387585840707967,-0.0709999999999999));
#12611=CARTESIAN_POINT('',(0.0474882532334924,0.00387585840707967,-0.0709999999999999));
#12612=CARTESIAN_POINT('',(0.0474882532334924,0.00387585840707967,-0.0709999999999999));
#12613=CARTESIAN_POINT('',(0.0474882532334924,0.00387585840707967,-0.0709999999999999));
#12614=CARTESIAN_POINT('',(0.0474882532334924,0.00387585840707967,-0.0709999999999999));
#12615=CARTESIAN_POINT('',(0.0474882532334924,-0.00216907011572495,-0.0709999999999999));
#12616=CARTESIAN_POINT('',(0.0474882532334924,-0.00821399863852958,-0.0709999999999999));
#12617=CARTESIAN_POINT('',(0.0474882532334924,-0.0142589271613342,-0.0709999999999999));
#12618=CARTESIAN_POINT('',(0.0474882532334924,-0.0142589271613342,-0.0709999999999999));
#12619=CARTESIAN_POINT('',(0.0474882532334924,-0.0142589271613342,-0.0709999999999999));
#12620=CARTESIAN_POINT('',(0.0474882532334924,-0.0142589271613342,-0.0709999999999999));
#12621=CARTESIAN_POINT('',(0.0474882532334924,-0.0142589271613342,-0.0699999999999999));
#12622=CARTESIAN_POINT('',(0.047459662355344,-0.0144141347855684,-0.0709999999999999));
#12623=CARTESIAN_POINT('',(0.047459662355344,-0.0144141347855684,-0.0699999999999999));
#12624=CARTESIAN_POINT('',(0.0467502001361472,-0.0160756732471068,-0.0709999999999999));
#12625=CARTESIAN_POINT('',(0.0467502001361472,-0.0160756732471068,-0.0699999999999999));
#12626=CARTESIAN_POINT('',(0.0466713710006809,-0.0162602886317222,-0.0709999999999999));
#12627=CARTESIAN_POINT('',(0.0466713710006809,-0.0162602886317222,-0.0699999999999999));
#12628=CARTESIAN_POINT('',(0.0474882532334924,-0.0142589271613342,-0.0709999999999999));
#12629=CARTESIAN_POINT('',(0.0474596623553439,-0.0144141347855684,-0.0709999999999999));
#12630=CARTESIAN_POINT('',(0.0467502001361472,-0.0160756732471068,-0.0709999999999999));
#12631=CARTESIAN_POINT('',(0.0466713710006809,-0.0162602886317222,-0.0709999999999999));
#12632=CARTESIAN_POINT('',(0.0466713710006809,-0.0162602886317222,-0.0709999999999999));
#12633=CARTESIAN_POINT('',(0.0466713710006809,-0.0162602886317222,-0.0709999999999999));
#12634=CARTESIAN_POINT('',(0.0466713710006809,-0.0162602886317222,-0.0709999999999999));
#12635=CARTESIAN_POINT('',(0.0466713710006809,-0.0162602886317222,-0.0699999999999999));
#12636=CARTESIAN_POINT('',(0.0461165952911905,-0.0167297142320603,-0.0709999999999999));
#12637=CARTESIAN_POINT('',(0.0461165952911905,-0.0167297142320603,-0.0699999999999999));
#12638=CARTESIAN_POINT('',(0.0446676293044766,-0.0168953863993803,-0.0709999999999999));
#12639=CARTESIAN_POINT('',(0.0446676293044766,-0.0168953863993803,-0.0699999999999999));
#12640=CARTESIAN_POINT('',(0.0445066330837306,-0.0169137944179714,-0.0709999999999999));
#12641=CARTESIAN_POINT('',(0.0445066330837306,-0.0169137944179714,-0.0699999999999999));
#12642=CARTESIAN_POINT('',(0.0466713710006809,-0.0162602886317222,-0.0709999999999999));
#12643=CARTESIAN_POINT('',(0.0461165952911905,-0.0167297142320603,-0.0709999999999999));
#12644=CARTESIAN_POINT('',(0.0446676293044766,-0.0168953863993803,-0.0709999999999999));
#12645=CARTESIAN_POINT('',(0.0445066330837306,-0.0169137944179714,-0.0709999999999999));
#12646=CARTESIAN_POINT('',(0.0445066330837306,-0.0169137944179714,-0.0709999999999999));
#12647=CARTESIAN_POINT('',(0.0445066330837306,-0.0169137944179714,-0.0709999999999999));
#12648=CARTESIAN_POINT('',(0.0445066330837306,-0.0169137944179714,-0.0709999999999999));
#12649=CARTESIAN_POINT('',(0.0445066330837306,-0.0169137944179714,-0.0709999999999999));
#12650=CARTESIAN_POINT('',(0.0420423716814161,-0.0169137944179714,-0.0709999999999999));
#12651=CARTESIAN_POINT('',(0.0395781102791016,-0.0169137944179714,-0.0709999999999999));
#12652=CARTESIAN_POINT('',(0.0371138488767871,-0.0169137944179714,-0.0709999999999999));
#12653=CARTESIAN_POINT('',(0.0371138488767871,-0.0169137944179714,-0.0709999999999999));
#12654=CARTESIAN_POINT('',(0.0371138488767871,-0.0169137944179714,-0.0709999999999999));
#12655=CARTESIAN_POINT('',(0.0371138488767871,-0.0169137944179714,-0.0709999999999999));
#12656=CARTESIAN_POINT('',(0.0371138488767871,-0.0169137944179714,-0.0709999999999999));
#12657=CARTESIAN_POINT('',(0.0371138488767871,-0.018956,-0.0709999999999999));
#12658=CARTESIAN_POINT('',(0.0371138488767871,-0.018956,-0.0709999999999999));
#12659=CARTESIAN_POINT('',(0.0371138488767871,-0.018956,-0.0709999999999999));
#12660=CARTESIAN_POINT('',(0.0371138488767871,-0.018956,-0.0709999999999999));
#12661=CARTESIAN_POINT('',(0.0618653805309736,-0.018956,-0.0709999999999999));
#12662=CARTESIAN_POINT('',(0.0618653805309736,-0.018956,-0.0709999999999999));
#12663=CARTESIAN_POINT('',(0.0618653805309736,-0.018956,-0.0709999999999999));
#12664=CARTESIAN_POINT('',(0.0618653805309736,-0.018956,-0.0709999999999999));
#12665=CARTESIAN_POINT('',(0.0618653805309736,-0.0169137944179714,-0.0709999999999999));
#12666=CARTESIAN_POINT('',(0.0618653805309736,-0.0169137944179714,-0.0709999999999999));
#12667=CARTESIAN_POINT('',(0.0618653805309736,-0.0169137944179714,-0.0709999999999999));
#12668=CARTESIAN_POINT('',(0.0618653805309736,-0.0169137944179714,-0.0699999999999999));
#12669=CARTESIAN_POINT('',(0.0599728280142838,-0.0169137944179714,-0.0709999999999999));
#12670=CARTESIAN_POINT('',(0.0599728280142838,-0.0169137944179714,-0.0699999999999999));
#12671=CARTESIAN_POINT('',(0.0574372261133812,-0.0166205182216217,-0.0709999999999999));
#12672=CARTESIAN_POINT('',(0.0574372261133812,-0.0166205182216217,-0.0699999999999999));
#12673=CARTESIAN_POINT('',(0.0528435160823154,-0.0174025880785541,-0.0709999999999999));
#12674=CARTESIAN_POINT('',(0.0528435160823154,-0.0174025880785541,-0.0699999999999999));
#12675=CARTESIAN_POINT('',(0.052179381281148,-0.0144588204366521,-0.0709999999999999));
#12676=CARTESIAN_POINT('',(0.052179381281148,-0.0144588204366521,-0.0699999999999999));
#12677=CARTESIAN_POINT('',(0.0521444819605176,-0.0142589271613342,-0.0709999999999999));
#12678=CARTESIAN_POINT('',(0.0521444819605176,-0.0142589271613342,-0.0699999999999999));
#12679=CARTESIAN_POINT('',(0.0618653805309736,-0.0169137944179714,-0.0709999999999999));
#12680=CARTESIAN_POINT('',(0.0596325690946224,-0.0169137944179714,-0.0709999999999999));
#12681=CARTESIAN_POINT('',(0.0573997576582711,-0.0169137944179714,-0.0709999999999999));
#12682=CARTESIAN_POINT('',(0.0551669462219199,-0.0169137944179714,-0.0709999999999999));
#12683=CARTESIAN_POINT('',(0.0540641552076244,-0.0169137944179714,-0.0709999999999999));
#12684=CARTESIAN_POINT('',(0.053247272974813,-0.0167095738597685,-0.0709999999999999));
#12685=CARTESIAN_POINT('',(0.0528388318584073,-0.0162602886317222,-0.0709999999999999));
#12686=CARTESIAN_POINT('',(0.0524119092435216,-0.0157906737553481,-0.0709999999999999));
#12687=CARTESIAN_POINT('',(0.052171224688818,-0.0144121018207356,-0.0709999999999999));
#12688=CARTESIAN_POINT('',(0.0521444819605176,-0.0142589271613342,-0.0709999999999999));
#12689=CARTESIAN_POINT('',(0.0521444819605176,-0.0142589271613342,-0.0709999999999999));
#12690=CARTESIAN_POINT('',(0.0521444819605176,-0.0142589271613342,-0.0709999999999999));
#12691=CARTESIAN_POINT('',(0.0521444819605176,-0.0142589271613342,-0.0709999999999999));
#12692=CARTESIAN_POINT('',(0.0521444819605176,-0.0142589271613342,-0.0709999999999999));
#12693=CARTESIAN_POINT('',(0.0521444819605176,-0.00500092852280459,-0.0709999999999999));
#12694=CARTESIAN_POINT('',(0.0521444819605176,0.00425707011572501,-0.0709999999999999));
#12695=CARTESIAN_POINT('',(0.0521444819605176,0.0135150687542546,-0.0709999999999999));
#12696=CARTESIAN_POINT('',(0.0521444819605176,0.0135150687542546,-0.0709999999999999));
#12697=CARTESIAN_POINT('',(0.0521444819605176,0.0135150687542546,-0.0709999999999999));
#12698=CARTESIAN_POINT('',(0.0521444819605176,0.0135150687542546,-0.0709999999999999));
#12699=CARTESIAN_POINT('',(0.0521444819605176,0.0135150687542546,-0.0699999999999999));
#12700=CARTESIAN_POINT('',(0.0521689884275019,0.0136743607896529,-0.0709999999999999));
#12701=CARTESIAN_POINT('',(0.0521689884275019,0.0136743607896529,-0.0699999999999999));
#12702=CARTESIAN_POINT('',(0.0527718475153168,0.0154792620830497,-0.0709999999999999));
#12703=CARTESIAN_POINT('',(0.0527718475153168,0.0154792620830497,-0.0699999999999999));
#12704=CARTESIAN_POINT('',(0.0528388318584073,0.0156798066712049,-0.0709999999999999));
#12705=CARTESIAN_POINT('',(0.0528388318584073,0.0156798066712049,-0.0699999999999999));
#12706=CARTESIAN_POINT('',(0.0521444819605176,0.0135150687542546,-0.0709999999999999));
#12707=CARTESIAN_POINT('',(0.0521689884275019,0.0136743607896529,-0.0709999999999999));
#12708=CARTESIAN_POINT('',(0.0527718475153168,0.0154792620830497,-0.0709999999999999));
#12709=CARTESIAN_POINT('',(0.0528388318584073,0.0156798066712049,-0.0709999999999999));
#12710=CARTESIAN_POINT('',(0.0528388318584073,0.0156798066712049,-0.0709999999999999));
#12711=CARTESIAN_POINT('',(0.0528388318584073,0.0156798066712049,-0.0709999999999999));
#12712=CARTESIAN_POINT('',(0.0528388318584073,0.0156798066712049,-0.0709999999999999));
#12713=CARTESIAN_POINT('',(0.0528388318584073,0.0156798066712049,-0.0699999999999999));
#12714=CARTESIAN_POINT('',(0.0543460634821284,0.0175981014650317,-0.0709999999999999));
#12715=CARTESIAN_POINT('',(0.0543460634821284,0.0175981014650317,-0.0699999999999999));
#12716=CARTESIAN_POINT('',(0.0585567083378729,0.0165375330156569,-0.0709999999999999));
#12717=CARTESIAN_POINT('',(0.0585567083378729,0.0165375330156569,-0.0699999999999999));
#12718=CARTESIAN_POINT('',(0.0615386276378491,0.0165375330156569,-0.0709999999999999));
#12719=CARTESIAN_POINT('',(0.0615386276378491,0.0165375330156569,-0.0699999999999999));
#12720=CARTESIAN_POINT('',(0.0528388318584073,0.0156798066712049,-0.0709999999999999));
#12721=CARTESIAN_POINT('',(0.05327252674731,0.0162317819843538,-0.0709999999999999));
#12722=CARTESIAN_POINT('',(0.0540641552076244,0.0165375330156569,-0.0709999999999999));
#12723=CARTESIAN_POINT('',(0.0551669462219199,0.0165375330156569,-0.0709999999999999));
#12724=CARTESIAN_POINT('',(0.0572908400272296,0.0165375330156569,-0.0709999999999999));
#12725=CARTESIAN_POINT('',(0.0594147338325393,0.0165375330156569,-0.0709999999999999));
#12726=CARTESIAN_POINT('',(0.0615386276378491,0.0165375330156569,-0.0709999999999999));
#12727=CARTESIAN_POINT('',(0.0615386276378491,0.0165375330156569,-0.0709999999999999));
#12728=CARTESIAN_POINT('',(0.0615386276378491,0.0165375330156569,-0.0709999999999999));
#12729=CARTESIAN_POINT('',(0.0615386276378491,0.0165375330156569,-0.0709999999999999));
#12730=CARTESIAN_POINT('',(0.0615386276378491,0.0165375330156569,-0.0709999999999999));
#12731=CARTESIAN_POINT('',(0.0615386276378491,0.018538894486045,-0.0709999999999999));
#12732=CARTESIAN_POINT('',(0.0615386276378491,0.018538894486045,-0.0709999999999999));
#12733=CARTESIAN_POINT('',(0.0598208153697418,0.0550027803003148,-0.0709999999999999));
#12734=CARTESIAN_POINT('',(0.0598208153697418,0.0550027803003148,-0.0709999999999999));
#12735=CARTESIAN_POINT('',(0.0338831623539373,0.0191713443592013,-0.0709999999999999));
#12736=CARTESIAN_POINT('',(0.0662357004765148,-0.0105421130020422,-0.0709999999999999));
#12737=CARTESIAN_POINT('',(0.0662357004765148,-0.0105421130020422,-0.0699999999999999));
#12738=CARTESIAN_POINT('',(0.0662357004765148,-0.014984096072505,-0.0709999999999999));
#12739=CARTESIAN_POINT('',(0.0662357004765148,-0.014984096072505,-0.0699999999999999));
#12740=CARTESIAN_POINT('',(0.0690833189886435,-0.0206136674899677,-0.0709999999999999));
#12741=CARTESIAN_POINT('',(0.0690833189886435,-0.0206136674899677,-0.0699999999999999));
#12742=CARTESIAN_POINT('',(0.0767690603027024,-0.0184514383181236,-0.0709999999999999));
#12743=CARTESIAN_POINT('',(0.0767690603027024,-0.0184514383181236,-0.0699999999999999));
#12744=CARTESIAN_POINT('',(0.0778762722940778,-0.0146265241660994,-0.0709999999999999));
#12745=CARTESIAN_POINT('',(0.0778762722940778,-0.0146265241660994,-0.0699999999999999));
#12746=CARTESIAN_POINT('',(0.0662357004765148,-0.0105421130020422,-0.0709999999999999));
#12747=CARTESIAN_POINT('',(0.0662357004765148,-0.0105421130020422,-0.0709999999999999));
#12748=CARTESIAN_POINT('',(0.0662357004765148,-0.0105421130020422,-0.0709999999999999));
#12749=CARTESIAN_POINT('',(0.0662357004765148,-0.0136871095983662,-0.0709999999999999));
#12750=CARTESIAN_POINT('',(0.0667666739278422,-0.0158926916269571,-0.0709999999999999));
#12751=CARTESIAN_POINT('',(0.0679103090537783,-0.0171180149761742,-0.0709999999999999));
#12752=CARTESIAN_POINT('',(0.0690349288688317,-0.0183229647780172,-0.0709999999999999));
#12753=CARTESIAN_POINT('',(0.0704426439754937,-0.018956,-0.0709999999999999));
#12754=CARTESIAN_POINT('',(0.0737510170183801,-0.018956,-0.0709999999999999));
#12755=CARTESIAN_POINT('',(0.0749763403675972,-0.0186292471068754,-0.0709999999999999));
#12756=CARTESIAN_POINT('',(0.0758749108236898,-0.0179757413206262,-0.0709999999999999));
#12757=CARTESIAN_POINT('',(0.0767929098301844,-0.0173081056795393,-0.0709999999999999));
#12758=CARTESIAN_POINT('',(0.0774269870660315,-0.0161786004084411,-0.0709999999999999));
#12759=CARTESIAN_POINT('',(0.0778762722940778,-0.0146265241660994,-0.0709999999999999));
#12760=CARTESIAN_POINT('',(0.0778762722940778,-0.0146265241660994,-0.0709999999999999));
#12761=CARTESIAN_POINT('',(0.0778762722940778,-0.0146265241660994,-0.0709999999999999));
#12762=CARTESIAN_POINT('',(0.0778762722940778,-0.0146265241660994,-0.0709999999999999));
#12763=CARTESIAN_POINT('',(0.0778762722940778,-0.0146265241660994,-0.0699999999999999));
#12764=CARTESIAN_POINT('',(0.0823286530943593,-0.0177027145372029,-0.0709999999999999));
#12765=CARTESIAN_POINT('',(0.0823286530943593,-0.0177027145372029,-0.0699999999999999));
#12766=CARTESIAN_POINT('',(0.0855055084957491,-0.019241908781484,-0.0709999999999999));
#12767=CARTESIAN_POINT('',(0.0855055084957491,-0.019241908781484,-0.0699999999999999));
#12768=CARTESIAN_POINT('',(0.0909463880190608,-0.019241908781484,-0.0709999999999999));
#12769=CARTESIAN_POINT('',(0.0909463880190608,-0.019241908781484,-0.0699999999999999));
#12770=CARTESIAN_POINT('',(0.0778762722940778,-0.0146265241660994,-0.0709999999999999));
#12771=CARTESIAN_POINT('',(0.0801226984343092,-0.0161786004084411,-0.0709999999999999));
#12772=CARTESIAN_POINT('',(0.0821649040163378,-0.0173222355343771,-0.0709999999999999));
#12773=CARTESIAN_POINT('',(0.0840845772634447,-0.018098273655548,-0.0709999999999999));
#12774=CARTESIAN_POINT('',(0.0859691436457212,-0.0188601196398725,-0.0709999999999999));
#12775=CARTESIAN_POINT('',(0.088250676650783,-0.019241908781484,-0.0709999999999999));
#12776=CARTESIAN_POINT('',(0.0909463880190608,-0.019241908781484,-0.0709999999999999));
#12777=CARTESIAN_POINT('',(0.0909463880190608,-0.019241908781484,-0.0709999999999999));
#12778=CARTESIAN_POINT('',(0.0909463880190608,-0.019241908781484,-0.0709999999999999));
#12779=CARTESIAN_POINT('',(0.0909463880190608,-0.019241908781484,-0.0709999999999999));
#12780=CARTESIAN_POINT('',(0.0909463880190608,-0.019241908781484,-0.0699999999999999));
#12781=CARTESIAN_POINT('',(0.101200566442618,-0.019241908781484,-0.0709999999999999));
#12782=CARTESIAN_POINT('',(0.101200566442618,-0.019241908781484,-0.0699999999999999));
#12783=CARTESIAN_POINT('',(0.108021378300123,-0.00352344719978338,-0.0709999999999999));
#12784=CARTESIAN_POINT('',(0.108021378300123,-0.00352344719978338,-0.0699999999999999));
#12785=CARTESIAN_POINT('',(0.0945817610424782,0.00371974907823109,-0.0709999999999999));
#12786=CARTESIAN_POINT('',(0.0945817610424782,0.00371974907823109,-0.0699999999999999));
#12787=CARTESIAN_POINT('',(0.0778762722940778,0.00550962287270255,-0.0709999999999999));
#12788=CARTESIAN_POINT('',(0.0778762722940778,0.00550962287270255,-0.0699999999999999));
#12789=CARTESIAN_POINT('',(0.0909463880190608,-0.019241908781484,-0.0709999999999999));
#12790=CARTESIAN_POINT('',(0.0949899550714774,-0.019241908781484,-0.0709999999999999));
#12791=CARTESIAN_POINT('',(0.0980941075561608,-0.0183024942137508,-0.0709999999999999));
#12792=CARTESIAN_POINT('',(0.100340533696392,-0.0164236650782845,-0.0709999999999999));
#12793=CARTESIAN_POINT('',(0.102607060128872,-0.0145280247893011,-0.0709999999999999));
#12794=CARTESIAN_POINT('',(0.103689750850919,-0.0123392539142273,-0.0709999999999999));
#12795=CARTESIAN_POINT('',(0.103689750850919,-0.00584504016337641,-0.0709999999999999));
#12796=CARTESIAN_POINT('',(0.101974298162015,-0.00257751123213067,-0.0709999999999999));
#12797=CARTESIAN_POINT('',(0.095030799183118,0.00256884683458137,-0.0709999999999999));
#12798=CARTESIAN_POINT('',(0.0881689884275019,0.00440683185840712,-0.0709999999999999));
#12799=CARTESIAN_POINT('',(0.0778762722940778,0.00550962287270255,-0.0709999999999999));
#12800=CARTESIAN_POINT('',(0.0778762722940778,0.00550962287270255,-0.0709999999999999));
#12801=CARTESIAN_POINT('',(0.0778762722940778,0.00550962287270255,-0.0709999999999999));
#12802=CARTESIAN_POINT('',(0.0778762722940778,0.00550962287270255,-0.0709999999999999));
#12803=CARTESIAN_POINT('',(0.0778762722940778,0.00550962287270255,-0.0699999999999999));
#12804=CARTESIAN_POINT('',(0.0778762722940778,0.0105546206479156,-0.0709999999999999));
#12805=CARTESIAN_POINT('',(0.0778762722940778,0.0105546206479156,-0.0699999999999999));
#12806=CARTESIAN_POINT('',(0.0788483856765324,0.0207488652767152,-0.0709999999999999));
#12807=CARTESIAN_POINT('',(0.0788483856765324,0.0207488652767152,-0.0699999999999999));
#12808=CARTESIAN_POINT('',(0.0975102875309115,0.0160113962891258,-0.0709999999999999));
#12809=CARTESIAN_POINT('',(0.0975102875309115,0.0160113962891258,-0.0699999999999999));
#12810=CARTESIAN_POINT('',(0.0960110578624917,0.0115137072838666,-0.0709999999999999));
#12811=CARTESIAN_POINT('',(0.0960110578624917,0.0115137072838666,-0.0699999999999999));
#12812=CARTESIAN_POINT('',(0.0778762722940778,0.00550962287270255,-0.0709999999999999));
#12813=CARTESIAN_POINT('',(0.0778762722940778,0.00685747855684142,-0.0709999999999999));
#12814=CARTESIAN_POINT('',(0.0778762722940778,0.00820533424098029,-0.0709999999999999));
#12815=CARTESIAN_POINT('',(0.0778762722940778,0.00955318992511916,-0.0709999999999999));
#12816=CARTESIAN_POINT('',(0.0778762722940778,0.01175877195371,-0.0709999999999999));
#12817=CARTESIAN_POINT('',(0.0783664016337647,0.0135967569775358,-0.0709999999999999));
#12818=CARTESIAN_POINT('',(0.079387504424779,0.0150671449965964,-0.0709999999999999));
#12819=CARTESIAN_POINT('',(0.0803894715049778,0.0165099775920827,-0.0709999999999999));
#12820=CARTESIAN_POINT('',(0.0826958774676653,0.0172318829135467,-0.0709999999999999));
#12821=CARTESIAN_POINT('',(0.0900886616746088,0.0172318829135467,-0.0709999999999999));
#12822=CARTESIAN_POINT('',(0.0927843730428865,0.0166192212389381,-0.0709999999999999));
#12823=CARTESIAN_POINT('',(0.0943364492852282,0.0153938978897209,-0.0709999999999999));
#12824=CARTESIAN_POINT('',(0.0959136871731369,0.0141487100834772,-0.0709999999999999));
#12825=CARTESIAN_POINT('',(0.096460343090538,0.0128615629680055,-0.0709999999999999));
#12826=CARTESIAN_POINT('',(0.0960110578624917,0.0115137072838666,-0.0709999999999999));
#12827=CARTESIAN_POINT('',(0.0960110578624917,0.0115137072838666,-0.0709999999999999));
#12828=CARTESIAN_POINT('',(0.0960110578624917,0.0115137072838666,-0.0709999999999999));
#12829=CARTESIAN_POINT('',(0.0960110578624917,0.0115137072838666,-0.0709999999999999));
#12830=CARTESIAN_POINT('',(0.0960110578624917,0.0115137072838666,-0.0699999999999999));
#12831=CARTESIAN_POINT('',(0.095602616746086,0.010615136827774,-0.0709999999999999));
#12832=CARTESIAN_POINT('',(0.095602616746086,0.010615136827774,-0.0699999999999999));
#12833=CARTESIAN_POINT('',(0.0955209285228048,0.00987994281824371,-0.0709999999999999));
#12834=CARTESIAN_POINT('',(0.0955209285228048,0.00987994281824371,-0.0699999999999999));
#12835=CARTESIAN_POINT('',(0.096174434309054,0.00849124302246429,-0.0709999999999999));
#12836=CARTESIAN_POINT('',(0.096174434309054,0.00849124302246429,-0.0699999999999999));
#12837=CARTESIAN_POINT('',(0.0960110578624917,0.0115137072838666,-0.0709999999999999));
#12838=CARTESIAN_POINT('',(0.0958068373042888,0.0110644220558203,-0.0709999999999999));
#12839=CARTESIAN_POINT('',(0.0956843049693671,0.010615136827774,-0.0709999999999999));
#12840=CARTESIAN_POINT('',(0.0956843049693671,0.00971656637168144,-0.0709999999999999));
#12841=CARTESIAN_POINT('',(0.0958476814159294,0.00918559292035401,-0.0709999999999999));
#12842=CARTESIAN_POINT('',(0.096174434309054,0.00849124302246429,-0.0709999999999999));
#12843=CARTESIAN_POINT('',(0.096174434309054,0.00849124302246429,-0.0709999999999999));
#12844=CARTESIAN_POINT('',(0.096174434309054,0.00849124302246429,-0.0709999999999999));
#12845=CARTESIAN_POINT('',(0.096174434309054,0.00849124302246429,-0.0709999999999999));
#12846=CARTESIAN_POINT('',(0.096174434309054,0.00849124302246429,-0.0699999999999999));
#12847=CARTESIAN_POINT('',(0.0963783079820551,0.00832251998273924,-0.0709999999999999));
#12848=CARTESIAN_POINT('',(0.0963783079820551,0.00832251998273924,-0.0699999999999999));
#12849=CARTESIAN_POINT('',(0.102597562785981,0.00618197831607445,-0.0709999999999999));
#12850=CARTESIAN_POINT('',(0.102597562785981,0.00618197831607445,-0.0699999999999999));
#12851=CARTESIAN_POINT('',(0.101781522911107,0.0163243079307965,-0.0709999999999999));
#12852=CARTESIAN_POINT('',(0.101781522911107,0.0163243079307965,-0.0699999999999999));
#12853=CARTESIAN_POINT('',(0.0842674031355061,0.0208706320533485,-0.0709999999999999));
#12854=CARTESIAN_POINT('',(0.0842674031355061,0.0208706320533485,-0.0699999999999999));
#12855=CARTESIAN_POINT('',(0.0725577190297964,0.0156665740965819,-0.071));
#12856=CARTESIAN_POINT('',(0.0725577190297964,0.0156665740965819,-0.07));
#12857=CARTESIAN_POINT('',(0.0733875369645671,0.0047980030199045,-0.0709999999999999));
#12858=CARTESIAN_POINT('',(0.0733875369645671,0.0047980030199045,-0.0699999999999999));
#12859=CARTESIAN_POINT('',(0.073241584922637,-0.00366014863385977,-0.071));
#12860=CARTESIAN_POINT('',(0.073241584922637,-0.00366014863385977,-0.07));
#12861=CARTESIAN_POINT('',(0.0731477704474979,-0.00963324784021532,-0.0709999999999999));
#12862=CARTESIAN_POINT('',(0.0731477704474979,-0.00963324784021532,-0.0699999999999999));
#12863=CARTESIAN_POINT('',(0.0736321409287966,-0.0192592282413006,-0.071));
#12864=CARTESIAN_POINT('',(0.0736321409287966,-0.0192592282413006,-0.07));
#12865=CARTESIAN_POINT('',(0.0679511531654189,-0.0157747149263356,-0.0709999999999999));
#12866=CARTESIAN_POINT('',(0.0679511531654189,-0.0157747149263356,-0.0699999999999999));
#12867=CARTESIAN_POINT('',(0.0679511531654189,-0.0105421130020422,-0.0709999999999999));
#12868=CARTESIAN_POINT('',(0.0679511531654189,-0.0105421130020422,-0.0699999999999999));
#12869=CARTESIAN_POINT('',(0.096174434309054,0.00849124302246429,-0.0709999999999999));
#12870=CARTESIAN_POINT('',(0.0962928822328116,0.00839321715452692,-0.0709999999999999));
#12871=CARTESIAN_POINT('',(0.0973589135466306,0.00751098434309057,-0.0709999999999999));
#12872=CARTESIAN_POINT('',(0.0995644955752214,0.00751098434309057,-0.0709999999999999));
#12873=CARTESIAN_POINT('',(0.100299689584752,0.00779689312457457,-0.0709999999999999));
#12874=CARTESIAN_POINT('',(0.101402480599047,0.00889968413887001,-0.0709999999999999));
#12875=CARTESIAN_POINT('',(0.101647545268891,0.00971656637168144,-0.0709999999999999));
#12876=CARTESIAN_POINT('',(0.101647545268891,0.0128615629680055,-0.0709999999999999));
#12877=CARTESIAN_POINT('',(0.100218001361471,0.0147812362151124,-0.0709999999999999));
#12878=CARTESIAN_POINT('',(0.0944181375085094,0.0183755180394827,-0.0709999999999999));
#12879=CARTESIAN_POINT('',(0.0908646997957796,0.0192740884955753,-0.0709999999999999));
#12880=CARTESIAN_POINT('',(0.0821240599046973,0.0192740884955753,-0.0709999999999999));
#12881=CARTESIAN_POINT('',(0.0787748427501704,0.0184163621511232,-0.0709999999999999));
#12882=CARTESIAN_POINT('',(0.0765692607215795,0.0167417535738598,-0.0709999999999999));
#12883=CARTESIAN_POINT('',(0.0743377701810147,0.0150474737189866,-0.0709999999999999));
#12884=CARTESIAN_POINT('',(0.0732200435670526,0.0126573424098026,-0.0709999999999999));
#12885=CARTESIAN_POINT('',(0.0732200435670526,0.00951234581347859,-0.0709999999999999));
#12886=CARTESIAN_POINT('',(0.0732200435670526,0.00213317631041528,-0.0709999999999999));
#12887=CARTESIAN_POINT('',(0.0732200435670526,-0.00524599319264803,-0.0709999999999999));
#12888=CARTESIAN_POINT('',(0.0732200435670526,-0.0126251626957113,-0.0709999999999999));
#12889=CARTESIAN_POINT('',(0.0732200435670526,-0.0144223036078965,-0.0709999999999999));
#12890=CARTESIAN_POINT('',(0.0730566671204903,-0.0154842505105514,-0.0709999999999999));
#12891=CARTESIAN_POINT('',(0.0724031613342412,-0.0161377562968005,-0.0709999999999999));
#12892=CARTESIAN_POINT('',(0.0717904996596326,-0.0163011327433628,-0.0709999999999999));
#12893=CARTESIAN_POINT('',(0.0697891381892446,-0.0163011327433628,-0.0709999999999999));
#12894=CARTESIAN_POINT('',(0.0690539441797143,-0.0158110034036759,-0.0709999999999999));
#12895=CARTESIAN_POINT('',(0.0681553737236217,-0.0137687978216473,-0.0709999999999999));
#12896=CARTESIAN_POINT('',(0.0679511531654189,-0.0123392539142273,-0.0709999999999999));
#12897=CARTESIAN_POINT('',(0.0679511531654189,-0.0105421130020422,-0.0709999999999999));
#12898=CARTESIAN_POINT('',(0.0679511531654189,-0.0105421130020422,-0.0709999999999999));
#12899=CARTESIAN_POINT('',(0.0679511531654189,-0.0105421130020422,-0.0709999999999999));
#12900=CARTESIAN_POINT('',(0.0980124193328797,-0.00886750442477873,-0.0709999999999999));
#12901=CARTESIAN_POINT('',(0.0980124193328797,-0.00886750442477873,-0.0699999999999999));
#12902=CARTESIAN_POINT('',(0.0980124193328797,-0.0159842814530602,-0.0709999999999999));
#12903=CARTESIAN_POINT('',(0.0980124193328797,-0.0159842814530602,-0.0699999999999999));
#12904=CARTESIAN_POINT('',(0.0884207215237355,-0.0196936946694266,-0.0709999999999999));
#12905=CARTESIAN_POINT('',(0.0884207215237355,-0.0196936946694266,-0.0699999999999999));
#12906=CARTESIAN_POINT('',(0.0778762722940778,-0.0122167215793056,-0.0709999999999999));
#12907=CARTESIAN_POINT('',(0.0778762722940778,-0.0122167215793056,-0.0699999999999999));
#12908=CARTESIAN_POINT('',(0.0980124193328797,-0.00886750442477873,-0.0699999999999999));
#12909=CARTESIAN_POINT('',(0.0980124193328797,-0.0109097100068073,-0.0699999999999999));
#12910=CARTESIAN_POINT('',(0.0973997576582711,-0.0127476950306331,-0.0699999999999999));
#12911=CARTESIAN_POINT('',(0.0949491109598368,-0.0160969121851599,-0.0699999999999999));
#12912=CARTESIAN_POINT('',(0.0929885936010894,-0.0169137944179714,-0.0699999999999999));
#12913=CARTESIAN_POINT('',(0.0882915207624236,-0.0169137944179714,-0.0699999999999999));
#12914=CARTESIAN_POINT('',(0.086249315180395,-0.0165461974132062,-0.0699999999999999));
#12915=CARTESIAN_POINT('',(0.082246592239619,-0.0149941211708645,-0.0699999999999999));
#12916=CARTESIAN_POINT('',(0.0801226984343092,-0.0138096419332879,-0.0699999999999999));
#12917=CARTESIAN_POINT('',(0.0778762722940778,-0.0122167215793056,-0.0699999999999999));
#12918=CARTESIAN_POINT('',(0.0980124193328797,-0.00886750442477873,-0.0699999999999999));
#12919=CARTESIAN_POINT('',(0.0778762722940778,-0.0122167215793056,-0.0699999999999999));
#12920=CARTESIAN_POINT('',(0.0980124193328797,-0.00886750442477873,-0.0709999999999999));
#12921=CARTESIAN_POINT('',(0.0980124193328797,-0.00886750442477873,-0.0709999999999999));
#12922=CARTESIAN_POINT('',(0.0980124193328797,-0.00886750442477873,-0.0709999999999999));
#12923=CARTESIAN_POINT('',(0.0980124193328797,-0.0109097100068073,-0.0709999999999999));
#12924=CARTESIAN_POINT('',(0.0973997576582711,-0.0127476950306331,-0.0709999999999999));
#12925=CARTESIAN_POINT('',(0.0949491109598368,-0.0160969121851599,-0.0709999999999999));
#12926=CARTESIAN_POINT('',(0.0929885936010894,-0.0169137944179714,-0.0709999999999999));
#12927=CARTESIAN_POINT('',(0.0882915207624236,-0.0169137944179714,-0.0709999999999999));
#12928=CARTESIAN_POINT('',(0.086249315180395,-0.0165461974132062,-0.0709999999999999));
#12929=CARTESIAN_POINT('',(0.082246592239619,-0.0149941211708645,-0.0709999999999999));
#12930=CARTESIAN_POINT('',(0.0801226984343092,-0.0138096419332879,-0.0709999999999999));
#12931=CARTESIAN_POINT('',(0.0778762722940778,-0.0122167215793056,-0.0709999999999999));
#12932=CARTESIAN_POINT('',(0.0778762722940778,-0.0122167215793056,-0.0709999999999999));
#12933=CARTESIAN_POINT('',(0.0778762722940778,-0.0122167215793056,-0.0709999999999999));
#12934=CARTESIAN_POINT('',(0.0778762722940778,-0.0122167215793056,-0.0709999999999999));
#12935=CARTESIAN_POINT('',(0.0778762722940778,-0.0122167215793056,-0.0699999999999999));
#12936=CARTESIAN_POINT('',(0.0778762722940778,0.00350826140231453,-0.0699999999999999));
#12937=CARTESIAN_POINT('',(0.0778762722940778,-0.0122167215793056,-0.0709999999999999));
#12938=CARTESIAN_POINT('',(0.0778762722940778,0.00350826140231453,-0.0709999999999999));
#12939=CARTESIAN_POINT('',(0.0778762722940778,0.00350826140231453,-0.0709999999999999));
#12940=CARTESIAN_POINT('',(0.0778762722940778,0.00350826140231453,-0.0709999999999999));
#12941=CARTESIAN_POINT('',(0.0778762722940778,0.00350826140231453,-0.0699999999999999));
#12942=CARTESIAN_POINT('',(0.0838192708153787,0.00280532609334346,-0.0709999999999999));
#12943=CARTESIAN_POINT('',(0.0838192708153787,0.00280532609334346,-0.0699999999999999));
#12944=CARTESIAN_POINT('',(0.0919072397951118,0.001429817161458,-0.0709999999999999));
#12945=CARTESIAN_POINT('',(0.0919072397951118,0.001429817161458,-0.0699999999999999));
#12946=CARTESIAN_POINT('',(0.0980124193328797,-0.00456626711005191,-0.0709999999999999));
#12947=CARTESIAN_POINT('',(0.0980124193328797,-0.00456626711005191,-0.0699999999999999));
#12948=CARTESIAN_POINT('',(0.0980124193328797,-0.00886750442477873,-0.0709999999999999));
#12949=CARTESIAN_POINT('',(0.0980124193328797,-0.00886750442477873,-0.0699999999999999));
#12950=CARTESIAN_POINT('',(0.0778762722940778,0.00350826140231453,-0.0699999999999999));
#12951=CARTESIAN_POINT('',(0.0854732770592242,0.00260969094622195,-0.0699999999999999));
#12952=CARTESIAN_POINT('',(0.0907421674608579,0.0010984588155208,-0.0699999999999999));
#12953=CARTESIAN_POINT('',(0.0936420993873385,-0.00102543498978894,-0.0699999999999999));
#12954=CARTESIAN_POINT('',(0.0965686155832549,-0.00316879896426289,-0.0699999999999999));
#12955=CARTESIAN_POINT('',(0.0980124193328797,-0.00576335194009527,-0.0699999999999999));
#12956=CARTESIAN_POINT('',(0.0980124193328797,-0.00886750442477873,-0.0699999999999999));
#12957=CARTESIAN_POINT('',(0.0778762722940778,0.00350826140231453,-0.0709999999999999));
#12958=CARTESIAN_POINT('',(0.0854732770592242,0.00260969094622195,-0.0709999999999999));
#12959=CARTESIAN_POINT('',(0.0907421674608579,0.0010984588155208,-0.0709999999999999));
#12960=CARTESIAN_POINT('',(0.0936420993873385,-0.00102543498978894,-0.0709999999999999));
#12961=CARTESIAN_POINT('',(0.0965686155832549,-0.00316879896426289,-0.0709999999999999));
#12962=CARTESIAN_POINT('',(0.0980124193328797,-0.00576335194009527,-0.0709999999999999));
#12963=CARTESIAN_POINT('',(0.0980124193328797,-0.00886750442477873,-0.0709999999999999));
#12964=CARTESIAN_POINT('',(0.0679511531654189,-0.0105421130020422,-0.0709999999999999));
#12965=CARTESIAN_POINT('',(0.0679511531654189,-0.0105421130020422,-0.0709999999999999));
#12966=CARTESIAN_POINT('',(0.0702928496891261,-0.018665717342641,-0.0709999999999999));
#12967=CARTESIAN_POINT('',(0.,0.,-0.0699999999999999));
#12968=CARTESIAN_POINT('',(0.108345979577944,0.0383074445200817,-0.0709999999999999));
#12969=CARTESIAN_POINT('',(0.108345979577944,0.0383074445200817,-0.0709999999999999));
#12970=CARTESIAN_POINT('',(0.108345979577944,0.0383074445200817,-0.0709999999999999));
#12971=CARTESIAN_POINT('',(0.108345979577944,0.0383074445200817,-0.0709999999999999));
#12972=CARTESIAN_POINT('',(0.108345979577944,0.0363060830496937,-0.0709999999999999));
#12973=CARTESIAN_POINT('',(0.108345979577944,0.0363060830496937,-0.0709999999999999));
#12974=CARTESIAN_POINT('',(0.108345979577944,0.0363060830496937,-0.0709999999999999));
#12975=CARTESIAN_POINT('',(0.108345979577944,0.0363060830496937,-0.0709999999999999));
#12976=CARTESIAN_POINT('',(0.108795264805991,0.0363060830496937,-0.0709999999999999));
#12977=CARTESIAN_POINT('',(0.109244550034037,0.0363060830496937,-0.0709999999999999));
#12978=CARTESIAN_POINT('',(0.109693835262083,0.0363060830496937,-0.0709999999999999));
#12979=CARTESIAN_POINT('',(0.109693835262083,0.0363060830496937,-0.0709999999999999));
#12980=CARTESIAN_POINT('',(0.109693835262083,0.0363060830496937,-0.0709999999999999));
#12981=CARTESIAN_POINT('',(0.109693835262083,0.0363060830496937,-0.0709999999999999));
#12982=CARTESIAN_POINT('',(0.109693835262083,0.0363060830496937,-0.0699999999999999));
#12983=CARTESIAN_POINT('',(0.109857211708646,0.0362815765827093,-0.0709999999999999));
#12984=CARTESIAN_POINT('',(0.109857211708646,0.0362815765827093,-0.0699999999999999));
#12985=CARTESIAN_POINT('',(0.111658437031995,0.0356787174948945,-0.0709999999999999));
#12986=CARTESIAN_POINT('',(0.111658437031995,0.0356787174948945,-0.0699999999999999));
#12987=CARTESIAN_POINT('',(0.111858573179034,0.035611733151804,-0.0709999999999999));
#12988=CARTESIAN_POINT('',(0.111858573179034,0.035611733151804,-0.0699999999999999));
#12989=CARTESIAN_POINT('',(0.109693835262083,0.0363060830496937,-0.0709999999999999));
#12990=CARTESIAN_POINT('',(0.109857211708646,0.0362815765827093,-0.0709999999999999));
#12991=CARTESIAN_POINT('',(0.111658437031995,0.0356787174948945,-0.0709999999999999));
#12992=CARTESIAN_POINT('',(0.111858573179034,0.035611733151804,-0.0709999999999999));
#12993=CARTESIAN_POINT('',(0.111858573179034,0.035611733151804,-0.0709999999999999));
#12994=CARTESIAN_POINT('',(0.111858573179034,0.035611733151804,-0.0709999999999999));
#12995=CARTESIAN_POINT('',(0.111858573179034,0.035611733151804,-0.0709999999999999));
#12996=CARTESIAN_POINT('',(0.111858573179034,0.035611733151804,-0.0699999999999999));
#12997=CARTESIAN_POINT('',(0.112413348888524,0.035142307551466,-0.0709999999999999));
#12998=CARTESIAN_POINT('',(0.112413348888524,0.035142307551466,-0.0699999999999999));
#12999=CARTESIAN_POINT('',(0.112686004459989,0.0337635652684209,-0.0709999999999999));
#13000=CARTESIAN_POINT('',(0.112686004459989,0.0337635652684209,-0.0699999999999999));
#13001=CARTESIAN_POINT('',(0.112716299523486,0.033610371681416,-0.0709999999999999));
#13002=CARTESIAN_POINT('',(0.112716299523486,0.033610371681416,-0.0699999999999999));
#13003=CARTESIAN_POINT('',(0.111858573179034,0.035611733151804,-0.0709999999999999));
#13004=CARTESIAN_POINT('',(0.112413348888524,0.035142307551466,-0.0709999999999999));
#13005=CARTESIAN_POINT('',(0.112686004459989,0.033763565268421,-0.0709999999999999));
#13006=CARTESIAN_POINT('',(0.112716299523486,0.033610371681416,-0.0709999999999999));
#13007=CARTESIAN_POINT('',(0.112716299523486,0.033610371681416,-0.0709999999999999));
#13008=CARTESIAN_POINT('',(0.112716299523486,0.033610371681416,-0.0709999999999999));
#13009=CARTESIAN_POINT('',(0.112716299523486,0.033610371681416,-0.0709999999999999));
#13010=CARTESIAN_POINT('',(0.112716299523486,0.033610371681416,-0.0709999999999999));
#13011=CARTESIAN_POINT('',(0.112716299523486,0.0176539387338326,-0.0709999999999999));
#13012=CARTESIAN_POINT('',(0.112716299523486,0.00169750578624918,-0.0709999999999999));
#13013=CARTESIAN_POINT('',(0.112716299523486,-0.0142589271613342,-0.0709999999999999));
#13014=CARTESIAN_POINT('',(0.112716299523486,-0.0142589271613342,-0.0709999999999999));
#13015=CARTESIAN_POINT('',(0.112716299523486,-0.0142589271613342,-0.0709999999999999));
#13016=CARTESIAN_POINT('',(0.112716299523486,-0.0142589271613342,-0.0709999999999999));
#13017=CARTESIAN_POINT('',(0.112716299523486,-0.0142589271613342,-0.0699999999999999));
#13018=CARTESIAN_POINT('',(0.112687708645337,-0.0144141347855684,-0.0709999999999999));
#13019=CARTESIAN_POINT('',(0.112687708645337,-0.0144141347855684,-0.0699999999999999));
#13020=CARTESIAN_POINT('',(0.111941486725664,-0.0160756732471068,-0.0709999999999999));
#13021=CARTESIAN_POINT('',(0.111941486725664,-0.0160756732471068,-0.0699999999999999));
#13022=CARTESIAN_POINT('',(0.111858573179034,-0.0162602886317222,-0.0709999999999999));
#13023=CARTESIAN_POINT('',(0.111858573179034,-0.0162602886317222,-0.0699999999999999));
#13024=CARTESIAN_POINT('',(0.112716299523486,-0.0142589271613342,-0.0709999999999999));
#13025=CARTESIAN_POINT('',(0.112687708645337,-0.0144141347855684,-0.0709999999999999));
#13026=CARTESIAN_POINT('',(0.111941486725664,-0.0160756732471068,-0.0709999999999999));
#13027=CARTESIAN_POINT('',(0.111858573179034,-0.0162602886317222,-0.0709999999999999));
#13028=CARTESIAN_POINT('',(0.111858573179034,-0.0162602886317222,-0.0709999999999999));
#13029=CARTESIAN_POINT('',(0.111858573179034,-0.0162602886317222,-0.0709999999999999));
#13030=CARTESIAN_POINT('',(0.111858573179034,-0.0162602886317222,-0.0709999999999999));
#13031=CARTESIAN_POINT('',(0.111858573179034,-0.0162602886317222,-0.0699999999999999));
#13032=CARTESIAN_POINT('',(0.111312009388563,-0.0166897316099494,-0.0709999999999999));
#13033=CARTESIAN_POINT('',(0.111312009388563,-0.0166897316099494,-0.0699999999999999));
#13034=CARTESIAN_POINT('',(0.109855652674731,-0.0168913881371692,-0.0709999999999999));
#13035=CARTESIAN_POINT('',(0.109855652674731,-0.0168913881371692,-0.0699999999999999));
#13036=CARTESIAN_POINT('',(0.109693835262083,-0.0169137944179714,-0.0709999999999999));
#13037=CARTESIAN_POINT('',(0.109693835262083,-0.0169137944179714,-0.0699999999999999));
#13038=CARTESIAN_POINT('',(0.111858573179034,-0.0162602886317222,-0.0709999999999999));
#13039=CARTESIAN_POINT('',(0.111312009388563,-0.0166897316099494,-0.0709999999999999));
#13040=CARTESIAN_POINT('',(0.109855652674731,-0.0168913881371692,-0.0709999999999999));
#13041=CARTESIAN_POINT('',(0.109693835262083,-0.0169137944179714,-0.0709999999999999));
#13042=CARTESIAN_POINT('',(0.109693835262083,-0.0169137944179714,-0.0709999999999999));
#13043=CARTESIAN_POINT('',(0.109693835262083,-0.0169137944179714,-0.0709999999999999));
#13044=CARTESIAN_POINT('',(0.109693835262083,-0.0169137944179714,-0.0709999999999999));
#13045=CARTESIAN_POINT('',(0.109693835262083,-0.0169137944179714,-0.0709999999999999));
#13046=CARTESIAN_POINT('',(0.109244550034037,-0.0169137944179714,-0.0709999999999999));
#13047=CARTESIAN_POINT('',(0.108795264805991,-0.0169137944179714,-0.0709999999999999));
#13048=CARTESIAN_POINT('',(0.108345979577944,-0.0169137944179714,-0.0709999999999999));
#13049=CARTESIAN_POINT('',(0.108345979577944,-0.0169137944179714,-0.0709999999999999));
#13050=CARTESIAN_POINT('',(0.108345979577944,-0.0169137944179714,-0.0709999999999999));
#13051=CARTESIAN_POINT('',(0.108345979577944,-0.0169137944179714,-0.0709999999999999));
#13052=CARTESIAN_POINT('',(0.108345979577944,-0.0169137944179714,-0.0709999999999999));
#13053=CARTESIAN_POINT('',(0.108345979577944,-0.018956,-0.0709999999999999));
#13054=CARTESIAN_POINT('',(0.108345979577944,-0.018956,-0.0709999999999999));
#13055=CARTESIAN_POINT('',(0.108345979577944,-0.018956,-0.0709999999999999));
#13056=CARTESIAN_POINT('',(0.108345979577944,-0.018956,-0.0709999999999999));
#13057=CARTESIAN_POINT('',(0.122723106875426,-0.018956,-0.0709999999999999));
#13058=CARTESIAN_POINT('',(0.122723106875426,-0.018956,-0.0709999999999999));
#13059=CARTESIAN_POINT('',(0.122723106875426,-0.018956,-0.0709999999999999));
#13060=CARTESIAN_POINT('',(0.122723106875426,-0.018956,-0.0709999999999999));
#13061=CARTESIAN_POINT('',(0.122723106875426,-0.0169137944179714,-0.0709999999999999));
#13062=CARTESIAN_POINT('',(0.122723106875426,-0.0169137944179714,-0.0709999999999999));
#13063=CARTESIAN_POINT('',(0.122723106875426,-0.0169137944179714,-0.0709999999999999));
#13064=CARTESIAN_POINT('',(0.122723106875426,-0.0169137944179714,-0.0699999999999999));
#13065=CARTESIAN_POINT('',(0.121671960980685,-0.0169137944179714,-0.0709999999999999));
#13066=CARTESIAN_POINT('',(0.121671960980685,-0.0169137944179714,-0.0699999999999999));
#13067=CARTESIAN_POINT('',(0.118937050178473,-0.0176619361906599,-0.0709999999999999));
#13068=CARTESIAN_POINT('',(0.118937050178473,-0.0176619361906599,-0.0699999999999999));
#13069=CARTESIAN_POINT('',(0.118099749891356,-0.0144890293620199,-0.0709999999999999));
#13070=CARTESIAN_POINT('',(0.118099749891356,-0.0144890293620199,-0.0699999999999999));
#13071=CARTESIAN_POINT('',(0.1180668781484,-0.0142589271613342,-0.0709999999999999));
#13072=CARTESIAN_POINT('',(0.1180668781484,-0.0142589271613342,-0.0699999999999999));
#13073=CARTESIAN_POINT('',(0.122723106875426,-0.0169137944179714,-0.0709999999999999));
#13074=CARTESIAN_POINT('',(0.122178518720218,-0.0169137944179714,-0.0709999999999999));
#13075=CARTESIAN_POINT('',(0.12163393056501,-0.0169137944179714,-0.0709999999999999));
#13076=CARTESIAN_POINT('',(0.121089342409803,-0.0169137944179714,-0.0709999999999999));
#13077=CARTESIAN_POINT('',(0.119945707283867,-0.0169137944179714,-0.0709999999999999));
#13078=CARTESIAN_POINT('',(0.119169669162696,-0.0167095738597685,-0.0709999999999999));
#13079=CARTESIAN_POINT('',(0.11872038393465,-0.0162602886317222,-0.0709999999999999));
#13080=CARTESIAN_POINT('',(0.118291520762424,-0.0158314254594962,-0.0709999999999999));
#13081=CARTESIAN_POINT('',(0.118089342409803,-0.0144161769911504,-0.0709999999999999));
#13082=CARTESIAN_POINT('',(0.1180668781484,-0.0142589271613342,-0.0709999999999999));
#13083=CARTESIAN_POINT('',(0.1180668781484,-0.0142589271613342,-0.0709999999999999));
#13084=CARTESIAN_POINT('',(0.1180668781484,-0.0142589271613342,-0.0709999999999999));
#13085=CARTESIAN_POINT('',(0.1180668781484,-0.0142589271613342,-0.0709999999999999));
#13086=CARTESIAN_POINT('',(0.1180668781484,-0.0142589271613342,-0.0709999999999999));
#13087=CARTESIAN_POINT('',(0.1180668781484,0.000336035398230126,-0.0709999999999999));
#13088=CARTESIAN_POINT('',(0.1180668781484,0.0149309979577945,-0.0709999999999999));
#13089=CARTESIAN_POINT('',(0.1180668781484,0.0295259605173588,-0.0709999999999999));
#13090=CARTESIAN_POINT('',(0.1180668781484,0.0295259605173588,-0.0709999999999999));
#13091=CARTESIAN_POINT('',(0.1180668781484,0.0295259605173588,-0.0709999999999999));
#13092=CARTESIAN_POINT('',(0.1180668781484,0.0295259605173588,-0.0709999999999999));
#13093=CARTESIAN_POINT('',(0.1180668781484,0.0295259605173588,-0.0709999999999999));
#13094=CARTESIAN_POINT('',(0.11876122804629,0.0295259605173588,-0.0709999999999999));
#13095=CARTESIAN_POINT('',(0.11876122804629,0.0295259605173588,-0.0709999999999999));
#13096=CARTESIAN_POINT('',(0.11876122804629,0.0295259605173588,-0.0709999999999999));
#13097=CARTESIAN_POINT('',(0.11876122804629,0.0295259605173588,-0.0709999999999999));
#13098=CARTESIAN_POINT('',(0.130075046970729,-0.018956,-0.0709999999999999));
#13099=CARTESIAN_POINT('',(0.130075046970729,-0.018956,-0.0709999999999999));
#13100=CARTESIAN_POINT('',(0.130075046970729,-0.018956,-0.0709999999999999));
#13101=CARTESIAN_POINT('',(0.130075046970729,-0.018956,-0.0709999999999999));
#13102=CARTESIAN_POINT('',(0.132076408441117,-0.018956,-0.0709999999999999));
#13103=CARTESIAN_POINT('',(0.132076408441117,-0.018956,-0.0709999999999999));
#13104=CARTESIAN_POINT('',(0.132076408441117,-0.018956,-0.0709999999999999));
#13105=CARTESIAN_POINT('',(0.132076408441117,-0.018956,-0.0709999999999999));
#13106=CARTESIAN_POINT('',(0.142409968686181,0.0287090782845473,-0.0709999999999999));
#13107=CARTESIAN_POINT('',(0.142409968686181,0.0287090782845473,-0.0709999999999999));
#13108=CARTESIAN_POINT('',(0.142409968686181,0.0287090782845473,-0.0709999999999999));
#13109=CARTESIAN_POINT('',(0.142409968686181,0.0287090782845473,-0.0709999999999999));
#13110=CARTESIAN_POINT('',(0.14306347447243,0.0287090782845473,-0.0709999999999999));
#13111=CARTESIAN_POINT('',(0.14306347447243,0.0287090782845473,-0.0709999999999999));
#13112=CARTESIAN_POINT('',(0.14306347447243,0.0287090782845473,-0.0709999999999999));
#13113=CARTESIAN_POINT('',(0.14306347447243,0.0287090782845473,-0.0709999999999999));
#13114=CARTESIAN_POINT('',(0.14306347447243,0.0143864098025868,-0.0709999999999999));
#13115=CARTESIAN_POINT('',(0.14306347447243,6.37413206263043E-5,-0.0709999999999999));
#13116=CARTESIAN_POINT('',(0.14306347447243,-0.0142589271613342,-0.0709999999999999));
#13117=CARTESIAN_POINT('',(0.14306347447243,-0.0142589271613342,-0.0709999999999999));
#13118=CARTESIAN_POINT('',(0.14306347447243,-0.0142589271613342,-0.0709999999999999));
#13119=CARTESIAN_POINT('',(0.14306347447243,-0.0142589271613342,-0.0709999999999999));
#13120=CARTESIAN_POINT('',(0.14306347447243,-0.0142589271613342,-0.0699999999999999));
#13121=CARTESIAN_POINT('',(0.143014461538462,-0.0145693424098025,-0.0709999999999999));
#13122=CARTESIAN_POINT('',(0.143014461538462,-0.0145693424098025,-0.0699999999999999));
#13123=CARTESIAN_POINT('',(0.140400438393465,-0.0168729503063308,-0.0709999999999999));
#13124=CARTESIAN_POINT('',(0.140400438393465,-0.0168729503063308,-0.0699999999999999));
#13125=CARTESIAN_POINT('',(0.140081854322669,-0.0169137944179714,-0.0709999999999999));
#13126=CARTESIAN_POINT('',(0.140081854322669,-0.0169137944179714,-0.0699999999999999));
#13127=CARTESIAN_POINT('',(0.14306347447243,-0.0142589271613342,-0.0709999999999999));
#13128=CARTESIAN_POINT('',(0.143038968005446,-0.0144141347855684,-0.0709999999999999));
#13129=CARTESIAN_POINT('',(0.142818409802587,-0.0158110034036759,-0.0709999999999999));
#13130=CARTESIAN_POINT('',(0.141674774676651,-0.0167095738597685,-0.0709999999999999));
#13131=CARTESIAN_POINT('',(0.140241146358067,-0.0168933723621511,-0.0709999999999999));
#13132=CARTESIAN_POINT('',(0.140081854322669,-0.0169137944179714,-0.0709999999999999));
#13133=CARTESIAN_POINT('',(0.140081854322669,-0.0169137944179714,-0.0709999999999999));
#13134=CARTESIAN_POINT('',(0.140081854322669,-0.0169137944179714,-0.0709999999999999));
#13135=CARTESIAN_POINT('',(0.140081854322669,-0.0169137944179714,-0.0709999999999999));
#13136=CARTESIAN_POINT('',(0.140081854322669,-0.0169137944179714,-0.0709999999999999));
#13137=CARTESIAN_POINT('',(0.139755101429544,-0.0169137944179714,-0.0709999999999999));
#13138=CARTESIAN_POINT('',(0.13942834853642,-0.0169137944179714,-0.0709999999999999));
#13139=CARTESIAN_POINT('',(0.139101595643295,-0.0169137944179714,-0.0709999999999999));
#13140=CARTESIAN_POINT('',(0.139101595643295,-0.0169137944179714,-0.0709999999999999));
#13141=CARTESIAN_POINT('',(0.139101595643295,-0.0169137944179714,-0.0709999999999999));
#13142=CARTESIAN_POINT('',(0.139101595643295,-0.0169137944179714,-0.0709999999999999));
#13143=CARTESIAN_POINT('',(0.139101595643295,-0.0169137944179714,-0.0709999999999999));
#13144=CARTESIAN_POINT('',(0.139101595643295,-0.018956,-0.0709999999999999));
#13145=CARTESIAN_POINT('',(0.139101595643295,-0.018956,-0.0709999999999999));
#13146=CARTESIAN_POINT('',(0.139101595643295,-0.018956,-0.0709999999999999));
#13147=CARTESIAN_POINT('',(0.139101595643295,-0.018956,-0.0709999999999999));
#13148=CARTESIAN_POINT('',(0.149108402995235,-0.018956,-0.0709999999999999));
#13149=CARTESIAN_POINT('',(0.149108402995235,-0.018956,-0.0709999999999999));
#13150=CARTESIAN_POINT('',(0.149108402995235,-0.018956,-0.0709999999999999));
#13151=CARTESIAN_POINT('',(0.149108402995235,-0.018956,-0.0709999999999999));
#13152=CARTESIAN_POINT('',(0.149108402995235,-0.0169137944179714,-0.0709999999999999));
#13153=CARTESIAN_POINT('',(0.149108402995235,-0.0169137944179714,-0.0709999999999999));
#13154=CARTESIAN_POINT('',(0.149108402995235,-0.0169137944179714,-0.0709999999999999));
#13155=CARTESIAN_POINT('',(0.149108402995235,-0.0169137944179714,-0.0699999999999999));
#13156=CARTESIAN_POINT('',(0.147222087531138,-0.0169137944179714,-0.0709999999999999));
#13157=CARTESIAN_POINT('',(0.147222087531138,-0.0169137944179714,-0.0699999999999999));
#13158=CARTESIAN_POINT('',(0.145155081650034,-0.0146343792877034,-0.0709999999999999));
#13159=CARTESIAN_POINT('',(0.145155081650034,-0.0146343792877034,-0.0699999999999999));
#13160=CARTESIAN_POINT('',(0.145105680054459,-0.0142589271613342,-0.0709999999999999));
#13161=CARTESIAN_POINT('',(0.145105680054459,-0.0142589271613342,-0.0699999999999999));
#13162=CARTESIAN_POINT('',(0.149108402995235,-0.0169137944179714,-0.0709999999999999));
#13163=CARTESIAN_POINT('',(0.14878165010211,-0.0169137944179714,-0.0709999999999999));
#13164=CARTESIAN_POINT('',(0.148454897208986,-0.0169137944179714,-0.0709999999999999));
#13165=CARTESIAN_POINT('',(0.148128144315861,-0.0169137944179714,-0.0709999999999999));
#13166=CARTESIAN_POINT('',(0.147025353301566,-0.0169137944179714,-0.0709999999999999));
#13167=CARTESIAN_POINT('',(0.146208471068754,-0.0167095738597685,-0.0709999999999999));
#13168=CARTESIAN_POINT('',(0.145309900612662,-0.0158110034036759,-0.0709999999999999));
#13169=CARTESIAN_POINT('',(0.145126102110279,-0.0144141347855684,-0.0709999999999999));
#13170=CARTESIAN_POINT('',(0.145105680054459,-0.0142589271613342,-0.0709999999999999));
#13171=CARTESIAN_POINT('',(0.145105680054459,-0.0142589271613342,-0.0709999999999999));
#13172=CARTESIAN_POINT('',(0.145105680054459,-0.0142589271613342,-0.0709999999999999));
#13173=CARTESIAN_POINT('',(0.145105680054459,-0.0142589271613342,-0.0709999999999999));
#13174=CARTESIAN_POINT('',(0.145105680054459,-0.0142589271613342,-0.0709999999999999));
#13175=CARTESIAN_POINT('',(0.145105680054459,0.00169750578624918,-0.0709999999999999));
#13176=CARTESIAN_POINT('',(0.145105680054459,0.0176539387338326,-0.0709999999999999));
#13177=CARTESIAN_POINT('',(0.145105680054459,0.033610371681416,-0.0709999999999999));
#13178=CARTESIAN_POINT('',(0.145105680054459,0.033610371681416,-0.0709999999999999));
#13179=CARTESIAN_POINT('',(0.145105680054459,0.033610371681416,-0.0709999999999999));
#13180=CARTESIAN_POINT('',(0.145105680054459,0.033610371681416,-0.0709999999999999));
#13181=CARTESIAN_POINT('',(0.145105680054459,0.033610371681416,-0.0699999999999999));
#13182=CARTESIAN_POINT('',(0.145158277987342,0.0340101159713238,-0.0709999999999999));
#13183=CARTESIAN_POINT('',(0.145158277987342,0.0340101159713238,-0.0699999999999999));
#13184=CARTESIAN_POINT('',(0.147465464550864,0.0363060830496937,-0.0709999999999999));
#13185=CARTESIAN_POINT('',(0.147465464550864,0.0363060830496937,-0.0699999999999999));
#13186=CARTESIAN_POINT('',(0.149476,0.0363060830496937,-0.0709999999999999));
#13187=CARTESIAN_POINT('',(0.149476,0.0363060830496937,-0.0699999999999999));
#13188=CARTESIAN_POINT('',(0.145105680054459,0.033610371681416,-0.0709999999999999));
#13189=CARTESIAN_POINT('',(0.145126102110279,0.0337655793056501,-0.0709999999999999));
#13190=CARTESIAN_POINT('',(0.145309900612662,0.0351624479237577,-0.0709999999999999));
#13191=CARTESIAN_POINT('',(0.146208471068754,0.0360610183798503,-0.0709999999999999));
#13192=CARTESIAN_POINT('',(0.147025353301566,0.0362652389380531,-0.0709999999999999));
#13193=CARTESIAN_POINT('',(0.148128144315861,0.0363060830496937,-0.0709999999999999));
#13194=CARTESIAN_POINT('',(0.148576814084691,0.0363227004485392,-0.0709999999999999));
#13195=CARTESIAN_POINT('',(0.149026714771954,0.0363060830496937,-0.0709999999999999));
#13196=CARTESIAN_POINT('',(0.149476,0.0363060830496937,-0.0709999999999999));
#13197=CARTESIAN_POINT('',(0.149476,0.0363060830496937,-0.0709999999999999));
#13198=CARTESIAN_POINT('',(0.149476,0.0363060830496937,-0.0709999999999999));
#13199=CARTESIAN_POINT('',(0.149476,0.0363060830496937,-0.0709999999999999));
#13200=CARTESIAN_POINT('',(0.149476,0.0363060830496937,-0.0709999999999999));
#13201=CARTESIAN_POINT('',(0.149476,0.0383074445200817,-0.0709999999999999));
#13202=CARTESIAN_POINT('',(0.149476,0.0383074445200817,-0.0709999999999999));
#13203=CARTESIAN_POINT('',(0.149476,0.0383074445200817,-0.0709999999999999));
#13204=CARTESIAN_POINT('',(0.149476,0.0383074445200817,-0.0709999999999999));
#13205=CARTESIAN_POINT('',(0.139755101429544,0.0383074445200817,-0.0709999999999999));
#13206=CARTESIAN_POINT('',(0.139755101429544,0.0383074445200817,-0.0709999999999999));
#13207=CARTESIAN_POINT('',(0.139755101429544,0.0383074445200817,-0.0709999999999999));
#13208=CARTESIAN_POINT('',(0.139755101429544,0.0383074445200817,-0.0709999999999999));
#13209=CARTESIAN_POINT('',(0.130075046970729,-0.00641685772634442,-0.0709999999999999));
#13210=CARTESIAN_POINT('',(0.130075046970729,-0.00641685772634442,-0.0709999999999999));
#13211=CARTESIAN_POINT('',(0.130075046970729,-0.00641685772634442,-0.0709999999999999));
#13212=CARTESIAN_POINT('',(0.130075046970729,-0.00641685772634442,-0.0709999999999999));
#13213=CARTESIAN_POINT('',(0.129421541184479,-0.00641685772634442,-0.0709999999999999));
#13214=CARTESIAN_POINT('',(0.129421541184479,-0.00641685772634442,-0.0709999999999999));
#13215=CARTESIAN_POINT('',(0.129421541184479,-0.00641685772634442,-0.0709999999999999));
#13216=CARTESIAN_POINT('',(0.129421541184479,-0.00641685772634442,-0.0709999999999999));
#13217=CARTESIAN_POINT('',(0.119087980939415,0.0383074445200817,-0.0709999999999999));
#13218=CARTESIAN_POINT('',(0.119087980939415,0.0383074445200817,-0.0709999999999999));
#13219=CARTESIAN_POINT('',(0.119087980939415,0.0383074445200817,-0.0709999999999999));
#13220=CARTESIAN_POINT('',(0.119087980939415,0.0383074445200817,-0.0709999999999999));
#13221=CARTESIAN_POINT('',(0.11076241933288,0.0359748373042887,-0.0709999999999999));
#13222=MECHANICAL_DESIGN_GEOMETRIC_PRESENTATION_REPRESENTATION('',(#4892,
#4893,#4894,#4895,#4896,#4897,#4898,#4899,#4900,#4901,#4902,#4903,#4904,
#4905,#4906,#4907,#4908,#4909,#4910,#4911,#4912,#4913,#4914,#4915,#4916,
#4917,#4918,#4919,#4920,#4921,#4922,#4923,#4924,#4925,#4926,#4927,#4928,
#4929,#4930,#4931,#4932,#4933,#4934,#4935,#4936,#4937,#4938,#4939,#4940,
#4941,#4942,#4943,#4944,#4945,#4946,#4947,#4948,#4949,#4950,#4951,#4952,
#4953,#4954,#4955,#4956,#4957,#4958,#4959,#4960,#4961,#4962,#4963,#4964,
#4965,#4966,#4967,#4968,#4969,#4970,#4971,#4972,#4973,#4974,#4975,#4976,
#4977,#4978,#4979,#4980,#4981,#4982,#4983,#4984,#4985,#4986,#4987,#4988,
#4989,#4990,#4991,#4992,#4993,#4994,#4995,#4996,#4997,#4998,#4999,#5000,
#5001,#5002,#5003,#5004,#5005,#5006,#5007,#5008,#5009,#5010,#5011,#5012,
#5013,#5014,#5015,#5016,#5017,#5018,#5019,#5020,#5021,#5022,#5023,#5024,
#5025,#5026,#5027,#5028,#5029,#5030,#5031,#5032,#5033,#5034,#5035,#5036,
#5037,#5038,#5039,#5040,#5041,#5042,#5043,#5044,#5045,#5046,#5047,#5048,
#5049,#5050,#5051,#5052,#5053,#5054,#5055,#5056,#5057,#5058,#5059,#5060,
#5061,#5062,#5063,#5064,#5065,#5066,#5067,#5068,#5069,#5070,#5071,#5072,
#5073,#5074,#5075,#5076,#5077,#5078,#5079,#5080,#5081,#5082,#5083,#5084,
#5085,#5086,#5087,#5088,#5089,#5090,#5091,#5092,#5093,#5094,#5095,#5096,
#5097,#5098,#5099,#5100,#5101,#5102,#5103,#5104,#5105,#5106,#5107,#5108,
#5109,#5110,#5111,#5112,#5113,#5114,#5115,#5116,#5117,#5118,#5119,#5120,
#5121,#5122,#5123,#5124,#5125,#5126,#5127,#5128,#5129,#5130,#5131,#5132,
#5133,#5134,#5135,#5136,#5137,#5138,#5139,#5140,#5141,#5142,#5143,#5144,
#5145,#5146,#5147,#5148,#5149,#5150,#5151,#5152,#5153,#5154,#5155,#5156,
#5157,#5158,#5159,#5160,#5161,#5162,#5163,#5164,#5165,#5166,#5167,#5168,
#5169,#5170,#5171,#5172,#5173,#5174,#5175,#5176),#13223);
#13223=(
GEOMETRIC_REPRESENTATION_CONTEXT(3)
GLOBAL_UNCERTAINTY_ASSIGNED_CONTEXT((#13224))
GLOBAL_UNIT_ASSIGNED_CONTEXT((#13227,#13226,#13225))
REPRESENTATION_CONTEXT('TMPC0503','TOP_LEVEL_ASSEMBLY_PART')
);
#13224=UNCERTAINTY_MEASURE_WITH_UNIT(LENGTH_MEASURE(0.0005),#13227,
'DISTANCE_ACCURACY_VALUE','Maximum Tolerance applied to model');
#13225=(
NAMED_UNIT(*)
SI_UNIT($,.STERADIAN.)
SOLID_ANGLE_UNIT()
);
#13226=(
NAMED_UNIT(*)
PLANE_ANGLE_UNIT()
SI_UNIT($,.RADIAN.)
);
#13227=(
LENGTH_UNIT()
NAMED_UNIT(*)
SI_UNIT(.CENTI.,.METRE.)
);
#13228=PRODUCT_DEFINITION_SHAPE('','',#13229);
#13229=PRODUCT_DEFINITION('','',#13231,#13230);
#13230=PRODUCT_DEFINITION_CONTEXT('',#13237,'design');
#13231=PRODUCT_DEFINITION_FORMATION_WITH_SPECIFIED_SOURCE('','',#13233,
 .NOT_KNOWN.);
#13232=PRODUCT_RELATED_PRODUCT_CATEGORY('','',(#13233));
#13233=PRODUCT('TMPC0503','TMPC0503','TMPC0503',(#13235));
#13234=PRODUCT_CATEGORY('','');
#13235=PRODUCT_CONTEXT('',#13237,'mechanical');
#13236=APPLICATION_PROTOCOL_DEFINITION('international standard',
'automotive_design',2010,#13237);
#13237=APPLICATION_CONTEXT(
'core data for automotive mechanical design processes');
ENDSEC;
END-ISO-10303-21;
