ISO-10303-21;
HEADER;
FILE_DESCRIPTION (( 'STEP AP214' ),
    '1' );
FILE_NAME ('SDS-50J.STEP',
    '2025-06-05T18:30:59',
    ( '' ),
    ( '' ),
    'SwSTEP 2.0',
    'SolidWorks 2024',
    '' );
FILE_SCHEMA (( 'AUTOMOTIVE_DESIGN' ));
ENDSEC;

DATA;
#1 = VERTEX_POINT ( 'NONE', #3843 ) ;
#2 = LINE ( 'NONE', #2623, #46 ) ;
#3 = DIRECTION ( 'NONE',  ( 1.262516554967624637E-15, 1.000000000000000000, 0.000000000000000000 ) ) ;
#4 = EDGE_CURVE ( 'NONE', #7732, #4045, #2258, .T. ) ;
#5 = VERTEX_POINT ( 'NONE', #6355 ) ;
#6 = EDGE_CURVE ( 'NONE', #7522, #2767, #7175, .T. ) ;
#7 = CARTESIAN_POINT ( 'NONE',  ( 2.280971972007238335, 8.971547725466914258, -7.734314575050762031 ) ) ;
#8 = CARTESIAN_POINT ( 'NONE',  ( 1.509539827951423385, 9.211442789095146466, -3.654908379606660596 ) ) ;
#9 = EDGE_LOOP ( 'NONE', ( #3593, #6266, #5017, #5242 ) ) ;
#10 = LINE ( 'NONE', #2631, #4594 ) ;
#11 = CARTESIAN_POINT ( 'NONE',  ( 0.000000000000000000, 6.500000000000000888, 1.100000000000001199 ) ) ;
#12 = CARTESIAN_POINT ( 'NONE',  ( 5.199844853026781344, 0.8000000000000014877, -4.599999999999999645 ) ) ;
#13 = ORIENTED_EDGE ( 'NONE', *, *, #1703, .T. ) ;
#14 = PLANE ( 'NONE',  #5954 ) ;
#15 = DIRECTION ( 'NONE',  ( -8.378071034579725961E-16, 0.9659258262890682012, -0.2588190451025209060 ) ) ;
#16 = LINE ( 'NONE', #757, #6068 ) ;
#17 = DIRECTION ( 'NONE',  ( 2.466431482431479202E-16, -1.000000000000000000, 0.000000000000000000 ) ) ;
#18 = ORIENTED_EDGE ( 'NONE', *, *, #7057, .F. ) ;
#19 = ORIENTED_EDGE ( 'NONE', *, *, #6370, .T. ) ;
#20 = VERTEX_POINT ( 'NONE', #6536 ) ;
#21 = DIRECTION ( 'NONE',  ( -1.000000000000000000, -0.000000000000000000, -0.000000000000000000 ) ) ;
#22 = DIRECTION ( 'NONE',  ( 0.000000000000000000, -1.000000000000000000, -0.000000000000000000 ) ) ;
#23 = DIRECTION ( 'NONE',  ( -0.000000000000000000, -1.000000000000000000, -0.000000000000000000 ) ) ;
#24 = ORIENTED_EDGE ( 'NONE', *, *, #6334, .T. ) ;
#25 = VECTOR ( 'NONE', #3170, 1000.000000000000000 ) ;
#26 = DIRECTION ( 'NONE',  ( 0.000000000000000000, 0.000000000000000000, 1.000000000000000000 ) ) ;
#27 = PRODUCT_DEFINITION ( 'UNKNOWN', '', #6970, #4784 ) ;
#28 = DIRECTION ( 'NONE',  ( -1.000000000000000000, -0.000000000000000000, 0.000000000000000000 ) ) ;
#29 = LINE ( 'NONE', #7707, #5913 ) ;
#30 = AXIS2_PLACEMENT_3D ( 'NONE', #1234, #1270, #4488 ) ;
#31 = FACE_OUTER_BOUND ( 'NONE', #7874, .T. ) ;
#32 = EDGE_CURVE ( 'NONE', #1827, #7071, #4339, .T. ) ;
#33 = VERTEX_POINT ( 'NONE', #5797 ) ;
#34 = CIRCLE ( 'NONE', #1417, 0.9250000000000012657 ) ;
#35 = AXIS2_PLACEMENT_3D ( 'NONE', #4391, #4430, #1851 ) ;
#36 = AXIS2_PLACEMENT_3D ( 'NONE', #714, #2688, #5295 ) ;
#37 = CARTESIAN_POINT ( 'NONE',  ( 0.9000000000000001332, 0.000000000000000000, 5.300000000000000711 ) ) ;
#38 = ORIENTED_EDGE ( 'NONE', *, *, #2001, .F. ) ;
#39 = CARTESIAN_POINT ( 'NONE',  ( -4.800155146973217768, 0.7999999999999994893, -4.100000000000000533 ) ) ;
#40 = CARTESIAN_POINT ( 'NONE',  ( 4.472271824131507145, 8.320621394681948502, 7.900000000000032330 ) ) ;
#41 = VERTEX_POINT ( 'NONE', #1133 ) ;
#42 = EDGE_CURVE ( 'NONE', #91, #4754, #3757, .T. ) ;
#43 = CARTESIAN_POINT ( 'NONE',  ( -8.425000000000000711, 0.1750000000516591103, 0.4000000000000011324 ) ) ;
#44 = DIRECTION ( 'NONE',  ( 0.000000000000000000, -1.000000000000000000, 0.000000000000000000 ) ) ;
#45 = ORIENTED_EDGE ( 'NONE', *, *, #159, .F. ) ;
#46 = VECTOR ( 'NONE', #1430, 1000.000000000000000 ) ;
#47 = AXIS2_PLACEMENT_3D ( 'NONE', #4634, #1457, #3391 ) ;
#48 = DIRECTION ( 'NONE',  ( 1.000000000000000000, 0.000000000000000000, 0.000000000000000000 ) ) ;
#49 = EDGE_CURVE ( 'NONE', #2748, #7805, #1807, .T. ) ;
#50 = VECTOR ( 'NONE', #4199, 1000.000000000000000 ) ;
#51 = EDGE_CURVE ( 'NONE', #2320, #3625, #1315, .T. ) ;
#52 = VECTOR ( 'NONE', #3590, 1000.000000000000114 ) ;
#53 = EDGE_LOOP ( 'NONE', ( #3084, #5247, #2037, #4289, #2062 ) ) ;
#54 = AXIS2_PLACEMENT_3D ( 'NONE', #1036, #8223, #1879 ) ;
#55 = CYLINDRICAL_SURFACE ( 'NONE', #3469, 2.399689706053560911 ) ;
#56 = VECTOR ( 'NONE', #6402, 1000.000000000000000 ) ;
#57 = DIRECTION ( 'NONE',  ( -1.000000000000000000, 0.000000000000000000, 0.000000000000000000 ) ) ;
#58 = EDGE_CURVE ( 'NONE', #8256, #4334, #527, .T. ) ;
#59 = ORIENTED_EDGE ( 'NONE', *, *, #4228, .F. ) ;
#60 = DIRECTION ( 'NONE',  ( -1.275531967630005245E-16, -1.000000000000000000, 0.000000000000000000 ) ) ;
#61 = DIRECTION ( 'NONE',  ( 0.000000000000000000, 1.000000000000000000, 0.000000000000000000 ) ) ;
#62 = VERTEX_POINT ( 'NONE', #7128 ) ;
#63 = PLANE ( 'NONE',  #2958 ) ;
#64 = CARTESIAN_POINT ( 'NONE',  ( -7.699999999999989519, 0.000000000000000000, -6.250000000000000000 ) ) ;
#65 = EDGE_CURVE ( 'NONE', #3846, #7522, #7776, .T. ) ;
#66 = DIRECTION ( 'NONE',  ( 2.971233746154280690E-32, -1.204669080539449097E-16, 1.000000000000000000 ) ) ;
#67 = PLANE ( 'NONE',  #1976 ) ;
#68 = ORIENTED_EDGE ( 'NONE', *, *, #2745, .T. ) ;
#69 = VERTEX_POINT ( 'NONE', #7862 ) ;
#70 = AXIS2_PLACEMENT_3D ( 'NONE', #2458, #2292, #3713 ) ;
#71 = EDGE_LOOP ( 'NONE', ( #107, #7014, #6530, #8466, #2456, #4595, #3319, #3327 ) ) ;
#72 = CARTESIAN_POINT ( 'NONE',  ( 6.693333656463232195, 4.951957032146057536, -4.100000000000000533 ) ) ;
#73 = VECTOR ( 'NONE', #3115, 1000.000000000000000 ) ;
#74 = LINE ( 'NONE', #4026, #901 ) ;
#75 = EDGE_CURVE ( 'NONE', #3343, #5102, #10, .T. ) ;
#76 = DIRECTION ( 'NONE',  ( -1.232115609489269207E-16, -1.000000000000000000, -0.000000000000000000 ) ) ;
#77 = EDGE_LOOP ( 'NONE', ( #2734, #3018, #1594, #5971 ) ) ;
#78 = DIRECTION ( 'NONE',  ( -0.7798598600361773547, -0.6259541506407267919, 0.000000000000000000 ) ) ;
#79 = DIRECTION ( 'NONE',  ( -0.6259541506407273470, -0.7798598600361770217, 0.000000000000000000 ) ) ;
#80 = DIRECTION ( 'NONE',  ( 0.000000000000000000, 0.000000000000000000, 1.000000000000000000 ) ) ;
#81 = LINE ( 'NONE', #7414, #1668 ) ;
#82 = AXIS2_PLACEMENT_3D ( 'NONE', #214, #4766, #2100 ) ;
#83 = FACE_OUTER_BOUND ( 'NONE', #4622, .T. ) ;
#84 = ORIENTED_EDGE ( 'NONE', *, *, #1587, .T. ) ;
#85 = EDGE_CURVE ( 'NONE', #7674, #4352, #5244, .T. ) ;
#86 = EDGE_CURVE ( 'NONE', #1893, #6177, #1492, .T. ) ;
#87 = DIRECTION ( 'NONE',  ( 0.000000000000000000, 0.000000000000000000, -1.000000000000000000 ) ) ;
#88 = ORIENTED_EDGE ( 'NONE', *, *, #4136, .F. ) ;
#89 = CARTESIAN_POINT ( 'NONE',  ( 0.7954951288348675043, 8.497398089978590363, -3.654908379606660596 ) ) ;
#90 = DIRECTION ( 'NONE',  ( -0.000000000000000000, -0.000000000000000000, -1.000000000000000000 ) ) ;
#91 = VERTEX_POINT ( 'NONE', #7365 ) ;
#92 = CARTESIAN_POINT ( 'NONE',  ( 2.321425231206986073, 8.399557385839587553, -3.654908379606660596 ) ) ;
#93 = DIRECTION ( 'NONE',  ( 0.000000000000000000, 1.000000000000000000, 0.000000000000000000 ) ) ;
#94 = FACE_BOUND ( 'NONE', #4260, .T. ) ;
#95 = ORIENTED_EDGE ( 'NONE', *, *, #332, .T. ) ;
#96 = DIRECTION ( 'NONE',  ( 0.000000000000000000, -0.000000000000000000, -1.000000000000000000 ) ) ;
#97 = DIRECTION ( 'NONE',  ( 0.000000000000000000, 0.000000000000000000, 1.000000000000000000 ) ) ;
#98 = ORIENTED_EDGE ( 'NONE', *, *, #3321, .T. ) ;
#99 = CARTESIAN_POINT ( 'NONE',  ( -4.472271824131504481, 8.320621394681953831, 7.900000000000000355 ) ) ;
#100 = VECTOR ( 'NONE', #5232, 1000.000000000000000 ) ;
#101 = CARTESIAN_POINT ( 'NONE',  ( -0.8750000000000000000, 10.00000000000000000, 1.100000000000001199 ) ) ;
#102 = ORIENTED_EDGE ( 'NONE', *, *, #5452, .F. ) ;
#103 = FACE_OUTER_BOUND ( 'NONE', #5388, .T. ) ;
#104 = DIRECTION ( 'NONE',  ( -0.000000000000000000, -0.000000000000000000, 1.000000000000000000 ) ) ;
#105 = DIRECTION ( 'NONE',  ( 0.000000000000000000, -0.2588190451025115246, -0.9659258262890707547 ) ) ;
#106 = VECTOR ( 'NONE', #3520, 1000.000000000000000 ) ;
#107 = ORIENTED_EDGE ( 'NONE', *, *, #637, .T. ) ;
#108 = EDGE_LOOP ( 'NONE', ( #6597, #2168, #4722, #2381 ) ) ;
#109 = EDGE_CURVE ( 'NONE', #8184, #4043, #2082, .T. ) ;
#110 = EDGE_LOOP ( 'NONE', ( #6107, #1379, #1801, #7084, #3111, #6459, #702, #1774, #7174, #1617, #938, #6057 ) ) ;
#111 = PLANE ( 'NONE',  #3103 ) ;
#112 = LINE ( 'NONE', #4665, #3224 ) ;
#113 = DIRECTION ( 'NONE',  ( -0.000000000000000000, -0.000000000000000000, 1.000000000000000000 ) ) ;
#114 = ORIENTED_EDGE ( 'NONE', *, *, #1235, .F. ) ;
#115 = ADVANCED_FACE ( 'NONE', ( #5383 ), #5432, .T. ) ;
#116 = ADVANCED_FACE ( 'NONE', ( #8048 ), #7881, .F. ) ;
#117 = DIRECTION ( 'NONE',  ( -1.000000000000000000, 8.854317741964939204E-15, 0.000000000000000000 ) ) ;
#118 =( REPRESENTATION_RELATIONSHIP ('NONE','NONE', #5213, #4283 ) REPRESENTATION_RELATIONSHIP_WITH_TRANSFORMATION ( #3849 )SHAPE_REPRESENTATION_RELATIONSHIP( ) );
#119 = DIRECTION ( 'NONE',  ( -0.000000000000000000, -0.000000000000000000, -1.000000000000000000 ) ) ;
#120 = VECTOR ( 'NONE', #7664, 1000.000000000000000 ) ;
#121 = PRODUCT_CONTEXT ( 'NONE', #1751, 'mechanical' ) ;
#122 = DIRECTION ( 'NONE',  ( -0.000000000000000000, -0.000000000000000000, 1.000000000000000000 ) ) ;
#123 = CARTESIAN_POINT ( 'NONE',  ( 8.673617379884160704E-16, 0.8000000000000100364, -4.100000000000000533 ) ) ;
#124 = ORIENTED_EDGE ( 'NONE', *, *, #5004, .T. ) ;
#125 = AXIS2_PLACEMENT_3D ( 'NONE', #4219, #2104, #2189 ) ;
#126 = DIRECTION ( 'NONE',  ( 0.000000000000000000, -0.000000000000000000, -1.000000000000000000 ) ) ;
#127 = ADVANCED_BREP_SHAPE_REPRESENTATION ( '', ( #770, #7933 ), #5729 ) ;
#128 = ORIENTED_EDGE ( 'NONE', *, *, #6501, .T. ) ;
#129 = CARTESIAN_POINT ( 'NONE',  ( -0.9000000000000001332, 1.671642880836137691E-15, 6.100000000000001421 ) ) ;
#130 = CARTESIAN_POINT ( 'NONE',  ( -2.812186117670662622, 10.19792651016505936, -4.100000000000000533 ) ) ;
#131 = EDGE_LOOP ( 'NONE', ( #45, #5712, #8229, #6620 ) ) ;
#132 = CARTESIAN_POINT ( 'NONE',  ( 2.812186117670662622, 10.19792651016505580, -4.100000000000000533 ) ) ;
#133 = CARTESIAN_POINT ( 'NONE',  ( 0.000000000000000000, 2.799999999999997602, -6.250000000000000000 ) ) ;
#134 = DIRECTION ( 'NONE',  ( 1.000000000000000000, 0.000000000000000000, 0.000000000000000000 ) ) ;
#135 = ORIENTED_EDGE ( 'NONE', *, *, #5599, .T. ) ;
#136 = DIRECTION ( 'NONE',  ( -0.000000000000000000, -0.000000000000000000, -1.000000000000000000 ) ) ;
#137 = FACE_OUTER_BOUND ( 'NONE', #7185, .T. ) ;
#138 = ORIENTED_EDGE ( 'NONE', *, *, #6337, .F. ) ;
#139 = DIRECTION ( 'NONE',  ( -0.000000000000000000, -0.000000000000000000, 1.000000000000000000 ) ) ;
#140 = ORIENTED_EDGE ( 'NONE', *, *, #8204, .T. ) ;
#141 = CARTESIAN_POINT ( 'NONE',  ( 0.000000000000000000, 10.00000000000000000, 6.100000000000001421 ) ) ;
#142 = DIRECTION ( 'NONE',  ( 1.000000000000000000, 0.000000000000000000, 0.000000000000000000 ) ) ;
#143 = FACE_OUTER_BOUND ( 'NONE', #5081, .T. ) ;
#144 = EDGE_CURVE ( 'NONE', #4234, #455, #8003, .T. ) ;
#145 = ORIENTED_EDGE ( 'NONE', *, *, #7408, .F. ) ;
#146 = ORIENTED_EDGE ( 'NONE', *, *, #1847, .T. ) ;
#147 = ORIENTED_EDGE ( 'NONE', *, *, #7944, .F. ) ;
#148 = LINE ( 'NONE', #6588, #761 ) ;
#149 = EDGE_CURVE ( 'NONE', #6139, #2283, #74, .T. ) ;
#150 = CARTESIAN_POINT ( 'NONE',  ( -1.000000000000000000, 8.000000000000000000, -6.250000000000001776 ) ) ;
#151 = EDGE_CURVE ( 'NONE', #891, #2651, #6716, .T. ) ;
#152 = EDGE_CURVE ( 'NONE', #3189, #4942, #2005, .T. ) ;
#153 = EDGE_LOOP ( 'NONE', ( #1031, #5467, #3801, #13 ) ) ;
#154 = LINE ( 'NONE', #3345, #8131 ) ;
#155 = FACE_OUTER_BOUND ( 'NONE', #7894, .T. ) ;
#156 = CARTESIAN_POINT ( 'NONE',  ( 0.000000000000000000, 10.00000000000000000, 1.100000000000001199 ) ) ;
#157 = EDGE_CURVE ( 'NONE', #6685, #3828, #3987, .T. ) ;
#158 = CARTESIAN_POINT ( 'NONE',  ( -7.300000000000002487, 2.799999999999992717, -4.100000000000000533 ) ) ;
#159 = EDGE_CURVE ( 'NONE', #5060, #2664, #1453, .T. ) ;
#160 = VERTEX_POINT ( 'NONE', #848 ) ;
#161 = DIRECTION ( 'NONE',  ( 1.000000000000000000, 0.000000000000000000, 0.000000000000000000 ) ) ;
#162 = ORIENTED_EDGE ( 'NONE', *, *, #4964, .T. ) ;
#163 = DIRECTION ( 'NONE',  ( -0.000000000000000000, -0.000000000000000000, 1.000000000000000000 ) ) ;
#164 = CARTESIAN_POINT ( 'NONE',  ( -1.000000000000000000, 7.249999999999999112, -6.250000000000000000 ) ) ;
#165 = CIRCLE ( 'NONE', #3756, 1.099999999937973483 ) ;
#166 = VERTEX_POINT ( 'NONE', #2822 ) ;
#167 = FACE_OUTER_BOUND ( 'NONE', #1112, .T. ) ;
#168 = DIRECTION ( 'NONE',  ( -0.7071067811865487940, 0.7071067811865463515, 0.000000000000000000 ) ) ;
#169 = DIRECTION ( 'NONE',  ( 0.7071067811865487940, 0.7071067811865463515, 0.000000000000000000 ) ) ;
#170 = CIRCLE ( 'NONE', #2112, 0.9999999999999974465 ) ;
#171 = AXIS2_PLACEMENT_3D ( 'NONE', #1753, #1789, #3042 ) ;
#172 = VECTOR ( 'NONE', #2427, 1000.000000000000000 ) ;
#173 = ORIENTED_EDGE ( 'NONE', *, *, #1012, .T. ) ;
#174 = CARTESIAN_POINT ( 'NONE',  ( -2.625568880007499217, 10.15344850294593115, -3.654908379606684576 ) ) ;
#175 = LINE ( 'NONE', #7431, #1293 ) ;
#176 = CIRCLE ( 'NONE', #1285, 0.8000000000000012657 ) ;
#177 = VERTEX_POINT ( 'NONE', #1370 ) ;
#178 = CIRCLE ( 'NONE', #5256, 2.000000000000011102 ) ;
#179 = CARTESIAN_POINT ( 'NONE',  ( -4.472271824131504481, 8.320621394681950278, 1.100000000000001199 ) ) ;
#180 = DIRECTION ( 'NONE',  ( -2.712609697133924531E-16, 1.000000000000000000, 0.000000000000000000 ) ) ;
#181 = ORIENTED_EDGE ( 'NONE', *, *, #795, .F. ) ;
#182 = AXIS2_PLACEMENT_3D ( 'NONE', #2425, #4403, #5035 ) ;
#183 = DIRECTION ( 'NONE',  ( -3.097720492815731110E-16, 1.000000000000000000, 0.000000000000000000 ) ) ;
#184 = PLANE ( 'NONE',  #7990 ) ;
#185 = UNCERTAINTY_MEASURE_WITH_UNIT (LENGTH_MEASURE( 1.000000000000000082E-05 ), #5449, 'distance_accuracy_value', 'NONE');
#186 = FACE_OUTER_BOUND ( 'NONE', #8018, .T. ) ;
#187 = VECTOR ( 'NONE', #8215, 1000.000000000000000 ) ;
#188 = VECTOR ( 'NONE', #7681, 1000.000000000000000 ) ;
#189 = ORIENTED_EDGE ( 'NONE', *, *, #6629, .T. ) ;
#190 = ORIENTED_EDGE ( 'NONE', *, *, #159, .T. ) ;
#191 = ADVANCED_FACE ( 'NONE', ( #681 ), #3461, .F. ) ;
#192 = VECTOR ( 'NONE', #1099, 1000.000000000000000 ) ;
#193 = EDGE_CURVE ( 'NONE', #4467, #872, #148, .T. ) ;
#194 = ORIENTED_EDGE ( 'NONE', *, *, #2302, .T. ) ;
#195 = SURFACE_STYLE_FILL_AREA ( #4698 ) ;
#196 = AXIS2_PLACEMENT_3D ( 'NONE', #1445, #2766, #4148 ) ;
#197 = VERTEX_POINT ( 'NONE', #2736 ) ;
#198 = DIRECTION ( 'NONE',  ( -0.000000000000000000, -0.000000000000000000, 1.000000000000000000 ) ) ;
#199 = VECTOR ( 'NONE', #7937, 1000.000000000000000 ) ;
#200 = DIRECTION ( 'NONE',  ( -1.000000000000000000, 0.000000000000000000, -0.000000000000000000 ) ) ;
#201 = ORIENTED_EDGE ( 'NONE', *, *, #7597, .F. ) ;
#202 = VECTOR ( 'NONE', #277, 1000.000000000000000 ) ;
#203 = AXIS2_PLACEMENT_3D ( 'NONE', #2171, #8210, #241 ) ;
#204 = CARTESIAN_POINT ( 'NONE',  ( 5.199844853026783120, 4.235050948740416210, -6.250000000000000000 ) ) ;
#205 = CARTESIAN_POINT ( 'NONE',  ( -2.800155146973221765, 4.235050948740416210, -4.599999999999999645 ) ) ;
#206 = DIRECTION ( 'NONE',  ( -1.000000000000000000, -1.085043878853569812E-15, 0.000000000000000000 ) ) ;
#207 = CIRCLE ( 'NONE', #4996, 0.8877928962701178150 ) ;
#208 = DIRECTION ( 'NONE',  ( -1.000000000000000000, 0.000000000000000000, 0.000000000000000000 ) ) ;
#209 = ORIENTED_EDGE ( 'NONE', *, *, #7004, .T. ) ;
#210 = LINE ( 'NONE', #4764, #1418 ) ;
#211 = EDGE_CURVE ( 'NONE', #6317, #4975, #4072, .T. ) ;
#212 = ORIENTED_EDGE ( 'NONE', *, *, #7056, .T. ) ;
#213 = EDGE_CURVE ( 'NONE', #5453, #7797, #5945, .T. ) ;
#214 = CARTESIAN_POINT ( 'NONE',  ( 9.200000000000001066, 2.799999999999997602, -6.250000000000000000 ) ) ;
#215 = CARTESIAN_POINT ( 'NONE',  ( 2.500000000000000000, 9.947350469337287393, -6.250000000000000000 ) ) ;
#216 = AXIS2_PLACEMENT_3D ( 'NONE', #3371, #617, #8358 ) ;
#217 = ORIENTED_EDGE ( 'NONE', *, *, #6893, .F. ) ;
#218 = PLANE ( 'NONE',  #677 ) ;
#219 = DIRECTION ( 'NONE',  ( -0.000000000000000000, -0.000000000000000000, -1.000000000000000000 ) ) ;
#220 = CARTESIAN_POINT ( 'NONE',  ( 0.1998448530267813716, -2.435462980828992484E-17, -5.100000000000001421 ) ) ;
#221 = DIRECTION ( 'NONE',  ( 1.000000000000000000, 0.000000000000000000, 0.000000000000000000 ) ) ;
#222 = VECTOR ( 'NONE', #21, 1000.000000000000000 ) ;
#223 = EDGE_LOOP ( 'NONE', ( #4540, #1784, #7820, #303 ) ) ;
#224 = CARTESIAN_POINT ( 'NONE',  ( -0.7999999999999993783, 19.50000000000000000, 6.100000000000001421 ) ) ;
#225 = EDGE_CURVE ( 'NONE', #6727, #2280, #3387, .T. ) ;
#226 = CARTESIAN_POINT ( 'NONE',  ( -10.00000000000000355, 3.851859888774471706E-31, -2.800000000000000266 ) ) ;
#227 = EDGE_LOOP ( 'NONE', ( #7622, #6204, #4119, #140, #3838, #3414, #5709, #7335, #3797 ) ) ;
#228 = CARTESIAN_POINT ( 'NONE',  ( 0.9000000000000001332, 2.002297516605922670E-15, 6.100000000000001421 ) ) ;
#229 = DIRECTION ( 'NONE',  ( 1.000000000000000000, 0.000000000000000000, 0.000000000000000000 ) ) ;
#230 = ORIENTED_EDGE ( 'NONE', *, *, #7280, .T. ) ;
#231 = SHAPE_REPRESENTATION ( 'SDS-50J_6', ( #7933 ), #538 ) ;
#232 = CARTESIAN_POINT ( 'NONE',  ( 3.500000000000002220, 9.999999999999998224, 7.900000000000025224 ) ) ;
#233 = CARTESIAN_POINT ( 'NONE',  ( -5.199844853026783120, 2.799999999999993605, -4.599999999999999645 ) ) ;
#234 = PRODUCT_DEFINITION_CONTEXT ( 'detailed design', #5149, 'design' ) ;
#235 = CARTESIAN_POINT ( 'NONE',  ( -3.334816353806960176, 10.87229042737958196, -3.654908379606684576 ) ) ;
#236 = ORIENTED_EDGE ( 'NONE', *, *, #746, .F. ) ;
#237 = ORIENTED_EDGE ( 'NONE', *, *, #4790, .F. ) ;
#238 = AXIS2_PLACEMENT_3D ( 'NONE', #7762, #7072, #8311 ) ;
#239 = ORIENTED_EDGE ( 'NONE', *, *, #1358, .T. ) ;
#240 = PLANE ( 'NONE',  #7189 ) ;
#241 = DIRECTION ( 'NONE',  ( -0.5947568674407585076, 0.8039056341586716670, 0.000000000000000000 ) ) ;
#242 = DIRECTION ( 'NONE',  ( 1.000000000000000000, 0.000000000000000000, -0.000000000000000000 ) ) ;
#243 = DIRECTION ( 'NONE',  ( -1.000000000000000000, 0.000000000000000000, -0.000000000000000000 ) ) ;
#244 = EDGE_CURVE ( 'NONE', #4085, #1490, #112, .T. ) ;
#245 = VERTEX_POINT ( 'NONE', #5986 ) ;
#246 = DIRECTION ( 'NONE',  ( 0.7071067811865487940, -0.7071067811865463515, 0.000000000000000000 ) ) ;
#247 = LINE ( 'NONE', #2874, #1206 ) ;
#248 = DIRECTION ( 'NONE',  ( -1.085043878853569812E-15, 1.000000000000000000, 0.000000000000000000 ) ) ;
#249 = DIRECTION ( 'NONE',  ( 0.000000000000000000, 1.000000000000000000, -0.000000000000000000 ) ) ;
#250 = ORIENTED_EDGE ( 'NONE', *, *, #1131, .T. ) ;
#251 = LINE ( 'NONE', #8100, #2932 ) ;
#252 = VECTOR ( 'NONE', #4337, 1000.000000000000000 ) ;
#253 = VERTEX_POINT ( 'NONE', #5340 ) ;
#254 = CARTESIAN_POINT ( 'NONE',  ( 7.416198487095662095, 6.999999999999999112, 1.100000000000001199 ) ) ;
#255 = CARTESIAN_POINT ( 'NONE',  ( 4.800155146973215992, -3.366025403784443260, -6.599999999999996092 ) ) ;
#256 = ORIENTED_EDGE ( 'NONE', *, *, #4351, .F. ) ;
#257 = LINE ( 'NONE', #4377, #529 ) ;
#258 = LINE ( 'NONE', #133, #815 ) ;
#259 = FILL_AREA_STYLE_COLOUR ( '', #7470 ) ;
#260 = DIRECTION ( 'NONE',  ( 0.000000000000000000, 0.000000000000000000, 1.000000000000000000 ) ) ;
#261 = ADVANCED_FACE ( 'NONE', ( #6674 ), #808, .F. ) ;
#262 = EDGE_CURVE ( 'NONE', #1028, #620, #1614, .T. ) ;
#263 = DIRECTION ( 'NONE',  ( 1.000000000000000000, 0.000000000000000000, -0.000000000000000000 ) ) ;
#264 = CARTESIAN_POINT ( 'NONE',  ( 7.699999999999997513, 2.799999999999997602, -4.100000000000000533 ) ) ;
#265 = ORIENTED_EDGE ( 'NONE', *, *, #7642, .T. ) ;
#266 = PRODUCT_DEFINITION_FORMATION_WITH_SPECIFIED_SOURCE ( 'ANY', '', #2134, .NOT_KNOWN. ) ;
#267 = CARTESIAN_POINT ( 'NONE',  ( 2.625568880007502770, 10.15344850294593115, -3.654908379606665481 ) ) ;
#268 = DIRECTION ( 'NONE',  ( -4.336808689942037951E-16, 1.000000000000000000, 0.000000000000000000 ) ) ;
#269 = ORIENTED_EDGE ( 'NONE', *, *, #3983, .F. ) ;
#270 = CARTESIAN_POINT ( 'NONE',  ( -2.612207103729881741, 9.999999999999998224, -3.654908379606684576 ) ) ;
#271 = EDGE_CURVE ( 'NONE', #1158, #1442, #6111, .T. ) ;
#272 =( NAMED_UNIT ( * ) SI_UNIT ( $, .STERADIAN. ) SOLID_ANGLE_UNIT ( ) );
#273 = EDGE_CURVE ( 'NONE', #7097, #1717, #3547, .T. ) ;
#274 = ORIENTED_EDGE ( 'NONE', *, *, #7358, .T. ) ;
#275 = ORIENTED_EDGE ( 'NONE', *, *, #5164, .T. ) ;
#276 = EDGE_LOOP ( 'NONE', ( #8232, #5115, #1367, #3574, #7640, #8148, #1641, #566, #2344, #1336, #8112, #3167, #5167, #3255, #752, #8257, #5014, #4193, #8209, #7483, #201, #3694, #2788, #7339, #2412, #6984, #2980, #2981 ) ) ;
#277 = DIRECTION ( 'NONE',  ( 0.000000000000000000, 0.000000000000000000, 1.000000000000000000 ) ) ;
#278 = DIRECTION ( 'NONE',  ( 1.000000000000000000, 0.000000000000000000, 0.000000000000000000 ) ) ;
#279 = FACE_OUTER_BOUND ( 'NONE', #1727, .T. ) ;
#280 = FACE_OUTER_BOUND ( 'NONE', #4607, .T. ) ;
#281 = ADVANCED_FACE ( 'NONE', ( #5554 ), #3673, .F. ) ;
#282 = ORIENTED_EDGE ( 'NONE', *, *, #7022, .F. ) ;
#283 = DIRECTION ( 'NONE',  ( -0.000000000000000000, 0.2588190451025131900, -0.9659258262890703106 ) ) ;
#284 = DIRECTION ( 'NONE',  ( -0.7071067811865454633, 0.7071067811865496822, 0.000000000000000000 ) ) ;
#285 = LINE ( 'NONE', #2961, #7994 ) ;
#286 = EDGE_LOOP ( 'NONE', ( #6519, #1743, #1939, #189 ) ) ;
#287 = EDGE_CURVE ( 'NONE', #2690, #3650, #6905, .T. ) ;
#288 = CARTESIAN_POINT ( 'NONE',  ( -3.374459510989180822E-31, 1.836970198721030378E-15, 5.300000000000000711 ) ) ;
#289 = EDGE_CURVE ( 'NONE', #7186, #5286, #7409, .T. ) ;
#290 = VERTEX_POINT ( 'NONE', #2864 ) ;
#291 = DIRECTION ( 'NONE',  ( 1.000000000000000000, 1.836970198721029441E-16, 0.000000000000000000 ) ) ;
#292 = CARTESIAN_POINT ( 'NONE',  ( 8.609923976848167015, 5.985126513463341347, 7.900000000000000355 ) ) ;
#293 = EDGE_LOOP ( 'NONE', ( #4266, #8042, #2109, #6490 ) ) ;
#294 = CARTESIAN_POINT ( 'NONE',  ( -7.699999999999989519, 2.799999999999992717, -6.250000000000000000 ) ) ;
#295 = ADVANCED_FACE ( 'NONE', ( #2294 ), #7560, .F. ) ;
#296 =( NAMED_UNIT ( * ) SI_UNIT ( $, .STERADIAN. ) SOLID_ANGLE_UNIT ( ) );
#297 = LINE ( 'NONE', #990, #4326 ) ;
#298 = CARTESIAN_POINT ( 'NONE',  ( 0.000000000000000000, 10.00000000000000000, 6.100000000000001421 ) ) ;
#299 = VECTOR ( 'NONE', #6381, 1000.000000000000000 ) ;
#300 = LINE ( 'NONE', #4967, #1958 ) ;
#301 = EDGE_CURVE ( 'NONE', #3201, #4751, #320, .T. ) ;
#302 = CARTESIAN_POINT ( 'NONE',  ( 10.00000000000000355, 2.245995058584956606E-15, 6.100000000000001421 ) ) ;
#303 = ORIENTED_EDGE ( 'NONE', *, *, #552, .T. ) ;
#304 = DIRECTION ( 'NONE',  ( -1.233747299724884832E-16, 1.000000000000000000, -0.000000000000000000 ) ) ;
#305 = FACE_OUTER_BOUND ( 'NONE', #387, .T. ) ;
#306 = EDGE_LOOP ( 'NONE', ( #3239, #1999, #5273, #1765, #3009 ) ) ;
#307 = ADVANCED_FACE ( 'NONE', ( #2950 ), #4317, .F. ) ;
#308 = FACE_OUTER_BOUND ( 'NONE', #1724, .T. ) ;
#309 = VECTOR ( 'NONE', #7010, 1000.000000000000114 ) ;
#310 = SURFACE_SIDE_STYLE ('',( #7598 ) ) ;
#311 = ORIENTED_EDGE ( 'NONE', *, *, #2563, .T. ) ;
#312 = ORIENTED_EDGE ( 'NONE', *, *, #6720, .T. ) ;
#313 = ADVANCED_FACE ( 'NONE', ( #4909 ), #363, .T. ) ;
#314 = CIRCLE ( 'NONE', #1006, 0.8877928962701181481 ) ;
#315 = VECTOR ( 'NONE', #4546, 1000.000000000000114 ) ;
#316 = AXIS2_PLACEMENT_3D ( 'NONE', #4064, #7266, #5978 ) ;
#317 = ORIENTED_EDGE ( 'NONE', *, *, #850, .F. ) ;
#318 = EDGE_CURVE ( 'NONE', #6801, #7138, #4271, .T. ) ;
#319 = ORIENTED_EDGE ( 'NONE', *, *, #2153, .T. ) ;
#320 = LINE ( 'NONE', #8089, #3914 ) ;
#321 = SHAPE_DEFINITION_REPRESENTATION ( #6151, #4283 ) ;
#322 = CARTESIAN_POINT ( 'NONE',  ( 0.000000000000000000, 6.999999999999999112, -4.599999999999999645 ) ) ;
#323 = CARTESIAN_POINT ( 'NONE',  ( 5.299999999999999822, 2.799999999999997602, -4.100000000000000533 ) ) ;
#324 = CIRCLE ( 'NONE', #2930, 0.8877928962701179261 ) ;
#325 = VECTOR ( 'NONE', #945, 1000.000000000000000 ) ;
#326 = VECTOR ( 'NONE', #1734, 1000.000000000000114 ) ;
#327 = AXIS2_PLACEMENT_3D ( 'NONE', #2052, #7929, #4796 ) ;
#328 = ORIENTED_EDGE ( 'NONE', *, *, #193, .F. ) ;
#329 = VECTOR ( 'NONE', #4350, 1000.000000000000000 ) ;
#330 = CARTESIAN_POINT ( 'NONE',  ( 9.609923976848163463, 5.985126513463341347, 7.900000000000000355 ) ) ;
#331 = AXIS2_PLACEMENT_3D ( 'NONE', #3570, #791, #2156 ) ;
#332 = EDGE_CURVE ( 'NONE', #6034, #2159, #6271, .T. ) ;
#333 = DIRECTION ( 'NONE',  ( 1.000000000000000000, 8.092595186784966097E-16, 2.168404344970954141E-16 ) ) ;
#334 = LINE ( 'NONE', #3474, #6484 ) ;
#335 = VERTEX_POINT ( 'NONE', #401 ) ;
#336 = CLOSED_SHELL ( 'NONE', ( #2566, #958, #1464, #1422, #857, #610, #2416, #2043, #3510, #4799, #5650, #2208, #5165, #1001, #1582, #4218 ) ) ;
#337 = CARTESIAN_POINT ( 'NONE',  ( 7.700000000000000178, 0.000000000000000000, -6.250000000000000000 ) ) ;
#338 = ORIENTED_EDGE ( 'NONE', *, *, #3040, .T. ) ;
#339 = DIRECTION ( 'NONE',  ( 1.000000000000000000, 0.000000000000000000, -0.000000000000000000 ) ) ;
#340 = ORIENTED_EDGE ( 'NONE', *, *, #5401, .T. ) ;
#341 = VECTOR ( 'NONE', #2948, 1000.000000000000000 ) ;
#342 = DIRECTION ( 'NONE',  ( -1.218676860545722770E-16, -1.000000000000000000, 0.000000000000000000 ) ) ;
#343 = SURFACE_STYLE_FILL_AREA ( #5692 ) ;
#344 = AXIS2_PLACEMENT_3D ( 'NONE', #2684, #7179, #6541 ) ;
#345 = CARTESIAN_POINT ( 'NONE',  ( 4.800155146973217768, 0.8000000000000008216, -4.100000000000000533 ) ) ;
#346 = EDGE_CURVE ( 'NONE', #1442, #5961, #4943, .T. ) ;
#347 = EDGE_CURVE ( 'NONE', #7219, #2431, #898, .T. ) ;
#348 = DIRECTION ( 'NONE',  ( -1.275531967630005245E-16, -1.000000000000000000, 0.000000000000000000 ) ) ;
#349 = CARTESIAN_POINT ( 'NONE',  ( -7.699999999999990408, 2.799999999999992717, -4.100000000000000533 ) ) ;
#350 = ORIENTED_EDGE ( 'NONE', *, *, #2835, .F. ) ;
#351 = CARTESIAN_POINT ( 'NONE',  ( 7.299999999999998934, 0.8000000000000019318, -4.599999999999999645 ) ) ;
#352 = DIRECTION ( 'NONE',  ( -0.000000000000000000, 0.000000000000000000, 1.000000000000000000 ) ) ;
#353 = EDGE_LOOP ( 'NONE', ( #3193, #7760, #5989, #8235 ) ) ;
#354 = DIRECTION ( 'NONE',  ( 0.000000000000000000, 0.000000000000000000, 1.000000000000000000 ) ) ;
#355 = AXIS2_PLACEMENT_3D ( 'NONE', #6737, #2802, #5415 ) ;
#356 = PRESENTATION_STYLE_ASSIGNMENT (( #1723 ) ) ;
#357 = ORIENTED_EDGE ( 'NONE', *, *, #4458, .F. ) ;
#358 = VERTEX_POINT ( 'NONE', #4825 ) ;
#359 = ORIENTED_EDGE ( 'NONE', *, *, #2139, .T. ) ;
#360 =( NAMED_UNIT ( * ) SI_UNIT ( $, .STERADIAN. ) SOLID_ANGLE_UNIT ( ) );
#361 = CARTESIAN_POINT ( 'NONE',  ( 0.000000000000000000, 0.000000000000000000, -6.250000000000000000 ) ) ;
#362 = ORIENTED_EDGE ( 'NONE', *, *, #4460, .T. ) ;
#363 = PLANE ( 'NONE',  #1311 ) ;
#364 =( NAMED_UNIT ( * ) PLANE_ANGLE_UNIT ( ) SI_UNIT ( $, .RADIAN. ) );
#365 = CARTESIAN_POINT ( 'NONE',  ( -4.800155146973217768, 0.7999999999999996003, -7.599999999999997868 ) ) ;
#366 = CARTESIAN_POINT ( 'NONE',  ( -10.00000000000000355, -3.366025403784456582, -6.599999999999997868 ) ) ;
#367 = VECTOR ( 'NONE', #5755, 1000.000000000000000 ) ;
#368 = VERTEX_POINT ( 'NONE', #7447 ) ;
#369 = EDGE_CURVE ( 'NONE', #5838, #6868, #1572, .T. ) ;
#370 = VECTOR ( 'NONE', #6526, 1000.000000000000000 ) ;
#371 = CARTESIAN_POINT ( 'NONE',  ( -9.200000000000001066, 2.799999999999998046, -6.250000000000000888 ) ) ;
#372 = DIRECTION ( 'NONE',  ( -0.000000000000000000, 0.000000000000000000, 1.000000000000000000 ) ) ;
#373 = ADVANCED_FACE ( 'NONE', ( #2255 ), #6148, .F. ) ;
#374 = CIRCLE ( 'NONE', #2165, 8.000000000000000000 ) ;
#375 = EDGE_CURVE ( 'NONE', #1531, #764, #7687, .T. ) ;
#376 = ORIENTED_EDGE ( 'NONE', *, *, #149, .T. ) ;
#377 = DIRECTION ( 'NONE',  ( 1.000000000000000000, 0.000000000000000000, 0.000000000000000000 ) ) ;
#378 = ORIENTED_EDGE ( 'NONE', *, *, #7152, .T. ) ;
#379 = ORIENTED_EDGE ( 'NONE', *, *, #1277, .F. ) ;
#380 = LINE ( 'NONE', #4959, #4647 ) ;
#381 = DIRECTION ( 'NONE',  ( 0.7798598600361759114, -0.6259541506407287903, 0.000000000000000000 ) ) ;
#382 = PLANE ( 'NONE',  #1692 ) ;
#383 = AXIS2_PLACEMENT_3D ( 'NONE', #4899, #8077, #2762 ) ;
#384 = VECTOR ( 'NONE', #1846, 1000.000000000000000 ) ;
#385 = DIRECTION ( 'NONE',  ( -1.224646799147353207E-16, -1.000000000000000000, 0.000000000000000000 ) ) ;
#386 = FACE_OUTER_BOUND ( 'NONE', #4918, .T. ) ;
#387 = EDGE_LOOP ( 'NONE', ( #619, #3043, #7784, #7277 ) ) ;
#388 = DIRECTION ( 'NONE',  ( 0.000000000000000000, 0.000000000000000000, -1.000000000000000000 ) ) ;
#389 = DIRECTION ( 'NONE',  ( -0.000000000000000000, -0.000000000000000000, 1.000000000000000000 ) ) ;
#390 = EDGE_LOOP ( 'NONE', ( #6706, #858, #539, #4995 ) ) ;
#391 = AXIS2_PLACEMENT_3D ( 'NONE', #6694, #8106, #1472 ) ;
#392 = CARTESIAN_POINT ( 'NONE',  ( 0.1998448530267816492, 2.799999999999998934, -6.250000000000000888 ) ) ;
#393 = CARTESIAN_POINT ( 'NONE',  ( -4.407966415290564655, 5.424564683621932559, -4.599999999999999645 ) ) ;
#394 = ORIENTED_EDGE ( 'NONE', *, *, #109, .F. ) ;
#395 = VERTEX_POINT ( 'NONE', #625 ) ;
#396 = PRODUCT_RELATED_PRODUCT_CATEGORY ( 'part', '', ( #2134 ) ) ;
#397 = ORIENTED_EDGE ( 'NONE', *, *, #2194, .T. ) ;
#398 = SURFACE_STYLE_USAGE ( .BOTH. , #1647 ) ;
#399 = DIRECTION ( 'NONE',  ( -0.5947568674407586187, 0.8039056341586715559, 0.000000000000000000 ) ) ;
#400 = EDGE_LOOP ( 'NONE', ( #275, #1118, #7592, #3001 ) ) ;
#401 = CARTESIAN_POINT ( 'NONE',  ( -7.699999999999992184, 2.799999999999994493, -4.599999999999999645 ) ) ;
#402 = APPLICATION_PROTOCOL_DEFINITION ( 'draft international standard', 'automotive_design', 1998, #2522 ) ;
#403 = CARTESIAN_POINT ( 'NONE',  ( -1.000000000000000000, 10.00000000000000000, -6.250000000000000000 ) ) ;
#404 = ADVANCED_FACE ( 'NONE', ( #8328 ), #1862, .F. ) ;
#405 = DIRECTION ( 'NONE',  ( -0.7071067811865483499, 0.7071067811865467956, 0.000000000000000000 ) ) ;
#406 = VERTEX_POINT ( 'NONE', #8289 ) ;
#407 = EDGE_CURVE ( 'NONE', #7720, #5365, #8365, .T. ) ;
#408 = UNCERTAINTY_MEASURE_WITH_UNIT (LENGTH_MEASURE( 1.000000000000000082E-05 ), #5293, 'distance_accuracy_value', 'NONE');
#409 = ADVANCED_FACE ( 'NONE', ( #6448 ), #8242, .T. ) ;
#410 = DIRECTION ( 'NONE',  ( 0.7071067811865496822, 0.7071067811865454633, 0.000000000000000000 ) ) ;
#411 = ADVANCED_FACE ( 'NONE', ( #2551 ), #3716, .F. ) ;
#412 = CARTESIAN_POINT ( 'NONE',  ( -5.299999999999990941, 2.799999999999992717, -4.599999999999999645 ) ) ;
#413 = ORIENTED_EDGE ( 'NONE', *, *, #4267, .T. ) ;
#414 = ORIENTED_EDGE ( 'NONE', *, *, #5901, .T. ) ;
#415 = LINE ( 'NONE', #1110, #7304 ) ;
#416 = ORIENTED_EDGE ( 'NONE', *, *, #2794, .T. ) ;
#417 = EDGE_CURVE ( 'NONE', #4141, #6354, #1097, .T. ) ;
#418 = EDGE_LOOP ( 'NONE', ( #1909, #2609, #6447, #4281 ) ) ;
#419 = FACE_OUTER_BOUND ( 'NONE', #437, .T. ) ;
#420 = ADVANCED_FACE ( 'NONE', ( #7051 ), #2461, .F. ) ;
#421 = PRESENTATION_STYLE_ASSIGNMENT (( #4413 ) ) ;
#422 = FACE_OUTER_BOUND ( 'NONE', #1889, .T. ) ;
#423 = PLANE ( 'NONE',  #6752 ) ;
#424 = EDGE_LOOP ( 'NONE', ( #7428, #59, #6389, #4958 ) ) ;
#425 = DIRECTION ( 'NONE',  ( 0.000000000000000000, 0.000000000000000000, 1.000000000000000000 ) ) ;
#426 = VERTEX_POINT ( 'NONE', #1137 ) ;
#427 = DIRECTION ( 'NONE',  ( -1.000000000000000000, 0.000000000000000000, 0.000000000000000000 ) ) ;
#428 = CARTESIAN_POINT ( 'NONE',  ( 1.969028027992764107, 8.721166065210621099, -4.100000000000000533 ) ) ;
#429 = VERTEX_POINT ( 'NONE', #1732 ) ;
#430 = DIRECTION ( 'NONE',  ( 1.262516554967624637E-15, 1.000000000000000000, 0.000000000000000000 ) ) ;
#431 = CARTESIAN_POINT ( 'NONE',  ( 5.199844853026781344, 4.235050948740416210, -4.100000000000000533 ) ) ;
#432 = VERTEX_POINT ( 'NONE', #2503 ) ;
#433 = PRODUCT_DEFINITION_SHAPE ( 'NONE', 'NONE',  #8479 ) ;
#434 = ORIENTED_EDGE ( 'NONE', *, *, #3019, .T. ) ;
#435 = ORIENTED_EDGE ( 'NONE', *, *, #5601, .F. ) ;
#436 = DIRECTION ( 'NONE',  ( -1.000000000000000000, 5.149960319306187871E-15, 0.000000000000000000 ) ) ;
#437 = EDGE_LOOP ( 'NONE', ( #5475, #1111, #7826, #1950 ) ) ;
#438 = AXIS2_PLACEMENT_3D ( 'NONE', #7233, #6676, #200 ) ;
#439 = CARTESIAN_POINT ( 'NONE',  ( 1.602583306773337046, 7.690309912040123486, 7.900000000000000355 ) ) ;
#440 = PRODUCT_CONTEXT ( 'NONE', #6140, 'mechanical' ) ;
#441 = DIRECTION ( 'NONE',  ( -1.000000000000000000, 0.000000000000000000, 0.000000000000000000 ) ) ;
#442 = CARTESIAN_POINT ( 'NONE',  ( -3.665183646193037159, 9.127709572620416267, 1.100000000000001199 ) ) ;
#444 = ADVANCED_FACE ( 'NONE', ( #574 ), #6962, .F. ) ;
#443 = VECTOR ( 'NONE', #4297, 1000.000000000000000 ) ;
#445 = VECTOR ( 'NONE', #5139, 1000.000000000000000 ) ;
#446 = ADVANCED_FACE ( 'NONE', ( #6494 ), #3065, .F. ) ;
#447 = ORIENTED_EDGE ( 'NONE', *, *, #8181, .F. ) ;
#448 = VECTOR ( 'NONE', #3900, 1000.000000000000000 ) ;
#449 = AXIS2_PLACEMENT_3D ( 'NONE', #7079, #6296, #430 ) ;
#450 = CARTESIAN_POINT ( 'NONE',  ( 2.999999999999999556, 1.500000000000002220, 5.500000000000000888 ) ) ;
#451 = VECTOR ( 'NONE', #6847, 1000.000000000000000 ) ;
#452 = DIRECTION ( 'NONE',  ( -0.000000000000000000, -0.000000000000000000, 1.000000000000000000 ) ) ;
#453 = VECTOR ( 'NONE', #1522, 1000.000000000000000 ) ;
#454 = CARTESIAN_POINT ( 'NONE',  ( 0.000000000000000000, 10.00000000000000000, 1.100000000000001199 ) ) ;
#455 = VERTEX_POINT ( 'NONE', #6408 ) ;
#456 = AXIS2_PLACEMENT_3D ( 'NONE', #454, #673, #3294 ) ;
#457 = CIRCLE ( 'NONE', #331, 0.9250000000000030420 ) ;
#458 = CARTESIAN_POINT ( 'NONE',  ( 7.299999999999999822, 2.799999999999997602, -4.100000000000000533 ) ) ;
#459 = ORIENTED_EDGE ( 'NONE', *, *, #7278, .F. ) ;
#460 = ORIENTED_EDGE ( 'NONE', *, *, #3697, .T. ) ;
#461 = CARTESIAN_POINT ( 'NONE',  ( -10.00000000000000355, -3.366025403784456138, -6.599999999999996980 ) ) ;
#462 = DIRECTION ( 'NONE',  ( 0.000000000000000000, 0.2588190451025209060, 0.9659258262890682012 ) ) ;
#463 = DIRECTION ( 'NONE',  ( 0.000000000000000000, 0.000000000000000000, 1.000000000000000000 ) ) ;
#464 = VECTOR ( 'NONE', #2042, 1000.000000000000000 ) ;
#465 = EDGE_CURVE ( 'NONE', #7960, #524, #4361, .T. ) ;
#466 = DIRECTION ( 'NONE',  ( 3.903127820947829373E-15, -1.000000000000000000, 0.000000000000000000 ) ) ;
#467 = PRESENTATION_LAYER_ASSIGNMENT (  '', '', ( #3368 ) ) ;
#468 = ORIENTED_EDGE ( 'NONE', *, *, #3509, .T. ) ;
#469 = CARTESIAN_POINT ( 'NONE',  ( -0.9999999999999995559, 3.071796769724489895, 5.300000000000000711 ) ) ;
#470 = FACE_OUTER_BOUND ( 'NONE', #1254, .T. ) ;
#471 = AXIS2_PLACEMENT_3D ( 'NONE', #4220, #2032, #7821 ) ;
#472 = ORIENTED_EDGE ( 'NONE', *, *, #580, .T. ) ;
#473 = CARTESIAN_POINT ( 'NONE',  ( 8.000000000000000000, 10.00000000000000000, 1.100000000000001199 ) ) ;
#474 = CARTESIAN_POINT ( 'NONE',  ( -2.280971972007238335, 8.971547725466914258, -7.500000000000001776 ) ) ;
#475 = ORIENTED_EDGE ( 'NONE', *, *, #1284, .F. ) ;
#476 = FACE_OUTER_BOUND ( 'NONE', #3796, .T. ) ;
#477 = LINE ( 'NONE', #8354, #7701 ) ;
#478 = VECTOR ( 'NONE', #5972, 1000.000000000000000 ) ;
#479 = ORIENTED_EDGE ( 'NONE', *, *, #645, .F. ) ;
#480 = ORIENTED_EDGE ( 'NONE', *, *, #4880, .T. ) ;
#481 = EDGE_CURVE ( 'NONE', #5063, #2523, #3775, .T. ) ;
#482 = LINE ( 'NONE', #2495, #4853 ) ;
#483 = ORIENTED_EDGE ( 'NONE', *, *, #2575, .T. ) ;
#484 = DIRECTION ( 'NONE',  ( -1.000000000000000000, 0.000000000000000000, 0.000000000000000000 ) ) ;
#485 = DIRECTION ( 'NONE',  ( 0.5947568674407587297, 0.8039056341586714449, 0.000000000000000000 ) ) ;
#486 = VECTOR ( 'NONE', #2720, 1000.000000000000114 ) ;
#487 = ORIENTED_EDGE ( 'NONE', *, *, #5976, .F. ) ;
#488 = LINE ( 'NONE', #5116, #73 ) ;
#489 = APPLICATION_PROTOCOL_DEFINITION ( 'draft international standard', 'automotive_design', 1998, #5033 ) ;
#490 = LINE ( 'NONE', #3117, #2108 ) ;
#491 = CARTESIAN_POINT ( 'NONE',  ( 4.372290427379586397, 9.834816353806962397, -3.654908379606653490 ) ) ;
#492 = ORIENTED_EDGE ( 'NONE', *, *, #1634, .F. ) ;
#493 = AXIS2_PLACEMENT_3D ( 'NONE', #8468, #4627, #7744 ) ;
#494 = DIRECTION ( 'NONE',  ( 2.971233746154280690E-32, -1.204669080539449097E-16, 1.000000000000000000 ) ) ;
#495 = CARTESIAN_POINT ( 'NONE',  ( 0.1998448530267818712, 0.8000000000000015987, -4.100000000000000533 ) ) ;
#496 = CARTESIAN_POINT ( 'NONE',  ( -1.600442614160420884, 7.678574768793019700, 1.100000000000001199 ) ) ;
#497 = CARTESIAN_POINT ( 'NONE',  ( -4.372290427379582844, 9.834816353806964173, -3.654908379606684576 ) ) ;
#498 = ORIENTED_EDGE ( 'NONE', *, *, #7242, .T. ) ;
#499 = CARTESIAN_POINT ( 'NONE',  ( 2.474873734152920779, 7.525126265847087659, -3.654908379606660596 ) ) ;
#500 = PRODUCT_DEFINITION ( 'UNKNOWN', '', #266, #234 ) ;
#501 = VECTOR ( 'NONE', #6607, 999.9999999999998863 ) ;
#502 = EDGE_LOOP ( 'NONE', ( #8355, #4946, #1936, #5413, #1561, #2244, #514, #498 ) ) ;
#503 = EDGE_LOOP ( 'NONE', ( #3941, #6202, #2447, #7906 ) ) ;
#504 = CARTESIAN_POINT ( 'NONE',  ( 0.000000000000000000, 0.000000000000000000, -4.100000000000000533 ) ) ;
#505 =( NAMED_UNIT ( * ) PLANE_ANGLE_UNIT ( ) SI_UNIT ( $, .RADIAN. ) );
#506 = FACE_OUTER_BOUND ( 'NONE', #6489, .T. ) ;
#507 = VECTOR ( 'NONE', #5052, 1000.000000000000000 ) ;
#508 = LINE ( 'NONE', #2527, #7566 ) ;
#509 = EDGE_CURVE ( 'NONE', #4509, #7831, #1770, .T. ) ;
#510 = CARTESIAN_POINT ( 'NONE',  ( 0.000000000000000000, 2.799999999999997602, -6.250000000000000000 ) ) ;
#511 = ORIENTED_EDGE ( 'NONE', *, *, #4747, .F. ) ;
#512 = CARTESIAN_POINT ( 'NONE',  ( 7.000000000000000888, 10.00000000000000000, 6.100000000000001421 ) ) ;
#513 = CARTESIAN_POINT ( 'NONE',  ( -10.00000000000000178, -6.063377631214744995E-22, 7.900000000000000355 ) ) ;
#514 = ORIENTED_EDGE ( 'NONE', *, *, #2896, .T. ) ;
#515 = EDGE_CURVE ( 'NONE', #3854, #7137, #488, .T. ) ;
#516 = LINE ( 'NONE', #1214, #4325 ) ;
#517 = CARTESIAN_POINT ( 'NONE',  ( 0.000000000000000000, 21.10000000000000497, 7.900000000000000355 ) ) ;
#518 = VERTEX_POINT ( 'NONE', #5717 ) ;
#519 = LINE ( 'NONE', #1177, #4168 ) ;
#520 = ADVANCED_FACE ( 'NONE', ( #5067 ), #7780, .F. ) ;
#521 = ADVANCED_FACE ( 'NONE', ( #6783 ), #4807, .F. ) ;
#522 = DIRECTION ( 'NONE',  ( -0.000000000000000000, -0.000000000000000000, -1.000000000000000000 ) ) ;
#523 = VERTEX_POINT ( 'NONE', #1945 ) ;
#524 = VERTEX_POINT ( 'NONE', #4134 ) ;
#525 = DIRECTION ( 'NONE',  ( -1.000000000000000000, 0.000000000000000000, 0.000000000000000000 ) ) ;
#526 = ORIENTED_EDGE ( 'NONE', *, *, #4321, .T. ) ;
#527 = LINE ( 'NONE', #5155, #8407 ) ;
#528 = DIRECTION ( 'NONE',  ( 0.000000000000000000, 1.000000000000000000, -0.000000000000000000 ) ) ;
#529 = VECTOR ( 'NONE', #952, 1000.000000000000114 ) ;
#530 = DIRECTION ( 'NONE',  ( 0.7071067811865486830, 0.7071067811865464625, 0.000000000000000000 ) ) ;
#531 = EDGE_LOOP ( 'NONE', ( #3332, #2274, #7157, #145, #8088, #8370, #4000 ) ) ;
#532 = ADVANCED_FACE ( 'NONE', ( #867 ), #919, .T. ) ;
#533 = DIRECTION ( 'NONE',  ( 0.000000000000000000, 0.000000000000000000, 1.000000000000000000 ) ) ;
#534 = ITEM_DEFINED_TRANSFORMATION ( 'NONE', 'NONE', #2600,  #7933 ) ;
#535 = FACE_OUTER_BOUND ( 'NONE', #5399, .T. ) ;
#536 = ADVANCED_FACE ( 'NONE', ( #2230 ), #63, .F. ) ;
#537 = DIRECTION ( 'NONE',  ( 0.000000000000000000, -0.000000000000000000, 1.000000000000000000 ) ) ;
#538 =( GEOMETRIC_REPRESENTATION_CONTEXT ( 3 ) GLOBAL_UNCERTAINTY_ASSIGNED_CONTEXT ( ( #6105 ) ) GLOBAL_UNIT_ASSIGNED_CONTEXT ( ( #5220, #3911, #6516 ) ) REPRESENTATION_CONTEXT ( 'NONE', 'WORKASPACE' ) );
#539 = ORIENTED_EDGE ( 'NONE', *, *, #8381, .T. ) ;
#540 = DIRECTION ( 'NONE',  ( 1.000000000000000000, 0.000000000000000000, -0.000000000000000000 ) ) ;
#541 = LINE ( 'NONE', #7486, #4428 ) ;
#542 = DIRECTION ( 'NONE',  ( 0.7071067811865522357, 0.000000000000000000, 0.7071067811865426878 ) ) ;
#543 = ORIENTED_EDGE ( 'NONE', *, *, #785, .F. ) ;
#544 = PLANE ( 'NONE',  #7986 ) ;
#545 = SHAPE_REPRESENTATION ( 'SDS-50J_4', ( #7933 ), #1498 ) ;
#546 = EDGE_LOOP ( 'NONE', ( #5224, #5917, #4392, #6627, #5753, #2662, #3423, #7954, #2768 ) ) ;
#547 = PLANE ( 'NONE',  #7792 ) ;
#548 = CARTESIAN_POINT ( 'NONE',  ( 0.000000000000000000, 0.000000000000000000, 0.000000000000000000 ) ) ;
#549 = FILL_AREA_STYLE_COLOUR ( '', #1826 ) ;
#550 = LINE ( 'NONE', #7709, #4707 ) ;
#551 = APPLICATION_CONTEXT ( 'automotive_design' ) ;
#552 = EDGE_CURVE ( 'NONE', #4574, #7960, #2887, .T. ) ;
#553 = DIRECTION ( 'NONE',  ( 1.000000000000000000, -0.000000000000000000, 0.000000000000000000 ) ) ;
#554 = ADVANCED_FACE ( 'NONE', ( #4851 ), #1596, .F. ) ;
#555 = ORIENTED_EDGE ( 'NONE', *, *, #3990, .T. ) ;
#556 = CARTESIAN_POINT ( 'NONE',  ( 3.500000000000002220, 9.999999999999998224, -3.654908379606660596 ) ) ;
#557 = LINE ( 'NONE', #4511, #3624 ) ;
#558 = ORIENTED_EDGE ( 'NONE', *, *, #6512, .T. ) ;
#559 = CARTESIAN_POINT ( 'NONE',  ( -7.000000000000000888, 10.00000000000000000, 7.900000000000000355 ) ) ;
#560 = DIRECTION ( 'NONE',  ( -0.000000000000000000, -0.000000000000000000, 1.000000000000000000 ) ) ;
#561 = ORIENTED_EDGE ( 'NONE', *, *, #6865, .F. ) ;
#562 = FACE_OUTER_BOUND ( 'NONE', #7989, .T. ) ;
#563 = LINE ( 'NONE', #431, #6059 ) ;
#564 = EDGE_CURVE ( 'NONE', #8455, #1868, #1320, .T. ) ;
#565 = ORIENTED_EDGE ( 'NONE', *, *, #4101, .T. ) ;
#566 = ORIENTED_EDGE ( 'NONE', *, *, #917, .F. ) ;
#567 = CARTESIAN_POINT ( 'NONE',  ( -1.502601910021414300, 9.204504871165138269, 1.100000000000001199 ) ) ;
#568 = CARTESIAN_POINT ( 'NONE',  ( -7.500000000000000000, 0.1750000000516591103, 1.325000000000002398 ) ) ;
#569 = ORIENTED_EDGE ( 'NONE', *, *, #4010, .F. ) ;
#570 = ORIENTED_EDGE ( 'NONE', *, *, #2047, .T. ) ;
#571 = FACE_OUTER_BOUND ( 'NONE', #3149, .T. ) ;
#572 = CARTESIAN_POINT ( 'NONE',  ( -2.280971972007237891, 8.971547725466914258, -4.100000000000000533 ) ) ;
#573 = EDGE_LOOP ( 'NONE', ( #4172, #2706, #1288, #5744 ) ) ;
#574 = FACE_OUTER_BOUND ( 'NONE', #3139, .T. ) ;
#575 = ITEM_DEFINED_TRANSFORMATION ( 'NONE', 'NONE', #6011,  #7933 ) ;
#576 = DIRECTION ( 'NONE',  ( -0.000000000000000000, -0.000000000000000000, -1.000000000000000000 ) ) ;
#577 = LINE ( 'NONE', #5208, #8241 ) ;
#578 = EDGE_LOOP ( 'NONE', ( #2943, #2739, #6576, #8298 ) ) ;
#579 = ORIENTED_EDGE ( 'NONE', *, *, #4065, .T. ) ;
#580 = EDGE_CURVE ( 'NONE', #6418, #3846, #5490, .T. ) ;
#581 = AXIS2_PLACEMENT_3D ( 'NONE', #1066, #2385, #6314 ) ;
#582 = LINE ( 'NONE', #4579, #8429 ) ;
#583 = DIRECTION ( 'NONE',  ( -0.7071067811865479058, -0.7071067811865471286, 0.000000000000000000 ) ) ;
#584 = DIRECTION ( 'NONE',  ( -1.000000000000000000, -0.000000000000000000, 0.000000000000000000 ) ) ;
#585 = VECTOR ( 'NONE', #1843, 1000.000000000000000 ) ;
#586 = VECTOR ( 'NONE', #3700, 1000.000000000000000 ) ;
#587 = VECTOR ( 'NONE', #7194, 1000.000000000000000 ) ;
#588 = ORIENTED_EDGE ( 'NONE', *, *, #6185, .F. ) ;
#589 = EDGE_CURVE ( 'NONE', #1004, #3759, #670, .T. ) ;
#590 = AXIS2_PLACEMENT_3D ( 'NONE', #4554, #1388, #5361 ) ;
#591 = DIRECTION ( 'NONE',  ( 1.000000000000000000, 0.000000000000000000, 0.000000000000000000 ) ) ;
#592 = AXIS2_PLACEMENT_3D ( 'NONE', #5267, #6027, #2049 ) ;
#593 = AXIS2_PLACEMENT_3D ( 'NONE', #2559, #4534, #2604 ) ;
#594 = ORIENTED_EDGE ( 'NONE', *, *, #7710, .F. ) ;
#595 = DIRECTION ( 'NONE',  ( -1.000000000000000000, 0.000000000000000000, 0.000000000000000000 ) ) ;
#596 = DIRECTION ( 'NONE',  ( 1.000000000000000000, 0.000000000000000000, 0.000000000000000000 ) ) ;
#597 = CARTESIAN_POINT ( 'NONE',  ( -9.200000000000001066, 0.000000000000000000, -4.599999999999999645 ) ) ;
#598 = CARTESIAN_POINT ( 'NONE',  ( -4.154252339470971833, 6.552854441715587619, 7.900000000000000355 ) ) ;
#599 = VECTOR ( 'NONE', #1153, 1000.000000000000000 ) ;
#600 = CIRCLE ( 'NONE', #5391, 0.8000000000000012657 ) ;
#601 = CARTESIAN_POINT ( 'NONE',  ( 3.500000000000000000, 12.75000000000000178, -4.599999999999999645 ) ) ;
#602 = ORIENTED_EDGE ( 'NONE', *, *, #2467, .T. ) ;
#603 = LINE ( 'NONE', #5829, #7375 ) ;
#604 = DIRECTION ( 'NONE',  ( -0.000000000000000000, -0.000000000000000000, -1.000000000000000000 ) ) ;
#605 = ORIENTED_EDGE ( 'NONE', *, *, #4929, .F. ) ;
#606 = CIRCLE ( 'NONE', #8265, 1.100000000121781341 ) ;
#607 = CARTESIAN_POINT ( 'NONE',  ( 8.609923976848167015, 5.985126513463341347, 1.900000000000001021 ) ) ;
#608 = CARTESIAN_POINT ( 'NONE',  ( 1.969028027992764107, 8.721166065210621099, -4.100000000000000533 ) ) ;
#609 = ORIENTED_EDGE ( 'NONE', *, *, #3462, .T. ) ;
#610 = ADVANCED_FACE ( 'NONE', ( #2844 ), #14, .T. ) ;
#611 = EDGE_CURVE ( 'NONE', #6358, #2769, #6734, .T. ) ;
#612 = LINE ( 'NONE', #5620, #5385 ) ;
#613 = CARTESIAN_POINT ( 'NONE',  ( 7.700000000000000178, 0.8000000000000010436, -6.250000000000000000 ) ) ;
#614 = AXIS2_PLACEMENT_3D ( 'NONE', #5798, #3288, #2680 ) ;
#615 = VERTEX_POINT ( 'NONE', #1548 ) ;
#616 = VECTOR ( 'NONE', #2697, 1000.000000000000000 ) ;
#617 = DIRECTION ( 'NONE',  ( -1.000000000000000000, 5.050066219870499142E-16, 0.000000000000000000 ) ) ;
#618 = CARTESIAN_POINT ( 'NONE',  ( -2.800155146973221765, 4.235050948740416210, -7.900000000000000355 ) ) ;
#619 = ORIENTED_EDGE ( 'NONE', *, *, #1169, .F. ) ;
#620 = VERTEX_POINT ( 'NONE', #4568 ) ;
#621 = CARTESIAN_POINT ( 'NONE',  ( -0.1998448530267814827, 0.8000000000000003775, -4.100000000000000533 ) ) ;
#622 = EDGE_CURVE ( 'NONE', #7168, #1301, #3486, .T. ) ;
#623 = DIRECTION ( 'NONE',  ( -0.000000000000000000, -0.000000000000000000, 1.000000000000000000 ) ) ;
#624 = EDGE_LOOP ( 'NONE', ( #8443, #7406, #7652, #7558 ) ) ;
#625 = CARTESIAN_POINT ( 'NONE',  ( -4.154252339470971833, 6.552854441715587619, 1.100000000000001199 ) ) ;
#626 = CIRCLE ( 'NONE', #5412, 0.7999999999999993783 ) ;
#627 = CARTESIAN_POINT ( 'NONE',  ( -7.500000000000000000, 0.1750000000516591103, -0.5250000000000001332 ) ) ;
#628 = CARTESIAN_POINT ( 'NONE',  ( -7.299999999999991829, 2.799999999999997602, -4.100000000000000533 ) ) ;
#629 = AXIS2_PLACEMENT_3D ( 'NONE', #1231, #4443, #5028 ) ;
#630 = VERTEX_POINT ( 'NONE', #2635 ) ;
#631 = ORIENTED_EDGE ( 'NONE', *, *, #7234, .F. ) ;
#632 = AXIS2_PLACEMENT_3D ( 'NONE', #6730, #696, #861 ) ;
#633 = CARTESIAN_POINT ( 'NONE',  ( 3.499999999999999556, 10.75000000000000000, -6.250000000000000000 ) ) ;
#634 = CARTESIAN_POINT ( 'NONE',  ( 7.299999999999999822, 2.799999999999997602, -4.100000000000000533 ) ) ;
#635 = CARTESIAN_POINT ( 'NONE',  ( -4.407966415290564655, 5.424564683621931671, -4.100000000000000533 ) ) ;
#636 = ADVANCED_BREP_SHAPE_REPRESENTATION ( '', ( #6503, #7933 ), #6835 ) ;
#637 = EDGE_CURVE ( 'NONE', #1, #5289, #3533, .T. ) ;
#638 = PRESENTATION_LAYER_ASSIGNMENT (  '', '', ( #2831 ) ) ;
#639 = MANIFOLD_SOLID_BREP ( 'Pin 1', #4051 ) ;
#640 = ORIENTED_EDGE ( 'NONE', *, *, #515, .T. ) ;
#641 = CARTESIAN_POINT ( 'NONE',  ( -0.1998448530267822598, 7.249999999999999112, -6.250000000000000000 ) ) ;
#642 = CYLINDRICAL_SURFACE ( 'NONE', #2572, 0.4000000000000002998 ) ;
#643 = CARTESIAN_POINT ( 'NONE',  ( 0.000000000000000000, 0.000000000000000000, 0.000000000000000000 ) ) ;
#644 = CARTESIAN_POINT ( 'NONE',  ( 7.500000000000000000, 5.684341886080801487E-11, 0.4000000000000010214 ) ) ;
#645 = EDGE_CURVE ( 'NONE', #2954, #8236, #5249, .T. ) ;
#646 = DIRECTION ( 'NONE',  ( -0.7798598600361770217, -0.6259541506407273470, 0.000000000000000000 ) ) ;
#647 = EDGE_CURVE ( 'NONE', #5331, #7332, #2969, .T. ) ;
#648 = EDGE_LOOP ( 'NONE', ( #2931, #658, #763, #7127 ) ) ;
#649 = CIRCLE ( 'NONE', #6934, 0.7999999999999993783 ) ;
#650 = LINE ( 'NONE', #510, #8247 ) ;
#651 = VERTEX_POINT ( 'NONE', #6286 ) ;
#652 = CARTESIAN_POINT ( 'NONE',  ( -5.199844853026781344, 0.7999999999999994893, -4.100000000000000533 ) ) ;
#653 = DIRECTION ( 'NONE',  ( 0.000000000000000000, -0.000000000000000000, -1.000000000000000000 ) ) ;
#654 = ORIENTED_EDGE ( 'NONE', *, *, #3578, .T. ) ;
#655 = ADVANCED_FACE ( 'NONE', ( #8222 ), #8189, .F. ) ;
#656 = DIRECTION ( 'NONE',  ( 1.000000000000000000, 1.836970198721029441E-16, 0.000000000000000000 ) ) ;
#657 = FACE_OUTER_BOUND ( 'NONE', #3712, .T. ) ;
#658 = ORIENTED_EDGE ( 'NONE', *, *, #8464, .T. ) ;
#659 = DIRECTION ( 'NONE',  ( -0.000000000000000000, -0.000000000000000000, 1.000000000000000000 ) ) ;
#660 = CARTESIAN_POINT ( 'NONE',  ( 0.000000000000000000, 10.00000000000000000, -6.450000000000001066 ) ) ;
#661 = EDGE_LOOP ( 'NONE', ( #4263, #2084, #7884, #4652 ) ) ;
#662 = CARTESIAN_POINT ( 'NONE',  ( -2.474873734152920779, 7.525126265847087659, 7.900000000000000355 ) ) ;
#663 = DIRECTION ( 'NONE',  ( 1.000000000000000000, 0.000000000000000000, 4.340175515414278461E-15 ) ) ;
#664 = ORIENTED_EDGE ( 'NONE', *, *, #1146, .F. ) ;
#665 = ORIENTED_EDGE ( 'NONE', *, *, #3897, .F. ) ;
#666 = LINE ( 'NONE', #6491, #1308 ) ;
#667 = CARTESIAN_POINT ( 'NONE',  ( -2.474873734152920779, 7.525126265847087659, 7.900000000000000355 ) ) ;
#668 = ORIENTED_EDGE ( 'NONE', *, *, #7022, .T. ) ;
#669 =( REPRESENTATION_RELATIONSHIP ('NONE','NONE', #4283, #1105 ) REPRESENTATION_RELATIONSHIP_WITH_TRANSFORMATION ( #3025 )SHAPE_REPRESENTATION_RELATIONSHIP( ) );
#670 = LINE ( 'NONE', #3291, #4734 ) ;
#671 = DIRECTION ( 'NONE',  ( 0.5947568674407585076, -0.8039056341586715559, 0.000000000000000000 ) ) ;
#672 = DIRECTION ( 'NONE',  ( 1.000000000000000000, 0.000000000000000000, 0.000000000000000000 ) ) ;
#673 = DIRECTION ( 'NONE',  ( -0.000000000000000000, -0.000000000000000000, 1.000000000000000000 ) ) ;
#674 = VECTOR ( 'NONE', #7395, 1000.000000000000000 ) ;
#675 = ORIENTED_EDGE ( 'NONE', *, *, #5976, .T. ) ;
#676 = EDGE_LOOP ( 'NONE', ( #7949, #803, #6295, #7030, #6376, #3020, #5558, #7847, #1072, #1130 ) ) ;
#677 = AXIS2_PLACEMENT_3D ( 'NONE', #916, #7340, #6781 ) ;
#678 = VERTEX_POINT ( 'NONE', #7583 ) ;
#679 = CARTESIAN_POINT ( 'NONE',  ( -5.199844853026781344, 0.7999999999999994893, -7.900000000000000355 ) ) ;
#680 = EDGE_CURVE ( 'NONE', #8182, #3383, #297, .T. ) ;
#681 = FACE_OUTER_BOUND ( 'NONE', #503, .T. ) ;
#682 = CARTESIAN_POINT ( 'NONE',  ( 0.9999999999999995559, 3.071796769724489895, 5.300000000000000711 ) ) ;
#683 = ORIENTED_EDGE ( 'NONE', *, *, #4316, .T. ) ;
#684 = ADVANCED_FACE ( 'NONE', ( #7023 ), #2315, .F. ) ;
#685 = DIRECTION ( 'NONE',  ( -0.7071067811865463515, 0.7071067811865487940, 0.000000000000000000 ) ) ;
#686 = DIRECTION ( 'NONE',  ( 0.000000000000000000, 0.000000000000000000, 1.000000000000000000 ) ) ;
#687 = EDGE_CURVE ( 'NONE', #3828, #4765, #7880, .T. ) ;
#688 = ADVANCED_FACE ( 'NONE', ( #3004 ), #3565, .F. ) ;
#689 = DIRECTION ( 'NONE',  ( -1.000000000000000000, 0.000000000000000000, 0.000000000000000000 ) ) ;
#690 = DIRECTION ( 'NONE',  ( 0.000000000000000000, -0.000000000000000000, 1.000000000000000000 ) ) ;
#691 = CARTESIAN_POINT ( 'NONE',  ( -2.500000000000000000, 9.947350469337287393, -4.100000000000000533 ) ) ;
#692 = ORIENTED_EDGE ( 'NONE', *, *, #2624, .F. ) ;
#693 = CARTESIAN_POINT ( 'NONE',  ( -1.749999999999999778, 8.145363321340248319, -6.250000000000000000 ) ) ;
#694 = VERTEX_POINT ( 'NONE', #5610 ) ;
#695 = EDGE_CURVE ( 'NONE', #6776, #6137, #2921, .T. ) ;
#696 = DIRECTION ( 'NONE',  ( 0.000000000000000000, -0.000000000000000000, -1.000000000000000000 ) ) ;
#697 = CARTESIAN_POINT ( 'NONE',  ( 10.00000000000000355, 2.466431482431480188E-15, 6.100000000000001421 ) ) ;
#698 = ADVANCED_FACE ( 'NONE', ( #2347 ), #3088, .F. ) ;
#699 = ORIENTED_EDGE ( 'NONE', *, *, #7793, .F. ) ;
#700 = LINE ( 'NONE', #3317, #3550 ) ;
#701 = FACE_OUTER_BOUND ( 'NONE', #5730, .T. ) ;
#702 = ORIENTED_EDGE ( 'NONE', *, *, #2455, .T. ) ;
#703 = DIRECTION ( 'NONE',  ( 1.000000000000000000, -0.000000000000000000, -4.340175515414278461E-15 ) ) ;
#704 = EDGE_LOOP ( 'NONE', ( #2359, #2040, #6122, #6829 ) ) ;
#705 = DIRECTION ( 'NONE',  ( 1.000000000000000000, 0.000000000000000000, 0.000000000000000000 ) ) ;
#706 = EDGE_CURVE ( 'NONE', #8046, #7775, #5532, .T. ) ;
#707 = LINE ( 'NONE', #7815, #2106 ) ;
#708 = ORIENTED_EDGE ( 'NONE', *, *, #5593, .F. ) ;
#709 = FILL_AREA_STYLE_COLOUR ( '', #4191 ) ;
#710 = CARTESIAN_POINT ( 'NONE',  ( 3.199999999999999734, 0.000000000000000000, 7.900000000000000355 ) ) ;
#711 = EDGE_LOOP ( 'NONE', ( #3032, #6086 ) ) ;
#712 = MANIFOLD_SOLID_BREP ( 'Pin 3', #8402 ) ;
#713 = DIRECTION ( 'NONE',  ( 0.000000000000000000, -0.000000000000000000, -1.000000000000000000 ) ) ;
#714 = CARTESIAN_POINT ( 'NONE',  ( 3.334816353806963729, 10.87229042737958196, -3.654908379606660596 ) ) ;
#715 = DIRECTION ( 'NONE',  ( -1.000000000000000000, -1.734723475976807094E-15, 0.000000000000000000 ) ) ;
#716 = ORIENTED_EDGE ( 'NONE', *, *, #4829, .T. ) ;
#717 = ORIENTED_EDGE ( 'NONE', *, *, #5609, .F. ) ;
#718 = ORIENTED_EDGE ( 'NONE', *, *, #5593, .T. ) ;
#719 = DIRECTION ( 'NONE',  ( 0.5947568674407585076, -0.8039056341586716670, 0.000000000000000000 ) ) ;
#720 = DIRECTION ( 'NONE',  ( 0.5947568674407585076, -0.8039056341586716670, 0.000000000000000000 ) ) ;
#721 = CARTESIAN_POINT ( 'NONE',  ( 0.1749999999999998779, 10.00000000000000000, -7.037946471341893329 ) ) ;
#722 = ADVANCED_FACE ( 'NONE', ( #506 ), #3592, .F. ) ;
#723 = EDGE_CURVE ( 'NONE', #8115, #290, #5733, .T. ) ;
#724 = ORIENTED_EDGE ( 'NONE', *, *, #7242, .F. ) ;
#725 = CIRCLE ( 'NONE', #6182, 7.000000000000000888 ) ;
#726 = FACE_OUTER_BOUND ( 'NONE', #7210, .T. ) ;
#727 = CARTESIAN_POINT ( 'NONE',  ( -4.800155146973220432, 2.799999999999997602, -4.100000000000000533 ) ) ;
#728 = DIRECTION ( 'NONE',  ( 1.000000000000000000, 0.000000000000000000, 0.000000000000000000 ) ) ;
#729 = DIRECTION ( 'NONE',  ( 0.000000000000000000, 0.000000000000000000, 1.000000000000000000 ) ) ;
#730 = VECTOR ( 'NONE', #1912, 1000.000000000000000 ) ;
#731 = CARTESIAN_POINT ( 'NONE',  ( -0.5000000000000000000, 7.233604952728432735, 1.100000000000001199 ) ) ;
#732 = ORIENTED_EDGE ( 'NONE', *, *, #3925, .T. ) ;
#733 = AXIS2_PLACEMENT_3D ( 'NONE', #2023, #4093, #134 ) ;
#734 = CIRCLE ( 'NONE', #1815, 7.000000000000000888 ) ;
#735 = AXIS2_PLACEMENT_3D ( 'NONE', #7651, #7823, #7740 ) ;
#736 = CARTESIAN_POINT ( 'NONE',  ( -2.625568880007499217, 10.15344850294593115, 1.100000000000001199 ) ) ;
#737 = VERTEX_POINT ( 'NONE', #5270 ) ;
#738 = CARTESIAN_POINT ( 'NONE',  ( 3.362666630423038594, 7.525126265847087659, 1.100000000000001199 ) ) ;
#739 = DIRECTION ( 'NONE',  ( 1.000000000000000000, 0.000000000000000000, -0.000000000000000000 ) ) ;
#740 = ORIENTED_EDGE ( 'NONE', *, *, #7286, .T. ) ;
#741 = DIRECTION ( 'NONE',  ( -1.228833015451264865E-15, 1.000000000000000000, 0.000000000000000000 ) ) ;
#742 = LINE ( 'NONE', #3278, #5166 ) ;
#743 = VECTOR ( 'NONE', #4209, 1000.000000000000000 ) ;
#744 = CARTESIAN_POINT ( 'NONE',  ( -2.640057380345959270, 6.652835838467503926, -3.654908379606660596 ) ) ;
#745 = AXIS2_PLACEMENT_3D ( 'NONE', #8096, #248, #206 ) ;
#746 = EDGE_CURVE ( 'NONE', #3383, #620, #5136, .T. ) ;
#747 = ORIENTED_EDGE ( 'NONE', *, *, #6060, .F. ) ;
#748 = AXIS2_PLACEMENT_3D ( 'NONE', #3381, #5979, #5894 ) ;
#749 = PLANE ( 'NONE',  #216 ) ;
#750 = VECTOR ( 'NONE', #5494, 1000.000000000000000 ) ;
#751 = LINE ( 'NONE', #5970, #2249 ) ;
#752 = ORIENTED_EDGE ( 'NONE', *, *, #6004, .F. ) ;
#753 = DIRECTION ( 'NONE',  ( 0.000000000000000000, 0.000000000000000000, 1.000000000000000000 ) ) ;
#754 = DIRECTION ( 'NONE',  ( 0.7071067811865463515, 0.7071067811865487940, 0.000000000000000000 ) ) ;
#755 = ORIENTED_EDGE ( 'NONE', *, *, #7069, .T. ) ;
#756 = DIRECTION ( 'NONE',  ( 1.000000000000000000, 3.097720492815731110E-16, -0.000000000000000000 ) ) ;
#757 = CARTESIAN_POINT ( 'NONE',  ( -0.9999999999999974465, 19.50000000000000000, 7.900000000000000355 ) ) ;
#758 = EDGE_CURVE ( 'NONE', #7229, #3846, #29, .T. ) ;
#759 = DIRECTION ( 'NONE',  ( -0.000000000000000000, -0.000000000000000000, 1.000000000000000000 ) ) ;
#760 = ADVANCED_FACE ( 'NONE', ( #6464 ), #5771, .T. ) ;
#761 = VECTOR ( 'NONE', #7958, 1000.000000000000000 ) ;
#762 = ORIENTED_EDGE ( 'NONE', *, *, #6392, .F. ) ;
#763 = ORIENTED_EDGE ( 'NONE', *, *, #6867, .F. ) ;
#764 = VERTEX_POINT ( 'NONE', #6426 ) ;
#765 = PLANE ( 'NONE',  #4606 ) ;
#766 = VECTOR ( 'NONE', #4891, 1000.000000000000000 ) ;
#767 = CARTESIAN_POINT ( 'NONE',  ( -0.5000000000000000000, 4.625000000000001776, -3.049120979999346392 ) ) ;
#768 = CYLINDRICAL_SURFACE ( 'NONE', #1136, 2.000000000000006217 ) ;
#769 = PRODUCT_DEFINITION_SHAPE ( 'NONE', 'NONE',  #2028 ) ;
#770 = MANIFOLD_SOLID_BREP ( 'Pin 2', #2806 ) ;
#771 = ORIENTED_EDGE ( 'NONE', *, *, #4821, .F. ) ;
#772 = DIRECTION ( 'NONE',  ( -0.7071067811865486830, 0.7071067811865464625, -4.559482223416558239E-15 ) ) ;
#773 = FACE_OUTER_BOUND ( 'NONE', #2852, .T. ) ;
#774 = APPLICATION_PROTOCOL_DEFINITION ( 'draft international standard', 'automotive_design', 1998, #1339 ) ;
#775 = CARTESIAN_POINT ( 'NONE',  ( 5.199844853026781344, 0.8000000000000012657, -4.100000000000000533 ) ) ;
#776 = VECTOR ( 'NONE', #494, 1000.000000000000000 ) ;
#777 = FACE_OUTER_BOUND ( 'NONE', #5807, .T. ) ;
#778 = ORIENTED_EDGE ( 'NONE', *, *, #5784, .T. ) ;
#779 = DIRECTION ( 'NONE',  ( -0.7798598600361774658, 0.6259541506407266809, 0.000000000000000000 ) ) ;
#780 = ORIENTED_EDGE ( 'NONE', *, *, #1573, .T. ) ;
#781 = PLANE ( 'NONE',  #8025 ) ;
#782 = FACE_OUTER_BOUND ( 'NONE', #2683, .T. ) ;
#783 = ORIENTED_EDGE ( 'NONE', *, *, #2081, .F. ) ;
#784 = CARTESIAN_POINT ( 'NONE',  ( 0.1998448530267809276, -3.500000000000010658, -4.599999999999999645 ) ) ;
#785 = EDGE_CURVE ( 'NONE', #2460, #5878, #1919, .T. ) ;
#786 = FACE_OUTER_BOUND ( 'NONE', #6284, .T. ) ;
#787 = LINE ( 'NONE', #1473, #2094 ) ;
#788 = ORIENTED_EDGE ( 'NONE', *, *, #6352, .T. ) ;
#789 = CARTESIAN_POINT ( 'NONE',  ( -7.229373521980804185, 4.227416481857814823, -4.100000000000000533 ) ) ;
#790 = ADVANCED_FACE ( 'NONE', ( #2525 ), #1204, .F. ) ;
#791 = DIRECTION ( 'NONE',  ( 1.836970198721029441E-16, -1.000000000000000000, -0.000000000000000000 ) ) ;
#792 = VERTEX_POINT ( 'NONE', #3780 ) ;
#793 = FACE_OUTER_BOUND ( 'NONE', #2595, .T. ) ;
#794 = VECTOR ( 'NONE', #5053, 1000.000000000000000 ) ;
#795 = EDGE_CURVE ( 'NONE', #4407, #4212, #165, .T. ) ;
#796 = CARTESIAN_POINT ( 'NONE',  ( 3.500000000000002220, 9.999999999999998224, -3.654908379606660596 ) ) ;
#797 = ORIENTED_EDGE ( 'NONE', *, *, #7608, .F. ) ;
#798 = EDGE_CURVE ( 'NONE', #5286, #1050, #5866, .T. ) ;
#799 = CONTEXT_DEPENDENT_SHAPE_REPRESENTATION ( #7950, #1065 ) ;
#800 = PLANE ( 'NONE',  #3210 ) ;
#801 = LINE ( 'NONE', #2120, #6886 ) ;
#802 = DIRECTION ( 'NONE',  ( -1.000000000000000000, -2.466431482431479202E-16, 0.000000000000000000 ) ) ;
#803 = ORIENTED_EDGE ( 'NONE', *, *, #1538, .F. ) ;
#804 = ORIENTED_EDGE ( 'NONE', *, *, #5134, .T. ) ;
#805 = EDGE_CURVE ( 'NONE', #4075, #6915, #1341, .T. ) ;
#806 = ORIENTED_EDGE ( 'NONE', *, *, #611, .T. ) ;
#807 = EDGE_CURVE ( 'NONE', #4085, #3703, #6558, .T. ) ;
#808 = CYLINDRICAL_SURFACE ( 'NONE', #1838, 0.8877928962701179261 ) ;
#809 = VECTOR ( 'NONE', #3868, 1000.000000000000000 ) ;
#810 = FACE_OUTER_BOUND ( 'NONE', #2973, .T. ) ;
#811 = ORIENTED_EDGE ( 'NONE', *, *, #8122, .F. ) ;
#812 = CARTESIAN_POINT ( 'NONE',  ( 8.000000000000000000, 10.00000000000000000, 6.100000000000001421 ) ) ;
#813 = EDGE_CURVE ( 'NONE', #2690, #7720, #5906, .T. ) ;
#814 = PLANE ( 'NONE',  #8051 ) ;
#815 = VECTOR ( 'NONE', #6041, 1000.000000000000000 ) ;
#816 = AXIS2_PLACEMENT_3D ( 'NONE', #4290, #4254, #6852 ) ;
#817 = DIRECTION ( 'NONE',  ( -0.7071067811865482389, 0.7071067811865469066, 0.000000000000000000 ) ) ;
#818 = CARTESIAN_POINT ( 'NONE',  ( 1.509539827951423385, 9.211442789095146466, 7.900000000000000355 ) ) ;
#819 = ORIENTED_EDGE ( 'NONE', *, *, #2339, .F. ) ;
#820 = CIRCLE ( 'NONE', #1087, 0.1749999999999999334 ) ;
#821 = CARTESIAN_POINT ( 'NONE',  ( 0.000000000000000000, 10.00000000000000000, 5.300000000000000711 ) ) ;
#822 = ORIENTED_EDGE ( 'NONE', *, *, #8124, .F. ) ;
#823 = CARTESIAN_POINT ( 'NONE',  ( 1.813683476751939860, 10.96533390620149007, 7.900000000000014566 ) ) ;
#824 = FACE_OUTER_BOUND ( 'NONE', #4454, .T. ) ;
#825 = EDGE_LOOP ( 'NONE', ( #5731, #3788, #2773, #4310 ) ) ;
#826 = DIRECTION ( 'NONE',  ( 5.236294396612313318E-17, 0.2588190451025216277, 0.9659258262890680902 ) ) ;
#827 = CARTESIAN_POINT ( 'NONE',  ( 7.500000000000000000, 0.1750000000279726131, 0.4000000000000010214 ) ) ;
#828 = FACE_OUTER_BOUND ( 'NONE', #7796, .T. ) ;
#829 = EDGE_CURVE ( 'NONE', #5096, #5687, #8343, .T. ) ;
#830 = EDGE_CURVE ( 'NONE', #8472, #7229, #4163, .T. ) ;
#831 = ORIENTED_EDGE ( 'NONE', *, *, #4277, .F. ) ;
#832 = ADVANCED_FACE ( 'NONE', ( #6076 ), #7373, .F. ) ;
#833 = LINE ( 'NONE', #2850, #486 ) ;
#834 = DIRECTION ( 'NONE',  ( 0.5947568674407586187, -0.8039056341586715559, 0.000000000000000000 ) ) ;
#835 = EDGE_LOOP ( 'NONE', ( #6671, #1456, #6921, #3778 ) ) ;
#836 = CARTESIAN_POINT ( 'NONE',  ( -2.280971972007237891, 8.971547725466914258, -4.100000000000000533 ) ) ;
#837 = DIRECTION ( 'NONE',  ( 0.000000000000000000, 0.000000000000000000, -1.000000000000000000 ) ) ;
#838 = PRODUCT_DEFINITION_SHAPE ( 'NONE', 'NONE',  #27 ) ;
#839 = ORIENTED_EDGE ( 'NONE', *, *, #2047, .F. ) ;
#840 = LINE ( 'NONE', #6014, #1824 ) ;
#841 = DIRECTION ( 'NONE',  ( 0.7071067811865487940, 0.7071067811865463515, 0.000000000000000000 ) ) ;
#842 = PRODUCT_DEFINITION_CONTEXT ( 'detailed design', #6024, 'design' ) ;
#843 = DIRECTION ( 'NONE',  ( -1.000000000000000000, 0.000000000000000000, 0.000000000000000000 ) ) ;
#844 = ORIENTED_EDGE ( 'NONE', *, *, #51, .F. ) ;
#845 = ORIENTED_EDGE ( 'NONE', *, *, #723, .F. ) ;
#846 = ORIENTED_EDGE ( 'NONE', *, *, #1666, .F. ) ;
#847 = DIRECTION ( 'NONE',  ( 0.7071067811865469066, 0.7071067811865482389, -0.000000000000000000 ) ) ;
#848 = CARTESIAN_POINT ( 'NONE',  ( -7.699999999999992184, -3.500000000000016875, -4.599999999999999645 ) ) ;
#849 = FACE_OUTER_BOUND ( 'NONE', #1400, .T. ) ;
#850 = EDGE_CURVE ( 'NONE', #8385, #2509, #2704, .T. ) ;
#851 = EDGE_LOOP ( 'NONE', ( #4303, #5929, #8125, #1183 ) ) ;
#852 = EDGE_CURVE ( 'NONE', #6616, #1624, #8056, .T. ) ;
#853 = LINE ( 'NONE', #204, #1019 ) ;
#854 = DIRECTION ( 'NONE',  ( 0.000000000000000000, 0.000000000000000000, -1.000000000000000000 ) ) ;
#855 = LINE ( 'NONE', #2177, #4018 ) ;
#856 = CARTESIAN_POINT ( 'NONE',  ( -3.499999999999998668, 9.999999999999998224, 1.100000000000001199 ) ) ;
#857 = ADVANCED_FACE ( 'NONE', ( #3432 ), #2090, .F. ) ;
#858 = ORIENTED_EDGE ( 'NONE', *, *, #6568, .T. ) ;
#859 = CARTESIAN_POINT ( 'NONE',  ( -3.499999999999998668, 9.999999999999998224, 1.100000000000001199 ) ) ;
#860 = ORIENTED_EDGE ( 'NONE', *, *, #6845, .F. ) ;
#861 = DIRECTION ( 'NONE',  ( 1.000000000000000000, 0.000000000000000000, 0.000000000000000000 ) ) ;
#862 = FACE_OUTER_BOUND ( 'NONE', #5182, .T. ) ;
#863 = VECTOR ( 'NONE', #3857, 1000.000000000000000 ) ;
#864 = ORIENTED_EDGE ( 'NONE', *, *, #5751, .F. ) ;
#865 = DIRECTION ( 'NONE',  ( 1.233747299724884832E-16, 1.000000000000000000, 0.000000000000000000 ) ) ;
#866 = CARTESIAN_POINT ( 'NONE',  ( 7.699999999999998401, 2.799999999999997602, -6.250000000000000000 ) ) ;
#867 = FACE_OUTER_BOUND ( 'NONE', #5819, .T. ) ;
#868 = CARTESIAN_POINT ( 'NONE',  ( 8.609923976848167015, 5.985126513463341347, 7.900000000000000355 ) ) ;
#869 = AXIS2_PLACEMENT_3D ( 'NONE', #7545, #3010, #2443 ) ;
#870 = VECTOR ( 'NONE', #1714, 1000.000000000000000 ) ;
#871 = VECTOR ( 'NONE', #4452, 1000.000000000000114 ) ;
#872 = VERTEX_POINT ( 'NONE', #1536 ) ;
#873 = CARTESIAN_POINT ( 'NONE',  ( 2.499999999999999112, 9.947350469337285617, -6.250000000000000888 ) ) ;
#874 = CARTESIAN_POINT ( 'NONE',  ( 0.9999999999999995559, 0.000000000000000000, 7.900000000000000355 ) ) ;
#876 = EDGE_CURVE ( 'NONE', #2944, #8022, #855, .T. ) ;
#875 = VECTOR ( 'NONE', #3792, 1000.000000000000000 ) ;
#877 = VERTEX_POINT ( 'NONE', #5395 ) ;
#878 = VECTOR ( 'NONE', #6159, 1000.000000000000000 ) ;
#879 = DIRECTION ( 'NONE',  ( 0.000000000000000000, -1.000000000000000000, -0.000000000000000000 ) ) ;
#880 = CARTESIAN_POINT ( 'NONE',  ( 6.371771402799766726, 4.714054285169758884, -4.100000000000000533 ) ) ;
#881 = ORIENTED_EDGE ( 'NONE', *, *, #2833, .F. ) ;
#882 = AXIS2_PLACEMENT_3D ( 'NONE', #3635, #6235, #6149 ) ;
#883 = CARTESIAN_POINT ( 'NONE',  ( -10.00000000000000355, 0.7999999999999974909, -4.100000000000000533 ) ) ;
#884 = CARTESIAN_POINT ( 'NONE',  ( 0.000000000000000000, 0.000000000000000000, -4.100000000000000533 ) ) ;
#885 = UNCERTAINTY_MEASURE_WITH_UNIT (LENGTH_MEASURE( 1.000000000000000082E-05 ), #4378, 'distance_accuracy_value', 'NONE');
#886 = DIRECTION ( 'NONE',  ( -0.000000000000000000, -0.000000000000000000, -1.000000000000000000 ) ) ;
#887 = VECTOR ( 'NONE', #1075, 1000.000000000000000 ) ;
#888 = VECTOR ( 'NONE', #5840, 1000.000000000000000 ) ;
#889 = ORIENTED_EDGE ( 'NONE', *, *, #876, .T. ) ;
#890 = ORIENTED_EDGE ( 'NONE', *, *, #1586, .F. ) ;
#891 = VERTEX_POINT ( 'NONE', #3394 ) ;
#892 = CARTESIAN_POINT ( 'NONE',  ( -5.199844853026783120, 4.235050948740416210, -4.100000000000000533 ) ) ;
#893 = AXIS2_PLACEMENT_3D ( 'NONE', #6669, #7357, #4108 ) ;
#894 = CARTESIAN_POINT ( 'NONE',  ( -10.00000000000000178, -3.500000000000017764, -4.599999999999996092 ) ) ;
#895 = VECTOR ( 'NONE', #653, 1000.000000000000000 ) ;
#896 = FACE_OUTER_BOUND ( 'NONE', #223, .T. ) ;
#897 = LINE ( 'NONE', #6717, #3041 ) ;
#898 = CIRCLE ( 'NONE', #5668, 0.8877928962701181481 ) ;
#899 = VERTEX_POINT ( 'NONE', #3472 ) ;
#900 = CIRCLE ( 'NONE', #1985, 0.8877928962701179261 ) ;
#901 = VECTOR ( 'NONE', #5302, 1000.000000000000000 ) ;
#902 = CARTESIAN_POINT ( 'NONE',  ( -0.1998448530267820100, 7.249999999999999112, -4.100000000000000533 ) ) ;
#903 = LINE ( 'NONE', #1535, #106 ) ;
#904 = ADVANCED_FACE ( 'NONE', ( #6682 ), #4713, .F. ) ;
#905 = CARTESIAN_POINT ( 'NONE',  ( 5.299999999999999822, 2.799999999999997602, -4.599999999999999645 ) ) ;
#906 = EDGE_CURVE ( 'NONE', #2451, #1805, #6031, .T. ) ;
#907 = DIRECTION ( 'NONE',  ( 0.000000000000000000, 0.000000000000000000, 1.000000000000000000 ) ) ;
#908 = VERTEX_POINT ( 'NONE', #4080 ) ;
#909 = CARTESIAN_POINT ( 'NONE',  ( 8.609923976848167015, 5.985126513463341347, 7.900000000000000355 ) ) ;
#910 = EDGE_LOOP ( 'NONE', ( #7816, #3727, #5327, #1885 ) ) ;
#911 = LINE ( 'NONE', #4449, #2826 ) ;
#912 = DIRECTION ( 'NONE',  ( 0.7798598600361769106, 0.6259541506407273470, 0.000000000000000000 ) ) ;
#913 = VECTOR ( 'NONE', #6083, 1000.000000000000000 ) ;
#914 = EDGE_CURVE ( 'NONE', #5421, #877, #8373, .T. ) ;
#915 = VERTEX_POINT ( 'NONE', #7241 ) ;
#916 = CARTESIAN_POINT ( 'NONE',  ( -4.800155146973217768, 0.7999999999999996003, -4.100000000000000533 ) ) ;
#917 = EDGE_CURVE ( 'NONE', #5752, #6699, #5312, .T. ) ;
#918 = CYLINDRICAL_SURFACE ( 'NONE', #1898, 0.1749999999999999334 ) ;
#919 = PLANE ( 'NONE',  #7600 ) ;
#920 = DIRECTION ( 'NONE',  ( 0.000000000000000000, -1.000000000000000000, 0.000000000000000000 ) ) ;
#921 = VECTOR ( 'NONE', #3944, 1000.000000000000000 ) ;
#922 = CARTESIAN_POINT ( 'NONE',  ( -2.800155146973221765, 4.235050948740416210, -7.900000000000000355 ) ) ;
#923 = CARTESIAN_POINT ( 'NONE',  ( 0.8750000000000002220, 15.83475577895081976, 6.100000000000001421 ) ) ;
#924 = ORIENTED_EDGE ( 'NONE', *, *, #6007, .T. ) ;
#925 =( NAMED_UNIT ( * ) PLANE_ANGLE_UNIT ( ) SI_UNIT ( $, .RADIAN. ) );
#926 = DIRECTION ( 'NONE',  ( -1.218676860545722770E-16, -1.000000000000000000, 0.000000000000000000 ) ) ;
#927 = ORIENTED_EDGE ( 'NONE', *, *, #151, .T. ) ;
#928 = LINE ( 'NONE', #965, #3903 ) ;
#929 = ORIENTED_EDGE ( 'NONE', *, *, #978, .F. ) ;
#930 = ORIENTED_EDGE ( 'NONE', *, *, #6748, .F. ) ;
#931 = VECTOR ( 'NONE', #352, 1000.000000000000000 ) ;
#932 = ORIENTED_EDGE ( 'NONE', *, *, #7832, .T. ) ;
#933 = DIRECTION ( 'NONE',  ( 0.000000000000000000, 0.000000000000000000, 1.000000000000000000 ) ) ;
#934 = DIRECTION ( 'NONE',  ( 1.836970198721029688E-16, -1.000000000000000000, -0.000000000000000000 ) ) ;
#935 = CARTESIAN_POINT ( 'NONE',  ( -0.5000000000000000000, 5.766395047271569929, 7.900000000000000355 ) ) ;
#936 = DIRECTION ( 'NONE',  ( -0.5947568674407585076, -0.8039056341586716670, 0.000000000000000000 ) ) ;
#937 = EDGE_CURVE ( 'NONE', #7272, #5570, #725, .T. ) ;
#938 = ORIENTED_EDGE ( 'NONE', *, *, #4136, .T. ) ;
#939 = EDGE_CURVE ( 'NONE', #6139, #5529, #81, .T. ) ;
#940 = CARTESIAN_POINT ( 'NONE',  ( 3.447145558284426148, 5.845747660529039713, 1.100000000000001199 ) ) ;
#941 = CARTESIAN_POINT ( 'NONE',  ( 0.5000000000000000000, 4.625000000000001776, 7.900000000000000355 ) ) ;
#942 = DIRECTION ( 'NONE',  ( 1.000000000000000000, 0.000000000000000000, 0.000000000000000000 ) ) ;
#943 = EDGE_CURVE ( 'NONE', #4656, #6178, #2876, .T. ) ;
#944 = ORIENTED_EDGE ( 'NONE', *, *, #580, .F. ) ;
#945 = DIRECTION ( 'NONE',  ( -9.442794577504741169E-16, -1.000000000000000000, 0.000000000000000000 ) ) ;
#946 = EDGE_CURVE ( 'NONE', #6179, #6750, #2638, .T. ) ;
#947 = VECTOR ( 'NONE', #6164, 1000.000000000000000 ) ;
#948 = VERTEX_POINT ( 'NONE', #3352 ) ;
#949 = DIRECTION ( 'NONE',  ( 1.000000000000000000, 0.000000000000000000, 0.000000000000000000 ) ) ;
#950 = FACE_OUTER_BOUND ( 'NONE', #1769, .T. ) ;
#951 = ORIENTED_EDGE ( 'NONE', *, *, #4498, .T. ) ;
#952 = DIRECTION ( 'NONE',  ( -0.7071067811865454633, 0.7071067811865496822, 0.000000000000000000 ) ) ;
#953 = CARTESIAN_POINT ( 'NONE',  ( 1.969028027992764107, 8.721166065210621099, -4.100000000000000533 ) ) ;
#954 = CARTESIAN_POINT ( 'NONE',  ( 0.000000000000000000, 10.00000000000000000, -6.450000000000001066 ) ) ;
#955 = DIRECTION ( 'NONE',  ( -2.971233746154280690E-32, 1.204669080539449097E-16, -1.000000000000000000 ) ) ;
#956 = ADVANCED_FACE ( 'NONE', ( #1461 ), #4671, .F. ) ;
#957 = ADVANCED_BREP_SHAPE_REPRESENTATION ( '', ( #6327, #7933 ), #3692 ) ;
#958 = ADVANCED_FACE ( 'NONE', ( #4040 ), #5350, .F. ) ;
#959 = DIRECTION ( 'NONE',  ( -1.000000000000000000, 1.228833015451264865E-15, 0.000000000000000000 ) ) ;
#960 = CARTESIAN_POINT ( 'NONE',  ( -10.00000000000000178, -3.500000000000018208, -4.599999999999996980 ) ) ;
#961 = VERTEX_POINT ( 'NONE', #7616 ) ;
#962 = FACE_OUTER_BOUND ( 'NONE', #711, .T. ) ;
#963 = LINE ( 'NONE', #5459, #674 ) ;
#964 = ORIENTED_EDGE ( 'NONE', *, *, #1037, .F. ) ;
#965 = CARTESIAN_POINT ( 'NONE',  ( -4.154252339470971833, 6.552854441715587619, 1.100000000000001199 ) ) ;
#966 = CYLINDRICAL_SURFACE ( 'NONE', #3623, 0.9250000000000013767 ) ;
#967 = EDGE_LOOP ( 'NONE', ( #5260, #7077, #2186, #3184 ) ) ;
#968 = ORIENTED_EDGE ( 'NONE', *, *, #287, .T. ) ;
#969 = EDGE_CURVE ( 'NONE', #651, #6551, #6873, .T. ) ;
#970 = ORIENTED_EDGE ( 'NONE', *, *, #2216, .F. ) ;
#971 = DIRECTION ( 'NONE',  ( 0.000000000000000000, 0.000000000000000000, 1.000000000000000000 ) ) ;
#972 = DIRECTION ( 'NONE',  ( 1.000000000000000000, 0.000000000000000000, 0.000000000000000000 ) ) ;
#973 = DIRECTION ( 'NONE',  ( 1.000000000000000000, 0.000000000000000000, 0.000000000000000000 ) ) ;
#974 = CARTESIAN_POINT ( 'NONE',  ( -1.999999999999999112, 1.788933584601082316E-15, 5.500000000000000888 ) ) ;
#975 = CARTESIAN_POINT ( 'NONE',  ( 4.729279221902245922, 5.662282881142664870, -4.100000000000000533 ) ) ;
#976 = ORIENTED_EDGE ( 'NONE', *, *, #3213, .F. ) ;
#977 = LINE ( 'NONE', #1855, #1437 ) ;
#978 = EDGE_CURVE ( 'NONE', #4975, #7228, #4836, .T. ) ;
#979 = EDGE_CURVE ( 'NONE', #5191, #1578, #5518, .T. ) ;
#980 = CARTESIAN_POINT ( 'NONE',  ( -2.500000000000000444, 9.947350469337287393, -6.250000000000000000 ) ) ;
#981 = CARTESIAN_POINT ( 'NONE',  ( -10.00000000000000178, -3.500000000000018652, -4.599999999999999645 ) ) ;
#982 = ORIENTED_EDGE ( 'NONE', *, *, #6325, .T. ) ;
#983 = CARTESIAN_POINT ( 'NONE',  ( 7.500000000000000000, 5.684341886080801487E-11, -0.6999999999379724613 ) ) ;
#984 = EDGE_LOOP ( 'NONE', ( #6654, #317, #7643, #416 ) ) ;
#985 = CARTESIAN_POINT ( 'NONE',  ( 0.000000000000000000, 7.249999999999999112, -6.250000000000000000 ) ) ;
#986 = CARTESIAN_POINT ( 'NONE',  ( 2.812186117670662622, 10.19792651016505580, -4.599999999999999645 ) ) ;
#987 = ORIENTED_EDGE ( 'NONE', *, *, #5935, .T. ) ;
#988 = PLANE ( 'NONE',  #3137 ) ;
#989 =( LENGTH_UNIT ( ) NAMED_UNIT ( * ) SI_UNIT ( .MILLI., .METRE. ) );
#990 = CARTESIAN_POINT ( 'NONE',  ( -9.200000000000001066, 0.7999999999999978240, -4.599999999999999645 ) ) ;
#991 = LINE ( 'NONE', #6735, #5924 ) ;
#992 = VECTOR ( 'NONE', #3862, 1000.000000000000114 ) ;
#993 = FACE_OUTER_BOUND ( 'NONE', #3730, .T. ) ;
#994 = DIRECTION ( 'NONE',  ( 0.000000000000000000, 0.000000000000000000, 1.000000000000000000 ) ) ;
#995 = ORIENTED_EDGE ( 'NONE', *, *, #2977, .T. ) ;
#996 = DIRECTION ( 'NONE',  ( 4.096110051504215558E-16, 1.000000000000000000, 0.000000000000000000 ) ) ;
#997 = CARTESIAN_POINT ( 'NONE',  ( -2.207115467697227995, 8.399354170840362954, -7.900000000000000355 ) ) ;
#998 = ORIENTED_EDGE ( 'NONE', *, *, #5630, .F. ) ;
#999 = VECTOR ( 'NONE', #8225, 1000.000000000000000 ) ;
#1000 = CARTESIAN_POINT ( 'NONE',  ( -3.500000000000000000, 12.75000000000000178, -4.599999999999999645 ) ) ;
#1001 = ADVANCED_FACE ( 'NONE', ( #5682 ), #1583, .F. ) ;
#1002 = AXIS2_PLACEMENT_3D ( 'NONE', #366, #7612, #2991 ) ;
#1003 = DIRECTION ( 'NONE',  ( -0.7071067811865479058, -0.7071067811865471286, 0.000000000000000000 ) ) ;
#1004 = VERTEX_POINT ( 'NONE', #941 ) ;
#1005 = ORIENTED_EDGE ( 'NONE', *, *, #8099, .T. ) ;
#1006 = AXIS2_PLACEMENT_3D ( 'NONE', #8152, #2277, #8028 ) ;
#1007 = VECTOR ( 'NONE', #3128, 1000.000000000000114 ) ;
#1008 = VECTOR ( 'NONE', #5812, 1000.000000000000000 ) ;
#1009 = VERTEX_POINT ( 'NONE', #4206 ) ;
#1010 = FILL_AREA_STYLE_COLOUR ( '', #2956 ) ;
#1011 = VERTEX_POINT ( 'NONE', #3643 ) ;
#1012 = EDGE_CURVE ( 'NONE', #3484, #2003, #3724, .T. ) ;
#1013 = CARTESIAN_POINT ( 'NONE',  ( -10.00000000000000355, 0.7999999999999974909, -4.100000000000000533 ) ) ;
#1014 = DIRECTION ( 'NONE',  ( 0.000000000000000000, 0.000000000000000000, 1.000000000000000000 ) ) ;
#1015 = CYLINDRICAL_SURFACE ( 'NONE', #882, 0.7999999999999993783 ) ;
#1016 = ADVANCED_FACE ( 'NONE', ( #4370 ), #8139, .F. ) ;
#1017 = FACE_OUTER_BOUND ( 'NONE', #3481, .T. ) ;
#1018 = CIRCLE ( 'NONE', #1292, 0.9250000000000012657 ) ;
#1019 = VECTOR ( 'NONE', #8052, 1000.000000000000000 ) ;
#1020 = VECTOR ( 'NONE', #3717, 1000.000000000000114 ) ;
#1021 = ORIENTED_EDGE ( 'NONE', *, *, #4101, .F. ) ;
#1022 = VECTOR ( 'NONE', #2409, 1000.000000000000000 ) ;
#1023 = CARTESIAN_POINT ( 'NONE',  ( -2.379591018563513405, 8.838248874285776324, -7.900000000000002132 ) ) ;
#1024 = VECTOR ( 'NONE', #1469, 1000.000000000000114 ) ;
#1025 = DIRECTION ( 'NONE',  ( 0.000000000000000000, 0.000000000000000000, 1.000000000000000000 ) ) ;
#1026 = DIRECTION ( 'NONE',  ( -1.000000000000000000, 0.000000000000000000, 0.000000000000000000 ) ) ;
#1027 =( GEOMETRIC_REPRESENTATION_CONTEXT ( 3 ) GLOBAL_UNCERTAINTY_ASSIGNED_CONTEXT ( ( #6313 ) ) GLOBAL_UNIT_ASSIGNED_CONTEXT ( ( #4612, #6537, #1900 ) ) REPRESENTATION_CONTEXT ( 'NONE', 'WORKASPACE' ) );
#1028 = VERTEX_POINT ( 'NONE', #371 ) ;
#1029 = DIRECTION ( 'NONE',  ( 0.7071067811865489050, 0.7071067811865460184, 0.000000000000000000 ) ) ;
#1030 = ORIENTED_EDGE ( 'NONE', *, *, #6134, .T. ) ;
#1031 = ORIENTED_EDGE ( 'NONE', *, *, #3795, .F. ) ;
#1032 = AXIS2_PLACEMENT_3D ( 'NONE', #7633, #5701, #6343 ) ;
#1033 = PLANE ( 'NONE',  #5323 ) ;
#1034 = DIRECTION ( 'NONE',  ( -0.000000000000000000, 0.000000000000000000, 1.000000000000000000 ) ) ;
#1035 = VECTOR ( 'NONE', #7541, 1000.000000000000000 ) ;
#1036 = CARTESIAN_POINT ( 'NONE',  ( 0.000000000000000000, 0.000000000000000000, -4.100000000000000533 ) ) ;
#1037 = EDGE_CURVE ( 'NONE', #2498, #4819, #3076, .T. ) ;
#1038 = AXIS2_PLACEMENT_3D ( 'NONE', #4802, #2271, #6203 ) ;
#1039 = DIRECTION ( 'NONE',  ( -0.000000000000000000, 0.000000000000000000, 1.000000000000000000 ) ) ;
#1040 = EDGE_CURVE ( 'NONE', #2825, #5427, #2912, .T. ) ;
#1041 = LINE ( 'NONE', #6859, #7184 ) ;
#1042 = ORIENTED_EDGE ( 'NONE', *, *, #7752, .F. ) ;
#1043 = CARTESIAN_POINT ( 'NONE',  ( 6.907811268317344044, 3.989513734881517060, -4.599999999999999645 ) ) ;
#1044 = CARTESIAN_POINT ( 'NONE',  ( 7.500000000000000000, 0.1750000000279726131, 0.4000000000000010214 ) ) ;
#1045 = ORIENTED_EDGE ( 'NONE', *, *, #58, .T. ) ;
#1046 = DIRECTION ( 'NONE',  ( -0.7798598600361759114, 0.6259541506407287903, 0.000000000000000000 ) ) ;
#1047 = VECTOR ( 'NONE', #1613, 1000.000000000000000 ) ;
#1048 = FACE_OUTER_BOUND ( 'NONE', #5653, .T. ) ;
#1049 = EDGE_CURVE ( 'NONE', #5082, #3687, #4824, .T. ) ;
#1050 = VERTEX_POINT ( 'NONE', #5634 ) ;
#1051 = EDGE_LOOP ( 'NONE', ( #1179, #6321, #4235, #3929 ) ) ;
#1052 = EDGE_CURVE ( 'NONE', #197, #3800, #7532, .T. ) ;
#1053 = EDGE_CURVE ( 'NONE', #3419, #3173, #2960, .T. ) ;
#1054 = VERTEX_POINT ( 'NONE', #4881 ) ;
#1055 = DIRECTION ( 'NONE',  ( -0.000000000000000000, -1.000000000000000000, 0.000000000000000000 ) ) ;
#1056 = DIRECTION ( 'NONE',  ( -0.000000000000000000, -0.000000000000000000, -1.000000000000000000 ) ) ;
#1057 = ORIENTED_EDGE ( 'NONE', *, *, #7454, .F. ) ;
#1058 = DIRECTION ( 'NONE',  ( 0.000000000000000000, 1.000000000000000000, 0.000000000000000000 ) ) ;
#1059 = LINE ( 'NONE', #3026, #2380 ) ;
#1060 = DIRECTION ( 'NONE',  ( 1.836970198721029441E-16, -1.000000000000000000, 0.000000000000000000 ) ) ;
#1061 = VECTOR ( 'NONE', #485, 1000.000000000000114 ) ;
#1062 = EDGE_LOOP ( 'NONE', ( #5151, #1638, #2214, #6146 ) ) ;
#1063 = ADVANCED_FACE ( 'NONE', ( #1739 ), #8214, .F. ) ;
#1064 = ADVANCED_FACE ( 'NONE', ( #1619 ), #1699, .F. ) ;
#1065 = PRODUCT_DEFINITION_SHAPE ( 'NONE', 'NONE',  #8486 ) ;
#1066 = CARTESIAN_POINT ( 'NONE',  ( 0.000000000000000000, 19.50000000000000000, 7.900000000000000355 ) ) ;
#1067 = PLANE ( 'NONE',  #3899 ) ;
#1068 = AXIS2_PLACEMENT_3D ( 'NONE', #7107, #3219, #8434 ) ;
#1069 = ORIENTED_EDGE ( 'NONE', *, *, #1866, .T. ) ;
#1070 = ORIENTED_EDGE ( 'NONE', *, *, #1598, .F. ) ;
#1071 = CARTESIAN_POINT ( 'NONE',  ( 7.300000000000000711, -3.500000000000003553, -4.599999999999999645 ) ) ;
#1072 = ORIENTED_EDGE ( 'NONE', *, *, #830, .F. ) ;
#1073 = ORIENTED_EDGE ( 'NONE', *, *, #1894, .T. ) ;
#1074 = FACE_OUTER_BOUND ( 'NONE', #5266, .T. ) ;
#1075 = DIRECTION ( 'NONE',  ( 0.000000000000000000, -1.000000000000000000, -0.000000000000000000 ) ) ;
#1076 = CIRCLE ( 'NONE', #6250, 0.9250000000000029310 ) ;
#1077 = AXIS2_PLACEMENT_3D ( 'NONE', #1662, #2920, #5530 ) ;
#1078 = FACE_OUTER_BOUND ( 'NONE', #3200, .T. ) ;
#1079 = ORIENTED_EDGE ( 'NONE', *, *, #7397, .F. ) ;
#1080 = CARTESIAN_POINT ( 'NONE',  ( 0.000000000000000000, 10.00000000000000000, 6.100000000000001421 ) ) ;
#1081 = EDGE_LOOP ( 'NONE', ( #319, #250, #2783, #1491 ) ) ;
#1082 = CARTESIAN_POINT ( 'NONE',  ( 0.5000000000000002220, 4.625000000000001776, 1.100000000000001199 ) ) ;
#1083 = LINE ( 'NONE', #4302, #6677 ) ;
#1084 = EDGE_LOOP ( 'NONE', ( #84, #8319, #5897, #7529 ) ) ;
#1085 = EDGE_CURVE ( 'NONE', #5512, #2471, #6929, .T. ) ;
#1086 = EDGE_CURVE ( 'NONE', #2293, #4210, #8252, .T. ) ;
#1087 = AXIS2_PLACEMENT_3D ( 'NONE', #1511, #4050, #4133 ) ;
#1088 = DIRECTION ( 'NONE',  ( 0.000000000000000000, -1.000000000000000000, 0.000000000000000000 ) ) ;
#1089 = LINE ( 'NONE', #6297, #5517 ) ;
#1090 = ORIENTED_EDGE ( 'NONE', *, *, #1880, .T. ) ;
#1091 = ORIENTED_EDGE ( 'NONE', *, *, #969, .T. ) ;
#1092 = ORIENTED_EDGE ( 'NONE', *, *, #8143, .F. ) ;
#1093 = ORIENTED_EDGE ( 'NONE', *, *, #1116, .F. ) ;
#1094 = SURFACE_STYLE_USAGE ( .BOTH. , #2413 ) ;
#1095 = CARTESIAN_POINT ( 'NONE',  ( 0.000000000000000000, 19.50000000000000000, 7.700000000000005507 ) ) ;
#1096 = ORIENTED_EDGE ( 'NONE', *, *, #680, .T. ) ;
#1097 = LINE ( 'NONE', #4485, #5414 ) ;
#1098 = SHAPE_DEFINITION_REPRESENTATION ( #769, #6956 ) ;
#1099 = DIRECTION ( 'NONE',  ( 0.000000000000000000, -1.000000000000000000, 0.000000000000000000 ) ) ;
#1100 = CARTESIAN_POINT ( 'NONE',  ( -2.309690087959882288, 8.397416693226672280, 7.900000000000000355 ) ) ;
#1101 = ORIENTED_EDGE ( 'NONE', *, *, #4215, .F. ) ;
#1102 = CARTESIAN_POINT ( 'NONE',  ( 2.207115467697227995, 8.399354170840364731, -7.900000000000000355 ) ) ;
#1103 = UNCERTAINTY_MEASURE_WITH_UNIT (LENGTH_MEASURE( 1.000000000000000082E-05 ), #6303, 'distance_accuracy_value', 'NONE');
#1104 = DIRECTION ( 'NONE',  ( 0.000000000000000000, -0.2588190451025131900, 0.9659258262890703106 ) ) ;
#1105 = SHAPE_REPRESENTATION ( 'SDS-50J_8', ( #7933 ), #6966 ) ;
#1106 = EDGE_CURVE ( 'NONE', #4253, #6551, #4997, .T. ) ;
#1107 = FACE_OUTER_BOUND ( 'NONE', #8207, .T. ) ;
#1108 = ADVANCED_FACE ( 'NONE', ( #4404 ), #5857, .F. ) ;
#1109 = ORIENTED_EDGE ( 'NONE', *, *, #4112, .F. ) ;
#1110 = CARTESIAN_POINT ( 'NONE',  ( 5.199844853026783120, 4.235050948740416210, -4.100000000000000533 ) ) ;
#1111 = ORIENTED_EDGE ( 'NONE', *, *, #6609, .T. ) ;
#1112 = EDGE_LOOP ( 'NONE', ( #3508, #3545, #6651, #4971 ) ) ;
#1113 = DIRECTION ( 'NONE',  ( -1.000000000000000000, 1.218676860545722770E-16, 0.000000000000000000 ) ) ;
#1114 = CARTESIAN_POINT ( 'NONE',  ( 3.876317454842981736, 4.829402256851077269, -4.100000000000000533 ) ) ;
#1115 = CARTESIAN_POINT ( 'NONE',  ( -2.800155146973221765, 4.235050948740416210, -4.100000000000000533 ) ) ;
#1116 = EDGE_CURVE ( 'NONE', #1539, #2898, #3302, .T. ) ;
#1117 = DIRECTION ( 'NONE',  ( -0.000000000000000000, -0.000000000000000000, 1.000000000000000000 ) ) ;
#1118 = ORIENTED_EDGE ( 'NONE', *, *, #6748, .T. ) ;
#1119 = LINE ( 'NONE', #1211, #6252 ) ;
#1120 = LINE ( 'NONE', #3097, #6878 ) ;
#1121 = ORIENTED_EDGE ( 'NONE', *, *, #4166, .F. ) ;
#1122 = CARTESIAN_POINT ( 'NONE',  ( 4.800155146973222209, 4.235050948740415322, -7.900000000000000355 ) ) ;
#1123 = DIRECTION ( 'NONE',  ( -0.000000000000000000, -0.000000000000000000, 1.000000000000000000 ) ) ;
#1124 = ORIENTED_EDGE ( 'NONE', *, *, #7812, .T. ) ;
#1125 = DIRECTION ( 'NONE',  ( 2.042325022706684813E-44, 1.000000000000000000, 4.705627722780563174E-30 ) ) ;
#1126 = DIRECTION ( 'NONE',  ( -0.000000000000000000, -0.000000000000000000, 1.000000000000000000 ) ) ;
#1127 = VECTOR ( 'NONE', #7329, 1000.000000000000000 ) ;
#1128 = EDGE_LOOP ( 'NONE', ( #1373, #1882, #5281, #95 ) ) ;
#1129 = PRODUCT ( 'SDS-50J_7', 'SDS-50J_7', '', ( #5674 ) ) ;
#1130 = ORIENTED_EDGE ( 'NONE', *, *, #7696, .F. ) ;
#1131 = EDGE_CURVE ( 'NONE', #2127, #4085, #6508, .T. ) ;
#1132 = ORIENTED_EDGE ( 'NONE', *, *, #5004, .F. ) ;
#1133 = CARTESIAN_POINT ( 'NONE',  ( -0.9999999999999995559, 1.500000000000000444, 5.300000000000001599 ) ) ;
#1134 = PLANE ( 'NONE',  #1474 ) ;
#1135 = ORIENTED_EDGE ( 'NONE', *, *, #4876, .T. ) ;
#1136 = AXIS2_PLACEMENT_3D ( 'NONE', #5987, #4201, #5629 ) ;
#1137 = CARTESIAN_POINT ( 'NONE',  ( 7.300000000000000711, 2.799999999999997602, -4.100000000000000533 ) ) ;
#1138 = APPLICATION_PROTOCOL_DEFINITION ( 'draft international standard', 'automotive_design', 1998, #5149 ) ;
#1139 = CARTESIAN_POINT ( 'NONE',  ( 1.969028027992764107, 8.721166065210621099, -4.100000000000000533 ) ) ;
#1140 = CARTESIAN_POINT ( 'NONE',  ( -0.9000000000000001332, 0.4000000000000019096, -7.037946471341894217 ) ) ;
#1141 = VECTOR ( 'NONE', #6210, 1000.000000000000000 ) ;
#1142 = VECTOR ( 'NONE', #2663, 1000.000000000000000 ) ;
#1143 = ORIENTED_EDGE ( 'NONE', *, *, #6975, .T. ) ;
#1144 = AXIS2_PLACEMENT_3D ( 'NONE', #2376, #4273, #4826 ) ;
#1145 = DIRECTION ( 'NONE',  ( 0.000000000000000000, 0.000000000000000000, -1.000000000000000000 ) ) ;
#1146 = EDGE_CURVE ( 'NONE', #2460, #5336, #5813, .T. ) ;
#1147 = VECTOR ( 'NONE', #7203, 1000.000000000000000 ) ;
#1148 = LINE ( 'NONE', #3074, #2363 ) ;
#1149 = VECTOR ( 'NONE', #3558, 1000.000000000000000 ) ;
#1150 = CARTESIAN_POINT ( 'NONE',  ( 7.500000000000000000, 1.136868377216160297E-10, 0.4000000000000010214 ) ) ;
#1151 = AXIS2_PLACEMENT_3D ( 'NONE', #6112, #1574, #242 ) ;
#1152 = VECTOR ( 'NONE', #3682, 1000.000000000000000 ) ;
#1153 = DIRECTION ( 'NONE',  ( 1.000000000000000000, -0.000000000000000000, 0.000000000000000000 ) ) ;
#1154 = ORIENTED_EDGE ( 'NONE', *, *, #3334, .F. ) ;
#1155 = VECTOR ( 'NONE', #7890, 1000.000000000000000 ) ;
#1156 = VECTOR ( 'NONE', #2238, 1000.000000000000000 ) ;
#1157 = DIRECTION ( 'NONE',  ( -0.000000000000000000, -0.000000000000000000, 1.000000000000000000 ) ) ;
#1158 = VERTEX_POINT ( 'NONE', #4496 ) ;
#1159 = EDGE_CURVE ( 'NONE', #5587, #3390, #5036, .T. ) ;
#1160 = ORIENTED_EDGE ( 'NONE', *, *, #746, .T. ) ;
#1161 = ADVANCED_FACE ( 'NONE', ( #1823 ), #5513, .F. ) ;
#1162 = FACE_OUTER_BOUND ( 'NONE', #8118, .T. ) ;
#1163 = PRESENTATION_STYLE_ASSIGNMENT (( #7888 ) ) ;
#1164 = CARTESIAN_POINT ( 'NONE',  ( -7.500000000000000000, 0.1750000000516591103, 0.4000000000000010214 ) ) ;
#1165 = EDGE_CURVE ( 'NONE', #6750, #8256, #8337, .T. ) ;
#1166 = DIRECTION ( 'NONE',  ( -0.000000000000000000, -0.000000000000000000, 1.000000000000000000 ) ) ;
#1167 = STYLED_ITEM ( 'NONE', ( #2984 ), #6397 ) ;
#1168 = ORIENTED_EDGE ( 'NONE', *, *, #7611, .F. ) ;
#1169 = EDGE_CURVE ( 'NONE', #6570, #62, #1334, .T. ) ;
#1170 = CARTESIAN_POINT ( 'NONE',  ( 1.969028027992764107, 8.721166065210621099, -4.100000000000000533 ) ) ;
#1171 = DIRECTION ( 'NONE',  ( -0.000000000000000000, 0.000000000000000000, 1.000000000000000000 ) ) ;
#1172 = AXIS2_PLACEMENT_3D ( 'NONE', #1268, #4398, #7609 ) ;
#1173 = ORIENTED_EDGE ( 'NONE', *, *, #7121, .F. ) ;
#1174 = CARTESIAN_POINT ( 'NONE',  ( -5.199844853026783120, 4.235050948740416210, -7.599999999999996980 ) ) ;
#1175 = CARTESIAN_POINT ( 'NONE',  ( -9.200000000000001066, 0.7999999999999981570, -6.250000000000000000 ) ) ;
#1176 = ORIENTED_EDGE ( 'NONE', *, *, #4633, .T. ) ;
#1177 = CARTESIAN_POINT ( 'NONE',  ( -10.00000000000000355, 8.221438274771599969E-16, -4.599999999999999645 ) ) ;
#1178 = DIRECTION ( 'NONE',  ( 0.7071067811865462405, -0.7071067811865489050, 0.000000000000000000 ) ) ;
#1179 = ORIENTED_EDGE ( 'NONE', *, *, #1235, .T. ) ;
#1180 = EDGE_LOOP ( 'NONE', ( #7850, #7150, #2441, #2356 ) ) ;
#1181 = DIRECTION ( 'NONE',  ( 0.7071067811865483499, -0.7071067811865466846, 0.000000000000000000 ) ) ;
#1182 = ORIENTED_EDGE ( 'NONE', *, *, #7758, .T. ) ;
#1183 = ORIENTED_EDGE ( 'NONE', *, *, #6483, .F. ) ;
#1184 = DIRECTION ( 'NONE',  ( -0.000000000000000000, -0.000000000000000000, -1.000000000000000000 ) ) ;
#1185 = CARTESIAN_POINT ( 'NONE',  ( -2.500000000000000000, 9.947350469337287393, -6.250000000000000000 ) ) ;
#1186 = AXIS2_PLACEMENT_3D ( 'NONE', #4086, #163, #1346 ) ;
#1187 = VERTEX_POINT ( 'NONE', #3771 ) ;
#1188 = DIRECTION ( 'NONE',  ( 0.000000000000000000, -0.000000000000000000, 1.000000000000000000 ) ) ;
#1189 = PRODUCT_CONTEXT ( 'NONE', #5435, 'mechanical' ) ;
#1190 = DIRECTION ( 'NONE',  ( 0.000000000000000000, 1.000000000000000000, -0.000000000000000000 ) ) ;
#1191 = LINE ( 'NONE', #3417, #6480 ) ;
#1192 = ORIENTED_EDGE ( 'NONE', *, *, #1159, .F. ) ;
#1193 = CARTESIAN_POINT ( 'NONE',  ( -1.587080837882802742, 7.525126265847087659, -3.654908379606660596 ) ) ;
#1194 = LINE ( 'NONE', #3813, #2650 ) ;
#1195 = LINE ( 'NONE', #6416, #2918 ) ;
#1196 = EDGE_CURVE ( 'NONE', #4585, #5495, #4023, .T. ) ;
#1197 = EDGE_CURVE ( 'NONE', #6232, #358, #5128, .T. ) ;
#1198 = VERTEX_POINT ( 'NONE', #1956 ) ;
#1199 = DIRECTION ( 'NONE',  ( -0.000000000000000000, -0.000000000000000000, 1.000000000000000000 ) ) ;
#1200 = VECTOR ( 'NONE', #1930, 1000.000000000000000 ) ;
#1201 = VERTEX_POINT ( 'NONE', #1240 ) ;
#1202 = CARTESIAN_POINT ( 'NONE',  ( -0.5000000000000000000, 8.375000000000001776, 1.100000000000001199 ) ) ;
#1203 = DIRECTION ( 'NONE',  ( 0.000000000000000000, 0.000000000000000000, 1.000000000000000000 ) ) ;
#1204 = CYLINDRICAL_SURFACE ( 'NONE', #2246, 2.399999999999999023 ) ;
#1205 = EDGE_CURVE ( 'NONE', #1645, #368, #2470, .T. ) ;
#1206 = VECTOR ( 'NONE', #5477, 1000.000000000000000 ) ;
#1207 = PLANE ( 'NONE',  #54 ) ;
#1208 = EDGE_CURVE ( 'NONE', #62, #2291, #5765, .T. ) ;
#1209 = LINE ( 'NONE', #3824, #315 ) ;
#1210 = EDGE_LOOP ( 'NONE', ( #6310, #7216, #2501, #1706 ) ) ;
#1211 = CARTESIAN_POINT ( 'NONE',  ( -2.999999999999999112, -2.999999999999999556, 5.300000000000000711 ) ) ;
#1212 = LINE ( 'NONE', #5778, #6318 ) ;
#1213 = EDGE_LOOP ( 'NONE', ( #845, #3228, #5748, #4524, #3271, #7891, #6692, #881 ) ) ;
#1214 = CARTESIAN_POINT ( 'NONE',  ( 9.409923976848167726, 5.985126513463341347, 6.100000000000001421 ) ) ;
#1215 = CARTESIAN_POINT ( 'NONE',  ( -1.000000000000000000, 7.249999999999999112, -4.599999999999999645 ) ) ;
#1216 = EDGE_CURVE ( 'NONE', #6880, #6611, #6550, .T. ) ;
#1217 = ORIENTED_EDGE ( 'NONE', *, *, #5537, .T. ) ;
#1218 = DIRECTION ( 'NONE',  ( -0.000000000000000000, -0.000000000000000000, 1.000000000000000000 ) ) ;
#1219 = APPLICATION_CONTEXT ( 'automotive_design' ) ;
#1220 = LINE ( 'NONE', #6437, #2777 ) ;
#1221 = EDGE_CURVE ( 'NONE', #6796, #5752, #3164, .T. ) ;
#1222 = ORIENTED_EDGE ( 'NONE', *, *, #7394, .F. ) ;
#1223 = EDGE_LOOP ( 'NONE', ( #7439, #5942 ) ) ;
#1224 = DIRECTION ( 'NONE',  ( -1.000000000000000000, 0.000000000000000000, 0.000000000000000000 ) ) ;
#1225 = CARTESIAN_POINT ( 'NONE',  ( -0.9136625832470526287, 10.00000000000000000, -6.672965233509484229 ) ) ;
#1226 = VERTEX_POINT ( 'NONE', #1279 ) ;
#1227 = ORIENTED_EDGE ( 'NONE', *, *, #6228, .T. ) ;
#1228 = AXIS2_PLACEMENT_3D ( 'NONE', #5876, #2620, #1979 ) ;
#1229 = CARTESIAN_POINT ( 'NONE',  ( -5.199844853026787561, 0.7999999999999999334, -6.599999999999996092 ) ) ;
#1230 = ORIENTED_EDGE ( 'NONE', *, *, #5023, .T. ) ;
#1231 = CARTESIAN_POINT ( 'NONE',  ( -1.969028027992764107, 8.721166065210621099, -4.100000000000000533 ) ) ;
#1232 = APPLICATION_PROTOCOL_DEFINITION ( 'draft international standard', 'automotive_design', 1998, #3303 ) ;
#1233 = CARTESIAN_POINT ( 'NONE',  ( -5.299999999999990941, 2.799999999999992717, -4.100000000000000533 ) ) ;
#1234 = CARTESIAN_POINT ( 'NONE',  ( 7.499999999999999112, 6.500000000000002665, 0.4000000000000010214 ) ) ;
#1235 = EDGE_CURVE ( 'NONE', #5703, #2577, #7061, .T. ) ;
#1236 = ORIENTED_EDGE ( 'NONE', *, *, #3129, .T. ) ;
#1237 = ORIENTED_EDGE ( 'NONE', *, *, #5735, .T. ) ;
#1238 = LINE ( 'NONE', #2041, #5429 ) ;
#1239 = DIRECTION ( 'NONE',  ( 1.000000000000000000, 0.000000000000000000, 0.000000000000000000 ) ) ;
#1240 = CARTESIAN_POINT ( 'NONE',  ( -5.199844853026783120, 4.235050948740415322, -4.100000000000000533 ) ) ;
#1241 = ORIENTED_EDGE ( 'NONE', *, *, #3979, .F. ) ;
#1242 = EDGE_CURVE ( 'NONE', #4574, #7630, #1195, .T. ) ;
#1243 = FACE_OUTER_BOUND ( 'NONE', #4812, .T. ) ;
#1244 = EDGE_CURVE ( 'NONE', #678, #4212, #6458, .T. ) ;
#1245 = ORIENTED_EDGE ( 'NONE', *, *, #32, .F. ) ;
#1246 = DIRECTION ( 'NONE',  ( -0.000000000000000000, 0.000000000000000000, 1.000000000000000000 ) ) ;
#1247 = SHAPE_REPRESENTATION_RELATIONSHIP ( 'NONE' , 'NONE' ,  #6956, #127 ) ;
#1248 = DIRECTION ( 'NONE',  ( 1.000000000000000000, 0.000000000000000000, -0.000000000000000000 ) ) ;
#1249 = CARTESIAN_POINT ( 'NONE',  ( -2.499999999999998668, -3.499999999999998668, 5.500000000000000888 ) ) ;
#1250 = CARTESIAN_POINT ( 'NONE',  ( -7.500000000000000000, -7.012099234593449637E-11, 0.4000000000000010214 ) ) ;
#1251 = ORIENTED_EDGE ( 'NONE', *, *, #4010, .T. ) ;
#1252 = LINE ( 'NONE', #652, #809 ) ;
#1253 = CARTESIAN_POINT ( 'NONE',  ( -4.729279221902245922, 5.662282881142665758, -4.100000000000000533 ) ) ;
#1254 = EDGE_LOOP ( 'NONE', ( #269, #982, #4099, #3061 ) ) ;
#1255 = CARTESIAN_POINT ( 'NONE',  ( 9.999999999999998224, 21.10000000000000497, 6.100000000000001421 ) ) ;
#1256 = CARTESIAN_POINT ( 'NONE',  ( 0.9999999999999995559, 7.543376173343215640, -6.250000000000000000 ) ) ;
#1257 = ORIENTED_EDGE ( 'NONE', *, *, #6154, .T. ) ;
#1258 = DIRECTION ( 'NONE',  ( 1.675614206915944206E-15, -0.2588190451025130789, -0.9659258262890703106 ) ) ;
#1259 = DIRECTION ( 'NONE',  ( -1.000000000000000000, 0.000000000000000000, 0.000000000000000000 ) ) ;
#1260 = ORIENTED_EDGE ( 'NONE', *, *, #2945, .F. ) ;
#1261 = CARTESIAN_POINT ( 'NONE',  ( 7.299999999999998934, 0.7999999999999994893, -6.250000000000000000 ) ) ;
#1262 = LINE ( 'NONE', #2026, #1567 ) ;
#1263 = ORIENTED_EDGE ( 'NONE', *, *, #622, .F. ) ;
#1264 = CARTESIAN_POINT ( 'NONE',  ( 2.207115467697227551, 8.399354170840364731, -7.900000000000000355 ) ) ;
#1265 = EDGE_CURVE ( 'NONE', #4068, #5938, #8377, .T. ) ;
#1266 = CARTESIAN_POINT ( 'NONE',  ( -7.300000000000002487, 0.000000000000000000, -4.100000000000000533 ) ) ;
#1267 = ORIENTED_EDGE ( 'NONE', *, *, #1169, .T. ) ;
#1268 = CARTESIAN_POINT ( 'NONE',  ( 2.800155146973221765, 4.235050948740416210, -4.100000000000000533 ) ) ;
#1269 = CARTESIAN_POINT ( 'NONE',  ( 1.000000000000000000, 7.249999999999999112, -6.250000000000000000 ) ) ;
#1270 = DIRECTION ( 'NONE',  ( 1.836970198721029441E-16, -1.000000000000000000, -0.000000000000000000 ) ) ;
#1271 = VERTEX_POINT ( 'NONE', #682 ) ;
#1272 = VERTEX_POINT ( 'NONE', #4753 ) ;
#1273 = EDGE_CURVE ( 'NONE', #1343, #2125, #2006, .T. ) ;
#1274 = AXIS2_PLACEMENT_3D ( 'NONE', #2377, #6840, #7527 ) ;
#1275 = DIRECTION ( 'NONE',  ( -1.000000000000000000, 0.000000000000000000, 0.000000000000000000 ) ) ;
#1276 = PRODUCT ( 'SDS-50J_4', 'SDS-50J_4', '', ( #5117 ) ) ;
#1277 = EDGE_CURVE ( 'NONE', #7000, #8184, #2823, .T. ) ;
#1278 = CARTESIAN_POINT ( 'NONE',  ( -4.154252339470971833, 6.552854441715587619, 7.900000000000000355 ) ) ;
#1279 = CARTESIAN_POINT ( 'NONE',  ( 1.969028027992764107, 8.721166065210621099, -4.100000000000000533 ) ) ;
#1280 = AXIS2_PLACEMENT_3D ( 'NONE', #3483, #7291, #1425 ) ;
#1281 = VECTOR ( 'NONE', #6903, 1000.000000000000000 ) ;
#1282 = CIRCLE ( 'NONE', #7297, 2.000000000000000444 ) ;
#1283 = ORIENTED_EDGE ( 'NONE', *, *, #1216, .T. ) ;
#1284 = EDGE_CURVE ( 'NONE', #2205, #2496, #5433, .T. ) ;
#1285 = AXIS2_PLACEMENT_3D ( 'NONE', #1721, #1218, #5661 ) ;
#1286 = CARTESIAN_POINT ( 'NONE',  ( 0.5000000000000000000, 5.766395047271569041, -3.049120979999346392 ) ) ;
#1287 = CIRCLE ( 'NONE', #5937, 2.000000000000011102 ) ;
#1288 = ORIENTED_EDGE ( 'NONE', *, *, #6867, .T. ) ;
#1289 = DIRECTION ( 'NONE',  ( 1.000000000000000000, 0.000000000000000000, -0.000000000000000000 ) ) ;
#1290 = FILL_AREA_STYLE ('',( #549 ) ) ;
#1291 = CARTESIAN_POINT ( 'NONE',  ( 1.969028027992764107, 8.721166065210621099, -4.100000000000000533 ) ) ;
#1292 = AXIS2_PLACEMENT_3D ( 'NONE', #1164, #1837, #5010 ) ;
#1293 = VECTOR ( 'NONE', #7347, 1000.000000000000000 ) ;
#1294 = ORIENTED_EDGE ( 'NONE', *, *, #7460, .T. ) ;
#1295 = VECTOR ( 'NONE', #8079, 1000.000000000000114 ) ;
#1296 = CARTESIAN_POINT ( 'NONE',  ( -2.640057380345959270, 6.652835838467503926, 7.900000000000000355 ) ) ;
#1297 = VERTEX_POINT ( 'NONE', #8049 ) ;
#1298 = DIRECTION ( 'NONE',  ( 5.050066219870496183E-16, -1.000000000000000000, -0.000000000000000000 ) ) ;
#1299 = DIRECTION ( 'NONE',  ( 0.7798598600361810185, 0.6259541506407223510, 0.000000000000000000 ) ) ;
#1300 = VECTOR ( 'NONE', #6396, 1000.000000000000000 ) ;
#1301 = VERTEX_POINT ( 'NONE', #1530 ) ;
#1302 = VECTOR ( 'NONE', #4888, 1000.000000000000000 ) ;
#1303 = LINE ( 'NONE', #6433, #6556 ) ;
#1304 = CARTESIAN_POINT ( 'NONE',  ( -7.500000000000001776, 6.499999999999998224, 0.4000000000000010214 ) ) ;
#1305 = VERTEX_POINT ( 'NONE', #3426 ) ;
#1306 = CARTESIAN_POINT ( 'NONE',  ( -1.999999999999999112, 1.734723475976807094E-15, 5.300000000000000711 ) ) ;
#1307 = CARTESIAN_POINT ( 'NONE',  ( 4.407966415290564655, 5.424564683621931671, -4.599999999999999645 ) ) ;
#1308 = VECTOR ( 'NONE', #5887, 1000.000000000000000 ) ;
#1309 = ORIENTED_EDGE ( 'NONE', *, *, #6016, .T. ) ;
#1310 = EDGE_CURVE ( 'NONE', #4020, #2992, #897, .T. ) ;
#1311 = AXIS2_PLACEMENT_3D ( 'NONE', #7525, #1649, #2987 ) ;
#1312 = LINE ( 'NONE', #8408, #6079 ) ;
#1313 = DIRECTION ( 'NONE',  ( 0.000000000000000000, -1.000000000000000000, 0.000000000000000000 ) ) ;
#1314 = ORIENTED_EDGE ( 'NONE', *, *, #2849, .T. ) ;
#1315 = LINE ( 'NONE', #5842, #7462 ) ;
#1316 = CARTESIAN_POINT ( 'NONE',  ( 0.000000000000000000, 2.799999999999997602, -6.250000000000000000 ) ) ;
#1317 = LINE ( 'NONE', #710, #5018 ) ;
#1318 = PRODUCT_DEFINITION_SHAPE ( 'NONE', 'NONE',  #6368 ) ;
#1319 = ORIENTED_EDGE ( 'NONE', *, *, #4893, .T. ) ;
#1320 = LINE ( 'NONE', #8068, #1987 ) ;
#1321 = VECTOR ( 'NONE', #8196, 1000.000000000000000 ) ;
#1322 = DIRECTION ( 'NONE',  ( 1.000000000000000000, 0.000000000000000000, 0.000000000000000000 ) ) ;
#1323 = PLANE ( 'NONE',  #36 ) ;
#1324 = ADVANCED_FACE ( 'NONE', ( #4073, #6589, #2737, #3339, #5342, #810 ), #4791, .T. ) ;
#1325 = LINE ( 'NONE', #7183, #1967 ) ;
#1326 = EDGE_LOOP ( 'NONE', ( #3466, #1294, #4956, #6438 ) ) ;
#1327 = ORIENTED_EDGE ( 'NONE', *, *, #4821, .T. ) ;
#1328 = EDGE_CURVE ( 'NONE', #6001, #8115, #2868, .T. ) ;
#1329 = ADVANCED_FACE ( 'NONE', ( #2131 ), #4666, .F. ) ;
#1330 = VECTOR ( 'NONE', #339, 1000.000000000000000 ) ;
#1331 = ORIENTED_EDGE ( 'NONE', *, *, #1678, .T. ) ;
#1332 = CARTESIAN_POINT ( 'NONE',  ( 4.472271824131507145, 8.320621394681948502, 7.900000000000032330 ) ) ;
#1333 = DIRECTION ( 'NONE',  ( 0.000000000000000000, 1.000000000000000000, 0.000000000000000000 ) ) ;
#1334 = LINE ( 'NONE', #1778, #1544 ) ;
#1335 = VECTOR ( 'NONE', #2511, 1000.000000000000000 ) ;
#1336 = ORIENTED_EDGE ( 'NONE', *, *, #2467, .F. ) ;
#1337 = ADVANCED_FACE ( 'NONE', ( #849 ), #3181, .T. ) ;
#1338 = DIRECTION ( 'NONE',  ( 1.000000000000000000, 0.000000000000000000, 0.000000000000000000 ) ) ;
#1339 = APPLICATION_CONTEXT ( 'automotive_design' ) ;
#1340 = CARTESIAN_POINT ( 'NONE',  ( -2.812186117670662622, 10.19792651016505936, -6.250000000000000888 ) ) ;
#1341 = LINE ( 'NONE', #3953, #3349 ) ;
#1342 = LINE ( 'NONE', #5824, #2239 ) ;
#1343 = VERTEX_POINT ( 'NONE', #1454 ) ;
#1344 = CARTESIAN_POINT ( 'NONE',  ( 5.299999999999999822, 2.799999999999997602, -4.100000000000000533 ) ) ;
#1345 = ORIENTED_EDGE ( 'NONE', *, *, #5377, .F. ) ;
#1346 = DIRECTION ( 'NONE',  ( -1.000000000000000000, 0.000000000000000000, 0.000000000000000000 ) ) ;
#1347 = DIRECTION ( 'NONE',  ( 0.000000000000000000, 0.000000000000000000, -1.000000000000000000 ) ) ;
#1348 = ORIENTED_EDGE ( 'NONE', *, *, #906, .T. ) ;
#1349 = LINE ( 'NONE', #6567, #507 ) ;
#1350 = LINE ( 'NONE', #5877, #6394 ) ;
#1351 = ORIENTED_EDGE ( 'NONE', *, *, #946, .F. ) ;
#1352 = CARTESIAN_POINT ( 'NONE',  ( 0.9999999999999995559, 3.071796769724489895, 6.100000000000001421 ) ) ;
#1353 = ORIENTED_EDGE ( 'NONE', *, *, #2198, .F. ) ;
#1354 = LINE ( 'NONE', #5152, #5639 ) ;
#1355 = CARTESIAN_POINT ( 'NONE',  ( 0.000000000000000000, 7.249999999999999112, -4.100000000000000533 ) ) ;
#1356 = EDGE_CURVE ( 'NONE', #3915, #5051, #5088, .T. ) ;
#1357 = ORIENTED_EDGE ( 'NONE', *, *, #2488, .T. ) ;
#1358 = EDGE_CURVE ( 'NONE', #6663, #3839, #1404, .T. ) ;
#1359 = DIRECTION ( 'NONE',  ( 0.000000000000000000, 0.000000000000000000, 1.000000000000000000 ) ) ;
#1360 = CARTESIAN_POINT ( 'NONE',  ( 0.000000000000000000, 10.00000000000000000, 1.100000000000001199 ) ) ;
#1361 = ORIENTED_EDGE ( 'NONE', *, *, #2640, .F. ) ;
#1362 = DIRECTION ( 'NONE',  ( -1.000000000000000000, 0.000000000000000000, -0.000000000000000000 ) ) ;
#1363 = CARTESIAN_POINT ( 'NONE',  ( -1.749999999999999778, 8.145363321340248319, -4.599999999999999645 ) ) ;
#1364 = DIRECTION ( 'NONE',  ( -0.7798598600361790201, -0.6259541506407247935, 0.000000000000000000 ) ) ;
#1365 = LINE ( 'NONE', #4785, #3214 ) ;
#1366 = EDGE_LOOP ( 'NONE', ( #2183, #468, #1681, #3497 ) ) ;
#1367 = ORIENTED_EDGE ( 'NONE', *, *, #1894, .F. ) ;
#1368 = ORIENTED_EDGE ( 'NONE', *, *, #1944, .T. ) ;
#1369 = DIRECTION ( 'NONE',  ( -1.000000000000000000, 0.000000000000000000, 0.000000000000000000 ) ) ;
#1370 = CARTESIAN_POINT ( 'NONE',  ( -0.1998448530267824264, -3.366025403784447700, -5.100000000000001421 ) ) ;
#1371 = CARTESIAN_POINT ( 'NONE',  ( -0.1749999999999999056, 9.650000000000000355, -7.037946471341893329 ) ) ;
#1372 = CIRCLE ( 'NONE', #2875, 7.000000000000000888 ) ;
#1373 = ORIENTED_EDGE ( 'NONE', *, *, #8301, .T. ) ;
#1374 = DIRECTION ( 'NONE',  ( 1.000000000000000000, 0.000000000000000000, 0.000000000000000000 ) ) ;
#1375 = CARTESIAN_POINT ( 'NONE',  ( 4.407966415290565543, 5.424564683621931671, -4.100000000000000533 ) ) ;
#1376 = ADVANCED_FACE ( 'NONE', ( #6637 ), #768, .T. ) ;
#1377 = DIRECTION ( 'NONE',  ( -0.000000000000000000, -0.000000000000000000, 1.000000000000000000 ) ) ;
#1378 = CARTESIAN_POINT ( 'NONE',  ( -1.000000000000000000, 7.249999999999999112, -6.250000000000000000 ) ) ;
#1379 = ORIENTED_EDGE ( 'NONE', *, *, #5559, .F. ) ;
#1380 = CARTESIAN_POINT ( 'NONE',  ( 0.7999999999999993783, 19.50000000000000000, 7.700000000000005507 ) ) ;
#1381 = ORIENTED_EDGE ( 'NONE', *, *, #2558, .F. ) ;
#1382 = DIRECTION ( 'NONE',  ( -0.000000000000000000, 0.000000000000000000, -1.000000000000000000 ) ) ;
#1383 = DIRECTION ( 'NONE',  ( -0.000000000000000000, 1.000000000000000000, -0.000000000000000000 ) ) ;
#1384 = VERTEX_POINT ( 'NONE', #8129 ) ;
#1385 = DIRECTION ( 'NONE',  ( 0.5947568674407585076, -0.8039056341586716670, 0.000000000000000000 ) ) ;
#1386 = EDGE_CURVE ( 'NONE', #2471, #7674, #7562, .T. ) ;
#1387 = CARTESIAN_POINT ( 'NONE',  ( -10.00000000000000178, -3.500000000000013767, -7.099999999999998757 ) ) ;
#1388 = DIRECTION ( 'NONE',  ( 1.000000000000000000, 6.195440985631462220E-16, -0.000000000000000000 ) ) ;
#1389 = ORIENTED_EDGE ( 'NONE', *, *, #4960, .T. ) ;
#1390 = CARTESIAN_POINT ( 'NONE',  ( 2.280971972007238335, 8.971547725466914258, -7.500000000000001776 ) ) ;
#1391 = DIRECTION ( 'NONE',  ( -8.378071034579724975E-16, 0.9659258262890680902, 0.2588190451025216832 ) ) ;
#1392 = ORIENTED_EDGE ( 'NONE', *, *, #5859, .T. ) ;
#1393 = CARTESIAN_POINT ( 'NONE',  ( 0.9999999999999974465, 19.50000000000000000, 7.900000000000000355 ) ) ;
#1394 = DIRECTION ( 'NONE',  ( -0.7798598600361780209, 0.6259541506407260147, 0.000000000000000000 ) ) ;
#1395 = ORIENTED_EDGE ( 'NONE', *, *, #6719, .T. ) ;
#1396 = CYLINDRICAL_SURFACE ( 'NONE', #6891, 0.8000000000000012657 ) ;
#1397 = CARTESIAN_POINT ( 'NONE',  ( 2.812186117670659513, 10.19792651016505580, -6.250000000000000000 ) ) ;
#1398 = PLANE ( 'NONE',  #2382 ) ;
#1399 = EDGE_LOOP ( 'NONE', ( #1353, #811, #98, #3678 ) ) ;
#1400 = EDGE_LOOP ( 'NONE', ( #2423, #6749, #8119, #7967 ) ) ;
#1401 = ORIENTED_EDGE ( 'NONE', *, *, #1273, .T. ) ;
#1402 = LINE ( 'NONE', #3256, #4614 ) ;
#1403 = DIRECTION ( 'NONE',  ( 0.7798598600361769106, -0.6259541506407273470, 0.000000000000000000 ) ) ;
#1404 = LINE ( 'NONE', #8005, #5774 ) ;
#1405 = ADVANCED_FACE ( 'NONE', ( #1017 ), #8173, .T. ) ;
#1406 = EDGE_LOOP ( 'NONE', ( #780, #8349, #2145, #968, #7844, #7902, #6341, #558, #2800 ) ) ;
#1407 = AXIS2_PLACEMENT_3D ( 'NONE', #7494, #6885, #2340 ) ;
#1408 = ADVANCED_FACE ( 'NONE', ( #4274, #2867 ), #2298, .T. ) ;
#1409 = CARTESIAN_POINT ( 'NONE',  ( -4.800155146973222209, 4.235050948740416210, -4.100000000000000533 ) ) ;
#1410 = CIRCLE ( 'NONE', #5773, 0.1749999999999999334 ) ;
#1411 = LINE ( 'NONE', #3952, #7083 ) ;
#1412 = DIRECTION ( 'NONE',  ( 0.000000000000000000, 1.000000000000000000, 0.000000000000000000 ) ) ;
#1413 = AXIS2_PLACEMENT_3D ( 'NONE', #8245, #3027, #405 ) ;
#1414 = DIRECTION ( 'NONE',  ( 0.7798598600361773547, 0.6259541506407267919, 0.000000000000000000 ) ) ;
#1415 = EDGE_CURVE ( 'NONE', #4088, #4819, #5238, .T. ) ;
#1416 = ORIENTED_EDGE ( 'NONE', *, *, #271, .T. ) ;
#1417 = AXIS2_PLACEMENT_3D ( 'NONE', #8233, #2539, #8353 ) ;
#1418 = VECTOR ( 'NONE', #3525, 1000.000000000000000 ) ;
#1419 = ADVANCED_FACE ( 'NONE', ( #5474 ), #6965, .F. ) ;
#1420 = VECTOR ( 'NONE', #1364, 1000.000000000000114 ) ;
#1421 = CARTESIAN_POINT ( 'NONE',  ( -5.199844853026783120, 4.235050948740416210, -4.100000000000000533 ) ) ;
#1422 = ADVANCED_FACE ( 'NONE', ( #7488 ), #1616, .F. ) ;
#1423 = VERTEX_POINT ( 'NONE', #7449 ) ;
#1424 = FACE_OUTER_BOUND ( 'NONE', #531, .T. ) ;
#1425 = DIRECTION ( 'NONE',  ( -1.000000000000000000, 0.000000000000000000, 0.000000000000000000 ) ) ;
#1426 = EDGE_LOOP ( 'NONE', ( #4920, #3132, #3709, #1646, #6702, #4048 ) ) ;
#1427 = LINE ( 'NONE', #7383, #5462 ) ;
#1428 = CARTESIAN_POINT ( 'NONE',  ( 4.800155146973217768, 0.8000000000000008216, -4.100000000000000533 ) ) ;
#1429 = AXIS2_PLACEMENT_3D ( 'NONE', #8057, #2178, #7415 ) ;
#1430 = DIRECTION ( 'NONE',  ( -0.000000000000000000, -0.000000000000000000, 1.000000000000000000 ) ) ;
#1431 = AXIS2_PLACEMENT_3D ( 'NONE', #4016, #3329, #1443 ) ;
#1432 = VECTOR ( 'NONE', #452, 1000.000000000000000 ) ;
#1433 = EDGE_CURVE ( 'NONE', #5553, #7461, #6113, .T. ) ;
#1434 = ORIENTED_EDGE ( 'NONE', *, *, #4389, .F. ) ;
#1435 = EDGE_CURVE ( 'NONE', #7514, #6732, #2336, .T. ) ;
#1436 = LINE ( 'NONE', #7346, #3238 ) ;
#1437 = VECTOR ( 'NONE', #283, 1000.000000000000114 ) ;
#1438 = CARTESIAN_POINT ( 'NONE',  ( 3.500000000000000000, 12.75000000000000178, -6.250000000000000000 ) ) ;
#1439 = ORIENTED_EDGE ( 'NONE', *, *, #1947, .T. ) ;
#1440 = CARTESIAN_POINT ( 'NONE',  ( -0.8750000000000002220, 14.55000000000000071, 7.900000000000000355 ) ) ;
#1441 = PLANE ( 'NONE',  #6684 ) ;
#1442 = VERTEX_POINT ( 'NONE', #8092 ) ;
#1443 = DIRECTION ( 'NONE',  ( 1.232115609489269207E-16, -1.000000000000000000, 0.000000000000000000 ) ) ;
#1444 = FACE_OUTER_BOUND ( 'NONE', #1857, .T. ) ;
#1445 = CARTESIAN_POINT ( 'NONE',  ( 5.199844853026781344, 0.8000000000000012657, -4.100000000000000533 ) ) ;
#1446 = VECTOR ( 'NONE', #22, 1000.000000000000000 ) ;
#1447 = EDGE_LOOP ( 'NONE', ( #2545, #5140, #483, #1030, #7440, #2174, #970, #7131, #5885 ) ) ;
#1448 = ORIENTED_EDGE ( 'NONE', *, *, #5823, .F. ) ;
#1449 = EDGE_CURVE ( 'NONE', #5603, #5587, #1282, .T. ) ;
#1450 = VECTOR ( 'NONE', #4269, 1000.000000000000000 ) ;
#1451 = ORIENTED_EDGE ( 'NONE', *, *, #978, .T. ) ;
#1452 = LINE ( 'NONE', #892, #1047 ) ;
#1453 = LINE ( 'NONE', #7232, #4451 ) ;
#1454 = CARTESIAN_POINT ( 'NONE',  ( 0.8750000000000002220, 15.83475577895081976, 1.100000000000001199 ) ) ;
#1455 = PRODUCT ( 'SDS-50J_6', 'SDS-50J_6', '', ( #121 ) ) ;
#1456 = ORIENTED_EDGE ( 'NONE', *, *, #5719, .T. ) ;
#1457 = DIRECTION ( 'NONE',  ( 0.000000000000000000, 0.000000000000000000, 1.000000000000000000 ) ) ;
#1458 = ADVANCED_FACE ( 'NONE', ( #2953 ), #4993, .F. ) ;
#1459 = DIRECTION ( 'NONE',  ( -0.000000000000000000, -0.000000000000000000, -1.000000000000000000 ) ) ;
#1460 = CARTESIAN_POINT ( 'NONE',  ( 0.000000000000000000, 0.000000000000000000, 0.000000000000000000 ) ) ;
#1461 = FACE_OUTER_BOUND ( 'NONE', #1062, .T. ) ;
#1462 = VECTOR ( 'NONE', #96, 1000.000000000000000 ) ;
#1463 = PLANE ( 'NONE',  #1820 ) ;
#1464 = ADVANCED_FACE ( 'NONE', ( #3549 ), #6236, .F. ) ;
#1465 = ORIENTED_EDGE ( 'NONE', *, *, #6854, .F. ) ;
#1466 = DIRECTION ( 'NONE',  ( -1.000000000000000000, 0.000000000000000000, 0.000000000000000000 ) ) ;
#1467 = ORIENTED_EDGE ( 'NONE', *, *, #1830, .T. ) ;
#1468 = DIRECTION ( 'NONE',  ( 0.000000000000000000, 0.000000000000000000, 1.000000000000000000 ) ) ;
#1469 = DIRECTION ( 'NONE',  ( 0.5947568674407590628, -0.8039056341586712229, 0.000000000000000000 ) ) ;
#1470 = VERTEX_POINT ( 'NONE', #5557 ) ;
#1471 = CARTESIAN_POINT ( 'NONE',  ( -3.447145558284426148, 5.845747660529039713, 1.100000000000001199 ) ) ;
#1472 = DIRECTION ( 'NONE',  ( 0.7071067811865463515, -0.7071067811865487940, 0.000000000000000000 ) ) ;
#1473 = CARTESIAN_POINT ( 'NONE',  ( 7.699999999999998401, 2.799999999999997602, -4.100000000000000533 ) ) ;
#1474 = AXIS2_PLACEMENT_3D ( 'NONE', #6304, #2500, #436 ) ;
#1475 = VERTEX_POINT ( 'NONE', #8212 ) ;
#1476 = DIRECTION ( 'NONE',  ( 0.000000000000000000, -0.000000000000000000, 1.000000000000000000 ) ) ;
#1477 = FACE_OUTER_BOUND ( 'NONE', #2143, .T. ) ;
#1478 = ORIENTED_EDGE ( 'NONE', *, *, #6456, .T. ) ;
#1479 = DIRECTION ( 'NONE',  ( -1.000000000000000000, 0.000000000000000000, 0.000000000000000000 ) ) ;
#1480 = DIRECTION ( 'NONE',  ( -0.000000000000000000, -0.000000000000000000, -1.000000000000000000 ) ) ;
#1481 = ORIENTED_EDGE ( 'NONE', *, *, #5341, .F. ) ;
#1482 = EDGE_CURVE ( 'NONE', #7461, #2919, #6925, .T. ) ;
#1483 = DIRECTION ( 'NONE',  ( -0.000000000000000000, -0.000000000000000000, -1.000000000000000000 ) ) ;
#1484 = ADVANCED_FACE ( 'NONE', ( #1691 ), #4322, .F. ) ;
#1485 = CARTESIAN_POINT ( 'NONE',  ( -6.575000000000000178, 6.499999999999998224, 0.4000000000000010214 ) ) ;
#1486 = UNCERTAINTY_MEASURE_WITH_UNIT (LENGTH_MEASURE( 1.000000000000000082E-05 ), #5044, 'distance_accuracy_value', 'NONE');
#1487 = PLANE ( 'NONE',  #748 ) ;
#1488 = AXIS2_PLACEMENT_3D ( 'NONE', #6522, #7669, #4510 ) ;
#1489 = VERTEX_POINT ( 'NONE', #1100 ) ;
#1490 = VERTEX_POINT ( 'NONE', #4827 ) ;
#1491 = ORIENTED_EDGE ( 'NONE', *, *, #2472, .F. ) ;
#1492 = LINE ( 'NONE', #3945, #1446 ) ;
#1493 = AXIS2_PLACEMENT_3D ( 'NONE', #4143, #7476, #268 ) ;
#1494 = VECTOR ( 'NONE', #4090, 1000.000000000000000 ) ;
#1495 = ORIENTED_EDGE ( 'NONE', *, *, #465, .F. ) ;
#1496 = LINE ( 'NONE', #5309, #4446 ) ;
#1497 = DIRECTION ( 'NONE',  ( 0.000000000000000000, -0.000000000000000000, 1.000000000000000000 ) ) ;
#1498 =( GEOMETRIC_REPRESENTATION_CONTEXT ( 3 ) GLOBAL_UNCERTAINTY_ASSIGNED_CONTEXT ( ( #5425 ) ) GLOBAL_UNIT_ASSIGNED_CONTEXT ( ( #989, #5691, #1630 ) ) REPRESENTATION_CONTEXT ( 'NONE', 'WORKASPACE' ) );
#1499 = PRODUCT_CONTEXT ( 'NONE', #4555, 'mechanical' ) ;
#1500 = DIRECTION ( 'NONE',  ( 0.6259541506407273470, 0.7798598600361770217, 0.000000000000000000 ) ) ;
#1501 = LINE ( 'NONE', #6770, #743 ) ;
#1502 = ORIENTED_EDGE ( 'NONE', *, *, #6719, .F. ) ;
#1503 = ADVANCED_FACE ( 'NONE', ( #280 ), #3763, .F. ) ;
#1504 =( GEOMETRIC_REPRESENTATION_CONTEXT ( 3 ) GLOBAL_UNCERTAINTY_ASSIGNED_CONTEXT ( ( #3454 ) ) GLOBAL_UNIT_ASSIGNED_CONTEXT ( ( #5394, #5311, #2051 ) ) REPRESENTATION_CONTEXT ( 'NONE', 'WORKASPACE' ) );
#1505 = LINE ( 'NONE', #1421, #7712 ) ;
#1506 = ORIENTED_EDGE ( 'NONE', *, *, #4355, .T. ) ;
#1507 = CARTESIAN_POINT ( 'NONE',  ( -5.199844853026781344, 0.7999999999999994893, -7.599999999999997868 ) ) ;
#1508 = DIRECTION ( 'NONE',  ( 0.7071067811865487940, 0.7071067811865463515, 0.000000000000000000 ) ) ;
#1509 = ORIENTED_EDGE ( 'NONE', *, *, #287, .F. ) ;
#1510 = CARTESIAN_POINT ( 'NONE',  ( 0.1998448530267822598, 7.249999999999999112, -6.250000000000000000 ) ) ;
#1511 = CARTESIAN_POINT ( 'NONE',  ( 0.000000000000000000, 10.00000000000000000, -6.450000000000001066 ) ) ;
#1512 = DIRECTION ( 'NONE',  ( 1.000000000000000000, 0.000000000000000000, -0.000000000000000000 ) ) ;
#1513 = DIRECTION ( 'NONE',  ( 0.000000000000000000, -0.000000000000000000, -1.000000000000000000 ) ) ;
#1514 = EDGE_CURVE ( 'NONE', #7481, #3625, #3118, .T. ) ;
#1515 = VERTEX_POINT ( 'NONE', #1948 ) ;
#1516 = CARTESIAN_POINT ( 'NONE',  ( -5.199844853026783120, 4.235050948740415322, -4.100000000000000533 ) ) ;
#1517 = LINE ( 'NONE', #874, #8138 ) ;
#1518 = ORIENTED_EDGE ( 'NONE', *, *, #271, .F. ) ;
#1519 = DIRECTION ( 'NONE',  ( 0.000000000000000000, 0.000000000000000000, 1.000000000000000000 ) ) ;
#1520 = LINE ( 'NONE', #4859, #1887 ) ;
#1521 = ORIENTED_EDGE ( 'NONE', *, *, #8299, .F. ) ;
#1522 = DIRECTION ( 'NONE',  ( -1.000000000000000000, -2.466431482431479202E-16, 0.000000000000000000 ) ) ;
#1523 = DIRECTION ( 'NONE',  ( -1.000000000000000000, 0.000000000000000000, 0.000000000000000000 ) ) ;
#1524 = CARTESIAN_POINT ( 'NONE',  ( 0.7999999999999993783, 19.50000000000000000, 6.100000000000001421 ) ) ;
#1525 = ORIENTED_EDGE ( 'NONE', *, *, #1667, .T. ) ;
#1526 = ORIENTED_EDGE ( 'NONE', *, *, #85, .F. ) ;
#1527 = EDGE_CURVE ( 'NONE', #7504, #69, #6881, .T. ) ;
#1528 = ORIENTED_EDGE ( 'NONE', *, *, #4678, .T. ) ;
#1529 = DIRECTION ( 'NONE',  ( 1.836970198721029688E-16, -1.000000000000000000, -0.000000000000000000 ) ) ;
#1530 = CARTESIAN_POINT ( 'NONE',  ( -3.199999999999999734, 1.500000000000000444, 5.300000000000000711 ) ) ;
#1531 = VERTEX_POINT ( 'NONE', #3890 ) ;
#1532 = EDGE_CURVE ( 'NONE', #5553, #8141, #6496, .T. ) ;
#1533 = EDGE_CURVE ( 'NONE', #4536, #5800, #6362, .T. ) ;
#1534 = FACE_OUTER_BOUND ( 'NONE', #7500, .T. ) ;
#1535 = CARTESIAN_POINT ( 'NONE',  ( -0.5000000000000000000, 8.375000000000001776, 7.900000000000000355 ) ) ;
#1536 = CARTESIAN_POINT ( 'NONE',  ( 2.499999999999999556, 9.947350469337285617, -6.250000000000000000 ) ) ;
#1537 = DIRECTION ( 'NONE',  ( -1.218676860545722770E-16, 1.000000000000000000, 0.000000000000000000 ) ) ;
#1538 = EDGE_CURVE ( 'NONE', #4020, #1893, #577, .T. ) ;
#1539 = VERTEX_POINT ( 'NONE', #7054 ) ;
#1540 = DIRECTION ( 'NONE',  ( -0.000000000000000000, 1.000000000000000000, -0.000000000000000000 ) ) ;
#1541 = ORIENTED_EDGE ( 'NONE', *, *, #5299, .F. ) ;
#1542 = CARTESIAN_POINT ( 'NONE',  ( 0.9000000000000001332, 1.249139735130300957E-15, -7.037946471341894217 ) ) ;
#1543 = DIRECTION ( 'NONE',  ( -0.000000000000000000, -0.000000000000000000, 1.000000000000000000 ) ) ;
#1544 = VECTOR ( 'NONE', #5724, 1000.000000000000000 ) ;
#1545 = ORIENTED_EDGE ( 'NONE', *, *, #6996, .F. ) ;
#1546 = DIRECTION ( 'NONE',  ( 0.8039056341586717780, 0.5947568674407583966, -0.000000000000000000 ) ) ;
#1547 = CARTESIAN_POINT ( 'NONE',  ( 0.000000000000000000, 10.00000000000000000, -6.450000000000001066 ) ) ;
#1548 = CARTESIAN_POINT ( 'NONE',  ( -5.179378605318049722, 9.027728175868499960, 1.100000000000001199 ) ) ;
#1549 = DIRECTION ( 'NONE',  ( 0.7071067811865490160, -0.7071067811865460184, 0.000000000000000000 ) ) ;
#1550 = VECTOR ( 'NONE', #5874, 1000.000000000000114 ) ;
#1551 = AXIS2_PLACEMENT_3D ( 'NONE', #2615, #1972, #7759 ) ;
#1552 = AXIS2_PLACEMENT_3D ( 'NONE', #3257, #1821, #7060 ) ;
#1553 = VERTEX_POINT ( 'NONE', #5676 ) ;
#1554 = CARTESIAN_POINT ( 'NONE',  ( -0.9000000000000001332, 0.4000000000000019096, -7.037946471341894217 ) ) ;
#1555 = LINE ( 'NONE', #923, #1968 ) ;
#1556 = VECTOR ( 'NONE', #4221, 1000.000000000000000 ) ;
#1557 = EDGE_LOOP ( 'NONE', ( #3668, #6442, #668, #18 ) ) ;
#1558 = AXIS2_PLACEMENT_3D ( 'NONE', #4674, #4044, #779 ) ;
#1559 = CARTESIAN_POINT ( 'NONE',  ( -0.1998448530267814827, -3.499999999999995115, -5.100000000000001421 ) ) ;
#1560 = FACE_OUTER_BOUND ( 'NONE', #7724, .T. ) ;
#1561 = ORIENTED_EDGE ( 'NONE', *, *, #6115, .F. ) ;
#1562 = VECTOR ( 'NONE', #6804, 1000.000000000000000 ) ;
#1563 = DIRECTION ( 'NONE',  ( -0.000000000000000000, -0.000000000000000000, -1.000000000000000000 ) ) ;
#1564 = DIRECTION ( 'NONE',  ( -7.391208087080154620E-16, -1.000000000000000000, -0.000000000000000000 ) ) ;
#1565 = ADVANCED_FACE ( 'NONE', ( #8330 ), #3808, .F. ) ;
#1566 = AXIS2_PLACEMENT_3D ( 'NONE', #412, #4998, #5683 ) ;
#1567 = VECTOR ( 'NONE', #7218, 1000.000000000000114 ) ;
#1568 = ORIENTED_EDGE ( 'NONE', *, *, #4215, .T. ) ;
#1569 = ORIENTED_EDGE ( 'NONE', *, *, #6213, .T. ) ;
#1570 = ORIENTED_EDGE ( 'NONE', *, *, #4905, .T. ) ;
#1571 = CARTESIAN_POINT ( 'NONE',  ( 1.969028027992764107, 8.721166065210621099, -4.100000000000000533 ) ) ;
#1572 = LINE ( 'NONE', #4198, #1982 ) ;
#1573 = EDGE_CURVE ( 'NONE', #3626, #6995, #8461, .T. ) ;
#1574 = DIRECTION ( 'NONE',  ( 0.000000000000000000, 0.000000000000000000, 1.000000000000000000 ) ) ;
#1575 = CARTESIAN_POINT ( 'NONE',  ( 5.199844853026781344, 4.235050948740416210, -7.900000000000000355 ) ) ;
#1576 = EDGE_CURVE ( 'NONE', #6663, #2664, #4158, .T. ) ;
#1577 = EDGE_CURVE ( 'NONE', #523, #7595, #5759, .T. ) ;
#1578 = VERTEX_POINT ( 'NONE', #7136 ) ;
#1579 = VECTOR ( 'NONE', #2892, 1000.000000000000114 ) ;
#1580 = STYLED_ITEM ( 'NONE', ( #7224 ), #639 ) ;
#1581 = FACE_OUTER_BOUND ( 'NONE', #1790, .T. ) ;
#1582 = ADVANCED_FACE ( 'NONE', ( #3197 ), #8368, .T. ) ;
#1583 = PLANE ( 'NONE',  #6465 ) ;
#1584 = VECTOR ( 'NONE', #8275, 999.9999999999998863 ) ;
#1585 = CARTESIAN_POINT ( 'NONE',  ( 0.000000000000000000, 6.500000000000000888, 1.100000000000001199 ) ) ;
#1586 = EDGE_CURVE ( 'NONE', #1809, #1515, #5804, .T. ) ;
#1587 = EDGE_CURVE ( 'NONE', #1802, #4477, #1864, .T. ) ;
#1588 = ORIENTED_EDGE ( 'NONE', *, *, #5343, .F. ) ;
#1589 = LINE ( 'NONE', #5604, #6761 ) ;
#1590 = ORIENTED_EDGE ( 'NONE', *, *, #8411, .F. ) ;
#1591 = DIRECTION ( 'NONE',  ( -1.000000000000000000, 0.000000000000000000, -0.000000000000000000 ) ) ;
#1592 = PLANE ( 'NONE',  #5806 ) ;
#1593 = CIRCLE ( 'NONE', #4330, 1.000000000000000000 ) ;
#1594 = ORIENTED_EDGE ( 'NONE', *, *, #5505, .F. ) ;
#1595 = DIRECTION ( 'NONE',  ( 0.000000000000000000, 0.000000000000000000, -1.000000000000000000 ) ) ;
#1596 = PLANE ( 'NONE',  #344 ) ;
#1597 = DIRECTION ( 'NONE',  ( -0.000000000000000000, 1.000000000000000000, 0.000000000000000000 ) ) ;
#1598 = EDGE_CURVE ( 'NONE', #6246, #33, #7005, .T. ) ;
#1599 = CARTESIAN_POINT ( 'NONE',  ( -2.812186117670661289, 10.19792651016505758, -4.100000000000000533 ) ) ;
#1600 = FACE_BOUND ( 'NONE', #3689, .T. ) ;
#1601 = ORIENTED_EDGE ( 'NONE', *, *, #5992, .T. ) ;
#1602 = LINE ( 'NONE', #2933, #6093 ) ;
#1603 = CARTESIAN_POINT ( 'NONE',  ( -1.813683476751936530, 10.96533390620149007, -3.654908379606684576 ) ) ;
#1604 = ORIENTED_EDGE ( 'NONE', *, *, #6509, .F. ) ;
#1605 = LINE ( 'NONE', #5582, #8253 ) ;
#1606 = DIRECTION ( 'NONE',  ( 1.836970198721029688E-16, -1.000000000000000000, -0.000000000000000000 ) ) ;
#1607 = EDGE_LOOP ( 'NONE', ( #5568, #376, #19, #5204 ) ) ;
#1608 = ORIENTED_EDGE ( 'NONE', *, *, #4678, .F. ) ;
#1609 = EDGE_CURVE ( 'NONE', #6792, #915, #1814, .T. ) ;
#1610 = EDGE_CURVE ( 'NONE', #5286, #891, #7782, .T. ) ;
#1611 = AXIS2_PLACEMENT_3D ( 'NONE', #5916, #8477, #7807 ) ;
#1612 = VERTEX_POINT ( 'NONE', #6309 ) ;
#1613 = DIRECTION ( 'NONE',  ( -0.000000000000000000, -0.000000000000000000, -1.000000000000000000 ) ) ;
#1614 = LINE ( 'NONE', #6838, #7325 ) ;
#1615 = CARTESIAN_POINT ( 'NONE',  ( 9.409923976848167726, 5.985126513463341347, 7.700000000000004619 ) ) ;
#1616 = PLANE ( 'NONE',  #1274 ) ;
#1617 = ORIENTED_EDGE ( 'NONE', *, *, #2607, .T. ) ;
#1618 = CARTESIAN_POINT ( 'NONE',  ( 0.7999999999999993783, 19.50000000000000000, 6.100000000000001421 ) ) ;
#1619 = FACE_OUTER_BOUND ( 'NONE', #7661, .T. ) ;
#1620 = FACE_OUTER_BOUND ( 'NONE', #77, .T. ) ;
#1621 = ORIENTED_EDGE ( 'NONE', *, *, #3398, .F. ) ;
#1622 = LINE ( 'NONE', #4248, #451 ) ;
#1623 = VECTOR ( 'NONE', #5219, 1000.000000000000000 ) ;
#1624 = VERTEX_POINT ( 'NONE', #442 ) ;
#1625 = EDGE_CURVE ( 'NONE', #8360, #5529, #3068, .T. ) ;
#1626 = FACE_OUTER_BOUND ( 'NONE', #6917, .T. ) ;
#1627 = CARTESIAN_POINT ( 'NONE',  ( -0.8750000000000002220, 15.83475577895081976, 6.100000000000001421 ) ) ;
#1628 = ORIENTED_EDGE ( 'NONE', *, *, #6085, .F. ) ;
#1629 = LINE ( 'NONE', #5571, #7645 ) ;
#1630 =( NAMED_UNIT ( * ) SI_UNIT ( $, .STERADIAN. ) SOLID_ANGLE_UNIT ( ) );
#1631 = DIRECTION ( 'NONE',  ( -0.6259541506407287903, -0.7798598600361759114, 0.000000000000000000 ) ) ;
#1632 = LINE ( 'NONE', #5573, #2232 ) ;
#1633 =( GEOMETRIC_REPRESENTATION_CONTEXT ( 3 ) GLOBAL_UNCERTAINTY_ASSIGNED_CONTEXT ( ( #885 ) ) GLOBAL_UNIT_ASSIGNED_CONTEXT ( ( #4378, #2434, #4591 ) ) REPRESENTATION_CONTEXT ( 'NONE', 'WORKASPACE' ) );
#1634 = EDGE_CURVE ( 'NONE', #5512, #4352, #1191, .T. ) ;
#1635 = DIRECTION ( 'NONE',  ( 1.000000000000000000, 0.000000000000000000, -0.000000000000000000 ) ) ;
#1636 = ADVANCED_FACE ( 'NONE', ( #4619 ), #2637, .F. ) ;
#1637 = LINE ( 'NONE', #6985, #7441 ) ;
#1638 = ORIENTED_EDGE ( 'NONE', *, *, #4762, .F. ) ;
#1639 = CARTESIAN_POINT ( 'NONE',  ( -0.5000000000000000000, 8.375000000000001776, 7.900000000000000355 ) ) ;
#1640 = FACE_OUTER_BOUND ( 'NONE', #1406, .T. ) ;
#1641 = ORIENTED_EDGE ( 'NONE', *, *, #4316, .F. ) ;
#1642 = CYLINDRICAL_SURFACE ( 'NONE', #5795, 2.000000000000000000 ) ;
#1643 =( LENGTH_UNIT ( ) NAMED_UNIT ( * ) SI_UNIT ( .MILLI., .METRE. ) );
#1644 = ORIENTED_EDGE ( 'NONE', *, *, #2626, .T. ) ;
#1645 = VERTEX_POINT ( 'NONE', #1485 ) ;
#1646 = ORIENTED_EDGE ( 'NONE', *, *, #6658, .F. ) ;
#1647 = SURFACE_SIDE_STYLE ('',( #8238 ) ) ;
#1648 = EDGE_LOOP ( 'NONE', ( #5550, #7671, #5607, #4815 ) ) ;
#1649 = DIRECTION ( 'NONE',  ( 0.000000000000000000, 0.000000000000000000, -1.000000000000000000 ) ) ;
#1650 = DIRECTION ( 'NONE',  ( 0.000000000000000000, 0.000000000000000000, 1.000000000000000000 ) ) ;
#1651 = PLANE ( 'NONE',  #3342 ) ;
#1652 = DIRECTION ( 'NONE',  ( -6.982962677686266711E-15, 1.282749433769087407E-30, 1.000000000000000000 ) ) ;
#1653 = ORIENTED_EDGE ( 'NONE', *, *, #6854, .T. ) ;
#1654 = CARTESIAN_POINT ( 'NONE',  ( 8.609923976848167015, 5.985126513463341347, 1.900000000000001021 ) ) ;
#1655 = CARTESIAN_POINT ( 'NONE',  ( 2.280971972007238335, 8.971547725466914258, -7.500000000000001776 ) ) ;
#1656 = EDGE_CURVE ( 'NONE', #5147, #5721, #4659, .T. ) ;
#1657 = VERTEX_POINT ( 'NONE', #6543 ) ;
#1658 = CARTESIAN_POINT ( 'NONE',  ( -8.609923976848167015, 5.985126513463341347, 7.900000000000000355 ) ) ;
#1659 = ORIENTED_EDGE ( 'NONE', *, *, #3244, .T. ) ;
#1660 = CARTESIAN_POINT ( 'NONE',  ( 0.000000000000000000, 2.799999999999997602, -4.599999999999999645 ) ) ;
#1661 = ORIENTED_EDGE ( 'NONE', *, *, #2517, .T. ) ;
#1662 = CARTESIAN_POINT ( 'NONE',  ( 0.000000000000000000, 10.00000000000000000, 1.100000000000001199 ) ) ;
#1663 = CARTESIAN_POINT ( 'NONE',  ( 9.999999999999998224, 21.10000000000000497, 6.100000000000001421 ) ) ;
#1664 = EDGE_CURVE ( 'NONE', #2429, #651, #16, .T. ) ;
#1665 = CARTESIAN_POINT ( 'NONE',  ( 2.999999999999999112, -2.999999999999997335, 5.300000000000000711 ) ) ;
#1666 = EDGE_CURVE ( 'NONE', #5102, #4226, #1817, .T. ) ;
#1667 = EDGE_CURVE ( 'NONE', #2124, #6583, #3293, .T. ) ;
#1668 = VECTOR ( 'NONE', #6595, 1000.000000000000000 ) ;
#1669 = PLANE ( 'NONE',  #8378 ) ;
#1670 = CARTESIAN_POINT ( 'NONE',  ( 7.300000000000000711, -3.366025403784441927, -4.099999999999999645 ) ) ;
#1671 = ORIENTED_EDGE ( 'NONE', *, *, #6392, .T. ) ;
#1672 = CARTESIAN_POINT ( 'NONE',  ( 7.499999999999999112, 6.500000000000002665, 0.4000000000000010214 ) ) ;
#1673 = DIRECTION ( 'NONE',  ( 0.000000000000000000, 0.000000000000000000, 1.000000000000000000 ) ) ;
#1674 = ORIENTED_EDGE ( 'NONE', *, *, #5855, .F. ) ;
#1675 = VECTOR ( 'NONE', #4803, 1000.000000000000000 ) ;
#1676 = AXIS2_PLACEMENT_3D ( 'NONE', #7893, #3865, #2479 ) ;
#1677 = FACE_OUTER_BOUND ( 'NONE', #6025, .T. ) ;
#1678 = EDGE_CURVE ( 'NONE', #6945, #5060, #5248, .T. ) ;
#1679 =( NAMED_UNIT ( * ) PLANE_ANGLE_UNIT ( ) SI_UNIT ( $, .RADIAN. ) );
#1680 = EDGE_CURVE ( 'NONE', #8341, #1305, #801, .T. ) ;
#1681 = ORIENTED_EDGE ( 'NONE', *, *, #2304, .T. ) ;
#1682 = EDGE_LOOP ( 'NONE', ( #6648, #2614, #1467, #4175 ) ) ;
#1683 = CIRCLE ( 'NONE', #3752, 2.399689706053561356 ) ;
#1684 = VECTOR ( 'NONE', #1029, 1000.000000000000114 ) ;
#1685 = VECTOR ( 'NONE', #6507, 1000.000000000000000 ) ;
#1686 = VERTEX_POINT ( 'NONE', #7992 ) ;
#1687 = PLANE ( 'NONE',  #5844 ) ;
#1688 = ORIENTED_EDGE ( 'NONE', *, *, #3321, .F. ) ;
#1689 = DIRECTION ( 'NONE',  ( 0.7071067811865487940, -0.7071067811865463515, -0.000000000000000000 ) ) ;
#1690 = DIRECTION ( 'NONE',  ( 0.000000000000000000, 0.000000000000000000, 1.000000000000000000 ) ) ;
#1691 = FACE_OUTER_BOUND ( 'NONE', #7293, .T. ) ;
#1692 = AXIS2_PLACEMENT_3D ( 'NONE', #3005, #5611, #7586 ) ;
#1693 = AXIS2_PLACEMENT_3D ( 'NONE', #4930, #6253, #5699 ) ;
#1694 = EDGE_CURVE ( 'NONE', #8141, #1827, #5252, .T. ) ;
#1695 = CIRCLE ( 'NONE', #6488, 2.399999999999999467 ) ;
#1696 = ORIENTED_EDGE ( 'NONE', *, *, #3428, .F. ) ;
#1697 = VECTOR ( 'NONE', #2035, 1000.000000000000000 ) ;
#1698 = VECTOR ( 'NONE', #2147, 1000.000000000000000 ) ;
#1699 = PLANE ( 'NONE',  #8117 ) ;
#1700 = CYLINDRICAL_SURFACE ( 'NONE', #4179, 0.1749999999999999334 ) ;
#1701 = ORIENTED_EDGE ( 'NONE', *, *, #2424, .F. ) ;
#1702 = VECTOR ( 'NONE', #8169, 1000.000000000000000 ) ;
#1703 = EDGE_CURVE ( 'NONE', #5154, #2712, #2510, .T. ) ;
#1704 = DIRECTION ( 'NONE',  ( -0.000000000000000000, -0.000000000000000000, 1.000000000000000000 ) ) ;
#1705 = EDGE_CURVE ( 'NONE', #2884, #5337, #2727, .T. ) ;
#1706 = ORIENTED_EDGE ( 'NONE', *, *, #3429, .T. ) ;
#1707 = ORIENTED_EDGE ( 'NONE', *, *, #7653, .T. ) ;
#1708 = VECTOR ( 'NONE', #8035, 1000.000000000000000 ) ;
#1709 = CARTESIAN_POINT ( 'NONE',  ( 0.1998448530267813716, -2.435462980828992484E-17, -4.100000000000000533 ) ) ;
#1710 = CARTESIAN_POINT ( 'NONE',  ( 0.000000000000000000, 10.00000000000000000, -6.250000000000000000 ) ) ;
#1711 = VECTOR ( 'NONE', #3156, 1000.000000000000227 ) ;
#1712 = PLANE ( 'NONE',  #5791 ) ;
#1713 = VECTOR ( 'NONE', #5527, 1000.000000000000000 ) ;
#1714 = DIRECTION ( 'NONE',  ( -0.000000000000000000, -0.000000000000000000, -1.000000000000000000 ) ) ;
#1715 = ORIENTED_EDGE ( 'NONE', *, *, #4831, .T. ) ;
#1716 = DIRECTION ( 'NONE',  ( 0.000000000000000000, 0.000000000000000000, 1.000000000000000000 ) ) ;
#1717 = VERTEX_POINT ( 'NONE', #4106 ) ;
#1718 = DIRECTION ( 'NONE',  ( 0.000000000000000000, 1.000000000000000000, -0.000000000000000000 ) ) ;
#1719 = CARTESIAN_POINT ( 'NONE',  ( 2.800155146973221765, 4.235050948740416210, -4.100000000000000533 ) ) ;
#1720 = ORIENTED_EDGE ( 'NONE', *, *, #5174, .F. ) ;
#1721 = CARTESIAN_POINT ( 'NONE',  ( -8.609923976848167015, 5.985126513463341347, 7.700000000000005507 ) ) ;
#1722 = MECHANICAL_DESIGN_GEOMETRIC_PRESENTATION_REPRESENTATION (  '', ( #2831 ), #4335 ) ;
#1723 = SURFACE_STYLE_USAGE ( .BOTH. , #310 ) ;
#1724 = EDGE_LOOP ( 'NONE', ( #3876, #8284, #1182, #732 ) ) ;
#1725 = ORIENTED_EDGE ( 'NONE', *, *, #1049, .F. ) ;
#1726 = EDGE_CURVE ( 'NONE', #6616, #6611, #6015, .T. ) ;
#1727 = EDGE_LOOP ( 'NONE', ( #2072, #708, #7813, #7731 ) ) ;
#1728 = CARTESIAN_POINT ( 'NONE',  ( 1.749999999999999778, 8.545363321340250451, -6.250000000000000000 ) ) ;
#1729 = ADVANCED_FACE ( 'NONE', ( #7310 ), #6053, .F. ) ;
#1730 = FACE_OUTER_BOUND ( 'NONE', #3579, .T. ) ;
#1731 = ORIENTED_EDGE ( 'NONE', *, *, #6228, .F. ) ;
#1732 = CARTESIAN_POINT ( 'NONE',  ( 3.665183646193039824, 9.127709572620412715, 7.900000000000000355 ) ) ;
#1733 = CONTEXT_DEPENDENT_SHAPE_REPRESENTATION ( #3131, #2909 ) ;
#1734 = DIRECTION ( 'NONE',  ( 0.7798598600361769106, -0.6259541506407273470, 0.000000000000000000 ) ) ;
#1735 = DIRECTION ( 'NONE',  ( 0.6259541506407269029, 0.7798598600361774658, 0.000000000000000000 ) ) ;
#1736 = VECTOR ( 'NONE', #3885, 1000.000000000000000 ) ;
#1737 = ORIENTED_EDGE ( 'NONE', *, *, #6667, .T. ) ;
#1738 = EDGE_CURVE ( 'NONE', #2159, #6792, #3453, .T. ) ;
#1739 = FACE_OUTER_BOUND ( 'NONE', #1960, .T. ) ;
#1740 = LINE ( 'NONE', #6544, #5262 ) ;
#1741 = ORIENTED_EDGE ( 'NONE', *, *, #1830, .F. ) ;
#1742 = CARTESIAN_POINT ( 'NONE',  ( -5.199844853026778679, -3.366025403784453474, -7.599999999999997868 ) ) ;
#1743 = ORIENTED_EDGE ( 'NONE', *, *, #6600, .T. ) ;
#1744 = ORIENTED_EDGE ( 'NONE', *, *, #6088, .F. ) ;
#1745 = FACE_OUTER_BOUND ( 'NONE', #8361, .T. ) ;
#1746 = CARTESIAN_POINT ( 'NONE',  ( 0.000000000000000000, 0.000000000000000000, 0.000000000000000000 ) ) ;
#1747 = DIRECTION ( 'NONE',  ( -1.000000000000000000, 0.000000000000000000, -0.000000000000000000 ) ) ;
#1748 = DIRECTION ( 'NONE',  ( 0.000000000000000000, 0.000000000000000000, 1.000000000000000000 ) ) ;
#1749 = AXIS2_PLACEMENT_3D ( 'NONE', #556, #8347, #6471 ) ;
#1750 = ADVANCED_FACE ( 'NONE', ( #1444 ), #1323, .F. ) ;
#1751 = APPLICATION_CONTEXT ( 'automotive_design' ) ;
#1752 = AXIS2_PLACEMENT_3D ( 'NONE', #3038, #3602, #6979 ) ;
#1753 = CARTESIAN_POINT ( 'NONE',  ( -6.371771402799766726, 4.714054285169758884, -4.100000000000000533 ) ) ;
#1754 = ORIENTED_EDGE ( 'NONE', *, *, #876, .F. ) ;
#1755 = CARTESIAN_POINT ( 'NONE',  ( 7.300000000000000711, -3.366025403784441927, -4.100000000000000533 ) ) ;
#1756 = ORIENTED_EDGE ( 'NONE', *, *, #7280, .F. ) ;
#1757 = DIRECTION ( 'NONE',  ( 8.673617379884052235E-16, -1.000000000000000000, 0.000000000000000000 ) ) ;
#1758 = CARTESIAN_POINT ( 'NONE',  ( -0.9999999999999997780, 0.000000000000000000, -6.250000000000000000 ) ) ;
#1759 = ORIENTED_EDGE ( 'NONE', *, *, #4865, .T. ) ;
#1760 = DIRECTION ( 'NONE',  ( -0.000000000000000000, -0.000000000000000000, 1.000000000000000000 ) ) ;
#1761 = DIRECTION ( 'NONE',  ( -1.000000000000000000, 0.000000000000000000, -0.000000000000000000 ) ) ;
#1762 = EDGE_LOOP ( 'NONE', ( #6974, #3619, #4128, #5021 ) ) ;
#1763 = ORIENTED_EDGE ( 'NONE', *, *, #7154, .T. ) ;
#1764 = PRODUCT_DEFINITION_FORMATION_WITH_SPECIFIED_SOURCE ( 'ANY', '', #4061, .NOT_KNOWN. ) ;
#1765 = ORIENTED_EDGE ( 'NONE', *, *, #2440, .F. ) ;
#1766 = CARTESIAN_POINT ( 'NONE',  ( -1.999999999999999112, 1.788933584601082316E-15, 5.300000000000000711 ) ) ;
#1767 = CARTESIAN_POINT ( 'NONE',  ( 3.500000000000000000, 12.75000000000000178, -6.250000000000000000 ) ) ;
#1768 = CARTESIAN_POINT ( 'NONE',  ( -5.179378605318049722, 9.027728175868499960, -3.654908379606684576 ) ) ;
#1769 = EDGE_LOOP ( 'NONE', ( #5641, #1832, #7802, #755 ) ) ;
#1770 = LINE ( 'NONE', #6306, #5272 ) ;
#1771 = ITEM_DEFINED_TRANSFORMATION ( 'NONE', 'NONE', #6422,  #7933 ) ;
#1772 = PLANE ( 'NONE',  #4170 ) ;
#1773 = CARTESIAN_POINT ( 'NONE',  ( -5.199844853026782232, 2.799999999999997602, -4.100000000000000533 ) ) ;
#1774 = ORIENTED_EDGE ( 'NONE', *, *, #4341, .F. ) ;
#1775 = ADVANCED_FACE ( 'NONE', ( #6708 ), #7912, .F. ) ;
#1776 = EDGE_CURVE ( 'NONE', #5838, #1645, #3203, .T. ) ;
#1777 = DIRECTION ( 'NONE',  ( -1.675614206915940459E-15, 0.2588190451025209060, 0.9659258262890683122 ) ) ;
#1778 = CARTESIAN_POINT ( 'NONE',  ( -1.749999999999999778, 8.545363321340250451, -6.250000000000000000 ) ) ;
#1779 = DIRECTION ( 'NONE',  ( -1.000000000000000000, -2.466431482431479202E-16, 0.000000000000000000 ) ) ;
#1780 = ADVANCED_FACE ( 'NONE', ( #6668 ), #184, .T. ) ;
#1781 = ORIENTED_EDGE ( 'NONE', *, *, #2837, .T. ) ;
#1782 = EDGE_CURVE ( 'NONE', #253, #3631, #7308, .T. ) ;
#1783 = DIRECTION ( 'NONE',  ( -0.000000000000000000, -0.000000000000000000, 1.000000000000000000 ) ) ;
#1784 = ORIENTED_EDGE ( 'NONE', *, *, #6590, .F. ) ;
#1785 = ORIENTED_EDGE ( 'NONE', *, *, #417, .T. ) ;
#1786 = LINE ( 'NONE', #8342, #3823 ) ;
#1787 = CARTESIAN_POINT ( 'NONE',  ( -7.500000000000000000, 5.684341886080801487E-11, 0.4000000000000010214 ) ) ;
#1788 = CARTESIAN_POINT ( 'NONE',  ( -1.969028027992764107, 8.721166065210621099, -4.599999999999999645 ) ) ;
#1789 = DIRECTION ( 'NONE',  ( -0.8039056341586715559, 0.5947568674407586187, 0.000000000000000000 ) ) ;
#1790 = EDGE_LOOP ( 'NONE', ( #1241, #3110, #8065, #951 ) ) ;
#1791 = LINE ( 'NONE', #1925, #4769 ) ;
#1792 = DIRECTION ( 'NONE',  ( 1.000000000000000000, 0.000000000000000000, 0.000000000000000000 ) ) ;
#1793 = ORIENTED_EDGE ( 'NONE', *, *, #75, .T. ) ;
#1794 = CARTESIAN_POINT ( 'NONE',  ( 10.00000000000000355, 2.365198794402825270E-15, 7.900000000000000355 ) ) ;
#1795 = DIRECTION ( 'NONE',  ( -2.971233746154280690E-32, 1.204669080539449097E-16, -1.000000000000000000 ) ) ;
#1796 = ORIENTED_EDGE ( 'NONE', *, *, #6940, .T. ) ;
#1797 = CARTESIAN_POINT ( 'NONE',  ( -7.299999999999994493, 0.7999999999999974909, -5.099999999999996980 ) ) ;
#1798 =( REPRESENTATION_RELATIONSHIP ('NONE','NONE', #4283, #3136 ) REPRESENTATION_RELATIONSHIP_WITH_TRANSFORMATION ( #575 )SHAPE_REPRESENTATION_RELATIONSHIP( ) );
#1799 = CARTESIAN_POINT ( 'NONE',  ( -1.502601910021414078, 9.204504871165138269, 1.100000000000001199 ) ) ;
#1800 = VECTOR ( 'NONE', #2910, 1000.000000000000000 ) ;
#1801 = ORIENTED_EDGE ( 'NONE', *, *, #4564, .F. ) ;
#1802 = VERTEX_POINT ( 'NONE', #233 ) ;
#1803 = PRODUCT_RELATED_PRODUCT_CATEGORY ( 'part', '', ( #4061 ) ) ;
#1804 = LINE ( 'NONE', #4435, #56 ) ;
#1805 = VERTEX_POINT ( 'NONE', #4146 ) ;
#1806 = ADVANCED_FACE ( 'NONE', ( #2857 ), #8081, .F. ) ;
#1807 = LINE ( 'NONE', #4439, #5126 ) ;
#1808 = DIRECTION ( 'NONE',  ( 0.7798598600361780209, -0.6259541506407260147, 0.000000000000000000 ) ) ;
#1809 = VERTEX_POINT ( 'NONE', #8294 ) ;
#1810 = VECTOR ( 'NONE', #542, 1000.000000000000114 ) ;
#1811 = CARTESIAN_POINT ( 'NONE',  ( -4.800155146973217768, -3.499999999999989786, -6.599999999999994316 ) ) ;
#1812 = CARTESIAN_POINT ( 'NONE',  ( -10.00000000000000355, -3.366025403784456582, -5.100000000000001421 ) ) ;
#1813 = EDGE_CURVE ( 'NONE', #1297, #7186, #7842, .T. ) ;
#1814 = LINE ( 'NONE', #4445, #2926 ) ;
#1815 = AXIS2_PLACEMENT_3D ( 'NONE', #821, #2182, #2836 ) ;
#1816 = ORIENTED_EDGE ( 'NONE', *, *, #4730, .F. ) ;
#1817 = CIRCLE ( 'NONE', #8384, 0.8877928962701177040 ) ;
#1818 = EDGE_CURVE ( 'NONE', #1827, #1009, #7746, .T. ) ;
#1819 = LINE ( 'NONE', #254, #8287 ) ;
#1820 = AXIS2_PLACEMENT_3D ( 'NONE', #6725, #5563, #4797 ) ;
#1821 = DIRECTION ( 'NONE',  ( 0.000000000000000000, 0.000000000000000000, 1.000000000000000000 ) ) ;
#1822 = AXIS2_PLACEMENT_3D ( 'NONE', #1658, #1704, #377 ) ;
#1823 = FACE_OUTER_BOUND ( 'NONE', #7019, .T. ) ;
#1824 = VECTOR ( 'NONE', #3976, 1000.000000000000000 ) ;
#1825 = ADVANCED_FACE ( 'NONE', ( #3163 ), #4495, .T. ) ;
#1826 = COLOUR_RGB ( '',0.6470588235294117974, 0.6196078431372549211, 0.5882352941176470784 ) ;
#1827 = VERTEX_POINT ( 'NONE', #5856 ) ;
#1828 =( GEOMETRIC_REPRESENTATION_CONTEXT ( 3 ) GLOBAL_UNCERTAINTY_ASSIGNED_CONTEXT ( ( #5633 ) ) GLOBAL_UNIT_ASSIGNED_CONTEXT ( ( #1643, #1679, #272 ) ) REPRESENTATION_CONTEXT ( 'NONE', 'WORKASPACE' ) );
#1829 = VECTOR ( 'NONE', #6788, 1000.000000000000000 ) ;
#1830 = EDGE_CURVE ( 'NONE', #7097, #4230, #6367, .T. ) ;
#1831 = CARTESIAN_POINT ( 'NONE',  ( -2.474873734152920779, 7.525126265847087659, -3.654908379606660596 ) ) ;
#1832 = ORIENTED_EDGE ( 'NONE', *, *, #5651, .F. ) ;
#1833 = ORIENTED_EDGE ( 'NONE', *, *, #152, .T. ) ;
#1834 = DIRECTION ( 'NONE',  ( -3.097720492815731110E-16, 1.000000000000000000, -0.000000000000000000 ) ) ;
#1835 = EDGE_CURVE ( 'NONE', #1993, #2577, #8123, .T. ) ;
#1836 = DIRECTION ( 'NONE',  ( 0.000000000000000000, -1.000000000000000000, 0.000000000000000000 ) ) ;
#1837 = DIRECTION ( 'NONE',  ( 0.000000000000000000, -1.000000000000000000, 0.000000000000000000 ) ) ;
#1838 = AXIS2_PLACEMENT_3D ( 'NONE', #4237, #4872, #278 ) ;
#1839 = FACE_OUTER_BOUND ( 'NONE', #7043, .T. ) ;
#1840 = VECTOR ( 'NONE', #4059, 1000.000000000000000 ) ;
#1841 = ORIENTED_EDGE ( 'NONE', *, *, #5814, .T. ) ;
#1842 = DIRECTION ( 'NONE',  ( 0.000000000000000000, -1.000000000000000000, -0.000000000000000000 ) ) ;
#1843 = DIRECTION ( 'NONE',  ( 0.7071067811865483499, -0.7071067811865467956, 0.000000000000000000 ) ) ;
#1844 = STYLED_ITEM ( 'NONE', ( #421 ), #712 ) ;
#1845 = VERTEX_POINT ( 'NONE', #5172 ) ;
#1846 = DIRECTION ( 'NONE',  ( -0.000000000000000000, -1.000000000000000000, -0.000000000000000000 ) ) ;
#1847 = EDGE_CURVE ( 'NONE', #1470, #4626, #1911, .T. ) ;
#1848 = CARTESIAN_POINT ( 'NONE',  ( 9.200000000000001066, 2.799999999999997602, -6.250000000000000000 ) ) ;
#1849 = EDGE_LOOP ( 'NONE', ( #1319, #1416, #3777, #976 ) ) ;
#1850 = DIRECTION ( 'NONE',  ( 0.000000000000000000, 0.2588190451025106920, -0.9659258262890709767 ) ) ;
#1851 = DIRECTION ( 'NONE',  ( -0.7798598600361789090, -0.6259541506407250155, 0.000000000000000000 ) ) ;
#1852 = ORIENTED_EDGE ( 'NONE', *, *, #1244, .T. ) ;
#1853 = ORIENTED_EDGE ( 'NONE', *, *, #7487, .F. ) ;
#1854 = CARTESIAN_POINT ( 'NONE',  ( 4.729279221902245922, 5.662282881142664870, -7.900000000000000355 ) ) ;
#1855 = CARTESIAN_POINT ( 'NONE',  ( 5.199844853026783120, -3.500000000000001776, -7.099999999999995204 ) ) ;
#1856 = ORIENTED_EDGE ( 'NONE', *, *, #7917, .T. ) ;
#1857 = EDGE_LOOP ( 'NONE', ( #8313, #5062, #4779, #5129 ) ) ;
#1858 = DIRECTION ( 'NONE',  ( 1.000000000000000000, -5.149960319306187871E-15, -0.000000000000000000 ) ) ;
#1859 = CARTESIAN_POINT ( 'NONE',  ( 7.699999999999998401, 2.799999999999998046, -4.100000000000000533 ) ) ;
#1860 = AXIS2_PLACEMENT_3D ( 'NONE', #7299, #959, #5363 ) ;
#1861 = EDGE_LOOP ( 'NONE', ( #804, #7698, #1569, #479 ) ) ;
#1862 = PLANE ( 'NONE',  #4185 ) ;
#1863 = CARTESIAN_POINT ( 'NONE',  ( -5.199844853026787561, -3.499999999999989786, -7.599999999999996980 ) ) ;
#1864 = LINE ( 'NONE', #1773, #6621 ) ;
#1865 = EDGE_CURVE ( 'NONE', #395, #3095, #1148, .T. ) ;
#1866 = EDGE_CURVE ( 'NONE', #4942, #4020, #1954, .T. ) ;
#1867 = ORIENTED_EDGE ( 'NONE', *, *, #8053, .T. ) ;
#1868 = VERTEX_POINT ( 'NONE', #5764 ) ;
#1869 = CARTESIAN_POINT ( 'NONE',  ( -4.800155146973219544, 0.7999999999999996003, -4.100000000000000533 ) ) ;
#1870 = DIRECTION ( 'NONE',  ( -0.7071067811865482389, 0.7071067811865469066, 0.000000000000000000 ) ) ;
#1871 = CARTESIAN_POINT ( 'NONE',  ( 0.000000000000000000, 10.00000000000000000, 6.100000000000001421 ) ) ;
#1872 = VERTEX_POINT ( 'NONE', #495 ) ;
#1873 = PLANE ( 'NONE',  #3608 ) ;
#1874 = AXIS2_PLACEMENT_3D ( 'NONE', #3100, #5618, #8315 ) ;
#1875 = ORIENTED_EDGE ( 'NONE', *, *, #7454, .T. ) ;
#1876 = CARTESIAN_POINT ( 'NONE',  ( -2.000000000000000000, -2.999999999999998224, 5.500000000000000888 ) ) ;
#1877 = DIRECTION ( 'NONE',  ( 0.000000000000000000, 1.000000000000000000, -0.000000000000000000 ) ) ;
#1878 = AXIS2_PLACEMENT_3D ( 'NONE', #205, #5905, #6681 ) ;
#1879 = DIRECTION ( 'NONE',  ( -1.000000000000000000, 0.000000000000000000, -0.000000000000000000 ) ) ;
#1880 = EDGE_CURVE ( 'NONE', #7138, #4347, #8469, .T. ) ;
#1881 = DIRECTION ( 'NONE',  ( 1.000000000000000000, 0.000000000000000000, 0.000000000000000000 ) ) ;
#1882 = ORIENTED_EDGE ( 'NONE', *, *, #6445, .T. ) ;
#1883 = CARTESIAN_POINT ( 'NONE',  ( 5.199844853026781344, 0.8000000000000009326, -7.900000000000000355 ) ) ;
#1884 = FACE_OUTER_BOUND ( 'NONE', #424, .T. ) ;
#1885 = ORIENTED_EDGE ( 'NONE', *, *, #1085, .T. ) ;
#1886 = CARTESIAN_POINT ( 'NONE',  ( 7.229373521980808626, 4.227416481857817487, -4.100000000000000533 ) ) ;
#1887 = VECTOR ( 'NONE', #4229, 1000.000000000000000 ) ;
#1888 = DIRECTION ( 'NONE',  ( 1.084202172485504681E-16, 1.000000000000000000, 0.000000000000000000 ) ) ;
#1889 = EDGE_LOOP ( 'NONE', ( #1793, #7303, #2834, #5967 ) ) ;
#1890 = LINE ( 'NONE', #3146, #4962 ) ;
#1891 = CARTESIAN_POINT ( 'NONE',  ( 0.000000000000000000, 0.000000000000000000, -6.250000000000000000 ) ) ;
#1892 = EDGE_CURVE ( 'NONE', #7269, #3343, #8376, .T. ) ;
#1893 = VERTEX_POINT ( 'NONE', #450 ) ;
#1894 = EDGE_CURVE ( 'NONE', #7137, #7539, #3207, .T. ) ;
#1895 = DIRECTION ( 'NONE',  ( 0.000000000000000000, -0.000000000000000000, 1.000000000000000000 ) ) ;
#1896 = CARTESIAN_POINT ( 'NONE',  ( -0.1998448530267822598, 0.000000000000000000, -6.250000000000000000 ) ) ;
#1897 = ORIENTED_EDGE ( 'NONE', *, *, #2113, .F. ) ;
#1898 = AXIS2_PLACEMENT_3D ( 'NONE', #1547, #219, #5489 ) ;
#1899 = DIRECTION ( 'NONE',  ( 0.5947568674407590628, -0.8039056341586712229, 0.000000000000000000 ) ) ;
#1900 =( NAMED_UNIT ( * ) SI_UNIT ( $, .STERADIAN. ) SOLID_ANGLE_UNIT ( ) );
#1901 = AXIS2_PLACEMENT_3D ( 'NONE', #5231, #7848, #7211 ) ;
#1902 = FACE_OUTER_BOUND ( 'NONE', #3385, .T. ) ;
#1903 = ORIENTED_EDGE ( 'NONE', *, *, #8268, .F. ) ;
#1904 = DIRECTION ( 'NONE',  ( 0.8039056341586716670, -0.5947568674407585076, 0.000000000000000000 ) ) ;
#1905 = DIRECTION ( 'NONE',  ( 4.340175515414278461E-15, -4.705627722780563174E-30, 1.000000000000000000 ) ) ;
#1906 = DIRECTION ( 'NONE',  ( -0.5947568674407585076, 0.8039056341586716670, 0.000000000000000000 ) ) ;
#1907 =( GEOMETRIC_REPRESENTATION_CONTEXT ( 3 ) GLOBAL_UNCERTAINTY_ASSIGNED_CONTEXT ( ( #2858 ) ) GLOBAL_UNIT_ASSIGNED_CONTEXT ( ( #3634, #364, #3351 ) ) REPRESENTATION_CONTEXT ( 'NONE', 'WORKASPACE' ) );
#1908 = VERTEX_POINT ( 'NONE', #5681 ) ;
#1909 = ORIENTED_EDGE ( 'NONE', *, *, #8044, .T. ) ;
#1910 = LINE ( 'NONE', #5261, #2007 ) ;
#1911 = LINE ( 'NONE', #7008, #871 ) ;
#1912 = DIRECTION ( 'NONE',  ( -5.050066219870496183E-16, 1.000000000000000000, 0.000000000000000000 ) ) ;
#1913 = ORIENTED_EDGE ( 'NONE', *, *, #2297, .T. ) ;
#1914 = CARTESIAN_POINT ( 'NONE',  ( -4.154252339470971833, 6.552854441715587619, -3.654908379606660596 ) ) ;
#1915 = PRODUCT_RELATED_PRODUCT_CATEGORY ( 'part', '', ( #1455 ) ) ;
#1916 = VERTEX_POINT ( 'NONE', #2513 ) ;
#1917 = FACE_OUTER_BOUND ( 'NONE', #4167, .T. ) ;
#1918 = SHAPE_REPRESENTATION_RELATIONSHIP ( 'NONE' , 'NONE' ,  #3793, #3610 ) ;
#1919 = LINE ( 'NONE', #2658, #25 ) ;
#1920 = LINE ( 'NONE', #7109, #2660 ) ;
#1921 = ADVANCED_FACE ( 'NONE', ( #8427 ), #6323, .F. ) ;
#1922 = ORIENTED_EDGE ( 'NONE', *, *, #7534, .F. ) ;
#1923 = DIRECTION ( 'NONE',  ( -1.000000000000000000, -0.000000000000000000, -0.000000000000000000 ) ) ;
#1924 = ORIENTED_EDGE ( 'NONE', *, *, #2009, .T. ) ;
#1925 = CARTESIAN_POINT ( 'NONE',  ( -5.199844853026783120, 4.235050948740416210, -4.100000000000000533 ) ) ;
#1926 = LINE ( 'NONE', #4549, #4717 ) ;
#1927 = ORIENTED_EDGE ( 'NONE', *, *, #8334, .F. ) ;
#1928 = EDGE_CURVE ( 'NONE', #5632, #7997, #3123, .T. ) ;
#1929 = DIRECTION ( 'NONE',  ( 0.000000000000000000, 0.000000000000000000, 1.000000000000000000 ) ) ;
#1930 = DIRECTION ( 'NONE',  ( 0.000000000000000000, 0.000000000000000000, 1.000000000000000000 ) ) ;
#1931 = ORIENTED_EDGE ( 'NONE', *, *, #3990, .F. ) ;
#1932 = FACE_OUTER_BOUND ( 'NONE', #4419, .T. ) ;
#1933 = EDGE_CURVE ( 'NONE', #3095, #8184, #8335, .T. ) ;
#1934 = EDGE_CURVE ( 'NONE', #3028, #518, #5075, .T. ) ;
#1935 = CARTESIAN_POINT ( 'NONE',  ( -2.812186117670661734, 10.19792651016505758, -4.100000000000000533 ) ) ;
#1936 = ORIENTED_EDGE ( 'NONE', *, *, #7397, .T. ) ;
#1937 = DIRECTION ( 'NONE',  ( 1.084202172485504681E-16, -1.000000000000000000, 0.000000000000000000 ) ) ;
#1938 = CARTESIAN_POINT ( 'NONE',  ( 0.1998448530267813716, -2.435462980828992484E-17, -4.099999999999999645 ) ) ;
#1939 = ORIENTED_EDGE ( 'NONE', *, *, #3612, .T. ) ;
#1940 = ORIENTED_EDGE ( 'NONE', *, *, #375, .F. ) ;
#1941 = FILL_AREA_STYLE_COLOUR ( '', #5673 ) ;
#1942 = FACE_OUTER_BOUND ( 'NONE', #108, .T. ) ;
#1943 = EDGE_LOOP ( 'NONE', ( #173, #4062, #8078, #8447 ) ) ;
#1944 = EDGE_CURVE ( 'NONE', #792, #2118, #7155, .T. ) ;
#1945 = CARTESIAN_POINT ( 'NONE',  ( -0.9000000000000001332, 0.4000000000000019096, 5.300000000000001599 ) ) ;
#1946 = CARTESIAN_POINT ( 'NONE',  ( -10.00000000000000355, 0.7999999999999974909, -4.100000000000000533 ) ) ;
#1947 = EDGE_CURVE ( 'NONE', #4394, #4751, #1194, .T. ) ;
#1948 = CARTESIAN_POINT ( 'NONE',  ( -7.299999999999994493, 2.799999999999994493, -4.599999999999999645 ) ) ;
#1949 = CARTESIAN_POINT ( 'NONE',  ( -9.200000000000001066, 0.7999999999999977129, -4.599999999999999645 ) ) ;
#1950 = ORIENTED_EDGE ( 'NONE', *, *, #6154, .F. ) ;
#1951 = ORIENTED_EDGE ( 'NONE', *, *, #2113, .T. ) ;
#1952 = VECTOR ( 'NONE', #8179, 1000.000000000000114 ) ;
#1953 = CARTESIAN_POINT ( 'NONE',  ( 10.00000000000000355, 2.721976838203991191E-15, -2.800000000000000266 ) ) ;
#1954 = LINE ( 'NONE', #6969, #4704 ) ;
#1955 = EDGE_CURVE ( 'NONE', #5939, #4344, #541, .T. ) ;
#1956 = CARTESIAN_POINT ( 'NONE',  ( 0.5098116976312510040, 8.375000000000001776, 1.100000000000001199 ) ) ;
#1957 = AXIS2_PLACEMENT_3D ( 'NONE', #2534, #604, #5912 ) ;
#1958 = VECTOR ( 'NONE', #6983, 1000.000000000000000 ) ;
#1959 = VECTOR ( 'NONE', #66, 1000.000000000000000 ) ;
#1960 = EDGE_LOOP ( 'NONE', ( #5368, #8104, #1568, #7749 ) ) ;
#1961 = AXIS2_PLACEMENT_3D ( 'NONE', #7636, #1760, #4390 ) ;
#1962 = CARTESIAN_POINT ( 'NONE',  ( -5.199844853026782232, 2.799999999999997602, -6.250000000000000000 ) ) ;
#1963 = CIRCLE ( 'NONE', #5259, 0.8877928962701181481 ) ;
#1964 = DIRECTION ( 'NONE',  ( -0.6259541506407273470, 0.7798598600361770217, 0.000000000000000000 ) ) ;
#1965 = CARTESIAN_POINT ( 'NONE',  ( 5.299999999999999822, 2.799999999999997602, -4.100000000000000533 ) ) ;
#1966 = LINE ( 'NONE', #4593, #1147 ) ;
#1967 = VECTOR ( 'NONE', #2996, 1000.000000000000000 ) ;
#1968 = VECTOR ( 'NONE', #4183, 1000.000000000000000 ) ;
#1969 = ORIENTED_EDGE ( 'NONE', *, *, #2153, .F. ) ;
#1970 = EDGE_CURVE ( 'NONE', #4033, #8182, #5510, .T. ) ;
#1971 = ADVANCED_FACE ( 'NONE', ( #2952 ), #1651, .F. ) ;
#1972 = DIRECTION ( 'NONE',  ( -0.000000000000000000, -0.000000000000000000, -1.000000000000000000 ) ) ;
#1973 = EDGE_LOOP ( 'NONE', ( #6006, #526, #7098, #8168 ) ) ;
#1974 = CARTESIAN_POINT ( 'NONE',  ( 8.673617379884160704E-16, 0.8000000000000100364, -5.100000000000000533 ) ) ;
#1975 = CARTESIAN_POINT ( 'NONE',  ( 4.472271824131507145, 8.320621394681948502, 1.100000000000001199 ) ) ;
#1976 = AXIS2_PLACEMENT_3D ( 'NONE', #2689, #6176, #7518 ) ;
#1977 = EDGE_LOOP ( 'NONE', ( #7307, #4247, #2567, #3304, #7058 ) ) ;
#1978 = AXIS2_PLACEMENT_3D ( 'NONE', #2319, #6291, #5740 ) ;
#1979 = DIRECTION ( 'NONE',  ( -5.050066219870496183E-16, 1.000000000000000000, 0.000000000000000000 ) ) ;
#1980 = DIRECTION ( 'NONE',  ( -1.000000000000000000, -3.907946286267655897E-15, 0.000000000000000000 ) ) ;
#1981 = ORIENTED_EDGE ( 'NONE', *, *, #7426, .F. ) ;
#1982 = VECTOR ( 'NONE', #934, 1000.000000000000000 ) ;
#1983 = LINE ( 'NONE', #744, #5097 ) ;
#1984 = CARTESIAN_POINT ( 'NONE',  ( 1.999999999999999556, -2.999999999999998224, 5.300000000000000711 ) ) ;
#1985 = AXIS2_PLACEMENT_3D ( 'NONE', #8076, #4142, #1479 ) ;
#1986 = ORIENTED_EDGE ( 'NONE', *, *, #1625, .T. ) ;
#1987 = VECTOR ( 'NONE', #2596, 1000.000000000000000 ) ;
#1988 = DIRECTION ( 'NONE',  ( -1.000000000000000000, -8.092595186784927640E-16, -2.168404344971020208E-16 ) ) ;
#1989 = CARTESIAN_POINT ( 'NONE',  ( -7.299999999999991829, 0.000000000000000000, -6.250000000000000000 ) ) ;
#1990 = ORIENTED_EDGE ( 'NONE', *, *, #5935, .F. ) ;
#1991 = DIRECTION ( 'NONE',  ( 1.000000000000000000, -0.000000000000000000, 0.000000000000000000 ) ) ;
#1992 = DIRECTION ( 'NONE',  ( 0.7071067811865487940, -0.7071067811865463515, 0.000000000000000000 ) ) ;
#1993 = VERTEX_POINT ( 'NONE', #6272 ) ;
#1994 = SURFACE_STYLE_FILL_AREA ( #7867 ) ;
#1995 = CIRCLE ( 'NONE', #1032, 0.9250000000000029310 ) ;
#1996 = DIRECTION ( 'NONE',  ( 1.000000000000000000, 0.000000000000000000, 0.000000000000000000 ) ) ;
#1997 = CARTESIAN_POINT ( 'NONE',  ( -1.600442614160420884, 7.678574768793019700, -3.654908379606660596 ) ) ;
#1998 = DIRECTION ( 'NONE',  ( -1.275531967630005245E-16, 1.000000000000000000, 0.000000000000000000 ) ) ;
#1999 = ORIENTED_EDGE ( 'NONE', *, *, #6824, .T. ) ;
#2000 = ORIENTED_EDGE ( 'NONE', *, *, #6258, .F. ) ;
#2001 = EDGE_CURVE ( 'NONE', #5338, #3921, #2256, .T. ) ;
#2002 = VECTOR ( 'NONE', #2468, 1000.000000000000000 ) ;
#2003 = VERTEX_POINT ( 'NONE', #2335 ) ;
#2004 = CARTESIAN_POINT ( 'NONE',  ( 0.9999999999999995559, 0.000000000000000000, 7.900012000000001144 ) ) ;
#2005 = LINE ( 'NONE', #4628, #2529 ) ;
#2006 = LINE ( 'NONE', #2083, #2352 ) ;
#2007 = VECTOR ( 'NONE', #3337, 1000.000000000000000 ) ;
#2008 = ORIENTED_EDGE ( 'NONE', *, *, #5919, .T. ) ;
#2009 = EDGE_CURVE ( 'NONE', #4509, #5752, #2296, .T. ) ;
#2010 = CARTESIAN_POINT ( 'NONE',  ( 0.9999999999999995559, 0.000000000000000000, 5.300000000000000711 ) ) ;
#2011 = CARTESIAN_POINT ( 'NONE',  ( -10.00000000000000355, 8.221438274771599969E-16, -2.800000000000000266 ) ) ;
#2012 = SURFACE_STYLE_FILL_AREA ( #1290 ) ;
#2013 = DIRECTION ( 'NONE',  ( -0.7071067811865483499, -0.7071067811865467956, 0.000000000000000000 ) ) ;
#2014 = ORIENTED_EDGE ( 'NONE', *, *, #4577, .F. ) ;
#2015 = AXIS2_PLACEMENT_3D ( 'NONE', #1719, #6908, #3790 ) ;
#2016 = CARTESIAN_POINT ( 'NONE',  ( -3.499999999999999556, 10.75000000000000000, -6.250000000000000000 ) ) ;
#2017 = EDGE_LOOP ( 'NONE', ( #7564, #3587, #6110, #7402 ) ) ;
#2018 = LINE ( 'NONE', #5279, #6517 ) ;
#2019 = LINE ( 'NONE', #6431, #6751 ) ;
#2020 = ORIENTED_EDGE ( 'NONE', *, *, #6590, .T. ) ;
#2021 = LINE ( 'NONE', #5448, #3685 ) ;
#2022 = DIRECTION ( 'NONE',  ( -0.000000000000000000, -0.000000000000000000, 1.000000000000000000 ) ) ;
#2023 = CARTESIAN_POINT ( 'NONE',  ( 8.609923976848167015, 5.985126513463341347, 6.100000000000001421 ) ) ;
#2024 = ORIENTED_EDGE ( 'NONE', *, *, #32, .T. ) ;
#2025 = FACE_OUTER_BOUND ( 'NONE', #5581, .T. ) ;
#2026 = CARTESIAN_POINT ( 'NONE',  ( 4.729279221902245922, 5.662282881142664870, -4.100000000000000533 ) ) ;
#2027 = ORIENTED_EDGE ( 'NONE', *, *, #3822, .F. ) ;
#2028 = PRODUCT_DEFINITION ( 'UNKNOWN', '', #6571, #6745 ) ;
#2029 = SURFACE_STYLE_USAGE ( .BOTH. , #5156 ) ;
#2030 = DIRECTION ( 'NONE',  ( -0.000000000000000000, -0.000000000000000000, -1.000000000000000000 ) ) ;
#2031 = EDGE_LOOP ( 'NONE', ( #2223, #2964, #3662, #4768, #5619, #2907 ) ) ;
#2032 = DIRECTION ( 'NONE',  ( -0.000000000000000000, -0.000000000000000000, 1.000000000000000000 ) ) ;
#2033 = FACE_OUTER_BOUND ( 'NONE', #8327, .T. ) ;
#2034 = DIRECTION ( 'NONE',  ( -0.7071067811865482389, 0.7071067811865469066, 0.000000000000000000 ) ) ;
#2035 = DIRECTION ( 'NONE',  ( -0.000000000000000000, -1.000000000000000000, -0.000000000000000000 ) ) ;
#2036 = ADVANCED_FACE ( 'NONE', ( #8244 ), #4320, .F. ) ;
#2037 = ORIENTED_EDGE ( 'NONE', *, *, #5025, .F. ) ;
#2038 = ORIENTED_EDGE ( 'NONE', *, *, #5488, .F. ) ;
#2039 = CIRCLE ( 'NONE', #4781, 2.000000000000001332 ) ;
#2040 = ORIENTED_EDGE ( 'NONE', *, *, #7493, .T. ) ;
#2041 = CARTESIAN_POINT ( 'NONE',  ( -0.9999999999999995559, 0.000000000000000000, 7.900000000000000355 ) ) ;
#2042 = DIRECTION ( 'NONE',  ( -0.000000000000000000, 0.000000000000000000, 1.000000000000000000 ) ) ;
#2043 = ADVANCED_FACE ( 'NONE', ( #4911 ), #6876, .F. ) ;
#2044 = DIRECTION ( 'NONE',  ( -0.000000000000000000, 0.000000000000000000, 1.000000000000000000 ) ) ;
#2045 =( GEOMETRIC_REPRESENTATION_CONTEXT ( 3 ) GLOBAL_UNCERTAINTY_ASSIGNED_CONTEXT ( ( #185 ) ) GLOBAL_UNIT_ASSIGNED_CONTEXT ( ( #5449, #4850, #8067 ) ) REPRESENTATION_CONTEXT ( 'NONE', 'WORKASPACE' ) );
#2046 = ADVANCED_FACE ( 'NONE', ( #279 ), #1015, .F. ) ;
#2047 = EDGE_CURVE ( 'NONE', #5910, #4482, #3548, .T. ) ;
#2048 = ORIENTED_EDGE ( 'NONE', *, *, #3089, .T. ) ;
#2049 = DIRECTION ( 'NONE',  ( 1.000000000000000000, 0.000000000000000000, 0.000000000000000000 ) ) ;
#2050 = DIRECTION ( 'NONE',  ( 0.7798598600361769106, 0.6259541506407273470, 0.000000000000000000 ) ) ;
#2051 =( NAMED_UNIT ( * ) SI_UNIT ( $, .STERADIAN. ) SOLID_ANGLE_UNIT ( ) );
#2052 = CARTESIAN_POINT ( 'NONE',  ( 1.000000000000000000, 7.249999999999999112, -6.250000000000000000 ) ) ;
#2053 = EDGE_CURVE ( 'NONE', #5132, #4230, #4874, .T. ) ;
#2054 = LINE ( 'NONE', #5181, #1155 ) ;
#2055 = EDGE_CURVE ( 'NONE', #5603, #3459, #1059, .T. ) ;
#2056 = EDGE_LOOP ( 'NONE', ( #8030, #146, #2027, #1173 ) ) ;
#2057 = PRODUCT_DEFINITION_SHAPE ( 'NONE', 'NONE',  #2824 ) ;
#2058 = PLANE ( 'NONE',  #1558 ) ;
#2059 = ORIENTED_EDGE ( 'NONE', *, *, #4321, .F. ) ;
#2060 = DIRECTION ( 'NONE',  ( 1.000000000000000000, 8.092595186784966097E-16, -2.168404344970954141E-16 ) ) ;
#2061 = CYLINDRICAL_SURFACE ( 'NONE', #1280, 2.000000000000001332 ) ;
#2062 = ORIENTED_EDGE ( 'NONE', *, *, #6609, .F. ) ;
#2063 = CARTESIAN_POINT ( 'NONE',  ( -3.665183646193037159, 9.127709572620416267, 7.900000000000000355 ) ) ;
#2064 = DIRECTION ( 'NONE',  ( -1.000000000000000000, 1.084202172485504681E-16, 0.000000000000000000 ) ) ;
#2065 = CARTESIAN_POINT ( 'NONE',  ( 10.00000000000000178, 6.999999999999999112, -4.599999999999999645 ) ) ;
#2066 = VERTEX_POINT ( 'NONE', #8211 ) ;
#2067 = LINE ( 'NONE', #789, #1462 ) ;
#2068 = DIRECTION ( 'NONE',  ( 0.000000000000000000, 0.000000000000000000, -1.000000000000000000 ) ) ;
#2069 = VERTEX_POINT ( 'NONE', #1615 ) ;
#2070 = CYLINDRICAL_SURFACE ( 'NONE', #6644, 0.8877928962701179261 ) ;
#2071 = DIRECTION ( 'NONE',  ( 0.000000000000000000, -1.000000000000000000, 0.000000000000000000 ) ) ;
#2072 = ORIENTED_EDGE ( 'NONE', *, *, #5707, .F. ) ;
#2073 = DIRECTION ( 'NONE',  ( 1.000000000000000000, 0.000000000000000000, 0.000000000000000000 ) ) ;
#2074 = CARTESIAN_POINT ( 'NONE',  ( -4.472271824131504481, 8.320621394681950278, -3.654908379606684576 ) ) ;
#2075 = CARTESIAN_POINT ( 'NONE',  ( 10.00000000000000355, 2.466431482431480188E-15, 6.100000000000001421 ) ) ;
#2076 = ORIENTED_EDGE ( 'NONE', *, *, #2758, .F. ) ;
#2077 = ORIENTED_EDGE ( 'NONE', *, *, #6918, .F. ) ;
#2078 = EDGE_CURVE ( 'NONE', #899, #2718, #3676, .T. ) ;
#2079 = VERTEX_POINT ( 'NONE', #403 ) ;
#2080 = PLANE ( 'NONE',  #7892 ) ;
#2081 = EDGE_CURVE ( 'NONE', #7553, #3035, #4992, .T. ) ;
#2082 = LINE ( 'NONE', #2646, #3769 ) ;
#2083 = CARTESIAN_POINT ( 'NONE',  ( 0.8750000000000002220, 10.00000000000000000, 1.100000000000001199 ) ) ;
#2084 = ORIENTED_EDGE ( 'NONE', *, *, #2209, .T. ) ;
#2085 = VECTOR ( 'NONE', #690, 1000.000000000000000 ) ;
#2086 = EDGE_CURVE ( 'NONE', #8155, #6001, #7610, .T. ) ;
#2087 = LINE ( 'NONE', #4708, #4709 ) ;
#2088 = DIRECTION ( 'NONE',  ( -1.000000000000000000, 0.000000000000000000, 0.000000000000000000 ) ) ;
#2089 = DIRECTION ( 'NONE',  ( 1.000000000000000000, 0.000000000000000000, 0.000000000000000000 ) ) ;
#2090 = PLANE ( 'NONE',  #745 ) ;
#2091 = AXIS2_PLACEMENT_3D ( 'NONE', #7142, #8470, #3946 ) ;
#2092 = DIRECTION ( 'NONE',  ( 0.000000000000000000, 0.2588190451025209060, 0.9659258262890682012 ) ) ;
#2093 = ORIENTED_EDGE ( 'NONE', *, *, #2086, .T. ) ;
#2094 = VECTOR ( 'NONE', #7977, 1000.000000000000000 ) ;
#2095 = AXIS2_PLACEMENT_3D ( 'NONE', #4589, #1783, #3166 ) ;
#2096 = VECTOR ( 'NONE', #2421, 1000.000000000000000 ) ;
#2097 = CARTESIAN_POINT ( 'NONE',  ( 7.500000000000000000, 5.684341886080801487E-11, 1.499999999937974504 ) ) ;
#2098 = ORIENTED_EDGE ( 'NONE', *, *, #8420, .T. ) ;
#2099 = ADVANCED_FACE ( 'NONE', ( #896 ), #3515, .F. ) ;
#2100 = DIRECTION ( 'NONE',  ( 0.000000000000000000, -0.000000000000000000, -1.000000000000000000 ) ) ;
#2101 = DIRECTION ( 'NONE',  ( -0.7071067811865483499, -0.7071067811865467956, 0.000000000000000000 ) ) ;
#2102 = VERTEX_POINT ( 'NONE', #2865 ) ;
#2103 = DIRECTION ( 'NONE',  ( 1.000000000000000000, 1.228833015451264865E-15, -0.000000000000000000 ) ) ;
#2104 = DIRECTION ( 'NONE',  ( 0.000000000000000000, 0.000000000000000000, -1.000000000000000000 ) ) ;
#2105 = VECTOR ( 'NONE', #2744, 1000.000000000000000 ) ;
#2106 = VECTOR ( 'NONE', #3241, 1000.000000000000000 ) ;
#2107 = CARTESIAN_POINT ( 'NONE',  ( -2.280971972007237891, 8.971547725466914258, -4.599999999999999645 ) ) ;
#2108 = VECTOR ( 'NONE', #7134, 1000.000000000000114 ) ;
#2109 = ORIENTED_EDGE ( 'NONE', *, *, #2719, .F. ) ;
#2110 = AXIS2_PLACEMENT_3D ( 'NONE', #8254, #5334, #7914 ) ;
#2111 = PLANE ( 'NONE',  #1860 ) ;
#2112 = AXIS2_PLACEMENT_3D ( 'NONE', #292, #5528, #2917 ) ;
#2113 = EDGE_CURVE ( 'NONE', #5700, #961, #5473, .T. ) ;
#2114 = CARTESIAN_POINT ( 'NONE',  ( -4.729279221902246810, 5.662282881142665758, -4.100000000000000533 ) ) ;
#2115 = ORIENTED_EDGE ( 'NONE', *, *, #3277, .F. ) ;
#2116 = SURFACE_STYLE_USAGE ( .BOTH. , #5290 ) ;
#2117 = FACE_OUTER_BOUND ( 'NONE', #6584, .T. ) ;
#2118 = VERTEX_POINT ( 'NONE', #935 ) ;
#2119 = CARTESIAN_POINT ( 'NONE',  ( 2.812186117670662622, 10.19792651016505580, -4.100000000000000533 ) ) ;
#2120 = CARTESIAN_POINT ( 'NONE',  ( 1.000000000000000000, 7.249999999999999112, -4.599999999999999645 ) ) ;
#2121 = PRODUCT_DEFINITION_CONTEXT ( 'detailed design', #1219, 'design' ) ;
#2122 = CARTESIAN_POINT ( 'NONE',  ( 0.1998448530267822598, 0.000000000000000000, -4.100000000000000533 ) ) ;
#2123 = STYLED_ITEM ( 'NONE', ( #7604 ), #6327 ) ;
#2124 = VERTEX_POINT ( 'NONE', #2505 ) ;
#2125 = VERTEX_POINT ( 'NONE', #2553 ) ;
#2126 = CIRCLE ( 'NONE', #6913, 0.8877928962701178150 ) ;
#2127 = VERTEX_POINT ( 'NONE', #6964 ) ;
#2128 = CARTESIAN_POINT ( 'NONE',  ( 5.199844853026782232, 2.799999999999998046, -6.250000000000000888 ) ) ;
#2129 = ORIENTED_EDGE ( 'NONE', *, *, #2803, .F. ) ;
#2130 = DIRECTION ( 'NONE',  ( -1.000000000000000000, -8.092595186784966097E-16, -2.168404344970954141E-16 ) ) ;
#2131 = FACE_OUTER_BOUND ( 'NONE', #8260, .T. ) ;
#2132 = ADVANCED_FACE ( 'NONE', ( #535 ), #6410, .F. ) ;
#2133 = EDGE_CURVE ( 'NONE', #5, #2807, #1695, .T. ) ;
#2134 = PRODUCT ( 'SDS-50J_8', 'SDS-50J_8', '', ( #8243 ) ) ;
#2135 = VERTEX_POINT ( 'NONE', #2463 ) ;
#2136 = VECTOR ( 'NONE', #2060, 1000.000000000000000 ) ;
#2137 = CARTESIAN_POINT ( 'NONE',  ( 3.665183646193039824, 9.127709572620414491, 1.100000000000001199 ) ) ;
#2138 = DIRECTION ( 'NONE',  ( 0.000000000000000000, 0.000000000000000000, 1.000000000000000000 ) ) ;
#2139 = EDGE_CURVE ( 'NONE', #3419, #1305, #4364, .T. ) ;
#2140 = CARTESIAN_POINT ( 'NONE',  ( 0.000000000000000000, 10.00000000000000000, 1.100000000000001199 ) ) ;
#2141 = CIRCLE ( 'NONE', #3248, 0.8877928962701172599 ) ;
#2142 = DIRECTION ( 'NONE',  ( -8.378071034579725961E-16, 0.9659258262890682012, -0.2588190451025209060 ) ) ;
#2143 = EDGE_LOOP ( 'NONE', ( #1628, #3959, #6521, #7800 ) ) ;
#2144 = DIRECTION ( 'NONE',  ( 0.000000000000000000, 0.000000000000000000, 1.000000000000000000 ) ) ;
#2145 = ORIENTED_EDGE ( 'NONE', *, *, #6483, .T. ) ;
#2146 = CARTESIAN_POINT ( 'NONE',  ( 5.299999999999999822, 2.799999999999997602, -4.100000000000000533 ) ) ;
#2147 = DIRECTION ( 'NONE',  ( -0.000000000000000000, -1.000000000000000000, 0.000000000000000000 ) ) ;
#2148 = ORIENTED_EDGE ( 'NONE', *, *, #6412, .T. ) ;
#2149 = PLANE ( 'NONE',  #6831 ) ;
#2150 = CARTESIAN_POINT ( 'NONE',  ( -3.347164161532505400, 7.359942619654053608, 1.100000000000001199 ) ) ;
#2151 = CARTESIAN_POINT ( 'NONE',  ( 7.700000000000001066, 6.678685382510720724E-15, -5.100000000000000533 ) ) ;
#2152 = VECTOR ( 'NONE', #3113, 1000.000000000000000 ) ;
#2153 = EDGE_CURVE ( 'NONE', #166, #2127, #3196, .T. ) ;
#2154 = ORIENTED_EDGE ( 'NONE', *, *, #6123, .F. ) ;
#2155 = DIRECTION ( 'NONE',  ( 1.000000000000000000, 0.000000000000000000, 0.000000000000000000 ) ) ;
#2156 = DIRECTION ( 'NONE',  ( -1.000000000000000000, 0.000000000000000000, 0.000000000000000000 ) ) ;
#2157 = ORIENTED_EDGE ( 'NONE', *, *, #7503, .F. ) ;
#2158 = CARTESIAN_POINT ( 'NONE',  ( -8.609923976848167015, 5.985126513463341347, 6.100000000000001421 ) ) ;
#2159 = VERTEX_POINT ( 'NONE', #5758 ) ;
#2160 = CARTESIAN_POINT ( 'NONE',  ( -3.199999999999999734, 0.000000000000000000, 5.300000000000000711 ) ) ;
#2161 = DIRECTION ( 'NONE',  ( -0.7071067811865487940, 0.7071067811865463515, 0.000000000000000000 ) ) ;
#2162 = EDGE_CURVE ( 'NONE', #2616, #5453, #4487, .T. ) ;
#2163 = UNCERTAINTY_MEASURE_WITH_UNIT (LENGTH_MEASURE( 1.000000000000000082E-05 ), #5329, 'distance_accuracy_value', 'NONE');
#2164 = CARTESIAN_POINT ( 'NONE',  ( 9.200000000000001066, 2.799999999999997602, -6.250000000000000000 ) ) ;
#2165 = AXIS2_PLACEMENT_3D ( 'NONE', #7113, #6387, #5777 ) ;
#2166 = EDGE_CURVE ( 'NONE', #6386, #4739, #7027, .T. ) ;
#2167 = VERTEX_POINT ( 'NONE', #8290 ) ;
#2168 = ORIENTED_EDGE ( 'NONE', *, *, #4121, .F. ) ;
#2169 = ORIENTED_EDGE ( 'NONE', *, *, #2957, .T. ) ;
#2170 = FACE_OUTER_BOUND ( 'NONE', #910, .T. ) ;
#2171 = CARTESIAN_POINT ( 'NONE',  ( 2.280971972007237891, 8.971547725466914258, -4.100000000000000533 ) ) ;
#2172 = VECTOR ( 'NONE', #4941, 1000.000000000000000 ) ;
#2173 = VECTOR ( 'NONE', #3910, 1000.000000000000000 ) ;
#2174 = ORIENTED_EDGE ( 'NONE', *, *, #2055, .F. ) ;
#2175 = LINE ( 'NONE', #4668, #2369 ) ;
#2176 = CARTESIAN_POINT ( 'NONE',  ( 7.300000000000000711, 2.799999999999998046, -4.100000000000000533 ) ) ;
#2177 = CARTESIAN_POINT ( 'NONE',  ( 5.199844853026788449, -3.366025403784444592, -6.600000000000001421 ) ) ;
#2178 = DIRECTION ( 'NONE',  ( -0.8039056341586717780, 0.5947568674407583966, 0.000000000000000000 ) ) ;
#2179 = ORIENTED_EDGE ( 'NONE', *, *, #4757, .T. ) ;
#2180 = PRODUCT_DEFINITION ( 'UNKNOWN', '', #3699, #842 ) ;
#2181 = CARTESIAN_POINT ( 'NONE',  ( -7.229373521980812178, 4.227416481857817487, -4.599999999999999645 ) ) ;
#2182 = DIRECTION ( 'NONE',  ( 0.000000000000000000, -0.000000000000000000, -1.000000000000000000 ) ) ;
#2183 = ORIENTED_EDGE ( 'NONE', *, *, #6686, .T. ) ;
#2184 = CARTESIAN_POINT ( 'NONE',  ( 4.372290427379586397, 9.834816353806962397, 7.900000000000032330 ) ) ;
#2185 = CARTESIAN_POINT ( 'NONE',  ( -3.374459510989180822E-31, 1.836970198721030378E-15, -2.800000000000000266 ) ) ;
#2186 = ORIENTED_EDGE ( 'NONE', *, *, #4587, .T. ) ;
#2187 = FACE_OUTER_BOUND ( 'NONE', #2891, .T. ) ;
#2188 = EDGE_CURVE ( 'NONE', #3484, #5921, #3067, .T. ) ;
#2189 = DIRECTION ( 'NONE',  ( 1.000000000000000000, 0.000000000000000000, 0.000000000000000000 ) ) ;
#2190 = CARTESIAN_POINT ( 'NONE',  ( -2.280971972007237891, 8.971547725466914258, -4.100000000000000533 ) ) ;
#2191 = DIRECTION ( 'NONE',  ( 0.000000000000000000, 0.000000000000000000, 1.000000000000000000 ) ) ;
#2192 = ORIENTED_EDGE ( 'NONE', *, *, #7256, .T. ) ;
#2193 = CARTESIAN_POINT ( 'NONE',  ( -2.500000000000000000, 9.947350469337287393, -6.250000000000000000 ) ) ;
#2194 = EDGE_CURVE ( 'NONE', #2748, #6126, #4400, .T. ) ;
#2195 = CARTESIAN_POINT ( 'NONE',  ( 3.500000000000002220, 9.999999999999998224, -3.654908379606660596 ) ) ;
#2196 = ORIENTED_EDGE ( 'NONE', *, *, #6421, .F. ) ;
#2197 = LINE ( 'NONE', #228, #1840 ) ;
#2198 = EDGE_CURVE ( 'NONE', #737, #3915, #7095, .T. ) ;
#2199 = DIRECTION ( 'NONE',  ( 1.000000000000000000, 0.000000000000000000, 0.000000000000000000 ) ) ;
#2200 = ORIENTED_EDGE ( 'NONE', *, *, #4388, .T. ) ;
#2201 = ADVANCED_FACE ( 'NONE', ( #6308 ), #3850, .F. ) ;
#2202 = CARTESIAN_POINT ( 'NONE',  ( -0.7999999999999993783, 19.50000000000000000, 7.700000000000005507 ) ) ;
#2203 = DIRECTION ( 'NONE',  ( 0.7071067811865469066, 0.7071067811865482389, -0.000000000000000000 ) ) ;
#2204 = ORIENTED_EDGE ( 'NONE', *, *, #564, .T. ) ;
#2205 = VERTEX_POINT ( 'NONE', #7689 ) ;
#2206 = ORIENTED_EDGE ( 'NONE', *, *, #6950, .T. ) ;
#2207 = DIRECTION ( 'NONE',  ( 1.000000000000000000, 0.000000000000000000, 0.000000000000000000 ) ) ;
#2208 = ADVANCED_FACE ( 'NONE', ( #7650 ), #1772, .F. ) ;
#2209 = EDGE_CURVE ( 'NONE', #4765, #5082, #7822, .T. ) ;
#2210 = ORIENTED_EDGE ( 'NONE', *, *, #3954, .F. ) ;
#2211 = CARTESIAN_POINT ( 'NONE',  ( 3.447145558284426148, 5.845747660529039713, 7.900000000000000355 ) ) ;
#2212 = DIRECTION ( 'NONE',  ( 0.000000000000000000, 0.2588190451025209060, 0.9659258262890682012 ) ) ;
#2213 = CARTESIAN_POINT ( 'NONE',  ( -2.280971972007237891, 8.971547725466914258, -4.100000000000000533 ) ) ;
#2214 = ORIENTED_EDGE ( 'NONE', *, *, #6125, .T. ) ;
#2215 = CARTESIAN_POINT ( 'NONE',  ( 0.9136625832470525177, 11.82732516649410393, -6.672965233509484229 ) ) ;
#2216 = EDGE_CURVE ( 'NONE', #5938, #5603, #7781, .T. ) ;
#2217 = DIRECTION ( 'NONE',  ( 0.000000000000000000, 0.000000000000000000, 1.000000000000000000 ) ) ;
#2218 = DIRECTION ( 'NONE',  ( -0.000000000000000000, -0.2588190451025131900, -0.9659258262890703106 ) ) ;
#2219 = DIRECTION ( 'NONE',  ( -0.000000000000000000, -1.000000000000000000, 0.000000000000000000 ) ) ;
#2220 = VECTOR ( 'NONE', #6643, 1000.000000000000000 ) ;
#2221 = ORIENTED_EDGE ( 'NONE', *, *, #5823, .T. ) ;
#2222 = FACE_OUTER_BOUND ( 'NONE', #5626, .T. ) ;
#2223 = ORIENTED_EDGE ( 'NONE', *, *, #1587, .F. ) ;
#2224 = DIRECTION ( 'NONE',  ( 0.7798598600361774658, 0.6259541506407266809, -0.000000000000000000 ) ) ;
#2225 = CARTESIAN_POINT ( 'NONE',  ( -7.299999999999993605, -3.366025403784454806, -4.100000000000000533 ) ) ;
#2226 = AXIS2_PLACEMENT_3D ( 'NONE', #1871, #2605, #5216 ) ;
#2227 = VERTEX_POINT ( 'NONE', #627 ) ;
#2228 = DIRECTION ( 'NONE',  ( -0.7071067811865462405, -0.7071067811865489050, 0.000000000000000000 ) ) ;
#2229 = SHAPE_REPRESENTATION_RELATIONSHIP ( 'NONE' , 'NONE' ,  #6028, #2900 ) ;
#2230 = FACE_OUTER_BOUND ( 'NONE', #5217, .T. ) ;
#2231 = CARTESIAN_POINT ( 'NONE',  ( -2.519059411711701557, 8.649735831096656113, -7.900000000000000355 ) ) ;
#2233 = EDGE_CURVE ( 'NONE', #4751, #8415, #4528, .T. ) ;
#2232 = VECTOR ( 'NONE', #3566, 1000.000000000000000 ) ;
#2234 = AXIS2_PLACEMENT_3D ( 'NONE', #1250, #1540, #87 ) ;
#2235 = EDGE_CURVE ( 'NONE', #2518, #6364, #490, .T. ) ;
#2236 = AXIS2_PLACEMENT_3D ( 'NONE', #1997, #7870, #841 ) ;
#2237 = FACE_OUTER_BOUND ( 'NONE', #4801, .T. ) ;
#2238 = DIRECTION ( 'NONE',  ( 0.000000000000000000, 0.000000000000000000, 1.000000000000000000 ) ) ;
#2239 = VECTOR ( 'NONE', #1414, 1000.000000000000114 ) ;
#2240 = ORIENTED_EDGE ( 'NONE', *, *, #7875, .F. ) ;
#2241 = VECTOR ( 'NONE', #8473, 1000.000000000000000 ) ;
#2242 = CARTESIAN_POINT ( 'NONE',  ( -0.9999999999999995559, 0.000000000000000000, 5.300000000000000711 ) ) ;
#2243 = CARTESIAN_POINT ( 'NONE',  ( 1.000000000000000000, 10.00000000000000000, -6.250000000000000000 ) ) ;
#2244 = ORIENTED_EDGE ( 'NONE', *, *, #7903, .T. ) ;
#2245 = VECTOR ( 'NONE', #7739, 1000.000000000000000 ) ;
#2246 = AXIS2_PLACEMENT_3D ( 'NONE', #1965, #4592, #7147 ) ;
#2247 = CARTESIAN_POINT ( 'NONE',  ( 0.8750000000000000000, 14.55000000000000071, 7.900000000000000355 ) ) ;
#2248 = AXIS2_PLACEMENT_3D ( 'NONE', #7572, #5037, #4405 ) ;
#2249 = VECTOR ( 'NONE', #97, 1000.000000000000000 ) ;
#2250 = EDGE_LOOP ( 'NONE', ( #5314, #3290, #7046, #3750, #7932, #3817, #8074, #565 ) ) ;
#2251 = ORIENTED_EDGE ( 'NONE', *, *, #289, .T. ) ;
#2252 = ORIENTED_EDGE ( 'NONE', *, *, #5564, .F. ) ;
#2253 = CARTESIAN_POINT ( 'NONE',  ( -0.4999999999999996669, 7.233604952728431847, -3.049120979999346392 ) ) ;
#2254 = ORIENTED_EDGE ( 'NONE', *, *, #5119, .F. ) ;
#2255 = FACE_OUTER_BOUND ( 'NONE', #5858, .T. ) ;
#2256 = LINE ( 'NONE', #322, #3748 ) ;
#2257 = DIRECTION ( 'NONE',  ( -0.000000000000000000, 0.2588190451025131900, -0.9659258262890703106 ) ) ;
#2258 = CIRCLE ( 'NONE', #8273, 2.399689706053560911 ) ;
#2259 = ORIENTED_EDGE ( 'NONE', *, *, #2339, .T. ) ;
#2260 = EDGE_CURVE ( 'NONE', #2066, #1198, #3889, .T. ) ;
#2261 = AXIS2_PLACEMENT_3D ( 'NONE', #7261, #3972, #3246 ) ;
#2262 = MECHANICAL_DESIGN_GEOMETRIC_PRESENTATION_REPRESENTATION (  '', ( #1580 ), #7055 ) ;
#2263 = CARTESIAN_POINT ( 'NONE',  ( 1.749999999999999778, 8.145363321340250096, -4.599999999999999645 ) ) ;
#2264 = CARTESIAN_POINT ( 'NONE',  ( -2.527728175868492411, 11.67937860531804972, -3.654908379606684576 ) ) ;
#2265 = DIRECTION ( 'NONE',  ( -0.000000000000000000, -0.000000000000000000, 1.000000000000000000 ) ) ;
#2266 = ADVANCED_FACE ( 'NONE', ( #2597 ), #8329, .F. ) ;
#2267 = ADVANCED_FACE ( 'NONE', ( #6707 ), #1396, .F. ) ;
#2268 = ORIENTED_EDGE ( 'NONE', *, *, #758, .F. ) ;
#2269 = DIRECTION ( 'NONE',  ( 0.000000000000000000, 1.000000000000000000, -0.000000000000000000 ) ) ;
#2270 = ORIENTED_EDGE ( 'NONE', *, *, #347, .F. ) ;
#2271 = DIRECTION ( 'NONE',  ( 0.000000000000000000, 0.000000000000000000, 1.000000000000000000 ) ) ;
#2272 = LINE ( 'NONE', #6440, #4953 ) ;
#2273 = AXIS2_PLACEMENT_3D ( 'NONE', #3314, #5911, #4676 ) ;
#2274 = ORIENTED_EDGE ( 'NONE', *, *, #5195, .F. ) ;
#2275 = CARTESIAN_POINT ( 'NONE',  ( 1.969028027992764551, 8.721166065210621099, -7.500000000000001776 ) ) ;
#2276 =( LENGTH_UNIT ( ) NAMED_UNIT ( * ) SI_UNIT ( .MILLI., .METRE. ) );
#2277 = DIRECTION ( 'NONE',  ( -0.000000000000000000, -0.000000000000000000, 1.000000000000000000 ) ) ;
#2278 = CARTESIAN_POINT ( 'NONE',  ( -9.609923976848163463, 5.985126513463341347, 7.900000000000000355 ) ) ;
#2279 = CARTESIAN_POINT ( 'NONE',  ( -8.609923976848167015, 5.985126513463341347, 1.900000000000001021 ) ) ;
#2280 = VERTEX_POINT ( 'NONE', #4569 ) ;
#2281 = DIRECTION ( 'NONE',  ( -1.000000000000000000, 0.000000000000000000, -0.000000000000000000 ) ) ;
#2282 = CARTESIAN_POINT ( 'NONE',  ( 7.700000000000001066, 0.8000000000000020428, -6.250000000000000888 ) ) ;
#2283 = VERTEX_POINT ( 'NONE', #3378 ) ;
#2284 = LINE ( 'NONE', #1000, #5649 ) ;
#2285 = LINE ( 'NONE', #6106, #8396 ) ;
#2286 = ORIENTED_EDGE ( 'NONE', *, *, #2465, .T. ) ;
#2287 = PRODUCT_DEFINITION_SHAPE ( 'NONE', 'NONE',  #2180 ) ;
#2288 = VERTEX_POINT ( 'NONE', #5892 ) ;
#2289 = ADVANCED_FACE ( 'NONE', ( #7869 ), #800, .F. ) ;
#2290 = VECTOR ( 'NONE', #8351, 1000.000000000000114 ) ;
#2291 = VERTEX_POINT ( 'NONE', #1363 ) ;
#2292 = DIRECTION ( 'NONE',  ( -0.7071067811865460184, -0.7071067811865490160, 0.000000000000000000 ) ) ;
#2293 = VERTEX_POINT ( 'NONE', #7309 ) ;
#2294 = FACE_OUTER_BOUND ( 'NONE', #3860, .T. ) ;
#2295 = AXIS2_PLACEMENT_3D ( 'NONE', #3471, #689, #7372 ) ;
#2296 = LINE ( 'NONE', #6839, #4837 ) ;
#2297 = EDGE_CURVE ( 'NONE', #6177, #2809, #4690, .T. ) ;
#2298 = PLANE ( 'NONE',  #2643 ) ;
#2299 = ORIENTED_EDGE ( 'NONE', *, *, #1835, .T. ) ;
#2300 = CARTESIAN_POINT ( 'NONE',  ( -0.1749999999999998779, 10.00000000000000000, -7.037946471341893329 ) ) ;
#2301 = ADVANCED_FACE ( 'NONE', ( #7180 ), #2764, .F. ) ;
#2302 = EDGE_CURVE ( 'NONE', #2509, #2848, #6542, .T. ) ;
#2303 = CARTESIAN_POINT ( 'NONE',  ( 0.9999999999999974465, 19.50000000000000000, 7.900000000000000355 ) ) ;
#2304 = EDGE_CURVE ( 'NONE', #1872, #6493, #3416, .T. ) ;
#2305 = DIRECTION ( 'NONE',  ( 0.7071067811865463515, 0.7071067811865487940, 0.000000000000000000 ) ) ;
#2306 = ORIENTED_EDGE ( 'NONE', *, *, #1040, .T. ) ;
#2307 = CYLINDRICAL_SURFACE ( 'NONE', #2508, 0.8877928962701181481 ) ;
#2308 = VECTOR ( 'NONE', #6693, 1000.000000000000114 ) ;
#2309 = EDGE_LOOP ( 'NONE', ( #3279, #3791, #1309, #5292 ) ) ;
#2310 = CARTESIAN_POINT ( 'NONE',  ( 2.500000000000000000, 9.147350469337284906, -4.599999999999998757 ) ) ;
#2311 = EDGE_CURVE ( 'NONE', #7020, #5615, #840, .T. ) ;
#2312 = ORIENTED_EDGE ( 'NONE', *, *, #1435, .F. ) ;
#2313 = LINE ( 'NONE', #6205, #947 ) ;
#2314 = ADVANCED_FACE ( 'NONE', ( #2033 ), #5932, .F. ) ;
#2315 = PLANE ( 'NONE',  #3082 ) ;
#2316 = LINE ( 'NONE', #345, #4028 ) ;
#2317 = AXIS2_PLACEMENT_3D ( 'NONE', #548, #3169, #5591 ) ;
#2318 = DIRECTION ( 'NONE',  ( 1.000000000000000000, 8.092595186784966097E-16, 2.168404344970954141E-16 ) ) ;
#2319 = CARTESIAN_POINT ( 'NONE',  ( 2.280971972007237891, 8.971547725466914258, -4.100000000000000533 ) ) ;
#2320 = VERTEX_POINT ( 'NONE', #7353 ) ;
#2321 = PLANE ( 'NONE',  #4195 ) ;
#2322 = EDGE_CURVE ( 'NONE', #5980, #3374, #7911, .T. ) ;
#2323 = LINE ( 'NONE', #5016, #2290 ) ;
#2324 = ORIENTED_EDGE ( 'NONE', *, *, #4762, .T. ) ;
#2325 = CARTESIAN_POINT ( 'NONE',  ( 7.609923976848169680, 5.985126513463341347, 7.900000000000000355 ) ) ;
#2326 = DIRECTION ( 'NONE',  ( -0.000000000000000000, -0.000000000000000000, -1.000000000000000000 ) ) ;
#2327 = ORIENTED_EDGE ( 'NONE', *, *, #4450, .F. ) ;
#2328 = EDGE_LOOP ( 'NONE', ( #1796, #447, #6114, #5185 ) ) ;
#2329 = ORIENTED_EDGE ( 'NONE', *, *, #144, .T. ) ;
#2330 = FILL_AREA_STYLE ('',( #5507 ) ) ;
#2331 = DIRECTION ( 'NONE',  ( -1.000000000000000000, 0.000000000000000000, -4.340175515414278461E-15 ) ) ;
#2332 = ORIENTED_EDGE ( 'NONE', *, *, #6771, .F. ) ;
#2333 = DIRECTION ( 'NONE',  ( -1.000000000000000000, -2.466431482431479202E-16, 0.000000000000000000 ) ) ;
#2334 = DIRECTION ( 'NONE',  ( 0.000000000000000000, 0.000000000000000000, 1.000000000000000000 ) ) ;
#2335 = CARTESIAN_POINT ( 'NONE',  ( -7.299999999999975842, -3.500000000000016431, -4.599999999999999645 ) ) ;
#2336 = LINE ( 'NONE', #1575, #6189 ) ;
#2337 = ADVANCED_FACE ( 'NONE', ( #5977 ), #4740, .F. ) ;
#2338 = ORIENTED_EDGE ( 'NONE', *, *, #6301, .F. ) ;
#2339 = EDGE_CURVE ( 'NONE', #4839, #335, #4618, .T. ) ;
#2340 = DIRECTION ( 'NONE',  ( 0.7798598600361789090, 0.6259541506407250155, 0.000000000000000000 ) ) ;
#2341 = CARTESIAN_POINT ( 'NONE',  ( -3.199999999999999734, 1.249139735130300957E-15, 7.900012000000001144 ) ) ;
#2342 = ORIENTED_EDGE ( 'NONE', *, *, #6227, .T. ) ;
#2343 = DIRECTION ( 'NONE',  ( -0.7071067811865487940, 0.7071067811865463515, 0.000000000000000000 ) ) ;
#2344 = ORIENTED_EDGE ( 'NONE', *, *, #2009, .F. ) ;
#2345 = ORIENTED_EDGE ( 'NONE', *, *, #407, .T. ) ;
#2346 = CARTESIAN_POINT ( 'NONE',  ( 5.299999999999999822, 2.799999999999997602, -6.250000000000000000 ) ) ;
#2347 = FACE_OUTER_BOUND ( 'NONE', #6036, .T. ) ;
#2348 = CARTESIAN_POINT ( 'NONE',  ( 1.749999999999999778, 8.545363321340250451, -6.250000000000000000 ) ) ;
#2349 = PRODUCT_DEFINITION_SHAPE ( 'NONE', 'NONE',  #8482 ) ;
#2350 = EDGE_CURVE ( 'NONE', #908, #8115, #4105, .T. ) ;
#2351 = ADVANCED_FACE ( 'NONE', ( #103 ), #6052, .F. ) ;
#2352 = VECTOR ( 'NONE', #23, 1000.000000000000000 ) ;
#2353 = CARTESIAN_POINT ( 'NONE',  ( 3.199999999999999734, 2.424800662311759799E-15, 6.100000000000001421 ) ) ;
#2354 = EDGE_LOOP ( 'NONE', ( #7632, #4150, #4354, #1451 ) ) ;
#2355 = LINE ( 'NONE', #4383, #7312 ) ;
#2356 = ORIENTED_EDGE ( 'NONE', *, *, #4730, .T. ) ;
#2357 = FACE_BOUND ( 'NONE', #3316, .T. ) ;
#2358 = LINE ( 'NONE', #6344, #794 ) ;
#2359 = ORIENTED_EDGE ( 'NONE', *, *, #2779, .F. ) ;
#2360 = AXIS2_PLACEMENT_3D ( 'NONE', #5883, #7814, #705 ) ;
#2361 = AXIS2_PLACEMENT_3D ( 'NONE', #7081, #522, #1259 ) ;
#2362 = LINE ( 'NONE', #4977, #6191 ) ;
#2363 = VECTOR ( 'NONE', #7787, 1000.000000000000000 ) ;
#2364 = CARTESIAN_POINT ( 'NONE',  ( 2.321425231206986073, 8.399557385839587553, 1.100000000000001199 ) ) ;
#2365 = ORIENTED_EDGE ( 'NONE', *, *, #2652, .F. ) ;
#2366 = ORIENTED_EDGE ( 'NONE', *, *, #2437, .F. ) ;
#2367 = EDGE_CURVE ( 'NONE', #1916, #4033, #2726, .T. ) ;
#2368 = VECTOR ( 'NONE', #6695, 1000.000000000000000 ) ;
#2369 = VECTOR ( 'NONE', #772, 1000.000000000000000 ) ;
#2370 = ORIENTED_EDGE ( 'NONE', *, *, #3363, .F. ) ;
#2371 = CARTESIAN_POINT ( 'NONE',  ( 0.9000000000000001332, 0.4000000000000019096, -7.037946471341894217 ) ) ;
#2372 = CARTESIAN_POINT ( 'NONE',  ( 0.000000000000000000, 2.799999999999997602, -4.599999999999999645 ) ) ;
#2373 = ORIENTED_EDGE ( 'NONE', *, *, #4637, .T. ) ;
#2374 = DIRECTION ( 'NONE',  ( -2.042325022706684813E-44, -1.000000000000000000, 4.705627722780563174E-30 ) ) ;
#2375 = APPLICATION_PROTOCOL_DEFINITION ( 'draft international standard', 'automotive_design', 1998, #551 ) ;
#2376 = CARTESIAN_POINT ( 'NONE',  ( 9.200000000000001066, 2.799999999999997602, -6.250000000000000000 ) ) ;
#2377 = CARTESIAN_POINT ( 'NONE',  ( 5.199844853026776903, -3.500000000000000888, -6.599999999999997868 ) ) ;
#2378 = AXIS2_PLACEMENT_3D ( 'NONE', #4245, #6811, #8140 ) ;
#2379 = AXIS2_PLACEMENT_3D ( 'NONE', #4522, #4610, #663 ) ;
#2380 = VECTOR ( 'NONE', #2904, 1000.000000000000000 ) ;
#2381 = ORIENTED_EDGE ( 'NONE', *, *, #8099, .F. ) ;
#2382 = AXIS2_PLACEMENT_3D ( 'NONE', #2075, #802, #17 ) ;
#2383 = EDGE_CURVE ( 'NONE', #4667, #429, #7951, .T. ) ;
#2384 = UNCERTAINTY_MEASURE_WITH_UNIT (LENGTH_MEASURE( 1.000000000000000082E-05 ), #7316, 'distance_accuracy_value', 'NONE');
#2385 = DIRECTION ( 'NONE',  ( 0.000000000000000000, -0.000000000000000000, -1.000000000000000000 ) ) ;
#2386 = DIRECTION ( 'NONE',  ( -0.000000000000000000, -0.000000000000000000, -1.000000000000000000 ) ) ;
#2387 =( GEOMETRIC_REPRESENTATION_CONTEXT ( 3 ) GLOBAL_UNCERTAINTY_ASSIGNED_CONTEXT ( ( #2163 ) ) GLOBAL_UNIT_ASSIGNED_CONTEXT ( ( #5329, #925, #6099 ) ) REPRESENTATION_CONTEXT ( 'NONE', 'WORKASPACE' ) );
#2388 = ORIENTED_EDGE ( 'NONE', *, *, #6762, .F. ) ;
#2389 = ORIENTED_EDGE ( 'NONE', *, *, #5236, .F. ) ;
#2390 = CARTESIAN_POINT ( 'NONE',  ( 0.1998448530267822598, 0.8000000000000001554, -4.599999999999999645 ) ) ;
#2391 = ORIENTED_EDGE ( 'NONE', *, *, #4978, .F. ) ;
#2392 = VERTEX_POINT ( 'NONE', #4264 ) ;
#2393 = CIRCLE ( 'NONE', #7883, 2.000000000000006217 ) ;
#2394 = DIRECTION ( 'NONE',  ( -0.7071067811865469066, -0.7071067811865482389, 0.000000000000000000 ) ) ;
#2395 =( NAMED_UNIT ( * ) PLANE_ANGLE_UNIT ( ) SI_UNIT ( $, .RADIAN. ) );
#2396 = CARTESIAN_POINT ( 'NONE',  ( -4.729279221902245922, 5.662282881142665758, -4.100000000000000533 ) ) ;
#2397 = VECTOR ( 'NONE', #6127, 1000.000000000000000 ) ;
#2398 = FACE_OUTER_BOUND ( 'NONE', #53, .T. ) ;
#2399 = EDGE_LOOP ( 'NONE', ( #6714, #7403, #2967, #5908 ) ) ;
#2400 = CARTESIAN_POINT ( 'NONE',  ( 6.574999999999995737, 6.500000000000002665, 0.4000000000000011324 ) ) ;
#2401 = VERTEX_POINT ( 'NONE', #2938 ) ;
#2402 = DIRECTION ( 'NONE',  ( -2.971233746154280690E-32, 1.204669080539449097E-16, -1.000000000000000000 ) ) ;
#2403 = CARTESIAN_POINT ( 'NONE',  ( -3.447145558284426148, 5.845747660529039713, 7.900000000000000355 ) ) ;
#2404 = EDGE_LOOP ( 'NONE', ( #1381, #2338, #2389, #1922, #4342, #4550, #7359, #217, #492 ) ) ;
#2405 = CARTESIAN_POINT ( 'NONE',  ( -1.587080837882802742, 7.525126265847087659, 7.900000000000000355 ) ) ;
#2406 = EDGE_CURVE ( 'NONE', #2069, #4693, #5501, .T. ) ;
#2407 = AXIS2_PLACEMENT_3D ( 'NONE', #2695, #3205, #1369 ) ;
#2408 = EDGE_CURVE ( 'NONE', #5005, #4547, #6830, .T. ) ;
#2409 = DIRECTION ( 'NONE',  ( 0.000000000000000000, -0.000000000000000000, -1.000000000000000000 ) ) ;
#2410 = EDGE_LOOP ( 'NONE', ( #6888, #4697, #7323, #102, #6573, #6280, #7680, #4686 ) ) ;
#2411 = ORIENTED_EDGE ( 'NONE', *, *, #3036, .F. ) ;
#2412 = ORIENTED_EDGE ( 'NONE', *, *, #3864, .F. ) ;
#2413 = SURFACE_SIDE_STYLE ('',( #3629 ) ) ;
#2414 = DIRECTION ( 'NONE',  ( 0.000000000000000000, 0.000000000000000000, 1.000000000000000000 ) ) ;
#2415 = EDGE_LOOP ( 'NONE', ( #7941, #5175, #2373, #998, #3950, #394, #6739, #1621, #8440 ) ) ;
#2416 = ADVANCED_FACE ( 'NONE', ( #1677 ), #1642, .F. ) ;
#2417 = CARTESIAN_POINT ( 'NONE',  ( 5.299999999999999822, 2.799999999999997602, -4.100000000000000533 ) ) ;
#2418 = PRODUCT_CONTEXT ( 'NONE', #2810, 'mechanical' ) ;
#2419 = CARTESIAN_POINT ( 'NONE',  ( -3.500000000000000000, 12.75000000000000178, -6.250000000000000000 ) ) ;
#2420 = EDGE_CURVE ( 'NONE', #395, #7000, #928, .T. ) ;
#2421 = DIRECTION ( 'NONE',  ( 0.000000000000000000, 0.000000000000000000, 1.000000000000000000 ) ) ;
#2422 = VECTOR ( 'NONE', #2579, 1000.000000000000114 ) ;
#2423 = ORIENTED_EDGE ( 'NONE', *, *, #2928, .T. ) ;
#2424 = EDGE_CURVE ( 'NONE', #3201, #2947, #3575, .T. ) ;
#2425 = CARTESIAN_POINT ( 'NONE',  ( 5.299999999999999822, 2.799999999999997602, -4.599999999999999645 ) ) ;
#2426 = ADVANCED_FACE ( 'NONE', ( #308 ), #7478, .F. ) ;
#2427 = DIRECTION ( 'NONE',  ( -0.000000000000000000, -1.000000000000000000, -0.000000000000000000 ) ) ;
#2428 = DIRECTION ( 'NONE',  ( 0.000000000000000000, 0.000000000000000000, 1.000000000000000000 ) ) ;
#2429 = VERTEX_POINT ( 'NONE', #2202 ) ;
#2430 = CARTESIAN_POINT ( 'NONE',  ( 4.800155146973217768, 0.8000000000000001554, -4.100000000000000533 ) ) ;
#2431 = VERTEX_POINT ( 'NONE', #4305 ) ;
#2432 = ORIENTED_EDGE ( 'NONE', *, *, #5466, .T. ) ;
#2433 = FACE_OUTER_BOUND ( 'NONE', #1326, .T. ) ;
#2434 =( NAMED_UNIT ( * ) PLANE_ANGLE_UNIT ( ) SI_UNIT ( $, .RADIAN. ) );
#2435 = CARTESIAN_POINT ( 'NONE',  ( -0.1998448530267818712, 0.8000000000000020428, -6.250000000000000000 ) ) ;
#2436 = PRODUCT_RELATED_PRODUCT_CATEGORY ( 'part', '', ( #1276 ) ) ;
#2437 = EDGE_CURVE ( 'NONE', #2496, #6547, #3664, .T. ) ;
#2438 = CIRCLE ( 'NONE', #1901, 2.000000000000000444 ) ;
#2439 = DIRECTION ( 'NONE',  ( -1.000000000000000000, 0.000000000000000000, 0.000000000000000000 ) ) ;
#2440 = EDGE_CURVE ( 'NONE', #2227, #3815, #6102, .T. ) ;
#2441 = ORIENTED_EDGE ( 'NONE', *, *, #1052, .T. ) ;
#2442 = DIRECTION ( 'NONE',  ( 0.000000000000000000, 0.000000000000000000, 1.000000000000000000 ) ) ;
#2443 = DIRECTION ( 'NONE',  ( 1.000000000000000000, 0.000000000000000000, 0.000000000000000000 ) ) ;
#2444 = ORIENTED_EDGE ( 'NONE', *, *, #5343, .T. ) ;
#2445 = LINE ( 'NONE', #4932, #6510 ) ;
#2446 = DIRECTION ( 'NONE',  ( -0.000000000000000000, -0.000000000000000000, 1.000000000000000000 ) ) ;
#2447 = ORIENTED_EDGE ( 'NONE', *, *, #3847, .T. ) ;
#2448 = CARTESIAN_POINT ( 'NONE',  ( -2.500000000000000000, 9.147350469337284906, -6.250000000000000000 ) ) ;
#2449 = LINE ( 'NONE', #8279, #1300 ) ;
#2450 = EDGE_CURVE ( 'NONE', #4234, #3867, #1605, .T. ) ;
#2451 = VERTEX_POINT ( 'NONE', #392 ) ;
#2452 = ORIENTED_EDGE ( 'NONE', *, *, #4625, .T. ) ;
#2453 = AXIS2_PLACEMENT_3D ( 'NONE', #4079, #2334, #6234 ) ;
#2454 = CARTESIAN_POINT ( 'NONE',  ( -4.729279221902245922, 5.662282881142664870, -4.599999999999999645 ) ) ;
#2455 = EDGE_CURVE ( 'NONE', #1301, #4563, #6260, .T. ) ;
#2456 = ORIENTED_EDGE ( 'NONE', *, *, #2216, .T. ) ;
#2457 = CARTESIAN_POINT ( 'NONE',  ( -6.907811268317344044, 3.989513734881517060, -4.100000000000000533 ) ) ;
#2458 = CARTESIAN_POINT ( 'NONE',  ( 2.625568880007502770, 10.15344850294593115, -3.654908379606665481 ) ) ;
#2459 = LINE ( 'NONE', #1859, #4078 ) ;
#2460 = VERTEX_POINT ( 'NONE', #3015 ) ;
#2461 = PLANE ( 'NONE',  #629 ) ;
#2462 = CONTEXT_DEPENDENT_SHAPE_REPRESENTATION ( #3415, #6808 ) ;
#2463 = CARTESIAN_POINT ( 'NONE',  ( 3.199999999999999734, 2.424800662311759799E-15, 7.900000000000000355 ) ) ;
#2464 = CARTESIAN_POINT ( 'NONE',  ( 2.500000000000000000, 9.147350469337284906, -6.250000000000000000 ) ) ;
#2465 = EDGE_CURVE ( 'NONE', #2392, #7432, #4780, .T. ) ;
#2466 = ORIENTED_EDGE ( 'NONE', *, *, #1577, .T. ) ;
#2467 = EDGE_CURVE ( 'NONE', #4725, #4509, #7398, .T. ) ;
#2468 = DIRECTION ( 'NONE',  ( -0.000000000000000000, -0.000000000000000000, -1.000000000000000000 ) ) ;
#2469 = DIRECTION ( 'NONE',  ( 0.5947568674407583966, -0.8039056341586717780, 0.000000000000000000 ) ) ;
#2470 = LINE ( 'NONE', #3124, #7565 ) ;
#2471 = VERTEX_POINT ( 'NONE', #8160 ) ;
#2472 = EDGE_CURVE ( 'NONE', #166, #3703, #2284, .T. ) ;
#2473 = CARTESIAN_POINT ( 'NONE',  ( -0.9999999999999997780, 7.543376173343215640, -4.599999999999999645 ) ) ;
#2474 = ORIENTED_EDGE ( 'NONE', *, *, #2526, .F. ) ;
#2475 = ORIENTED_EDGE ( 'NONE', *, *, #4782, .T. ) ;
#2476 = ADVANCED_BREP_SHAPE_REPRESENTATION ( '', ( #6298, #7933 ), #6966 ) ;
#2477 = LINE ( 'NONE', #2524, #5595 ) ;
#2478 = LINE ( 'NONE', #6902, #7857 ) ;
#2479 = DIRECTION ( 'NONE',  ( 7.391208087080154620E-16, -1.000000000000000000, 0.000000000000000000 ) ) ;
#2480 = ORIENTED_EDGE ( 'NONE', *, *, #2055, .T. ) ;
#2481 = CARTESIAN_POINT ( 'NONE',  ( -0.1998448530267814827, 0.8000000000000040412, -5.100000000000000533 ) ) ;
#2482 = DIRECTION ( 'NONE',  ( 0.000000000000000000, 0.000000000000000000, 1.000000000000000000 ) ) ;
#2483 = ORIENTED_EDGE ( 'NONE', *, *, #7913, .T. ) ;
#2484 = CARTESIAN_POINT ( 'NONE',  ( 0.000000000000000000, 19.50000000000000000, 7.700000000000005507 ) ) ;
#2485 = DIRECTION ( 'NONE',  ( 1.000000000000000000, 0.000000000000000000, 0.000000000000000000 ) ) ;
#2486 = ORIENTED_EDGE ( 'NONE', *, *, #3295, .F. ) ;
#2487 = EDGE_CURVE ( 'NONE', #5800, #4088, #1963, .T. ) ;
#2488 = EDGE_CURVE ( 'NONE', #7229, #899, #6743, .T. ) ;
#2489 = CARTESIAN_POINT ( 'NONE',  ( -0.9000000000000001332, 0.000000000000000000, 5.300000000000000711 ) ) ;
#2490 = CARTESIAN_POINT ( 'NONE',  ( -5.179378605318049722, 9.027728175868499960, 1.100000000000001199 ) ) ;
#2491 = AXIS2_PLACEMENT_3D ( 'NONE', #3030, #1025, #2994 ) ;
#2492 = ORIENTED_EDGE ( 'NONE', *, *, #5630, .T. ) ;
#2493 = ORIENTED_EDGE ( 'NONE', *, *, #2367, .T. ) ;
#2494 = DIRECTION ( 'NONE',  ( -0.7071067811865463515, 0.7071067811865487940, 0.000000000000000000 ) ) ;
#2495 = CARTESIAN_POINT ( 'NONE',  ( -6.907811268317345821, 3.989513734881517060, -4.100000000000000533 ) ) ;
#2496 = VERTEX_POINT ( 'NONE', #2247 ) ;
#2497 = VECTOR ( 'NONE', #6728, 1000.000000000000114 ) ;
#2498 = VERTEX_POINT ( 'NONE', #4816 ) ;
#2499 = SURFACE_STYLE_FILL_AREA ( #8362 ) ;
#2500 = DIRECTION ( 'NONE',  ( 5.149960319306187871E-15, 1.000000000000000000, -0.000000000000000000 ) ) ;
#2501 = ORIENTED_EDGE ( 'NONE', *, *, #5536, .T. ) ;
#2502 = VECTOR ( 'NONE', #3258, 1000.000000000000000 ) ;
#2503 = CARTESIAN_POINT ( 'NONE',  ( 0.5098116976312510040, 8.375000000000001776, 7.900000000000000355 ) ) ;
#2504 = SHAPE_DEFINITION_REPRESENTATION ( #2574, #3136 ) ;
#2505 = CARTESIAN_POINT ( 'NONE',  ( 5.199844853026783120, 4.235050948740416210, -4.599999999999999645 ) ) ;
#2506 = CARTESIAN_POINT ( 'NONE',  ( 6.907811268317344044, 3.989513734881516172, -4.100000000000000533 ) ) ;
#2507 = VECTOR ( 'NONE', #6657, 1000.000000000000000 ) ;
#2508 = AXIS2_PLACEMENT_3D ( 'NONE', #499, #5131, #6460 ) ;
#2509 = VERTEX_POINT ( 'NONE', #4862 ) ;
#2510 = CIRCLE ( 'NONE', #3895, 5.899999999999999467 ) ;
#2511 = DIRECTION ( 'NONE',  ( -0.7071067811865462405, -0.7071067811865489050, -5.153604815767154496E-15 ) ) ;
#2512 = CIRCLE ( 'NONE', #8389, 0.8877928962701179261 ) ;
#2513 = CARTESIAN_POINT ( 'NONE',  ( -7.699999999999988631, 2.799999999999995826, -6.250000000000000888 ) ) ;
#2514 = VECTOR ( 'NONE', #4120, 1000.000000000000114 ) ;
#2515 = CARTESIAN_POINT ( 'NONE',  ( 4.472271824131507145, 8.320621394681948502, -3.654908379606653490 ) ) ;
#2516 = VECTOR ( 'NONE', #7053, 1000.000000000000000 ) ;
#2517 = EDGE_CURVE ( 'NONE', #5816, #5678, #6220, .T. ) ;
#2518 = VERTEX_POINT ( 'NONE', #3834 ) ;
#2519 = VECTOR ( 'NONE', #8154, 1000.000000000000000 ) ;
#2520 = CLOSED_SHELL ( 'NONE', ( #3568, #3866, #7495, #5493, #8009, #6554, #521, #2681, #2337, #2732, #2267, #7366, #1921, #7116, #6698, #3686, #4208, #2905, #3422, #8110, #4632, #6398, #2791, #6033, #3127, #5077, #5617, #6096, #5223, #6288, #8371, #1408, #4306, #7901, #3473, #3162, #1108, #7924, #2046, #6640, #722, #6155, #684, #3367, #116, #554, #2760, #2568, #1161, #6075, #281, #3688, #5762, #2266, #7708, #1064, #1825, #4904, #404, #444, #7009, #313, #3075, #3044, #6454, #5667, #5680, #373, #6646, #7641, #3091, #1405, #2314, #6048, #3596, #3055, #3718, #3537, #1503, #2738, #3630, #5863, #1376, #3202, #2426, #3323, #3782, #6133, #115, #2036, #790, #7015, #3766, #4951, #7011, #2351, #5606, #307, #3198, #191, #409, #8227, #4545, #6687, #6239, #520, #420, #1458, #1324, #8136, #5902, #8369, #7567, #6928, #6322, #2301, #3603, #2847, #8017, #7343, #4368, #7289, #2201, #4706, #4416, #5306, #7825, #3397, #261, #1636, #446, #5472, #4497, #4456, #8372, #5403, #1329, #4681, #1419, #5059, #1750, #7404, #6373, #7543, #1971, #7886, #3655, #5706, #1016, #3679, #3006, #5464, #3798, #3721, #4096, #2827, #4327, #7082, #4537 ) ) ;
#2521 = DIRECTION ( 'NONE',  ( -1.000000000000000000, -2.466431482431479202E-16, 0.000000000000000000 ) ) ;
#2522 = APPLICATION_CONTEXT ( 'automotive_design' ) ;
#2523 = VERTEX_POINT ( 'NONE', #3180 ) ;
#2524 = CARTESIAN_POINT ( 'NONE',  ( 7.809923976848166305, 5.985126513463341347, 6.100000000000001421 ) ) ;
#2525 = FACE_OUTER_BOUND ( 'NONE', #6160, .T. ) ;
#2526 = EDGE_CURVE ( 'NONE', #4075, #2291, #7769, .T. ) ;
#2527 = CARTESIAN_POINT ( 'NONE',  ( -0.9999999999999995559, 1.500000000000000222, 7.900012000000001144 ) ) ;
#2528 = EDGE_CURVE ( 'NONE', #455, #4437, #4427, .T. ) ;
#2529 = VECTOR ( 'NONE', #6022, 1000.000000000000000 ) ;
#2530 = DIRECTION ( 'NONE',  ( -0.000000000000000000, -0.000000000000000000, -1.000000000000000000 ) ) ;
#2531 = VECTOR ( 'NONE', #1858, 1000.000000000000000 ) ;
#2532 = VERTEX_POINT ( 'NONE', #2405 ) ;
#2533 = CARTESIAN_POINT ( 'NONE',  ( 7.700000000000003730, -3.366025403784441483, -5.100000000000000533 ) ) ;
#2534 = CARTESIAN_POINT ( 'NONE',  ( -5.299999999999990941, 2.799999999999992717, -4.100000000000000533 ) ) ;
#2535 = ORIENTED_EDGE ( 'NONE', *, *, #4465, .T. ) ;
#2536 = CARTESIAN_POINT ( 'NONE',  ( 2.500000000000000000, -3.499999999999997780, 5.300000000000000711 ) ) ;
#2537 = DIRECTION ( 'NONE',  ( -0.000000000000000000, -0.000000000000000000, 1.000000000000000000 ) ) ;
#2538 = EDGE_LOOP ( 'NONE', ( #5790, #1395, #8352, #1509 ) ) ;
#2539 = DIRECTION ( 'NONE',  ( 0.000000000000000000, -1.000000000000000000, 0.000000000000000000 ) ) ;
#2540 = DIRECTION ( 'NONE',  ( -0.7071067811865489050, -0.7071067811865462405, 0.000000000000000000 ) ) ;
#2541 = VECTOR ( 'NONE', #6044, 1000.000000000000000 ) ;
#2542 = ORIENTED_EDGE ( 'NONE', *, *, #4406, .F. ) ;
#2543 = PLANE ( 'NONE',  #4160 ) ;
#2544 = LINE ( 'NONE', #6532, #5657 ) ;
#2545 = ORIENTED_EDGE ( 'NONE', *, *, #5737, .T. ) ;
#2546 = DIRECTION ( 'NONE',  ( 0.5947568674407586187, 0.8039056341586715559, 0.000000000000000000 ) ) ;
#2547 = DIRECTION ( 'NONE',  ( -1.000000000000000000, 0.000000000000000000, 0.000000000000000000 ) ) ;
#2548 = CARTESIAN_POINT ( 'NONE',  ( 10.00000000000000355, 2.466431482431480188E-15, -4.599999999999999645 ) ) ;
#2549 = CIRCLE ( 'NONE', #6372, 7.000000000000000888 ) ;
#2550 = VERTEX_POINT ( 'NONE', #5745 ) ;
#2551 = FACE_OUTER_BOUND ( 'NONE', #4387, .T. ) ;
#2552 = SHAPE_DEFINITION_REPRESENTATION ( #8375, #1105 ) ;
#2553 = CARTESIAN_POINT ( 'NONE',  ( 0.8750000000000002220, 14.55000000000000071, 1.100000000000001199 ) ) ;
#2554 = DIRECTION ( 'NONE',  ( -1.000000000000000000, -2.466431482431479202E-16, 0.000000000000000000 ) ) ;
#2555 = ORIENTED_EDGE ( 'NONE', *, *, #1165, .T. ) ;
#2556 = EDGE_LOOP ( 'NONE', ( #8332, #4151, #4502, #6742, #1725, #6257, #3858, #4324, #4188 ) ) ;
#2557 = CARTESIAN_POINT ( 'NONE',  ( 2.999999999999999112, -2.999999999999997335, 5.500000000000000888 ) ) ;
#2558 = EDGE_CURVE ( 'NONE', #4638, #5512, #8317, .T. ) ;
#2559 = CARTESIAN_POINT ( 'NONE',  ( -7.500000000000000000, 5.684341886080801487E-11, 0.4000000000000010214 ) ) ;
#2560 = CARTESIAN_POINT ( 'NONE',  ( -5.199844853026783120, 4.235050948740416210, -7.900000000000000355 ) ) ;
#2561 = VECTOR ( 'NONE', #7222, 1000.000000000000000 ) ;
#2562 = ORIENTED_EDGE ( 'NONE', *, *, #2322, .T. ) ;
#2563 = EDGE_CURVE ( 'NONE', #4008, #4045, #4349, .T. ) ;
#2564 = CARTESIAN_POINT ( 'NONE',  ( -2.309690087959882288, 8.397416693226672280, 7.900000000000000355 ) ) ;
#2565 = VECTOR ( 'NONE', #1673, 1000.000000000000000 ) ;
#2566 = ADVANCED_FACE ( 'NONE', ( #562 ), #7120, .F. ) ;
#2567 = ORIENTED_EDGE ( 'NONE', *, *, #3080, .T. ) ;
#2568 = ADVANCED_FACE ( 'NONE', ( #476 ), #7596, .F. ) ;
#2569 = DIRECTION ( 'NONE',  ( -1.000000000000000000, 0.000000000000000000, 0.000000000000000000 ) ) ;
#2570 =( LENGTH_UNIT ( ) NAMED_UNIT ( * ) SI_UNIT ( .MILLI., .METRE. ) );
#2571 =( NAMED_UNIT ( * ) PLANE_ANGLE_UNIT ( ) SI_UNIT ( $, .RADIAN. ) );
#2572 = AXIS2_PLACEMENT_3D ( 'NONE', #8475, #3431, #79 ) ;
#2573 = DIRECTION ( 'NONE',  ( 0.000000000000000000, 0.000000000000000000, 1.000000000000000000 ) ) ;
#2574 = PRODUCT_DEFINITION_SHAPE ( 'NONE', 'NONE',  #5055 ) ;
#2575 = EDGE_CURVE ( 'NONE', #7674, #4482, #1890, .T. ) ;
#2576 = DIRECTION ( 'NONE',  ( -1.000000000000000000, 0.000000000000000000, 0.000000000000000000 ) ) ;
#2577 = VERTEX_POINT ( 'NONE', #3707 ) ;
#2578 = EDGE_CURVE ( 'NONE', #3921, #8202, #519, .T. ) ;
#2579 = DIRECTION ( 'NONE',  ( 0.5947568674407587297, -0.8039056341586714449, 0.000000000000000000 ) ) ;
#2580 = DIRECTION ( 'NONE',  ( 0.000000000000000000, 1.000000000000000000, -0.000000000000000000 ) ) ;
#2581 = EDGE_LOOP ( 'NONE', ( #5103, #128, #3544, #2483, #3427, #6936, #5521, #162 ) ) ;
#2582 = FACE_OUTER_BOUND ( 'NONE', #1081, .T. ) ;
#2583 = AXIS2_PLACEMENT_3D ( 'NONE', #5367, #180, #2808 ) ;
#2584 = DIRECTION ( 'NONE',  ( -8.378071034579744696E-16, 0.9659258262890703106, 0.2588190451025131900 ) ) ;
#2585 = ORIENTED_EDGE ( 'NONE', *, *, #3475, .T. ) ;
#2586 = FACE_OUTER_BOUND ( 'NONE', #3720, .T. ) ;
#2587 = CARTESIAN_POINT ( 'NONE',  ( -4.800155146973218656, 0.7999999999999994893, -7.900000000000000355 ) ) ;
#2588 = VECTOR ( 'NONE', #1834, 1000.000000000000000 ) ;
#2589 = ORIENTED_EDGE ( 'NONE', *, *, #5274, .T. ) ;
#2590 = DIRECTION ( 'NONE',  ( 1.000000000000000000, 1.084202172485504681E-16, 0.000000000000000000 ) ) ;
#2591 = CARTESIAN_POINT ( 'NONE',  ( -7.699999999999989519, 2.799999999999991385, -4.100000000000000533 ) ) ;
#2592 = ORIENTED_EDGE ( 'NONE', *, *, #4356, .T. ) ;
#2593 = ORIENTED_EDGE ( 'NONE', *, *, #244, .F. ) ;
#2594 = DIRECTION ( 'NONE',  ( 7.391208087080154620E-16, 1.000000000000000000, 0.000000000000000000 ) ) ;
#2595 = EDGE_LOOP ( 'NONE', ( #4299, #924, #2492, #7474 ) ) ;
#2596 = DIRECTION ( 'NONE',  ( -0.000000000000000000, -0.000000000000000000, 1.000000000000000000 ) ) ;
#2597 = FACE_OUTER_BOUND ( 'NONE', #578, .T. ) ;
#2598 = DIRECTION ( 'NONE',  ( 0.000000000000000000, 0.000000000000000000, 1.000000000000000000 ) ) ;
#2599 = CARTESIAN_POINT ( 'NONE',  ( -0.8750000000000000000, 14.55000000000000071, 1.100000000000001199 ) ) ;
#2600 = AXIS2_PLACEMENT_3D ( 'NONE', #2780, #5951, #8013 ) ;
#2601 = ORIENTED_EDGE ( 'NONE', *, *, #6898, .T. ) ;
#2602 = ORIENTED_EDGE ( 'NONE', *, *, #6667, .F. ) ;
#2603 = FACE_OUTER_BOUND ( 'NONE', #6219, .T. ) ;
#2604 = DIRECTION ( 'NONE',  ( 0.000000000000000000, 0.000000000000000000, -1.000000000000000000 ) ) ;
#2605 = DIRECTION ( 'NONE',  ( 0.000000000000000000, 0.000000000000000000, -1.000000000000000000 ) ) ;
#2606 = EDGE_CURVE ( 'NONE', #872, #8360, #5099, .T. ) ;
#2607 = EDGE_CURVE ( 'NONE', #523, #7034, #612, .T. ) ;
#2608 = PRODUCT ( 'SDS-50J_1', 'SDS-50J_1', '', ( #4272 ) ) ;
#2609 = ORIENTED_EDGE ( 'NONE', *, *, #7394, .T. ) ;
#2610 = PLANE ( 'NONE',  #8251 ) ;
#2611 = DIRECTION ( 'NONE',  ( -0.000000000000000000, -0.000000000000000000, -1.000000000000000000 ) ) ;
#2612 = SHAPE_REPRESENTATION_RELATIONSHIP ( 'NONE' , 'NONE' ,  #4074, #636 ) ;
#2613 = DIRECTION ( 'NONE',  ( -1.836970198721029441E-16, 1.000000000000000000, 0.000000000000000000 ) ) ;
#2614 = ORIENTED_EDGE ( 'NONE', *, *, #273, .F. ) ;
#2615 = CARTESIAN_POINT ( 'NONE',  ( 2.800155146973221765, 4.235050948740416210, -4.100000000000000533 ) ) ;
#2616 = VERTEX_POINT ( 'NONE', #3102 ) ;
#2617 = LINE ( 'NONE', #2533, #3947 ) ;
#2618 = CARTESIAN_POINT ( 'NONE',  ( 0.7954951288348675043, 8.497398089978590363, 7.900000000000000355 ) ) ;
#2619 = ORIENTED_EDGE ( 'NONE', *, *, #3864, .T. ) ;
#2620 = DIRECTION ( 'NONE',  ( 1.000000000000000000, 5.050066219870496183E-16, -0.000000000000000000 ) ) ;
#2621 = CARTESIAN_POINT ( 'NONE',  ( 2.999999999999999556, 1.500000000000002220, 5.300000000000000711 ) ) ;
#2622 = ORIENTED_EDGE ( 'NONE', *, *, #7460, .F. ) ;
#2623 = CARTESIAN_POINT ( 'NONE',  ( 1.813683476751939860, 10.96533390620149007, -3.654908379606670810 ) ) ;
#2624 = EDGE_CURVE ( 'NONE', #368, #4886, #34, .T. ) ;
#2625 = DIRECTION ( 'NONE',  ( -0.000000000000000000, -0.000000000000000000, -1.000000000000000000 ) ) ;
#2626 = EDGE_CURVE ( 'NONE', #7974, #6570, #5705, .T. ) ;
#2627 = VERTEX_POINT ( 'NONE', #3747 ) ;
#2628 = LINE ( 'NONE', #7858, #6920 ) ;
#2629 = DIRECTION ( 'NONE',  ( -0.000000000000000000, -0.000000000000000000, -1.000000000000000000 ) ) ;
#2630 = ORIENTED_EDGE ( 'NONE', *, *, #3106, .F. ) ;
#2631 = CARTESIAN_POINT ( 'NONE',  ( -3.334816353806960176, 10.87229042737958196, -3.654908379606684576 ) ) ;
#2632 = LINE ( 'NONE', #3884, #4990 ) ;
#2633 = DIRECTION ( 'NONE',  ( 0.000000000000000000, 1.000000000000000000, -0.000000000000000000 ) ) ;
#2634 = VERTEX_POINT ( 'NONE', #3052 ) ;
#2635 = CARTESIAN_POINT ( 'NONE',  ( 0.1998448530267819268, -3.366025403784448589, -4.099999999999999645 ) ) ;
#2636 = DIRECTION ( 'NONE',  ( 0.000000000000000000, 0.2588190451025209060, 0.9659258262890682012 ) ) ;
#2637 = PLANE ( 'NONE',  #2236 ) ;
#2638 = CIRCLE ( 'NONE', #7028, 2.000000000000000888 ) ;
#2639 = FACE_OUTER_BOUND ( 'NONE', #5749, .T. ) ;
#2640 = EDGE_CURVE ( 'NONE', #7910, #523, #5148, .T. ) ;
#2641 = ORIENTED_EDGE ( 'NONE', *, *, #3429, .F. ) ;
#2642 = ORIENTED_EDGE ( 'NONE', *, *, #149, .F. ) ;
#2643 = AXIS2_PLACEMENT_3D ( 'NONE', #5511, #1060, #4875 ) ;
#2644 = EDGE_LOOP ( 'NONE', ( #5123, #1121, #3512, #4432 ) ) ;
#2645 = DIRECTION ( 'NONE',  ( -0.8039056341586716670, -0.5947568674407585076, 0.000000000000000000 ) ) ;
#2646 = CARTESIAN_POINT ( 'NONE',  ( -3.447145558284426148, 5.845747660529039713, 7.900000000000000355 ) ) ;
#2647 = CARTESIAN_POINT ( 'NONE',  ( -1.000000000000000000, 10.00000000000000000, -6.250000000000000000 ) ) ;
#2648 = AXIS2_PLACEMENT_3D ( 'NONE', #7670, #3613, #3702 ) ;
#2649 = AXIS2_PLACEMENT_3D ( 'NONE', #7206, #7843, #4466 ) ;
#2650 = VECTOR ( 'NONE', #6415, 1000.000000000000114 ) ;
#2651 = VERTEX_POINT ( 'NONE', #1797 ) ;
#2652 = EDGE_CURVE ( 'NONE', #6894, #4344, #2362, .T. ) ;
#2653 = DIRECTION ( 'NONE',  ( 1.000000000000000000, 2.891205793294678819E-16, 0.000000000000000000 ) ) ;
#2654 = VECTOR ( 'NONE', #2521, 1000.000000000000000 ) ;
#2655 = VECTOR ( 'NONE', #354, 1000.000000000000000 ) ;
#2656 = LINE ( 'NONE', #5310, #6679 ) ;
#2657 = CARTESIAN_POINT ( 'NONE',  ( 0.000000000000000000, 0.000000000000000000, 0.000000000000000000 ) ) ;
#2658 = CARTESIAN_POINT ( 'NONE',  ( 5.179378605318053275, 9.027728175868498184, 1.100000000000001199 ) ) ;
#2659 = CARTESIAN_POINT ( 'NONE',  ( 0.9999999999999995559, 1.500000000000002220, 5.300000000000001599 ) ) ;
#2660 = VECTOR ( 'NONE', #2013, 1000.000000000000000 ) ;
#2661 = CIRCLE ( 'NONE', #4972, 2.000000000000000000 ) ;
#2662 = ORIENTED_EDGE ( 'NONE', *, *, #347, .T. ) ;
#2663 = DIRECTION ( 'NONE',  ( -0.000000000000000000, -1.000000000000000000, 0.000000000000000000 ) ) ;
#2664 = VERTEX_POINT ( 'NONE', #6990 ) ;
#2665 = CARTESIAN_POINT ( 'NONE',  ( 5.199844853026785785, -3.366025403784443704, -7.599999999999998757 ) ) ;
#2666 = CARTESIAN_POINT ( 'NONE',  ( 0.02020410288672866428, 10.00000000000000000, -6.050000000000000711 ) ) ;
#2667 = ORIENTED_EDGE ( 'NONE', *, *, #1634, .T. ) ;
#2668 = PLANE ( 'NONE',  #4507 ) ;
#2669 = EDGE_CURVE ( 'NONE', #737, #3440, #176, .T. ) ;
#2670 = DIRECTION ( 'NONE',  ( 0.000000000000000000, -0.000000000000000000, -1.000000000000000000 ) ) ;
#2671 = ORIENTED_EDGE ( 'NONE', *, *, #6771, .T. ) ;
#2672 = CLOSED_SHELL ( 'NONE', ( #1806, #3576, #3956, #3986, #7141, #6279, #295, #4620, #2997, #1775, #4240, #6046 ) ) ;
#2673 = LINE ( 'NONE', #2716, #2507 ) ;
#2674 = AXIS2_PLACEMENT_3D ( 'NONE', #3540, #753, #8113 ) ;
#2675 = ORIENTED_EDGE ( 'NONE', *, *, #2693, .F. ) ;
#2676 = AXIS2_PLACEMENT_3D ( 'NONE', #2417, #533, #5160 ) ;
#2677 = FACE_OUTER_BOUND ( 'NONE', #2998, .T. ) ;
#2678 = LINE ( 'NONE', #5288, #6072 ) ;
#2679 = ORIENTED_EDGE ( 'NONE', *, *, #211, .T. ) ;
#2680 = DIRECTION ( 'NONE',  ( -1.000000000000000000, 0.000000000000000000, 0.000000000000000000 ) ) ;
#2681 = ADVANCED_FACE ( 'NONE', ( #8278 ), #5019, .F. ) ;
#2682 = FACE_OUTER_BOUND ( 'NONE', #227, .T. ) ;
#2683 = EDGE_LOOP ( 'NONE', ( #5374, #4640, #1478, #3282 ) ) ;
#2684 = CARTESIAN_POINT ( 'NONE',  ( 2.349844651609509246E-15, 6.999999999999996447, 1.100000000000001199 ) ) ;
#2685 = EDGE_CURVE ( 'NONE', #6995, #3357, #3366, .T. ) ;
#2686 = CIRCLE ( 'NONE', #5815, 0.8000000000000003775 ) ;
#2687 = DIRECTION ( 'NONE',  ( -0.000000000000000000, -0.000000000000000000, -1.000000000000000000 ) ) ;
#2688 = DIRECTION ( 'NONE',  ( 0.7071067811865464625, 0.7071067811865486830, 0.000000000000000000 ) ) ;
#2689 = CARTESIAN_POINT ( 'NONE',  ( -0.5000000000000000000, 4.625000000000001776, -3.049120979999346392 ) ) ;
#2690 = VERTEX_POINT ( 'NONE', #3280 ) ;
#2691 = ORIENTED_EDGE ( 'NONE', *, *, #8044, .F. ) ;
#2692 = CIRCLE ( 'NONE', #3783, 2.000000000000000888 ) ;
#2693 = EDGE_CURVE ( 'NONE', #1908, #1054, #5193, .T. ) ;
#2694 = ORIENTED_EDGE ( 'NONE', *, *, #3656, .F. ) ;
#2695 = CARTESIAN_POINT ( 'NONE',  ( -2.800155146973221765, 4.235050948740416210, -4.599999999999999645 ) ) ;
#2696 = EDGE_CURVE ( 'NONE', #2102, #6801, #787, .T. ) ;
#2697 = DIRECTION ( 'NONE',  ( 0.000000000000000000, 0.000000000000000000, 1.000000000000000000 ) ) ;
#2698 = CARTESIAN_POINT ( 'NONE',  ( 0.1749999999999999056, 9.650000000000000355, -7.037946471341893329 ) ) ;
#2699 = EDGE_LOOP ( 'NONE', ( #3269, #1940, #6283, #7063 ) ) ;
#2700 = CARTESIAN_POINT ( 'NONE',  ( 3.347164161532505844, 7.359942619654052720, 7.900000000000000355 ) ) ;
#2701 = EDGE_CURVE ( 'NONE', #3804, #5895, #2, .T. ) ;
#2702 = LINE ( 'NONE', #7926, #6942 ) ;
#2703 = DIRECTION ( 'NONE',  ( 1.000000000000000000, 0.000000000000000000, 0.000000000000000000 ) ) ;
#2704 = LINE ( 'NONE', #775, #4280 ) ;
#2705 = CARTESIAN_POINT ( 'NONE',  ( 7.499999999999999112, 6.500000000000002665, 0.4000000000000010214 ) ) ;
#2706 = ORIENTED_EDGE ( 'NONE', *, *, #6512, .F. ) ;
#2707 = CIRCLE ( 'NONE', #7492, 0.9250000000000013767 ) ;
#2708 = DIRECTION ( 'NONE',  ( -1.228833015451264865E-15, 1.000000000000000000, 0.000000000000000000 ) ) ;
#2709 = ORIENTED_EDGE ( 'NONE', *, *, #3456, .F. ) ;
#2710 = CARTESIAN_POINT ( 'NONE',  ( -10.00000000000000355, -3.366025403784455694, -6.599999999999994316 ) ) ;
#2711 = CARTESIAN_POINT ( 'NONE',  ( -0.5000000000000000000, 4.625000000000001776, 1.100000000000001199 ) ) ;
#2712 = VERTEX_POINT ( 'NONE', #5284 ) ;
#2713 = CIRCLE ( 'NONE', #1878, 2.000000000000000444 ) ;
#2714 = DIRECTION ( 'NONE',  ( -0.000000000000000000, -0.000000000000000000, 1.000000000000000000 ) ) ;
#2715 = LINE ( 'NONE', #866, #7246 ) ;
#2716 = CARTESIAN_POINT ( 'NONE',  ( -0.1998448530267822598, 7.249999999999999112, -4.100000000000000533 ) ) ;
#2717 = EDGE_CURVE ( 'NONE', #4553, #5447, #2673, .T. ) ;
#2718 = VERTEX_POINT ( 'NONE', #7255 ) ;
#2719 = EDGE_CURVE ( 'NONE', #7219, #4043, #1983, .T. ) ;
#2720 = DIRECTION ( 'NONE',  ( -0.000000000000000000, -0.2588190451025131900, -0.9659258262890703106 ) ) ;
#2721 = PLANE ( 'NONE',  #6209 ) ;
#2722 = ORIENTED_EDGE ( 'NONE', *, *, #7946, .T. ) ;
#2723 = LINE ( 'NONE', #3449, #3917 ) ;
#2724 = DIRECTION ( 'NONE',  ( 0.000000000000000000, -0.000000000000000000, -1.000000000000000000 ) ) ;
#2725 = ORIENTED_EDGE ( 'NONE', *, *, #1358, .F. ) ;
#2726 = LINE ( 'NONE', #64, #8391 ) ;
#2727 = LINE ( 'NONE', #2765, #5642 ) ;
#2728 = EDGE_CURVE ( 'NONE', #6527, #1271, #7940, .T. ) ;
#2729 = FACE_OUTER_BOUND ( 'NONE', #5666, .T. ) ;
#2730 = ORIENTED_EDGE ( 'NONE', *, *, #2078, .T. ) ;
#2731 = ORIENTED_EDGE ( 'NONE', *, *, #2424, .T. ) ;
#2732 = ADVANCED_FACE ( 'NONE', ( #3926 ), #5918, .F. ) ;
#2733 = AXIS2_PLACEMENT_3D ( 'NONE', #7975, #4805, #7422 ) ;
#2734 = ORIENTED_EDGE ( 'NONE', *, *, #5719, .F. ) ;
#2735 = FILL_AREA_STYLE_COLOUR ( '', #4207 ) ;
#2736 = CARTESIAN_POINT ( 'NONE',  ( 4.407966415290564655, 5.424564683621932559, -4.599999999999999645 ) ) ;
#2737 = FACE_BOUND ( 'NONE', #6299, .T. ) ;
#2738 = ADVANCED_FACE ( 'NONE', ( #8448 ), #7900, .F. ) ;
#2739 = ORIENTED_EDGE ( 'NONE', *, *, #7868, .T. ) ;
#2740 = EDGE_CURVE ( 'NONE', #2992, #5890, #4007, .T. ) ;
#2741 = LINE ( 'NONE', #8011, #7035 ) ;
#2742 = FACE_OUTER_BOUND ( 'NONE', #1607, .T. ) ;
#2743 = DIRECTION ( 'NONE',  ( 0.000000000000000000, -0.000000000000000000, 1.000000000000000000 ) ) ;
#2744 = DIRECTION ( 'NONE',  ( -0.7071067811865487940, -0.7071067811865463515, 0.000000000000000000 ) ) ;
#2745 = EDGE_CURVE ( 'NONE', #3336, #1423, #7809, .T. ) ;
#2746 = ORIENTED_EDGE ( 'NONE', *, *, #8264, .F. ) ;
#2747 = LINE ( 'NONE', #3436, #5386 ) ;
#2748 = VERTEX_POINT ( 'NONE', #2107 ) ;
#2749 = DIRECTION ( 'NONE',  ( -0.000000000000000000, -0.000000000000000000, 1.000000000000000000 ) ) ;
#2750 = DIRECTION ( 'NONE',  ( -0.000000000000000000, 0.000000000000000000, 1.000000000000000000 ) ) ;
#2751 = ORIENTED_EDGE ( 'NONE', *, *, #2139, .F. ) ;
#2752 = FACE_OUTER_BOUND ( 'NONE', #1210, .T. ) ;
#2753 = CARTESIAN_POINT ( 'NONE',  ( 0.000000000000000000, 0.000000000000000000, 0.000000000000000000 ) ) ;
#2754 = LINE ( 'NONE', #7295, #2784 ) ;
#2755 = VERTEX_POINT ( 'NONE', #5965 ) ;
#2756 = DIRECTION ( 'NONE',  ( 0.000000000000000000, 0.000000000000000000, -1.000000000000000000 ) ) ;
#2757 = CARTESIAN_POINT ( 'NONE',  ( -1.749999999999999778, 8.145363321340250096, -4.599999999999998757 ) ) ;
#2758 = EDGE_CURVE ( 'NONE', #6869, #6137, #4682, .T. ) ;
#2759 = ORIENTED_EDGE ( 'NONE', *, *, #2624, .T. ) ;
#2760 = ADVANCED_FACE ( 'NONE', ( #94, #1932 ), #5880, .F. ) ;
#2761 = LINE ( 'NONE', #4100, #1579 ) ;
#2762 = DIRECTION ( 'NONE',  ( 0.000000000000000000, 0.000000000000000000, -1.000000000000000000 ) ) ;
#2763 = ORIENTED_EDGE ( 'NONE', *, *, #5597, .F. ) ;
#2764 = CYLINDRICAL_SURFACE ( 'NONE', #5392, 0.8877928962701179261 ) ;
#2765 = CARTESIAN_POINT ( 'NONE',  ( 4.154252339470971833, 6.552854441715587619, 1.100000000000001199 ) ) ;
#2766 = DIRECTION ( 'NONE',  ( -1.085043878853569812E-15, 1.000000000000000000, 0.000000000000000000 ) ) ;
#2767 = VERTEX_POINT ( 'NONE', #1306 ) ;
#2768 = ORIENTED_EDGE ( 'NONE', *, *, #5564, .T. ) ;
#2769 = VERTEX_POINT ( 'NONE', #2065 ) ;
#2770 = ORIENTED_EDGE ( 'NONE', *, *, #4155, .F. ) ;
#2771 = DIRECTION ( 'NONE',  ( -0.000000000000000000, 0.000000000000000000, 1.000000000000000000 ) ) ;
#2772 = CARTESIAN_POINT ( 'NONE',  ( -0.6014837311292450250, 8.797032537741509728, -6.971123081938318755 ) ) ;
#2773 = ORIENTED_EDGE ( 'NONE', *, *, #213, .F. ) ;
#2774 = VECTOR ( 'NONE', #1877, 1000.000000000000000 ) ;
#2775 = CARTESIAN_POINT ( 'NONE',  ( -5.199844853026781344, -3.366025403784452585, -6.599999999999996980 ) ) ;
#2776 = AXIS2_PLACEMENT_3D ( 'NONE', #7420, #1543, #6778 ) ;
#2777 = VECTOR ( 'NONE', #3875, 1000.000000000000000 ) ;
#2778 = CARTESIAN_POINT ( 'NONE',  ( 2.527728175868495963, 11.67937860531804795, -3.654908379606665481 ) ) ;
#2779 = EDGE_CURVE ( 'NONE', #2718, #2767, #2754, .T. ) ;
#2780 = CARTESIAN_POINT ( 'NONE',  ( 0.000000000000000000, 0.000000000000000000, 0.000000000000000000 ) ) ;
#2781 = CARTESIAN_POINT ( 'NONE',  ( -10.00000000000000355, 0.7999999999999978240, -6.250000000000000000 ) ) ;
#2782 = CARTESIAN_POINT ( 'NONE',  ( 0.000000000000000000, 6.500000000000000888, 7.900000000000000355 ) ) ;
#2783 = ORIENTED_EDGE ( 'NONE', *, *, #807, .T. ) ;
#2784 = VECTOR ( 'NONE', #3407, 1000.000000000000000 ) ;
#2785 = VECTOR ( 'NONE', #1157, 1000.000000000000000 ) ;
#2786 = VECTOR ( 'NONE', #3330, 1000.000000000000000 ) ;
#2787 = CYLINDRICAL_SURFACE ( 'NONE', #4702, 0.4000000000000002998 ) ;
#2788 = ORIENTED_EDGE ( 'NONE', *, *, #680, .F. ) ;
#2789 = DIRECTION ( 'NONE',  ( -1.000000000000000000, 0.000000000000000000, -0.000000000000000000 ) ) ;
#2790 = FACE_OUTER_BOUND ( 'NONE', #293, .T. ) ;
#2791 = ADVANCED_FACE ( 'NONE', ( #2586 ), #6528, .F. ) ;
#2792 = ORIENTED_EDGE ( 'NONE', *, *, #6798, .F. ) ;
#2793 = FACE_OUTER_BOUND ( 'NONE', #3981, .T. ) ;
#2794 = EDGE_CURVE ( 'NONE', #4336, #2848, #3966, .T. ) ;
#2795 = DIRECTION ( 'NONE',  ( -0.000000000000000000, 1.000000000000000000, 0.000000000000000000 ) ) ;
#2796 = VECTOR ( 'NONE', #3523, 1000.000000000000114 ) ;
#2797 = CIRCLE ( 'NONE', #7859, 2.000000000000000444 ) ;
#2798 = CARTESIAN_POINT ( 'NONE',  ( -3.447145558284426148, 5.845747660529039713, 1.100000000000001199 ) ) ;
#2799 = VECTOR ( 'NONE', #6622, 1000.000000000000000 ) ;
#2800 = ORIENTED_EDGE ( 'NONE', *, *, #6675, .T. ) ;
#2801 = AXIS2_PLACEMENT_3D ( 'NONE', #4066, #7871, #1998 ) ;
#2802 = DIRECTION ( 'NONE',  ( -0.000000000000000000, -0.000000000000000000, 1.000000000000000000 ) ) ;
#2803 = EDGE_CURVE ( 'NONE', #961, #630, #6855, .T. ) ;
#2804 = CIRCLE ( 'NONE', #3188, 1.000000000000000000 ) ;
#2805 = CARTESIAN_POINT ( 'NONE',  ( -2.500000000000000888, 9.947350469337287393, -6.250000000000000888 ) ) ;
#2806 = CLOSED_SHELL ( 'NONE', ( #7132, #2289, #4921, #2099, #956, #7244, #4861, #7235, #3310 ) ) ;
#2807 = VERTEX_POINT ( 'NONE', #8108 ) ;
#2808 = DIRECTION ( 'NONE',  ( -1.000000000000000000, -2.712609697133924531E-16, 0.000000000000000000 ) ) ;
#2809 = VERTEX_POINT ( 'NONE', #1665 ) ;
#2810 = APPLICATION_CONTEXT ( 'automotive_design' ) ;
#2811 = CARTESIAN_POINT ( 'NONE',  ( 9.200000000000001066, 2.799999999999997602, -6.250000000000000000 ) ) ;
#2812 = DIRECTION ( 'NONE',  ( -0.7071067811865469066, -0.7071067811865482389, 0.000000000000000000 ) ) ;
#2813 = PLANE ( 'NONE',  #8001 ) ;
#2814 = VECTOR ( 'NONE', #1055, 1000.000000000000000 ) ;
#2815 = VECTOR ( 'NONE', #2130, 1000.000000000000000 ) ;
#2816 = ORIENTED_EDGE ( 'NONE', *, *, #4564, .T. ) ;
#2817 = ORIENTED_EDGE ( 'NONE', *, *, #3732, .F. ) ;
#2818 = VECTOR ( 'NONE', #4385, 1000.000000000000000 ) ;
#2819 = ORIENTED_EDGE ( 'NONE', *, *, #4001, .F. ) ;
#2820 = CARTESIAN_POINT ( 'NONE',  ( -0.9999999999999995559, 0.000000000000000000, 7.900012000000001144 ) ) ;
#2821 = ORIENTED_EDGE ( 'NONE', *, *, #7187, .F. ) ;
#2822 = CARTESIAN_POINT ( 'NONE',  ( -3.500000000000000000, 12.75000000000000178, -4.599999999999999645 ) ) ;
#2823 = LINE ( 'NONE', #4154, #4950 ) ;
#2824 = PRODUCT_DEFINITION ( 'UNKNOWN', '', #5046, #8040 ) ;
#2825 = VERTEX_POINT ( 'NONE', #4892 ) ;
#2826 = VECTOR ( 'NONE', #6849, 1000.000000000000000 ) ;
#2827 = ADVANCED_FACE ( 'NONE', ( #6785 ), #6331, .F. ) ;
#2828 = DIRECTION ( 'NONE',  ( 0.000000000000000000, 0.000000000000000000, 1.000000000000000000 ) ) ;
#2829 = CARTESIAN_POINT ( 'NONE',  ( 0.000000000000000000, 19.50000000000000000, 6.100000000000001421 ) ) ;
#2830 = DIRECTION ( 'NONE',  ( -1.000000000000000000, 0.000000000000000000, 0.000000000000000000 ) ) ;
#2831 = STYLED_ITEM ( 'NONE', ( #7407 ), #6298 ) ;
#2832 = LINE ( 'NONE', #6683, #4298 ) ;
#2833 = EDGE_CURVE ( 'NONE', #290, #4459, #5491, .T. ) ;
#2834 = ORIENTED_EDGE ( 'NONE', *, *, #3373, .F. ) ;
#2835 = EDGE_CURVE ( 'NONE', #8385, #4336, #2316, .T. ) ;
#2836 = DIRECTION ( 'NONE',  ( 1.000000000000000000, 0.000000000000000000, 0.000000000000000000 ) ) ;
#2837 = EDGE_CURVE ( 'NONE', #2901, #5605, #3534, .T. ) ;
#2838 = ORIENTED_EDGE ( 'NONE', *, *, #7286, .F. ) ;
#2839 = CARTESIAN_POINT ( 'NONE',  ( 5.179378605318053275, 9.027728175868498184, 1.100000000000001199 ) ) ;
#2840 = DIRECTION ( 'NONE',  ( -1.000000000000000000, 0.000000000000000000, 0.000000000000000000 ) ) ;
#2841 = ORIENTED_EDGE ( 'NONE', *, *, #4355, .F. ) ;
#2842 = CARTESIAN_POINT ( 'NONE',  ( -4.800155146973216880, 1.371243476461044291E-15, -4.100000000000000533 ) ) ;
#2843 = DIRECTION ( 'NONE',  ( -3.097720492815731110E-16, 1.000000000000000000, 0.000000000000000000 ) ) ;
#2844 = FACE_OUTER_BOUND ( 'NONE', #2250, .T. ) ;
#2845 = CARTESIAN_POINT ( 'NONE',  ( -10.00000000000000178, -3.366025403784456582, -4.099999999999997868 ) ) ;
#2846 = VECTOR ( 'NONE', #4599, 1000.000000000000000 ) ;
#2847 = ADVANCED_FACE ( 'NONE', ( #828 ), #4181, .F. ) ;
#2848 = VERTEX_POINT ( 'NONE', #2888 ) ;
#2849 = EDGE_CURVE ( 'NONE', #2523, #4332, #1632, .T. ) ;
#2850 = CARTESIAN_POINT ( 'NONE',  ( -4.800155146973217768, -3.366025403784452585, -6.599999999999998757 ) ) ;
#2851 = CYLINDRICAL_SURFACE ( 'NONE', #6198, 0.8877928962701181481 ) ;
#2852 = EDGE_LOOP ( 'NONE', ( #5090, #5903, #8451, #6349, #740, #8465, #3551, #8195, #4793 ) ) ;
#2853 = DIRECTION ( 'NONE',  ( -0.000000000000000000, -0.000000000000000000, 1.000000000000000000 ) ) ;
#2854 = PLANE ( 'NONE',  #383 ) ;
#2855 = ORIENTED_EDGE ( 'NONE', *, *, #4031, .F. ) ;
#2856 = DIRECTION ( 'NONE',  ( -1.000000000000000000, 0.000000000000000000, 0.000000000000000000 ) ) ;
#2857 = FACE_OUTER_BOUND ( 'NONE', #4233, .T. ) ;
#2858 = UNCERTAINTY_MEASURE_WITH_UNIT (LENGTH_MEASURE( 1.000000000000000082E-05 ), #3634, 'distance_accuracy_value', 'NONE');
#2859 = DIRECTION ( 'NONE',  ( -1.000000000000000000, 0.000000000000000000, 0.000000000000000000 ) ) ;
#2860 = ORIENTED_EDGE ( 'NONE', *, *, #6824, .F. ) ;
#2861 = ORIENTED_EDGE ( 'NONE', *, *, #5073, .T. ) ;
#2862 = ORIENTED_EDGE ( 'NONE', *, *, #7390, .F. ) ;
#2863 = DIRECTION ( 'NONE',  ( -0.000000000000000000, -0.000000000000000000, -1.000000000000000000 ) ) ;
#2864 = CARTESIAN_POINT ( 'NONE',  ( -2.519059411711701557, 8.649735831096656113, -7.900000000000000355 ) ) ;
#2865 = CARTESIAN_POINT ( 'NONE',  ( 7.699999999999998401, 2.799999999999997602, -4.100000000000000533 ) ) ;
#2866 = AXIS2_PLACEMENT_3D ( 'NONE', #4483, #8363, #2331 ) ;
#2867 = FACE_OUTER_BOUND ( 'NONE', #8158, .T. ) ;
#2868 =( BOUNDED_CURVE ( )  B_SPLINE_CURVE ( 3, ( #4118, #5947, #4700, #3516 ),
 .UNSPECIFIED., .F., .T. ) 
 B_SPLINE_CURVE_WITH_KNOTS ( ( 4, 4 ),
 ( 0.000000000000000000, 1.570796326794896558 ),
 .UNSPECIFIED. ) 
 CURVE ( )  GEOMETRIC_REPRESENTATION_ITEM ( )  RATIONAL_B_SPLINE_CURVE ( ( 1.000000000000000000, 0.8047378541243649375, 0.8047378541243649375, 1.000000000000000000 ) ) 
 REPRESENTATION_ITEM ( '' )  );
#2869 = AXIS2_PLACEMENT_3D ( 'NONE', #3871, #7672, #6390 ) ;
#2870 = ORIENTED_EDGE ( 'NONE', *, *, #2794, .F. ) ;
#2871 = CARTESIAN_POINT ( 'NONE',  ( -1.000000000000000000, 10.00000000000000000, -6.250000000000000000 ) ) ;
#2872 = EDGE_CURVE ( 'NONE', #3755, #3459, #2922, .T. ) ;
#2873 = EDGE_CURVE ( 'NONE', #7000, #7219, #4135, .T. ) ;
#2874 = CARTESIAN_POINT ( 'NONE',  ( 0.5000000000000000000, 4.625000000000001776, -3.049120979999346392 ) ) ;
#2875 = AXIS2_PLACEMENT_3D ( 'NONE', #4806, #4771, #3406 ) ;
#2876 = LINE ( 'NONE', #4760, #1127 ) ;
#2877 = CARTESIAN_POINT ( 'NONE',  ( 9.199999999999999289, 0.8000000000000023759, -4.599999999999999645 ) ) ;
#2878 = VERTEX_POINT ( 'NONE', #6132 ) ;
#2879 = AXIS2_PLACEMENT_3D ( 'NONE', #7282, #1650, #973 ) ;
#2880 = DIRECTION ( 'NONE',  ( -0.000000000000000000, -0.000000000000000000, 1.000000000000000000 ) ) ;
#2881 = ORIENTED_EDGE ( 'NONE', *, *, #7931, .T. ) ;
#2882 = LINE ( 'NONE', #1660, #4464 ) ;
#2883 = CARTESIAN_POINT ( 'NONE',  ( 2.499999999999999112, 9.947350469337283840, -6.250000000000000000 ) ) ;
#2884 = VERTEX_POINT ( 'NONE', #8069 ) ;
#2885 = CARTESIAN_POINT ( 'NONE',  ( 7.700000000000005507, -3.500000000000003553, -4.599999999999999645 ) ) ;
#2886 = DIRECTION ( 'NONE',  ( -1.000000000000000000, 1.084202172485504681E-16, 0.000000000000000000 ) ) ;
#2887 = LINE ( 'NONE', #220, #7741 ) ;
#2888 = CARTESIAN_POINT ( 'NONE',  ( 5.199844853026781344, 0.8000000000000038192, -6.599999999999997868 ) ) ;
#2889 = CARTESIAN_POINT ( 'NONE',  ( 7.699999999999998401, 2.799999999999998046, -6.250000000000000888 ) ) ;
#2890 = CARTESIAN_POINT ( 'NONE',  ( -10.00000000000000355, 0.8000000000000022649, -2.799999999999999822 ) ) ;
#2891 = EDGE_LOOP ( 'NONE', ( #1671, #7602, #4004, #3982 ) ) ;
#2892 = DIRECTION ( 'NONE',  ( 0.7071067811865466846, 0.7071067811865483499, 5.204170427930420494E-15 ) ) ;
#2893 = FACE_OUTER_BOUND ( 'NONE', #4777, .T. ) ;
#2894 = ORIENTED_EDGE ( 'NONE', *, *, #4966, .T. ) ;
#2895 = CARTESIAN_POINT ( 'NONE',  ( 9.609923976848163463, 5.985126513463341347, 7.900000000000000355 ) ) ;
#2896 = EDGE_CURVE ( 'NONE', #245, #3839, #7425, .T. ) ;
#2897 = FACE_OUTER_BOUND ( 'NONE', #2644, .T. ) ;
#2898 = VERTEX_POINT ( 'NONE', #6167 ) ;
#2899 = VERTEX_POINT ( 'NONE', #7542 ) ;
#2900 = ADVANCED_BREP_SHAPE_REPRESENTATION ( '', ( #3683, #7933 ), #2045 ) ;
#2901 = VERTEX_POINT ( 'NONE', #4926 ) ;
#2902 = LINE ( 'NONE', #2371, #3222 ) ;
#2903 = CARTESIAN_POINT ( 'NONE',  ( -10.00000000000000355, 0.7999999999999978240, -6.250000000000000000 ) ) ;
#2904 = DIRECTION ( 'NONE',  ( -0.000000000000000000, -0.000000000000000000, -1.000000000000000000 ) ) ;
#2905 = ADVANCED_FACE ( 'NONE', ( #6042 ), #6822, .T. ) ;
#2906 = CARTESIAN_POINT ( 'NONE',  ( -4.800155146973222209, -3.500000000000009770, -7.099999999999997868 ) ) ;
#2907 = ORIENTED_EDGE ( 'NONE', *, *, #3490, .F. ) ;
#2908 = CARTESIAN_POINT ( 'NONE',  ( -0.8750000000000000000, 15.83475577895081976, 1.100000000000001199 ) ) ;
#2909 = PRODUCT_DEFINITION_SHAPE ( 'NONE', 'NONE',  #8485 ) ;
#2910 = DIRECTION ( 'NONE',  ( 0.000000000000000000, 0.000000000000000000, 1.000000000000000000 ) ) ;
#2911 = PLANE ( 'NONE',  #7574 ) ;
#2912 = CIRCLE ( 'NONE', #7429, 0.8000000000000003775 ) ;
#2913 = ORIENTED_EDGE ( 'NONE', *, *, #6227, .F. ) ;
#2914 = CARTESIAN_POINT ( 'NONE',  ( 2.321425231206986073, 8.399557385839587553, -3.654908379606660596 ) ) ;
#2915 = ORIENTED_EDGE ( 'NONE', *, *, #4115, .T. ) ;
#2916 = CARTESIAN_POINT ( 'NONE',  ( -0.9000000000000001332, 1.671642880836137888E-15, -2.800000000000000266 ) ) ;
#2917 = DIRECTION ( 'NONE',  ( 1.000000000000000000, 0.000000000000000000, 0.000000000000000000 ) ) ;
#2918 = VECTOR ( 'NONE', #584, 1000.000000000000000 ) ;
#2919 = VERTEX_POINT ( 'NONE', #5411 ) ;
#2920 = DIRECTION ( 'NONE',  ( -0.000000000000000000, -0.000000000000000000, 1.000000000000000000 ) ) ;
#2921 = LINE ( 'NONE', #1663, #8151 ) ;
#2922 = LINE ( 'NONE', #3443, #3058 ) ;
#2923 = AXIS2_PLACEMENT_3D ( 'NONE', #7853, #5322, #48 ) ;
#2924 = VECTOR ( 'NONE', #6385, 1000.000000000000000 ) ;
#2925 = EDGE_CURVE ( 'NONE', #5096, #6034, #991, .T. ) ;
#2926 = VECTOR ( 'NONE', #2554, 1000.000000000000000 ) ;
#2927 = CARTESIAN_POINT ( 'NONE',  ( 2.280971972007237891, 8.971547725466914258, -7.500000000000001776 ) ) ;
#2928 = EDGE_CURVE ( 'NONE', #7956, #2079, #7450, .T. ) ;
#2929 = FACE_BOUND ( 'NONE', #7679, .T. ) ;
#2930 = AXIS2_PLACEMENT_3D ( 'NONE', #2782, #907, #942 ) ;
#2931 = ORIENTED_EDGE ( 'NONE', *, *, #8143, .T. ) ;
#2932 = VECTOR ( 'NONE', #5315, 1000.000000000000000 ) ;
#2933 = CARTESIAN_POINT ( 'NONE',  ( -0.1998448530267822598, 7.249999999999999112, -4.100000000000000533 ) ) ;
#2934 = CARTESIAN_POINT ( 'NONE',  ( -2.499999999999999556, 9.147350469337283130, -6.250000000000000000 ) ) ;
#2935 = ORIENTED_EDGE ( 'NONE', *, *, #4670, .T. ) ;
#2936 = AXIS2_PLACEMENT_3D ( 'NONE', #5250, #756, #183 ) ;
#2937 = AXIS2_PLACEMENT_3D ( 'NONE', #1787, #1836, #8476 ) ;
#2938 = CARTESIAN_POINT ( 'NONE',  ( -0.1749999999999998779, 10.00000000000000000, -7.037946471341893329 ) ) ;
#2939 = CARTESIAN_POINT ( 'NONE',  ( 7.229373521980809514, 4.227416481857816599, -6.250000000000000000 ) ) ;
#2940 = CIRCLE ( 'NONE', #7182, 0.8877928962701181481 ) ;
#2941 = EDGE_CURVE ( 'NONE', #2627, #4667, #314, .T. ) ;
#2942 = VECTOR ( 'NONE', #7943, 1000.000000000000000 ) ;
#2943 = ORIENTED_EDGE ( 'NONE', *, *, #4905, .F. ) ;
#2944 = VERTEX_POINT ( 'NONE', #4772 ) ;
#2945 = EDGE_CURVE ( 'NONE', #6727, #1009, #8250, .T. ) ;
#2946 = EDGE_CURVE ( 'NONE', #3804, #2627, #6092, .T. ) ;
#2947 = VERTEX_POINT ( 'NONE', #2348 ) ;
#2948 = DIRECTION ( 'NONE',  ( 0.5947568674407573974, 0.8039056341586724441, 0.000000000000000000 ) ) ;
#2949 = EDGE_LOOP ( 'NONE', ( #7772, #5622, #7716, #5001 ) ) ;
#2950 = FACE_OUTER_BOUND ( 'NONE', #5697, .T. ) ;
#2951 = APPLICATION_PROTOCOL_DEFINITION ( 'draft international standard', 'automotive_design', 1998, #1219 ) ;
#2952 = FACE_OUTER_BOUND ( 'NONE', #4689, .T. ) ;
#2953 = FACE_OUTER_BOUND ( 'NONE', #6524, .T. ) ;
#2954 = VERTEX_POINT ( 'NONE', #2396 ) ;
#2955 = EDGE_CURVE ( 'NONE', #5289, #1201, #1683, .T. ) ;
#2956 = COLOUR_RGB ( '',0.6470588235294117974, 0.6196078431372549211, 0.5882352941176470784 ) ;
#2957 = EDGE_CURVE ( 'NONE', #41, #1657, #508, .T. ) ;
#2958 = AXIS2_PLACEMENT_3D ( 'NONE', #3975, #8459, #1512 ) ;
#2959 = CARTESIAN_POINT ( 'NONE',  ( 1.000000000000000000, 12.00000000000000000, -6.250000000000001776 ) ) ;
#2960 = LINE ( 'NONE', #6971, #7692 ) ;
#2961 = CARTESIAN_POINT ( 'NONE',  ( -1.502601910021414300, 9.204504871165138269, -3.654908379606660596 ) ) ;
#2962 = ORIENTED_EDGE ( 'NONE', *, *, #5716, .T. ) ;
#2963 = FACE_OUTER_BOUND ( 'NONE', #502, .T. ) ;
#2964 = ORIENTED_EDGE ( 'NONE', *, *, #7879, .T. ) ;
#2965 = CARTESIAN_POINT ( 'NONE',  ( 7.700000000000000178, 0.8000000000000020428, -4.599999999999999645 ) ) ;
#2966 = AXIS2_PLACEMENT_3D ( 'NONE', #5569, #6895, #291 ) ;
#2967 = ORIENTED_EDGE ( 'NONE', *, *, #2988, .T. ) ;
#2968 = DIRECTION ( 'NONE',  ( -0.7071067811865482389, 0.7071067811865469066, 0.000000000000000000 ) ) ;
#2969 = LINE ( 'NONE', #4255, #6914 ) ;
#2970 = DIRECTION ( 'NONE',  ( 1.000000000000000000, 0.000000000000000000, 0.000000000000000000 ) ) ;
#2971 = CARTESIAN_POINT ( 'NONE',  ( 6.907811268317344044, 3.989513734881517060, -4.100000000000000533 ) ) ;
#2972 = CARTESIAN_POINT ( 'NONE',  ( 3.447145558284426148, 5.845747660529039713, -3.654908379606660596 ) ) ;
#2973 = EDGE_LOOP ( 'NONE', ( #4798, #4787, #8292, #4397, #4661, #7260 ) ) ;
#2974 = CARTESIAN_POINT ( 'NONE',  ( 5.199844853026782232, 4.235050948740416210, -7.900000000000000355 ) ) ;
#2975 = LINE ( 'NONE', #7634, #4489 ) ;
#2976 = VERTEX_POINT ( 'NONE', #2435 ) ;
#2977 = EDGE_CURVE ( 'NONE', #6792, #5469, #3698, .T. ) ;
#2978 = DIRECTION ( 'NONE',  ( -0.000000000000000000, -1.000000000000000000, 0.000000000000000000 ) ) ;
#2979 = EDGE_CURVE ( 'NONE', #6126, #3628, #3135, .T. ) ;
#2980 = ORIENTED_EDGE ( 'NONE', *, *, #1738, .F. ) ;
#2981 = ORIENTED_EDGE ( 'NONE', *, *, #332, .F. ) ;
#2982 = VECTOR ( 'NONE', #3318, 1000.000000000000227 ) ;
#2983 = EDGE_LOOP ( 'NONE', ( #3121, #819, #459, #2619, #5428 ) ) ;
#2984 = PRESENTATION_STYLE_ASSIGNMENT (( #1094 ) ) ;
#2985 = DIRECTION ( 'NONE',  ( 0.000000000000000000, 0.000000000000000000, -1.000000000000000000 ) ) ;
#2986 = ORIENTED_EDGE ( 'NONE', *, *, #2696, .T. ) ;
#2987 = DIRECTION ( 'NONE',  ( -1.000000000000000000, 0.000000000000000000, -0.000000000000000000 ) ) ;
#2988 = EDGE_CURVE ( 'NONE', #7085, #3440, #550, .T. ) ;
#2989 = AXIS2_PLACEMENT_3D ( 'NONE', #4077, #3306, #6641 ) ;
#2990 = DIRECTION ( 'NONE',  ( 1.000000000000000000, 2.712609697133924531E-16, -0.000000000000000000 ) ) ;
#2991 = DIRECTION ( 'NONE',  ( 0.000000000000000000, 0.2588190451025131900, 0.9659258262890703106 ) ) ;
#2992 = VERTEX_POINT ( 'NONE', #8308 ) ;
#2993 = VECTOR ( 'NONE', #2199, 1000.000000000000000 ) ;
#2994 = DIRECTION ( 'NONE',  ( 1.000000000000000000, 0.000000000000000000, 0.000000000000000000 ) ) ;
#2995 = EDGE_CURVE ( 'NONE', #2227, #368, #1018, .T. ) ;
#2996 = DIRECTION ( 'NONE',  ( -0.7071067811865487940, -0.7071067811865463515, -0.000000000000000000 ) ) ;
#2997 = ADVANCED_FACE ( 'NONE', ( #3090 ), #8344, .T. ) ;
#2998 = EDGE_LOOP ( 'NONE', ( #8261, #1070, #2240, #460 ) ) ;
#2999 = CARTESIAN_POINT ( 'NONE',  ( 2.500000000000000000, 9.947350469337287393, -4.100000000000000533 ) ) ;
#3000 = AXIS2_PLACEMENT_3D ( 'NONE', #6379, #1246, #3133 ) ;
#3001 = ORIENTED_EDGE ( 'NONE', *, *, #6088, .T. ) ;
#3002 = ORIENTED_EDGE ( 'NONE', *, *, #2696, .F. ) ;
#3003 = DIRECTION ( 'NONE',  ( 0.7798598600361769106, -0.6259541506407273470, 0.000000000000000000 ) ) ;
#3004 = FACE_OUTER_BOUND ( 'NONE', #2354, .T. ) ;
#3005 = CARTESIAN_POINT ( 'NONE',  ( -0.1998448530267822598, 7.249999999999999112, -4.100000000000000533 ) ) ;
#3006 = ADVANCED_FACE ( 'NONE', ( #422 ), #4415, .F. ) ;
#3007 = AXIS2_PLACEMENT_3D ( 'NONE', #7964, #5349, #2089 ) ;
#3008 = CARTESIAN_POINT ( 'NONE',  ( -1.999999999999999556, -2.999999999999998224, 5.300000000000000711 ) ) ;
#3009 = ORIENTED_EDGE ( 'NONE', *, *, #6224, .F. ) ;
#3010 = DIRECTION ( 'NONE',  ( -0.000000000000000000, -0.000000000000000000, 1.000000000000000000 ) ) ;
#3011 = ORIENTED_EDGE ( 'NONE', *, *, #4155, .T. ) ;
#3012 = CARTESIAN_POINT ( 'NONE',  ( 0.000000000000000000, 10.00000000000000000, 1.100000000000001199 ) ) ;
#3013 = DIRECTION ( 'NONE',  ( 1.000000000000000000, 0.000000000000000000, 0.000000000000000000 ) ) ;
#3014 = ORIENTED_EDGE ( 'NONE', *, *, #49, .F. ) ;
#3015 = CARTESIAN_POINT ( 'NONE',  ( 4.472271824131507145, 8.320621394681948502, 1.100000000000001199 ) ) ;
#3016 = CARTESIAN_POINT ( 'NONE',  ( -0.9999999999999997780, 7.543376173343215640, -4.599999999999999645 ) ) ;
#3017 = EDGE_LOOP ( 'NONE', ( #3774, #4149, #5998, #2862 ) ) ;
#3018 = ORIENTED_EDGE ( 'NONE', *, *, #4964, .F. ) ;
#3019 = EDGE_CURVE ( 'NONE', #7285, #3189, #6383, .T. ) ;
#3020 = ORIENTED_EDGE ( 'NONE', *, *, #7493, .F. ) ;
#3021 = DIRECTION ( 'NONE',  ( 0.7071067811865470176, 0.7071067811865479058, 0.000000000000000000 ) ) ;
#3022 = DIRECTION ( 'NONE',  ( 0.000000000000000000, -1.000000000000000000, 0.000000000000000000 ) ) ;
#3023 = ORIENTED_EDGE ( 'NONE', *, *, #1356, .T. ) ;
#3024 = DIRECTION ( 'NONE',  ( -1.000000000000000000, -8.092595186784930598E-16, 2.168404344971014291E-16 ) ) ;
#3025 = ITEM_DEFINED_TRANSFORMATION ( 'NONE', 'NONE', #2317,  #7933 ) ;
#3026 = CARTESIAN_POINT ( 'NONE',  ( -4.800155146973222209, 4.235050948740416210, -4.100000000000000533 ) ) ;
#3027 = DIRECTION ( 'NONE',  ( 0.7071067811865467956, 0.7071067811865483499, 0.000000000000000000 ) ) ;
#3028 = VERTEX_POINT ( 'NONE', #7756 ) ;
#3029 = EDGE_CURVE ( 'NONE', #91, #518, #5734, .T. ) ;
#3030 = CARTESIAN_POINT ( 'NONE',  ( 0.000000000000000000, 6.500000000000000888, 7.900000000000000355 ) ) ;
#3031 = LINE ( 'NONE', #497, #5389 ) ;
#3032 = ORIENTED_EDGE ( 'NONE', *, *, #937, .T. ) ;
#3033 = ORIENTED_EDGE ( 'NONE', *, *, #8053, .F. ) ;
#3034 = PLANE ( 'NONE',  #3478 ) ;
#3035 = VERTEX_POINT ( 'NONE', #5772 ) ;
#3036 = EDGE_CURVE ( 'NONE', #1515, #1802, #2478, .T. ) ;
#3037 = ORIENTED_EDGE ( 'NONE', *, *, #7530, .F. ) ;
#3038 = CARTESIAN_POINT ( 'NONE',  ( 7.500000000000000000, 1.136868377216160297E-10, 0.4000000000000010214 ) ) ;
#3039 = DIRECTION ( 'NONE',  ( 1.000000000000000000, 0.000000000000000000, 0.000000000000000000 ) ) ;
#3040 = EDGE_CURVE ( 'NONE', #1490, #7974, #4961, .T. ) ;
#3041 = VECTOR ( 'NONE', #7367, 1000.000000000000000 ) ;
#3042 = DIRECTION ( 'NONE',  ( -0.5947568674407586187, -0.8039056341586715559, 0.000000000000000000 ) ) ;
#3043 = ORIENTED_EDGE ( 'NONE', *, *, #4276, .T. ) ;
#3044 = ADVANCED_FACE ( 'NONE', ( #8266 ), #1207, .T. ) ;
#3045 = PLANE ( 'NONE',  #1693 ) ;
#3046 = ORIENTED_EDGE ( 'NONE', *, *, #5814, .F. ) ;
#3047 = FACE_OUTER_BOUND ( 'NONE', #6237, .T. ) ;
#3048 = DIRECTION ( 'NONE',  ( -0.000000000000000000, -0.000000000000000000, 1.000000000000000000 ) ) ;
#3049 = ORIENTED_EDGE ( 'NONE', *, *, #5992, .F. ) ;
#3050 = VECTOR ( 'NONE', #2750, 1000.000000000000000 ) ;
#3051 = CIRCLE ( 'NONE', #3470, 5.899999999999999467 ) ;
#3052 = CARTESIAN_POINT ( 'NONE',  ( -2.309690087959881843, 8.397416693226672280, 1.100000000000001199 ) ) ;
#3053 = AXIS2_PLACEMENT_3D ( 'NONE', #7226, #104, #142 ) ;
#3054 = DIRECTION ( 'NONE',  ( 1.000000000000000000, 0.000000000000000000, 0.000000000000000000 ) ) ;
#3055 = ADVANCED_FACE ( 'NONE', ( #3735 ), #1712, .F. ) ;
#3056 = ORIENTED_EDGE ( 'NONE', *, *, #5079, .F. ) ;
#3057 = ORIENTED_EDGE ( 'NONE', *, *, #4121, .T. ) ;
#3058 = VECTOR ( 'NONE', #1597, 1000.000000000000000 ) ;
#3059 = VECTOR ( 'NONE', #8144, 1000.000000000000000 ) ;
#3060 = AXIS2_PLACEMENT_3D ( 'NONE', #7436, #7550, #1046 ) ;
#3061 = ORIENTED_EDGE ( 'NONE', *, *, #4876, .F. ) ;
#3062 = LINE ( 'NONE', #6998, #7468 ) ;
#3063 = CARTESIAN_POINT ( 'NONE',  ( 2.500000000000000000, -3.499999999999997780, 5.500000000000000888 ) ) ;
#3064 = VERTEX_POINT ( 'NONE', #6249 ) ;
#3065 = PLANE ( 'NONE',  #6363 ) ;
#3066 = APPLICATION_PROTOCOL_DEFINITION ( 'draft international standard', 'automotive_design', 1998, #5086 ) ;
#3067 = LINE ( 'NONE', #1812, #4436 ) ;
#3068 = LINE ( 'NONE', #8291, #7703 ) ;
#3069 = CIRCLE ( 'NONE', #1566, 2.400000000000003908 ) ;
#3070 = VECTOR ( 'NONE', #3931, 1000.000000000000000 ) ;
#3071 = EDGE_LOOP ( 'NONE', ( #4952, #3883 ) ) ;
#3072 = AXIS2_PLACEMENT_3D ( 'NONE', #235, #8083, #1003 ) ;
#3073 = AXIS2_PLACEMENT_3D ( 'NONE', #5509, #8127, #6359 ) ;
#3074 = CARTESIAN_POINT ( 'NONE',  ( -4.154252339470971833, 6.552854441715587619, -3.654908379606660596 ) ) ;
#3075 = ADVANCED_FACE ( 'NONE', ( #3654 ), #382, .F. ) ;
#3076 = LINE ( 'NONE', #3554, #1432 ) ;
#3077 = APPLICATION_CONTEXT ( 'automotive_design' ) ;
#3078 = CARTESIAN_POINT ( 'NONE',  ( -1.969028027992764107, 8.721166065210621099, -4.100000000000000533 ) ) ;
#3079 = CIRCLE ( 'NONE', #614, 2.000000000000000000 ) ;
#3080 = EDGE_CURVE ( 'NONE', #69, #7866, #4338, .T. ) ;
#3081 = ORIENTED_EDGE ( 'NONE', *, *, #5832, .T. ) ;
#3082 = AXIS2_PLACEMENT_3D ( 'NONE', #3605, #4379, #6899 ) ;
#3083 = LINE ( 'NONE', #6200, #3059 ) ;
#3084 = ORIENTED_EDGE ( 'NONE', *, *, #4721, .F. ) ;
#3085 = ORIENTED_EDGE ( 'NONE', *, *, #3379, .F. ) ;
#3086 = VECTOR ( 'NONE', #5144, 1000.000000000000000 ) ;
#3087 = FACE_OUTER_BOUND ( 'NONE', #6818, .T. ) ;
#3088 = PLANE ( 'NONE',  #4455 ) ;
#3089 = EDGE_CURVE ( 'NONE', #4975, #2293, #2054, .T. ) ;
#3090 = FACE_OUTER_BOUND ( 'NONE', #8237, .T. ) ;
#3091 = ADVANCED_FACE ( 'NONE', ( #31 ), #3308, .F. ) ;
#3092 = EDGE_CURVE ( 'NONE', #5239, #615, #1920, .T. ) ;
#3093 = CIRCLE ( 'NONE', #4070, 0.8877928962701178150 ) ;
#3094 = FACE_OUTER_BOUND ( 'NONE', #6948, .T. ) ;
#3095 = VERTEX_POINT ( 'NONE', #598 ) ;
#3096 = DIRECTION ( 'NONE',  ( 1.675614206915940262E-15, -0.2588190451025216277, 0.9659258262890680902 ) ) ;
#3097 = CARTESIAN_POINT ( 'NONE',  ( -10.00000000000000355, 0.7999999999999978240, -6.250000000000000000 ) ) ;
#3098 = ORIENTED_EDGE ( 'NONE', *, *, #1482, .F. ) ;
#3099 = FACE_OUTER_BOUND ( 'NONE', #4867, .T. ) ;
#3100 = CARTESIAN_POINT ( 'NONE',  ( -3.499999999999998668, 9.999999999999998224, 7.900000000000000355 ) ) ;
#3101 = VERTEX_POINT ( 'NONE', #2659 ) ;
#3102 = CARTESIAN_POINT ( 'NONE',  ( -0.5000000000000004441, 5.766395047271569041, 1.100000000000001199 ) ) ;
#3103 = AXIS2_PLACEMENT_3D ( 'NONE', #7957, #847, #4823 ) ;
#3104 = LINE ( 'NONE', #5708, #4161 ) ;
#3105 = ADVANCED_FACE ( 'NONE', ( #83 ), #3996, .F. ) ;
#3106 = EDGE_CURVE ( 'NONE', #3832, #2634, #5271, .T. ) ;
#3107 = ORIENTED_EDGE ( 'NONE', *, *, #7832, .F. ) ;
#3108 = EDGE_LOOP ( 'NONE', ( #4071, #7074, #1132, #2200, #4481, #1154, #1741 ) ) ;
#3109 = CARTESIAN_POINT ( 'NONE',  ( -0.1749999999999999056, 10.34999999999999964, -7.037946471341893329 ) ) ;
#3110 = ORIENTED_EDGE ( 'NONE', *, *, #5751, .T. ) ;
#3111 = ORIENTED_EDGE ( 'NONE', *, *, #6598, .T. ) ;
#3112 =( LENGTH_UNIT ( ) NAMED_UNIT ( * ) SI_UNIT ( .MILLI., .METRE. ) );
#3113 = DIRECTION ( 'NONE',  ( 1.000000000000000000, 0.000000000000000000, 0.000000000000000000 ) ) ;
#3114 = ORIENTED_EDGE ( 'NONE', *, *, #8124, .T. ) ;
#3115 = DIRECTION ( 'NONE',  ( -1.000000000000000000, -2.466431482431479202E-16, 0.000000000000000000 ) ) ;
#3116 = SHAPE_DEFINITION_REPRESENTATION ( #7627, #545 ) ;
#3117 = CARTESIAN_POINT ( 'NONE',  ( -1.502601910021414300, 9.204504871165138269, 7.900000000000000355 ) ) ;
#3118 = LINE ( 'NONE', #2506, #7148 ) ;
#3119 = EDGE_CURVE ( 'NONE', #5938, #1531, #1966, .T. ) ;
#3120 = AXIS2_PLACEMENT_3D ( 'NONE', #1848, #44, #2670 ) ;
#3121 = ORIENTED_EDGE ( 'NONE', *, *, #3896, .F. ) ;
#3122 = LINE ( 'NONE', #2965, #776 ) ;
#3123 = LINE ( 'NONE', #5723, #5387 ) ;
#3124 = CARTESIAN_POINT ( 'NONE',  ( -6.575000000000000178, 6.499999999999998224, 0.4000000000000010214 ) ) ;
#3125 = CARTESIAN_POINT ( 'NONE',  ( 0.7954951288348678373, 8.497398089978590363, 1.100000000000001199 ) ) ;
#3126 = ORIENTED_EDGE ( 'NONE', *, *, #1205, .F. ) ;
#3127 = ADVANCED_FACE ( 'NONE', ( #777 ), #4636, .F. ) ;
#3128 = DIRECTION ( 'NONE',  ( 0.000000000000000000, 0.2588190451025217387, -0.9659258262890679791 ) ) ;
#3129 = EDGE_CURVE ( 'NONE', #3173, #3201, #1342, .T. ) ;
#3130 = ORIENTED_EDGE ( 'NONE', *, *, #8268, .T. ) ;
#3131 =( REPRESENTATION_RELATIONSHIP ('NONE','NONE', #4283, #6956 ) REPRESENTATION_RELATIONSHIP_WITH_TRANSFORMATION ( #7738 )SHAPE_REPRESENTATION_RELATIONSHIP( ) );
#3132 = ORIENTED_EDGE ( 'NONE', *, *, #6497, .T. ) ;
#3133 = DIRECTION ( 'NONE',  ( 1.000000000000000000, 0.000000000000000000, 0.000000000000000000 ) ) ;
#3134 = CARTESIAN_POINT ( 'NONE',  ( 0.000000000000000000, 0.000000000000000000, -4.599999999999999645 ) ) ;
#3135 = LINE ( 'NONE', #1788, #4572 ) ;
#3136 = SHAPE_REPRESENTATION ( 'SDS-50J_3', ( #7933 ), #3692 ) ;
#3137 = AXIS2_PLACEMENT_3D ( 'NONE', #3731, #5608, #3003 ) ;
#3138 = DIRECTION ( 'NONE',  ( -0.000000000000000000, -1.000000000000000000, 0.000000000000000000 ) ) ;
#3139 = EDGE_LOOP ( 'NONE', ( #5188, #1448, #1720, #594, #6350, #8203, #1763, #8248 ) ) ;
#3140 = CARTESIAN_POINT ( 'NONE',  ( -7.299999999999990052, -2.849283309291910701E-14, -5.099999999999996980 ) ) ;
#3141 = CARTESIAN_POINT ( 'NONE',  ( 5.179378605318053275, 9.027728175868498184, -3.654908379606648161 ) ) ;
#3142 = ORIENTED_EDGE ( 'NONE', *, *, #2740, .T. ) ;
#3143 = PLANE ( 'NONE',  #1228 ) ;
#3144 = CYLINDRICAL_SURFACE ( 'NONE', #4222, 8.000000000000000000 ) ;
#3145 = ORIENTED_EDGE ( 'NONE', *, *, #7789, .F. ) ;
#3146 = CARTESIAN_POINT ( 'NONE',  ( -4.800155146973219544, -3.499999999999989786, -7.599999999999998757 ) ) ;
#3147 = CARTESIAN_POINT ( 'NONE',  ( 0.9999999999999995559, 1.500000000000002220, 7.900012000000001144 ) ) ;
#3148 = ORIENTED_EDGE ( 'NONE', *, *, #3153, .F. ) ;
#3149 = EDGE_LOOP ( 'NONE', ( #3085, #6954, #5846, #5578, #683, #7535 ) ) ;
#3150 = CARTESIAN_POINT ( 'NONE',  ( 0.8877928962701179261, 6.500000000000000888, 1.100000000000001199 ) ) ;
#3151 = ORIENTED_EDGE ( 'NONE', *, *, #5230, .T. ) ;
#3152 = DIRECTION ( 'NONE',  ( -1.275531967630005245E-16, 1.000000000000000000, 0.000000000000000000 ) ) ;
#3153 = EDGE_CURVE ( 'NONE', #2878, #160, #6596, .T. ) ;
#3154 = LINE ( 'NONE', #1768, #2172 ) ;
#3155 = EDGE_LOOP ( 'NONE', ( #6632, #4268, #3638, #3597 ) ) ;
#3156 = DIRECTION ( 'NONE',  ( -5.236294396612311469E-17, -0.2588190451025224048, 0.9659258262890677571 ) ) ;
#3157 = DIRECTION ( 'NONE',  ( 0.000000000000000000, 0.000000000000000000, 1.000000000000000000 ) ) ;
#3158 = DIRECTION ( 'NONE',  ( 0.000000000000000000, 0.000000000000000000, -1.000000000000000000 ) ) ;
#3159 = VERTEX_POINT ( 'NONE', #1378 ) ;
#3160 = EDGE_CURVE ( 'NONE', #20, #1384, #7799, .T. ) ;
#3161 = FACE_OUTER_BOUND ( 'NONE', #3071, .T. ) ;
#3162 = ADVANCED_FACE ( 'NONE', ( #4543, #3353 ), #5222, .T. ) ;
#3163 = FACE_OUTER_BOUND ( 'NONE', #4939, .T. ) ;
#3164 = LINE ( 'NONE', #7830, #172 ) ;
#3165 = ORIENTED_EDGE ( 'NONE', *, *, #1933, .T. ) ;
#3166 = DIRECTION ( 'NONE',  ( 1.000000000000000000, 0.000000000000000000, 0.000000000000000000 ) ) ;
#3167 = ORIENTED_EDGE ( 'NONE', *, *, #5209, .F. ) ;
#3168 = CYLINDRICAL_SURFACE ( 'NONE', #1068, 0.8877928962701181481 ) ;
#3169 = DIRECTION ( 'NONE',  ( 0.000000000000000000, 0.000000000000000000, 1.000000000000000000 ) ) ;
#3170 = DIRECTION ( 'NONE',  ( 0.7071067811865466846, 0.7071067811865483499, 0.000000000000000000 ) ) ;
#3171 = DIRECTION ( 'NONE',  ( -0.5947568674407587297, -0.8039056341586714449, 0.000000000000000000 ) ) ;
#3172 = CARTESIAN_POINT ( 'NONE',  ( -4.800155146973222209, 0.000000000000000000, -4.599999999999999645 ) ) ;
#3173 = VERTEX_POINT ( 'NONE', #5313 ) ;
#3174 = LINE ( 'NONE', #5186, #6552 ) ;
#3175 = CARTESIAN_POINT ( 'NONE',  ( 2.280971972007237891, 8.971547725466914258, -4.100000000000000533 ) ) ;
#3176 = ORIENTED_EDGE ( 'NONE', *, *, #244, .T. ) ;
#3177 = CARTESIAN_POINT ( 'NONE',  ( -0.9999999999999997780, 7.543376173343215640, -6.250000000000000000 ) ) ;
#3178 = CARTESIAN_POINT ( 'NONE',  ( -2.474873734152920779, 7.525126265847087659, 1.100000000000001199 ) ) ;
#3179 = ORIENTED_EDGE ( 'NONE', *, *, #6629, .F. ) ;
#3180 = CARTESIAN_POINT ( 'NONE',  ( 7.229373521980809514, 4.227416481857816599, -4.100000000000000533 ) ) ;
#3181 =( BOUNDED_SURFACE ( )  B_SPLINE_SURFACE ( 3, 3, ( 
 ( #2647, #150, #6023, #3463 ),
 ( #5265, #7410, #7276, #3988 ),
 ( #6065, #2772, #5384, #7320 ),
 ( #7882, #1371, #2698, #721 ) ),
 .UNSPECIFIED., .F., .F., .F. ) 
 B_SPLINE_SURFACE_WITH_KNOTS ( ( 4, 4 ),
 ( 4, 4 ),
 ( 0.000000000000000000, 1.000000000000000000 ),
 ( 0.000000000000000000, 1.000000000000000000 ),
 .UNSPECIFIED. ) 
 GEOMETRIC_REPRESENTATION_ITEM ( )  RATIONAL_B_SPLINE_SURFACE ( (
 ( 1.000000000000000000, 0.3333333333333334259, 0.3333333333333334259, 1.000000000000000000),
 ( 0.8809052827711175704, 0.2936350942570392641, 0.2936350942570392641, 0.8809052827711175704),
 ( 0.8809052827711175704, 0.2936350942570392641, 0.2936350942570392641, 0.8809052827711175704),
 ( 1.000000000000000000, 0.3333333333333334259, 0.3333333333333334259, 1.000000000000000000) ) ) 
 REPRESENTATION_ITEM ( '' )  SURFACE ( )  );
#3182 = DIRECTION ( 'NONE',  ( 0.7071067811865464625, -0.7071067811865486830, 0.000000000000000000 ) ) ;
#3183 = PRESENTATION_LAYER_ASSIGNMENT (  '', '', ( #7292 ) ) ;
#3184 = ORIENTED_EDGE ( 'NONE', *, *, #4246, .T. ) ;
#3185 = ADVANCED_FACE ( 'NONE', ( #7966 ), #4506, .F. ) ;
#3186 = DIRECTION ( 'NONE',  ( -1.000000000000000000, 0.000000000000000000, 0.000000000000000000 ) ) ;
#3187 = PLANE ( 'NONE',  #7575 ) ;
#3188 = AXIS2_PLACEMENT_3D ( 'NONE', #2666, #3961, #5280 ) ;
#3189 = VERTEX_POINT ( 'NONE', #1249 ) ;
#3190 = VECTOR ( 'NONE', #1039, 1000.000000000000000 ) ;
#3191 = DIRECTION ( 'NONE',  ( -1.000000000000000000, 0.000000000000000000, 0.000000000000000000 ) ) ;
#3192 = CARTESIAN_POINT ( 'NONE',  ( 4.800155146973222209, 4.235050948740416210, -4.100000000000000533 ) ) ;
#3193 = ORIENTED_EDGE ( 'NONE', *, *, #4112, .T. ) ;
#3194 = VECTOR ( 'NONE', #2257, 1000.000000000000114 ) ;
#3195 = DIRECTION ( 'NONE',  ( 1.000000000000000000, 0.000000000000000000, -0.000000000000000000 ) ) ;
#3196 = LINE ( 'NONE', #2419, #7998 ) ;
#3197 = FACE_OUTER_BOUND ( 'NONE', #1973, .T. ) ;
#3198 = ADVANCED_FACE ( 'NONE', ( #5995 ), #7930, .F. ) ;
#3199 = AXIS2_PLACEMENT_3D ( 'NONE', #7386, #2191, #3489 ) ;
#3200 = EDGE_LOOP ( 'NONE', ( #5278, #2730, #6378, #3524 ) ) ;
#3201 = VERTEX_POINT ( 'NONE', #3268 ) ;
#3202 = ADVANCED_FACE ( 'NONE', ( #5867 ), #4672, .F. ) ;
#3203 = CIRCLE ( 'NONE', #316, 0.9250000000000013767 ) ;
#3204 = EDGE_CURVE ( 'NONE', #3832, #2518, #285, .T. ) ;
#3205 = DIRECTION ( 'NONE',  ( -0.000000000000000000, -0.000000000000000000, -1.000000000000000000 ) ) ;
#3206 = AXIS2_PLACEMENT_3D ( 'NONE', #1291, #6559, #646 ) ;
#3207 = LINE ( 'NONE', #7140, #1008 ) ;
#3208 = VECTOR ( 'NONE', #8228, 1000.000000000000000 ) ;
#3209 = CARTESIAN_POINT ( 'NONE',  ( -5.179378605318049722, 9.027728175868499960, 7.900000000000000355 ) ) ;
#3210 = AXIS2_PLACEMENT_3D ( 'NONE', #3292, #15, #2636 ) ;
#3211 = EDGE_CURVE ( 'NONE', #3343, #5239, #3764, .T. ) ;
#3212 = ORIENTED_EDGE ( 'NONE', *, *, #1934, .T. ) ;
#3213 = EDGE_CURVE ( 'NONE', #3650, #5468, #1501, .T. ) ;
#3214 = VECTOR ( 'NONE', #6055, 1000.000000000000000 ) ;
#3215 = VECTOR ( 'NONE', #2494, 1000.000000000000000 ) ;
#3216 = CLOSED_SHELL ( 'NONE', ( #536, #5034, #7356, #7271, #5434, #1565, #411, #4624, #4029, #904, #7791, #1484, #7976, #4257, #5747, #832, #6815, #760 ) ) ;
#3217 = CARTESIAN_POINT ( 'NONE',  ( -7.699999999999986855, -3.500000000000016431, -4.599999999999999645 ) ) ;
#3218 = EDGE_LOOP ( 'NONE', ( #6158, #7480, #2535, #8059 ) ) ;
#3219 = DIRECTION ( 'NONE',  ( -0.000000000000000000, -0.000000000000000000, 1.000000000000000000 ) ) ;
#3220 = CARTESIAN_POINT ( 'NONE',  ( 0.000000000000000000, 0.000000000000000000, 0.000000000000000000 ) ) ;
#3221 = DIRECTION ( 'NONE',  ( 0.000000000000000000, 0.000000000000000000, 1.000000000000000000 ) ) ;
#3222 = VECTOR ( 'NONE', #8285, 1000.000000000000000 ) ;
#3223 = CARTESIAN_POINT ( 'NONE',  ( -10.00000000000000355, -3.366025403784456582, -5.100000000000000533 ) ) ;
#3224 = VECTOR ( 'NONE', #1403, 1000.000000000000114 ) ;
#3225 = ADVANCED_FACE ( 'NONE', ( #1620 ), #1463, .F. ) ;
#3226 = DIRECTION ( 'NONE',  ( 0.000000000000000000, -0.000000000000000000, -1.000000000000000000 ) ) ;
#3227 = VECTOR ( 'NONE', #5833, 1000.000000000000000 ) ;
#3228 = ORIENTED_EDGE ( 'NONE', *, *, #2350, .F. ) ;
#3229 = CARTESIAN_POINT ( 'NONE',  ( -1.999999999999999112, 0.000000000000000000, 5.500000000000000888 ) ) ;
#3230 = CARTESIAN_POINT ( 'NONE',  ( -7.416198487095662983, 6.999999999999999112, -4.599999999999999645 ) ) ;
#3231 = AXIS2_PLACEMENT_3D ( 'NONE', #4291, #7665, #462 ) ;
#3232 = ORIENTED_EDGE ( 'NONE', *, *, #8435, .F. ) ;
#3233 = DIRECTION ( 'NONE',  ( 0.000000000000000000, 0.000000000000000000, 1.000000000000000000 ) ) ;
#3234 = CARTESIAN_POINT ( 'NONE',  ( -3.199999999999999734, 4.163793053723370228E-16, 7.900000000000000355 ) ) ;
#3235 = ORIENTED_EDGE ( 'NONE', *, *, #8420, .F. ) ;
#3236 = DIRECTION ( 'NONE',  ( -2.971233746154280690E-32, 1.204669080539449097E-16, -1.000000000000000000 ) ) ;
#3237 = CARTESIAN_POINT ( 'NONE',  ( -5.179378605318049722, 9.027728175868499960, -3.654908379606684576 ) ) ;
#3238 = VECTOR ( 'NONE', #8032, 1000.000000000000000 ) ;
#3239 = ORIENTED_EDGE ( 'NONE', *, *, #5735, .F. ) ;
#3240 = CARTESIAN_POINT ( 'NONE',  ( 5.299999999999999822, 2.799999999999997602, -4.100000000000000533 ) ) ;
#3241 = DIRECTION ( 'NONE',  ( -0.000000000000000000, -0.000000000000000000, 1.000000000000000000 ) ) ;
#3242 = ADVANCED_FACE ( 'NONE', ( #4125 ), #4882, .F. ) ;
#3243 = EDGE_LOOP ( 'NONE', ( #6453, #1368, #4024, #7197 ) ) ;
#3244 = EDGE_CURVE ( 'NONE', #5529, #7345, #334, .T. ) ;
#3245 = ORIENTED_EDGE ( 'NONE', *, *, #4137, .F. ) ;
#3246 = DIRECTION ( 'NONE',  ( 1.233747299724884832E-16, 1.000000000000000000, 0.000000000000000000 ) ) ;
#3247 = DIRECTION ( 'NONE',  ( 1.000000000000000000, -7.391208087080154620E-16, 0.000000000000000000 ) ) ;
#3248 = AXIS2_PLACEMENT_3D ( 'NONE', #6673, #971, #4750 ) ;
#3249 = ORIENTED_EDGE ( 'NONE', *, *, #273, .T. ) ;
#3250 = DIRECTION ( 'NONE',  ( -0.7071067811865463515, 0.7071067811865487940, 0.000000000000000000 ) ) ;
#3251 = CARTESIAN_POINT ( 'NONE',  ( 1.749999999999999778, 8.545363321340250451, -4.599999999999999645 ) ) ;
#3252 = EDGE_CURVE ( 'NONE', #3759, #5082, #324, .T. ) ;
#3253 = DIRECTION ( 'NONE',  ( -0.7798598600361774658, -0.6259541506407266809, 0.000000000000000000 ) ) ;
#3254 = ORIENTED_EDGE ( 'NONE', *, *, #7554, .T. ) ;
#3255 = ORIENTED_EDGE ( 'NONE', *, *, #318, .F. ) ;
#3256 = CARTESIAN_POINT ( 'NONE',  ( -10.00000000000000178, 0.000000000000000000, 7.900000000000000355 ) ) ;
#3257 = CARTESIAN_POINT ( 'NONE',  ( 0.000000000000000000, 6.500000000000000888, 7.900000000000000355 ) ) ;
#3258 = DIRECTION ( 'NONE',  ( -0.000000000000000000, -0.000000000000000000, 1.000000000000000000 ) ) ;
#3259 = VECTOR ( 'NONE', #1808, 1000.000000000000114 ) ;
#3260 = ORIENTED_EDGE ( 'NONE', *, *, #1216, .F. ) ;
#3261 = CARTESIAN_POINT ( 'NONE',  ( -10.00000000000000355, 0.7999999999999976019, -4.599999999999999645 ) ) ;
#3262 = EDGE_CURVE ( 'NONE', #2320, #5721, #4714, .T. ) ;
#3263 = PLANE ( 'NONE',  #3000 ) ;
#3264 = ADVANCED_FACE ( 'NONE', ( #7374 ), #7331, .T. ) ;
#3265 = DIRECTION ( 'NONE',  ( 0.000000000000000000, 0.000000000000000000, 1.000000000000000000 ) ) ;
#3266 = DIRECTION ( 'NONE',  ( -0.000000000000000000, 1.000000000000000000, -0.000000000000000000 ) ) ;
#3267 = VECTOR ( 'NONE', #6430, 1000.000000000000000 ) ;
#3268 = CARTESIAN_POINT ( 'NONE',  ( 1.749999999999999778, 8.145363321340250096, -6.250000000000000000 ) ) ;
#3269 = ORIENTED_EDGE ( 'NONE', *, *, #7188, .T. ) ;
#3270 = FACE_OUTER_BOUND ( 'NONE', #7613, .T. ) ;
#3271 = ORIENTED_EDGE ( 'NONE', *, *, #5235, .F. ) ;
#3272 = DIRECTION ( 'NONE',  ( 0.000000000000000000, 0.000000000000000000, 1.000000000000000000 ) ) ;
#3273 = CYLINDRICAL_SURFACE ( 'NONE', #1957, 2.000000000000011102 ) ;
#3274 = ORIENTED_EDGE ( 'NONE', *, *, #2803, .T. ) ;
#3275 = LINE ( 'NONE', #3922, #6142 ) ;
#3276 = VECTOR ( 'NONE', #1394, 1000.000000000000114 ) ;
#3277 = EDGE_CURVE ( 'NONE', #8043, #1805, #2832, .T. ) ;
#3278 = CARTESIAN_POINT ( 'NONE',  ( -7.699999999999988631, -3.339342691255364306E-15, -5.099999999999996980 ) ) ;
#3279 = ORIENTED_EDGE ( 'NONE', *, *, #6382, .F. ) ;
#3280 = CARTESIAN_POINT ( 'NONE',  ( 1.602583306773335936, 7.690309912040123486, 1.100000000000001199 ) ) ;
#3281 = DIRECTION ( 'NONE',  ( -1.000000000000000000, 0.000000000000000000, 0.000000000000000000 ) ) ;
#3282 = ORIENTED_EDGE ( 'NONE', *, *, #7528, .T. ) ;
#3283 = DIRECTION ( 'NONE',  ( -0.000000000000000000, -0.000000000000000000, 1.000000000000000000 ) ) ;
#3284 = DIRECTION ( 'NONE',  ( -1.000000000000000000, 0.000000000000000000, -0.000000000000000000 ) ) ;
#3285 = ORIENTED_EDGE ( 'NONE', *, *, #2626, .F. ) ;
#3286 = CIRCLE ( 'NONE', #125, 8.000000000000000000 ) ;
#3287 = CARTESIAN_POINT ( 'NONE',  ( -10.00000000000000178, -3.366025403784456138, -7.599999999999999645 ) ) ;
#3288 = DIRECTION ( 'NONE',  ( 0.000000000000000000, 0.000000000000000000, 1.000000000000000000 ) ) ;
#3289 = PLANE ( 'NONE',  #6245 ) ;
#3290 = ORIENTED_EDGE ( 'NONE', *, *, #850, .T. ) ;
#3291 = CARTESIAN_POINT ( 'NONE',  ( 0.5000000000000000000, 4.625000000000001776, 7.900000000000000355 ) ) ;
#3292 = CARTESIAN_POINT ( 'NONE',  ( -10.00000000000000178, -3.500000000000018652, -4.599999999999999645 ) ) ;
#3293 = LINE ( 'NONE', #8039, #4032 ) ;
#3294 = DIRECTION ( 'NONE',  ( 1.000000000000000000, 0.000000000000000000, 0.000000000000000000 ) ) ;
#3295 = EDGE_CURVE ( 'NONE', #3035, #6909, #6070, .T. ) ;
#3296 = PRODUCT_DEFINITION_FORMATION_WITH_SPECIFIED_SOURCE ( 'ANY', '', #6649, .NOT_KNOWN. ) ;
#3297 = ORIENTED_EDGE ( 'NONE', *, *, #3527, .F. ) ;
#3298 = EDGE_LOOP ( 'NONE', ( #2601, #640, #7444, #3701 ) ) ;
#3299 = ORIENTED_EDGE ( 'NONE', *, *, #1533, .F. ) ;
#3300 = DIRECTION ( 'NONE',  ( 1.000000000000000000, 0.000000000000000000, -0.000000000000000000 ) ) ;
#3301 = CARTESIAN_POINT ( 'NONE',  ( 4.407966415290564655, 5.424564683621931671, -4.100000000000000533 ) ) ;
#3302 = LINE ( 'NONE', #496, #5378 ) ;
#3303 = APPLICATION_CONTEXT ( 'automotive_design' ) ;
#3304 = ORIENTED_EDGE ( 'NONE', *, *, #8054, .T. ) ;
#3305 = LINE ( 'NONE', #3261, #2654 ) ;
#3306 = DIRECTION ( 'NONE',  ( -8.378071034579724975E-16, 0.9659258262890680902, 0.2588190451025216832 ) ) ;
#3307 = CARTESIAN_POINT ( 'NONE',  ( 1.602583306773337046, 7.690309912040123486, -3.654908379606660596 ) ) ;
#3308 = PLANE ( 'NONE',  #6625 ) ;
#3309 = VERTEX_POINT ( 'NONE', #818 ) ;
#3310 = ADVANCED_FACE ( 'NONE', ( #3591 ), #2911, .F. ) ;
#3311 = LINE ( 'NONE', #37, #1142 ) ;
#3312 = EDGE_CURVE ( 'NONE', #3377, #6943, #6195, .T. ) ;
#3313 = VERTEX_POINT ( 'NONE', #4761 ) ;
#3314 = CARTESIAN_POINT ( 'NONE',  ( 7.500000000000000000, 0.1750000000279726131, 0.4000000000000010214 ) ) ;
#3315 = DIRECTION ( 'NONE',  ( -0.7071067811865463515, -0.7071067811865487940, 0.000000000000000000 ) ) ;
#3316 = EDGE_LOOP ( 'NONE', ( #4116, #7435, #6851, #4331, #2821, #6977 ) ) ;
#3317 = CARTESIAN_POINT ( 'NONE',  ( 3.347164161532505844, 7.359942619654052720, -3.654908379606660596 ) ) ;
#3318 = DIRECTION ( 'NONE',  ( 0.7071067811865490160, 0.7071067811865460184, 0.000000000000000000 ) ) ;
#3319 = ORIENTED_EDGE ( 'NONE', *, *, #1159, .T. ) ;
#3320 = CARTESIAN_POINT ( 'NONE',  ( 10.00000000000000355, 0.000000000000000000, 7.900000000000000355 ) ) ;
#3321 = EDGE_CURVE ( 'NONE', #3440, #5051, #7496, .T. ) ;
#3322 = ORIENTED_EDGE ( 'NONE', *, *, #6123, .T. ) ;
#3323 = ADVANCED_FACE ( 'NONE', ( #7459 ), #5441, .F. ) ;
#3324 = DIRECTION ( 'NONE',  ( -0.000000000000000000, -0.000000000000000000, 1.000000000000000000 ) ) ;
#3325 = EDGE_LOOP ( 'NONE', ( #4376, #6470, #2555, #1045 ) ) ;
#3326 = LINE ( 'NONE', #2548, #2561 ) ;
#3327 = ORIENTED_EDGE ( 'NONE', *, *, #8080, .T. ) ;
#3328 =( NAMED_UNIT ( * ) PLANE_ANGLE_UNIT ( ) SI_UNIT ( $, .RADIAN. ) );
#3329 = DIRECTION ( 'NONE',  ( -1.000000000000000000, -1.232115609489269207E-16, 0.000000000000000000 ) ) ;
#3330 = DIRECTION ( 'NONE',  ( -0.000000000000000000, -0.000000000000000000, 1.000000000000000000 ) ) ;
#3331 = FACE_OUTER_BOUND ( 'NONE', #825, .T. ) ;
#3332 = ORIENTED_EDGE ( 'NONE', *, *, #4356, .F. ) ;
#3333 = ORIENTED_EDGE ( 'NONE', *, *, #4249, .F. ) ;
#3334 = EDGE_CURVE ( 'NONE', #4230, #5063, #4165, .T. ) ;
#3335 = VECTOR ( 'NONE', #7690, 1000.000000000000000 ) ;
#3336 = VERTEX_POINT ( 'NONE', #2877 ) ;
#3337 = DIRECTION ( 'NONE',  ( 0.000000000000000000, 0.000000000000000000, 1.000000000000000000 ) ) ;
#3338 = CARTESIAN_POINT ( 'NONE',  ( -6.907811268317345821, 3.989513734881517060, -6.250000000000000000 ) ) ;
#3339 = FACE_BOUND ( 'NONE', #2415, .T. ) ;
#3340 = AXIS2_PLACEMENT_3D ( 'NONE', #3606, #5535, #4256 ) ;
#3341 = CIRCLE ( 'NONE', #8121, 0.8877928962701172599 ) ;
#3342 = AXIS2_PLACEMENT_3D ( 'NONE', #6184, #7561, #4944 ) ;
#3343 = VERTEX_POINT ( 'NONE', #8097 ) ;
#3344 = AXIS2_PLACEMENT_3D ( 'NONE', #3781, #7666, #3039 ) ;
#3345 = CARTESIAN_POINT ( 'NONE',  ( 7.299999999999999822, 2.799999999999997602, -4.100000000000000533 ) ) ;
#3346 = AXIS2_PLACEMENT_3D ( 'NONE', #4034, #3991, #78 ) ;
#3347 = VECTOR ( 'NONE', #3807, 1000.000000000000000 ) ;
#3348 = EDGE_CURVE ( 'NONE', #1384, #2616, #2512, .T. ) ;
#3349 = VECTOR ( 'NONE', #4504, 1000.000000000000114 ) ;
#3350 = DIRECTION ( 'NONE',  ( 0.000000000000000000, 0.000000000000000000, 1.000000000000000000 ) ) ;
#3351 =( NAMED_UNIT ( * ) SI_UNIT ( $, .STERADIAN. ) SOLID_ANGLE_UNIT ( ) );
#3352 = CARTESIAN_POINT ( 'NONE',  ( 10.00000000000000355, 0.8000000000000024869, -4.599999999999999645 ) ) ;
#3353 = FACE_OUTER_BOUND ( 'NONE', #3894, .T. ) ;
#3354 = ADVANCED_FACE ( 'NONE', ( #7617 ), #1700, .F. ) ;
#3355 = MECHANICAL_DESIGN_GEOMETRIC_PRESENTATION_REPRESENTATION (  '', ( #6772 ), #1828 ) ;
#3356 = VECTOR ( 'NONE', #5061, 1000.000000000000114 ) ;
#3357 = VERTEX_POINT ( 'NONE', #3125 ) ;
#3358 = CARTESIAN_POINT ( 'NONE',  ( 0.000000000000000000, 0.000000000000000000, 5.300000000000000711 ) ) ;
#3359 = ORIENTED_EDGE ( 'NONE', *, *, #481, .F. ) ;
#3360 = LINE ( 'NONE', #3402, #913 ) ;
#3361 = LINE ( 'NONE', #3175, #1550 ) ;
#3362 = VERTEX_POINT ( 'NONE', #7012 ) ;
#3363 = EDGE_CURVE ( 'NONE', #6292, #7020, #6371, .T. ) ;
#3364 = FACE_OUTER_BOUND ( 'NONE', #1447, .T. ) ;
#3365 = LINE ( 'NONE', #7118, #4083 ) ;
#3366 = LINE ( 'NONE', #4646, #7302 ) ;
#3367 = ADVANCED_FACE ( 'NONE', ( #4329 ), #1067, .F. ) ;
#3368 = STYLED_ITEM ( 'NONE', ( #6790 ), #6503 ) ;
#3369 = ORIENTED_EDGE ( 'NONE', *, *, #7754, .F. ) ;
#3370 = AXIS2_PLACEMENT_3D ( 'NONE', #4925, #6166, #8307 ) ;
#3371 = CARTESIAN_POINT ( 'NONE',  ( 5.199844853026781344, 0.8000000000000012657, -4.100000000000000533 ) ) ;
#3372 = DIRECTION ( 'NONE',  ( -0.000000000000000000, -0.000000000000000000, -1.000000000000000000 ) ) ;
#3373 = EDGE_CURVE ( 'NONE', #5239, #4226, #3031, .T. ) ;
#3374 = VERTEX_POINT ( 'NONE', #6242 ) ;
#3375 = LINE ( 'NONE', #836, #478 ) ;
#3376 = LINE ( 'NONE', #5799, #8302 ) ;
#3377 = VERTEX_POINT ( 'NONE', #8180 ) ;
#3378 = CARTESIAN_POINT ( 'NONE',  ( 3.500000000000000000, 12.75000000000000178, -6.250000000000000000 ) ) ;
#3379 = EDGE_CURVE ( 'NONE', #8043, #1553, #1740, .T. ) ;
#3380 = CARTESIAN_POINT ( 'NONE',  ( -4.407966415290564655, 5.424564683621931671, -4.100000000000000533 ) ) ;
#3381 = CARTESIAN_POINT ( 'NONE',  ( -7.699999999999989519, 2.799999999999990941, -4.100000000000000533 ) ) ;
#3382 = ORIENTED_EDGE ( 'NONE', *, *, #6764, .T. ) ;
#3383 = VERTEX_POINT ( 'NONE', #1949 ) ;
#3384 = AXIS2_PLACEMENT_3D ( 'NONE', #174, #4139, #5492 ) ;
#3385 = EDGE_LOOP ( 'NONE', ( #3936, #4241, #2432, #7753 ) ) ;
#3386 = FACE_OUTER_BOUND ( 'NONE', #8086, .T. ) ;
#3387 = LINE ( 'NONE', #7920, #464 ) ;
#3388 = EDGE_CURVE ( 'NONE', #6043, #2550, #5635, .T. ) ;
#3389 = DIRECTION ( 'NONE',  ( 0.000000000000000000, -0.000000000000000000, -1.000000000000000000 ) ) ;
#3390 = VERTEX_POINT ( 'NONE', #3078 ) ;
#3391 = DIRECTION ( 'NONE',  ( -1.000000000000000000, 7.228949107881399868E-16, 0.000000000000000000 ) ) ;
#3392 = PLANE ( 'NONE',  #2295 ) ;
#3393 = APPLICATION_PROTOCOL_DEFINITION ( 'draft international standard', 'automotive_design', 1998, #3077 ) ;
#3394 = CARTESIAN_POINT ( 'NONE',  ( -7.299999999999991829, 0.7999999999999989342, -6.250000000000000888 ) ) ;
#3395 = DIRECTION ( 'NONE',  ( 0.000000000000000000, -0.2588190451025209060, -0.9659258262890683122 ) ) ;
#3396 = VERTEX_POINT ( 'NONE', #6972 ) ;
#3397 = ADVANCED_FACE ( 'NONE', ( #7824 ), #3726, .F. ) ;
#3398 = EDGE_CURVE ( 'NONE', #1868, #3095, #1325, .T. ) ;
#3399 = VECTOR ( 'NONE', #4424, 1000.000000000000000 ) ;
#3400 = LINE ( 'NONE', #5567, #6332 ) ;
#3401 = ORIENTED_EDGE ( 'NONE', *, *, #1776, .F. ) ;
#3402 = CARTESIAN_POINT ( 'NONE',  ( -0.4999999999999996669, 7.233604952728431847, 7.900000000000000355 ) ) ;
#3403 = LINE ( 'NONE', #130, #3050 ) ;
#3404 = VERTEX_POINT ( 'NONE', #1655 ) ;
#3405 = LINE ( 'NONE', #1510, #5307 ) ;
#3406 = DIRECTION ( 'NONE',  ( 1.000000000000000000, 0.000000000000000000, 0.000000000000000000 ) ) ;
#3407 = DIRECTION ( 'NONE',  ( -0.000000000000000000, -0.000000000000000000, -1.000000000000000000 ) ) ;
#3408 = ORIENTED_EDGE ( 'NONE', *, *, #7629, .T. ) ;
#3409 = CARTESIAN_POINT ( 'NONE',  ( -7.500000000000000000, 0.1750000000516591103, 0.4000000000000010214 ) ) ;
#3410 = VECTOR ( 'NONE', #4987, 1000.000000000000000 ) ;
#3411 = DIRECTION ( 'NONE',  ( -1.000000000000000000, -8.092595186784930598E-16, 2.168404344971014291E-16 ) ) ;
#3412 = VERTEX_POINT ( 'NONE', #2599 ) ;
#3413 = FACE_OUTER_BOUND ( 'NONE', #6302, .T. ) ;
#3414 = ORIENTED_EDGE ( 'NONE', *, *, #1892, .T. ) ;
#3415 =( REPRESENTATION_RELATIONSHIP ('NONE','NONE', #4283, #545 ) REPRESENTATION_RELATIONSHIP_WITH_TRANSFORMATION ( #1771 )SHAPE_REPRESENTATION_RELATIONSHIP( ) );
#3416 = LINE ( 'NONE', #1946, #2799 ) ;
#3417 = CARTESIAN_POINT ( 'NONE',  ( -5.199844853026778679, -3.500000000000010214, -7.099999999999998757 ) ) ;
#3418 = CARTESIAN_POINT ( 'NONE',  ( 9.200000000000001066, 2.799999999999998046, -4.599999999999999645 ) ) ;
#3419 = VERTEX_POINT ( 'NONE', #8297 ) ;
#3420 = ORIENTED_EDGE ( 'NONE', *, *, #6557, .T. ) ;
#3421 = VECTOR ( 'NONE', #8150, 1000.000000000000114 ) ;
#3422 = ADVANCED_FACE ( 'NONE', ( #1107 ), #5602, .T. ) ;
#3423 = ORIENTED_EDGE ( 'NONE', *, *, #5694, .T. ) ;
#3424 = DIRECTION ( 'NONE',  ( -0.000000000000000000, -0.000000000000000000, 1.000000000000000000 ) ) ;
#3425 = DIRECTION ( 'NONE',  ( 1.000000000000000000, 0.000000000000000000, 0.000000000000000000 ) ) ;
#3426 = CARTESIAN_POINT ( 'NONE',  ( 1.000000000000000000, 7.249999999999999112, -4.599999999999999645 ) ) ;
#3427 = ORIENTED_EDGE ( 'NONE', *, *, #4228, .T. ) ;
#3428 = EDGE_CURVE ( 'NONE', #335, #5331, #3069, .T. ) ;
#3429 = EDGE_CURVE ( 'NONE', #1993, #3374, #4917, .T. ) ;
#3430 = CARTESIAN_POINT ( 'NONE',  ( -2.527728175868492411, 11.67937860531804972, 7.900000000000000355 ) ) ;
#3431 = DIRECTION ( 'NONE',  ( -0.7798598600361770217, 0.6259541506407274580, 0.000000000000000000 ) ) ;
#3432 = FACE_OUTER_BOUND ( 'NONE', #984, .T. ) ;
#3433 = DIRECTION ( 'NONE',  ( 0.000000000000000000, 1.000000000000000000, -0.000000000000000000 ) ) ;
#3434 = ORIENTED_EDGE ( 'NONE', *, *, #4351, .T. ) ;
#3435 = PRODUCT ( 'SDS-50J', 'SDS-50J', '', ( #440 ) ) ;
#3436 = CARTESIAN_POINT ( 'NONE',  ( 1.749999999999999778, 8.545363321340250451, -6.250000000000000000 ) ) ;
#3437 = EDGE_LOOP ( 'NONE', ( #3107, #8322, #8134, #2210 ) ) ;
#3438 = LINE ( 'NONE', #129, #5424 ) ;
#3439 = DIRECTION ( 'NONE',  ( 0.7071067811865463515, -0.7071067811865487940, 0.000000000000000000 ) ) ;
#3440 = VERTEX_POINT ( 'NONE', #4279 ) ;
#3441 = DIRECTION ( 'NONE',  ( -0.000000000000000000, 1.000000000000000000, 0.000000000000000000 ) ) ;
#3442 = DIRECTION ( 'NONE',  ( 0.000000000000000000, -1.000000000000000000, 0.000000000000000000 ) ) ;
#3443 = CARTESIAN_POINT ( 'NONE',  ( -4.800155146973217768, 4.235050948740416210, -7.900000000000000355 ) ) ;
#3444 = ORIENTED_EDGE ( 'NONE', *, *, #8471, .T. ) ;
#3445 = DIRECTION ( 'NONE',  ( 1.000000000000000000, 0.000000000000000000, 0.000000000000000000 ) ) ;
#3446 = LINE ( 'NONE', #2890, #750 ) ;
#3447 = ORIENTED_EDGE ( 'NONE', *, *, #6277, .F. ) ;
#3448 = PRODUCT_RELATED_PRODUCT_CATEGORY ( 'part', '', ( #5889 ) ) ;
#3449 = CARTESIAN_POINT ( 'NONE',  ( 2.999999999999999556, -2.999999999999997335, 5.300000000000000711 ) ) ;
#3450 = DIRECTION ( 'NONE',  ( 0.8039056341586715559, 0.5947568674407586187, -0.000000000000000000 ) ) ;
#3451 = VERTEX_POINT ( 'NONE', #6887 ) ;
#3452 = DIRECTION ( 'NONE',  ( 0.5947568674407586187, 0.8039056341586715559, 0.000000000000000000 ) ) ;
#3453 = LINE ( 'NONE', #4783, #1959 ) ;
#3454 = UNCERTAINTY_MEASURE_WITH_UNIT (LENGTH_MEASURE( 1.000000000000000082E-05 ), #5394, 'distance_accuracy_value', 'NONE');
#3455 = CARTESIAN_POINT ( 'NONE',  ( 4.800155146973212439, -3.366025403784444148, -6.599999999999997868 ) ) ;
#3456 = EDGE_CURVE ( 'NONE', #4563, #8303, #6930, .T. ) ;
#3457 = ORIENTED_EDGE ( 'NONE', *, *, #6975, .F. ) ;
#3458 = ORIENTED_EDGE ( 'NONE', *, *, #7629, .F. ) ;
#3459 = VERTEX_POINT ( 'NONE', #4949 ) ;
#3460 = SURFACE_SIDE_STYLE ('',( #195 ) ) ;
#3461 = PLANE ( 'NONE',  #6774 ) ;
#3462 = EDGE_CURVE ( 'NONE', #2712, #4648, #7584, .T. ) ;
#3463 = CARTESIAN_POINT ( 'NONE',  ( 1.000000000000000000, 10.00000000000000000, -6.250000000000000000 ) ) ;
#3464 = ADVANCED_FACE ( 'NONE', ( #3684 ), #6278, .F. ) ;
#3465 = EDGE_CURVE ( 'NONE', #4739, #4253, #7953, .T. ) ;
#3466 = ORIENTED_EDGE ( 'NONE', *, *, #2606, .F. ) ;
#3467 = VECTOR ( 'NONE', #3852, 1000.000000000000000 ) ;
#3468 = CARTESIAN_POINT ( 'NONE',  ( -3.199999999999999734, 1.249139735130300957E-15, 5.300000000000001599 ) ) ;
#3469 = AXIS2_PLACEMENT_3D ( 'NONE', #4009, #4521, #1224 ) ;
#3470 = AXIS2_PLACEMENT_3D ( 'NONE', #5089, #3226, #3784 ) ;
#3471 = CARTESIAN_POINT ( 'NONE',  ( 3.500000000000000000, 12.75000000000000178, -6.250000000000000000 ) ) ;
#3472 = CARTESIAN_POINT ( 'NONE',  ( 1.999999999999999556, 1.788933584601082316E-15, 5.500000000000000888 ) ) ;
#3473 = ADVANCED_FACE ( 'NONE', ( #143 ), #1398, .F. ) ;
#3474 = CARTESIAN_POINT ( 'NONE',  ( 3.500000000000000000, 12.75000000000000178, -4.599999999999999645 ) ) ;
#3475 = EDGE_CURVE ( 'NONE', #4536, #7124, #2940, .T. ) ;
#3476 = ORIENTED_EDGE ( 'NONE', *, *, #3586, .F. ) ;
#3477 = VECTOR ( 'NONE', #4854, 1000.000000000000000 ) ;
#3478 = AXIS2_PLACEMENT_3D ( 'NONE', #3728, #6244, #6319 ) ;
#3479 = VECTOR ( 'NONE', #6141, 1000.000000000000114 ) ;
#3480 = CARTESIAN_POINT ( 'NONE',  ( -3.876317454842983068, 4.829402256851124342, -4.100000000000000533 ) ) ;
#3481 = EDGE_LOOP ( 'NONE', ( #2915, #2986, #7348, #1090, #1392, #7467, #7743, #2562 ) ) ;
#3482 = CARTESIAN_POINT ( 'NONE',  ( -7.699999999999991296, -3.366025403784455250, -5.099999999999997868 ) ) ;
#3483 = CARTESIAN_POINT ( 'NONE',  ( 5.299999999999999822, 2.799999999999997602, -4.100000000000000533 ) ) ;
#3484 = VERTEX_POINT ( 'NONE', #7993 ) ;
#3485 = PLANE ( 'NONE',  #7239 ) ;
#3486 = LINE ( 'NONE', #6131, #3640 ) ;
#3487 = AXIS2_PLACEMENT_3D ( 'NONE', #123, #3913, #8336 ) ;
#3488 = VECTOR ( 'NONE', #7172, 1000.000000000000000 ) ;
#3489 = DIRECTION ( 'NONE',  ( -1.000000000000000000, 0.000000000000000000, 0.000000000000000000 ) ) ;
#3490 = EDGE_CURVE ( 'NONE', #4477, #6034, #5296, .T. ) ;
#3491 = VECTOR ( 'NONE', #6793, 1000.000000000000000 ) ;
#3492 = ORIENTED_EDGE ( 'NONE', *, *, #6557, .F. ) ;
#3493 = VECTOR ( 'NONE', #886, 1000.000000000000000 ) ;
#3494 = CARTESIAN_POINT ( 'NONE',  ( 2.812186117670662622, 10.19792651016505580, -4.599999999999999645 ) ) ;
#3495 = CIRCLE ( 'NONE', #2648, 0.8877928962701181481 ) ;
#3496 = LINE ( 'NONE', #2114, #2519 ) ;
#3497 = ORIENTED_EDGE ( 'NONE', *, *, #6658, .T. ) ;
#3498 = LINE ( 'NONE', #6012, #1708 ) ;
#3499 = LINE ( 'NONE', #6705, #6118 ) ;
#3500 = ORIENTED_EDGE ( 'NONE', *, *, #979, .T. ) ;
#3501 = DIRECTION ( 'NONE',  ( 0.7071067811865463515, -0.7071067811865487940, 0.000000000000000000 ) ) ;
#3502 = DIRECTION ( 'NONE',  ( 0.000000000000000000, 0.000000000000000000, 1.000000000000000000 ) ) ;
#3503 = PRODUCT_DEFINITION_CONTEXT ( 'detailed design', #5033, 'design' ) ;
#3504 = FACE_OUTER_BOUND ( 'NONE', #1861, .T. ) ;
#3505 = AXIS2_PLACEMENT_3D ( 'NONE', #5754, #1519, #7947 ) ;
#3506 = VECTOR ( 'NONE', #5627, 1000.000000000000000 ) ;
#3507 = ORIENTED_EDGE ( 'NONE', *, *, #2701, .T. ) ;
#3508 = ORIENTED_EDGE ( 'NONE', *, *, #3119, .F. ) ;
#3509 = EDGE_CURVE ( 'NONE', #1553, #1872, #6747, .T. ) ;
#3510 = ADVANCED_FACE ( 'NONE', ( #2639 ), #5934, .F. ) ;
#3511 = VECTOR ( 'NONE', #2853, 1000.000000000000000 ) ;
#3512 = ORIENTED_EDGE ( 'NONE', *, *, #8267, .T. ) ;
#3513 =( NAMED_UNIT ( * ) PLANE_ANGLE_UNIT ( ) SI_UNIT ( $, .RADIAN. ) );
#3514 = DIRECTION ( 'NONE',  ( -1.000000000000000000, 9.769865715669139742E-16, 0.000000000000000000 ) ) ;
#3515 = PLANE ( 'NONE',  #1151 ) ;
#3516 = CARTESIAN_POINT ( 'NONE',  ( -2.207115467697227995, 8.399354170840362954, -7.900000000000000355 ) ) ;
#3517 = ORIENTED_EDGE ( 'NONE', *, *, #5651, .T. ) ;
#3518 = AXIS2_PLACEMENT_3D ( 'NONE', #1554, #4182, #1476 ) ;
#3519 = CARTESIAN_POINT ( 'NONE',  ( 0.1998448530267833978, 0.8000000000000040412, -5.100000000000000533 ) ) ;
#3520 = DIRECTION ( 'NONE',  ( 1.000000000000000000, -0.000000000000000000, 0.000000000000000000 ) ) ;
#3521 = DIRECTION ( 'NONE',  ( -1.000000000000000000, 0.000000000000000000, 0.000000000000000000 ) ) ;
#3522 = CIRCLE ( 'NONE', #6927, 0.9250000000000012657 ) ;
#3523 = DIRECTION ( 'NONE',  ( 0.7071067811865490160, 0.000000000000000000, 0.7071067811865460184 ) ) ;
#3524 = ORIENTED_EDGE ( 'NONE', *, *, #6, .F. ) ;
#3525 = DIRECTION ( 'NONE',  ( -0.000000000000000000, -0.000000000000000000, -1.000000000000000000 ) ) ;
#3526 = ORIENTED_EDGE ( 'NONE', *, *, #8281, .F. ) ;
#3527 = EDGE_CURVE ( 'NONE', #5406, #6894, #4660, .T. ) ;
#3528 = LINE ( 'NONE', #7693, #2397 ) ;
#3529 = LINE ( 'NONE', #6653, #199 ) ;
#3530 = ORIENTED_EDGE ( 'NONE', *, *, #6181, .F. ) ;
#3531 = CARTESIAN_POINT ( 'NONE',  ( 7.299999999999999822, 2.799999999999998046, -6.250000000000000888 ) ) ;
#3532 = DIRECTION ( 'NONE',  ( 1.000000000000000000, 0.000000000000000000, 0.000000000000000000 ) ) ;
#3533 = LINE ( 'NONE', #2190, #6223 ) ;
#3534 = LINE ( 'NONE', #2151, #1141 ) ;
#3535 = AXIS2_PLACEMENT_3D ( 'NONE', #7646, #1056, #5588 ) ;
#3536 = DIRECTION ( 'NONE',  ( 1.000000000000000000, 0.000000000000000000, 0.000000000000000000 ) ) ;
#3537 = ADVANCED_FACE ( 'NONE', ( #5426 ), #1487, .F. ) ;
#3538 = DIRECTION ( 'NONE',  ( 1.000000000000000000, 0.000000000000000000, 0.000000000000000000 ) ) ;
#3539 = ORIENTED_EDGE ( 'NONE', *, *, #4637, .F. ) ;
#3540 = CARTESIAN_POINT ( 'NONE',  ( -2.800155146973221765, 4.235050948740416210, -4.100000000000000533 ) ) ;
#3541 = CARTESIAN_POINT ( 'NONE',  ( -1.749999999999999778, 8.545363321340250451, -6.250000000000000000 ) ) ;
#3542 = ORIENTED_EDGE ( 'NONE', *, *, #3428, .T. ) ;
#3543 = CARTESIAN_POINT ( 'NONE',  ( 0.000000000000000000, 14.55000000000000071, 7.900000000000000355 ) ) ;
#3544 = ORIENTED_EDGE ( 'NONE', *, *, #8181, .T. ) ;
#3545 = ORIENTED_EDGE ( 'NONE', *, *, #1265, .F. ) ;
#3546 = VERTEX_POINT ( 'NONE', #3418 ) ;
#3547 = LINE ( 'NONE', #894, #5811 ) ;
#3548 = LINE ( 'NONE', #365, #3754 ) ;
#3549 = FACE_OUTER_BOUND ( 'NONE', #7945, .T. ) ;
#3550 = VECTOR ( 'NONE', #5915, 1000.000000000000000 ) ;
#3551 = ORIENTED_EDGE ( 'NONE', *, *, #3348, .T. ) ;
#3552 = CARTESIAN_POINT ( 'NONE',  ( -2.500000000000000000, 9.947350469337285617, -4.100000000000000533 ) ) ;
#3553 = PRODUCT_RELATED_PRODUCT_CATEGORY ( 'part', '', ( #2608 ) ) ;
#3554 = CARTESIAN_POINT ( 'NONE',  ( 3.334816353806963729, 10.87229042737958196, -3.654908379606662372 ) ) ;
#3555 = CARTESIAN_POINT ( 'NONE',  ( 2.500000000000000000, 9.947350469337285617, -4.100000000000000533 ) ) ;
#3556 = EDGE_CURVE ( 'NONE', #5570, #7272, #5533, .T. ) ;
#3557 = ORIENTED_EDGE ( 'NONE', *, *, #2166, .T. ) ;
#3558 = DIRECTION ( 'NONE',  ( 2.971233746154280690E-32, -1.204669080539449097E-16, 1.000000000000000000 ) ) ;
#3559 = ORIENTED_EDGE ( 'NONE', *, *, #2758, .T. ) ;
#3560 = LINE ( 'NONE', #2310, #4999 ) ;
#3561 = LINE ( 'NONE', #6084, #6498 ) ;
#3562 = VERTEX_POINT ( 'NONE', #8041 ) ;
#3563 = CARTESIAN_POINT ( 'NONE',  ( 4.387792896270120480, 9.999999999999998224, 1.100000000000001199 ) ) ;
#3564 = CARTESIAN_POINT ( 'NONE',  ( 4.154252339470971833, 6.552854441715587619, 7.900000000000000355 ) ) ;
#3565 = PLANE ( 'NONE',  #4192 ) ;
#3566 = DIRECTION ( 'NONE',  ( -0.5947568674407585076, 0.8039056341586716670, -0.000000000000000000 ) ) ;
#3567 = EDGE_CURVE ( 'NONE', #899, #7522, #6624, .T. ) ;
#3568 = ADVANCED_FACE ( 'NONE', ( #2729 ), #8263, .F. ) ;
#3569 = DIRECTION ( 'NONE',  ( 1.000000000000000000, 0.000000000000000000, 0.000000000000000000 ) ) ;
#3570 = CARTESIAN_POINT ( 'NONE',  ( 7.499999999999999112, 6.500000000000002665, 0.4000000000000010214 ) ) ;
#3571 = ORIENTED_EDGE ( 'NONE', *, *, #6370, .F. ) ;
#3572 = CARTESIAN_POINT ( 'NONE',  ( -7.416198487095662095, 6.999999999999999112, 6.100000000000001421 ) ) ;
#3573 = DIRECTION ( 'NONE',  ( 0.000000000000000000, -0.000000000000000000, -1.000000000000000000 ) ) ;
#3574 = ORIENTED_EDGE ( 'NONE', *, *, #515, .F. ) ;
#3575 = LINE ( 'NONE', #6174, #7166 ) ;
#3576 = ADVANCED_FACE ( 'NONE', ( #3978 ), #5372, .F. ) ;
#3577 = CYLINDRICAL_SURFACE ( 'NONE', #5663, 0.8877928962701172599 ) ;
#3578 = EDGE_CURVE ( 'NONE', #1612, #8271, #6900, .T. ) ;
#3579 = EDGE_LOOP ( 'NONE', ( #6812, #8380, #1528, #5093 ) ) ;
#3580 = ORIENTED_EDGE ( 'NONE', *, *, #3040, .F. ) ;
#3581 = ORIENTED_EDGE ( 'NONE', *, *, #7427, .T. ) ;
#3582 = FACE_OUTER_BOUND ( 'NONE', #4902, .T. ) ;
#3583 = CARTESIAN_POINT ( 'NONE',  ( -2.999999999999999556, 1.500000000000000444, 5.300000000000000711 ) ) ;
#3584 = CARTESIAN_POINT ( 'NONE',  ( -1.969028027992764107, 8.721166065210621099, -7.500000000000001776 ) ) ;
#3585 = DIRECTION ( 'NONE',  ( 0.000000000000000000, 0.000000000000000000, 1.000000000000000000 ) ) ;
#3586 = EDGE_CURVE ( 'NONE', #5878, #4536, #1365, .T. ) ;
#3587 = ORIENTED_EDGE ( 'NONE', *, *, #5969, .T. ) ;
#3588 = LINE ( 'NONE', #6575, #6767 ) ;
#3589 = PRODUCT_DEFINITION_SHAPE ( 'NONE', 'NONE',  #8484 ) ;
#3590 = DIRECTION ( 'NONE',  ( -0.7798598600361776878, 0.6259541506407265699, 0.000000000000000000 ) ) ;
#3591 = FACE_OUTER_BOUND ( 'NONE', #4448, .T. ) ;
#3592 = CONICAL_SURFACE ( 'NONE', #2937, 1.099999999994816902, 0.7853981633974482790 ) ;
#3593 = ORIENTED_EDGE ( 'NONE', *, *, #2957, .F. ) ;
#3594 = DIRECTION ( 'NONE',  ( 0.000000000000000000, 0.2588190451025216277, -0.9659258262890680902 ) ) ;
#3595 = VECTOR ( 'NONE', #5057, 1000.000000000000000 ) ;
#3596 = ADVANCED_FACE ( 'NONE', ( #186 ), #2813, .F. ) ;
#3597 = ORIENTED_EDGE ( 'NONE', *, *, #8205, .T. ) ;
#3598 = PLANE ( 'NONE',  #2966 ) ;
#3599 = DIRECTION ( 'NONE',  ( 0.5947568674407585076, -0.8039056341586715559, 0.000000000000000000 ) ) ;
#3600 = AXIS2_PLACEMENT_3D ( 'NONE', #2213, #3677, #936 ) ;
#3601 = ORIENTED_EDGE ( 'NONE', *, *, #5508, .T. ) ;
#3602 = DIRECTION ( 'NONE',  ( 0.000000000000000000, -1.000000000000000000, 0.000000000000000000 ) ) ;
#3603 = ADVANCED_FACE ( 'NONE', ( #3331 ), #67, .F. ) ;
#3604 =( LENGTH_UNIT ( ) NAMED_UNIT ( * ) SI_UNIT ( .MILLI., .METRE. ) );
#3605 = CARTESIAN_POINT ( 'NONE',  ( -0.9000000000000001332, 1.249139735130300957E-15, -7.037946471341894217 ) ) ;
#3606 = CARTESIAN_POINT ( 'NONE',  ( 0.000000000000000000, 10.00000000000000000, -6.250000000000000000 ) ) ;
#3607 = VECTOR ( 'NONE', #5787, 1000.000000000000000 ) ;
#3608 = AXIS2_PLACEMENT_3D ( 'NONE', #1914, #685, #7104 ) ;
#3609 = VECTOR ( 'NONE', #1777, 1000.000000000000114 ) ;
#3610 = ADVANCED_BREP_SHAPE_REPRESENTATION ( '', ( #6397, #7933 ), #1633 ) ;
#3611 = PLANE ( 'NONE',  #6879 ) ;
#3612 = EDGE_CURVE ( 'NONE', #1515, #5469, #8234, .T. ) ;
#3613 = DIRECTION ( 'NONE',  ( -0.000000000000000000, -0.000000000000000000, 1.000000000000000000 ) ) ;
#3614 = AXIS2_PLACEMENT_3D ( 'NONE', #3223, #7149, #5907 ) ;
#3615 = VERTEX_POINT ( 'NONE', #7438 ) ;
#3616 = VECTOR ( 'NONE', #3841, 1000.000000000000000 ) ;
#3617 = LINE ( 'NONE', #351, #5679 ) ;
#3618 = CARTESIAN_POINT ( 'NONE',  ( -8.609923976848167015, 5.985126513463341347, 7.700000000000005507 ) ) ;
#3619 = ORIENTED_EDGE ( 'NONE', *, *, #7638, .T. ) ;
#3620 = VECTOR ( 'NONE', #2687, 1000.000000000000000 ) ;
#3621 = DIRECTION ( 'NONE',  ( -1.000000000000000000, 0.000000000000000000, -7.815892572535311793E-15 ) ) ;
#3622 = FILL_AREA_STYLE ('',( #6952 ) ) ;
#3623 = AXIS2_PLACEMENT_3D ( 'NONE', #4936, #4863, #7551 ) ;
#3624 = VECTOR ( 'NONE', #8395, 1000.000000000000114 ) ;
#3625 = VERTEX_POINT ( 'NONE', #8201 ) ;
#3626 = VERTEX_POINT ( 'NONE', #2364 ) ;
#3627 = CLOSED_SHELL ( 'NONE', ( #1337, #3354, #698, #4716, #8445, #532 ) ) ;
#3628 = VERTEX_POINT ( 'NONE', #393 ) ;
#3629 = SURFACE_STYLE_FILL_AREA ( #6958 ) ;
#3630 = ADVANCED_FACE ( 'NONE', ( #3504 ), #6832, .F. ) ;
#3631 = VERTEX_POINT ( 'NONE', #2939 ) ;
#3632 = CARTESIAN_POINT ( 'NONE',  ( 2.474873734152920779, 7.525126265847087659, 1.100000000000001199 ) ) ;
#3633 = MECHANICAL_DESIGN_GEOMETRIC_PRESENTATION_REPRESENTATION (  '', ( #3368 ), #2387 ) ;
#3634 =( LENGTH_UNIT ( ) NAMED_UNIT ( * ) SI_UNIT ( .MILLI., .METRE. ) );
#3635 = CARTESIAN_POINT ( 'NONE',  ( 0.000000000000000000, 19.50000000000000000, 6.100000000000001421 ) ) ;
#3636 = DIRECTION ( 'NONE',  ( -1.000000000000000000, 0.000000000000000000, 0.000000000000000000 ) ) ;
#3637 = VECTOR ( 'NONE', #1689, 1000.000000000000000 ) ;
#3638 = ORIENTED_EDGE ( 'NONE', *, *, #5377, .T. ) ;
#3639 =( GEOMETRIC_REPRESENTATION_CONTEXT ( 3 ) GLOBAL_UNCERTAINTY_ASSIGNED_CONTEXT ( ( #1103 ) ) GLOBAL_UNIT_ASSIGNED_CONTEXT ( ( #6303, #4313, #6356 ) ) REPRESENTATION_CONTEXT ( 'NONE', 'WORKASPACE' ) );
#3640 = VECTOR ( 'NONE', #5450, 1000.000000000000000 ) ;
#3641 = CARTESIAN_POINT ( 'NONE',  ( -2.280971972007238335, 8.971547725466914258, -7.500000000000001776 ) ) ;
#3642 = EDGE_CURVE ( 'NONE', #4531, #8341, #5465, .T. ) ;
#3643 = CARTESIAN_POINT ( 'NONE',  ( 7.416198487095662983, 6.999999999999999112, -4.599999999999999645 ) ) ;
#3644 = DIRECTION ( 'NONE',  ( -2.466431482431479202E-16, 1.000000000000000000, 1.204669080539449097E-16 ) ) ;
#3645 = AXIS2_PLACEMENT_3D ( 'NONE', #4002, #7538, #8185 ) ;
#3646 = ORIENTED_EDGE ( 'NONE', *, *, #7931, .F. ) ;
#3647 = LINE ( 'NONE', #7620, #4035 ) ;
#3648 = ORIENTED_EDGE ( 'NONE', *, *, #805, .F. ) ;
#3649 = AXIS2_PLACEMENT_3D ( 'NONE', #7828, #6633, #3300 ) ;
#3650 = VERTEX_POINT ( 'NONE', #5547 ) ;
#3651 = PLANE ( 'NONE',  #6697 ) ;
#3652 = SHAPE_REPRESENTATION_RELATIONSHIP ( 'NONE' , 'NONE' ,  #1105, #2476 ) ;
#3653 = SURFACE_SIDE_STYLE ('',( #343 ) ) ;
#3654 = FACE_OUTER_BOUND ( 'NONE', #1426, .T. ) ;
#3655 = ADVANCED_FACE ( 'NONE', ( #2897 ), #3577, .F. ) ;
#3656 = EDGE_CURVE ( 'NONE', #3615, #1423, #6143, .T. ) ;
#3657 = LINE ( 'NONE', #8309, #3190 ) ;
#3658 = CARTESIAN_POINT ( 'NONE',  ( -5.199844853026781344, 0.7999999999999986011, -4.100000000000000533 ) ) ;
#3659 = ORIENTED_EDGE ( 'NONE', *, *, #5832, .F. ) ;
#3660 = DIRECTION ( 'NONE',  ( 0.000000000000000000, -1.000000000000000000, 0.000000000000000000 ) ) ;
#3661 = DIRECTION ( 'NONE',  ( 0.000000000000000000, 0.000000000000000000, -1.000000000000000000 ) ) ;
#3662 = ORIENTED_EDGE ( 'NONE', *, *, #6262, .F. ) ;
#3663 = VECTOR ( 'NONE', #3973, 1000.000000000000000 ) ;
#3664 = LINE ( 'NONE', #3543, #7452 ) ;
#3665 = EDGE_CURVE ( 'NONE', #1539, #3396, #2285, .T. ) ;
#3666 = FACE_OUTER_BOUND ( 'NONE', #4575, .T. ) ;
#3667 = ORIENTED_EDGE ( 'NONE', *, *, #5599, .F. ) ;
#3668 = ORIENTED_EDGE ( 'NONE', *, *, #4873, .F. ) ;
#3669 = VERTEX_POINT ( 'NONE', #6795 ) ;
#3670 = LINE ( 'NONE', #4440, #341 ) ;
#3671 = DIRECTION ( 'NONE',  ( 1.000000000000000000, 0.000000000000000000, 0.000000000000000000 ) ) ;
#3672 = ORIENTED_EDGE ( 'NONE', *, *, #3954, .T. ) ;
#3673 = CYLINDRICAL_SURFACE ( 'NONE', #5677, 0.9250000000000030420 ) ;
#3674 = AXIS2_PLACEMENT_3D ( 'NONE', #6338, #5141, #5091 ) ;
#3675 = SHAPE_DEFINITION_REPRESENTATION ( #2287, #6028 ) ;
#3676 = LINE ( 'NONE', #974, #4842 ) ;
#3677 = DIRECTION ( 'NONE',  ( -0.8039056341586716670, 0.5947568674407585076, 0.000000000000000000 ) ) ;
#3678 = ORIENTED_EDGE ( 'NONE', *, *, #1356, .F. ) ;
#3679 = ADVANCED_FACE ( 'NONE', ( #6221 ), #6866, .F. ) ;
#3680 = VECTOR ( 'NONE', #6988, 1000.000000000000000 ) ;
#3681 = UNCERTAINTY_MEASURE_WITH_UNIT (LENGTH_MEASURE( 1.000000000000000082E-05 ), #4462, 'distance_accuracy_value', 'NONE');
#3682 = DIRECTION ( 'NONE',  ( 0.000000000000000000, -1.000000000000000000, -0.000000000000000000 ) ) ;
#3683 = MANIFOLD_SOLID_BREP ( 'Bracket ', #3216 ) ;
#3684 = FACE_OUTER_BOUND ( 'NONE', #2410, .T. ) ;
#3685 = VECTOR ( 'NONE', #6130, 1000.000000000000000 ) ;
#3686 = ADVANCED_FACE ( 'NONE', ( #1048 ), #966, .F. ) ;
#3687 = VERTEX_POINT ( 'NONE', #4307 ) ;
#3688 = ADVANCED_FACE ( 'NONE', ( #3666 ), #6261, .F. ) ;
#3689 = EDGE_LOOP ( 'NONE', ( #8393, #6345 ) ) ;
#3690 =( BOUNDED_CURVE ( )  B_SPLINE_CURVE ( 3, ( #1390, #7, #5792, #5198 ),
 .UNSPECIFIED., .F., .F. ) 
 B_SPLINE_CURVE_WITH_KNOTS ( ( 4, 4 ),
 ( 3.141592653589793116, 4.712388980384688786 ),
 .UNSPECIFIED. ) 
 CURVE ( )  GEOMETRIC_REPRESENTATION_ITEM ( )  RATIONAL_B_SPLINE_CURVE ( ( 1.000000000000000000, 0.8047378541243652705, 0.8047378541243652705, 1.000000000000000000 ) ) 
 REPRESENTATION_ITEM ( '' )  );
#3691 = CARTESIAN_POINT ( 'NONE',  ( 2.527728175868496407, 11.67937860531804795, 1.100000000000001199 ) ) ;
#3692 =( GEOMETRIC_REPRESENTATION_CONTEXT ( 3 ) GLOBAL_UNCERTAINTY_ASSIGNED_CONTEXT ( ( #7400 ) ) GLOBAL_UNIT_ASSIGNED_CONTEXT ( ( #3604, #8306, #6206 ) ) REPRESENTATION_CONTEXT ( 'NONE', 'WORKASPACE' ) );
#3693 = VERTEX_POINT ( 'NONE', #613 ) ;
#3694 = ORIENTED_EDGE ( 'NONE', *, *, #4460, .F. ) ;
#3695 = CARTESIAN_POINT ( 'NONE',  ( -7.809923976848165417, 5.985126513463341347, 1.900000000000001021 ) ) ;
#3696 = CARTESIAN_POINT ( 'NONE',  ( -4.729279221902246810, 5.662282881142665758, -4.100000000000000533 ) ) ;
#3697 = EDGE_CURVE ( 'NONE', #5685, #3101, #7770, .T. ) ;
#3698 = LINE ( 'NONE', #6330, #3891 ) ;
#3699 = PRODUCT_DEFINITION_FORMATION_WITH_SPECIFIED_SOURCE ( 'ANY', '', #1129, .NOT_KNOWN. ) ;
#3700 = DIRECTION ( 'NONE',  ( 1.262516554967624637E-15, 1.000000000000000000, 0.000000000000000000 ) ) ;
#3701 = ORIENTED_EDGE ( 'NONE', *, *, #8435, .T. ) ;
#3702 = DIRECTION ( 'NONE',  ( -1.000000000000000000, 0.000000000000000000, 0.000000000000000000 ) ) ;
#3703 = VERTEX_POINT ( 'NONE', #3708 ) ;
#3704 = PLANE ( 'NONE',  #5277 ) ;
#3705 = CARTESIAN_POINT ( 'NONE',  ( 2.519059411711701557, 8.649735831096656113, -7.900000000000000355 ) ) ;
#3706 = ORIENTED_EDGE ( 'NONE', *, *, #3312, .T. ) ;
#3707 = CARTESIAN_POINT ( 'NONE',  ( 7.699999999999998401, 2.799999999999997602, -4.599999999999999645 ) ) ;
#3708 = CARTESIAN_POINT ( 'NONE',  ( -3.499999999999999556, 10.75000000000000000, -4.599999999999999645 ) ) ;
#3709 = ORIENTED_EDGE ( 'NONE', *, *, #2717, .F. ) ;
#3710 = EDGE_LOOP ( 'NONE', ( #2819, #4373, #4903, #4126 ) ) ;
#3711 = PRODUCT_RELATED_PRODUCT_CATEGORY ( 'part', '', ( #6649 ) ) ;
#3712 = EDGE_LOOP ( 'NONE', ( #1348, #6170, #8357, #2542 ) ) ;
#3713 = DIRECTION ( 'NONE',  ( 0.7071067811865490160, -0.7071067811865460184, 0.000000000000000000 ) ) ;
#3714 = CARTESIAN_POINT ( 'NONE',  ( -4.472271824131504481, 8.320621394681950278, 7.900000000000000355 ) ) ;
#3715 = ORIENTED_EDGE ( 'NONE', *, *, #1880, .F. ) ;
#3716 = PLANE ( 'NONE',  #4866 ) ;
#3717 = DIRECTION ( 'NONE',  ( -0.7071067811865490160, 8.659560562354952580E-17, 0.7071067811865460184 ) ) ;
#3718 = ADVANCED_FACE ( 'NONE', ( #7811 ), #3837, .T. ) ;
#3719 = DIRECTION ( 'NONE',  ( 1.000000000000000000, 0.000000000000000000, 0.000000000000000000 ) ) ;
#3720 = EDGE_LOOP ( 'NONE', ( #1263, #2602, #2709, #7618 ) ) ;
#3721 = ADVANCED_FACE ( 'NONE', ( #5746 ), #7726, .F. ) ;
#3722 = CARTESIAN_POINT ( 'NONE',  ( 0.000000000000000000, 10.00000000000000000, 6.100000000000001421 ) ) ;
#3723 = EDGE_CURVE ( 'NONE', #6039, #7595, #2449, .T. ) ;
#3724 = LINE ( 'NONE', #6276, #4037 ) ;
#3725 = EDGE_CURVE ( 'NONE', #615, #6616, #7637, .T. ) ;
#3726 = PLANE ( 'NONE',  #4581 ) ;
#3727 = ORIENTED_EDGE ( 'NONE', *, *, #7188, .F. ) ;
#3728 = CARTESIAN_POINT ( 'NONE',  ( -10.00000000000000355, 8.221438274771599969E-16, 6.100000000000001421 ) ) ;
#3729 = ORIENTED_EDGE ( 'NONE', *, *, #7580, .T. ) ;
#3730 = EDGE_LOOP ( 'NONE', ( #8002, #5713, #3408, #1781 ) ) ;
#3731 = CARTESIAN_POINT ( 'NONE',  ( -1.969028027992764107, 8.721166065210621099, -4.100000000000000533 ) ) ;
#3732 = EDGE_CURVE ( 'NONE', #2509, #7877, #563, .T. ) ;
#3733 = EDGE_CURVE ( 'NONE', #5776, #4425, #477, .T. ) ;
#3734 = VECTOR ( 'NONE', #6119, 1000.000000000000000 ) ;
#3735 = FACE_OUTER_BOUND ( 'NONE', #7873, .T. ) ;
#3736 = AXIS2_PLACEMENT_3D ( 'NONE', #6273, #1735, #4365 ) ;
#3737 = CARTESIAN_POINT ( 'NONE',  ( -0.1998448530267822598, 7.249999999999999112, -4.100000000000000533 ) ) ;
#3738 = ORIENTED_EDGE ( 'NONE', *, *, #2528, .F. ) ;
#3739 = LINE ( 'NONE', #3714, #5860 ) ;
#3740 = DIRECTION ( 'NONE',  ( 1.000000000000000000, 0.000000000000000000, 0.000000000000000000 ) ) ;
#3741 = ORIENTED_EDGE ( 'NONE', *, *, #5353, .F. ) ;
#3742 = DIRECTION ( 'NONE',  ( -0.000000000000000000, -0.000000000000000000, -1.000000000000000000 ) ) ;
#3743 = DIRECTION ( 'NONE',  ( 0.000000000000000000, 1.000000000000000000, 0.000000000000000000 ) ) ;
#3744 = ORIENTED_EDGE ( 'NONE', *, *, #75, .F. ) ;
#3745 = VECTOR ( 'NONE', #5092, 1000.000000000000114 ) ;
#3746 = VECTOR ( 'NONE', #1881, 1000.000000000000000 ) ;
#3747 = CARTESIAN_POINT ( 'NONE',  ( 2.625568880007502326, 10.15344850294593115, 1.100000000000001199 ) ) ;
#3748 = VECTOR ( 'NONE', #5556, 1000.000000000000000 ) ;
#3749 = DIRECTION ( 'NONE',  ( -0.000000000000000000, 1.000000000000000000, 0.000000000000000000 ) ) ;
#3750 = ORIENTED_EDGE ( 'NONE', *, *, #8192, .T. ) ;
#3751 = EDGE_LOOP ( 'NONE', ( #435, #1644, #1267, #5506 ) ) ;
#3752 = AXIS2_PLACEMENT_3D ( 'NONE', #1115, #1748, #7626 ) ;
#3753 = VECTOR ( 'NONE', #6721, 1000.000000000000000 ) ;
#3754 = VECTOR ( 'NONE', #2990, 1000.000000000000000 ) ;
#3755 = VERTEX_POINT ( 'NONE', #2587 ) ;
#3756 = AXIS2_PLACEMENT_3D ( 'NONE', #644, #3266, #7201 ) ;
#3757 = LINE ( 'NONE', #2457, #6215 ) ;
#3758 = DIRECTION ( 'NONE',  ( -1.000000000000000000, 0.000000000000000000, -0.000000000000000000 ) ) ;
#3759 = VERTEX_POINT ( 'NONE', #6481 ) ;
#3760 = DIRECTION ( 'NONE',  ( 1.228833015451264865E-15, 1.000000000000000000, -0.000000000000000000 ) ) ;
#3761 = SHAPE_DEFINITION_REPRESENTATION ( #838, #6910 ) ;
#3762 = CARTESIAN_POINT ( 'NONE',  ( 0.000000000000000000, 19.50000000000000000, 6.100000000000001421 ) ) ;
#3763 = PLANE ( 'NONE',  #6054 ) ;
#3764 = CIRCLE ( 'NONE', #4433, 0.8877928962701181481 ) ;
#3765 = EDGE_CURVE ( 'NONE', #5678, #7332, #5789, .T. ) ;
#3766 = ADVANCED_FACE ( 'NONE', ( #5662 ), #5020, .F. ) ;
#3767 = ORIENTED_EDGE ( 'NONE', *, *, #4653, .T. ) ;
#3768 = FACE_OUTER_BOUND ( 'NONE', #5584, .T. ) ;
#3769 = VECTOR ( 'NONE', #7193, 1000.000000000000000 ) ;
#3770 = DIRECTION ( 'NONE',  ( 0.000000000000000000, 1.000000000000000000, -0.000000000000000000 ) ) ;
#3771 = CARTESIAN_POINT ( 'NONE',  ( 4.800155146973221321, 4.235050948740416210, -4.599999999999999645 ) ) ;
#3772 = DIRECTION ( 'NONE',  ( -0.000000000000000000, -0.000000000000000000, 1.000000000000000000 ) ) ;
#3773 = PRESENTATION_LAYER_ASSIGNMENT (  '', '', ( #2123 ) ) ;
#3774 = ORIENTED_EDGE ( 'NONE', *, *, #8432, .F. ) ;
#3775 = CIRCLE ( 'NONE', #2676, 2.399999999999999023 ) ;
#3776 = CARTESIAN_POINT ( 'NONE',  ( 2.499999999999999556, 9.147350469337284906, -6.250000000000000000 ) ) ;
#3777 = ORIENTED_EDGE ( 'NONE', *, *, #5110, .F. ) ;
#3778 = ORIENTED_EDGE ( 'NONE', *, *, #5124, .T. ) ;
#3779 = CARTESIAN_POINT ( 'NONE',  ( -10.00000000000000355, 6.999999999999999112, 6.100000000000001421 ) ) ;
#3780 = CARTESIAN_POINT ( 'NONE',  ( -0.4999999999999996669, 7.233604952728431847, 7.900000000000000355 ) ) ;
#3781 = CARTESIAN_POINT ( 'NONE',  ( -3.499999999999998668, 9.999999999999998224, -3.654908379606684576 ) ) ;
#3782 = ADVANCED_FACE ( 'NONE', ( #4476 ), #7123, .F. ) ;
#3783 = AXIS2_PLACEMENT_3D ( 'NONE', #2146, #1468, #5357 ) ;
#3784 = DIRECTION ( 'NONE',  ( 1.000000000000000000, 8.820627843949867484E-16, 0.000000000000000000 ) ) ;
#3785 = ORIENTED_EDGE ( 'NONE', *, *, #7963, .T. ) ;
#3786 = CARTESIAN_POINT ( 'NONE',  ( 6.574999999999995737, 6.500000000000002665, 0.4000000000000011324 ) ) ;
#3787 = DIRECTION ( 'NONE',  ( -1.000000000000000000, -5.421711830911049901E-15, 0.000000000000000000 ) ) ;
#3788 = ORIENTED_EDGE ( 'NONE', *, *, #6968, .T. ) ;
#3789 = CARTESIAN_POINT ( 'NONE',  ( 4.800155146973220432, 2.799999999999998046, -6.250000000000000888 ) ) ;
#3790 = DIRECTION ( 'NONE',  ( -1.000000000000000000, 0.000000000000000000, 0.000000000000000000 ) ) ;
#3791 = ORIENTED_EDGE ( 'NONE', *, *, #4200, .T. ) ;
#3792 = DIRECTION ( 'NONE',  ( 0.000000000000000000, 0.000000000000000000, 1.000000000000000000 ) ) ;
#3793 = SHAPE_REPRESENTATION ( 'SDS-50J_1', ( #7933 ), #1633 ) ;
#3794 = CARTESIAN_POINT ( 'NONE',  ( 3.199999999999999734, 2.424800662311759799E-15, 5.300000000000001599 ) ) ;
#3795 = EDGE_CURVE ( 'NONE', #5421, #2712, #1220, .T. ) ;
#3796 = EDGE_LOOP ( 'NONE', ( #806, #4442, #1744, #7794 ) ) ;
#3797 = ORIENTED_EDGE ( 'NONE', *, *, #3725, .T. ) ;
#3798 = ADVANCED_FACE ( 'NONE', ( #8404 ), #4556, .F. ) ;
#3799 = CARTESIAN_POINT ( 'NONE',  ( 0.9136625832470526287, 10.00000000000000000, -6.672965233509484229 ) ) ;
#3800 = VERTEX_POINT ( 'NONE', #5150 ) ;
#3801 = ORIENTED_EDGE ( 'NONE', *, *, #5079, .T. ) ;
#3802 = LINE ( 'NONE', #6405, #6504 ) ;
#3803 = FACE_OUTER_BOUND ( 'NONE', #2699, .T. ) ;
#3804 = VERTEX_POINT ( 'NONE', #6991 ) ;
#3805 = CARTESIAN_POINT ( 'NONE',  ( -1.502601910021414300, 9.204504871165138269, -3.654908379606660596 ) ) ;
#3806 = ITEM_DEFINED_TRANSFORMATION ( 'NONE', 'NONE', #7105,  #7933 ) ;
#3807 = DIRECTION ( 'NONE',  ( -0.000000000000000000, 1.000000000000000000, 0.000000000000000000 ) ) ;
#3808 = PLANE ( 'NONE',  #5920 ) ;
#3809 = VECTOR ( 'NONE', #2446, 1000.000000000000000 ) ;
#3810 = VERTEX_POINT ( 'NONE', #3794 ) ;
#3811 = VECTOR ( 'NONE', #1842, 1000.000000000000000 ) ;
#3812 = LINE ( 'NONE', #6414, #8425 ) ;
#3813 = CARTESIAN_POINT ( 'NONE',  ( 1.749999999999999778, 8.145363321340250096, -4.599999999999998757 ) ) ;
#3814 = CARTESIAN_POINT ( 'NONE',  ( -3.500000000000000000, 0.000000000000000000, -6.250000000000000000 ) ) ;
#3815 = VERTEX_POINT ( 'NONE', #5837 ) ;
#3816 = DIRECTION ( 'NONE',  ( 0.000000000000000000, 0.000000000000000000, 1.000000000000000000 ) ) ;
#3817 = ORIENTED_EDGE ( 'NONE', *, *, #5253, .T. ) ;
#3818 = FACE_OUTER_BOUND ( 'NONE', #573, .T. ) ;
#3819 =( LENGTH_UNIT ( ) NAMED_UNIT ( * ) SI_UNIT ( .MILLI., .METRE. ) );
#3820 = CARTESIAN_POINT ( 'NONE',  ( -5.199844853026783120, 4.235050948740416210, -4.100000000000000533 ) ) ;
#3821 = CARTESIAN_POINT ( 'NONE',  ( -9.200000000000001066, 2.799999999999997602, -6.250000000000000000 ) ) ;
#3822 = EDGE_CURVE ( 'NONE', #7269, #4626, #1089, .T. ) ;
#3823 = VECTOR ( 'NONE', #1289, 1000.000000000000000 ) ;
#3824 = CARTESIAN_POINT ( 'NONE',  ( -0.1998448530267840084, -3.366025403784449033, -5.099999999999998757 ) ) ;
#3825 = ORIENTED_EDGE ( 'NONE', *, *, #3204, .T. ) ;
#3826 = FACE_OUTER_BOUND ( 'NONE', #2017, .T. ) ;
#3827 = DIRECTION ( 'NONE',  ( 0.000000000000000000, 0.000000000000000000, 1.000000000000000000 ) ) ;
#3828 = VERTEX_POINT ( 'NONE', #6348 ) ;
#3829 = EDGE_CURVE ( 'NONE', #2577, #3546, #3104, .T. ) ;
#3830 = CARTESIAN_POINT ( 'NONE',  ( -7.500000000000000000, 5.684341886080801487E-11, 1.499999999994817923 ) ) ;
#3831 = LINE ( 'NONE', #6475, #1200 ) ;
#3832 = VERTEX_POINT ( 'NONE', #1799 ) ;
#3833 = AXIS2_PLACEMENT_3D ( 'NONE', #6425, #5135, #7240 ) ;
#3834 = CARTESIAN_POINT ( 'NONE',  ( -1.502601910021414300, 9.204504871165138269, 7.900000000000000355 ) ) ;
#3835 = EDGE_CURVE ( 'NONE', #4520, #6727, #7041, .T. ) ;
#3836 = EDGE_CURVE ( 'NONE', #4474, #1908, #1410, .T. ) ;
#3837 = PLANE ( 'NONE',  #5805 ) ;
#3838 = ORIENTED_EDGE ( 'NONE', *, *, #7121, .T. ) ;
#3839 = VERTEX_POINT ( 'NONE', #5237 ) ;
#3840 = CARTESIAN_POINT ( 'NONE',  ( 7.300000000000000711, 0.8000000000000020428, -6.250000000000000888 ) ) ;
#3841 = DIRECTION ( 'NONE',  ( -0.000000000000000000, -0.000000000000000000, 1.000000000000000000 ) ) ;
#3842 = ORIENTED_EDGE ( 'NONE', *, *, #6845, .T. ) ;
#3843 = CARTESIAN_POINT ( 'NONE',  ( -2.280971972007237891, 8.971547725466914258, -4.100000000000000533 ) ) ;
#3844 = LINE ( 'NONE', #6444, #6360 ) ;
#3845 = PLANE ( 'NONE',  #8438 ) ;
#3846 = VERTEX_POINT ( 'NONE', #1984 ) ;
#3847 = EDGE_CURVE ( 'NONE', #197, #3451, #7167, .T. ) ;
#3848 = DIRECTION ( 'NONE',  ( -1.000000000000000000, 0.000000000000000000, 0.000000000000000000 ) ) ;
#3849 = ITEM_DEFINED_TRANSFORMATION ( 'NONE', 'NONE', #2453,  #5328 ) ;
#3850 = PLANE ( 'NONE',  #5108 ) ;
#3851 = EDGE_CURVE ( 'NONE', #2976, #7630, #3927, .T. ) ;
#3852 = DIRECTION ( 'NONE',  ( -0.000000000000000000, -0.000000000000000000, 1.000000000000000000 ) ) ;
#3853 = ORIENTED_EDGE ( 'NONE', *, *, #262, .T. ) ;
#3854 = VERTEX_POINT ( 'NONE', #4258 ) ;
#3855 = CARTESIAN_POINT ( 'NONE',  ( 7.300000000000000711, 2.799999999999997602, -4.599999999999999645 ) ) ;
#3856 = DIRECTION ( 'NONE',  ( -0.000000000000000000, 1.000000000000000000, 0.000000000000000000 ) ) ;
#3857 = DIRECTION ( 'NONE',  ( 0.000000000000000000, 0.000000000000000000, 1.000000000000000000 ) ) ;
#3858 = ORIENTED_EDGE ( 'NONE', *, *, #589, .F. ) ;
#3859 = CYLINDRICAL_SURFACE ( 'NONE', #5785, 0.8877928962701179261 ) ;
#3860 = EDGE_LOOP ( 'NONE', ( #6300, #1069, #5066, #822 ) ) ;
#3861 = LINE ( 'NONE', #3779, #8200 ) ;
#3862 = DIRECTION ( 'NONE',  ( -0.7798598600361769106, 0.6259541506407273470, 0.000000000000000000 ) ) ;
#3863 = DIRECTION ( 'NONE',  ( 1.836970198721029441E-16, -1.000000000000000000, 0.000000000000000000 ) ) ;
#3864 = EDGE_CURVE ( 'NONE', #915, #4033, #300, .T. ) ;
#3865 = DIRECTION ( 'NONE',  ( -1.000000000000000000, -7.391208087080154620E-16, 0.000000000000000000 ) ) ;
#3866 = ADVANCED_FACE ( 'NONE', ( #6858 ), #4030, .F. ) ;
#3867 = VERTEX_POINT ( 'NONE', #3737 ) ;
#3868 = DIRECTION ( 'NONE',  ( -0.000000000000000000, -0.000000000000000000, -1.000000000000000000 ) ) ;
#3869 = LINE ( 'NONE', #7159, #895 ) ;
#3870 = ORIENTED_EDGE ( 'NONE', *, *, #1221, .F. ) ;
#3871 = CARTESIAN_POINT ( 'NONE',  ( -3.500000000000000000, 12.75000000000000178, -6.250000000000000000 ) ) ;
#3872 = FACE_OUTER_BOUND ( 'NONE', #6638, .T. ) ;
#3873 = ORIENTED_EDGE ( 'NONE', *, *, #2350, .T. ) ;
#3874 = DIRECTION ( 'NONE',  ( -1.000000000000000000, -0.000000000000000000, -0.000000000000000000 ) ) ;
#3875 = DIRECTION ( 'NONE',  ( 0.000000000000000000, 0.000000000000000000, 1.000000000000000000 ) ) ;
#3876 = ORIENTED_EDGE ( 'NONE', *, *, #7793, .T. ) ;
#3877 = PRODUCT_DEFINITION_SHAPE ( 'NONE', 'NONE',  #8487 ) ;
#3878 = DIRECTION ( 'NONE',  ( 1.000000000000000000, 1.084202172485504681E-16, 0.000000000000000000 ) ) ;
#3879 = DIRECTION ( 'NONE',  ( 0.000000000000000000, -0.000000000000000000, -1.000000000000000000 ) ) ;
#3880 = VECTOR ( 'NONE', #7466, 1000.000000000000000 ) ;
#3881 = ORIENTED_EDGE ( 'NONE', *, *, #3029, .F. ) ;
#3882 = AXIS2_PLACEMENT_3D ( 'NONE', #8439, #1166, #8392 ) ;
#3883 = ORIENTED_EDGE ( 'NONE', *, *, #1776, .T. ) ;
#3884 = CARTESIAN_POINT ( 'NONE',  ( -0.1998448530267822598, 0.000000000000000000, -4.599999999999999645 ) ) ;
#3885 = DIRECTION ( 'NONE',  ( 2.971233746154280690E-32, -1.204669080539449097E-16, 1.000000000000000000 ) ) ;
#3886 = ORIENTED_EDGE ( 'NONE', *, *, #369, .T. ) ;
#3887 = VECTOR ( 'NONE', #7695, 1000.000000000000000 ) ;
#3888 = CARTESIAN_POINT ( 'NONE',  ( -5.199844853026783120, 4.235050948740416210, -4.100000000000000533 ) ) ;
#3889 = LINE ( 'NONE', #5849, #4976 ) ;
#3890 = CARTESIAN_POINT ( 'NONE',  ( -4.800155146973217768, 0.7999999999999998224, -6.599999999999994316 ) ) ;
#3891 = VECTOR ( 'NONE', #7024, 1000.000000000000000 ) ;
#3892 = CIRCLE ( 'NONE', #5098, 0.9999999999999974465 ) ;
#3893 = ORIENTED_EDGE ( 'NONE', *, *, #7300, .T. ) ;
#3894 = EDGE_LOOP ( 'NONE', ( #3672, #1176, #3420, #1653, #2861, #5669 ) ) ;
#3895 = AXIS2_PLACEMENT_3D ( 'NONE', #3977, #6623, #5333 ) ;
#3896 = EDGE_CURVE ( 'NONE', #335, #1916, #4418, .T. ) ;
#3897 = EDGE_CURVE ( 'NONE', #4344, #6043, #4296, .T. ) ;
#3898 = DIRECTION ( 'NONE',  ( 0.5947568674407585076, 0.8039056341586716670, 0.000000000000000000 ) ) ;
#3899 = AXIS2_PLACEMENT_3D ( 'NONE', #7658, #3644, #1779 ) ;
#3900 = DIRECTION ( 'NONE',  ( 0.7071067811865463515, -0.7071067811865487940, 0.000000000000000000 ) ) ;
#3901 = AXIS2_PLACEMENT_3D ( 'NONE', #6807, #5750, #246 ) ;
#3902 = DIRECTION ( 'NONE',  ( 0.7071067811865487940, 0.7071067811865463515, 0.000000000000000000 ) ) ;
#3903 = VECTOR ( 'NONE', #3501, 1000.000000000000000 ) ;
#3904 = ORIENTED_EDGE ( 'NONE', *, *, #1892, .F. ) ;
#3905 = AXIS2_PLACEMENT_3D ( 'NONE', #4518, #3182, #5194 ) ;
#3906 = AXIS2_PLACEMENT_3D ( 'NONE', #6817, #8024, #4047 ) ;
#3907 = ADVANCED_FACE ( 'NONE', ( #3094 ), #3611, .F. ) ;
#3908 = CARTESIAN_POINT ( 'NONE',  ( -0.8749999999999983347, -1.078101158303108245E-16, 7.900000000000000355 ) ) ;
#3909 = ORIENTED_EDGE ( 'NONE', *, *, #301, .T. ) ;
#3910 = DIRECTION ( 'NONE',  ( -0.000000000000000000, -0.000000000000000000, 1.000000000000000000 ) ) ;
#3911 =( NAMED_UNIT ( * ) PLANE_ANGLE_UNIT ( ) SI_UNIT ( $, .RADIAN. ) );
#3912 = SURFACE_SIDE_STYLE ('',( #2012 ) ) ;
#3913 = DIRECTION ( 'NONE',  ( 1.084202172485506603E-15, 1.000000000000000000, -0.000000000000000000 ) ) ;
#3914 = VECTOR ( 'NONE', #5590, 1000.000000000000000 ) ;
#3915 = VERTEX_POINT ( 'NONE', #2278 ) ;
#3916 = LINE ( 'NONE', #7715, #6320 ) ;
#3917 = VECTOR ( 'NONE', #6049, 1000.000000000000000 ) ;
#3918 = ORIENTED_EDGE ( 'NONE', *, *, #2995, .F. ) ;
#3919 = CARTESIAN_POINT ( 'NONE',  ( -4.800155146973217768, 0.7999999999999989342, -4.100000000000000533 ) ) ;
#3920 = LINE ( 'NONE', #7114, #7585 ) ;
#3921 = VERTEX_POINT ( 'NONE', #7587 ) ;
#3922 = CARTESIAN_POINT ( 'NONE',  ( -3.374459510989180822E-31, 1.836970198721030378E-15, -2.800000000000000266 ) ) ;
#3923 = DIRECTION ( 'NONE',  ( 1.836970198721029441E-16, -1.000000000000000000, 0.000000000000000000 ) ) ;
#3924 = EDGE_LOOP ( 'NONE', ( #7006, #932, #6144, #3559, #1005, #7647, #1143, #1737, #2881, #5914, #6660, #4012, #3971, #1230 ) ) ;
#3925 = EDGE_CURVE ( 'NONE', #3028, #4754, #3657, .T. ) ;
#3926 = FACE_OUTER_BOUND ( 'NONE', #4375, .T. ) ;
#3927 = LINE ( 'NONE', #5881, #999 ) ;
#3928 = AXIS2_PLACEMENT_3D ( 'NONE', #6564, #7380, #2789 ) ;
#3929 = ORIENTED_EDGE ( 'NONE', *, *, #4719, .F. ) ;
#3930 = CARTESIAN_POINT ( 'NONE',  ( -7.000000000000000888, 10.00000000000000000, 1.100000000000001199 ) ) ;
#3931 = DIRECTION ( 'NONE',  ( -0.000000000000000000, -1.000000000000000000, 0.000000000000000000 ) ) ;
#3932 = ORIENTED_EDGE ( 'NONE', *, *, #1610, .T. ) ;
#3933 = ORIENTED_EDGE ( 'NONE', *, *, #1782, .T. ) ;
#3934 = LINE ( 'NONE', #101, #4500 ) ;
#3935 = AXIS2_PLACEMENT_3D ( 'NONE', #72, #2645, #719 ) ;
#3936 = ORIENTED_EDGE ( 'NONE', *, *, #5862, .F. ) ;
#3937 = DIRECTION ( 'NONE',  ( -0.7071067811865482389, 0.7071067811865469066, 0.000000000000000000 ) ) ;
#3938 = DIRECTION ( 'NONE',  ( -0.000000000000000000, -0.000000000000000000, 1.000000000000000000 ) ) ;
#3939 = DIRECTION ( 'NONE',  ( 0.000000000000000000, 0.000000000000000000, 1.000000000000000000 ) ) ;
#3940 = CARTESIAN_POINT ( 'NONE',  ( 0.000000000000000000, 10.00000000000000000, -6.450000000000001066 ) ) ;
#3941 = ORIENTED_EDGE ( 'NONE', *, *, #7608, .T. ) ;
#3942 = ORIENTED_EDGE ( 'NONE', *, *, #5110, .T. ) ;
#3943 = ORIENTED_EDGE ( 'NONE', *, *, #1012, .F. ) ;
#3944 = DIRECTION ( 'NONE',  ( 0.7071067811865483499, -0.7071067811865467956, 4.559482223416560605E-15 ) ) ;
#3945 = CARTESIAN_POINT ( 'NONE',  ( 2.999999999999999556, 0.000000000000000000, 5.500000000000000888 ) ) ;
#3946 = DIRECTION ( 'NONE',  ( 1.000000000000000000, 0.000000000000000000, 0.000000000000000000 ) ) ;
#3947 = VECTOR ( 'NONE', #3096, 1000.000000000000227 ) ;
#3948 = ADVANCED_FACE ( 'NONE', ( #993 ), #6335, .F. ) ;
#3949 = ADVANCED_FACE ( 'NONE', ( #7544 ), #4340, .F. ) ;
#3950 = ORIENTED_EDGE ( 'NONE', *, *, #7812, .F. ) ;
#3951 = FACE_OUTER_BOUND ( 'NONE', #6848, .T. ) ;
#3952 = CARTESIAN_POINT ( 'NONE',  ( -0.1749999999999999334, 10.00000000000000000, -6.450000000000001066 ) ) ;
#3953 = CARTESIAN_POINT ( 'NONE',  ( -1.749999999999999778, 8.145363321340250096, -6.250000000000000000 ) ) ;
#3954 = EDGE_CURVE ( 'NONE', #2135, #3810, #6251, .T. ) ;
#3955 = DIRECTION ( 'NONE',  ( 1.000000000000000000, 1.836970198721029441E-16, 0.000000000000000000 ) ) ;
#3956 = ADVANCED_FACE ( 'NONE', ( #1078 ), #1669, .T. ) ;
#3957 = ORIENTED_EDGE ( 'NONE', *, *, #1449, .F. ) ;
#3958 = LINE ( 'NONE', #7111, #3746 ) ;
#3959 = ORIENTED_EDGE ( 'NONE', *, *, #3475, .F. ) ;
#3960 = PLANE ( 'NONE',  #3928 ) ;
#3961 = DIRECTION ( 'NONE',  ( 0.000000000000000000, 1.000000000000000000, 0.000000000000000000 ) ) ;
#3962 = ORIENTED_EDGE ( 'NONE', *, *, #8170, .T. ) ;
#3963 = CARTESIAN_POINT ( 'NONE',  ( -4.800155146973217768, 4.235050948740416210, -4.100000000000000533 ) ) ;
#3964 = CYLINDRICAL_SURFACE ( 'NONE', #8331, 0.8877928962701179261 ) ;
#3965 = ORIENTED_EDGE ( 'NONE', *, *, #5353, .T. ) ;
#3966 = LINE ( 'NONE', #6572, #4840 ) ;
#3967 = VECTOR ( 'NONE', #2228, 1000.000000000000000 ) ;
#3968 = ORIENTED_EDGE ( 'NONE', *, *, #5963, .F. ) ;
#3969 = CARTESIAN_POINT ( 'NONE',  ( -1.626303258728258870E-16, 1.500000000000001998, 7.900012000000001144 ) ) ;
#3970 = LINE ( 'NONE', #6441, #888 ) ;
#3971 = ORIENTED_EDGE ( 'NONE', *, *, #5760, .T. ) ;
#3972 = DIRECTION ( 'NONE',  ( 1.000000000000000000, -1.233747299724884832E-16, 0.000000000000000000 ) ) ;
#3973 = DIRECTION ( 'NONE',  ( 1.000000000000000000, 0.000000000000000000, 0.000000000000000000 ) ) ;
#3974 = VERTEX_POINT ( 'NONE', #4895 ) ;
#3975 = CARTESIAN_POINT ( 'NONE',  ( 0.000000000000000000, 0.000000000000000000, -6.250000000000000000 ) ) ;
#3976 = DIRECTION ( 'NONE',  ( -0.000000000000000000, -1.000000000000000000, -0.000000000000000000 ) ) ;
#3977 = CARTESIAN_POINT ( 'NONE',  ( 0.000000000000000000, 10.00000000000000000, 7.900000000000000355 ) ) ;
#3978 = FACE_OUTER_BOUND ( 'NONE', #4196, .T. ) ;
#3979 = EDGE_CURVE ( 'NONE', #2079, #2401, #4834, .T. ) ;
#3980 = DIRECTION ( 'NONE',  ( -7.391208087080154620E-16, 1.000000000000000000, -0.000000000000000000 ) ) ;
#3981 = EDGE_LOOP ( 'NONE', ( #230, #1853, #747, #2838 ) ) ;
#3982 = ORIENTED_EDGE ( 'NONE', *, *, #5859, .F. ) ;
#3983 = EDGE_CURVE ( 'NONE', #7071, #3404, #5612, .T. ) ;
#3984 = ORIENTED_EDGE ( 'NONE', *, *, #1680, .T. ) ;
#3985 = LINE ( 'NONE', #7139, #8293 ) ;
#3986 = ADVANCED_FACE ( 'NONE', ( #7508 ), #423, .F. ) ;
#3987 = LINE ( 'NONE', #7318, #4728 ) ;
#3988 = CARTESIAN_POINT ( 'NONE',  ( 0.9136625832470526287, 10.00000000000000000, -6.672965233509484229 ) ) ;
#3989 = VERTEX_POINT ( 'NONE', #2971 ) ;
#3990 = EDGE_CURVE ( 'NONE', #6894, #8022, #8269, .T. ) ;
#3991 = DIRECTION ( 'NONE',  ( -0.6259541506407269029, 0.7798598600361774658, 0.000000000000000000 ) ) ;
#3992 = ADVANCED_FACE ( 'NONE', ( #2398 ), #4928, .F. ) ;
#3993 = CARTESIAN_POINT ( 'NONE',  ( -4.800155146973221321, 2.799999999999998046, -4.599999999999999645 ) ) ;
#3994 = DIRECTION ( 'NONE',  ( 1.000000000000000000, 0.000000000000000000, 0.000000000000000000 ) ) ;
#3995 = DIRECTION ( 'NONE',  ( -1.000000000000000000, 0.000000000000000000, 0.000000000000000000 ) ) ;
#3996 = PLANE ( 'NONE',  #3487 ) ;
#3997 = EDGE_LOOP ( 'NONE', ( #1867, #8423, #4409, #2252 ) ) ;
#3998 = EDGE_CURVE ( 'NONE', #406, #7453, #4508, .T. ) ;
#3999 = DIRECTION ( 'NONE',  ( 0.000000000000000000, 0.000000000000000000, 1.000000000000000000 ) ) ;
#4000 = ORIENTED_EDGE ( 'NONE', *, *, #7037, .F. ) ;
#4001 = EDGE_CURVE ( 'NONE', #177, #5700, #1209, .T. ) ;
#4002 = CARTESIAN_POINT ( 'NONE',  ( 3.500000000000002220, 9.999999999999998224, 7.900000000000025224 ) ) ;
#4003 = LINE ( 'NONE', #5830, #5398 ) ;
#4004 = ORIENTED_EDGE ( 'NONE', *, *, #4205, .T. ) ;
#4005 = CYLINDRICAL_SURFACE ( 'NONE', #2733, 2.000000000000000888 ) ;
#4006 = PLANE ( 'NONE',  #1611 ) ;
#4007 = LINE ( 'NONE', #7165, #2368 ) ;
#4008 = VERTEX_POINT ( 'NONE', #6562 ) ;
#4009 = CARTESIAN_POINT ( 'NONE',  ( 2.800155146973221765, 4.235050948740416210, -4.100000000000000533 ) ) ;
#4010 = EDGE_CURVE ( 'NONE', #3867, #4437, #5909, .T. ) ;
#4011 = LINE ( 'NONE', #1938, #5793 ) ;
#4012 = ORIENTED_EDGE ( 'NONE', *, *, #6275, .T. ) ;
#4013 = LINE ( 'NONE', #267, #3511 ) ;
#4014 = LINE ( 'NONE', #12, #1736 ) ;
#4015 = ORIENTED_EDGE ( 'NONE', *, *, #5982, .F. ) ;
#4016 = CARTESIAN_POINT ( 'NONE',  ( -0.8749999999999983347, -1.078101158303108245E-16, 6.100000000000001421 ) ) ;
#4017 = DIRECTION ( 'NONE',  ( -0.7798598600361745792, -0.6259541506407302336, 0.000000000000000000 ) ) ;
#4018 = VECTOR ( 'NONE', #2218, 1000.000000000000114 ) ;
#4019 = DIRECTION ( 'NONE',  ( -1.000000000000000000, 0.000000000000000000, 0.000000000000000000 ) ) ;
#4020 = VERTEX_POINT ( 'NONE', #5276 ) ;
#4021 = EDGE_LOOP ( 'NONE', ( #5638, #6263, #2486, #783, #6545, #6407, #6870, #7263 ) ) ;
#4022 = VECTOR ( 'NONE', #8193, 1000.000000000000114 ) ;
#4023 = CIRCLE ( 'NONE', #2226, 8.000000000000000000 ) ;
#4024 = ORIENTED_EDGE ( 'NONE', *, *, #4539, .F. ) ;
#4025 = FACE_OUTER_BOUND ( 'NONE', #6264, .T. ) ;
#4026 = CARTESIAN_POINT ( 'NONE',  ( 3.500000000000000000, 0.000000000000000000, -6.250000000000000000 ) ) ;
#4027 = DIRECTION ( 'NONE',  ( -1.000000000000000000, 3.356920930870729537E-16, -0.000000000000000000 ) ) ;
#4029 = ADVANCED_FACE ( 'NONE', ( #3270 ), #6520, .F. ) ;
#4028 = VECTOR ( 'NONE', #1513, 1000.000000000000000 ) ;
#4030 = CONICAL_SURFACE ( 'NONE', #7296, 0.9999999999999974465, 0.7853981633974504994 ) ;
#4031 = EDGE_CURVE ( 'NONE', #948, #4656, #6469, .T. ) ;
#4032 = VECTOR ( 'NONE', #5893, 1000.000000000000000 ) ;
#4033 = VERTEX_POINT ( 'NONE', #5736 ) ;
#4034 = CARTESIAN_POINT ( 'NONE',  ( 1.749999999999999778, 8.145363321340250096, -6.250000000000000000 ) ) ;
#4035 = VECTOR ( 'NONE', #4885, 1000.000000000000000 ) ;
#4036 = AXIS2_PLACEMENT_3D ( 'NONE', #2811, #5422, #713 ) ;
#4037 = VECTOR ( 'NONE', #4916, 1000.000000000000227 ) ;
#4038 = LINE ( 'NONE', #7281, #7771 ) ;
#4039 = APPLICATION_PROTOCOL_DEFINITION ( 'draft international standard', 'automotive_design', 1998, #4555 ) ;
#4040 = FACE_OUTER_BOUND ( 'NONE', #6586, .T. ) ;
#4041 = DIRECTION ( 'NONE',  ( 0.5947568674407586187, 0.8039056341586715559, 0.000000000000000000 ) ) ;
#4042 = VECTOR ( 'NONE', #6487, 1000.000000000000000 ) ;
#4043 = VERTEX_POINT ( 'NONE', #1296 ) ;
#4044 = DIRECTION ( 'NONE',  ( 0.6259541506407267919, 0.7798598600361775768, 0.000000000000000000 ) ) ;
#4045 = VERTEX_POINT ( 'NONE', #7801 ) ;
#4046 = LINE ( 'NONE', #5404, #7338 ) ;
#4047 = DIRECTION ( 'NONE',  ( -0.7071067811865487940, -0.7071067811865463515, 0.000000000000000000 ) ) ;
#4048 = ORIENTED_EDGE ( 'NONE', *, *, #6898, .F. ) ;
#4049 = CARTESIAN_POINT ( 'NONE',  ( -0.5000000000000000000, 4.625000000000001776, 7.900000000000000355 ) ) ;
#4050 = DIRECTION ( 'NONE',  ( -0.000000000000000000, -0.000000000000000000, -1.000000000000000000 ) ) ;
#4051 = CLOSED_SHELL ( 'NONE', ( #6121, #3464, #1063, #5145, #3264, #6655, #3105, #5825, #5500, #8029, #3242, #7322, #3948 ) ) ;
#4052 = DIRECTION ( 'NONE',  ( -0.7071067811865463515, -0.7071067811865487940, 0.000000000000000000 ) ) ;
#4053 = EDGE_CURVE ( 'NONE', #2205, #5154, #3051, .T. ) ;
#4054 = EDGE_LOOP ( 'NONE', ( #4900, #1283, #8240, #4103 ) ) ;
#4055 = VECTOR ( 'NONE', #3937, 1000.000000000000000 ) ;
#4056 = PLANE ( 'NONE',  #3384 ) ;
#4057 = LINE ( 'NONE', #302, #1156 ) ;
#4058 = ORIENTED_EDGE ( 'NONE', *, *, #6, .T. ) ;
#4059 = DIRECTION ( 'NONE',  ( 0.000000000000000000, -0.000000000000000000, -1.000000000000000000 ) ) ;
#4060 = LINE ( 'NONE', #1603, #6265 ) ;
#4061 = PRODUCT ( 'SDS-50J', 'SDS-50J', '', ( #1499 ) ) ;
#4062 = ORIENTED_EDGE ( 'NONE', *, *, #7274, .T. ) ;
#4063 = CARTESIAN_POINT ( 'NONE',  ( 2.999999999999999112, -2.999999999999997335, 5.300000000000000711 ) ) ;
#4064 = CARTESIAN_POINT ( 'NONE',  ( -7.500000000000001776, 6.499999999999998224, 0.4000000000000010214 ) ) ;
#4065 = EDGE_CURVE ( 'NONE', #7345, #166, #5870, .T. ) ;
#4066 = CARTESIAN_POINT ( 'NONE',  ( 1.999999999999999112, 0.4000000000000017986, 5.300000000000000711 ) ) ;
#4067 = EDGE_CURVE ( 'NONE', #2280, #8385, #3916, .T. ) ;
#4068 = VERTEX_POINT ( 'NONE', #4596 ) ;
#4069 = ORIENTED_EDGE ( 'NONE', *, *, #7972, .F. ) ;
#4070 = AXIS2_PLACEMENT_3D ( 'NONE', #662, #4609, #6485 ) ;
#4071 = ORIENTED_EDGE ( 'NONE', *, *, #7554, .F. ) ;
#4072 = LINE ( 'NONE', #3338, #5540 ) ;
#4073 = FACE_BOUND ( 'NONE', #8071, .T. ) ;
#4074 = SHAPE_REPRESENTATION ( 'SDS-50J_2', ( #7933 ), #6835 ) ;
#4075 = VERTEX_POINT ( 'NONE', #693 ) ;
#4076 = DIRECTION ( 'NONE',  ( 0.000000000000000000, 0.000000000000000000, 1.000000000000000000 ) ) ;
#4077 = CARTESIAN_POINT ( 'NONE',  ( -10.00000000000000355, -3.366025403784456582, -5.100000000000000533 ) ) ;
#4078 = VECTOR ( 'NONE', #2414, 1000.000000000000000 ) ;
#4079 = CARTESIAN_POINT ( 'NONE',  ( -8.673617379884035472E-16, -1.836970198721030378E-15, -0.4000000000000012434 ) ) ;
#4080 = CARTESIAN_POINT ( 'NONE',  ( -4.407966415290564655, 5.424564683621931671, -7.900000000000000355 ) ) ;
#4081 = DIRECTION ( 'NONE',  ( -0.000000000000000000, -0.000000000000000000, -1.000000000000000000 ) ) ;
#4082 = ORIENTED_EDGE ( 'NONE', *, *, #7390, .T. ) ;
#4083 = VECTOR ( 'NONE', #560, 1000.000000000000000 ) ;
#4084 = CARTESIAN_POINT ( 'NONE',  ( -4.372290427379582844, 9.834816353806964173, 7.900000000000000355 ) ) ;
#4085 = VERTEX_POINT ( 'NONE', #2016 ) ;
#4086 = CARTESIAN_POINT ( 'NONE',  ( 0.000000000000000000, 10.00000000000000000, 1.100000000000001199 ) ) ;
#4087 = CARTESIAN_POINT ( 'NONE',  ( 3.447145558284425704, 5.845747660529039713, 1.100000000000001199 ) ) ;
#4088 = VERTEX_POINT ( 'NONE', #4639 ) ;
#4089 = AXIS2_PLACEMENT_3D ( 'NONE', #2778, #5393, #8012 ) ;
#4090 = DIRECTION ( 'NONE',  ( -0.7071067811865469066, -0.7071067811865482389, 0.000000000000000000 ) ) ;
#4091 = EDGE_CURVE ( 'NONE', #1028, #1916, #650, .T. ) ;
#4092 = CARTESIAN_POINT ( 'NONE',  ( 2.499999999999999556, 9.147350469337284906, -4.599999999999999645 ) ) ;
#4093 = DIRECTION ( 'NONE',  ( 0.000000000000000000, 0.000000000000000000, 1.000000000000000000 ) ) ;
#4094 = ORIENTED_EDGE ( 'NONE', *, *, #2472, .T. ) ;
#4095 = CARTESIAN_POINT ( 'NONE',  ( -10.00000000000000355, -3.366025403784455694, -5.100000000000004086 ) ) ;
#4096 = ADVANCED_FACE ( 'NONE', ( #5879 ), #7563, .F. ) ;
#4097 = VECTOR ( 'NONE', #3573, 1000.000000000000000 ) ;
#4098 = FACE_BOUND ( 'NONE', #8007, .T. ) ;
#4099 = ORIENTED_EDGE ( 'NONE', *, *, #5253, .F. ) ;
#4100 = CARTESIAN_POINT ( 'NONE',  ( 5.179378605318053275, 9.027728175868498184, 7.900000000000036771 ) ) ;
#4101 = EDGE_CURVE ( 'NONE', #7996, #2280, #4955, .T. ) ;
#4102 = CARTESIAN_POINT ( 'NONE',  ( -2.499999999999998668, -3.499999999999998668, 5.300000000000000711 ) ) ;
#4103 = ORIENTED_EDGE ( 'NONE', *, *, #3725, .F. ) ;
#4104 = ADVANCED_FACE ( 'NONE', ( #1839 ), #5827, .F. ) ;
#4105 = LINE ( 'NONE', #6580, #7713 ) ;
#4106 = CARTESIAN_POINT ( 'NONE',  ( 7.299999999999998046, -3.500000000000003553, -4.599999999999999645 ) ) ;
#4107 = PRODUCT_DEFINITION_CONTEXT ( 'detailed design', #7785, 'design' ) ;
#4108 = DIRECTION ( 'NONE',  ( 0.7071067811865463515, 0.7071067811865486830, 0.000000000000000000 ) ) ;
#4109 = ORIENTED_EDGE ( 'NONE', *, *, #4651, .T. ) ;
#4110 = ORIENTED_EDGE ( 'NONE', *, *, #1865, .F. ) ;
#4111 = AXIS2_PLACEMENT_3D ( 'NONE', #827, #3442, #7341 ) ;
#4112 = EDGE_CURVE ( 'NONE', #4425, #8424, #8345, .T. ) ;
#4113 = ORIENTED_EDGE ( 'NONE', *, *, #2946, .F. ) ;
#4114 = CARTESIAN_POINT ( 'NONE',  ( -6.907811268317345821, 3.989513734881517060, -6.250000000000000000 ) ) ;
#4115 = EDGE_CURVE ( 'NONE', #3374, #2102, #7442, .T. ) ;
#4116 = ORIENTED_EDGE ( 'NONE', *, *, #4367, .F. ) ;
#4117 = CARTESIAN_POINT ( 'NONE',  ( 0.1998448530267822598, 7.249999999999999112, -4.100000000000000533 ) ) ;
#4118 = CARTESIAN_POINT ( 'NONE',  ( -1.969028027992764551, 8.721166065210621099, -7.500000000000001776 ) ) ;
#4119 = ORIENTED_EDGE ( 'NONE', *, *, #7922, .T. ) ;
#4120 = DIRECTION ( 'NONE',  ( -0.7071067811865489050, -0.7071067811865460184, 0.000000000000000000 ) ) ;
#4121 = EDGE_CURVE ( 'NONE', #245, #6776, #3958, .T. ) ;
#4122 = LINE ( 'NONE', #1375, #4492 ) ;
#4123 = SHAPE_DEFINITION_REPRESENTATION ( #1318, #5213 ) ;
#4124 = CARTESIAN_POINT ( 'NONE',  ( 1.999999999999999556, -2.999999999999998224, 5.500000000000000888 ) ) ;
#4125 = FACE_OUTER_BOUND ( 'NONE', #1682, .T. ) ;
#4126 = ORIENTED_EDGE ( 'NONE', *, *, #4978, .T. ) ;
#4127 = DIRECTION ( 'NONE',  ( -0.000000000000000000, 0.000000000000000000, 1.000000000000000000 ) ) ;
#4128 = ORIENTED_EDGE ( 'NONE', *, *, #8267, .F. ) ;
#4129 = CARTESIAN_POINT ( 'NONE',  ( -8.425000000000002487, 6.499999999999998224, 0.4000000000000011324 ) ) ;
#4130 = DIRECTION ( 'NONE',  ( 0.000000000000000000, 0.000000000000000000, 1.000000000000000000 ) ) ;
#4131 = ORIENTED_EDGE ( 'NONE', *, *, #4277, .T. ) ;
#4132 = DIRECTION ( 'NONE',  ( -2.712609697133924531E-16, 1.000000000000000000, 0.000000000000000000 ) ) ;
#4133 = DIRECTION ( 'NONE',  ( -1.000000000000000000, 0.000000000000000000, 0.000000000000000000 ) ) ;
#4134 = CARTESIAN_POINT ( 'NONE',  ( 0.1998448530267828149, -3.500000000000010214, -4.599999999999999645 ) ) ;
#4135 = LINE ( 'NONE', #2798, #7851 ) ;
#4136 = EDGE_CURVE ( 'NONE', #7034, #6534, #3311, .T. ) ;
#4137 = EDGE_CURVE ( 'NONE', #3669, #3815, #5926, .T. ) ;
#4138 = ORIENTED_EDGE ( 'NONE', *, *, #5716, .F. ) ;
#4139 = DIRECTION ( 'NONE',  ( 0.7071067811865460184, -0.7071067811865490160, 0.000000000000000000 ) ) ;
#4140 = DIRECTION ( 'NONE',  ( -0.000000000000000000, -1.000000000000000000, 0.000000000000000000 ) ) ;
#4141 = VERTEX_POINT ( 'NONE', #736 ) ;
#4142 = DIRECTION ( 'NONE',  ( -0.000000000000000000, -0.000000000000000000, 1.000000000000000000 ) ) ;
#4143 = CARTESIAN_POINT ( 'NONE',  ( -7.699999999999988631, -3.339342691255364306E-15, -4.100000000000000533 ) ) ;
#4144 = ORIENTED_EDGE ( 'NONE', *, *, #2297, .F. ) ;
#4145 = DIRECTION ( 'NONE',  ( -6.982962677686266711E-15, 1.282749433769087407E-30, 1.000000000000000000 ) ) ;
#4146 = CARTESIAN_POINT ( 'NONE',  ( 0.1998448530267820655, 2.799999999999998046, -4.599999999999999645 ) ) ;
#4147 = UNCERTAINTY_MEASURE_WITH_UNIT (LENGTH_MEASURE( 1.000000000000000082E-05 ), #6938, 'distance_accuracy_value', 'NONE');
#4148 = DIRECTION ( 'NONE',  ( -1.000000000000000000, -1.085043878853569812E-15, 0.000000000000000000 ) ) ;
#4149 = ORIENTED_EDGE ( 'NONE', *, *, #2693, .T. ) ;
#4150 = ORIENTED_EDGE ( 'NONE', *, *, #1086, .F. ) ;
#4151 = ORIENTED_EDGE ( 'NONE', *, *, #5855, .T. ) ;
#4152 = PLANE ( 'NONE',  #4748 ) ;
#4153 = CARTESIAN_POINT ( 'NONE',  ( -2.474873734152920779, 7.525126265847087659, 1.100000000000001199 ) ) ;
#4154 = CARTESIAN_POINT ( 'NONE',  ( -3.447145558284426148, 5.845747660529039713, -3.654908379606660596 ) ) ;
#4155 = EDGE_CURVE ( 'NONE', #6292, #6583, #6688, .T. ) ;
#4156 = ORIENTED_EDGE ( 'NONE', *, *, #5072, .F. ) ;
#4157 = EDGE_CURVE ( 'NONE', #4332, #2320, #7287, .T. ) ;
#4158 = CIRCLE ( 'NONE', #4830, 8.000000000000000000 ) ;
#4159 = CARTESIAN_POINT ( 'NONE',  ( 2.999999999999999556, 1.500000000000002220, 5.300000000000000711 ) ) ;
#4160 = AXIS2_PLACEMENT_3D ( 'NONE', #3969, #1937, #3878 ) ;
#4161 = VECTOR ( 'NONE', #8318, 1000.000000000000000 ) ;
#4162 = CARTESIAN_POINT ( 'NONE',  ( 6.907811268317344933, 3.989513734881517060, -6.250000000000000000 ) ) ;
#4163 = LINE ( 'NONE', #4124, #6604 ) ;
#4164 = VECTOR ( 'NONE', #583, 1000.000000000000000 ) ;
#4165 = LINE ( 'NONE', #6120, #6197 ) ;
#4166 = EDGE_CURVE ( 'NONE', #1624, #2392, #3341, .T. ) ;
#4167 = EDGE_LOOP ( 'NONE', ( #6229, #2093, #5012, #5298 ) ) ;
#4168 = VECTOR ( 'NONE', #7725, 1000.000000000000000 ) ;
#4169 = CONICAL_SURFACE ( 'NONE', #1822, 0.9999999999999974465, 0.7853981633974504994 ) ;
#4170 = AXIS2_PLACEMENT_3D ( 'NONE', #1139, #8419, #5675 ) ;
#4171 = DIRECTION ( 'NONE',  ( -0.7798598600361770217, -0.6259541506407274580, 0.000000000000000000 ) ) ;
#4172 = ORIENTED_EDGE ( 'NONE', *, *, #7300, .F. ) ;
#4173 = CARTESIAN_POINT ( 'NONE',  ( 4.800155146973217768, 0.8000000000000008216, -7.599999999999999645 ) ) ;
#4174 = DIRECTION ( 'NONE',  ( 0.000000000000000000, 0.000000000000000000, 1.000000000000000000 ) ) ;
#4175 = ORIENTED_EDGE ( 'NONE', *, *, #2053, .F. ) ;
#4176 = LINE ( 'NONE', #7898, #2308 ) ;
#4177 = LINE ( 'NONE', #3564, #6561 ) ;
#4178 = DIRECTION ( 'NONE',  ( 0.000000000000000000, 0.000000000000000000, 1.000000000000000000 ) ) ;
#4179 = AXIS2_PLACEMENT_3D ( 'NONE', #3940, #2386, #1026 ) ;
#4180 = AXIS2_PLACEMENT_3D ( 'NONE', #8073, #6009, #834 ) ;
#4181 = PLANE ( 'NONE',  #5783 ) ;
#4182 = DIRECTION ( 'NONE',  ( -0.000000000000000000, 1.000000000000000000, 0.000000000000000000 ) ) ;
#4183 = DIRECTION ( 'NONE',  ( 0.000000000000000000, 0.000000000000000000, 1.000000000000000000 ) ) ;
#4184 = EDGE_CURVE ( 'NONE', #1271, #7553, #734, .T. ) ;
#4185 = AXIS2_PLACEMENT_3D ( 'NONE', #3888, #4527, #7001 ) ;
#4186 = ORIENTED_EDGE ( 'NONE', *, *, #1818, .T. ) ;
#4187 = FACE_OUTER_BOUND ( 'NONE', #5541, .T. ) ;
#4188 = ORIENTED_EDGE ( 'NONE', *, *, #6968, .F. ) ;
#4189 = CARTESIAN_POINT ( 'NONE',  ( -2.812186117670661734, 10.19792651016505758, -4.100000000000000533 ) ) ;
#4190 = CARTESIAN_POINT ( 'NONE',  ( 9.200000000000001066, 0.000000000000000000, -6.250000000000000000 ) ) ;
#4191 = COLOUR_RGB ( '',0.6470588235294117974, 0.6196078431372549211, 0.5882352941176470784 ) ;
#4192 = AXIS2_PLACEMENT_3D ( 'NONE', #1114, #1631, #381 ) ;
#4193 = ORIENTED_EDGE ( 'NONE', *, *, #4960, .F. ) ;
#4194 = ORIENTED_EDGE ( 'NONE', *, *, #6533, .T. ) ;
#4195 = AXIS2_PLACEMENT_3D ( 'NONE', #7511, #4898, #1757 ) ;
#4196 = EDGE_LOOP ( 'NONE', ( #2268, #1357, #4265, #5623 ) ) ;
#4197 = LINE ( 'NONE', #8000, #7614 ) ;
#4198 = CARTESIAN_POINT ( 'NONE',  ( -8.425000000000002487, 6.499999999999998224, 0.4000000000000011324 ) ) ;
#4199 = DIRECTION ( 'NONE',  ( 1.000000000000000000, 0.000000000000000000, 0.000000000000000000 ) ) ;
#4200 = EDGE_CURVE ( 'NONE', #2947, #4467, #2747, .T. ) ;
#4201 = DIRECTION ( 'NONE',  ( -0.000000000000000000, -0.000000000000000000, -1.000000000000000000 ) ) ;
#4202 = VERTEX_POINT ( 'NONE', #5481 ) ;
#4203 = AXIS2_PLACEMENT_3D ( 'NONE', #3409, #6095, #8109 ) ;
#4204 = CARTESIAN_POINT ( 'NONE',  ( -2.280971972007237891, 8.971547725466914258, -7.734314575050764695 ) ) ;
#4205 = EDGE_CURVE ( 'NONE', #6750, #3989, #251, .T. ) ;
#4206 = CARTESIAN_POINT ( 'NONE',  ( 4.407966415290564655, 5.424564683621931671, -7.900000000000000355 ) ) ;
#4207 = COLOUR_RGB ( '',0.2509803921568627416, 0.2509803921568627416, 0.2509803921568627416 ) ;
#4208 = ADVANCED_FACE ( 'NONE', ( #6081 ), #5443, .T. ) ;
#4209 = DIRECTION ( 'NONE',  ( 0.7071067811865487940, -0.7071067811865463515, 0.000000000000000000 ) ) ;
#4210 = VERTEX_POINT ( 'NONE', #5957 ) ;
#4211 = CARTESIAN_POINT ( 'NONE',  ( 4.800155146973216880, 0.8000000000000029310, -6.599999999999996092 ) ) ;
#4212 = VERTEX_POINT ( 'NONE', #2097 ) ;
#4213 = LINE ( 'NONE', #985, #1330 ) ;
#4214 = CARTESIAN_POINT ( 'NONE',  ( 7.416198487095662983, 6.999999999999999112, 6.100000000000001421 ) ) ;
#4215 = EDGE_CURVE ( 'NONE', #4332, #5147, #210, .T. ) ;
#4216 = ORIENTED_EDGE ( 'NONE', *, *, #65, .T. ) ;
#4217 = CARTESIAN_POINT ( 'NONE',  ( -3.199999999999999734, 1.500000000000000444, 7.900000000000000355 ) ) ;
#4218 = ADVANCED_FACE ( 'NONE', ( #2222 ), #2787, .T. ) ;
#4219 = CARTESIAN_POINT ( 'NONE',  ( 0.000000000000000000, 10.00000000000000000, 6.100000000000001421 ) ) ;
#4220 = CARTESIAN_POINT ( 'NONE',  ( 2.474873734152920779, 7.525126265847087659, -3.654908379606660596 ) ) ;
#4221 = DIRECTION ( 'NONE',  ( -8.221438274771596517E-17, -1.000000000000000000, 0.000000000000000000 ) ) ;
#4222 = AXIS2_PLACEMENT_3D ( 'NONE', #4974, #389, #5743 ) ;
#4223 = DIRECTION ( 'NONE',  ( 0.000000000000000000, -0.000000000000000000, -1.000000000000000000 ) ) ;
#4224 = AXIS2_PLACEMENT_3D ( 'NONE', #132, #1546, #6606 ) ;
#4225 = DIRECTION ( 'NONE',  ( 0.000000000000000000, -1.000000000000000000, 0.000000000000000000 ) ) ;
#4226 = VERTEX_POINT ( 'NONE', #4084 ) ;
#4227 = CARTESIAN_POINT ( 'NONE',  ( -5.299999999999990941, 2.799999999999992717, -4.100000000000000533 ) ) ;
#4228 = EDGE_CURVE ( 'NONE', #6943, #5258, #1287, .T. ) ;
#4229 = DIRECTION ( 'NONE',  ( -1.262516554967624637E-15, -1.000000000000000000, -0.000000000000000000 ) ) ;
#4230 = VERTEX_POINT ( 'NONE', #7377 ) ;
#4231 = DIRECTION ( 'NONE',  ( -1.000000000000000000, -0.000000000000000000, -0.000000000000000000 ) ) ;
#4232 = CARTESIAN_POINT ( 'NONE',  ( -2.800155146973221765, 4.235050948740416210, -4.100000000000000533 ) ) ;
#4233 = EDGE_LOOP ( 'NONE', ( #7207, #5486, #8288, #944 ) ) ;
#4234 = VERTEX_POINT ( 'NONE', #6775 ) ;
#4235 = ORIENTED_EDGE ( 'NONE', *, *, #8135, .T. ) ;
#4236 = DIRECTION ( 'NONE',  ( -8.378071034579744696E-16, 0.9659258262890703106, -0.2588190451025131900 ) ) ;
#4237 = CARTESIAN_POINT ( 'NONE',  ( -2.474873734152920779, 7.525126265847087659, -3.654908379606660596 ) ) ;
#4238 = DIRECTION ( 'NONE',  ( -1.000000000000000000, 0.000000000000000000, 0.000000000000000000 ) ) ;
#4239 = DIRECTION ( 'NONE',  ( 0.000000000000000000, 0.000000000000000000, -1.000000000000000000 ) ) ;
#4240 = ADVANCED_FACE ( 'NONE', ( #4720 ), #5400, .F. ) ;
#4241 = ORIENTED_EDGE ( 'NONE', *, *, #8163, .T. ) ;
#4242 = EDGE_CURVE ( 'NONE', #4693, #4547, #3892, .T. ) ;
#4243 = DIRECTION ( 'NONE',  ( 0.5947568674407587297, 0.8039056341586714449, 0.000000000000000000 ) ) ;
#4244 = CARTESIAN_POINT ( 'NONE',  ( 0.8749999999999983347, -1.078101158303108245E-16, 6.100000000000001421 ) ) ;
#4245 = CARTESIAN_POINT ( 'NONE',  ( 0.000000000000000000, 10.00000000000000000, 7.900000000000000355 ) ) ;
#4246 = EDGE_CURVE ( 'NONE', #358, #1201, #1505, .T. ) ;
#4247 = ORIENTED_EDGE ( 'NONE', *, *, #4966, .F. ) ;
#4248 = CARTESIAN_POINT ( 'NONE',  ( 0.000000000000000000, 2.799999999999999378, -6.250000000000000000 ) ) ;
#4249 = EDGE_CURVE ( 'NONE', #7137, #5233, #6124, .T. ) ;
#4250 = ORIENTED_EDGE ( 'NONE', *, *, #706, .F. ) ;
#4251 = LINE ( 'NONE', #6366, #2002 ) ;
#4252 = CARTESIAN_POINT ( 'NONE',  ( 3.499999999999999556, 10.75000000000000000, -4.599999999999999645 ) ) ;
#4253 = VERTEX_POINT ( 'NONE', #1380 ) ;
#4254 = DIRECTION ( 'NONE',  ( 0.000000000000000000, 0.000000000000000000, 1.000000000000000000 ) ) ;
#4255 = CARTESIAN_POINT ( 'NONE',  ( -7.229373521980811290, 4.227416481857816599, -4.100000000000000533 ) ) ;
#4256 = DIRECTION ( 'NONE',  ( 1.000000000000000000, 0.000000000000000000, 0.000000000000000000 ) ) ;
#4257 = ADVANCED_FACE ( 'NONE', ( #7334 ), #2058, .F. ) ;
#4258 = CARTESIAN_POINT ( 'NONE',  ( -0.1998448530267817047, 0.7999999999999983791, -6.250000000000000000 ) ) ;
#4259 = CYLINDRICAL_SURFACE ( 'NONE', #8004, 7.000000000000000888 ) ;
#4260 = EDGE_LOOP ( 'NONE', ( #718, #3557 ) ) ;
#4261 = FACE_OUTER_BOUND ( 'NONE', #6993, .T. ) ;
#4262 = PLANE ( 'NONE',  #4630 ) ;
#4263 = ORIENTED_EDGE ( 'NONE', *, *, #6502, .F. ) ;
#4264 = CARTESIAN_POINT ( 'NONE',  ( -2.612207103729881741, 9.999999999999998224, 1.100000000000001199 ) ) ;
#4265 = ORIENTED_EDGE ( 'NONE', *, *, #3567, .T. ) ;
#4266 = ORIENTED_EDGE ( 'NONE', *, *, #1277, .T. ) ;
#4267 = EDGE_CURVE ( 'NONE', #5939, #2550, #3400, .T. ) ;
#4268 = ORIENTED_EDGE ( 'NONE', *, *, #58, .F. ) ;
#4269 = DIRECTION ( 'NONE',  ( 0.000000000000000000, 0.000000000000000000, 1.000000000000000000 ) ) ;
#4270 = ORIENTED_EDGE ( 'NONE', *, *, #6240, .F. ) ;
#4271 = LINE ( 'NONE', #1013, #6091 ) ;
#4272 = PRODUCT_CONTEXT ( 'NONE', #1339, 'mechanical' ) ;
#4273 = DIRECTION ( 'NONE',  ( 0.000000000000000000, -1.000000000000000000, 0.000000000000000000 ) ) ;
#4274 = FACE_BOUND ( 'NONE', #1223, .T. ) ;
#4275 = ORIENTED_EDGE ( 'NONE', *, *, #51, .T. ) ;
#4276 = EDGE_CURVE ( 'NONE', #6570, #4075, #4919, .T. ) ;
#4277 = EDGE_CURVE ( 'NONE', #620, #335, #3647, .T. ) ;
#4278 = CARTESIAN_POINT ( 'NONE',  ( 4.407966415290564655, 5.424564683621931671, -4.100000000000000533 ) ) ;
#4279 = CARTESIAN_POINT ( 'NONE',  ( -7.809923976848165417, 5.985126513463341347, 7.700000000000005507 ) ) ;
#4280 = VECTOR ( 'NONE', #5478, 1000.000000000000000 ) ;
#4281 = ORIENTED_EDGE ( 'NONE', *, *, #6857, .T. ) ;
#4282 = VECTOR ( 'NONE', #6388, 1000.000000000000114 ) ;
#4283 = SHAPE_REPRESENTATION ( 'SDS-50J_1', ( #5328, #3833, #6422, #6011, #2317, #7105, #2600, #4792, #3007, #7393 ), #1907 ) ;
#4284 = CARTESIAN_POINT ( 'NONE',  ( 2.812186117670660845, 10.19792651016505580, -4.100000000000000533 ) ) ;
#4285 = VECTOR ( 'NONE', #5101, 1000.000000000000114 ) ;
#4286 = ORIENTED_EDGE ( 'NONE', *, *, #2979, .T. ) ;
#4287 = DIRECTION ( 'NONE',  ( -0.000000000000000000, -0.000000000000000000, 1.000000000000000000 ) ) ;
#4288 = VECTOR ( 'NONE', #1906, 1000.000000000000000 ) ;
#4289 = ORIENTED_EDGE ( 'NONE', *, *, #637, .F. ) ;
#4290 = CARTESIAN_POINT ( 'NONE',  ( 8.609923976848167015, 5.985126513463341347, 1.900000000000001021 ) ) ;
#4291 = CARTESIAN_POINT ( 'NONE',  ( -10.00000000000000178, -3.500000000000018652, -4.599999999999999645 ) ) ;
#4292 = DIRECTION ( 'NONE',  ( -0.000000000000000000, -0.000000000000000000, 1.000000000000000000 ) ) ;
#4293 = VECTOR ( 'NONE', #1549, 1000.000000000000227 ) ;
#4294 = CIRCLE ( 'NONE', #592, 0.8000000000000003775 ) ;
#4295 = AXIS2_PLACEMENT_3D ( 'NONE', #7829, #7100, #5127 ) ;
#4296 = LINE ( 'NONE', #8153, #586 ) ;
#4297 = DIRECTION ( 'NONE',  ( 1.836970198721029688E-16, -1.000000000000000000, -0.000000000000000000 ) ) ;
#4298 = VECTOR ( 'NONE', #2219, 1000.000000000000000 ) ;
#4299 = ORIENTED_EDGE ( 'NONE', *, *, #5694, .F. ) ;
#4300 = AXIS2_PLACEMENT_3D ( 'NONE', #8194, #425, #3787 ) ;
#4301 = CARTESIAN_POINT ( 'NONE',  ( 0.1998448530267814827, 0.7999999999999994893, -6.250000000000000000 ) ) ;
#4302 = CARTESIAN_POINT ( 'NONE',  ( -0.1998448530267822598, 0.8000000000000000444, -4.599999999999999645 ) ) ;
#4303 = ORIENTED_EDGE ( 'NONE', *, *, #5869, .T. ) ;
#4304 = VECTOR ( 'NONE', #1190, 1000.000000000000000 ) ;
#4305 = CARTESIAN_POINT ( 'NONE',  ( -1.587080837882802742, 7.525126265847087659, 1.100000000000001199 ) ) ;
#4306 = ADVANCED_FACE ( 'NONE', ( #2963 ), #3034, .T. ) ;
#4307 = CARTESIAN_POINT ( 'NONE',  ( 0.5098116976312494497, 7.226820651623236280, 7.900000000000000355 ) ) ;
#4308 = PRESENTATION_LAYER_ASSIGNMENT (  '', '', ( #6772 ) ) ;
#4309 = VECTOR ( 'NONE', #7896, 1000.000000000000000 ) ;
#4310 = ORIENTED_EDGE ( 'NONE', *, *, #2162, .F. ) ;
#4311 = ORIENTED_EDGE ( 'NONE', *, *, #301, .F. ) ;
#4312 = ORIENTED_EDGE ( 'NONE', *, *, #8159, .T. ) ;
#4313 =( NAMED_UNIT ( * ) PLANE_ANGLE_UNIT ( ) SI_UNIT ( $, .RADIAN. ) );
#4314 = CARTESIAN_POINT ( 'NONE',  ( -2.999999999999999112, -2.999999999999999556, 5.300000000000000711 ) ) ;
#4315 = ORIENTED_EDGE ( 'NONE', *, *, #1813, .F. ) ;
#4316 = EDGE_CURVE ( 'NONE', #6699, #1872, #4954, .T. ) ;
#4317 = PLANE ( 'NONE',  #203 ) ;
#4318 = COLOUR_RGB ( '',0.6470588235294117974, 0.6196078431372549211, 0.5882352941176470784 ) ;
#4319 = APPLICATION_PROTOCOL_DEFINITION ( 'draft international standard', 'automotive_design', 1998, #5435 ) ;
#4320 = PLANE ( 'NONE',  #1144 ) ;
#4321 = EDGE_CURVE ( 'NONE', #7877, #6732, #415, .T. ) ;
#4322 = PLANE ( 'NONE',  #3736 ) ;
#4323 = VECTOR ( 'NONE', #4582, 1000.000000000000000 ) ;
#4324 = ORIENTED_EDGE ( 'NONE', *, *, #5565, .F. ) ;
#4325 = VECTOR ( 'NONE', #686, 1000.000000000000000 ) ;
#4326 = VECTOR ( 'NONE', #5572, 1000.000000000000000 ) ;
#4327 = ADVANCED_FACE ( 'NONE', ( #7536 ), #4169, .F. ) ;
#4328 = DIRECTION ( 'NONE',  ( 1.232115609489269207E-16, 1.000000000000000000, 0.000000000000000000 ) ) ;
#4329 = FACE_OUTER_BOUND ( 'NONE', #276, .T. ) ;
#4330 = AXIS2_PLACEMENT_3D ( 'NONE', #4810, #2756, #3536 ) ;
#4331 = ORIENTED_EDGE ( 'NONE', *, *, #914, .F. ) ;
#4332 = VERTEX_POINT ( 'NONE', #4284 ) ;
#4333 = LINE ( 'NONE', #8217, #1684 ) ;
#4334 = VERTEX_POINT ( 'NONE', #2999 ) ;
#4335 =( GEOMETRIC_REPRESENTATION_CONTEXT ( 3 ) GLOBAL_UNCERTAINTY_ASSIGNED_CONTEXT ( ( #2384 ) ) GLOBAL_UNIT_ASSIGNED_CONTEXT ( ( #7316, #3513, #6021 ) ) REPRESENTATION_CONTEXT ( 'NONE', 'WORKASPACE' ) );
#4336 = VERTEX_POINT ( 'NONE', #4211 ) ;
#4337 = DIRECTION ( 'NONE',  ( -0.000000000000000000, -1.000000000000000000, 0.000000000000000000 ) ) ;
#4338 = LINE ( 'NONE', #6939, #4970 ) ;
#4339 =( BOUNDED_CURVE ( )  B_SPLINE_CURVE ( 3, ( #1264, #4395, #6443, #6997 ),
 .UNSPECIFIED., .F., .T. ) 
 B_SPLINE_CURVE_WITH_KNOTS ( ( 4, 4 ),
 ( 1.570796326794900777, 3.141592653589793116 ),
 .UNSPECIFIED. ) 
 CURVE ( )  GEOMETRIC_REPRESENTATION_ITEM ( )  RATIONAL_B_SPLINE_CURVE ( ( 1.000000000000000000, 0.8047378541243659367, 0.8047378541243659367, 1.000000000000000000 ) ) 
 REPRESENTATION_ITEM ( '' )  );
#4340 = PLANE ( 'NONE',  #171 ) ;
#4341 = EDGE_CURVE ( 'NONE', #7910, #4563, #4843, .T. ) ;
#4342 = ORIENTED_EDGE ( 'NONE', *, *, #4246, .F. ) ;
#4343 = CARTESIAN_POINT ( 'NONE',  ( 5.899999999999999467, 10.00000000000000000, 7.900000000000000355 ) ) ;
#4344 = VERTEX_POINT ( 'NONE', #5640 ) ;
#4345 = DIRECTION ( 'NONE',  ( -0.000000000000000000, -0.000000000000000000, 1.000000000000000000 ) ) ;
#4346 = CARTESIAN_POINT ( 'NONE',  ( -10.00000000000000355, 0.7999999999999976019, -4.599999999999999645 ) ) ;
#4347 = VERTEX_POINT ( 'NONE', #458 ) ;
#4348 = AXIS2_PLACEMENT_3D ( 'NONE', #6539, #1992, #754 ) ;
#4349 = LINE ( 'NONE', #6346, #6883 ) ;
#4350 = DIRECTION ( 'NONE',  ( 0.000000000000000000, 0.000000000000000000, 1.000000000000000000 ) ) ;
#4351 = EDGE_CURVE ( 'NONE', #4725, #7732, #1589, .T. ) ;
#4352 = VERTEX_POINT ( 'NONE', #1742 ) ;
#4353 = PRODUCT ( 'SDS-50J_3', 'SDS-50J_3', '', ( #1189 ) ) ;
#4354 = ORIENTED_EDGE ( 'NONE', *, *, #3089, .F. ) ;
#4355 = EDGE_CURVE ( 'NONE', #6354, #1470, #4333, .T. ) ;
#4356 = EDGE_CURVE ( 'NONE', #1717, #6374, #6933, .T. ) ;
#4357 = ORIENTED_EDGE ( 'NONE', *, *, #6509, .T. ) ;
#4358 = CARTESIAN_POINT ( 'NONE',  ( -0.7999999999999993783, 19.50000000000000000, 6.100000000000001421 ) ) ;
#4359 = CARTESIAN_POINT ( 'NONE',  ( 1.602583306773337046, 7.690309912040123486, 7.900000000000000355 ) ) ;
#4360 = ORIENTED_EDGE ( 'NONE', *, *, #1244, .F. ) ;
#4361 = LINE ( 'NONE', #8416, #1711 ) ;
#4362 = VECTOR ( 'NONE', #3350, 1000.000000000000000 ) ;
#4363 = PRODUCT_CONTEXT ( 'NONE', #6585, 'mechanical' ) ;
#4364 = LINE ( 'NONE', #1269, #2245 ) ;
#4365 = DIRECTION ( 'NONE',  ( -0.7798598600361773547, 0.6259541506407267919, 0.000000000000000000 ) ) ;
#4366 = VERTEX_POINT ( 'NONE', #3691 ) ;
#4367 = EDGE_CURVE ( 'NONE', #2125, #3412, #3083, .T. ) ;
#4368 = ADVANCED_FACE ( 'NONE', ( #5686 ), #6892, .F. ) ;
#4369 = VECTOR ( 'NONE', #2030, 1000.000000000000000 ) ;
#4370 = FACE_OUTER_BOUND ( 'NONE', #2056, .T. ) ;
#4371 = DIRECTION ( 'NONE',  ( 0.000000000000000000, 0.000000000000000000, 1.000000000000000000 ) ) ;
#4372 = VECTOR ( 'NONE', #7798, 1000.000000000000000 ) ;
#4373 = ORIENTED_EDGE ( 'NONE', *, *, #5631, .F. ) ;
#4374 = CARTESIAN_POINT ( 'NONE',  ( -1.749999999999999778, 0.000000000000000000, -6.250000000000000000 ) ) ;
#4375 = EDGE_LOOP ( 'NONE', ( #4822, #2192, #5689, #2792 ) ) ;
#4376 = ORIENTED_EDGE ( 'NONE', *, *, #7676, .F. ) ;
#4377 = CARTESIAN_POINT ( 'NONE',  ( -2.527728175868492411, 11.67937860531804972, 1.100000000000001199 ) ) ;
#4378 =( LENGTH_UNIT ( ) NAMED_UNIT ( * ) SI_UNIT ( .MILLI., .METRE. ) );
#4379 = DIRECTION ( 'NONE',  ( -1.000000000000000000, 0.000000000000000000, 0.000000000000000000 ) ) ;
#4380 = CARTESIAN_POINT ( 'NONE',  ( -6.907811268317339604, 3.989513734881513507, -4.100000000000000533 ) ) ;
#4381 = CARTESIAN_POINT ( 'NONE',  ( -1.999999999999999112, 1.788933584601082316E-15, 5.300000000000000711 ) ) ;
#4382 = EDGE_LOOP ( 'NONE', ( #2327, #5715, #1570, #2366 ) ) ;
#4383 = CARTESIAN_POINT ( 'NONE',  ( 5.899999999999999467, 10.00000000000000000, 6.100000000000001421 ) ) ;
#4384 = ORIENTED_EDGE ( 'NONE', *, *, #6337, .T. ) ;
#4385 = DIRECTION ( 'NONE',  ( 1.000000000000000000, -0.000000000000000000, 0.000000000000000000 ) ) ;
#4386 = LINE ( 'NONE', #517, #3399 ) ;
#4387 = EDGE_LOOP ( 'NONE', ( #4311, #2731, #4931, #5585 ) ) ;
#4388 = EDGE_CURVE ( 'NONE', #7997, #253, #8300, .T. ) ;
#4389 = EDGE_CURVE ( 'NONE', #432, #3687, #7463, .T. ) ;
#4390 = DIRECTION ( 'NONE',  ( 1.000000000000000000, 0.000000000000000000, 0.000000000000000000 ) ) ;
#4391 = CARTESIAN_POINT ( 'NONE',  ( 2.812186117670662622, 10.19792651016505580, -4.100000000000000533 ) ) ;
#4392 = ORIENTED_EDGE ( 'NONE', *, *, #6185, .T. ) ;
#4393 = ORIENTED_EDGE ( 'NONE', *, *, #7426, .T. ) ;
#4394 = VERTEX_POINT ( 'NONE', #7499 ) ;
#4395 = CARTESIAN_POINT ( 'NONE',  ( 2.067647074549038955, 8.587867214029483165, -7.900000000000000355 ) ) ;
#4396 = LINE ( 'NONE', #7091, #7621 ) ;
#4397 = ORIENTED_EDGE ( 'NONE', *, *, #3462, .F. ) ;
#4398 = DIRECTION ( 'NONE',  ( -0.000000000000000000, -0.000000000000000000, -1.000000000000000000 ) ) ;
#4399 = APPLICATION_PROTOCOL_DEFINITION ( 'draft international standard', 'automotive_design', 1998, #6585 ) ;
#4400 = LINE ( 'NONE', #7003, #6199 ) ;
#4401 = DIRECTION ( 'NONE',  ( -0.6259541506407267919, 0.7798598600361775768, 0.000000000000000000 ) ) ;
#4402 = VERTEX_POINT ( 'NONE', #6282 ) ;
#4403 = DIRECTION ( 'NONE',  ( -0.000000000000000000, -0.000000000000000000, -1.000000000000000000 ) ) ;
#4404 = FACE_OUTER_BOUND ( 'NONE', #5229, .T. ) ;
#4405 = DIRECTION ( 'NONE',  ( 1.000000000000000000, 0.000000000000000000, 0.000000000000000000 ) ) ;
#4406 = EDGE_CURVE ( 'NONE', #2451, #6796, #1622, .T. ) ;
#4407 = VERTEX_POINT ( 'NONE', #983 ) ;
#4408 = LINE ( 'NONE', #3908, #6478 ) ;
#4409 = ORIENTED_EDGE ( 'NONE', *, *, #3204, .F. ) ;
#4410 = ORIENTED_EDGE ( 'NONE', *, *, #6686, .F. ) ;
#4411 = CARTESIAN_POINT ( 'NONE',  ( -0.5000000000000000000, 4.625000000000001776, 1.100000000000001199 ) ) ;
#4412 =( NAMED_UNIT ( * ) SI_UNIT ( $, .STERADIAN. ) SOLID_ANGLE_UNIT ( ) );
#4413 = SURFACE_STYLE_USAGE ( .BOTH. , #3653 ) ;
#4414 = MECHANICAL_DESIGN_GEOMETRIC_PRESENTATION_REPRESENTATION (  '', ( #1844 ), #5525 ) ;
#4415 = CYLINDRICAL_SURFACE ( 'NONE', #3344, 0.8877928962701177040 ) ;
#4416 = ADVANCED_FACE ( 'NONE', ( #8183 ), #2307, .F. ) ;
#4417 = VECTOR ( 'NONE', #333, 1000.000000000000000 ) ;
#4418 = LINE ( 'NONE', #7029, #870 ) ;
#4419 = EDGE_LOOP ( 'NONE', ( #5297, #3057, #4983, #147, #4773, #1590, #6896, #239 ) ) ;
#4420 = LINE ( 'NONE', #4548, #6955 ) ;
#4421 = LINE ( 'NONE', #349, #8390 ) ;
#4422 = ORIENTED_EDGE ( 'NONE', *, *, #2311, .F. ) ;
#4423 = CARTESIAN_POINT ( 'NONE',  ( -5.179378605318049722, 9.027728175868499960, 7.900000000000000355 ) ) ;
#4424 = DIRECTION ( 'NONE',  ( -1.000000000000000000, -0.000000000000000000, -0.000000000000000000 ) ) ;
#4425 = VERTEX_POINT ( 'NONE', #7064 ) ;
#4426 = AXIS2_PLACEMENT_3D ( 'NONE', #5011, #7628, #5184 ) ;
#4427 = LINE ( 'NONE', #4475, #8120 ) ;
#4428 = VECTOR ( 'NONE', #8172, 1000.000000000000000 ) ;
#4429 = ADVANCED_BREP_SHAPE_REPRESENTATION ( '', ( #6463, #7933 ), #1498 ) ;
#4430 = DIRECTION ( 'NONE',  ( -0.6259541506407250155, 0.7798598600361789090, 0.000000000000000000 ) ) ;
#4431 = ORIENTED_EDGE ( 'NONE', *, *, #798, .T. ) ;
#4432 = ORIENTED_EDGE ( 'NONE', *, *, #6277, .T. ) ;
#4433 = AXIS2_PLACEMENT_3D ( 'NONE', #856, #6032, #8016 ) ;
#4434 = AXIS2_PLACEMENT_3D ( 'NONE', #6071, #7885, #1374 ) ;
#4435 = CARTESIAN_POINT ( 'NONE',  ( 0.000000000000000000, 0.8000000000000020428, -6.250000000000000000 ) ) ;
#4436 = VECTOR ( 'NONE', #8367, 1000.000000000000000 ) ;
#4437 = VERTEX_POINT ( 'NONE', #641 ) ;
#4438 = MECHANICAL_DESIGN_GEOMETRIC_PRESENTATION_REPRESENTATION (  '', ( #7292 ), #4844 ) ;
#4439 = CARTESIAN_POINT ( 'NONE',  ( -2.280971972007237891, 8.971547725466914258, -4.100000000000000533 ) ) ;
#4440 = CARTESIAN_POINT ( 'NONE',  ( -6.693333656463235748, 4.951957032146045101, -6.250000000000000000 ) ) ;
#4441 = CARTESIAN_POINT ( 'NONE',  ( -1.969028027992764107, 8.721166065210621099, -4.100000000000000533 ) ) ;
#4442 = ORIENTED_EDGE ( 'NONE', *, *, #6181, .T. ) ;
#4443 = DIRECTION ( 'NONE',  ( 0.6259541506407273470, 0.7798598600361770217, -0.000000000000000000 ) ) ;
#4444 = CARTESIAN_POINT ( 'NONE',  ( -9.609923976848163463, 5.985126513463341347, 7.900000000000000355 ) ) ;
#4445 = CARTESIAN_POINT ( 'NONE',  ( -10.00000000000000355, 0.7999999999999974909, -4.100000000000000533 ) ) ;
#4446 = VECTOR ( 'NONE', #6639, 1000.000000000000000 ) ;
#4447 = PRODUCT_DEFINITION ( 'UNKNOWN', '', #7656, #4107 ) ;
#4448 = EDGE_LOOP ( 'NONE', ( #4578, #1951, #7251, #1251, #1327, #7808, #2020 ) ) ;
#4449 = CARTESIAN_POINT ( 'NONE',  ( -0.5000000000000000000, 8.375000000000001776, -3.049120979999346392 ) ) ;
#4450 = EDGE_CURVE ( 'NONE', #2125, #2496, #7751, .T. ) ;
#4451 = VECTOR ( 'NONE', #6549, 1000.000000000000000 ) ;
#4452 = DIRECTION ( 'NONE',  ( -0.7071067811865454633, 0.7071067811865496822, -0.000000000000000000 ) ) ;
#4453 = CARTESIAN_POINT ( 'NONE',  ( -1.749999999999999778, 8.545363321340250451, -4.599999999999999645 ) ) ;
#4454 = EDGE_LOOP ( 'NONE', ( #2746, #2630, #3825, #4679 ) ) ;
#4455 = AXIS2_PLACEMENT_3D ( 'NONE', #1710, #6207, #1747 ) ;
#4456 = ADVANCED_FACE ( 'NONE', ( #7795 ), #1873, .F. ) ;
#4457 = LINE ( 'NONE', #2564, #2241 ) ;
#4458 = EDGE_CURVE ( 'NONE', #3377, #6317, #178, .T. ) ;
#4459 = VERTEX_POINT ( 'NONE', #4501 ) ;
#4460 = EDGE_CURVE ( 'NONE', #3383, #8202, #3305, .T. ) ;
#4461 = CARTESIAN_POINT ( 'NONE',  ( 0.5098116976312510040, 8.375000000000001776, -3.049120979999346392 ) ) ;
#4462 =( LENGTH_UNIT ( ) NAMED_UNIT ( * ) SI_UNIT ( .MILLI., .METRE. ) );
#4463 = DIRECTION ( 'NONE',  ( 0.000000000000000000, 0.000000000000000000, 1.000000000000000000 ) ) ;
#4464 = VECTOR ( 'NONE', #949, 1000.000000000000000 ) ;
#4465 = EDGE_CURVE ( 'NONE', #3828, #3759, #5040, .T. ) ;
#4466 = DIRECTION ( 'NONE',  ( -1.000000000000000000, 0.000000000000000000, 0.000000000000000000 ) ) ;
#4467 = VERTEX_POINT ( 'NONE', #3776 ) ;
#4468 = EDGE_CURVE ( 'NONE', #160, #5921, #6553, .T. ) ;
#4469 = FACE_OUTER_BOUND ( 'NONE', #8364, .T. ) ;
#4470 = CARTESIAN_POINT ( 'NONE',  ( -7.699999999999988631, 0.7999999999999994893, -6.250000000000000888 ) ) ;
#4471 = EDGE_LOOP ( 'NONE', ( #4109, #2259, #3542, #6129 ) ) ;
#4472 = DIRECTION ( 'NONE',  ( -5.050066219870496183E-16, 1.000000000000000000, 0.000000000000000000 ) ) ;
#4473 = LINE ( 'NONE', #2621, #100 ) ;
#4474 = VERTEX_POINT ( 'NONE', #5904 ) ;
#4475 = CARTESIAN_POINT ( 'NONE',  ( 0.000000000000000000, 7.249999999999999112, -6.250000000000000000 ) ) ;
#4476 = FACE_OUTER_BOUND ( 'NONE', #4471, .T. ) ;
#4477 = VERTEX_POINT ( 'NONE', #1962 ) ;
#4478 = ORIENTED_EDGE ( 'NONE', *, *, #1947, .F. ) ;
#4479 = LINE ( 'NONE', #567, #3215 ) ;
#4480 = CARTESIAN_POINT ( 'NONE',  ( 5.199844853026781344, 0.8000000000000010436, -4.100000000000000533 ) ) ;
#4481 = ORIENTED_EDGE ( 'NONE', *, *, #5784, .F. ) ;
#4482 = VERTEX_POINT ( 'NONE', #5861 ) ;
#4483 = CARTESIAN_POINT ( 'NONE',  ( -5.199844853026787561, -3.499999999999989786, -6.599999999999996092 ) ) ;
#4484 = ORIENTED_EDGE ( 'NONE', *, *, #2717, .T. ) ;
#4485 = CARTESIAN_POINT ( 'NONE',  ( -2.625568880007499217, 10.15344850294593115, -3.654908379606684576 ) ) ;
#4486 = APPLICATION_PROTOCOL_DEFINITION ( 'draft international standard', 'automotive_design', 1998, #5545 ) ;
#4487 = LINE ( 'NONE', #8460, #192 ) ;
#4488 = DIRECTION ( 'NONE',  ( -1.000000000000000000, 0.000000000000000000, 0.000000000000000000 ) ) ;
#4489 = VECTOR ( 'NONE', #3743, 1000.000000000000000 ) ;
#4490 = EDGE_LOOP ( 'NONE', ( #4732, #7230, #472, #4216, #4058, #6672, #3767, #8165, #3114, #3142 ) ) ;
#4491 = ORIENTED_EDGE ( 'NONE', *, *, #1610, .F. ) ;
#4492 = VECTOR ( 'NONE', #6722, 1000.000000000000000 ) ;
#4493 = DIRECTION ( 'NONE',  ( 0.000000000000000000, 0.000000000000000000, 1.000000000000000000 ) ) ;
#4494 = PRODUCT_DEFINITION_SHAPE ( 'NONE', 'NONE',  #8478 ) ;
#4495 = CYLINDRICAL_SURFACE ( 'NONE', #4965, 5.899999999999999467 ) ;
#4496 = CARTESIAN_POINT ( 'NONE',  ( 2.640057380345958382, 6.652835838467504814, 7.900000000000000355 ) ) ;
#4497 = ADVANCED_FACE ( 'NONE', ( #1243 ), #3859, .F. ) ;
#4498 = EDGE_CURVE ( 'NONE', #1054, #2401, #7451, .T. ) ;
#4499 = EDGE_LOOP ( 'NONE', ( #7103, #3165, #379, #6834 ) ) ;
#4500 = VECTOR ( 'NONE', #61, 1000.000000000000000 ) ;
#4501 = CARTESIAN_POINT ( 'NONE',  ( -4.729279221902245922, 5.662282881142664870, -7.900000000000000355 ) ) ;
#4502 = ORIENTED_EDGE ( 'NONE', *, *, #7487, .T. ) ;
#4503 = LINE ( 'NONE', #6462, #2588 ) ;
#4504 = DIRECTION ( 'NONE',  ( 0.7798598600361773547, -0.6259541506407267919, 0.000000000000000000 ) ) ;
#4505 = EDGE_CURVE ( 'NONE', #1489, #2518, #4457, .T. ) ;
#4506 = PLANE ( 'NONE',  #3614 ) ;
#4507 = AXIS2_PLACEMENT_3D ( 'NONE', #8027, #3441, #7939 ) ;
#4508 = LINE ( 'NONE', #3172, #5376 ) ;
#4509 = VERTEX_POINT ( 'NONE', #2430 ) ;
#4510 = DIRECTION ( 'NONE',  ( 1.000000000000000000, 0.000000000000000000, 0.000000000000000000 ) ) ;
#4511 = CARTESIAN_POINT ( 'NONE',  ( -2.500000000000000000, 9.147350469337284906, -4.599999999999998757 ) ) ;
#4512 = ORIENTED_EDGE ( 'NONE', *, *, #7758, .F. ) ;
#4513 = CARTESIAN_POINT ( 'NONE',  ( -7.299999999999991829, 0.7999999999999988232, -4.100000000000000533 ) ) ;
#4514 = FACE_OUTER_BOUND ( 'NONE', #5831, .T. ) ;
#4515 = VERTEX_POINT ( 'NONE', #5818 ) ;
#4516 = AXIS2_PLACEMENT_3D ( 'NONE', #7766, #1888, #2064 ) ;
#4517 = DIRECTION ( 'NONE',  ( 0.000000000000000000, 1.000000000000000000, -0.000000000000000000 ) ) ;
#4518 = CARTESIAN_POINT ( 'NONE',  ( -4.472271824131504481, 8.320621394681950278, -3.654908379606684576 ) ) ;
#4519 = EDGE_CURVE ( 'NONE', #2069, #5005, #6884, .T. ) ;
#4520 = VERTEX_POINT ( 'NONE', #8339 ) ;
#4521 = DIRECTION ( 'NONE',  ( -0.000000000000000000, -0.000000000000000000, -1.000000000000000000 ) ) ;
#4522 = CARTESIAN_POINT ( 'NONE',  ( 5.199844853026776903, -3.500000000000000888, -7.599999999999998757 ) ) ;
#4523 = ORIENTED_EDGE ( 'NONE', *, *, #6798, .T. ) ;
#4524 = ORIENTED_EDGE ( 'NONE', *, *, #2872, .F. ) ;
#4525 = LINE ( 'NONE', #4655, #3276 ) ;
#4526 = ORIENTED_EDGE ( 'NONE', *, *, #3527, .T. ) ;
#4527 = DIRECTION ( 'NONE',  ( -1.000000000000000000, -4.096110051504215558E-16, 0.000000000000000000 ) ) ;
#4528 = LINE ( 'NONE', #3251, #4304 ) ;
#4529 = CARTESIAN_POINT ( 'NONE',  ( 0.000000000000000000, 10.00000000000000000, 6.100000000000001421 ) ) ;
#4530 = EDGE_CURVE ( 'NONE', #6547, #4648, #4408, .T. ) ;
#4531 = VERTEX_POINT ( 'NONE', #2473 ) ;
#4532 = ORIENTED_EDGE ( 'NONE', *, *, #2719, .T. ) ;
#4533 = LINE ( 'NONE', #1869, #5006 ) ;
#4534 = DIRECTION ( 'NONE',  ( 0.000000000000000000, -1.000000000000000000, 0.000000000000000000 ) ) ;
#4535 = DIRECTION ( 'NONE',  ( 8.659560561534534773E-17, -0.7071067812535380970, 0.7071067811195569375 ) ) ;
#4536 = VERTEX_POINT ( 'NONE', #6514 ) ;
#4537 = ADVANCED_FACE ( 'NONE', ( #7700 ), #2610, .T. ) ;
#4538 = CARTESIAN_POINT ( 'NONE',  ( -5.299999999999990941, 2.799999999999992717, -6.250000000000000000 ) ) ;
#4539 = EDGE_CURVE ( 'NONE', #2616, #2118, #7017, .T. ) ;
#4540 = ORIENTED_EDGE ( 'NONE', *, *, #5631, .T. ) ;
#4541 = FACE_OUTER_BOUND ( 'NONE', #835, .T. ) ;
#4542 = DIRECTION ( 'NONE',  ( -0.000000000000000000, -0.000000000000000000, -1.000000000000000000 ) ) ;
#4543 = FACE_BOUND ( 'NONE', #8406, .T. ) ;
#4544 = ORIENTED_EDGE ( 'NONE', *, *, #3795, .T. ) ;
#4545 = ADVANCED_FACE ( 'NONE', ( #3951 ), #544, .F. ) ;
#4546 = DIRECTION ( 'NONE',  ( 0.000000000000000000, -0.2588190451025216277, 0.9659258262890679791 ) ) ;
#4547 = VERTEX_POINT ( 'NONE', #7326 ) ;
#4548 = CARTESIAN_POINT ( 'NONE',  ( -4.407966415290564655, 5.424564683621931671, -4.100000000000000533 ) ) ;
#4549 = CARTESIAN_POINT ( 'NONE',  ( 2.500000000000000000, 9.947350469337287393, -4.599999999999999645 ) ) ;
#4550 = ORIENTED_EDGE ( 'NONE', *, *, #1197, .F. ) ;
#4551 = LINE ( 'NONE', #1886, #3227 ) ;
#4552 = LINE ( 'NONE', #7899, #7768 ) ;
#4553 = VERTEX_POINT ( 'NONE', #902 ) ;
#4554 = CARTESIAN_POINT ( 'NONE',  ( -7.299999999999991829, 2.799999999999990941, -4.100000000000000533 ) ) ;
#4555 = APPLICATION_CONTEXT ( 'automotive_design' ) ;
#4556 = PLANE ( 'NONE',  #4695 ) ;
#4557 = VECTOR ( 'NONE', #5070, 1000.000000000000000 ) ;
#4558 = ORIENTED_EDGE ( 'NONE', *, *, #481, .T. ) ;
#4559 = PLANE ( 'NONE',  #7202 ) ;
#4560 = FACE_OUTER_BOUND ( 'NONE', #5042, .T. ) ;
#4561 = CIRCLE ( 'NONE', #2360, 0.7999999999999993783 ) ;
#4562 = ORIENTED_EDGE ( 'NONE', *, *, #943, .T. ) ;
#4563 = VERTEX_POINT ( 'NONE', #3468 ) ;
#4564 = EDGE_CURVE ( 'NONE', #1271, #3101, #5949, .T. ) ;
#4565 = FACE_OUTER_BOUND ( 'NONE', #7581, .T. ) ;
#4566 = ORIENTED_EDGE ( 'NONE', *, *, #2669, .F. ) ;
#4567 = AXIS2_PLACEMENT_3D ( 'NONE', #5463, #2203, #1870 ) ;
#4568 = CARTESIAN_POINT ( 'NONE',  ( -9.200000000000001066, 2.799999999999998046, -4.599999999999999645 ) ) ;
#4569 = CARTESIAN_POINT ( 'NONE',  ( 4.800155146973222209, 4.235050948740415322, -4.100000000000000533 ) ) ;
#4570 = CARTESIAN_POINT ( 'NONE',  ( 3.199999999999999734, 1.500000000000002220, 8.182842712474620583 ) ) ;
#4571 = CARTESIAN_POINT ( 'NONE',  ( 4.154252339470971833, 6.552854441715587619, -3.654908379606660596 ) ) ;
#4572 = VECTOR ( 'NONE', #3171, 1000.000000000000114 ) ;
#4573 = VECTOR ( 'NONE', #8259, 1000.000000000000000 ) ;
#4574 = VERTEX_POINT ( 'NONE', #3519 ) ;
#4575 = EDGE_LOOP ( 'NONE', ( #6225, #7257, #6989, #2759, #1237 ) ) ;
#4576 = VECTOR ( 'NONE', #5546, 1000.000000000000000 ) ;
#4577 = EDGE_CURVE ( 'NONE', #5005, #2069, #4294, .T. ) ;
#4578 = ORIENTED_EDGE ( 'NONE', *, *, #4001, .T. ) ;
#4579 = CARTESIAN_POINT ( 'NONE',  ( -4.154252339470971833, 6.552854441715587619, 1.100000000000001199 ) ) ;
#4580 = EDGE_CURVE ( 'NONE', #4819, #2755, #2175, .T. ) ;
#4581 = AXIS2_PLACEMENT_3D ( 'NONE', #4571, #2305, #8462 ) ;
#4582 = DIRECTION ( 'NONE',  ( -0.000000000000000000, -0.000000000000000000, -1.000000000000000000 ) ) ;
#4583 = AXIS2_PLACEMENT_3D ( 'NONE', #1355, #1313, #3879 ) ;
#4584 = CARTESIAN_POINT ( 'NONE',  ( -4.800155146973217768, 0.7999999999999996003, -4.100000000000000533 ) ) ;
#4585 = VERTEX_POINT ( 'NONE', #812 ) ;
#4586 = VECTOR ( 'NONE', #7227, 1000.000000000000000 ) ;
#4587 = EDGE_CURVE ( 'NONE', #4459, #358, #7164, .T. ) ;
#4588 = VECTOR ( 'NONE', #739, 1000.000000000000000 ) ;
#4589 = CARTESIAN_POINT ( 'NONE',  ( 0.000000000000000000, 10.00000000000000000, -7.037946471341893329 ) ) ;
#4590 = CARTESIAN_POINT ( 'NONE',  ( -5.299999999999990941, 2.799999999999992717, -4.100000000000000533 ) ) ;
#4591 =( NAMED_UNIT ( * ) SI_UNIT ( $, .STERADIAN. ) SOLID_ANGLE_UNIT ( ) );
#4592 = DIRECTION ( 'NONE',  ( -0.000000000000000000, -0.000000000000000000, -1.000000000000000000 ) ) ;
#4593 = CARTESIAN_POINT ( 'NONE',  ( -4.800155146973217768, 0.7999999999999996003, -4.100000000000000533 ) ) ;
#4594 = VECTOR ( 'NONE', #5886, 1000.000000000000000 ) ;
#4595 = ORIENTED_EDGE ( 'NONE', *, *, #1449, .T. ) ;
#4596 = CARTESIAN_POINT ( 'NONE',  ( -5.199844853026781344, 0.7999999999999994893, -4.100000000000000533 ) ) ;
#4597 = AXIS2_PLACEMENT_3D ( 'NONE', #7593, #4345, #427 ) ;
#4598 = ORIENTED_EDGE ( 'NONE', *, *, #4115, .F. ) ;
#4599 = DIRECTION ( 'NONE',  ( 1.000000000000000000, -1.084202172485506603E-15, -0.000000000000000000 ) ) ;
#4600 = CARTESIAN_POINT ( 'NONE',  ( 2.625568880007502770, 10.15344850294593115, 7.900000000000019895 ) ) ;
#4601 = ORIENTED_EDGE ( 'NONE', *, *, #4065, .F. ) ;
#4602 = PLANE ( 'NONE',  #2869 ) ;
#4603 = FACE_OUTER_BOUND ( 'NONE', #3218, .T. ) ;
#4604 = ORIENTED_EDGE ( 'NONE', *, *, #3612, .F. ) ;
#4605 = DIRECTION ( 'NONE',  ( -1.000000000000000000, 0.000000000000000000, 0.000000000000000000 ) ) ;
#4606 = AXIS2_PLACEMENT_3D ( 'NONE', #2004, #1275, #5170 ) ;
#4607 = EDGE_LOOP ( 'NONE', ( #4675, #6404, #699, #6393, #3179, #8401, #7245, #5200 ) ) ;
#4608 = EDGE_CURVE ( 'NONE', #406, #3362, #7279, .T. ) ;
#4609 = DIRECTION ( 'NONE',  ( 0.000000000000000000, 0.000000000000000000, 1.000000000000000000 ) ) ;
#4610 = DIRECTION ( 'NONE',  ( -4.340175515414278461E-15, 4.705627722780563174E-30, 1.000000000000000000 ) ) ;
#4611 = ORIENTED_EDGE ( 'NONE', *, *, #144, .F. ) ;
#4612 =( LENGTH_UNIT ( ) NAMED_UNIT ( * ) SI_UNIT ( .MILLI., .METRE. ) );
#4613 = CARTESIAN_POINT ( 'NONE',  ( 0.000000000000000000, 1.500000000000001998, 7.900000000000000355 ) ) ;
#4614 = VECTOR ( 'NONE', #6548, 1000.000000000000000 ) ;
#4615 = VERTEX_POINT ( 'NONE', #2700 ) ;
#4616 = APPLICATION_CONTEXT ( 'automotive_design' ) ;
#4617 = SURFACE_SIDE_STYLE ('',( #1994 ) ) ;
#4618 = LINE ( 'NONE', #4658, #8132 ) ;
#4619 = FACE_OUTER_BOUND ( 'NONE', #7039, .T. ) ;
#4620 = ADVANCED_FACE ( 'NONE', ( #1534 ), #6680, .F. ) ;
#4621 = CARTESIAN_POINT ( 'NONE',  ( -8.609923976848167015, 5.985126513463341347, 7.900000000000000355 ) ) ;
#4622 = EDGE_LOOP ( 'NONE', ( #561, #7411, #124, #3458 ) ) ;
#4623 = EDGE_LOOP ( 'NONE', ( #6986, #2179, #2077, #4144 ) ) ;
#4624 = ADVANCED_FACE ( 'NONE', ( #726 ), #4794, .F. ) ;
#4625 = EDGE_CURVE ( 'NONE', #6179, #7020, #154, .T. ) ;
#4626 = VERTEX_POINT ( 'NONE', #3430 ) ;
#4627 = DIRECTION ( 'NONE',  ( 0.000000000000000000, -1.000000000000000000, 0.000000000000000000 ) ) ;
#4628 = CARTESIAN_POINT ( 'NONE',  ( -2.999999999999999556, -2.999999999999999112, 5.500000000000000888 ) ) ;
#4629 = DIRECTION ( 'NONE',  ( 1.000000000000000000, 0.000000000000000000, 0.000000000000000000 ) ) ;
#4630 = AXIS2_PLACEMENT_3D ( 'NONE', #7594, #3661, #8197 ) ;
#4631 = ORIENTED_EDGE ( 'NONE', *, *, #2669, .T. ) ;
#4632 = ADVANCED_FACE ( 'NONE', ( #5437 ), #7237, .T. ) ;
#4633 = EDGE_CURVE ( 'NONE', #3810, #6534, #1496, .T. ) ;
#4634 = CARTESIAN_POINT ( 'NONE',  ( -2.800155146973221765, 4.235050948740416210, -7.900000000000000355 ) ) ;
#4635 = DIRECTION ( 'NONE',  ( -0.000000000000000000, -0.000000000000000000, -1.000000000000000000 ) ) ;
#4636 = PLANE ( 'NONE',  #5936 ) ;
#4637 = EDGE_CURVE ( 'NONE', #6364, #3396, #6593, .T. ) ;
#4638 = VERTEX_POINT ( 'NONE', #2775 ) ;
#4639 = CARTESIAN_POINT ( 'NONE',  ( 4.387792896270120480, 9.999999999999998224, 7.900000000000032330 ) ) ;
#4640 = ORIENTED_EDGE ( 'NONE', *, *, #8299, .T. ) ;
#4641 = DIRECTION ( 'NONE',  ( -0.000000000000000000, 0.000000000000000000, 1.000000000000000000 ) ) ;
#4642 = LINE ( 'NONE', #6603, #1698 ) ;
#4643 = ORIENTED_EDGE ( 'NONE', *, *, #3129, .F. ) ;
#4644 = DIRECTION ( 'NONE',  ( -1.000000000000000000, -2.712609697133924531E-16, 0.000000000000000000 ) ) ;
#4645 = PLANE ( 'NONE',  #3120 ) ;
#4646 = CARTESIAN_POINT ( 'NONE',  ( 0.7954951288348675043, 8.497398089978590363, 1.100000000000001199 ) ) ;
#4647 = VECTOR ( 'NONE', #7582, 1000.000000000000000 ) ;
#4648 = VERTEX_POINT ( 'NONE', #5390 ) ;
#4649 = DIRECTION ( 'NONE',  ( 0.000000000000000000, 0.000000000000000000, -1.000000000000000000 ) ) ;
#4650 = FACE_OUTER_BOUND ( 'NONE', #3710, .T. ) ;
#4651 = EDGE_CURVE ( 'NONE', #7332, #4839, #7171, .T. ) ;
#4652 = ORIENTED_EDGE ( 'NONE', *, *, #4880, .F. ) ;
#4653 = EDGE_CURVE ( 'NONE', #4202, #8046, #2741, .T. ) ;
#4654 = LINE ( 'NONE', #1316, #5407 ) ;
#4655 = CARTESIAN_POINT ( 'NONE',  ( -2.500000000000000000, 9.947350469337287393, -4.100000000000000533 ) ) ;
#4656 = VERTEX_POINT ( 'NONE', #7961 ) ;
#4657 = DIRECTION ( 'NONE',  ( -1.218676860545722770E-16, -1.000000000000000000, 0.000000000000000000 ) ) ;
#4658 = CARTESIAN_POINT ( 'NONE',  ( -7.699999999999989519, 2.799999999999990941, -4.100000000000000533 ) ) ;
#4659 = LINE ( 'NONE', #1397, #6061 ) ;
#4660 = LINE ( 'NONE', #3455, #5397 ) ;
#4661 = ORIENTED_EDGE ( 'NONE', *, *, #1703, .F. ) ;
#4662 = EDGE_LOOP ( 'NONE', ( #4871, #2411, #6814, #5480, #4512, #2913, #1696, #831, #236, #362, #4988, #38, #2157, #4848, #6196, #3530, #6019, #1389, #6432, #7145, #4746, #6836, #1345, #7143, #1351, #487, #5710, #8026, #5643, #7601, #4809, #2196, #1588, #5665, #2115, #7418, #7315, #3145, #6082, #1222, #5211, #7779, #7916, #6429 ) ) ;
#4663 = ORIENTED_EDGE ( 'NONE', *, *, #8054, .F. ) ;
#4664 = DIRECTION ( 'NONE',  ( -0.7071067811865487940, -0.7071067811865463515, 0.000000000000000000 ) ) ;
#4665 = CARTESIAN_POINT ( 'NONE',  ( -3.500000000000000000, 10.75000000000000000, -6.250000000000000000 ) ) ;
#4666 = PLANE ( 'NONE',  #438 ) ;
#4667 = VERTEX_POINT ( 'NONE', #2137 ) ;
#4668 = CARTESIAN_POINT ( 'NONE',  ( 3.334816353806963729, 10.87229042737958196, 7.900000000000025224 ) ) ;
#4669 = CARTESIAN_POINT ( 'NONE',  ( -7.229373521980812178, 4.227416481857817487, -4.100000000000000533 ) ) ;
#4670 = EDGE_CURVE ( 'NONE', #7619, #4407, #2087, .T. ) ;
#4671 = PLANE ( 'NONE',  #8133 ) ;
#4672 = PLANE ( 'NONE',  #8130 ) ;
#4673 = ORIENTED_EDGE ( 'NONE', *, *, #6456, .F. ) ;
#4674 = CARTESIAN_POINT ( 'NONE',  ( -2.500000000000000000, 9.147350469337284906, -6.250000000000000000 ) ) ;
#4675 = ORIENTED_EDGE ( 'NONE', *, *, #4651, .F. ) ;
#4676 = DIRECTION ( 'NONE',  ( 0.000000000000000000, 0.000000000000000000, -1.000000000000000000 ) ) ;
#4677 = DIRECTION ( 'NONE',  ( 1.000000000000000000, 0.000000000000000000, -0.000000000000000000 ) ) ;
#4678 = EDGE_CURVE ( 'NONE', #2167, #6292, #853, .T. ) ;
#4679 = ORIENTED_EDGE ( 'NONE', *, *, #4505, .F. ) ;
#4680 = CARTESIAN_POINT ( 'NONE',  ( 8.000000000000000000, 10.00000000000000000, -4.599999999999999645 ) ) ;
#4681 = ADVANCED_FACE ( 'NONE', ( #7412 ), #6190, .F. ) ;
#4682 = LINE ( 'NONE', #3320, #4701 ) ;
#4683 = ORIENTED_EDGE ( 'NONE', *, *, #4276, .F. ) ;
#4684 = LINE ( 'NONE', #6008, #7344 ) ;
#4685 = CARTESIAN_POINT ( 'NONE',  ( 2.500000000000000000, 9.947350469337287393, -4.599999999999999645 ) ) ;
#4686 = ORIENTED_EDGE ( 'NONE', *, *, #4388, .F. ) ;
#4687 = CARTESIAN_POINT ( 'NONE',  ( 0.9999999999999995559, 3.071796769724489895, 7.900000000000000355 ) ) ;
#4688 = LINE ( 'NONE', #6446, #4369 ) ;
#4689 = EDGE_LOOP ( 'NONE', ( #8186, #1227, #664, #6270 ) ) ;
#4690 = LINE ( 'NONE', #4063, #6630 ) ;
#4691 = CARTESIAN_POINT ( 'NONE',  ( -3.499999999999998668, 9.999999999999998224, 7.900000000000000355 ) ) ;
#4692 = CARTESIAN_POINT ( 'NONE',  ( -5.199844853026782232, 0.000000000000000000, -6.250000000000000000 ) ) ;
#4693 = VERTEX_POINT ( 'NONE', #330 ) ;
#4694 = ORIENTED_EDGE ( 'NONE', *, *, #4242, .F. ) ;
#4695 = AXIS2_PLACEMENT_3D ( 'NONE', #3237, #2540, #1178 ) ;
#4696 = AXIS2_PLACEMENT_3D ( 'NONE', #7959, #2044, #4629 ) ;
#4697 = ORIENTED_EDGE ( 'NONE', *, *, #4820, .F. ) ;
#4698 = FILL_AREA_STYLE ('',( #2735 ) ) ;
#4699 = CARTESIAN_POINT ( 'NONE',  ( 0.000000000000000000, 0.000000000000000000, -4.599999999999999645 ) ) ;
#4700 = CARTESIAN_POINT ( 'NONE',  ( -2.067647074549039399, 8.587867214029483165, -7.900000000000002132 ) ) ;
#4701 = VECTOR ( 'NONE', #5234, 1000.000000000000000 ) ;
#4702 = AXIS2_PLACEMENT_3D ( 'NONE', #5355, #4171, #5997 ) ;
#4703 = PRODUCT_RELATED_PRODUCT_CATEGORY ( 'part', '', ( #7333 ) ) ;
#4704 = VECTOR ( 'NONE', #3856, 1000.000000000000000 ) ;
#4705 = ORIENTED_EDGE ( 'NONE', *, *, #1106, .T. ) ;
#4706 = ADVANCED_FACE ( 'NONE', ( #7456 ), #7088, .F. ) ;
#4707 = VECTOR ( 'NONE', #4463, 1000.000000000000000 ) ;
#4708 = CARTESIAN_POINT ( 'NONE',  ( 7.500000000000000000, 1.136868377216160297E-10, -0.6999999998811290425 ) ) ;
#4709 = VECTOR ( 'NONE', #4755, 1000.000000000000000 ) ;
#4710 = VECTOR ( 'NONE', #8038, 1000.000000000000114 ) ;
#4711 = FACE_OUTER_BOUND ( 'NONE', #8458, .T. ) ;
#4712 = CARTESIAN_POINT ( 'NONE',  ( 0.000000000000000000, 0.000000000000000000, 0.000000000000000000 ) ) ;
#4713 = PLANE ( 'NONE',  #327 ) ;
#4714 = LINE ( 'NONE', #3555, #7711 ) ;
#4715 = AXIS2_PLACEMENT_3D ( 'NONE', #4979, #1606, #3054 ) ;
#4716 = ADVANCED_FACE ( 'NONE', ( #1581 ), #7790, .T. ) ;
#4717 = VECTOR ( 'NONE', #1299, 999.9999999999998863 ) ;
#4718 = ORIENTED_EDGE ( 'NONE', *, *, #5119, .T. ) ;
#4719 = EDGE_CURVE ( 'NONE', #5703, #3615, #7531, .T. ) ;
#4720 = FACE_OUTER_BOUND ( 'NONE', #4490, .T. ) ;
#4721 = EDGE_CURVE ( 'NONE', #290, #8155, #7515, .T. ) ;
#4722 = ORIENTED_EDGE ( 'NONE', *, *, #7903, .F. ) ;
#4723 = CARTESIAN_POINT ( 'NONE',  ( -0.9999999999999997780, 7.543376173343215640, -6.250000000000000000 ) ) ;
#4724 = DIRECTION ( 'NONE',  ( -0.7071067811865467956, 0.7071067811865483499, 0.000000000000000000 ) ) ;
#4725 = VERTEX_POINT ( 'NONE', #4480 ) ;
#4726 = CARTESIAN_POINT ( 'NONE',  ( 7.300000000000000711, 0.000000000000000000, -5.100000000000000533 ) ) ;
#4727 = CARTESIAN_POINT ( 'NONE',  ( 1.749999999999999778, 8.545363321340250451, -4.599999999999999645 ) ) ;
#4728 = VECTOR ( 'NONE', #1333, 1000.000000000000000 ) ;
#4729 = DIRECTION ( 'NONE',  ( -0.000000000000000000, -0.000000000000000000, -1.000000000000000000 ) ) ;
#4730 = EDGE_CURVE ( 'NONE', #3800, #7831, #2661, .T. ) ;
#4731 = CIRCLE ( 'NONE', #4597, 0.8877928962701179261 ) ;
#4732 = ORIENTED_EDGE ( 'NONE', *, *, #6612, .T. ) ;
#4733 = EDGE_CURVE ( 'NONE', #5258, #2293, #482, .T. ) ;
#4734 = VECTOR ( 'NONE', #5891, 1000.000000000000000 ) ;
#4735 = DIRECTION ( 'NONE',  ( 0.000000000000000000, 0.000000000000000000, 1.000000000000000000 ) ) ;
#4736 = DIRECTION ( 'NONE',  ( 0.000000000000000000, -0.000000000000000000, -1.000000000000000000 ) ) ;
#4737 = ORIENTED_EDGE ( 'NONE', *, *, #2233, .T. ) ;
#4738 = LINE ( 'NONE', #7350, #4775 ) ;
#4739 = VERTEX_POINT ( 'NONE', #1618 ) ;
#4740 = CYLINDRICAL_SURFACE ( 'NONE', #7576, 7.000000000000000888 ) ;
#4741 = CARTESIAN_POINT ( 'NONE',  ( 2.500000000000000000, -3.499999999999997780, 5.300000000000000711 ) ) ;
#4742 = VECTOR ( 'NONE', #4287, 1000.000000000000000 ) ;
#4743 = UNCERTAINTY_MEASURE_WITH_UNIT (LENGTH_MEASURE( 1.000000000000000082E-05 ), #2570, 'distance_accuracy_value', 'NONE');
#4744 = DIRECTION ( 'NONE',  ( -0.000000000000000000, -0.000000000000000000, 1.000000000000000000 ) ) ;
#4745 = ORIENTED_EDGE ( 'NONE', *, *, #7963, .F. ) ;
#4746 = ORIENTED_EDGE ( 'NONE', *, *, #1835, .F. ) ;
#4747 = EDGE_CURVE ( 'NONE', #5468, #2884, #7730, .T. ) ;
#4748 = AXIS2_PLACEMENT_3D ( 'NONE', #5470, #4236, #4870 ) ;
#4749 = ORIENTED_EDGE ( 'NONE', *, *, #5786, .F. ) ;
#4750 = DIRECTION ( 'NONE',  ( 1.000000000000000000, 0.000000000000000000, 0.000000000000000000 ) ) ;
#4751 = VERTEX_POINT ( 'NONE', #2263 ) ;
#4752 = CARTESIAN_POINT ( 'NONE',  ( -7.299999999999992717, 0.7999999999999974909, -4.100000000000000533 ) ) ;
#4753 = CARTESIAN_POINT ( 'NONE',  ( 7.000000000000000888, 10.00000000000000000, 7.900000000000000355 ) ) ;
#4754 = VERTEX_POINT ( 'NONE', #3552 ) ;
#4755 = DIRECTION ( 'NONE',  ( 0.000000000000000000, -0.7071067812535380970, -0.7071067811195569375 ) ) ;
#4756 = EDGE_CURVE ( 'NONE', #8236, #2748, #6842, .T. ) ;
#4757 = EDGE_CURVE ( 'NONE', #8472, #6418, #6153, .T. ) ;
#4758 = PLANE ( 'NONE',  #4089 ) ;
#4759 = AXIS2_PLACEMENT_3D ( 'NONE', #5974, #2071, #2724 ) ;
#4760 = CARTESIAN_POINT ( 'NONE',  ( 10.00000000000000355, 2.466431482431480188E-15, -2.800000000000000266 ) ) ;
#4761 = CARTESIAN_POINT ( 'NONE',  ( 0.1998448530267820933, 0.8000000000000020428, -6.250000000000000000 ) ) ;
#4762 = EDGE_CURVE ( 'NONE', #3313, #2976, #1804, .T. ) ;
#4763 = VERTEX_POINT ( 'NONE', #2908 ) ;
#4764 = CARTESIAN_POINT ( 'NONE',  ( 2.812186117670659957, 10.19792651016505580, -4.100000000000000533 ) ) ;
#4765 = VERTEX_POINT ( 'NONE', #3150 ) ;
#4766 = DIRECTION ( 'NONE',  ( 0.000000000000000000, -1.000000000000000000, 0.000000000000000000 ) ) ;
#4767 = CARTESIAN_POINT ( 'NONE',  ( -5.179378605318049722, 9.027728175868499960, -3.654908379606684576 ) ) ;
#4768 = ORIENTED_EDGE ( 'NONE', *, *, #829, .F. ) ;
#4769 = VECTOR ( 'NONE', #1298, 1000.000000000000000 ) ;
#4770 = CARTESIAN_POINT ( 'NONE',  ( -4.800155146973217768, 0.7999999999999996003, -4.100000000000000533 ) ) ;
#4771 = DIRECTION ( 'NONE',  ( 0.000000000000000000, -0.000000000000000000, -1.000000000000000000 ) ) ;
#4772 = CARTESIAN_POINT ( 'NONE',  ( 5.199844853026788449, -3.366025403784443704, -6.599999999999997868 ) ) ;
#4773 = ORIENTED_EDGE ( 'NONE', *, *, #1196, .F. ) ;
#4774 = DIRECTION ( 'NONE',  ( 0.000000000000000000, 0.000000000000000000, -1.000000000000000000 ) ) ;
#4775 = VECTOR ( 'NONE', #1480, 1000.000000000000000 ) ;
#4776 = CARTESIAN_POINT ( 'NONE',  ( 7.809923976848166305, 5.985126513463341347, 7.700000000000004619 ) ) ;
#4777 = EDGE_LOOP ( 'NONE', ( #5436, #8220, #6499, #839 ) ) ;
#4778 = LINE ( 'NONE', #8157, #4097 ) ;
#4779 = ORIENTED_EDGE ( 'NONE', *, *, #5537, .F. ) ;
#4780 = LINE ( 'NONE', #270, #4576 ) ;
#4781 = AXIS2_PLACEMENT_3D ( 'NONE', #2346, #4890, #7505 ) ;
#4782 = EDGE_CURVE ( 'NONE', #8022, #5939, #977, .T. ) ;
#4783 = CARTESIAN_POINT ( 'NONE',  ( -7.299999999999991829, 0.7999999999999982681, -4.599999999999999645 ) ) ;
#4784 = PRODUCT_DEFINITION_CONTEXT ( 'detailed design', #4616, 'design' ) ;
#4785 = CARTESIAN_POINT ( 'NONE',  ( 5.179378605318053275, 9.027728175868498184, 1.100000000000001199 ) ) ;
#4786 = ORIENTED_EDGE ( 'NONE', *, *, #8204, .F. ) ;
#4787 = ORIENTED_EDGE ( 'NONE', *, *, #2437, .T. ) ;
#4788 = ORIENTED_EDGE ( 'NONE', *, *, #2487, .F. ) ;
#4789 = DIRECTION ( 'NONE',  ( -0.000000000000000000, -0.000000000000000000, 1.000000000000000000 ) ) ;
#4790 = EDGE_CURVE ( 'NONE', #3064, #6796, #3588, .T. ) ;
#4791 = PLANE ( 'NONE',  #4696 ) ;
#4792 = AXIS2_PLACEMENT_3D ( 'NONE', #1460, #1014, #728 ) ;
#4793 = ORIENTED_EDGE ( 'NONE', *, *, #7234, .T. ) ;
#4794 = PLANE ( 'NONE',  #3346 ) ;
#4795 = CYLINDRICAL_SURFACE ( 'NONE', #5169, 0.7999999999999993783 ) ;
#4796 = DIRECTION ( 'NONE',  ( 0.000000000000000000, -0.000000000000000000, 1.000000000000000000 ) ) ;
#4797 = DIRECTION ( 'NONE',  ( 0.5947568674407573974, 0.8039056341586724441, 0.000000000000000000 ) ) ;
#4798 = ORIENTED_EDGE ( 'NONE', *, *, #1284, .T. ) ;
#4799 = ADVANCED_FACE ( 'NONE', ( #7126 ), #5153, .F. ) ;
#4800 = CARTESIAN_POINT ( 'NONE',  ( 5.199844853026782232, 2.799999999999997602, -4.100000000000000533 ) ) ;
#4801 = EDGE_LOOP ( 'NONE', ( #237, #2444, #5071, #5078, #1924, #3870 ) ) ;
#4802 = CARTESIAN_POINT ( 'NONE',  ( 0.000000000000000000, 0.000000000000000000, 5.500000000000000888 ) ) ;
#4803 = DIRECTION ( 'NONE',  ( 1.000000000000000000, 1.836970198721029441E-16, 0.000000000000000000 ) ) ;
#4804 = ORIENTED_EDGE ( 'NONE', *, *, #5969, .F. ) ;
#4805 = DIRECTION ( 'NONE',  ( -0.000000000000000000, -0.000000000000000000, -1.000000000000000000 ) ) ;
#4806 = CARTESIAN_POINT ( 'NONE',  ( 0.000000000000000000, 10.00000000000000000, 7.900000000000000355 ) ) ;
#4807 = CYLINDRICAL_SURFACE ( 'NONE', #471, 0.8877928962701181481 ) ;
#4808 = CARTESIAN_POINT ( 'NONE',  ( 2.625568880007502770, 10.15344850294593115, 1.100000000000001199 ) ) ;
#4809 = ORIENTED_EDGE ( 'NONE', *, *, #3847, .F. ) ;
#4810 = CARTESIAN_POINT ( 'NONE',  ( 0.000000000000000000, 10.00000000000000000, -6.250000000000000000 ) ) ;
#4811 = DIRECTION ( 'NONE',  ( -0.000000000000000000, -0.000000000000000000, 1.000000000000000000 ) ) ;
#4812 = EDGE_LOOP ( 'NONE', ( #6628, #3382, #7579, #8037 ) ) ;
#4813 = CARTESIAN_POINT ( 'NONE',  ( -2.474873734152920779, 7.525126265847087659, -3.654908379606660596 ) ) ;
#4814 = CARTESIAN_POINT ( 'NONE',  ( 0.1998448530267832313, -3.366025403784447700, -5.100000000000000533 ) ) ;
#4815 = ORIENTED_EDGE ( 'NONE', *, *, #4267, .F. ) ;
#4816 = CARTESIAN_POINT ( 'NONE',  ( 3.334816353806963729, 10.87229042737958196, 1.100000000000001199 ) ) ;
#4817 = CARTESIAN_POINT ( 'NONE',  ( -7.299999999999991829, 2.799999999999990941, -4.100000000000000533 ) ) ;
#4818 = ORIENTED_EDGE ( 'NONE', *, *, #798, .F. ) ;
#4819 = VERTEX_POINT ( 'NONE', #5241 ) ;
#4820 = EDGE_CURVE ( 'NONE', #4515, #5632, #7774, .T. ) ;
#4821 = EDGE_CURVE ( 'NONE', #4437, #2976, #5884, .T. ) ;
#4822 = ORIENTED_EDGE ( 'NONE', *, *, #1040, .F. ) ;
#4823 = DIRECTION ( 'NONE',  ( -0.7071067811865482389, 0.7071067811865469066, 0.000000000000000000 ) ) ;
#4824 = CIRCLE ( 'NONE', #2491, 0.8877928962701179261 ) ;
#4825 = CARTESIAN_POINT ( 'NONE',  ( -5.199844853026783120, 4.235050948740415322, -7.900000000000000355 ) ) ;
#4826 = DIRECTION ( 'NONE',  ( 0.000000000000000000, -0.000000000000000000, -1.000000000000000000 ) ) ;
#4827 = CARTESIAN_POINT ( 'NONE',  ( -2.500000000000000444, 9.947350469337287393, -6.250000000000000000 ) ) ;
#4828 = EDGE_LOOP ( 'NONE', ( #4718, #3965, #3299, #3476 ) ) ;
#4829 = EDGE_CURVE ( 'NONE', #891, #3377, #7860, .T. ) ;
#4830 = AXIS2_PLACEMENT_3D ( 'NONE', #4529, #3158, #5120 ) ;
#4831 = EDGE_CURVE ( 'NONE', #4045, #4425, #1262, .T. ) ;
#4832 = CARTESIAN_POINT ( 'NONE',  ( -2.519059411711701557, 8.649735831096656113, -7.900000000000000355 ) ) ;
#4833 = VECTOR ( 'NONE', #5056, 1000.000000000000114 ) ;
#4834 = CIRCLE ( 'NONE', #7153, 1.000000000000000000 ) ;
#4835 = CARTESIAN_POINT ( 'NONE',  ( 4.729279221902245922, 5.662282881142664870, -4.100000000000000533 ) ) ;
#4836 = LINE ( 'NONE', #980, #52 ) ;
#4837 = VECTOR ( 'NONE', #6758, 1000.000000000000000 ) ;
#4838 = CARTESIAN_POINT ( 'NONE',  ( -7.609923976848169680, 5.985126513463341347, 7.900000000000000355 ) ) ;
#4839 = VERTEX_POINT ( 'NONE', #2591 ) ;
#4840 = VECTOR ( 'NONE', #703, 1000.000000000000000 ) ;
#4841 = VECTOR ( 'NONE', #26, 1000.000000000000000 ) ;
#4842 = VECTOR ( 'NONE', #4238, 1000.000000000000000 ) ;
#4843 = LINE ( 'NONE', #288, #878 ) ;
#4844 =( GEOMETRIC_REPRESENTATION_CONTEXT ( 3 ) GLOBAL_UNCERTAINTY_ASSIGNED_CONTEXT ( ( #3681 ) ) GLOBAL_UNIT_ASSIGNED_CONTEXT ( ( #4462, #2571, #7067 ) ) REPRESENTATION_CONTEXT ( 'NONE', 'WORKASPACE' ) );
#4845 = ORIENTED_EDGE ( 'NONE', *, *, #346, .F. ) ;
#4846 = LINE ( 'NONE', #7465, #5560 ) ;
#4847 = PLANE ( 'NONE',  #5664 ) ;
#4848 = ORIENTED_EDGE ( 'NONE', *, *, #1678, .F. ) ;
#4849 = LINE ( 'NONE', #5008, #252 ) ;
#4850 =( NAMED_UNIT ( * ) PLANE_ANGLE_UNIT ( ) SI_UNIT ( $, .RADIAN. ) );
#4851 = FACE_OUTER_BOUND ( 'NONE', #7735, .T. ) ;
#4852 = AXIS2_PLACEMENT_3D ( 'NONE', #5953, #3863, #3955 ) ;
#4853 = VECTOR ( 'NONE', #4243, 1000.000000000000227 ) ;
#4854 = DIRECTION ( 'NONE',  ( -0.5947568674407585076, -0.8039056341586716670, 0.000000000000000000 ) ) ;
#4855 = CARTESIAN_POINT ( 'NONE',  ( 0.000000000000000000, 10.00000000000000000, 7.900000000000000355 ) ) ;
#4856 = LINE ( 'NONE', #2757, #6890 ) ;
#4857 = EDGE_LOOP ( 'NONE', ( #7112, #6439, #2000, #6500 ) ) ;
#4858 = CARTESIAN_POINT ( 'NONE',  ( 0.9000000000000001332, 2.002297516605922670E-15, 5.300000000000001599 ) ) ;
#4859 = CARTESIAN_POINT ( 'NONE',  ( 4.800155146973222209, 4.235050948740416210, -6.599999999999996092 ) ) ;
#4860 = ORIENTED_EDGE ( 'NONE', *, *, #7122, .T. ) ;
#4861 = ADVANCED_FACE ( 'NONE', ( #4560 ), #8409, .F. ) ;
#4862 = CARTESIAN_POINT ( 'NONE',  ( 5.199844853026781344, 0.8000000000000011546, -4.100000000000000533 ) ) ;
#4863 = DIRECTION ( 'NONE',  ( 1.836970198721029688E-16, -1.000000000000000000, -0.000000000000000000 ) ) ;
#4864 =( GEOMETRIC_REPRESENTATION_CONTEXT ( 3 ) GLOBAL_UNCERTAINTY_ASSIGNED_CONTEXT ( ( #7615 ) ) GLOBAL_UNIT_ASSIGNED_CONTEXT ( ( #3112, #7048, #360 ) ) REPRESENTATION_CONTEXT ( 'NONE', 'WORKASPACE' ) );
#4865 = EDGE_CURVE ( 'NONE', #8397, #8360, #5326, .T. ) ;
#4866 = AXIS2_PLACEMENT_3D ( 'NONE', #5672, #3848, #5757 ) ;
#4867 = EDGE_LOOP ( 'NONE', ( #1875, #7524, #274, #3232 ) ) ;
#4868 = ORIENTED_EDGE ( 'NONE', *, *, #1514, .T. ) ;
#4869 = EDGE_LOOP ( 'NONE', ( #6188, #4544, #609, #3601 ) ) ;
#4870 = DIRECTION ( 'NONE',  ( 0.000000000000000000, 0.2588190451025131900, 0.9659258262890703106 ) ) ;
#4871 = ORIENTED_EDGE ( 'NONE', *, *, #7879, .F. ) ;
#4872 = DIRECTION ( 'NONE',  ( -0.000000000000000000, -0.000000000000000000, 1.000000000000000000 ) ) ;
#4873 = EDGE_CURVE ( 'NONE', #6995, #3309, #5794, .T. ) ;
#4874 = LINE ( 'NONE', #5592, #50 ) ;
#4875 = DIRECTION ( 'NONE',  ( 1.000000000000000000, 1.836970198721029441E-16, 0.000000000000000000 ) ) ;
#4876 = EDGE_CURVE ( 'NONE', #3404, #2919, #3970, .T. ) ;
#4877 = EDGE_LOOP ( 'NONE', ( #1361, #3659, #6281, #5624 ) ) ;
#4878 = CIRCLE ( 'NONE', #1186, 5.899999999999999467 ) ;
#4879 = CARTESIAN_POINT ( 'NONE',  ( -0.6014837311292450250, 11.20296746225849027, -6.971123081938318755 ) ) ;
#4880 = EDGE_CURVE ( 'NONE', #2066, #3687, #707, .T. ) ;
#4881 = CARTESIAN_POINT ( 'NONE',  ( 0.1749999999999998779, 10.00000000000000000, -7.037946471341893329 ) ) ;
#4882 = PLANE ( 'NONE',  #5944 ) ;
#4883 = EDGE_CURVE ( 'NONE', #3459, #908, #2797, .T. ) ;
#4884 = ORIENTED_EDGE ( 'NONE', *, *, #3578, .F. ) ;
#4885 = DIRECTION ( 'NONE',  ( 1.000000000000000000, 0.000000000000000000, 0.000000000000000000 ) ) ;
#4886 = VERTEX_POINT ( 'NONE', #568 ) ;
#4887 = DIRECTION ( 'NONE',  ( 0.000000000000000000, -0.000000000000000000, -1.000000000000000000 ) ) ;
#4888 = DIRECTION ( 'NONE',  ( -0.000000000000000000, -0.000000000000000000, -1.000000000000000000 ) ) ;
#4889 = ORIENTED_EDGE ( 'NONE', *, *, #7427, .F. ) ;
#4890 = DIRECTION ( 'NONE',  ( -0.000000000000000000, -0.000000000000000000, -1.000000000000000000 ) ) ;
#4891 = DIRECTION ( 'NONE',  ( -0.7071067811865482389, 0.7071067811865469066, 0.000000000000000000 ) ) ;
#4892 = CARTESIAN_POINT ( 'NONE',  ( 7.809923976848165417, 5.985126513463341347, 1.900000000000001021 ) ) ;
#4893 = EDGE_CURVE ( 'NONE', #3650, #1158, #2544, .T. ) ;
#4894 = CIRCLE ( 'NONE', #1874, 0.8877928962701172599 ) ;
#4895 = CARTESIAN_POINT ( 'NONE',  ( -5.199844853026782232, 0.7999999999999996003, -6.599999999999996980 ) ) ;
#4896 = CARTESIAN_POINT ( 'NONE',  ( 0.000000000000000000, 0.000000000000000000, 7.900000000000000355 ) ) ;
#4897 = EDGE_LOOP ( 'NONE', ( #4818, #3932, #927, #4673 ) ) ;
#4898 = DIRECTION ( 'NONE',  ( -1.000000000000000000, -8.673617379884052235E-16, 0.000000000000000000 ) ) ;
#4899 = CARTESIAN_POINT ( 'NONE',  ( 0.5000000000000000000, 4.625000000000001776, -3.049120979999346392 ) ) ;
#4900 = ORIENTED_EDGE ( 'NONE', *, *, #7654, .T. ) ;
#4901 = DIRECTION ( 'NONE',  ( -1.000000000000000000, -0.000000000000000000, -0.000000000000000000 ) ) ;
#4902 = EDGE_LOOP ( 'NONE', ( #3667, #1833, #5983, #4250 ) ) ;
#4903 = ORIENTED_EDGE ( 'NONE', *, *, #465, .T. ) ;
#4904 = ADVANCED_FACE ( 'NONE', ( #8453 ), #2721, .T. ) ;
#4905 = EDGE_CURVE ( 'NONE', #3412, #6547, #2678, .T. ) ;
#4906 = ORIENTED_EDGE ( 'NONE', *, *, #6893, .T. ) ;
#4907 = PLANE ( 'NONE',  #70 ) ;
#4908 = ORIENTED_EDGE ( 'NONE', *, *, #4829, .F. ) ;
#4909 = FACE_OUTER_BOUND ( 'NONE', #3298, .T. ) ;
#4910 = PRODUCT_CONTEXT ( 'NONE', #5695, 'mechanical' ) ;
#4911 = FACE_OUTER_BOUND ( 'NONE', #6833, .T. ) ;
#4912 = CARTESIAN_POINT ( 'NONE',  ( 3.500000000000002220, 9.999999999999998224, 7.900000000000025224 ) ) ;
#4913 = AXIS2_PLACEMENT_3D ( 'NONE', #504, #8386, #7200 ) ;
#4914 = ORIENTED_EDGE ( 'NONE', *, *, #2701, .F. ) ;
#4915 = CARTESIAN_POINT ( 'NONE',  ( -0.9136625832470525177, 11.82732516649410393, -6.672965233509484229 ) ) ;
#4916 = DIRECTION ( 'NONE',  ( 1.675614206915940262E-15, -0.2588190451025216277, 0.9659258262890680902 ) ) ;
#4917 = LINE ( 'NONE', #7533, #6340 ) ;
#4918 = EDGE_LOOP ( 'NONE', ( #3517, #340, #6992, #7767, #4558, #1314, #7520, #4275 ) ) ;
#4919 = LINE ( 'NONE', #4374, #4573 ) ;
#4920 = ORIENTED_EDGE ( 'NONE', *, *, #7358, .F. ) ;
#4921 = ADVANCED_FACE ( 'NONE', ( #4650 ), #3187, .F. ) ;
#4922 = CARTESIAN_POINT ( 'NONE',  ( 0.000000000000000000, 0.000000000000000000, -6.250000000000000000 ) ) ;
#4923 = ORIENTED_EDGE ( 'NONE', *, *, #3398, .T. ) ;
#4924 = CARTESIAN_POINT ( 'NONE',  ( 2.527728175868495963, 11.67937860531804795, 1.100000000000001199 ) ) ;
#4925 = CARTESIAN_POINT ( 'NONE',  ( 0.000000000000000000, 6.500000000000000888, 1.100000000000001199 ) ) ;
#4926 = CARTESIAN_POINT ( 'NONE',  ( 7.700000000000001066, 0.8000000000000017097, -5.100000000000000533 ) ) ;
#4927 = EDGE_CURVE ( 'NONE', #630, #4234, #4011, .T. ) ;
#4928 = PLANE ( 'NONE',  #4426 ) ;
#4929 = EDGE_CURVE ( 'NONE', #5338, #6663, #751, .T. ) ;
#4930 = CARTESIAN_POINT ( 'NONE',  ( 0.000000000000000000, 0.000000000000000000, -4.100000000000000533 ) ) ;
#4931 = ORIENTED_EDGE ( 'NONE', *, *, #6382, .T. ) ;
#4932 = CARTESIAN_POINT ( 'NONE',  ( -3.199999999999999734, 0.000000000000000000, 7.900000000000000355 ) ) ;
#4933 = LINE ( 'NONE', #1758, #5574 ) ;
#4934 = ORIENTED_EDGE ( 'NONE', *, *, #3733, .F. ) ;
#4935 = DIRECTION ( 'NONE',  ( -0.000000000000000000, 1.000000000000000000, 0.000000000000000000 ) ) ;
#4936 = CARTESIAN_POINT ( 'NONE',  ( -7.500000000000001776, 6.499999999999998224, 0.4000000000000010214 ) ) ;
#4937 = ORIENTED_EDGE ( 'NONE', *, *, #7654, .F. ) ;
#4938 = ORIENTED_EDGE ( 'NONE', *, *, #4782, .F. ) ;
#4939 = EDGE_LOOP ( 'NONE', ( #3056, #7635, #7923, #7050 ) ) ;
#4940 = CARTESIAN_POINT ( 'NONE',  ( 9.200000000000001066, 0.000000000000000000, -4.599999999999999645 ) ) ;
#4941 = DIRECTION ( 'NONE',  ( -0.000000000000000000, -0.000000000000000000, 1.000000000000000000 ) ) ;
#4942 = VERTEX_POINT ( 'NONE', #6662 ) ;
#4943 = LINE ( 'NONE', #2211, #3506 ) ;
#4944 = DIRECTION ( 'NONE',  ( 0.7071067811865483499, -0.7071067811865467956, 0.000000000000000000 ) ) ;
#4945 = CARTESIAN_POINT ( 'NONE',  ( 4.729279221902245922, 5.662282881142664870, -4.100000000000000533 ) ) ;
#4946 = ORIENTED_EDGE ( 'NONE', *, *, #7597, .T. ) ;
#4947 = EDGE_CURVE ( 'NONE', #2291, #4531, #4856, .T. ) ;
#4948 = DIRECTION ( 'NONE',  ( 0.5947568674407585076, -0.8039056341586716670, 0.000000000000000000 ) ) ;
#4949 = CARTESIAN_POINT ( 'NONE',  ( -4.800155146973220432, 4.235050948740416210, -7.900000000000000355 ) ) ;
#4950 = VECTOR ( 'NONE', #113, 1000.000000000000000 ) ;
#4951 = ADVANCED_FACE ( 'NONE', ( #5539 ), #6738, .F. ) ;
#4952 = ORIENTED_EDGE ( 'NONE', *, *, #8325, .T. ) ;
#4953 = VECTOR ( 'NONE', #3283, 1000.000000000000000 ) ;
#4954 = LINE ( 'NONE', #2390, #1149 ) ;
#4955 = CIRCLE ( 'NONE', #1551, 2.000000000000000000 ) ;
#4956 = ORIENTED_EDGE ( 'NONE', *, *, #939, .T. ) ;
#4957 = VECTOR ( 'NONE', #3585, 1000.000000000000000 ) ;
#4958 = ORIENTED_EDGE ( 'NONE', *, *, #4458, .T. ) ;
#4959 = CARTESIAN_POINT ( 'NONE',  ( 0.000000000000000000, 2.424800662311759799E-15, 7.900000000000000355 ) ) ;
#4960 = EDGE_CURVE ( 'NONE', #948, #3336, #5364, .T. ) ;
#4961 = LINE ( 'NONE', #8388, #887 ) ;
#4962 = VECTOR ( 'NONE', #1125, 1000.000000000000000 ) ;
#4963 = AXIS2_PLACEMENT_3D ( 'NONE', #3358, #6650, #7934 ) ;
#4964 = EDGE_CURVE ( 'NONE', #4210, #2807, #175, .T. ) ;
#4965 = AXIS2_PLACEMENT_3D ( 'NONE', #3722, #6312, #1239 ) ;
#4966 = EDGE_CURVE ( 'NONE', #69, #7504, #457, .T. ) ;
#4967 = CARTESIAN_POINT ( 'NONE',  ( -7.699999999999988631, 0.7999999999999981570, -4.599999999999999645 ) ) ;
#4968 = ORIENTED_EDGE ( 'NONE', *, *, #417, .F. ) ;
#4969 = CARTESIAN_POINT ( 'NONE',  ( 0.8877928962701179261, 6.500000000000000888, 7.900000000000000355 ) ) ;
#4970 = VECTOR ( 'NONE', #8437, 1000.000000000000000 ) ;
#4971 = ORIENTED_EDGE ( 'NONE', *, *, #7750, .T. ) ;
#4972 = AXIS2_PLACEMENT_3D ( 'NONE', #6353, #5514, #525 ) ;
#4973 = PLANE ( 'NONE',  #6365 ) ;
#4974 = CARTESIAN_POINT ( 'NONE',  ( 0.000000000000000000, 10.00000000000000000, 1.100000000000001199 ) ) ;
#4975 = VERTEX_POINT ( 'NONE', #2805 ) ;
#4976 = VECTOR ( 'NONE', #5718, 1000.000000000000000 ) ;
#4977 = CARTESIAN_POINT ( 'NONE',  ( 4.800155146973212439, -3.500000000000000444, -7.099999999999998757 ) ) ;
#4978 = EDGE_CURVE ( 'NONE', #524, #5700, #8033, .T. ) ;
#4979 = CARTESIAN_POINT ( 'NONE',  ( -7.500000000000001776, 6.499999999999998224, 0.4000000000000010214 ) ) ;
#4980 = EDGE_CURVE ( 'NONE', #1343, #2205, #1555, .T. ) ;
#4981 = VECTOR ( 'NONE', #1564, 1000.000000000000000 ) ;
#4982 = ORIENTED_EDGE ( 'NONE', *, *, #6007, .F. ) ;
#4983 = ORIENTED_EDGE ( 'NONE', *, *, #5381, .T. ) ;
#4984 = APPLICATION_CONTEXT ( 'automotive_design' ) ;
#4985 = ORIENTED_EDGE ( 'NONE', *, *, #5601, .T. ) ;
#4986 = CARTESIAN_POINT ( 'NONE',  ( -0.7885572109048583078, 8.490460172048578613, 7.900000000000000355 ) ) ;
#4987 = DIRECTION ( 'NONE',  ( 1.000000000000000000, 0.000000000000000000, 0.000000000000000000 ) ) ;
#4988 = ORIENTED_EDGE ( 'NONE', *, *, #2578, .F. ) ;
#4989 = DIRECTION ( 'NONE',  ( -0.000000000000000000, -0.000000000000000000, 1.000000000000000000 ) ) ;
#4990 = VECTOR ( 'NONE', #528, 1000.000000000000000 ) ;
#4991 = CONTEXT_DEPENDENT_SHAPE_REPRESENTATION ( #7662, #3589 ) ;
#4992 = LINE ( 'NONE', #5628, #1562 ) ;
#4993 = PLANE ( 'NONE',  #3600 ) ;
#4994 = VECTOR ( 'NONE', #198, 1000.000000000000000 ) ;
#4995 = ORIENTED_EDGE ( 'NONE', *, *, #4719, .T. ) ;
#4996 = AXIS2_PLACEMENT_3D ( 'NONE', #8230, #6907, #6217 ) ;
#4997 = LINE ( 'NONE', #2303, #1810 ) ;
#4998 = DIRECTION ( 'NONE',  ( -0.000000000000000000, -0.000000000000000000, -1.000000000000000000 ) ) ;
#4999 = VECTOR ( 'NONE', #2224, 1000.000000000000114 ) ;
#5000 = EDGE_LOOP ( 'NONE', ( #8164, #2962, #4937, #5779 ) ) ;
#5001 = ORIENTED_EDGE ( 'NONE', *, *, #4865, .F. ) ;
#5002 = EDGE_CURVE ( 'NONE', #7085, #2288, #600, .T. ) ;
#5003 = DIRECTION ( 'NONE',  ( 0.000000000000000000, 1.000000000000000000, 0.000000000000000000 ) ) ;
#5004 = EDGE_CURVE ( 'NONE', #7997, #2901, #7983, .T. ) ;
#5005 = VERTEX_POINT ( 'NONE', #4776 ) ;
#5006 = VECTOR ( 'NONE', #7878, 1000.000000000000000 ) ;
#5007 = ORIENTED_EDGE ( 'NONE', *, *, #4653, .F. ) ;
#5008 = CARTESIAN_POINT ( 'NONE',  ( 3.199999999999999734, 0.000000000000000000, 5.300000000000000711 ) ) ;
#5009 =( NAMED_UNIT ( * ) PLANE_ANGLE_UNIT ( ) SI_UNIT ( $, .RADIAN. ) );
#5010 = DIRECTION ( 'NONE',  ( 0.000000000000000000, 0.000000000000000000, -1.000000000000000000 ) ) ;
#5011 = CARTESIAN_POINT ( 'NONE',  ( -2.280971972007237891, 8.971547725466914258, -4.100000000000000533 ) ) ;
#5012 = ORIENTED_EDGE ( 'NONE', *, *, #1328, .T. ) ;
#5013 = CARTESIAN_POINT ( 'NONE',  ( -2.800155146973221765, 0.7999999999999994893, -7.900000000000000355 ) ) ;
#5014 = ORIENTED_EDGE ( 'NONE', *, *, #2745, .F. ) ;
#5015 = LINE ( 'NONE', #6171, #2818 ) ;
#5016 = CARTESIAN_POINT ( 'NONE',  ( -1.969028027992764107, 8.721166065210621099, -4.100000000000000533 ) ) ;
#5017 = ORIENTED_EDGE ( 'NONE', *, *, #2081, .T. ) ;
#5018 = VECTOR ( 'NONE', #7948, 1000.000000000000000 ) ;
#5019 = CYLINDRICAL_SURFACE ( 'NONE', #1961, 0.8877928962701179261 ) ;
#5020 = PLANE ( 'NONE',  #35 ) ;
#5021 = ORIENTED_EDGE ( 'NONE', *, *, #852, .F. ) ;
#5022 = ORIENTED_EDGE ( 'NONE', *, *, #6275, .F. ) ;
#5023 = EDGE_CURVE ( 'NONE', #6527, #5685, #1517, .T. ) ;
#5024 = CARTESIAN_POINT ( 'NONE',  ( 2.800155146973221765, 4.235050948740416210, -4.100000000000000533 ) ) ;
#5025 = EDGE_CURVE ( 'NONE', #5289, #4459, #3496, .T. ) ;
#5026 = DIRECTION ( 'NONE',  ( -0.7071067811865469066, -0.7071067811865482389, 0.000000000000000000 ) ) ;
#5027 = ORIENTED_EDGE ( 'NONE', *, *, #1085, .F. ) ;
#5028 = DIRECTION ( 'NONE',  ( -0.7798598600361770217, 0.6259541506407273470, 0.000000000000000000 ) ) ;
#5029 = SHAPE_DEFINITION_REPRESENTATION ( #5344, #3793 ) ;
#5030 = DIRECTION ( 'NONE',  ( -0.7071067811865487940, 0.7071067811865463515, 0.000000000000000000 ) ) ;
#5031 = DIRECTION ( 'NONE',  ( 0.7798598600361770217, 0.6259541506407273470, -0.000000000000000000 ) ) ;
#5032 = ORIENTED_EDGE ( 'NONE', *, *, #1146, .T. ) ;
#5033 = APPLICATION_CONTEXT ( 'automotive_design' ) ;
#5034 = ADVANCED_FACE ( 'NONE', ( #137 ), #6097, .F. ) ;
#5035 = DIRECTION ( 'NONE',  ( -1.000000000000000000, 0.000000000000000000, 0.000000000000000000 ) ) ;
#5036 = LINE ( 'NONE', #635, #309 ) ;
#5037 = DIRECTION ( 'NONE',  ( 0.000000000000000000, -0.000000000000000000, -1.000000000000000000 ) ) ;
#5038 = CIRCLE ( 'NONE', #5180, 1.099999999937973483 ) ;
#5039 = ORIENTED_EDGE ( 'NONE', *, *, #5023, .F. ) ;
#5040 = LINE ( 'NONE', #1286, #8383 ) ;
#5041 = EDGE_LOOP ( 'NONE', ( #8101, #3893, #654, #282 ) ) ;
#5042 = EDGE_LOOP ( 'NONE', ( #569, #5896, #2329, #6546 ) ) ;
#5043 = DIRECTION ( 'NONE',  ( -0.7798598600361770217, -0.6259541506407273470, 0.000000000000000000 ) ) ;
#5044 =( LENGTH_UNIT ( ) NAMED_UNIT ( * ) SI_UNIT ( .MILLI., .METRE. ) );
#5045 = DIRECTION ( 'NONE',  ( 0.000000000000000000, 1.000000000000000000, -0.000000000000000000 ) ) ;
#5046 = PRODUCT_DEFINITION_FORMATION_WITH_SPECIFIED_SOURCE ( 'ANY', '', #5889, .NOT_KNOWN. ) ;
#5047 = CARTESIAN_POINT ( 'NONE',  ( 7.699999999999994849, -3.500000000000003553, -5.100000000000000533 ) ) ;
#5048 = ORIENTED_EDGE ( 'NONE', *, *, #5230, .F. ) ;
#5049 = LINE ( 'NONE', #3140, #3267 ) ;
#5050 = DIRECTION ( 'NONE',  ( -1.000000000000000000, -2.466431482431479202E-16, 0.000000000000000000 ) ) ;
#5051 = VERTEX_POINT ( 'NONE', #6045 ) ;
#5052 = DIRECTION ( 'NONE',  ( 0.000000000000000000, 0.000000000000000000, 1.000000000000000000 ) ) ;
#5053 = DIRECTION ( 'NONE',  ( -0.000000000000000000, -0.000000000000000000, -1.000000000000000000 ) ) ;
#5054 = ORIENTED_EDGE ( 'NONE', *, *, #7913, .F. ) ;
#5055 = PRODUCT_DEFINITION ( 'UNKNOWN', '', #7254, #7355 ) ;
#5056 = DIRECTION ( 'NONE',  ( 0.7798598600361774658, -0.6259541506407266809, 0.000000000000000000 ) ) ;
#5057 = DIRECTION ( 'NONE',  ( 0.7071067811865462405, -0.7071067811865489050, 0.000000000000000000 ) ) ;
#5058 = VERTEX_POINT ( 'NONE', #226 ) ;
#5059 = ADVANCED_FACE ( 'NONE', ( #1477 ), #2851, .F. ) ;
#5060 = VERTEX_POINT ( 'NONE', #6136 ) ;
#5061 = DIRECTION ( 'NONE',  ( 0.5947568674407585076, 0.8039056341586715559, 0.000000000000000000 ) ) ;
#5062 = ORIENTED_EDGE ( 'NONE', *, *, #4580, .T. ) ;
#5063 = VERTEX_POINT ( 'NONE', #264 ) ;
#5064 = CARTESIAN_POINT ( 'NONE',  ( 0.7954951288348675043, 8.497398089978590363, 7.900000000000000355 ) ) ;
#5065 = LINE ( 'NONE', #7685, #3259 ) ;
#5066 = ORIENTED_EDGE ( 'NONE', *, *, #1310, .T. ) ;
#5067 = FACE_OUTER_BOUND ( 'NONE', #7236, .T. ) ;
#5068 = SHAPE_DEFINITION_REPRESENTATION ( #2057, #4074 ) ;
#5069 = CARTESIAN_POINT ( 'NONE',  ( 0.7954951288348675043, 8.497398089978590363, -3.654908379606660596 ) ) ;
#5070 = DIRECTION ( 'NONE',  ( -0.7071067811865487940, 0.7071067811865463515, 0.000000000000000000 ) ) ;
#5071 = ORIENTED_EDGE ( 'NONE', *, *, #7810, .F. ) ;
#5072 = EDGE_CURVE ( 'NONE', #4656, #5526, #3446, .T. ) ;
#5073 = EDGE_CURVE ( 'NONE', #6178, #6869, #4057, .T. ) ;
#5074 = DIRECTION ( 'NONE',  ( 0.000000000000000000, 0.000000000000000000, -1.000000000000000000 ) ) ;
#5075 = LINE ( 'NONE', #7694, #1685 ) ;
#5076 = DIRECTION ( 'NONE',  ( 0.000000000000000000, -1.000000000000000000, -0.000000000000000000 ) ) ;
#5077 = ADVANCED_FACE ( 'NONE', ( #7473, #4098, #1600, #2929 ), #6701, .T. ) ;
#5078 = ORIENTED_EDGE ( 'NONE', *, *, #509, .F. ) ;
#5079 = EDGE_CURVE ( 'NONE', #877, #5154, #2355, .T. ) ;
#5080 = CARTESIAN_POINT ( 'NONE',  ( 0.8750000000000000000, 14.55000000000000071, 6.100000000000001421 ) ) ;
#5081 = EDGE_LOOP ( 'NONE', ( #7682, #2855, #7764, #5442, #6247, #7935, #2076, #7119 ) ) ;
#5082 = VERTEX_POINT ( 'NONE', #4969 ) ;
#5083 = CARTESIAN_POINT ( 'NONE',  ( 3.500000000000000000, 10.75000000000000000, -6.250000000000000000 ) ) ;
#5084 = AXIS2_PLACEMENT_3D ( 'NONE', #5440, #1500, #6724 ) ;
#5085 = DIRECTION ( 'NONE',  ( 1.000000000000000000, 0.000000000000000000, 0.000000000000000000 ) ) ;
#5086 = APPLICATION_CONTEXT ( 'automotive_design' ) ;
#5087 = AXIS2_PLACEMENT_3D ( 'NONE', #1344, #2530, #2576 ) ;
#5088 = CIRCLE ( 'NONE', #7013, 0.9999999999999974465 ) ;
#5089 = CARTESIAN_POINT ( 'NONE',  ( 0.000000000000000000, 10.00000000000000000, 7.900000000000000355 ) ) ;
#5090 = ORIENTED_EDGE ( 'NONE', *, *, #157, .T. ) ;
#5091 = DIRECTION ( 'NONE',  ( 0.7071067811865463515, 0.7071067811865486830, 0.000000000000000000 ) ) ;
#5092 = DIRECTION ( 'NONE',  ( 0.7071067811865489050, -0.7071067811865460184, 4.532541397202280967E-15 ) ) ;
#5093 = ORIENTED_EDGE ( 'NONE', *, *, #3363, .T. ) ;
#5094 = LINE ( 'NONE', #7722, #384 ) ;
#5095 = DIRECTION ( 'NONE',  ( 0.000000000000000000, -0.2588190451025131900, 0.9659258262890703106 ) ) ;
#5096 = VERTEX_POINT ( 'NONE', #3658 ) ;
#5097 = VECTOR ( 'NONE', #659, 1000.000000000000000 ) ;
#5098 = AXIS2_PLACEMENT_3D ( 'NONE', #909, #126, #8020 ) ;
#5099 = LINE ( 'NONE', #8403, #875 ) ;
#5100 = VECTOR ( 'NONE', #8421, 1000.000000000000000 ) ;
#5101 = DIRECTION ( 'NONE',  ( -0.5947568674407585076, -0.8039056341586716670, 0.000000000000000000 ) ) ;
#5102 = VERTEX_POINT ( 'NONE', #7590 ) ;
#5103 = ORIENTED_EDGE ( 'NONE', *, *, #2133, .F. ) ;
#5104 = VECTOR ( 'NONE', #5520, 1000.000000000000000 ) ;
#5105 = CARTESIAN_POINT ( 'NONE',  ( -4.407966415290564655, 5.424564683621932559, -4.100000000000000533 ) ) ;
#5106 = AXIS2_PLACEMENT_3D ( 'NONE', #8060, #2144, #161 ) ;
#5107 = CARTESIAN_POINT ( 'NONE',  ( 2.500000000000000444, -3.499999999999997780, 5.300000000000000711 ) ) ;
#5108 = AXIS2_PLACEMENT_3D ( 'NONE', #5069, #5030, #5803 ) ;
#5109 = ORIENTED_EDGE ( 'NONE', *, *, #7922, .F. ) ;
#5110 = EDGE_CURVE ( 'NONE', #5468, #1442, #6339, .T. ) ;
#5111 = AXIS2_PLACEMENT_3D ( 'NONE', #2264, #410, #284 ) ;
#5112 = ORIENTED_EDGE ( 'NONE', *, *, #42, .T. ) ;
#5113 = CARTESIAN_POINT ( 'NONE',  ( -10.00000000000000178, 21.10000000000000497, 7.900000000000000355 ) ) ;
#5114 = LINE ( 'NONE', #7049, #2152 ) ;
#5115 = ORIENTED_EDGE ( 'NONE', *, *, #7154, .F. ) ;
#5116 = CARTESIAN_POINT ( 'NONE',  ( -10.00000000000000355, 0.7999999999999978240, -6.250000000000000000 ) ) ;
#5117 = PRODUCT_CONTEXT ( 'NONE', #5545, 'mechanical' ) ;
#5118 = DIRECTION ( 'NONE',  ( 1.000000000000000000, 0.000000000000000000, -4.340175515414278461E-15 ) ) ;
#5119 = EDGE_CURVE ( 'NONE', #5878, #3562, #7032, .T. ) ;
#5120 = DIRECTION ( 'NONE',  ( 1.000000000000000000, 3.469446951953614189E-15, 0.000000000000000000 ) ) ;
#5121 = VECTOR ( 'NONE', #6912, 1000.000000000000000 ) ;
#5122 = VECTOR ( 'NONE', #7490, 1000.000000000000000 ) ;
#5123 = ORIENTED_EDGE ( 'NONE', *, *, #2465, .F. ) ;
#5124 = EDGE_CURVE ( 'NONE', #7186, #5, #4421, .T. ) ;
#5125 = PLANE ( 'NONE',  #493 ) ;
#5126 = VECTOR ( 'NONE', #7047, 1000.000000000000000 ) ;
#5127 = DIRECTION ( 'NONE',  ( -1.000000000000000000, 2.710505431213761874E-15, 0.000000000000000000 ) ) ;
#5128 = LINE ( 'NONE', #2560, #730 ) ;
#5129 = ORIENTED_EDGE ( 'NONE', *, *, #6713, .F. ) ;
#5130 = PRESENTATION_LAYER_ASSIGNMENT (  '', '', ( #1580 ) ) ;
#5131 = DIRECTION ( 'NONE',  ( -0.000000000000000000, -0.000000000000000000, 1.000000000000000000 ) ) ;
#5132 = VERTEX_POINT ( 'NONE', #1755 ) ;
#5133 = CARTESIAN_POINT ( 'NONE',  ( 7.000000000000000888, 10.00000000000000000, 1.100000000000001199 ) ) ;
#5134 = EDGE_CURVE ( 'NONE', #2954, #5687, #7995, .T. ) ;
#5135 = DIRECTION ( 'NONE',  ( 0.000000000000000000, 0.000000000000000000, 1.000000000000000000 ) ) ;
#5136 = LINE ( 'NONE', #597, #2774 ) ;
#5137 = DIRECTION ( 'NONE',  ( 1.000000000000000000, 0.000000000000000000, 0.000000000000000000 ) ) ;
#5138 = AXIS2_PLACEMENT_3D ( 'NONE', #2193, #2155, #4774 ) ;
#5139 = DIRECTION ( 'NONE',  ( 0.000000000000000000, -0.000000000000000000, -1.000000000000000000 ) ) ;
#5140 = ORIENTED_EDGE ( 'NONE', *, *, #1386, .T. ) ;
#5141 = DIRECTION ( 'NONE',  ( 0.000000000000000000, 0.000000000000000000, 1.000000000000000000 ) ) ;
#5142 = FACE_OUTER_BOUND ( 'NONE', #1849, .T. ) ;
#5143 = ORIENTED_EDGE ( 'NONE', *, *, #2728, .T. ) ;
#5144 = DIRECTION ( 'NONE',  ( 0.000000000000000000, 1.000000000000000000, 0.000000000000000000 ) ) ;
#5145 = ADVANCED_FACE ( 'NONE', ( #386 ), #3045, .T. ) ;
#5146 = PLANE ( 'NONE',  #4516 ) ;
#5147 = VERTEX_POINT ( 'NONE', #8312 ) ;
#5148 = LINE ( 'NONE', #2489, #5648 ) ;
#5149 = APPLICATION_CONTEXT ( 'automotive_design' ) ;
#5150 = CARTESIAN_POINT ( 'NONE',  ( 4.407966415290564655, 5.424564683621932559, -4.100000000000000533 ) ) ;
#5151 = ORIENTED_EDGE ( 'NONE', *, *, #3851, .F. ) ;
#5152 = CARTESIAN_POINT ( 'NONE',  ( -2.500000000000000000, 9.147350469337284906, -6.250000000000000000 ) ) ;
#5153 = PLANE ( 'NONE',  #2379 ) ;
#5154 = VERTEX_POINT ( 'NONE', #4343 ) ;
#5155 = CARTESIAN_POINT ( 'NONE',  ( 2.500000000000000444, 9.947350469337285617, -4.100000000000000533 ) ) ;
#5156 = SURFACE_SIDE_STYLE ('',( #6577 ) ) ;
#5157 = CIRCLE ( 'NONE', #3535, 2.399689706053560911 ) ;
#5158 = CARTESIAN_POINT ( 'NONE',  ( 5.199844853026782232, 4.235050948740416210, -4.100000000000000533 ) ) ;
#5159 = VERTEX_POINT ( 'NONE', #513 ) ;
#5160 = DIRECTION ( 'NONE',  ( -1.000000000000000000, 0.000000000000000000, 0.000000000000000000 ) ) ;
#5161 = CONTEXT_DEPENDENT_SHAPE_REPRESENTATION ( #669, #2349 ) ;
#5162 = CARTESIAN_POINT ( 'NONE',  ( 0.8877928962701179261, 6.500000000000000888, -3.049120979999346392 ) ) ;
#5163 = CARTESIAN_POINT ( 'NONE',  ( 2.321425231206986073, 8.399557385839587553, 1.100000000000001199 ) ) ;
#5164 = EDGE_CURVE ( 'NONE', #1011, #6945, #6486, .T. ) ;
#5165 = ADVANCED_FACE ( 'NONE', ( #470 ), #5614, .F. ) ;
#5166 = VECTOR ( 'NONE', #7162, 1000.000000000000000 ) ;
#5167 = ORIENTED_EDGE ( 'NONE', *, *, #6720, .F. ) ;
#5168 = ORIENTED_EDGE ( 'NONE', *, *, #49, .T. ) ;
#5169 = AXIS2_PLACEMENT_3D ( 'NONE', #2829, #2138, #7327 ) ;
#5170 = DIRECTION ( 'NONE',  ( 0.000000000000000000, 0.000000000000000000, 1.000000000000000000 ) ) ;
#5171 = PRODUCT_DEFINITION_SHAPE ( 'NONE', 'NONE',  #8481 ) ;
#5172 = CARTESIAN_POINT ( 'NONE',  ( 0.9000000000000001332, 2.002297516605922670E-15, -2.800000000000000266 ) ) ;
#5173 = DIRECTION ( 'NONE',  ( 1.836970198721029688E-16, -1.000000000000000000, -0.000000000000000000 ) ) ;
#5174 = EDGE_CURVE ( 'NONE', #7683, #7805, #1041, .T. ) ;
#5175 = ORIENTED_EDGE ( 'NONE', *, *, #2235, .T. ) ;
#5176 = AXIS2_PLACEMENT_3D ( 'NONE', #796, #139, #229 ) ;
#5177 = DIRECTION ( 'NONE',  ( -1.232115609489269207E-16, 1.000000000000000000, -0.000000000000000000 ) ) ;
#5178 = ORIENTED_EDGE ( 'NONE', *, *, #807, .F. ) ;
#5179 = LINE ( 'NONE', #6515, #4372 ) ;
#5180 = AXIS2_PLACEMENT_3D ( 'NONE', #7624, #7469, #1595 ) ;
#5181 = CARTESIAN_POINT ( 'NONE',  ( -2.500000000000000444, 9.947350469337287393, -4.100000000000000533 ) ) ;
#5182 = EDGE_LOOP ( 'NONE', ( #5109, #2286, #4312, #4968 ) ) ;
#5183 = EDGE_CURVE ( 'NONE', #2288, #737, #1637, .T. ) ;
#5184 = DIRECTION ( 'NONE',  ( 0.5947568674407585076, 0.8039056341586716670, 0.000000000000000000 ) ) ;
#5185 = ORIENTED_EDGE ( 'NONE', *, *, #7274, .F. ) ;
#5186 = CARTESIAN_POINT ( 'NONE',  ( 0.9999999999999997780, 7.543376173343215640, -4.599999999999999645 ) ) ;
#5187 = CARTESIAN_POINT ( 'NONE',  ( 5.179378605318053275, 9.027728175868498184, 7.900000000000036771 ) ) ;
#5188 = ORIENTED_EDGE ( 'NONE', *, *, #5134, .F. ) ;
#5189 = LINE ( 'NONE', #3830, #8061 ) ;
#5190 = PLANE ( 'NONE',  #7368 ) ;
#5191 = VERTEX_POINT ( 'NONE', #6944 ) ;
#5192 = ORIENTED_EDGE ( 'NONE', *, *, #969, .F. ) ;
#5193 = LINE ( 'NONE', #7342, #6477 ) ;
#5194 = DIRECTION ( 'NONE',  ( 0.7071067811865486830, 0.7071067811865464625, 0.000000000000000000 ) ) ;
#5195 = EDGE_CURVE ( 'NONE', #5132, #1717, #5654, .T. ) ;
#5196 = ORIENTED_EDGE ( 'NONE', *, *, #7710, .T. ) ;
#5197 = EDGE_CURVE ( 'NONE', #7504, #7065, #8348, .T. ) ;
#5198 = CARTESIAN_POINT ( 'NONE',  ( 2.519059411711701557, 8.649735831096656113, -7.900000000000000355 ) ) ;
#5199 = DIRECTION ( 'NONE',  ( 0.000000000000000000, 0.000000000000000000, 1.000000000000000000 ) ) ;
#5200 = ORIENTED_EDGE ( 'NONE', *, *, #7278, .T. ) ;
#5201 = DIRECTION ( 'NONE',  ( 0.000000000000000000, 0.000000000000000000, 1.000000000000000000 ) ) ;
#5202 = LINE ( 'NONE', #7907, #2531 ) ;
#5203 = FACE_OUTER_BOUND ( 'NONE', #2399, .T. ) ;
#5204 = ORIENTED_EDGE ( 'NONE', *, *, #3244, .F. ) ;
#5205 = CARTESIAN_POINT ( 'NONE',  ( 1.999999999999999556, -2.999999999999998224, 5.300000000000000711 ) ) ;
#5206 = CONTEXT_DEPENDENT_SHAPE_REPRESENTATION ( #7405, #3877 ) ;
#5207 = DIRECTION ( 'NONE',  ( 0.000000000000000000, -0.000000000000000000, -1.000000000000000000 ) ) ;
#5208 = CARTESIAN_POINT ( 'NONE',  ( 0.000000000000000000, 1.500000000000000888, 5.500000000000000888 ) ) ;
#5209 = EDGE_CURVE ( 'NONE', #5615, #2167, #1120, .T. ) ;
#5210 = DIRECTION ( 'NONE',  ( -1.000000000000000000, 0.000000000000000000, 0.000000000000000000 ) ) ;
#5211 = ORIENTED_EDGE ( 'NONE', *, *, #2979, .F. ) ;
#5212 = ORIENTED_EDGE ( 'NONE', *, *, #6757, .T. ) ;
#5213 = SHAPE_REPRESENTATION ( 'SDS-50J', ( #2879, #2453 ), #1504 ) ;
#5214 = LINE ( 'NONE', #7231, #6109 ) ;
#5215 = DIRECTION ( 'NONE',  ( 1.000000000000000000, 0.000000000000000000, 0.000000000000000000 ) ) ;
#5216 = DIRECTION ( 'NONE',  ( 1.000000000000000000, 0.000000000000000000, 0.000000000000000000 ) ) ;
#5217 = EDGE_LOOP ( 'NONE', ( #2642, #2622, #328, #7314, #1701, #4643, #6290, #3049, #5835, #3648, #4683, #3285, #3580, #2593, #7510, #4889 ) ) ;
#5218 = DIRECTION ( 'NONE',  ( -0.000000000000000000, -0.000000000000000000, 1.000000000000000000 ) ) ;
#5219 = DIRECTION ( 'NONE',  ( 1.000000000000000000, 8.092595186784966097E-16, -2.168404344970954141E-16 ) ) ;
#5220 =( LENGTH_UNIT ( ) NAMED_UNIT ( * ) SI_UNIT ( .MILLI., .METRE. ) );
#5221 = CARTESIAN_POINT ( 'NONE',  ( -7.699999999999988631, 0.7999999999999996003, -4.100000000000000533 ) ) ;
#5222 = PLANE ( 'NONE',  #4852 ) ;
#5223 = ADVANCED_FACE ( 'NONE', ( #7509 ), #4259, .F. ) ;
#5224 = ORIENTED_EDGE ( 'NONE', *, *, #3106, .T. ) ;
#5225 = DIRECTION ( 'NONE',  ( -0.7798598600361769106, -0.6259541506407273470, 0.000000000000000000 ) ) ;
#5226 = ORIENTED_EDGE ( 'NONE', *, *, #7214, .F. ) ;
#5227 = LINE ( 'NONE', #1974, #2846 ) ;
#5228 = CARTESIAN_POINT ( 'NONE',  ( -7.500000000000000000, -7.012099234593449637E-11, 0.4000000000000010214 ) ) ;
#5229 = EDGE_LOOP ( 'NONE', ( #5828, #2388, #4523, #8085 ) ) ;
#5230 = EDGE_CURVE ( 'NONE', #7124, #2498, #3495, .T. ) ;
#5231 = CARTESIAN_POINT ( 'NONE',  ( -2.800155146973221765, 4.235050948740416210, -4.100000000000000533 ) ) ;
#5232 = DIRECTION ( 'NONE',  ( -0.000000000000000000, -0.000000000000000000, -1.000000000000000000 ) ) ;
#5233 = VERTEX_POINT ( 'NONE', #6214 ) ;
#5234 = DIRECTION ( 'NONE',  ( 0.000000000000000000, 1.000000000000000000, -0.000000000000000000 ) ) ;
#5235 = EDGE_CURVE ( 'NONE', #6232, #3755, #6904, .T. ) ;
#5236 = EDGE_CURVE ( 'NONE', #4068, #3974, #1212, .T. ) ;
#5237 = CARTESIAN_POINT ( 'NONE',  ( -10.00000000000000178, 6.999999999999999112, 6.100000000000001421 ) ) ;
#5238 = CIRCLE ( 'NONE', #7437, 0.8877928962701181481 ) ;
#5239 = VERTEX_POINT ( 'NONE', #7250 ) ;
#5240 = FACE_OUTER_BOUND ( 'NONE', #7623, .T. ) ;
#5241 = CARTESIAN_POINT ( 'NONE',  ( 3.334816353806963729, 10.87229042737958196, 7.900000000000023448 ) ) ;
#5242 = ORIENTED_EDGE ( 'NONE', *, *, #6175, .F. ) ;
#5243 = VECTOR ( 'NONE', #1923, 1000.000000000000000 ) ;
#5244 = LINE ( 'NONE', #3287, #2815 ) ;
#5245 = DIRECTION ( 'NONE',  ( -0.000000000000000000, -0.000000000000000000, 1.000000000000000000 ) ) ;
#5246 = CARTESIAN_POINT ( 'NONE',  ( -0.5000000000000000000, 4.625000000000001776, 7.900000000000000355 ) ) ;
#5247 = ORIENTED_EDGE ( 'NONE', *, *, #2833, .T. ) ;
#5248 = CIRCLE ( 'NONE', #3053, 8.000000000000000000 ) ;
#5249 = LINE ( 'NONE', #3696, #1035 ) ;
#5250 = CARTESIAN_POINT ( 'NONE',  ( 7.699999999999998401, 2.799999999999997602, -4.100000000000000533 ) ) ;
#5251 = EDGE_CURVE ( 'NONE', #3815, #3669, #606, .T. ) ;
#5252 = LINE ( 'NONE', #5370, #1420 ) ;
#5253 = EDGE_CURVE ( 'NONE', #2919, #1226, #3361, .T. ) ;
#5254 = DIRECTION ( 'NONE',  ( 1.000000000000000000, 0.000000000000000000, 0.000000000000000000 ) ) ;
#5255 = AXIS2_PLACEMENT_3D ( 'NONE', #6479, #1088, #7677 ) ;
#5256 = AXIS2_PLACEMENT_3D ( 'NONE', #4538, #6375, #7144 ) ;
#5257 = ORIENTED_EDGE ( 'NONE', *, *, #7056, .F. ) ;
#5258 = VERTEX_POINT ( 'NONE', #6523 ) ;
#5259 = AXIS2_PLACEMENT_3D ( 'NONE', #232, #4145, #3621 ) ;
#5260 = ORIENTED_EDGE ( 'NONE', *, *, #2955, .F. ) ;
#5261 = CARTESIAN_POINT ( 'NONE',  ( 0.1998448530267814827, 0.8000000000000020428, -4.100000000000000533 ) ) ;
#5262 = VECTOR ( 'NONE', #372, 1000.000000000000000 ) ;
#5263 = CARTESIAN_POINT ( 'NONE',  ( 0.000000000000000000, 10.00000000000000000, 1.100000000000001199 ) ) ;
#5264 = AXIS2_PLACEMENT_3D ( 'NONE', #7925, #2828, #117 ) ;
#5265 = CARTESIAN_POINT ( 'NONE',  ( -0.9136625832470526287, 10.00000000000000000, -6.672965233509484229 ) ) ;
#5266 = EDGE_LOOP ( 'NONE', ( #7115, #434, #135, #5007 ) ) ;
#5267 = CARTESIAN_POINT ( 'NONE',  ( 8.609923976848167015, 5.985126513463341347, 7.700000000000004619 ) ) ;
#5268 = CARTESIAN_POINT ( 'NONE',  ( 0.000000000000000000, 10.00000000000000000, 1.100000000000001199 ) ) ;
#5269 = DIRECTION ( 'NONE',  ( 1.000000000000000000, 0.000000000000000000, 0.000000000000000000 ) ) ;
#5270 = CARTESIAN_POINT ( 'NONE',  ( -9.409923976848169502, 5.985126513463341347, 7.700000000000005507 ) ) ;
#5271 = LINE ( 'NONE', #7838, #2105 ) ;
#5272 = VECTOR ( 'NONE', #3760, 1000.000000000000000 ) ;
#5273 = ORIENTED_EDGE ( 'NONE', *, *, #5251, .F. ) ;
#5274 = EDGE_CURVE ( 'NONE', #5895, #1686, #7846, .T. ) ;
#5275 = EDGE_CURVE ( 'NONE', #4667, #2460, #8442, .T. ) ;
#5276 = CARTESIAN_POINT ( 'NONE',  ( -2.999999999999999556, 1.500000000000000888, 5.500000000000000888 ) ) ;
#5277 = AXIS2_PLACEMENT_3D ( 'NONE', #5616, #3660, #6293 ) ;
#5278 = ORIENTED_EDGE ( 'NONE', *, *, #3567, .F. ) ;
#5279 = CARTESIAN_POINT ( 'NONE',  ( -3.500000000000000000, 10.75000000000000000, -4.599999999999999645 ) ) ;
#5280 = DIRECTION ( 'NONE',  ( 1.000000000000000000, 0.000000000000000000, 0.000000000000000000 ) ) ;
#5281 = ORIENTED_EDGE ( 'NONE', *, *, #3490, .T. ) ;
#5282 = DIRECTION ( 'NONE',  ( -0.000000000000000000, -1.000000000000000000, -0.000000000000000000 ) ) ;
#5283 = CARTESIAN_POINT ( 'NONE',  ( 2.500000000000000000, 9.947350469337287393, -4.599999999999999645 ) ) ;
#5284 = CARTESIAN_POINT ( 'NONE',  ( -5.899999999999999467, 10.00000000000000000, 7.900000000000000355 ) ) ;
#5285 = VECTOR ( 'NONE', #4735, 1000.000000000000000 ) ;
#5286 = VERTEX_POINT ( 'NONE', #4470 ) ;
#5287 = CARTESIAN_POINT ( 'NONE',  ( 7.700000000000005507, -3.366025403784441483, -5.100000000000000533 ) ) ;
#5288 = CARTESIAN_POINT ( 'NONE',  ( -0.8750000000000001110, 14.55000000000000071, 6.100000000000001421 ) ) ;
#5289 = VERTEX_POINT ( 'NONE', #1253 ) ;
#5290 = SURFACE_SIDE_STYLE ('',( #2499 ) ) ;
#5291 = DIRECTION ( 'NONE',  ( 0.000000000000000000, 0.000000000000000000, -1.000000000000000000 ) ) ;
#5292 = ORIENTED_EDGE ( 'NONE', *, *, #5985, .F. ) ;
#5293 =( LENGTH_UNIT ( ) NAMED_UNIT ( * ) SI_UNIT ( .MILLI., .METRE. ) );
#5294 = CARTESIAN_POINT ( 'NONE',  ( 0.000000000000000000, 6.500000000000000888, -3.049120979999346392 ) ) ;
#5295 = DIRECTION ( 'NONE',  ( -0.7071067811865486830, 0.7071067811865464625, 0.000000000000000000 ) ) ;
#5296 = LINE ( 'NONE', #4692, #1697 ) ;
#5297 = ORIENTED_EDGE ( 'NONE', *, *, #2896, .F. ) ;
#5298 = ORIENTED_EDGE ( 'NONE', *, *, #723, .T. ) ;
#5299 = EDGE_CURVE ( 'NONE', #6043, #4520, #3869, .T. ) ;
#5300 = ORIENTED_EDGE ( 'NONE', *, *, #4625, .F. ) ;
#5301 = CYLINDRICAL_SURFACE ( 'NONE', #6377, 2.000000000000000444 ) ;
#5302 = DIRECTION ( 'NONE',  ( -0.000000000000000000, 1.000000000000000000, 0.000000000000000000 ) ) ;
#5303 = CARTESIAN_POINT ( 'NONE',  ( -8.609923976848167015, 5.985126513463341347, 7.900000000000000355 ) ) ;
#5304 = VECTOR ( 'NONE', #5964, 1000.000000000000114 ) ;
#5305 = ORIENTED_EDGE ( 'NONE', *, *, #7512, .T. ) ;
#5306 = ADVANCED_FACE ( 'NONE', ( #5142 ), #5960, .F. ) ;
#5307 = VECTOR ( 'NONE', #865, 1000.000000000000000 ) ;
#5308 = EDGE_CURVE ( 'NONE', #7285, #4202, #3920, .T. ) ;
#5309 = CARTESIAN_POINT ( 'NONE',  ( -3.374459510989180822E-31, 1.836970198721030378E-15, 5.300000000000000711 ) ) ;
#5310 = CARTESIAN_POINT ( 'NONE',  ( 0.000000000000000000, 12.75000000000000178, -6.250000000000000000 ) ) ;
#5311 =( NAMED_UNIT ( * ) PLANE_ANGLE_UNIT ( ) SI_UNIT ( $, .RADIAN. ) );
#5312 = LINE ( 'NONE', #2781, #5941 ) ;
#5313 = CARTESIAN_POINT ( 'NONE',  ( 0.9999999999999995559, 7.543376173343215640, -6.250000000000000000 ) ) ;
#5314 = ORIENTED_EDGE ( 'NONE', *, *, #4067, .T. ) ;
#5315 = DIRECTION ( 'NONE',  ( 0.000000000000000000, 0.000000000000000000, 1.000000000000000000 ) ) ;
#5316 = ORIENTED_EDGE ( 'NONE', *, *, #6026, .F. ) ;
#5317 = CARTESIAN_POINT ( 'NONE',  ( 4.154252339470971833, 6.552854441715587619, 7.900000000000000355 ) ) ;
#5318 = CYLINDRICAL_SURFACE ( 'NONE', #2776, 0.8877928962701172599 ) ;
#5319 = ORIENTED_EDGE ( 'NONE', *, *, #4947, .F. ) ;
#5320 = CARTESIAN_POINT ( 'NONE',  ( 0.9000000000000001332, 0.4000000000000019096, 5.300000000000001599 ) ) ;
#5321 = CARTESIAN_POINT ( 'NONE',  ( -9.200000000000001066, 2.799999999999997602, -6.250000000000000000 ) ) ;
#5322 = DIRECTION ( 'NONE',  ( -0.000000000000000000, 0.000000000000000000, 1.000000000000000000 ) ) ;
#5323 = AXIS2_PLACEMENT_3D ( 'NONE', #1709, #1113, #342 ) ;
#5324 = ORIENTED_EDGE ( 'NONE', *, *, #8170, .F. ) ;
#5325 = FACE_OUTER_BOUND ( 'NONE', #1213, .T. ) ;
#5326 = LINE ( 'NONE', #4685, #4042 ) ;
#5327 = ORIENTED_EDGE ( 'NONE', *, *, #2558, .T. ) ;
#5328 = AXIS2_PLACEMENT_3D ( 'NONE', #2657, #1203, #5269 ) ;
#5329 =( LENGTH_UNIT ( ) NAMED_UNIT ( * ) SI_UNIT ( .MILLI., .METRE. ) );
#5330 = LINE ( 'NONE', #3192, #5439 ) ;
#5331 = VERTEX_POINT ( 'NONE', #2181 ) ;
#5332 = DIRECTION ( 'NONE',  ( -0.000000000000000000, -1.000000000000000000, -0.000000000000000000 ) ) ;
#5333 = DIRECTION ( 'NONE',  ( 1.000000000000000000, 0.000000000000000000, 0.000000000000000000 ) ) ;
#5334 = DIRECTION ( 'NONE',  ( -0.000000000000000000, 0.000000000000000000, 1.000000000000000000 ) ) ;
#5335 = ADVANCED_FACE ( 'NONE', ( #1884 ), #3273, .F. ) ;
#5336 = VERTEX_POINT ( 'NONE', #40 ) ;
#5337 = VERTEX_POINT ( 'NONE', #7209 ) ;
#5338 = VERTEX_POINT ( 'NONE', #3230 ) ;
#5339 = DIRECTION ( 'NONE',  ( 0.000000000000000000, 0.000000000000000000, 1.000000000000000000 ) ) ;
#5340 = CARTESIAN_POINT ( 'NONE',  ( 7.699999999999999289, 2.799999999999997602, -6.250000000000000000 ) ) ;
#5341 = EDGE_CURVE ( 'NONE', #6317, #5258, #2019, .T. ) ;
#5342 = FACE_BOUND ( 'NONE', #2556, .T. ) ;
#5343 = EDGE_CURVE ( 'NONE', #3064, #1187, #4003, .T. ) ;
#5344 = PRODUCT_DEFINITION_SHAPE ( 'NONE', 'NONE',  #7268 ) ;
#5345 = EDGE_CURVE ( 'NONE', #1578, #62, #557, .T. ) ;
#5346 = ORIENTED_EDGE ( 'NONE', *, *, #7057, .T. ) ;
#5347 = DIRECTION ( 'NONE',  ( -0.7071067811865469066, -0.7071067811865482389, 0.000000000000000000 ) ) ;
#5348 = CYLINDRICAL_SURFACE ( 'NONE', #5853, 2.399689706053561356 ) ;
#5349 = DIRECTION ( 'NONE',  ( 0.000000000000000000, 0.000000000000000000, 1.000000000000000000 ) ) ;
#5350 = PLANE ( 'NONE',  #6631 ) ;
#5351 = EDGE_CURVE ( 'NONE', #7956, #1054, #2804, .T. ) ;
#5352 = DIRECTION ( 'NONE',  ( -1.000000000000000000, 0.000000000000000000, 0.000000000000000000 ) ) ;
#5353 = EDGE_CURVE ( 'NONE', #3562, #5800, #7763, .T. ) ;
#5354 = ORIENTED_EDGE ( 'NONE', *, *, #5973, .T. ) ;
#5355 = CARTESIAN_POINT ( 'NONE',  ( 2.531353632263528830, 8.659603781452442917, -7.500000000000001776 ) ) ;
#5356 = ORIENTED_EDGE ( 'NONE', *, *, #7122, .F. ) ;
#5357 = DIRECTION ( 'NONE',  ( -1.000000000000000000, 0.000000000000000000, 0.000000000000000000 ) ) ;
#5358 = LINE ( 'NONE', #1627, #1302 ) ;
#5359 = ORIENTED_EDGE ( 'NONE', *, *, #5869, .F. ) ;
#5360 = LINE ( 'NONE', #4726, #6005 ) ;
#5361 = DIRECTION ( 'NONE',  ( -6.195440985631462220E-16, 1.000000000000000000, 0.000000000000000000 ) ) ;
#5362 = ORIENTED_EDGE ( 'NONE', *, *, #8135, .F. ) ;
#5363 = DIRECTION ( 'NONE',  ( -1.228833015451264865E-15, -1.000000000000000000, 0.000000000000000000 ) ) ;
#5364 = LINE ( 'NONE', #5417, #1829 ) ;
#5365 = VERTEX_POINT ( 'NONE', #2618 ) ;
#5366 = CARTESIAN_POINT ( 'NONE',  ( 5.199844853026783120, 2.799999999999998046, -4.599999999999999645 ) ) ;
#5367 = CARTESIAN_POINT ( 'NONE',  ( -4.800155146973217768, 0.7999999999999996003, -4.100000000000000533 ) ) ;
#5368 = ORIENTED_EDGE ( 'NONE', *, *, #3262, .F. ) ;
#5369 = DIRECTION ( 'NONE',  ( 0.000000000000000000, 0.000000000000000000, 1.000000000000000000 ) ) ;
#5370 = CARTESIAN_POINT ( 'NONE',  ( 2.519059411711701557, 8.649735831096656113, -7.900000000000000355 ) ) ;
#5371 = PRODUCT_DEFINITION_CONTEXT ( 'detailed design', #3077, 'design' ) ;
#5372 = PLANE ( 'NONE',  #2801 ) ;
#5373 = ORIENTED_EDGE ( 'NONE', *, *, #2945, .T. ) ;
#5374 = ORIENTED_EDGE ( 'NONE', *, *, #2188, .T. ) ;
#5375 = AXIS2_PLACEMENT_3D ( 'NONE', #215, #2840, #4174 ) ;
#5376 = VECTOR ( 'NONE', #3138, 1000.000000000000000 ) ;
#5377 = EDGE_CURVE ( 'NONE', #8256, #5727, #1926, .T. ) ;
#5378 = VECTOR ( 'NONE', #3902, 1000.000000000000000 ) ;
#5379 = ORIENTED_EDGE ( 'NONE', *, *, #645, .T. ) ;
#5380 = FACE_OUTER_BOUND ( 'NONE', #9, .T. ) ;
#5381 = EDGE_CURVE ( 'NONE', #6776, #6358, #6565, .T. ) ;
#5382 = ORIENTED_EDGE ( 'NONE', *, *, #1694, .F. ) ;
#5383 = FACE_OUTER_BOUND ( 'NONE', #131, .T. ) ;
#5384 = CARTESIAN_POINT ( 'NONE',  ( 0.6014837311292450250, 8.797032537741509728, -6.971123081938318755 ) ) ;
#5385 = VECTOR ( 'NONE', #6395, 1000.000000000000000 ) ;
#5386 = VECTOR ( 'NONE', #6035, 1000.000000000000114 ) ;
#5387 = VECTOR ( 'NONE', #5215, 1000.000000000000000 ) ;
#5388 = EDGE_LOOP ( 'NONE', ( #3011, #675, #2452, #2370 ) ) ;
#5389 = VECTOR ( 'NONE', #3772, 1000.000000000000000 ) ;
#5390 = CARTESIAN_POINT ( 'NONE',  ( -0.8750000000000002220, 15.83475577895081976, 7.900000000000000355 ) ) ;
#5391 = AXIS2_PLACEMENT_3D ( 'NONE', #2279, #6169, #6825 ) ;
#5392 = AXIS2_PLACEMENT_3D ( 'NONE', #5294, #3938, #1322 ) ;
#5393 = DIRECTION ( 'NONE',  ( -0.7071067811865489050, 0.7071067811865462405, 0.000000000000000000 ) ) ;
#5394 =( LENGTH_UNIT ( ) NAMED_UNIT ( * ) SI_UNIT ( .MILLI., .METRE. ) );
#5395 = CARTESIAN_POINT ( 'NONE',  ( 5.899999999999999467, 10.00000000000000000, 1.100000000000001199 ) ) ;
#5396 = CARTESIAN_POINT ( 'NONE',  ( -0.1998448530267813716, -2.435462980828992484E-17, -4.100000000000000533 ) ) ;
#5397 = VECTOR ( 'NONE', #105, 1000.000000000000114 ) ;
#5398 = VECTOR ( 'NONE', #2580, 1000.000000000000000 ) ;
#5399 = EDGE_LOOP ( 'NONE', ( #7042, #4906, #570, #7489 ) ) ;
#5400 = PLANE ( 'NONE',  #4963 ) ;
#5401 = EDGE_CURVE ( 'NONE', #426, #5132, #4642, .T. ) ;
#5402 = ORIENTED_EDGE ( 'NONE', *, *, #4756, .T. ) ;
#5403 = ADVANCED_FACE ( 'NONE', ( #2790 ), #4847, .F. ) ;
#5404 = CARTESIAN_POINT ( 'NONE',  ( -2.280971972007237891, 8.971547725466914258, -4.100000000000000533 ) ) ;
#5405 = FACE_OUTER_BOUND ( 'NONE', #5000, .T. ) ;
#5406 = VERTEX_POINT ( 'NONE', #255 ) ;
#5407 = VECTOR ( 'NONE', #1991, 1000.000000000000000 ) ;
#5408 = CARTESIAN_POINT ( 'NONE',  ( -7.300000000000002487, 2.799999999999992717, -4.100000000000000533 ) ) ;
#5409 = CARTESIAN_POINT ( 'NONE',  ( 2.500000000000000444, -3.499999999999997780, 5.500000000000000888 ) ) ;
#5410 = AXIS2_PLACEMENT_3D ( 'NONE', #3632, #5471, #6874 ) ;
#5411 = CARTESIAN_POINT ( 'NONE',  ( 2.280971972007237891, 8.971547725466914258, -4.100000000000000533 ) ) ;
#5412 = AXIS2_PLACEMENT_3D ( 'NONE', #2484, #7765, #6525 ) ;
#5413 = ORIENTED_EDGE ( 'NONE', *, *, #7946, .F. ) ;
#5414 = VECTOR ( 'NONE', #4989, 1000.000000000000000 ) ;
#5415 = DIRECTION ( 'NONE',  ( -1.000000000000000000, 0.000000000000000000, 0.000000000000000000 ) ) ;
#5416 = EDGE_CURVE ( 'NONE', #3451, #5776, #3561, .T. ) ;
#5417 = CARTESIAN_POINT ( 'NONE',  ( -10.00000000000000355, 0.7999999999999976019, -4.599999999999999645 ) ) ;
#5418 = ORIENTED_EDGE ( 'NONE', *, *, #7007, .F. ) ;
#5419 = DIRECTION ( 'NONE',  ( 1.000000000000000000, 0.000000000000000000, 0.000000000000000000 ) ) ;
#5420 = LINE ( 'NONE', #8036, #3680 ) ;
#5421 = VERTEX_POINT ( 'NONE', #7971 ) ;
#5422 = DIRECTION ( 'NONE',  ( 0.000000000000000000, -1.000000000000000000, 0.000000000000000000 ) ) ;
#5423 = DIRECTION ( 'NONE',  ( -0.7071067811865522357, 8.659560562354990790E-17, 0.7071067811865426878 ) ) ;
#5424 = VECTOR ( 'NONE', #8063, 1000.000000000000000 ) ;
#5425 = UNCERTAINTY_MEASURE_WITH_UNIT (LENGTH_MEASURE( 1.000000000000000082E-05 ), #989, 'distance_accuracy_value', 'NONE');
#5426 = FACE_OUTER_BOUND ( 'NONE', #2983, .T. ) ;
#5427 = VERTEX_POINT ( 'NONE', #7337 ) ;
#5428 = ORIENTED_EDGE ( 'NONE', *, *, #2367, .F. ) ;
#5429 = VECTOR ( 'NONE', #5898, 1000.000000000000000 ) ;
#5430 = ORIENTED_EDGE ( 'NONE', *, *, #622, .T. ) ;
#5431 = CARTESIAN_POINT ( 'NONE',  ( -2.800155146973221765, 4.235050948740416210, -4.100000000000000533 ) ) ;
#5432 = CYLINDRICAL_SURFACE ( 'NONE', #8010, 8.000000000000000000 ) ;
#5433 = LINE ( 'NONE', #6759, #7837 ) ;
#5434 = ADVANCED_FACE ( 'NONE', ( #6038 ), #6162, .F. ) ;
#5435 = APPLICATION_CONTEXT ( 'automotive_design' ) ;
#5436 = ORIENTED_EDGE ( 'NONE', *, *, #7569, .T. ) ;
#5437 = FACE_OUTER_BOUND ( 'NONE', #110, .T. ) ;
#5438 = DIRECTION ( 'NONE',  ( -1.000000000000000000, 0.000000000000000000, -0.000000000000000000 ) ) ;
#5439 = VECTOR ( 'NONE', #7865, 1000.000000000000000 ) ;
#5440 = CARTESIAN_POINT ( 'NONE',  ( -3.500000000000000000, 10.75000000000000000, -6.250000000000000000 ) ) ;
#5441 = PLANE ( 'NONE',  #1429 ) ;
#5442 = ORIENTED_EDGE ( 'NONE', *, *, #611, .F. ) ;
#5443 = CYLINDRICAL_SURFACE ( 'NONE', #5106, 5.899999999999999467 ) ;
#5444 = ORIENTED_EDGE ( 'NONE', *, *, #937, .F. ) ;
#5445 = DIRECTION ( 'NONE',  ( -0.5947568674407585076, -0.8039056341586715559, 0.000000000000000000 ) ) ;
#5446 = PLANE ( 'NONE',  #7978 ) ;
#5447 = VERTEX_POINT ( 'NONE', #6128 ) ;
#5448 = CARTESIAN_POINT ( 'NONE',  ( 0.000000000000000000, 7.249999999999999112, -4.599999999999999645 ) ) ;
#5449 =( LENGTH_UNIT ( ) NAMED_UNIT ( * ) SI_UNIT ( .MILLI., .METRE. ) );
#5450 = DIRECTION ( 'NONE',  ( -0.000000000000000000, -0.000000000000000000, -1.000000000000000000 ) ) ;
#5451 = DIRECTION ( 'NONE',  ( 0.000000000000000000, -0.000000000000000000, -1.000000000000000000 ) ) ;
#5452 = EDGE_CURVE ( 'NONE', #5721, #7481, #6731, .T. ) ;
#5453 = VERTEX_POINT ( 'NONE', #2711 ) ;
#5454 = FACE_OUTER_BOUND ( 'NONE', #6254, .T. ) ;
#5455 = AXIS2_PLACEMENT_3D ( 'NONE', #880, #3450, #6050 ) ;
#5456 = DIRECTION ( 'NONE',  ( 0.000000000000000000, 0.000000000000000000, 1.000000000000000000 ) ) ;
#5457 = ORIENTED_EDGE ( 'NONE', *, *, #4465, .F. ) ;
#5458 = LINE ( 'NONE', #2242, #8417 ) ;
#5459 = CARTESIAN_POINT ( 'NONE',  ( 0.000000000000000000, 6.999999999999999112, 6.100000000000001421 ) ) ;
#5460 = ORIENTED_EDGE ( 'NONE', *, *, #3836, .F. ) ;
#5461 = CARTESIAN_POINT ( 'NONE',  ( 1.999999999999999556, 0.000000000000000000, 5.500000000000000888 ) ) ;
#5462 = VECTOR ( 'NONE', #6087, 1000.000000000000000 ) ;
#5463 = CARTESIAN_POINT ( 'NONE',  ( 1.999999999999999556, -2.999999999999998224, 5.300000000000000711 ) ) ;
#5464 = ADVANCED_FACE ( 'NONE', ( #5405 ), #5446, .F. ) ;
#5465 = LINE ( 'NONE', #3016, #4981 ) ;
#5466 = EDGE_CURVE ( 'NONE', #3159, #8341, #6000, .T. ) ;
#5467 = ORIENTED_EDGE ( 'NONE', *, *, #914, .T. ) ;
#5468 = VERTEX_POINT ( 'NONE', #4087 ) ;
#5469 = VERTEX_POINT ( 'NONE', #6691 ) ;
#5470 = CARTESIAN_POINT ( 'NONE',  ( -10.00000000000000355, -3.366025403784456582, -6.599999999999997868 ) ) ;
#5471 = DIRECTION ( 'NONE',  ( -0.000000000000000000, -0.000000000000000000, 1.000000000000000000 ) ) ;
#5472 = ADVANCED_FACE ( 'NONE', ( #824 ), #5485, .F. ) ;
#5473 = LINE ( 'NONE', #8090, #6763 ) ;
#5474 = FACE_OUTER_BOUND ( 'NONE', #4828, .T. ) ;
#5475 = ORIENTED_EDGE ( 'NONE', *, *, #2086, .F. ) ;
#5476 = CARTESIAN_POINT ( 'NONE',  ( 1.000000000000000000, 10.00000000000000000, -6.250000000000000000 ) ) ;
#5477 = DIRECTION ( 'NONE',  ( -0.000000000000000000, -0.000000000000000000, 1.000000000000000000 ) ) ;
#5478 = DIRECTION ( 'NONE',  ( 1.000000000000000000, 1.085043878853569812E-15, -0.000000000000000000 ) ) ;
#5479 = DIRECTION ( 'NONE',  ( -0.000000000000000000, -0.000000000000000000, 1.000000000000000000 ) ) ;
#5480 = ORIENTED_EDGE ( 'NONE', *, *, #1934, .F. ) ;
#5481 = CARTESIAN_POINT ( 'NONE',  ( -2.000000000000000000, -2.999999999999998224, 5.300000000000000711 ) ) ;
#5482 = ADVANCED_FACE ( 'NONE', ( #782 ), #1592, .F. ) ;
#5483 = VERTEX_POINT ( 'NONE', #2225 ) ;
#5484 = PLANE ( 'NONE',  #6104 ) ;
#5485 = PLANE ( 'NONE',  #3906 ) ;
#5486 = ORIENTED_EDGE ( 'NONE', *, *, #830, .T. ) ;
#5487 = PLANE ( 'NONE',  #816 ) ;
#5488 = EDGE_CURVE ( 'NONE', #5058, #6039, #8064, .T. ) ;
#5489 = DIRECTION ( 'NONE',  ( -1.000000000000000000, 0.000000000000000000, 0.000000000000000000 ) ) ;
#5490 = LINE ( 'NONE', #5205, #4055 ) ;
#5491 = LINE ( 'NONE', #2231, #3477 ) ;
#5492 = DIRECTION ( 'NONE',  ( 0.7071067811865490160, 0.7071067811865460184, 0.000000000000000000 ) ) ;
#5493 = ADVANCED_FACE ( 'NONE', ( #862 ), #5318, .F. ) ;
#5494 = DIRECTION ( 'NONE',  ( -1.000000000000000000, -0.000000000000000000, 0.000000000000000000 ) ) ;
#5495 = VERTEX_POINT ( 'NONE', #4214 ) ;
#5496 = PLANE ( 'NONE',  #2674 ) ;
#5497 = EDGE_CURVE ( 'NONE', #7668, #1845, #3529, .T. ) ;
#5498 = PLANE ( 'NONE',  #2583 ) ;
#5499 = ORIENTED_EDGE ( 'NONE', *, *, #3080, .F. ) ;
#5500 = ADVANCED_FACE ( 'NONE', ( #950 ), #2061, .F. ) ;
#5501 = LINE ( 'NONE', #2895, #4710 ) ;
#5502 = DIRECTION ( 'NONE',  ( -0.000000000000000000, -0.000000000000000000, 1.000000000000000000 ) ) ;
#5503 = ORIENTED_EDGE ( 'NONE', *, *, #211, .F. ) ;
#5504 = ORIENTED_EDGE ( 'NONE', *, *, #7152, .F. ) ;
#5505 = EDGE_CURVE ( 'NONE', #7228, #4210, #3403, .T. ) ;
#5506 = ORIENTED_EDGE ( 'NONE', *, *, #5345, .F. ) ;
#5507 = FILL_AREA_STYLE_COLOUR ( '', #4318 ) ;
#5508 = EDGE_CURVE ( 'NONE', #4648, #4763, #5358, .T. ) ;
#5509 = CARTESIAN_POINT ( 'NONE',  ( 2.800155146973221765, 4.235050948740416210, -4.100000000000000533 ) ) ;
#5510 = LINE ( 'NONE', #7526, #7443 ) ;
#5511 = CARTESIAN_POINT ( 'NONE',  ( -3.374459510989180822E-31, 1.836970198721030378E-15, 6.100000000000001421 ) ) ;
#5512 = VERTEX_POINT ( 'NONE', #6850 ) ;
#5513 = CONICAL_SURFACE ( 'NONE', #6746, 1.099999999881130064, 0.7853981633027092846 ) ;
#5514 = DIRECTION ( 'NONE',  ( -0.000000000000000000, -0.000000000000000000, -1.000000000000000000 ) ) ;
#5515 = EDGE_CURVE ( 'NONE', #4547, #4693, #170, .T. ) ;
#5516 = VECTOR ( 'NONE', #4729, 1000.000000000000000 ) ;
#5517 = VECTOR ( 'NONE', #1126, 1000.000000000000000 ) ;
#5518 = LINE ( 'NONE', #6810, #1152 ) ;
#5519 = AXIS2_PLACEMENT_3D ( 'NONE', #4741, #2034, #2812 ) ;
#5520 = DIRECTION ( 'NONE',  ( 0.000000000000000000, 0.000000000000000000, 1.000000000000000000 ) ) ;
#5521 = ORIENTED_EDGE ( 'NONE', *, *, #1086, .T. ) ;
#5522 = VECTOR ( 'NONE', #5647, 1000.000000000000000 ) ;
#5523 = VECTOR ( 'NONE', #2708, 1000.000000000000000 ) ;
#5524 = DIRECTION ( 'NONE',  ( 0.7071067811865463515, 0.7071067811865487940, 0.000000000000000000 ) ) ;
#5525 =( GEOMETRIC_REPRESENTATION_CONTEXT ( 3 ) GLOBAL_UNCERTAINTY_ASSIGNED_CONTEXT ( ( #8295 ) ) GLOBAL_UNIT_ASSIGNED_CONTEXT ( ( #2276, #2395, #7625 ) ) REPRESENTATION_CONTEXT ( 'NONE', 'WORKASPACE' ) );
#5526 = VERTEX_POINT ( 'NONE', #8147 ) ;
#5527 = DIRECTION ( 'NONE',  ( -0.000000000000000000, -1.000000000000000000, 0.000000000000000000 ) ) ;
#5528 = DIRECTION ( 'NONE',  ( 0.000000000000000000, -0.000000000000000000, -1.000000000000000000 ) ) ;
#5529 = VERTEX_POINT ( 'NONE', #4252 ) ;
#5530 = DIRECTION ( 'NONE',  ( -1.000000000000000000, 8.820627843949867484E-16, 0.000000000000000000 ) ) ;
#5531 = SHAPE_REPRESENTATION_RELATIONSHIP ( 'NONE' , 'NONE' ,  #545, #4429 ) ;
#5532 = LINE ( 'NONE', #6980, #766 ) ;
#5533 = CIRCLE ( 'NONE', #7719, 7.000000000000000888 ) ;
#5534 = VECTOR ( 'NONE', #5577, 1000.000000000000000 ) ;
#5535 = DIRECTION ( 'NONE',  ( 0.000000000000000000, 0.000000000000000000, -1.000000000000000000 ) ) ;
#5536 = EDGE_CURVE ( 'NONE', #5727, #1993, #7502, .T. ) ;
#5537 = EDGE_CURVE ( 'NONE', #4366, #2755, #2272, .T. ) ;
#5538 = CARTESIAN_POINT ( 'NONE',  ( 8.609923976848167015, 5.985126513463341347, 7.900000000000000355 ) ) ;
#5539 = FACE_OUTER_BOUND ( 'NONE', #3325, .T. ) ;
#5540 = VECTOR ( 'NONE', #5899, 1000.000000000000227 ) ;
#5541 = EDGE_LOOP ( 'NONE', ( #7546, #5769, #5457, #7589 ) ) ;
#5542 = CYLINDRICAL_SURFACE ( 'NONE', #7599, 0.9250000000000030420 ) ;
#5543 = DIRECTION ( 'NONE',  ( 0.000000000000000000, 0.000000000000000000, 1.000000000000000000 ) ) ;
#5544 = EDGE_LOOP ( 'NONE', ( #1897, #2391, #7416, #2129 ) ) ;
#5545 = APPLICATION_CONTEXT ( 'automotive_design' ) ;
#5546 = DIRECTION ( 'NONE',  ( -0.000000000000000000, -0.000000000000000000, 1.000000000000000000 ) ) ;
#5547 = CARTESIAN_POINT ( 'NONE',  ( 2.640057380345958826, 6.652835838467503038, 1.100000000000001199 ) ) ;
#5548 = COLOUR_RGB ( '',0.6470588235294117974, 0.6196078431372549211, 0.5882352941176470784 ) ;
#5549 = ORIENTED_EDGE ( 'NONE', *, *, #5565, .T. ) ;
#5550 = ORIENTED_EDGE ( 'NONE', *, *, #1955, .T. ) ;
#5551 = ORIENTED_EDGE ( 'NONE', *, *, #3925, .F. ) ;
#5552 = LINE ( 'NONE', #4940, #2814 ) ;
#5553 = VERTEX_POINT ( 'NONE', #1854 ) ;
#5554 = FACE_OUTER_BOUND ( 'NONE', #1977, .T. ) ;
#5555 = SHAPE_DEFINITION_REPRESENTATION ( #7195, #231 ) ;
#5556 = DIRECTION ( 'NONE',  ( -1.000000000000000000, -0.000000000000000000, -0.000000000000000000 ) ) ;
#5557 = CARTESIAN_POINT ( 'NONE',  ( -1.813683476751936530, 10.96533390620149007, 7.900000000000000355 ) ) ;
#5558 = ORIENTED_EDGE ( 'NONE', *, *, #2078, .F. ) ;
#5559 = EDGE_CURVE ( 'NONE', #3101, #33, #7170, .T. ) ;
#5560 = VECTOR ( 'NONE', #540, 1000.000000000000000 ) ;
#5561 = CARTESIAN_POINT ( 'NONE',  ( 0.6014837311292451361, 10.00000000000000000, -6.971123081938319643 ) ) ;
#5562 = CARTESIAN_POINT ( 'NONE',  ( -2.500000000000000444, 9.947350469337287393, -4.100000000000000533 ) ) ;
#5563 = DIRECTION ( 'NONE',  ( 0.8039056341586724441, -0.5947568674407573974, 0.000000000000000000 ) ) ;
#5564 = EDGE_CURVE ( 'NONE', #2898, #3832, #4479, .T. ) ;
#5565 = EDGE_CURVE ( 'NONE', #7797, #1004, #7773, .T. ) ;
#5566 = ORIENTED_EDGE ( 'NONE', *, *, #1208, .T. ) ;
#5567 = CARTESIAN_POINT ( 'NONE',  ( 5.199844853026781344, -3.500000000000000888, -7.599999999999998757 ) ) ;
#5568 = ORIENTED_EDGE ( 'NONE', *, *, #939, .F. ) ;
#5569 = CARTESIAN_POINT ( 'NONE',  ( -7.500000000000001776, 6.499999999999998224, 0.4000000000000010214 ) ) ;
#5570 = VERTEX_POINT ( 'NONE', #3930 ) ;
#5571 = CARTESIAN_POINT ( 'NONE',  ( 5.199844853026781344, -3.500000000000000888, -6.599999999999997868 ) ) ;
#5572 = DIRECTION ( 'NONE',  ( 2.971233746154280690E-32, -1.204669080539449097E-16, 1.000000000000000000 ) ) ;
#5573 = CARTESIAN_POINT ( 'NONE',  ( 6.693333656463232195, 4.951957032146057536, -4.100000000000000533 ) ) ;
#5574 = VECTOR ( 'NONE', #6862, 1000.000000000000000 ) ;
#5575 = CARTESIAN_POINT ( 'NONE',  ( -10.00000000000000178, -3.500000000000012879, -7.100000000000002309 ) ) ;
#5576 = VECTOR ( 'NONE', #1497, 1000.000000000000000 ) ;
#5577 = DIRECTION ( 'NONE',  ( -0.000000000000000000, -0.000000000000000000, 1.000000000000000000 ) ) ;
#5578 = ORIENTED_EDGE ( 'NONE', *, *, #7004, .F. ) ;
#5579 = LINE ( 'NONE', #473, #1321 ) ;
#5580 = LINE ( 'NONE', #6256, #3809 ) ;
#5581 = EDGE_LOOP ( 'NONE', ( #6056, #5925, #209, #7918 ) ) ;
#5582 = CARTESIAN_POINT ( 'NONE',  ( 0.000000000000000000, 7.249999999999999112, -4.100000000000000533 ) ) ;
#5583 = CARTESIAN_POINT ( 'NONE',  ( -3.499999999999998668, 9.999999999999998224, -3.654908379606684576 ) ) ;
#5584 = EDGE_LOOP ( 'NONE', ( #88, #138, #7248, #3492 ) ) ;
#5585 = ORIENTED_EDGE ( 'NONE', *, *, #2233, .F. ) ;
#5586 = AXIS2_PLACEMENT_3D ( 'NONE', #6492, #623, #8457 ) ;
#5587 = VERTEX_POINT ( 'NONE', #5105 ) ;
#5588 = DIRECTION ( 'NONE',  ( -1.000000000000000000, 0.000000000000000000, 0.000000000000000000 ) ) ;
#5589 = ORIENTED_EDGE ( 'NONE', *, *, #213, .T. ) ;
#5590 = DIRECTION ( 'NONE',  ( 0.000000000000000000, 0.000000000000000000, 1.000000000000000000 ) ) ;
#5591 = DIRECTION ( 'NONE',  ( 1.000000000000000000, 0.000000000000000000, 0.000000000000000000 ) ) ;
#5592 = CARTESIAN_POINT ( 'NONE',  ( 0.000000000000000000, -3.366025403784441927, -4.100000000000000533 ) ) ;
#5593 = EDGE_CURVE ( 'NONE', #4739, #6386, #4561, .T. ) ;
#5594 = DIRECTION ( 'NONE',  ( -1.000000000000000000, 0.000000000000000000, -7.815892572535311793E-15 ) ) ;
#5595 = VECTOR ( 'NONE', #8305, 1000.000000000000000 ) ;
#5596 = ORIENTED_EDGE ( 'NONE', *, *, #4341, .T. ) ;
#5597 = EDGE_CURVE ( 'NONE', #3404, #8141, #3690, .T. ) ;
#5598 = VECTOR ( 'NONE', #2886, 1000.000000000000000 ) ;
#5599 = EDGE_CURVE ( 'NONE', #3189, #8046, #1312, .T. ) ;
#5600 = DIRECTION ( 'NONE',  ( -0.000000000000000000, 1.000000000000000000, 0.000000000000000000 ) ) ;
#5601 = EDGE_CURVE ( 'NONE', #7974, #1578, #1354, .T. ) ;
#5602 = CYLINDRICAL_SURFACE ( 'NONE', #456, 8.000000000000000000 ) ;
#5603 = VERTEX_POINT ( 'NONE', #7125 ) ;
#5604 = CARTESIAN_POINT ( 'NONE',  ( 5.199844853026781344, 4.235050948740416210, -4.100000000000000533 ) ) ;
#5605 = VERTEX_POINT ( 'NONE', #5287 ) ;
#5606 = ADVANCED_FACE ( 'NONE', ( #5922 ), #55, .F. ) ;
#5607 = ORIENTED_EDGE ( 'NONE', *, *, #3388, .T. ) ;
#5608 = DIRECTION ( 'NONE',  ( -0.6259541506407274580, -0.7798598600361770217, 0.000000000000000000 ) ) ;
#5609 = EDGE_CURVE ( 'NONE', #6732, #5553, #7151, .T. ) ;
#5610 = CARTESIAN_POINT ( 'NONE',  ( -0.1998448530267820655, 2.799999999999998046, -4.599999999999999645 ) ) ;
#5611 = DIRECTION ( 'NONE',  ( -1.000000000000000000, -1.233747299724884832E-16, 0.000000000000000000 ) ) ;
#5612 = LINE ( 'NONE', #2927, #4022 ) ;
#5613 = ORIENTED_EDGE ( 'NONE', *, *, #346, .T. ) ;
#5614 = PLANE ( 'NONE',  #1978 ) ;
#5615 = VERTEX_POINT ( 'NONE', #1261 ) ;
#5616 = CARTESIAN_POINT ( 'NONE',  ( 9.200000000000001066, 2.799999999999997602, -6.250000000000000000 ) ) ;
#5617 = ADVANCED_FACE ( 'NONE', ( #2677 ), #2543, .T. ) ;
#5618 = DIRECTION ( 'NONE',  ( 0.000000000000000000, 0.000000000000000000, 1.000000000000000000 ) ) ;
#5619 = ORIENTED_EDGE ( 'NONE', *, *, #2925, .T. ) ;
#5620 = CARTESIAN_POINT ( 'NONE',  ( 0.000000000000000000, 0.4000000000000019096, 5.300000000000000711 ) ) ;
#5621 = DIRECTION ( 'NONE',  ( -0.000000000000000000, -0.000000000000000000, 1.000000000000000000 ) ) ;
#5622 = ORIENTED_EDGE ( 'NONE', *, *, #193, .T. ) ;
#5623 = ORIENTED_EDGE ( 'NONE', *, *, #65, .F. ) ;
#5624 = ORIENTED_EDGE ( 'NONE', *, *, #1577, .F. ) ;
#5625 = LINE ( 'NONE', #7605, #1061 ) ;
#5626 = EDGE_LOOP ( 'NONE', ( #2024, #8098, #6931, #6080 ) ) ;
#5627 = DIRECTION ( 'NONE',  ( 0.7071067811865463515, 0.7071067811865487940, 0.000000000000000000 ) ) ;
#5628 = CARTESIAN_POINT ( 'NONE',  ( -0.9999999999999995559, 3.071796769724489895, 6.100000000000001421 ) ) ;
#5629 = DIRECTION ( 'NONE',  ( -1.000000000000000000, 0.000000000000000000, 0.000000000000000000 ) ) ;
#5630 = EDGE_CURVE ( 'NONE', #2532, #3396, #3093, .T. ) ;
#5631 = EDGE_CURVE ( 'NONE', #7960, #177, #2628, .T. ) ;
#5632 = VERTEX_POINT ( 'NONE', #3840 ) ;
#5633 = UNCERTAINTY_MEASURE_WITH_UNIT (LENGTH_MEASURE( 1.000000000000000082E-05 ), #1643, 'distance_accuracy_value', 'NONE');
#5634 = CARTESIAN_POINT ( 'NONE',  ( -7.699999999999988631, 0.7999999999999994893, -5.099999999999996980 ) ) ;
#5635 = LINE ( 'NONE', #5725, #187 ) ;
#5636 = AXIS2_PLACEMENT_3D ( 'NONE', #323, #4239, #243 ) ;
#5637 = ORIENTED_EDGE ( 'NONE', *, *, #4947, .T. ) ;
#5638 = ORIENTED_EDGE ( 'NONE', *, *, #3556, .F. ) ;
#5639 = VECTOR ( 'NONE', #1895, 1000.000000000000000 ) ;
#5640 = CARTESIAN_POINT ( 'NONE',  ( 4.800155146973214215, -3.366025403784443704, -7.599999999999999645 ) ) ;
#5641 = ORIENTED_EDGE ( 'NONE', *, *, #7408, .T. ) ;
#5642 = VECTOR ( 'NONE', #2161, 1000.000000000000000 ) ;
#5643 = ORIENTED_EDGE ( 'NONE', *, *, #6412, .F. ) ;
#5644 = LINE ( 'NONE', #4924, #3967 ) ;
#5645 = SHAPE_REPRESENTATION_RELATIONSHIP ( 'NONE' , 'NONE' ,  #6910, #7080 ) ;
#5646 = FILL_AREA_STYLE_COLOUR ( '', #5548 ) ;
#5647 = DIRECTION ( 'NONE',  ( -0.000000000000000000, -0.000000000000000000, -1.000000000000000000 ) ) ;
#5648 = VECTOR ( 'NONE', #4517, 1000.000000000000000 ) ;
#5649 = VECTOR ( 'NONE', #8199, 1000.000000000000000 ) ;
#5650 = ADVANCED_FACE ( 'NONE', ( #5240 ), #749, .F. ) ;
#5651 = EDGE_CURVE ( 'NONE', #3625, #426, #5684, .T. ) ;
#5652 = DIRECTION ( 'NONE',  ( 0.000000000000000000, -1.000000000000000000, 0.000000000000000000 ) ) ;
#5653 = EDGE_LOOP ( 'NONE', ( #3401, #3886, #7702, #7204, #3126 ) ) ;
#5654 = LINE ( 'NONE', #1670, #4282 ) ;
#5655 = AXIS2_PLACEMENT_3D ( 'NONE', #6844, #4081, #208 ) ;
#5656 = ORIENTED_EDGE ( 'NONE', *, *, #3836, .T. ) ;
#5657 = VECTOR ( 'NONE', #3324, 1000.000000000000000 ) ;
#5658 = LINE ( 'NONE', #6861, #1584 ) ;
#5659 = CARTESIAN_POINT ( 'NONE',  ( 0.000000000000000000, 10.00000000000000000, -7.037946471341893329 ) ) ;
#5660 = EDGE_LOOP ( 'NONE', ( #6274, #2466, #6051, #4384 ) ) ;
#5661 = DIRECTION ( 'NONE',  ( 1.000000000000000000, 0.000000000000000000, 0.000000000000000000 ) ) ;
#5662 = FACE_OUTER_BOUND ( 'NONE', #3155, .T. ) ;
#5663 = AXIS2_PLACEMENT_3D ( 'NONE', #5583, #5621, #8162 ) ;
#5664 = AXIS2_PLACEMENT_3D ( 'NONE', #8103, #3439, #1508 ) ;
#5665 = ORIENTED_EDGE ( 'NONE', *, *, #7745, .F. ) ;
#5666 = EDGE_LOOP ( 'NONE', ( #4566, #6461, #6423, #1688 ) ) ;
#5667 = ADVANCED_FACE ( 'NONE', ( #2025 ), #4559, .T. ) ;
#5668 = AXIS2_PLACEMENT_3D ( 'NONE', #4153, #6756, #3514 ) ;
#5669 = ORIENTED_EDGE ( 'NONE', *, *, #7110, .F. ) ;
#5670 = CARTESIAN_POINT ( 'NONE',  ( -4.800155146973220432, -3.366025403784452141, -7.599999999999998757 ) ) ;
#5671 = ORIENTED_EDGE ( 'NONE', *, *, #1818, .F. ) ;
#5672 = CARTESIAN_POINT ( 'NONE',  ( 1.749999999999999778, 8.545363321340250451, -6.250000000000000000 ) ) ;
#5673 = COLOUR_RGB ( '',0.2509803921568627416, 0.2509803921568627416, 0.2509803921568627416 ) ;
#5674 = PRODUCT_CONTEXT ( 'NONE', #551, 'mechanical' ) ;
#5675 = DIRECTION ( 'NONE',  ( -0.5947568674407587297, 0.8039056341586714449, 0.000000000000000000 ) ) ;
#5676 = CARTESIAN_POINT ( 'NONE',  ( 0.1998448530267822598, 7.249999999999999112, -4.100000000000000533 ) ) ;
#5677 = AXIS2_PLACEMENT_3D ( 'NONE', #6803, #1529, #972 ) ;
#5678 = VERTEX_POINT ( 'NONE', #1599 ) ;
#5679 = VECTOR ( 'NONE', #2402, 1000.000000000000000 ) ;
#5680 = ADVANCED_FACE ( 'NONE', ( #2237 ), #2111, .F. ) ;
#5681 = CARTESIAN_POINT ( 'NONE',  ( 0.1749999999999999334, 10.00000000000000000, -6.450000000000001066 ) ) ;
#5682 = FACE_OUTER_BOUND ( 'NONE', #6473, .T. ) ;
#5683 = DIRECTION ( 'NONE',  ( -1.000000000000000000, 0.000000000000000000, 0.000000000000000000 ) ) ;
#5684 = CIRCLE ( 'NONE', #7889, 2.000000000000001332 ) ;
#5685 = VERTEX_POINT ( 'NONE', #6823 ) ;
#5686 = FACE_OUTER_BOUND ( 'NONE', #1557, .T. ) ;
#5687 = VERTEX_POINT ( 'NONE', #1516 ) ;
#5688 = CIRCLE ( 'NONE', #6800, 0.9999999999999974465 ) ;
#5689 = ORIENTED_EDGE ( 'NONE', *, *, #4577, .T. ) ;
#5690 = CYLINDRICAL_SURFACE ( 'NONE', #7517, 2.399999999999999467 ) ;
#5691 =( NAMED_UNIT ( * ) PLANE_ANGLE_UNIT ( ) SI_UNIT ( $, .RADIAN. ) );
#5692 = FILL_AREA_STYLE ('',( #5646 ) ) ;
#5693 = CARTESIAN_POINT ( 'NONE',  ( 2.999999999999999556, -2.999999999999997335, 5.300000000000000711 ) ) ;
#5694 = EDGE_CURVE ( 'NONE', #2431, #1539, #7479, .T. ) ;
#5695 = APPLICATION_CONTEXT ( 'automotive_design' ) ;
#5696 = DIRECTION ( 'NONE',  ( -1.000000000000000000, -3.903127820947829373E-15, 0.000000000000000000 ) ) ;
#5697 = EDGE_LOOP ( 'NONE', ( #1715, #4934, #2148, #311 ) ) ;
#5698 = PLANE ( 'NONE',  #238 ) ;
#5699 = DIRECTION ( 'NONE',  ( 1.000000000000000000, 0.000000000000000000, 0.000000000000000000 ) ) ;
#5700 = VERTEX_POINT ( 'NONE', #7389 ) ;
#5701 = DIRECTION ( 'NONE',  ( 0.000000000000000000, -1.000000000000000000, 0.000000000000000000 ) ) ;
#5702 = LINE ( 'NONE', #7673, #931 ) ;
#5703 = VERTEX_POINT ( 'NONE', #2889 ) ;
#5704 = CIRCLE ( 'NONE', #2015, 2.399689706053560911 ) ;
#5705 = LINE ( 'NONE', #2448, #4833 ) ;
#5706 = ADVANCED_FACE ( 'NONE', ( #6700 ), #4056, .F. ) ;
#5707 = EDGE_CURVE ( 'NONE', #6386, #2429, #6661, .T. ) ;
#5708 = CARTESIAN_POINT ( 'NONE',  ( 0.000000000000000000, 2.799999999999998046, -4.599999999999999645 ) ) ;
#5709 = ORIENTED_EDGE ( 'NONE', *, *, #3211, .T. ) ;
#5710 = ORIENTED_EDGE ( 'NONE', *, *, #1667, .F. ) ;
#5711 = CARTESIAN_POINT ( 'NONE',  ( 0.6014837311292450250, 11.20296746225849027, -6.971123081938318755 ) ) ;
#5712 = ORIENTED_EDGE ( 'NONE', *, *, #7503, .T. ) ;
#5713 = ORIENTED_EDGE ( 'NONE', *, *, #7037, .T. ) ;
#5714 = LINE ( 'NONE', #1229, #7361 ) ;
#5715 = ORIENTED_EDGE ( 'NONE', *, *, #4367, .T. ) ;
#5716 = EDGE_CURVE ( 'NONE', #4226, #6880, #1436, .T. ) ;
#5717 = CARTESIAN_POINT ( 'NONE',  ( -6.907811268317342268, 3.989513734881515283, -4.599999999999999645 ) ) ;
#5718 = DIRECTION ( 'NONE',  ( 0.000000000000000000, 1.000000000000000000, 0.000000000000000000 ) ) ;
#5719 = EDGE_CURVE ( 'NONE', #2807, #1297, #2067, .T. ) ;
#5720 = CARTESIAN_POINT ( 'NONE',  ( 4.729279221902245922, 5.662282881142664870, -7.900000000000000355 ) ) ;
#5721 = VERTEX_POINT ( 'NONE', #873 ) ;
#5722 = LINE ( 'NONE', #1193, #4742 ) ;
#5723 = CARTESIAN_POINT ( 'NONE',  ( 0.000000000000000000, 0.8000000000000020428, -6.250000000000000000 ) ) ;
#5724 = DIRECTION ( 'NONE',  ( -0.000000000000000000, -0.000000000000000000, 1.000000000000000000 ) ) ;
#5725 = CARTESIAN_POINT ( 'NONE',  ( 5.199844853026781344, 0.8000000000000012657, -7.599999999999999645 ) ) ;
#5726 = VECTOR ( 'NONE', #5282, 1000.000000000000000 ) ;
#5727 = VERTEX_POINT ( 'NONE', #3494 ) ;
#5728 = CARTESIAN_POINT ( 'NONE',  ( 8.609923976848167015, 5.985126513463341347, 7.700000000000004619 ) ) ;
#5729 =( GEOMETRIC_REPRESENTATION_CONTEXT ( 3 ) GLOBAL_UNCERTAINTY_ASSIGNED_CONTEXT ( ( #6709 ) ) GLOBAL_UNIT_ASSIGNED_CONTEXT ( ( #3819, #505, #5865 ) ) REPRESENTATION_CONTEXT ( 'NONE', 'WORKASPACE' ) );
#5730 = EDGE_LOOP ( 'NONE', ( #3646, #5430, #6047, #2169 ) ) ;
#5731 = ORIENTED_EDGE ( 'NONE', *, *, #4539, .T. ) ;
#5732 = LINE ( 'NONE', #461, #1623 ) ;
#5733 = LINE ( 'NONE', #7836, #992 ) ;
#5734 = LINE ( 'NONE', #4380, #5522 ) ;
#5735 = EDGE_CURVE ( 'NONE', #4886, #6868, #6794, .T. ) ;
#5736 = CARTESIAN_POINT ( 'NONE',  ( -7.699999999999989519, 0.7999999999999984901, -6.250000000000000000 ) ) ;
#5737 = EDGE_CURVE ( 'NONE', #764, #2471, #833, .T. ) ;
#5738 = ORIENTED_EDGE ( 'NONE', *, *, #7754, .T. ) ;
#5739 = FACE_OUTER_BOUND ( 'NONE', #4857, .T. ) ;
#5740 = DIRECTION ( 'NONE',  ( 0.7798598600361769106, 0.6259541506407273470, 0.000000000000000000 ) ) ;
#5741 = ORIENTED_EDGE ( 'NONE', *, *, #2001, .T. ) ;
#5742 = CARTESIAN_POINT ( 'NONE',  ( 4.800155146973218656, -3.500000000000000444, -7.099999999999998757 ) ) ;
#5743 = DIRECTION ( 'NONE',  ( 1.000000000000000000, 0.000000000000000000, 0.000000000000000000 ) ) ;
#5744 = ORIENTED_EDGE ( 'NONE', *, *, #7530, .T. ) ;
#5745 = CARTESIAN_POINT ( 'NONE',  ( 5.199844853026781344, 0.8000000000000011546, -7.599999999999998757 ) ) ;
#5746 = FACE_OUTER_BOUND ( 'NONE', #1762, .T. ) ;
#5747 = ADVANCED_FACE ( 'NONE', ( #5454 ), #8072, .F. ) ;
#5748 = ORIENTED_EDGE ( 'NONE', *, *, #4883, .F. ) ;
#5749 = EDGE_LOOP ( 'NONE', ( #7727, #6591, #4015, #8166 ) ) ;
#5750 = DIRECTION ( 'NONE',  ( -0.7071067811865463515, -0.7071067811865487940, 0.000000000000000000 ) ) ;
#5751 = EDGE_CURVE ( 'NONE', #2079, #7956, #1593, .T. ) ;
#5752 = VERTEX_POINT ( 'NONE', #7472 ) ;
#5753 = ORIENTED_EDGE ( 'NONE', *, *, #2873, .T. ) ;
#5754 = CARTESIAN_POINT ( 'NONE',  ( -8.609923976848167015, 5.985126513463341347, 1.900000000000001021 ) ) ;
#5755 = DIRECTION ( 'NONE',  ( -0.000000000000000000, -0.000000000000000000, 1.000000000000000000 ) ) ;
#5756 = ORIENTED_EDGE ( 'NONE', *, *, #4067, .F. ) ;
#5757 = DIRECTION ( 'NONE',  ( 0.000000000000000000, 0.000000000000000000, 1.000000000000000000 ) ) ;
#5758 = CARTESIAN_POINT ( 'NONE',  ( -7.299999999999991829, 0.7999999999999988232, -6.250000000000000000 ) ) ;
#5759 = LINE ( 'NONE', #1140, #3335 ) ;
#5760 = EDGE_CURVE ( 'NONE', #1272, #6527, #2549, .T. ) ;
#5761 = ORIENTED_EDGE ( 'NONE', *, *, #6384, .T. ) ;
#5762 = ADVANCED_FACE ( 'NONE', ( #7430 ), #5968, .F. ) ;
#5763 = CARTESIAN_POINT ( 'NONE',  ( -5.199844853026781344, 0.7999999999999980460, -6.250000000000000000 ) ) ;
#5764 = CARTESIAN_POINT ( 'NONE',  ( -3.347164161532504956, 7.359942619654053608, 7.900000000000000355 ) ) ;
#5765 = LINE ( 'NONE', #4453, #6610 ) ;
#5766 = ORIENTED_EDGE ( 'NONE', *, *, #3835, .T. ) ;
#5767 = ADVANCED_FACE ( 'NONE', ( #5325 ), #6787, .F. ) ;
#5768 = CARTESIAN_POINT ( 'NONE',  ( 0.1998448530267822598, 7.249999999999999112, -4.100000000000000533 ) ) ;
#5769 = ORIENTED_EDGE ( 'NONE', *, *, #589, .T. ) ;
#5770 = PLANE ( 'NONE',  #4913 ) ;
#5771 = PLANE ( 'NONE',  #7973 ) ;
#5772 = CARTESIAN_POINT ( 'NONE',  ( -0.9999999999999995559, 3.071796769724489895, 7.900000000000000355 ) ) ;
#5773 = AXIS2_PLACEMENT_3D ( 'NONE', #660, #2625, #3281 ) ;
#5774 = VECTOR ( 'NONE', #4027, 1000.000000000000000 ) ;
#5775 = DIRECTION ( 'NONE',  ( -1.262516554967624637E-15, -1.000000000000000000, -0.000000000000000000 ) ) ;
#5776 = VERTEX_POINT ( 'NONE', #7942 ) ;
#5777 = DIRECTION ( 'NONE',  ( 1.000000000000000000, 0.000000000000000000, 0.000000000000000000 ) ) ;
#5778 = CARTESIAN_POINT ( 'NONE',  ( -5.199844853026781344, 0.7999999999999994893, -4.100000000000000533 ) ) ;
#5779 = ORIENTED_EDGE ( 'NONE', *, *, #3092, .F. ) ;
#5780 = FACE_OUTER_BOUND ( 'NONE', #2404, .T. ) ;
#5781 = CARTESIAN_POINT ( 'NONE',  ( 2.499999999999999556, 9.947350469337285617, -4.599999999999999645 ) ) ;
#5782 = ORIENTED_EDGE ( 'NONE', *, *, #5275, .T. ) ;
#5784 = EDGE_CURVE ( 'NONE', #5063, #253, #4684, .T. ) ;
#5783 = AXIS2_PLACEMENT_3D ( 'NONE', #7471, #920, #5451 ) ;
#5785 = AXIS2_PLACEMENT_3D ( 'NONE', #1831, #5218, #1338 ) ;
#5786 = EDGE_CURVE ( 'NONE', #5605, #6374, #7982, .T. ) ;
#5787 = DIRECTION ( 'NONE',  ( 0.000000000000000000, -0.000000000000000000, 1.000000000000000000 ) ) ;
#5788 = AXIS2_PLACEMENT_3D ( 'NONE', #3380, #5933, #6581 ) ;
#5789 = LINE ( 'NONE', #1935, #4285 ) ;
#5790 = ORIENTED_EDGE ( 'NONE', *, *, #813, .T. ) ;
#5791 = AXIS2_PLACEMENT_3D ( 'NONE', #3821, #5137, #6427 ) ;
#5792 = CARTESIAN_POINT ( 'NONE',  ( 2.379591018563513405, 8.838248874285776324, -7.900000000000002132 ) ) ;
#5793 = VECTOR ( 'NONE', #6614, 1000.000000000000000 ) ;
#5794 = LINE ( 'NONE', #8, #3616 ) ;
#5795 = AXIS2_PLACEMENT_3D ( 'NONE', #6911, #1563, #2856 ) ;
#5796 = ORIENTED_EDGE ( 'NONE', *, *, #2406, .F. ) ;
#5797 = CARTESIAN_POINT ( 'NONE',  ( 3.199999999999999734, 1.500000000000002220, 5.300000000000000711 ) ) ;
#5798 = CARTESIAN_POINT ( 'NONE',  ( 2.800155146973221765, 4.235050948740416210, -4.599999999999999645 ) ) ;
#5799 = CARTESIAN_POINT ( 'NONE',  ( -5.199844853026783120, 0.000000000000000000, -4.599999999999999645 ) ) ;
#5800 = VERTEX_POINT ( 'NONE', #2184 ) ;
#5801 = DIRECTION ( 'NONE',  ( 0.7071067811865487940, 0.7071067811865463515, 0.000000000000000000 ) ) ;
#5802 = CONTEXT_DEPENDENT_SHAPE_REPRESENTATION ( #1798, #5171 ) ;
#5803 = DIRECTION ( 'NONE',  ( -0.7071067811865463515, -0.7071067811865487940, 0.000000000000000000 ) ) ;
#5804 = LINE ( 'NONE', #628, #2096 ) ;
#5805 = AXIS2_PLACEMENT_3D ( 'NONE', #1891, #7678, #1761 ) ;
#5806 = AXIS2_PLACEMENT_3D ( 'NONE', #7381, #4130, #4677 ) ;
#5807 = EDGE_LOOP ( 'NONE', ( #2894, #6452 ) ) ;
#5808 = ORIENTED_EDGE ( 'NONE', *, *, #8021, .F. ) ;
#5809 = CIRCLE ( 'NONE', #3505, 0.8000000000000012657 ) ;
#5810 = CARTESIAN_POINT ( 'NONE',  ( 10.00000000000000178, 21.10000000000000497, 7.900000000000000355 ) ) ;
#5811 = VECTOR ( 'NONE', #3024, 1000.000000000000000 ) ;
#5812 = DIRECTION ( 'NONE',  ( 2.971233746154280690E-32, -1.204669080539449097E-16, 1.000000000000000000 ) ) ;
#5813 = LINE ( 'NONE', #2515, #2502 ) ;
#5814 = EDGE_CURVE ( 'NONE', #4626, #5102, #7936, .T. ) ;
#5815 = AXIS2_PLACEMENT_3D ( 'NONE', #607, #3233, #8350 ) ;
#5816 = VERTEX_POINT ( 'NONE', #5999 ) ;
#5817 = VECTOR ( 'NONE', #7093, 1000.000000000000114 ) ;
#5818 = CARTESIAN_POINT ( 'NONE',  ( 7.300000000000000711, 2.799999999999997602, -6.250000000000000000 ) ) ;
#5819 = EDGE_LOOP ( 'NONE', ( #5656, #7659 ) ) ;
#5820 = CARTESIAN_POINT ( 'NONE',  ( -2.527728175868491967, 11.67937860531804972, 1.100000000000001199 ) ) ;
#5821 = DIRECTION ( 'NONE',  ( 0.000000000000000000, 0.000000000000000000, 1.000000000000000000 ) ) ;
#5822 = AXIS2_PLACEMENT_3D ( 'NONE', #4922, #1145, #1591 ) ;
#5823 = EDGE_CURVE ( 'NONE', #7805, #2954, #4046, .T. ) ;
#5824 = CARTESIAN_POINT ( 'NONE',  ( 0.9999999999999997780, 7.543376173343215640, -6.250000000000000000 ) ) ;
#5825 = ADVANCED_FACE ( 'NONE', ( #1424 ), #781, .F. ) ;
#5826 = VECTOR ( 'NONE', #3424, 1000.000000000000000 ) ;
#5827 = CYLINDRICAL_SURFACE ( 'NONE', #2649, 2.000000000000000444 ) ;
#5828 = ORIENTED_EDGE ( 'NONE', *, *, #7256, .F. ) ;
#5829 = CARTESIAN_POINT ( 'NONE',  ( -10.00000000000000355, 0.7999999999999976019, 6.100000000000001421 ) ) ;
#5830 = CARTESIAN_POINT ( 'NONE',  ( 4.800155146973220432, 0.000000000000000000, -4.599999999999999645 ) ) ;
#5831 = EDGE_LOOP ( 'NONE', ( #6670, #5027, #2667, #1526 ) ) ;
#5832 = EDGE_CURVE ( 'NONE', #6039, #7910, #3438, .T. ) ;
#5833 = DIRECTION ( 'NONE',  ( 0.000000000000000000, 0.000000000000000000, 1.000000000000000000 ) ) ;
#5834 = LINE ( 'NONE', #6434, #501 ) ;
#5835 = ORIENTED_EDGE ( 'NONE', *, *, #8163, .F. ) ;
#5836 = DIRECTION ( 'NONE',  ( -0.000000000000000000, -0.000000000000000000, -1.000000000000000000 ) ) ;
#5837 = CARTESIAN_POINT ( 'NONE',  ( -7.500000000000000000, -7.012099234593449637E-11, -0.7000000001217803192 ) ) ;
#5838 = VERTEX_POINT ( 'NONE', #4129 ) ;
#5839 = DIRECTION ( 'NONE',  ( -0.000000000000000000, -0.000000000000000000, -1.000000000000000000 ) ) ;
#5840 = DIRECTION ( 'NONE',  ( -0.000000000000000000, 0.000000000000000000, 1.000000000000000000 ) ) ;
#5841 = EDGE_LOOP ( 'NONE', ( #8340, #7555, #5359, #6540 ) ) ;
#5842 = CARTESIAN_POINT ( 'NONE',  ( 2.499999999999999112, 9.947350469337283840, -4.100000000000000533 ) ) ;
#5843 = PLANE ( 'NONE',  #2261 ) ;
#5844 = AXIS2_PLACEMENT_3D ( 'NONE', #6357, #3022, #8286 ) ;
#5845 = CARTESIAN_POINT ( 'NONE',  ( -0.9999999999999997780, 7.543376173343215640, -6.250000000000000000 ) ) ;
#5846 = ORIENTED_EDGE ( 'NONE', *, *, #906, .F. ) ;
#5847 = DIRECTION ( 'NONE',  ( -0.000000000000000000, -0.000000000000000000, -1.000000000000000000 ) ) ;
#5848 = ITEM_DEFINED_TRANSFORMATION ( 'NONE', 'NONE', #7393,  #7933 ) ;
#5849 = CARTESIAN_POINT ( 'NONE',  ( 0.5098116976312510040, 7.226820651623238057, 1.100000000000001199 ) ) ;
#5850 = DIRECTION ( 'NONE',  ( -0.000000000000000000, -0.000000000000000000, -1.000000000000000000 ) ) ;
#5851 = ORIENTED_EDGE ( 'NONE', *, *, #2652, .T. ) ;
#5852 = ORIENTED_EDGE ( 'NONE', *, *, #3765, .T. ) ;
#5853 = AXIS2_PLACEMENT_3D ( 'NONE', #6074, #1459, #2088 ) ;
#5854 = LINE ( 'NONE', #7919, #1335 ) ;
#5855 = EDGE_CURVE ( 'NONE', #792, #6712, #3360, .T. ) ;
#5856 = CARTESIAN_POINT ( 'NONE',  ( 2.207115467697227551, 8.399354170840364731, -7.900000000000000355 ) ) ;
#5857 = CYLINDRICAL_SURFACE ( 'NONE', #2091, 0.8000000000000003775 ) ;
#5858 = EDGE_LOOP ( 'NONE', ( #1816, #797, #1109, #7364, #7392, #256, #602, #7537 ) ) ;
#5859 = EDGE_CURVE ( 'NONE', #4347, #3989, #2692, .T. ) ;
#5860 = VECTOR ( 'NONE', #530, 1000.000000000000000 ) ;
#5861 = CARTESIAN_POINT ( 'NONE',  ( -4.800155146973219544, 0.8000000000000048184, -7.599999999999998757 ) ) ;
#5862 = EDGE_CURVE ( 'NONE', #6915, #4531, #5959, .T. ) ;
#5863 = ADVANCED_FACE ( 'NONE', ( #6602 ), #7208, .F. ) ;
#5864 = LINE ( 'NONE', #1202, #7378 ) ;
#5865 =( NAMED_UNIT ( * ) SI_UNIT ( $, .STERADIAN. ) SOLID_ANGLE_UNIT ( ) );
#5866 = LINE ( 'NONE', #5221, #7559 ) ;
#5867 = FACE_OUTER_BOUND ( 'NONE', #8034, .T. ) ;
#5868 = ORIENTED_EDGE ( 'NONE', *, *, #2450, .T. ) ;
#5869 = EDGE_CURVE ( 'NONE', #3357, #5365, #7970, .T. ) ;
#5870 = LINE ( 'NONE', #601, #5243 ) ;
#5871 = EDGE_LOOP ( 'NONE', ( #6736, #1841, #3744, #3904 ) ) ;
#5872 = EDGE_CURVE ( 'NONE', #877, #1343, #4878, .T. ) ;
#5873 = CARTESIAN_POINT ( 'NONE',  ( -0.8999999999999999112, 0.4000000000000019096, -2.800000000000000266 ) ) ;
#5874 = DIRECTION ( 'NONE',  ( -0.7798598600361769106, -0.6259541506407273470, 0.000000000000000000 ) ) ;
#5875 = ORIENTED_EDGE ( 'NONE', *, *, #3723, .F. ) ;
#5876 = CARTESIAN_POINT ( 'NONE',  ( -5.199844853026783120, 4.235050948740416210, -4.100000000000000533 ) ) ;
#5877 = CARTESIAN_POINT ( 'NONE',  ( -7.299999999999991829, 0.000000000000000000, -6.250000000000000000 ) ) ;
#5878 = VERTEX_POINT ( 'NONE', #2839 ) ;
#5879 = FACE_OUTER_BOUND ( 'NONE', #6403, .T. ) ;
#5880 = PLANE ( 'NONE',  #2923 ) ;
#5881 = CARTESIAN_POINT ( 'NONE',  ( -0.1998448530267814827, 0.8000000000000020428, -4.100000000000000533 ) ) ;
#5882 = VERTEX_POINT ( 'NONE', #738 ) ;
#5883 = CARTESIAN_POINT ( 'NONE',  ( 0.000000000000000000, 19.50000000000000000, 6.100000000000001421 ) ) ;
#5884 = LINE ( 'NONE', #1896, #3070 ) ;
#5885 = ORIENTED_EDGE ( 'NONE', *, *, #375, .T. ) ;
#5886 = DIRECTION ( 'NONE',  ( -0.000000000000000000, -0.000000000000000000, 1.000000000000000000 ) ) ;
#5887 = DIRECTION ( 'NONE',  ( -0.000000000000000000, -1.000000000000000000, 0.000000000000000000 ) ) ;
#5888 = LINE ( 'NONE', #1266, #8045 ) ;
#5889 = PRODUCT ( 'SDS-50J_2', 'SDS-50J_2', '', ( #4910 ) ) ;
#5890 = VERTEX_POINT ( 'NONE', #6690 ) ;
#5891 = DIRECTION ( 'NONE',  ( 0.000000000000000000, 1.000000000000000000, 0.000000000000000000 ) ) ;
#5892 = CARTESIAN_POINT ( 'NONE',  ( -9.409923976848167726, 5.985126513463341347, 1.900000000000001021 ) ) ;
#5893 = DIRECTION ( 'NONE',  ( -0.000000000000000000, -1.000000000000000000, 0.000000000000000000 ) ) ;
#5894 = DIRECTION ( 'NONE',  ( 3.097720492815731110E-16, -1.000000000000000000, 0.000000000000000000 ) ) ;
#5895 = VERTEX_POINT ( 'NONE', #823 ) ;
#5896 = ORIENTED_EDGE ( 'NONE', *, *, #2450, .F. ) ;
#5897 = ORIENTED_EDGE ( 'NONE', *, *, #1586, .T. ) ;
#5898 = DIRECTION ( 'NONE',  ( 0.000000000000000000, 1.000000000000000000, -0.000000000000000000 ) ) ;
#5899 = DIRECTION ( 'NONE',  ( 0.5947568674407587297, 0.8039056341586714449, 0.000000000000000000 ) ) ;
#5900 = DIRECTION ( 'NONE',  ( 0.000000000000000000, -1.000000000000000000, 0.000000000000000000 ) ) ;
#5901 = EDGE_CURVE ( 'NONE', #5406, #2944, #7249, .T. ) ;
#5902 = ADVANCED_FACE ( 'NONE', ( #6037 ), #3960, .F. ) ;
#5903 = ORIENTED_EDGE ( 'NONE', *, *, #687, .T. ) ;
#5904 = CARTESIAN_POINT ( 'NONE',  ( -0.1749999999999999334, 10.00000000000000000, -6.450000000000001066 ) ) ;
#5905 = DIRECTION ( 'NONE',  ( 0.000000000000000000, 0.000000000000000000, 1.000000000000000000 ) ) ;
#5906 = LINE ( 'NONE', #3307, #299 ) ;
#5907 = DIRECTION ( 'NONE',  ( 0.000000000000000000, -0.2588190451025216277, 0.9659258262890679791 ) ) ;
#5908 = ORIENTED_EDGE ( 'NONE', *, *, #8122, .T. ) ;
#5909 = LINE ( 'NONE', #7156, #445 ) ;
#5910 = VERTEX_POINT ( 'NONE', #1507 ) ;
#5911 = DIRECTION ( 'NONE',  ( 0.000000000000000000, -1.000000000000000000, 0.000000000000000000 ) ) ;
#5912 = DIRECTION ( 'NONE',  ( -1.000000000000000000, 0.000000000000000000, 0.000000000000000000 ) ) ;
#5913 = VECTOR ( 'NONE', #4542, 1000.000000000000000 ) ;
#5914 = ORIENTED_EDGE ( 'NONE', *, *, #6175, .T. ) ;
#5915 = DIRECTION ( 'NONE',  ( -0.000000000000000000, -0.000000000000000000, 1.000000000000000000 ) ) ;
#5916 = CARTESIAN_POINT ( 'NONE',  ( 0.000000000000000000, 0.000000000000000000, -6.250000000000000000 ) ) ;
#5917 = ORIENTED_EDGE ( 'NONE', *, *, #8356, .T. ) ;
#5918 = CYLINDRICAL_SURFACE ( 'NONE', #733, 0.8000000000000003775 ) ;
#5919 = EDGE_CURVE ( 'NONE', #5051, #3915, #6659, .T. ) ;
#5920 = AXIS2_PLACEMENT_3D ( 'NONE', #2464, #4401, #3253 ) ;
#5921 = VERTEX_POINT ( 'NONE', #3482 ) ;
#5922 = FACE_OUTER_BOUND ( 'NONE', #8304, .T. ) ;
#5923 = CARTESIAN_POINT ( 'NONE',  ( 0.000000000000000000, 0.000000000000000000, -6.250000000000000000 ) ) ;
#5924 = VECTOR ( 'NONE', #955, 1000.000000000000000 ) ;
#5925 = ORIENTED_EDGE ( 'NONE', *, *, #917, .T. ) ;
#5926 = CIRCLE ( 'NONE', #2234, 1.100000000121781341 ) ;
#5927 = DIRECTION ( 'NONE',  ( 0.5947568674407585076, -0.8039056341586715559, 0.000000000000000000 ) ) ;
#5928 = CARTESIAN_POINT ( 'NONE',  ( 8.425000000000002487, 0.1750000000279726131, 0.4000000000000010214 ) ) ;
#5929 = ORIENTED_EDGE ( 'NONE', *, *, #407, .F. ) ;
#5930 = AXIS2_PLACEMENT_3D ( 'NONE', #7448, #1690, #6924 ) ;
#5931 = CARTESIAN_POINT ( 'NONE',  ( 10.00000000000000178, 6.999999999999999112, 6.100000000000001421 ) ) ;
#5932 = PLANE ( 'NONE',  #2936 ) ;
#5933 = DIRECTION ( 'NONE',  ( -0.8039056341586715559, 0.5947568674407588407, 0.000000000000000000 ) ) ;
#5934 = PLANE ( 'NONE',  #196 ) ;
#5935 = EDGE_CURVE ( 'NONE', #7619, #7866, #5966, .T. ) ;
#5936 = AXIS2_PLACEMENT_3D ( 'NONE', #2705, #2613, #6518 ) ;
#5937 = AXIS2_PLACEMENT_3D ( 'NONE', #7968, #7417, #6599 ) ;
#5938 = VERTEX_POINT ( 'NONE', #39 ) ;
#5939 = VERTEX_POINT ( 'NONE', #2665 ) ;
#5940 = AXIS2_PLACEMENT_3D ( 'NONE', #1863, #1905, #5118 ) ;
#5941 = VECTOR ( 'NONE', #8014, 1000.000000000000000 ) ;
#5942 = ORIENTED_EDGE ( 'NONE', *, *, #4137, .T. ) ;
#5943 = LINE ( 'NONE', #6455, #222 ) ;
#5944 = AXIS2_PLACEMENT_3D ( 'NONE', #981, #2142, #2092 ) ;
#5945 = LINE ( 'NONE', #767, #4994 ) ;
#5946 = AXIS2_PLACEMENT_3D ( 'NONE', #4896, #1171, #3740 ) ;
#5947 = CARTESIAN_POINT ( 'NONE',  ( -1.969028027992764107, 8.721166065210621099, -7.734314575050764695 ) ) ;
#5948 = ORIENTED_EDGE ( 'NONE', *, *, #2563, .F. ) ;
#5949 = LINE ( 'NONE', #2010, #3753 ) ;
#5950 = FACE_OUTER_BOUND ( 'NONE', #967, .T. ) ;
#5951 = DIRECTION ( 'NONE',  ( 0.000000000000000000, 0.000000000000000000, 1.000000000000000000 ) ) ;
#5952 = DIRECTION ( 'NONE',  ( 0.7071067811865486830, 0.7071067811865464625, 0.000000000000000000 ) ) ;
#5953 = CARTESIAN_POINT ( 'NONE',  ( -3.374459510989180822E-31, 1.836970198721030378E-15, 6.100000000000001421 ) ) ;
#5954 = AXIS2_PLACEMENT_3D ( 'NONE', #6090, #4178, #7424 ) ;
#5955 = ORIENTED_EDGE ( 'NONE', *, *, #4883, .T. ) ;
#5956 = PRODUCT_RELATED_PRODUCT_CATEGORY ( 'part', '', ( #4353 ) ) ;
#5957 = CARTESIAN_POINT ( 'NONE',  ( -2.812186117670662622, 10.19792651016505936, -4.100000000000000533 ) ) ;
#5958 = ORIENTED_EDGE ( 'NONE', *, *, #3586, .T. ) ;
#5959 = LINE ( 'NONE', #4723, #7606 ) ;
#5960 = PLANE ( 'NONE',  #7319 ) ;
#5961 = VERTEX_POINT ( 'NONE', #5317 ) ;
#5962 = LINE ( 'NONE', #92, #8324 ) ;
#5963 = EDGE_CURVE ( 'NONE', #3703, #5191, #2018, .T. ) ;
#5964 = DIRECTION ( 'NONE',  ( 0.5947568674407587297, -0.8039056341586714449, 0.000000000000000000 ) ) ;
#5965 = CARTESIAN_POINT ( 'NONE',  ( 2.527728175868495963, 11.67937860531804795, 7.900000000000019895 ) ) ;
#5966 = CIRCLE ( 'NONE', #2273, 0.9250000000000029310 ) ;
#5967 = ORIENTED_EDGE ( 'NONE', *, *, #3211, .F. ) ;
#5968 = PLANE ( 'NONE',  #3518 ) ;
#5969 = EDGE_CURVE ( 'NONE', #1686, #429, #7062, .T. ) ;
#5970 = CARTESIAN_POINT ( 'NONE',  ( -7.416198487095662095, 6.999999999999999112, 1.100000000000001199 ) ) ;
#5971 = ORIENTED_EDGE ( 'NONE', *, *, #6334, .F. ) ;
#5972 = DIRECTION ( 'NONE',  ( -0.000000000000000000, 0.000000000000000000, 1.000000000000000000 ) ) ;
#5973 = EDGE_CURVE ( 'NONE', #3867, #961, #7059, .T. ) ;
#5974 = CARTESIAN_POINT ( 'NONE',  ( 0.000000000000000000, 21.10000000000000497, 6.100000000000001421 ) ) ;
#5975 = ORIENTED_EDGE ( 'NONE', *, *, #8471, .F. ) ;
#5976 = EDGE_CURVE ( 'NONE', #6583, #6179, #2882, .T. ) ;
#5977 = FACE_OUTER_BOUND ( 'NONE', #4021, .T. ) ;
#5978 = DIRECTION ( 'NONE',  ( 1.000000000000000000, 0.000000000000000000, 0.000000000000000000 ) ) ;
#5979 = DIRECTION ( 'NONE',  ( -1.000000000000000000, -3.097720492815731110E-16, 0.000000000000000000 ) ) ;
#5980 = VERTEX_POINT ( 'NONE', #7501 ) ;
#5981 = EDGE_LOOP ( 'NONE', ( #5852, #7351, #2342, #1661 ) ) ;
#5982 = EDGE_CURVE ( 'NONE', #2550, #7514, #4251, .T. ) ;
#5983 = ORIENTED_EDGE ( 'NONE', *, *, #7506, .T. ) ;
#5984 = CARTESIAN_POINT ( 'NONE',  ( -1.969028027992764107, 8.721166065210621099, -4.599999999999999645 ) ) ;
#5985 = EDGE_CURVE ( 'NONE', #8415, #8397, #3560, .T. ) ;
#5986 = CARTESIAN_POINT ( 'NONE',  ( -10.00000000000000178, 21.10000000000000497, 6.100000000000001421 ) ) ;
#5987 = CARTESIAN_POINT ( 'NONE',  ( -5.299999999999990941, 2.799999999999992717, -4.100000000000000533 ) ) ;
#5988 = CIRCLE ( 'NONE', #7908, 0.8000000000000012657 ) ;
#5989 = ORIENTED_EDGE ( 'NONE', *, *, #5416, .T. ) ;
#5990 = CIRCLE ( 'NONE', #3674, 0.8877928962701178150 ) ;
#5991 = CARTESIAN_POINT ( 'NONE',  ( -0.7885572109048583078, 8.490460172048578613, 7.900000000000000355 ) ) ;
#5992 = EDGE_CURVE ( 'NONE', #3159, #3419, #4213, .T. ) ;
#5993 = CARTESIAN_POINT ( 'NONE',  ( -4.407966415290564655, 5.424564683621933447, -4.100000000000000533 ) ) ;
#5994 = CARTESIAN_POINT ( 'NONE',  ( 0.1998448530267817047, 2.799999999999999378, -4.100000000000000533 ) ) ;
#5995 = FACE_OUTER_BOUND ( 'NONE', #353, .T. ) ;
#5996 = ORIENTED_EDGE ( 'NONE', *, *, #6592, .F. ) ;
#5997 = DIRECTION ( 'NONE',  ( 0.6259541506407273470, -0.7798598600361770217, 0.000000000000000000 ) ) ;
#5998 = ORIENTED_EDGE ( 'NONE', *, *, #8091, .F. ) ;
#5999 = CARTESIAN_POINT ( 'NONE',  ( -2.812186117670661289, 10.19792651016505758, -4.599999999999999645 ) ) ;
#6000 = LINE ( 'NONE', #164, #3880 ) ;
#6001 = VERTEX_POINT ( 'NONE', #6161 ) ;
#6002 = PLANE ( 'NONE',  #4224 ) ;
#6003 = CARTESIAN_POINT ( 'NONE',  ( -3.199999999999999734, 0.000000000000000000, 7.900012000000001144 ) ) ;
#6004 = EDGE_CURVE ( 'NONE', #3693, #6801, #3122, .T. ) ;
#6005 = VECTOR ( 'NONE', #8221, 1000.000000000000000 ) ;
#6006 = ORIENTED_EDGE ( 'NONE', *, *, #8192, .F. ) ;
#6007 = EDGE_CURVE ( 'NONE', #2431, #2532, #5722, .T. ) ;
#6008 = CARTESIAN_POINT ( 'NONE',  ( 7.699999999999998401, 2.799999999999998046, -4.100000000000000533 ) ) ;
#6009 = DIRECTION ( 'NONE',  ( -0.8039056341586715559, -0.5947568674407586187, 0.000000000000000000 ) ) ;
#6010 = ORIENTED_EDGE ( 'NONE', *, *, #225, .T. ) ;
#6011 = AXIS2_PLACEMENT_3D ( 'NONE', #3220, #3265, #6380 ) ;
#6012 = CARTESIAN_POINT ( 'NONE',  ( -10.00000000000000355, 0.7999999999999978240, -6.250000000000000000 ) ) ;
#6013 = PLANE ( 'NONE',  #5455 ) ;
#6014 = CARTESIAN_POINT ( 'NONE',  ( 7.299999999999999822, 0.000000000000000000, -6.250000000000000000 ) ) ;
#6015 = LINE ( 'NONE', #2074, #2786 ) ;
#6016 = EDGE_CURVE ( 'NONE', #4467, #8397, #3812, .T. ) ;
#6017 = CARTESIAN_POINT ( 'NONE',  ( 1.999999999999999112, 1.788933584601082316E-15, 5.300000000000000711 ) ) ;
#6018 = ORIENTED_EDGE ( 'NONE', *, *, #2440, .T. ) ;
#6019 = ORIENTED_EDGE ( 'NONE', *, *, #7864, .T. ) ;
#6020 = ORIENTED_EDGE ( 'NONE', *, *, #5963, .T. ) ;
#6021 =( NAMED_UNIT ( * ) SI_UNIT ( $, .STERADIAN. ) SOLID_ANGLE_UNIT ( ) );
#6022 = DIRECTION ( 'NONE',  ( -0.7071067811865482389, 0.7071067811865469066, 0.000000000000000000 ) ) ;
#6023 = CARTESIAN_POINT ( 'NONE',  ( 1.000000000000000000, 8.000000000000000000, -6.250000000000001776 ) ) ;
#6024 = APPLICATION_CONTEXT ( 'automotive_design' ) ;
#6025 = EDGE_LOOP ( 'NONE', ( #6010, #1021, #1981, #1260 ) ) ;
#6026 = EDGE_CURVE ( 'NONE', #4520, #7514, #4846, .T. ) ;
#6027 = DIRECTION ( 'NONE',  ( -0.000000000000000000, -0.000000000000000000, 1.000000000000000000 ) ) ;
#6028 = SHAPE_REPRESENTATION ( 'SDS-50J_7', ( #7933 ), #2045 ) ;
#6029 = LINE ( 'NONE', #2011, #6399 ) ;
#6030 = APPLICATION_PROTOCOL_DEFINITION ( 'draft international standard', 'automotive_design', 1998, #1751 ) ;
#6031 = LINE ( 'NONE', #5994, #3734 ) ;
#6032 = DIRECTION ( 'NONE',  ( -0.000000000000000000, -0.000000000000000000, 1.000000000000000000 ) ) ;
#6033 = ADVANCED_FACE ( 'NONE', ( #3161 ), #3598, .T. ) ;
#6034 = VERTEX_POINT ( 'NONE', #5763 ) ;
#6035 = DIRECTION ( 'NONE',  ( 0.7798598600361774658, 0.6259541506407266809, 0.000000000000000000 ) ) ;
#6036 = EDGE_LOOP ( 'NONE', ( #7607, #864 ) ) ;
#6037 = FACE_OUTER_BOUND ( 'NONE', #546, .T. ) ;
#6038 = FACE_OUTER_BOUND ( 'NONE', #2949, .T. ) ;
#6039 = VERTEX_POINT ( 'NONE', #2916 ) ;
#6040 = CARTESIAN_POINT ( 'NONE',  ( 1.509539827951424273, 9.211442789095146466, 1.100000000000001199 ) ) ;
#6041 = DIRECTION ( 'NONE',  ( 1.000000000000000000, -0.000000000000000000, 0.000000000000000000 ) ) ;
#6042 = FACE_OUTER_BOUND ( 'NONE', #153, .T. ) ;
#6043 = VERTEX_POINT ( 'NONE', #4173 ) ;
#6044 = DIRECTION ( 'NONE',  ( -1.000000000000000000, -8.092595186784927640E-16, -2.168404344971020208E-16 ) ) ;
#6045 = CARTESIAN_POINT ( 'NONE',  ( -7.609923976848169680, 5.985126513463341347, 7.900000000000000355 ) ) ;
#6046 = ADVANCED_FACE ( 'NONE', ( #8146 ), #8333, .T. ) ;
#6047 = ORIENTED_EDGE ( 'NONE', *, *, #8379, .F. ) ;
#6048 = ADVANCED_FACE ( 'NONE', ( #7419 ), #8374, .T. ) ;
#6049 = DIRECTION ( 'NONE',  ( -0.000000000000000000, -1.000000000000000000, 0.000000000000000000 ) ) ;
#6050 = DIRECTION ( 'NONE',  ( -0.5947568674407586187, 0.8039056341586715559, 0.000000000000000000 ) ) ;
#6051 = ORIENTED_EDGE ( 'NONE', *, *, #7214, .T. ) ;
#6052 = PLANE ( 'NONE',  #4036 ) ;
#6053 = PLANE ( 'NONE',  #5788 ) ;
#6054 = AXIS2_PLACEMENT_3D ( 'NONE', #7096, #537, #6451 ) ;
#6055 = DIRECTION ( 'NONE',  ( -0.7071067811865483499, 0.7071067811865467956, 0.000000000000000000 ) ) ;
#6056 = ORIENTED_EDGE ( 'NONE', *, *, #1221, .T. ) ;
#6057 = ORIENTED_EDGE ( 'NONE', *, *, #4633, .F. ) ;
#6058 = VECTOR ( 'NONE', #7087, 1000.000000000000000 ) ;
#6059 = VECTOR ( 'NONE', #3749, 1000.000000000000000 ) ;
#6060 = EDGE_CURVE ( 'NONE', #20, #6712, #911, .T. ) ;
#6061 = VECTOR ( 'NONE', #4017, 1000.000000000000114 ) ;
#6062 = ORIENTED_EDGE ( 'NONE', *, *, #1532, .F. ) ;
#6063 = FACE_OUTER_BOUND ( 'NONE', #7603, .T. ) ;
#6064 = DIRECTION ( 'NONE',  ( -0.8039056341586716670, -0.5947568674407585076, 0.000000000000000000 ) ) ;
#6065 = CARTESIAN_POINT ( 'NONE',  ( -0.6014837311292451361, 10.00000000000000000, -6.971123081938319643 ) ) ;
#6066 = VECTOR ( 'NONE', #7507, 1000.000000000000000 ) ;
#6067 = AXIS2_PLACEMENT_3D ( 'NONE', #5728, #8431, #591 ) ;
#6068 = VECTOR ( 'NONE', #5423, 1000.000000000000114 ) ;
#6069 = EDGE_LOOP ( 'NONE', ( #2014, #7190, #4694, #5796 ) ) ;
#6070 = CIRCLE ( 'NONE', #2378, 7.000000000000000888 ) ;
#6071 = CARTESIAN_POINT ( 'NONE',  ( 0.000000000000000000, 0.000000000000000000, 5.300000000000000711 ) ) ;
#6072 = VECTOR ( 'NONE', #5199, 1000.000000000000000 ) ;
#6073 = VECTOR ( 'NONE', #671, 1000.000000000000114 ) ;
#6074 = CARTESIAN_POINT ( 'NONE',  ( -2.800155146973221765, 4.235050948740416210, -4.100000000000000533 ) ) ;
#6075 = ADVANCED_FACE ( 'NONE', ( #3768 ), #5484, .F. ) ;
#6076 = FACE_OUTER_BOUND ( 'NONE', #6336, .T. ) ;
#6077 = DIRECTION ( 'NONE',  ( 0.000000000000000000, -0.000000000000000000, -1.000000000000000000 ) ) ;
#6078 = AXIS2_PLACEMENT_3D ( 'NONE', #4232, #2326, #2859 ) ;
#6079 = VECTOR ( 'NONE', #7729, 1000.000000000000000 ) ;
#6080 = ORIENTED_EDGE ( 'NONE', *, *, #1694, .T. ) ;
#6081 = FACE_OUTER_BOUND ( 'NONE', #4869, .T. ) ;
#6082 = ORIENTED_EDGE ( 'NONE', *, *, #3998, .F. ) ;
#6083 = DIRECTION ( 'NONE',  ( -2.849676389635345941E-16, 1.000000000000000000, -0.000000000000000000 ) ) ;
#6084 = CARTESIAN_POINT ( 'NONE',  ( 1.969028027992764107, 8.721166065210621099, -4.599999999999999645 ) ) ;
#6085 = EDGE_CURVE ( 'NONE', #7124, #4088, #3528, .T. ) ;
#6086 = ORIENTED_EDGE ( 'NONE', *, *, #3556, .T. ) ;
#6087 = DIRECTION ( 'NONE',  ( 1.000000000000000000, 0.000000000000000000, 0.000000000000000000 ) ) ;
#6088 = EDGE_CURVE ( 'NONE', #5495, #1011, #1819, .T. ) ;
#6089 = CARTESIAN_POINT ( 'NONE',  ( 1.626303258728256898E-16, 1.500000000000000222, 5.300000000000000711 ) ) ;
#6090 = CARTESIAN_POINT ( 'NONE',  ( 2.800155146973221765, 4.235050948740416210, -4.100000000000000533 ) ) ;
#6091 = VECTOR ( 'NONE', #6233, 1000.000000000000000 ) ;
#6092 = LINE ( 'NONE', #4808, #4293 ) ;
#6093 = VECTOR ( 'NONE', #304, 1000.000000000000000 ) ;
#6094 = ORIENTED_EDGE ( 'NONE', *, *, #5985, .T. ) ;
#6095 = DIRECTION ( 'NONE',  ( 0.000000000000000000, -1.000000000000000000, 0.000000000000000000 ) ) ;
#6096 = ADVANCED_FACE ( 'NONE', ( #1626 ), #765, .T. ) ;
#6097 = PLANE ( 'NONE',  #7457 ) ;
#6098 = ORIENTED_EDGE ( 'NONE', *, *, #86, .T. ) ;
#6099 =( NAMED_UNIT ( * ) SI_UNIT ( $, .STERADIAN. ) SOLID_ANGLE_UNIT ( ) );
#6100 = LINE ( 'NONE', #6791, #2993 ) ;
#6101 = ORIENTED_EDGE ( 'NONE', *, *, #5002, .T. ) ;
#6102 = LINE ( 'NONE', #6864, #3479 ) ;
#6103 = CARTESIAN_POINT ( 'NONE',  ( 5.299999999999999822, 2.799999999999997602, -6.250000000000000000 ) ) ;
#6104 = AXIS2_PLACEMENT_3D ( 'NONE', #1542, #6777, #5074 ) ;
#6105 = UNCERTAINTY_MEASURE_WITH_UNIT (LENGTH_MEASURE( 1.000000000000000082E-05 ), #5220, 'distance_accuracy_value', 'NONE');
#6106 = CARTESIAN_POINT ( 'NONE',  ( -1.600442614160420884, 7.678574768793019700, -3.654908379606660596 ) ) ;
#6107 = ORIENTED_EDGE ( 'NONE', *, *, #7135, .F. ) ;
#6108 = ORIENTED_EDGE ( 'NONE', *, *, #3262, .T. ) ;
#6109 = VECTOR ( 'NONE', #4493, 1000.000000000000000 ) ;
#6110 = ORIENTED_EDGE ( 'NONE', *, *, #2383, .F. ) ;
#6111 = LINE ( 'NONE', #7485, #3637 ) ;
#6112 = CARTESIAN_POINT ( 'NONE',  ( 0.1998448530267793732, -3.499999999999995115, -5.100000000000001421 ) ) ;
#6113 = LINE ( 'NONE', #975, #4957 ) ;
#6114 = ORIENTED_EDGE ( 'NONE', *, *, #3153, .T. ) ;
#6115 = EDGE_CURVE ( 'NONE', #6401, #5159, #1402, .T. ) ;
#6116 = DIRECTION ( 'NONE',  ( 0.7071067811865466846, 0.7071067811865483499, 0.000000000000000000 ) ) ;
#6117 = LINE ( 'NONE', #6768, #7497 ) ;
#6118 = VECTOR ( 'NONE', #926, 1000.000000000000000 ) ;
#6119 = DIRECTION ( 'NONE',  ( -0.000000000000000000, 0.000000000000000000, 1.000000000000000000 ) ) ;
#6120 = CARTESIAN_POINT ( 'NONE',  ( 7.699999999999996625, 0.000000000000000000, -4.100000000000000533 ) ) ;
#6121 = ADVANCED_FACE ( 'NONE', ( #3386 ), #7786, .F. ) ;
#6122 = ORIENTED_EDGE ( 'NONE', *, *, #5308, .T. ) ;
#6123 = EDGE_CURVE ( 'NONE', #2755, #5895, #5854, .T. ) ;
#6124 = LINE ( 'NONE', #7247, #5523 ) ;
#6125 = EDGE_CURVE ( 'NONE', #3313, #4574, #1910, .T. ) ;
#6126 = VERTEX_POINT ( 'NONE', #5984 ) ;
#6127 = DIRECTION ( 'NONE',  ( -0.000000000000000000, -0.000000000000000000, 1.000000000000000000 ) ) ;
#6128 = CARTESIAN_POINT ( 'NONE',  ( -0.1998448530267822598, 7.249999999999999112, -4.599999999999999645 ) ) ;
#6129 = ORIENTED_EDGE ( 'NONE', *, *, #647, .T. ) ;
#6130 = DIRECTION ( 'NONE',  ( 1.000000000000000000, 0.000000000000000000, 0.000000000000000000 ) ) ;
#6131 = CARTESIAN_POINT ( 'NONE',  ( -3.199999999999999734, 1.500000000000000444, 8.182842712474620583 ) ) ;
#6132 = CARTESIAN_POINT ( 'NONE',  ( -7.699999999999988631, -3.366025403784455250, -4.100000000000000533 ) ) ;
#6133 = ADVANCED_FACE ( 'NONE', ( #2603 ), #5125, .F. ) ;
#6134 = EDGE_CURVE ( 'NONE', #4482, #3755, #4533, .T. ) ;
#6135 = DIRECTION ( 'NONE',  ( 0.000000000000000000, 0.000000000000000000, 1.000000000000000000 ) ) ;
#6136 = CARTESIAN_POINT ( 'NONE',  ( -8.000000000000000000, 10.00000000000000178, -4.599999999999999645 ) ) ;
#6137 = VERTEX_POINT ( 'NONE', #5810 ) ;
#6138 = PLANE ( 'NONE',  #1493 ) ;
#6139 = VERTEX_POINT ( 'NONE', #633 ) ;
#6140 = APPLICATION_CONTEXT ( 'automotive_design' ) ;
#6141 = DIRECTION ( 'NONE',  ( 0.000000000000000000, -0.7071067811865474617, -0.7071067811865474617 ) ) ;
#6142 = VECTOR ( 'NONE', #656, 1000.000000000000000 ) ;
#6143 = LINE ( 'NONE', #4190, #5121 ) ;
#6144 = ORIENTED_EDGE ( 'NONE', *, *, #7110, .T. ) ;
#6145 = ORIENTED_EDGE ( 'NONE', *, *, #4498, .F. ) ;
#6146 = ORIENTED_EDGE ( 'NONE', *, *, #1242, .T. ) ;
#6147 = LINE ( 'NONE', #1571, #202 ) ;
#6148 = PLANE ( 'NONE',  #3073 ) ;
#6149 = DIRECTION ( 'NONE',  ( 1.000000000000000000, 0.000000000000000000, 0.000000000000000000 ) ) ;
#6150 = DIRECTION ( 'NONE',  ( -0.5947568674407585076, 0.8039056341586715559, 0.000000000000000000 ) ) ;
#6151 = PRODUCT_DEFINITION_SHAPE ( 'NONE', 'NONE',  #7742 ) ;
#6152 = EDGE_LOOP ( 'NONE', ( #8433, #5444, #5305, #5022 ) ) ;
#6153 = LINE ( 'NONE', #5107, #188 ) ;
#6154 = EDGE_CURVE ( 'NONE', #6001, #3390, #5214, .T. ) ;
#6155 = ADVANCED_FACE ( 'NONE', ( #4025 ), #7099, .F. ) ;
#6156 = CARTESIAN_POINT ( 'NONE',  ( 4.729279221902245922, 5.662282881142664870, -4.100000000000000533 ) ) ;
#6157 = DIRECTION ( 'NONE',  ( 1.000000000000000000, 1.218676860545722770E-16, -0.000000000000000000 ) ) ;
#6158 = ORIENTED_EDGE ( 'NONE', *, *, #2209, .F. ) ;
#6159 = DIRECTION ( 'NONE',  ( -1.000000000000000000, -1.836970198721029441E-16, -0.000000000000000000 ) ) ;
#6160 = EDGE_LOOP ( 'NONE', ( #4598, #2641, #2299, #5738 ) ) ;
#6161 = CARTESIAN_POINT ( 'NONE',  ( -1.969028027992764551, 8.721166065210621099, -7.500000000000001776 ) ) ;
#6162 = PLANE ( 'NONE',  #5375 ) ;
#6163 = ORIENTED_EDGE ( 'NONE', *, *, #5488, .T. ) ;
#6164 = DIRECTION ( 'NONE',  ( -1.000000000000000000, -2.466431482431479202E-16, 0.000000000000000000 ) ) ;
#6165 = FACE_OUTER_BOUND ( 'NONE', #4499, .T. ) ;
#6166 = DIRECTION ( 'NONE',  ( -0.000000000000000000, -0.000000000000000000, 1.000000000000000000 ) ) ;
#6167 = CARTESIAN_POINT ( 'NONE',  ( -0.7885572109048591960, 8.490460172048578613, 1.100000000000001199 ) ) ;
#6168 = CARTESIAN_POINT ( 'NONE',  ( -7.299999999999990052, -2.849283309291910701E-14, -4.100000000000000533 ) ) ;
#6169 = DIRECTION ( 'NONE',  ( 0.000000000000000000, 0.000000000000000000, 1.000000000000000000 ) ) ;
#6170 = ORIENTED_EDGE ( 'NONE', *, *, #7745, .T. ) ;
#6171 = CARTESIAN_POINT ( 'NONE',  ( 0.000000000000000000, 7.249999999999999112, -4.100000000000000533 ) ) ;
#6172 = DIRECTION ( 'NONE',  ( 1.000000000000000000, 0.000000000000000000, 0.000000000000000000 ) ) ;
#6173 = ORIENTED_EDGE ( 'NONE', *, *, #1680, .F. ) ;
#6174 = CARTESIAN_POINT ( 'NONE',  ( 1.749999999999999778, 0.000000000000000000, -6.250000000000000000 ) ) ;
#6175 = EDGE_CURVE ( 'NONE', #1657, #3035, #1238, .T. ) ;
#6176 = DIRECTION ( 'NONE',  ( -1.000000000000000000, 0.000000000000000000, 0.000000000000000000 ) ) ;
#6177 = VERTEX_POINT ( 'NONE', #2557 ) ;
#6178 = VERTEX_POINT ( 'NONE', #1953 ) ;
#6179 = VERTEX_POINT ( 'NONE', #3855 ) ;
#6180 = CARTESIAN_POINT ( 'NONE',  ( -2.625568880007499217, 10.15344850294593115, 7.900000000000000355 ) ) ;
#6181 = EDGE_CURVE ( 'NONE', #2769, #1011, #5943, .T. ) ;
#6182 = AXIS2_PLACEMENT_3D ( 'NONE', #2140, #1377, #3995 ) ;
#6183 = DIRECTION ( 'NONE',  ( 1.000000000000000000, 0.000000000000000000, 0.000000000000000000 ) ) ;
#6184 = CARTESIAN_POINT ( 'NONE',  ( 4.472271824131507145, 8.320621394681948502, -3.654908379606653490 ) ) ;
#6185 = EDGE_CURVE ( 'NONE', #8455, #395, #582, .T. ) ;
#6186 = DIRECTION ( 'NONE',  ( -0.000000000000000000, -0.000000000000000000, -1.000000000000000000 ) ) ;
#6187 = VECTOR ( 'NONE', #3, 1000.000000000000000 ) ;
#6188 = ORIENTED_EDGE ( 'NONE', *, *, #7187, .T. ) ;
#6189 = VECTOR ( 'NONE', #6805, 1000.000000000000000 ) ;
#6190 = PLANE ( 'NONE',  #6636 ) ;
#6191 = VECTOR ( 'NONE', #1850, 1000.000000000000114 ) ;
#6192 = VECTOR ( 'NONE', #7660, 1000.000000000000000 ) ;
#6193 = CARTESIAN_POINT ( 'NONE',  ( -10.00000000000000178, -3.500000000000013323, -7.099999999999999645 ) ) ;
#6194 = VECTOR ( 'NONE', #3719, 1000.000000000000000 ) ;
#6195 = LINE ( 'NONE', #158, #5104 ) ;
#6196 = ORIENTED_EDGE ( 'NONE', *, *, #5164, .F. ) ;
#6197 = VECTOR ( 'NONE', #249, 1000.000000000000000 ) ;
#6198 = AXIS2_PLACEMENT_3D ( 'NONE', #2195, #4811, #3538 ) ;
#6199 = VECTOR ( 'NONE', #6495, 1000.000000000000114 ) ;
#6200 = CARTESIAN_POINT ( 'NONE',  ( 0.000000000000000000, 14.55000000000000071, 1.100000000000001199 ) ) ;
#6201 = VECTOR ( 'NONE', #5952, 999.9999999999998863 ) ;
#6202 = ORIENTED_EDGE ( 'NONE', *, *, #1052, .F. ) ;
#6203 = DIRECTION ( 'NONE',  ( 1.000000000000000000, 0.000000000000000000, -0.000000000000000000 ) ) ;
#6204 = ORIENTED_EDGE ( 'NONE', *, *, #4166, .T. ) ;
#6205 = CARTESIAN_POINT ( 'NONE',  ( -10.00000000000000355, 0.7999999999999974909, -4.100000000000000533 ) ) ;
#6206 =( NAMED_UNIT ( * ) SI_UNIT ( $, .STERADIAN. ) SOLID_ANGLE_UNIT ( ) );
#6207 = DIRECTION ( 'NONE',  ( 0.000000000000000000, 0.000000000000000000, -1.000000000000000000 ) ) ;
#6208 = VECTOR ( 'NONE', #7311, 1000.000000000000000 ) ;
#6209 = AXIS2_PLACEMENT_3D ( 'NONE', #5923, #2068, #3284 ) ;
#6210 = DIRECTION ( 'NONE',  ( 8.673617379884052235E-16, -1.000000000000000000, 0.000000000000000000 ) ) ;
#6211 = PRODUCT_DEFINITION ( 'UNKNOWN', '', #8474, #2121 ) ;
#6212 = DIRECTION ( 'NONE',  ( -1.000000000000000000, 1.275531967630005245E-16, 0.000000000000000000 ) ) ;
#6213 = EDGE_CURVE ( 'NONE', #1475, #8236, #7205, .T. ) ;
#6214 = CARTESIAN_POINT ( 'NONE',  ( -4.800155146973219544, 2.799999999999998046, -6.250000000000000888 ) ) ;
#6215 = VECTOR ( 'NONE', #2546, 1000.000000000000000 ) ;
#6216 = EDGE_LOOP ( 'NONE', ( #3444, #7498, #2493, #6563 ) ) ;
#6217 = DIRECTION ( 'NONE',  ( 0.7071067811865463515, 0.7071067811865486830, 0.000000000000000000 ) ) ;
#6218 = DIRECTION ( 'NONE',  ( 0.000000000000000000, 0.000000000000000000, -1.000000000000000000 ) ) ;
#6219 = EDGE_LOOP ( 'NONE', ( #8226, #6841, #3853, #4131 ) ) ;
#6220 = LINE ( 'NONE', #4189, #2655 ) ;
#6221 = FACE_OUTER_BOUND ( 'NONE', #5871, .T. ) ;
#6222 = VECTOR ( 'NONE', #60, 1000.000000000000000 ) ;
#6223 = VECTOR ( 'NONE', #6821, 1000.000000000000114 ) ;
#6224 = EDGE_CURVE ( 'NONE', #6868, #2227, #3522, .T. ) ;
#6225 = ORIENTED_EDGE ( 'NONE', *, *, #369, .F. ) ;
#6226 = ORIENTED_EDGE ( 'NONE', *, *, #5707, .T. ) ;
#6227 = EDGE_CURVE ( 'NONE', #5331, #5816, #3985, .T. ) ;
#6228 = EDGE_CURVE ( 'NONE', #429, #5336, #6505, .T. ) ;
#6229 = ORIENTED_EDGE ( 'NONE', *, *, #4721, .T. ) ;
#6230 = DIRECTION ( 'NONE',  ( -0.000000000000000000, 0.000000000000000000, 1.000000000000000000 ) ) ;
#6231 = LINE ( 'NONE', #3063, #8463 ) ;
#6232 = VERTEX_POINT ( 'NONE', #679 ) ;
#6233 = DIRECTION ( 'NONE',  ( -1.000000000000000000, -2.466431482431479202E-16, 0.000000000000000000 ) ) ;
#6234 = DIRECTION ( 'NONE',  ( 1.000000000000000000, 0.000000000000000000, 0.000000000000000000 ) ) ;
#6235 = DIRECTION ( 'NONE',  ( 0.000000000000000000, 0.000000000000000000, 1.000000000000000000 ) ) ;
#6236 = PLANE ( 'NONE',  #1002 ) ;
#6237 = EDGE_LOOP ( 'NONE', ( #7999, #6476, #2098, #987, #5499 ) ) ;
#6238 = AXIS2_PLACEMENT_3D ( 'NONE', #922, #6135, #263 ) ;
#6239 = ADVANCED_FACE ( 'NONE', ( #6587 ), #5301, .T. ) ;
#6240 = EDGE_CURVE ( 'NONE', #1384, #792, #7484, .T. ) ;
#6241 = DIRECTION ( 'NONE',  ( 1.000000000000000000, 0.000000000000000000, 0.000000000000000000 ) ) ;
#6242 = CARTESIAN_POINT ( 'NONE',  ( 7.229373521980812178, 4.227416481857818376, -4.100000000000000533 ) ) ;
#6243 = ORIENTED_EDGE ( 'NONE', *, *, #3160, .F. ) ;
#6244 = DIRECTION ( 'NONE',  ( -1.000000000000000000, 8.221438274771596517E-17, 0.000000000000000000 ) ) ;
#6245 = AXIS2_PLACEMENT_3D ( 'NONE', #5845, #3247, #2594 ) ;
#6246 = VERTEX_POINT ( 'NONE', #8087 ) ;
#6247 = ORIENTED_EDGE ( 'NONE', *, *, #5381, .F. ) ;
#6248 = FACE_OUTER_BOUND ( 'NONE', #7663, .T. ) ;
#6249 = CARTESIAN_POINT ( 'NONE',  ( 4.800155146973220432, 2.799999999999998046, -4.599999999999999645 ) ) ;
#6250 = AXIS2_PLACEMENT_3D ( 'NONE', #1044, #6947, #6218 ) ;
#6251 = LINE ( 'NONE', #2353, #1281 ) ;
#6252 = VECTOR ( 'NONE', #8394, 1000.000000000000000 ) ;
#6253 = DIRECTION ( 'NONE',  ( -0.000000000000000000, 0.000000000000000000, 1.000000000000000000 ) ) ;
#6254 = EDGE_LOOP ( 'NONE', ( #1042, #338, #4985, #8346 ) ) ;
#6255 = CARTESIAN_POINT ( 'NONE',  ( 7.300000000000000711, 0.8000000000000020428, -5.100000000000000533 ) ) ;
#6256 = CARTESIAN_POINT ( 'NONE',  ( 4.154252339470971833, 6.552854441715587619, -3.654908379606660596 ) ) ;
#6257 = ORIENTED_EDGE ( 'NONE', *, *, #3252, .F. ) ;
#6258 = EDGE_CURVE ( 'NONE', #6551, #651, #5688, .T. ) ;
#6259 = ADVANCED_FACE ( 'NONE', ( #2170 ), #4152, .F. ) ;
#6260 = LINE ( 'NONE', #2160, #7854 ) ;
#6261 = CYLINDRICAL_SURFACE ( 'NONE', #4715, 0.9250000000000013767 ) ;
#6262 = EDGE_CURVE ( 'NONE', #5687, #1475, #1452, .T. ) ;
#6263 = ORIENTED_EDGE ( 'NONE', *, *, #7482, .T. ) ;
#6264 = EDGE_LOOP ( 'NONE', ( #5875, #2038, #1079, #4156, #4562, #1465, #6935, #5226 ) ) ;
#6265 = VECTOR ( 'NONE', #6741, 1000.000000000000000 ) ;
#6266 = ORIENTED_EDGE ( 'NONE', *, *, #6598, .F. ) ;
#6267 = LINE ( 'NONE', #5064, #8008 ) ;
#6268 = VECTOR ( 'NONE', #6424, 1000.000000000000000 ) ;
#6269 = DIRECTION ( 'NONE',  ( -0.000000000000000000, -0.000000000000000000, 1.000000000000000000 ) ) ;
#6270 = ORIENTED_EDGE ( 'NONE', *, *, #5275, .F. ) ;
#6271 = LINE ( 'NONE', #2903, #7192 ) ;
#6272 = CARTESIAN_POINT ( 'NONE',  ( 7.229373521980812178, 4.227416481857818376, -4.599999999999999645 ) ) ;
#6273 = CARTESIAN_POINT ( 'NONE',  ( -1.749999999999999778, 8.145363321340250096, -6.250000000000000000 ) ) ;
#6274 = ORIENTED_EDGE ( 'NONE', *, *, #2607, .F. ) ;
#6275 = EDGE_CURVE ( 'NONE', #6909, #1272, #1372, .T. ) ;
#6276 = CARTESIAN_POINT ( 'NONE',  ( -7.299999999999976730, -3.366025403784454362, -5.100000000000000533 ) ) ;
#6277 = EDGE_CURVE ( 'NONE', #6978, #7432, #2141, .T. ) ;
#6278 = PLANE ( 'NONE',  #2110 ) ;
#6279 = ADVANCED_FACE ( 'NONE', ( #3582 ), #111, .F. ) ;
#6280 = ORIENTED_EDGE ( 'NONE', *, *, #7007, .T. ) ;
#6281 = ORIENTED_EDGE ( 'NONE', *, *, #3723, .T. ) ;
#6282 = CARTESIAN_POINT ( 'NONE',  ( -1.813683476751936974, 10.96533390620149007, 1.100000000000001199 ) ) ;
#6283 = ORIENTED_EDGE ( 'NONE', *, *, #7750, .F. ) ;
#6284 = EDGE_LOOP ( 'NONE', ( #2675, #5460, #4082, #6145 ) ) ;
#6285 = CARTESIAN_POINT ( 'NONE',  ( 6.574999999999996625, 0.1750000000279726131, 0.4000000000000011324 ) ) ;
#6286 = CARTESIAN_POINT ( 'NONE',  ( -0.9999999999999974465, 19.50000000000000000, 7.900000000000000355 ) ) ;
#6287 = DIRECTION ( 'NONE',  ( 1.000000000000000000, -0.000000000000000000, 0.000000000000000000 ) ) ;
#6288 = ADVANCED_FACE ( 'NONE', ( #5380 ), #2080, .F. ) ;
#6289 = CARTESIAN_POINT ( 'NONE',  ( -0.02020410288672866428, 10.00000000000000000, -6.050000000000000711 ) ) ;
#6290 = ORIENTED_EDGE ( 'NONE', *, *, #1053, .F. ) ;
#6291 = DIRECTION ( 'NONE',  ( 0.6259541506407274580, -0.7798598600361770217, 0.000000000000000000 ) ) ;
#6292 = VERTEX_POINT ( 'NONE', #2128 ) ;
#6293 = DIRECTION ( 'NONE',  ( 0.000000000000000000, -0.000000000000000000, -1.000000000000000000 ) ) ;
#6294 = LINE ( 'NONE', #6391, #2982 ) ;
#6295 = ORIENTED_EDGE ( 'NONE', *, *, #1866, .F. ) ;
#6296 = DIRECTION ( 'NONE',  ( 1.000000000000000000, -1.262516554967624637E-15, 0.000000000000000000 ) ) ;
#6297 = CARTESIAN_POINT ( 'NONE',  ( -2.527728175868492411, 11.67937860531804972, -3.654908379606684576 ) ) ;
#6298 = MANIFOLD_SOLID_BREP ( 'Housing 1', #2520 ) ;
#6299 = EDGE_LOOP ( 'NONE', ( #5346, #4884, #3037, #8283, #4845, #1518, #1502, #2345, #5761 ) ) ;
#6300 = ORIENTED_EDGE ( 'NONE', *, *, #7506, .F. ) ;
#6301 = EDGE_CURVE ( 'NONE', #3974, #4638, #4197, .T. ) ;
#6302 = EDGE_LOOP ( 'NONE', ( #4868, #844, #6108, #6482 ) ) ;
#6303 =( LENGTH_UNIT ( ) NAMED_UNIT ( * ) SI_UNIT ( .MILLI., .METRE. ) );
#6304 = CARTESIAN_POINT ( 'NONE',  ( 4.119968255444743300E-15, 0.7999999999999599654, -4.100000000000000533 ) ) ;
#6305 = ORIENTED_EDGE ( 'NONE', *, *, #2849, .F. ) ;
#6306 = CARTESIAN_POINT ( 'NONE',  ( 4.800155146973216880, 1.371243476461044291E-15, -4.100000000000000533 ) ) ;
#6307 = APPLICATION_PROTOCOL_DEFINITION ( 'draft international standard', 'automotive_design', 1998, #2810 ) ;
#6308 = FACE_OUTER_BOUND ( 'NONE', #5841, .T. ) ;
#6309 = CARTESIAN_POINT ( 'NONE',  ( 3.362666630423038594, 7.525126265847087659, 7.900000000000000355 ) ) ;
#6310 = ORIENTED_EDGE ( 'NONE', *, *, #2322, .F. ) ;
#6311 = PRODUCT_DEFINITION_SHAPE ( 'NONE', 'NONE',  #8483 ) ;
#6312 = DIRECTION ( 'NONE',  ( 0.000000000000000000, 0.000000000000000000, 1.000000000000000000 ) ) ;
#6313 = UNCERTAINTY_MEASURE_WITH_UNIT (LENGTH_MEASURE( 1.000000000000000082E-05 ), #4612, 'distance_accuracy_value', 'NONE');
#6314 = DIRECTION ( 'NONE',  ( 1.000000000000000000, 0.000000000000000000, 0.000000000000000000 ) ) ;
#6315 = CARTESIAN_POINT ( 'NONE',  ( 0.000000000000000000, 2.799999999999997602, -6.250000000000000000 ) ) ;
#6316 = VECTOR ( 'NONE', #7101, 1000.000000000000000 ) ;
#6317 = VERTEX_POINT ( 'NONE', #4114 ) ;
#6318 = VECTOR ( 'NONE', #7718, 1000.000000000000000 ) ;
#6319 = DIRECTION ( 'NONE',  ( -8.221438274771596517E-17, -1.000000000000000000, 0.000000000000000000 ) ) ;
#6320 = VECTOR ( 'NONE', #5775, 1000.000000000000000 ) ;
#6321 = ORIENTED_EDGE ( 'NONE', *, *, #3829, .T. ) ;
#6322 = ADVANCED_FACE ( 'NONE', ( #6063 ), #240, .F. ) ;
#6323 = CONICAL_SURFACE ( 'NONE', #593, 1.099999999994816902, 0.7853981633974482790 ) ;
#6324 = EDGE_LOOP ( 'NONE', ( #414, #5257, #2870, #8218 ) ) ;
#6325 = EDGE_CURVE ( 'NONE', #7071, #1226, #6147, .T. ) ;
#6327 = MANIFOLD_SOLID_BREP ( 'Front Pins', #2672 ) ;
#6326 = LINE ( 'NONE', #4411, #120 ) ;
#6328 =( NAMED_UNIT ( * ) PLANE_ANGLE_UNIT ( ) SI_UNIT ( $, .RADIAN. ) );
#6329 =( NAMED_UNIT ( * ) SI_UNIT ( $, .STERADIAN. ) SOLID_ANGLE_UNIT ( ) );
#6330 = CARTESIAN_POINT ( 'NONE',  ( -7.299999999999991829, 2.799999999999992717, -4.100000000000000533 ) ) ;
#6331 = CONICAL_SURFACE ( 'NONE', #7699, 0.9999999999999974465, 0.7853981633974504994 ) ;
#6332 = VECTOR ( 'NONE', #6976, 1000.000000000000000 ) ;
#6333 = VECTOR ( 'NONE', #8116, 1000.000000000000000 ) ;
#6334 = EDGE_CURVE ( 'NONE', #1297, #7228, #3670, .T. ) ;
#6335 = PLANE ( 'NONE',  #7979 ) ;
#6336 = EDGE_LOOP ( 'NONE', ( #5178, #3176, #6967, #3968 ) ) ;
#6337 = EDGE_CURVE ( 'NONE', #7668, #7034, #2902, .T. ) ;
#6338 = CARTESIAN_POINT ( 'NONE',  ( 2.474873734152920779, 7.525126265847087659, 7.900000000000000355 ) ) ;
#6339 = LINE ( 'NONE', #2972, #5534 ) ;
#6340 = VECTOR ( 'NONE', #2428, 1000.000000000000000 ) ;
#6341 = ORIENTED_EDGE ( 'NONE', *, *, #1705, .T. ) ;
#6342 = VECTOR ( 'NONE', #5456, 1000.000000000000000 ) ;
#6343 = DIRECTION ( 'NONE',  ( 0.000000000000000000, 0.000000000000000000, -1.000000000000000000 ) ) ;
#6344 = CARTESIAN_POINT ( 'NONE',  ( 9.200000000000001066, 2.799999999999997602, -6.250000000000000000 ) ) ;
#6345 = ORIENTED_EDGE ( 'NONE', *, *, #5515, .T. ) ;
#6346 = CARTESIAN_POINT ( 'NONE',  ( 4.729279221902246810, 5.662282881142664870, -4.100000000000000533 ) ) ;
#6347 =( REPRESENTATION_RELATIONSHIP ('NONE','NONE', #4283, #6028 ) REPRESENTATION_RELATIONSHIP_WITH_TRANSFORMATION ( #7094 )SHAPE_REPRESENTATION_RELATIONSHIP( ) );
#6348 = CARTESIAN_POINT ( 'NONE',  ( 0.5000000000000001110, 5.766395047271569041, 1.100000000000001199 ) ) ;
#6349 = ORIENTED_EDGE ( 'NONE', *, *, #2260, .T. ) ;
#6350 = ORIENTED_EDGE ( 'NONE', *, *, #6857, .F. ) ;
#6351 = CLOSED_SHELL ( 'NONE', ( #6856, #8219, #6259, #7761, #6973, #6535, #7384, #5767, #8031, #2132, #6982, #3992, #7086, #1729, #4104, #7321 ) ) ;
#6352 = EDGE_CURVE ( 'NONE', #3546, #3336, #5552, .T. ) ;
#6353 = CARTESIAN_POINT ( 'NONE',  ( 2.800155146973221765, 4.235050948740416210, -4.100000000000000533 ) ) ;
#6354 = VERTEX_POINT ( 'NONE', #6180 ) ;
#6355 = CARTESIAN_POINT ( 'NONE',  ( -7.699999999999989519, 2.799999999999992717, -4.100000000000000533 ) ) ;
#6356 =( NAMED_UNIT ( * ) SI_UNIT ( $, .STERADIAN. ) SOLID_ANGLE_UNIT ( ) );
#6357 = CARTESIAN_POINT ( 'NONE',  ( 0.000000000000000000, 14.55000000000000071, 6.100000000000001421 ) ) ;
#6358 = VERTEX_POINT ( 'NONE', #8323 ) ;
#6359 = DIRECTION ( 'NONE',  ( 1.000000000000000000, 0.000000000000000000, -0.000000000000000000 ) ) ;
#6360 = VECTOR ( 'NONE', #5927, 1000.000000000000114 ) ;
#6361 = CARTESIAN_POINT ( 'NONE',  ( -4.800155146973217768, 4.235050948740416210, -4.100000000000000533 ) ) ;
#6362 = LINE ( 'NONE', #491, #3467 ) ;
#6363 = AXIS2_PLACEMENT_3D ( 'NONE', #3805, #5801, #3250 ) ;
#6364 = VERTEX_POINT ( 'NONE', #4986 ) ;
#6365 = AXIS2_PLACEMENT_3D ( 'NONE', #3012, #388, #2281 ) ;
#6366 = CARTESIAN_POINT ( 'NONE',  ( 5.199844853026781344, 0.8000000000000012657, -4.100000000000000533 ) ) ;
#6367 = LINE ( 'NONE', #7655, #3609 ) ;
#6368 = PRODUCT_DEFINITION ( 'UNKNOWN', '', #1764, #8082 ) ;
#6369 = DIRECTION ( 'NONE',  ( 0.000000000000000000, 0.000000000000000000, -1.000000000000000000 ) ) ;
#6370 = EDGE_CURVE ( 'NONE', #2283, #7345, #7523, .T. ) ;
#6371 = LINE ( 'NONE', #6315, #599 ) ;
#6372 = AXIS2_PLACEMENT_3D ( 'NONE', #4855, #4223, #3445 ) ;
#6373 = ADVANCED_FACE ( 'NONE', ( #7684 ), #4907, .F. ) ;
#6374 = VERTEX_POINT ( 'NONE', #8167 ) ;
#6375 = DIRECTION ( 'NONE',  ( -0.000000000000000000, -0.000000000000000000, -1.000000000000000000 ) ) ;
#6376 = ORIENTED_EDGE ( 'NONE', *, *, #3019, .F. ) ;
#6377 = AXIS2_PLACEMENT_3D ( 'NONE', #5431, #2863, #8047 ) ;
#6378 = ORIENTED_EDGE ( 'NONE', *, *, #2779, .T. ) ;
#6379 = CARTESIAN_POINT ( 'NONE',  ( 0.000000000000000000, 0.000000000000000000, -6.250000000000000000 ) ) ;
#6380 = DIRECTION ( 'NONE',  ( 1.000000000000000000, 0.000000000000000000, 0.000000000000000000 ) ) ;
#6381 = DIRECTION ( 'NONE',  ( -0.000000000000000000, -0.000000000000000000, 1.000000000000000000 ) ) ;
#6382 = EDGE_CURVE ( 'NONE', #2947, #8415, #7556, .T. ) ;
#6383 = LINE ( 'NONE', #6981, #7169 ) ;
#6384 = EDGE_CURVE ( 'NONE', #5365, #3309, #6267, .T. ) ;
#6385 = DIRECTION ( 'NONE',  ( 0.000000000000000000, 0.000000000000000000, 1.000000000000000000 ) ) ;
#6386 = VERTEX_POINT ( 'NONE', #4358 ) ;
#6387 = DIRECTION ( 'NONE',  ( -0.000000000000000000, -0.000000000000000000, 1.000000000000000000 ) ) ;
#6388 = DIRECTION ( 'NONE',  ( 0.000000000000000000, -0.2588190451025209060, -0.9659258262890683122 ) ) ;
#6389 = ORIENTED_EDGE ( 'NONE', *, *, #3312, .F. ) ;
#6390 = DIRECTION ( 'NONE',  ( 0.000000000000000000, 0.000000000000000000, -1.000000000000000000 ) ) ;
#6391 = CARTESIAN_POINT ( 'NONE',  ( -2.625568880007499217, 10.15344850294593115, 1.100000000000001199 ) ) ;
#6392 = EDGE_CURVE ( 'NONE', #4347, #6179, #3062, .T. ) ;
#6393 = ORIENTED_EDGE ( 'NONE', *, *, #42, .F. ) ;
#6394 = VECTOR ( 'NONE', #93, 1000.000000000000000 ) ;
#6395 = DIRECTION ( 'NONE',  ( 1.000000000000000000, 0.000000000000000000, 0.000000000000000000 ) ) ;
#6396 = DIRECTION ( 'NONE',  ( 0.000000000000000000, 1.000000000000000000, 0.000000000000000000 ) ) ;
#6397 = MANIFOLD_SOLID_BREP ( 'Pin 4', #336 ) ;
#6398 = ADVANCED_FACE ( 'NONE', ( #8456 ), #6871, .T. ) ;
#6399 = VECTOR ( 'NONE', #8055, 1000.000000000000000 ) ;
#6400 = ORIENTED_EDGE ( 'NONE', *, *, #3665, .T. ) ;
#6401 = VERTEX_POINT ( 'NONE', #5113 ) ;
#6402 = DIRECTION ( 'NONE',  ( -1.000000000000000000, -0.000000000000000000, 0.000000000000000000 ) ) ;
#6403 = EDGE_LOOP ( 'NONE', ( #7639, #6779, #4705, #5192 ) ) ;
#6404 = ORIENTED_EDGE ( 'NONE', *, *, #3765, .F. ) ;
#6405 = CARTESIAN_POINT ( 'NONE',  ( 1.602583306773335270, 7.690309912040124374, 1.100000000000001199 ) ) ;
#6406 = PLANE ( 'NONE',  #2866 ) ;
#6407 = ORIENTED_EDGE ( 'NONE', *, *, #2728, .F. ) ;
#6408 = CARTESIAN_POINT ( 'NONE',  ( 0.1998448530267820655, 7.249999999999999112, -6.250000000000000000 ) ) ;
#6409 = CONTEXT_DEPENDENT_SHAPE_REPRESENTATION ( #6951, #6311 ) ;
#6410 = PLANE ( 'NONE',  #5940 ) ;
#6411 = DIRECTION ( 'NONE',  ( 1.000000000000000000, 0.000000000000000000, -0.000000000000000000 ) ) ;
#6412 = EDGE_CURVE ( 'NONE', #5776, #4008, #3844, .T. ) ;
#6413 = ORIENTED_EDGE ( 'NONE', *, *, #8334, .T. ) ;
#6414 = CARTESIAN_POINT ( 'NONE',  ( 2.500000000000000000, 9.147350469337284906, -6.250000000000000000 ) ) ;
#6415 = DIRECTION ( 'NONE',  ( 0.7798598600361773547, 0.6259541506407267919, -0.000000000000000000 ) ) ;
#6416 = CARTESIAN_POINT ( 'NONE',  ( 0.1998448530267793732, 0.8000000000000099254, -5.100000000000001421 ) ) ;
#6417 = VECTOR ( 'NONE', #826, 1000.000000000000227 ) ;
#6418 = VERTEX_POINT ( 'NONE', #7733 ) ;
#6419 = EDGE_CURVE ( 'NONE', #2767, #4202, #7176, .T. ) ;
#6420 = CARTESIAN_POINT ( 'NONE',  ( -0.5000000000000000000, 5.766395047271569929, -3.049120979999346392 ) ) ;
#6421 = EDGE_CURVE ( 'NONE', #1187, #197, #3079, .T. ) ;
#6422 = AXIS2_PLACEMENT_3D ( 'NONE', #643, #5821, #596 ) ;
#6423 = ORIENTED_EDGE ( 'NONE', *, *, #5919, .F. ) ;
#6424 = DIRECTION ( 'NONE',  ( -1.000000000000000000, -8.092595186784930598E-16, 2.168404344971014291E-16 ) ) ;
#6425 = CARTESIAN_POINT ( 'NONE',  ( 0.000000000000000000, 0.000000000000000000, 0.000000000000000000 ) ) ;
#6426 = CARTESIAN_POINT ( 'NONE',  ( -4.800155146973217768, -3.366025403784452141, -6.599999999999996980 ) ) ;
#6427 = DIRECTION ( 'NONE',  ( 0.000000000000000000, 0.000000000000000000, -1.000000000000000000 ) ) ;
#6428 = CARTESIAN_POINT ( 'NONE',  ( 10.00000000000000355, 0.8000000000000024869, 6.100000000000001421 ) ) ;
#6429 = ORIENTED_EDGE ( 'NONE', *, *, #6213, .F. ) ;
#6430 = DIRECTION ( 'NONE',  ( 3.903127820947829373E-15, -1.000000000000000000, 0.000000000000000000 ) ) ;
#6431 = CARTESIAN_POINT ( 'NONE',  ( -6.907811268317345821, 3.989513734881517060, -4.100000000000000533 ) ) ;
#6432 = ORIENTED_EDGE ( 'NONE', *, *, #6352, .F. ) ;
#6433 = CARTESIAN_POINT ( 'NONE',  ( -1.969028027992765439, 8.721166065210621099, -4.100000000000000533 ) ) ;
#6434 = CARTESIAN_POINT ( 'NONE',  ( 2.500000000000000000, 9.947350469337287393, -4.100000000000000533 ) ) ;
#6435 = ORIENTED_EDGE ( 'NONE', *, *, #7528, .F. ) ;
#6436 = CARTESIAN_POINT ( 'NONE',  ( -1.749999999999999778, 8.145363321340250096, -6.250000000000000000 ) ) ;
#6437 = CARTESIAN_POINT ( 'NONE',  ( -5.899999999999999467, 10.00000000000000000, 6.100000000000001421 ) ) ;
#6438 = ORIENTED_EDGE ( 'NONE', *, *, #1625, .F. ) ;
#6439 = ORIENTED_EDGE ( 'NONE', *, *, #1664, .T. ) ;
#6440 = CARTESIAN_POINT ( 'NONE',  ( 2.527728175868495963, 11.67937860531804795, -3.654908379606665481 ) ) ;
#6441 = CARTESIAN_POINT ( 'NONE',  ( 2.280971972007237891, 8.971547725466914258, -4.100000000000000533 ) ) ;
#6442 = ORIENTED_EDGE ( 'NONE', *, *, #1573, .F. ) ;
#6443 = CARTESIAN_POINT ( 'NONE',  ( 1.969028027992764107, 8.721166065210621099, -7.734314575050762031 ) ) ;
#6444 = CARTESIAN_POINT ( 'NONE',  ( 2.280971972007237891, 8.971547725466914258, -4.599999999999999645 ) ) ;
#6445 = EDGE_CURVE ( 'NONE', #1809, #4477, #4654, .T. ) ;
#6446 = CARTESIAN_POINT ( 'NONE',  ( -10.00000000000000178, 21.10000000000000497, 6.100000000000001421 ) ) ;
#6447 = ORIENTED_EDGE ( 'NONE', *, *, #4608, .T. ) ;
#6448 = FACE_OUTER_BOUND ( 'NONE', #1180, .T. ) ;
#6449 = APPLICATION_PROTOCOL_DEFINITION ( 'draft international standard', 'automotive_design', 1998, #4616 ) ;
#6450 = DIRECTION ( 'NONE',  ( 1.000000000000000000, 0.000000000000000000, 0.000000000000000000 ) ) ;
#6451 = DIRECTION ( 'NONE',  ( 1.000000000000000000, 0.000000000000000000, -0.000000000000000000 ) ) ;
#6452 = ORIENTED_EDGE ( 'NONE', *, *, #1527, .T. ) ;
#6453 = ORIENTED_EDGE ( 'NONE', *, *, #6240, .T. ) ;
#6454 = ADVANCED_FACE ( 'NONE', ( #571 ), #5843, .F. ) ;
#6455 = CARTESIAN_POINT ( 'NONE',  ( 0.000000000000000000, 6.999999999999999112, -4.599999999999999645 ) ) ;
#6456 = EDGE_CURVE ( 'NONE', #1050, #2651, #5202, .T. ) ;
#6457 = CARTESIAN_POINT ( 'NONE',  ( -3.334816353806960176, 10.87229042737958196, 1.100000000000001199 ) ) ;
#6458 = LINE ( 'NONE', #7788, #7697 ) ;
#6459 = ORIENTED_EDGE ( 'NONE', *, *, #8379, .T. ) ;
#6460 = DIRECTION ( 'NONE',  ( 1.000000000000000000, 0.000000000000000000, 0.000000000000000000 ) ) ;
#6461 = ORIENTED_EDGE ( 'NONE', *, *, #2198, .T. ) ;
#6463 = MANIFOLD_SOLID_BREP ( 'Housing 2', #3627 ) ;
#6462 = CARTESIAN_POINT ( 'NONE',  ( -7.699999999999989519, 2.799999999999990941, -4.100000000000000533 ) ) ;
#6464 = FACE_OUTER_BOUND ( 'NONE', #8145, .T. ) ;
#6465 = AXIS2_PLACEMENT_3D ( 'NONE', #6156, #8296, #4948 ) ;
#6466 = CARTESIAN_POINT ( 'NONE',  ( 7.299999999999999822, 2.799999999999997602, -4.100000000000000533 ) ) ;
#6467 = VECTOR ( 'NONE', #6529, 1000.000000000000114 ) ;
#6468 = VECTOR ( 'NONE', #8428, 1000.000000000000000 ) ;
#6469 = LINE ( 'NONE', #6428, #2924 ) ;
#6470 = ORIENTED_EDGE ( 'NONE', *, *, #4205, .F. ) ;
#6471 = DIRECTION ( 'NONE',  ( 1.000000000000000000, 0.000000000000000000, 0.000000000000000000 ) ) ;
#6472 = DIRECTION ( 'NONE',  ( 0.7071067811865487940, -0.7071067811865463515, 0.000000000000000000 ) ) ;
#6473 = EDGE_LOOP ( 'NONE', ( #2763, #1135, #3098, #7549, #7856 ) ) ;
#6474 = LINE ( 'NONE', #3963, #3086 ) ;
#6475 = CARTESIAN_POINT ( 'NONE',  ( 2.812186117670662622, 10.19792651016505580, -4.100000000000000533 ) ) ;
#6476 = ORIENTED_EDGE ( 'NONE', *, *, #5197, .T. ) ;
#6477 = VECTOR ( 'NONE', #5836, 1000.000000000000000 ) ;
#6478 = VECTOR ( 'NONE', #5177, 1000.000000000000000 ) ;
#6479 = CARTESIAN_POINT ( 'NONE',  ( 0.000000000000000000, 6.999999999999999112, 1.100000000000001199 ) ) ;
#6480 = VECTOR ( 'NONE', #7354, 999.9999999999998863 ) ;
#6481 = CARTESIAN_POINT ( 'NONE',  ( 0.5000000000000000000, 5.766395047271569041, 7.900000000000000355 ) ) ;
#6482 = ORIENTED_EDGE ( 'NONE', *, *, #5452, .T. ) ;
#6483 = EDGE_CURVE ( 'NONE', #3357, #2690, #3802, .T. ) ;
#6484 = VECTOR ( 'NONE', #3433, 1000.000000000000000 ) ;
#6485 = DIRECTION ( 'NONE',  ( 0.7071067811865463515, -0.7071067811865486830, 0.000000000000000000 ) ) ;
#6486 = CIRCLE ( 'NONE', #869, 8.000000000000000000 ) ;
#6487 = DIRECTION ( 'NONE',  ( 0.000000000000000000, 1.000000000000000000, -0.000000000000000000 ) ) ;
#6488 = AXIS2_PLACEMENT_3D ( 'NONE', #1233, #576, #441 ) ;
#6489 = EDGE_LOOP ( 'NONE', ( #2860, #692, #3918, #6018, #3245 ) ) ;
#6490 = ORIENTED_EDGE ( 'NONE', *, *, #2873, .F. ) ;
#6491 = CARTESIAN_POINT ( 'NONE',  ( -7.699999999999989519, 0.000000000000000000, -4.100000000000000533 ) ) ;
#6492 = CARTESIAN_POINT ( 'NONE',  ( -3.499999999999998668, 9.999999999999998224, 1.100000000000001199 ) ) ;
#6493 = VERTEX_POINT ( 'NONE', #621 ) ;
#6494 = FACE_OUTER_BOUND ( 'NONE', #3997, .T. ) ;
#6495 = DIRECTION ( 'NONE',  ( 0.7798598600361769106, -0.6259541506407273470, 0.000000000000000000 ) ) ;
#6496 = LINE ( 'NONE', #5720, #4288 ) ;
#6497 = EDGE_CURVE ( 'NONE', #694, #5447, #2632, .T. ) ;
#6498 = VECTOR ( 'NONE', #912, 1000.000000000000114 ) ;
#6499 = ORIENTED_EDGE ( 'NONE', *, *, #6134, .F. ) ;
#6500 = ORIENTED_EDGE ( 'NONE', *, *, #1106, .F. ) ;
#6501 = EDGE_CURVE ( 'NONE', #5, #2878, #666, .T. ) ;
#6502 = EDGE_CURVE ( 'NONE', #4765, #2066, #8149, .T. ) ;
#6503 = MANIFOLD_SOLID_BREP ( 'Pin 5', #6351 ) ;
#6504 = VECTOR ( 'NONE', #7220, 1000.000000000000000 ) ;
#6505 = LINE ( 'NONE', #1332, #921 ) ;
#6506 = VECTOR ( 'NONE', #3152, 1000.000000000000000 ) ;
#6507 = DIRECTION ( 'NONE',  ( -0.5947568674407586187, -0.8039056341586715559, 0.000000000000000000 ) ) ;
#6508 = LINE ( 'NONE', #3814, #6316 ) ;
#6509 = EDGE_CURVE ( 'NONE', #2288, #7085, #5809, .T. ) ;
#6510 = VECTOR ( 'NONE', #1718, 1000.000000000000000 ) ;
#6511 = ORIENTED_EDGE ( 'NONE', *, *, #5982, .T. ) ;
#6512 = EDGE_CURVE ( 'NONE', #5337, #5882, #900, .T. ) ;
#6513 = AXIS2_PLACEMENT_3D ( 'NONE', #7648, #1188, #3195 ) ;
#6514 = CARTESIAN_POINT ( 'NONE',  ( 4.372290427379586397, 9.834816353806962397, 1.100000000000001199 ) ) ;
#6515 = CARTESIAN_POINT ( 'NONE',  ( 3.362666630423038594, 7.525126265847087659, -3.654908379606660596 ) ) ;
#6516 =( NAMED_UNIT ( * ) SI_UNIT ( $, .STERADIAN. ) SOLID_ANGLE_UNIT ( ) );
#6517 = VECTOR ( 'NONE', #7895, 1000.000000000000000 ) ;
#6518 = DIRECTION ( 'NONE',  ( -1.000000000000000000, -1.836970198721029441E-16, 0.000000000000000000 ) ) ;
#6519 = ORIENTED_EDGE ( 'NONE', *, *, #3029, .T. ) ;
#6520 = PLANE ( 'NONE',  #1676 ) ;
#6521 = ORIENTED_EDGE ( 'NONE', *, *, #1533, .T. ) ;
#6522 = CARTESIAN_POINT ( 'NONE',  ( 0.000000000000000000, 19.50000000000000000, 7.900000000000000355 ) ) ;
#6523 = CARTESIAN_POINT ( 'NONE',  ( -6.907811268317345821, 3.989513734881517060, -4.100000000000000533 ) ) ;
#6524 = EDGE_LOOP ( 'NONE', ( #2221, #5379, #5402, #5168 ) ) ;
#6525 = DIRECTION ( 'NONE',  ( 1.000000000000000000, 0.000000000000000000, 0.000000000000000000 ) ) ;
#6526 = DIRECTION ( 'NONE',  ( 0.000000000000000000, 0.000000000000000000, 1.000000000000000000 ) ) ;
#6527 = VERTEX_POINT ( 'NONE', #4687 ) ;
#6528 = PLANE ( 'NONE',  #6760 ) ;
#6529 = DIRECTION ( 'NONE',  ( -0.5947568674407587297, 0.8039056341586714449, 0.000000000000000000 ) ) ;
#6530 = ORIENTED_EDGE ( 'NONE', *, *, #7534, .T. ) ;
#6531 = CARTESIAN_POINT ( 'NONE',  ( 2.800155146973221765, 4.235050948740416210, -7.900000000000000355 ) ) ;
#6532 = CARTESIAN_POINT ( 'NONE',  ( 2.640057380345958382, 6.652835838467504814, -3.654908379606660596 ) ) ;
#6533 = EDGE_CURVE ( 'NONE', #5336, #3562, #2761, .T. ) ;
#6534 = VERTEX_POINT ( 'NONE', #4858 ) ;
#6535 = ADVANCED_FACE ( 'NONE', ( #6740 ), #5496, .T. ) ;
#6536 = CARTESIAN_POINT ( 'NONE',  ( -0.5000000000000000000, 8.375000000000001776, 1.100000000000001199 ) ) ;
#6537 =( NAMED_UNIT ( * ) PLANE_ANGLE_UNIT ( ) SI_UNIT ( $, .RADIAN. ) );
#6538 = CIRCLE ( 'NONE', #5586, 0.8877928962701172599 ) ;
#6539 = CARTESIAN_POINT ( 'NONE',  ( 3.447145558284426148, 5.845747660529039713, -3.654908379606660596 ) ) ;
#6540 = ORIENTED_EDGE ( 'NONE', *, *, #2685, .F. ) ;
#6541 = DIRECTION ( 'NONE',  ( 1.000000000000000000, -3.356920930870729537E-16, 0.000000000000000000 ) ) ;
#6542 = LINE ( 'NONE', #7265, #3620 ) ;
#6543 = CARTESIAN_POINT ( 'NONE',  ( -0.9999999999999995559, 1.500000000000000444, 7.900000000000000355 ) ) ;
#6544 = CARTESIAN_POINT ( 'NONE',  ( 0.1998448530267822598, 7.249999999999999112, -4.100000000000000533 ) ) ;
#6545 = ORIENTED_EDGE ( 'NONE', *, *, #4184, .F. ) ;
#6546 = ORIENTED_EDGE ( 'NONE', *, *, #2528, .T. ) ;
#6547 = VERTEX_POINT ( 'NONE', #1440 ) ;
#6548 = DIRECTION ( 'NONE',  ( -0.000000000000000000, -1.000000000000000000, 0.000000000000000000 ) ) ;
#6549 = DIRECTION ( 'NONE',  ( -0.000000000000000000, -0.000000000000000000, 1.000000000000000000 ) ) ;
#6550 = LINE ( 'NONE', #3209, #3887 ) ;
#6551 = VERTEX_POINT ( 'NONE', #1393 ) ;
#6552 = VECTOR ( 'NONE', #3980, 1000.000000000000000 ) ;
#6553 = LINE ( 'NONE', #3217, #1007 ) ;
#6554 = ADVANCED_FACE ( 'NONE', ( #793 ), #2070, .F. ) ;
#6555 = LINE ( 'NONE', #2176, #5576 ) ;
#6556 = VECTOR ( 'NONE', #7806, 1000.000000000000000 ) ;
#6557 = EDGE_CURVE ( 'NONE', #6534, #1845, #2197, .T. ) ;
#6558 = LINE ( 'NONE', #7108, #2085 ) ;
#6559 = DIRECTION ( 'NONE',  ( -0.6259541506407273470, 0.7798598600361770217, 0.000000000000000000 ) ) ;
#6560 = EDGE_LOOP ( 'NONE', ( #1785, #1506, #5808, #4786 ) ) ;
#6561 = VECTOR ( 'NONE', #168, 1000.000000000000000 ) ;
#6562 = CARTESIAN_POINT ( 'NONE',  ( 4.729279221902245922, 5.662282881142665758, -4.599999999999999645 ) ) ;
#6563 = ORIENTED_EDGE ( 'NONE', *, *, #1970, .T. ) ;
#6564 = CARTESIAN_POINT ( 'NONE',  ( 0.000000000000000000, 10.00000000000000000, 1.100000000000001199 ) ) ;
#6565 = LINE ( 'NONE', #697, #4309 ) ;
#6566 = ORIENTED_EDGE ( 'NONE', *, *, #5862, .T. ) ;
#6567 = CARTESIAN_POINT ( 'NONE',  ( 7.300000000000000711, 0.8000000000000020428, -4.100000000000000533 ) ) ;
#6568 = EDGE_CURVE ( 'NONE', #1423, #3693, #3498, .T. ) ;
#6569 = DIRECTION ( 'NONE',  ( 1.000000000000000000, 0.000000000000000000, 0.000000000000000000 ) ) ;
#6570 = VERTEX_POINT ( 'NONE', #7305 ) ;
#6571 = PRODUCT_DEFINITION_FORMATION_WITH_SPECIFIED_SOURCE ( 'ANY', '', #7333, .NOT_KNOWN. ) ;
#6572 = CARTESIAN_POINT ( 'NONE',  ( 5.199844853026776903, 0.8000000000000051514, -6.599999999999997868 ) ) ;
#6573 = ORIENTED_EDGE ( 'NONE', *, *, #1656, .F. ) ;
#6574 = CARTESIAN_POINT ( 'NONE',  ( -1.626303258728258870E-16, 1.500000000000001998, 5.300000000000000711 ) ) ;
#6575 = CARTESIAN_POINT ( 'NONE',  ( 4.800155146973220432, 2.799999999999997602, -4.100000000000000533 ) ) ;
#6576 = ORIENTED_EDGE ( 'NONE', *, *, #5508, .F. ) ;
#6577 = SURFACE_STYLE_FILL_AREA ( #8413 ) ;
#6578 = CARTESIAN_POINT ( 'NONE',  ( 4.800155146973222209, 4.235050948740415322, -4.100000000000000533 ) ) ;
#6579 = ORIENTED_EDGE ( 'NONE', *, *, #6085, .T. ) ;
#6580 = CARTESIAN_POINT ( 'NONE',  ( -4.407966415290564655, 5.424564683621931671, -7.900000000000000355 ) ) ;
#6581 = DIRECTION ( 'NONE',  ( -0.5947568674407587297, -0.8039056341586714449, 0.000000000000000000 ) ) ;
#6582 = DIRECTION ( 'NONE',  ( -0.000000000000000000, -0.000000000000000000, 1.000000000000000000 ) ) ;
#6583 = VERTEX_POINT ( 'NONE', #5366 ) ;
#6584 = EDGE_LOOP ( 'NONE', ( #8412, #3148, #6806, #8430, #2251, #4431, #1521 ) ) ;
#6585 = APPLICATION_CONTEXT ( 'automotive_design' ) ;
#6586 = EDGE_LOOP ( 'NONE', ( #5851, #6863, #4938, #1931 ) ) ;
#6587 = FACE_OUTER_BOUND ( 'NONE', #418, .T. ) ;
#6588 = CARTESIAN_POINT ( 'NONE',  ( 2.500000000000000000, 0.000000000000000000, -6.250000000000000000 ) ) ;
#6589 = FACE_BOUND ( 'NONE', #6916, .T. ) ;
#6590 = EDGE_CURVE ( 'NONE', #7630, #177, #6664, .T. ) ;
#6591 = ORIENTED_EDGE ( 'NONE', *, *, #6026, .T. ) ;
#6592 = EDGE_CURVE ( 'NONE', #2627, #1686, #4013, .T. ) ;
#6593 = LINE ( 'NONE', #5991, #2514 ) ;
#6594 = LINE ( 'NONE', #727, #4362 ) ;
#6595 = DIRECTION ( 'NONE',  ( 0.000000000000000000, 0.000000000000000000, 1.000000000000000000 ) ) ;
#6596 = LINE ( 'NONE', #7243, #7025 ) ;
#6597 = ORIENTED_EDGE ( 'NONE', *, *, #695, .F. ) ;
#6598 = EDGE_CURVE ( 'NONE', #7553, #41, #5458, .T. ) ;
#6599 = DIRECTION ( 'NONE',  ( -1.000000000000000000, 0.000000000000000000, 0.000000000000000000 ) ) ;
#6600 = EDGE_CURVE ( 'NONE', #518, #1515, #2393, .T. ) ;
#6601 = ORIENTED_EDGE ( 'NONE', *, *, #6125, .F. ) ;
#6602 = FACE_OUTER_BOUND ( 'NONE', #1084, .T. ) ;
#6603 = CARTESIAN_POINT ( 'NONE',  ( 7.300000000000000711, 0.000000000000000000, -4.100000000000000533 ) ) ;
#6604 = VECTOR ( 'NONE', #817, 1000.000000000000000 ) ;
#6605 = EDGE_LOOP ( 'NONE', ( #1604, #7827, #4631, #7897 ) ) ;
#6606 = DIRECTION ( 'NONE',  ( -0.5947568674407583966, 0.8039056341586717780, 0.000000000000000000 ) ) ;
#6607 = DIRECTION ( 'NONE',  ( 0.7798598600361810185, 0.6259541506407223510, 0.000000000000000000 ) ) ;
#6608 = CARTESIAN_POINT ( 'NONE',  ( 9.199999999999997513, 0.8000000000000023759, -4.599999999999999645 ) ) ;
#6609 = EDGE_CURVE ( 'NONE', #8155, #1, #3375, .T. ) ;
#6610 = VECTOR ( 'NONE', #5076, 1000.000000000000000 ) ;
#6611 = VERTEX_POINT ( 'NONE', #99 ) ;
#6612 = EDGE_CURVE ( 'NONE', #5890, #2809, #2723, .T. ) ;
#6613 = CARTESIAN_POINT ( 'NONE',  ( -0.5000000000000000000, 4.625000000000001776, 7.900000000000000355 ) ) ;
#6614 = DIRECTION ( 'NONE',  ( 1.218676860545722770E-16, 1.000000000000000000, -0.000000000000000000 ) ) ;
#6615 = VECTOR ( 'NONE', #3236, 1000.000000000000000 ) ;
#6616 = VERTEX_POINT ( 'NONE', #179 ) ;
#6617 = VECTOR ( 'NONE', #2318, 1000.000000000000000 ) ;
#6618 = CARTESIAN_POINT ( 'NONE',  ( -5.299999999999990941, 2.799999999999992717, -4.599999999999999645 ) ) ;
#6619 = DIRECTION ( 'NONE',  ( 0.7071067811865463515, -0.7071067811865486830, 0.000000000000000000 ) ) ;
#6620 = ORIENTED_EDGE ( 'NONE', *, *, #1576, .T. ) ;
#6621 = VECTOR ( 'NONE', #5850, 1000.000000000000000 ) ;
#6622 = DIRECTION ( 'NONE',  ( -1.000000000000000000, -2.466431482431479202E-16, 0.000000000000000000 ) ) ;
#6623 = DIRECTION ( 'NONE',  ( 0.000000000000000000, -0.000000000000000000, -1.000000000000000000 ) ) ;
#6624 = LINE ( 'NONE', #6017, #3493 ) ;
#6625 = AXIS2_PLACEMENT_3D ( 'NONE', #6466, #5352, #2573 ) ;
#6626 = AXIS2_PLACEMENT_3D ( 'NONE', #2914, #5524, #2343 ) ;
#6627 = ORIENTED_EDGE ( 'NONE', *, *, #2420, .T. ) ;
#6628 = ORIENTED_EDGE ( 'NONE', *, *, #8264, .T. ) ;
#6629 = EDGE_CURVE ( 'NONE', #5469, #91, #8015, .T. ) ;
#6630 = VECTOR ( 'NONE', #6666, 1000.000000000000000 ) ;
#6631 = AXIS2_PLACEMENT_3D ( 'NONE', #7965, #7458, #1104 ) ;
#6632 = ORIENTED_EDGE ( 'NONE', *, *, #8255, .F. ) ;
#6633 = DIRECTION ( 'NONE',  ( 0.000000000000000000, -0.000000000000000000, 1.000000000000000000 ) ) ;
#6634 = VECTOR ( 'NONE', #4371, 1000.000000000000000 ) ;
#6635 = DIRECTION ( 'NONE',  ( -0.000000000000000000, -0.000000000000000000, 1.000000000000000000 ) ) ;
#6636 = AXIS2_PLACEMENT_3D ( 'NONE', #8094, #1181, #6116 ) ;
#6637 = FACE_OUTER_BOUND ( 'NONE', #286, .T. ) ;
#6638 = EDGE_LOOP ( 'NONE', ( #929, #5503, #357, #4908, #4491, #7728, #4315, #24 ) ) ;
#6639 = DIRECTION ( 'NONE',  ( -1.000000000000000000, -1.836970198721029441E-16, -0.000000000000000000 ) ) ;
#6640 = ADVANCED_FACE ( 'NONE', ( #962, #2357 ), #4973, .F. ) ;
#6641 = DIRECTION ( 'NONE',  ( 0.000000000000000000, -0.2588190451025216277, 0.9659258262890679791 ) ) ;
#6642 = APPLICATION_PROTOCOL_DEFINITION ( 'draft international standard', 'automotive_design', 1998, #4984 ) ;
#6643 = DIRECTION ( 'NONE',  ( -4.096110051504215558E-16, 1.000000000000000000, -0.000000000000000000 ) ) ;
#6644 = AXIS2_PLACEMENT_3D ( 'NONE', #4813, #7433, #5419 ) ;
#6645 = DIRECTION ( 'NONE',  ( 0.000000000000000000, -1.000000000000000000, 0.000000000000000000 ) ) ;
#6646 = ADVANCED_FACE ( 'NONE', ( #4261 ), #6946, .F. ) ;
#6647 = PRESENTATION_LAYER_ASSIGNMENT (  '', '', ( #1844 ) ) ;
#6648 = ORIENTED_EDGE ( 'NONE', *, *, #5195, .T. ) ;
#6649 = PRODUCT ( 'SDS-50J_1', 'SDS-50J_1', '', ( #4363 ) ) ;
#6650 = DIRECTION ( 'NONE',  ( 0.000000000000000000, 0.000000000000000000, 1.000000000000000000 ) ) ;
#6651 = ORIENTED_EDGE ( 'NONE', *, *, #5236, .T. ) ;
#6652 = CARTESIAN_POINT ( 'NONE',  ( 7.300000000000000711, 0.000000000000000000, -4.100000000000000533 ) ) ;
#6653 = CARTESIAN_POINT ( 'NONE',  ( 0.8999999999999998002, -2.686867906278003770E-15, -2.799999999999999822 ) ) ;
#6654 = ORIENTED_EDGE ( 'NONE', *, *, #2302, .F. ) ;
#6655 = ADVANCED_FACE ( 'NONE', ( #7475 ), #2321, .F. ) ;
#6656 = LINE ( 'NONE', #784, #6417 ) ;
#6657 = DIRECTION ( 'NONE',  ( -0.000000000000000000, -0.000000000000000000, -1.000000000000000000 ) ) ;
#6658 = EDGE_CURVE ( 'NONE', #6493, #4553, #1602, .T. ) ;
#6659 = CIRCLE ( 'NONE', #632, 0.9999999999999974465 ) ;
#6660 = ORIENTED_EDGE ( 'NONE', *, *, #3295, .T. ) ;
#6661 = LINE ( 'NONE', #224, #5285 ) ;
#6662 = CARTESIAN_POINT ( 'NONE',  ( -2.999999999999999112, -2.999999999999999556, 5.500000000000000888 ) ) ;
#6663 = VERTEX_POINT ( 'NONE', #3572 ) ;
#6664 = LINE ( 'NONE', #1559, #7196 ) ;
#6665 = CARTESIAN_POINT ( 'NONE',  ( 5.199844853026787561, -3.500000000000000888, -7.099999999999998757 ) ) ;
#6666 = DIRECTION ( 'NONE',  ( -0.000000000000000000, -0.000000000000000000, -1.000000000000000000 ) ) ;
#6667 = EDGE_CURVE ( 'NONE', #8303, #7168, #2445, .T. ) ;
#6668 = FACE_OUTER_BOUND ( 'NONE', #2581, .T. ) ;
#6669 = CARTESIAN_POINT ( 'NONE',  ( 2.474873734152920779, 7.525126265847087659, 7.900000000000000355 ) ) ;
#6670 = ORIENTED_EDGE ( 'NONE', *, *, #1386, .F. ) ;
#6671 = ORIENTED_EDGE ( 'NONE', *, *, #2133, .T. ) ;
#6672 = ORIENTED_EDGE ( 'NONE', *, *, #6419, .T. ) ;
#6673 = CARTESIAN_POINT ( 'NONE',  ( -3.499999999999998668, 9.999999999999998224, 7.900000000000000355 ) ) ;
#6674 = FACE_OUTER_BOUND ( 'NONE', #7360, .T. ) ;
#6675 = EDGE_CURVE ( 'NONE', #5882, #3626, #4731, .T. ) ;
#6676 = DIRECTION ( 'NONE',  ( 0.000000000000000000, 0.000000000000000000, -1.000000000000000000 ) ) ;
#6677 = VECTOR ( 'NONE', #1795, 1000.000000000000000 ) ;
#6678 = ORIENTED_EDGE ( 'NONE', *, *, #1538, .T. ) ;
#6679 = VECTOR ( 'NONE', #28, 1000.000000000000000 ) ;
#6680 = PLANE ( 'NONE',  #7026 ) ;
#6681 = DIRECTION ( 'NONE',  ( -1.000000000000000000, 2.602085213965210247E-15, 0.000000000000000000 ) ) ;
#6682 = FACE_OUTER_BOUND ( 'NONE', #7382, .T. ) ;
#6683 = CARTESIAN_POINT ( 'NONE',  ( 0.1998448530267822598, 0.000000000000000000, -4.599999999999999645 ) ) ;
#6684 = AXIS2_PLACEMENT_3D ( 'NONE', #3541, #7434, #837 ) ;
#6685 = VERTEX_POINT ( 'NONE', #1082 ) ;
#6686 = EDGE_CURVE ( 'NONE', #4553, #1553, #5015, .T. ) ;
#6687 = ADVANCED_FACE ( 'NONE', ( #3099 ), #3704, .F. ) ;
#6688 = LINE ( 'NONE', #4800, #7018 ) ;
#6689 = ORIENTED_EDGE ( 'NONE', *, *, #4733, .F. ) ;
#6690 = CARTESIAN_POINT ( 'NONE',  ( 2.999999999999999556, 1.500000000000002220, 5.300000000000000711 ) ) ;
#6691 = CARTESIAN_POINT ( 'NONE',  ( -7.299999999999991829, 2.799999999999991829, -4.100000000000000533 ) ) ;
#6692 = ORIENTED_EDGE ( 'NONE', *, *, #4587, .F. ) ;
#6693 = DIRECTION ( 'NONE',  ( -1.675614206915940459E-15, 0.2588190451025209060, 0.9659258262890683122 ) ) ;
#6694 = CARTESIAN_POINT ( 'NONE',  ( -4.154252339470971833, 6.552854441715587619, -3.654908379606660596 ) ) ;
#6695 = DIRECTION ( 'NONE',  ( 1.000000000000000000, 2.891205793294678819E-16, 0.000000000000000000 ) ) ;
#6696 = VECTOR ( 'NONE', #2795, 1000.000000000000000 ) ;
#6697 = AXIS2_PLACEMENT_3D ( 'NONE', #6819, #2968, #2394 ) ;
#6698 = ADVANCED_FACE ( 'NONE', ( #3047 ), #5542, .F. ) ;
#6699 = VERTEX_POINT ( 'NONE', #4301 ) ;
#6700 = FACE_OUTER_BOUND ( 'NONE', #6560, .T. ) ;
#6701 = PLANE ( 'NONE',  #5946 ) ;
#6702 = ORIENTED_EDGE ( 'NONE', *, *, #8177, .T. ) ;
#6703 = AXIS2_PLACEMENT_3D ( 'NONE', #1746, #7328, #7928 ) ;
#6704 = DIRECTION ( 'NONE',  ( -0.000000000000000000, -1.000000000000000000, 0.000000000000000000 ) ) ;
#6705 = CARTESIAN_POINT ( 'NONE',  ( 0.1998448530267813716, -2.435462980828992484E-17, -6.250000000000000000 ) ) ;
#6706 = ORIENTED_EDGE ( 'NONE', *, *, #3656, .T. ) ;
#6707 = FACE_OUTER_BOUND ( 'NONE', #6605, .T. ) ;
#6708 = FACE_OUTER_BOUND ( 'NONE', #4623, .T. ) ;
#6709 = UNCERTAINTY_MEASURE_WITH_UNIT (LENGTH_MEASURE( 1.000000000000000082E-05 ), #3819, 'distance_accuracy_value', 'NONE');
#6710 = CARTESIAN_POINT ( 'NONE',  ( 3.500000000000002220, 9.999999999999998224, 1.100000000000001199 ) ) ;
#6711 = VERTEX_POINT ( 'NONE', #6255 ) ;
#6712 = VERTEX_POINT ( 'NONE', #1639 ) ;
#6713 = EDGE_CURVE ( 'NONE', #2498, #4366, #5658, .T. ) ;
#6714 = ORIENTED_EDGE ( 'NONE', *, *, #5183, .F. ) ;
#6715 = CARTESIAN_POINT ( 'NONE',  ( -0.5000000000000000000, 7.233604952728432735, -3.049120979999346392 ) ) ;
#6716 = LINE ( 'NONE', #4752, #616 ) ;
#6717 = CARTESIAN_POINT ( 'NONE',  ( -2.999999999999999556, 1.500000000000000888, 5.300000000000000711 ) ) ;
#6718 = ORIENTED_EDGE ( 'NONE', *, *, #7491, .F. ) ;
#6719 = EDGE_CURVE ( 'NONE', #7720, #1158, #207, .T. ) ;
#6720 = EDGE_CURVE ( 'NONE', #7138, #5615, #3617, .T. ) ;
#6721 = DIRECTION ( 'NONE',  ( -0.000000000000000000, -1.000000000000000000, 0.000000000000000000 ) ) ;
#6722 = DIRECTION ( 'NONE',  ( 0.000000000000000000, 0.000000000000000000, 1.000000000000000000 ) ) ;
#6723 = CARTESIAN_POINT ( 'NONE',  ( 0.000000000000000000, 0.000000000000000000, 0.000000000000000000 ) ) ;
#6724 = DIRECTION ( 'NONE',  ( -0.7798598600361770217, 0.6259541506407273470, 0.000000000000000000 ) ) ;
#6725 = CARTESIAN_POINT ( 'NONE',  ( -6.693333656463235748, 4.951957032146045101, -4.100000000000000533 ) ) ;
#6726 = EDGE_CURVE ( 'NONE', #678, #7065, #1995, .T. ) ;
#6727 = VERTEX_POINT ( 'NONE', #1122 ) ;
#6728 = DIRECTION ( 'NONE',  ( -0.7798598600361789090, -0.6259541506407250155, -0.000000000000000000 ) ) ;
#6729 = EDGE_LOOP ( 'NONE', ( #7213, #1257, #1192, #6860, #3873 ) ) ;
#6730 = CARTESIAN_POINT ( 'NONE',  ( -8.609923976848167015, 5.985126513463341347, 7.900000000000000355 ) ) ;
#6731 = LINE ( 'NONE', #2883, #1024 ) ;
#6732 = VERTEX_POINT ( 'NONE', #2974 ) ;
#6733 = FACE_OUTER_BOUND ( 'NONE', #6906, .T. ) ;
#6734 = LINE ( 'NONE', #5931, #8422 ) ;
#6735 = CARTESIAN_POINT ( 'NONE',  ( -5.199844853026781344, 0.7999999999999988232, -4.599999999999999645 ) ) ;
#6736 = ORIENTED_EDGE ( 'NONE', *, *, #3822, .T. ) ;
#6737 = CARTESIAN_POINT ( 'NONE',  ( -2.474873734152920779, 7.525126265847087659, 1.100000000000001199 ) ) ;
#6738 = PLANE ( 'NONE',  #4180 ) ;
#6739 = ORIENTED_EDGE ( 'NONE', *, *, #1933, .F. ) ;
#6740 = FACE_OUTER_BOUND ( 'NONE', #71, .T. ) ;
#6741 = DIRECTION ( 'NONE',  ( -0.000000000000000000, -0.000000000000000000, 1.000000000000000000 ) ) ;
#6742 = ORIENTED_EDGE ( 'NONE', *, *, #4389, .T. ) ;
#6743 = LINE ( 'NONE', #5461, #6333 ) ;
#6744 = DIRECTION ( 'NONE',  ( -0.000000000000000000, 0.000000000000000000, 1.000000000000000000 ) ) ;
#6745 = PRODUCT_DEFINITION_CONTEXT ( 'detailed design', #2522, 'design' ) ;
#6746 = AXIS2_PLACEMENT_3D ( 'NONE', #1150, #5900, #6369 ) ;
#6747 = LINE ( 'NONE', #2122, #6208 ) ;
#6748 = EDGE_CURVE ( 'NONE', #6945, #4585, #5579, .T. ) ;
#6749 = ORIENTED_EDGE ( 'NONE', *, *, #3979, .T. ) ;
#6750 = VERTEX_POINT ( 'NONE', #1043 ) ;
#6751 = VECTOR ( 'NONE', #3827, 1000.000000000000000 ) ;
#6752 = AXIS2_PLACEMENT_3D ( 'NONE', #3008, #6212, #348 ) ;
#6753 = AXIS2_PLACEMENT_3D ( 'NONE', #6103, #3502, #1523 ) ;
#6754 = ORIENTED_EDGE ( 'NONE', *, *, #6004, .T. ) ;
#6755 = DIRECTION ( 'NONE',  ( -1.000000000000000000, 0.000000000000000000, 0.000000000000000000 ) ) ;
#6756 = DIRECTION ( 'NONE',  ( -0.000000000000000000, -0.000000000000000000, 1.000000000000000000 ) ) ;
#6757 = EDGE_CURVE ( 'NONE', #7539, #3362, #6474, .T. ) ;
#6758 = DIRECTION ( 'NONE',  ( -2.971233746154280690E-32, 1.204669080539449097E-16, -1.000000000000000000 ) ) ;
#6759 = CARTESIAN_POINT ( 'NONE',  ( 0.8749999999999983347, -1.078101158303108245E-16, 7.900000000000000355 ) ) ;
#6760 = AXIS2_PLACEMENT_3D ( 'NONE', #6003, #4605, #7215 ) ;
#6761 = VECTOR ( 'NONE', #5003, 1000.000000000000000 ) ;
#6762 = EDGE_CURVE ( 'NONE', #5427, #2825, #2686, .T. ) ;
#6763 = VECTOR ( 'NONE', #2212, 1000.000000000000000 ) ;
#6764 = EDGE_CURVE ( 'NONE', #1489, #1868, #2126, .T. ) ;
#6765 = ORIENTED_EDGE ( 'NONE', *, *, #805, .T. ) ;
#6766 = DIRECTION ( 'NONE',  ( 2.891205793294678819E-16, -1.000000000000000000, 0.000000000000000000 ) ) ;
#6767 = VECTOR ( 'NONE', #2629, 1000.000000000000000 ) ;
#6768 = CARTESIAN_POINT ( 'NONE',  ( -7.000000000000000888, 10.00000000000000000, 6.100000000000001421 ) ) ;
#6769 = CARTESIAN_POINT ( 'NONE',  ( -4.472271824131504481, 8.320621394681950278, 1.100000000000001199 ) ) ;
#6770 = CARTESIAN_POINT ( 'NONE',  ( 3.447145558284426148, 5.845747660529039713, 1.100000000000001199 ) ) ;
#6771 = EDGE_CURVE ( 'NONE', #3631, #2523, #4551, .T. ) ;
#6772 = STYLED_ITEM ( 'NONE', ( #356 ), #3683 ) ;
#6773 = ORIENTED_EDGE ( 'NONE', *, *, #4980, .F. ) ;
#6774 = AXIS2_PLACEMENT_3D ( 'NONE', #3301, #6064, #720 ) ;
#6775 = CARTESIAN_POINT ( 'NONE',  ( 0.1998448530267822598, 7.249999999999999112, -4.099999999999999645 ) ) ;
#6776 = VERTEX_POINT ( 'NONE', #1255 ) ;
#6777 = DIRECTION ( 'NONE',  ( 1.000000000000000000, -0.000000000000000000, 0.000000000000000000 ) ) ;
#6778 = DIRECTION ( 'NONE',  ( 1.000000000000000000, 0.000000000000000000, 0.000000000000000000 ) ) ;
#6779 = ORIENTED_EDGE ( 'NONE', *, *, #6799, .F. ) ;
#6780 = AXIS2_PLACEMENT_3D ( 'NONE', #11, #5245, #7863 ) ;
#6781 = DIRECTION ( 'NONE',  ( 1.262516554967624046E-15, -1.000000000000000000, 0.000000000000000000 ) ) ;
#6782 = DIRECTION ( 'NONE',  ( 0.000000000000000000, 0.000000000000000000, 1.000000000000000000 ) ) ;
#6783 = FACE_OUTER_BOUND ( 'NONE', #5041, .T. ) ;
#6784 = AXIS2_PLACEMENT_3D ( 'NONE', #7736, #1904, #7133 ) ;
#6785 = FACE_OUTER_BOUND ( 'NONE', #624, .T. ) ;
#6786 = AXIS2_PLACEMENT_3D ( 'NONE', #8314, #7547, #996 ) ;
#6787 = PLANE ( 'NONE',  #6238 ) ;
#6788 = DIRECTION ( 'NONE',  ( -1.000000000000000000, -2.466431482431479202E-16, 0.000000000000000000 ) ) ;
#6789 = ORIENTED_EDGE ( 'NONE', *, *, #4608, .F. ) ;
#6790 = PRESENTATION_STYLE_ASSIGNMENT (( #2116 ) ) ;
#6791 = CARTESIAN_POINT ( 'NONE',  ( 0.000000000000000000, 1.500000000000000444, 7.900000000000000355 ) ) ;
#6792 = VERTEX_POINT ( 'NONE', #4513 ) ;
#6793 = DIRECTION ( 'NONE',  ( -0.000000000000000000, -0.000000000000000000, 1.000000000000000000 ) ) ;
#6794 = CIRCLE ( 'NONE', #4203, 0.9250000000000012657 ) ;
#6795 = CARTESIAN_POINT ( 'NONE',  ( -7.500000000000000000, -7.012099234593449637E-11, 1.500000000121782362 ) ) ;
#6796 = VERTEX_POINT ( 'NONE', #3789 ) ;
#6797 = ORIENTED_EDGE ( 'NONE', *, *, #6713, .T. ) ;
#6798 = EDGE_CURVE ( 'NONE', #5427, #2069, #516, .T. ) ;
#6799 = EDGE_CURVE ( 'NONE', #4253, #2429, #626, .T. ) ;
#6800 = AXIS2_PLACEMENT_3D ( 'NONE', #6802, #6837, #2207 ) ;
#6801 = VERTEX_POINT ( 'NONE', #8444 ) ;
#6802 = CARTESIAN_POINT ( 'NONE',  ( 0.000000000000000000, 19.50000000000000000, 7.900000000000000355 ) ) ;
#6803 = CARTESIAN_POINT ( 'NONE',  ( 7.499999999999999112, 6.500000000000002665, 0.4000000000000010214 ) ) ;
#6804 = DIRECTION ( 'NONE',  ( 0.000000000000000000, 0.000000000000000000, 1.000000000000000000 ) ) ;
#6805 = DIRECTION ( 'NONE',  ( -0.000000000000000000, 1.000000000000000000, 0.000000000000000000 ) ) ;
#6806 = ORIENTED_EDGE ( 'NONE', *, *, #6501, .F. ) ;
#6807 = CARTESIAN_POINT ( 'NONE',  ( 1.602583306773335270, 7.690309912040124374, -3.654908379606660596 ) ) ;
#6808 = PRODUCT_DEFINITION_SHAPE ( 'NONE', 'NONE',  #8480 ) ;
#6809 = VECTOR ( 'NONE', #3013, 1000.000000000000000 ) ;
#6810 = CARTESIAN_POINT ( 'NONE',  ( -2.500000000000000000, 9.947350469337287393, -4.599999999999999645 ) ) ;
#6811 = DIRECTION ( 'NONE',  ( 0.000000000000000000, -0.000000000000000000, -1.000000000000000000 ) ) ;
#6812 = ORIENTED_EDGE ( 'NONE', *, *, #2311, .T. ) ;
#6813 = CARTESIAN_POINT ( 'NONE',  ( 0.5098116976312510040, 8.375000000000001776, 7.900000000000000355 ) ) ;
#6814 = ORIENTED_EDGE ( 'NONE', *, *, #6600, .F. ) ;
#6815 = ADVANCED_FACE ( 'NONE', ( #2582 ), #4602, .F. ) ;
#6816 = CARTESIAN_POINT ( 'NONE',  ( -0.1998448530267822598, 0.000000000000000000, -4.100000000000000533 ) ) ;
#6817 = CARTESIAN_POINT ( 'NONE',  ( -2.309690087959882288, 8.397416693226672280, -3.654908379606660596 ) ) ;
#6818 = EDGE_LOOP ( 'NONE', ( #771, #3738, #3785, #2324 ) ) ;
#6819 = CARTESIAN_POINT ( 'NONE',  ( -2.499999999999999112, -3.499999999999998668, 5.300000000000000711 ) ) ;
#6820 = LINE ( 'NONE', #5321, #6696 ) ;
#6821 = DIRECTION ( 'NONE',  ( -0.5947568674407585076, -0.8039056341586715559, 0.000000000000000000 ) ) ;
#6822 = CYLINDRICAL_SURFACE ( 'NONE', #7016, 5.899999999999999467 ) ;
#6823 = CARTESIAN_POINT ( 'NONE',  ( 0.9999999999999995559, 1.500000000000002220, 7.900000000000000355 ) ) ;
#6824 = EDGE_CURVE ( 'NONE', #4886, #3669, #5189, .T. ) ;
#6825 = DIRECTION ( 'NONE',  ( 1.000000000000000000, 0.000000000000000000, 0.000000000000000000 ) ) ;
#6826 = ORIENTED_EDGE ( 'NONE', *, *, #5901, .F. ) ;
#6827 = DIRECTION ( 'NONE',  ( -1.000000000000000000, 0.000000000000000000, 0.000000000000000000 ) ) ;
#6828 = CYLINDRICAL_SURFACE ( 'NONE', #5176, 0.8877928962701181481 ) ;
#6829 = ORIENTED_EDGE ( 'NONE', *, *, #6419, .F. ) ;
#6830 = LINE ( 'NONE', #2325, #1295 ) ;
#6831 = AXIS2_PLACEMENT_3D ( 'NONE', #4770, #4132, #4644 ) ;
#6832 = CYLINDRICAL_SURFACE ( 'NONE', #6078, 2.399689706053561356 ) ;
#6833 = EDGE_LOOP ( 'NONE', ( #5382, #6062, #717, #2312, #5316, #5766, #5373, #5671 ) ) ;
#6834 = ORIENTED_EDGE ( 'NONE', *, *, #2420, .F. ) ;
#6835 =( GEOMETRIC_REPRESENTATION_CONTEXT ( 3 ) GLOBAL_UNCERTAINTY_ASSIGNED_CONTEXT ( ( #4743 ) ) GLOBAL_UNIT_ASSIGNED_CONTEXT ( ( #2570, #7706, #8436 ) ) REPRESENTATION_CONTEXT ( 'NONE', 'WORKASPACE' ) );
#6836 = ORIENTED_EDGE ( 'NONE', *, *, #5536, .F. ) ;
#6837 = DIRECTION ( 'NONE',  ( 0.000000000000000000, -0.000000000000000000, -1.000000000000000000 ) ) ;
#6838 = CARTESIAN_POINT ( 'NONE',  ( -9.200000000000001066, 2.799999999999997602, -6.250000000000000000 ) ) ;
#6839 = CARTESIAN_POINT ( 'NONE',  ( 4.800155146973216880, 0.8000000000000013767, -4.599999999999999645 ) ) ;
#6840 = DIRECTION ( 'NONE',  ( -4.340175515414278461E-15, 4.705627722780563174E-30, -1.000000000000000000 ) ) ;
#6841 = ORIENTED_EDGE ( 'NONE', *, *, #4091, .F. ) ;
#6842 = LINE ( 'NONE', #2454, #3356 ) ;
#6843 = DIRECTION ( 'NONE',  ( 1.000000000000000000, -1.232115609489269207E-16, 0.000000000000000000 ) ) ;
#6844 = CARTESIAN_POINT ( 'NONE',  ( 5.299999999999999822, 2.799999999999997602, -4.100000000000000533 ) ) ;
#6845 = EDGE_CURVE ( 'NONE', #6126, #7683, #1303, .T. ) ;
#6846 = ORIENTED_EDGE ( 'NONE', *, *, #6762, .T. ) ;
#6847 = DIRECTION ( 'NONE',  ( 1.000000000000000000, -0.000000000000000000, 0.000000000000000000 ) ) ;
#6848 = EDGE_LOOP ( 'NONE', ( #4410, #4484, #2206, #8093 ) ) ;
#6849 = DIRECTION ( 'NONE',  ( -0.000000000000000000, -0.000000000000000000, 1.000000000000000000 ) ) ;
#6850 = CARTESIAN_POINT ( 'NONE',  ( -5.199844853026779568, -3.500000000000010214, -7.099999999999998757 ) ) ;
#6851 = ORIENTED_EDGE ( 'NONE', *, *, #5872, .F. ) ;
#6852 = DIRECTION ( 'NONE',  ( 1.000000000000000000, 0.000000000000000000, -0.000000000000000000 ) ) ;
#6853 = DIRECTION ( 'NONE',  ( 0.000000000000000000, 0.000000000000000000, 1.000000000000000000 ) ) ;
#6854 = EDGE_CURVE ( 'NONE', #1845, #6178, #3275, .T. ) ;
#6855 = LINE ( 'NONE', #2845, #6066 ) ;
#6856 = ADVANCED_FACE ( 'NONE', ( #5780 ), #3143, .F. ) ;
#6857 = EDGE_CURVE ( 'NONE', #3362, #7376, #2438, .T. ) ;
#6858 = FACE_OUTER_BOUND ( 'NONE', #6069, .T. ) ;
#6859 = CARTESIAN_POINT ( 'NONE',  ( -1.969028027992764107, 8.721166065210621099, -4.100000000000000533 ) ) ;
#6860 = ORIENTED_EDGE ( 'NONE', *, *, #7580, .F. ) ;
#6861 = CARTESIAN_POINT ( 'NONE',  ( 3.334816353806963729, 10.87229042737958196, 1.100000000000001199 ) ) ;
#6862 = DIRECTION ( 'NONE',  ( 0.000000000000000000, -1.000000000000000000, -0.000000000000000000 ) ) ;
#6863 = ORIENTED_EDGE ( 'NONE', *, *, #1955, .F. ) ;
#6864 = CARTESIAN_POINT ( 'NONE',  ( -7.500000000000000000, 5.684341886080801487E-11, -0.6999999999948158802 ) ) ;
#6865 = EDGE_CURVE ( 'NONE', #5632, #6711, #1349, .T. ) ;
#6866 = PLANE ( 'NONE',  #3072 ) ;
#6867 = EDGE_CURVE ( 'NONE', #5337, #4615, #700, .T. ) ;
#6868 = VERTEX_POINT ( 'NONE', #43 ) ;
#6869 = VERTEX_POINT ( 'NONE', #1794 ) ;
#6870 = ORIENTED_EDGE ( 'NONE', *, *, #5760, .F. ) ;
#6871 = PLANE ( 'NONE',  #7324 ) ;
#6872 = ORIENTED_EDGE ( 'NONE', *, *, #5345, .T. ) ;
#6873 = CIRCLE ( 'NONE', #581, 0.9999999999999974465 ) ;
#6874 = DIRECTION ( 'NONE',  ( -1.000000000000000000, -3.907946286267656686E-15, 0.000000000000000000 ) ) ;
#6875 = DIRECTION ( 'NONE',  ( 0.000000000000000000, 0.000000000000000000, 1.000000000000000000 ) ) ;
#6876 = PLANE ( 'NONE',  #5930 ) ;
#6877 = CARTESIAN_POINT ( 'NONE',  ( -2.800155146973221765, 4.235050948740416210, -4.100000000000000533 ) ) ;
#6878 = VECTOR ( 'NONE', #5050, 1000.000000000000000 ) ;
#6879 = AXIS2_PLACEMENT_3D ( 'NONE', #6168, #5696, #466 ) ;
#6880 = VERTEX_POINT ( 'NONE', #4423 ) ;
#6881 = CIRCLE ( 'NONE', #30, 0.9250000000000030420 ) ;
#6882 = CARTESIAN_POINT ( 'NONE',  ( -0.6014837311292451361, 10.00000000000000000, -6.971123081938319643 ) ) ;
#6883 = VECTOR ( 'NONE', #7040, 1000.000000000000000 ) ;
#6884 = CIRCLE ( 'NONE', #6067, 0.8000000000000003775 ) ;
#6885 = DIRECTION ( 'NONE',  ( 0.6259541506407250155, -0.7798598600361789090, 0.000000000000000000 ) ) ;
#6886 = VECTOR ( 'NONE', #7952, 1000.000000000000000 ) ;
#6887 = CARTESIAN_POINT ( 'NONE',  ( 1.969028027992764107, 8.721166065210621099, -4.599999999999999645 ) ) ;
#6888 = ORIENTED_EDGE ( 'NONE', *, *, #1928, .F. ) ;
#6889 = AXIS2_PLACEMENT_3D ( 'NONE', #5693, #6287, #5045 ) ;
#6890 = VECTOR ( 'NONE', #7391, 1000.000000000000114 ) ;
#6891 = AXIS2_PLACEMENT_3D ( 'NONE', #7225, #7991, #2073 ) ;
#6892 = PLANE ( 'NONE',  #6626 ) ;
#6893 = EDGE_CURVE ( 'NONE', #4352, #5910, #7036, .T. ) ;
#6894 = VERTEX_POINT ( 'NONE', #5742 ) ;
#6895 = DIRECTION ( 'NONE',  ( 1.836970198721029441E-16, -1.000000000000000000, 0.000000000000000000 ) ) ;
#6896 = ORIENTED_EDGE ( 'NONE', *, *, #1576, .F. ) ;
#6897 = FACE_OUTER_BOUND ( 'NONE', #6957, .T. ) ;
#6898 = EDGE_CURVE ( 'NONE', #2899, #3854, #5094, .T. ) ;
#6899 = DIRECTION ( 'NONE',  ( 0.000000000000000000, 0.000000000000000000, 1.000000000000000000 ) ) ;
#6900 = CIRCLE ( 'NONE', #893, 0.8877928962701178150 ) ;
#6901 = VECTOR ( 'NONE', #3599, 1000.000000000000114 ) ;
#6902 = CARTESIAN_POINT ( 'NONE',  ( 0.000000000000000000, 2.799999999999990941, -4.599999999999999645 ) ) ;
#6903 = DIRECTION ( 'NONE',  ( 0.000000000000000000, -0.000000000000000000, -1.000000000000000000 ) ) ;
#6904 = LINE ( 'NONE', #5013, #4588 ) ;
#6905 = CIRCLE ( 'NONE', #5410, 0.8877928962701179261 ) ;
#6906 = EDGE_LOOP ( 'NONE', ( #6789, #7783, #1057, #3333, #1073, #5212 ) ) ;
#6907 = DIRECTION ( 'NONE',  ( 0.000000000000000000, 0.000000000000000000, 1.000000000000000000 ) ) ;
#6908 = DIRECTION ( 'NONE',  ( 0.000000000000000000, 0.000000000000000000, 1.000000000000000000 ) ) ;
#6909 = VERTEX_POINT ( 'NONE', #559 ) ;
#6910 = SHAPE_REPRESENTATION ( 'SDS-50J', ( #7933 ), #8206 ) ;
#6911 = CARTESIAN_POINT ( 'NONE',  ( 2.800155146973221765, 4.235050948740416210, -4.100000000000000533 ) ) ;
#6912 = DIRECTION ( 'NONE',  ( -0.000000000000000000, -1.000000000000000000, -0.000000000000000000 ) ) ;
#6913 = AXIS2_PLACEMENT_3D ( 'NONE', #7075, #1929, #7117 ) ;
#6914 = VECTOR ( 'NONE', #6853, 1000.000000000000000 ) ;
#6915 = VERTEX_POINT ( 'NONE', #3177 ) ;
#6916 = EDGE_LOOP ( 'NONE', ( #7985, #1731, #4804, #6926, #2154, #8282, #7686, #4788, #3741 ) ) ;
#6917 = EDGE_LOOP ( 'NONE', ( #8316, #5039, #5143, #2816 ) ) ;
#6918 = EDGE_CURVE ( 'NONE', #2809, #6418, #8399, .T. ) ;
#6919 = LINE ( 'NONE', #2372, #3410 ) ;
#6920 = VECTOR ( 'NONE', #1988, 1000.000000000000000 ) ;
#6921 = ORIENTED_EDGE ( 'NONE', *, *, #1813, .T. ) ;
#6922 = CARTESIAN_POINT ( 'NONE',  ( -7.699999999999989519, 0.000000000000000000, -6.250000000000000000 ) ) ;
#6923 = CONTEXT_DEPENDENT_SHAPE_REPRESENTATION ( #118, #4494 ) ;
#6924 = DIRECTION ( 'NONE',  ( 1.000000000000000000, 0.000000000000000000, -0.000000000000000000 ) ) ;
#6925 = LINE ( 'NONE', #4945, #7980 ) ;
#6926 = ORIENTED_EDGE ( 'NONE', *, *, #5274, .F. ) ;
#6927 = AXIS2_PLACEMENT_3D ( 'NONE', #7191, #8426, #7273 ) ;
#6928 = ADVANCED_FACE ( 'NONE', ( #2793 ), #2668, .F. ) ;
#6929 = LINE ( 'NONE', #6193, #4417 ) ;
#6930 = LINE ( 'NONE', #2341, #6634 ) ;
#6931 = ORIENTED_EDGE ( 'NONE', *, *, #5597, .T. ) ;
#6932 = ORIENTED_EDGE ( 'NONE', *, *, #3465, .F. ) ;
#6933 = LINE ( 'NONE', #1071, #7568 ) ;
#6934 = AXIS2_PLACEMENT_3D ( 'NONE', #1095, #6269, #3671 ) ;
#6935 = ORIENTED_EDGE ( 'NONE', *, *, #5497, .F. ) ;
#6936 = ORIENTED_EDGE ( 'NONE', *, *, #4733, .T. ) ;
#6937 = CARTESIAN_POINT ( 'NONE',  ( -4.800155146973217768, 0.7999999999999988232, -6.250000000000000000 ) ) ;
#6938 =( LENGTH_UNIT ( ) NAMED_UNIT ( * ) SI_UNIT ( .MILLI., .METRE. ) );
#6939 = CARTESIAN_POINT ( 'NONE',  ( 8.425000000000002487, 6.500000000000002665, 0.4000000000000010214 ) ) ;
#6940 = EDGE_CURVE ( 'NONE', #2003, #5483, #4176, .T. ) ;
#6941 = DIRECTION ( 'NONE',  ( 0.000000000000000000, 0.000000000000000000, 1.000000000000000000 ) ) ;
#6942 = VECTOR ( 'NONE', #2050, 1000.000000000000114 ) ;
#6943 = VERTEX_POINT ( 'NONE', #5408 ) ;
#6944 = CARTESIAN_POINT ( 'NONE',  ( -2.500000000000000444, 9.947350469337287393, -4.599999999999999645 ) ) ;
#6945 = VERTEX_POINT ( 'NONE', #4680 ) ;
#6946 = PLANE ( 'NONE',  #6786 ) ;
#6947 = DIRECTION ( 'NONE',  ( 0.000000000000000000, -1.000000000000000000, 0.000000000000000000 ) ) ;
#6948 = EDGE_LOOP ( 'NONE', ( #3943, #6435, #7421, #716, #3706, #5054, #7160 ) ) ;
#6949 = CARTESIAN_POINT ( 'NONE',  ( -5.199844853026779568, -3.366025403784453029, -6.599999999999997868 ) ) ;
#6950 = EDGE_CURVE ( 'NONE', #5447, #8043, #2021, .T. ) ;
#6951 =( REPRESENTATION_RELATIONSHIP ('NONE','NONE', #4283, #6910 ) REPRESENTATION_RELATIONSHIP_WITH_TRANSFORMATION ( #3806 )SHAPE_REPRESENTATION_RELATIONSHIP( ) );
#6952 = FILL_AREA_STYLE_COLOUR ( '', #7033 ) ;
#6953 = ORIENTED_EDGE ( 'NONE', *, *, #8159, .F. ) ;
#6954 = ORIENTED_EDGE ( 'NONE', *, *, #3277, .T. ) ;
#6955 = VECTOR ( 'NONE', #3272, 1000.000000000000000 ) ;
#6956 = SHAPE_REPRESENTATION ( 'SDS-50J_5', ( #7933 ), #5729 ) ;
#6957 = EDGE_LOOP ( 'NONE', ( #8454, #1852, #181, #7938, #3235 ) ) ;
#6958 = FILL_AREA_STYLE ('',( #1010 ) ) ;
#6959 = CONICAL_SURFACE ( 'NONE', #1752, 1.099999999881130064, 0.7853981633027092846 ) ;
#6960 = LINE ( 'NONE', #1185, #367 ) ;
#6961 = ORIENTED_EDGE ( 'NONE', *, *, #7638, .F. ) ;
#6962 = PLANE ( 'NONE',  #6513 ) ;
#6963 = ITEM_DEFINED_TRANSFORMATION ( 'NONE', 'NONE', #3007,  #7933 ) ;
#6964 = CARTESIAN_POINT ( 'NONE',  ( -3.500000000000000000, 12.75000000000000178, -6.250000000000000000 ) ) ;
#6965 = PLANE ( 'NONE',  #1413 ) ;
#6966 =( GEOMETRIC_REPRESENTATION_CONTEXT ( 3 ) GLOBAL_UNCERTAINTY_ASSIGNED_CONTEXT ( ( #4147 ) ) GLOBAL_UNIT_ASSIGNED_CONTEXT ( ( #6938, #5009, #4412 ) ) REPRESENTATION_CONTEXT ( 'NONE', 'WORKASPACE' ) );
#6967 = ORIENTED_EDGE ( 'NONE', *, *, #7752, .T. ) ;
#6968 = EDGE_CURVE ( 'NONE', #2118, #7797, #7294, .T. ) ;
#6969 = CARTESIAN_POINT ( 'NONE',  ( -2.999999999999999112, 0.000000000000000000, 5.500000000000000888 ) ) ;
#6970 = PRODUCT_DEFINITION_FORMATION_WITH_SPECIFIED_SOURCE ( 'ANY', '', #3435, .NOT_KNOWN. ) ;
#6971 = CARTESIAN_POINT ( 'NONE',  ( 1.000000000000000000, 0.000000000000000000, -6.250000000000000000 ) ) ;
#6972 = CARTESIAN_POINT ( 'NONE',  ( -1.600442614160420884, 7.678574768793019700, 7.900000000000000355 ) ) ;
#6973 = ADVANCED_FACE ( 'NONE', ( #167 ), #2149, .F. ) ;
#6974 = ORIENTED_EDGE ( 'NONE', *, *, #1726, .T. ) ;
#6975 = EDGE_CURVE ( 'NONE', #5159, #8303, #1427, .T. ) ;
#6976 = DIRECTION ( 'NONE',  ( 2.042325022706684813E-44, 1.000000000000000000, -4.705627722780563174E-30 ) ) ;
#6977 = ORIENTED_EDGE ( 'NONE', *, *, #7868, .F. ) ;
#6978 = VERTEX_POINT ( 'NONE', #2063 ) ;
#6979 = DIRECTION ( 'NONE',  ( 0.000000000000000000, 0.000000000000000000, -1.000000000000000000 ) ) ;
#6980 = CARTESIAN_POINT ( 'NONE',  ( -2.999999999999999556, -2.999999999999999112, 5.300000000000000711 ) ) ;
#6981 = CARTESIAN_POINT ( 'NONE',  ( -2.499999999999999112, -3.499999999999998668, 5.500000000000000888 ) ) ;
#6982 = ADVANCED_FACE ( 'NONE', ( #3364 ), #218, .F. ) ;
#6983 = DIRECTION ( 'NONE',  ( -2.971233746154280690E-32, 1.204669080539449097E-16, -1.000000000000000000 ) ) ;
#6984 = ORIENTED_EDGE ( 'NONE', *, *, #1609, .F. ) ;
#6985 = CARTESIAN_POINT ( 'NONE',  ( -9.409923976848169502, 5.985126513463341347, 6.100000000000001421 ) ) ;
#6986 = ORIENTED_EDGE ( 'NONE', *, *, #7696, .T. ) ;
#6987 = DIRECTION ( 'NONE',  ( 1.000000000000000000, 0.000000000000000000, 0.000000000000000000 ) ) ;
#6988 = DIRECTION ( 'NONE',  ( -0.000000000000000000, -0.000000000000000000, 1.000000000000000000 ) ) ;
#6989 = ORIENTED_EDGE ( 'NONE', *, *, #1205, .T. ) ;
#6990 = CARTESIAN_POINT ( 'NONE',  ( -8.000000000000000000, 10.00000000000000178, 6.100000000000001421 ) ) ;
#6991 = CARTESIAN_POINT ( 'NONE',  ( 1.813683476751940304, 10.96533390620149007, 1.100000000000001199 ) ) ;
#6992 = ORIENTED_EDGE ( 'NONE', *, *, #2053, .T. ) ;
#6993 = EDGE_LOOP ( 'NONE', ( #5324, #1525, #2770, #1608, #1856, #3434 ) ) ;
#6994 = PRODUCT_RELATED_PRODUCT_CATEGORY ( 'part', '', ( #3435 ) ) ;
#6995 = VERTEX_POINT ( 'NONE', #6040 ) ;
#6996 = EDGE_CURVE ( 'NONE', #524, #630, #6656, .T. ) ;
#6997 = CARTESIAN_POINT ( 'NONE',  ( 1.969028027992764551, 8.721166065210621099, -7.500000000000001776 ) ) ;
#6998 = CARTESIAN_POINT ( 'NONE',  ( 7.299999999999999822, 2.799999999999997602, -4.100000000000000533 ) ) ;
#6999 = CARTESIAN_POINT ( 'NONE',  ( 0.8999999999999999112, 0.4000000000000019096, -2.800000000000000266 ) ) ;
#7000 = VERTEX_POINT ( 'NONE', #1471 ) ;
#7001 = DIRECTION ( 'NONE',  ( 4.096110051504215558E-16, -1.000000000000000000, 0.000000000000000000 ) ) ;
#7002 = CONTEXT_DEPENDENT_SHAPE_REPRESENTATION ( #6347, #433 ) ;
#7003 = CARTESIAN_POINT ( 'NONE',  ( -2.280971972007237891, 8.971547725466914258, -4.599999999999999645 ) ) ;
#7004 = EDGE_CURVE ( 'NONE', #6699, #2451, #3405, .T. ) ;
#7005 = LINE ( 'NONE', #4570, #5100 ) ;
#7006 = ORIENTED_EDGE ( 'NONE', *, *, #7875, .T. ) ;
#7007 = EDGE_CURVE ( 'NONE', #5147, #3631, #7252, .T. ) ;
#7008 = CARTESIAN_POINT ( 'NONE',  ( -2.527728175868492411, 11.67937860531804972, 7.900000000000000355 ) ) ;
#7009 = ADVANCED_FACE ( 'NONE', ( #6733 ), #3485, .F. ) ;
#7010 = DIRECTION ( 'NONE',  ( 0.5947568674407587297, 0.8039056341586714449, 0.000000000000000000 ) ) ;
#7011 = ADVANCED_FACE ( 'NONE', ( #2187 ), #4005, .T. ) ;
#7012 = CARTESIAN_POINT ( 'NONE',  ( -4.800155146973220432, 4.235050948740416210, -4.100000000000000533 ) ) ;
#7013 = AXIS2_PLACEMENT_3D ( 'NONE', #5303, #3389, #7921 ) ;
#7014 = ORIENTED_EDGE ( 'NONE', *, *, #2955, .T. ) ;
#7015 = ADVANCED_FACE ( 'NONE', ( #2752 ), #6002, .F. ) ;
#7016 = AXIS2_PLACEMENT_3D ( 'NONE', #298, #260, #221 ) ;
#7017 = LINE ( 'NONE', #6420, #2785 ) ;
#7018 = VECTOR ( 'NONE', #4127, 1000.000000000000000 ) ;
#7019 = EDGE_LOOP ( 'NONE', ( #4360, #4663, #1990, #2935, #5504 ) ) ;
#7020 = VERTEX_POINT ( 'NONE', #3531 ) ;
#7021 = CARTESIAN_POINT ( 'NONE',  ( -2.640057380345959270, 6.652835838467503038, 1.100000000000001199 ) ) ;
#7022 = EDGE_CURVE ( 'NONE', #3626, #8271, #5962, .T. ) ;
#7023 = FACE_OUTER_BOUND ( 'NONE', #4877, .T. ) ;
#7024 = DIRECTION ( 'NONE',  ( 0.000000000000000000, 1.000000000000000000, 0.000000000000000000 ) ) ;
#7025 = VECTOR ( 'NONE', #3395, 1000.000000000000114 ) ;
#7026 = AXIS2_PLACEMENT_3D ( 'NONE', #4159, #6766, #2653 ) ;
#7027 = CIRCLE ( 'NONE', #7173, 0.7999999999999993783 ) ;
#7028 = AXIS2_PLACEMENT_3D ( 'NONE', #905, #729, #3521 ) ;
#7029 = CARTESIAN_POINT ( 'NONE',  ( -7.699999999999989519, 2.799999999999990941, -4.100000000000000533 ) ) ;
#7030 = ORIENTED_EDGE ( 'NONE', *, *, #152, .F. ) ;
#7031 = DIRECTION ( 'NONE',  ( 0.000000000000000000, 0.000000000000000000, 1.000000000000000000 ) ) ;
#7032 = LINE ( 'NONE', #3141, #3208 ) ;
#7033 = COLOUR_RGB ( '',0.6352941176470587870, 0.3098039215686274606, 0.2470588235294117752 ) ;
#7034 = VERTEX_POINT ( 'NONE', #5320 ) ;
#7035 = VECTOR ( 'NONE', #5347, 1000.000000000000000 ) ;
#7036 = LINE ( 'NONE', #1174, #7102 ) ;
#7037 = EDGE_CURVE ( 'NONE', #6374, #6711, #5360, .T. ) ;
#7038 = CARTESIAN_POINT ( 'NONE',  ( 0.000000000000000000, -3.366025403784454806, -4.100000000000000533 ) ) ;
#7039 = EDGE_LOOP ( 'NONE', ( #6400, #3539, #3033, #1093 ) ) ;
#7040 = DIRECTION ( 'NONE',  ( 0.000000000000000000, 0.000000000000000000, 1.000000000000000000 ) ) ;
#7041 = LINE ( 'NONE', #7855, #6187 ) ;
#7042 = ORIENTED_EDGE ( 'NONE', *, *, #85, .T. ) ;
#7043 = EDGE_LOOP ( 'NONE', ( #3729, #3957, #2480, #5955 ) ) ;
#7044 = VECTOR ( 'NONE', #484, 1000.000000000000000 ) ;
#7045 = CARTESIAN_POINT ( 'NONE',  ( 0.000000000000000000, 2.799999999999997602, -6.250000000000000000 ) ) ;
#7046 = ORIENTED_EDGE ( 'NONE', *, *, #3732, .T. ) ;
#7047 = DIRECTION ( 'NONE',  ( 0.000000000000000000, 0.000000000000000000, 1.000000000000000000 ) ) ;
#7048 =( NAMED_UNIT ( * ) PLANE_ANGLE_UNIT ( ) SI_UNIT ( $, .RADIAN. ) );
#7049 = CARTESIAN_POINT ( 'NONE',  ( 0.000000000000000000, 2.799999999999997602, -4.599999999999999645 ) ) ;
#7050 = ORIENTED_EDGE ( 'NONE', *, *, #4053, .T. ) ;
#7051 = FACE_OUTER_BOUND ( 'NONE', #8310, .T. ) ;
#7052 = PRESENTATION_LAYER_ASSIGNMENT (  '', '', ( #7876 ) ) ;
#7053 = DIRECTION ( 'NONE',  ( -0.000000000000000000, -0.000000000000000000, 1.000000000000000000 ) ) ;
#7054 = CARTESIAN_POINT ( 'NONE',  ( -1.600442614160420884, 7.678574768793019700, 1.100000000000001199 ) ) ;
#7055 =( GEOMETRIC_REPRESENTATION_CONTEXT ( 3 ) GLOBAL_UNCERTAINTY_ASSIGNED_CONTEXT ( ( #408 ) ) GLOBAL_UNIT_ASSIGNED_CONTEXT ( ( #5293, #3328, #6329 ) ) REPRESENTATION_CONTEXT ( 'NONE', 'WORKASPACE' ) );
#7056 = EDGE_CURVE ( 'NONE', #2848, #2944, #1629, .T. ) ;
#7057 = EDGE_CURVE ( 'NONE', #3309, #8271, #8187, .T. ) ;
#7058 = ORIENTED_EDGE ( 'NONE', *, *, #6726, .T. ) ;
#7059 = LINE ( 'NONE', #6816, #1713 ) ;
#7060 = DIRECTION ( 'NONE',  ( 1.000000000000000000, 0.000000000000000000, 0.000000000000000000 ) ) ;
#7061 = LINE ( 'NONE', #7747, #863 ) ;
#7062 = CIRCLE ( 'NONE', #3645, 0.8877928962701181481 ) ;
#7063 = ORIENTED_EDGE ( 'NONE', *, *, #6301, .T. ) ;
#7064 = CARTESIAN_POINT ( 'NONE',  ( 2.280971972007237891, 8.971547725466914258, -4.100000000000000533 ) ) ;
#7065 = VERTEX_POINT ( 'NONE', #6285 ) ;
#7066 = DIRECTION ( 'NONE',  ( -0.000000000000000000, -0.000000000000000000, -1.000000000000000000 ) ) ;
#7067 =( NAMED_UNIT ( * ) SI_UNIT ( $, .STERADIAN. ) SOLID_ANGLE_UNIT ( ) );
#7068 = DIRECTION ( 'NONE',  ( -0.7071067811865469066, -0.7071067811865482389, 0.000000000000000000 ) ) ;
#7069 = EDGE_CURVE ( 'NONE', #7481, #4515, #2039, .T. ) ;
#7070 = CARTESIAN_POINT ( 'NONE',  ( 2.280971972007237891, 8.971547725466914258, -4.100000000000000533 ) ) ;
#7071 = VERTEX_POINT ( 'NONE', #2275 ) ;
#7072 = DIRECTION ( 'NONE',  ( 1.000000000000000000, -0.000000000000000000, 0.000000000000000000 ) ) ;
#7073 = CARTESIAN_POINT ( 'NONE',  ( 3.447145558284426148, 5.845747660529039713, -3.654908379606660596 ) ) ;
#7074 = ORIENTED_EDGE ( 'NONE', *, *, #2837, .F. ) ;
#7075 = CARTESIAN_POINT ( 'NONE',  ( -2.474873734152920779, 7.525126265847087659, 7.900000000000000355 ) ) ;
#7076 = LINE ( 'NONE', #608, #5304 ) ;
#7077 = ORIENTED_EDGE ( 'NONE', *, *, #5025, .T. ) ;
#7078 = CIRCLE ( 'NONE', #8178, 0.1749999999999998779 ) ;
#7079 = CARTESIAN_POINT ( 'NONE',  ( 4.800155146973222209, 4.235050948740416210, -4.100000000000000533 ) ) ;
#7080 = ADVANCED_BREP_SHAPE_REPRESENTATION ( '', ( #639, #7933 ), #8206 ) ;
#7081 = CARTESIAN_POINT ( 'NONE',  ( -5.299999999999990941, 2.799999999999992717, -4.100000000000000533 ) ) ;
#7082 = ADVANCED_FACE ( 'NONE', ( #1745 ), #5487, .T. ) ;
#7083 = VECTOR ( 'NONE', #119, 1000.000000000000000 ) ;
#7084 = ORIENTED_EDGE ( 'NONE', *, *, #4184, .T. ) ;
#7085 = VERTEX_POINT ( 'NONE', #3695 ) ;
#7086 = ADVANCED_FACE ( 'NONE', ( #419 ), #988, .F. ) ;
#7087 = DIRECTION ( 'NONE',  ( 1.000000000000000000, 0.000000000000000000, 0.000000000000000000 ) ) ;
#7088 = PLANE ( 'NONE',  #3901 ) ;
#7089 = EDGE_LOOP ( 'NONE', ( #5032, #4194, #2254, #543 ) ) ;
#7090 = ORIENTED_EDGE ( 'NONE', *, *, #4927, .F. ) ;
#7091 = CARTESIAN_POINT ( 'NONE',  ( 6.907811268317343156, 3.989513734881517060, -4.100000000000000533 ) ) ;
#7092 = ORIENTED_EDGE ( 'NONE', *, *, #1738, .T. ) ;
#7093 = DIRECTION ( 'NONE',  ( -0.7071067811865486830, 0.7071067811865463515, -0.000000000000000000 ) ) ;
#7094 = ITEM_DEFINED_TRANSFORMATION ( 'NONE', 'NONE', #3833,  #7933 ) ;
#7095 = LINE ( 'NONE', #4444, #1020 ) ;
#7096 = CARTESIAN_POINT ( 'NONE',  ( -5.299999999999990941, 2.799999999999992717, -4.100000000000000533 ) ) ;
#7097 = VERTEX_POINT ( 'NONE', #2885 ) ;
#7098 = ORIENTED_EDGE ( 'NONE', *, *, #5609, .T. ) ;
#7099 = PLANE ( 'NONE',  #3649 ) ;
#7100 = DIRECTION ( 'NONE',  ( 0.000000000000000000, 0.000000000000000000, 1.000000000000000000 ) ) ;
#7101 = DIRECTION ( 'NONE',  ( 0.000000000000000000, -1.000000000000000000, -0.000000000000000000 ) ) ;
#7102 = VECTOR ( 'NONE', #4472, 1000.000000000000000 ) ;
#7103 = ORIENTED_EDGE ( 'NONE', *, *, #1865, .T. ) ;
#7104 = DIRECTION ( 'NONE',  ( -0.7071067811865487940, -0.7071067811865463515, 0.000000000000000000 ) ) ;
#7105 = AXIS2_PLACEMENT_3D ( 'NONE', #6723, #80, #3994 ) ;
#7106 = ORIENTED_EDGE ( 'NONE', *, *, #2260, .F. ) ;
#7107 = CARTESIAN_POINT ( 'NONE',  ( 2.474873734152920779, 7.525126265847087659, -3.654908379606660596 ) ) ;
#7108 = CARTESIAN_POINT ( 'NONE',  ( -3.500000000000000000, 10.75000000000000000, -6.250000000000000000 ) ) ;
#7109 = CARTESIAN_POINT ( 'NONE',  ( -5.179378605318049722, 9.027728175868499960, 1.100000000000001199 ) ) ;
#7110 = EDGE_CURVE ( 'NONE', #2135, #6869, #380, .T. ) ;
#7111 = CARTESIAN_POINT ( 'NONE',  ( 0.000000000000000000, 21.10000000000000497, 6.100000000000001421 ) ) ;
#7112 = ORIENTED_EDGE ( 'NONE', *, *, #7642, .F. ) ;
#7113 = CARTESIAN_POINT ( 'NONE',  ( 0.000000000000000000, 10.00000000000000000, -4.599999999999999645 ) ) ;
#7114 = CARTESIAN_POINT ( 'NONE',  ( -2.000000000000000000, -2.999999999999998224, 5.300000000000000711 ) ) ;
#7115 = ORIENTED_EDGE ( 'NONE', *, *, #5308, .F. ) ;
#7116 = ADVANCED_FACE ( 'NONE', ( #6897 ), #6959, .F. ) ;
#7117 = DIRECTION ( 'NONE',  ( 0.7071067811865463515, -0.7071067811865486830, 0.000000000000000000 ) ) ;
#7118 = CARTESIAN_POINT ( 'NONE',  ( -3.665183646193037159, 9.127709572620416267, -3.654908379606684576 ) ) ;
#7119 = ORIENTED_EDGE ( 'NONE', *, *, #5073, .F. ) ;
#7120 = PLANE ( 'NONE',  #449 ) ;
#7121 = EDGE_CURVE ( 'NONE', #4402, #7269, #257, .T. ) ;
#7122 = EDGE_CURVE ( 'NONE', #4366, #3804, #5644, .T. ) ;
#7123 = CYLINDRICAL_SURFACE ( 'NONE', #2361, 2.400000000000003908 ) ;
#7124 = VERTEX_POINT ( 'NONE', #3563 ) ;
#7125 = CARTESIAN_POINT ( 'NONE',  ( -4.800155146973220432, 4.235050948740416210, -4.100000000000000533 ) ) ;
#7126 = FACE_OUTER_BOUND ( 'NONE', #1648, .T. ) ;
#7127 = ORIENTED_EDGE ( 'NONE', *, *, #1705, .F. ) ;
#7128 = CARTESIAN_POINT ( 'NONE',  ( -1.749999999999999778, 8.545363321340250451, -4.599999999999999645 ) ) ;
#7129 = CARTESIAN_POINT ( 'NONE',  ( 3.199999999999999734, 0.000000000000000000, 7.900012000000001144 ) ) ;
#7130 = PLANE ( 'NONE',  #4348 ) ;
#7131 = ORIENTED_EDGE ( 'NONE', *, *, #3119, .T. ) ;
#7132 = ADVANCED_FACE ( 'NONE', ( #6248 ), #1033, .F. ) ;
#7133 = DIRECTION ( 'NONE',  ( 0.5947568674407585076, 0.8039056341586716670, 0.000000000000000000 ) ) ;
#7134 = DIRECTION ( 'NONE',  ( 0.7071067811865454633, -0.7071067811865496822, 0.000000000000000000 ) ) ;
#7135 = EDGE_CURVE ( 'NONE', #33, #3810, #4849, .T. ) ;
#7136 = CARTESIAN_POINT ( 'NONE',  ( -2.499999999999999556, 9.147350469337283130, -4.599999999999999645 ) ) ;
#7137 = VERTEX_POINT ( 'NONE', #6937 ) ;
#7138 = VERTEX_POINT ( 'NONE', #8262 ) ;
#7139 = CARTESIAN_POINT ( 'NONE',  ( -7.229373521980812178, 4.227416481857818376, -4.599999999999999645 ) ) ;
#7140 = CARTESIAN_POINT ( 'NONE',  ( -4.800155146973217768, 0.7999999999999989342, -4.599999999999999645 ) ) ;
#7141 = ADVANCED_FACE ( 'NONE', ( #1074 ), #3651, .F. ) ;
#7142 = CARTESIAN_POINT ( 'NONE',  ( 8.609923976848167015, 5.985126513463341347, 6.100000000000001421 ) ) ;
#7143 = ORIENTED_EDGE ( 'NONE', *, *, #1165, .F. ) ;
#7144 = DIRECTION ( 'NONE',  ( -1.000000000000000000, 0.000000000000000000, 0.000000000000000000 ) ) ;
#7145 = ORIENTED_EDGE ( 'NONE', *, *, #3829, .F. ) ;
#7146 = CARTESIAN_POINT ( 'NONE',  ( -10.00000000000000178, -3.500000000000018652, -4.599999999999998757 ) ) ;
#7147 = DIRECTION ( 'NONE',  ( -1.000000000000000000, 0.000000000000000000, 0.000000000000000000 ) ) ;
#7148 = VECTOR ( 'NONE', #2598, 1000.000000000000000 ) ;
#7149 = DIRECTION ( 'NONE',  ( -8.378071034579724975E-16, 0.9659258262890680902, 0.2588190451025216832 ) ) ;
#7150 = ORIENTED_EDGE ( 'NONE', *, *, #6421, .T. ) ;
#7152 = EDGE_CURVE ( 'NONE', #4212, #4407, #5038, .T. ) ;
#7151 = CIRCLE ( 'NONE', #7840, 2.399689706053560911 ) ;
#7153 = AXIS2_PLACEMENT_3D ( 'NONE', #6289, #385, #2439 ) ;
#7154 = EDGE_CURVE ( 'NONE', #7539, #5096, #2313, .T. ) ;
#7155 = CIRCLE ( 'NONE', #1552, 0.8877928962701179261 ) ;
#7156 = CARTESIAN_POINT ( 'NONE',  ( -0.1998448530267822598, 7.249999999999999112, -4.100000000000000533 ) ) ;
#7157 = ORIENTED_EDGE ( 'NONE', *, *, #5401, .F. ) ;
#7158 = CARTESIAN_POINT ( 'NONE',  ( 1.999999999999999112, 1.788933584601082316E-15, 5.300000000000000711 ) ) ;
#7159 = CARTESIAN_POINT ( 'NONE',  ( 4.800155146973217768, 0.8000000000000008216, -4.100000000000000533 ) ) ;
#7160 = ORIENTED_EDGE ( 'NONE', *, *, #6940, .F. ) ;
#7161 = DIRECTION ( 'NONE',  ( 8.659560562354932858E-17, -0.7071067811865474617, 0.7071067811865474617 ) ) ;
#7162 = DIRECTION ( 'NONE',  ( -4.336808689942037951E-16, 1.000000000000000000, 0.000000000000000000 ) ) ;
#7163 = ORIENTED_EDGE ( 'NONE', *, *, #262, .F. ) ;
#7164 = CIRCLE ( 'NONE', #47, 2.399689706053561356 ) ;
#7165 = CARTESIAN_POINT ( 'NONE',  ( 2.999999999999999556, 1.500000000000002220, 5.300000000000000711 ) ) ;
#7166 = VECTOR ( 'NONE', #4935, 1000.000000000000000 ) ;
#7167 = LINE ( 'NONE', #1307, #6467 ) ;
#7168 = VERTEX_POINT ( 'NONE', #4217 ) ;
#7169 = VECTOR ( 'NONE', #7068, 1000.000000000000000 ) ;
#7170 = LINE ( 'NONE', #6574, #8246 ) ;
#7171 = CIRCLE ( 'NONE', #5264, 2.400000000000003908 ) ;
#7172 = DIRECTION ( 'NONE',  ( -0.000000000000000000, -1.000000000000000000, 0.000000000000000000 ) ) ;
#7173 = AXIS2_PLACEMENT_3D ( 'NONE', #3762, #3157, #6450 ) ;
#7174 = ORIENTED_EDGE ( 'NONE', *, *, #2640, .T. ) ;
#7175 = LINE ( 'NONE', #1766, #7044 ) ;
#7176 = LINE ( 'NONE', #7818, #6222 ) ;
#7177 = CYLINDRICAL_SURFACE ( 'NONE', #8191, 0.8000000000000012657 ) ;
#7178 = ORIENTED_EDGE ( 'NONE', *, *, #4, .T. ) ;
#7179 = DIRECTION ( 'NONE',  ( -3.356920930870729537E-16, -1.000000000000000000, 0.000000000000000000 ) ) ;
#7180 = FACE_OUTER_BOUND ( 'NONE', #3243, .T. ) ;
#7181 = CARTESIAN_POINT ( 'NONE',  ( 0.000000000000000000, 0.7999999999999994893, -6.250000000000000000 ) ) ;
#7182 = AXIS2_PLACEMENT_3D ( 'NONE', #6710, #759, #4019 ) ;
#7183 = CARTESIAN_POINT ( 'NONE',  ( -4.154252339470971833, 6.552854441715587619, 7.900000000000000355 ) ) ;
#7184 = VECTOR ( 'NONE', #7631, 1000.000000000000114 ) ;
#7185 = EDGE_LOOP ( 'NONE', ( #3571, #3581, #1969, #4601 ) ) ;
#7186 = VERTEX_POINT ( 'NONE', #294 ) ;
#7187 = EDGE_CURVE ( 'NONE', #4763, #5421, #7927, .T. ) ;
#7188 = EDGE_CURVE ( 'NONE', #4638, #764, #5732, .T. ) ;
#7189 = AXIS2_PLACEMENT_3D ( 'NONE', #6715, #6755, #933 ) ;
#7190 = ORIENTED_EDGE ( 'NONE', *, *, #2408, .T. ) ;
#7191 = CARTESIAN_POINT ( 'NONE',  ( -7.500000000000000000, 0.1750000000516591103, 0.4000000000000010214 ) ) ;
#7192 = VECTOR ( 'NONE', #2333, 1000.000000000000000 ) ;
#7193 = DIRECTION ( 'NONE',  ( 0.7071067811865487940, 0.7071067811865463515, 0.000000000000000000 ) ) ;
#7194 = DIRECTION ( 'NONE',  ( 1.000000000000000000, 2.712609697133924531E-16, -0.000000000000000000 ) ) ;
#7195 = PRODUCT_DEFINITION_SHAPE ( 'NONE', 'NONE',  #6211 ) ;
#7196 = VECTOR ( 'NONE', #879, 1000.000000000000000 ) ;
#7197 = ORIENTED_EDGE ( 'NONE', *, *, #3348, .F. ) ;
#7198 = ADVANCED_FACE ( 'NONE', ( #4541 ), #5690, .T. ) ;
#7199 = DIRECTION ( 'NONE',  ( 1.000000000000000000, 0.000000000000000000, -0.000000000000000000 ) ) ;
#7200 = DIRECTION ( 'NONE',  ( 1.000000000000000000, 0.000000000000000000, 0.000000000000000000 ) ) ;
#7201 = DIRECTION ( 'NONE',  ( 0.000000000000000000, 0.000000000000000000, -1.000000000000000000 ) ) ;
#7202 = AXIS2_PLACEMENT_3D ( 'NONE', #7217, #4649, #7258 ) ;
#7203 = DIRECTION ( 'NONE',  ( -0.000000000000000000, -0.000000000000000000, -1.000000000000000000 ) ) ;
#7204 = ORIENTED_EDGE ( 'NONE', *, *, #2995, .T. ) ;
#7205 = CIRCLE ( 'NONE', #2407, 2.399689706053561356 ) ;
#7206 = CARTESIAN_POINT ( 'NONE',  ( -2.800155146973221765, 4.235050948740416210, -4.100000000000000533 ) ) ;
#7207 = ORIENTED_EDGE ( 'NONE', *, *, #4757, .F. ) ;
#7208 = PLANE ( 'NONE',  #82 ) ;
#7209 = CARTESIAN_POINT ( 'NONE',  ( 3.347164161532505400, 7.359942619654052720, 1.100000000000001199 ) ) ;
#7210 = EDGE_LOOP ( 'NONE', ( #1903, #1236, #3909, #4478 ) ) ;
#7211 = DIRECTION ( 'NONE',  ( -1.000000000000000000, 0.000000000000000000, 0.000000000000000000 ) ) ;
#7212 = LINE ( 'NONE', #1256, #370 ) ;
#7213 = ORIENTED_EDGE ( 'NONE', *, *, #1328, .F. ) ;
#7214 = EDGE_CURVE ( 'NONE', #7595, #7668, #1786, .T. ) ;
#7215 = DIRECTION ( 'NONE',  ( 0.000000000000000000, 0.000000000000000000, 1.000000000000000000 ) ) ;
#7216 = ORIENTED_EDGE ( 'NONE', *, *, #8205, .F. ) ;
#7217 = CARTESIAN_POINT ( 'NONE',  ( 0.000000000000000000, 0.000000000000000000, -6.250000000000000000 ) ) ;
#7218 = DIRECTION ( 'NONE',  ( -0.5947568674407585076, 0.8039056341586715559, 0.000000000000000000 ) ) ;
#7219 = VERTEX_POINT ( 'NONE', #7021 ) ;
#7220 = DIRECTION ( 'NONE',  ( 0.7071067811865487940, -0.7071067811865463515, 0.000000000000000000 ) ) ;
#7221 = AXIS2_PLACEMENT_3D ( 'NONE', #361, #2985, #3758 ) ;
#7222 = DIRECTION ( 'NONE',  ( 2.466431482431479202E-16, -1.000000000000000000, 0.000000000000000000 ) ) ;
#7223 = ORIENTED_EDGE ( 'NONE', *, *, #4927, .T. ) ;
#7224 = PRESENTATION_STYLE_ASSIGNMENT (( #8107 ) ) ;
#7225 = CARTESIAN_POINT ( 'NONE',  ( -8.609923976848167015, 5.985126513463341347, 6.100000000000001421 ) ) ;
#7226 = CARTESIAN_POINT ( 'NONE',  ( 0.000000000000000000, 10.00000000000000000, -4.599999999999999645 ) ) ;
#7227 = DIRECTION ( 'NONE',  ( 0.000000000000000000, 0.000000000000000000, 1.000000000000000000 ) ) ;
#7228 = VERTEX_POINT ( 'NONE', #1340 ) ;
#7229 = VERTEX_POINT ( 'NONE', #7755 ) ;
#7230 = ORIENTED_EDGE ( 'NONE', *, *, #6918, .T. ) ;
#7231 = CARTESIAN_POINT ( 'NONE',  ( -1.969028027992764107, 8.721166065210621099, -4.100000000000000533 ) ) ;
#7232 = CARTESIAN_POINT ( 'NONE',  ( -8.000000000000000000, 10.00000000000000178, 1.100000000000001199 ) ) ;
#7233 = CARTESIAN_POINT ( 'NONE',  ( 0.000000000000000000, 10.00000000000000000, 1.100000000000001199 ) ) ;
#7234 = EDGE_CURVE ( 'NONE', #5453, #6685, #6326, .T. ) ;
#7235 = ADVANCED_FACE ( 'NONE', ( #1162 ), #5770, .T. ) ;
#7236 = EDGE_LOOP ( 'NONE', ( #5196, #860, #4286, #2691 ) ) ;
#7237 = PLANE ( 'NONE',  #4434 ) ;
#7238 = CARTESIAN_POINT ( 'NONE',  ( -2.612207103729881741, 9.999999999999998224, 7.900000000000000355 ) ) ;
#7239 = AXIS2_PLACEMENT_3D ( 'NONE', #2842, #2103, #741 ) ;
#7240 = DIRECTION ( 'NONE',  ( 1.000000000000000000, 0.000000000000000000, 0.000000000000000000 ) ) ;
#7241 = CARTESIAN_POINT ( 'NONE',  ( -7.699999999999988631, 0.7999999999999986011, -4.100000000000000533 ) ) ;
#7242 = EDGE_CURVE ( 'NONE', #3839, #3921, #3861, .T. ) ;
#7243 = CARTESIAN_POINT ( 'NONE',  ( -7.699999999999986855, -3.366025403784454806, -4.099999999999999645 ) ) ;
#7244 = ADVANCED_FACE ( 'NONE', ( #3087 ), #3263, .F. ) ;
#7245 = ORIENTED_EDGE ( 'NONE', *, *, #1609, .T. ) ;
#7246 = VECTOR ( 'NONE', #2843, 1000.000000000000000 ) ;
#7247 = CARTESIAN_POINT ( 'NONE',  ( -4.800155146973216880, 1.371243476461044291E-15, -6.250000000000000000 ) ) ;
#7248 = ORIENTED_EDGE ( 'NONE', *, *, #5497, .T. ) ;
#7249 = LINE ( 'NONE', #2710, #2136 ) ;
#7250 = CARTESIAN_POINT ( 'NONE',  ( -4.372290427379583733, 9.834816353806964173, 1.100000000000001199 ) ) ;
#7251 = ORIENTED_EDGE ( 'NONE', *, *, #5973, .F. ) ;
#7252 = LINE ( 'NONE', #8066, #8467 ) ;
#7253 = CARTESIAN_POINT ( 'NONE',  ( 2.321425231206986517, 8.399557385839585777, 7.900000000000000355 ) ) ;
#7254 = PRODUCT_DEFINITION_FORMATION_WITH_SPECIFIED_SOURCE ( 'ANY', '', #4353, .NOT_KNOWN. ) ;
#7255 = CARTESIAN_POINT ( 'NONE',  ( -1.999999999999999112, 1.788933584601082316E-15, 5.500000000000000888 ) ) ;
#7256 = EDGE_CURVE ( 'NONE', #2825, #5005, #2477, .T. ) ;
#7257 = ORIENTED_EDGE ( 'NONE', *, *, #8325, .F. ) ;
#7258 = DIRECTION ( 'NONE',  ( -1.000000000000000000, 0.000000000000000000, -0.000000000000000000 ) ) ;
#7259 = DIRECTION ( 'NONE',  ( 0.000000000000000000, -0.2588190451025216277, 0.9659258262890679791 ) ) ;
#7260 = ORIENTED_EDGE ( 'NONE', *, *, #4053, .F. ) ;
#7261 = CARTESIAN_POINT ( 'NONE',  ( 0.1998448530267822598, 7.249999999999999112, -4.100000000000000533 ) ) ;
#7262 = DIRECTION ( 'NONE',  ( 0.000000000000000000, 1.000000000000000000, -0.000000000000000000 ) ) ;
#7263 = ORIENTED_EDGE ( 'NONE', *, *, #7512, .F. ) ;
#7264 = DIRECTION ( 'NONE',  ( 0.000000000000000000, 0.000000000000000000, -1.000000000000000000 ) ) ;
#7265 = CARTESIAN_POINT ( 'NONE',  ( 5.199844853026781344, 0.8000000000000012657, -4.100000000000000533 ) ) ;
#7266 = DIRECTION ( 'NONE',  ( 1.836970198721029441E-16, -1.000000000000000000, 0.000000000000000000 ) ) ;
#7267 = CARTESIAN_POINT ( 'NONE',  ( 0.000000000000000000, 10.00000000000000000, 1.100000000000001199 ) ) ;
#7268 = PRODUCT_DEFINITION ( 'UNKNOWN', '', #3296, #3503 ) ;
#7269 = VERTEX_POINT ( 'NONE', #5820 ) ;
#7270 = EDGE_LOOP ( 'NONE', ( #3359, #778, #3933, #2671 ) ) ;
#7271 = ADVANCED_FACE ( 'NONE', ( #2433 ), #547, .F. ) ;
#7272 = VERTEX_POINT ( 'NONE', #5133 ) ;
#7273 = DIRECTION ( 'NONE',  ( 0.000000000000000000, 0.000000000000000000, -1.000000000000000000 ) ) ;
#7274 = EDGE_CURVE ( 'NONE', #2003, #160, #7705, .T. ) ;
#7275 = DIRECTION ( 'NONE',  ( 1.000000000000000000, 0.000000000000000000, 0.000000000000000000 ) ) ;
#7276 = CARTESIAN_POINT ( 'NONE',  ( 0.9136625832470525177, 8.172674833505894298, -6.672965233509484229 ) ) ;
#7277 = ORIENTED_EDGE ( 'NONE', *, *, #1208, .F. ) ;
#7278 = EDGE_CURVE ( 'NONE', #915, #4839, #4503, .T. ) ;
#7279 = LINE ( 'NONE', #1409, #4841 ) ;
#7280 = EDGE_CURVE ( 'NONE', #1198, #432, #7834, .T. ) ;
#7281 = CARTESIAN_POINT ( 'NONE',  ( -0.1998448530267817047, 2.799999999999997602, -4.100000000000000533 ) ) ;
#7282 = CARTESIAN_POINT ( 'NONE',  ( 0.000000000000000000, 0.000000000000000000, 0.000000000000000000 ) ) ;
#7283 = CARTESIAN_POINT ( 'NONE',  ( 0.000000000000000000, 0.8000000000000020428, -4.100000000000000533 ) ) ;
#7284 = DIRECTION ( 'NONE',  ( 0.8039056341586715559, -0.5947568674407586187, 0.000000000000000000 ) ) ;
#7285 = VERTEX_POINT ( 'NONE', #1876 ) ;
#7286 = EDGE_CURVE ( 'NONE', #1198, #20, #5864, .T. ) ;
#7287 = LINE ( 'NONE', #3480, #2497 ) ;
#7288 = ORIENTED_EDGE ( 'NONE', *, *, #8301, .F. ) ;
#7289 = ADVANCED_FACE ( 'NONE', ( #3818 ), #3168, .F. ) ;
#7290 = DIRECTION ( 'NONE',  ( 1.000000000000000000, 0.000000000000000000, -0.000000000000000000 ) ) ;
#7291 = DIRECTION ( 'NONE',  ( -0.000000000000000000, -0.000000000000000000, -1.000000000000000000 ) ) ;
#7292 = STYLED_ITEM ( 'NONE', ( #1163 ), #770 ) ;
#7293 = EDGE_LOOP ( 'NONE', ( #2474, #6765, #6566, #5319 ) ) ;
#7294 = LINE ( 'NONE', #4049, #5726 ) ;
#7295 = CARTESIAN_POINT ( 'NONE',  ( -1.999999999999999112, 1.734723475976807094E-15, 5.300000000000000711 ) ) ;
#7296 = AXIS2_PLACEMENT_3D ( 'NONE', #5538, #1117, #3569 ) ;
#7297 = AXIS2_PLACEMENT_3D ( 'NONE', #6877, #6186, #3636 ) ;
#7298 = ORIENTED_EDGE ( 'NONE', *, *, #6612, .F. ) ;
#7299 = CARTESIAN_POINT ( 'NONE',  ( 4.800155146973216880, 1.371243476461044291E-15, -4.100000000000000533 ) ) ;
#7300 = EDGE_CURVE ( 'NONE', #5882, #1612, #5179, .T. ) ;
#7301 = CARTESIAN_POINT ( 'NONE',  ( -10.00000000000000355, -3.366025403784456582, -5.100000000000000533 ) ) ;
#7302 = VECTOR ( 'NONE', #4052, 1000.000000000000000 ) ;
#7303 = ORIENTED_EDGE ( 'NONE', *, *, #1666, .T. ) ;
#7304 = VECTOR ( 'NONE', #7577, 1000.000000000000000 ) ;
#7305 = CARTESIAN_POINT ( 'NONE',  ( -1.749999999999999778, 8.545363321340250451, -6.250000000000000000 ) ) ;
#7306 = LINE ( 'NONE', #4613, #3663 ) ;
#7307 = ORIENTED_EDGE ( 'NONE', *, *, #5197, .F. ) ;
#7308 = CIRCLE ( 'NONE', #6753, 2.399999999999999023 ) ;
#7309 = CARTESIAN_POINT ( 'NONE',  ( -2.500000000000000888, 9.947350469337287393, -4.100000000000000533 ) ) ;
#7310 = FACE_OUTER_BOUND ( 'NONE', #6729, .T. ) ;
#7311 = DIRECTION ( 'NONE',  ( -0.000000000000000000, -1.000000000000000000, -0.000000000000000000 ) ) ;
#7312 = VECTOR ( 'NONE', #8272, 1000.000000000000000 ) ;
#7313 = ORIENTED_EDGE ( 'NONE', *, *, #7611, .T. ) ;
#7314 = ORIENTED_EDGE ( 'NONE', *, *, #4200, .F. ) ;
#7315 = ORIENTED_EDGE ( 'NONE', *, *, #6497, .F. ) ;
#7316 =( LENGTH_UNIT ( ) NAMED_UNIT ( * ) SI_UNIT ( .MILLI., .METRE. ) );
#7317 = AXIS2_PLACEMENT_3D ( 'NONE', #4621, #4744, #5254 ) ;
#7318 = CARTESIAN_POINT ( 'NONE',  ( 0.5000000000000000000, 4.625000000000001776, 1.100000000000001199 ) ) ;
#7319 = AXIS2_PLACEMENT_3D ( 'NONE', #7073, #3315, #6472 ) ;
#7320 = CARTESIAN_POINT ( 'NONE',  ( 0.6014837311292451361, 10.00000000000000000, -6.971123081938319643 ) ) ;
#7321 = ADVANCED_FACE ( 'NONE', ( #1917 ), #642, .T. ) ;
#7322 = ADVANCED_FACE ( 'NONE', ( #7962 ), #7413, .F. ) ;
#7323 = ORIENTED_EDGE ( 'NONE', *, *, #7069, .F. ) ;
#7324 = AXIS2_PLACEMENT_3D ( 'NONE', #7129, #2547, #1359 ) ;
#7325 = VECTOR ( 'NONE', #4789, 1000.000000000000000 ) ;
#7326 = CARTESIAN_POINT ( 'NONE',  ( 7.609923976848169680, 5.985126513463341347, 7.900000000000000355 ) ) ;
#7327 = DIRECTION ( 'NONE',  ( 1.000000000000000000, 0.000000000000000000, 0.000000000000000000 ) ) ;
#7328 = DIRECTION ( 'NONE',  ( 0.000000000000000000, 0.000000000000000000, 1.000000000000000000 ) ) ;
#7329 = DIRECTION ( 'NONE',  ( 2.466431482431479202E-16, -1.000000000000000000, 0.000000000000000000 ) ) ;
#7330 = MECHANICAL_DESIGN_GEOMETRIC_PRESENTATION_REPRESENTATION (  '', ( #7876 ), #1027 ) ;
#7331 = CYLINDRICAL_SURFACE ( 'NONE', #5655, 2.399999999999999023 ) ;
#7332 = VERTEX_POINT ( 'NONE', #4669 ) ;
#7333 = PRODUCT ( 'SDS-50J_5', 'SDS-50J_5', '', ( #2418 ) ) ;
#7334 = FACE_OUTER_BOUND ( 'NONE', #3751, .T. ) ;
#7335 = ORIENTED_EDGE ( 'NONE', *, *, #3092, .T. ) ;
#7336 = CARTESIAN_POINT ( 'NONE',  ( -3.334816353806960176, 10.87229042737958196, 7.900000000000000355 ) ) ;
#7337 = CARTESIAN_POINT ( 'NONE',  ( 9.409923976848167726, 5.985126513463341347, 1.900000000000001021 ) ) ;
#7338 = VECTOR ( 'NONE', #5445, 1000.000000000000114 ) ;
#7339 = ORIENTED_EDGE ( 'NONE', *, *, #1970, .F. ) ;
#7340 = DIRECTION ( 'NONE',  ( -1.000000000000000000, -1.262516554967624046E-15, 0.000000000000000000 ) ) ;
#7341 = DIRECTION ( 'NONE',  ( 0.000000000000000000, 0.000000000000000000, -1.000000000000000000 ) ) ;
#7342 = CARTESIAN_POINT ( 'NONE',  ( 0.1749999999999999334, 10.00000000000000000, -6.450000000000001066 ) ) ;
#7343 = ADVANCED_FACE ( 'NONE', ( #773 ), #814, .F. ) ;
#7344 = VECTOR ( 'NONE', #136, 1000.000000000000000 ) ;
#7345 = VERTEX_POINT ( 'NONE', #7887 ) ;
#7346 = CARTESIAN_POINT ( 'NONE',  ( -5.179378605318049722, 9.027728175868499960, 7.900000000000000355 ) ) ;
#7347 = DIRECTION ( 'NONE',  ( -0.5947568674407573974, -0.8039056341586724441, -0.000000000000000000 ) ) ;
#7348 = ORIENTED_EDGE ( 'NONE', *, *, #318, .T. ) ;
#7349 = DIRECTION ( 'NONE',  ( -1.000000000000000000, -1.149254302834631071E-14, 0.000000000000000000 ) ) ;
#7350 = CARTESIAN_POINT ( 'NONE',  ( -4.407966415290565543, 5.424564683621932559, -4.100000000000000533 ) ) ;
#7351 = ORIENTED_EDGE ( 'NONE', *, *, #647, .F. ) ;
#7352 = APPLICATION_CONTEXT ( 'automotive_design' ) ;
#7353 = CARTESIAN_POINT ( 'NONE',  ( 2.500000000000000000, 9.947350469337285617, -4.100000000000000533 ) ) ;
#7354 = DIRECTION ( 'NONE',  ( -1.675614206915949728E-15, 0.2588190451025139671, -0.9659258262890701996 ) ) ;
#7355 = PRODUCT_DEFINITION_CONTEXT ( 'detailed design', #3303, 'design' ) ;
#7356 = ADVANCED_FACE ( 'NONE', ( #2742 ), #3392, .F. ) ;
#7357 = DIRECTION ( 'NONE',  ( 0.000000000000000000, 0.000000000000000000, 1.000000000000000000 ) ) ;
#7358 = EDGE_CURVE ( 'NONE', #694, #2899, #4038, .T. ) ;
#7359 = ORIENTED_EDGE ( 'NONE', *, *, #7569, .F. ) ;
#7360 = EDGE_LOOP ( 'NONE', ( #4982, #2270, #4532, #1124 ) ) ;
#7361 = VECTOR ( 'NONE', #8326, 1000.000000000000000 ) ;
#7362 = ORIENTED_EDGE ( 'NONE', *, *, #6325, .F. ) ;
#7363 = SURFACE_STYLE_USAGE ( .BOTH. , #3460 ) ;
#7364 = ORIENTED_EDGE ( 'NONE', *, *, #4831, .F. ) ;
#7365 = CARTESIAN_POINT ( 'NONE',  ( -6.907811268317342268, 3.989513734881515283, -4.100000000000000533 ) ) ;
#7366 = ADVANCED_FACE ( 'NONE', ( #4711 ), #4795, .F. ) ;
#7367 = DIRECTION ( 'NONE',  ( -0.000000000000000000, -0.000000000000000000, -1.000000000000000000 ) ) ;
#7368 = AXIS2_PLACEMENT_3D ( 'NONE', #1387, #2584, #5095 ) ;
#7369 = ORIENTED_EDGE ( 'NONE', *, *, #225, .F. ) ;
#7370 = VECTOR ( 'NONE', #2442, 1000.000000000000000 ) ;
#7371 = DIRECTION ( 'NONE',  ( -0.000000000000000000, -0.000000000000000000, -1.000000000000000000 ) ) ;
#7372 = DIRECTION ( 'NONE',  ( 0.000000000000000000, 0.000000000000000000, 1.000000000000000000 ) ) ;
#7373 = PLANE ( 'NONE',  #5084 ) ;
#7374 = FACE_OUTER_BOUND ( 'NONE', #7270, .T. ) ;
#7375 = VECTOR ( 'NONE', #7031, 1000.000000000000000 ) ;
#7376 = VERTEX_POINT ( 'NONE', #5993 ) ;
#7377 = CARTESIAN_POINT ( 'NONE',  ( 7.699999999999998401, -3.366025403784441927, -4.100000000000000533 ) ) ;
#7378 = VECTOR ( 'NONE', #595, 1000.000000000000000 ) ;
#7379 = ORIENTED_EDGE ( 'NONE', *, *, #3642, .T. ) ;
#7380 = DIRECTION ( 'NONE',  ( 0.000000000000000000, 0.000000000000000000, -1.000000000000000000 ) ) ;
#7381 = CARTESIAN_POINT ( 'NONE',  ( -7.700000000000003730, -3.499999999999986677, -5.099999999999996980 ) ) ;
#7382 = EDGE_LOOP ( 'NONE', ( #7573, #1601, #359, #6173 ) ) ;
#7383 = CARTESIAN_POINT ( 'NONE',  ( 0.000000000000000000, -9.095066448748047907E-22, 7.900000000000000355 ) ) ;
#7384 = ADVANCED_FACE ( 'NONE', ( #5950 ), #5348, .T. ) ;
#7385 = PLANE ( 'NONE',  #391 ) ;
#7386 = CARTESIAN_POINT ( 'NONE',  ( 2.800155146973221765, 4.235050948740416210, -7.900000000000000355 ) ) ;
#7387 = AXIS2_PLACEMENT_3D ( 'NONE', #3178, #7849, #1980 ) ;
#7388 = ORIENTED_EDGE ( 'NONE', *, *, #6060, .T. ) ;
#7389 = CARTESIAN_POINT ( 'NONE',  ( -0.1998448530267832313, -3.500000000000010658, -4.599999999999999645 ) ) ;
#7390 = EDGE_CURVE ( 'NONE', #4474, #2401, #1411, .T. ) ;
#7391 = DIRECTION ( 'NONE',  ( 0.7798598600361773547, -0.6259541506407267919, -0.000000000000000000 ) ) ;
#7392 = ORIENTED_EDGE ( 'NONE', *, *, #4, .F. ) ;
#7393 = AXIS2_PLACEMENT_3D ( 'NONE', #4712, #6875, #2703 ) ;
#7394 = EDGE_CURVE ( 'NONE', #3628, #406, #2713, .T. ) ;
#7395 = DIRECTION ( 'NONE',  ( 1.000000000000000000, 0.000000000000000000, 0.000000000000000000 ) ) ;
#7396 = ORIENTED_EDGE ( 'NONE', *, *, #8381, .F. ) ;
#7397 = EDGE_CURVE ( 'NONE', #5526, #5058, #6029, .T. ) ;
#7398 = LINE ( 'NONE', #883, #453 ) ;
#7399 = DIRECTION ( 'NONE',  ( 1.000000000000000000, 0.000000000000000000, 0.000000000000000000 ) ) ;
#7400 = UNCERTAINTY_MEASURE_WITH_UNIT (LENGTH_MEASURE( 1.000000000000000082E-05 ), #3604, 'distance_accuracy_value', 'NONE');
#7401 = DIRECTION ( 'NONE',  ( 1.734723475976807094E-15, -1.000000000000000000, 0.000000000000000000 ) ) ;
#7402 = ORIENTED_EDGE ( 'NONE', *, *, #2941, .F. ) ;
#7403 = ORIENTED_EDGE ( 'NONE', *, *, #5002, .F. ) ;
#7404 = ADVANCED_FACE ( 'NONE', ( #155 ), #4758, .F. ) ;
#7405 =( REPRESENTATION_RELATIONSHIP ('NONE','NONE', #4283, #231 ) REPRESENTATION_RELATIONSHIP_WITH_TRANSFORMATION ( #5848 )SHAPE_REPRESENTATION_RELATIONSHIP( ) );
#7406 = ORIENTED_EDGE ( 'NONE', *, *, #4519, .F. ) ;
#7407 = PRESENTATION_STYLE_ASSIGNMENT (( #7363 ) ) ;
#7408 = EDGE_CURVE ( 'NONE', #4515, #426, #6555, .T. ) ;
#7409 = LINE ( 'NONE', #6922, #1702 ) ;
#7410 = CARTESIAN_POINT ( 'NONE',  ( -0.9136625832470525177, 8.172674833505894298, -6.672965233509484229 ) ) ;
#7411 = ORIENTED_EDGE ( 'NONE', *, *, #1928, .T. ) ;
#7412 = FACE_OUTER_BOUND ( 'NONE', #7089, .T. ) ;
#7413 = PLANE ( 'NONE',  #2989 ) ;
#7414 = CARTESIAN_POINT ( 'NONE',  ( 3.500000000000000000, 10.75000000000000000, -6.250000000000000000 ) ) ;
#7415 = DIRECTION ( 'NONE',  ( -0.5947568674407583966, -0.8039056341586717780, 0.000000000000000000 ) ) ;
#7416 = ORIENTED_EDGE ( 'NONE', *, *, #6996, .T. ) ;
#7417 = DIRECTION ( 'NONE',  ( -0.000000000000000000, -0.000000000000000000, -1.000000000000000000 ) ) ;
#7418 = ORIENTED_EDGE ( 'NONE', *, *, #6950, .F. ) ;
#7419 = FACE_OUTER_BOUND ( 'NONE', #390, .T. ) ;
#7420 = CARTESIAN_POINT ( 'NONE',  ( -3.499999999999998668, 9.999999999999998224, -3.654908379606684576 ) ) ;
#7421 = ORIENTED_EDGE ( 'NONE', *, *, #151, .F. ) ;
#7422 = DIRECTION ( 'NONE',  ( -1.000000000000000000, 0.000000000000000000, 0.000000000000000000 ) ) ;
#7423 = LINE ( 'NONE', #6089, #5598 ) ;
#7424 = DIRECTION ( 'NONE',  ( 1.000000000000000000, 0.000000000000000000, -0.000000000000000000 ) ) ;
#7425 = LINE ( 'NONE', #8190, #1556 ) ;
#7426 = EDGE_CURVE ( 'NONE', #1009, #7996, #4122, .T. ) ;
#7427 = EDGE_CURVE ( 'NONE', #2283, #2127, #2656, .T. ) ;
#7428 = ORIENTED_EDGE ( 'NONE', *, *, #5341, .T. ) ;
#7429 = AXIS2_PLACEMENT_3D ( 'NONE', #1654, #7570, #6241 ) ;
#7430 = FACE_OUTER_BOUND ( 'NONE', #5660, .T. ) ;
#7431 = CARTESIAN_POINT ( 'NONE',  ( -6.693333656463235748, 4.951957032146045101, -4.100000000000000533 ) ) ;
#7432 = VERTEX_POINT ( 'NONE', #7238 ) ;
#7433 = DIRECTION ( 'NONE',  ( -0.000000000000000000, -0.000000000000000000, 1.000000000000000000 ) ) ;
#7434 = DIRECTION ( 'NONE',  ( 1.000000000000000000, 0.000000000000000000, 0.000000000000000000 ) ) ;
#7435 = ORIENTED_EDGE ( 'NONE', *, *, #1273, .F. ) ;
#7436 = CARTESIAN_POINT ( 'NONE',  ( -2.812186117670661734, 10.19792651016505758, -4.100000000000000533 ) ) ;
#7437 = AXIS2_PLACEMENT_3D ( 'NONE', #4912, #1652, #5594 ) ;
#7438 = CARTESIAN_POINT ( 'NONE',  ( 9.200000000000001066, 2.799999999999998046, -6.250000000000000888 ) ) ;
#7439 = ORIENTED_EDGE ( 'NONE', *, *, #5251, .T. ) ;
#7440 = ORIENTED_EDGE ( 'NONE', *, *, #2872, .T. ) ;
#7441 = VECTOR ( 'NONE', #1716, 1000.000000000000000 ) ;
#7442 = CIRCLE ( 'NONE', #5087, 2.399999999999999023 ) ;
#7443 = VECTOR ( 'NONE', #8128, 1000.000000000000000 ) ;
#7444 = ORIENTED_EDGE ( 'NONE', *, *, #4249, .T. ) ;
#7445 = DIRECTION ( 'NONE',  ( 5.050066219870496183E-16, -1.000000000000000000, -0.000000000000000000 ) ) ;
#7446 = ORIENTED_EDGE ( 'NONE', *, *, #785, .T. ) ;
#7447 = CARTESIAN_POINT ( 'NONE',  ( -6.574999999999998401, 0.1750000000516591103, 0.4000000000000010214 ) ) ;
#7448 = CARTESIAN_POINT ( 'NONE',  ( 2.800155146973221765, 4.235050948740416210, -7.900000000000000355 ) ) ;
#7449 = CARTESIAN_POINT ( 'NONE',  ( 9.200000000000002842, 0.7999999999999989342, -6.250000000000000000 ) ) ;
#7450 = CIRCLE ( 'NONE', #3340, 1.000000000000000000 ) ;
#7451 = CIRCLE ( 'NONE', #2095, 0.1749999999999998779 ) ;
#7452 = VECTOR ( 'NONE', #4231, 1000.000000000000000 ) ;
#7453 = VERTEX_POINT ( 'NONE', #3993 ) ;
#7454 = EDGE_CURVE ( 'NONE', #5233, #7453, #6594, .T. ) ;
#7455 = VECTOR ( 'NONE', #6645, 1000.000000000000000 ) ;
#7456 = FACE_OUTER_BOUND ( 'NONE', #851, .T. ) ;
#7457 = AXIS2_PLACEMENT_3D ( 'NONE', #1438, #4225, #4736 ) ;
#7458 = DIRECTION ( 'NONE',  ( -8.378071034579744696E-16, 0.9659258262890703106, 0.2588190451025131900 ) ) ;
#7459 = FACE_OUTER_BOUND ( 'NONE', #5981, .T. ) ;
#7460 = EDGE_CURVE ( 'NONE', #872, #6139, #2702, .T. ) ;
#7461 = VERTEX_POINT ( 'NONE', #4835 ) ;
#7462 = VECTOR ( 'NONE', #1899, 1000.000000000000114 ) ;
#7463 = LINE ( 'NONE', #6813, #325 ) ;
#7464 = ORIENTED_EDGE ( 'NONE', *, *, #1310, .F. ) ;
#7465 = CARTESIAN_POINT ( 'NONE',  ( 2.800155146973221765, 0.8000000000000008216, -7.900000000000000355 ) ) ;
#7466 = DIRECTION ( 'NONE',  ( 0.000000000000000000, -0.000000000000000000, 1.000000000000000000 ) ) ;
#7467 = ORIENTED_EDGE ( 'NONE', *, *, #7676, .T. ) ;
#7468 = VECTOR ( 'NONE', #1184, 1000.000000000000000 ) ;
#7469 = DIRECTION ( 'NONE',  ( -0.000000000000000000, 1.000000000000000000, -0.000000000000000000 ) ) ;
#7470 = COLOUR_RGB ( '',0.6470588235294117974, 0.6196078431372549211, 0.5882352941176470784 ) ;
#7471 = CARTESIAN_POINT ( 'NONE',  ( -0.5000000000000000000, 4.625000000000001776, -3.049120979999346392 ) ) ;
#7472 = CARTESIAN_POINT ( 'NONE',  ( 4.800155146973218656, 0.7999999999999986011, -6.250000000000000000 ) ) ;
#7473 = FACE_OUTER_BOUND ( 'NONE', #3924, .T. ) ;
#7474 = ORIENTED_EDGE ( 'NONE', *, *, #3665, .F. ) ;
#7475 = FACE_OUTER_BOUND ( 'NONE', #3108, .T. ) ;
#7476 = DIRECTION ( 'NONE',  ( 1.000000000000000000, 4.336808689942037951E-16, -0.000000000000000000 ) ) ;
#7477 = ORIENTED_EDGE ( 'NONE', *, *, #1847, .F. ) ;
#7478 = PLANE ( 'NONE',  #3060 ) ;
#7479 = CIRCLE ( 'NONE', #355, 0.8877928962701181481 ) ;
#7480 = ORIENTED_EDGE ( 'NONE', *, *, #687, .F. ) ;
#7481 = VERTEX_POINT ( 'NONE', #4162 ) ;
#7482 = EDGE_CURVE ( 'NONE', #5570, #6909, #6117, .T. ) ;
#7483 = ORIENTED_EDGE ( 'NONE', *, *, #5072, .T. ) ;
#7484 = LINE ( 'NONE', #2253, #5826 ) ;
#7485 = CARTESIAN_POINT ( 'NONE',  ( 3.447145558284426148, 5.845747660529039713, 7.900000000000000355 ) ) ;
#7486 = CARTESIAN_POINT ( 'NONE',  ( -10.00000000000000178, -3.366025403784455694, -7.600000000000002309 ) ) ;
#7487 = EDGE_CURVE ( 'NONE', #6712, #432, #903, .T. ) ;
#7488 = FACE_OUTER_BOUND ( 'NONE', #6324, .T. ) ;
#7489 = ORIENTED_EDGE ( 'NONE', *, *, #2575, .F. ) ;
#7490 = DIRECTION ( 'NONE',  ( 1.000000000000000000, -0.000000000000000000, 0.000000000000000000 ) ) ;
#7491 = EDGE_CURVE ( 'NONE', #6685, #1004, #247, .T. ) ;
#7492 = AXIS2_PLACEMENT_3D ( 'NONE', #1304, #3923, #7723 ) ;
#7493 = EDGE_CURVE ( 'NONE', #2718, #7285, #8095, .T. ) ;
#7494 = CARTESIAN_POINT ( 'NONE',  ( -3.876317454842983068, 4.829402256851124342, -4.100000000000000533 ) ) ;
#7495 = ADVANCED_FACE ( 'NONE', ( #5739 ), #8450, .F. ) ;
#7496 = LINE ( 'NONE', #4838, #2796 ) ;
#7497 = VECTOR ( 'NONE', #2217, 1000.000000000000000 ) ;
#7498 = ORIENTED_EDGE ( 'NONE', *, *, #4091, .T. ) ;
#7499 = CARTESIAN_POINT ( 'NONE',  ( 0.9999999999999995559, 7.543376173343215640, -4.599999999999999645 ) ) ;
#7500 = EDGE_LOOP ( 'NONE', ( #7464, #6678, #6413, #8213 ) ) ;
#7501 = CARTESIAN_POINT ( 'NONE',  ( 2.812186117670662622, 10.19792651016505580, -4.100000000000000533 ) ) ;
#7502 = LINE ( 'NONE', #986, #6901 ) ;
#7503 = EDGE_CURVE ( 'NONE', #5060, #5338, #374, .T. ) ;
#7504 = VERTEX_POINT ( 'NONE', #3786 ) ;
#7505 = DIRECTION ( 'NONE',  ( -1.000000000000000000, 0.000000000000000000, 0.000000000000000000 ) ) ;
#7506 = EDGE_CURVE ( 'NONE', #4942, #7775, #1119, .T. ) ;
#7507 = DIRECTION ( 'NONE',  ( 1.000000000000000000, 8.092595186784930598E-16, -2.168404344971014291E-16 ) ) ;
#7508 = FACE_OUTER_BOUND ( 'NONE', #704, .T. ) ;
#7509 = FACE_OUTER_BOUND ( 'NONE', #6152, .T. ) ;
#7510 = ORIENTED_EDGE ( 'NONE', *, *, #1131, .F. ) ;
#7511 = CARTESIAN_POINT ( 'NONE',  ( 7.700000000000001066, 6.678685382510720724E-15, -4.100000000000000533 ) ) ;
#7512 = EDGE_CURVE ( 'NONE', #7272, #1272, #7845, .T. ) ;
#7513 = FACE_OUTER_BOUND ( 'NONE', #400, .T. ) ;
#7514 = VERTEX_POINT ( 'NONE', #1883 ) ;
#7515 =( BOUNDED_CURVE ( )  B_SPLINE_CURVE ( 3, ( #4832, #1023, #4204, #3641 ),
 .UNSPECIFIED., .F., .F. ) 
 B_SPLINE_CURVE_WITH_KNOTS ( ( 4, 4 ),
 ( 4.712388980384689674, 6.283185307179586232 ),
 .UNSPECIFIED. ) 
 CURVE ( )  GEOMETRIC_REPRESENTATION_ITEM ( )  RATIONAL_B_SPLINE_CURVE ( ( 1.000000000000000000, 0.8047378541243649375, 0.8047378541243649375, 1.000000000000000000 ) ) 
 REPRESENTATION_ITEM ( '' )  );
#7516 = CARTESIAN_POINT ( 'NONE',  ( 3.665183646193039824, 9.127709572620414491, -3.654908379606658819 ) ) ;
#7517 = AXIS2_PLACEMENT_3D ( 'NONE', #4590, #2611, #2569 ) ;
#7518 = DIRECTION ( 'NONE',  ( 0.000000000000000000, 0.000000000000000000, 1.000000000000000000 ) ) ;
#7519 = ORIENTED_EDGE ( 'NONE', *, *, #2166, .F. ) ;
#7520 = ORIENTED_EDGE ( 'NONE', *, *, #4157, .T. ) ;
#7521 = CIRCLE ( 'NONE', #7387, 0.8877928962701181481 ) ;
#7522 = VERTEX_POINT ( 'NONE', #7158 ) ;
#7523 = LINE ( 'NONE', #1767, #7588 ) ;
#7524 = ORIENTED_EDGE ( 'NONE', *, *, #7789, .T. ) ;
#7525 = CARTESIAN_POINT ( 'NONE',  ( 0.000000000000000000, 0.000000000000000000, -6.250000000000000000 ) ) ;
#7526 = CARTESIAN_POINT ( 'NONE',  ( -10.00000000000000355, 0.7999999999999978240, -6.250000000000000000 ) ) ;
#7527 = DIRECTION ( 'NONE',  ( -1.000000000000000000, 0.000000000000000000, 4.340175515414278461E-15 ) ) ;
#7528 = EDGE_CURVE ( 'NONE', #2651, #3484, #5049, .T. ) ;
#7529 = ORIENTED_EDGE ( 'NONE', *, *, #3036, .T. ) ;
#7530 = EDGE_CURVE ( 'NONE', #4615, #1612, #5990, .T. ) ;
#7531 = LINE ( 'NONE', #7045, #5122 ) ;
#7532 = LINE ( 'NONE', #4278, #1800 ) ;
#7533 = CARTESIAN_POINT ( 'NONE',  ( 7.229373521980811290, 4.227416481857817487, -4.100000000000000533 ) ) ;
#7534 = EDGE_CURVE ( 'NONE', #1201, #4068, #1791, .T. ) ;
#7535 = ORIENTED_EDGE ( 'NONE', *, *, #3509, .F. ) ;
#7536 = FACE_OUTER_BOUND ( 'NONE', #1399, .T. ) ;
#7537 = ORIENTED_EDGE ( 'NONE', *, *, #509, .T. ) ;
#7538 = DIRECTION ( 'NONE',  ( -6.982962677686266711E-15, 1.282749433769087407E-30, 1.000000000000000000 ) ) ;
#7539 = VERTEX_POINT ( 'NONE', #3919 ) ;
#7540 = CARTESIAN_POINT ( 'NONE',  ( 1.509539827951423385, 9.211442789095146466, 7.900000000000000355 ) ) ;
#7541 = DIRECTION ( 'NONE',  ( -0.000000000000000000, -0.000000000000000000, -1.000000000000000000 ) ) ;
#7542 = CARTESIAN_POINT ( 'NONE',  ( -0.1998448530267817047, 2.799999999999998046, -6.250000000000000888 ) ) ;
#7543 = ADVANCED_FACE ( 'NONE', ( #3826 ), #7717, .F. ) ;
#7544 = FACE_OUTER_BOUND ( 'NONE', #8198, .T. ) ;
#7545 = CARTESIAN_POINT ( 'NONE',  ( 0.000000000000000000, 10.00000000000000000, -4.599999999999999645 ) ) ;
#7546 = ORIENTED_EDGE ( 'NONE', *, *, #7491, .T. ) ;
#7547 = DIRECTION ( 'NONE',  ( 1.000000000000000000, -4.096110051504215558E-16, 0.000000000000000000 ) ) ;
#7548 = LINE ( 'NONE', #428, #2565 ) ;
#7549 = ORIENTED_EDGE ( 'NONE', *, *, #1433, .F. ) ;
#7550 = DIRECTION ( 'NONE',  ( 0.6259541506407287903, 0.7798598600361759114, -0.000000000000000000 ) ) ;
#7551 = DIRECTION ( 'NONE',  ( 1.000000000000000000, 0.000000000000000000, 0.000000000000000000 ) ) ;
#7552 = ORIENTED_EDGE ( 'NONE', *, *, #1435, .T. ) ;
#7553 = VERTEX_POINT ( 'NONE', #469 ) ;
#7554 = EDGE_CURVE ( 'NONE', #5605, #7097, #2617, .T. ) ;
#7555 = ORIENTED_EDGE ( 'NONE', *, *, #6384, .F. ) ;
#7556 = LINE ( 'NONE', #1728, #1450 ) ;
#7557 = PLANE ( 'NONE',  #7221 ) ;
#7558 = ORIENTED_EDGE ( 'NONE', *, *, #5515, .F. ) ;
#7559 = VECTOR ( 'NONE', #8387, 1000.000000000000000 ) ;
#7560 = PLANE ( 'NONE',  #7591 ) ;
#7561 = DIRECTION ( 'NONE',  ( -0.7071067811865467956, -0.7071067811865483499, 0.000000000000000000 ) ) ;
#7562 = LINE ( 'NONE', #2906, #3194 ) ;
#7563 = CONICAL_SURFACE ( 'NONE', #3882, 0.9999999999999974465, 0.7853981633974549403 ) ;
#7564 = ORIENTED_EDGE ( 'NONE', *, *, #6592, .T. ) ;
#7565 = VECTOR ( 'NONE', #5173, 1000.000000000000000 ) ;
#7567 = ADVANCED_FACE ( 'NONE', ( #4469 ), #5698, .F. ) ;
#7566 = VECTOR ( 'NONE', #463, 1000.000000000000000 ) ;
#7568 = VECTOR ( 'NONE', #3594, 1000.000000000000227 ) ;
#7569 = EDGE_CURVE ( 'NONE', #5910, #6232, #1252, .T. ) ;
#7570 = DIRECTION ( 'NONE',  ( 0.000000000000000000, 0.000000000000000000, 1.000000000000000000 ) ) ;
#7571 = VECTOR ( 'NONE', #2469, 999.9999999999998863 ) ;
#7572 = CARTESIAN_POINT ( 'NONE',  ( 0.000000000000000000, 10.00000000000000000, 7.900000000000000355 ) ) ;
#7573 = ORIENTED_EDGE ( 'NONE', *, *, #5466, .F. ) ;
#7574 = AXIS2_PLACEMENT_3D ( 'NONE', #5396, #6157, #1537 ) ;
#7575 = AXIS2_PLACEMENT_3D ( 'NONE', #7301, #1391, #7259 ) ;
#7576 = AXIS2_PLACEMENT_3D ( 'NONE', #141, #5369, #1996 ) ;
#7577 = DIRECTION ( 'NONE',  ( -0.000000000000000000, -0.000000000000000000, -1.000000000000000000 ) ) ;
#7578 = ADVANCED_BREP_SHAPE_REPRESENTATION ( '', ( #712, #7933 ), #538 ) ;
#7579 = ORIENTED_EDGE ( 'NONE', *, *, #564, .F. ) ;
#7580 = EDGE_CURVE ( 'NONE', #908, #5587, #4420, .T. ) ;
#7581 = EDGE_LOOP ( 'NONE', ( #3942, #5613, #1092, #511 ) ) ;
#7582 = DIRECTION ( 'NONE',  ( 1.000000000000000000, 0.000000000000000000, 0.000000000000000000 ) ) ;
#7583 = CARTESIAN_POINT ( 'NONE',  ( 7.500000000000000000, 0.1750000000279726131, 1.325000000000004174 ) ) ;
#7584 = CIRCLE ( 'NONE', #2248, 5.899999999999999467 ) ;
#7585 = VECTOR ( 'NONE', #90, 1000.000000000000000 ) ;
#7586 = DIRECTION ( 'NONE',  ( 1.233747299724884832E-16, -1.000000000000000000, 0.000000000000000000 ) ) ;
#7587 = CARTESIAN_POINT ( 'NONE',  ( -10.00000000000000355, 6.999999999999999112, -4.599999999999999645 ) ) ;
#7588 = VECTOR ( 'NONE', #6230, 1000.000000000000000 ) ;
#7589 = ORIENTED_EDGE ( 'NONE', *, *, #157, .F. ) ;
#7590 = CARTESIAN_POINT ( 'NONE',  ( -3.334816353806960176, 10.87229042737958196, 7.900000000000000355 ) ) ;
#7591 = AXIS2_PLACEMENT_3D ( 'NONE', #3583, #6183, #1058 ) ;
#7592 = ORIENTED_EDGE ( 'NONE', *, *, #1196, .T. ) ;
#7593 = CARTESIAN_POINT ( 'NONE',  ( 2.474873734152920779, 7.525126265847087659, 1.100000000000001199 ) ) ;
#7594 = CARTESIAN_POINT ( 'NONE',  ( 0.000000000000000000, 10.00000000000000000, 1.100000000000001199 ) ) ;
#7595 = VERTEX_POINT ( 'NONE', #5873 ) ;
#7596 = PLANE ( 'NONE',  #5255 ) ;
#7597 = EDGE_CURVE ( 'NONE', #8202, #5526, #603, .T. ) ;
#7598 = SURFACE_STYLE_FILL_AREA ( #3622 ) ;
#7599 = AXIS2_PLACEMENT_3D ( 'NONE', #1672, #8156, #6987 ) ;
#7600 = AXIS2_PLACEMENT_3D ( 'NONE', #954, #7264, #1362 ) ;
#7601 = ORIENTED_EDGE ( 'NONE', *, *, #5416, .F. ) ;
#7602 = ORIENTED_EDGE ( 'NONE', *, *, #946, .T. ) ;
#7603 = EDGE_LOOP ( 'NONE', ( #7388, #1674, #4270, #6243 ) ) ;
#7604 = PRESENTATION_STYLE_ASSIGNMENT (( #398 ) ) ;
#7605 = CARTESIAN_POINT ( 'NONE',  ( -4.407966415290564655, 5.424564683621931671, -4.100000000000000533 ) ) ;
#7606 = VECTOR ( 'NONE', #4641, 1000.000000000000000 ) ;
#7607 = ORIENTED_EDGE ( 'NONE', *, *, #2928, .F. ) ;
#7608 = EDGE_CURVE ( 'NONE', #8424, #3800, #8441, .T. ) ;
#7609 = DIRECTION ( 'NONE',  ( -1.000000000000000000, 0.000000000000000000, 0.000000000000000000 ) ) ;
#7610 = LINE ( 'NONE', #3584, #326 ) ;
#7611 = EDGE_CURVE ( 'NONE', #1305, #4394, #3174, .T. ) ;
#7612 = DIRECTION ( 'NONE',  ( -8.378071034579744696E-16, 0.9659258262890703106, -0.2588190451025131900 ) ) ;
#7613 = EDGE_LOOP ( 'NONE', ( #2751, #8410, #3130, #1168 ) ) ;
#7614 = VECTOR ( 'NONE', #7445, 1000.000000000000000 ) ;
#7615 = UNCERTAINTY_MEASURE_WITH_UNIT (LENGTH_MEASURE( 1.000000000000000082E-05 ), #3112, 'distance_accuracy_value', 'NONE');
#7616 = CARTESIAN_POINT ( 'NONE',  ( -0.1998448530267828982, -3.366025403784449033, -4.099999999999999645 ) ) ;
#7617 = FACE_OUTER_BOUND ( 'NONE', #3017, .T. ) ;
#7618 = ORIENTED_EDGE ( 'NONE', *, *, #2455, .F. ) ;
#7619 = VERTEX_POINT ( 'NONE', #7803 ) ;
#7620 = CARTESIAN_POINT ( 'NONE',  ( 0.000000000000000000, 2.799999999999997602, -4.599999999999999645 ) ) ;
#7621 = VECTOR ( 'NONE', #399, 1000.000000000000000 ) ;
#7622 = ORIENTED_EDGE ( 'NONE', *, *, #852, .T. ) ;
#7623 = EDGE_LOOP ( 'NONE', ( #889, #2475, #413, #6511, #7552, #2059, #2817, #194, #212 ) ) ;
#7624 = CARTESIAN_POINT ( 'NONE',  ( 7.500000000000000000, 5.684341886080801487E-11, 0.4000000000000010214 ) ) ;
#7625 =( NAMED_UNIT ( * ) SI_UNIT ( $, .STERADIAN. ) SOLID_ANGLE_UNIT ( ) );
#7626 = DIRECTION ( 'NONE',  ( -1.000000000000000000, -5.421711830911049901E-15, 0.000000000000000000 ) ) ;
#7627 = PRODUCT_DEFINITION_SHAPE ( 'NONE', 'NONE',  #4447 ) ;
#7628 = DIRECTION ( 'NONE',  ( 0.8039056341586716670, -0.5947568674407585076, 0.000000000000000000 ) ) ;
#7629 = EDGE_CURVE ( 'NONE', #6711, #2901, #5227, .T. ) ;
#7630 = VERTEX_POINT ( 'NONE', #2481 ) ;
#7631 = DIRECTION ( 'NONE',  ( -0.7798598600361769106, 0.6259541506407273470, 0.000000000000000000 ) ) ;
#7632 = ORIENTED_EDGE ( 'NONE', *, *, #5505, .T. ) ;
#7633 = CARTESIAN_POINT ( 'NONE',  ( 7.500000000000000000, 0.1750000000279726131, 0.4000000000000010214 ) ) ;
#7634 = CARTESIAN_POINT ( 'NONE',  ( -2.999999999999999556, 1.500000000000000444, 5.300000000000000711 ) ) ;
#7635 = ORIENTED_EDGE ( 'NONE', *, *, #5872, .T. ) ;
#7636 = CARTESIAN_POINT ( 'NONE',  ( 0.000000000000000000, 6.500000000000000888, -3.049120979999346392 ) ) ;
#7637 = LINE ( 'NONE', #2490, #3595 ) ;
#7638 = EDGE_CURVE ( 'NONE', #6611, #6978, #3739, .T. ) ;
#7639 = ORIENTED_EDGE ( 'NONE', *, *, #1664, .F. ) ;
#7640 = ORIENTED_EDGE ( 'NONE', *, *, #8177, .F. ) ;
#7641 = ADVANCED_FACE ( 'NONE', ( #1730 ), #7557, .T. ) ;
#7642 = EDGE_CURVE ( 'NONE', #2429, #4253, #649, .T. ) ;
#7643 = ORIENTED_EDGE ( 'NONE', *, *, #2835, .T. ) ;
#7644 = DIRECTION ( 'NONE',  ( 0.000000000000000000, 0.000000000000000000, 1.000000000000000000 ) ) ;
#7645 = VECTOR ( 'NONE', #8105, 1000.000000000000000 ) ;
#7646 = CARTESIAN_POINT ( 'NONE',  ( 2.800155146973221765, 4.235050948740416210, -4.599999999999999645 ) ) ;
#7647 = ORIENTED_EDGE ( 'NONE', *, *, #6115, .T. ) ;
#7648 = CARTESIAN_POINT ( 'NONE',  ( -2.800155146973221765, 4.235050948740416210, -4.100000000000000533 ) ) ;
#7649 = APPLICATION_PROTOCOL_DEFINITION ( 'draft international standard', 'automotive_design', 1998, #6024 ) ;
#7650 = FACE_OUTER_BOUND ( 'NONE', #7691, .T. ) ;
#7651 = CARTESIAN_POINT ( 'NONE',  ( 2.800155146973221765, 4.235050948740416210, -4.100000000000000533 ) ) ;
#7652 = ORIENTED_EDGE ( 'NONE', *, *, #2406, .T. ) ;
#7653 = EDGE_CURVE ( 'NONE', #4008, #2124, #5157, .T. ) ;
#7654 = EDGE_CURVE ( 'NONE', #615, #6880, #3154, .T. ) ;
#7655 = CARTESIAN_POINT ( 'NONE',  ( 7.700000000000004619, -3.500000000000003553, -4.599999999999999645 ) ) ;
#7656 = PRODUCT_DEFINITION_FORMATION_WITH_SPECIFIED_SOURCE ( 'ANY', '', #1276, .NOT_KNOWN. ) ;
#7657 = CARTESIAN_POINT ( 'NONE',  ( 6.907811268317343156, 3.989513734881517060, -4.599999999999999645 ) ) ;
#7658 = CARTESIAN_POINT ( 'NONE',  ( -10.00000000000000355, 0.7999999999999976019, -4.599999999999999645 ) ) ;
#7659 = ORIENTED_EDGE ( 'NONE', *, *, #8432, .T. ) ;
#7660 = DIRECTION ( 'NONE',  ( -0.000000000000000000, 0.000000000000000000, 1.000000000000000000 ) ) ;
#7661 = EDGE_LOOP ( 'NONE', ( #6773, #1401, #7704, #475 ) ) ;
#7662 =( REPRESENTATION_RELATIONSHIP ('NONE','NONE', #4283, #3793 ) REPRESENTATION_RELATIONSHIP_WITH_TRANSFORMATION ( #534 )SHAPE_REPRESENTATION_RELATIONSHIP( ) );
#7663 = EDGE_LOOP ( 'NONE', ( #1495, #7969, #6601, #4745, #4611, #7090, #1545 ) ) ;
#7664 = DIRECTION ( 'NONE',  ( 1.000000000000000000, 0.000000000000000000, 0.000000000000000000 ) ) ;
#7665 = DIRECTION ( 'NONE',  ( -8.378071034579725961E-16, 0.9659258262890682012, -0.2588190451025209060 ) ) ;
#7666 = DIRECTION ( 'NONE',  ( -0.000000000000000000, -0.000000000000000000, 1.000000000000000000 ) ) ;
#7667 = DIRECTION ( 'NONE',  ( 1.000000000000000000, 0.000000000000000000, -0.000000000000000000 ) ) ;
#7668 = VERTEX_POINT ( 'NONE', #6999 ) ;
#7669 = DIRECTION ( 'NONE',  ( -0.000000000000000000, -0.000000000000000000, 1.000000000000000000 ) ) ;
#7670 = CARTESIAN_POINT ( 'NONE',  ( 3.500000000000002220, 9.999999999999998224, 1.100000000000001199 ) ) ;
#7671 = ORIENTED_EDGE ( 'NONE', *, *, #3897, .T. ) ;
#7672 = DIRECTION ( 'NONE',  ( 1.000000000000000000, 0.000000000000000000, 0.000000000000000000 ) ) ;
#7673 = CARTESIAN_POINT ( 'NONE',  ( 5.199844853026783120, 4.235050948740416210, -4.100000000000000533 ) ) ;
#7674 = VERTEX_POINT ( 'NONE', #5670 ) ;
#7675 = ADVANCED_FACE ( 'NONE', ( #8239 ), #1134, .F. ) ;
#7676 = EDGE_CURVE ( 'NONE', #3989, #4334, #4396, .T. ) ;
#7677 = DIRECTION ( 'NONE',  ( 0.000000000000000000, -0.000000000000000000, -1.000000000000000000 ) ) ;
#7678 = DIRECTION ( 'NONE',  ( 0.000000000000000000, 0.000000000000000000, -1.000000000000000000 ) ) ;
#7679 = EDGE_LOOP ( 'NONE', ( #2008, #3023 ) ) ;
#7680 = ORIENTED_EDGE ( 'NONE', *, *, #1782, .F. ) ;
#7681 = DIRECTION ( 'NONE',  ( -0.000000000000000000, -0.000000000000000000, -1.000000000000000000 ) ) ;
#7682 = ORIENTED_EDGE ( 'NONE', *, *, #943, .F. ) ;
#7683 = VERTEX_POINT ( 'NONE', #4441 ) ;
#7684 = FACE_OUTER_BOUND ( 'NONE', #8050, .T. ) ;
#7685 = CARTESIAN_POINT ( 'NONE',  ( -2.812186117670661734, 10.19792651016505758, -4.599999999999999645 ) ) ;
#7686 = ORIENTED_EDGE ( 'NONE', *, *, #1415, .F. ) ;
#7687 = LINE ( 'NONE', #1811, #7872 ) ;
#7688 = APPLICATION_PROTOCOL_DEFINITION ( 'draft international standard', 'automotive_design', 1998, #7785 ) ;
#7689 = CARTESIAN_POINT ( 'NONE',  ( 0.8750000000000002220, 15.83475577895081976, 7.900000000000000355 ) ) ;
#7690 = DIRECTION ( 'NONE',  ( -0.000000000000000000, -0.000000000000000000, -1.000000000000000000 ) ) ;
#7691 = EDGE_LOOP ( 'NONE', ( #1245, #4186, #4393, #3526, #7362 ) ) ;
#7692 = VECTOR ( 'NONE', #5600, 1000.000000000000000 ) ;
#7693 = CARTESIAN_POINT ( 'NONE',  ( 4.387792896270120480, 9.999999999999998224, -3.654908379606660596 ) ) ;
#7694 = CARTESIAN_POINT ( 'NONE',  ( -2.500000000000000000, 9.947350469337287393, -4.599999999999999645 ) ) ;
#7695 = DIRECTION ( 'NONE',  ( 0.7071067811865462405, -0.7071067811865489050, 0.000000000000000000 ) ) ;
#7696 = EDGE_CURVE ( 'NONE', #6177, #8472, #6231, .T. ) ;
#7697 = VECTOR ( 'NONE', #4535, 1000.000000000000000 ) ;
#7698 = ORIENTED_EDGE ( 'NONE', *, *, #6262, .T. ) ;
#7699 = AXIS2_PLACEMENT_3D ( 'NONE', #868, #4292, #2970 ) ;
#7700 = FACE_OUTER_BOUND ( 'NONE', #7915, .T. ) ;
#7701 = VECTOR ( 'NONE', #8449, 1000.000000000000000 ) ;
#7702 = ORIENTED_EDGE ( 'NONE', *, *, #6224, .T. ) ;
#7703 = VECTOR ( 'NONE', #5031, 1000.000000000000000 ) ;
#7704 = ORIENTED_EDGE ( 'NONE', *, *, #4450, .T. ) ;
#7705 = LINE ( 'NONE', #7146, #6268 ) ;
#7706 =( NAMED_UNIT ( * ) PLANE_ANGLE_UNIT ( ) SI_UNIT ( $, .RADIAN. ) );
#7707 = CARTESIAN_POINT ( 'NONE',  ( 1.999999999999999556, -2.999999999999998224, 5.300000000000000711 ) ) ;
#7708 = ADVANCED_FACE ( 'NONE', ( #7734 ), #1687, .F. ) ;
#7709 = CARTESIAN_POINT ( 'NONE',  ( -7.809923976848165417, 5.985126513463341347, 6.100000000000001421 ) ) ;
#7710 = EDGE_CURVE ( 'NONE', #7376, #7683, #5625, .T. ) ;
#7711 = VECTOR ( 'NONE', #6077, 1000.000000000000000 ) ;
#7712 = VECTOR ( 'NONE', #3999, 1000.000000000000000 ) ;
#7713 = VECTOR ( 'NONE', #3452, 1000.000000000000000 ) ;
#7714 = AXIS2_PLACEMENT_3D ( 'NONE', #156, #122, #2830 ) ;
#7715 = CARTESIAN_POINT ( 'NONE',  ( 4.800155146973222209, 4.235050948740416210, -4.100000000000000533 ) ) ;
#7716 = ORIENTED_EDGE ( 'NONE', *, *, #2606, .T. ) ;
#7717 = CYLINDRICAL_SURFACE ( 'NONE', #1749, 0.8877928962701181481 ) ;
#7718 = DIRECTION ( 'NONE',  ( -0.000000000000000000, -0.000000000000000000, -1.000000000000000000 ) ) ;
#7719 = AXIS2_PLACEMENT_3D ( 'NONE', #7267, #6582, #843 ) ;
#7720 = VERTEX_POINT ( 'NONE', #4359 ) ;
#7721 = VECTOR ( 'NONE', #3411, 1000.000000000000000 ) ;
#7722 = CARTESIAN_POINT ( 'NONE',  ( -0.1998448530267817047, 0.000000000000000000, -6.250000000000000000 ) ) ;
#7723 = DIRECTION ( 'NONE',  ( 1.000000000000000000, 0.000000000000000000, 0.000000000000000000 ) ) ;
#7724 = EDGE_LOOP ( 'NONE', ( #5048, #6579, #8062, #964 ) ) ;
#7725 = DIRECTION ( 'NONE',  ( -8.221438274771596517E-17, -1.000000000000000000, 0.000000000000000000 ) ) ;
#7726 = PLANE ( 'NONE',  #3905 ) ;
#7727 = ORIENTED_EDGE ( 'NONE', *, *, #5299, .T. ) ;
#7728 = ORIENTED_EDGE ( 'NONE', *, *, #289, .F. ) ;
#7729 = DIRECTION ( 'NONE',  ( -0.000000000000000000, -0.000000000000000000, -1.000000000000000000 ) ) ;
#7730 = LINE ( 'NONE', #940, #8258 ) ;
#7731 = ORIENTED_EDGE ( 'NONE', *, *, #6799, .T. ) ;
#7732 = VERTEX_POINT ( 'NONE', #8208 ) ;
#7733 = CARTESIAN_POINT ( 'NONE',  ( 2.500000000000000444, -3.499999999999997780, 5.300000000000000711 ) ) ;
#7734 = FACE_OUTER_BOUND ( 'NONE', #4382, .T. ) ;
#7735 = EDGE_LOOP ( 'NONE', ( #605, #5741, #724, #2725 ) ) ;
#7736 = CARTESIAN_POINT ( 'NONE',  ( -4.407966415290564655, 5.424564683621931671, -4.100000000000000533 ) ) ;
#7737 = MECHANICAL_DESIGN_GEOMETRIC_PRESENTATION_REPRESENTATION (  '', ( #2123 ), #4864 ) ;
#7738 = ITEM_DEFINED_TRANSFORMATION ( 'NONE', 'NONE', #4792,  #7933 ) ;
#7739 = DIRECTION ( 'NONE',  ( 0.000000000000000000, 0.000000000000000000, 1.000000000000000000 ) ) ;
#7740 = DIRECTION ( 'NONE',  ( -1.000000000000000000, 0.000000000000000000, 0.000000000000000000 ) ) ;
#7741 = VECTOR ( 'NONE', #4657, 1000.000000000000000 ) ;
#7742 = PRODUCT_DEFINITION ( 'UNKNOWN', '', #8075, #5371 ) ;
#7743 = ORIENTED_EDGE ( 'NONE', *, *, #8255, .T. ) ;
#7744 = DIRECTION ( 'NONE',  ( 0.000000000000000000, -0.000000000000000000, -1.000000000000000000 ) ) ;
#7745 = EDGE_CURVE ( 'NONE', #1805, #3064, #5114, .T. ) ;
#7746 = LINE ( 'NONE', #1102, #7571 ) ;
#7747 = CARTESIAN_POINT ( 'NONE',  ( 7.699999999999998401, 2.799999999999997602, -4.100000000000000533 ) ) ;
#7748 = VECTOR ( 'NONE', #8023, 1000.000000000000000 ) ;
#7749 = ORIENTED_EDGE ( 'NONE', *, *, #1656, .T. ) ;
#7750 = EDGE_CURVE ( 'NONE', #3974, #1531, #5714, .T. ) ;
#7751 = LINE ( 'NONE', #5080, #6192 ) ;
#7752 = EDGE_CURVE ( 'NONE', #1490, #5191, #6960, .T. ) ;
#7753 = ORIENTED_EDGE ( 'NONE', *, *, #3642, .F. ) ;
#7754 = EDGE_CURVE ( 'NONE', #2577, #2102, #2459, .T. ) ;
#7755 = CARTESIAN_POINT ( 'NONE',  ( 1.999999999999999556, -2.999999999999998224, 5.500000000000000888 ) ) ;
#7756 = CARTESIAN_POINT ( 'NONE',  ( -2.500000000000000000, 9.947350469337287393, -4.599999999999999645 ) ) ;
#7757 = CIRCLE ( 'NONE', #8058, 0.8877928962701178150 ) ;
#7758 = EDGE_CURVE ( 'NONE', #5816, #3028, #5065, .T. ) ;
#7759 = DIRECTION ( 'NONE',  ( -1.000000000000000000, 0.000000000000000000, 0.000000000000000000 ) ) ;
#7760 = ORIENTED_EDGE ( 'NONE', *, *, #8174, .F. ) ;
#7761 = ADVANCED_FACE ( 'NONE', ( #3803 ), #6406, .F. ) ;
#7762 = CARTESIAN_POINT ( 'NONE',  ( 0.5098116976312510040, 7.226820651623238057, -3.049120979999346392 ) ) ;
#7763 = LINE ( 'NONE', #5187, #8398 ) ;
#7764 = ORIENTED_EDGE ( 'NONE', *, *, #7864, .F. ) ;
#7765 = DIRECTION ( 'NONE',  ( -0.000000000000000000, -0.000000000000000000, 1.000000000000000000 ) ) ;
#7766 = CARTESIAN_POINT ( 'NONE',  ( 1.626303258728256898E-16, 1.500000000000000222, 7.900012000000001144 ) ) ;
#7767 = ORIENTED_EDGE ( 'NONE', *, *, #3334, .T. ) ;
#7768 = VECTOR ( 'NONE', #2022, 1000.000000000000000 ) ;
#7769 = LINE ( 'NONE', #6436, #3607 ) ;
#7770 = LINE ( 'NONE', #3147, #1022 ) ;
#7771 = VECTOR ( 'NONE', #4635, 1000.000000000000000 ) ;
#7772 = ORIENTED_EDGE ( 'NONE', *, *, #6016, .F. ) ;
#7773 = LINE ( 'NONE', #6613, #6058 ) ;
#7774 = LINE ( 'NONE', #7905, #3488 ) ;
#7775 = VERTEX_POINT ( 'NONE', #4314 ) ;
#7776 = LINE ( 'NONE', #7817, #6506 ) ;
#7777 = PRESENTATION_STYLE_ASSIGNMENT (( #2029 ) ) ;
#7778 = PLANE ( 'NONE',  #4759 ) ;
#7779 = ORIENTED_EDGE ( 'NONE', *, *, #2194, .F. ) ;
#7780 = PLANE ( 'NONE',  #6784 ) ;
#7781 = LINE ( 'NONE', #6361, #3347 ) ;
#7782 = LINE ( 'NONE', #7181, #6194 ) ;
#7783 = ORIENTED_EDGE ( 'NONE', *, *, #3998, .T. ) ;
#7784 = ORIENTED_EDGE ( 'NONE', *, *, #2526, .T. ) ;
#7785 = APPLICATION_CONTEXT ( 'automotive_design' ) ;
#7786 = PLANE ( 'NONE',  #3935 ) ;
#7787 = DIRECTION ( 'NONE',  ( -0.000000000000000000, -0.000000000000000000, 1.000000000000000000 ) ) ;
#7788 = CARTESIAN_POINT ( 'NONE',  ( 7.500000000000000000, 1.136868377216160297E-10, 1.499999999881131085 ) ) ;
#7789 = EDGE_CURVE ( 'NONE', #7453, #694, #6919, .T. ) ;
#7790 =( BOUNDED_SURFACE ( )  B_SPLINE_SURFACE ( 3, 3, ( 
 ( #5476, #2959, #8359, #2871 ),
 ( #3799, #2215, #4915, #1225 ),
 ( #5561, #5711, #4879, #6882 ),
 ( #8176, #8137, #3109, #2300 ) ),
 .UNSPECIFIED., .F., .F., .T. ) 
 B_SPLINE_SURFACE_WITH_KNOTS ( ( 4, 4 ),
 ( 4, 4 ),
 ( 0.000000000000000000, 1.000000000000000000 ),
 ( 0.000000000000000000, 1.000000000000000000 ),
 .UNSPECIFIED. ) 
 GEOMETRIC_REPRESENTATION_ITEM ( )  RATIONAL_B_SPLINE_SURFACE ( (
 ( 1.000000000000000000, 0.3333333333333334259, 0.3333333333333334259, 1.000000000000000000),
 ( 0.8809052827711175704, 0.2936350942570392641, 0.2936350942570392641, 0.8809052827711175704),
 ( 0.8809052827711175704, 0.2936350942570392641, 0.2936350942570392641, 0.8809052827711175704),
 ( 1.000000000000000000, 0.3333333333333334259, 0.3333333333333334259, 1.000000000000000000) ) ) 
 REPRESENTATION_ITEM ( '' )  SURFACE ( )  );
#7791 = ADVANCED_FACE ( 'NONE', ( #1902 ), #3289, .F. ) ;
#7792 = AXIS2_PLACEMENT_3D ( 'NONE', #5083, #1964, #5043 ) ;
#7793 = EDGE_CURVE ( 'NONE', #4754, #5678, #4525, .T. ) ;
#7794 = ORIENTED_EDGE ( 'NONE', *, *, #7944, .T. ) ;
#7795 = FACE_OUTER_BOUND ( 'NONE', #8084, .T. ) ;
#7796 = EDGE_LOOP ( 'NONE', ( #5589, #5549, #6718, #631 ) ) ;
#7797 = VERTEX_POINT ( 'NONE', #5246 ) ;
#7798 = DIRECTION ( 'NONE',  ( -0.000000000000000000, -0.000000000000000000, 1.000000000000000000 ) ) ;
#7799 = LINE ( 'NONE', #731, #7455 ) ;
#7800 = ORIENTED_EDGE ( 'NONE', *, *, #2487, .T. ) ;
#7801 = CARTESIAN_POINT ( 'NONE',  ( 4.729279221902245922, 5.662282881142664870, -4.100000000000000533 ) ) ;
#7802 = ORIENTED_EDGE ( 'NONE', *, *, #1514, .F. ) ;
#7803 = CARTESIAN_POINT ( 'NONE',  ( 7.500000000000000000, 0.1750000000279726131, -0.5250000000000019096 ) ) ;
#7804 = DIRECTION ( 'NONE',  ( -0.7071067811865483499, 0.7071067811865467956, -4.559482223416560605E-15 ) ) ;
#7805 = VERTEX_POINT ( 'NONE', #572 ) ;
#7806 = DIRECTION ( 'NONE',  ( -0.000000000000000000, 0.000000000000000000, 1.000000000000000000 ) ) ;
#7807 = DIRECTION ( 'NONE',  ( 1.000000000000000000, 0.000000000000000000, 0.000000000000000000 ) ) ;
#7808 = ORIENTED_EDGE ( 'NONE', *, *, #3851, .T. ) ;
#7809 = LINE ( 'NONE', #6608, #6615 ) ;
#7810 = EDGE_CURVE ( 'NONE', #7831, #1187, #5330, .T. ) ;
#7811 = FACE_OUTER_BOUND ( 'NONE', #6216, .T. ) ;
#7812 = EDGE_CURVE ( 'NONE', #4043, #2532, #7757, .T. ) ;
#7813 = ORIENTED_EDGE ( 'NONE', *, *, #3465, .T. ) ;
#7814 = DIRECTION ( 'NONE',  ( 0.000000000000000000, 0.000000000000000000, 1.000000000000000000 ) ) ;
#7815 = CARTESIAN_POINT ( 'NONE',  ( 0.5098116976312510040, 7.226820651623238057, -3.049120979999346392 ) ) ;
#7816 = ORIENTED_EDGE ( 'NONE', *, *, #5737, .F. ) ;
#7817 = CARTESIAN_POINT ( 'NONE',  ( 1.999999999999999112, 0.4000000000000017986, 5.300000000000000711 ) ) ;
#7818 = CARTESIAN_POINT ( 'NONE',  ( -1.999999999999999556, -2.999999999999998224, 5.300000000000000711 ) ) ;
#7819 = DIRECTION ( 'NONE',  ( 0.000000000000000000, 0.000000000000000000, 1.000000000000000000 ) ) ;
#7820 = ORIENTED_EDGE ( 'NONE', *, *, #1242, .F. ) ;
#7821 = DIRECTION ( 'NONE',  ( 1.000000000000000000, 0.000000000000000000, 0.000000000000000000 ) ) ;
#7822 = LINE ( 'NONE', #5162, #2516 ) ;
#7823 = DIRECTION ( 'NONE',  ( -0.000000000000000000, -0.000000000000000000, -1.000000000000000000 ) ) ;
#7824 = FACE_OUTER_BOUND ( 'NONE', #648, .T. ) ;
#7825 = ADVANCED_FACE ( 'NONE', ( #4565 ), #7130, .F. ) ;
#7826 = ORIENTED_EDGE ( 'NONE', *, *, #8080, .F. ) ;
#7827 = ORIENTED_EDGE ( 'NONE', *, *, #5183, .T. ) ;
#7828 = CARTESIAN_POINT ( 'NONE',  ( -10.00000000000000355, -2.686867906278003770E-15, -2.799999999999999822 ) ) ;
#7829 = CARTESIAN_POINT ( 'NONE',  ( -5.299999999999990941, 2.799999999999992717, -6.250000000000000000 ) ) ;
#7830 = CARTESIAN_POINT ( 'NONE',  ( 4.800155146973220432, 0.000000000000000000, -6.250000000000000000 ) ) ;
#7831 = VERTEX_POINT ( 'NONE', #6578 ) ;
#7832 = EDGE_CURVE ( 'NONE', #6246, #2135, #1317, .T. ) ;
#7833 = CARTESIAN_POINT ( 'NONE',  ( -8.609923976848167015, 5.985126513463341347, 1.900000000000001021 ) ) ;
#7834 = LINE ( 'NONE', #4461, #2173 ) ;
#7835 = SHAPE_REPRESENTATION_RELATIONSHIP ( 'NONE' , 'NONE' ,  #231, #7578 ) ;
#7836 = CARTESIAN_POINT ( 'NONE',  ( -2.207115467697227995, 8.399354170840362954, -7.900000000000000355 ) ) ;
#7837 = VECTOR ( 'NONE', #76, 1000.000000000000000 ) ;
#7838 = CARTESIAN_POINT ( 'NONE',  ( -2.309690087959882288, 8.397416693226672280, 1.100000000000001199 ) ) ;
#7839 = ORIENTED_EDGE ( 'NONE', *, *, #2941, .T. ) ;
#7840 = AXIS2_PLACEMENT_3D ( 'NONE', #6531, #7904, #3186 ) ;
#7841 = VECTOR ( 'NONE', #5225, 1000.000000000000114 ) ;
#7842 = CIRCLE ( 'NONE', #4295, 2.399999999999999467 ) ;
#7843 = DIRECTION ( 'NONE',  ( -0.000000000000000000, -0.000000000000000000, -1.000000000000000000 ) ) ;
#7844 = ORIENTED_EDGE ( 'NONE', *, *, #3213, .T. ) ;
#7845 = LINE ( 'NONE', #512, #7370 ) ;
#7846 = LINE ( 'NONE', #4600, #3745 ) ;
#7847 = ORIENTED_EDGE ( 'NONE', *, *, #2488, .F. ) ;
#7848 = DIRECTION ( 'NONE',  ( -0.000000000000000000, -0.000000000000000000, -1.000000000000000000 ) ) ;
#7849 = DIRECTION ( 'NONE',  ( -0.000000000000000000, -0.000000000000000000, 1.000000000000000000 ) ) ;
#7850 = ORIENTED_EDGE ( 'NONE', *, *, #7810, .T. ) ;
#7851 = VECTOR ( 'NONE', #169, 1000.000000000000000 ) ;
#7852 = VECTOR ( 'NONE', #2269, 1000.000000000000000 ) ;
#7853 = CARTESIAN_POINT ( 'NONE',  ( 0.000000000000000000, 0.000000000000000000, 6.100000000000001421 ) ) ;
#7854 = VECTOR ( 'NONE', #2978, 1000.000000000000000 ) ;
#7855 = CARTESIAN_POINT ( 'NONE',  ( 4.800155146973222209, 4.235050948740416210, -7.900000000000000355 ) ) ;
#7856 = ORIENTED_EDGE ( 'NONE', *, *, #1532, .T. ) ;
#7857 = VECTOR ( 'NONE', #5085, 1000.000000000000000 ) ;
#7858 = CARTESIAN_POINT ( 'NONE',  ( -10.00000000000000355, -3.366025403784456138, -5.100000000000003197 ) ) ;
#7859 = AXIS2_PLACEMENT_3D ( 'NONE', #618, #3372, #57 ) ;
#7860 = LINE ( 'NONE', #1989, #2942 ) ;
#7861 = ORIENTED_EDGE ( 'NONE', *, *, #2946, .T. ) ;
#7862 = CARTESIAN_POINT ( 'NONE',  ( 8.425000000000002487, 6.500000000000002665, 0.4000000000000010214 ) ) ;
#7863 = DIRECTION ( 'NONE',  ( -1.000000000000000000, -1.953973143133828343E-15, 0.000000000000000000 ) ) ;
#7864 = EDGE_CURVE ( 'NONE', #2769, #948, #3326, .T. ) ;
#7865 = DIRECTION ( 'NONE',  ( -0.000000000000000000, -0.000000000000000000, -1.000000000000000000 ) ) ;
#7866 = VERTEX_POINT ( 'NONE', #5928 ) ;
#7867 = FILL_AREA_STYLE ('',( #259 ) ) ;
#7868 = EDGE_CURVE ( 'NONE', #3412, #4763, #3934, .T. ) ;
#7869 = FACE_OUTER_BOUND ( 'NONE', #5544, .T. ) ;
#7870 = DIRECTION ( 'NONE',  ( 0.7071067811865463515, -0.7071067811865487940, 0.000000000000000000 ) ) ;
#7871 = DIRECTION ( 'NONE',  ( 1.000000000000000000, 1.275531967630005245E-16, -0.000000000000000000 ) ) ;
#7872 = VECTOR ( 'NONE', #2374, 1000.000000000000000 ) ;
#7873 = EDGE_LOOP ( 'NONE', ( #7163, #5975, #1096, #1160 ) ) ;
#7874 = EDGE_LOOP ( 'NONE', ( #5300, #762, #3715, #312, #4422 ) ) ;
#7875 = EDGE_CURVE ( 'NONE', #5685, #6246, #7306, .T. ) ;
#7876 = STYLED_ITEM ( 'NONE', ( #7777 ), #6463 ) ;
#7877 = VERTEX_POINT ( 'NONE', #5158 ) ;
#7878 = DIRECTION ( 'NONE',  ( -0.000000000000000000, -0.000000000000000000, -1.000000000000000000 ) ) ;
#7879 = EDGE_CURVE ( 'NONE', #1802, #1475, #3376, .T. ) ;
#7880 = CIRCLE ( 'NONE', #3370, 0.8877928962701179261 ) ;
#7881 = PLANE ( 'NONE',  #8142 ) ;
#7882 = CARTESIAN_POINT ( 'NONE',  ( -0.1749999999999998779, 10.00000000000000000, -7.037946471341893329 ) ) ;
#7883 = AXIS2_PLACEMENT_3D ( 'NONE', #6618, #7987, #7349 ) ;
#7884 = ORIENTED_EDGE ( 'NONE', *, *, #1049, .T. ) ;
#7885 = DIRECTION ( 'NONE',  ( -0.000000000000000000, 0.000000000000000000, 1.000000000000000000 ) ) ;
#7886 = ADVANCED_FACE ( 'NONE', ( #2682 ), #3845, .F. ) ;
#7887 = CARTESIAN_POINT ( 'NONE',  ( 3.500000000000000000, 12.75000000000000178, -4.599999999999999645 ) ) ;
#7888 = SURFACE_STYLE_USAGE ( .BOTH. , #3912 ) ;
#7889 = AXIS2_PLACEMENT_3D ( 'NONE', #3240, #5839, #8452 ) ;
#7890 = DIRECTION ( 'NONE',  ( 0.000000000000000000, 0.000000000000000000, 1.000000000000000000 ) ) ;
#7891 = ORIENTED_EDGE ( 'NONE', *, *, #1197, .T. ) ;
#7892 = AXIS2_PLACEMENT_3D ( 'NONE', #2820, #8126, #5339 ) ;
#7893 = CARTESIAN_POINT ( 'NONE',  ( 0.9999999999999997780, 7.543376173343215640, -6.250000000000000000 ) ) ;
#7894 = EDGE_LOOP ( 'NONE', ( #1217, #3322, #4914, #5356 ) ) ;
#7895 = DIRECTION ( 'NONE',  ( 0.7798598600361770217, -0.6259541506407273470, -0.000000000000000000 ) ) ;
#7896 = DIRECTION ( 'NONE',  ( 2.466431482431479202E-16, -1.000000000000000000, 0.000000000000000000 ) ) ;
#7897 = ORIENTED_EDGE ( 'NONE', *, *, #2988, .F. ) ;
#7898 = CARTESIAN_POINT ( 'NONE',  ( -7.299999999999975842, -3.500000000000016431, -4.599999999999999645 ) ) ;
#7899 = CARTESIAN_POINT ( 'NONE',  ( -2.309690087959882288, 8.397416693226672280, -3.654908379606660596 ) ) ;
#7900 = PLANE ( 'NONE',  #590 ) ;
#7901 = ADVANCED_FACE ( 'NONE', ( #1942 ), #7778, .F. ) ;
#7902 = ORIENTED_EDGE ( 'NONE', *, *, #4747, .T. ) ;
#7903 = EDGE_CURVE ( 'NONE', #6401, #245, #4688, .T. ) ;
#7904 = DIRECTION ( 'NONE',  ( 0.000000000000000000, 0.000000000000000000, 1.000000000000000000 ) ) ;
#7905 = CARTESIAN_POINT ( 'NONE',  ( 7.300000000000000711, 0.000000000000000000, -6.250000000000000000 ) ) ;
#7906 = ORIENTED_EDGE ( 'NONE', *, *, #8174, .T. ) ;
#7907 = CARTESIAN_POINT ( 'NONE',  ( 4.119968255444743300E-15, 0.7999999999999599654, -5.099999999999996980 ) ) ;
#7908 = AXIS2_PLACEMENT_3D ( 'NONE', #3618, #3048, #8231 ) ;
#7909 = DIRECTION ( 'NONE',  ( -1.000000000000000000, 0.000000000000000000, -0.000000000000000000 ) ) ;
#7910 = VERTEX_POINT ( 'NONE', #8414 ) ;
#7911 = LINE ( 'NONE', #2119, #6073 ) ;
#7912 = PLANE ( 'NONE',  #5519 ) ;
#7913 = EDGE_CURVE ( 'NONE', #5483, #6943, #5888, .T. ) ;
#7914 = DIRECTION ( 'NONE',  ( 1.000000000000000000, 0.000000000000000000, 0.000000000000000000 ) ) ;
#7915 = EDGE_LOOP ( 'NONE', ( #6101, #4357 ) ) ;
#7916 = ORIENTED_EDGE ( 'NONE', *, *, #4756, .F. ) ;
#7917 = EDGE_CURVE ( 'NONE', #2167, #4725, #4014, .T. ) ;
#7918 = ORIENTED_EDGE ( 'NONE', *, *, #4406, .T. ) ;
#7919 = CARTESIAN_POINT ( 'NONE',  ( 2.527728175868495963, 11.67937860531804795, 7.900000000000019895 ) ) ;
#7920 = CARTESIAN_POINT ( 'NONE',  ( 4.800155146973222209, 4.235050948740416210, -4.100000000000000533 ) ) ;
#7921 = DIRECTION ( 'NONE',  ( 1.000000000000000000, 0.000000000000000000, 0.000000000000000000 ) ) ;
#7922 = EDGE_CURVE ( 'NONE', #2392, #4141, #6538, .T. ) ;
#7923 = ORIENTED_EDGE ( 'NONE', *, *, #4980, .T. ) ;
#7924 = ADVANCED_FACE ( 'NONE', ( #5203 ), #7177, .F. ) ;
#7925 = CARTESIAN_POINT ( 'NONE',  ( -5.299999999999990941, 2.799999999999992717, -4.100000000000000533 ) ) ;
#7926 = CARTESIAN_POINT ( 'NONE',  ( 2.500000000000000000, 9.947350469337287393, -6.250000000000000000 ) ) ;
#7927 = CIRCLE ( 'NONE', #1077, 5.899999999999999467 ) ;
#7928 = DIRECTION ( 'NONE',  ( 1.000000000000000000, 0.000000000000000000, 0.000000000000000000 ) ) ;
#7929 = DIRECTION ( 'NONE',  ( 0.000000000000000000, 1.000000000000000000, 0.000000000000000000 ) ) ;
#7930 = PLANE ( 'NONE',  #3206 ) ;
#7931 = EDGE_CURVE ( 'NONE', #7168, #1657, #6100, .T. ) ;
#7932 = ORIENTED_EDGE ( 'NONE', *, *, #1482, .T. ) ;
#7933 = AXIS2_PLACEMENT_3D ( 'NONE', #2753, #6782, #3532 ) ;
#7934 = DIRECTION ( 'NONE',  ( 1.000000000000000000, 0.000000000000000000, -0.000000000000000000 ) ) ;
#7935 = ORIENTED_EDGE ( 'NONE', *, *, #695, .T. ) ;
#7936 = LINE ( 'NONE', #7336, #7748 ) ;
#7937 = DIRECTION ( 'NONE',  ( -0.000000000000000000, -1.000000000000000000, -0.000000000000000000 ) ) ;
#7938 = ORIENTED_EDGE ( 'NONE', *, *, #4670, .F. ) ;
#7939 = DIRECTION ( 'NONE',  ( 0.000000000000000000, -0.000000000000000000, 1.000000000000000000 ) ) ;
#7940 = LINE ( 'NONE', #1352, #5516 ) ;
#7941 = ORIENTED_EDGE ( 'NONE', *, *, #4505, .T. ) ;
#7942 = CARTESIAN_POINT ( 'NONE',  ( 2.280971972007237891, 8.971547725466914258, -4.599999999999999645 ) ) ;
#7943 = DIRECTION ( 'NONE',  ( 0.000000000000000000, 1.000000000000000000, -0.000000000000000000 ) ) ;
#7944 = EDGE_CURVE ( 'NONE', #5495, #6358, #963, .T. ) ;
#7945 = EDGE_LOOP ( 'NONE', ( #4526, #555, #1754, #6826 ) ) ;
#7946 = EDGE_CURVE ( 'NONE', #5159, #5058, #4778, .T. ) ;
#7947 = DIRECTION ( 'NONE',  ( 1.000000000000000000, 0.000000000000000000, 0.000000000000000000 ) ) ;
#7948 = DIRECTION ( 'NONE',  ( -0.000000000000000000, -1.000000000000000000, 0.000000000000000000 ) ) ;
#7949 = ORIENTED_EDGE ( 'NONE', *, *, #86, .F. ) ;
#7950 =( REPRESENTATION_RELATIONSHIP ('NONE','NONE', #4283, #4074 ) REPRESENTATION_RELATIONSHIP_WITH_TRANSFORMATION ( #6963 )SHAPE_REPRESENTATION_RELATIONSHIP( ) );
#7951 = LINE ( 'NONE', #7516, #3491 ) ;
#7952 = DIRECTION ( 'NONE',  ( 1.000000000000000000, 0.000000000000000000, -0.000000000000000000 ) ) ;
#7953 = LINE ( 'NONE', #1524, #4586 ) ;
#7954 = ORIENTED_EDGE ( 'NONE', *, *, #1116, .T. ) ;
#7955 = ORIENTED_EDGE ( 'NONE', *, *, #6258, .T. ) ;
#7956 = VERTEX_POINT ( 'NONE', #2243 ) ;
#7957 = CARTESIAN_POINT ( 'NONE',  ( -2.999999999999999556, -2.999999999999999112, 5.300000000000000711 ) ) ;
#7958 = DIRECTION ( 'NONE',  ( -0.000000000000000000, 1.000000000000000000, 0.000000000000000000 ) ) ;
#7959 = CARTESIAN_POINT ( 'NONE',  ( 0.000000000000000000, 0.000000000000000000, 7.900000000000000355 ) ) ;
#7960 = VERTEX_POINT ( 'NONE', #4814 ) ;
#7961 = CARTESIAN_POINT ( 'NONE',  ( 10.00000000000000355, 0.8000000000000023759, -2.800000000000000266 ) ) ;
#7962 = FACE_OUTER_BOUND ( 'NONE', #8277, .T. ) ;
#7963 = EDGE_CURVE ( 'NONE', #455, #3313, #3499, .T. ) ;
#7964 = CARTESIAN_POINT ( 'NONE',  ( 0.000000000000000000, 0.000000000000000000, 0.000000000000000000 ) ) ;
#7965 = CARTESIAN_POINT ( 'NONE',  ( -10.00000000000000178, -3.500000000000013767, -7.099999999999998757 ) ) ;
#7966 = FACE_OUTER_BOUND ( 'NONE', #1943, .T. ) ;
#7967 = ORIENTED_EDGE ( 'NONE', *, *, #5351, .F. ) ;
#7968 = CARTESIAN_POINT ( 'NONE',  ( -5.299999999999990941, 2.799999999999992717, -4.100000000000000533 ) ) ;
#7969 = ORIENTED_EDGE ( 'NONE', *, *, #552, .F. ) ;
#7970 = LINE ( 'NONE', #89, #8161 ) ;
#7971 = CARTESIAN_POINT ( 'NONE',  ( -5.899999999999999467, 10.00000000000000000, 1.100000000000001199 ) ) ;
#7972 = EDGE_CURVE ( 'NONE', #4336, #5406, #1520, .T. ) ;
#7973 = AXIS2_PLACEMENT_3D ( 'NONE', #3134, #3221, #1248 ) ;
#7974 = VERTEX_POINT ( 'NONE', #2934 ) ;
#7975 = CARTESIAN_POINT ( 'NONE',  ( 5.299999999999999822, 2.799999999999997602, -4.100000000000000533 ) ) ;
#7976 = ADVANCED_FACE ( 'NONE', ( #305 ), #1441, .F. ) ;
#7977 = DIRECTION ( 'NONE',  ( -0.000000000000000000, -1.000000000000000000, -0.000000000000000000 ) ) ;
#7978 = AXIS2_PLACEMENT_3D ( 'NONE', #4767, #4724, #2101 ) ;
#7979 = AXIS2_PLACEMENT_3D ( 'NONE', #5047, #6941, #1635 ) ;
#7980 = VECTOR ( 'NONE', #6150, 1000.000000000000114 ) ;
#7981 = ORIENTED_EDGE ( 'NONE', *, *, #3456, .T. ) ;
#7982 = LINE ( 'NONE', #4095, #2541 ) ;
#7983 = LINE ( 'NONE', #8111, #6342 ) ;
#7984 = VECTOR ( 'NONE', #1258, 1000.000000000000227 ) ;
#7985 = ORIENTED_EDGE ( 'NONE', *, *, #6533, .F. ) ;
#7986 = AXIS2_PLACEMENT_3D ( 'NONE', #5768, #8382, #4076 ) ;
#7987 = DIRECTION ( 'NONE',  ( 0.000000000000000000, 0.000000000000000000, 1.000000000000000000 ) ) ;
#7988 = CARTESIAN_POINT ( 'NONE',  ( 0.1998448530267822598, 7.249999999999999112, -4.599999999999999645 ) ) ;
#7989 = EDGE_LOOP ( 'NONE', ( #3297, #4069, #350, #5756, #7369, #8216, #1541, #665, #2365 ) ) ;
#7990 = AXIS2_PLACEMENT_3D ( 'NONE', #884, #6744, #7399 ) ;
#7991 = DIRECTION ( 'NONE',  ( 0.000000000000000000, 0.000000000000000000, 1.000000000000000000 ) ) ;
#7992 = CARTESIAN_POINT ( 'NONE',  ( 2.625568880007502770, 10.15344850294593115, 7.900000000000019895 ) ) ;
#7993 = CARTESIAN_POINT ( 'NONE',  ( -7.299999999999976730, -3.366025403784455250, -5.099999999999997868 ) ) ;
#7994 = VECTOR ( 'NONE', #5479, 1000.000000000000000 ) ;
#7995 = CIRCLE ( 'NONE', #4300, 2.399689706053561356 ) ;
#7996 = VERTEX_POINT ( 'NONE', #8114 ) ;
#7997 = VERTEX_POINT ( 'NONE', #2282 ) ;
#7998 = VECTOR ( 'NONE', #5207, 1000.000000000000000 ) ;
#7999 = ORIENTED_EDGE ( 'NONE', *, *, #1527, .F. ) ;
#8000 = CARTESIAN_POINT ( 'NONE',  ( -5.199844853026783120, 4.235050948740416210, -6.599999999999995204 ) ) ;
#8001 = AXIS2_PLACEMENT_3D ( 'NONE', #2164, #715, #7401 ) ;
#8002 = ORIENTED_EDGE ( 'NONE', *, *, #5786, .T. ) ;
#8003 = LINE ( 'NONE', #4117, #4323 ) ;
#8004 = AXIS2_PLACEMENT_3D ( 'NONE', #1080, #994, #1792 ) ;
#8005 = CARTESIAN_POINT ( 'NONE',  ( 2.349844651609509246E-15, 6.999999999999996447, 6.100000000000001421 ) ) ;
#8006 = PRODUCT_RELATED_PRODUCT_CATEGORY ( 'part', '', ( #1129 ) ) ;
#8007 = EDGE_LOOP ( 'NONE', ( #7955, #1091 ) ) ;
#8008 = VECTOR ( 'NONE', #3021, 1000.000000000000114 ) ;
#8009 = ADVANCED_FACE ( 'NONE', ( #1560 ), #6828, .F. ) ;
#8010 = AXIS2_PLACEMENT_3D ( 'NONE', #5263, #6635, #7275 ) ;
#8011 = CARTESIAN_POINT ( 'NONE',  ( -2.499999999999999112, -3.499999999999998668, 5.300000000000000711 ) ) ;
#8012 = DIRECTION ( 'NONE',  ( -0.7071067811865462405, -0.7071067811865489050, 0.000000000000000000 ) ) ;
#8013 = DIRECTION ( 'NONE',  ( 1.000000000000000000, 0.000000000000000000, 0.000000000000000000 ) ) ;
#8014 = DIRECTION ( 'NONE',  ( -1.000000000000000000, -2.466431482431479202E-16, 0.000000000000000000 ) ) ;
#8015 = CIRCLE ( 'NONE', #8280, 2.000000000000006217 ) ;
#8016 = DIRECTION ( 'NONE',  ( -1.000000000000000000, 0.000000000000000000, 0.000000000000000000 ) ) ;
#8017 = ADVANCED_FACE ( 'NONE', ( #4187 ), #2854, .F. ) ;
#8018 = EDGE_LOOP ( 'NONE', ( #68, #2694, #5362, #788 ) ) ;
#8019 = ADVANCED_FACE ( 'NONE', ( #2117 ), #6138, .F. ) ;
#8020 = DIRECTION ( 'NONE',  ( 1.000000000000000000, 0.000000000000000000, 0.000000000000000000 ) ) ;
#8021 = EDGE_CURVE ( 'NONE', #4402, #1470, #4060, .T. ) ;
#8022 = VERTEX_POINT ( 'NONE', #6665 ) ;
#8023 = DIRECTION ( 'NONE',  ( -0.7071067811865479058, -0.7071067811865471286, -0.000000000000000000 ) ) ;
#8024 = DIRECTION ( 'NONE',  ( -0.7071067811865463515, 0.7071067811865487940, 0.000000000000000000 ) ) ;
#8025 = AXIS2_PLACEMENT_3D ( 'NONE', #6652, #7290, #1382 ) ;
#8026 = ORIENTED_EDGE ( 'NONE', *, *, #7653, .F. ) ;
#8027 = CARTESIAN_POINT ( 'NONE',  ( -0.5000000000000000000, 8.375000000000001776, -3.049120979999346392 ) ) ;
#8028 = DIRECTION ( 'NONE',  ( -1.000000000000000000, 0.000000000000000000, 0.000000000000000000 ) ) ;
#8029 = ADVANCED_FACE ( 'NONE', ( #3413 ), #6013, .F. ) ;
#8030 = ORIENTED_EDGE ( 'NONE', *, *, #8021, .T. ) ;
#8031 = ADVANCED_FACE ( 'NONE', ( #2893 ), #5498, .F. ) ;
#8032 = DIRECTION ( 'NONE',  ( -0.7071067811865483499, -0.7071067811865467956, -0.000000000000000000 ) ) ;
#8033 = LINE ( 'NONE', #960, #7721 ) ;
#8034 = EDGE_LOOP ( 'NONE', ( #5112, #5551, #3212, #3881 ) ) ;
#8035 = DIRECTION ( 'NONE',  ( -1.000000000000000000, -2.466431482431479202E-16, 0.000000000000000000 ) ) ;
#8036 = CARTESIAN_POINT ( 'NONE',  ( -0.7885572109048583078, 8.490460172048578613, -3.654908379606660596 ) ) ;
#8037 = ORIENTED_EDGE ( 'NONE', *, *, #8356, .F. ) ;
#8038 = DIRECTION ( 'NONE',  ( 0.7071067811865490160, 0.000000000000000000, 0.7071067811865460184 ) ) ;
#8039 = CARTESIAN_POINT ( 'NONE',  ( 5.199844853026783120, 0.000000000000000000, -4.599999999999999645 ) ) ;
#8040 = PRODUCT_DEFINITION_CONTEXT ( 'detailed design', #7352, 'design' ) ;
#8041 = CARTESIAN_POINT ( 'NONE',  ( 5.179378605318053275, 9.027728175868498184, 7.900000000000036771 ) ) ;
#8042 = ORIENTED_EDGE ( 'NONE', *, *, #109, .T. ) ;
#8043 = VERTEX_POINT ( 'NONE', #7988 ) ;
#8044 = EDGE_CURVE ( 'NONE', #7376, #3628, #4738, .T. ) ;
#8045 = VECTOR ( 'NONE', #7262, 1000.000000000000000 ) ;
#8046 = VERTEX_POINT ( 'NONE', #4102 ) ;
#8047 = DIRECTION ( 'NONE',  ( -1.000000000000000000, 0.000000000000000000, 0.000000000000000000 ) ) ;
#8048 = FACE_OUTER_BOUND ( 'NONE', #4662, .T. ) ;
#8049 = CARTESIAN_POINT ( 'NONE',  ( -7.229373521980805073, 4.227416481857813935, -6.250000000000000000 ) ) ;
#8050 = EDGE_LOOP ( 'NONE', ( #3507, #2589, #5996, #4113 ) ) ;
#8051 = AXIS2_PLACEMENT_3D ( 'NONE', #5268, #854, #5438 ) ;
#8052 = DIRECTION ( 'NONE',  ( 4.096110051504215558E-16, 1.000000000000000000, 0.000000000000000000 ) ) ;
#8053 = EDGE_CURVE ( 'NONE', #2898, #6364, #5420, .T. ) ;
#8054 = EDGE_CURVE ( 'NONE', #7866, #678, #1076, .T. ) ;
#8055 = DIRECTION ( 'NONE',  ( -8.221438274771596517E-17, -1.000000000000000000, 0.000000000000000000 ) ) ;
#8056 = LINE ( 'NONE', #6769, #6201 ) ;
#8057 = CARTESIAN_POINT ( 'NONE',  ( -2.812186117670661734, 10.19792651016505758, -4.100000000000000533 ) ) ;
#8058 = AXIS2_PLACEMENT_3D ( 'NONE', #667, #7819, #6619 ) ;
#8059 = ORIENTED_EDGE ( 'NONE', *, *, #3252, .T. ) ;
#8060 = CARTESIAN_POINT ( 'NONE',  ( 0.000000000000000000, 10.00000000000000000, 6.100000000000001421 ) ) ;
#8061 = VECTOR ( 'NONE', #7161, 1000.000000000000114 ) ;
#8062 = ORIENTED_EDGE ( 'NONE', *, *, #1415, .T. ) ;
#8063 = DIRECTION ( 'NONE',  ( -0.000000000000000000, 0.000000000000000000, 1.000000000000000000 ) ) ;
#8064 = LINE ( 'NONE', #2185, #1675 ) ;
#8065 = ORIENTED_EDGE ( 'NONE', *, *, #5351, .T. ) ;
#8066 = CARTESIAN_POINT ( 'NONE',  ( 6.693333656463232195, 4.951957032146057536, -6.250000000000000000 ) ) ;
#8067 =( NAMED_UNIT ( * ) SI_UNIT ( $, .STERADIAN. ) SOLID_ANGLE_UNIT ( ) );
#8068 = CARTESIAN_POINT ( 'NONE',  ( -3.347164161532504956, 7.359942619654053608, -3.654908379606660596 ) ) ;
#8069 = CARTESIAN_POINT ( 'NONE',  ( 4.154252339470971833, 6.552854441715587619, 1.100000000000001199 ) ) ;
#8070 = CIRCLE ( 'NONE', #4111, 0.9250000000000029310 ) ;
#8071 = EDGE_LOOP ( 'NONE', ( #3447, #6961, #3260, #4138, #846, #3046, #7477, #2841, #6953 ) ) ;
#8072 = PLANE ( 'NONE',  #5138 ) ;
#8073 = CARTESIAN_POINT ( 'NONE',  ( 2.500000000000000000, 9.947350469337287393, -4.100000000000000533 ) ) ;
#8074 = ORIENTED_EDGE ( 'NONE', *, *, #8281, .T. ) ;
#8075 = PRODUCT_DEFINITION_FORMATION_WITH_SPECIFIED_SOURCE ( 'ANY', '', #2608, .NOT_KNOWN. ) ;
#8076 = CARTESIAN_POINT ( 'NONE',  ( 2.474873734152920779, 7.525126265847087659, 1.100000000000001199 ) ) ;
#8077 = DIRECTION ( 'NONE',  ( 1.000000000000000000, -0.000000000000000000, 0.000000000000000000 ) ) ;
#8078 = ORIENTED_EDGE ( 'NONE', *, *, #4468, .T. ) ;
#8079 = DIRECTION ( 'NONE',  ( -0.7071067811865490160, 8.659560562354953812E-17, 0.7071067811865460184 ) ) ;
#8080 = EDGE_CURVE ( 'NONE', #3390, #1, #2323, .T. ) ;
#8081 = PLANE ( 'NONE',  #4567 ) ;
#8082 = PRODUCT_DEFINITION_CONTEXT ( 'detailed design', #4984, 'design' ) ;
#8083 = DIRECTION ( 'NONE',  ( -0.7071067811865471286, 0.7071067811865479058, 0.000000000000000000 ) ) ;
#8084 = EDGE_LOOP ( 'NONE', ( #2204, #4923, #4110, #588 ) ) ;
#8085 = ORIENTED_EDGE ( 'NONE', *, *, #4519, .T. ) ;
#8086 = EDGE_LOOP ( 'NONE', ( #1101, #6305, #2332, #5418 ) ) ;
#8087 = CARTESIAN_POINT ( 'NONE',  ( 3.199999999999999734, 1.500000000000002220, 7.900000000000000355 ) ) ;
#8088 = ORIENTED_EDGE ( 'NONE', *, *, #4820, .T. ) ;
#8089 = CARTESIAN_POINT ( 'NONE',  ( 1.749999999999999778, 8.145363321340250096, -6.250000000000000000 ) ) ;
#8090 = CARTESIAN_POINT ( 'NONE',  ( -0.1998448530267874501, -3.500000000000011102, -4.600000000000001421 ) ) ;
#8091 = EDGE_CURVE ( 'NONE', #2401, #1054, #7078, .T. ) ;
#8092 = CARTESIAN_POINT ( 'NONE',  ( 3.447145558284426148, 5.845747660529039713, 7.900000000000000355 ) ) ;
#8093 = ORIENTED_EDGE ( 'NONE', *, *, #3379, .T. ) ;
#8094 = CARTESIAN_POINT ( 'NONE',  ( 5.179378605318053275, 9.027728175868498184, -3.654908379606648161 ) ) ;
#8095 = LINE ( 'NONE', #3229, #3811 ) ;
#8096 = CARTESIAN_POINT ( 'NONE',  ( 5.199844853026781344, 0.8000000000000012657, -4.100000000000000533 ) ) ;
#8097 = CARTESIAN_POINT ( 'NONE',  ( -3.334816353806959732, 10.87229042737958196, 1.100000000000001199 ) ) ;
#8098 = ORIENTED_EDGE ( 'NONE', *, *, #3983, .T. ) ;
#8099 = EDGE_CURVE ( 'NONE', #6137, #6401, #4386, .T. ) ;
#8100 = CARTESIAN_POINT ( 'NONE',  ( 6.907811268317344044, 3.989513734881517504, -4.100000000000000533 ) ) ;
#8101 = ORIENTED_EDGE ( 'NONE', *, *, #6675, .F. ) ;
#8102 = DIRECTION ( 'NONE',  ( 0.000000000000000000, 0.000000000000000000, 1.000000000000000000 ) ) ;
#8103 = CARTESIAN_POINT ( 'NONE',  ( -3.447145558284426148, 5.845747660529039713, -3.654908379606660596 ) ) ;
#8104 = ORIENTED_EDGE ( 'NONE', *, *, #4157, .F. ) ;
#8105 = DIRECTION ( 'NONE',  ( -2.042325022706684813E-44, -1.000000000000000000, -4.705627722780563174E-30 ) ) ;
#8106 = DIRECTION ( 'NONE',  ( -0.7071067811865487940, -0.7071067811865463515, 0.000000000000000000 ) ) ;
#8107 = SURFACE_STYLE_USAGE ( .BOTH. , #4617 ) ;
#8108 = CARTESIAN_POINT ( 'NONE',  ( -7.229373521980805073, 4.227416481857813935, -4.100000000000000533 ) ) ;
#8109 = DIRECTION ( 'NONE',  ( 0.000000000000000000, 0.000000000000000000, -1.000000000000000000 ) ) ;
#8110 = ADVANCED_FACE ( 'NONE', ( #7513 ), #3144, .T. ) ;
#8111 = CARTESIAN_POINT ( 'NONE',  ( 7.700000000000000178, 0.8000000000000018208, -4.100000000000000533 ) ) ;
#8112 = ORIENTED_EDGE ( 'NONE', *, *, #7917, .F. ) ;
#8113 = DIRECTION ( 'NONE',  ( 1.000000000000000000, 0.000000000000000000, -0.000000000000000000 ) ) ;
#8114 = CARTESIAN_POINT ( 'NONE',  ( 4.407966415290564655, 5.424564683621932559, -4.100000000000000533 ) ) ;
#8115 = VERTEX_POINT ( 'NONE', #997 ) ;
#8116 = DIRECTION ( 'NONE',  ( -0.000000000000000000, 1.000000000000000000, 0.000000000000000000 ) ) ;
#8117 = AXIS2_PLACEMENT_3D ( 'NONE', #4244, #6843, #4328 ) ;
#8118 = EDGE_LOOP ( 'NONE', ( #5868, #5354, #3274, #7223 ) ) ;
#8119 = ORIENTED_EDGE ( 'NONE', *, *, #8091, .T. ) ;
#8120 = VECTOR ( 'NONE', #3874, 1000.000000000000000 ) ;
#8121 = AXIS2_PLACEMENT_3D ( 'NONE', #859, #2880, #1466 ) ;
#8122 = EDGE_CURVE ( 'NONE', #3440, #737, #5988, .T. ) ;
#8123 = CIRCLE ( 'NONE', #182, 2.399999999999999023 ) ;
#8124 = EDGE_CURVE ( 'NONE', #7775, #2992, #2975, .T. ) ;
#8125 = ORIENTED_EDGE ( 'NONE', *, *, #813, .F. ) ;
#8126 = DIRECTION ( 'NONE',  ( -1.000000000000000000, 0.000000000000000000, 0.000000000000000000 ) ) ;
#8127 = DIRECTION ( 'NONE',  ( 0.000000000000000000, -0.000000000000000000, 1.000000000000000000 ) ) ;
#8128 = DIRECTION ( 'NONE',  ( -1.000000000000000000, -2.466431482431479202E-16, 0.000000000000000000 ) ) ;
#8129 = CARTESIAN_POINT ( 'NONE',  ( -0.5000000000000000000, 7.233604952728431847, 1.100000000000001199 ) ) ;
#8130 = AXIS2_PLACEMENT_3D ( 'NONE', #691, #7284, #4041 ) ;
#8131 = VECTOR ( 'NONE', #7371, 1000.000000000000000 ) ;
#8132 = VECTOR ( 'NONE', #1483, 1000.000000000000000 ) ;
#8133 = AXIS2_PLACEMENT_3D ( 'NONE', #7283, #1412, #2743 ) ;
#8134 = ORIENTED_EDGE ( 'NONE', *, *, #7135, .T. ) ;
#8135 = EDGE_CURVE ( 'NONE', #3546, #3615, #2358, .T. ) ;
#8136 = ADVANCED_FACE ( 'NONE', ( #1640 ), #4262, .F. ) ;
#8137 = CARTESIAN_POINT ( 'NONE',  ( 0.1749999999999999056, 10.34999999999999964, -7.037946471341893329 ) ) ;
#8138 = VECTOR ( 'NONE', #4140, 1000.000000000000000 ) ;
#8139 = PLANE ( 'NONE',  #5111 ) ;
#8140 = DIRECTION ( 'NONE',  ( 1.000000000000000000, 0.000000000000000000, 0.000000000000000000 ) ) ;
#8141 = VERTEX_POINT ( 'NONE', #3705 ) ;
#8142 = AXIS2_PLACEMENT_3D ( 'NONE', #4699, #2771, #3425 ) ;
#8143 = EDGE_CURVE ( 'NONE', #2884, #5961, #5580, .T. ) ;
#8144 = DIRECTION ( 'NONE',  ( -1.000000000000000000, 0.000000000000000000, -0.000000000000000000 ) ) ;
#8145 = EDGE_LOOP ( 'NONE', ( #1986, #1659, #579, #4094, #6020, #3500, #6872, #5566, #5637, #7379, #3984, #7313, #1439, #4737, #6094, #1759 ) ) ;
#8146 = FACE_OUTER_BOUND ( 'NONE', #676, .T. ) ;
#8147 = CARTESIAN_POINT ( 'NONE',  ( -10.00000000000000355, 0.7999999999999991562, -2.800000000000000266 ) ) ;
#8148 = ORIENTED_EDGE ( 'NONE', *, *, #2304, .F. ) ;
#8149 = CIRCLE ( 'NONE', #6780, 0.8877928962701179261 ) ;
#8150 = DIRECTION ( 'NONE',  ( 0.7071067811865493491, -0.7071067811865456854, 0.000000000000000000 ) ) ;
#8151 = VECTOR ( 'NONE', #1034, 1000.000000000000000 ) ;
#8152 = CARTESIAN_POINT ( 'NONE',  ( 3.500000000000002220, 9.999999999999998224, 1.100000000000001199 ) ) ;
#8153 = CARTESIAN_POINT ( 'NONE',  ( 4.800155146973222209, 4.235050948740416210, -7.600000000000000533 ) ) ;
#8154 = DIRECTION ( 'NONE',  ( -0.000000000000000000, -0.000000000000000000, -1.000000000000000000 ) ) ;
#8155 = VERTEX_POINT ( 'NONE', #474 ) ;
#8156 = DIRECTION ( 'NONE',  ( 1.836970198721029688E-16, -1.000000000000000000, -0.000000000000000000 ) ) ;
#8157 = CARTESIAN_POINT ( 'NONE',  ( -10.00000000000000355, 3.851859888774471706E-31, 6.100000000000001421 ) ) ;
#8158 = EDGE_LOOP ( 'NONE', ( #2722, #6163, #3081, #5596, #7981, #3457 ) ) ;
#8159 = EDGE_CURVE ( 'NONE', #7432, #6354, #4894, .T. ) ;
#8160 = CARTESIAN_POINT ( 'NONE',  ( -4.800155146973220432, -3.500000000000008882, -7.099999999999998757 ) ) ;
#8161 = VECTOR ( 'NONE', #2749, 1000.000000000000000 ) ;
#8162 = DIRECTION ( 'NONE',  ( 1.000000000000000000, 0.000000000000000000, 0.000000000000000000 ) ) ;
#8163 = EDGE_CURVE ( 'NONE', #6915, #3159, #4933, .T. ) ;
#8164 = ORIENTED_EDGE ( 'NONE', *, *, #3373, .T. ) ;
#8165 = ORIENTED_EDGE ( 'NONE', *, *, #706, .T. ) ;
#8166 = ORIENTED_EDGE ( 'NONE', *, *, #3388, .F. ) ;
#8167 = CARTESIAN_POINT ( 'NONE',  ( 7.300000000000003375, -3.366025403784441483, -5.100000000000000533 ) ) ;
#8168 = ORIENTED_EDGE ( 'NONE', *, *, #1433, .T. ) ;
#8169 = DIRECTION ( 'NONE',  ( -0.000000000000000000, -1.000000000000000000, 0.000000000000000000 ) ) ;
#8170 = EDGE_CURVE ( 'NONE', #2124, #7732, #5702, .T. ) ;
#8171 = APPLICATION_PROTOCOL_DEFINITION ( 'draft international standard', 'automotive_design', 1998, #5695 ) ;
#8172 = DIRECTION ( 'NONE',  ( -1.000000000000000000, -8.092595186784966097E-16, -2.168404344970954141E-16 ) ) ;
#8173 = PLANE ( 'NONE',  #5636 ) ;
#8174 = EDGE_CURVE ( 'NONE', #3451, #8424, #7548, .T. ) ;
#8175 = ORIENTED_EDGE ( 'NONE', *, *, #795, .T. ) ;
#8176 = CARTESIAN_POINT ( 'NONE',  ( 0.1749999999999998779, 10.00000000000000000, -7.037946471341893329 ) ) ;
#8177 = EDGE_CURVE ( 'NONE', #6493, #3854, #1083, .T. ) ;
#8178 = AXIS2_PLACEMENT_3D ( 'NONE', #5659, #1123, #2485 ) ;
#8179 = DIRECTION ( 'NONE',  ( -0.7798598600361776878, 0.6259541506407265699, 0.000000000000000000 ) ) ;
#8180 = CARTESIAN_POINT ( 'NONE',  ( -7.299999999999997158, 2.799999999999992717, -6.250000000000000000 ) ) ;
#8181 = EDGE_CURVE ( 'NONE', #2878, #5483, #8276, .T. ) ;
#8182 = VERTEX_POINT ( 'NONE', #1175 ) ;
#8183 = FACE_OUTER_BOUND ( 'NONE', #2538, .T. ) ;
#8184 = VERTEX_POINT ( 'NONE', #2403 ) ;
#8185 = DIRECTION ( 'NONE',  ( -1.000000000000000000, 0.000000000000000000, -7.815892572535311793E-15 ) ) ;
#8186 = ORIENTED_EDGE ( 'NONE', *, *, #2383, .T. ) ;
#8187 = LINE ( 'NONE', #7540, #3421 ) ;
#8188 = SHAPE_REPRESENTATION_RELATIONSHIP ( 'NONE' , 'NONE' ,  #3136, #957 ) ;
#8189 = PLANE ( 'NONE',  #3231 ) ;
#8190 = CARTESIAN_POINT ( 'NONE',  ( -10.00000000000000355, 8.221438274771599969E-16, 6.100000000000001421 ) ) ;
#8191 = AXIS2_PLACEMENT_3D ( 'NONE', #2158, #5543, #6172 ) ;
#8192 = EDGE_CURVE ( 'NONE', #7877, #7461, #5704, .T. ) ;
#8193 = DIRECTION ( 'NONE',  ( 0.7798598600361769106, 0.6259541506407273470, 0.000000000000000000 ) ) ;
#8194 = CARTESIAN_POINT ( 'NONE',  ( -2.800155146973221765, 4.235050948740416210, -4.100000000000000533 ) ) ;
#8195 = ORIENTED_EDGE ( 'NONE', *, *, #2162, .T. ) ;
#8196 = DIRECTION ( 'NONE',  ( -0.000000000000000000, -0.000000000000000000, 1.000000000000000000 ) ) ;
#8197 = DIRECTION ( 'NONE',  ( -1.000000000000000000, 0.000000000000000000, -0.000000000000000000 ) ) ;
#8198 = EDGE_LOOP ( 'NONE', ( #2048, #6689, #1481, #2679 ) ) ;
#8199 = DIRECTION ( 'NONE',  ( 0.000000000000000000, -1.000000000000000000, -0.000000000000000000 ) ) ;
#8200 = VECTOR ( 'NONE', #7066, 1000.000000000000000 ) ;
#8201 = CARTESIAN_POINT ( 'NONE',  ( 6.907811268317344933, 3.989513734881517060, -4.100000000000000533 ) ) ;
#8202 = VERTEX_POINT ( 'NONE', #4346 ) ;
#8203 = ORIENTED_EDGE ( 'NONE', *, *, #6757, .F. ) ;
#8204 = EDGE_CURVE ( 'NONE', #4141, #4402, #6294, .T. ) ;
#8205 = EDGE_CURVE ( 'NONE', #5727, #5980, #3831, .T. ) ;
#8206 =( GEOMETRIC_REPRESENTATION_CONTEXT ( 3 ) GLOBAL_UNCERTAINTY_ASSIGNED_CONTEXT ( ( #1486 ) ) GLOBAL_UNIT_ASSIGNED_CONTEXT ( ( #5044, #6328, #296 ) ) REPRESENTATION_CONTEXT ( 'NONE', 'WORKASPACE' ) );
#8207 = EDGE_LOOP ( 'NONE', ( #1331, #190, #8338, #930 ) ) ;
#8208 = CARTESIAN_POINT ( 'NONE',  ( 5.199844853026782232, 4.235050948740416210, -4.100000000000000533 ) ) ;
#8209 = ORIENTED_EDGE ( 'NONE', *, *, #4031, .T. ) ;
#8210 = DIRECTION ( 'NONE',  ( 0.8039056341586716670, 0.5947568674407585076, -0.000000000000000000 ) ) ;
#8211 = CARTESIAN_POINT ( 'NONE',  ( 0.5098116976312510040, 7.226820651623238057, 1.100000000000001199 ) ) ;
#8212 = CARTESIAN_POINT ( 'NONE',  ( -5.199844853026783120, 4.235050948740416210, -4.599999999999999645 ) ) ;
#8213 = ORIENTED_EDGE ( 'NONE', *, *, #2740, .F. ) ;
#8214 = PLANE ( 'NONE',  #1407 ) ;
#8215 = DIRECTION ( 'NONE',  ( 1.000000000000000000, 1.085043878853569812E-15, -0.000000000000000000 ) ) ;
#8216 = ORIENTED_EDGE ( 'NONE', *, *, #3835, .F. ) ;
#8217 = CARTESIAN_POINT ( 'NONE',  ( -2.625568880007499217, 10.15344850294593115, 7.900000000000000355 ) ) ;
#8218 = ORIENTED_EDGE ( 'NONE', *, *, #7972, .T. ) ;
#8219 = ADVANCED_FACE ( 'NONE', ( #4514 ), #5190, .F. ) ;
#8220 = ORIENTED_EDGE ( 'NONE', *, *, #5235, .T. ) ;
#8221 = DIRECTION ( 'NONE',  ( 0.000000000000000000, 1.000000000000000000, 0.000000000000000000 ) ) ;
#8222 = FACE_OUTER_BOUND ( 'NONE', #2328, .T. ) ;
#8223 = DIRECTION ( 'NONE',  ( 0.000000000000000000, 0.000000000000000000, -1.000000000000000000 ) ) ;
#8224 = ADVANCED_FACE ( 'NONE', ( #3872 ), #4006, .F. ) ;
#8225 = DIRECTION ( 'NONE',  ( 0.000000000000000000, -0.000000000000000000, 1.000000000000000000 ) ) ;
#8226 = ORIENTED_EDGE ( 'NONE', *, *, #3896, .T. ) ;
#8227 = ADVANCED_FACE ( 'NONE', ( #657 ), #4645, .F. ) ;
#8228 = DIRECTION ( 'NONE',  ( -0.000000000000000000, -0.000000000000000000, 1.000000000000000000 ) ) ;
#8229 = ORIENTED_EDGE ( 'NONE', *, *, #4929, .T. ) ;
#8230 = CARTESIAN_POINT ( 'NONE',  ( 2.474873734152920779, 7.525126265847087659, 7.900000000000000355 ) ) ;
#8231 = DIRECTION ( 'NONE',  ( 1.000000000000000000, 0.000000000000000000, 0.000000000000000000 ) ) ;
#8232 = ORIENTED_EDGE ( 'NONE', *, *, #2925, .F. ) ;
#8233 = CARTESIAN_POINT ( 'NONE',  ( -7.500000000000000000, 0.1750000000516591103, 0.4000000000000010214 ) ) ;
#8234 = LINE ( 'NONE', #4817, #329 ) ;
#8235 = ORIENTED_EDGE ( 'NONE', *, *, #3733, .T. ) ;
#8236 = VERTEX_POINT ( 'NONE', #8446 ) ;
#8237 = EDGE_LOOP ( 'NONE', ( #1927, #6098, #1913, #7298 ) ) ;
#8238 = SURFACE_STYLE_FILL_AREA ( #2330 ) ;
#8239 = FACE_OUTER_BOUND ( 'NONE', #4897, .T. ) ;
#8240 = ORIENTED_EDGE ( 'NONE', *, *, #1726, .F. ) ;
#8241 = VECTOR ( 'NONE', #6411, 1000.000000000000000 ) ;
#8242 = CYLINDRICAL_SURFACE ( 'NONE', #1172, 2.000000000000000000 ) ;
#8243 = PRODUCT_CONTEXT ( 'NONE', #5086, 'mechanical' ) ;
#8244 = FACE_OUTER_BOUND ( 'NONE', #1051, .T. ) ;
#8245 = CARTESIAN_POINT ( 'NONE',  ( 5.179378605318053275, 9.027728175868498184, -3.654908379606648161 ) ) ;
#8246 = VECTOR ( 'NONE', #2590, 1000.000000000000000 ) ;
#8247 = VECTOR ( 'NONE', #553, 1000.000000000000000 ) ;
#8248 = ORIENTED_EDGE ( 'NONE', *, *, #829, .T. ) ;
#8249 = VECTOR ( 'NONE', #3770, 1000.000000000000000 ) ;
#8250 = CIRCLE ( 'NONE', #3199, 2.000000000000000000 ) ;
#8251 = AXIS2_PLACEMENT_3D ( 'NONE', #7833, #3816, #7199 ) ;
#8252 = LINE ( 'NONE', #5562, #1952 ) ;
#8253 = VECTOR ( 'NONE', #4901, 1000.000000000000000 ) ;
#8254 = CARTESIAN_POINT ( 'NONE',  ( 0.000000000000000000, 0.000000000000000000, -6.250000000000000000 ) ) ;
#8255 = EDGE_CURVE ( 'NONE', #4334, #5980, #5834, .T. ) ;
#8256 = VERTEX_POINT ( 'NONE', #5283 ) ;
#8257 = ORIENTED_EDGE ( 'NONE', *, *, #6568, .F. ) ;
#8258 = VECTOR ( 'NONE', #8321, 1000.000000000000000 ) ;
#8259 = DIRECTION ( 'NONE',  ( 0.000000000000000000, -1.000000000000000000, -0.000000000000000000 ) ) ;
#8260 = EDGE_LOOP ( 'NONE', ( #5782, #7446, #5958, #2585, #3151, #6797, #4860, #7861, #7839 ) ) ;
#8261 = ORIENTED_EDGE ( 'NONE', *, *, #5559, .T. ) ;
#8262 = CARTESIAN_POINT ( 'NONE',  ( 7.299999999999999822, 0.8000000000000012657, -4.100000000000000533 ) ) ;
#8263 = CONICAL_SURFACE ( 'NONE', #7317, 0.9999999999999974465, 0.7853981633974504994 ) ;
#8264 = EDGE_CURVE ( 'NONE', #2634, #1489, #4552, .T. ) ;
#8265 = AXIS2_PLACEMENT_3D ( 'NONE', #5228, #1383, #1347 ) ;
#8266 = FACE_OUTER_BOUND ( 'NONE', #1366, .T. ) ;
#8267 = EDGE_CURVE ( 'NONE', #1624, #6978, #3365, .T. ) ;
#8268 = EDGE_CURVE ( 'NONE', #3173, #4394, #7212, .T. ) ;
#8269 = LINE ( 'NONE', #5575, #6617 ) ;
#8270 = PRESENTATION_LAYER_ASSIGNMENT (  '', '', ( #1167 ) ) ;
#8271 = VERTEX_POINT ( 'NONE', #7253 ) ;
#8272 = DIRECTION ( 'NONE',  ( 0.000000000000000000, 0.000000000000000000, 1.000000000000000000 ) ) ;
#8273 = AXIS2_PLACEMENT_3D ( 'NONE', #5024, #7644, #3191 ) ;
#8274 = EDGE_LOOP ( 'NONE', ( #4604, #890, #7288, #7092, #995 ) ) ;
#8275 = DIRECTION ( 'NONE',  ( -0.7071067811865486830, 0.7071067811865464625, 0.000000000000000000 ) ) ;
#8276 = LINE ( 'NONE', #7038, #6809 ) ;
#8277 = EDGE_LOOP ( 'NONE', ( #2592, #4749, #3254, #3249 ) ) ;
#8278 = FACE_OUTER_BOUND ( 'NONE', #661, .T. ) ;
#8279 = CARTESIAN_POINT ( 'NONE',  ( -0.8999999999999998002, -2.686867906278003770E-15, -2.799999999999999822 ) ) ;
#8280 = AXIS2_PLACEMENT_3D ( 'NONE', #4227, #3742, #6827 ) ;
#8281 = EDGE_CURVE ( 'NONE', #1226, #7996, #7076, .T. ) ;
#8282 = ORIENTED_EDGE ( 'NONE', *, *, #4580, .F. ) ;
#8283 = ORIENTED_EDGE ( 'NONE', *, *, #8464, .F. ) ;
#8284 = ORIENTED_EDGE ( 'NONE', *, *, #2517, .F. ) ;
#8285 = DIRECTION ( 'NONE',  ( -0.000000000000000000, -0.000000000000000000, 1.000000000000000000 ) ) ;
#8286 = DIRECTION ( 'NONE',  ( 0.000000000000000000, -0.000000000000000000, -1.000000000000000000 ) ) ;
#8287 = VECTOR ( 'NONE', #4887, 1000.000000000000000 ) ;
#8288 = ORIENTED_EDGE ( 'NONE', *, *, #758, .T. ) ;
#8289 = CARTESIAN_POINT ( 'NONE',  ( -4.800155146973222209, 4.235050948740416210, -4.599999999999999645 ) ) ;
#8290 = CARTESIAN_POINT ( 'NONE',  ( 5.199844853026781344, 0.8000000000000008216, -6.250000000000000000 ) ) ;
#8291 = CARTESIAN_POINT ( 'NONE',  ( 3.500000000000000000, 10.75000000000000000, -4.599999999999999645 ) ) ;
#8292 = ORIENTED_EDGE ( 'NONE', *, *, #4530, .T. ) ;
#8293 = VECTOR ( 'NONE', #3898, 1000.000000000000114 ) ;
#8294 = CARTESIAN_POINT ( 'NONE',  ( -7.299999999999992717, 2.799999999999997602, -6.250000000000000000 ) ) ;
#8295 = UNCERTAINTY_MEASURE_WITH_UNIT (LENGTH_MEASURE( 1.000000000000000082E-05 ), #2276, 'distance_accuracy_value', 'NONE');
#8296 = DIRECTION ( 'NONE',  ( -0.8039056341586716670, -0.5947568674407585076, 0.000000000000000000 ) ) ;
#8297 = CARTESIAN_POINT ( 'NONE',  ( 1.000000000000000000, 7.249999999999999112, -6.250000000000000000 ) ) ;
#8298 = ORIENTED_EDGE ( 'NONE', *, *, #4530, .F. ) ;
#8299 = EDGE_CURVE ( 'NONE', #5921, #1050, #742, .T. ) ;
#8300 = LINE ( 'NONE', #337, #7852 ) ;
#8301 = EDGE_CURVE ( 'NONE', #2159, #1809, #1350, .T. ) ;
#8302 = VECTOR ( 'NONE', #2633, 1000.000000000000000 ) ;
#8303 = VERTEX_POINT ( 'NONE', #3234 ) ;
#8304 = EDGE_LOOP ( 'NONE', ( #7178, #5948, #1707, #3962 ) ) ;
#8305 = DIRECTION ( 'NONE',  ( 0.000000000000000000, 0.000000000000000000, 1.000000000000000000 ) ) ;
#8306 =( NAMED_UNIT ( * ) PLANE_ANGLE_UNIT ( ) SI_UNIT ( $, .RADIAN. ) );
#8307 = DIRECTION ( 'NONE',  ( -1.000000000000000000, 1.953973143133828343E-15, 0.000000000000000000 ) ) ;
#8308 = CARTESIAN_POINT ( 'NONE',  ( -2.999999999999999556, 1.500000000000000888, 5.300000000000000711 ) ) ;
#8309 = CARTESIAN_POINT ( 'NONE',  ( -2.500000000000000000, 9.947350469337287393, -4.100000000000000533 ) ) ;
#8310 = EDGE_LOOP ( 'NONE', ( #8320, #3014, #397, #3842 ) ) ;
#8311 = DIRECTION ( 'NONE',  ( 0.000000000000000000, 0.000000000000000000, -1.000000000000000000 ) ) ;
#8312 = CARTESIAN_POINT ( 'NONE',  ( 2.812186117670660401, 10.19792651016505580, -6.250000000000000888 ) ) ;
#8313 = ORIENTED_EDGE ( 'NONE', *, *, #1037, .T. ) ;
#8314 = CARTESIAN_POINT ( 'NONE',  ( 5.199844853026783120, 4.235050948740416210, -4.100000000000000533 ) ) ;
#8315 = DIRECTION ( 'NONE',  ( 1.000000000000000000, 0.000000000000000000, 0.000000000000000000 ) ) ;
#8316 = ORIENTED_EDGE ( 'NONE', *, *, #3697, .F. ) ;
#8317 = LINE ( 'NONE', #6949, #7984 ) ;
#8318 = DIRECTION ( 'NONE',  ( 1.000000000000000000, 0.000000000000000000, 0.000000000000000000 ) ) ;
#8319 = ORIENTED_EDGE ( 'NONE', *, *, #6445, .F. ) ;
#8320 = ORIENTED_EDGE ( 'NONE', *, *, #5174, .T. ) ;
#8321 = DIRECTION ( 'NONE',  ( 0.7071067811865463515, 0.7071067811865487940, 0.000000000000000000 ) ) ;
#8322 = ORIENTED_EDGE ( 'NONE', *, *, #1598, .T. ) ;
#8323 = CARTESIAN_POINT ( 'NONE',  ( 10.00000000000000178, 6.999999999999999112, 6.100000000000001421 ) ) ;
#8324 = VECTOR ( 'NONE', #2714, 1000.000000000000000 ) ;
#8325 = EDGE_CURVE ( 'NONE', #1645, #5838, #2707, .T. ) ;
#8326 = DIRECTION ( 'NONE',  ( 1.000000000000000000, -0.000000000000000000, 4.340175515414278461E-15 ) ) ;
#8327 = EDGE_LOOP ( 'NONE', ( #3369, #114, #7396, #6754, #3002 ) ) ;
#8328 = FACE_OUTER_BOUND ( 'NONE', #2031, .T. ) ;
#8329 = PLANE ( 'NONE',  #1431 ) ;
#8330 = FACE_OUTER_BOUND ( 'NONE', #2309, .T. ) ;
#8331 = AXIS2_PLACEMENT_3D ( 'NONE', #8400, #2537, #6569 ) ;
#8332 = ORIENTED_EDGE ( 'NONE', *, *, #1944, .F. ) ;
#8333 = PLANE ( 'NONE',  #1038 ) ;
#8334 = EDGE_CURVE ( 'NONE', #1893, #5890, #4473, .T. ) ;
#8335 = LINE ( 'NONE', #1278, #448 ) ;
#8336 = DIRECTION ( 'NONE',  ( -1.000000000000000000, 1.084202172485506603E-15, 0.000000000000000000 ) ) ;
#8337 = LINE ( 'NONE', #7657, #6468 ) ;
#8338 = ORIENTED_EDGE ( 'NONE', *, *, #8411, .T. ) ;
#8339 = CARTESIAN_POINT ( 'NONE',  ( 4.800155146973217768, 0.8000000000000008216, -7.900000000000000355 ) ) ;
#8340 = ORIENTED_EDGE ( 'NONE', *, *, #4873, .T. ) ;
#8341 = VERTEX_POINT ( 'NONE', #1215 ) ;
#8342 = CARTESIAN_POINT ( 'NONE',  ( -10.00000000000000355, 0.4000000000000019096, -2.799999999999999822 ) ) ;
#8343 = LINE ( 'NONE', #3820, #2220 ) ;
#8344 = PLANE ( 'NONE',  #6889 ) ;
#8345 = LINE ( 'NONE', #7070, #7841 ) ;
#8346 = ORIENTED_EDGE ( 'NONE', *, *, #979, .F. ) ;
#8347 = DIRECTION ( 'NONE',  ( -0.000000000000000000, -0.000000000000000000, 1.000000000000000000 ) ) ;
#8348 = LINE ( 'NONE', #2400, #443 ) ;
#8349 = ORIENTED_EDGE ( 'NONE', *, *, #2685, .T. ) ;
#8350 = DIRECTION ( 'NONE',  ( 1.000000000000000000, 0.000000000000000000, 0.000000000000000000 ) ) ;
#8351 = DIRECTION ( 'NONE',  ( -0.7798598600361769106, 0.6259541506407273470, 0.000000000000000000 ) ) ;
#8352 = ORIENTED_EDGE ( 'NONE', *, *, #4893, .F. ) ;
#8353 = DIRECTION ( 'NONE',  ( 0.000000000000000000, 0.000000000000000000, -1.000000000000000000 ) ) ;
#8354 = CARTESIAN_POINT ( 'NONE',  ( 2.280971972007237891, 8.971547725466914258, -4.100000000000000533 ) ) ;
#8355 = ORIENTED_EDGE ( 'NONE', *, *, #2578, .T. ) ;
#8356 = EDGE_CURVE ( 'NONE', #2634, #8455, #7521, .T. ) ;
#8357 = ORIENTED_EDGE ( 'NONE', *, *, #4790, .T. ) ;
#8358 = DIRECTION ( 'NONE',  ( -5.050066219870499142E-16, -1.000000000000000000, 0.000000000000000000 ) ) ;
#8359 = CARTESIAN_POINT ( 'NONE',  ( -1.000000000000000000, 12.00000000000000000, -6.250000000000001776 ) ) ;
#8360 = VERTEX_POINT ( 'NONE', #5781 ) ;
#8361 = EDGE_LOOP ( 'NONE', ( #6846, #2306 ) ) ;
#8362 = FILL_AREA_STYLE ('',( #709 ) ) ;
#8363 = DIRECTION ( 'NONE',  ( 4.340175515414278461E-15, -4.705627722780563174E-30, -1.000000000000000000 ) ) ;
#8364 = EDGE_LOOP ( 'NONE', ( #480, #1434, #1756, #7106 ) ) ;
#8365 = LINE ( 'NONE', #439, #5817 ) ;
#8366 = APPLICATION_PROTOCOL_DEFINITION ( 'draft international standard', 'automotive_design', 1998, #7352 ) ;
#8367 = DIRECTION ( 'NONE',  ( -1.000000000000000000, -8.092595186784927640E-16, -2.168404344971020208E-16 ) ) ;
#8368 = CYLINDRICAL_SURFACE ( 'NONE', #735, 2.399689706053560911 ) ;
#8369 = ADVANCED_FACE ( 'NONE', ( #4603 ), #3964, .F. ) ;
#8370 = ORIENTED_EDGE ( 'NONE', *, *, #6865, .T. ) ;
#8371 = ADVANCED_FACE ( 'NONE', ( #701 ), #5146, .F. ) ;
#8372 = ADVANCED_FACE ( 'NONE', ( #6165 ), #7385, .F. ) ;
#8373 = CIRCLE ( 'NONE', #7714, 5.899999999999999467 ) ;
#8374 = PLANE ( 'NONE',  #5822 ) ;
#8375 = PRODUCT_DEFINITION_SHAPE ( 'NONE', 'NONE',  #500 ) ;
#8376 = LINE ( 'NONE', #6457, #4164 ) ;
#8377 = LINE ( 'NONE', #4584, #587 ) ;
#8378 = AXIS2_PLACEMENT_3D ( 'NONE', #4381, #5652, #7667 ) ;
#8379 = EDGE_CURVE ( 'NONE', #41, #1301, #7423, .T. ) ;
#8380 = ORIENTED_EDGE ( 'NONE', *, *, #5209, .T. ) ;
#8381 = EDGE_CURVE ( 'NONE', #3693, #5703, #2715, .T. ) ;
#8382 = DIRECTION ( 'NONE',  ( 0.000000000000000000, 1.000000000000000000, -0.000000000000000000 ) ) ;
#8383 = VECTOR ( 'NONE', #1199, 1000.000000000000000 ) ;
#8384 = AXIS2_PLACEMENT_3D ( 'NONE', #4691, #3939, #672 ) ;
#8385 = VERTEX_POINT ( 'NONE', #1428 ) ;
#8386 = DIRECTION ( 'NONE',  ( -0.000000000000000000, 0.000000000000000000, 1.000000000000000000 ) ) ;
#8387 = DIRECTION ( 'NONE',  ( 0.000000000000000000, 0.000000000000000000, 1.000000000000000000 ) ) ;
#8388 = CARTESIAN_POINT ( 'NONE',  ( -2.500000000000000000, 0.000000000000000000, -6.250000000000000000 ) ) ;
#8389 = AXIS2_PLACEMENT_3D ( 'NONE', #1585, #2265, #5210 ) ;
#8390 = VECTOR ( 'NONE', #2482, 1000.000000000000000 ) ;
#8391 = VECTOR ( 'NONE', #5332, 1000.000000000000000 ) ;
#8392 = DIRECTION ( 'NONE',  ( 1.000000000000000000, 0.000000000000000000, 0.000000000000000000 ) ) ;
#8393 = ORIENTED_EDGE ( 'NONE', *, *, #4242, .T. ) ;
#8394 = DIRECTION ( 'NONE',  ( -0.000000000000000000, -0.000000000000000000, -1.000000000000000000 ) ) ;
#8395 = DIRECTION ( 'NONE',  ( 0.7798598600361774658, -0.6259541506407266809, -0.000000000000000000 ) ) ;
#8396 = VECTOR ( 'NONE', #5502, 1000.000000000000000 ) ;
#8397 = VERTEX_POINT ( 'NONE', #4092 ) ;
#8398 = VECTOR ( 'NONE', #7804, 1000.000000000000000 ) ;
#8399 = LINE ( 'NONE', #2536, #1494 ) ;
#8400 = CARTESIAN_POINT ( 'NONE',  ( 0.000000000000000000, 6.500000000000000888, -3.049120979999346392 ) ) ;
#8401 = ORIENTED_EDGE ( 'NONE', *, *, #2977, .F. ) ;
#8402 = CLOSED_SHELL ( 'NONE', ( #3225, #8224, #7198, #1780, #688, #3949, #5335, #3907, #7675, #8019, #655, #3185, #5482 ) ) ;
#8403 = CARTESIAN_POINT ( 'NONE',  ( 2.500000000000000000, 9.947350469337287393, -6.250000000000000000 ) ) ;
#8404 = FACE_OUTER_BOUND ( 'NONE', #4054, .T. ) ;
#8405 = MECHANICAL_DESIGN_GEOMETRIC_PRESENTATION_REPRESENTATION (  '', ( #1167 ), #3639 ) ;
#8406 = EDGE_LOOP ( 'NONE', ( #8175, #378 ) ) ;
#8407 = VECTOR ( 'NONE', #5201, 1000.000000000000000 ) ;
#8408 = CARTESIAN_POINT ( 'NONE',  ( -2.499999999999998668, -3.499999999999998668, 5.300000000000000711 ) ) ;
#8409 = PLANE ( 'NONE',  #4583 ) ;
#8410 = ORIENTED_EDGE ( 'NONE', *, *, #1053, .T. ) ;
#8411 = EDGE_CURVE ( 'NONE', #2664, #4585, #3286, .T. ) ;
#8412 = ORIENTED_EDGE ( 'NONE', *, *, #4468, .F. ) ;
#8413 = FILL_AREA_STYLE ('',( #1941 ) ) ;
#8414 = CARTESIAN_POINT ( 'NONE',  ( -0.9000000000000001332, 1.671642880836137691E-15, 5.300000000000001599 ) ) ;
#8415 = VERTEX_POINT ( 'NONE', #4727 ) ;
#8416 = CARTESIAN_POINT ( 'NONE',  ( 0.1998448530267809553, -3.366025403784448145, -5.100000000000000533 ) ) ;
#8417 = VECTOR ( 'NONE', #6704, 1000.000000000000000 ) ;
#8418 = APPLICATION_PROTOCOL_DEFINITION ( 'draft international standard', 'automotive_design', 1998, #6140 ) ;
#8419 = DIRECTION ( 'NONE',  ( 0.8039056341586715559, 0.5947568674407588407, -0.000000000000000000 ) ) ;
#8420 = EDGE_CURVE ( 'NONE', #7065, #7619, #8070, .T. ) ;
#8421 = DIRECTION ( 'NONE',  ( -0.000000000000000000, -0.000000000000000000, -1.000000000000000000 ) ) ;
#8422 = VECTOR ( 'NONE', #5847, 1000.000000000000000 ) ;
#8423 = ORIENTED_EDGE ( 'NONE', *, *, #2235, .F. ) ;
#8424 = VERTEX_POINT ( 'NONE', #953 ) ;
#8425 = VECTOR ( 'NONE', #8102, 1000.000000000000000 ) ;
#8426 = DIRECTION ( 'NONE',  ( 0.000000000000000000, -1.000000000000000000, 0.000000000000000000 ) ) ;
#8427 = FACE_OUTER_BOUND ( 'NONE', #306, .T. ) ;
#8428 = DIRECTION ( 'NONE',  ( -0.5947568674407586187, 0.8039056341586715559, 0.000000000000000000 ) ) ;
#8429 = VECTOR ( 'NONE', #4664, 1000.000000000000000 ) ;
#8430 = ORIENTED_EDGE ( 'NONE', *, *, #5124, .F. ) ;
#8431 = DIRECTION ( 'NONE',  ( -0.000000000000000000, -0.000000000000000000, 1.000000000000000000 ) ) ;
#8432 = EDGE_CURVE ( 'NONE', #1908, #4474, #820, .T. ) ;
#8433 = ORIENTED_EDGE ( 'NONE', *, *, #7482, .F. ) ;
#8434 = DIRECTION ( 'NONE',  ( 1.000000000000000000, 0.000000000000000000, 0.000000000000000000 ) ) ;
#8435 = EDGE_CURVE ( 'NONE', #5233, #2899, #258, .T. ) ;
#8436 =( NAMED_UNIT ( * ) SI_UNIT ( $, .STERADIAN. ) SOLID_ANGLE_UNIT ( ) );
#8437 = DIRECTION ( 'NONE',  ( 1.836970198721029688E-16, -1.000000000000000000, -0.000000000000000000 ) ) ;
#8438 = AXIS2_PLACEMENT_3D ( 'NONE', #1360, #5291, #7909 ) ;
#8439 = CARTESIAN_POINT ( 'NONE',  ( 0.000000000000000000, 19.50000000000000000, 7.900000000000000355 ) ) ;
#8440 = ORIENTED_EDGE ( 'NONE', *, *, #6764, .F. ) ;
#8441 = LINE ( 'NONE', #1170, #2422 ) ;
#8442 = LINE ( 'NONE', #1975, #585 ) ;
#8443 = ORIENTED_EDGE ( 'NONE', *, *, #2408, .F. ) ;
#8444 = CARTESIAN_POINT ( 'NONE',  ( 7.699999999999999289, 0.8000000000000020428, -4.100000000000000533 ) ) ;
#8445 = ADVANCED_FACE ( 'NONE', ( #786 ), #918, .F. ) ;
#8446 = CARTESIAN_POINT ( 'NONE',  ( -4.729279221902245922, 5.662282881142665758, -4.599999999999999645 ) ) ;
#8447 = ORIENTED_EDGE ( 'NONE', *, *, #2188, .F. ) ;
#8448 = FACE_OUTER_BOUND ( 'NONE', #8274, .T. ) ;
#8449 = DIRECTION ( 'NONE',  ( 0.000000000000000000, 0.000000000000000000, 1.000000000000000000 ) ) ;
#8450 = CONICAL_SURFACE ( 'NONE', #1488, 0.9999999999999974465, 0.7853981633974549403 ) ;
#8451 = ORIENTED_EDGE ( 'NONE', *, *, #6502, .T. ) ;
#8452 = DIRECTION ( 'NONE',  ( -1.000000000000000000, 0.000000000000000000, 0.000000000000000000 ) ) ;
#8453 = FACE_OUTER_BOUND ( 'NONE', #1128, .T. ) ;
#8454 = ORIENTED_EDGE ( 'NONE', *, *, #6726, .F. ) ;
#8455 = VERTEX_POINT ( 'NONE', #2150 ) ;
#8456 = FACE_OUTER_BOUND ( 'NONE', #3437, .T. ) ;
#8457 = DIRECTION ( 'NONE',  ( -1.000000000000000000, 0.000000000000000000, 0.000000000000000000 ) ) ;
#8458 = EDGE_LOOP ( 'NONE', ( #7519, #6226, #265, #6932 ) ) ;
#8459 = DIRECTION ( 'NONE',  ( 0.000000000000000000, 0.000000000000000000, 1.000000000000000000 ) ) ;
#8460 = CARTESIAN_POINT ( 'NONE',  ( -0.5000000000000000000, 4.625000000000001776, 1.100000000000001199 ) ) ;
#8461 = LINE ( 'NONE', #5163, #4557 ) ;
#8462 = DIRECTION ( 'NONE',  ( -0.7071067811865487940, 0.7071067811865463515, 0.000000000000000000 ) ) ;
#8463 = VECTOR ( 'NONE', #5026, 1000.000000000000000 ) ;
#8464 = EDGE_CURVE ( 'NONE', #5961, #4615, #4177, .T. ) ;
#8465 = ORIENTED_EDGE ( 'NONE', *, *, #3160, .T. ) ;
#8466 = ORIENTED_EDGE ( 'NONE', *, *, #1265, .T. ) ;
#8467 = VECTOR ( 'NONE', #1385, 1000.000000000000000 ) ;
#8468 = CARTESIAN_POINT ( 'NONE',  ( 9.200000000000001066, 2.799999999999997602, -6.250000000000000000 ) ) ;
#8469 = LINE ( 'NONE', #634, #8249 ) ;
#8470 = DIRECTION ( 'NONE',  ( 0.000000000000000000, 0.000000000000000000, 1.000000000000000000 ) ) ;
#8471 = EDGE_CURVE ( 'NONE', #8182, #1028, #6820, .T. ) ;
#8472 = VERTEX_POINT ( 'NONE', #5409 ) ;
#8473 = DIRECTION ( 'NONE',  ( 0.7071067811865524577, 0.7071067811865426878, 0.000000000000000000 ) ) ;
#8474 = PRODUCT_DEFINITION_FORMATION_WITH_SPECIFIED_SOURCE ( 'ANY', '', #1455, .NOT_KNOWN. ) ;
#8475 = CARTESIAN_POINT ( 'NONE',  ( -2.219409688249055268, 8.409222121196149757, -7.500000000000001776 ) ) ;
#8476 = DIRECTION ( 'NONE',  ( 0.000000000000000000, 0.000000000000000000, -1.000000000000000000 ) ) ;
#8477 = DIRECTION ( 'NONE',  ( -0.000000000000000000, 0.000000000000000000, 1.000000000000000000 ) ) ;
#8478 = NEXT_ASSEMBLY_USAGE_OCCURRENCE ( 'NAUO1', ' ', ' ', #6368, #7742, $ ) ;
#8479 = NEXT_ASSEMBLY_USAGE_OCCURRENCE ( 'NAUO2', ' ', ' ', #7742, #2180, $ ) ;
#8480 = NEXT_ASSEMBLY_USAGE_OCCURRENCE ( 'NAUO3', ' ', ' ', #7742, #4447, $ ) ;
#8481 = NEXT_ASSEMBLY_USAGE_OCCURRENCE ( 'NAUO4', ' ', ' ', #7742, #5055, $ ) ;
#8482 = NEXT_ASSEMBLY_USAGE_OCCURRENCE ( 'NAUO5', ' ', ' ', #7742, #500, $ ) ;
#8483 = NEXT_ASSEMBLY_USAGE_OCCURRENCE ( 'NAUO6', ' ', ' ', #7742, #27, $ ) ;
#8484 = NEXT_ASSEMBLY_USAGE_OCCURRENCE ( 'NAUO7', ' ', ' ', #7742, #7268, $ ) ;
#8485 = NEXT_ASSEMBLY_USAGE_OCCURRENCE ( 'NAUO8', ' ', ' ', #7742, #2028, $ ) ;
#8486 = NEXT_ASSEMBLY_USAGE_OCCURRENCE ( 'NAUO9', ' ', ' ', #7742, #2824, $ ) ;
#8487 = NEXT_ASSEMBLY_USAGE_OCCURRENCE ( 'NAUO10', ' ', ' ', #7742, #6211, $ ) ;
ENDSEC;
END-ISO-10303-21;
