ISO-10303-21;

HEADER;
FILE_DESCRIPTION((' '),'2;1');
FILE_NAME( '1900-bk-T-D.stp',
           '2023-03-12T10:41:35',
           (' '),
           ('--- Datakit www.datakit.com---'),
           ' Datakit CrossCadWare V2023.1  Dec 22 2022',
           'DATAKIT 2023 (c)',
           ' ');
FILE_SCHEMA(('AP242_MANAGED_MODEL_BASED_3D_ENGINEERING_MIM_LF { 1 0 10303 442 1 1 4 }'));
ENDSEC;

DATA;
#1=APPLICATION_CONTEXT('Managed model based 3d engineering');
#2=APPLICATION_PROTOCOL_DEFINITION('international standard','ap242_managed_model_based_3d_engineering',2013,#1);
#3=(LENGTH_UNIT()NAMED_UNIT(*)SI_UNIT(.MILLI.,.METRE.));
#4=(NAMED_UNIT(*)PLANE_ANGLE_UNIT()SI_UNIT($,.RADIAN.));
#5=( GEOMETRIC_REPRESENTATION_CONTEXT(3)
       GLOBAL_UNCERTAINTY_ASSIGNED_CONTEXT((#6)) GLOBAL_UNIT_ASSIGNED_CONTEXT
  ((#3,#4)) REPRESENTATION_CONTEXT('Context #1',
  '3D Context with UNIT and UNCERTAINTY') );
#6=UNCERTAINTY_MEASURE_WITH_UNIT(LENGTH_MEASURE(0.005),#3,'distance_accuracy_value','Confusion accuracy');
#7=PRODUCT_CONTEXT('',#1,'mechanical');
#8=PRODUCT('1900-bk-T-D','','',(#7));
#9=PRODUCT_DEFINITION_FORMATION('','',#8);
#10=PRODUCT_DEFINITION_CONTEXT('part definition',#1,'design');
#11=PRODUCT_DEFINITION('design','',#9,#10);
#12=PRODUCT_DEFINITION_SHAPE('','',#11);
#13=PRODUCT_CATEGORY('part',$);
#14=PRODUCT_RELATED_PRODUCT_CATEGORY('part',$,(#8));
#15=PRODUCT_CATEGORY_RELATIONSHIP('','',#13,#14);
#16=CARTESIAN_POINT('',(-6.3474375195,0.0,13.1024992191));
#17=VERTEX_POINT('',#16);
#18=CARTESIAN_POINT('',(0.0,0.0,13.1024992191));
#19=DIRECTION('',(0.0,0.0,1.0));
#20=DIRECTION('',(-1.0,0.0,0.0));
#21=AXIS2_PLACEMENT_3D('',#18,#19,#20);
#22=CIRCLE('',#21,6.3474375195);
#23=EDGE_CURVE('n° 1604',#17,#17,#22,.T.);
#24=ORIENTED_EDGE('',*,*,#23,.T.);
#25=EDGE_LOOP('',(#24));
#26=FACE_OUTER_BOUND('',#25,.T.);
#27=CARTESIAN_POINT('',(-0.6918140633,-5.937499546,27.8933039592));
#28=VERTEX_POINT('',#27);
#29=CARTESIAN_POINT('',(-3.7092467641,-4.6876429045,27.8933039592));
#30=VERTEX_POINT('',#29);
#31=CARTESIAN_POINT('',(-0.6918140633,-5.937499546,27.8933039592));
#32=CARTESIAN_POINT('',(-0.7570858016,-5.9575668319,26.7938422733));
#33=CARTESIAN_POINT('',(-0.8271119264,-5.976114634,25.6945713131));
#34=CARTESIAN_POINT('',(-1.0136064452,-6.0156915856,23.0168351467));
#35=CARTESIAN_POINT('',(-1.1357256456,-6.0347847463,21.4384604806));
#36=CARTESIAN_POINT('',(-1.3592767132,-6.0477299459,19.0726701782));
#37=CARTESIAN_POINT('',(-1.4406706571,-6.049428634,18.2830797904));
#38=CARTESIAN_POINT('',(-1.5823915595,-6.0439200967,17.1014762037));
#39=CARTESIAN_POINT('',(-1.6329589165,-6.0407261426,16.7079028231));
#40=CARTESIAN_POINT('',(-1.7453740971,-6.0296594389,15.9222264616));
#41=CARTESIAN_POINT('',(-1.8068542896,-6.0219846256,15.5291024135));
#42=CARTESIAN_POINT('',(-1.917782069,-6.0026375875,14.9423936127));
#43=CARTESIAN_POINT('',(-1.9581809758,-5.9948244924,14.7458209386));
#44=CARTESIAN_POINT('',(-2.0519545367,-5.9736646855,14.3566923897));
#45=CARTESIAN_POINT('',(-2.1033089721,-5.9612773162,14.1613218256));
#46=CARTESIAN_POINT('',(-2.2101300255,-5.929151198,13.8963576883));
#47=CARTESIAN_POINT('',(-2.2456562053,-5.9180843448,13.8167762185));
#48=CARTESIAN_POINT('',(-2.3140114774,-5.893806164,13.7291785604));
#49=CARTESIAN_POINT('',(-2.3318580336,-5.8873065692,13.7098391898));
#50=CARTESIAN_POINT('',(-2.3644375945,-5.8749023848,13.6863231996));
#51=CARTESIAN_POINT('',(-2.3773653663,-5.8698814089,13.679155423));
#52=CARTESIAN_POINT('',(-2.4016569549,-5.8601883331,13.6713335808));
#53=CARTESIAN_POINT('',(-2.4129546226,-5.8555943441,13.6695711921));
#54=CARTESIAN_POINT('',(-2.4350769789,-5.8464128581,13.6701750363));
#55=CARTESIAN_POINT('',(-2.4461516432,-5.8417226548,13.6725252604));
#56=CARTESIAN_POINT('',(-2.4697298789,-5.8315600621,13.6813894173));
#57=CARTESIAN_POINT('',(-2.4820941546,-5.8260980372,13.6889341577));
#58=CARTESIAN_POINT('',(-2.5104424342,-5.8133554773,13.711016796));
#59=CARTESIAN_POINT('',(-2.5253462874,-5.8064397392,13.7273453844));
#60=CARTESIAN_POINT('',(-2.5713672217,-5.7846790471,13.7866164532));
#61=CARTESIAN_POINT('',(-2.5961798475,-5.7722076785,13.8346859776));
#62=CARTESIAN_POINT('',(-2.6577256995,-5.7404969447,13.9708868433));
#63=CARTESIAN_POINT('',(-2.687959915,-5.7237760944,14.0627689381));
#64=CARTESIAN_POINT('',(-2.7635144208,-5.6806980836,14.3207794978));
#65=CARTESIAN_POINT('',(-2.8010284821,-5.6574474647,14.4897465637));
#66=CARTESIAN_POINT('',(-2.8942975461,-5.5973733448,14.9601092789));
#67=CARTESIAN_POINT('',(-2.9406809063,-5.5643461033,15.2638220493));
#68=CARTESIAN_POINT('',(-3.0548899442,-5.4789541171,16.1033628048));
#69=CARTESIAN_POINT('',(-3.1111306022,-5.4313807601,16.6412055645));
#70=CARTESIAN_POINT('',(-3.2482690567,-5.3080352401,18.1200065132));
#71=CARTESIAN_POINT('',(-3.3149073673,-5.2382387206,19.0627487598));
#72=CARTESIAN_POINT('',(-3.4531146152,-5.0812741665,21.3018223679));
#73=CARTESIAN_POINT('',(-3.5158868693,-4.9979039272,22.5990653363));
#74=CARTESIAN_POINT('',(-3.6236207104,-4.8395474737,25.1943636702));
#75=CARTESIAN_POINT('',(-3.6681128046,-4.7647507704,26.4925694596));
#76=CARTESIAN_POINT('',(-3.7072577896,-4.6913887257,27.8251361134));
#77=CARTESIAN_POINT('',(-3.7082545369,-4.6895146149,27.8592204682));
#78=CARTESIAN_POINT('',(-3.7092467736,-4.687642897,27.8933039572));
#79=B_SPLINE_CURVE_WITH_KNOTS('',3,(#31,#32,#33,#34,#35,#36,#37,#38,#39,#40,
    #41,#42,#43,#44,#45,#46,#47,#48,#49,#50,
    #51,#52,#53,#54,#55,#56,#57,#58,#59,#60,
    #61,#62,#63,#64,#65,#66,#67,#68,#69,#70,
    #71,#72,#73,#74,#75,#76,#77,#78),.UNSPECIFIED.,.F.,.U.,
 (4,2,2,2,2,2,2,2,2,2,2,2,2,2,2,2,2,2,2,2,
  2,2,2,4),
 (0.0,0.1146432032,0.2793560426,0.361860343,0.4031124932,0.4443646433,0.4651368362,0.485909029,0.4947210821,0.4973777833,0.4988642365,0.5000143925,0.501161677,0.5026434525,0.5049253914,0.5105108597,0.5205812344,0.5386349739,0.5706889329,0.6270957415,
  0.7256472806,0.8610483268,0.9964460338,1.0),.UNSPECIFIED.);
#80=EDGE_CURVE('n° 819',#28,#30,#79,.T.);
#81=ORIENTED_EDGE('',*,*,#80,.T.);
#82=CARTESIAN_POINT('',(-4.6876326078,-3.7092597768,27.8933039592));
#83=VERTEX_POINT('',#82);
#84=CARTESIAN_POINT('',(0.0,0.0,27.8933039592));
#85=DIRECTION('',(-0.0,-0.0,-1.0));
#86=DIRECTION('',(1.0,0.0,-0.0));
#87=AXIS2_PLACEMENT_3D('',#84,#85,#86);
#88=CIRCLE('',#87,5.977667401);
#89=EDGE_CURVE('n° 828',#30,#83,#88,.T.);
#90=ORIENTED_EDGE('',*,*,#89,.T.);
#91=CARTESIAN_POINT('',(-5.9374976256,-0.6918305455,27.8933039592));
#92=VERTEX_POINT('',#91);
#93=CARTESIAN_POINT('',(-4.6876326078,-3.7092597768,27.8933039592));
#94=CARTESIAN_POINT('',(-4.7479764104,-3.677295402,26.7938422733));
#95=CARTESIAN_POINT('',(-4.8106076348,-3.6408947308,25.6945713132));
#96=CARTESIAN_POINT('',(-4.9704643045,-3.5370083228,23.0168351468));
#97=CARTESIAN_POINT('',(-5.0703165227,-3.4641579116,21.4384604807));
#98=CARTESIAN_POINT('',(-5.2375446369,-3.3152370742,19.0726701783));
#99=CARTESIAN_POINT('',(-5.2963000005,-3.2588840183,18.2830797905));
#100=CARTESIAN_POINT('',(-5.3926166875,-3.1547770831,17.1014762037));
#101=CARTESIAN_POINT('',(-5.426114742,-3.1167620955,16.7079028231));
#102=CARTESIAN_POINT('',(-5.4977789373,-3.0294472178,15.9222264616));
#103=CARTESIAN_POINT('',(-5.5358250858,-2.9805472442,15.5291024135));
#104=CARTESIAN_POINT('',(-5.600582449,-2.8884290373,14.9423936127));
#105=CARTESIAN_POINT('',(-5.6236240974,-2.8543380039,14.7458209386));
#106=CARTESIAN_POINT('',(-5.6749697752,-2.77306784,14.3566923897));
#107=CARTESIAN_POINT('',(-5.7025236519,-2.7279955777,14.1613218256));
#108=CARTESIAN_POINT('',(-5.7553409471,-2.6297450905,13.8963576883));
#109=CARTESIAN_POINT('',(-5.7726363029,-2.5967988409,13.8167762185));
#110=CARTESIAN_POINT('',(-5.803803513,-2.5312970982,13.7291785604));
#111=CARTESIAN_POINT('',(-5.8118270263,-2.5140817696,13.7098391898));
#112=CARTESIAN_POINT('',(-5.8260931719,-2.4822734583,13.6863231996));
#113=CARTESIAN_POINT('',(-5.8316841209,-2.4695817771,13.679155423));
#114=CARTESIAN_POINT('',(-5.8420068282,-2.4455509905,13.6713335808));
#115=CARTESIAN_POINT('',(-5.8467470449,-2.4343138923,13.6695711921));
#116=CARTESIAN_POINT('',(-5.8558976221,-2.4121787331,13.6701750363));
#117=CARTESIAN_POINT('',(-5.8604121177,-2.4010312883,13.6725252604));
#118=CARTESIAN_POINT('',(-5.8698984099,-2.3771729197,13.6813894173));
#119=CARTESIAN_POINT('',(-5.8747790382,-2.3645678217,13.6889341577));
#120=CARTESIAN_POINT('',(-5.8858139485,-2.3355122104,13.711016796));
#121=CARTESIAN_POINT('',(-5.8914623988,-2.3200834295,13.7273453844));
#122=CARTESIAN_POINT('',(-5.9086169806,-2.2721545818,13.7866164532));
#123=CARTESIAN_POINT('',(-5.9173435673,-2.2457908166,13.8346859776));
#124=CARTESIAN_POINT('',(-5.9384401816,-2.1798484523,13.9708868433));
#125=CARTESIAN_POINT('',(-5.9479955738,-2.1466462069,14.062768938));
#126=CARTESIAN_POINT('',(-5.9709599236,-2.0627603499,14.3207794978));
#127=CARTESIAN_POINT('',(-5.9810457005,-2.0197932326,14.4897465637));
#128=CARTESIAN_POINT('',(-6.0045180705,-1.9113632273,14.9601092788));
#129=CARTESIAN_POINT('',(-6.0139622726,-1.8552114524,15.2638220492));
#130=CARTESIAN_POINT('',(-6.0343390054,-1.7140722147,16.1033628047));
#131=CARTESIAN_POINT('',(-6.0404677126,-1.6406646207,16.6412055643));
#132=CARTESIAN_POINT('',(-6.0502207902,-1.456474636,18.120006513));
#133=CARTESIAN_POINT('',(-6.0479875992,-1.3600006424,19.0627487596));
#134=CARTESIAN_POINT('',(-6.0347241808,-1.1512826596,21.3018223677));
#135=CARTESIAN_POINT('',(-6.0201592059,-1.0479443115,22.599065336));
#136=CARTESIAN_POINT('',(-5.9843636134,-0.8597900598,25.19436367));
#137=CARTESIAN_POINT('',(-5.9629350187,-0.7754401422,26.4925694593));
#138=CARTESIAN_POINT('',(-5.9387399038,-0.6958856585,27.8251361132));
#139=CARTESIAN_POINT('',(-5.9381195141,-0.6938556553,27.8592204681));
#140=CARTESIAN_POINT('',(-5.937497627,-0.6918305336,27.8933039572));
#141=B_SPLINE_CURVE_WITH_KNOTS('',3,(#93,#94,#95,#96,#97,#98,#99,#100,#101,#102,
    #103,#104,#105,#106,#107,#108,#109,#110,#111,#112,
    #113,#114,#115,#116,#117,#118,#119,#120,#121,#122,
    #123,#124,#125,#126,#127,#128,#129,#130,#131,#132,
    #133,#134,#135,#136,#137,#138,#139,#140),.UNSPECIFIED.,.F.,.U.,
 (4,2,2,2,2,2,2,2,2,2,2,2,2,2,2,2,2,2,2,2,
  2,2,2,4),
 (0.0,0.1146432032,0.2793560426,0.361860343,0.4031124932,0.4443646433,0.4651368362,0.485909029,0.4947210821,0.4973777833,0.4988642365,0.5000143925,0.501161677,0.5026434525,0.5049253914,0.5105108597,0.5205812344,0.5386349739,0.5706889329,0.6270957415,
  0.7256472806,0.8610483268,0.9964460338,1.0),.UNSPECIFIED.);
#142=EDGE_CURVE('n° 824',#83,#92,#141,.T.);
#143=ORIENTED_EDGE('',*,*,#142,.T.);
#144=CARTESIAN_POINT('',(-5.937499546,0.6918140633,27.8933039592));
#145=VERTEX_POINT('',#144);
#146=CARTESIAN_POINT('',(0.0,0.0,27.8933039592));
#147=DIRECTION('',(-0.0,-0.0,-1.0));
#148=DIRECTION('',(1.0,0.0,-0.0));
#149=AXIS2_PLACEMENT_3D('',#146,#147,#148);
#150=CIRCLE('',#149,5.977667401);
#151=EDGE_CURVE('n° 811',#92,#145,#150,.T.);
#152=ORIENTED_EDGE('',*,*,#151,.T.);
#153=CARTESIAN_POINT('',(-4.6876429045,3.7092467641,27.8933039592));
#154=VERTEX_POINT('',#153);
#155=CARTESIAN_POINT('',(-5.937499546,0.6918140633,27.8933039592));
#156=CARTESIAN_POINT('',(-5.9575668319,0.7570858016,26.7938422733));
#157=CARTESIAN_POINT('',(-5.976114634,0.8271119264,25.6945713131));
#158=CARTESIAN_POINT('',(-6.0156915856,1.0136064452,23.0168351468));
#159=CARTESIAN_POINT('',(-6.0347847463,1.1357256454,21.4384604807));
#160=CARTESIAN_POINT('',(-6.0477299459,1.3592767132,19.0726701783));
#161=CARTESIAN_POINT('',(-6.049428634,1.4406706571,18.2830797905));
#162=CARTESIAN_POINT('',(-6.0439200967,1.5823915595,17.1014762037));
#163=CARTESIAN_POINT('',(-6.0407261426,1.6329589165,16.7079028231));
#164=CARTESIAN_POINT('',(-6.0296594389,1.7453740971,15.9222264616));
#165=CARTESIAN_POINT('',(-6.0219846256,1.8068542897,15.5291024135));
#166=CARTESIAN_POINT('',(-6.0026375875,1.917782069,14.9423936127));
#167=CARTESIAN_POINT('',(-5.9948244924,1.9581809758,14.7458209386));
#168=CARTESIAN_POINT('',(-5.9736646855,2.0519545367,14.3566923897));
#169=CARTESIAN_POINT('',(-5.9612772458,2.103309159,14.1613218968));
#170=CARTESIAN_POINT('',(-5.9291512279,2.2101299462,13.8963576581));
#171=CARTESIAN_POINT('',(-5.9180843448,2.2456562055,13.8167762187));
#172=CARTESIAN_POINT('',(-5.8938061641,2.3140114773,13.7291785604));
#173=CARTESIAN_POINT('',(-5.8873065692,2.3318580336,13.7098391898));
#174=CARTESIAN_POINT('',(-5.8749023848,2.3644375945,13.6863231996));
#175=CARTESIAN_POINT('',(-5.8698814089,2.3773653663,13.679155423));
#176=CARTESIAN_POINT('',(-5.8601883331,2.4016569548,13.6713335808));
#177=CARTESIAN_POINT('',(-5.8555943441,2.4129546226,13.6695711921));
#178=CARTESIAN_POINT('',(-5.8464128581,2.4350769789,13.6701750363));
#179=CARTESIAN_POINT('',(-5.8417226548,2.4461516432,13.6725252604));
#180=CARTESIAN_POINT('',(-5.8315600621,2.4697298789,13.6813894173));
#181=CARTESIAN_POINT('',(-5.8260980372,2.4820941546,13.6889341577));
#182=CARTESIAN_POINT('',(-5.8133554773,2.5104424342,13.711016796));
#183=CARTESIAN_POINT('',(-5.8064397392,2.5253462875,13.7273453843));
#184=CARTESIAN_POINT('',(-5.7846790472,2.5713672216,13.7866164534));
#185=CARTESIAN_POINT('',(-5.7722076784,2.5961798477,13.8346859775));
#186=CARTESIAN_POINT('',(-5.7404969448,2.6577256991,13.9708868435));
#187=CARTESIAN_POINT('',(-5.723776094,2.6879599157,14.0627689378));
#188=CARTESIAN_POINT('',(-5.6806980842,2.7635144195,14.3207794982));
#189=CARTESIAN_POINT('',(-5.6574474634,2.8010284847,14.4897465631));
#190=CARTESIAN_POINT('',(-5.5973733471,2.8942975414,14.9601092799));
#191=CARTESIAN_POINT('',(-5.5643461029,2.940680907,15.2638220491));
#192=CARTESIAN_POINT('',(-5.4789541178,3.0548899429,16.103362805));
#193=CARTESIAN_POINT('',(-5.4313807628,3.1111305975,16.641205565));
#194=CARTESIAN_POINT('',(-5.3080352354,3.2482690648,18.1200065121));
#195=CARTESIAN_POINT('',(-5.2382387069,3.3149073883,19.0627487578));
#196=CARTESIAN_POINT('',(-5.0812741853,3.4531145863,21.3018223704));
#197=CARTESIAN_POINT('',(-4.9979039146,3.5158868869,22.5990653349));
#198=CARTESIAN_POINT('',(-4.8395474864,3.6236206929,25.1943636713));
#199=CARTESIAN_POINT('',(-4.7647507681,3.6681128074,26.4925694593));
#200=CARTESIAN_POINT('',(-4.6913887257,3.7072577896,27.8251361133));
#201=CARTESIAN_POINT('',(-4.6895146149,3.7082545369,27.8592204682));
#202=CARTESIAN_POINT('',(-4.6876428971,3.7092467736,27.8933039572));
#203=B_SPLINE_CURVE_WITH_KNOTS('',3,(#155,#156,#157,#158,#159,#160,#161,#162,#163,#164,
    #165,#166,#167,#168,#169,#170,#171,#172,#173,#174,
    #175,#176,#177,#178,#179,#180,#181,#182,#183,#184,
    #185,#186,#187,#188,#189,#190,#191,#192,#193,#194,
    #195,#196,#197,#198,#199,#200,#201,#202),.UNSPECIFIED.,.F.,.U.,
 (4,2,2,2,2,2,2,2,2,2,2,2,2,2,2,2,2,2,2,2,
  2,2,2,4),
 (0.0,0.1146432032,0.2793560426,0.361860343,0.4031124932,0.4443646433,0.4651368362,0.485909029,0.4947210821,0.4973777833,0.4988642365,0.5000143925,0.501161677,0.5026434525,0.5049253914,0.5105108597,0.5205812344,0.5386349739,0.5706889329,0.6270957415,
  0.7256472806,0.8610483268,0.9964460338,1.0),.UNSPECIFIED.);
#204=EDGE_CURVE('n° 806',#145,#154,#203,.T.);
#205=ORIENTED_EDGE('',*,*,#204,.T.);
#206=CARTESIAN_POINT('',(-3.7092597768,4.6876326078,27.8933039592));
#207=VERTEX_POINT('',#206);
#208=CARTESIAN_POINT('',(0.0,0.0,27.8933039592));
#209=DIRECTION('',(-0.0,-0.0,-1.0));
#210=DIRECTION('',(1.0,0.0,-0.0));
#211=AXIS2_PLACEMENT_3D('',#208,#209,#210);
#212=CIRCLE('',#211,5.977667401);
#213=EDGE_CURVE('n° 793',#154,#207,#212,.T.);
#214=ORIENTED_EDGE('',*,*,#213,.T.);
#215=CARTESIAN_POINT('',(-0.6918305455,5.9374976256,27.8933039592));
#216=VERTEX_POINT('',#215);
#217=CARTESIAN_POINT('',(-3.7092597768,4.6876326078,27.8933039592));
#218=CARTESIAN_POINT('',(-3.677295402,4.7479764104,26.7938422733));
#219=CARTESIAN_POINT('',(-3.6408947309,4.8106076348,25.6945713132));
#220=CARTESIAN_POINT('',(-3.5370083229,4.9704643045,23.0168351469));
#221=CARTESIAN_POINT('',(-3.4641579116,5.0703165227,21.4384604808));
#222=CARTESIAN_POINT('',(-3.3152370742,5.2375446369,19.0726701783));
#223=CARTESIAN_POINT('',(-3.2588840183,5.2963000005,18.2830797905));
#224=CARTESIAN_POINT('',(-3.1547770831,5.3926166875,17.1014762037));
#225=CARTESIAN_POINT('',(-3.1167620955,5.426114742,16.7079028232));
#226=CARTESIAN_POINT('',(-3.0294472178,5.4977789373,15.9222264616));
#227=CARTESIAN_POINT('',(-2.9805472442,5.5358250858,15.5291024136));
#228=CARTESIAN_POINT('',(-2.8884290373,5.600582449,14.9423936127));
#229=CARTESIAN_POINT('',(-2.8543380039,5.6236240974,14.7458209386));
#230=CARTESIAN_POINT('',(-2.77306784,5.6749697752,14.3566923897));
#231=CARTESIAN_POINT('',(-2.7279955777,5.7025236519,14.1613218256));
#232=CARTESIAN_POINT('',(-2.6297450905,5.7553409471,13.8963576883));
#233=CARTESIAN_POINT('',(-2.5967988409,5.7726363029,13.8167762185));
#234=CARTESIAN_POINT('',(-2.5312970982,5.803803513,13.7291785604));
#235=CARTESIAN_POINT('',(-2.5140817696,5.8118270263,13.7098391898));
#236=CARTESIAN_POINT('',(-2.4822734583,5.8260931719,13.6863231996));
#237=CARTESIAN_POINT('',(-2.4695817771,5.8316841209,13.679155423));
#238=CARTESIAN_POINT('',(-2.4455509905,5.8420068282,13.6713335808));
#239=CARTESIAN_POINT('',(-2.4343138923,5.8467470449,13.6695711921));
#240=CARTESIAN_POINT('',(-2.4121787331,5.8558976221,13.6701750363));
#241=CARTESIAN_POINT('',(-2.4010312883,5.8604121177,13.6725252604));
#242=CARTESIAN_POINT('',(-2.3771729197,5.8698984099,13.6813894173));
#243=CARTESIAN_POINT('',(-2.3645678217,5.8747790382,13.6889341577));
#244=CARTESIAN_POINT('',(-2.3355122104,5.8858139485,13.711016796));
#245=CARTESIAN_POINT('',(-2.3200834295,5.8914623988,13.7273453844));
#246=CARTESIAN_POINT('',(-2.2721545818,5.9086169806,13.7866164532));
#247=CARTESIAN_POINT('',(-2.2457908166,5.9173435673,13.8346859776));
#248=CARTESIAN_POINT('',(-2.1798484523,5.9384401816,13.9708868433));
#249=CARTESIAN_POINT('',(-2.1466462069,5.9479955738,14.062768938));
#250=CARTESIAN_POINT('',(-2.0627603499,5.9709599236,14.3207794978));
#251=CARTESIAN_POINT('',(-2.0197932326,5.9810457005,14.4897465636));
#252=CARTESIAN_POINT('',(-1.9113632274,6.0045180705,14.9601092788));
#253=CARTESIAN_POINT('',(-1.8552114524,6.0139622726,15.2638220492));
#254=CARTESIAN_POINT('',(-1.7140722147,6.0343390054,16.1033628046));
#255=CARTESIAN_POINT('',(-1.6406646208,6.0404677126,16.6412055642));
#256=CARTESIAN_POINT('',(-1.456474636,6.0502207902,18.1200065129));
#257=CARTESIAN_POINT('',(-1.3600006424,6.0479875992,19.0627487594));
#258=CARTESIAN_POINT('',(-1.1512826596,6.0347241808,21.3018223674));
#259=CARTESIAN_POINT('',(-1.0479443115,6.0201592059,22.5990653358));
#260=CARTESIAN_POINT('',(-0.8597900598,5.9843636134,25.1943636697));
#261=CARTESIAN_POINT('',(-0.7754401422,5.9629350187,26.4925694591));
#262=CARTESIAN_POINT('',(-0.6958856585,5.9387399038,27.8251361131));
#263=CARTESIAN_POINT('',(-0.6938556553,5.9381195141,27.8592204681));
#264=CARTESIAN_POINT('',(-0.6918305336,5.937497627,27.8933039572));
#265=B_SPLINE_CURVE_WITH_KNOTS('',3,(#217,#218,#219,#220,#221,#222,#223,#224,#225,#226,
    #227,#228,#229,#230,#231,#232,#233,#234,#235,#236,
    #237,#238,#239,#240,#241,#242,#243,#244,#245,#246,
    #247,#248,#249,#250,#251,#252,#253,#254,#255,#256,
    #257,#258,#259,#260,#261,#262,#263,#264),.UNSPECIFIED.,.F.,.U.,
 (4,2,2,2,2,2,2,2,2,2,2,2,2,2,2,2,2,2,2,2,
  2,2,2,4),
 (0.0,0.1146432032,0.2793560426,0.361860343,0.4031124932,0.4443646433,0.4651368362,0.485909029,0.4947210821,0.4973777833,0.4988642365,0.5000143925,0.501161677,0.5026434525,0.5049253914,0.5105108597,0.5205812344,0.5386349739,0.5706889329,0.6270957415,
  0.7256472806,0.8610483268,0.9964460338,1.0),.UNSPECIFIED.);
#266=EDGE_CURVE('n° 783',#207,#216,#265,.T.);
#267=ORIENTED_EDGE('',*,*,#266,.T.);
#268=CARTESIAN_POINT('',(0.6918140633,5.937499546,27.8933039592));
#269=VERTEX_POINT('',#268);
#270=CARTESIAN_POINT('',(0.0,0.0,27.8933039592));
#271=DIRECTION('',(-0.0,-0.0,-1.0));
#272=DIRECTION('',(1.0,0.0,-0.0));
#273=AXIS2_PLACEMENT_3D('',#270,#271,#272);
#274=CIRCLE('',#273,5.977667401);
#275=EDGE_CURVE('n° 775',#216,#269,#274,.T.);
#276=ORIENTED_EDGE('',*,*,#275,.T.);
#277=CARTESIAN_POINT('',(3.7092467641,4.6876429045,27.8933039592));
#278=VERTEX_POINT('',#277);
#279=CARTESIAN_POINT('',(0.6918140633,5.937499546,27.8933039592));
#280=CARTESIAN_POINT('',(0.7570858016,5.9575668319,26.7938422734));
#281=CARTESIAN_POINT('',(0.8271119264,5.976114634,25.6945713132));
#282=CARTESIAN_POINT('',(1.0136064452,6.0156915856,23.0168351469));
#283=CARTESIAN_POINT('',(1.1357256456,6.0347847463,21.4384604808));
#284=CARTESIAN_POINT('',(1.3592767131,6.0477299459,19.0726701783));
#285=CARTESIAN_POINT('',(1.4406706571,6.049428634,18.2830797905));
#286=CARTESIAN_POINT('',(1.5823915595,6.0439200967,17.1014762037));
#287=CARTESIAN_POINT('',(1.6329589165,6.0407261426,16.7079028232));
#288=CARTESIAN_POINT('',(1.7453740971,6.0296594389,15.9222264616));
#289=CARTESIAN_POINT('',(1.8068542896,6.0219846256,15.5291024136));
#290=CARTESIAN_POINT('',(1.917782069,6.0026375875,14.9423936127));
#291=CARTESIAN_POINT('',(1.9581809757,5.9948244924,14.7458209386));
#292=CARTESIAN_POINT('',(2.0519545367,5.9736646855,14.3566923897));
#293=CARTESIAN_POINT('',(2.1033089721,5.9612773162,14.1613218256));
#294=CARTESIAN_POINT('',(2.2101300254,5.929151198,13.8963576883));
#295=CARTESIAN_POINT('',(2.2456562053,5.9180843448,13.8167762185));
#296=CARTESIAN_POINT('',(2.3140114774,5.893806164,13.7291785604));
#297=CARTESIAN_POINT('',(2.3318580336,5.8873065692,13.7098391898));
#298=CARTESIAN_POINT('',(2.3644375945,5.8749023848,13.6863231996));
#299=CARTESIAN_POINT('',(2.3773653663,5.8698814089,13.679155423));
#300=CARTESIAN_POINT('',(2.4016569548,5.8601883331,13.6713335808));
#301=CARTESIAN_POINT('',(2.4129546226,5.8555943441,13.6695711921));
#302=CARTESIAN_POINT('',(2.4350769789,5.8464128581,13.6701750363));
#303=CARTESIAN_POINT('',(2.4461516432,5.8417226548,13.6725252604));
#304=CARTESIAN_POINT('',(2.4697298789,5.8315600621,13.6813894173));
#305=CARTESIAN_POINT('',(2.4820941546,5.8260980372,13.6889341577));
#306=CARTESIAN_POINT('',(2.5104424342,5.8133554773,13.711016796));
#307=CARTESIAN_POINT('',(2.5253462874,5.8064397392,13.7273453844));
#308=CARTESIAN_POINT('',(2.5713672217,5.7846790471,13.7866164532));
#309=CARTESIAN_POINT('',(2.5961798475,5.7722076785,13.8346859776));
#310=CARTESIAN_POINT('',(2.6577256994,5.7404969447,13.9708868433));
#311=CARTESIAN_POINT('',(2.687959915,5.7237760944,14.062768938));
#312=CARTESIAN_POINT('',(2.7635144208,5.6806980836,14.3207794978));
#313=CARTESIAN_POINT('',(2.801028482,5.6574474648,14.4897465636));
#314=CARTESIAN_POINT('',(2.894297546,5.5973733448,14.9601092787));
#315=CARTESIAN_POINT('',(2.9406809062,5.5643461033,15.2638220491));
#316=CARTESIAN_POINT('',(3.0548899442,5.4789541171,16.1033628046));
#317=CARTESIAN_POINT('',(3.1111306021,5.4313807601,16.6412055642));
#318=CARTESIAN_POINT('',(3.2482690567,5.3080352402,18.1200065128));
#319=CARTESIAN_POINT('',(3.3149073673,5.2382387206,19.0627487593));
#320=CARTESIAN_POINT('',(3.4531146152,5.0812741665,21.3018223674));
#321=CARTESIAN_POINT('',(3.5158868693,4.9979039273,22.5990653357));
#322=CARTESIAN_POINT('',(3.6236207104,4.8395474738,25.1943636697));
#323=CARTESIAN_POINT('',(3.6681128045,4.7647507704,26.492569459));
#324=CARTESIAN_POINT('',(3.7072577896,4.6913887257,27.825136113));
#325=CARTESIAN_POINT('',(3.7082545369,4.6895146149,27.859220468));
#326=CARTESIAN_POINT('',(3.7092467736,4.687642897,27.8933039572));
#327=B_SPLINE_CURVE_WITH_KNOTS('',3,(#279,#280,#281,#282,#283,#284,#285,#286,#287,#288,
    #289,#290,#291,#292,#293,#294,#295,#296,#297,#298,
    #299,#300,#301,#302,#303,#304,#305,#306,#307,#308,
    #309,#310,#311,#312,#313,#314,#315,#316,#317,#318,
    #319,#320,#321,#322,#323,#324,#325,#326),.UNSPECIFIED.,.F.,.U.,
 (4,2,2,2,2,2,2,2,2,2,2,2,2,2,2,2,2,2,2,2,
  2,2,2,4),
 (0.0,0.1146432032,0.2793560426,0.361860343,0.4031124932,0.4443646433,0.4651368362,0.485909029,0.4947210821,0.4973777833,0.4988642365,0.5000143925,0.501161677,0.5026434525,0.5049253914,0.5105108597,0.5205812344,0.5386349739,0.5706889329,0.6270957415,
  0.7256472806,0.8610483268,0.9964460338,1.0),.UNSPECIFIED.);
#328=EDGE_CURVE('n° 765',#269,#278,#327,.T.);
#329=ORIENTED_EDGE('',*,*,#328,.T.);
#330=CARTESIAN_POINT('',(4.6876326078,3.7092597768,27.8933039592));
#331=VERTEX_POINT('',#330);
#332=CARTESIAN_POINT('',(0.0,0.0,27.8933039592));
#333=DIRECTION('',(-0.0,-0.0,-1.0));
#334=DIRECTION('',(1.0,0.0,-0.0));
#335=AXIS2_PLACEMENT_3D('',#332,#333,#334);
#336=CIRCLE('',#335,5.977667401);
#337=EDGE_CURVE('n° 761',#278,#331,#336,.T.);
#338=ORIENTED_EDGE('',*,*,#337,.T.);
#339=CARTESIAN_POINT('',(5.9374976256,0.6918305455,27.8933039592));
#340=VERTEX_POINT('',#339);
#341=CARTESIAN_POINT('',(4.6876326078,3.7092597768,27.8933039592));
#342=CARTESIAN_POINT('',(4.7479764104,3.677295402,26.7938422733));
#343=CARTESIAN_POINT('',(4.8106076348,3.6408947308,25.6945713132));
#344=CARTESIAN_POINT('',(4.9704643045,3.5370083228,23.0168351468));
#345=CARTESIAN_POINT('',(5.0703165227,3.4641579116,21.4384604807));
#346=CARTESIAN_POINT('',(5.2375446369,3.3152370742,19.0726701783));
#347=CARTESIAN_POINT('',(5.2963000005,3.2588840183,18.2830797905));
#348=CARTESIAN_POINT('',(5.3926166875,3.1547770831,17.1014762037));
#349=CARTESIAN_POINT('',(5.426114742,3.1167620955,16.7079028231));
#350=CARTESIAN_POINT('',(5.4977789373,3.0294472178,15.9222264616));
#351=CARTESIAN_POINT('',(5.5358250858,2.9805472442,15.5291024135));
#352=CARTESIAN_POINT('',(5.600582449,2.8884290373,14.9423936127));
#353=CARTESIAN_POINT('',(5.6236240974,2.8543380039,14.7458209386));
#354=CARTESIAN_POINT('',(5.6749697752,2.77306784,14.3566923897));
#355=CARTESIAN_POINT('',(5.7025236519,2.7279955777,14.1613218256));
#356=CARTESIAN_POINT('',(5.7553409471,2.6297450905,13.8963576883));
#357=CARTESIAN_POINT('',(5.7726363029,2.5967988409,13.8167762185));
#358=CARTESIAN_POINT('',(5.803803513,2.5312970982,13.7291785604));
#359=CARTESIAN_POINT('',(5.8118270263,2.5140817696,13.7098391898));
#360=CARTESIAN_POINT('',(5.8260931719,2.4822734583,13.6863231996));
#361=CARTESIAN_POINT('',(5.8316841209,2.4695817771,13.679155423));
#362=CARTESIAN_POINT('',(5.8420068282,2.4455509905,13.6713335808));
#363=CARTESIAN_POINT('',(5.8467470449,2.4343138923,13.6695711921));
#364=CARTESIAN_POINT('',(5.8558976221,2.4121787331,13.6701750363));
#365=CARTESIAN_POINT('',(5.8604121177,2.4010312883,13.6725252604));
#366=CARTESIAN_POINT('',(5.8698984099,2.3771729197,13.6813894173));
#367=CARTESIAN_POINT('',(5.8747790382,2.3645678217,13.6889341577));
#368=CARTESIAN_POINT('',(5.8858139485,2.3355122104,13.711016796));
#369=CARTESIAN_POINT('',(5.8914623988,2.3200834295,13.7273453844));
#370=CARTESIAN_POINT('',(5.9086169806,2.2721545818,13.7866164532));
#371=CARTESIAN_POINT('',(5.9173435673,2.2457908166,13.8346859776));
#372=CARTESIAN_POINT('',(5.9384401816,2.1798484523,13.9708868433));
#373=CARTESIAN_POINT('',(5.9479955738,2.1466462069,14.062768938));
#374=CARTESIAN_POINT('',(5.9709599236,2.0627603499,14.3207794978));
#375=CARTESIAN_POINT('',(5.9810457005,2.0197932326,14.4897465637));
#376=CARTESIAN_POINT('',(6.0045180705,1.9113632273,14.9601092788));
#377=CARTESIAN_POINT('',(6.0139622726,1.8552114524,15.2638220492));
#378=CARTESIAN_POINT('',(6.0343390054,1.7140722147,16.1033628048));
#379=CARTESIAN_POINT('',(6.0404677126,1.6406646207,16.6412055644));
#380=CARTESIAN_POINT('',(6.0502207902,1.456474636,18.1200065131));
#381=CARTESIAN_POINT('',(6.0479875992,1.3600006424,19.0627487596));
#382=CARTESIAN_POINT('',(6.0347241808,1.1512826596,21.3018223677));
#383=CARTESIAN_POINT('',(6.0201592059,1.0479443115,22.5990653361));
#384=CARTESIAN_POINT('',(5.9843636134,0.8597900598,25.19436367));
#385=CARTESIAN_POINT('',(5.9629350187,0.7754401422,26.4925694594));
#386=CARTESIAN_POINT('',(5.9387399038,0.6958856585,27.8251361133));
#387=CARTESIAN_POINT('',(5.9381195141,0.6938556553,27.8592204681));
#388=CARTESIAN_POINT('',(5.937497627,0.6918305336,27.8933039572));
#389=B_SPLINE_CURVE_WITH_KNOTS('',3,(#341,#342,#343,#344,#345,#346,#347,#348,#349,#350,
    #351,#352,#353,#354,#355,#356,#357,#358,#359,#360,
    #361,#362,#363,#364,#365,#366,#367,#368,#369,#370,
    #371,#372,#373,#374,#375,#376,#377,#378,#379,#380,
    #381,#382,#383,#384,#385,#386,#387,#388),.UNSPECIFIED.,.F.,.U.,
 (4,2,2,2,2,2,2,2,2,2,2,2,2,2,2,2,2,2,2,2,
  2,2,2,4),
 (0.0,0.1146432032,0.2793560426,0.361860343,0.4031124932,0.4443646433,0.4651368362,0.485909029,0.4947210821,0.4973777833,0.4988642365,0.5000143925,0.501161677,0.5026434525,0.5049253914,0.5105108597,0.5205812344,0.5386349739,0.5706889329,0.6270957415,
  0.7256472806,0.8610483268,0.9964460338,1.0),.UNSPECIFIED.);
#390=EDGE_CURVE('n° 770',#331,#340,#389,.T.);
#391=ORIENTED_EDGE('',*,*,#390,.T.);
#392=CARTESIAN_POINT('',(5.937499546,-0.6918140633,27.8933039592));
#393=VERTEX_POINT('',#392);
#394=CARTESIAN_POINT('',(0.0,0.0,27.8933039592));
#395=DIRECTION('',(-0.0,-0.0,-1.0));
#396=DIRECTION('',(1.0,0.0,-0.0));
#397=AXIS2_PLACEMENT_3D('',#394,#395,#396);
#398=CIRCLE('',#397,5.977667401);
#399=EDGE_CURVE('n° 779',#340,#393,#398,.T.);
#400=ORIENTED_EDGE('',*,*,#399,.T.);
#401=CARTESIAN_POINT('',(4.6876429045,-3.7092467641,27.8933039592));
#402=VERTEX_POINT('',#401);
#403=CARTESIAN_POINT('',(5.937499546,-0.6918140633,27.8933039592));
#404=CARTESIAN_POINT('',(5.9575668319,-0.7570858016,26.7938422733));
#405=CARTESIAN_POINT('',(5.976114634,-0.8271119264,25.6945713131));
#406=CARTESIAN_POINT('',(6.0156915856,-1.0136064452,23.0168351467));
#407=CARTESIAN_POINT('',(6.0347847463,-1.1357256454,21.4384604806));
#408=CARTESIAN_POINT('',(6.0477299459,-1.3592767132,19.0726701782));
#409=CARTESIAN_POINT('',(6.049428634,-1.4406706571,18.2830797904));
#410=CARTESIAN_POINT('',(6.0439200967,-1.5823915595,17.1014762037));
#411=CARTESIAN_POINT('',(6.0407261426,-1.6329589165,16.7079028231));
#412=CARTESIAN_POINT('',(6.0296594389,-1.7453740971,15.9222264616));
#413=CARTESIAN_POINT('',(6.0219846256,-1.8068542897,15.5291024135));
#414=CARTESIAN_POINT('',(6.0026375875,-1.917782069,14.9423936127));
#415=CARTESIAN_POINT('',(5.9948244924,-1.9581809758,14.7458209386));
#416=CARTESIAN_POINT('',(5.9736646855,-2.0519545367,14.3566923897));
#417=CARTESIAN_POINT('',(5.9612772458,-2.103309159,14.1613218968));
#418=CARTESIAN_POINT('',(5.9291512279,-2.2101299462,13.8963576581));
#419=CARTESIAN_POINT('',(5.9180843448,-2.2456562055,13.8167762187));
#420=CARTESIAN_POINT('',(5.8938061641,-2.3140114773,13.7291785604));
#421=CARTESIAN_POINT('',(5.8873065692,-2.3318580336,13.7098391898));
#422=CARTESIAN_POINT('',(5.8749023848,-2.3644375945,13.6863231996));
#423=CARTESIAN_POINT('',(5.8698814089,-2.3773653663,13.679155423));
#424=CARTESIAN_POINT('',(5.8601883331,-2.4016569548,13.6713335808));
#425=CARTESIAN_POINT('',(5.8555943441,-2.4129546226,13.6695711921));
#426=CARTESIAN_POINT('',(5.8464128581,-2.4350769789,13.6701750363));
#427=CARTESIAN_POINT('',(5.8417226548,-2.4461516432,13.6725252604));
#428=CARTESIAN_POINT('',(5.8315600621,-2.4697298789,13.6813894173));
#429=CARTESIAN_POINT('',(5.8260980372,-2.4820941546,13.6889341577));
#430=CARTESIAN_POINT('',(5.8133554773,-2.5104424342,13.711016796));
#431=CARTESIAN_POINT('',(5.8064397392,-2.5253462875,13.7273453844));
#432=CARTESIAN_POINT('',(5.7846790472,-2.5713672216,13.7866164534));
#433=CARTESIAN_POINT('',(5.7722076784,-2.5961798477,13.8346859775));
#434=CARTESIAN_POINT('',(5.7404969448,-2.6577256991,13.9708868435));
#435=CARTESIAN_POINT('',(5.723776094,-2.6879599157,14.0627689378));
#436=CARTESIAN_POINT('',(5.6806980842,-2.7635144195,14.3207794983));
#437=CARTESIAN_POINT('',(5.6574474634,-2.8010284847,14.4897465631));
#438=CARTESIAN_POINT('',(5.5973733471,-2.8942975414,14.9601092799));
#439=CARTESIAN_POINT('',(5.5643461029,-2.940680907,15.2638220492));
#440=CARTESIAN_POINT('',(5.4789541178,-3.0548899429,16.1033628051));
#441=CARTESIAN_POINT('',(5.4313807628,-3.1111305975,16.6412055651));
#442=CARTESIAN_POINT('',(5.3080352354,-3.2482690648,18.1200065123));
#443=CARTESIAN_POINT('',(5.2382387069,-3.3149073883,19.0627487579));
#444=CARTESIAN_POINT('',(5.0812741852,-3.4531145864,21.3018223706));
#445=CARTESIAN_POINT('',(4.9979039145,-3.5158868869,22.5990653351));
#446=CARTESIAN_POINT('',(4.8395474864,-3.6236206929,25.1943636716));
#447=CARTESIAN_POINT('',(4.7647507681,-3.6681128075,26.4925694595));
#448=CARTESIAN_POINT('',(4.6913887257,-3.7072577896,27.8251361135));
#449=CARTESIAN_POINT('',(4.6895146149,-3.7082545369,27.8592204682));
#450=CARTESIAN_POINT('',(4.6876428971,-3.7092467736,27.8933039572));
#451=B_SPLINE_CURVE_WITH_KNOTS('',3,(#403,#404,#405,#406,#407,#408,#409,#410,#411,#412,
    #413,#414,#415,#416,#417,#418,#419,#420,#421,#422,
    #423,#424,#425,#426,#427,#428,#429,#430,#431,#432,
    #433,#434,#435,#436,#437,#438,#439,#440,#441,#442,
    #443,#444,#445,#446,#447,#448,#449,#450),.UNSPECIFIED.,.F.,.U.,
 (4,2,2,2,2,2,2,2,2,2,2,2,2,2,2,2,2,2,2,2,
  2,2,2,4),
 (0.0,0.1146432032,0.2793560426,0.361860343,0.4031124932,0.4443646433,0.4651368362,0.485909029,0.4947210821,0.4973777833,0.4988642365,0.5000143925,0.501161677,0.5026434525,0.5049253914,0.5105108597,0.5205812344,0.5386349739,0.5706889329,0.6270957415,
  0.7256472806,0.8610483268,0.9964460339,1.0),.UNSPECIFIED.);
#452=EDGE_CURVE('n° 788',#393,#402,#451,.T.);
#453=ORIENTED_EDGE('',*,*,#452,.T.);
#454=CARTESIAN_POINT('',(3.7092597768,-4.6876326078,27.8933039592));
#455=VERTEX_POINT('',#454);
#456=CARTESIAN_POINT('',(0.0,0.0,27.8933039592));
#457=DIRECTION('',(-0.0,-0.0,-1.0));
#458=DIRECTION('',(1.0,0.0,-0.0));
#459=AXIS2_PLACEMENT_3D('',#456,#457,#458);
#460=CIRCLE('',#459,5.977667401);
#461=EDGE_CURVE('n° 797',#402,#455,#460,.T.);
#462=ORIENTED_EDGE('',*,*,#461,.T.);
#463=CARTESIAN_POINT('',(0.6918305455,-5.9374976256,27.8933039592));
#464=VERTEX_POINT('',#463);
#465=CARTESIAN_POINT('',(3.7092597768,-4.6876326078,27.8933039592));
#466=CARTESIAN_POINT('',(3.677295402,-4.7479764104,26.7938422733));
#467=CARTESIAN_POINT('',(3.6408947309,-4.8106076348,25.6945713132));
#468=CARTESIAN_POINT('',(3.5370083228,-4.9704643045,23.0168351468));
#469=CARTESIAN_POINT('',(3.4641579117,-5.0703165226,21.4384604807));
#470=CARTESIAN_POINT('',(3.3152370741,-5.237544637,19.0726701783));
#471=CARTESIAN_POINT('',(3.2588840183,-5.2963000005,18.2830797905));
#472=CARTESIAN_POINT('',(3.1547770831,-5.3926166875,17.1014762037));
#473=CARTESIAN_POINT('',(3.1167620955,-5.426114742,16.7079028232));
#474=CARTESIAN_POINT('',(3.0294472178,-5.4977789373,15.9222264616));
#475=CARTESIAN_POINT('',(2.9805472441,-5.5358250858,15.5291024136));
#476=CARTESIAN_POINT('',(2.8884290373,-5.600582449,14.9423936127));
#477=CARTESIAN_POINT('',(2.8543380039,-5.6236240974,14.7458209386));
#478=CARTESIAN_POINT('',(2.77306784,-5.6749697752,14.3566923897));
#479=CARTESIAN_POINT('',(2.7279953958,-5.7025237343,14.1613218968));
#480=CARTESIAN_POINT('',(2.6297451677,-5.7553409122,13.8963576581));
#481=CARTESIAN_POINT('',(2.5967988407,-5.7726363029,13.8167762187));
#482=CARTESIAN_POINT('',(2.5312970983,-5.803803513,13.7291785604));
#483=CARTESIAN_POINT('',(2.5140817696,-5.8118270263,13.7098391898));
#484=CARTESIAN_POINT('',(2.4822734583,-5.8260931719,13.6863231996));
#485=CARTESIAN_POINT('',(2.4695817771,-5.8316841209,13.679155423));
#486=CARTESIAN_POINT('',(2.4455509905,-5.8420068282,13.6713335808));
#487=CARTESIAN_POINT('',(2.4343138923,-5.8467470449,13.6695711921));
#488=CARTESIAN_POINT('',(2.4121787331,-5.8558976221,13.6701750363));
#489=CARTESIAN_POINT('',(2.4010312883,-5.8604121177,13.6725252604));
#490=CARTESIAN_POINT('',(2.3771729197,-5.8698984099,13.6813894173));
#491=CARTESIAN_POINT('',(2.3645678217,-5.8747790382,13.6889341577));
#492=CARTESIAN_POINT('',(2.3355122104,-5.8858139485,13.711016796));
#493=CARTESIAN_POINT('',(2.3200834294,-5.8914623988,13.7273453843));
#494=CARTESIAN_POINT('',(2.272154582,-5.9086169805,13.7866164534));
#495=CARTESIAN_POINT('',(2.2457908163,-5.9173435674,13.8346859775));
#496=CARTESIAN_POINT('',(2.1798484527,-5.9384401814,13.9708868435));
#497=CARTESIAN_POINT('',(2.1466462061,-5.9479955741,14.0627689378));
#498=CARTESIAN_POINT('',(2.0627603513,-5.9709599232,14.3207794982));
#499=CARTESIAN_POINT('',(2.0197932298,-5.9810457014,14.4897465631));
#500=CARTESIAN_POINT('',(1.9113632323,-6.0045180689,14.9601092798));
#501=CARTESIAN_POINT('',(1.8552114516,-6.0139622729,15.2638220491));
#502=CARTESIAN_POINT('',(1.7140722161,-6.0343390049,16.1033628049));
#503=CARTESIAN_POINT('',(1.6406646259,-6.0404677112,16.6412055649));
#504=CARTESIAN_POINT('',(1.4564746269,-6.0502207926,18.120006512));
#505=CARTESIAN_POINT('',(1.3600006179,-6.0479876044,19.0627487576));
#506=CARTESIAN_POINT('',(1.1512826933,-6.0347241737,21.3018223702));
#507=CARTESIAN_POINT('',(1.0479442901,-6.0201592093,22.5990653347));
#508=CARTESIAN_POINT('',(0.8597900812,-5.9843636099,25.1943636712));
#509=CARTESIAN_POINT('',(0.7754401385,-5.9629350191,26.4925694591));
#510=CARTESIAN_POINT('',(0.6958856586,-5.9387399038,27.8251361132));
#511=CARTESIAN_POINT('',(0.6938556553,-5.9381195141,27.8592204681));
#512=CARTESIAN_POINT('',(0.6918305336,-5.937497627,27.8933039572));
#513=B_SPLINE_CURVE_WITH_KNOTS('',3,(#465,#466,#467,#468,#469,#470,#471,#472,#473,#474,
    #475,#476,#477,#478,#479,#480,#481,#482,#483,#484,
    #485,#486,#487,#488,#489,#490,#491,#492,#493,#494,
    #495,#496,#497,#498,#499,#500,#501,#502,#503,#504,
    #505,#506,#507,#508,#509,#510,#511,#512),.UNSPECIFIED.,.F.,.U.,
 (4,2,2,2,2,2,2,2,2,2,2,2,2,2,2,2,2,2,2,2,
  2,2,2,4),
 (0.0,0.1146432032,0.2793560426,0.361860343,0.4031124932,0.4443646433,0.4651368362,0.485909029,0.4947210821,0.4973777833,0.4988642365,0.5000143925,0.501161677,0.5026434525,0.5049253914,0.5105108597,0.5205812344,0.5386349739,0.5706889329,0.6270957415,
  0.7256472806,0.8610483268,0.9964460338,1.0),.UNSPECIFIED.);
#514=EDGE_CURVE('n° 801',#455,#464,#513,.T.);
#515=ORIENTED_EDGE('',*,*,#514,.T.);
#516=CARTESIAN_POINT('',(0.0,0.0,27.8933039592));
#517=DIRECTION('',(-0.0,-0.0,-1.0));
#518=DIRECTION('',(1.0,0.0,-0.0));
#519=AXIS2_PLACEMENT_3D('',#516,#517,#518);
#520=CIRCLE('',#519,5.977667401);
#521=EDGE_CURVE('n° 815',#464,#28,#520,.T.);
#522=ORIENTED_EDGE('',*,*,#521,.T.);
#523=EDGE_LOOP('',(
    #81,#90,#143,#152,#205,#214,#267,#276,#329,#338,
    #391,#400,#453,#462,#515,#522));
#524=FACE_BOUND('',#523,.T.);
#525=CARTESIAN_POINT('',(0.0,0.0,29.0));
#526=DIRECTION('',(-0.0,-0.0,-1.0));
#527=DIRECTION('',(-1.0,0.0,0.0));
#528=AXIS2_PLACEMENT_3D('',#525,#526,#527);
#529=CONICAL_SURFACE('',#528,5.95,0.0249947936);
#530=ADVANCED_FACE('n° 83',(#26,#524),#529,.T.);
#531=CARTESIAN_POINT('',(-5.0,0.0,13.0));
#532=VERTEX_POINT('',#531);
#533=CARTESIAN_POINT('',(0.0,0.0,13.0));
#534=DIRECTION('',(0.0,0.0,-1.0));
#535=DIRECTION('',(-1.0,0.0,-0.0));
#536=AXIS2_PLACEMENT_3D('',#533,#534,#535);
#537=CIRCLE('',#536,5.0);
#538=EDGE_CURVE('n° 1731',#532,#532,#537,.T.);
#539=ORIENTED_EDGE('',*,*,#538,.F.);
#540=EDGE_LOOP('',(#539));
#541=FACE_OUTER_BOUND('',#540,.T.);
#542=CARTESIAN_POINT('',(6.2474687549,0.0,13.0));
#543=VERTEX_POINT('',#542);
#544=CARTESIAN_POINT('',(0.0,0.0,13.0));
#545=DIRECTION('',(-0.0,-0.0,-1.0));
#546=DIRECTION('',(1.0,0.0,-0.0));
#547=AXIS2_PLACEMENT_3D('',#544,#545,#546);
#548=CIRCLE('',#547,6.2474687549);
#549=EDGE_CURVE('n° 1622',#543,#543,#548,.T.);
#550=ORIENTED_EDGE('',*,*,#549,.T.);
#551=EDGE_LOOP('',(#550));
#552=FACE_BOUND('',#551,.T.);
#553=CARTESIAN_POINT('',(0.0,0.0,13.0));
#554=DIRECTION('',(0.0,0.0,1.0));
#555=DIRECTION('',(1.0,0.0,-0.0));
#556=AXIS2_PLACEMENT_3D('',#553,#554,#555);
#557=PLANE('',#556);
#558=ADVANCED_FACE('n° 44',(#541,#552),#557,.F.);
#559=CARTESIAN_POINT('',(4.383192866,-3.4683409735,28.368191887));
#560=VERTEX_POINT('',#559);
#561=CARTESIAN_POINT('',(5.5518746164,-0.6468825652,28.368191887));
#562=VERTEX_POINT('',#561);
#563=CARTESIAN_POINT('',(4.3831928658,-3.4683409738,28.368191887));
#564=CARTESIAN_POINT('',(4.3087544728,-3.3198376222,28.4026613838));
#565=CARTESIAN_POINT('',(4.2518837919,-3.1599574868,28.4337928276));
#566=CARTESIAN_POINT('',(4.1677935798,-2.7864988255,28.4939352689));
#567=CARTESIAN_POINT('',(4.1531475457,-2.5647194101,28.52059117));
#568=CARTESIAN_POINT('',(4.1981259368,-2.132667676,28.5542375428));
#569=CARTESIAN_POINT('',(4.2568786635,-1.9166644633,28.5619193253));
#570=CARTESIAN_POINT('',(4.4093625059,-1.5831453553,28.5582711922));
#571=CARTESIAN_POINT('',(4.4874878975,-1.4541264184,28.5521072968));
#572=CARTESIAN_POINT('',(4.7218648401,-1.1495969768,28.5250131401));
#573=CARTESIAN_POINT('',(4.9010558849,-0.9865583674,28.4969885103));
#574=CARTESIAN_POINT('',(5.2399475285,-0.7717825344,28.4340216107));
#575=CARTESIAN_POINT('',(5.3940614223,-0.6991917964,28.402701659));
#576=CARTESIAN_POINT('',(5.5518746158,-0.6468825636,28.3681918871));
#577=B_SPLINE_CURVE_WITH_KNOTS('',3,(#563,#564,#565,#566,#567,#568,#569,#570,#571,#572,
    #573,#574,#575,#576),.UNSPECIFIED.,.F.,.U.,
 (4,2,2,2,2,2,4),(0.0,0.1462060697,0.3339473675,0.5216773937,0.6500018408,0.8536677081,1.0),.UNSPECIFIED.);
#578=EDGE_CURVE('n° 998',#560,#562,#577,.T.);
#579=ORIENTED_EDGE('',*,*,#578,.T.);
#580=CARTESIAN_POINT('',(5.5518728206,0.646897977,28.368191887));
#581=VERTEX_POINT('',#580);
#582=CARTESIAN_POINT('',(0.0,0.0,28.368191887));
#583=DIRECTION('',(0.0,0.0,1.0));
#584=DIRECTION('',(-1.0,0.0,0.0));
#585=AXIS2_PLACEMENT_3D('',#582,#583,#584);
#586=CIRCLE('',#585,5.5894336752);
#587=EDGE_CURVE('n° 1002',#562,#581,#586,.T.);
#588=ORIENTED_EDGE('',*,*,#587,.T.);
#589=CARTESIAN_POINT('',(4.383183238,3.468353141,28.368191887));
#590=VERTEX_POINT('',#589);
#591=CARTESIAN_POINT('',(5.5518728206,0.646897977,28.368191887));
#592=CARTESIAN_POINT('',(5.3372842659,0.718187867,28.4151126537));
#593=CARTESIAN_POINT('',(5.1305141244,0.8275428639,28.4558757688));
#594=CARTESIAN_POINT('',(4.7650084149,1.1070231724,28.5186091857));
#595=CARTESIAN_POINT('',(4.6026696647,1.2837799087,28.5409566888));
#596=CARTESIAN_POINT('',(4.4021224075,1.5993582286,28.5584719239));
#597=CARTESIAN_POINT('',(4.3384950326,1.7268868337,28.5611538782));
#598=CARTESIAN_POINT('',(4.2130913542,2.0635425538,28.5575800574));
#599=CARTESIAN_POINT('',(4.1715186887,2.2840610399,28.5451741565));
#600=CARTESIAN_POINT('',(4.1604106928,2.7183170104,28.5028378806));
#601=CARTESIAN_POINT('',(4.1906891438,2.9380306593,28.4723490527));
#602=CARTESIAN_POINT('',(4.2871939863,3.2551697213,28.4148451322));
#603=CARTESIAN_POINT('',(4.3311746817,3.3647725365,28.3922500864));
#604=CARTESIAN_POINT('',(4.383183238,3.4683531411,28.368191887));
#605=B_SPLINE_CURVE_WITH_KNOTS('',3,(#591,#592,#593,#594,#595,#596,#597,#598,#599,#600,
    #601,#602,#603,#604),.UNSPECIFIED.,.F.,.U.,
 (4,2,2,2,2,2,4),(0.0,0.1990686855,0.4002880222,0.5217338884,0.7099810444,0.8979604356,1.0),.UNSPECIFIED.);
#606=EDGE_CURVE('n° 935',#581,#590,#605,.T.);
#607=ORIENTED_EDGE('',*,*,#606,.T.);
#608=CARTESIAN_POINT('',(3.4683409735,4.383192866,28.368191887));
#609=VERTEX_POINT('',#608);
#610=CARTESIAN_POINT('',(0.0,0.0,28.368191887));
#611=DIRECTION('',(0.0,0.0,1.0));
#612=DIRECTION('',(-1.0,0.0,0.0));
#613=AXIS2_PLACEMENT_3D('',#610,#611,#612);
#614=CIRCLE('',#613,5.5894336752);
#615=EDGE_CURVE('n° 940',#590,#609,#614,.T.);
#616=ORIENTED_EDGE('',*,*,#615,.T.);
#617=CARTESIAN_POINT('',(0.6468825652,5.5518746164,28.368191887));
#618=VERTEX_POINT('',#617);
#619=CARTESIAN_POINT('',(3.4683409738,4.3831928658,28.368191887));
#620=CARTESIAN_POINT('',(3.3198376222,4.3087544728,28.4026613838));
#621=CARTESIAN_POINT('',(3.1599574868,4.2518837919,28.4337928276));
#622=CARTESIAN_POINT('',(2.7864988255,4.1677935798,28.4939352689));
#623=CARTESIAN_POINT('',(2.5647194101,4.1531475457,28.52059117));
#624=CARTESIAN_POINT('',(2.132667676,4.1981259368,28.5542375428));
#625=CARTESIAN_POINT('',(1.9166644633,4.2568786635,28.5619193253));
#626=CARTESIAN_POINT('',(1.5831453553,4.4093625059,28.5582711922));
#627=CARTESIAN_POINT('',(1.4541264184,4.4874878975,28.5521072968));
#628=CARTESIAN_POINT('',(1.1495969768,4.7218648401,28.5250131401));
#629=CARTESIAN_POINT('',(0.9865583674,4.901055885,28.4969885103));
#630=CARTESIAN_POINT('',(0.7717825344,5.2399475285,28.4340216107));
#631=CARTESIAN_POINT('',(0.6991917964,5.3940614223,28.402701659));
#632=CARTESIAN_POINT('',(0.6468825636,5.5518746158,28.3681918871));
#633=B_SPLINE_CURVE_WITH_KNOTS('',3,(#619,#620,#621,#622,#623,#624,#625,#626,#627,#628,
    #629,#630,#631,#632),.UNSPECIFIED.,.F.,.U.,
 (4,2,2,2,2,2,4),(0.0,0.1462060697,0.3339473675,0.5216773937,0.6500018408,0.8536677081,1.0),.UNSPECIFIED.);
#634=EDGE_CURVE('n° 944',#609,#618,#633,.T.);
#635=ORIENTED_EDGE('',*,*,#634,.T.);
#636=CARTESIAN_POINT('',(-0.646897977,5.5518728206,28.368191887));
#637=VERTEX_POINT('',#636);
#638=CARTESIAN_POINT('',(0.0,0.0,28.368191887));
#639=DIRECTION('',(0.0,0.0,1.0));
#640=DIRECTION('',(-1.0,0.0,0.0));
#641=AXIS2_PLACEMENT_3D('',#638,#639,#640);
#642=CIRCLE('',#641,5.5894336752);
#643=EDGE_CURVE('n° 949',#618,#637,#642,.T.);
#644=ORIENTED_EDGE('',*,*,#643,.T.);
#645=CARTESIAN_POINT('',(-3.468353141,4.383183238,28.368191887));
#646=VERTEX_POINT('',#645);
#647=CARTESIAN_POINT('',(-0.646897977,5.5518728206,28.368191887));
#648=CARTESIAN_POINT('',(-0.718187867,5.3372842659,28.4151126537));
#649=CARTESIAN_POINT('',(-0.8275429458,5.1305141844,28.4558757535));
#650=CARTESIAN_POINT('',(-1.1070230896,4.7650083543,28.5186092011));
#651=CARTESIAN_POINT('',(-1.2837799134,4.6026696718,28.5409566872));
#652=CARTESIAN_POINT('',(-1.5993582258,4.4021224031,28.5584719248));
#653=CARTESIAN_POINT('',(-1.7268868337,4.3384950326,28.5611538782));
#654=CARTESIAN_POINT('',(-2.0635425538,4.2130913542,28.5575800574));
#655=CARTESIAN_POINT('',(-2.2840610399,4.1715186889,28.5451741565));
#656=CARTESIAN_POINT('',(-2.7183170104,4.1604106926,28.5028378806));
#657=CARTESIAN_POINT('',(-2.9380306571,4.1906891505,28.4723490518));
#658=CARTESIAN_POINT('',(-3.2551697224,4.2871939827,28.4148451326));
#659=CARTESIAN_POINT('',(-3.3647725365,4.3311746817,28.3922500864));
#660=CARTESIAN_POINT('',(-3.4683531411,4.383183238,28.368191887));
#661=B_SPLINE_CURVE_WITH_KNOTS('',3,(#647,#648,#649,#650,#651,#652,#653,#654,#655,#656,
    #657,#658,#659,#660),.UNSPECIFIED.,.F.,.U.,
 (4,2,2,2,2,2,4),(0.0,0.1990686855,0.4002880222,0.5217338884,0.7099810444,0.8979604356,1.0),.UNSPECIFIED.);
#662=EDGE_CURVE('n° 953',#637,#646,#661,.T.);
#663=ORIENTED_EDGE('',*,*,#662,.T.);
#664=CARTESIAN_POINT('',(-4.383192866,3.4683409735,28.368191887));
#665=VERTEX_POINT('',#664);
#666=CARTESIAN_POINT('',(0.0,0.0,28.368191887));
#667=DIRECTION('',(0.0,0.0,1.0));
#668=DIRECTION('',(-1.0,0.0,0.0));
#669=AXIS2_PLACEMENT_3D('',#666,#667,#668);
#670=CIRCLE('',#669,5.5894336752);
#671=EDGE_CURVE('n° 958',#646,#665,#670,.T.);
#672=ORIENTED_EDGE('',*,*,#671,.T.);
#673=CARTESIAN_POINT('',(-5.5518746164,0.6468825652,28.368191887));
#674=VERTEX_POINT('',#673);
#675=CARTESIAN_POINT('',(-4.3831928658,3.4683409738,28.368191887));
#676=CARTESIAN_POINT('',(-4.3087544728,3.3198376222,28.4026613838));
#677=CARTESIAN_POINT('',(-4.2518837919,3.1599574868,28.4337928276));
#678=CARTESIAN_POINT('',(-4.1677935798,2.7864988255,28.4939352689));
#679=CARTESIAN_POINT('',(-4.1531475457,2.5647194101,28.52059117));
#680=CARTESIAN_POINT('',(-4.1981259368,2.132667676,28.5542375428));
#681=CARTESIAN_POINT('',(-4.2568786635,1.9166644633,28.5619193253));
#682=CARTESIAN_POINT('',(-4.4093625059,1.5831453553,28.5582711922));
#683=CARTESIAN_POINT('',(-4.4874878975,1.4541264184,28.5521072968));
#684=CARTESIAN_POINT('',(-4.7218648401,1.1495969768,28.5250131401));
#685=CARTESIAN_POINT('',(-4.9010558849,0.9865583674,28.4969885103));
#686=CARTESIAN_POINT('',(-5.2399475285,0.7717825344,28.4340216107));
#687=CARTESIAN_POINT('',(-5.3940614223,0.6991917964,28.402701659));
#688=CARTESIAN_POINT('',(-5.5518746158,0.6468825636,28.3681918871));
#689=B_SPLINE_CURVE_WITH_KNOTS('',3,(#675,#676,#677,#678,#679,#680,#681,#682,#683,#684,
    #685,#686,#687,#688),.UNSPECIFIED.,.F.,.U.,
 (4,2,2,2,2,2,4),(0.0,0.1462060697,0.3339473675,0.5216773937,0.6500018408,0.8536677081,1.0),.UNSPECIFIED.);
#690=EDGE_CURVE('n° 962',#665,#674,#689,.T.);
#691=ORIENTED_EDGE('',*,*,#690,.T.);
#692=CARTESIAN_POINT('',(-5.5518728206,-0.646897977,28.368191887));
#693=VERTEX_POINT('',#692);
#694=CARTESIAN_POINT('',(0.0,0.0,28.368191887));
#695=DIRECTION('',(0.0,0.0,1.0));
#696=DIRECTION('',(-1.0,0.0,0.0));
#697=AXIS2_PLACEMENT_3D('',#694,#695,#696);
#698=CIRCLE('',#697,5.5894336752);
#699=EDGE_CURVE('n° 967',#674,#693,#698,.T.);
#700=ORIENTED_EDGE('',*,*,#699,.T.);
#701=CARTESIAN_POINT('',(-4.383183238,-3.468353141,28.368191887));
#702=VERTEX_POINT('',#701);
#703=CARTESIAN_POINT('',(-5.5518728206,-0.646897977,28.368191887));
#704=CARTESIAN_POINT('',(-5.3372842659,-0.718187867,28.4151126537));
#705=CARTESIAN_POINT('',(-5.1305141844,-0.8275429458,28.4558757535));
#706=CARTESIAN_POINT('',(-4.7650083543,-1.1070230896,28.5186092011));
#707=CARTESIAN_POINT('',(-4.6026696718,-1.2837799134,28.5409566872));
#708=CARTESIAN_POINT('',(-4.4021224031,-1.5993582258,28.5584719248));
#709=CARTESIAN_POINT('',(-4.3384950326,-1.7268868337,28.5611538782));
#710=CARTESIAN_POINT('',(-4.2130913542,-2.0635425538,28.5575800574));
#711=CARTESIAN_POINT('',(-4.1715186889,-2.2840610399,28.5451741565));
#712=CARTESIAN_POINT('',(-4.1604106926,-2.7183170104,28.5028378806));
#713=CARTESIAN_POINT('',(-4.1906891505,-2.9380306571,28.4723490518));
#714=CARTESIAN_POINT('',(-4.2871939827,-3.2551697224,28.4148451326));
#715=CARTESIAN_POINT('',(-4.3311746817,-3.3647725365,28.3922500864));
#716=CARTESIAN_POINT('',(-4.383183238,-3.4683531411,28.368191887));
#717=B_SPLINE_CURVE_WITH_KNOTS('',3,(#703,#704,#705,#706,#707,#708,#709,#710,#711,#712,
    #713,#714,#715,#716),.UNSPECIFIED.,.F.,.U.,
 (4,2,2,2,2,2,4),(0.0,0.1990686855,0.4002880222,0.5217338884,0.7099810444,0.8979604356,1.0),.UNSPECIFIED.);
#718=EDGE_CURVE('n° 971',#693,#702,#717,.T.);
#719=ORIENTED_EDGE('',*,*,#718,.T.);
#720=CARTESIAN_POINT('',(-3.4683409735,-4.383192866,28.368191887));
#721=VERTEX_POINT('',#720);
#722=CARTESIAN_POINT('',(0.0,0.0,28.368191887));
#723=DIRECTION('',(0.0,0.0,1.0));
#724=DIRECTION('',(-1.0,0.0,0.0));
#725=AXIS2_PLACEMENT_3D('',#722,#723,#724);
#726=CIRCLE('',#725,5.5894336752);
#727=EDGE_CURVE('n° 976',#702,#721,#726,.T.);
#728=ORIENTED_EDGE('',*,*,#727,.T.);
#729=CARTESIAN_POINT('',(-0.6468825652,-5.5518746164,28.368191887));
#730=VERTEX_POINT('',#729);
#731=CARTESIAN_POINT('',(-3.4683409738,-4.3831928658,28.368191887));
#732=CARTESIAN_POINT('',(-3.3198376222,-4.3087544728,28.4026613838));
#733=CARTESIAN_POINT('',(-3.1599574868,-4.2518837919,28.4337928276));
#734=CARTESIAN_POINT('',(-2.7864988255,-4.1677935798,28.4939352689));
#735=CARTESIAN_POINT('',(-2.5647194106,-4.153147551,28.520591169));
#736=CARTESIAN_POINT('',(-2.1326676755,-4.1981259315,28.5542375438));
#737=CARTESIAN_POINT('',(-1.9166644633,-4.2568786635,28.5619193253));
#738=CARTESIAN_POINT('',(-1.5831453553,-4.4093625059,28.5582711922));
#739=CARTESIAN_POINT('',(-1.4541264182,-4.4874878973,28.5521072968));
#740=CARTESIAN_POINT('',(-1.149596977,-4.7218648404,28.5250131401));
#741=CARTESIAN_POINT('',(-0.9865583563,-4.9010558783,28.4969885121));
#742=CARTESIAN_POINT('',(-0.7717825423,-5.2399475333,28.4340216094));
#743=CARTESIAN_POINT('',(-0.6991917964,-5.3940614223,28.402701659));
#744=CARTESIAN_POINT('',(-0.6468825636,-5.5518746158,28.3681918871));
#745=B_SPLINE_CURVE_WITH_KNOTS('',3,(#731,#732,#733,#734,#735,#736,#737,#738,#739,#740,
    #741,#742,#743,#744),.UNSPECIFIED.,.F.,.U.,
 (4,2,2,2,2,2,4),(0.0,0.1462060697,0.3339473675,0.5216773937,0.6500018408,0.8536677081,1.0),.UNSPECIFIED.);
#746=EDGE_CURVE('n° 980',#721,#730,#745,.T.);
#747=ORIENTED_EDGE('',*,*,#746,.T.);
#748=CARTESIAN_POINT('',(0.646897977,-5.5518728206,28.368191887));
#749=VERTEX_POINT('',#748);
#750=CARTESIAN_POINT('',(0.0,0.0,28.368191887));
#751=DIRECTION('',(0.0,0.0,1.0));
#752=DIRECTION('',(-1.0,0.0,0.0));
#753=AXIS2_PLACEMENT_3D('',#750,#751,#752);
#754=CIRCLE('',#753,5.5894336752);
#755=EDGE_CURVE('n° 985',#730,#749,#754,.T.);
#756=ORIENTED_EDGE('',*,*,#755,.T.);
#757=CARTESIAN_POINT('',(3.468353141,-4.383183238,28.368191887));
#758=VERTEX_POINT('',#757);
#759=CARTESIAN_POINT('',(0.646897977,-5.5518728206,28.368191887));
#760=CARTESIAN_POINT('',(0.718187867,-5.3372842659,28.4151126537));
#761=CARTESIAN_POINT('',(0.8275428639,-5.1305141244,28.4558757688));
#762=CARTESIAN_POINT('',(1.1070231724,-4.7650084149,28.5186091857));
#763=CARTESIAN_POINT('',(1.2837799087,-4.6026696647,28.5409566888));
#764=CARTESIAN_POINT('',(1.5993582286,-4.4021224075,28.5584719239));
#765=CARTESIAN_POINT('',(1.7268868337,-4.3384950326,28.5611538782));
#766=CARTESIAN_POINT('',(2.0635425538,-4.2130913542,28.5575800574));
#767=CARTESIAN_POINT('',(2.2840610399,-4.1715186887,28.5451741565));
#768=CARTESIAN_POINT('',(2.7183170104,-4.1604106928,28.5028378806));
#769=CARTESIAN_POINT('',(2.9380306593,-4.1906891438,28.4723490527));
#770=CARTESIAN_POINT('',(3.2551697213,-4.2871939863,28.4148451322));
#771=CARTESIAN_POINT('',(3.3647725365,-4.3311746817,28.3922500864));
#772=CARTESIAN_POINT('',(3.4683531411,-4.383183238,28.368191887));
#773=B_SPLINE_CURVE_WITH_KNOTS('',3,(#759,#760,#761,#762,#763,#764,#765,#766,#767,#768,
    #769,#770,#771,#772),.UNSPECIFIED.,.F.,.U.,
 (4,2,2,2,2,2,4),(0.0,0.1990686855,0.4002880222,0.5217338884,0.7099810444,0.8979604356,1.0),.UNSPECIFIED.);
#774=EDGE_CURVE('n° 989',#749,#758,#773,.T.);
#775=ORIENTED_EDGE('',*,*,#774,.T.);
#776=CARTESIAN_POINT('',(0.0,0.0,28.368191887));
#777=DIRECTION('',(0.0,0.0,1.0));
#778=DIRECTION('',(-1.0,0.0,0.0));
#779=AXIS2_PLACEMENT_3D('',#776,#777,#778);
#780=CIRCLE('',#779,5.5894336752);
#781=EDGE_CURVE('n° 994',#758,#560,#780,.T.);
#782=ORIENTED_EDGE('',*,*,#781,.T.);
#783=EDGE_LOOP('',(
    #579,#588,#607,#616,#635,#644,#663,#672,#691,#700,
    #719,#728,#747,#756,#775,#782));
#784=FACE_OUTER_BOUND('',#783,.T.);
#785=CARTESIAN_POINT('',(0.0,0.0,29.0));
#786=VERTEX_POINT('',#785);
#787=VERTEX_LOOP('',#786);
#788=FACE_BOUND('',#787,.T.);
#789=CARTESIAN_POINT('',(0.0,0.0,3.96));
#790=DIRECTION('',(-0.0,-0.0,1.0));
#791=DIRECTION('',(0.0,-1.0,-0.0));
#792=AXIS2_PLACEMENT_3D('',#789,#790,#791);
#793=SPHERICAL_SURFACE('',#792,25.04);
#794=ADVANCED_FACE('n° 101',(#784,#788),#793,.T.);
#795=CARTESIAN_POINT('',(1.1058643778,5.6037394604,27.9096542328));
#796=VERTEX_POINT('',#795);
#797=CARTESIAN_POINT('',(3.180773382,4.7445640914,27.9096746653));
#798=VERTEX_POINT('',#797);
#799=CARTESIAN_POINT('',(1.1058643762,5.6037394599,27.909654233));
#800=CARTESIAN_POINT('',(1.1439361321,5.4868761403,27.9460734858));
#801=CARTESIAN_POINT('',(1.1968359976,5.3730172719,27.9791504705));
#802=CARTESIAN_POINT('',(1.3540880771,5.1222060983,28.0456227669));
#803=CARTESIAN_POINT('',(1.4738680761,4.9896055554,28.0752117928));
#804=CARTESIAN_POINT('',(1.6978273097,4.8163198931,28.1038170096));
#805=CARTESIAN_POINT('',(1.7915646299,4.7593268477,28.1103508302));
#806=CARTESIAN_POINT('',(2.0363896619,4.6472811605,28.1142041573));
#807=CARTESIAN_POINT('',(2.1978771878,4.6035623697,28.1061007636));
#808=CARTESIAN_POINT('',(2.5153132659,4.5714264,28.0705623693));
#809=CARTESIAN_POINT('',(2.6768269199,4.5827995741,28.042352742));
#810=CARTESIAN_POINT('',(2.9538423328,4.6465542416,27.9789358824));
#811=CARTESIAN_POINT('',(3.0726914103,4.6896553339,27.9461429508));
#812=CARTESIAN_POINT('',(3.1807733823,4.7445640911,27.9096746653));
#813=B_SPLINE_CURVE_WITH_KNOTS('',3,(#799,#800,#801,#802,#803,#804,#805,#806,#807,#808,
    #809,#810,#811,#812),.UNSPECIFIED.,.F.,.U.,
 (4,2,2,2,2,2,4),(0.0,0.1463322919,0.3499981592,0.4783226063,0.6660526325,0.8537939303,1.0),.UNSPECIFIED.);
#814=EDGE_CURVE('n° 851',#796,#798,#813,.T.);
#815=ORIENTED_EDGE('',*,*,#814,.T.);
#816=CARTESIAN_POINT('',(3.1807733869,4.7445640828,27.909674663));
#817=CARTESIAN_POINT('',(3.1804245515,4.7465838545,27.8756279281));
#818=CARTESIAN_POINT('',(3.1800722654,4.7486051218,27.8415802949));
#819=CARTESIAN_POINT('',(3.1661628743,4.8276845015,26.5104479184));
#820=CARTESIAN_POINT('',(3.1476873879,4.90675864,25.2135893378));
#821=CARTESIAN_POINT('',(3.0969878565,5.0708243119,22.620929919));
#822=CARTESIAN_POINT('',(3.0650665598,5.1556915716,21.3249785166));
#823=CARTESIAN_POINT('',(2.989351015,5.311396345,19.0881321873));
#824=CARTESIAN_POINT('',(2.9516068559,5.3795866682,18.1463271986));
#825=CARTESIAN_POINT('',(2.870767,5.4961856572,16.6690156259));
#826=CARTESIAN_POINT('',(2.8374541693,5.5404543137,16.1317244452));
#827=CARTESIAN_POINT('',(2.766924523,5.6172138375,15.2930302028));
#828=CARTESIAN_POINT('',(2.7377881707,5.6464589832,14.9896196507));
#829=CARTESIAN_POINT('',(2.6775221056,5.697980718,14.5197200518));
#830=CARTESIAN_POINT('',(2.6530359792,5.7176551244,14.350918316));
#831=CARTESIAN_POINT('',(2.6028318484,5.7529900625,14.0931596618));
#832=CARTESIAN_POINT('',(2.5826163981,5.7665383656,14.0013671457));
#833=CARTESIAN_POINT('',(2.5409721609,5.7914520174,13.8652996191));
#834=CARTESIAN_POINT('',(2.5241149201,5.8011381041,13.8172772592));
#835=CARTESIAN_POINT('',(2.4925887947,5.8175257702,13.7580650121));
#836=CARTESIAN_POINT('',(2.4823541727,5.8226815901,13.7417527258));
#837=CARTESIAN_POINT('',(2.4628148013,5.8320121793,13.7196924615));
#838=CARTESIAN_POINT('',(2.4542757892,5.8359710599,13.7121554725));
#839=CARTESIAN_POINT('',(2.4379504621,5.8432262296,13.7033007533));
#840=CARTESIAN_POINT('',(2.4302688281,5.8465373436,13.700953207));
#841=CARTESIAN_POINT('',(2.4148952038,5.8529326658,13.7003507232));
#842=CARTESIAN_POINT('',(2.4070294039,5.8560878832,13.7021117862));
#843=CARTESIAN_POINT('',(2.3900900543,5.8626553639,13.7099268048));
#844=CARTESIAN_POINT('',(2.3810552368,5.8659889878,13.7170879864));
#845=CARTESIAN_POINT('',(2.3582532769,5.8740954567,13.7405818995));
#846=CARTESIAN_POINT('',(2.345723711,5.8781869197,13.7599027057));
#847=CARTESIAN_POINT('',(2.2976629164,5.8931199404,13.8474153045));
#848=CARTESIAN_POINT('',(2.2725092838,5.8990211711,13.9269172942));
#849=CARTESIAN_POINT('',(2.1968180931,5.9153107615,14.1916120293));
#850=CARTESIAN_POINT('',(2.1600415391,5.9194343507,14.38677906));
#851=CARTESIAN_POINT('',(2.0920206187,5.9256248154,14.7755179451));
#852=CARTESIAN_POINT('',(2.0624267246,5.926796973,14.9718949014));
#853=CARTESIAN_POINT('',(1.9807082851,5.9276018094,15.5580217592));
#854=CARTESIAN_POINT('',(1.9347533288,5.9245543663,15.9507587937));
#855=CARTESIAN_POINT('',(1.8501377732,5.9155423761,16.7356629978));
#856=CARTESIAN_POINT('',(1.8117181212,5.9094210391,17.1288502505));
#857=CARTESIAN_POINT('',(1.703439159,5.8881690636,18.3092902347));
#858=CARTESIAN_POINT('',(1.6404044046,5.8701787622,19.0980974902));
#859=CARTESIAN_POINT('',(1.466338635,5.8098913036,21.461469043));
#860=CARTESIAN_POINT('',(1.3686753248,5.7628316704,23.0382408423));
#861=CARTESIAN_POINT('',(1.2175663314,5.6777511197,25.713211749));
#862=CARTESIAN_POINT('',(1.1600643595,5.6412594246,26.8113412815));
#863=CARTESIAN_POINT('',(1.1058643778,5.6037394604,27.9096542328));
#864=B_SPLINE_CURVE_WITH_KNOTS('',3,(#816,#817,#818,#819,#820,#821,#822,#823,#824,#825,
    #826,#827,#828,#829,#830,#831,#832,#833,#834,#835,
    #836,#837,#838,#839,#840,#841,#842,#843,#844,#845,
    #846,#847,#848,#849,#850,#851,#852,#853,#854,#855,
    #856,#857,#858,#859,#860,#861,#862,#863),.UNSPECIFIED.,.F.,.U.,
 (4,2,2,2,2,2,2,2,2,2,2,2,2,2,2,2,2,2,2,2,
  2,2,2,4),
 (0.0,0.0035539662,0.1389516732,0.2743527194,0.3729042585,0.4293110671,0.4613650261,0.4794187656,0.4894891403,0.4950746086,0.4973565475,0.498838323,0.4999856075,0.5011357635,0.5026222167,0.5052789179,0.514090971,0.5348631638,0.5556353567,0.5968875068,
  0.638139657,0.7206439574,0.8853567968,1.0),.UNSPECIFIED.);
#865=EDGE_CURVE('n° 855',#798,#796,#864,.T.);
#866=ORIENTED_EDGE('',*,*,#865,.T.);
#867=EDGE_LOOP('',(#815,#866));
#868=FACE_OUTER_BOUND('',#867,.T.);
#869=CARTESIAN_POINT('',(4.5161013616,7.1818965182,13.0));
#870=CARTESIAN_POINT('',(3.9871758389,5.9769443018,29.0));
#871=CARTESIAN_POINT('',(4.5252039162,7.3065646517,13.0));
#872=CARTESIAN_POINT('',(3.9895318939,6.1019220958,29.0));
#873=CARTESIAN_POINT('',(4.5203410809,7.4486961149,13.0));
#874=CARTESIAN_POINT('',(3.9769997635,6.2435834727,29.0));
#875=CARTESIAN_POINT('',(4.453349401,7.7616052308,13.0));
#876=CARTESIAN_POINT('',(3.8932059214,6.5524177196,29.0));
#877=CARTESIAN_POINT('',(4.3904663725,7.9330395469,13.0));
#878=CARTESIAN_POINT('',(3.8211556609,6.7202055617,29.0));
#879=CARTESIAN_POINT('',(4.174406096,8.2696668733,13.0));
#880=CARTESIAN_POINT('',(3.587229797,7.04467234,29.0));
#881=CARTESIAN_POINT('',(4.01947013,8.4341889412,13.0));
#882=CARTESIAN_POINT('',(3.4236342797,7.2005863261,29.0));
#883=CARTESIAN_POINT('',(3.6214739356,8.6852911443,13.0));
#884=CARTESIAN_POINT('',(3.0126571789,7.4298266144,29.0));
#885=CARTESIAN_POINT('',(3.3786506819,8.7689396655,13.0));
#886=CARTESIAN_POINT('',(2.765670558,7.50023838,29.0));
#887=CARTESIAN_POINT('',(2.8799781481,8.8053498838,13.0));
#888=CARTESIAN_POINT('',(2.2657593819,7.5096625998,29.0));
#889=CARTESIAN_POINT('',(2.6275798889,8.7578596071,13.0));
#890=CARTESIAN_POINT('',(2.0162944194,7.4486098346,29.0));
#891=CARTESIAN_POINT('',(2.1973310444,8.5672311229,13.0));
#892=CARTESIAN_POINT('',(1.5969692207,7.2350222298,29.0));
#893=CARTESIAN_POINT('',(2.0201407498,8.4269590164,13.0));
#894=CARTESIAN_POINT('',(1.4276135159,7.0853849697,29.0));
#895=CARTESIAN_POINT('',(1.7574753939,8.1252854995,13.0));
#896=CARTESIAN_POINT('',(1.1816246506,6.7699654425,29.0));
#897=CARTESIAN_POINT('',(1.6703577241,7.9648033771,13.0));
#898=CARTESIAN_POINT('',(1.1033016294,6.6050124057,29.0));
#899=CARTESIAN_POINT('',(1.5586251679,7.6649436834,13.0));
#900=CARTESIAN_POINT('',(1.0079273059,6.2995557993,29.0));
#901=CARTESIAN_POINT('',(1.5331687132,7.5250259615,13.0));
#902=CARTESIAN_POINT('',(0.9900648368,6.1584674149,29.0));
#903=CARTESIAN_POINT('',(1.514963604,7.2756896946,13.0));
#904=CARTESIAN_POINT('',(0.9853527268,5.9085118268,29.0));
#905=CARTESIAN_POINT('',(1.5198264393,7.1335582314,13.0));
#906=CARTESIAN_POINT('',(0.9978848572,5.7668504499,29.0));
#907=CARTESIAN_POINT('',(1.5868181192,6.8206491155,13.0));
#908=CARTESIAN_POINT('',(1.0816786993,5.4580162031,29.0));
#909=CARTESIAN_POINT('',(1.6497011477,6.6492147994,13.0));
#910=CARTESIAN_POINT('',(1.1537289598,5.290228361,29.0));
#911=CARTESIAN_POINT('',(1.8657614242,6.3125874729,13.0));
#912=CARTESIAN_POINT('',(1.3876548237,4.9657615827,29.0));
#913=CARTESIAN_POINT('',(2.0206973902,6.1480654051,13.0));
#914=CARTESIAN_POINT('',(1.551250341,4.8098475965,29.0));
#915=CARTESIAN_POINT('',(2.4186935846,5.8969632019,13.0));
#916=CARTESIAN_POINT('',(1.9622274418,4.5806073082,29.0));
#917=CARTESIAN_POINT('',(2.6615168383,5.8133146808,13.0));
#918=CARTESIAN_POINT('',(2.2092140627,4.5101955427,29.0));
#919=CARTESIAN_POINT('',(3.1601893721,5.7769044625,13.0));
#920=CARTESIAN_POINT('',(2.7091252389,4.5007713228,29.0));
#921=CARTESIAN_POINT('',(3.4125876313,5.8243947392,13.0));
#922=CARTESIAN_POINT('',(2.9585902013,4.561824088,29.0));
#923=CARTESIAN_POINT('',(3.8428364758,6.0150232234,13.0));
#924=CARTESIAN_POINT('',(3.3779154,4.7754116928,29.0));
#925=CARTESIAN_POINT('',(4.0200267704,6.1552953299,13.0));
#926=CARTESIAN_POINT('',(3.5472711048,4.9250489529,29.0));
#927=CARTESIAN_POINT('',(4.2826921263,6.4569688467,13.0));
#928=CARTESIAN_POINT('',(3.7932599701,5.2404684801,29.0));
#929=CARTESIAN_POINT('',(4.3698097961,6.6174509692,13.0));
#930=CARTESIAN_POINT('',(3.8715829914,5.4054215169,29.0));
#931=CARTESIAN_POINT('',(4.4815423523,6.9173106628,13.0));
#932=CARTESIAN_POINT('',(3.9669573148,5.7108781234,29.0));
#933=CARTESIAN_POINT('',(4.506998807,7.0572283848,13.0));
#934=CARTESIAN_POINT('',(3.984819784,5.8519665077,29.0));
#935=CARTESIAN_POINT('',(4.5161013616,7.1818965182,13.0));
#936=CARTESIAN_POINT('',(3.9871758389,5.9769443018,29.0));
#937=B_SPLINE_SURFACE_WITH_KNOTS('',3,1,((#869,#870),(#871,#872),(#873,#874),(#875,#876),(#877,#878),(#879,#880),(#881,#882),(#883,#884),(#885,#886),(#887,#888),(#889,#890),
    (#891,#892),(#893,#894),(#895,#896),(#897,#898),(#899,#900),(#901,#902),(#903,#904),(#905,#906),(#907,#908),(#909,#910),(#911,#912),(#913,#914),(#915,#916),(#917,#918),(#919,#920),(#921,#922),(#923,#924),(#925,#926),(#927,#928),
    (#929,#930),(#931,#932),(#933,#934),(#935,#936)),.UNSPECIFIED.,.T.,.F.,.U.,
 (4,2,2,2,2,2,2,2,2,2,2,2,2,2,2,2,4),(2,2),(0.0,0.0625,0.125,0.1875,0.25,0.3125,0.375,0.4375,0.5,0.5625,
    0.625,0.6875,0.75,0.8125,0.875,0.9375,1.0),(0.0,1.0),.UNSPECIFIED.);
#938=ADVANCED_FACE('n° 168',(#868),#937,.F.);
#939=CARTESIAN_POINT('',(-3.1804779718,4.7444063731,27.9096542328));
#940=VERTEX_POINT('',#939);
#941=CARTESIAN_POINT('',(-1.105767015,5.6040598706,27.9096746653));
#942=VERTEX_POINT('',#941);
#943=CARTESIAN_POINT('',(-3.1804779719,4.7444063731,27.909654233));
#944=CARTESIAN_POINT('',(-3.10410217,4.7055657888,27.9350436112));
#945=CARTESIAN_POINT('',(-3.0233822173,4.6726893371,27.9588985389));
#946=CARTESIAN_POINT('',(-2.7898858561,4.6003357151,28.0196157701));
#947=CARTESIAN_POINT('',(-2.6284719508,4.5772827872,28.0518259293));
#948=CARTESIAN_POINT('',(-2.3074984254,4.5844019227,28.0964890911));
#949=CARTESIAN_POINT('',(-2.1463314009,4.6143925874,28.1096208217));
#950=CARTESIAN_POINT('',(-1.8991259696,4.7063692429,28.1133956566));
#951=CARTESIAN_POINT('',(-1.8043451261,4.7536911417,28.1105569208));
#952=CARTESIAN_POINT('',(-1.5709919529,4.9025462361,28.0920749493));
#953=CARTESIAN_POINT('',(-1.4433689477,5.0205873769,28.0684117503));
#954=CARTESIAN_POINT('',(-1.2380023913,5.2916449269,28.0022013802));
#955=CARTESIAN_POINT('',(-1.1569479337,5.4471760843,27.9593162347));
#956=CARTESIAN_POINT('',(-1.105767015,5.6040598706,27.9096746653));
#957=B_SPLINE_CURVE_WITH_KNOTS('',3,(#943,#944,#945,#946,#947,#948,#949,#950,#951,#952,
    #953,#954,#955,#956),.UNSPECIFIED.,.F.,.U.,
 (4,2,2,2,2,2,4),(0.0,0.1020395644,0.2900189556,0.4782661116,0.5997119778,0.8009313145,1.0),.UNSPECIFIED.);
#958=EDGE_CURVE('n° 865',#940,#942,#957,.T.);
#959=ORIENTED_EDGE('',*,*,#958,.T.);
#960=CARTESIAN_POINT('',(-1.1057670054,5.604059868,27.909674663));
#961=CARTESIAN_POINT('',(-1.1074418636,5.6052413984,27.8756279281));
#962=CARTESIAN_POINT('',(-1.1091202192,5.6064215463,27.8415802949));
#963=CARTESIAN_POINT('',(-1.1748732097,5.6525036872,26.5104479184));
#964=CARTESIAN_POINT('',(-1.2438512109,5.695353405,25.2135893378));
#965=CARTESIAN_POINT('',(-1.3957131426,5.7755153717,22.6209299191));
#966=CARTESIAN_POINT('',(-1.4782951228,5.8129538212,21.3249785167));
#967=CARTESIAN_POINT('',(-1.6419339991,5.8695147472,19.0881321873));
#968=CARTESIAN_POINT('',(-1.7168409899,5.8910434362,18.1463271986));
#969=CARTESIAN_POINT('',(-1.8564513359,5.9163289618,16.669015626));
#970=CARTESIAN_POINT('',(-1.9113097317,5.9240759005,16.1317244452));
#971=CARTESIAN_POINT('',(-2.0154589026,5.9284810891,15.2930302028));
#972=CARTESIAN_POINT('',(-2.0567408558,5.9285580177,14.9896196507));
#973=CARTESIAN_POINT('',(-2.1357867671,5.9223748424,14.5197200518));
#974=CARTESIAN_POINT('',(-2.1670129793,5.9189724426,14.350918316));
#975=CARTESIAN_POINT('',(-2.227498235,5.9084583356,14.0931596619));
#976=CARTESIAN_POINT('',(-2.251372814,5.9037439506,14.0013671457));
#977=CARTESIAN_POINT('',(-2.2984363486,5.8919136402,13.8652996191));
#978=CARTESIAN_POINT('',(-2.3172053155,5.8868428685,13.8172772592));
#979=CARTESIAN_POINT('',(-2.3510854824,5.8761383613,13.7580650121));
#980=CARTESIAN_POINT('',(-2.3619681682,5.8725471059,13.7417527258));
#981=CARTESIAN_POINT('',(-2.3823823131,5.8653284067,13.7196924615));
#982=CARTESIAN_POINT('',(-2.3912196578,5.8620897647,13.7121554725));
#983=CARTESIAN_POINT('',(-2.407893587,5.8556761949,13.7033007533));
#984=CARTESIAN_POINT('',(-2.4156666337,5.8525857706,13.700953207));
#985=CARTESIAN_POINT('',(-2.4310596034,5.8462371523,13.7003507232));
#986=CARTESIAN_POINT('',(-2.4388526394,5.8429062675,13.7021117862));
#987=CARTESIAN_POINT('',(-2.4554744785,5.8355722487,13.7099268048));
#988=CARTESIAN_POINT('',(-2.4642202873,5.831540896,13.7170879864));
#989=CARTESIAN_POINT('',(-2.4860758469,5.8211496146,13.7405818995));
#990=CARTESIAN_POINT('',(-2.4978286892,5.8151829748,13.7599027057));
#991=CARTESIAN_POINT('',(-2.5423720431,5.7917581013,13.8474153045));
#992=CARTESIAN_POINT('',(-2.5643311475,5.7781445973,13.9269172942));
#993=CARTESIAN_POINT('',(-2.6293713816,5.7361413229,14.1916120293));
#994=CARTESIAN_POINT('',(-2.6582921503,5.7130521901,14.38677906));
#995=CARTESIAN_POINT('',(-2.7107675239,5.6693314556,14.7755179451));
#996=CARTESIAN_POINT('',(-2.7325224077,5.6492342531,14.9718949014));
#997=CARTESIAN_POINT('',(-2.7908751756,5.5920196955,15.5580217592));
#998=CARTESIAN_POINT('',(-2.8212153692,5.5573697667,15.9507587937));
#999=CARTESIAN_POINT('',(-2.8746751629,5.4911650941,16.7356629978));
#1000=CARTESIAN_POINT('',(-2.8975135206,5.4596698587,17.1288502505));
#1001=CARTESIAN_POINT('',(-2.959050893,5.3680776543,18.3092902347));
#1002=CARTESIAN_POINT('',(-2.9909021312,5.3107842879,19.0980974902));
#1003=CARTESIAN_POINT('',(-3.0713555464,5.1450715311,21.461469043));
#1004=CARTESIAN_POINT('',(-3.1071377496,5.0427369564,23.0382408422));
#1005=CARTESIAN_POINT('',(-3.1538269091,4.8757257281,25.713211749));
#1006=CARTESIAN_POINT('',(-3.1686834184,4.8092621688,26.8113412815));
#1007=CARTESIAN_POINT('',(-3.1804779718,4.744406373,27.9096542328));
#1008=B_SPLINE_CURVE_WITH_KNOTS('',3,(#960,#961,#962,#963,#964,#965,#966,#967,#968,#969,
    #970,#971,#972,#973,#974,#975,#976,#977,#978,#979,
    #980,#981,#982,#983,#984,#985,#986,#987,#988,#989,
    #990,#991,#992,#993,#994,#995,#996,#997,#998,#999,
    #1000,#1001,#1002,#1003,#1004,#1005,#1006,#1007),.UNSPECIFIED.,.F.,.U.,
 (4,2,2,2,2,2,2,2,2,2,2,2,2,2,2,2,2,2,2,2,
  2,2,2,4),
 (0.0,0.0035539662,0.1389516732,0.2743527194,0.3729042585,0.4293110671,0.4613650261,0.4794187656,0.4894891403,0.4950746086,0.4973565475,0.498838323,0.4999856075,0.5011357635,0.5026222167,0.5052789179,0.514090971,0.5348631638,0.5556353567,0.5968875068,
  0.638139657,0.7206439574,0.8853567968,1.0),.UNSPECIFIED.);
#1009=EDGE_CURVE('n° 869',#942,#940,#1008,.T.);
#1010=ORIENTED_EDGE('',*,*,#1009,.T.);
#1011=EDGE_LOOP('',(#959,#1010));
#1012=FACE_OUTER_BOUND('',#1011,.T.);
#1013=CARTESIAN_POINT('',(-1.8850018325,8.2717336271,13.0));
#1014=CARTESIAN_POINT('',(-1.406978773,7.04569692,29.0));
#1015=CARTESIAN_POINT('',(-1.966719037,8.3663237878,13.0));
#1016=CARTESIAN_POINT('',(-1.4936854363,7.1357355482,29.0));
#1017=CARTESIAN_POINT('',(-2.0706597023,8.4633873654,13.0));
#1018=CARTESIAN_POINT('',(-1.6027167109,7.227043714,29.0));
#1019=CARTESIAN_POINT('',(-2.3392901312,8.637277252,13.0));
#1020=CARTESIAN_POINT('',(-1.8803466951,7.3861713103,29.0));
#1021=CARTESIAN_POINT('',(-2.5049775145,8.7140346036,13.0));
#1022=CARTESIAN_POINT('',(-2.0499378438,7.4538680034,29.0));
#1023=CARTESIAN_POINT('',(-2.8957866664,8.7992883822,13.0));
#1024=CARTESIAN_POINT('',(-2.4447810677,7.517890098,29.0));
#1025=CARTESIAN_POINT('',(-3.1216776084,8.8060667798,13.0));
#1026=CARTESIAN_POINT('',(-2.6707084042,7.5124584352,29.0));
#1027=CARTESIAN_POINT('',(-3.580659487,8.7021970425,13.0));
#1028=CARTESIAN_POINT('',(-3.1234104615,7.3839511027,29.0));
#1029=CARTESIAN_POINT('',(-3.8115098928,8.5896435097,13.0));
#1030=CARTESIAN_POINT('',(-3.3478450129,7.2590938251,29.0));
#1031=CARTESIAN_POINT('',(-4.1898705354,8.2627746917,13.0));
#1032=CARTESIAN_POINT('',(-3.7079995253,6.9122671722,29.0));
#1033=CARTESIAN_POINT('',(-4.3347623593,8.0507214744,13.0));
#1034=CARTESIAN_POINT('',(-3.8412270676,6.6926979813,29.0));
#1035=CARTESIAN_POINT('',(-4.504199541,7.611694905,13.0));
#1036=CARTESIAN_POINT('',(-3.9867055154,6.2451610461,29.0));
#1037=CARTESIAN_POINT('',(-4.5303046421,7.3872150884,13.0));
#1038=CARTESIAN_POINT('',(-4.0006485614,6.0195989574,29.0));
#1039=CARTESIAN_POINT('',(-4.502721707,6.9881672446,13.0));
#1040=CARTESIAN_POINT('',(-3.9515536695,5.6226232761,29.0));
#1041=CARTESIAN_POINT('',(-4.450845205,6.8130877525,13.0));
#1042=CARTESIAN_POINT('',(-3.8902969981,5.4506011257,29.0));
#1043=CARTESIAN_POINT('',(-4.3178192304,6.5220480815,13.0));
#1044=CARTESIAN_POINT('',(-3.7417463912,5.1671708571,29.0));
#1045=CARTESIAN_POINT('',(-4.2368828922,6.4051108798,13.0));
#1046=CARTESIAN_POINT('',(-3.6546125109,5.0547756307,29.0));
#1047=CARTESIAN_POINT('',(-4.0734484832,6.2159305585,13.0));
#1048=CARTESIAN_POINT('',(-3.4811991845,4.8746983745,29.0));
#1049=CARTESIAN_POINT('',(-3.9695078179,6.1188669809,13.0));
#1050=CARTESIAN_POINT('',(-3.3721679099,4.7833902086,29.0));
#1051=CARTESIAN_POINT('',(-3.700877389,5.9449770943,13.0));
#1052=CARTESIAN_POINT('',(-3.0945379257,4.6242626124,29.0));
#1053=CARTESIAN_POINT('',(-3.5351900057,5.8682197427,13.0));
#1054=CARTESIAN_POINT('',(-2.9249467769,4.5565659192,29.0));
#1055=CARTESIAN_POINT('',(-3.1443808538,5.7829659641,13.0));
#1056=CARTESIAN_POINT('',(-2.5301035531,4.4925438247,29.0));
#1057=CARTESIAN_POINT('',(-2.9184899118,5.7761875665,13.0));
#1058=CARTESIAN_POINT('',(-2.3041762165,4.4979754874,29.0));
#1059=CARTESIAN_POINT('',(-2.4595080332,5.8800573038,13.0));
#1060=CARTESIAN_POINT('',(-1.8514741592,4.62648282,29.0));
#1061=CARTESIAN_POINT('',(-2.2286576274,5.9926108365,13.0));
#1062=CARTESIAN_POINT('',(-1.6270396079,4.7513400975,29.0));
#1063=CARTESIAN_POINT('',(-1.8502969848,6.3194796545,13.0));
#1064=CARTESIAN_POINT('',(-1.2668850954,5.0981667504,29.0));
#1065=CARTESIAN_POINT('',(-1.7054051609,6.5315328718,13.0));
#1066=CARTESIAN_POINT('',(-1.1336575531,5.3177359413,29.0));
#1067=CARTESIAN_POINT('',(-1.5359679792,6.9705594413,13.0));
#1068=CARTESIAN_POINT('',(-0.9881791053,5.7652728766,29.0));
#1069=CARTESIAN_POINT('',(-1.5098628781,7.1950392578,13.0));
#1070=CARTESIAN_POINT('',(-0.9742360593,5.9908349652,29.0));
#1071=CARTESIAN_POINT('',(-1.5374458132,7.5940871017,13.0));
#1072=CARTESIAN_POINT('',(-1.0233309512,6.3878106466,29.0));
#1073=CARTESIAN_POINT('',(-1.5893223152,7.7691665938,13.0));
#1074=CARTESIAN_POINT('',(-1.0845876226,6.5598327969,29.0));
#1075=CARTESIAN_POINT('',(-1.7223482898,8.0602062647,13.0));
#1076=CARTESIAN_POINT('',(-1.2331382296,6.8432630656,29.0));
#1077=CARTESIAN_POINT('',(-1.803284628,8.1771434665,13.0));
#1078=CARTESIAN_POINT('',(-1.3202721098,6.9556582919,29.0));
#1079=CARTESIAN_POINT('',(-1.8850018325,8.2717336271,13.0));
#1080=CARTESIAN_POINT('',(-1.406978773,7.04569692,29.0));
#1081=B_SPLINE_SURFACE_WITH_KNOTS('',3,1,((#1013,#1014),(#1015,#1016),(#1017,#1018),(#1019,#1020),(#1021,#1022),(#1023,#1024),(#1025,#1026),(#1027,#1028),(#1029,#1030),(#1031,#1032),(#1033,#1034),
    (#1035,#1036),(#1037,#1038),(#1039,#1040),(#1041,#1042),(#1043,#1044),(#1045,#1046),(#1047,#1048),(#1049,#1050),(#1051,#1052),(#1053,#1054),(#1055,#1056),(#1057,#1058),(#1059,#1060),(#1061,#1062),(#1063,#1064),(#1065,#1066),(#1067,#1068),(#1069,#1070),(#1071,#1072),
    (#1073,#1074),(#1075,#1076),(#1077,#1078),(#1079,#1080)),.UNSPECIFIED.,.T.,.F.,.U.,
 (4,2,2,2,2,2,2,2,2,2,2,2,2,2,2,2,4),(2,2),(0.0,0.0625,0.125,0.1875,0.25,0.3125,0.375,0.4375,0.5,0.5625,
    0.625,0.6875,0.75,0.8125,0.875,0.9375,1.0),(0.0,1.0),.UNSPECIFIED.);
#1082=ADVANCED_FACE('n° 235',(#1012),#1081,.F.);
#1083=CARTESIAN_POINT('',(-5.6037394604,1.1058643778,27.9096542328));
#1084=VERTEX_POINT('',#1083);
#1085=CARTESIAN_POINT('',(-4.7445640914,3.180773382,27.9096746653));
#1086=VERTEX_POINT('',#1085);
#1087=CARTESIAN_POINT('',(-5.6037394599,1.1058643762,27.909654233));
#1088=CARTESIAN_POINT('',(-5.4868761403,1.1439361321,27.9460734858));
#1089=CARTESIAN_POINT('',(-5.3730172719,1.1968359976,27.9791504705));
#1090=CARTESIAN_POINT('',(-5.1222060983,1.3540880771,28.0456227669));
#1091=CARTESIAN_POINT('',(-4.9896055554,1.4738680761,28.0752117928));
#1092=CARTESIAN_POINT('',(-4.8163198931,1.6978273098,28.1038170096));
#1093=CARTESIAN_POINT('',(-4.7593268477,1.7915646299,28.1103508302));
#1094=CARTESIAN_POINT('',(-4.6472811605,2.0363896619,28.1142041573));
#1095=CARTESIAN_POINT('',(-4.6035623697,2.1978771878,28.1061007636));
#1096=CARTESIAN_POINT('',(-4.5714264,2.5153132659,28.0705623693));
#1097=CARTESIAN_POINT('',(-4.5827995741,2.6768269199,28.042352742));
#1098=CARTESIAN_POINT('',(-4.6465542416,2.9538423328,27.9789358824));
#1099=CARTESIAN_POINT('',(-4.6896553339,3.0726914103,27.9461429508));
#1100=CARTESIAN_POINT('',(-4.7445640911,3.1807733823,27.9096746653));
#1101=B_SPLINE_CURVE_WITH_KNOTS('',3,(#1087,#1088,#1089,#1090,#1091,#1092,#1093,#1094,#1095,#1096,
    #1097,#1098,#1099,#1100),.UNSPECIFIED.,.F.,.U.,
 (4,2,2,2,2,2,4),(0.0,0.1463322919,0.3499981592,0.4783226063,0.6660526325,0.8537939303,1.0),.UNSPECIFIED.);
#1102=EDGE_CURVE('n° 879',#1084,#1086,#1101,.T.);
#1103=ORIENTED_EDGE('',*,*,#1102,.T.);
#1104=CARTESIAN_POINT('',(-4.7445640828,3.1807733869,27.909674663));
#1105=CARTESIAN_POINT('',(-4.7465838545,3.1804245515,27.8756279282));
#1106=CARTESIAN_POINT('',(-4.748605114,3.1800722491,27.841580294));
#1107=CARTESIAN_POINT('',(-4.8276844923,3.1661628604,26.5104479175));
#1108=CARTESIAN_POINT('',(-4.9067586228,3.147687295,25.2135893346));
#1109=CARTESIAN_POINT('',(-5.0708242778,3.0969877894,22.6209299136));
#1110=CARTESIAN_POINT('',(-5.1556915705,3.06506645,21.3249785154));
#1111=CARTESIAN_POINT('',(-5.3113963214,2.989350939,19.0881321816));
#1112=CARTESIAN_POINT('',(-5.3795866652,2.9516068816,18.1463271986));
#1113=CARTESIAN_POINT('',(-5.4961856593,2.8707670175,16.6690156274));
#1114=CARTESIAN_POINT('',(-5.5404543145,2.8374541651,16.1317244455));
#1115=CARTESIAN_POINT('',(-5.6172138375,2.7669245203,15.2930302027));
#1116=CARTESIAN_POINT('',(-5.6464589868,2.7377881567,14.9896196516));
#1117=CARTESIAN_POINT('',(-5.697980719,2.6775220969,14.5197200511));
#1118=CARTESIAN_POINT('',(-5.7176551255,2.6530359756,14.3509183164));
#1119=CARTESIAN_POINT('',(-5.7529900629,2.6028318462,14.0931596616));
#1120=CARTESIAN_POINT('',(-5.766538366,2.5826163971,14.0013671459));
#1121=CARTESIAN_POINT('',(-5.7914520176,2.5409721603,13.865299619));
#1122=CARTESIAN_POINT('',(-5.8011381042,2.5241149197,13.8172772593));
#1123=CARTESIAN_POINT('',(-5.8175257703,2.4925887944,13.758065012));
#1124=CARTESIAN_POINT('',(-5.8226815901,2.4823541727,13.7417527258));
#1125=CARTESIAN_POINT('',(-5.8320121793,2.4628148013,13.7196924615));
#1126=CARTESIAN_POINT('',(-5.8359710599,2.4542757892,13.7121554725));
#1127=CARTESIAN_POINT('',(-5.8432262296,2.4379504621,13.7033007533));
#1128=CARTESIAN_POINT('',(-5.8465373436,2.4302688281,13.700953207));
#1129=CARTESIAN_POINT('',(-5.8529326658,2.4148952038,13.7003507232));
#1130=CARTESIAN_POINT('',(-5.8560878832,2.4070294039,13.7021117862));
#1131=CARTESIAN_POINT('',(-5.8626553639,2.3900900543,13.7099268048));
#1132=CARTESIAN_POINT('',(-5.8659889878,2.3810552369,13.7170879864));
#1133=CARTESIAN_POINT('',(-5.8740954567,2.358253277,13.7405818996));
#1134=CARTESIAN_POINT('',(-5.8781869196,2.3457237112,13.7599027057));
#1135=CARTESIAN_POINT('',(-5.8931199402,2.2976629168,13.8474153047));
#1136=CARTESIAN_POINT('',(-5.8990210798,2.2725094306,13.9269172617));
#1137=CARTESIAN_POINT('',(-5.9153105963,2.1968184266,14.1916120977));
#1138=CARTESIAN_POINT('',(-5.9194343507,2.1600415391,14.3867790599));
#1139=CARTESIAN_POINT('',(-5.9256248154,2.0920206187,14.7755179451));
#1140=CARTESIAN_POINT('',(-5.926796973,2.0624267247,14.9718949014));
#1141=CARTESIAN_POINT('',(-5.9276018093,1.9807082852,15.5580217591));
#1142=CARTESIAN_POINT('',(-5.9245543663,1.9347533288,15.9507587937));
#1143=CARTESIAN_POINT('',(-5.9155423761,1.8501377732,16.7356629978));
#1144=CARTESIAN_POINT('',(-5.9094210391,1.8117181212,17.1288502504));
#1145=CARTESIAN_POINT('',(-5.8881690636,1.703439159,18.3092902346));
#1146=CARTESIAN_POINT('',(-5.8701787625,1.6404044044,19.0980974901));
#1147=CARTESIAN_POINT('',(-5.8098913039,1.4663386347,21.4614690429));
#1148=CARTESIAN_POINT('',(-5.7628316705,1.3686753248,23.0382408421));
#1149=CARTESIAN_POINT('',(-5.6777511198,1.2175663313,25.7132117489));
#1150=CARTESIAN_POINT('',(-5.6412594246,1.1600643595,26.8113412815));
#1151=CARTESIAN_POINT('',(-5.6037394604,1.1058643778,27.9096542328));
#1152=B_SPLINE_CURVE_WITH_KNOTS('',3,(#1104,#1105,#1106,#1107,#1108,#1109,#1110,#1111,#1112,#1113,
    #1114,#1115,#1116,#1117,#1118,#1119,#1120,#1121,#1122,#1123,
    #1124,#1125,#1126,#1127,#1128,#1129,#1130,#1131,#1132,#1133,
    #1134,#1135,#1136,#1137,#1138,#1139,#1140,#1141,#1142,#1143,
    #1144,#1145,#1146,#1147,#1148,#1149,#1150,#1151),.UNSPECIFIED.,.F.,.U.,
 (4,2,2,2,2,2,2,2,2,2,2,2,2,2,2,2,2,2,2,2,
  2,2,2,4),
 (0.0,0.0035539662,0.1389516732,0.2743527194,0.3729042585,0.4293110671,0.4613650261,0.4794187656,0.4894891403,0.4950746086,0.4973565475,0.498838323,0.4999856075,0.5011357635,0.5026222167,0.5052789179,0.514090971,0.5348631638,0.5556353567,0.5968875068,
  0.638139657,0.7206439574,0.8853567968,1.0),.UNSPECIFIED.);
#1153=EDGE_CURVE('n° 883',#1086,#1084,#1152,.T.);
#1154=ORIENTED_EDGE('',*,*,#1153,.T.);
#1155=EDGE_LOOP('',(#1103,#1154));
#1156=FACE_OUTER_BOUND('',#1155,.T.);
#1157=CARTESIAN_POINT('',(-7.1818965182,4.5161013616,13.0));
#1158=CARTESIAN_POINT('',(-5.9769443018,3.9871758389,29.0));
#1159=CARTESIAN_POINT('',(-7.3065646517,4.5252039162,13.0));
#1160=CARTESIAN_POINT('',(-6.1019220958,3.9895318939,29.0));
#1161=CARTESIAN_POINT('',(-7.4486961149,4.5203410809,13.0));
#1162=CARTESIAN_POINT('',(-6.2435834727,3.9769997635,29.0));
#1163=CARTESIAN_POINT('',(-7.7616052308,4.453349401,13.0));
#1164=CARTESIAN_POINT('',(-6.5524177196,3.8932059214,29.0));
#1165=CARTESIAN_POINT('',(-7.9330395469,4.3904663725,13.0));
#1166=CARTESIAN_POINT('',(-6.7202055617,3.8211556609,29.0));
#1167=CARTESIAN_POINT('',(-8.2696668733,4.174406096,13.0));
#1168=CARTESIAN_POINT('',(-7.04467234,3.587229797,29.0));
#1169=CARTESIAN_POINT('',(-8.4341889412,4.01947013,13.0));
#1170=CARTESIAN_POINT('',(-7.2005863261,3.4236342797,29.0));
#1171=CARTESIAN_POINT('',(-8.6852911443,3.6214739356,13.0));
#1172=CARTESIAN_POINT('',(-7.4298266144,3.0126571789,29.0));
#1173=CARTESIAN_POINT('',(-8.7689396655,3.3786506819,13.0));
#1174=CARTESIAN_POINT('',(-7.50023838,2.765670558,29.0));
#1175=CARTESIAN_POINT('',(-8.8053498838,2.8799781481,13.0));
#1176=CARTESIAN_POINT('',(-7.5096625998,2.2657593819,29.0));
#1177=CARTESIAN_POINT('',(-8.7578596071,2.6275798889,13.0));
#1178=CARTESIAN_POINT('',(-7.4486098346,2.0162944194,29.0));
#1179=CARTESIAN_POINT('',(-8.5672311229,2.1973310444,13.0));
#1180=CARTESIAN_POINT('',(-7.2350222298,1.5969692207,29.0));
#1181=CARTESIAN_POINT('',(-8.4269590164,2.0201407498,13.0));
#1182=CARTESIAN_POINT('',(-7.0853849697,1.4276135159,29.0));
#1183=CARTESIAN_POINT('',(-8.1252854995,1.7574753939,13.0));
#1184=CARTESIAN_POINT('',(-6.7699654425,1.1816246506,29.0));
#1185=CARTESIAN_POINT('',(-7.9648033771,1.6703577241,13.0));
#1186=CARTESIAN_POINT('',(-6.6050124057,1.1033016294,29.0));
#1187=CARTESIAN_POINT('',(-7.6649436834,1.5586251679,13.0));
#1188=CARTESIAN_POINT('',(-6.2995557993,1.0079273059,29.0));
#1189=CARTESIAN_POINT('',(-7.5250259615,1.5331687132,13.0));
#1190=CARTESIAN_POINT('',(-6.1584674149,0.9900648368,29.0));
#1191=CARTESIAN_POINT('',(-7.2756896946,1.514963604,13.0));
#1192=CARTESIAN_POINT('',(-5.9085118268,0.9853527268,29.0));
#1193=CARTESIAN_POINT('',(-7.1335582314,1.5198264393,13.0));
#1194=CARTESIAN_POINT('',(-5.7668504499,0.9978848572,29.0));
#1195=CARTESIAN_POINT('',(-6.8206491155,1.5868181192,13.0));
#1196=CARTESIAN_POINT('',(-5.4580162031,1.0816786993,29.0));
#1197=CARTESIAN_POINT('',(-6.6492147994,1.6497011477,13.0));
#1198=CARTESIAN_POINT('',(-5.290228361,1.1537289598,29.0));
#1199=CARTESIAN_POINT('',(-6.3125874729,1.8657614242,13.0));
#1200=CARTESIAN_POINT('',(-4.9657615827,1.3876548237,29.0));
#1201=CARTESIAN_POINT('',(-6.1480654051,2.0206973902,13.0));
#1202=CARTESIAN_POINT('',(-4.8098475965,1.551250341,29.0));
#1203=CARTESIAN_POINT('',(-5.8969632019,2.4186935846,13.0));
#1204=CARTESIAN_POINT('',(-4.5806073082,1.9622274418,29.0));
#1205=CARTESIAN_POINT('',(-5.8133146808,2.6615168383,13.0));
#1206=CARTESIAN_POINT('',(-4.5101955427,2.2092140627,29.0));
#1207=CARTESIAN_POINT('',(-5.7769044625,3.1601893721,13.0));
#1208=CARTESIAN_POINT('',(-4.5007713228,2.7091252389,29.0));
#1209=CARTESIAN_POINT('',(-5.8243947392,3.4125876313,13.0));
#1210=CARTESIAN_POINT('',(-4.561824088,2.9585902013,29.0));
#1211=CARTESIAN_POINT('',(-6.0150232234,3.8428364758,13.0));
#1212=CARTESIAN_POINT('',(-4.7754116928,3.3779154,29.0));
#1213=CARTESIAN_POINT('',(-6.1552953299,4.0200267704,13.0));
#1214=CARTESIAN_POINT('',(-4.9250489529,3.5472711048,29.0));
#1215=CARTESIAN_POINT('',(-6.4569688467,4.2826921263,13.0));
#1216=CARTESIAN_POINT('',(-5.2404684801,3.7932599701,29.0));
#1217=CARTESIAN_POINT('',(-6.6174509692,4.3698097961,13.0));
#1218=CARTESIAN_POINT('',(-5.4054215169,3.8715829914,29.0));
#1219=CARTESIAN_POINT('',(-6.9173106628,4.4815423523,13.0));
#1220=CARTESIAN_POINT('',(-5.7108781234,3.9669573148,29.0));
#1221=CARTESIAN_POINT('',(-7.0572283848,4.506998807,13.0));
#1222=CARTESIAN_POINT('',(-5.8519665077,3.984819784,29.0));
#1223=CARTESIAN_POINT('',(-7.1818965182,4.5161013616,13.0));
#1224=CARTESIAN_POINT('',(-5.9769443018,3.9871758389,29.0));
#1225=B_SPLINE_SURFACE_WITH_KNOTS('',3,1,((#1157,#1158),(#1159,#1160),(#1161,#1162),(#1163,#1164),(#1165,#1166),(#1167,#1168),(#1169,#1170),(#1171,#1172),(#1173,#1174),(#1175,#1176),(#1177,#1178),
    (#1179,#1180),(#1181,#1182),(#1183,#1184),(#1185,#1186),(#1187,#1188),(#1189,#1190),(#1191,#1192),(#1193,#1194),(#1195,#1196),(#1197,#1198),(#1199,#1200),(#1201,#1202),(#1203,#1204),(#1205,#1206),(#1207,#1208),(#1209,#1210),(#1211,#1212),(#1213,#1214),(#1215,#1216),
    (#1217,#1218),(#1219,#1220),(#1221,#1222),(#1223,#1224)),.UNSPECIFIED.,.T.,.F.,.U.,
 (4,2,2,2,2,2,2,2,2,2,2,2,2,2,2,2,4),(2,2),(0.0,0.0625,0.125,0.1875,0.25,0.3125,0.375,0.4375,0.5,0.5625,
    0.625,0.6875,0.75,0.8125,0.875,0.9375,1.0),(0.0,1.0),.UNSPECIFIED.);
#1226=ADVANCED_FACE('n° 296',(#1156),#1225,.F.);
#1227=CARTESIAN_POINT('',(-4.7444063731,-3.1804779718,27.9096542328));
#1228=VERTEX_POINT('',#1227);
#1229=CARTESIAN_POINT('',(-5.6040598706,-1.105767015,27.9096746653));
#1230=VERTEX_POINT('',#1229);
#1231=CARTESIAN_POINT('',(-4.7444063731,-3.1804779719,27.909654233));
#1232=CARTESIAN_POINT('',(-4.7055657888,-3.10410217,27.9350436112));
#1233=CARTESIAN_POINT('',(-4.6726893371,-3.0233822173,27.9588985389));
#1234=CARTESIAN_POINT('',(-4.6003357151,-2.7898858561,28.0196157701));
#1235=CARTESIAN_POINT('',(-4.5772827872,-2.6284719508,28.0518259293));
#1236=CARTESIAN_POINT('',(-4.5844019227,-2.3074984254,28.0964890911));
#1237=CARTESIAN_POINT('',(-4.6143925874,-2.1463314009,28.1096208217));
#1238=CARTESIAN_POINT('',(-4.7063692429,-1.8991259696,28.1133956566));
#1239=CARTESIAN_POINT('',(-4.7536911417,-1.8043451261,28.1105569208));
#1240=CARTESIAN_POINT('',(-4.9025462361,-1.5709919529,28.0920749493));
#1241=CARTESIAN_POINT('',(-5.0205873769,-1.4433689477,28.0684117503));
#1242=CARTESIAN_POINT('',(-5.291644927,-1.2380023913,28.0022013802));
#1243=CARTESIAN_POINT('',(-5.4471760843,-1.1569479337,27.9593162347));
#1244=CARTESIAN_POINT('',(-5.6040598706,-1.105767015,27.9096746653));
#1245=B_SPLINE_CURVE_WITH_KNOTS('',3,(#1231,#1232,#1233,#1234,#1235,#1236,#1237,#1238,#1239,#1240,
    #1241,#1242,#1243,#1244),.UNSPECIFIED.,.F.,.U.,
 (4,2,2,2,2,2,4),(0.0,0.1020395644,0.2900189556,0.4782661116,0.5997119778,0.8009313145,1.0),.UNSPECIFIED.);
#1246=EDGE_CURVE('n° 893',#1228,#1230,#1245,.T.);
#1247=ORIENTED_EDGE('',*,*,#1246,.T.);
#1248=CARTESIAN_POINT('',(-5.604059868,-1.1057670054,27.909674663));
#1249=CARTESIAN_POINT('',(-5.6052413984,-1.1074418636,27.8756279282));
#1250=CARTESIAN_POINT('',(-5.6064215463,-1.1091202192,27.8415802951));
#1251=CARTESIAN_POINT('',(-5.6525036872,-1.1748732097,26.5104479187));
#1252=CARTESIAN_POINT('',(-5.695353405,-1.2438512109,25.2135893381));
#1253=CARTESIAN_POINT('',(-5.7755153717,-1.3957131425,22.6209299193));
#1254=CARTESIAN_POINT('',(-5.8129538212,-1.4782951227,21.3249785169));
#1255=CARTESIAN_POINT('',(-5.8695147472,-1.641933999,19.0881321875));
#1256=CARTESIAN_POINT('',(-5.8910434362,-1.7168409899,18.1463271988));
#1257=CARTESIAN_POINT('',(-5.9163289618,-1.8564513359,16.6690156261));
#1258=CARTESIAN_POINT('',(-5.9240759005,-1.9113097317,16.1317244453));
#1259=CARTESIAN_POINT('',(-5.9284810891,-2.0154589026,15.2930302029));
#1260=CARTESIAN_POINT('',(-5.9285580177,-2.0567408558,14.9896196508));
#1261=CARTESIAN_POINT('',(-5.9223748424,-2.1357867671,14.5197200519));
#1262=CARTESIAN_POINT('',(-5.9189724426,-2.1670129793,14.350918316));
#1263=CARTESIAN_POINT('',(-5.9084583356,-2.227498235,14.0931596619));
#1264=CARTESIAN_POINT('',(-5.9037439506,-2.251372814,14.0013671457));
#1265=CARTESIAN_POINT('',(-5.8919136402,-2.2984363486,13.8652996191));
#1266=CARTESIAN_POINT('',(-5.8868428685,-2.3172053155,13.8172772592));
#1267=CARTESIAN_POINT('',(-5.8761383613,-2.3510854824,13.7580650121));
#1268=CARTESIAN_POINT('',(-5.8725471059,-2.3619681682,13.7417527258));
#1269=CARTESIAN_POINT('',(-5.8653284067,-2.3823823131,13.7196924615));
#1270=CARTESIAN_POINT('',(-5.8620897647,-2.3912196578,13.7121554725));
#1271=CARTESIAN_POINT('',(-5.8556761949,-2.407893587,13.7033007533));
#1272=CARTESIAN_POINT('',(-5.8525857706,-2.4156666337,13.700953207));
#1273=CARTESIAN_POINT('',(-5.8462371523,-2.4310596034,13.7003507232));
#1274=CARTESIAN_POINT('',(-5.8429062675,-2.4388526394,13.7021117862));
#1275=CARTESIAN_POINT('',(-5.8355722487,-2.4554744785,13.7099268048));
#1276=CARTESIAN_POINT('',(-5.831540896,-2.4642202873,13.7170879864));
#1277=CARTESIAN_POINT('',(-5.8211496146,-2.4860758469,13.7405818995));
#1278=CARTESIAN_POINT('',(-5.8151829748,-2.4978286892,13.7599027057));
#1279=CARTESIAN_POINT('',(-5.7917581013,-2.5423720431,13.8474153045));
#1280=CARTESIAN_POINT('',(-5.7781445973,-2.5643311475,13.9269172942));
#1281=CARTESIAN_POINT('',(-5.7361413229,-2.6293713816,14.1916120293));
#1282=CARTESIAN_POINT('',(-5.7130521901,-2.6582921503,14.38677906));
#1283=CARTESIAN_POINT('',(-5.6693314556,-2.7107675239,14.7755179451));
#1284=CARTESIAN_POINT('',(-5.6492342531,-2.7325224077,14.9718949014));
#1285=CARTESIAN_POINT('',(-5.5920196955,-2.7908751756,15.5580217591));
#1286=CARTESIAN_POINT('',(-5.5573697667,-2.8212153692,15.9507587937));
#1287=CARTESIAN_POINT('',(-5.4911650941,-2.8746751629,16.7356629978));
#1288=CARTESIAN_POINT('',(-5.4596698587,-2.8975135206,17.1288502504));
#1289=CARTESIAN_POINT('',(-5.3680776543,-2.959050893,18.3092902346));
#1290=CARTESIAN_POINT('',(-5.3107842879,-2.9909021312,19.0980974901));
#1291=CARTESIAN_POINT('',(-5.1450715311,-3.0713555464,21.461469043));
#1292=CARTESIAN_POINT('',(-5.0427369564,-3.1071377496,23.0382408422));
#1293=CARTESIAN_POINT('',(-4.8757257281,-3.1538269091,25.713211749));
#1294=CARTESIAN_POINT('',(-4.8092621688,-3.1686834184,26.8113412815));
#1295=CARTESIAN_POINT('',(-4.744406373,-3.1804779718,27.9096542328));
#1296=B_SPLINE_CURVE_WITH_KNOTS('',3,(#1248,#1249,#1250,#1251,#1252,#1253,#1254,#1255,#1256,#1257,
    #1258,#1259,#1260,#1261,#1262,#1263,#1264,#1265,#1266,#1267,
    #1268,#1269,#1270,#1271,#1272,#1273,#1274,#1275,#1276,#1277,
    #1278,#1279,#1280,#1281,#1282,#1283,#1284,#1285,#1286,#1287,
    #1288,#1289,#1290,#1291,#1292,#1293,#1294,#1295),.UNSPECIFIED.,.F.,.U.,
 (4,2,2,2,2,2,2,2,2,2,2,2,2,2,2,2,2,2,2,2,
  2,2,2,4),
 (0.0,0.0035539662,0.1389516732,0.2743527194,0.3729042585,0.4293110671,0.4613650261,0.4794187656,0.4894891403,0.4950746086,0.4973565475,0.498838323,0.4999856075,0.5011357635,0.5026222167,0.5052789179,0.514090971,0.5348631638,0.5556353567,0.5968875068,
  0.638139657,0.7206439574,0.8853567968,1.0),.UNSPECIFIED.);
#1297=EDGE_CURVE('n° 897',#1230,#1228,#1296,.T.);
#1298=ORIENTED_EDGE('',*,*,#1297,.T.);
#1299=EDGE_LOOP('',(#1247,#1298));
#1300=FACE_OUTER_BOUND('',#1299,.T.);
#1301=CARTESIAN_POINT('',(-8.2717336271,-1.8850018325,13.0));
#1302=CARTESIAN_POINT('',(-7.04569692,-1.406978773,29.0));
#1303=CARTESIAN_POINT('',(-8.3663237878,-1.966719037,13.0));
#1304=CARTESIAN_POINT('',(-7.1357355482,-1.4936854363,29.0));
#1305=CARTESIAN_POINT('',(-8.4633873654,-2.0706597023,13.0));
#1306=CARTESIAN_POINT('',(-7.227043714,-1.6027167109,29.0));
#1307=CARTESIAN_POINT('',(-8.637277252,-2.3392901312,13.0));
#1308=CARTESIAN_POINT('',(-7.3861713103,-1.8803466951,29.0));
#1309=CARTESIAN_POINT('',(-8.7140346036,-2.5049775145,13.0));
#1310=CARTESIAN_POINT('',(-7.4538680034,-2.0499378438,29.0));
#1311=CARTESIAN_POINT('',(-8.7992883822,-2.8957866664,13.0));
#1312=CARTESIAN_POINT('',(-7.517890098,-2.4447810677,29.0));
#1313=CARTESIAN_POINT('',(-8.8060667798,-3.1216776084,13.0));
#1314=CARTESIAN_POINT('',(-7.5124584352,-2.6707084042,29.0));
#1315=CARTESIAN_POINT('',(-8.7021970425,-3.580659487,13.0));
#1316=CARTESIAN_POINT('',(-7.3839511027,-3.1234104615,29.0));
#1317=CARTESIAN_POINT('',(-8.5896435097,-3.8115098928,13.0));
#1318=CARTESIAN_POINT('',(-7.2590938251,-3.3478450129,29.0));
#1319=CARTESIAN_POINT('',(-8.2627746917,-4.1898705354,13.0));
#1320=CARTESIAN_POINT('',(-6.9122671722,-3.7079995253,29.0));
#1321=CARTESIAN_POINT('',(-8.0507214744,-4.3347623593,13.0));
#1322=CARTESIAN_POINT('',(-6.6926979813,-3.8412270676,29.0));
#1323=CARTESIAN_POINT('',(-7.611694905,-4.504199541,13.0));
#1324=CARTESIAN_POINT('',(-6.2451610461,-3.9867055154,29.0));
#1325=CARTESIAN_POINT('',(-7.3872150884,-4.5303046421,13.0));
#1326=CARTESIAN_POINT('',(-6.0195989574,-4.0006485614,29.0));
#1327=CARTESIAN_POINT('',(-6.9881672446,-4.502721707,13.0));
#1328=CARTESIAN_POINT('',(-5.6226232761,-3.9515536695,29.0));
#1329=CARTESIAN_POINT('',(-6.8130877525,-4.450845205,13.0));
#1330=CARTESIAN_POINT('',(-5.4506011257,-3.8902969981,29.0));
#1331=CARTESIAN_POINT('',(-6.5220480815,-4.3178192304,13.0));
#1332=CARTESIAN_POINT('',(-5.1671708571,-3.7417463912,29.0));
#1333=CARTESIAN_POINT('',(-6.4051108798,-4.2368828922,13.0));
#1334=CARTESIAN_POINT('',(-5.0547756307,-3.6546125109,29.0));
#1335=CARTESIAN_POINT('',(-6.2159305585,-4.0734484832,13.0));
#1336=CARTESIAN_POINT('',(-4.8746983745,-3.4811991845,29.0));
#1337=CARTESIAN_POINT('',(-6.1188669809,-3.9695078179,13.0));
#1338=CARTESIAN_POINT('',(-4.7833902086,-3.3721679099,29.0));
#1339=CARTESIAN_POINT('',(-5.9449770943,-3.700877389,13.0));
#1340=CARTESIAN_POINT('',(-4.6242626124,-3.0945379257,29.0));
#1341=CARTESIAN_POINT('',(-5.8682197427,-3.5351900057,13.0));
#1342=CARTESIAN_POINT('',(-4.5565659192,-2.9249467769,29.0));
#1343=CARTESIAN_POINT('',(-5.7829659641,-3.1443808538,13.0));
#1344=CARTESIAN_POINT('',(-4.4925438247,-2.5301035531,29.0));
#1345=CARTESIAN_POINT('',(-5.7761875665,-2.9184899118,13.0));
#1346=CARTESIAN_POINT('',(-4.4979754874,-2.3041762165,29.0));
#1347=CARTESIAN_POINT('',(-5.8800573038,-2.4595080332,13.0));
#1348=CARTESIAN_POINT('',(-4.62648282,-1.8514741592,29.0));
#1349=CARTESIAN_POINT('',(-5.9926108365,-2.2286576274,13.0));
#1350=CARTESIAN_POINT('',(-4.7513400975,-1.6270396079,29.0));
#1351=CARTESIAN_POINT('',(-6.3194796545,-1.8502969848,13.0));
#1352=CARTESIAN_POINT('',(-5.0981667504,-1.2668850954,29.0));
#1353=CARTESIAN_POINT('',(-6.5315328718,-1.7054051609,13.0));
#1354=CARTESIAN_POINT('',(-5.3177359413,-1.1336575531,29.0));
#1355=CARTESIAN_POINT('',(-6.9705594413,-1.5359679792,13.0));
#1356=CARTESIAN_POINT('',(-5.7652728766,-0.9881791053,29.0));
#1357=CARTESIAN_POINT('',(-7.1950392578,-1.5098628781,13.0));
#1358=CARTESIAN_POINT('',(-5.9908349652,-0.9742360593,29.0));
#1359=CARTESIAN_POINT('',(-7.5940871017,-1.5374458132,13.0));
#1360=CARTESIAN_POINT('',(-6.3878106466,-1.0233309512,29.0));
#1361=CARTESIAN_POINT('',(-7.7691665938,-1.5893223152,13.0));
#1362=CARTESIAN_POINT('',(-6.5598327969,-1.0845876226,29.0));
#1363=CARTESIAN_POINT('',(-8.0602062647,-1.7223482898,13.0));
#1364=CARTESIAN_POINT('',(-6.8432630656,-1.2331382296,29.0));
#1365=CARTESIAN_POINT('',(-8.1771434665,-1.803284628,13.0));
#1366=CARTESIAN_POINT('',(-6.9556582919,-1.3202721098,29.0));
#1367=CARTESIAN_POINT('',(-8.2717336271,-1.8850018325,13.0));
#1368=CARTESIAN_POINT('',(-7.04569692,-1.406978773,29.0));
#1369=B_SPLINE_SURFACE_WITH_KNOTS('',3,1,((#1301,#1302),(#1303,#1304),(#1305,#1306),(#1307,#1308),(#1309,#1310),(#1311,#1312),(#1313,#1314),(#1315,#1316),(#1317,#1318),(#1319,#1320),(#1321,#1322),
    (#1323,#1324),(#1325,#1326),(#1327,#1328),(#1329,#1330),(#1331,#1332),(#1333,#1334),(#1335,#1336),(#1337,#1338),(#1339,#1340),(#1341,#1342),(#1343,#1344),(#1345,#1346),(#1347,#1348),(#1349,#1350),(#1351,#1352),(#1353,#1354),(#1355,#1356),(#1357,#1358),(#1359,#1360),
    (#1361,#1362),(#1363,#1364),(#1365,#1366),(#1367,#1368)),.UNSPECIFIED.,.T.,.F.,.U.,
 (4,2,2,2,2,2,2,2,2,2,2,2,2,2,2,2,4),(2,2),(0.0,0.0625,0.125,0.1875,0.25,0.3125,0.375,0.4375,0.5,0.5625,
    0.625,0.6875,0.75,0.8125,0.875,0.9375,1.0),(0.0,1.0),.UNSPECIFIED.);
#1370=ADVANCED_FACE('n° 357',(#1300),#1369,.F.);
#1371=CARTESIAN_POINT('',(-1.1058643778,-5.6037394604,27.9096542328));
#1372=VERTEX_POINT('',#1371);
#1373=CARTESIAN_POINT('',(-3.180773382,-4.7445640914,27.9096746653));
#1374=VERTEX_POINT('',#1373);
#1375=CARTESIAN_POINT('',(-1.1058643762,-5.6037394599,27.909654233));
#1376=CARTESIAN_POINT('',(-1.1439361321,-5.4868761403,27.9460734858));
#1377=CARTESIAN_POINT('',(-1.1968360188,-5.3730172522,27.9791504678));
#1378=CARTESIAN_POINT('',(-1.3540880838,-5.1222060704,28.0456227676));
#1379=CARTESIAN_POINT('',(-1.4738680768,-4.9896055552,28.0752117927));
#1380=CARTESIAN_POINT('',(-1.6978273102,-4.8163198925,28.1038170096));
#1381=CARTESIAN_POINT('',(-1.7915646299,-4.7593268477,28.1103508302));
#1382=CARTESIAN_POINT('',(-2.0363896619,-4.6472811605,28.1142041573));
#1383=CARTESIAN_POINT('',(-2.1978771759,-4.6035623671,28.1061007644));
#1384=CARTESIAN_POINT('',(-2.5153132539,-4.5714264053,28.070562368));
#1385=CARTESIAN_POINT('',(-2.6768269199,-4.5827995741,28.042352742));
#1386=CARTESIAN_POINT('',(-2.9538423328,-4.6465542416,27.9789358824));
#1387=CARTESIAN_POINT('',(-3.0726914103,-4.6896553339,27.9461429508));
#1388=CARTESIAN_POINT('',(-3.1807733823,-4.7445640911,27.9096746653));
#1389=B_SPLINE_CURVE_WITH_KNOTS('',3,(#1375,#1376,#1377,#1378,#1379,#1380,#1381,#1382,#1383,#1384,
    #1385,#1386,#1387,#1388),.UNSPECIFIED.,.F.,.U.,
 (4,2,2,2,2,2,4),(0.0,0.1463322919,0.3499981592,0.4783226063,0.6660526325,0.8537939303,1.0),.UNSPECIFIED.);
#1390=EDGE_CURVE('n° 907',#1372,#1374,#1389,.T.);
#1391=ORIENTED_EDGE('',*,*,#1390,.T.);
#1392=CARTESIAN_POINT('',(-3.1807733869,-4.7445640828,27.909674663));
#1393=CARTESIAN_POINT('',(-3.1804245515,-4.7465838545,27.8756279283));
#1394=CARTESIAN_POINT('',(-3.1800722654,-4.7486051217,27.8415802953));
#1395=CARTESIAN_POINT('',(-3.1661628743,-4.8276845015,26.510447919));
#1396=CARTESIAN_POINT('',(-3.1476873879,-4.9067586399,25.2135893383));
#1397=CARTESIAN_POINT('',(-3.0969878565,-5.0708243118,22.6209299196));
#1398=CARTESIAN_POINT('',(-3.0650665598,-5.1556915716,21.3249785172));
#1399=CARTESIAN_POINT('',(-2.989351015,-5.311396345,19.0881321877));
#1400=CARTESIAN_POINT('',(-2.9516068559,-5.3795866682,18.146327199));
#1401=CARTESIAN_POINT('',(-2.870767,-5.4961856572,16.6690156262));
#1402=CARTESIAN_POINT('',(-2.8374541693,-5.5404543137,16.1317244454));
#1403=CARTESIAN_POINT('',(-2.766924523,-5.6172138375,15.2930302029));
#1404=CARTESIAN_POINT('',(-2.7377881707,-5.6464589832,14.9896196508));
#1405=CARTESIAN_POINT('',(-2.6775221056,-5.697980718,14.5197200519));
#1406=CARTESIAN_POINT('',(-2.6530359792,-5.7176551244,14.350918316));
#1407=CARTESIAN_POINT('',(-2.6028318484,-5.7529900625,14.0931596619));
#1408=CARTESIAN_POINT('',(-2.5826163981,-5.7665383656,14.0013671457));
#1409=CARTESIAN_POINT('',(-2.5409721609,-5.7914520174,13.8652996191));
#1410=CARTESIAN_POINT('',(-2.5241149201,-5.8011381041,13.8172772592));
#1411=CARTESIAN_POINT('',(-2.4925887947,-5.8175257702,13.7580650121));
#1412=CARTESIAN_POINT('',(-2.4823541727,-5.8226815901,13.7417527258));
#1413=CARTESIAN_POINT('',(-2.4628148013,-5.8320121793,13.7196924615));
#1414=CARTESIAN_POINT('',(-2.4542757892,-5.8359710599,13.7121554725));
#1415=CARTESIAN_POINT('',(-2.4379504621,-5.8432262296,13.7033007533));
#1416=CARTESIAN_POINT('',(-2.4302688281,-5.8465373436,13.700953207));
#1417=CARTESIAN_POINT('',(-2.4148952038,-5.8529326658,13.7003507232));
#1418=CARTESIAN_POINT('',(-2.4070294039,-5.8560878832,13.7021117862));
#1419=CARTESIAN_POINT('',(-2.3900900543,-5.8626553639,13.7099268048));
#1420=CARTESIAN_POINT('',(-2.3810552368,-5.8659889878,13.7170879864));
#1421=CARTESIAN_POINT('',(-2.3582532769,-5.8740954567,13.7405818995));
#1422=CARTESIAN_POINT('',(-2.345723711,-5.8781869197,13.7599027057));
#1423=CARTESIAN_POINT('',(-2.2976629164,-5.8931199404,13.8474153045));
#1424=CARTESIAN_POINT('',(-2.2725092838,-5.8990211711,13.9269172942));
#1425=CARTESIAN_POINT('',(-2.1968180931,-5.9153107615,14.1916120293));
#1426=CARTESIAN_POINT('',(-2.1600415391,-5.9194343507,14.3867790599));
#1427=CARTESIAN_POINT('',(-2.0920206187,-5.9256248154,14.7755179451));
#1428=CARTESIAN_POINT('',(-2.0624267246,-5.926796973,14.9718949014));
#1429=CARTESIAN_POINT('',(-1.9807082851,-5.9276018094,15.5580217591));
#1430=CARTESIAN_POINT('',(-1.9347533288,-5.9245543663,15.9507587936));
#1431=CARTESIAN_POINT('',(-1.8501377732,-5.9155423761,16.7356629978));
#1432=CARTESIAN_POINT('',(-1.8117181212,-5.9094210391,17.1288502504));
#1433=CARTESIAN_POINT('',(-1.703439159,-5.8881690636,18.3092902346));
#1434=CARTESIAN_POINT('',(-1.6404044046,-5.8701787622,19.0980974901));
#1435=CARTESIAN_POINT('',(-1.466338635,-5.8098913036,21.4614690429));
#1436=CARTESIAN_POINT('',(-1.3686753248,-5.7628316704,23.0382408421));
#1437=CARTESIAN_POINT('',(-1.2175663314,-5.6777511197,25.7132117489));
#1438=CARTESIAN_POINT('',(-1.1600643595,-5.6412594246,26.8113412815));
#1439=CARTESIAN_POINT('',(-1.1058643778,-5.6037394604,27.9096542328));
#1440=B_SPLINE_CURVE_WITH_KNOTS('',3,(#1392,#1393,#1394,#1395,#1396,#1397,#1398,#1399,#1400,#1401,
    #1402,#1403,#1404,#1405,#1406,#1407,#1408,#1409,#1410,#1411,
    #1412,#1413,#1414,#1415,#1416,#1417,#1418,#1419,#1420,#1421,
    #1422,#1423,#1424,#1425,#1426,#1427,#1428,#1429,#1430,#1431,
    #1432,#1433,#1434,#1435,#1436,#1437,#1438,#1439),.UNSPECIFIED.,.F.,.U.,
 (4,2,2,2,2,2,2,2,2,2,2,2,2,2,2,2,2,2,2,2,
  2,2,2,4),
 (0.0,0.0035539662,0.1389516732,0.2743527194,0.3729042585,0.4293110671,0.4613650261,0.4794187656,0.4894891403,0.4950746086,0.4973565475,0.498838323,0.4999856075,0.5011357635,0.5026222167,0.5052789179,0.514090971,0.5348631638,0.5556353567,0.5968875068,
  0.638139657,0.7206439574,0.8853567968,1.0),.UNSPECIFIED.);
#1441=EDGE_CURVE('n° 911',#1374,#1372,#1440,.T.);
#1442=ORIENTED_EDGE('',*,*,#1441,.T.);
#1443=EDGE_LOOP('',(#1391,#1442));
#1444=FACE_OUTER_BOUND('',#1443,.T.);
#1445=CARTESIAN_POINT('',(-4.5161013616,-7.1818965182,13.0));
#1446=CARTESIAN_POINT('',(-3.9871758389,-5.9769443018,29.0));
#1447=CARTESIAN_POINT('',(-4.5252039162,-7.3065646517,13.0));
#1448=CARTESIAN_POINT('',(-3.9895318939,-6.1019220958,29.0));
#1449=CARTESIAN_POINT('',(-4.5203410809,-7.4486961149,13.0));
#1450=CARTESIAN_POINT('',(-3.9769997635,-6.2435834727,29.0));
#1451=CARTESIAN_POINT('',(-4.453349401,-7.7616052308,13.0));
#1452=CARTESIAN_POINT('',(-3.8932059214,-6.5524177196,29.0));
#1453=CARTESIAN_POINT('',(-4.3904663725,-7.9330395469,13.0));
#1454=CARTESIAN_POINT('',(-3.8211556609,-6.7202055617,29.0));
#1455=CARTESIAN_POINT('',(-4.174406096,-8.2696668733,13.0));
#1456=CARTESIAN_POINT('',(-3.587229797,-7.04467234,29.0));
#1457=CARTESIAN_POINT('',(-4.01947013,-8.4341889412,13.0));
#1458=CARTESIAN_POINT('',(-3.4236342797,-7.2005863261,29.0));
#1459=CARTESIAN_POINT('',(-3.6214739356,-8.6852911443,13.0));
#1460=CARTESIAN_POINT('',(-3.0126571789,-7.4298266144,29.0));
#1461=CARTESIAN_POINT('',(-3.3786506819,-8.7689396655,13.0));
#1462=CARTESIAN_POINT('',(-2.765670558,-7.50023838,29.0));
#1463=CARTESIAN_POINT('',(-2.8799781481,-8.8053498838,13.0));
#1464=CARTESIAN_POINT('',(-2.2657593819,-7.5096625998,29.0));
#1465=CARTESIAN_POINT('',(-2.6275798889,-8.7578596071,13.0));
#1466=CARTESIAN_POINT('',(-2.0162944194,-7.4486098346,29.0));
#1467=CARTESIAN_POINT('',(-2.1973310444,-8.5672311229,13.0));
#1468=CARTESIAN_POINT('',(-1.5969692207,-7.2350222298,29.0));
#1469=CARTESIAN_POINT('',(-2.0201407498,-8.4269590164,13.0));
#1470=CARTESIAN_POINT('',(-1.4276135159,-7.0853849697,29.0));
#1471=CARTESIAN_POINT('',(-1.7574753939,-8.1252854995,13.0));
#1472=CARTESIAN_POINT('',(-1.1816246506,-6.7699654425,29.0));
#1473=CARTESIAN_POINT('',(-1.6703577241,-7.9648033771,13.0));
#1474=CARTESIAN_POINT('',(-1.1033016294,-6.6050124057,29.0));
#1475=CARTESIAN_POINT('',(-1.5586251679,-7.6649436834,13.0));
#1476=CARTESIAN_POINT('',(-1.0079273059,-6.2995557993,29.0));
#1477=CARTESIAN_POINT('',(-1.5331687132,-7.5250259615,13.0));
#1478=CARTESIAN_POINT('',(-0.9900648368,-6.1584674149,29.0));
#1479=CARTESIAN_POINT('',(-1.514963604,-7.2756896946,13.0));
#1480=CARTESIAN_POINT('',(-0.9853527268,-5.9085118268,29.0));
#1481=CARTESIAN_POINT('',(-1.5198264393,-7.1335582314,13.0));
#1482=CARTESIAN_POINT('',(-0.9978848572,-5.7668504499,29.0));
#1483=CARTESIAN_POINT('',(-1.5868181192,-6.8206491155,13.0));
#1484=CARTESIAN_POINT('',(-1.0816786993,-5.4580162031,29.0));
#1485=CARTESIAN_POINT('',(-1.6497011477,-6.6492147994,13.0));
#1486=CARTESIAN_POINT('',(-1.1537289598,-5.290228361,29.0));
#1487=CARTESIAN_POINT('',(-1.8657614242,-6.3125874729,13.0));
#1488=CARTESIAN_POINT('',(-1.3876548237,-4.9657615827,29.0));
#1489=CARTESIAN_POINT('',(-2.0206973902,-6.1480654051,13.0));
#1490=CARTESIAN_POINT('',(-1.551250341,-4.8098475965,29.0));
#1491=CARTESIAN_POINT('',(-2.4186935846,-5.8969632019,13.0));
#1492=CARTESIAN_POINT('',(-1.9622274418,-4.5806073082,29.0));
#1493=CARTESIAN_POINT('',(-2.6615168383,-5.8133146808,13.0));
#1494=CARTESIAN_POINT('',(-2.2092140627,-4.5101955427,29.0));
#1495=CARTESIAN_POINT('',(-3.1601893721,-5.7769044625,13.0));
#1496=CARTESIAN_POINT('',(-2.7091252389,-4.5007713228,29.0));
#1497=CARTESIAN_POINT('',(-3.4125876313,-5.8243947392,13.0));
#1498=CARTESIAN_POINT('',(-2.9585902013,-4.561824088,29.0));
#1499=CARTESIAN_POINT('',(-3.8428364758,-6.0150232234,13.0));
#1500=CARTESIAN_POINT('',(-3.3779154,-4.7754116928,29.0));
#1501=CARTESIAN_POINT('',(-4.0200267704,-6.1552953299,13.0));
#1502=CARTESIAN_POINT('',(-3.5472711048,-4.9250489529,29.0));
#1503=CARTESIAN_POINT('',(-4.2826921263,-6.4569688467,13.0));
#1504=CARTESIAN_POINT('',(-3.7932599701,-5.2404684801,29.0));
#1505=CARTESIAN_POINT('',(-4.3698097961,-6.6174509692,13.0));
#1506=CARTESIAN_POINT('',(-3.8715829914,-5.4054215169,29.0));
#1507=CARTESIAN_POINT('',(-4.4815423523,-6.9173106628,13.0));
#1508=CARTESIAN_POINT('',(-3.9669573148,-5.7108781234,29.0));
#1509=CARTESIAN_POINT('',(-4.506998807,-7.0572283848,13.0));
#1510=CARTESIAN_POINT('',(-3.984819784,-5.8519665077,29.0));
#1511=CARTESIAN_POINT('',(-4.5161013616,-7.1818965182,13.0));
#1512=CARTESIAN_POINT('',(-3.9871758389,-5.9769443018,29.0));
#1513=B_SPLINE_SURFACE_WITH_KNOTS('',3,1,((#1445,#1446),(#1447,#1448),(#1449,#1450),(#1451,#1452),(#1453,#1454),(#1455,#1456),(#1457,#1458),(#1459,#1460),(#1461,#1462),(#1463,#1464),(#1465,#1466),
    (#1467,#1468),(#1469,#1470),(#1471,#1472),(#1473,#1474),(#1475,#1476),(#1477,#1478),(#1479,#1480),(#1481,#1482),(#1483,#1484),(#1485,#1486),(#1487,#1488),(#1489,#1490),(#1491,#1492),(#1493,#1494),(#1495,#1496),(#1497,#1498),(#1499,#1500),(#1501,#1502),(#1503,#1504),
    (#1505,#1506),(#1507,#1508),(#1509,#1510),(#1511,#1512)),.UNSPECIFIED.,.T.,.F.,.U.,
 (4,2,2,2,2,2,2,2,2,2,2,2,2,2,2,2,4),(2,2),(0.0,0.0625,0.125,0.1875,0.25,0.3125,0.375,0.4375,0.5,0.5625,
    0.625,0.6875,0.75,0.8125,0.875,0.9375,1.0),(0.0,1.0),.UNSPECIFIED.);
#1514=ADVANCED_FACE('n° 418',(#1444),#1513,.F.);
#1515=CARTESIAN_POINT('',(3.1804779718,-4.7444063731,27.9096542328));
#1516=VERTEX_POINT('',#1515);
#1517=CARTESIAN_POINT('',(1.105767015,-5.6040598706,27.9096746653));
#1518=VERTEX_POINT('',#1517);
#1519=CARTESIAN_POINT('',(3.1804779719,-4.7444063731,27.909654233));
#1520=CARTESIAN_POINT('',(3.10410217,-4.7055657888,27.9350436112));
#1521=CARTESIAN_POINT('',(3.0233822008,-4.6726893352,27.9588985375));
#1522=CARTESIAN_POINT('',(2.7898858421,-4.6003357057,28.0196157702));
#1523=CARTESIAN_POINT('',(2.6284719503,-4.5772827873,28.0518259292));
#1524=CARTESIAN_POINT('',(2.307498425,-4.5844019226,28.0964890912));
#1525=CARTESIAN_POINT('',(2.1463314009,-4.6143925874,28.1096208217));
#1526=CARTESIAN_POINT('',(1.8991259696,-4.7063692429,28.1133956566));
#1527=CARTESIAN_POINT('',(1.8043451131,-4.7536911544,28.11055692));
#1528=CARTESIAN_POINT('',(1.570991934,-4.9025462405,28.0920749513));
#1529=CARTESIAN_POINT('',(1.4433688698,-5.020587599,28.0684117429));
#1530=CARTESIAN_POINT('',(1.2380021982,-5.2916450509,28.0022014062));
#1531=CARTESIAN_POINT('',(1.1569479337,-5.4471760843,27.9593162347));
#1532=CARTESIAN_POINT('',(1.105767015,-5.6040598706,27.9096746653));
#1533=B_SPLINE_CURVE_WITH_KNOTS('',3,(#1519,#1520,#1521,#1522,#1523,#1524,#1525,#1526,#1527,#1528,
    #1529,#1530,#1531,#1532),.UNSPECIFIED.,.F.,.U.,
 (4,2,2,2,2,2,4),(0.0,0.1020395644,0.2900189556,0.4782661116,0.5997119778,0.8009313145,1.0),.UNSPECIFIED.);
#1534=EDGE_CURVE('n° 921',#1516,#1518,#1533,.T.);
#1535=ORIENTED_EDGE('',*,*,#1534,.T.);
#1536=CARTESIAN_POINT('',(1.1057670054,-5.604059868,27.909674663));
#1537=CARTESIAN_POINT('',(1.1074418636,-5.6052413984,27.8756279282));
#1538=CARTESIAN_POINT('',(1.1091202253,-5.6064215293,27.8415802939));
#1539=CARTESIAN_POINT('',(1.1748732131,-5.6525036709,26.5104479173));
#1540=CARTESIAN_POINT('',(1.2438512645,-5.6953533272,25.2135893344));
#1541=CARTESIAN_POINT('',(1.3957131659,-5.7755153002,22.6209299134));
#1542=CARTESIAN_POINT('',(1.4782951996,-5.8129537428,21.3249785152));
#1543=CARTESIAN_POINT('',(1.6419340361,-5.8695146768,19.0881321815));
#1544=CARTESIAN_POINT('',(1.7168409696,-5.8910434523,18.1463271985));
#1545=CARTESIAN_POINT('',(1.8564513251,-5.9163289756,16.6690156273));
#1546=CARTESIAN_POINT('',(1.9113097352,-5.9240758981,16.1317244454));
#1547=CARTESIAN_POINT('',(2.0154589046,-5.9284810872,15.2930302027));
#1548=CARTESIAN_POINT('',(2.0567408682,-5.9285580103,14.9896196516));
#1549=CARTESIAN_POINT('',(2.135786774,-5.9223748369,14.5197200511));
#1550=CARTESIAN_POINT('',(2.1670129826,-5.9189724408,14.3509183164));
#1551=CARTESIAN_POINT('',(2.2274982369,-5.9084583343,14.0931596616));
#1552=CARTESIAN_POINT('',(2.251372815,-5.9037439501,14.0013671459));
#1553=CARTESIAN_POINT('',(2.2984363492,-5.8919136399,13.865299619));
#1554=CARTESIAN_POINT('',(2.3172053159,-5.8868428683,13.8172772593));
#1555=CARTESIAN_POINT('',(2.3510854827,-5.8761383612,13.758065012));
#1556=CARTESIAN_POINT('',(2.3619681682,-5.8725471059,13.7417527258));
#1557=CARTESIAN_POINT('',(2.3823823131,-5.8653284067,13.7196924615));
#1558=CARTESIAN_POINT('',(2.3912196578,-5.8620897647,13.7121554725));
#1559=CARTESIAN_POINT('',(2.407893587,-5.8556761949,13.7033007533));
#1560=CARTESIAN_POINT('',(2.4156666337,-5.8525857706,13.700953207));
#1561=CARTESIAN_POINT('',(2.4310596034,-5.8462371523,13.7003507232));
#1562=CARTESIAN_POINT('',(2.4388526394,-5.8429062675,13.7021117862));
#1563=CARTESIAN_POINT('',(2.4554744785,-5.8355722487,13.7099268048));
#1564=CARTESIAN_POINT('',(2.4642202873,-5.831540896,13.7170879864));
#1565=CARTESIAN_POINT('',(2.4860758469,-5.8211496146,13.7405818996));
#1566=CARTESIAN_POINT('',(2.497828689,-5.8151829749,13.7599027057));
#1567=CARTESIAN_POINT('',(2.5423720427,-5.7917581014,13.8474153047));
#1568=CARTESIAN_POINT('',(2.5643309792,-5.7781446365,13.9269172617));
#1569=CARTESIAN_POINT('',(2.629371029,-5.736141442,14.1916120977));
#1570=CARTESIAN_POINT('',(2.6582921503,-5.7130521901,14.38677906));
#1571=CARTESIAN_POINT('',(2.7107675239,-5.6693314556,14.7755179451));
#1572=CARTESIAN_POINT('',(2.7325224076,-5.6492342531,14.9718949014));
#1573=CARTESIAN_POINT('',(2.7908751755,-5.5920196956,15.5580217592));
#1574=CARTESIAN_POINT('',(2.8212153692,-5.5573697667,15.9507587937));
#1575=CARTESIAN_POINT('',(2.8746751629,-5.4911650941,16.7356629978));
#1576=CARTESIAN_POINT('',(2.8975135206,-5.4596698587,17.1288502504));
#1577=CARTESIAN_POINT('',(2.959050893,-5.3680776543,18.3092902346));
#1578=CARTESIAN_POINT('',(2.9909021315,-5.310784288,19.0980974902));
#1579=CARTESIAN_POINT('',(3.0713555469,-5.145071531,21.461469043));
#1580=CARTESIAN_POINT('',(3.1071377497,-5.0427369564,23.0382408422));
#1581=CARTESIAN_POINT('',(3.1538269093,-4.8757257281,25.713211749));
#1582=CARTESIAN_POINT('',(3.1686834184,-4.8092621688,26.8113412815));
#1583=CARTESIAN_POINT('',(3.1804779718,-4.744406373,27.9096542328));
#1584=B_SPLINE_CURVE_WITH_KNOTS('',3,(#1536,#1537,#1538,#1539,#1540,#1541,#1542,#1543,#1544,#1545,
    #1546,#1547,#1548,#1549,#1550,#1551,#1552,#1553,#1554,#1555,
    #1556,#1557,#1558,#1559,#1560,#1561,#1562,#1563,#1564,#1565,
    #1566,#1567,#1568,#1569,#1570,#1571,#1572,#1573,#1574,#1575,
    #1576,#1577,#1578,#1579,#1580,#1581,#1582,#1583),.UNSPECIFIED.,.F.,.U.,
 (4,2,2,2,2,2,2,2,2,2,2,2,2,2,2,2,2,2,2,2,
  2,2,2,4),
 (0.0,0.0035539662,0.1389516732,0.2743527194,0.3729042585,0.4293110671,0.4613650261,0.4794187656,0.4894891403,0.4950746086,0.4973565475,0.498838323,0.4999856075,0.5011357635,0.5026222167,0.5052789179,0.514090971,0.5348631638,0.5556353567,0.5968875068,
  0.638139657,0.7206439574,0.8853567968,1.0),.UNSPECIFIED.);
#1585=EDGE_CURVE('n° 925',#1518,#1516,#1584,.T.);
#1586=ORIENTED_EDGE('',*,*,#1585,.T.);
#1587=EDGE_LOOP('',(#1535,#1586));
#1588=FACE_OUTER_BOUND('',#1587,.T.);
#1589=CARTESIAN_POINT('',(1.8850018325,-8.2717336271,13.0));
#1590=CARTESIAN_POINT('',(1.406978773,-7.04569692,29.0));
#1591=CARTESIAN_POINT('',(1.966719037,-8.3663237878,13.0));
#1592=CARTESIAN_POINT('',(1.4936854363,-7.1357355482,29.0));
#1593=CARTESIAN_POINT('',(2.0706597023,-8.4633873654,13.0));
#1594=CARTESIAN_POINT('',(1.6027167109,-7.227043714,29.0));
#1595=CARTESIAN_POINT('',(2.3392901312,-8.637277252,13.0));
#1596=CARTESIAN_POINT('',(1.8803466951,-7.3861713103,29.0));
#1597=CARTESIAN_POINT('',(2.5049775145,-8.7140346036,13.0));
#1598=CARTESIAN_POINT('',(2.0499378438,-7.4538680034,29.0));
#1599=CARTESIAN_POINT('',(2.8957866664,-8.7992883822,13.0));
#1600=CARTESIAN_POINT('',(2.4447810677,-7.517890098,29.0));
#1601=CARTESIAN_POINT('',(3.1216776084,-8.8060667798,13.0));
#1602=CARTESIAN_POINT('',(2.6707084042,-7.5124584352,29.0));
#1603=CARTESIAN_POINT('',(3.580659487,-8.7021970425,13.0));
#1604=CARTESIAN_POINT('',(3.1234104615,-7.3839511027,29.0));
#1605=CARTESIAN_POINT('',(3.8115098928,-8.5896435097,13.0));
#1606=CARTESIAN_POINT('',(3.3478450129,-7.2590938251,29.0));
#1607=CARTESIAN_POINT('',(4.1898705354,-8.2627746917,13.0));
#1608=CARTESIAN_POINT('',(3.7079995253,-6.9122671722,29.0));
#1609=CARTESIAN_POINT('',(4.3347623593,-8.0507214744,13.0));
#1610=CARTESIAN_POINT('',(3.8412270676,-6.6926979813,29.0));
#1611=CARTESIAN_POINT('',(4.504199541,-7.611694905,13.0));
#1612=CARTESIAN_POINT('',(3.9867055154,-6.2451610461,29.0));
#1613=CARTESIAN_POINT('',(4.5303046421,-7.3872150884,13.0));
#1614=CARTESIAN_POINT('',(4.0006485614,-6.0195989574,29.0));
#1615=CARTESIAN_POINT('',(4.502721707,-6.9881672446,13.0));
#1616=CARTESIAN_POINT('',(3.9515536695,-5.6226232761,29.0));
#1617=CARTESIAN_POINT('',(4.450845205,-6.8130877525,13.0));
#1618=CARTESIAN_POINT('',(3.8902969981,-5.4506011257,29.0));
#1619=CARTESIAN_POINT('',(4.3178192304,-6.5220480815,13.0));
#1620=CARTESIAN_POINT('',(3.7417463912,-5.1671708571,29.0));
#1621=CARTESIAN_POINT('',(4.2368828922,-6.4051108798,13.0));
#1622=CARTESIAN_POINT('',(3.6546125109,-5.0547756307,29.0));
#1623=CARTESIAN_POINT('',(4.0734484832,-6.2159305585,13.0));
#1624=CARTESIAN_POINT('',(3.4811991845,-4.8746983745,29.0));
#1625=CARTESIAN_POINT('',(3.9695078179,-6.1188669809,13.0));
#1626=CARTESIAN_POINT('',(3.3721679099,-4.7833902086,29.0));
#1627=CARTESIAN_POINT('',(3.700877389,-5.9449770943,13.0));
#1628=CARTESIAN_POINT('',(3.0945379257,-4.6242626124,29.0));
#1629=CARTESIAN_POINT('',(3.5351900057,-5.8682197427,13.0));
#1630=CARTESIAN_POINT('',(2.9249467769,-4.5565659192,29.0));
#1631=CARTESIAN_POINT('',(3.1443808538,-5.7829659641,13.0));
#1632=CARTESIAN_POINT('',(2.5301035531,-4.4925438247,29.0));
#1633=CARTESIAN_POINT('',(2.9184899118,-5.7761875665,13.0));
#1634=CARTESIAN_POINT('',(2.3041762165,-4.4979754874,29.0));
#1635=CARTESIAN_POINT('',(2.4595080332,-5.8800573038,13.0));
#1636=CARTESIAN_POINT('',(1.8514741592,-4.62648282,29.0));
#1637=CARTESIAN_POINT('',(2.2286576274,-5.9926108365,13.0));
#1638=CARTESIAN_POINT('',(1.6270396079,-4.7513400975,29.0));
#1639=CARTESIAN_POINT('',(1.8502969848,-6.3194796545,13.0));
#1640=CARTESIAN_POINT('',(1.2668850954,-5.0981667504,29.0));
#1641=CARTESIAN_POINT('',(1.7054051609,-6.5315328718,13.0));
#1642=CARTESIAN_POINT('',(1.1336575531,-5.3177359413,29.0));
#1643=CARTESIAN_POINT('',(1.5359679792,-6.9705594413,13.0));
#1644=CARTESIAN_POINT('',(0.9881791053,-5.7652728766,29.0));
#1645=CARTESIAN_POINT('',(1.5098628781,-7.1950392578,13.0));
#1646=CARTESIAN_POINT('',(0.9742360593,-5.9908349652,29.0));
#1647=CARTESIAN_POINT('',(1.5374458132,-7.5940871017,13.0));
#1648=CARTESIAN_POINT('',(1.0233309512,-6.3878106466,29.0));
#1649=CARTESIAN_POINT('',(1.5893223152,-7.7691665938,13.0));
#1650=CARTESIAN_POINT('',(1.0845876226,-6.5598327969,29.0));
#1651=CARTESIAN_POINT('',(1.7223482898,-8.0602062647,13.0));
#1652=CARTESIAN_POINT('',(1.2331382296,-6.8432630656,29.0));
#1653=CARTESIAN_POINT('',(1.803284628,-8.1771434665,13.0));
#1654=CARTESIAN_POINT('',(1.3202721098,-6.9556582919,29.0));
#1655=CARTESIAN_POINT('',(1.8850018325,-8.2717336271,13.0));
#1656=CARTESIAN_POINT('',(1.406978773,-7.04569692,29.0));
#1657=B_SPLINE_SURFACE_WITH_KNOTS('',3,1,((#1589,#1590),(#1591,#1592),(#1593,#1594),(#1595,#1596),(#1597,#1598),(#1599,#1600),(#1601,#1602),(#1603,#1604),(#1605,#1606),(#1607,#1608),(#1609,#1610),
    (#1611,#1612),(#1613,#1614),(#1615,#1616),(#1617,#1618),(#1619,#1620),(#1621,#1622),(#1623,#1624),(#1625,#1626),(#1627,#1628),(#1629,#1630),(#1631,#1632),(#1633,#1634),(#1635,#1636),(#1637,#1638),(#1639,#1640),(#1641,#1642),(#1643,#1644),(#1645,#1646),(#1647,#1648),
    (#1649,#1650),(#1651,#1652),(#1653,#1654),(#1655,#1656)),.UNSPECIFIED.,.T.,.F.,.U.,
 (4,2,2,2,2,2,2,2,2,2,2,2,2,2,2,2,4),(2,2),(0.0,0.0625,0.125,0.1875,0.25,0.3125,0.375,0.4375,0.5,0.5625,
    0.625,0.6875,0.75,0.8125,0.875,0.9375,1.0),(0.0,1.0),.UNSPECIFIED.);
#1658=ADVANCED_FACE('n° 479',(#1588),#1657,.F.);
#1659=CARTESIAN_POINT('',(5.6037394604,-1.1058643778,27.9096542328));
#1660=VERTEX_POINT('',#1659);
#1661=CARTESIAN_POINT('',(4.7445640914,-3.180773382,27.9096746653));
#1662=VERTEX_POINT('',#1661);
#1663=CARTESIAN_POINT('',(5.6037394599,-1.1058643762,27.909654233));
#1664=CARTESIAN_POINT('',(5.4868761403,-1.1439361321,27.9460734858));
#1665=CARTESIAN_POINT('',(5.3730172719,-1.1968359976,27.9791504705));
#1666=CARTESIAN_POINT('',(5.1222060983,-1.3540880771,28.0456227669));
#1667=CARTESIAN_POINT('',(4.9896055554,-1.4738680761,28.0752117928));
#1668=CARTESIAN_POINT('',(4.8163198931,-1.6978273098,28.1038170096));
#1669=CARTESIAN_POINT('',(4.7593268477,-1.7915646299,28.1103508302));
#1670=CARTESIAN_POINT('',(4.6472811605,-2.0363896619,28.1142041573));
#1671=CARTESIAN_POINT('',(4.6035623697,-2.1978771878,28.1061007636));
#1672=CARTESIAN_POINT('',(4.5714264,-2.5153132659,28.0705623693));
#1673=CARTESIAN_POINT('',(4.5827995741,-2.6768269199,28.042352742));
#1674=CARTESIAN_POINT('',(4.6465542416,-2.9538423328,27.9789358824));
#1675=CARTESIAN_POINT('',(4.6896553339,-3.0726914103,27.9461429508));
#1676=CARTESIAN_POINT('',(4.7445640911,-3.1807733823,27.9096746653));
#1677=B_SPLINE_CURVE_WITH_KNOTS('',3,(#1663,#1664,#1665,#1666,#1667,#1668,#1669,#1670,#1671,#1672,
    #1673,#1674,#1675,#1676),.UNSPECIFIED.,.F.,.U.,
 (4,2,2,2,2,2,4),(0.0,0.1463322919,0.3499981592,0.4783226063,0.6660526325,0.8537939303,1.0),.UNSPECIFIED.);
#1678=EDGE_CURVE('n° 747',#1660,#1662,#1677,.T.);
#1679=ORIENTED_EDGE('',*,*,#1678,.T.);
#1680=CARTESIAN_POINT('',(4.7445640828,-3.1807733869,27.909674663));
#1681=CARTESIAN_POINT('',(4.7465838545,-3.1804245515,27.8756279283));
#1682=CARTESIAN_POINT('',(4.748605114,-3.1800722491,27.8415802942));
#1683=CARTESIAN_POINT('',(4.8276844923,-3.1661628604,26.5104479177));
#1684=CARTESIAN_POINT('',(4.9067586228,-3.147687295,25.2135893348));
#1685=CARTESIAN_POINT('',(5.0708242777,-3.0969877894,22.6209299138));
#1686=CARTESIAN_POINT('',(5.1556915705,-3.06506645,21.3249785156));
#1687=CARTESIAN_POINT('',(5.3113963214,-2.9893509391,19.0881321818));
#1688=CARTESIAN_POINT('',(5.3795866652,-2.9516068816,18.1463271988));
#1689=CARTESIAN_POINT('',(5.4961856593,-2.8707670175,16.6690156275));
#1690=CARTESIAN_POINT('',(5.5404543145,-2.8374541651,16.1317244456));
#1691=CARTESIAN_POINT('',(5.6172138375,-2.7669245203,15.2930302028));
#1692=CARTESIAN_POINT('',(5.6464589868,-2.7377881567,14.9896196517));
#1693=CARTESIAN_POINT('',(5.697980719,-2.6775220969,14.5197200511));
#1694=CARTESIAN_POINT('',(5.7176551255,-2.6530359756,14.3509183164));
#1695=CARTESIAN_POINT('',(5.7529900629,-2.6028318462,14.0931596616));
#1696=CARTESIAN_POINT('',(5.766538366,-2.5826163971,14.0013671459));
#1697=CARTESIAN_POINT('',(5.7914520176,-2.5409721603,13.865299619));
#1698=CARTESIAN_POINT('',(5.8011381042,-2.5241149197,13.8172772593));
#1699=CARTESIAN_POINT('',(5.8175257703,-2.4925887944,13.758065012));
#1700=CARTESIAN_POINT('',(5.8226815901,-2.4823541727,13.7417527258));
#1701=CARTESIAN_POINT('',(5.8320121793,-2.4628148013,13.7196924615));
#1702=CARTESIAN_POINT('',(5.8359710599,-2.4542757892,13.7121554725));
#1703=CARTESIAN_POINT('',(5.8432262296,-2.4379504621,13.7033007533));
#1704=CARTESIAN_POINT('',(5.8465373436,-2.4302688281,13.700953207));
#1705=CARTESIAN_POINT('',(5.8529326658,-2.4148952038,13.7003507232));
#1706=CARTESIAN_POINT('',(5.8560878832,-2.4070294039,13.7021117862));
#1707=CARTESIAN_POINT('',(5.8626553639,-2.3900900543,13.7099268048));
#1708=CARTESIAN_POINT('',(5.8659889878,-2.3810552369,13.7170879864));
#1709=CARTESIAN_POINT('',(5.8740954567,-2.358253277,13.7405818996));
#1710=CARTESIAN_POINT('',(5.8781869196,-2.3457237112,13.7599027057));
#1711=CARTESIAN_POINT('',(5.8931199402,-2.2976629168,13.8474153047));
#1712=CARTESIAN_POINT('',(5.8990210798,-2.2725094306,13.9269172617));
#1713=CARTESIAN_POINT('',(5.9153105963,-2.1968184266,14.1916120977));
#1714=CARTESIAN_POINT('',(5.9194343507,-2.1600415391,14.3867790599));
#1715=CARTESIAN_POINT('',(5.9256248154,-2.0920206187,14.7755179451));
#1716=CARTESIAN_POINT('',(5.926796973,-2.0624267247,14.9718949014));
#1717=CARTESIAN_POINT('',(5.9276018093,-1.9807082852,15.5580217591));
#1718=CARTESIAN_POINT('',(5.9245543663,-1.9347533288,15.9507587936));
#1719=CARTESIAN_POINT('',(5.9155423761,-1.8501377732,16.7356629977));
#1720=CARTESIAN_POINT('',(5.9094210391,-1.8117181212,17.1288502504));
#1721=CARTESIAN_POINT('',(5.8881690636,-1.703439159,18.3092902346));
#1722=CARTESIAN_POINT('',(5.8701787625,-1.6404044044,19.0980974901));
#1723=CARTESIAN_POINT('',(5.8098913039,-1.4663386347,21.4614690429));
#1724=CARTESIAN_POINT('',(5.7628316705,-1.3686753248,23.0382408421));
#1725=CARTESIAN_POINT('',(5.6777511198,-1.2175663313,25.7132117489));
#1726=CARTESIAN_POINT('',(5.6412594246,-1.1600643595,26.8113412815));
#1727=CARTESIAN_POINT('',(5.6037394604,-1.1058643778,27.9096542328));
#1728=B_SPLINE_CURVE_WITH_KNOTS('',3,(#1680,#1681,#1682,#1683,#1684,#1685,#1686,#1687,#1688,#1689,
    #1690,#1691,#1692,#1693,#1694,#1695,#1696,#1697,#1698,#1699,
    #1700,#1701,#1702,#1703,#1704,#1705,#1706,#1707,#1708,#1709,
    #1710,#1711,#1712,#1713,#1714,#1715,#1716,#1717,#1718,#1719,
    #1720,#1721,#1722,#1723,#1724,#1725,#1726,#1727),.UNSPECIFIED.,.F.,.U.,
 (4,2,2,2,2,2,2,2,2,2,2,2,2,2,2,2,2,2,2,2,
  2,2,2,4),
 (0.0,0.0035539661,0.1389516732,0.2743527194,0.3729042585,0.4293110671,0.4613650261,0.4794187656,0.4894891403,0.4950746086,0.4973565475,0.498838323,0.4999856075,0.5011357635,0.5026222167,0.5052789179,0.514090971,0.5348631638,0.5556353567,0.5968875068,
  0.638139657,0.7206439574,0.8853567968,1.0),.UNSPECIFIED.);
#1729=EDGE_CURVE('n° 751',#1662,#1660,#1728,.T.);
#1730=ORIENTED_EDGE('',*,*,#1729,.T.);
#1731=EDGE_LOOP('',(#1679,#1730));
#1732=FACE_OUTER_BOUND('',#1731,.T.);
#1733=CARTESIAN_POINT('',(7.1818965182,-4.5161013616,13.0));
#1734=CARTESIAN_POINT('',(5.9769443018,-3.9871758389,29.0));
#1735=CARTESIAN_POINT('',(7.3065646517,-4.5252039162,13.0));
#1736=CARTESIAN_POINT('',(6.1019220958,-3.9895318939,29.0));
#1737=CARTESIAN_POINT('',(7.4486961149,-4.5203410809,13.0));
#1738=CARTESIAN_POINT('',(6.2435834727,-3.9769997635,29.0));
#1739=CARTESIAN_POINT('',(7.7616052308,-4.453349401,13.0));
#1740=CARTESIAN_POINT('',(6.5524177196,-3.8932059214,29.0));
#1741=CARTESIAN_POINT('',(7.9330395469,-4.3904663725,13.0));
#1742=CARTESIAN_POINT('',(6.7202055617,-3.8211556609,29.0));
#1743=CARTESIAN_POINT('',(8.2696668733,-4.174406096,13.0));
#1744=CARTESIAN_POINT('',(7.04467234,-3.587229797,29.0));
#1745=CARTESIAN_POINT('',(8.4341889412,-4.01947013,13.0));
#1746=CARTESIAN_POINT('',(7.2005863261,-3.4236342797,29.0));
#1747=CARTESIAN_POINT('',(8.6852911443,-3.6214739356,13.0));
#1748=CARTESIAN_POINT('',(7.4298266144,-3.0126571789,29.0));
#1749=CARTESIAN_POINT('',(8.7689396655,-3.3786506819,13.0));
#1750=CARTESIAN_POINT('',(7.50023838,-2.765670558,29.0));
#1751=CARTESIAN_POINT('',(8.8053498838,-2.8799781481,13.0));
#1752=CARTESIAN_POINT('',(7.5096625998,-2.2657593819,29.0));
#1753=CARTESIAN_POINT('',(8.7578596071,-2.6275798889,13.0));
#1754=CARTESIAN_POINT('',(7.4486098346,-2.0162944194,29.0));
#1755=CARTESIAN_POINT('',(8.5672311229,-2.1973310444,13.0));
#1756=CARTESIAN_POINT('',(7.2350222298,-1.5969692207,29.0));
#1757=CARTESIAN_POINT('',(8.4269590164,-2.0201407498,13.0));
#1758=CARTESIAN_POINT('',(7.0853849697,-1.4276135159,29.0));
#1759=CARTESIAN_POINT('',(8.1252854995,-1.7574753939,13.0));
#1760=CARTESIAN_POINT('',(6.7699654425,-1.1816246506,29.0));
#1761=CARTESIAN_POINT('',(7.9648033771,-1.6703577241,13.0));
#1762=CARTESIAN_POINT('',(6.6050124057,-1.1033016294,29.0));
#1763=CARTESIAN_POINT('',(7.6649436834,-1.5586251679,13.0));
#1764=CARTESIAN_POINT('',(6.2995557993,-1.0079273059,29.0));
#1765=CARTESIAN_POINT('',(7.5250259615,-1.5331687132,13.0));
#1766=CARTESIAN_POINT('',(6.1584674149,-0.9900648368,29.0));
#1767=CARTESIAN_POINT('',(7.2756896946,-1.514963604,13.0));
#1768=CARTESIAN_POINT('',(5.9085118268,-0.9853527268,29.0));
#1769=CARTESIAN_POINT('',(7.1335582314,-1.5198264393,13.0));
#1770=CARTESIAN_POINT('',(5.7668504499,-0.9978848572,29.0));
#1771=CARTESIAN_POINT('',(6.8206491155,-1.5868181192,13.0));
#1772=CARTESIAN_POINT('',(5.4580162031,-1.0816786993,29.0));
#1773=CARTESIAN_POINT('',(6.6492147994,-1.6497011477,13.0));
#1774=CARTESIAN_POINT('',(5.290228361,-1.1537289598,29.0));
#1775=CARTESIAN_POINT('',(6.3125874729,-1.8657614242,13.0));
#1776=CARTESIAN_POINT('',(4.9657615827,-1.3876548237,29.0));
#1777=CARTESIAN_POINT('',(6.1480654051,-2.0206973902,13.0));
#1778=CARTESIAN_POINT('',(4.8098475965,-1.551250341,29.0));
#1779=CARTESIAN_POINT('',(5.8969632019,-2.4186935846,13.0));
#1780=CARTESIAN_POINT('',(4.5806073082,-1.9622274418,29.0));
#1781=CARTESIAN_POINT('',(5.8133146808,-2.6615168383,13.0));
#1782=CARTESIAN_POINT('',(4.5101955427,-2.2092140627,29.0));
#1783=CARTESIAN_POINT('',(5.7769044625,-3.1601893721,13.0));
#1784=CARTESIAN_POINT('',(4.5007713228,-2.7091252389,29.0));
#1785=CARTESIAN_POINT('',(5.8243947392,-3.4125876313,13.0));
#1786=CARTESIAN_POINT('',(4.561824088,-2.9585902013,29.0));
#1787=CARTESIAN_POINT('',(6.0150232234,-3.8428364758,13.0));
#1788=CARTESIAN_POINT('',(4.7754116928,-3.3779154,29.0));
#1789=CARTESIAN_POINT('',(6.1552953299,-4.0200267704,13.0));
#1790=CARTESIAN_POINT('',(4.9250489529,-3.5472711048,29.0));
#1791=CARTESIAN_POINT('',(6.4569688467,-4.2826921263,13.0));
#1792=CARTESIAN_POINT('',(5.2404684801,-3.7932599701,29.0));
#1793=CARTESIAN_POINT('',(6.6174509692,-4.3698097961,13.0));
#1794=CARTESIAN_POINT('',(5.4054215169,-3.8715829914,29.0));
#1795=CARTESIAN_POINT('',(6.9173106628,-4.4815423523,13.0));
#1796=CARTESIAN_POINT('',(5.7108781234,-3.9669573148,29.0));
#1797=CARTESIAN_POINT('',(7.0572283848,-4.506998807,13.0));
#1798=CARTESIAN_POINT('',(5.8519665077,-3.984819784,29.0));
#1799=CARTESIAN_POINT('',(7.1818965182,-4.5161013616,13.0));
#1800=CARTESIAN_POINT('',(5.9769443018,-3.9871758389,29.0));
#1801=B_SPLINE_SURFACE_WITH_KNOTS('',3,1,((#1733,#1734),(#1735,#1736),(#1737,#1738),(#1739,#1740),(#1741,#1742),(#1743,#1744),(#1745,#1746),(#1747,#1748),(#1749,#1750),(#1751,#1752),(#1753,#1754),
    (#1755,#1756),(#1757,#1758),(#1759,#1760),(#1761,#1762),(#1763,#1764),(#1765,#1766),(#1767,#1768),(#1769,#1770),(#1771,#1772),(#1773,#1774),(#1775,#1776),(#1777,#1778),(#1779,#1780),(#1781,#1782),(#1783,#1784),(#1785,#1786),(#1787,#1788),(#1789,#1790),(#1791,#1792),
    (#1793,#1794),(#1795,#1796),(#1797,#1798),(#1799,#1800)),.UNSPECIFIED.,.T.,.F.,.U.,
 (4,2,2,2,2,2,2,2,2,2,2,2,2,2,2,2,4),(2,2),(0.0,0.0625,0.125,0.1875,0.25,0.3125,0.375,0.4375,0.5,0.5625,
    0.625,0.6875,0.75,0.8125,0.875,0.9375,1.0),(0.0,1.0),.UNSPECIFIED.);
#1802=ADVANCED_FACE('n° 540',(#1732),#1801,.F.);
#1803=CARTESIAN_POINT('',(4.7444063731,3.1804779718,27.9096542328));
#1804=VERTEX_POINT('',#1803);
#1805=CARTESIAN_POINT('',(5.6040598706,1.105767015,27.9096746653));
#1806=VERTEX_POINT('',#1805);
#1807=CARTESIAN_POINT('',(4.7444063731,3.1804779719,27.909654233));
#1808=CARTESIAN_POINT('',(4.7055657888,3.10410217,27.9350436112));
#1809=CARTESIAN_POINT('',(4.6726893352,3.0233822008,27.9588985375));
#1810=CARTESIAN_POINT('',(4.6003357057,2.7898858421,28.0196157702));
#1811=CARTESIAN_POINT('',(4.5772827873,2.6284719503,28.0518259292));
#1812=CARTESIAN_POINT('',(4.5844019226,2.307498425,28.0964890912));
#1813=CARTESIAN_POINT('',(4.6143925874,2.1463314009,28.1096208217));
#1814=CARTESIAN_POINT('',(4.7063692429,1.8991259696,28.1133956566));
#1815=CARTESIAN_POINT('',(4.7536911544,1.8043451131,28.11055692));
#1816=CARTESIAN_POINT('',(4.9025462405,1.570991934,28.0920749513));
#1817=CARTESIAN_POINT('',(5.020587599,1.4433688698,28.0684117429));
#1818=CARTESIAN_POINT('',(5.2916450509,1.2380021982,28.0022014062));
#1819=CARTESIAN_POINT('',(5.4471760843,1.1569479337,27.9593162347));
#1820=CARTESIAN_POINT('',(5.6040598706,1.105767015,27.9096746653));
#1821=B_SPLINE_CURVE_WITH_KNOTS('',3,(#1807,#1808,#1809,#1810,#1811,#1812,#1813,#1814,#1815,#1816,
    #1817,#1818,#1819,#1820),.UNSPECIFIED.,.F.,.U.,
 (4,2,2,2,2,2,4),(0.0,0.1020395644,0.2900189556,0.4782661116,0.5997119778,0.8009313145,1.0),.UNSPECIFIED.);
#1822=EDGE_CURVE('n° 837',#1804,#1806,#1821,.T.);
#1823=ORIENTED_EDGE('',*,*,#1822,.T.);
#1824=CARTESIAN_POINT('',(5.604059868,1.1057670054,27.909674663));
#1825=CARTESIAN_POINT('',(5.6052413984,1.1074418636,27.8756279282));
#1826=CARTESIAN_POINT('',(5.6064215463,1.1091202192,27.8415802951));
#1827=CARTESIAN_POINT('',(5.6525036872,1.1748732097,26.5104479187));
#1828=CARTESIAN_POINT('',(5.695353405,1.2438512109,25.2135893381));
#1829=CARTESIAN_POINT('',(5.7755153717,1.3957131425,22.6209299194));
#1830=CARTESIAN_POINT('',(5.8129538212,1.4782951227,21.324978517));
#1831=CARTESIAN_POINT('',(5.8695147472,1.641933999,19.0881321875));
#1832=CARTESIAN_POINT('',(5.8910434362,1.7168409899,18.1463271988));
#1833=CARTESIAN_POINT('',(5.9163289618,1.8564513359,16.6690156261));
#1834=CARTESIAN_POINT('',(5.9240759005,1.9113097317,16.1317244453));
#1835=CARTESIAN_POINT('',(5.9284810891,2.0154589026,15.2930302029));
#1836=CARTESIAN_POINT('',(5.9285580177,2.0567408558,14.9896196508));
#1837=CARTESIAN_POINT('',(5.9223748424,2.1357867671,14.5197200519));
#1838=CARTESIAN_POINT('',(5.9189724426,2.1670129793,14.350918316));
#1839=CARTESIAN_POINT('',(5.9084583356,2.227498235,14.0931596619));
#1840=CARTESIAN_POINT('',(5.9037439506,2.251372814,14.0013671457));
#1841=CARTESIAN_POINT('',(5.8919136402,2.2984363486,13.8652996191));
#1842=CARTESIAN_POINT('',(5.8868428685,2.3172053155,13.8172772592));
#1843=CARTESIAN_POINT('',(5.8761383613,2.3510854824,13.7580650121));
#1844=CARTESIAN_POINT('',(5.8725471059,2.3619681682,13.7417527258));
#1845=CARTESIAN_POINT('',(5.8653284067,2.3823823131,13.7196924615));
#1846=CARTESIAN_POINT('',(5.8620897647,2.3912196578,13.7121554725));
#1847=CARTESIAN_POINT('',(5.8556761949,2.407893587,13.7033007533));
#1848=CARTESIAN_POINT('',(5.8525857706,2.4156666337,13.700953207));
#1849=CARTESIAN_POINT('',(5.8462371523,2.4310596034,13.7003507232));
#1850=CARTESIAN_POINT('',(5.8429062675,2.4388526394,13.7021117862));
#1851=CARTESIAN_POINT('',(5.8355722487,2.4554744785,13.7099268048));
#1852=CARTESIAN_POINT('',(5.831540896,2.4642202873,13.7170879864));
#1853=CARTESIAN_POINT('',(5.8211496146,2.4860758469,13.7405818995));
#1854=CARTESIAN_POINT('',(5.8151829748,2.4978286892,13.7599027057));
#1855=CARTESIAN_POINT('',(5.7917581013,2.5423720431,13.8474153045));
#1856=CARTESIAN_POINT('',(5.7781445973,2.5643311475,13.9269172942));
#1857=CARTESIAN_POINT('',(5.7361413229,2.6293713816,14.1916120293));
#1858=CARTESIAN_POINT('',(5.7130521901,2.6582921503,14.38677906));
#1859=CARTESIAN_POINT('',(5.6693314556,2.7107675239,14.7755179451));
#1860=CARTESIAN_POINT('',(5.6492342531,2.7325224077,14.9718949014));
#1861=CARTESIAN_POINT('',(5.5920196955,2.7908751756,15.5580217591));
#1862=CARTESIAN_POINT('',(5.5573697667,2.8212153692,15.9507587937));
#1863=CARTESIAN_POINT('',(5.4911650941,2.8746751629,16.7356629978));
#1864=CARTESIAN_POINT('',(5.4596698587,2.8975135206,17.1288502504));
#1865=CARTESIAN_POINT('',(5.3680776543,2.959050893,18.3092902346));
#1866=CARTESIAN_POINT('',(5.3107842879,2.9909021312,19.0980974901));
#1867=CARTESIAN_POINT('',(5.1450715311,3.0713555464,21.461469043));
#1868=CARTESIAN_POINT('',(5.0427369564,3.1071377496,23.0382408422));
#1869=CARTESIAN_POINT('',(4.8757257281,3.1538269091,25.713211749));
#1870=CARTESIAN_POINT('',(4.8092621688,3.1686834184,26.8113412815));
#1871=CARTESIAN_POINT('',(4.744406373,3.1804779718,27.9096542328));
#1872=B_SPLINE_CURVE_WITH_KNOTS('',3,(#1824,#1825,#1826,#1827,#1828,#1829,#1830,#1831,#1832,#1833,
    #1834,#1835,#1836,#1837,#1838,#1839,#1840,#1841,#1842,#1843,
    #1844,#1845,#1846,#1847,#1848,#1849,#1850,#1851,#1852,#1853,
    #1854,#1855,#1856,#1857,#1858,#1859,#1860,#1861,#1862,#1863,
    #1864,#1865,#1866,#1867,#1868,#1869,#1870,#1871),.UNSPECIFIED.,.F.,.U.,
 (4,2,2,2,2,2,2,2,2,2,2,2,2,2,2,2,2,2,2,2,
  2,2,2,4),
 (0.0,0.0035539662,0.1389516732,0.2743527194,0.3729042585,0.4293110671,0.4613650261,0.4794187656,0.4894891403,0.4950746086,0.4973565475,0.498838323,0.4999856075,0.5011357635,0.5026222167,0.5052789179,0.514090971,0.5348631638,0.5556353567,0.5968875068,
  0.638139657,0.7206439574,0.8853567968,1.0),.UNSPECIFIED.);
#1873=EDGE_CURVE('n° 841',#1806,#1804,#1872,.T.);
#1874=ORIENTED_EDGE('',*,*,#1873,.T.);
#1875=EDGE_LOOP('',(#1823,#1874));
#1876=FACE_OUTER_BOUND('',#1875,.T.);
#1877=CARTESIAN_POINT('',(8.2717336271,1.8850018325,13.0));
#1878=CARTESIAN_POINT('',(7.04569692,1.406978773,29.0));
#1879=CARTESIAN_POINT('',(8.3663237878,1.966719037,13.0));
#1880=CARTESIAN_POINT('',(7.1357355482,1.4936854363,29.0));
#1881=CARTESIAN_POINT('',(8.4633873654,2.0706597023,13.0));
#1882=CARTESIAN_POINT('',(7.227043714,1.6027167109,29.0));
#1883=CARTESIAN_POINT('',(8.637277252,2.3392901312,13.0));
#1884=CARTESIAN_POINT('',(7.3861713103,1.8803466951,29.0));
#1885=CARTESIAN_POINT('',(8.7140346036,2.5049775145,13.0));
#1886=CARTESIAN_POINT('',(7.4538680034,2.0499378438,29.0));
#1887=CARTESIAN_POINT('',(8.7992883822,2.8957866664,13.0));
#1888=CARTESIAN_POINT('',(7.517890098,2.4447810677,29.0));
#1889=CARTESIAN_POINT('',(8.8060667798,3.1216776084,13.0));
#1890=CARTESIAN_POINT('',(7.5124584352,2.6707084042,29.0));
#1891=CARTESIAN_POINT('',(8.7021970425,3.580659487,13.0));
#1892=CARTESIAN_POINT('',(7.3839511027,3.1234104615,29.0));
#1893=CARTESIAN_POINT('',(8.5896435097,3.8115098928,13.0));
#1894=CARTESIAN_POINT('',(7.2590938251,3.3478450129,29.0));
#1895=CARTESIAN_POINT('',(8.2627746917,4.1898705354,13.0));
#1896=CARTESIAN_POINT('',(6.9122671722,3.7079995253,29.0));
#1897=CARTESIAN_POINT('',(8.0507214744,4.3347623593,13.0));
#1898=CARTESIAN_POINT('',(6.6926979813,3.8412270676,29.0));
#1899=CARTESIAN_POINT('',(7.611694905,4.504199541,13.0));
#1900=CARTESIAN_POINT('',(6.2451610461,3.9867055154,29.0));
#1901=CARTESIAN_POINT('',(7.3872150884,4.5303046421,13.0));
#1902=CARTESIAN_POINT('',(6.0195989574,4.0006485614,29.0));
#1903=CARTESIAN_POINT('',(6.9881672446,4.502721707,13.0));
#1904=CARTESIAN_POINT('',(5.6226232761,3.9515536695,29.0));
#1905=CARTESIAN_POINT('',(6.8130877525,4.450845205,13.0));
#1906=CARTESIAN_POINT('',(5.4506011257,3.8902969981,29.0));
#1907=CARTESIAN_POINT('',(6.5220480815,4.3178192304,13.0));
#1908=CARTESIAN_POINT('',(5.1671708571,3.7417463912,29.0));
#1909=CARTESIAN_POINT('',(6.4051108798,4.2368828922,13.0));
#1910=CARTESIAN_POINT('',(5.0547756307,3.6546125109,29.0));
#1911=CARTESIAN_POINT('',(6.2159305585,4.0734484832,13.0));
#1912=CARTESIAN_POINT('',(4.8746983745,3.4811991845,29.0));
#1913=CARTESIAN_POINT('',(6.1188669809,3.9695078179,13.0));
#1914=CARTESIAN_POINT('',(4.7833902086,3.3721679099,29.0));
#1915=CARTESIAN_POINT('',(5.9449770943,3.700877389,13.0));
#1916=CARTESIAN_POINT('',(4.6242626124,3.0945379257,29.0));
#1917=CARTESIAN_POINT('',(5.8682197427,3.5351900057,13.0));
#1918=CARTESIAN_POINT('',(4.5565659192,2.9249467769,29.0));
#1919=CARTESIAN_POINT('',(5.7829659641,3.1443808538,13.0));
#1920=CARTESIAN_POINT('',(4.4925438247,2.5301035531,29.0));
#1921=CARTESIAN_POINT('',(5.7761875665,2.9184899118,13.0));
#1922=CARTESIAN_POINT('',(4.4979754874,2.3041762165,29.0));
#1923=CARTESIAN_POINT('',(5.8800573038,2.4595080332,13.0));
#1924=CARTESIAN_POINT('',(4.62648282,1.8514741592,29.0));
#1925=CARTESIAN_POINT('',(5.9926108365,2.2286576274,13.0));
#1926=CARTESIAN_POINT('',(4.7513400975,1.6270396079,29.0));
#1927=CARTESIAN_POINT('',(6.3194796545,1.8502969848,13.0));
#1928=CARTESIAN_POINT('',(5.0981667504,1.2668850954,29.0));
#1929=CARTESIAN_POINT('',(6.5315328718,1.7054051609,13.0));
#1930=CARTESIAN_POINT('',(5.3177359413,1.1336575531,29.0));
#1931=CARTESIAN_POINT('',(6.9705594413,1.5359679792,13.0));
#1932=CARTESIAN_POINT('',(5.7652728766,0.9881791053,29.0));
#1933=CARTESIAN_POINT('',(7.1950392578,1.5098628781,13.0));
#1934=CARTESIAN_POINT('',(5.9908349652,0.9742360593,29.0));
#1935=CARTESIAN_POINT('',(7.5940871017,1.5374458132,13.0));
#1936=CARTESIAN_POINT('',(6.3878106466,1.0233309512,29.0));
#1937=CARTESIAN_POINT('',(7.7691665938,1.5893223152,13.0));
#1938=CARTESIAN_POINT('',(6.5598327969,1.0845876226,29.0));
#1939=CARTESIAN_POINT('',(8.0602062647,1.7223482898,13.0));
#1940=CARTESIAN_POINT('',(6.8432630656,1.2331382296,29.0));
#1941=CARTESIAN_POINT('',(8.1771434665,1.803284628,13.0));
#1942=CARTESIAN_POINT('',(6.9556582919,1.3202721098,29.0));
#1943=CARTESIAN_POINT('',(8.2717336271,1.8850018325,13.0));
#1944=CARTESIAN_POINT('',(7.04569692,1.406978773,29.0));
#1945=B_SPLINE_SURFACE_WITH_KNOTS('',3,1,((#1877,#1878),(#1879,#1880),(#1881,#1882),(#1883,#1884),(#1885,#1886),(#1887,#1888),(#1889,#1890),(#1891,#1892),(#1893,#1894),(#1895,#1896),(#1897,#1898),
    (#1899,#1900),(#1901,#1902),(#1903,#1904),(#1905,#1906),(#1907,#1908),(#1909,#1910),(#1911,#1912),(#1913,#1914),(#1915,#1916),(#1917,#1918),(#1919,#1920),(#1921,#1922),(#1923,#1924),(#1925,#1926),(#1927,#1928),(#1929,#1930),(#1931,#1932),(#1933,#1934),(#1935,#1936),
    (#1937,#1938),(#1939,#1940),(#1941,#1942),(#1943,#1944)),.UNSPECIFIED.,.T.,.F.,.U.,
 (4,2,2,2,2,2,2,2,2,2,2,2,2,2,2,2,4),(2,2),(0.0,0.0625,0.125,0.1875,0.25,0.3125,0.375,0.4375,0.5,0.5625,
    0.625,0.6875,0.75,0.8125,0.875,0.9375,1.0),(0.0,1.0),.UNSPECIFIED.);
#1946=ADVANCED_FACE('n° 601',(#1876),#1945,.F.);
#1947=CARTESIAN_POINT('',(-4.2956690468,3.3990849637,27.8808078637));
#1948=DIRECTION('',(-0.4387660217,0.8753308913,-0.2031753157));
#1949=DIRECTION('',(-0.8939771308,-0.4481125859,0.0));
#1950=AXIS2_PLACEMENT_3D('',#1947,#1948,#1949);
#1951=CIRCLE('',#1950,0.5);
#1952=EDGE_CURVE('n° 1131',#1086,#665,#1951,.T.);
#1953=ORIENTED_EDGE('',*,*,#1952,.F.);
#1954=ORIENTED_EDGE('',*,*,#1102,.F.);
#1955=CARTESIAN_POINT('',(-5.4410145002,0.6339655811,27.8808078637));
#1956=DIRECTION('',(-0.9294039975,-0.3080630268,-0.2032372526));
#1957=DIRECTION('',(0.3146294951,-0.94921456,0.0));
#1958=AXIS2_PLACEMENT_3D('',#1955,#1956,#1957);
#1959=CIRCLE('',#1958,0.5);
#1960=EDGE_CURVE('n° 1130',#674,#1084,#1959,.T.);
#1961=ORIENTED_EDGE('',*,*,#1960,.F.);
#1962=ORIENTED_EDGE('',*,*,#690,.F.);
#1963=EDGE_LOOP('',(#1953,#1954,#1961,#1962));
#1964=FACE_OUTER_BOUND('',#1963,.T.);
#1965=CARTESIAN_POINT('',(-5.5518746158,0.6468825636,28.3681918871));
#1966=CARTESIAN_POINT('',(-5.5658144267,0.6918154213,28.3638303037));
#1967=CARTESIAN_POINT('',(-5.5782580382,0.7365693039,28.3528978873));
#1968=CARTESIAN_POINT('',(-5.5991647677,0.8221654017,28.3187594857));
#1969=CARTESIAN_POINT('',(-5.607625644,0.8629984386,28.295557161));
#1970=CARTESIAN_POINT('',(-5.619890577,0.9374921091,28.2387286626));
#1971=CARTESIAN_POINT('',(-5.6236933186,0.9711447551,28.2051085825));
#1972=CARTESIAN_POINT('',(-5.6263373923,1.0285894532,28.1301263894));
#1973=CARTESIAN_POINT('',(-5.6251784409,1.0523753459,28.0887723165));
#1974=CARTESIAN_POINT('',(-5.617990589,1.0881854809,28.0016219707));
#1975=CARTESIAN_POINT('',(-5.6119624593,1.1002058834,27.9558350426));
#1976=CARTESIAN_POINT('',(-5.6037394599,1.1058643762,27.909654233));
#1977=CARTESIAN_POINT('',(-5.3940614223,0.6991917964,28.402701659));
#1978=CARTESIAN_POINT('',(-5.4112729911,0.7422921413,28.3976444497));
#1979=CARTESIAN_POINT('',(-5.4270760099,0.7852052075,28.3862068593));
#1980=CARTESIAN_POINT('',(-5.4546395732,0.8673552509,28.35145323));
#1981=CARTESIAN_POINT('',(-5.4663972973,0.9065839727,28.3281406969));
#1982=CARTESIAN_POINT('',(-5.4849510413,0.9783305552,28.2714403819));
#1983=CARTESIAN_POINT('',(-5.491745151,1.0108412042,28.2380583123));
#1984=CARTESIAN_POINT('',(-5.4998373623,1.0666354015,28.1638014387));
#1985=CARTESIAN_POINT('',(-5.5011346133,1.0899133384,28.1229341122));
#1986=CARTESIAN_POINT('',(-5.4981256513,1.1254388305,28.0368688217));
#1987=CARTESIAN_POINT('',(-5.4938197145,1.1376828078,27.9916795229));
#1988=CARTESIAN_POINT('',(-5.4868761403,1.1439361321,27.9460734858));
#1989=CARTESIAN_POINT('',(-5.2399475285,0.7717825344,28.4340216107));
#1990=CARTESIAN_POINT('',(-5.2603050273,0.8126746447,28.4283474224));
#1991=CARTESIAN_POINT('',(-5.2793320688,0.8533665254,28.4164645975));
#1992=CARTESIAN_POINT('',(-5.3132948446,0.9313061133,28.3811724159));
#1993=CARTESIAN_POINT('',(-5.3282273181,0.9685464174,28.3577664228));
#1994=CARTESIAN_POINT('',(-5.3528708288,1.0367824956,28.3011880201));
#1995=CARTESIAN_POINT('',(-5.3625794942,1.0677717879,28.2680209993));
#1996=CARTESIAN_POINT('',(-5.3760387265,1.1211747857,28.1944154216));
#1997=CARTESIAN_POINT('',(-5.3797879897,1.1435834175,28.1539838735));
#1998=CARTESIAN_POINT('',(-5.3810409864,1.1781384886,28.0688912002));
#1999=CARTESIAN_POINT('',(-5.3785445831,1.1902816435,28.0242381767));
#2000=CARTESIAN_POINT('',(-5.3730172719,1.1968359976,27.9791504705));
#2001=CARTESIAN_POINT('',(-4.9010558849,0.9865583674,28.4969885103));
#2002=CARTESIAN_POINT('',(-4.9282375293,1.0215759224,28.4901008753));
#2003=CARTESIAN_POINT('',(-4.9542463281,1.0563535212,28.477345001));
#2004=CARTESIAN_POINT('',(-5.0020697638,1.1229789139,28.4409997018));
#2005=CARTESIAN_POINT('',(-5.0238803016,1.1548211065,28.4174133583));
#2006=CARTESIAN_POINT('',(-5.0617474591,1.2133213507,28.3610808008));
#2007=CARTESIAN_POINT('',(-5.0778008249,1.2399744834,28.3283393561));
#2008=CARTESIAN_POINT('',(-5.103003295,1.2862089214,28.2560199374));
#2009=CARTESIAN_POINT('',(-5.1121502231,1.3057863372,28.2164480827));
#2010=CARTESIAN_POINT('',(-5.1228811812,1.3364817283,28.1332760901));
#2011=CARTESIAN_POINT('',(-5.1244642686,1.3475971182,28.0896829881));
#2012=CARTESIAN_POINT('',(-5.1222060983,1.3540880771,28.0456227669));
#2013=CARTESIAN_POINT('',(-4.7218648401,1.1495969768,28.5250131401));
#2014=CARTESIAN_POINT('',(-4.7526095796,1.1805804584,28.51760278));
#2015=CARTESIAN_POINT('',(-4.7822529665,1.2112930973,28.5044733765));
#2016=CARTESIAN_POINT('',(-4.8372930339,1.2700671266,28.4676805977));
#2017=CARTESIAN_POINT('',(-4.8626852767,1.2981238155,28.4440201796));
#2018=CARTESIAN_POINT('',(-4.9074629162,1.3496495476,28.3878002015));
#2019=CARTESIAN_POINT('',(-4.9268447005,1.3731144697,28.3552451592));
#2020=CARTESIAN_POINT('',(-4.9582569708,1.4138369326,28.2834860545));
#2021=CARTESIAN_POINT('',(-4.9702849199,1.431091217,28.2442877578));
#2022=CARTESIAN_POINT('',(-4.98615391,1.4582010575,28.1619519881));
#2023=CARTESIAN_POINT('',(-4.9899936655,1.4680544463,28.1188211302));
#2024=CARTESIAN_POINT('',(-4.9896055554,1.4738680761,28.0752117928));
#2025=CARTESIAN_POINT('',(-4.4874878975,1.4541264184,28.5521072968));
#2026=CARTESIAN_POINT('',(-4.5230101094,1.4779720553,28.5441952399));
#2027=CARTESIAN_POINT('',(-4.5575123235,1.5014858903,28.5307077113));
#2028=CARTESIAN_POINT('',(-4.6221614094,1.5462747945,28.4934864129));
#2029=CARTESIAN_POINT('',(-4.6523033458,1.5675464571,28.4697554813));
#2030=CARTESIAN_POINT('',(-4.7061991307,1.6064193133,28.413644703));
#2031=CARTESIAN_POINT('',(-4.7299488641,1.6240175508,28.3812691346));
#2032=CARTESIAN_POINT('',(-4.7694579634,1.6543588872,28.3100490171));
#2033=CARTESIAN_POINT('',(-4.7852143118,1.6670996792,28.2712098982));
#2034=CARTESIAN_POINT('',(-4.8076728418,1.6868681831,28.18967838));
#2035=CARTESIAN_POINT('',(-4.8143733068,1.6938943923,28.146992197));
#2036=CARTESIAN_POINT('',(-4.8163198931,1.6978273098,28.1038170096));
#2037=CARTESIAN_POINT('',(-4.4093625059,1.5831453553,28.5582711922));
#2038=CARTESIAN_POINT('',(-4.446572898,1.6039388625,28.5502424421));
#2039=CARTESIAN_POINT('',(-4.4827870366,1.6243740614,28.5366720685));
#2040=CARTESIAN_POINT('',(-4.5508088991,1.6631660814,28.4993525789));
#2041=CARTESIAN_POINT('',(-4.5826115003,1.6815199826,28.4756062733));
#2042=CARTESIAN_POINT('',(-4.6396801818,1.7149205163,28.4195232977));
#2043=CARTESIAN_POINT('',(-4.6649419641,1.7299646348,28.3871908511));
#2044=CARTESIAN_POINT('',(-4.7072365291,1.755738096,28.3160990862));
#2045=CARTESIAN_POINT('',(-4.7242661263,1.7664654989,28.2773451215));
#2046=CARTESIAN_POINT('',(-4.7489547868,1.7828868404,28.1960040846));
#2047=CARTESIAN_POINT('',(-4.7566119905,1.7885795433,28.1534231377));
#2048=CARTESIAN_POINT('',(-4.7593268477,1.7915646299,28.1103508302));
#2049=CARTESIAN_POINT('',(-4.2568786635,1.9166644633,28.5619193253));
#2050=CARTESIAN_POINT('',(-4.2974582551,1.9299029522,28.5538229457));
#2051=CARTESIAN_POINT('',(-4.3370792447,1.9427100907,28.5402043704));
#2052=CARTESIAN_POINT('',(-4.4117723822,1.9666117513,28.5028272833));
#2053=CARTESIAN_POINT('',(-4.4468389449,1.9777044894,28.4790715658));
#2054=CARTESIAN_POINT('',(-4.5100829058,1.9974376932,28.4230034724));
#2055=CARTESIAN_POINT('',(-4.5382555748,2.0060766863,28.3906952881));
#2056=CARTESIAN_POINT('',(-4.5858310118,2.0203262552,28.3196763263));
#2057=CARTESIAN_POINT('',(-4.605230222,2.0259357679,28.280970858));
#2058=CARTESIAN_POINT('',(-4.6339630656,2.033752138,28.1997384895));
#2059=CARTESIAN_POINT('',(-4.6432945501,2.0359584127,28.1572176622));
#2060=CARTESIAN_POINT('',(-4.6472811605,2.0363896619,28.1142041573));
#2061=CARTESIAN_POINT('',(-4.1981259368,2.132667676,28.5542375428));
#2062=CARTESIAN_POINT('',(-4.2401043102,2.141358355,28.546275023));
#2063=CARTESIAN_POINT('',(-4.2811300732,2.1495669171,28.5327514245));
#2064=CARTESIAN_POINT('',(-4.3585329675,2.1644652743,28.4954869608));
#2065=CARTESIAN_POINT('',(-4.3949042333,2.1711539149,28.471748922));
#2066=CARTESIAN_POINT('',(-4.460554206,2.1825574957,28.4156491998));
#2067=CARTESIAN_POINT('',(-4.4898279378,2.1872715485,28.3832917702));
#2068=CARTESIAN_POINT('',(-4.5393152325,2.1944042307,28.3121261495));
#2069=CARTESIAN_POINT('',(-4.5595250446,2.1968222999,28.2733233541));
#2070=CARTESIAN_POINT('',(-4.589525338,2.1991964363,28.1918731954));
#2071=CARTESIAN_POINT('',(-4.5993135446,2.1991523089,28.1492320074));
#2072=CARTESIAN_POINT('',(-4.6035623697,2.1978771878,28.1061007636));
#2073=CARTESIAN_POINT('',(-4.1531475457,2.5647194101,28.52059117));
#2074=CARTESIAN_POINT('',(-4.196845558,2.5637566182,28.513259001));
#2075=CARTESIAN_POINT('',(-4.2395690275,2.5621951397,28.5001856089));
#2076=CARTESIAN_POINT('',(-4.3201148426,2.5579773013,28.4634602424));
#2077=CARTESIAN_POINT('',(-4.3579306674,2.5553212584,28.4398112438));
#2078=CARTESIAN_POINT('',(-4.4260351814,2.5490933085,28.3835752487));
#2079=CARTESIAN_POINT('',(-4.4563183569,2.5455218832,28.3509928077));
#2080=CARTESIAN_POINT('',(-4.507253978,2.5377063744,28.2791509636));
#2081=CARTESIAN_POINT('',(-4.5279022994,2.5334629046,28.2398973793));
#2082=CARTESIAN_POINT('',(-4.5581330264,2.5245941307,28.157437785));
#2083=CARTESIAN_POINT('',(-4.5677129835,2.5199695306,28.1142384536));
#2084=CARTESIAN_POINT('',(-4.5714264,2.5153132659,28.0705623693));
#2085=CARTESIAN_POINT('',(-4.1677935798,2.7864988255,28.4939352689));
#2086=CARTESIAN_POINT('',(-4.2117367507,2.7804138396,28.4871193816));
#2087=CARTESIAN_POINT('',(-4.2546761441,2.7736621148,28.4744149779));
#2088=CARTESIAN_POINT('',(-4.3355005045,2.7592934655,28.4381313691));
#2089=CARTESIAN_POINT('',(-4.3733785717,2.7516777143,28.4145552622));
#2090=CARTESIAN_POINT('',(-4.4413783005,2.736113437,28.3582070668));
#2091=CARTESIAN_POINT('',(-4.4714941543,2.7281661907,28.3254397841));
#2092=CARTESIAN_POINT('',(-4.5218198492,2.7124963925,28.2530427554));
#2093=CARTESIAN_POINT('',(-4.5420253878,2.7047751379,28.2134191811));
#2094=CARTESIAN_POINT('',(-4.5710863998,2.6901008218,28.1301316738));
#2095=CARTESIAN_POINT('',(-4.5799393825,2.6831489843,28.0864748397));
#2096=CARTESIAN_POINT('',(-4.5827995741,2.6768269199,28.042352742));
#2097=CARTESIAN_POINT('',(-4.2518837919,3.1599574868,28.4337928276));
#2098=CARTESIAN_POINT('',(-4.2951924735,3.1454697565,28.4281137852));
#2099=CARTESIAN_POINT('',(-4.337418775,3.1301828529,28.4162274414));
#2100=CARTESIAN_POINT('',(-4.4165437029,3.0991490831,28.3809309523));
#2101=CARTESIAN_POINT('',(-4.4534347921,3.08340514,28.3575241698));
#2102=CARTESIAN_POINT('',(-4.5191106583,3.052636058,28.3009466168));
#2103=CARTESIAN_POINT('',(-4.5478891774,3.0376138198,28.267781233));
#2104=CARTESIAN_POINT('',(-4.5951711191,3.0094136187,28.1941807415));
#2105=CARTESIAN_POINT('',(-4.6136700338,2.996238317,28.1537526395));
#2106=CARTESIAN_POINT('',(-4.6389970532,2.9727198904,28.0686678184));
#2107=CARTESIAN_POINT('',(-4.6458227392,2.9623789879,28.0240191974));
#2108=CARTESIAN_POINT('',(-4.6465542416,2.9538423328,27.9789358824));
#2109=CARTESIAN_POINT('',(-4.3087544728,3.3198376222,28.4026613838));
#2110=CARTESIAN_POINT('',(-4.3514466011,3.3016993639,28.3975721839));
#2111=CARTESIAN_POINT('',(-4.3930118935,3.2826987747,28.3861116937));
#2112=CARTESIAN_POINT('',(-4.4706884875,3.2444252625,28.3513310672));
#2113=CARTESIAN_POINT('',(-4.5067919691,3.2251561352,28.3280144295));
#2114=CARTESIAN_POINT('',(-4.5707488457,3.1878266712,28.2713225165));
#2115=CARTESIAN_POINT('',(-4.5985957975,3.1697700406,28.2379529362));
#2116=CARTESIAN_POINT('',(-4.6438811612,3.1362546289,28.1637330161));
#2117=CARTESIAN_POINT('',(-4.6613150047,3.1207991802,28.1228901283));
#2118=CARTESIAN_POINT('',(-4.6844203445,3.0936764489,28.0368792663));
#2119=CARTESIAN_POINT('',(-4.6900895003,3.0820118696,27.9917199262));
#2120=CARTESIAN_POINT('',(-4.6896553339,3.0726914103,27.9461429508));
#2121=CARTESIAN_POINT('',(-4.3831928658,3.4683409738,28.368191887));
#2122=CARTESIAN_POINT('',(-4.4248307008,3.4464559599,28.36382442));
#2123=CARTESIAN_POINT('',(-4.4652843084,3.4236397647,28.3528877961));
#2124=CARTESIAN_POINT('',(-4.5406116219,3.3779562963,28.3187444482));
#2125=CARTESIAN_POINT('',(-4.5754772548,3.355093919,28.2955413835));
#2126=CARTESIAN_POINT('',(-4.636844633,3.3111428291,28.2387144688));
#2127=CARTESIAN_POINT('',(-4.6633398015,3.2900588267,28.2050967091));
#2128=CARTESIAN_POINT('',(-4.7058497537,3.25134768,28.1301213617));
#2129=CARTESIAN_POINT('',(-4.7218599818,3.2337246844,28.0887718091));
#2130=CARTESIAN_POINT('',(-4.7421199549,3.2033428663,28.0016315184));
#2131=CARTESIAN_POINT('',(-4.7463675288,3.1905872999,27.9558501192));
#2132=CARTESIAN_POINT('',(-4.7445640911,3.1807733823,27.9096746653));
#2133=B_SPLINE_SURFACE_WITH_KNOTS('',3,3,((#1965,#1966,#1967,#1968,#1969,#1970,#1971,#1972,#1973,#1974,#1975,#1976),
    (#1977,#1978,#1979,#1980,#1981,#1982,#1983,#1984,#1985,#1986,#1987,#1988),
    (#1989,#1990,#1991,#1992,#1993,#1994,#1995,#1996,#1997,#1998,#1999,#2000),
    (#2001,#2002,#2003,#2004,#2005,#2006,#2007,#2008,#2009,#2010,#2011,#2012),
    (#2013,#2014,#2015,#2016,#2017,#2018,#2019,#2020,#2021,#2022,#2023,#2024),
    (#2025,#2026,#2027,#2028,#2029,#2030,#2031,#2032,#2033,#2034,#2035,#2036),
    (#2037,#2038,#2039,#2040,#2041,#2042,#2043,#2044,#2045,#2046,#2047,#2048),
    (#2049,#2050,#2051,#2052,#2053,#2054,#2055,#2056,#2057,#2058,#2059,#2060),
    (#2061,#2062,#2063,#2064,#2065,#2066,#2067,#2068,#2069,#2070,#2071,#2072),
    (#2073,#2074,#2075,#2076,#2077,#2078,#2079,#2080,#2081,#2082,#2083,#2084),
    (#2085,#2086,#2087,#2088,#2089,#2090,#2091,#2092,#2093,#2094,#2095,#2096),
    (#2097,#2098,#2099,#2100,#2101,#2102,#2103,#2104,#2105,#2106,#2107,#2108),
    (#2109,#2110,#2111,#2112,#2113,#2114,#2115,#2116,#2117,#2118,#2119,#2120),
    (#2121,#2122,#2123,#2124,#2125,#2126,#2127,#2128,#2129,#2130,#2131,#2132)),.UNSPECIFIED.,.F.,.F.,.U.,
 (4,2,2,2,2,2,4),(4,2,2,2,2,4),(0.0,0.1463322919,0.3499981592,0.4783226063,0.6660526325,0.8537939303,1.0),(0.0,0.2,0.4,0.6,0.8,1.0),.UNSPECIFIED.);
#2134=ADVANCED_FACE('n° 1027',(#1964),#2133,.T.);
#2135=CARTESIAN_POINT('',(-5.4410145002,0.6339655811,27.8808078637));
#2136=DIRECTION('',(0.0187708196,-0.0545537339,0.9983343861));
#2137=DIRECTION('',(0.0,-0.998510311,-0.0545633472));
#2138=AXIS2_PLACEMENT_3D('',#2135,#2136,#2137);
#2139=CIRCLE('',#2138,0.5);
#2140=EDGE_CURVE('n° 1129',#1084,#145,#2139,.T.);
#2141=ORIENTED_EDGE('',*,*,#2140,.F.);
#2142=ORIENTED_EDGE('',*,*,#1153,.F.);
#2143=CARTESIAN_POINT('',(-4.2956690468,3.3990849637,27.8808078637));
#2144=DIRECTION('',(0.0518763613,0.0253381465,0.9983320197));
#2145=DIRECTION('',(0.9986526494,0.0,-0.0518930222));
#2146=AXIS2_PLACEMENT_3D('',#2143,#2144,#2145);
#2147=CIRCLE('',#2146,0.5);
#2148=EDGE_CURVE('n° 1132',#154,#1086,#2147,.T.);
#2149=ORIENTED_EDGE('',*,*,#2148,.F.);
#2150=ORIENTED_EDGE('',*,*,#204,.F.);
#2151=EDGE_LOOP('',(#2141,#2142,#2149,#2150));
#2152=FACE_OUTER_BOUND('',#2151,.T.);
#2153=CARTESIAN_POINT('',(-4.6876428971,3.7092467736,27.8933039572));
#2154=CARTESIAN_POINT('',(-4.7107683867,3.6799430444,27.8952493705));
#2155=CARTESIAN_POINT('',(-4.7305930106,3.6480294027,27.8970895017));
#2156=CARTESIAN_POINT('',(-4.7626507739,3.5805755971,27.9004673303));
#2157=CARTESIAN_POINT('',(-4.7748825646,3.5450382711,27.9020048857));
#2158=CARTESIAN_POINT('',(-4.7911412865,3.4721169892,27.9047005153));
#2159=CARTESIAN_POINT('',(-4.7951675336,3.4347361013,27.9058584762));
#2160=CARTESIAN_POINT('',(-4.7948127882,3.3600000888,27.9077368784));
#2161=CARTESIAN_POINT('',(-4.7904318105,3.3226481084,27.9084572407));
#2162=CARTESIAN_POINT('',(-4.7734813676,3.2498410137,27.9094243233));
#2163=CARTESIAN_POINT('',(-4.7609126154,3.2143889625,27.9096710029));
#2164=CARTESIAN_POINT('',(-4.7445640828,3.1807733869,27.909674663));
#2165=CARTESIAN_POINT('',(-4.6895146149,3.7082545369,27.8592204682));
#2166=CARTESIAN_POINT('',(-4.7126001255,3.6789817923,27.8611663881));
#2167=CARTESIAN_POINT('',(-4.7323926164,3.6471070718,27.8630073033));
#2168=CARTESIAN_POINT('',(-4.7644059856,3.5797408927,27.8663874544));
#2169=CARTESIAN_POINT('',(-4.7766255239,3.5442522534,27.8679265489));
#2170=CARTESIAN_POINT('',(-4.7928818315,3.471431045,27.8706261357));
#2171=CARTESIAN_POINT('',(-4.7969179202,3.4341015235,27.871786515));
#2172=CARTESIAN_POINT('',(-4.7966049873,3.359463483,27.8736706632));
#2173=CARTESIAN_POINT('',(-4.7922559787,3.3221580875,27.8743943533));
#2174=CARTESIAN_POINT('',(-4.7753894343,3.2494321827,27.8753689285));
#2175=CARTESIAN_POINT('',(-4.7628726044,3.214014717,27.8756197729));
#2176=CARTESIAN_POINT('',(-4.7465838545,3.1804245515,27.8756279282));
#2177=CARTESIAN_POINT('',(-4.6913887257,3.7072577896,27.8251361133));
#2178=CARTESIAN_POINT('',(-4.7144342428,3.6780160829,27.8270825371));
#2179=CARTESIAN_POINT('',(-4.7341945822,3.6461803235,27.828924233));
#2180=CARTESIAN_POINT('',(-4.7661634975,3.5789018416,27.8323067));
#2181=CARTESIAN_POINT('',(-4.7783707425,3.5434619201,27.8338473302));
#2182=CARTESIAN_POINT('',(-4.7946245265,3.4707408604,27.8365508671));
#2183=CARTESIAN_POINT('',(-4.7986703888,3.4334627497,27.8377136614));
#2184=CARTESIAN_POINT('',(-4.798399112,3.3589228062,27.8396035501));
#2185=CARTESIAN_POINT('',(-4.7940819842,3.3216640764,27.8403305658));
#2186=CARTESIAN_POINT('',(-4.777299159,3.2490195785,27.8413126317));
#2187=CARTESIAN_POINT('',(-4.7648341603,3.2136368346,27.8415676411));
#2188=CARTESIAN_POINT('',(-4.748605114,3.1800722491,27.841580294));
#2189=CARTESIAN_POINT('',(-4.7647507681,3.6681128074,26.4925694593));
#2190=CARTESIAN_POINT('',(-4.7862321757,3.6400866266,26.4945354683));
#2191=CARTESIAN_POINT('',(-4.8047348245,3.6097756365,26.4964075681));
#2192=CARTESIAN_POINT('',(-4.834963486,3.5459284927,26.4998803121));
#2193=CARTESIAN_POINT('',(-4.8466885122,3.5123944248,26.5014808407));
#2194=CARTESIAN_POINT('',(-4.8628393699,3.443591659,26.504338543));
#2195=CARTESIAN_POINT('',(-4.8672646677,3.408325207,26.5055956209));
#2196=CARTESIAN_POINT('',(-4.8686158178,3.3376252774,26.5077097142));
#2197=CARTESIAN_POINT('',(-4.8655416124,3.3021941092,26.5085666577));
#2198=CARTESIAN_POINT('',(-4.8520247608,3.2327407103,26.5098414959));
#2199=CARTESIAN_POINT('',(-4.8415825357,3.1987207531,26.5102593459));
#2200=CARTESIAN_POINT('',(-4.8276844923,3.1661628604,26.5104479175));
#2201=CARTESIAN_POINT('',(-4.8395474864,3.6236206929,25.1943636713));
#2202=CARTESIAN_POINT('',(-4.8594873031,3.5968516271,25.1963447061));
#2203=CARTESIAN_POINT('',(-4.8767405851,3.5680796775,25.1982419213));
#2204=CARTESIAN_POINT('',(-4.9051925065,3.5076689365,25.2017930004));
#2205=CARTESIAN_POINT('',(-4.9163904059,3.476031718,25.2034467702));
#2206=CARTESIAN_POINT('',(-4.9322865899,3.4111451016,25.2064446319));
#2207=CARTESIAN_POINT('',(-4.9369844577,3.3778973921,25.2077886441));
#2208=CARTESIAN_POINT('',(-4.939691729,3.3111082359,25.210112881));
#2209=CARTESIAN_POINT('',(-4.937701055,3.2775685275,25.2110930433));
#2210=CARTESIAN_POINT('',(-4.9271059845,3.2115259368,25.2126498331));
#2211=CARTESIAN_POINT('',(-4.9185018528,3.1790247753,25.2132264179));
#2212=CARTESIAN_POINT('',(-4.9067586228,3.147687295,25.2135893346));
#2213=CARTESIAN_POINT('',(-4.9979039146,3.5158868869,22.5990653349));
#2214=CARTESIAN_POINT('',(-5.0146564566,3.49192824,22.6010713919));
#2215=CARTESIAN_POINT('',(-5.0293045445,3.4664970427,22.6030132152));
#2216=CARTESIAN_POINT('',(-5.0539494189,3.4134603371,22.6067088473));
#2217=CARTESIAN_POINT('',(-5.0639458368,3.385855624,22.608462599));
#2218=CARTESIAN_POINT('',(-5.0789833965,3.3293092052,22.6117280561));
#2219=CARTESIAN_POINT('',(-5.0840243093,3.300368346,22.6132397106));
#2220=CARTESIAN_POINT('',(-5.0889952947,3.2420273249,22.6159742091));
#2221=CARTESIAN_POINT('',(-5.0889252846,3.2126280368,22.6171970099));
#2222=CARTESIAN_POINT('',(-5.0836719647,3.1542623203,22.6193157212));
#2223=CARTESIAN_POINT('',(-5.078488721,3.1252967682,22.6202115976));
#2224=CARTESIAN_POINT('',(-5.0708242778,3.0969877894,22.6209299136));
#2225=CARTESIAN_POINT('',(-5.0812741853,3.4531145863,21.3018223704));
#2226=CARTESIAN_POINT('',(-5.0963855965,3.4306983364,21.3038384137));
#2227=CARTESIAN_POINT('',(-5.1096823053,3.4070580145,21.3057997176));
#2228=CARTESIAN_POINT('',(-5.1323056235,3.3579372816,21.3095615434));
#2229=CARTESIAN_POINT('',(-5.1416319889,3.3324574015,21.3113620234));
#2230=CARTESIAN_POINT('',(-5.1560741358,3.280313271,21.3147548939));
#2231=CARTESIAN_POINT('',(-5.1611897597,3.2536495836,21.3163472464));
#2232=CARTESIAN_POINT('',(-5.1670768422,3.1998237885,21.3192818454));
#2233=CARTESIAN_POINT('',(-5.1678482334,3.1726622618,21.3206240587));
#2234=CARTESIAN_POINT('',(-5.165023559,3.1185397535,21.3230227267));
#2235=CARTESIAN_POINT('',(-5.1614275179,3.0915793568,21.3240791539));
#2236=CARTESIAN_POINT('',(-5.1556915705,3.06506645,21.3249785154));
#2237=CARTESIAN_POINT('',(-5.2382387069,3.3149073883,19.0627487578));
#2238=CARTESIAN_POINT('',(-5.2502840485,3.2957286189,19.064779439));
#2239=CARTESIAN_POINT('',(-5.2610238146,3.2757283109,19.0667715504));
#2240=CARTESIAN_POINT('',(-5.2796976729,3.2344483996,19.0706418632));
#2241=CARTESIAN_POINT('',(-5.2876316661,3.2131690162,19.0725200431));
#2242=CARTESIAN_POINT('',(-5.3005494002,3.1697179939,19.0761277164));
#2243=CARTESIAN_POINT('',(-5.3055330715,3.1475465861,19.0778571897));
#2244=CARTESIAN_POINT('',(-5.3124583189,3.1027146256,19.0811353365));
#2245=CARTESIAN_POINT('',(-5.3143998559,3.0800543113,19.0826839917));
#2246=CARTESIAN_POINT('',(-5.3152033658,3.0346566648,19.0855716318));
#2247=CARTESIAN_POINT('',(-5.3140653306,3.0119195744,19.0869106003));
#2248=CARTESIAN_POINT('',(-5.3113963214,2.989350939,19.0881321816));
#2249=CARTESIAN_POINT('',(-5.3080352354,3.2482690648,18.1200065121));
#2250=CARTESIAN_POINT('',(-5.3187251066,3.2306132009,18.1220425668));
#2251=CARTESIAN_POINT('',(-5.3283264558,3.2122972222,18.1240467912));
#2252=CARTESIAN_POINT('',(-5.3452101431,3.1746171328,18.1279610227));
#2253=CARTESIAN_POINT('',(-5.3524924215,3.1552531558,18.1298710151));
#2254=CARTESIAN_POINT('',(-5.3646296192,3.1157646613,18.1335675677));
#2255=CARTESIAN_POINT('',(-5.369484495,3.0956402839,18.1353541139));
#2256=CARTESIAN_POINT('',(-5.3766938611,3.0549297071,18.1387763573));
#2257=CARTESIAN_POINT('',(-5.3790483247,3.0343436522,18.1404120416));
#2258=CARTESIAN_POINT('',(-5.3812202154,2.9930152933,18.1435073437));
#2259=CARTESIAN_POINT('',(-5.3810376332,2.9722731359,18.1449669498));
#2260=CARTESIAN_POINT('',(-5.3795866652,2.9516068816,18.1463271986));
#2261=CARTESIAN_POINT('',(-5.4313807628,3.1111305975,16.641205565));
#2262=CARTESIAN_POINT('',(-5.4396490968,3.0965622916,16.6432490299));
#2263=CARTESIAN_POINT('',(-5.4471801563,3.0815735977,16.6452712754));
#2264=CARTESIAN_POINT('',(-5.4606925736,3.0509055384,16.6492527626));
#2265=CARTESIAN_POINT('',(-5.4666739097,3.0352262224,16.6512119975));
#2266=CARTESIAN_POINT('',(-5.4770269187,3.003333902,16.6550475042));
#2267=CARTESIAN_POINT('',(-5.4813985747,2.9871209488,16.6569237696));
#2268=CARTESIAN_POINT('',(-5.4884880827,2.9543236118,16.6605741948));
#2269=CARTESIAN_POINT('',(-5.4912059229,2.9377392807,16.6623483485));
#2270=CARTESIAN_POINT('',(-5.494959909,2.9043651629,16.6657764134));
#2271=CARTESIAN_POINT('',(-5.4959960482,2.8875754298,16.6674303189));
#2272=CARTESIAN_POINT('',(-5.4961856593,2.8707670175,16.6690156274));
#2273=CARTESIAN_POINT('',(-5.4789541178,3.0548899429,16.103362805));
#2274=CARTESIAN_POINT('',(-5.4862743325,3.0415986917,16.1054087727));
#2275=CARTESIAN_POINT('',(-5.4929887327,3.0279722031,16.1074374296));
#2276=CARTESIAN_POINT('',(-5.5051519385,3.0001587144,16.1114432827));
#2277=CARTESIAN_POINT('',(-5.5106007315,2.9859717433,16.1134204744));
#2278=CARTESIAN_POINT('',(-5.5201887218,2.9571517298,16.1173069551));
#2279=CARTESIAN_POINT('',(-5.5243279091,2.9425187176,16.1192162399));
#2280=CARTESIAN_POINT('',(-5.5312630226,2.9129245972,16.1229510012));
#2281=CARTESIAN_POINT('',(-5.5340589414,2.8979635199,16.1247764737));
#2282=CARTESIAN_POINT('',(-5.5382844508,2.8678338654,16.1283283671));
#2283=CARTESIAN_POINT('',(-5.5397140366,2.8526653196,16.1300547842));
#2284=CARTESIAN_POINT('',(-5.5404543145,2.8374541651,16.1317244455));
#2285=CARTESIAN_POINT('',(-5.5643461029,2.940680907,15.2638220491));
#2286=CARTESIAN_POINT('',(-5.5699748505,2.9299013134,15.2658712872));
#2287=CARTESIAN_POINT('',(-5.5752030109,2.9189108247,15.2679092072));
#2288=CARTESIAN_POINT('',(-5.5848303417,2.8965667137,15.2719513466));
#2289=CARTESIAN_POINT('',(-5.5892295077,2.8852131016,15.2739555642));
#2290=CARTESIAN_POINT('',(-5.5971753607,2.8622033169,15.2779194074));
#2291=CARTESIAN_POINT('',(-5.6007220439,2.8505471549,15.2798790312));
#2292=CARTESIAN_POINT('',(-5.606943898,2.8269944322,15.2837430284));
#2293=CARTESIAN_POINT('',(-5.609619066,2.8150978824,15.2856474));
#2294=CARTESIAN_POINT('',(-5.6140834103,2.791127818,15.289390524));
#2295=CARTESIAN_POINT('',(-5.6158725844,2.7790543145,15.2912292745));
#2296=CARTESIAN_POINT('',(-5.6172138375,2.7669245203,15.2930302027));
#2297=CARTESIAN_POINT('',(-5.5973733471,2.8942975414,14.9601092799));
#2298=CARTESIAN_POINT('',(-5.6023518479,2.8845218619,14.9621595727));
#2299=CARTESIAN_POINT('',(-5.6070037346,2.8745783577,14.9642006851));
#2300=CARTESIAN_POINT('',(-5.6156344768,2.8543981814,14.9682555578));
#2301=CARTESIAN_POINT('',(-5.6196133298,2.8441615152,14.970269317));
#2302=CARTESIAN_POINT('',(-5.6268810075,2.8234387317,14.9742606042));
#2303=CARTESIAN_POINT('',(-5.6301698301,2.8129526204,14.976238131));
#2304=CARTESIAN_POINT('',(-5.6360433305,2.7917757078,14.9801482256));
#2305=CARTESIAN_POINT('',(-5.6386280068,2.7810849127,14.9820807922));
#2306=CARTESIAN_POINT('',(-5.6430820374,2.7595442548,14.9858924264));
#2307=CARTESIAN_POINT('',(-5.6449513905,2.7486943984,14.9877714929));
#2308=CARTESIAN_POINT('',(-5.6464589868,2.7377881567,14.9896196516));
#2309=CARTESIAN_POINT('',(-5.6574474634,2.8010284847,14.4897465631));
#2310=CARTESIAN_POINT('',(-5.6612480046,2.7932248364,14.4917983851));
#2311=CARTESIAN_POINT('',(-5.6648363921,2.7853164829,14.4938442924));
#2312=CARTESIAN_POINT('',(-5.671578892,2.7693123963,14.4979184702));
#2313=CARTESIAN_POINT('',(-5.6747330037,2.7612166651,14.4999467402));
#2314=CARTESIAN_POINT('',(-5.6805981663,2.7448603677,14.5039798833));
#2315=CARTESIAN_POINT('',(-5.6833092167,2.7365998036,14.5059847558));
#2316=CARTESIAN_POINT('',(-5.6882806788,2.7199368355,14.5099654074));
#2317=CARTESIAN_POINT('',(-5.6905410899,2.7115344337,14.511941186));
#2318=CARTESIAN_POINT('',(-5.6946049232,2.6946111757,14.5158580326));
#2319=CARTESIAN_POINT('',(-5.6964083448,2.6860903216,14.5177991001));
#2320=CARTESIAN_POINT('',(-5.697980719,2.6775220969,14.5197200511));
#2321=CARTESIAN_POINT('',(-5.6806980842,2.7635144195,14.3207794982));
#2322=CARTESIAN_POINT('',(-5.6840436781,2.7564968785,14.322831847));
#2323=CARTESIAN_POINT('',(-5.687218214,2.7493965679,14.324879445));
#2324=CARTESIAN_POINT('',(-5.693218205,2.7350460388,14.32896047));
#2325=CARTESIAN_POINT('',(-5.6960436596,2.7277958215,14.3309938968));
#2326=CARTESIAN_POINT('',(-5.7013392728,2.7131614346,14.3350419401));
#2327=CARTESIAN_POINT('',(-5.703809431,2.7057772662,14.3370565563));
#2328=CARTESIAN_POINT('',(-5.708389,2.6908912216,14.3410623796));
#2329=CARTESIAN_POINT('',(-5.7104984106,2.6833893465,14.3430535864));
#2330=CARTESIAN_POINT('',(-5.7143518084,2.6682843871,14.3470080421));
#2331=CARTESIAN_POINT('',(-5.7160957954,2.660681304,14.3489712908));
#2332=CARTESIAN_POINT('',(-5.7176551255,2.6530359756,14.3509183164));
#2333=CARTESIAN_POINT('',(-5.723776094,2.6879599157,14.0627689378));
#2334=CARTESIAN_POINT('',(-5.7262774267,2.6825054258,14.0648221137));
#2335=CARTESIAN_POINT('',(-5.7286705983,2.6770002798,14.0668723037));
#2336=CARTESIAN_POINT('',(-5.7332372747,2.6658963921,14.0709637733));
#2337=CARTESIAN_POINT('',(-5.7354107792,2.6602976509,14.0730050528));
#2338=CARTESIAN_POINT('',(-5.7395350768,2.6490144183,14.0770757747));
#2339=CARTESIAN_POINT('',(-5.7414858697,2.6433299273,14.0791052169));
#2340=CARTESIAN_POINT('',(-5.7451620042,2.6318831583,14.083149354));
#2341=CARTESIAN_POINT('',(-5.7468873457,2.6261208807,14.0851640486));
#2342=CARTESIAN_POINT('',(-5.7501101462,2.6145266089,14.0891758001));
#2343=CARTESIAN_POINT('',(-5.7516076051,2.608694615,14.0911728568));
#2344=CARTESIAN_POINT('',(-5.7529900629,2.6028318462,14.0931596616));
#2345=CARTESIAN_POINT('',(-5.7404969448,2.6577256991,13.9708868435));
#2346=CARTESIAN_POINT('',(-5.7426704833,2.6528936772,13.9729403177));
#2347=CARTESIAN_POINT('',(-5.74475829,2.6480221481,13.9749914319));
#2348=CARTESIAN_POINT('',(-5.7487601833,2.6382053598,13.9790866166));
#2349=CARTESIAN_POINT('',(-5.7506742698,2.6332601008,13.9811306871));
#2350=CARTESIAN_POINT('',(-5.7543266505,2.6233012155,13.9852094679));
#2351=CARTESIAN_POINT('',(-5.7560649447,2.6182875894,13.9872441781));
#2352=CARTESIAN_POINT('',(-5.7593638548,2.6081974055,13.9913019318));
#2353=CARTESIAN_POINT('',(-5.7609244707,2.6031208478,13.9933249752));
#2354=CARTESIAN_POINT('',(-5.7638663269,2.5929103032,13.9973571012));
#2355=CARTESIAN_POINT('',(-5.7652475671,2.5877763165,13.9993661836));
#2356=CARTESIAN_POINT('',(-5.766538366,2.5826163971,14.0013671459));
#2357=CARTESIAN_POINT('',(-5.7722076784,2.5961798477,13.8346859775));
#2358=CARTESIAN_POINT('',(-5.7737563421,2.5926066798,13.8367399401));
#2359=CARTESIAN_POINT('',(-5.775252649,2.5890100197,13.838792468));
#2360=CARTESIAN_POINT('',(-5.7781395522,2.5817721205,13.8428932409));
#2361=CARTESIAN_POINT('',(-5.7795301485,2.5781308813,13.8449414858));
#2362=CARTESIAN_POINT('',(-5.7822047023,2.5708062582,13.8490322816));
#2363=CARTESIAN_POINT('',(-5.7834886598,2.5671228742,13.8510748325));
#2364=CARTESIAN_POINT('',(-5.7859490774,2.5597164231,13.8551528331));
#2365=CARTESIAN_POINT('',(-5.7871255374,2.5559933561,13.8571882827));
#2366=CARTESIAN_POINT('',(-5.7893701715,2.5485100266,13.8612506781));
#2367=CARTESIAN_POINT('',(-5.7904383456,2.5447497642,13.8632776238));
#2368=CARTESIAN_POINT('',(-5.7914520176,2.5409721603,13.865299619));
#2369=CARTESIAN_POINT('',(-5.7846790472,2.5713672216,13.7866164534));
#2370=CARTESIAN_POINT('',(-5.7859815537,2.5683003183,13.7886705973));
#2371=CARTESIAN_POINT('',(-5.7872435118,2.565215462,13.7907236325));
#2372=CARTESIAN_POINT('',(-5.7896856998,2.5590113936,13.794826393));
#2373=CARTESIAN_POINT('',(-5.7908659298,2.5558921814,13.7968761183));
#2374=CARTESIAN_POINT('',(-5.7931440712,2.5496209685,13.8009711675));
#2375=CARTESIAN_POINT('',(-5.7942419827,2.5464689677,13.8030164915));
#2376=CARTESIAN_POINT('',(-5.7963549376,2.5401337613,13.8071016493));
#2377=CARTESIAN_POINT('',(-5.7973699811,2.5369505556,13.8091414831));
#2378=CARTESIAN_POINT('',(-5.7993166917,2.5305545385,13.8132145743));
#2379=CARTESIAN_POINT('',(-5.8002483588,2.527341727,13.8152478317));
#2380=CARTESIAN_POINT('',(-5.8011381042,2.5241149197,13.8172772593));
#2381=CARTESIAN_POINT('',(-5.8064397392,2.5253462875,13.7273453843));
#2382=CARTESIAN_POINT('',(-5.8073095679,2.5232157958,13.7293997948));
#2383=CARTESIAN_POINT('',(-5.8081534661,2.5210740382,13.7314534984));
#2384=CARTESIAN_POINT('',(-5.8097891219,2.5167687027,13.735558795));
#2385=CARTESIAN_POINT('',(-5.8105808795,2.5146051249,13.7376103881));
#2386=CARTESIAN_POINT('',(-5.8121119918,2.5102568676,13.7417107675));
#2387=CARTESIAN_POINT('',(-5.8128513464,2.5080721882,13.7437595538));
#2388=CARTESIAN_POINT('',(-5.8142774077,2.5036824535,13.7478536243));
#2389=CARTESIAN_POINT('',(-5.8149641143,2.5014773983,13.7498989085));
#2390=CARTESIAN_POINT('',(-5.8162846517,2.4970476442,13.7539852806));
#2391=CARTESIAN_POINT('',(-5.8169184825,2.4948229455,13.7560263686));
#2392=CARTESIAN_POINT('',(-5.8175257703,2.4925887944,13.758065012));
#2393=CARTESIAN_POINT('',(-5.8133554773,2.5104424342,13.711016796));
#2394=CARTESIAN_POINT('',(-5.8140874714,2.5086149565,13.7130712861));
#2395=CARTESIAN_POINT('',(-5.8147975705,2.5067780354,13.71512518));
#2396=CARTESIAN_POINT('',(-5.8161737821,2.503085817,13.7192311878));
#2397=CARTESIAN_POINT('',(-5.8168398946,2.5012305196,13.7212833016));
#2398=CARTESIAN_POINT('',(-5.8181279485,2.4975020641,13.7253851619));
#2399=CARTESIAN_POINT('',(-5.81874989,2.4956289061,13.7274349083));
#2400=CARTESIAN_POINT('',(-5.8199494301,2.4918652498,13.7315314469));
#2401=CARTESIAN_POINT('',(-5.8205270286,2.4899747516,13.7335782392));
#2402=CARTESIAN_POINT('',(-5.8216377231,2.4861769406,13.7376682837));
#2403=CARTESIAN_POINT('',(-5.822170819,2.4842696278,13.739711536));
#2404=CARTESIAN_POINT('',(-5.8226815901,2.4823541727,13.7417527258));
#2405=CARTESIAN_POINT('',(-5.8260980372,2.4820941546,13.6889341577));
#2406=CARTESIAN_POINT('',(-5.8265748296,2.4808427273,13.6909887764));
#2407=CARTESIAN_POINT('',(-5.827035194,2.4795843061,13.6930429488));
#2408=CARTESIAN_POINT('',(-5.827922971,2.4770537392,13.6971499605));
#2409=CARTESIAN_POINT('',(-5.8283503835,2.4757815935,13.6992027998));
#2410=CARTESIAN_POINT('',(-5.8291721679,2.4732238438,13.7033067056));
#2411=CARTESIAN_POINT('',(-5.8295665397,2.4719382398,13.705357772));
#2412=CARTESIAN_POINT('',(-5.8303221605,2.4693538424,13.7094576923));
#2413=CARTESIAN_POINT('',(-5.8306834095,2.4680550491,13.7115065461));
#2414=CARTESIAN_POINT('',(-5.8313727097,2.4654445448,13.7156016022));
#2415=CARTESIAN_POINT('',(-5.8317007609,2.4641328338,13.7176478044));
#2416=CARTESIAN_POINT('',(-5.8320121793,2.4628148013,13.7196924615));
#2417=CARTESIAN_POINT('',(-5.8315600621,2.4697298789,13.6813894173));
#2418=CARTESIAN_POINT('',(-5.8319271665,2.4687296299,13.6834440868));
#2419=CARTESIAN_POINT('',(-5.8322797139,2.4677232192,13.6854983611));
#2420=CARTESIAN_POINT('',(-5.8329556294,2.465698261,13.6896057296));
#2421=CARTESIAN_POINT('',(-5.8332789977,2.4646797134,13.6916588238));
#2422=CARTESIAN_POINT('',(-5.8338964955,2.4626306703,13.6957634424));
#2423=CARTESIAN_POINT('',(-5.834190625,2.4616001747,13.6978149669));
#2424=CARTESIAN_POINT('',(-5.8347495914,2.4595274266,13.7019160569));
#2425=CARTESIAN_POINT('',(-5.8350144282,2.4584851741,13.7039656223));
#2426=CARTESIAN_POINT('',(-5.8355147607,2.4563891055,13.7080624054));
#2427=CARTESIAN_POINT('',(-5.8357502563,2.4553352894,13.7101096231));
#2428=CARTESIAN_POINT('',(-5.8359710599,2.4542757892,13.7121554725));
#2429=CARTESIAN_POINT('',(-5.8417226548,2.4461516432,13.6725252604));
#2430=CARTESIAN_POINT('',(-5.8418847835,2.4456304218,13.6745800114));
#2431=CARTESIAN_POINT('',(-5.8420345507,2.4451040261,13.6766344273));
#2432=CARTESIAN_POINT('',(-5.8423093389,2.4440409683,13.6807422586));
#2433=CARTESIAN_POINT('',(-5.8424343599,2.4435043062,13.6827956741));
#2434=CARTESIAN_POINT('',(-5.8426596368,2.4424207991,13.6869011741));
#2435=CARTESIAN_POINT('',(-5.8427598927,2.4418739542,13.6889532587));
#2436=CARTESIAN_POINT('',(-5.8429356243,2.4407701668,13.6930557671));
#2437=CARTESIAN_POINT('',(-5.8430111,2.4402132244,13.6951061908));
#2438=CARTESIAN_POINT('',(-5.8431372601,2.4390893291,13.6992050475));
#2439=CARTESIAN_POINT('',(-5.8431879445,2.4385223761,13.7012534805));
#2440=CARTESIAN_POINT('',(-5.8432262296,2.4379504621,13.7033007533));
#2441=CARTESIAN_POINT('',(-5.8464128581,2.4350769789,13.6701750363));
#2442=CARTESIAN_POINT('',(-5.8464800857,2.4347807731,13.6722298204));
#2443=CARTESIAN_POINT('',(-5.8465355321,2.4344796605,13.6742842854));
#2444=CARTESIAN_POINT('',(-5.8466228544,2.4338676676,13.6783922627));
#2445=CARTESIAN_POINT('',(-5.8466547302,2.4335567874,13.6804457749));
#2446=CARTESIAN_POINT('',(-5.8466949064,2.4329253068,13.6845515319));
#2447=CARTESIAN_POINT('',(-5.8467032068,2.4326047063,13.6866037767));
#2448=CARTESIAN_POINT('',(-5.8466962311,2.4319538342,13.6907066845));
#2449=CARTESIAN_POINT('',(-5.8466809549,2.4316235624,13.6927573476));
#2450=CARTESIAN_POINT('',(-5.8466268283,2.430953398,13.6968567777));
#2451=CARTESIAN_POINT('',(-5.846587978,2.4306135053,13.6989055448));
#2452=CARTESIAN_POINT('',(-5.8465373436,2.4302688281,13.700953207));
#2453=CARTESIAN_POINT('',(-5.8555943441,2.4129546226,13.6695711921));
#2454=CARTESIAN_POINT('',(-5.8554750458,2.4131080836,13.6716260297));
#2455=CARTESIAN_POINT('',(-5.8553440992,2.4132567447,13.6736805523));
#2456=CARTESIAN_POINT('',(-5.8550589293,2.4135444446,13.6777886569));
#2457=CARTESIAN_POINT('',(-5.854904706,2.4136834834,13.6798422389));
#2458=CARTESIAN_POINT('',(-5.8545730061,2.4139519174,13.6839481516));
#2459=CARTESIAN_POINT('',(-5.8543955294,2.4140813125,13.6860004825));
#2460=CARTESIAN_POINT('',(-5.8540173498,2.4143304394,13.6901035825));
#2461=CARTESIAN_POINT('',(-5.8538166467,2.4144501712,13.6921543518));
#2462=CARTESIAN_POINT('',(-5.8533920447,2.414679953,13.6962540187));
#2463=CARTESIAN_POINT('',(-5.8531681458,2.414790003,13.6983029163));
#2464=CARTESIAN_POINT('',(-5.8529326658,2.4148952038,13.7003507232));
#2465=CARTESIAN_POINT('',(-5.8601883331,2.4016569548,13.6713335808));
#2466=CARTESIAN_POINT('',(-5.8599753172,2.4020401551,13.6733884392));
#2467=CARTESIAN_POINT('',(-5.8597502007,2.4024183944,13.6754429706));
#2468=CARTESIAN_POINT('',(-5.8592758007,2.4031648941,13.6795510571));
#2469=CARTESIAN_POINT('',(-5.8590265172,2.4035331545,13.6816046121));
#2470=CARTESIAN_POINT('',(-5.8585038215,2.404259641,13.6857104233));
#2471=CARTESIAN_POINT('',(-5.8582304093,2.4046178671,13.6877626795));
#2472=CARTESIAN_POINT('',(-5.857659498,2.4053242311,13.6918655709));
#2473=CARTESIAN_POINT('',(-5.8573619989,2.4056723691,13.6939162061));
#2474=CARTESIAN_POINT('',(-5.8567429596,2.4063585045,13.6980155337));
#2475=CARTESIAN_POINT('',(-5.8564214193,2.406696502,13.7000642261));
#2476=CARTESIAN_POINT('',(-5.8560878832,2.4070294039,13.7021117862));
#2477=CARTESIAN_POINT('',(-5.8698814089,2.3773653663,13.679155423));
#2478=CARTESIAN_POINT('',(-5.8694698258,2.3782428815,13.681210312));
#2479=CARTESIAN_POINT('',(-5.8690441452,2.3791146841,13.6832648208));
#2480=CARTESIAN_POINT('',(-5.8681646653,2.3808467087,13.6873727026));
#2481=CARTESIAN_POINT('',(-5.867710866,2.3817069309,13.6894260757));
#2482=CARTESIAN_POINT('',(-5.8667752296,2.3834156416,13.6935313113));
#2483=CARTESIAN_POINT('',(-5.8662933927,2.3842641302,13.6955831738));
#2484=CARTESIAN_POINT('',(-5.8653017673,2.385949223,13.6996850136));
#2485=CARTESIAN_POINT('',(-5.864791979,2.3867858271,13.7017349908));
#2486=CARTESIAN_POINT('',(-5.8637445424,2.3884470023,13.7058326859));
#2487=CARTESIAN_POINT('',(-5.863206894,2.3892715733,13.7078804037));
#2488=CARTESIAN_POINT('',(-5.8626553639,2.3900900543,13.7099268048));
#2489=CARTESIAN_POINT('',(-5.8749023848,2.3644375945,13.6863231996));
#2490=CARTESIAN_POINT('',(-5.8743873129,2.3655784442,13.6883780943));
#2491=CARTESIAN_POINT('',(-5.8738563168,2.3667128801,13.6904325598));
#2492=CARTESIAN_POINT('',(-5.872762583,2.368968697,13.6945402091));
#2493=CARTESIAN_POINT('',(-5.8721998453,2.370090078,13.6965933928));
#2494=CARTESIAN_POINT('',(-5.8710427416,2.3723195607,13.7006980556));
#2495=CARTESIAN_POINT('',(-5.8704483755,2.3734276624,13.7027495345));
#2496=CARTESIAN_POINT('',(-5.8692281348,2.3756303644,13.7068503649));
#2497=CARTESIAN_POINT('',(-5.86860226,2.3767249648,13.7088997163));
#2498=CARTESIAN_POINT('',(-5.8673191279,2.3789004452,13.7129958692));
#2499=CARTESIAN_POINT('',(-5.8666618704,2.3799813252,13.7150426708));
#2500=CARTESIAN_POINT('',(-5.8659889878,2.3810552369,13.7170879864));
#2501=CARTESIAN_POINT('',(-5.8873065692,2.3318580336,13.7098391898));
#2502=CARTESIAN_POINT('',(-5.8865345648,2.3336632528,13.7118940765));
#2503=CARTESIAN_POINT('',(-5.8857406246,2.335459768,13.7139483732));
#2504=CARTESIAN_POINT('',(-5.8841090895,2.3390349025,13.7180552048));
#2505=CARTESIAN_POINT('',(-5.8832714945,2.3408135217,13.7201077397));
#2506=CARTESIAN_POINT('',(-5.8815528781,2.3443523814,13.724210466));
#2507=CARTESIAN_POINT('',(-5.8806718568,2.3461126218,13.7262606576));
#2508=CARTESIAN_POINT('',(-5.8788666282,2.3496142459,13.7303581165));
#2509=CARTESIAN_POINT('',(-5.8779424209,2.3513556295,13.7324053839));
#2510=CARTESIAN_POINT('',(-5.8760510729,2.3548190672,13.7364964146));
#2511=CARTESIAN_POINT('',(-5.8750839322,2.3565411213,13.7385401778));
#2512=CARTESIAN_POINT('',(-5.8740954567,2.358253277,13.7405818996));
#2513=CARTESIAN_POINT('',(-5.8938061641,2.3140114773,13.7291785604));
#2514=CARTESIAN_POINT('',(-5.8928979955,2.316181516,13.7312334161));
#2515=CARTESIAN_POINT('',(-5.8919629287,2.3183409781,13.7332875493));
#2516=CARTESIAN_POINT('',(-5.890039315,2.3226380216,13.7373936579));
#2517=CARTESIAN_POINT('',(-5.889050768,2.324775603,13.7394456333));
#2518=CARTESIAN_POINT('',(-5.8870205277,2.3290281646,13.7435467144));
#2519=CARTESIAN_POINT('',(-5.8859788345,2.331143145,13.7455958201));
#2520=CARTESIAN_POINT('',(-5.8838426535,2.3353497919,13.7496904509));
#2521=CARTESIAN_POINT('',(-5.8827481656,2.3374414585,13.751735976));
#2522=CARTESIAN_POINT('',(-5.8805067648,2.3416007731,13.7558227357));
#2523=CARTESIAN_POINT('',(-5.8793598518,2.343668421,13.7578639704));
#2524=CARTESIAN_POINT('',(-5.8781869196,2.3457237112,13.7599027057));
#2525=CARTESIAN_POINT('',(-5.9180843448,2.2456562055,13.8167762187));
#2526=CARTESIAN_POINT('',(-5.9166638618,2.2492264583,13.8188308856));
#2527=CARTESIAN_POINT('',(-5.9151938771,2.2527777529,13.8208842274));
#2528=CARTESIAN_POINT('',(-5.9121557479,2.2598404041,13.8249869541));
#2529=CARTESIAN_POINT('',(-5.9105876035,2.2633517606,13.827036339));
#2530=CARTESIAN_POINT('',(-5.9073540538,2.2703325361,13.8311298477));
#2531=CARTESIAN_POINT('',(-5.9056886485,2.2738019551,13.8331739714));
#2532=CARTESIAN_POINT('',(-5.9022615299,2.2806968797,13.8372556563));
#2533=CARTESIAN_POINT('',(-5.9004998166,2.2841223853,13.8392932175));
#2534=CARTESIAN_POINT('',(-5.8968810891,2.2909275314,13.8433604796));
#2535=CARTESIAN_POINT('',(-5.8950240749,2.2943071718,13.8453901805));
#2536=CARTESIAN_POINT('',(-5.8931199402,2.2976629168,13.8474153047));
#2537=CARTESIAN_POINT('',(-5.9291512279,2.2101299462,13.8963576581));
#2538=CARTESIAN_POINT('',(-5.9274876023,2.2144354793,13.8984120457));
#2539=CARTESIAN_POINT('',(-5.9257536398,2.2187146698,13.9004645556));
#2540=CARTESIAN_POINT('',(-5.922146542,2.2272166825,13.9045639698));
#2541=CARTESIAN_POINT('',(-5.9202734066,2.2314395046,13.906610874));
#2542=CARTESIAN_POINT('',(-5.9163895785,2.2398251437,13.9106972309));
#2543=CARTESIAN_POINT('',(-5.9143788856,2.2439879606,13.9127366835));
#2544=CARTESIAN_POINT('',(-5.9102216711,2.2522500015,13.9168062976));
#2545=CARTESIAN_POINT('',(-5.9080751495,2.2563492255,13.918836459));
#2546=CARTESIAN_POINT('',(-5.9036481179,2.2644805448,13.9228856586));
#2547=CARTESIAN_POINT('',(-5.9013676081,2.2685126401,13.9249046967));
#2548=CARTESIAN_POINT('',(-5.8990210798,2.2725094306,13.9269172617));
#2549=CARTESIAN_POINT('',(-5.9612772458,2.103309159,14.1613218968));
#2550=CARTESIAN_POINT('',(-5.958897515,2.1098385428,14.1633751756));
#2551=CARTESIAN_POINT('',(-5.9563770745,2.1163175945,14.1654247185));
#2552=CARTESIAN_POINT('',(-5.951058948,2.1291643829,14.1695126559));
#2553=CARTESIAN_POINT('',(-5.9482612622,2.1355321191,14.1715510502));
#2554=CARTESIAN_POINT('',(-5.9423932555,2.1481458004,14.1756130311));
#2555=CARTESIAN_POINT('',(-5.9393229348,2.1543917449,14.1776366176));
#2556=CARTESIAN_POINT('',(-5.9329146987,2.1667515578,14.181665347));
#2557=CARTESIAN_POINT('',(-5.9295767835,2.1728654255,14.1836704897));
#2558=CARTESIAN_POINT('',(-5.9226388203,2.1849510066,14.1876587247));
#2559=CARTESIAN_POINT('',(-5.9190387725,2.1909227193,14.1896418169));
#2560=CARTESIAN_POINT('',(-5.9153105963,2.1968184266,14.1916120977));
#2561=CARTESIAN_POINT('',(-5.9736646855,2.0519545367,14.3566923897));
#2562=CARTESIAN_POINT('',(-5.9709868314,2.0595689287,14.3587446564));
#2563=CARTESIAN_POINT('',(-5.9681151801,2.0671163135,14.3607917968));
#2564=CARTESIAN_POINT('',(-5.9619911483,2.0820591245,14.3648707876));
#2565=CARTESIAN_POINT('',(-5.9587387683,2.0894545494,14.3669026376));
#2566=CARTESIAN_POINT('',(-5.9518610163,2.1040758427,14.3709460445));
#2567=CARTESIAN_POINT('',(-5.9482356448,2.1113017097,14.3729576011));
#2568=CARTESIAN_POINT('',(-5.9406205005,2.1255666747,14.3769554643));
#2569=CARTESIAN_POINT('',(-5.9366307284,2.1326057715,14.3789417706));
#2570=CARTESIAN_POINT('',(-5.9282962095,2.1464804073,14.3828842346));
#2571=CARTESIAN_POINT('',(-5.9239514633,2.153315945,14.3848403919));
#2572=CARTESIAN_POINT('',(-5.9194343507,2.1600415391,14.3867790599));
#2573=CARTESIAN_POINT('',(-5.9948244924,1.9581809758,14.7458209386));
#2574=CARTESIAN_POINT('',(-5.9916415363,1.9677356512,14.7478717022));
#2575=CARTESIAN_POINT('',(-5.9881603488,1.9771924727,14.7499146186));
#2576=CARTESIAN_POINT('',(-5.9806144168,1.9958754317,14.7539770653));
#2577=CARTESIAN_POINT('',(-5.9765496739,2.0051015649,14.7559965947));
#2578=CARTESIAN_POINT('',(-5.967851671,2.023289005,14.7600046592));
#2579=CARTESIAN_POINT('',(-5.9632184129,2.0322503079,14.7619931934));
#2580=CARTESIAN_POINT('',(-5.9534004959,2.0498749113,14.7659317725));
#2581=CARTESIAN_POINT('',(-5.9482158393,2.058538208,14.7678818166));
#2582=CARTESIAN_POINT('',(-5.9373142571,2.0755347087,14.7717360611));
#2583=CARTESIAN_POINT('',(-5.931597334,2.083867909,14.7736402607));
#2584=CARTESIAN_POINT('',(-5.9256248154,2.0920206187,14.7755179451));
#2585=CARTESIAN_POINT('',(-6.0026375875,1.917782069,14.9423936127));
#2586=CARTESIAN_POINT('',(-5.9992597072,1.9281709807,14.9444436324));
#2587=CARTESIAN_POINT('',(-5.9955306172,1.9384473369,14.9464844315));
#2588=CARTESIAN_POINT('',(-5.9873863649,1.9587299864,14.950538562));
#2589=CARTESIAN_POINT('',(-5.9829712052,1.9687362733,14.9525518919));
#2590=CARTESIAN_POINT('',(-5.9734741322,1.9884349883,14.9565421734));
#2591=CARTESIAN_POINT('',(-5.9683922219,1.9981274102,14.9585191237));
#2592=CARTESIAN_POINT('',(-5.9575838516,2.0171559552,14.9624278926));
#2593=CARTESIAN_POINT('',(-5.951857395,2.0264920722,14.96435971));
#2594=CARTESIAN_POINT('',(-5.9397849267,2.044767104,14.9681696554));
#2595=CARTESIAN_POINT('',(-5.9334389188,2.0537060129,14.9700477821));
#2596=CARTESIAN_POINT('',(-5.926796973,2.0624267247,14.9718949014));
#2597=CARTESIAN_POINT('',(-6.0219846256,1.8068542897,15.5291024135));
#2598=CARTESIAN_POINT('',(-6.0181076742,1.8195329348,15.5311502105));
#2599=CARTESIAN_POINT('',(-6.0137208163,1.8320572249,15.5331846877));
#2600=CARTESIAN_POINT('',(-6.0039547288,1.8567190709,15.5372140058));
#2601=CARTESIAN_POINT('',(-5.9985755055,1.8688566114,15.539208844));
#2602=CARTESIAN_POINT('',(-5.9868582126,1.8926692719,15.5431461244));
#2603=CARTESIAN_POINT('',(-5.9805201502,1.9043443769,15.545088564));
#2604=CARTESIAN_POINT('',(-5.9669245756,1.9271593048,15.5489086081));
#2605=CARTESIAN_POINT('',(-5.9596670718,1.9382991134,15.5507862102));
#2606=CARTESIAN_POINT('',(-5.9442776459,1.9599738511,15.5544645374));
#2607=CARTESIAN_POINT('',(-5.9361457332,1.9705087665,15.5562652602));
#2608=CARTESIAN_POINT('',(-5.9276018093,1.9807082852,15.5580217591));
#2609=CARTESIAN_POINT('',(-6.0296594389,1.7453740971,15.9222264616));
#2610=CARTESIAN_POINT('',(-6.0255582065,1.7593204469,15.9242727659));
#2611=CARTESIAN_POINT('',(-6.0208399845,1.7730871594,15.9263030039));
#2612=CARTESIAN_POINT('',(-6.0102055112,1.8001568071,15.9303157091));
#2613=CARTESIAN_POINT('',(-6.00428927,1.8134597171,15.9322981724));
#2614=CARTESIAN_POINT('',(-5.991303681,1.8395006776,15.9362000394));
#2615=CARTESIAN_POINT('',(-5.9842343454,1.8522387039,15.9381194393));
#2616=CARTESIAN_POINT('',(-5.9689961185,1.8770530279,15.9418803624));
#2617=CARTESIAN_POINT('',(-5.9608272414,1.8891293024,15.9437218819));
#2618=CARTESIAN_POINT('',(-5.9434517197,1.9125281785,15.9473128104));
#2619=CARTESIAN_POINT('',(-5.934245091,1.923850758,15.9490622157));
#2620=CARTESIAN_POINT('',(-5.9245543663,1.9347533288,15.9507587937));
#2621=CARTESIAN_POINT('',(-6.0407261426,1.6329589165,16.7079028231));
#2622=CARTESIAN_POINT('',(-6.0362638578,1.6492296877,16.7099459793));
#2623=CARTESIAN_POINT('',(-6.0309689252,1.6652743186,16.7119675622));
#2624=CARTESIAN_POINT('',(-6.0187680928,1.6967470241,16.7159466888));
#2625=CARTESIAN_POINT('',(-6.0118622141,1.7121750443,16.7179042255));
#2626=CARTESIAN_POINT('',(-5.9965102327,1.7422564143,16.7217350036));
#2627=CARTESIAN_POINT('',(-5.9880641564,1.756909712,16.7236082384));
#2628=CARTESIAN_POINT('',(-5.9697181926,1.785291394,16.7272510145));
#2629=CARTESIAN_POINT('',(-5.9598183366,1.7990197292,16.7290205493));
#2630=CARTESIAN_POINT('',(-5.9386660237,1.8254106323,16.7324375824));
#2631=CARTESIAN_POINT('',(-5.9274136032,1.8380731546,16.7340850746));
#2632=CARTESIAN_POINT('',(-5.9155423761,1.8501377732,16.7356629978));
#2633=CARTESIAN_POINT('',(-6.0439200967,1.5823915595,17.1014762037));
#2634=CARTESIAN_POINT('',(-6.0393250428,1.5997112379,17.103517702));
#2635=CARTESIAN_POINT('',(-6.0337884807,1.6167835081,17.1055348597));
#2636=CARTESIAN_POINT('',(-6.0208965741,1.6502355643,17.1094969808));
#2637=CARTESIAN_POINT('',(-6.0135412581,1.6666152763,17.1114419353));
#2638=CARTESIAN_POINT('',(-5.9970970507,1.69849237,17.1152369494));
#2639=CARTESIAN_POINT('',(-5.9880081956,1.7139896812,17.1170870005));
#2640=CARTESIAN_POINT('',(-5.9682020772,1.7439222704,17.1206706));
#2641=CARTESIAN_POINT('',(-5.9574848575,1.7583574822,17.1224041404));
#2642=CARTESIAN_POINT('',(-5.9345459381,1.7859983662,17.1257344522));
#2643=CARTESIAN_POINT('',(-5.922324289,1.7992039771,17.1273312161));
#2644=CARTESIAN_POINT('',(-5.9094210391,1.8117181212,17.1288502504));
#2645=CARTESIAN_POINT('',(-6.049428634,1.4406706571,18.2830797905));
#2646=CARTESIAN_POINT('',(-6.0445162898,1.4609482201,18.2851158518));
#2647=CARTESIAN_POINT('',(-6.0383324174,1.4809194257,18.2871192097));
#2648=CARTESIAN_POINT('',(-6.0235172031,1.5199418508,18.2910291553));
#2649=CARTESIAN_POINT('',(-6.0148859187,1.5389929194,18.2929357274));
#2650=CARTESIAN_POINT('',(-5.9953087529,1.5758814875,18.2966221775));
#2651=CARTESIAN_POINT('',(-5.984362947,1.5937188443,18.2984020408));
#2652=CARTESIAN_POINT('',(-5.9603248228,1.6279048207,18.3018070767));
#2653=CARTESIAN_POINT('',(-5.9472325968,1.6442533077,18.3034322357));
#2654=CARTESIAN_POINT('',(-5.919102409,1.6752089309,18.306502221));
#2655=CARTESIAN_POINT('',(-5.904064555,1.6898159465,18.3079470349));
#2656=CARTESIAN_POINT('',(-5.8881690636,1.703439159,18.3092902346));
#2657=CARTESIAN_POINT('',(-6.0477299459,1.3592767132,19.0726701783));
#2658=CARTESIAN_POINT('',(-6.042712712,1.3812789249,19.074702009));
#2659=CARTESIAN_POINT('',(-6.0361992399,1.4029418804,19.0766954766));
#2660=CARTESIAN_POINT('',(-6.020298463,1.4451964422,19.0805690982));
#2661=CARTESIAN_POINT('',(-6.0109112437,1.465787822,19.0824492308));
#2662=CARTESIAN_POINT('',(-5.9894332723,1.5055251651,19.0860615842));
#2663=CARTESIAN_POINT('',(-5.9773426347,1.5246709149,19.0877937849));
#2664=CARTESIAN_POINT('',(-5.9506766656,1.5611687857,19.0910783322));
#2665=CARTESIAN_POINT('',(-5.9361014757,1.5785207098,19.0926306605));
#2666=CARTESIAN_POINT('',(-5.9047299302,1.6111147379,19.0955267535));
#2667=CARTESIAN_POINT('',(-5.8879337409,1.6263566651,19.0968705019));
#2668=CARTESIAN_POINT('',(-5.8701787625,1.6404044044,19.0980974901));
#2669=CARTESIAN_POINT('',(-6.0347847463,1.1357256454,21.4384604807));
#2670=CARTESIAN_POINT('',(-6.0295968649,1.1625951797,21.4404757828));
#2671=CARTESIAN_POINT('',(-6.0222179626,1.1890407222,21.4424352797));
#2672=CARTESIAN_POINT('',(-6.0032713947,1.2403973077,21.4461903666));
#2673=CARTESIAN_POINT('',(-5.9917039368,1.2653077901,21.4479859136));
#2674=CARTESIAN_POINT('',(-5.9646806351,1.3129457841,21.4513648972));
#2675=CARTESIAN_POINT('',(-5.9492250843,1.3356727742,21.4529482948));
#2676=CARTESIAN_POINT('',(-5.9148253064,1.3783508113,21.4558601964));
#2677=CARTESIAN_POINT('',(-5.8958814506,1.3983013889,21.4571886662));
#2678=CARTESIAN_POINT('',(-5.8549941124,1.4349040398,21.4595544501));
#2679=CARTESIAN_POINT('',(-5.8330510703,1.451555707,21.4605917359));
#2680=CARTESIAN_POINT('',(-5.8098913039,1.4663386347,21.4614690429));
#2681=CARTESIAN_POINT('',(-6.0156915856,1.0136064452,23.0168351468));
#2682=CARTESIAN_POINT('',(-6.0106093054,1.0431896244,23.0188374927));
#2683=CARTESIAN_POINT('',(-6.0028636718,1.0723147158,23.0207722572));
#2684=CARTESIAN_POINT('',(-5.98229339,1.1287253025,23.0244441638));
#2685=CARTESIAN_POINT('',(-5.9694690775,1.1560098811,23.0261812432));
#2686=CARTESIAN_POINT('',(-5.9391480885,1.2078716673,23.0294013651));
#2687=CARTESIAN_POINT('',(-5.9216518996,1.2324480284,23.030884352));
#2688=CARTESIAN_POINT('',(-5.8825400246,1.2781097187,23.0335478341));
#2689=CARTESIAN_POINT('',(-5.8609249641,1.2991942961,23.0347282826));
#2690=CARTESIAN_POINT('',(-5.814257669,1.3371969365,23.0367477332));
#2691=CARTESIAN_POINT('',(-5.7892061806,1.3541143643,23.0375866989));
#2692=CARTESIAN_POINT('',(-5.7628316705,1.3686753248,23.0382408421));
#2693=CARTESIAN_POINT('',(-5.976114634,0.8271119264,25.6945713131));
#2694=CARTESIAN_POINT('',(-5.9713541192,0.8609826738,25.6965451127));
#2695=CARTESIAN_POINT('',(-5.9631043017,0.8943651813,25.6984307773));
#2696=CARTESIAN_POINT('',(-5.9399707568,0.9587625393,25.7019467813));
#2697=CARTESIAN_POINT('',(-5.9250877012,0.9897755212,25.7035770173));
#2698=CARTESIAN_POINT('',(-5.8893089958,1.0481372909,25.7065135061));
#2699=CARTESIAN_POINT('',(-5.868414382,1.0754843837,25.7078196723));
#2700=CARTESIAN_POINT('',(-5.8214841944,1.1253701576,25.7100528551));
#2701=CARTESIAN_POINT('',(-5.7954499782,1.147907387,25.7109798055));
#2702=CARTESIAN_POINT('',(-5.7393264542,1.1872289995,25.7124151884));
#2703=CARTESIAN_POINT('',(-5.7092387698,1.2040122342,25.7129235776));
#2704=CARTESIAN_POINT('',(-5.6777511198,1.2175663313,25.7132117489));
#2705=CARTESIAN_POINT('',(-5.9575668319,0.7570858016,26.7938422733));
#2706=CARTESIAN_POINT('',(-5.9529855993,0.7926057135,26.795802671));
#2707=CARTESIAN_POINT('',(-5.9445702574,0.8276332732,26.7976663658));
#2708=CARTESIAN_POINT('',(-5.9204571053,0.8951021167,26.8011146943));
#2709=CARTESIAN_POINT('',(-5.9047601384,0.9275410427,26.802699206));
#2710=CARTESIAN_POINT('',(-5.8668027636,0.9883442606,26.8055159882));
#2711=CARTESIAN_POINT('',(-5.8445436787,1.0167064252,26.8067481586));
#2712=CARTESIAN_POINT('',(-5.7944810534,1.0680536241,26.8088031846));
#2713=CARTESIAN_POINT('',(-5.7666792563,1.0910368574,26.8096259665));
#2714=CARTESIAN_POINT('',(-5.706803906,1.1305688496,26.8108238715));
#2715=CARTESIAN_POINT('',(-5.6747324381,1.1471162149,26.8111989508));
#2716=CARTESIAN_POINT('',(-5.6412594246,1.1600643595,26.8113412815));
#2717=CARTESIAN_POINT('',(-5.937499546,0.6918140633,27.8933039592));
#2718=CARTESIAN_POINT('',(-5.9331283363,0.7289098777,27.8952488627));
#2719=CARTESIAN_POINT('',(-5.9245724438,0.7655165234,27.8970883547));
#2720=CARTESIAN_POINT('',(-5.8995189681,0.8359216569,27.9004645668));
#2721=CARTESIAN_POINT('',(-5.8830224415,0.8697171754,27.9020011445));
#2722=CARTESIAN_POINT('',(-5.8429144066,0.9328048129,27.904694436));
#2723=CARTESIAN_POINT('',(-5.8193045898,0.9620942711,27.9058510362));
#2724=CARTESIAN_POINT('',(-5.7661535182,1.0147004031,27.9077263314));
#2725=CARTESIAN_POINT('',(-5.7366145049,1.0380148583,27.9084449475));
#2726=CARTESIAN_POINT('',(-5.6730860611,1.0775011503,27.9094081956));
#2727=CARTESIAN_POINT('',(-5.6390993099,1.0936713219,27.909652787));
#2728=CARTESIAN_POINT('',(-5.6037394604,1.1058643778,27.9096542328));
#2729=B_SPLINE_SURFACE_WITH_KNOTS('',3,3,((#2153,#2154,#2155,#2156,#2157,#2158,#2159,#2160,#2161,#2162,#2163,#2164),
    (#2165,#2166,#2167,#2168,#2169,#2170,#2171,#2172,#2173,#2174,#2175,#2176),
    (#2177,#2178,#2179,#2180,#2181,#2182,#2183,#2184,#2185,#2186,#2187,#2188),
    (#2189,#2190,#2191,#2192,#2193,#2194,#2195,#2196,#2197,#2198,#2199,#2200),
    (#2201,#2202,#2203,#2204,#2205,#2206,#2207,#2208,#2209,#2210,#2211,#2212),
    (#2213,#2214,#2215,#2216,#2217,#2218,#2219,#2220,#2221,#2222,#2223,#2224),
    (#2225,#2226,#2227,#2228,#2229,#2230,#2231,#2232,#2233,#2234,#2235,#2236),
    (#2237,#2238,#2239,#2240,#2241,#2242,#2243,#2244,#2245,#2246,#2247,#2248),
    (#2249,#2250,#2251,#2252,#2253,#2254,#2255,#2256,#2257,#2258,#2259,#2260),
    (#2261,#2262,#2263,#2264,#2265,#2266,#2267,#2268,#2269,#2270,#2271,#2272),
    (#2273,#2274,#2275,#2276,#2277,#2278,#2279,#2280,#2281,#2282,#2283,#2284),
    (#2285,#2286,#2287,#2288,#2289,#2290,#2291,#2292,#2293,#2294,#2295,#2296),
    (#2297,#2298,#2299,#2300,#2301,#2302,#2303,#2304,#2305,#2306,#2307,#2308),
    (#2309,#2310,#2311,#2312,#2313,#2314,#2315,#2316,#2317,#2318,#2319,#2320),
    (#2321,#2322,#2323,#2324,#2325,#2326,#2327,#2328,#2329,#2330,#2331,#2332),
    (#2333,#2334,#2335,#2336,#2337,#2338,#2339,#2340,#2341,#2342,#2343,#2344),
    (#2345,#2346,#2347,#2348,#2349,#2350,#2351,#2352,#2353,#2354,#2355,#2356),
    (#2357,#2358,#2359,#2360,#2361,#2362,#2363,#2364,#2365,#2366,#2367,#2368),
    (#2369,#2370,#2371,#2372,#2373,#2374,#2375,#2376,#2377,#2378,#2379,#2380),
    (#2381,#2382,#2383,#2384,#2385,#2386,#2387,#2388,#2389,#2390,#2391,#2392),
    (#2393,#2394,#2395,#2396,#2397,#2398,#2399,#2400,#2401,#2402,#2403,#2404),
    (#2405,#2406,#2407,#2408,#2409,#2410,#2411,#2412,#2413,#2414,#2415,#2416),
    (#2417,#2418,#2419,#2420,#2421,#2422,#2423,#2424,#2425,#2426,#2427,#2428),
    (#2429,#2430,#2431,#2432,#2433,#2434,#2435,#2436,#2437,#2438,#2439,#2440),
    (#2441,#2442,#2443,#2444,#2445,#2446,#2447,#2448,#2449,#2450,#2451,#2452),
    (#2453,#2454,#2455,#2456,#2457,#2458,#2459,#2460,#2461,#2462,#2463,#2464),
    (#2465,#2466,#2467,#2468,#2469,#2470,#2471,#2472,#2473,#2474,#2475,#2476),
    (#2477,#2478,#2479,#2480,#2481,#2482,#2483,#2484,#2485,#2486,#2487,#2488),
    (#2489,#2490,#2491,#2492,#2493,#2494,#2495,#2496,#2497,#2498,#2499,#2500),
    (#2501,#2502,#2503,#2504,#2505,#2506,#2507,#2508,#2509,#2510,#2511,#2512),
    (#2513,#2514,#2515,#2516,#2517,#2518,#2519,#2520,#2521,#2522,#2523,#2524),
    (#2525,#2526,#2527,#2528,#2529,#2530,#2531,#2532,#2533,#2534,#2535,#2536),
    (#2537,#2538,#2539,#2540,#2541,#2542,#2543,#2544,#2545,#2546,#2547,#2548),
    (#2549,#2550,#2551,#2552,#2553,#2554,#2555,#2556,#2557,#2558,#2559,#2560),
    (#2561,#2562,#2563,#2564,#2565,#2566,#2567,#2568,#2569,#2570,#2571,#2572),
    (#2573,#2574,#2575,#2576,#2577,#2578,#2579,#2580,#2581,#2582,#2583,#2584),
    (#2585,#2586,#2587,#2588,#2589,#2590,#2591,#2592,#2593,#2594,#2595,#2596),
    (#2597,#2598,#2599,#2600,#2601,#2602,#2603,#2604,#2605,#2606,#2607,#2608),
    (#2609,#2610,#2611,#2612,#2613,#2614,#2615,#2616,#2617,#2618,#2619,#2620),
    (#2621,#2622,#2623,#2624,#2625,#2626,#2627,#2628,#2629,#2630,#2631,#2632),
    (#2633,#2634,#2635,#2636,#2637,#2638,#2639,#2640,#2641,#2642,#2643,#2644),
    (#2645,#2646,#2647,#2648,#2649,#2650,#2651,#2652,#2653,#2654,#2655,#2656),
    (#2657,#2658,#2659,#2660,#2661,#2662,#2663,#2664,#2665,#2666,#2667,#2668),
    (#2669,#2670,#2671,#2672,#2673,#2674,#2675,#2676,#2677,#2678,#2679,#2680),
    (#2681,#2682,#2683,#2684,#2685,#2686,#2687,#2688,#2689,#2690,#2691,#2692),
    (#2693,#2694,#2695,#2696,#2697,#2698,#2699,#2700,#2701,#2702,#2703,#2704),
    (#2705,#2706,#2707,#2708,#2709,#2710,#2711,#2712,#2713,#2714,#2715,#2716),
    (#2717,#2718,#2719,#2720,#2721,#2722,#2723,#2724,#2725,#2726,#2727,#2728)),.UNSPECIFIED.,.F.,.F.,.U.,
 (4,2,2,2,2,2,2,2,2,2,2,2,2,2,2,2,2,2,2,2,
    2,2,2,4),(4,2,2,2,2,4),
  (0.0,0.0035539662,0.1389516732,0.2743527194,0.3729042585,0.4293110671,0.4613650261,0.4794187656,0.4894891403,0.4950746086,
    0.4973565475,0.498838323,0.4999856075,0.5011357635,0.5026222167,0.5052789179,0.514090971,0.5348631638,0.5556353567,0.5968875068,
    0.638139657,0.7206439574,0.8853567968,1.0),(0.0,0.2,0.4,0.6,0.8,1.0),.UNSPECIFIED.);
#2730=ADVANCED_FACE('n° 1031',(#2152),#2729,.T.);
#2731=ORIENTED_EDGE('',*,*,#1960,.T.);
#2732=ORIENTED_EDGE('',*,*,#2140,.T.);
#2733=CARTESIAN_POINT('',(-5.4410145002,0.6339655811,27.8808078637));
#2734=DIRECTION('',(-0.1157331141,-0.9932803463,-0.0));
#2735=DIRECTION('',(-0.9932803463,0.1157331141,0.0));
#2736=AXIS2_PLACEMENT_3D('',#2733,#2734,#2735);
#2737=CIRCLE('',#2736,0.5);
#2738=EDGE_CURVE('n° 1134',#674,#145,#2737,.T.);
#2739=ORIENTED_EDGE('',*,*,#2738,.F.);
#2740=EDGE_LOOP('',(#2731,#2732,#2739));
#2741=FACE_OUTER_BOUND('',#2740,.T.);
#2742=CARTESIAN_POINT('',(-5.4410145002,0.6339655811,27.8808078637));
#2743=DIRECTION('',(-0.2217202323,0.0258339683,0.9747680466));
#2744=DIRECTION('',(0.9750934866,0.0,0.2217942567));
#2745=AXIS2_PLACEMENT_3D('',#2742,#2743,#2744);
#2746=SPHERICAL_SURFACE('',#2745,0.5);
#2747=ADVANCED_FACE('n° 1033',(#2741),#2746,.T.);
#2748=ORIENTED_EDGE('',*,*,#2148,.T.);
#2749=ORIENTED_EDGE('',*,*,#1952,.T.);
#2750=CARTESIAN_POINT('',(-4.2956690468,3.3990849637,27.8808078637));
#2751=DIRECTION('',(0.6205174218,0.7841926608,-0.0));
#2752=DIRECTION('',(0.7841926608,-0.6205174218,0.0));
#2753=AXIS2_PLACEMENT_3D('',#2750,#2751,#2752);
#2754=CIRCLE('',#2753,0.5);
#2755=EDGE_CURVE('n° 1137',#154,#665,#2754,.T.);
#2756=ORIENTED_EDGE('',*,*,#2755,.F.);
#2757=EDGE_LOOP('',(#2748,#2749,#2756));
#2758=FACE_OUTER_BOUND('',#2757,.T.);
#2759=CARTESIAN_POINT('',(-4.2956690468,3.3990849637,27.8808078637));
#2760=DIRECTION('',(-0.1750476384,0.1385120197,0.9747680466));
#2761=DIRECTION('',(0.9842555291,0.0,0.1767513888));
#2762=AXIS2_PLACEMENT_3D('',#2759,#2760,#2761);
#2763=SPHERICAL_SURFACE('',#2762,0.5);
#2764=ADVANCED_FACE('n° 1035',(#2758),#2763,.T.);
#2765=ORIENTED_EDGE('',*,*,#2738,.T.);
#2766=ORIENTED_EDGE('',*,*,#151,.F.);
#2767=CARTESIAN_POINT('',(-5.4410127403,-0.6339806851,27.8808078637));
#2768=DIRECTION('',(0.1157358714,-0.993280025,0.0));
#2769=DIRECTION('',(0.993280025,0.1157358714,0.0));
#2770=AXIS2_PLACEMENT_3D('',#2767,#2768,#2769);
#2771=CIRCLE('',#2770,0.5);
#2772=EDGE_CURVE('n° 1139',#693,#92,#2771,.T.);
#2773=ORIENTED_EDGE('',*,*,#2772,.F.);
#2774=ORIENTED_EDGE('',*,*,#699,.F.);
#2775=EDGE_LOOP('',(#2765,#2766,#2773,#2774));
#2776=FACE_OUTER_BOUND('',#2775,.T.);
#2777=CARTESIAN_POINT('',(0.0,0.0,27.8808078637));
#2778=DIRECTION('',(-0.0,-0.0,-1.0));
#2779=DIRECTION('',(-1.0,0.0,0.0));
#2780=AXIS2_PLACEMENT_3D('',#2777,#2778,#2779);
#2781=TOROIDAL_SURFACE('',#2780,5.4778235778,0.5);
#2782=ADVANCED_FACE('n° 1037',(#2776),#2781,.T.);
#2783=ORIENTED_EDGE('',*,*,#2755,.T.);
#2784=ORIENTED_EDGE('',*,*,#671,.F.);
#2785=CARTESIAN_POINT('',(-3.3990968882,4.2956596111,27.8808078637));
#2786=DIRECTION('',(0.7841909383,0.6205195987,0.0));
#2787=DIRECTION('',(-0.6205195987,0.7841909383,0.0));
#2788=AXIS2_PLACEMENT_3D('',#2785,#2786,#2787);
#2789=CIRCLE('',#2788,0.5);
#2790=EDGE_CURVE('n° 1140',#207,#646,#2789,.T.);
#2791=ORIENTED_EDGE('',*,*,#2790,.F.);
#2792=ORIENTED_EDGE('',*,*,#213,.F.);
#2793=EDGE_LOOP('',(#2783,#2784,#2791,#2792));
#2794=FACE_OUTER_BOUND('',#2793,.T.);
#2795=CARTESIAN_POINT('',(0.0,0.0,27.8808078637));
#2796=DIRECTION('',(-0.0,-0.0,-1.0));
#2797=DIRECTION('',(-1.0,0.0,0.0));
#2798=AXIS2_PLACEMENT_3D('',#2795,#2796,#2797);
#2799=TOROIDAL_SURFACE('',#2798,5.4778235778,0.5);
#2800=ADVANCED_FACE('n° 1041',(#2794),#2799,.T.);
#2801=CARTESIAN_POINT('',(-5.4410127403,-0.6339806851,27.8808078637));
#2802=DIRECTION('',(0.9292068383,-0.3086979797,0.2031753157));
#2803=DIRECTION('',(-0.3152738432,-0.9490007396,0.0));
#2804=AXIS2_PLACEMENT_3D('',#2801,#2802,#2803);
#2805=CIRCLE('',#2804,0.5);
#2806=EDGE_CURVE('n° 1145',#693,#1230,#2805,.T.);
#2807=ORIENTED_EDGE('',*,*,#2806,.F.);
#2808=ORIENTED_EDGE('',*,*,#2772,.T.);
#2809=CARTESIAN_POINT('',(-5.4410127403,-0.6339806851,27.8808078637));
#2810=DIRECTION('',(-0.0187653517,-0.0545989021,-0.9983320197));
#2811=DIRECTION('',(0.0,-0.9985078416,0.0546085178));
#2812=AXIS2_PLACEMENT_3D('',#2809,#2810,#2811);
#2813=CIRCLE('',#2812,0.5);
#2814=EDGE_CURVE('n° 1142',#1230,#92,#2813,.T.);
#2815=ORIENTED_EDGE('',*,*,#2814,.F.);
#2816=EDGE_LOOP('',(#2807,#2808,#2815));
#2817=FACE_OUTER_BOUND('',#2816,.T.);
#2818=CARTESIAN_POINT('',(-5.4410127403,-0.6339806851,27.8808078637));
#2819=DIRECTION('',(-0.2217201606,-0.0258345837,0.9747680466));
#2820=DIRECTION('',(0.9750935022,0.0,0.2217941885));
#2821=AXIS2_PLACEMENT_3D('',#2818,#2819,#2820);
#2822=SPHERICAL_SURFACE('',#2821,0.5);
#2823=ADVANCED_FACE('n° 1045',(#2817),#2822,.T.);
#2824=CARTESIAN_POINT('',(-3.3990968882,4.2956596111,27.8808078637));
#2825=DIRECTION('',(0.0253023414,0.0518482889,-0.9983343861));
#2826=DIRECTION('',(0.0,-0.9986541107,-0.0518648938));
#2827=AXIS2_PLACEMENT_3D('',#2824,#2825,#2826);
#2828=CIRCLE('',#2827,0.5);
#2829=EDGE_CURVE('n° 1151',#207,#940,#2828,.T.);
#2830=ORIENTED_EDGE('',*,*,#2829,.F.);
#2831=ORIENTED_EDGE('',*,*,#2790,.T.);
#2832=CARTESIAN_POINT('',(-3.3990968882,4.2956596111,27.8808078637));
#2833=DIRECTION('',(0.8750213244,-0.4393544138,0.2032372526));
#2834=DIRECTION('',(-0.4487194026,-0.8936727017,0.0));
#2835=AXIS2_PLACEMENT_3D('',#2832,#2833,#2834);
#2836=CIRCLE('',#2835,0.5);
#2837=EDGE_CURVE('n° 1148',#940,#646,#2836,.T.);
#2838=ORIENTED_EDGE('',*,*,#2837,.F.);
#2839=EDGE_LOOP('',(#2830,#2831,#2838));
#2840=FACE_OUTER_BOUND('',#2839,.T.);
#2841=CARTESIAN_POINT('',(-3.3990968882,4.2956596111,27.8808078637));
#2842=DIRECTION('',(-0.1385125056,0.1750472539,0.9747680466));
#2843=DIRECTION('',(0.0,-0.9842555966,0.1767510127));
#2844=AXIS2_PLACEMENT_3D('',#2841,#2842,#2843);
#2845=SPHERICAL_SURFACE('',#2844,0.5);
#2846=ADVANCED_FACE('n° 1047',(#2840),#2845,.T.);
#2847=ORIENTED_EDGE('',*,*,#2814,.T.);
#2848=ORIENTED_EDGE('',*,*,#142,.F.);
#2849=CARTESIAN_POINT('',(-4.2956596111,-3.3990968882,27.8808078637));
#2850=DIRECTION('',(0.0518482889,-0.0253023414,0.9983343861));
#2851=DIRECTION('',(0.9986541107,0.0,-0.0518648938));
#2852=AXIS2_PLACEMENT_3D('',#2849,#2850,#2851);
#2853=CIRCLE('',#2852,0.5);
#2854=EDGE_CURVE('n° 1153',#1228,#83,#2853,.T.);
#2855=ORIENTED_EDGE('',*,*,#2854,.F.);
#2856=ORIENTED_EDGE('',*,*,#1297,.F.);
#2857=EDGE_LOOP('',(#2847,#2848,#2855,#2856));
#2858=FACE_OUTER_BOUND('',#2857,.T.);
#2859=CARTESIAN_POINT('',(-5.937497627,-0.6918305336,27.8933039572));
#2860=CARTESIAN_POINT('',(-5.9331289519,-0.7289035898,27.8952493705));
#2861=CARTESIAN_POINT('',(-5.9245807255,-0.7654880682,27.8970895017));
#2862=CARTESIAN_POINT('',(-5.899551944,-0.8358533734,27.9004673303));
#2863=CARTESIAN_POINT('',(-5.8830724419,-0.8696312398,27.9020048857));
#2864=CARTESIAN_POINT('',(-5.8430059614,-0.9326910252,27.9047005153));
#2865=CARTESIAN_POINT('',(-5.8194206688,-0.9619702912,27.9058584762));
#2866=CARTESIAN_POINT('',(-5.7663234846,-1.0145657895,27.9077368784));
#2867=CARTESIAN_POINT('',(-5.736813827,-1.0378798091,27.9084572407));
#2868=CARTESIAN_POINT('',(-5.6733456635,-1.0773764263,27.9094243233));
#2869=CARTESIAN_POINT('',(-5.6393898277,-1.0935573623,27.9096710029));
#2870=CARTESIAN_POINT('',(-5.604059868,-1.1057670054,27.909674663));
#2871=CARTESIAN_POINT('',(-5.9381195141,-0.6938556553,27.8592204681));
#2872=CARTESIAN_POINT('',(-5.933744479,-0.7308785325,27.8611663881));
#2873=CARTESIAN_POINT('',(-5.9252010525,-0.7674127681,27.8630073032));
#2874=CARTESIAN_POINT('',(-5.9002028408,-0.8376847206,27.8663874544));
#2875=CARTESIAN_POINT('',(-5.8837491018,-0.8714194966,27.8679265489));
#2876=CARTESIAN_POINT('',(-5.8437516768,-0.9344068121,27.8706261357));
#2877=CARTESIAN_POINT('',(-5.8202096647,-0.9636567156,27.8717865149));
#2878=CARTESIAN_POINT('',(-5.7672113232,-1.0162125033,27.8736706631));
#2879=CARTESIAN_POINT('',(-5.7377572116,-1.0395161879,27.8743943532));
#2880=CARTESIAN_POINT('',(-5.6744057832,-1.0790147204,27.8753689285));
#2881=CARTESIAN_POINT('',(-5.6405111177,-1.0952079153,27.8756197728));
#2882=CARTESIAN_POINT('',(-5.6052413984,-1.1074418636,27.8756279282));
#2883=CARTESIAN_POINT('',(-5.9387399038,-0.6958856585,27.8251361132));
#2884=CARTESIAN_POINT('',(-5.9343585362,-0.7328583077,27.827082537));
#2885=CARTESIAN_POINT('',(-5.9258199253,-0.769342258,27.828924233));
#2886=CARTESIAN_POINT('',(-5.9008522926,-0.8395207634,27.8323067001));
#2887=CARTESIAN_POINT('',(-5.8844243104,-0.873212397,27.8338473303));
#2888=CARTESIAN_POINT('',(-5.844495919,-0.9361271109,27.8365508674));
#2889=CARTESIAN_POINT('',(-5.8209971721,-0.9653475718,27.8377136618));
#2890=CARTESIAN_POINT('',(-5.7680976537,-1.0178634492,27.8396035506));
#2891=CARTESIAN_POINT('',(-5.7386990845,-1.0411566793,27.8403305664));
#2892=CARTESIAN_POINT('',(-5.675464421,-1.0806568474,27.8413126326));
#2893=CARTESIAN_POINT('',(-5.6416309594,-1.096862141,27.8415676421));
#2894=CARTESIAN_POINT('',(-5.6064215463,-1.1091202192,27.8415802951));
#2895=CARTESIAN_POINT('',(-5.9629350187,-0.7754401422,26.4925694593));
#2896=CARTESIAN_POINT('',(-5.9583071652,-0.8104472925,26.4945354684));
#2897=CARTESIAN_POINT('',(-5.9499574074,-0.8449637463,26.4964075682));
#2898=CARTESIAN_POINT('',(-5.9261855519,-0.9114853841,26.4998803124));
#2899=CARTESIAN_POINT('',(-5.9107642315,-0.9434883954,26.5014808409));
#2900=CARTESIAN_POINT('',(-5.8735337124,-1.0035596771,26.5043385434));
#2901=CARTESIAN_POINT('',(-5.8517257243,-1.0316259819,26.5055956214));
#2902=CARTESIAN_POINT('',(-5.8026887349,-1.0825737883,26.5077097148));
#2903=CARTESIAN_POINT('',(-5.7754613256,-1.105453616,26.5085666585));
#2904=CARTESIAN_POINT('',(-5.7167925021,-1.1450067282,26.5098414968));
#2905=CARTESIAN_POINT('',(-5.685352993,-1.1616787029,26.5102593469));
#2906=CARTESIAN_POINT('',(-5.6525036872,-1.1748732097,26.5104479187));
#2907=CARTESIAN_POINT('',(-5.9843636134,-0.8597900598,25.19436367));
#2908=CARTESIAN_POINT('',(-5.9795346058,-0.892818222,25.1963447048));
#2909=CARTESIAN_POINT('',(-5.9713896798,-0.9253629703,25.1982419202));
#2910=CARTESIAN_POINT('',(-5.9487913875,-0.9881983521,25.2017929997));
#2911=CARTESIAN_POINT('',(-5.9343386103,-1.0184873503,25.2034467697));
#2912=CARTESIAN_POINT('',(-5.8996971528,-1.0756094094,25.206444632));
#2913=CARTESIAN_POINT('',(-5.8795093716,-1.1024409818,25.2077886445));
#2914=CARTESIAN_POINT('',(-5.8341966485,-1.1515823735,25.2101128821));
#2915=CARTESIAN_POINT('',(-5.8090728807,-1.173890909,25.2110930449));
#2916=CARTESIAN_POINT('',(-5.7548818846,-1.2130982274,25.2126498356));
#2917=CARTESIAN_POINT('',(-5.7258160602,-1.2299959808,25.2132264209));
#2918=CARTESIAN_POINT('',(-5.695353405,-1.2438512109,25.2135893381));
#2919=CARTESIAN_POINT('',(-6.0201592059,-1.0479443115,22.599065336));
#2920=CARTESIAN_POINT('',(-6.0150637212,-1.0767314635,22.6010713932));
#2921=CARTESIAN_POINT('',(-6.0074389133,-1.1050717922,22.6030132166));
#2922=CARTESIAN_POINT('',(-5.9873628626,-1.1600009537,22.6067088491));
#2923=CARTESIAN_POINT('',(-5.9749119215,-1.1865889637,22.6084626009));
#2924=CARTESIAN_POINT('',(-5.945560735,-1.2372064721,22.6117280586));
#2925=CARTESIAN_POINT('',(-5.9286609263,-1.2612352101,22.6132397134));
#2926=CARTESIAN_POINT('',(-5.8909226243,-1.306003554,22.6159742125));
#2927=CARTESIAN_POINT('',(-5.8700846903,-1.3267424837,22.6171970137));
#2928=CARTESIAN_POINT('',(-5.8250992524,-1.3642986181,22.6193157259));
#2929=CARTESIAN_POINT('',(-5.8009524148,-1.3811152501,22.6202116028));
#2930=CARTESIAN_POINT('',(-5.7755153717,-1.3957131425,22.6209299193));
#2931=CARTESIAN_POINT('',(-6.0347241808,-1.1512826596,21.3018223677));
#2932=CARTESIAN_POINT('',(-6.029558881,-1.1778187179,21.3038384111));
#2933=CARTESIAN_POINT('',(-6.0222448441,-1.2039371376,21.3057997151));
#2934=CARTESIAN_POINT('',(-6.0035083481,-1.254667833,21.3095615413));
#2935=CARTESIAN_POINT('',(-5.992086092,-1.2792795608,21.3113620214));
#2936=CARTESIAN_POINT('',(-5.9654267726,-1.3263631614,21.3147548924));
#2937=CARTESIAN_POINT('',(-5.9501899959,-1.3488345247,21.3163472452));
#2938=CARTESIAN_POINT('',(-5.9162922184,-1.3910579004,21.3192818448));
#2939=CARTESIAN_POINT('',(-5.8976315809,-1.4108094543,21.3206240584));
#2940=CARTESIAN_POINT('',(-5.857363855,-1.4470824986,21.3230227273));
#2941=CARTESIAN_POINT('',(-5.8357571975,-1.463603593,21.3240791549));
#2942=CARTESIAN_POINT('',(-5.8129538212,-1.4782951227,21.3249785169));
#2943=CARTESIAN_POINT('',(-6.0479875992,-1.3600006424,19.0627487596));
#2944=CARTESIAN_POINT('',(-6.0429435054,-1.3820794166,19.0647794409));
#2945=CARTESIAN_POINT('',(-6.0363953156,-1.4038159252,19.0667715524));
#2946=CARTESIAN_POINT('',(-6.0204104283,-1.4462096306,19.0706418655));
#2947=CARTESIAN_POINT('',(-6.0109738162,-1.4668666018,19.0725200456));
#2948=CARTESIAN_POINT('',(-5.9893835302,-1.5067253218,19.0761277193));
#2949=CARTESIAN_POINT('',(-5.9772299704,-1.5259268579,19.0778571928));
#2950=CARTESIAN_POINT('',(-5.9504258884,-1.5625247231,19.0811353403));
#2951=CARTESIAN_POINT('',(-5.935775507,-1.5799208558,19.0826839958));
#2952=CARTESIAN_POINT('',(-5.9042427047,-1.6125900022,19.0855716367));
#2953=CARTESIAN_POINT('',(-5.887360449,-1.6278628391,19.0869106057));
#2954=CARTESIAN_POINT('',(-5.8695147472,-1.641933999,19.0881321875));
#2955=CARTESIAN_POINT('',(-6.0502207902,-1.456474636,18.120006513));
#2956=CARTESIAN_POINT('',(-6.0452950892,-1.4765180986,18.1220425676));
#2957=CARTESIAN_POINT('',(-6.0391329151,-1.4962586315,18.124046792));
#2958=CARTESIAN_POINT('',(-6.0244276371,-1.5348410502,18.1279610235));
#2959=CARTESIAN_POINT('',(-6.0158845854,-1.553682799,18.1298710159));
#2960=CARTESIAN_POINT('',(-5.9965442963,-1.5901876778,18.1335675684));
#2961=CARTESIAN_POINT('',(-5.9857471272,-1.607850678,18.1353541145));
#2962=CARTESIAN_POINT('',(-5.9620581918,-1.6417351958,18.1387763578));
#2963=CARTESIAN_POINT('',(-5.9491665088,-1.6579565926,18.140412042));
#2964=CARTESIAN_POINT('',(-5.9214787021,-1.6887159151,18.143507344));
#2965=CARTESIAN_POINT('',(-5.9066826755,-1.7032537304,18.14496695));
#2966=CARTESIAN_POINT('',(-5.8910434362,-1.7168409899,18.1463271988));
#2967=CARTESIAN_POINT('',(-6.0404677126,-1.6406646207,16.6412055643));
#2968=CARTESIAN_POINT('',(-6.0360129594,-1.6568125651,16.6432490293));
#2969=CARTESIAN_POINT('',(-6.030739615,-1.6727364369,16.6452712748));
#2970=CARTESIAN_POINT('',(-6.0186087429,-1.7039767541,16.6492527619));
#2971=CARTESIAN_POINT('',(-6.0117512348,-1.7192931494,16.6512119967));
#2972=CARTESIAN_POINT('',(-5.9965206398,-1.7491651106,16.6550475034));
#2973=CARTESIAN_POINT('',(-5.9881475771,-1.7637206285,16.6569237688));
#2974=CARTESIAN_POINT('',(-5.9699693946,-1.7919248891,16.6605741939));
#2975=CARTESIAN_POINT('',(-5.9601643036,-1.8055735862,16.6623483475));
#2976=CARTESIAN_POINT('',(-5.9392197049,-1.8318271219,16.6657764123));
#2977=CARTESIAN_POINT('',(-5.9280802303,-1.8444319178,16.6674303177));
#2978=CARTESIAN_POINT('',(-5.9163289618,-1.8564513359,16.6690156261));
#2979=CARTESIAN_POINT('',(-6.0343390054,-1.7140722147,16.1033628047));
#2980=CARTESIAN_POINT('',(-6.030116845,-1.7286467218,16.1054087724));
#2981=CARTESIAN_POINT('',(-6.0252292605,-1.743029902,16.1074374294));
#2982=CARTESIAN_POINT('',(-6.0141628395,-1.7712976934,16.1114432824));
#2983=CARTESIAN_POINT('',(-6.0079840146,-1.7851822752,16.1134204741));
#2984=CARTESIAN_POINT('',(-5.9943849209,-1.8123408348,16.1173069549));
#2985=CARTESIAN_POINT('',(-5.9869646662,-1.8256147843,16.1192162397));
#2986=CARTESIAN_POINT('',(-5.9709423291,-1.851444853,16.122951001));
#2987=CARTESIAN_POINT('',(-5.9623402632,-1.8640009452,16.1247764735));
#2988=CARTESIAN_POINT('',(-5.9440232668,-1.8882937144,16.1283283669));
#2989=CARTESIAN_POINT('',(-5.9343083553,-1.9000303657,16.130054784));
#2990=CARTESIAN_POINT('',(-5.9240759005,-1.9113097317,16.1317244453));
#2991=CARTESIAN_POINT('',(-6.0139622726,-1.8552114524,15.2638220492));
#2992=CARTESIAN_POINT('',(-6.0103200746,-1.8668139016,15.2658712873));
#2993=CARTESIAN_POINT('',(-6.0062454932,-1.8782822181,15.2679092072));
#2994=CARTESIAN_POINT('',(-5.9972533719,-1.9008894409,15.2719513467));
#2995=CARTESIAN_POINT('',(-5.992335836,-1.912028337,15.2739555643));
#2996=CARTESIAN_POINT('',(-5.981684028,-1.9339172778,15.2779194075));
#2997=CARTESIAN_POINT('',(-5.9759497607,-1.9446673127,15.2798790313));
#2998=CARTESIAN_POINT('',(-5.9636949864,-1.9657211174,15.2837430285));
#2999=CARTESIAN_POINT('',(-5.9571744849,-1.9760248778,15.2856474002));
#3000=CARTESIAN_POINT('',(-5.9433818583,-1.9961310406,15.2893905242));
#3001=CARTESIAN_POINT('',(-5.9361097394,-2.0059334338,15.2912292747));
#3002=CARTESIAN_POINT('',(-5.9284810891,-2.0154589026,15.2930302029));
#3003=CARTESIAN_POINT('',(-6.0045180705,-1.9113632273,14.9601092788));
#3004=CARTESIAN_POINT('',(-6.0011259531,-1.9217960077,14.9621595717));
#3005=CARTESIAN_POINT('',(-5.9973842147,-1.932116507,14.964200684));
#3006=CARTESIAN_POINT('',(-5.9892175321,-1.9524889017,14.9682555568));
#3007=CARTESIAN_POINT('',(-5.9847925904,-1.9625407912,14.970269316));
#3008=CARTESIAN_POINT('',(-5.9752783945,-1.982333035,14.9742606032));
#3009=CARTESIAN_POINT('',(-5.9701891432,-1.9920733836,14.97623813));
#3010=CARTESIAN_POINT('',(-5.9593679975,-2.0112009132,14.9801482246));
#3011=CARTESIAN_POINT('',(-5.9536361063,-2.0205880886,14.9820807913));
#3012=CARTESIAN_POINT('',(-5.9415540373,-2.0389691083,14.9858924255));
#3013=CARTESIAN_POINT('',(-5.935203863,-2.0479629472,14.987771492));
#3014=CARTESIAN_POINT('',(-5.9285580177,-2.0567408558,14.9896196508));
#3015=CARTESIAN_POINT('',(-5.9810457005,-2.0197932326,14.4897465637));
#3016=CARTESIAN_POINT('',(-5.9782150765,-2.0279986329,14.4917983857));
#3017=CARTESIAN_POINT('',(-5.9751603996,-2.0361280557,14.4938442929));
#3018=CARTESIAN_POINT('',(-5.9686114695,-2.0522123199,14.4979184708));
#3019=CARTESIAN_POINT('',(-5.9651172171,-2.0601671593,14.4999467408));
#3020=CARTESIAN_POINT('',(-5.9576988654,-2.0758801031,14.5039798839));
#3021=CARTESIAN_POINT('',(-5.953774767,-2.0836382054,14.5059847565));
#3022=CARTESIAN_POINT('',(-5.9455076248,-2.0989360564,14.5099654081));
#3023=CARTESIAN_POINT('',(-5.9411645821,-2.1064758031,14.5119411867));
#3024=CARTESIAN_POINT('',(-5.9320715967,-2.1213159165,14.5158580333));
#3025=CARTESIAN_POINT('',(-5.9273216552,-2.1286162814,14.5177991008));
#3026=CARTESIAN_POINT('',(-5.9223748424,-2.1357867671,14.5197200519));
#3027=CARTESIAN_POINT('',(-5.9709599236,-2.0627603499,14.3207794978));
#3028=CARTESIAN_POINT('',(-5.9683634649,-2.0700881927,14.3228318466));
#3029=CARTESIAN_POINT('',(-5.9655875231,-2.0773536062,14.3248794445));
#3030=CARTESIAN_POINT('',(-5.9596828011,-2.0917435967,14.3289604696));
#3031=CARTESIAN_POINT('',(-5.9565540215,-2.0988681725,14.3309938964));
#3032=CARTESIAN_POINT('',(-5.9499505115,-2.1129608104,14.3350419397));
#3033=CARTESIAN_POINT('',(-5.9464757816,-2.1199288714,14.3370565559));
#3034=CARTESIAN_POINT('',(-5.939188003,-2.1336931386,14.3410623792));
#3035=CARTESIAN_POINT('',(-5.9353749549,-2.1404893438,14.343053586));
#3036=CARTESIAN_POINT('',(-5.9274188996,-2.1538949265,14.3470080417));
#3037=CARTESIAN_POINT('',(-5.9232758932,-2.160504303,14.3489712904));
#3038=CARTESIAN_POINT('',(-5.9189724426,-2.1670129793,14.350918316));
#3039=CARTESIAN_POINT('',(-5.9479955738,-2.1466462069,14.062768938));
#3040=CARTESIAN_POINT('',(-5.9459073763,-2.1522718227,14.0648221139));
#3041=CARTESIAN_POINT('',(-5.9437068782,-2.1578567766,14.0668723039));
#3042=CARTESIAN_POINT('',(-5.9390843719,-2.1689375383,14.0709637735));
#3043=CARTESIAN_POINT('',(-5.9366623639,-2.1744333458,14.073005053));
#3044=CARTESIAN_POINT('',(-5.9316002326,-2.1853281145,14.0770757749));
#3045=CARTESIAN_POINT('',(-5.9289601094,-2.1907270754,14.0791052172));
#3046=CARTESIAN_POINT('',(-5.9234654413,-2.2014205826,14.0831493542));
#3047=CARTESIAN_POINT('',(-5.9206108966,-2.2067151287,14.0851640488));
#3048=CARTESIAN_POINT('',(-5.9146913727,-2.2171923807,14.0891758003));
#3049=CARTESIAN_POINT('',(-5.9116263937,-2.2223750863,14.0911728571));
#3050=CARTESIAN_POINT('',(-5.9084583356,-2.227498235,14.0931596619));
#3051=CARTESIAN_POINT('',(-5.9384401816,-2.1798484523,13.9708868433));
#3052=CARTESIAN_POINT('',(-5.9365603499,-2.1848021315,13.9729403175));
#3053=CARTESIAN_POINT('',(-5.9345919609,-2.189723125,13.9749914317));
#3054=CARTESIAN_POINT('',(-5.9304802093,-2.1994944084,13.9790866164));
#3055=CARTESIAN_POINT('',(-5.9283368467,-2.2043446981,13.9811306869));
#3056=CARTESIAN_POINT('',(-5.9238774746,-2.2139693165,13.9852094677));
#3057=CARTESIAN_POINT('',(-5.9215614652,-2.218743645,13.9872441779));
#3058=CARTESIAN_POINT('',(-5.9167593095,-2.2282111641,13.9913019316));
#3059=CARTESIAN_POINT('',(-5.9142731632,-2.2329043545,13.9933249751));
#3060=CARTESIAN_POINT('',(-5.9091334244,-2.2422045063,13.997357101));
#3061=CARTESIAN_POINT('',(-5.906479832,-2.2468114674,13.9993661834));
#3062=CARTESIAN_POINT('',(-5.9037439506,-2.251372814,14.0013671457));
#3063=CARTESIAN_POINT('',(-5.9173435673,-2.2457908166,13.8346859776));
#3064=CARTESIAN_POINT('',(-5.9159120265,-2.2494124984,13.8367399402));
#3065=CARTESIAN_POINT('',(-5.9144268526,-2.2530137698,13.8387924681));
#3066=CARTESIAN_POINT('',(-5.9113502338,-2.2601730861,13.842893241));
#3067=CARTESIAN_POINT('',(-5.9097587891,-2.263731131,13.8449414859));
#3068=CARTESIAN_POINT('',(-5.9064706935,-2.2708016168,13.8490322817));
#3069=CARTESIAN_POINT('',(-5.9047740428,-2.2743140576,13.8510748326));
#3070=CARTESIAN_POINT('',(-5.9012766691,-2.2812909872,13.8551528332));
#3071=CARTESIAN_POINT('',(-5.899475946,-2.284755476,13.8571882828));
#3072=CARTESIAN_POINT('',(-5.8957716291,-2.2916341849,13.8612506782));
#3073=CARTESIAN_POINT('',(-5.8938680352,-2.295048405,13.8632776239));
#3074=CARTESIAN_POINT('',(-5.8919136402,-2.2984363486,13.8652996191));
#3075=CARTESIAN_POINT('',(-5.9086169806,-2.2721545818,13.7866164532));
#3076=CARTESIAN_POINT('',(-5.9073693638,-2.2752442211,13.7886705971));
#3077=CARTESIAN_POINT('',(-5.9060803801,-2.278317883,13.7907236324));
#3078=CARTESIAN_POINT('',(-5.9034203289,-2.2844317095,13.7948263929));
#3079=CARTESIAN_POINT('',(-5.9020492614,-2.2874718742,13.7968761181));
#3080=CARTESIAN_POINT('',(-5.8992257335,-2.2935171806,13.8009711674));
#3081=CARTESIAN_POINT('',(-5.8977732731,-2.2965223223,13.8030164914));
#3082=CARTESIAN_POINT('',(-5.8947876904,-2.3024960745,13.8071016492));
#3083=CARTESIAN_POINT('',(-5.8932545682,-2.3054646849,13.809141483));
#3084=CARTESIAN_POINT('',(-5.8901084334,-2.3113638842,13.8132145742));
#3085=CARTESIAN_POINT('',(-5.8884954208,-2.3142944731,13.8152478315));
#3086=CARTESIAN_POINT('',(-5.8868428685,-2.3172053155,13.8172772592));
#3087=CARTESIAN_POINT('',(-5.8914623988,-2.3200834295,13.7273453844));
#3088=CARTESIAN_POINT('',(-5.8905709755,-2.3222049764,13.7293997948));
#3089=CARTESIAN_POINT('',(-5.8896532503,-2.3243161538,13.7314534984));
#3090=CARTESIAN_POINT('',(-5.8877655018,-2.328517069,13.7355587951));
#3091=CARTESIAN_POINT('',(-5.8867954784,-2.3306068067,13.7376103882));
#3092=CARTESIAN_POINT('',(-5.8848034561,-2.3347641487,13.7417107675));
#3093=CARTESIAN_POINT('',(-5.8837814572,-2.336831753,13.7437595538));
#3094=CARTESIAN_POINT('',(-5.8816858236,-2.3409441417,13.7478536243));
#3095=CARTESIAN_POINT('',(-5.8806121889,-2.3429889261,13.7498989085));
#3096=CARTESIAN_POINT('',(-5.8784136408,-2.3470549961,13.7539852807));
#3097=CARTESIAN_POINT('',(-5.8772887273,-2.3490762818,13.7560263686));
#3098=CARTESIAN_POINT('',(-5.8761383613,-2.3510854824,13.7580650121));
#3099=CARTESIAN_POINT('',(-5.8858139485,-2.3355122104,13.711016796));
#3100=CARTESIAN_POINT('',(-5.8850393246,-2.3373220303,13.7130712861));
#3101=CARTESIAN_POINT('',(-5.8842425411,-2.3391230455,13.71512518));
#3102=CARTESIAN_POINT('',(-5.882604877,-2.3427069668,13.7192311878));
#3103=CARTESIAN_POINT('',(-5.8817639962,-2.3444898728,13.7212833016));
#3104=CARTESIAN_POINT('',(-5.8800383718,-2.3480370806,13.7253851618));
#3105=CARTESIAN_POINT('',(-5.8791536281,-2.3498013825,13.7274349082));
#3106=CARTESIAN_POINT('',(-5.8773405241,-2.3533108922,13.7315314469));
#3107=CARTESIAN_POINT('',(-5.8764121639,-2.3550561001,13.7335782392));
#3108=CARTESIAN_POINT('',(-5.8745120855,-2.3585269376,13.7376682837));
#3109=CARTESIAN_POINT('',(-5.8735403675,-2.3602525672,13.739711536));
#3110=CARTESIAN_POINT('',(-5.8725471059,-2.3619681682,13.7417527258));
#3111=CARTESIAN_POINT('',(-5.8747790382,-2.3645678217,13.6889341577));
#3112=CARTESIAN_POINT('',(-5.8742312886,-2.3657898576,13.6909887764));
#3113=CARTESIAN_POINT('',(-5.8736669772,-2.3670052225,13.6930429488));
#3114=CARTESIAN_POINT('',(-5.8725053494,-2.3694223567,13.6971499605));
#3115=CARTESIAN_POINT('',(-5.8719080328,-2.3706241258,13.6992027998));
#3116=CARTESIAN_POINT('',(-5.87068052,-2.3730138172,13.7033067056));
#3117=CARTESIAN_POINT('',(-5.8700503236,-2.3742017395,13.705357772));
#3118=CARTESIAN_POINT('',(-5.8687571833,-2.376563489,13.7094576923));
#3119=CARTESIAN_POINT('',(-5.8680942393,-2.3777373162,13.7115065461));
#3120=CARTESIAN_POINT('',(-5.8667357429,-2.3800706304,13.7156016022));
#3121=CARTESIAN_POINT('',(-5.8660401904,-2.3812301174,13.7176478044));
#3122=CARTESIAN_POINT('',(-5.8653284067,-2.3823823131,13.7196924615));
#3123=CARTESIAN_POINT('',(-5.8698984099,-2.3771729197,13.6813894173));
#3124=CARTESIAN_POINT('',(-5.8694507091,-2.3781397846,13.6834440868));
#3125=CARTESIAN_POINT('',(-5.8689883579,-2.379100713,13.6854983611));
#3126=CARTESIAN_POINT('',(-5.8680344407,-2.3810105192,13.6896057296));
#3127=CARTESIAN_POINT('',(-5.8675428746,-2.381959397,13.6916588238));
#3128=CARTESIAN_POINT('',(-5.8665306192,-2.3838449261,13.6957634424));
#3129=CARTESIAN_POINT('',(-5.8660099298,-2.3847815776,13.6978149669));
#3130=CARTESIAN_POINT('',(-5.8649395245,-2.3866424807,13.7019160569));
#3131=CARTESIAN_POINT('',(-5.8643898086,-2.3875667324,13.7039656223));
#3132=CARTESIAN_POINT('',(-5.8632614528,-2.3894026653,13.7080624054));
#3133=CARTESIAN_POINT('',(-5.8626828128,-2.3903143464,13.7101096231));
#3134=CARTESIAN_POINT('',(-5.8620897647,-2.3912196578,13.7121554725));
#3135=CARTESIAN_POINT('',(-5.8604121177,-2.4010312883,13.6725252604));
#3136=CARTESIAN_POINT('',(-5.8601582009,-2.4015144898,13.6745800114));
#3137=CARTESIAN_POINT('',(-5.8598918843,-2.4019926091,13.6766344273));
#3138=CARTESIAN_POINT('',(-5.8593344935,-2.4029386091,13.6807422587));
#3139=CARTESIAN_POINT('',(-5.8590434193,-2.4034064898,13.6827956741));
#3140=CARTESIAN_POINT('',(-5.8584365589,-2.4043319398,13.6869011741));
#3141=CARTESIAN_POINT('',(-5.8581207728,-2.4047895092,13.6889532587));
#3142=CARTESIAN_POINT('',(-5.8574645383,-2.4056942657,13.6930557671));
#3143=CARTESIAN_POINT('',(-5.8571240899,-2.4061414528,13.6951061908));
#3144=CARTESIAN_POINT('',(-5.8564185845,-2.4070253755,13.6992050475));
#3145=CARTESIAN_POINT('',(-5.8560535275,-2.4074621111,13.7012534805));
#3146=CARTESIAN_POINT('',(-5.8556761949,-2.407893587,13.7033007533));
#3147=CARTESIAN_POINT('',(-5.8558976221,-2.4121787331,13.6701750363));
#3148=CARTESIAN_POINT('',(-5.85573571,-2.4124357193,13.6722298204));
#3149=CARTESIAN_POINT('',(-5.8555619978,-2.4126878446,13.6742842854));
#3150=CARTESIAN_POINT('',(-5.8551909997,-2.4131823351,13.6783922627));
#3151=CARTESIAN_POINT('',(-5.8549937138,-2.4134247002,13.6804457749));
#3152=CARTESIAN_POINT('',(-5.8545755984,-2.4138996333,13.6845515319));
#3153=CARTESIAN_POINT('',(-5.8543547689,-2.4141322013,13.6866037767));
#3154=CARTESIAN_POINT('',(-5.8538896002,-2.4145875048,13.6907066845));
#3155=CARTESIAN_POINT('',(-5.8536452609,-2.4148102403,13.6927573476));
#3156=CARTESIAN_POINT('',(-5.8531331099,-2.4152458449,13.6968567777));
#3157=CARTESIAN_POINT('',(-5.8528652981,-2.415458714,13.6989055448));
#3158=CARTESIAN_POINT('',(-5.8525857706,-2.4156666337,13.700953207));
#3159=CARTESIAN_POINT('',(-5.8467470449,-2.4343138923,13.6695711921));
#3160=CARTESIAN_POINT('',(-5.8467712016,-2.4341210223,13.6716260297));
#3161=CARTESIAN_POINT('',(-5.8467837277,-2.4339233098,13.6736805523));
#3162=CARTESIAN_POINT('',(-5.8467855167,-2.4335182297,13.6777886569));
#3163=CARTESIAN_POINT('',(-5.8467747796,-2.4333108621,13.6798422389));
#3164=CARTESIAN_POINT('',(-5.8467300438,-2.4328865033,13.6839481516));
#3165=CARTESIAN_POINT('',(-5.846696045,-2.4326695122,13.6860004825));
#3166=CARTESIAN_POINT('',(-5.846604791,-2.4322259394,13.6901035825));
#3167=CARTESIAN_POINT('',(-5.8465475356,-2.4319993578,13.6921543518));
#3168=CARTESIAN_POINT('',(-5.8464097769,-2.4315366386,13.6962540187));
#3169=CARTESIAN_POINT('',(-5.8463292736,-2.431300501,13.6983029163));
#3170=CARTESIAN_POINT('',(-5.8462371523,-2.4310596034,13.7003507232));
#3171=CARTESIAN_POINT('',(-5.8420068282,-2.4455509905,13.6713335808));
#3172=CARTESIAN_POINT('',(-5.8421271667,-2.445129402,13.6733884392));
#3173=CARTESIAN_POINT('',(-5.8422354409,-2.444702765,13.6754429706));
#3174=CARTESIAN_POINT('',(-5.8424278444,-2.4438394585,13.6795510571));
#3175=CARTESIAN_POINT('',(-5.8425119738,-2.4434027891,13.6816046121));
#3176=CARTESIAN_POINT('',(-5.8426560757,-2.4425194839,13.6857104233));
#3177=CARTESIAN_POINT('',(-5.8427160482,-2.4420728482,13.6877626795));
#3178=CARTESIAN_POINT('',(-5.8428118277,-2.4411696781,13.6918655709));
#3179=CARTESIAN_POINT('',(-5.8428476348,-2.4407131438,13.6939162061));
#3180=CARTESIAN_POINT('',(-5.8428950789,-2.4397902459,13.6980155337));
#3181=CARTESIAN_POINT('',(-5.8429067159,-2.4393238823,13.7000642261));
#3182=CARTESIAN_POINT('',(-5.8429062675,-2.4388526394,13.7021117862));
#3183=CARTESIAN_POINT('',(-5.8316841209,-2.4695817771,13.679155423));
#3184=CARTESIAN_POINT('',(-5.8320135846,-2.4686702469,13.681210312));
#3185=CARTESIAN_POINT('',(-5.8323290405,-2.4677527878,13.6832648208));
#3186=CARTESIAN_POINT('',(-5.8329318807,-2.4659061753,13.6873727026));
#3187=CARTESIAN_POINT('',(-5.833219265,-2.4649770218,13.6894260757));
#3188=CARTESIAN_POINT('',(-5.8337659111,-2.463107186,13.6935313113));
#3189=CARTESIAN_POINT('',(-5.834025173,-2.4621665038,13.6955831738));
#3190=CARTESIAN_POINT('',(-5.8345155285,-2.4602737783,13.6996850135));
#3191=CARTESIAN_POINT('',(-5.8347466222,-2.459321735,13.7017349908));
#3192=CARTESIAN_POINT('',(-5.8351806009,-2.4574064572,13.7058326859));
#3193=CARTESIAN_POINT('',(-5.8353834858,-2.4564432227,13.7078804037));
#3194=CARTESIAN_POINT('',(-5.8355722487,-2.4554744785,13.7099268048));
#3195=CARTESIAN_POINT('',(-5.8260931719,-2.4822734583,13.6863231996));
#3196=CARTESIAN_POINT('',(-5.8265356636,-2.4811025449,13.6883780943));
#3197=CARTESIAN_POINT('',(-5.8269623599,-2.4799249067,13.6904325598));
#3198=CARTESIAN_POINT('',(-5.8277840768,-2.4775564166,13.6945402091));
#3199=CARTESIAN_POINT('',(-5.8281790973,-2.4763655649,13.6965933928));
#3200=CARTESIAN_POINT('',(-5.8289373837,-2.4739708867,13.7006980556));
#3201=CARTESIAN_POINT('',(-5.8293006497,-2.4727670602,13.7027495346));
#3202=CARTESIAN_POINT('',(-5.8299953547,-2.4703466742,13.7068503649));
#3203=CARTESIAN_POINT('',(-5.8303267938,-2.4691301145,13.7088997163));
#3204=CARTESIAN_POINT('',(-5.8309577793,-2.4666845061,13.7129958693));
#3205=CARTESIAN_POINT('',(-5.8312573257,-2.4654554574,13.7150426708));
#3206=CARTESIAN_POINT('',(-5.831540896,-2.4642202873,13.7170879864));
#3207=CARTESIAN_POINT('',(-5.8118270263,-2.5140817696,13.7098391898));
#3208=CARTESIAN_POINT('',(-5.8125576195,-2.5122593973,13.7118940765));
#3209=CARTESIAN_POINT('',(-5.8132665471,-2.5104276688,13.7139483732));
#3210=CARTESIAN_POINT('',(-5.8146408794,-2.5067459975,13.7180552048));
#3211=CARTESIAN_POINT('',(-5.815306284,-2.5048960546,13.7201077397));
#3212=CARTESIAN_POINT('',(-5.8165933904,-2.5011784576,13.724210466));
#3213=CARTESIAN_POINT('',(-5.8172150922,-2.4993108035,13.7262606576));
#3214=CARTESIAN_POINT('',(-5.8184146249,-2.495558292,13.7303581165));
#3215=CARTESIAN_POINT('',(-5.8189924559,-2.4936734347,13.7324053839));
#3216=CARTESIAN_POINT('',(-5.8201040912,-2.4898870294,13.7364964146));
#3217=CARTESIAN_POINT('',(-5.8206378955,-2.4879854814,13.7385401778));
#3218=CARTESIAN_POINT('',(-5.8211496146,-2.4860758469,13.7405818995));
#3219=CARTESIAN_POINT('',(-5.803803513,-2.5312970982,13.7291785604));
#3220=CARTESIAN_POINT('',(-5.8046957899,-2.5291204769,13.7312334162));
#3221=CARTESIAN_POINT('',(-5.8055615681,-2.5269323146,13.7332875493));
#3222=CARTESIAN_POINT('',(-5.8072398364,-2.5225336457,13.7373936579));
#3223=CARTESIAN_POINT('',(-5.8080523264,-2.5203231392,13.7394456333));
#3224=CARTESIAN_POINT('',(-5.8096237449,-2.5158805274,13.7435467144));
#3225=CARTESIAN_POINT('',(-5.8103826735,-2.5136484222,13.7455958201));
#3226=CARTESIAN_POINT('',(-5.8118467139,-2.5091633655,13.7496904509));
#3227=CARTESIAN_POINT('',(-5.8125518258,-2.5069104141,13.751735976));
#3228=CARTESIAN_POINT('',(-5.8139079956,-2.5023844249,13.7558227358));
#3229=CARTESIAN_POINT('',(-5.8145590535,-2.5001113871,13.7578639704));
#3230=CARTESIAN_POINT('',(-5.8151829748,-2.4978286892,13.7599027057));
#3231=CARTESIAN_POINT('',(-5.7726363029,-2.5967988409,13.8167762185));
#3232=CARTESIAN_POINT('',(-5.7741564197,-2.5932698578,13.8188308855));
#3233=CARTESIAN_POINT('',(-5.775628128,-2.5897192771,13.8208842273));
#3234=CARTESIAN_POINT('',(-5.7784738948,-2.5825769469,13.824986954));
#3235=CARTESIAN_POINT('',(-5.7798479533,-2.5789851974,13.8270363389));
#3236=CARTESIAN_POINT('',(-5.782497642,-2.5717625787,13.8311298476));
#3237=CARTESIAN_POINT('',(-5.7837732724,-2.5681317096,13.8331739713));
#3238=CARTESIAN_POINT('',(-5.7862253815,-2.5608329229,13.8372556562));
#3239=CARTESIAN_POINT('',(-5.7874018603,-2.5571650054,13.8392932174));
#3240=CARTESIAN_POINT('',(-5.7896549985,-2.5497942137,13.8433604795));
#3241=CARTESIAN_POINT('',(-5.7907316578,-2.5460913396,13.8453901804));
#3242=CARTESIAN_POINT('',(-5.7917581013,-2.5423720431,13.8474153045));
#3243=CARTESIAN_POINT('',(-5.7553409471,-2.6297450905,13.8963576883));
#3244=CARTESIAN_POINT('',(-5.7572090506,-2.6255242734,13.8984120759));
#3245=CARTESIAN_POINT('',(-5.7590087918,-2.6212723479,13.9004645859));
#3246=CARTESIAN_POINT('',(-5.7624700068,-2.6127099455,13.9045640002));
#3247=CARTESIAN_POINT('',(-5.7641314804,-2.6083994688,13.9066109045));
#3248=CARTESIAN_POINT('',(-5.7673147306,-2.5997236778,13.9106972616));
#3249=CARTESIAN_POINT('',(-5.7688365071,-2.5953583636,13.9127367144));
#3250=CARTESIAN_POINT('',(-5.7717390487,-2.586576657,13.9168063288));
#3251=CARTESIAN_POINT('',(-5.7731198137,-2.5821602646,13.9188364904));
#3252=CARTESIAN_POINT('',(-5.7757391336,-2.5732802031,13.9228856904));
#3253=CARTESIAN_POINT('',(-5.7769776884,-2.5688165342,13.9249047288));
#3254=CARTESIAN_POINT('',(-5.7781445973,-2.5643311475,13.9269172942));
#3255=CARTESIAN_POINT('',(-5.7025236519,-2.7279955777,14.1613218256));
#3256=CARTESIAN_POINT('',(-5.7054578948,-2.7216958929,14.1633751045));
#3257=CARTESIAN_POINT('',(-5.7082570512,-2.7153323018,14.1654246475));
#3258=CARTESIAN_POINT('',(-5.7135806112,-2.7024877891,14.169512585));
#3259=CARTESIAN_POINT('',(-5.7161050146,-2.6960068681,14.1715509795));
#3260=CARTESIAN_POINT('',(-5.7208749209,-2.6829383638,14.1756129607));
#3261=CARTESIAN_POINT('',(-5.7231204236,-2.676350781,14.1776365473));
#3262=CARTESIAN_POINT('',(-5.72732882,-2.6630797895,14.1816652771));
#3263=CARTESIAN_POINT('',(-5.7292917134,-2.6563963813,14.1836704201));
#3264=CARTESIAN_POINT('',(-5.7329316269,-2.6429447278,14.1876586556));
#3265=CARTESIAN_POINT('',(-5.7346086469,-2.6361764829,14.1896417481));
#3266=CARTESIAN_POINT('',(-5.7361413229,-2.6293713816,14.1916120293));
#3267=CARTESIAN_POINT('',(-5.6749697752,-2.77306784,14.3566923897));
#3268=CARTESIAN_POINT('',(-5.6784604347,-2.7657901231,14.3587446564));
#3269=CARTESIAN_POINT('',(-5.6817666775,-2.758422752,14.3607917968));
#3270=CARTESIAN_POINT('',(-5.688002496,-2.7435262446,14.3648707876));
#3271=CARTESIAN_POINT('',(-5.6909320713,-2.7359971095,14.3669026376));
#3272=CARTESIAN_POINT('',(-5.6964075818,-2.7207949888,14.3709460445));
#3273=CARTESIAN_POINT('',(-5.6989535166,-2.7131220045,14.3729576011));
#3274=CARTESIAN_POINT('',(-5.7036556499,-2.6976504308,14.3769554643));
#3275=CARTESIAN_POINT('',(-5.7058118481,-2.6898518428,14.3789417706));
#3276=CARTESIAN_POINT('',(-5.7097293022,-2.6741475989,14.3828842346));
#3277=CARTESIAN_POINT('',(-5.7114905578,-2.6662419444,14.3848403919));
#3278=CARTESIAN_POINT('',(-5.7130521901,-2.6582921503,14.38677906));
#3279=CARTESIAN_POINT('',(-5.6236240974,-2.8543380039,14.7458209386));
#3280=CARTESIAN_POINT('',(-5.6281295833,-2.8453311382,14.7478717022));
#3281=CARTESIAN_POINT('',(-5.6323549946,-2.8361825843,14.7499146186));
#3282=CARTESIAN_POINT('',(-5.6402300619,-2.8176359576,14.7539770653));
#3283=CARTESIAN_POINT('',(-5.643879716,-2.808237889,14.7559965947));
#3284=CARTESIAN_POINT('',(-5.6505897614,-2.78922701,14.7600046592));
#3285=CARTESIAN_POINT('',(-5.6536501512,-2.7796142037,14.7619931934));
#3286=CARTESIAN_POINT('',(-5.6591703122,-2.7602094114,14.7659317725));
#3287=CARTESIAN_POINT('',(-5.6616300821,-2.7504174297,14.7678818166));
#3288=CARTESIAN_POINT('',(-5.6659398403,-2.7306905061,14.7717360612));
#3289=CARTESIAN_POINT('',(-5.6677898277,-2.7207555686,14.7736402607));
#3290=CARTESIAN_POINT('',(-5.6693314556,-2.7107675239,14.7755179451));
#3291=CARTESIAN_POINT('',(-5.600582449,-2.8884290373,14.9423936127));
#3292=CARTESIAN_POINT('',(-5.6055399968,-2.8786944452,14.9444436324));
#3293=CARTESIAN_POINT('',(-5.6101696131,-2.8687910993,14.9464844316));
#3294=CARTESIAN_POINT('',(-5.6187527561,-2.8486902444,14.950538562));
#3295=CARTESIAN_POINT('',(-5.62270628,-2.8384927417,14.9525518919));
#3296=CARTESIAN_POINT('',(-5.6299199303,-2.817848202,14.9565421734));
#3297=CARTESIAN_POINT('',(-5.6331800543,-2.8074011715,14.9585191237));
#3298=CARTESIAN_POINT('',(-5.6389925956,-2.7863032864,14.9624278926));
#3299=CARTESIAN_POINT('',(-5.6415450109,-2.7756524384,14.96435971));
#3300=CARTESIAN_POINT('',(-5.6459308856,-2.7541935154,14.9681696554));
#3301=CARTESIAN_POINT('',(-5.6477643435,-2.743385447,14.9700477821));
#3302=CARTESIAN_POINT('',(-5.6492342531,-2.7325224077,14.9718949014));
#3303=CARTESIAN_POINT('',(-5.5358250858,-2.9805472442,15.5291024135));
#3304=CARTESIAN_POINT('',(-5.5420488232,-2.9688406696,15.5311502105));
#3305=CARTESIAN_POINT('',(-5.5478028566,-2.9568826821,15.5331846877));
#3306=CARTESIAN_POINT('',(-5.5583357485,-2.932538457,15.5372140058));
#3307=CARTESIAN_POINT('',(-5.5631146004,-2.9201522345,15.539208844));
#3308=CARTESIAN_POINT('',(-5.5716673167,-2.8950287635,15.5431461244));
#3309=CARTESIAN_POINT('',(-5.5754411758,-2.8822915307,15.545088564));
#3310=CARTESIAN_POINT('',(-5.581960243,-2.8565454175,15.5489086081));
#3311=CARTESIAN_POINT('',(-5.5847054471,-2.8435365531,15.5507862102));
#3312=CARTESIAN_POINT('',(-5.5891498337,-2.8173282317,15.5544645374));
#3313=CARTESIAN_POINT('',(-5.5908490132,-2.804128791,15.5562652602));
#3314=CARTESIAN_POINT('',(-5.5920196955,-2.7908751756,15.5580217591));
#3315=CARTESIAN_POINT('',(-5.4977789373,-3.0294472178,15.9222264616));
#3316=CARTESIAN_POINT('',(-5.5047404865,-3.01668565,15.9242727659));
#3317=CARTESIAN_POINT('',(-5.5111387355,-3.0036148274,15.926303004));
#3318=CARTESIAN_POINT('',(-5.5227601588,-2.9769539879,15.9303157091));
#3319=CARTESIAN_POINT('',(-5.5279833224,-2.9633639956,15.9322981724));
#3320=CARTESIAN_POINT('',(-5.5372148641,-2.9357680579,15.9362000394));
#3321=CARTESIAN_POINT('',(-5.5412232337,-2.9217621379,15.9381194393));
#3322=CARTESIAN_POINT('',(-5.5479945569,-2.8934407077,15.9418803624));
#3323=CARTESIAN_POINT('',(-5.5507575042,-2.8791252236,15.943721882));
#3324=CARTESIAN_POINT('',(-5.5550166588,-2.8502933704,15.9473128104));
#3325=CARTESIAN_POINT('',(-5.5565128621,-2.8357770281,15.9490622158));
#3326=CARTESIAN_POINT('',(-5.5573697667,-2.8212153692,15.9507587937));
#3327=CARTESIAN_POINT('',(-5.426114742,-3.1167620955,16.7079028231));
#3328=CARTESIAN_POINT('',(-5.4344646028,-3.102101611,16.7099459793));
#3329=CARTESIAN_POINT('',(-5.4420657874,-3.0870122609,16.7119675622));
#3330=CARTESIAN_POINT('',(-5.4556930595,-3.0561304061,16.7159466888));
#3331=CARTESIAN_POINT('',(-5.4617191236,-3.0403379547,16.7179042255));
#3332=CARTESIAN_POINT('',(-5.4721343741,-3.0082117239,16.7217350037));
#3333=CARTESIAN_POINT('',(-5.4765235425,-2.9918779999,16.7236082384));
#3334=CARTESIAN_POINT('',(-5.4836198669,-2.9588365647,16.7272510145));
#3335=CARTESIAN_POINT('',(-5.4863270104,-2.9421289105,16.7290205493));
#3336=CARTESIAN_POINT('',(-5.4900312531,-2.90851078,16.7324375824));
#3337=CARTESIAN_POINT('',(-5.4910283457,-2.8916003618,16.7340850746));
#3338=CARTESIAN_POINT('',(-5.4911650941,-2.8746751629,16.7356629978));
#3339=CARTESIAN_POINT('',(-5.3926166875,-3.1547770831,17.1014762037));
#3340=CARTESIAN_POINT('',(-5.4016143558,-3.1392810273,17.103517702));
#3341=CARTESIAN_POINT('',(-5.4097713333,-3.1232941687,17.1055348597));
#3342=CARTESIAN_POINT('',(-5.4243095544,-3.0905240384,17.1094969808));
#3343=CARTESIAN_POINT('',(-5.430690766,-3.0737408391,17.1114419353));
#3344=CARTESIAN_POINT('',(-5.4416034646,-3.0395725194,17.1152369494));
#3345=CARTESIAN_POINT('',(-5.4461349274,-3.0221874745,17.1170870005));
#3346=CARTESIAN_POINT('',(-5.4532954236,-2.987016897,17.1206706));
#3347=CARTESIAN_POINT('',(-5.4559244409,-2.9692314421,17.1224041404));
#3348=CARTESIAN_POINT('',(-5.459249232,-2.9334661202,17.1257344522));
#3349=CARTESIAN_POINT('',(-5.4599449981,-2.9154863322,17.1273312161));
#3350=CARTESIAN_POINT('',(-5.4596698587,-2.8975135206,17.1288502504));
#3351=CARTESIAN_POINT('',(-5.2963000005,-3.2588840183,18.2830797905));
#3352=CARTESIAN_POINT('',(-5.3071648509,-3.2410720642,18.2851158518));
#3353=CARTESIAN_POINT('',(-5.3169139677,-3.2225776311,18.2871192097));
#3354=CARTESIAN_POINT('',(-5.3340310506,-3.1845086712,18.2910291553));
#3355=CARTESIAN_POINT('',(-5.3413989507,-3.1649342917,18.2929357274));
#3356=CARTESIAN_POINT('',(-5.3536399607,-3.1250069883,18.2966221775));
#3357=CARTESIAN_POINT('',(-5.358513023,-3.1046542188,18.2984020408));
#3358=CARTESIAN_POINT('',(-5.3656886381,-3.0634835624,18.3018070767));
#3359=CARTESIAN_POINT('',(-5.3679911624,-3.0426658346,18.3034322357));
#3360=CARTESIAN_POINT('',(-5.3699890469,-3.000885857,18.306502221));
#3361=CARTESIAN_POINT('',(-5.3696843981,-2.9799237687,18.3079470349));
#3362=CARTESIAN_POINT('',(-5.3680776543,-2.959050893,18.3092902346));
#3363=CARTESIAN_POINT('',(-5.2375446369,-3.3152370742,19.0726701783));
#3364=CARTESIAN_POINT('',(-5.2495548299,-3.296131441,19.074702009));
#3365=CARTESIAN_POINT('',(-5.2602671323,-3.2762076979,19.0766954766));
#3366=CARTESIAN_POINT('',(-5.2789020724,-3.2350856635,19.0805690982));
#3367=CARTESIAN_POINT('',(-5.2868246103,-3.2138875928,19.0824492309));
#3368=CARTESIAN_POINT('',(-5.2997359358,-3.1706018288,19.0860615842));
#3369=CARTESIAN_POINT('',(-5.3047246535,-3.1485143673,19.0877937849));
#3370=CARTESIAN_POINT('',(-5.3116768578,-3.1038507878,19.0910783322));
#3371=CARTESIAN_POINT('',(-5.3136403054,-3.081274909,19.0926306605));
#3372=CARTESIAN_POINT('',(-5.3145047311,-3.0360444181,19.0955267535));
#3373=CARTESIAN_POINT('',(-5.3134057019,-3.0133900486,19.0968705019));
#3374=CARTESIAN_POINT('',(-5.3107842879,-2.9909021312,19.0980974901));
#3375=CARTESIAN_POINT('',(-5.0703165227,-3.4641579116,21.4384604807));
#3376=CARTESIAN_POINT('',(-5.0856477664,-3.4414898955,21.4404757828));
#3377=CARTESIAN_POINT('',(-5.099129917,-3.4175724012,21.4424352797));
#3378=CARTESIAN_POINT('',(-5.1220472603,-3.3678605647,21.4461903666));
#3379=CARTESIAN_POINT('',(-5.1314822034,-3.3420667657,21.4479859136));
#3380=CARTESIAN_POINT('',(-5.1460589921,-3.2892732572,21.4513648973));
#3381=CARTESIAN_POINT('',(-5.1512006761,-3.2622741236,21.4529482949));
#3382=CARTESIAN_POINT('',(-5.1570542893,-3.2077718778,21.4558601964));
#3383=CARTESIAN_POINT('',(-5.1577661491,-3.1802693602,21.4571886662));
#3384=CARTESIAN_POINT('',(-5.1547364176,-3.1254756634,21.4595544501));
#3385=CARTESIAN_POINT('',(-5.1509948505,-3.0981850827,21.4605917359));
#3386=CARTESIAN_POINT('',(-5.1450715311,-3.0713555464,21.461469043));
#3387=CARTESIAN_POINT('',(-4.9704643045,-3.5370083228,23.0168351468));
#3388=CARTESIAN_POINT('',(-4.9877890564,-3.5124961415,23.0188374927));
#3389=CARTESIAN_POINT('',(-5.002906616,-3.4864246018,23.0207722573));
#3390=CARTESIAN_POINT('',(-5.0282495386,-3.4319909076,23.0244441638));
#3391=CARTESIAN_POINT('',(-5.0384744908,-3.4036296387,23.0261812432));
#3392=CARTESIAN_POINT('',(-5.0537061345,-3.3455176411,23.0294013651));
#3393=CARTESIAN_POINT('',(-5.0587125724,-3.3157678557,23.030884352));
#3394=CARTESIAN_POINT('',(-5.0633439911,-3.2558238927,23.0335478342));
#3395=CARTESIAN_POINT('',(-5.062968883,-3.2256306892,23.0347282826));
#3396=CARTESIAN_POINT('',(-5.0568420469,-3.1657600037,23.0367477333));
#3397=CARTESIAN_POINT('',(-5.0510903974,-3.1360834984,23.0375866989));
#3398=CARTESIAN_POINT('',(-5.0427369564,-3.1071377496,23.0382408422));
#3399=CARTESIAN_POINT('',(-4.8106076348,-3.6408947308,25.6945713132));
#3400=CARTESIAN_POINT('',(-4.8311916777,-3.6135783034,25.6965451128));
#3401=CARTESIAN_POINT('',(-4.8489631733,-3.5841398041,25.6984307774));
#3402=CARTESIAN_POINT('',(-4.8781410953,-3.5222461091,25.7019467813));
#3403=CARTESIAN_POINT('',(-4.8895466756,-3.4897927097,25.7035770174));
#3404=CARTESIAN_POINT('',(-4.9055153135,-3.4232253414,25.7065135061));
#3405=CARTESIAN_POINT('',(-4.9100779051,-3.3891133035,25.7078196723));
#3406=CARTESIAN_POINT('',(-4.9121678202,-3.3206540806,25.7100528551));
#3407=CARTESIAN_POINT('',(-4.9096950771,-3.286308882,25.7109798055));
#3408=CARTESIAN_POINT('',(-4.8978143316,-3.2188189787,25.7124151884));
#3409=CARTESIAN_POINT('',(-4.8884066649,-3.185676234,25.7129235776));
#3410=CARTESIAN_POINT('',(-4.8757257281,-3.1538269091,25.713211749));
#3411=CARTESIAN_POINT('',(-4.7479764104,-3.677295402,26.7938422733));
#3412=CARTESIAN_POINT('',(-4.7698533604,-3.6489396108,26.795802671));
#3413=CARTESIAN_POINT('',(-4.7886710401,-3.6182208404,26.7976663658));
#3414=CARTESIAN_POINT('',(-4.8193281434,-3.5534625903,26.8011146943));
#3415=CARTESIAN_POINT('',(-4.8311664963,-3.519425374,26.802699206));
#3416=CARTESIAN_POINT('',(-4.8473209468,-3.4495910893,26.8055159882));
#3417=CARTESIAN_POINT('',(-4.8516364758,-3.4137964604,26.8067481586));
#3418=CARTESIAN_POINT('',(-4.8525448066,-3.342088886,26.8088031846));
#3419=CARTESIAN_POINT('',(-4.8491375674,-3.3061784466,26.8096259665));
#3420=CARTESIAN_POINT('',(-4.834752641,-3.2358868407,26.8108238715));
#3421=CARTESIAN_POINT('',(-4.8237754427,-3.201508134,26.8111989509));
#3422=CARTESIAN_POINT('',(-4.8092621688,-3.1686834184,26.8113412815));
#3423=CARTESIAN_POINT('',(-4.6876326078,-3.7092597768,27.8933039592));
#3424=CARTESIAN_POINT('',(-4.7107723976,-3.6799381629,27.8952488627));
#3425=CARTESIAN_POINT('',(-4.7306072754,-3.6480034258,27.8970883547));
#3426=CARTESIAN_POINT('',(-4.7626757402,-3.580503996,27.9004645668));
#3427=CARTESIAN_POINT('',(-4.7749079747,-3.5449421498,27.9020011445));
#3428=CARTESIAN_POINT('',(-4.7911570075,-3.4719717901,27.904694436));
#3429=CARTESIAN_POINT('',(-4.7951731205,-3.4345663541,27.9058510362));
#3430=CARTESIAN_POINT('',(-4.7947877899,-3.3597847182,27.9077263314));
#3431=CARTESIAN_POINT('',(-4.7903863627,-3.3224116722,27.9084449475));
#3432=CARTESIAN_POINT('',(-4.7733859942,-3.2495692539,27.9094081956));
#3433=CARTESIAN_POINT('',(-4.7607877699,-3.2141029537,27.909652787));
#3434=CARTESIAN_POINT('',(-4.744406373,-3.1804779718,27.9096542328));
#3435=B_SPLINE_SURFACE_WITH_KNOTS('',3,3,((#2859,#2860,#2861,#2862,#2863,#2864,#2865,#2866,#2867,#2868,#2869,#2870),
    (#2871,#2872,#2873,#2874,#2875,#2876,#2877,#2878,#2879,#2880,#2881,#2882),
    (#2883,#2884,#2885,#2886,#2887,#2888,#2889,#2890,#2891,#2892,#2893,#2894),
    (#2895,#2896,#2897,#2898,#2899,#2900,#2901,#2902,#2903,#2904,#2905,#2906),
    (#2907,#2908,#2909,#2910,#2911,#2912,#2913,#2914,#2915,#2916,#2917,#2918),
    (#2919,#2920,#2921,#2922,#2923,#2924,#2925,#2926,#2927,#2928,#2929,#2930),
    (#2931,#2932,#2933,#2934,#2935,#2936,#2937,#2938,#2939,#2940,#2941,#2942),
    (#2943,#2944,#2945,#2946,#2947,#2948,#2949,#2950,#2951,#2952,#2953,#2954),
    (#2955,#2956,#2957,#2958,#2959,#2960,#2961,#2962,#2963,#2964,#2965,#2966),
    (#2967,#2968,#2969,#2970,#2971,#2972,#2973,#2974,#2975,#2976,#2977,#2978),
    (#2979,#2980,#2981,#2982,#2983,#2984,#2985,#2986,#2987,#2988,#2989,#2990),
    (#2991,#2992,#2993,#2994,#2995,#2996,#2997,#2998,#2999,#3000,#3001,#3002),
    (#3003,#3004,#3005,#3006,#3007,#3008,#3009,#3010,#3011,#3012,#3013,#3014),
    (#3015,#3016,#3017,#3018,#3019,#3020,#3021,#3022,#3023,#3024,#3025,#3026),
    (#3027,#3028,#3029,#3030,#3031,#3032,#3033,#3034,#3035,#3036,#3037,#3038),
    (#3039,#3040,#3041,#3042,#3043,#3044,#3045,#3046,#3047,#3048,#3049,#3050),
    (#3051,#3052,#3053,#3054,#3055,#3056,#3057,#3058,#3059,#3060,#3061,#3062),
    (#3063,#3064,#3065,#3066,#3067,#3068,#3069,#3070,#3071,#3072,#3073,#3074),
    (#3075,#3076,#3077,#3078,#3079,#3080,#3081,#3082,#3083,#3084,#3085,#3086),
    (#3087,#3088,#3089,#3090,#3091,#3092,#3093,#3094,#3095,#3096,#3097,#3098),
    (#3099,#3100,#3101,#3102,#3103,#3104,#3105,#3106,#3107,#3108,#3109,#3110),
    (#3111,#3112,#3113,#3114,#3115,#3116,#3117,#3118,#3119,#3120,#3121,#3122),
    (#3123,#3124,#3125,#3126,#3127,#3128,#3129,#3130,#3131,#3132,#3133,#3134),
    (#3135,#3136,#3137,#3138,#3139,#3140,#3141,#3142,#3143,#3144,#3145,#3146),
    (#3147,#3148,#3149,#3150,#3151,#3152,#3153,#3154,#3155,#3156,#3157,#3158),
    (#3159,#3160,#3161,#3162,#3163,#3164,#3165,#3166,#3167,#3168,#3169,#3170),
    (#3171,#3172,#3173,#3174,#3175,#3176,#3177,#3178,#3179,#3180,#3181,#3182),
    (#3183,#3184,#3185,#3186,#3187,#3188,#3189,#3190,#3191,#3192,#3193,#3194),
    (#3195,#3196,#3197,#3198,#3199,#3200,#3201,#3202,#3203,#3204,#3205,#3206),
    (#3207,#3208,#3209,#3210,#3211,#3212,#3213,#3214,#3215,#3216,#3217,#3218),
    (#3219,#3220,#3221,#3222,#3223,#3224,#3225,#3226,#3227,#3228,#3229,#3230),
    (#3231,#3232,#3233,#3234,#3235,#3236,#3237,#3238,#3239,#3240,#3241,#3242),
    (#3243,#3244,#3245,#3246,#3247,#3248,#3249,#3250,#3251,#3252,#3253,#3254),
    (#3255,#3256,#3257,#3258,#3259,#3260,#3261,#3262,#3263,#3264,#3265,#3266),
    (#3267,#3268,#3269,#3270,#3271,#3272,#3273,#3274,#3275,#3276,#3277,#3278),
    (#3279,#3280,#3281,#3282,#3283,#3284,#3285,#3286,#3287,#3288,#3289,#3290),
    (#3291,#3292,#3293,#3294,#3295,#3296,#3297,#3298,#3299,#3300,#3301,#3302),
    (#3303,#3304,#3305,#3306,#3307,#3308,#3309,#3310,#3311,#3312,#3313,#3314),
    (#3315,#3316,#3317,#3318,#3319,#3320,#3321,#3322,#3323,#3324,#3325,#3326),
    (#3327,#3328,#3329,#3330,#3331,#3332,#3333,#3334,#3335,#3336,#3337,#3338),
    (#3339,#3340,#3341,#3342,#3343,#3344,#3345,#3346,#3347,#3348,#3349,#3350),
    (#3351,#3352,#3353,#3354,#3355,#3356,#3357,#3358,#3359,#3360,#3361,#3362),
    (#3363,#3364,#3365,#3366,#3367,#3368,#3369,#3370,#3371,#3372,#3373,#3374),
    (#3375,#3376,#3377,#3378,#3379,#3380,#3381,#3382,#3383,#3384,#3385,#3386),
    (#3387,#3388,#3389,#3390,#3391,#3392,#3393,#3394,#3395,#3396,#3397,#3398),
    (#3399,#3400,#3401,#3402,#3403,#3404,#3405,#3406,#3407,#3408,#3409,#3410),
    (#3411,#3412,#3413,#3414,#3415,#3416,#3417,#3418,#3419,#3420,#3421,#3422),
    (#3423,#3424,#3425,#3426,#3427,#3428,#3429,#3430,#3431,#3432,#3433,#3434)),.UNSPECIFIED.,.F.,.F.,.U.,
 (4,2,2,2,2,2,2,2,2,2,2,2,2,2,2,2,2,2,2,2,
    2,2,2,4),(4,2,2,2,2,4),
  (0.0,0.0035539662,0.1389516732,0.2743527194,0.3729042585,0.4293110671,0.4613650261,0.4794187656,0.4894891403,0.4950746086,
    0.4973565475,0.498838323,0.4999856075,0.5011357635,0.5026222167,0.5052789179,0.514090971,0.5348631638,0.5556353567,0.5968875068,
    0.638139657,0.7206439574,0.8853567968,1.0),(0.0,0.2,0.4,0.6,0.8,1.0),.UNSPECIFIED.);
#3436=ADVANCED_FACE('n° 1049',(#2858),#3435,.T.);
#3437=ORIENTED_EDGE('',*,*,#2806,.T.);
#3438=ORIENTED_EDGE('',*,*,#1246,.F.);
#3439=CARTESIAN_POINT('',(-4.2956596111,-3.3990968882,27.8808078637));
#3440=DIRECTION('',(-0.4393544138,-0.8750213244,-0.2032372526));
#3441=DIRECTION('',(0.8936727017,-0.4487194026,0.0));
#3442=AXIS2_PLACEMENT_3D('',#3439,#3440,#3441);
#3443=CIRCLE('',#3442,0.5);
#3444=EDGE_CURVE('n° 1154',#702,#1228,#3443,.T.);
#3445=ORIENTED_EDGE('',*,*,#3444,.F.);
#3446=ORIENTED_EDGE('',*,*,#718,.F.);
#3447=EDGE_LOOP('',(#3437,#3438,#3445,#3446));
#3448=FACE_OUTER_BOUND('',#3447,.T.);
#3449=CARTESIAN_POINT('',(-5.6040598706,-1.105767015,27.9096746653));
#3450=CARTESIAN_POINT('',(-5.6122745813,-1.1001027502,27.9558501192));
#3451=CARTESIAN_POINT('',(-5.6182906405,-1.0880797145,28.0016315184));
#3452=CARTESIAN_POINT('',(-5.6254478657,-1.0522705605,28.0887718091));
#3453=CARTESIAN_POINT('',(-5.6265882646,-1.02848828,28.1301213617));
#3454=CARTESIAN_POINT('',(-5.6239021034,-0.9710562901,28.2050967091));
#3455=CARTESIAN_POINT('',(-5.6200758312,-0.9374127358,28.2387144688));
#3456=CARTESIAN_POINT('',(-5.6077606557,-0.8629413328,28.2955413835));
#3457=CARTESIAN_POINT('',(-5.5992730722,-0.8221214653,28.3187444482));
#3458=CARTESIAN_POINT('',(-5.5783117083,-0.7365539208,28.3528877961));
#3459=CARTESIAN_POINT('',(-5.5658401744,-0.6918154142,28.36382442));
#3460=CARTESIAN_POINT('',(-5.5518728206,-0.646897977,28.368191887));
#3461=CARTESIAN_POINT('',(-5.4471760843,-1.1569479337,27.9593162347));
#3462=CARTESIAN_POINT('',(-5.4535978583,-1.1504406711,28.0046770243));
#3463=CARTESIAN_POINT('',(-5.4571954895,-1.1380994272,28.0496116606));
#3464=CARTESIAN_POINT('',(-5.4584769831,-1.1026884921,28.1352145438));
#3465=CARTESIAN_POINT('',(-5.4561607735,-1.0796222694,28.1758744113));
#3466=CARTESIAN_POINT('',(-5.4458021291,-1.0245199182,28.2498214516));
#3467=CARTESIAN_POINT('',(-5.4377607801,-0.9924891713,28.2831013831));
#3468=CARTESIAN_POINT('',(-5.416579603,-0.92189882,28.33974453));
#3469=CARTESIAN_POINT('',(-5.4034419326,-0.8833461016,28.3631021932));
#3470=CARTESIAN_POINT('',(-5.3730869914,-0.8026496191,28.3981130212));
#3471=CARTESIAN_POINT('',(-5.3558727827,-0.7605137231,28.4097627453));
#3472=CARTESIAN_POINT('',(-5.3372842659,-0.718187867,28.4151126537));
#3473=CARTESIAN_POINT('',(-5.291644927,-1.2380023913,28.0022013802));
#3474=CARTESIAN_POINT('',(-5.2961590295,-1.2312885409,28.046934819));
#3475=CARTESIAN_POINT('',(-5.2973748505,-1.2192699488,28.0912217203));
#3476=CARTESIAN_POINT('',(-5.2931251967,-1.1855041909,28.1756507313));
#3477=CARTESIAN_POINT('',(-5.2876601367,-1.1637601014,28.2157851183));
#3478=CARTESIAN_POINT('',(-5.2704569047,-1.1121426312,28.2889467297));
#3479=CARTESIAN_POINT('',(-5.2587203389,-1.0822739515,28.3219672611));
#3480=CARTESIAN_POINT('',(-5.2298462902,-1.0166048367,28.378462913));
#3481=CARTESIAN_POINT('',(-5.2127114855,-0.9808103815,28.4019328634));
#3482=CARTESIAN_POINT('',(-5.1743123518,-0.9059238377,28.4375930147));
#3483=CARTESIAN_POINT('',(-5.1530515745,-0.8668385681,28.4497799493));
#3484=CARTESIAN_POINT('',(-5.1305141844,-0.8275429458,28.4558757535));
#3485=CARTESIAN_POINT('',(-5.0205873769,-1.4433689477,28.0684117503));
#3486=CARTESIAN_POINT('',(-5.0214837859,-1.4373313358,28.1121340432));
#3487=CARTESIAN_POINT('',(-5.0182472585,-1.4270987864,28.1553801402));
#3488=CARTESIAN_POINT('',(-5.0037372904,-1.398951061,28.2379240585));
#3489=CARTESIAN_POINT('',(-4.9924650567,-1.3810381615,28.2772151668));
#3490=CARTESIAN_POINT('',(-4.9626733476,-1.3387716458,28.3491136731));
#3491=CARTESIAN_POINT('',(-4.9441563289,-1.3144214455,28.381715223));
#3492=CARTESIAN_POINT('',(-4.9011703079,-1.2609688568,28.4379640525));
#3493=CARTESIAN_POINT('',(-4.8767048401,-1.2318707873,28.4616067551));
#3494=CARTESIAN_POINT('',(-4.8235321412,-1.1709405896,28.4982901041));
#3495=CARTESIAN_POINT('',(-4.7948292754,-1.1391133844,28.5113277625));
#3496=CARTESIAN_POINT('',(-4.7650083543,-1.1070230896,28.5186092011));
#3497=CARTESIAN_POINT('',(-4.9025462361,-1.5709919529,28.0920749493));
#3498=CARTESIAN_POINT('',(-4.9016779778,-1.5659509042,28.1354199876));
#3499=CARTESIAN_POINT('',(-4.8963104695,-1.5573260521,28.178280151));
#3500=CARTESIAN_POINT('',(-4.8769417237,-1.5334918718,28.2601263692));
#3501=CARTESIAN_POINT('',(-4.8629419998,-1.5182843915,28.2991060523));
#3502=CARTESIAN_POINT('',(-4.8272619331,-1.4823171551,28.3705371507));
#3503=CARTESIAN_POINT('',(-4.8055843751,-1.4615601886,28.4029830049));
#3504=CARTESIAN_POINT('',(-4.7560248458,-1.415903569,28.4591366319));
#3505=CARTESIAN_POINT('',(-4.7281467407,-1.3910074578,28.4828400329));
#3506=CARTESIAN_POINT('',(-4.6680848306,-1.3387637592,28.5198936943));
#3507=CARTESIAN_POINT('',(-4.63590571,-1.3114202253,28.5332410695));
#3508=CARTESIAN_POINT('',(-4.6026696718,-1.2837799134,28.5409566872));
#3509=CARTESIAN_POINT('',(-4.7536911417,-1.8043451261,28.1105569208));
#3510=CARTESIAN_POINT('',(-4.7509266865,-1.8014554507,28.1536257654));
#3511=CARTESIAN_POINT('',(-4.7432034822,-1.7958953624,28.1962032219));
#3512=CARTESIAN_POINT('',(-4.7183546108,-1.7798043832,28.2775381291));
#3513=CARTESIAN_POINT('',(-4.701230816,-1.7692747005,28.316289458));
#3514=CARTESIAN_POINT('',(-4.6587261022,-1.7439478778,28.3873775939));
#3515=CARTESIAN_POINT('',(-4.633348385,-1.7291526401,28.4197090502));
#3516=CARTESIAN_POINT('',(-4.5760339406,-1.6962834834,28.475792256));
#3517=CARTESIAN_POINT('',(-4.5441015302,-1.6782120337,28.4995397842));
#3518=CARTESIAN_POINT('',(-4.4758148919,-1.6399985449,28.5368641973));
#3519=CARTESIAN_POINT('',(-4.4394658066,-1.6198593768,28.5504382728));
#3520=CARTESIAN_POINT('',(-4.4021224031,-1.5993582258,28.5584719248));
#3521=CARTESIAN_POINT('',(-4.7063692429,-1.8991259696,28.1133956566));
#3522=CARTESIAN_POINT('',(-4.7030551289,-1.8971795308,28.1564214994));
#3523=CARTESIAN_POINT('',(-4.694627843,-1.8929069118,28.198954941));
#3524=CARTESIAN_POINT('',(-4.6681069879,-1.8799934149,28.2802101101));
#3525=CARTESIAN_POINT('',(-4.650015404,-1.8713535047,28.3189257539));
#3526=CARTESIAN_POINT('',(-4.6053722816,-1.850281785,28.3899599911));
#3527=CARTESIAN_POINT('',(-4.5788240853,-1.8378515542,28.4222732661));
#3528=CARTESIAN_POINT('',(-4.5190388164,-1.8100287383,28.4783444821));
#3529=CARTESIAN_POINT('',(-4.4858062196,-1.7946382374,28.5020982248));
#3530=CARTESIAN_POINT('',(-4.4148697503,-1.7619222172,28.5394632269));
#3531=CARTESIAN_POINT('',(-4.3771711885,-1.7445991485,28.5530716885));
#3532=CARTESIAN_POINT('',(-4.3384950326,-1.7268868337,28.5611538782));
#3533=CARTESIAN_POINT('',(-4.6143925874,-2.1463314009,28.1096208217));
#3534=CARTESIAN_POINT('',(-4.6101903697,-2.1470349604,28.1527042693));
#3535=CARTESIAN_POINT('',(-4.6005078039,-2.1463371801,28.1952966057));
#3536=CARTESIAN_POINT('',(-4.5708276768,-2.142185791,28.2766582298));
#3537=CARTESIAN_POINT('',(-4.550832353,-2.138732497,28.3154213821));
#3538=CARTESIAN_POINT('',(-4.5018646714,-2.1293014886,28.3865269394));
#3539=CARTESIAN_POINT('',(-4.4728960054,-2.1233244876,28.4188639825));
#3540=CARTESIAN_POINT('',(-4.4079209703,-2.1092467074,28.4749497775));
#3541=CARTESIAN_POINT('',(-4.3719194999,-2.1011469925,28.4986943));
#3542=CARTESIAN_POINT('',(-4.2952896458,-2.0833667818,28.5360028779));
#3543=CARTESIAN_POINT('',(-4.2546670395,-2.0736876298,28.5495641197));
#3544=CARTESIAN_POINT('',(-4.2130913542,-2.0635425538,28.5575800574));
#3545=CARTESIAN_POINT('',(-4.5844019227,-2.3074984254,28.0964890911));
#3546=CARTESIAN_POINT('',(-4.5801943585,-2.310032632,28.1397762101));
#3547=CARTESIAN_POINT('',(-4.5703144878,-2.311764767,28.1825767371));
#3548=CARTESIAN_POINT('',(-4.5398777837,-2.313511013,28.2643149606));
#3549=CARTESIAN_POINT('',(-4.5193233037,-2.3135250071,28.303246343));
#3550=CARTESIAN_POINT('',(-4.4689301413,-2.3118383309,28.3746051768));
#3551=CARTESIAN_POINT('',(-4.4390953525,-2.310137815,28.4070271154));
#3552=CARTESIAN_POINT('',(-4.3721636973,-2.3051429298,28.4631669226));
#3553=CARTESIAN_POINT('',(-4.3350720009,-2.3018489749,28.4868804534));
#3554=CARTESIAN_POINT('',(-4.2561409382,-2.2938968784,28.5239934252));
#3555=CARTESIAN_POINT('',(-4.214307668,-2.2892393823,28.5373899971));
#3556=CARTESIAN_POINT('',(-4.1715186889,-2.2840610399,28.5451741565));
#3557=CARTESIAN_POINT('',(-4.5772827872,-2.6284719508,28.0518259293));
#3558=CARTESIAN_POINT('',(-4.5740905813,-2.6342522059,28.0957873004));
#3559=CARTESIAN_POINT('',(-4.564945331,-2.6404431125,28.139279448));
#3560=CARTESIAN_POINT('',(-4.5353920378,-2.6532141637,28.2222688539));
#3561=CARTESIAN_POINT('',(-4.5149864722,-2.6597932562,28.2617591611));
#3562=CARTESIAN_POINT('',(-4.4643518457,-2.672880678,28.3339557261));
#3563=CARTESIAN_POINT('',(-4.4341270266,-2.6793879347,28.3666559363));
#3564=CARTESIAN_POINT('',(-4.3659865107,-2.6918778244,28.4229620147));
#3565=CARTESIAN_POINT('',(-4.3280765209,-2.6978594392,28.4465631655));
#3566=CARTESIAN_POINT('',(-4.2472410814,-2.7088819748,28.4830027661));
#3567=CARTESIAN_POINT('',(-4.2043224012,-2.713922003,28.4958381618));
#3568=CARTESIAN_POINT('',(-4.1604106926,-2.7183170104,28.5028378806));
#3569=CARTESIAN_POINT('',(-4.6003357151,-2.7898858561,28.0196157701));
#3570=CARTESIAN_POINT('',(-4.5981943415,-2.7971883041,28.0640744928));
#3571=CARTESIAN_POINT('',(-4.5899990364,-2.805565235,28.1080777537));
#3572=CARTESIAN_POINT('',(-4.5620967285,-2.8238667477,28.1919925389));
#3573=CARTESIAN_POINT('',(-4.542392217,-2.8337897378,28.2318966295));
#3574=CARTESIAN_POINT('',(-4.4929046698,-2.8544701665,28.3047135543));
#3575=CARTESIAN_POINT('',(-4.4631260373,-2.8652258167,28.3376199365));
#3576=CARTESIAN_POINT('',(-4.3956553665,-2.8868002033,28.3940493192));
#3577=CARTESIAN_POINT('',(-4.3579693236,-2.8976170825,28.4175673168));
#3578=CARTESIAN_POINT('',(-4.2774235396,-2.9185395984,28.4535087728));
#3579=CARTESIAN_POINT('',(-4.2345709511,-2.9286434414,28.4659290399));
#3580=CARTESIAN_POINT('',(-4.1906891505,-2.9380306571,28.4723490518));
#3581=CARTESIAN_POINT('',(-4.6726893371,-3.0233822173,27.9588985389));
#3582=CARTESIAN_POINT('',(-4.6727056132,-3.0323759252,28.0043044082));
#3583=CARTESIAN_POINT('',(-4.6666281619,-3.043519076,28.0492868685));
#3584=CARTESIAN_POINT('',(-4.6427500134,-3.0692563282,28.1349771331));
#3585=CARTESIAN_POINT('',(-4.6249516773,-3.0838478994,28.1756764848));
#3586=CARTESIAN_POINT('',(-4.5789938885,-3.1153670938,28.2496821352));
#3587=CARTESIAN_POINT('',(-4.5508389747,-3.1322916207,28.2829811335));
#3588=CARTESIAN_POINT('',(-4.4863236994,-3.1671836137,28.3396338032));
#3589=CARTESIAN_POINT('',(-4.4499697071,-3.1851476537,28.3629818853));
#3590=CARTESIAN_POINT('',(-4.3718403513,-3.2207461463,28.3979420029));
#3591=CARTESIAN_POINT('',(-4.3300726995,-3.2383771048,28.4095505877));
#3592=CARTESIAN_POINT('',(-4.2871939827,-3.2551697224,28.4148451326));
#3593=CARTESIAN_POINT('',(-4.7055657888,-3.10410217,27.9350436112));
#3594=CARTESIAN_POINT('',(-4.7064552472,-3.1135803944,27.9808237229));
#3595=CARTESIAN_POINT('',(-4.7012588973,-3.1256038847,28.0261940188));
#3596=CARTESIAN_POINT('',(-4.6791002039,-3.1538077383,28.1125879273));
#3597=CARTESIAN_POINT('',(-4.6621401451,-3.1699852143,28.153602669));
#3598=CARTESIAN_POINT('',(-4.6177789084,-3.2052358081,28.2280792117));
#3599=CARTESIAN_POINT('',(-4.5903822956,-3.2243053208,28.2615333648));
#3600=CARTESIAN_POINT('',(-4.5272887937,-3.2638534042,28.3182725012));
#3601=CARTESIAN_POINT('',(-4.4915983934,-3.2843279327,28.3415516567));
#3602=CARTESIAN_POINT('',(-4.4147067567,-3.3250899686,28.3761189592));
#3603=CARTESIAN_POINT('',(-4.3735134259,-3.3453733115,28.3874035535));
#3604=CARTESIAN_POINT('',(-4.3311746817,-3.3647725365,28.3922500866));
#3605=CARTESIAN_POINT('',(-4.7444063731,-3.1804779719,27.909654233));
#3606=CARTESIAN_POINT('',(-4.7462197531,-3.1902936691,27.9558350427));
#3607=CARTESIAN_POINT('',(-4.7419825764,-3.2030559087,28.0016219708));
#3608=CARTESIAN_POINT('',(-4.7217435659,-3.2334600768,28.0887723165));
#3609=CARTESIAN_POINT('',(-4.7057439023,-3.2510987452,28.1301263895));
#3610=CARTESIAN_POINT('',(-4.6632547242,-3.2898486384,28.2051085825));
#3611=CARTESIAN_POINT('',(-4.6367697657,-3.3109557081,28.2387286627));
#3612=CARTESIAN_POINT('',(-4.5754221689,-3.3549580704,28.295557161));
#3613=CARTESIAN_POINT('',(-4.5405661086,-3.3778486448,28.3187594858));
#3614=CARTESIAN_POINT('',(-4.4652572372,-3.4235909357,28.3528978874));
#3615=CARTESIAN_POINT('',(-4.4248125012,-3.4464377476,28.3638303038));
#3616=CARTESIAN_POINT('',(-4.3831832381,-3.4683531412,28.3681918872));
#3617=B_SPLINE_SURFACE_WITH_KNOTS('',3,3,((#3449,#3450,#3451,#3452,#3453,#3454,#3455,#3456,#3457,#3458,#3459,#3460),
    (#3461,#3462,#3463,#3464,#3465,#3466,#3467,#3468,#3469,#3470,#3471,#3472),
    (#3473,#3474,#3475,#3476,#3477,#3478,#3479,#3480,#3481,#3482,#3483,#3484),
    (#3485,#3486,#3487,#3488,#3489,#3490,#3491,#3492,#3493,#3494,#3495,#3496),
    (#3497,#3498,#3499,#3500,#3501,#3502,#3503,#3504,#3505,#3506,#3507,#3508),
    (#3509,#3510,#3511,#3512,#3513,#3514,#3515,#3516,#3517,#3518,#3519,#3520),
    (#3521,#3522,#3523,#3524,#3525,#3526,#3527,#3528,#3529,#3530,#3531,#3532),
    (#3533,#3534,#3535,#3536,#3537,#3538,#3539,#3540,#3541,#3542,#3543,#3544),
    (#3545,#3546,#3547,#3548,#3549,#3550,#3551,#3552,#3553,#3554,#3555,#3556),
    (#3557,#3558,#3559,#3560,#3561,#3562,#3563,#3564,#3565,#3566,#3567,#3568),
    (#3569,#3570,#3571,#3572,#3573,#3574,#3575,#3576,#3577,#3578,#3579,#3580),
    (#3581,#3582,#3583,#3584,#3585,#3586,#3587,#3588,#3589,#3590,#3591,#3592),
    (#3593,#3594,#3595,#3596,#3597,#3598,#3599,#3600,#3601,#3602,#3603,#3604),
    (#3605,#3606,#3607,#3608,#3609,#3610,#3611,#3612,#3613,#3614,#3615,#3616)),.UNSPECIFIED.,.F.,.F.,.U.,
 (4,2,2,2,2,2,4),(4,2,2,2,2,4),(0.0,0.1990686855,0.4002880222,0.5217338884,0.7099810444,0.8979604356,1.0),(0.0,0.2,0.4,0.6,0.8,1.0),.UNSPECIFIED.);
#3618=ADVANCED_FACE('n° 1051',(#3448),#3617,.T.);
#3619=ORIENTED_EDGE('',*,*,#2837,.T.);
#3620=ORIENTED_EDGE('',*,*,#662,.F.);
#3621=CARTESIAN_POINT('',(-0.6339806851,5.4410127403,27.8808078637));
#3622=DIRECTION('',(0.3086979797,0.9292068383,-0.2031753157));
#3623=DIRECTION('',(-0.9490007396,0.3152738432,0.0));
#3624=AXIS2_PLACEMENT_3D('',#3621,#3622,#3623);
#3625=CIRCLE('',#3624,0.5);
#3626=EDGE_CURVE('n° 1155',#942,#637,#3625,.T.);
#3627=ORIENTED_EDGE('',*,*,#3626,.F.);
#3628=ORIENTED_EDGE('',*,*,#958,.F.);
#3629=EDGE_LOOP('',(#3619,#3620,#3627,#3628));
#3630=FACE_OUTER_BOUND('',#3629,.T.);
#3631=CARTESIAN_POINT('',(-1.105767015,5.6040598706,27.9096746653));
#3632=CARTESIAN_POINT('',(-1.1001027502,5.6122745813,27.9558501192));
#3633=CARTESIAN_POINT('',(-1.0880797145,5.6182906405,28.0016315184));
#3634=CARTESIAN_POINT('',(-1.0522705605,5.6254478657,28.0887718091));
#3635=CARTESIAN_POINT('',(-1.02848828,5.6265882646,28.1301213617));
#3636=CARTESIAN_POINT('',(-0.9710562901,5.6239021034,28.2050967091));
#3637=CARTESIAN_POINT('',(-0.9374127358,5.6200758312,28.2387144688));
#3638=CARTESIAN_POINT('',(-0.8629413328,5.6077606557,28.2955413835));
#3639=CARTESIAN_POINT('',(-0.8221214653,5.5992730722,28.3187444482));
#3640=CARTESIAN_POINT('',(-0.7365539208,5.5783117083,28.3528877961));
#3641=CARTESIAN_POINT('',(-0.6918154142,5.5658401744,28.36382442));
#3642=CARTESIAN_POINT('',(-0.646897977,5.5518728206,28.368191887));
#3643=CARTESIAN_POINT('',(-1.1569479337,5.4471760843,27.9593162347));
#3644=CARTESIAN_POINT('',(-1.1504406711,5.4535978583,28.0046770243));
#3645=CARTESIAN_POINT('',(-1.1380994272,5.4571954895,28.0496116606));
#3646=CARTESIAN_POINT('',(-1.1026884921,5.4584769831,28.1352145438));
#3647=CARTESIAN_POINT('',(-1.0796222694,5.4561607735,28.1758744113));
#3648=CARTESIAN_POINT('',(-1.0245199182,5.4458021291,28.2498214516));
#3649=CARTESIAN_POINT('',(-0.9924891713,5.4377607801,28.2831013831));
#3650=CARTESIAN_POINT('',(-0.92189882,5.416579603,28.33974453));
#3651=CARTESIAN_POINT('',(-0.8833461016,5.4034419326,28.3631021932));
#3652=CARTESIAN_POINT('',(-0.8026496191,5.3730869914,28.3981130212));
#3653=CARTESIAN_POINT('',(-0.7605137231,5.3558727826,28.4097627453));
#3654=CARTESIAN_POINT('',(-0.718187867,5.3372842659,28.4151126537));
#3655=CARTESIAN_POINT('',(-1.2380023913,5.2916449269,28.0022013802));
#3656=CARTESIAN_POINT('',(-1.2312885409,5.2961590295,28.046934819));
#3657=CARTESIAN_POINT('',(-1.2192699488,5.2973748505,28.0912217203));
#3658=CARTESIAN_POINT('',(-1.1855041909,5.2931251967,28.1756507313));
#3659=CARTESIAN_POINT('',(-1.1637601014,5.2876601367,28.2157851183));
#3660=CARTESIAN_POINT('',(-1.1121426312,5.2704569047,28.2889467297));
#3661=CARTESIAN_POINT('',(-1.0822739515,5.2587203389,28.3219672611));
#3662=CARTESIAN_POINT('',(-1.0166048367,5.2298462902,28.378462913));
#3663=CARTESIAN_POINT('',(-0.9808103815,5.2127114855,28.4019328634));
#3664=CARTESIAN_POINT('',(-0.9059238377,5.1743123518,28.4375930147));
#3665=CARTESIAN_POINT('',(-0.8668385681,5.1530515745,28.4497799493));
#3666=CARTESIAN_POINT('',(-0.8275429458,5.1305141844,28.4558757535));
#3667=CARTESIAN_POINT('',(-1.4433689477,5.0205873769,28.0684117503));
#3668=CARTESIAN_POINT('',(-1.4373313358,5.0214837859,28.1121340432));
#3669=CARTESIAN_POINT('',(-1.4270987864,5.0182472585,28.1553801402));
#3670=CARTESIAN_POINT('',(-1.398951061,5.0037372904,28.2379240585));
#3671=CARTESIAN_POINT('',(-1.3810381615,4.9924650567,28.2772151668));
#3672=CARTESIAN_POINT('',(-1.3387716458,4.9626733476,28.3491136731));
#3673=CARTESIAN_POINT('',(-1.3144214456,4.9441563289,28.381715223));
#3674=CARTESIAN_POINT('',(-1.2609688568,4.9011703079,28.4379640525));
#3675=CARTESIAN_POINT('',(-1.2318707873,4.8767048401,28.4616067551));
#3676=CARTESIAN_POINT('',(-1.1709405896,4.8235321412,28.4982901041));
#3677=CARTESIAN_POINT('',(-1.1391133844,4.7948292754,28.5113277625));
#3678=CARTESIAN_POINT('',(-1.1070230896,4.7650083543,28.5186092011));
#3679=CARTESIAN_POINT('',(-1.5709919529,4.9025462361,28.0920749493));
#3680=CARTESIAN_POINT('',(-1.5659509042,4.9016779778,28.1354199876));
#3681=CARTESIAN_POINT('',(-1.5573260521,4.8963104695,28.178280151));
#3682=CARTESIAN_POINT('',(-1.5334918718,4.8769417237,28.2601263692));
#3683=CARTESIAN_POINT('',(-1.5182843915,4.8629419998,28.2991060523));
#3684=CARTESIAN_POINT('',(-1.4823171551,4.8272619331,28.3705371507));
#3685=CARTESIAN_POINT('',(-1.4615601886,4.8055843751,28.4029830049));
#3686=CARTESIAN_POINT('',(-1.415903569,4.7560248458,28.4591366319));
#3687=CARTESIAN_POINT('',(-1.3910074578,4.7281467407,28.4828400329));
#3688=CARTESIAN_POINT('',(-1.3387637592,4.6680848306,28.5198936943));
#3689=CARTESIAN_POINT('',(-1.3114202253,4.63590571,28.5332410695));
#3690=CARTESIAN_POINT('',(-1.2837799134,4.6026696718,28.5409566872));
#3691=CARTESIAN_POINT('',(-1.8043451261,4.7536911417,28.1105569208));
#3692=CARTESIAN_POINT('',(-1.8014554507,4.7509266865,28.1536257654));
#3693=CARTESIAN_POINT('',(-1.7958953624,4.7432034822,28.1962032219));
#3694=CARTESIAN_POINT('',(-1.7798043832,4.7183546108,28.2775381291));
#3695=CARTESIAN_POINT('',(-1.7692747005,4.701230816,28.316289458));
#3696=CARTESIAN_POINT('',(-1.7439478778,4.6587261022,28.3873775939));
#3697=CARTESIAN_POINT('',(-1.7291526401,4.6333483849,28.4197090502));
#3698=CARTESIAN_POINT('',(-1.6962834834,4.5760339406,28.475792256));
#3699=CARTESIAN_POINT('',(-1.6782120337,4.5441015302,28.4995397842));
#3700=CARTESIAN_POINT('',(-1.6399985449,4.4758148919,28.5368641973));
#3701=CARTESIAN_POINT('',(-1.6198593768,4.4394658066,28.5504382728));
#3702=CARTESIAN_POINT('',(-1.5993582258,4.4021224031,28.5584719248));
#3703=CARTESIAN_POINT('',(-1.8991259696,4.7063692429,28.1133956566));
#3704=CARTESIAN_POINT('',(-1.8971795308,4.7030551289,28.1564214994));
#3705=CARTESIAN_POINT('',(-1.8929069118,4.694627843,28.198954941));
#3706=CARTESIAN_POINT('',(-1.8799934149,4.6681069879,28.2802101101));
#3707=CARTESIAN_POINT('',(-1.8713535047,4.650015404,28.3189257539));
#3708=CARTESIAN_POINT('',(-1.850281785,4.6053722816,28.3899599911));
#3709=CARTESIAN_POINT('',(-1.8378515542,4.5788240853,28.4222732661));
#3710=CARTESIAN_POINT('',(-1.8100287383,4.5190388164,28.4783444821));
#3711=CARTESIAN_POINT('',(-1.7946382374,4.4858062196,28.5020982248));
#3712=CARTESIAN_POINT('',(-1.7619222172,4.4148697503,28.5394632269));
#3713=CARTESIAN_POINT('',(-1.7445991485,4.3771711885,28.5530716885));
#3714=CARTESIAN_POINT('',(-1.7268868337,4.3384950326,28.5611538782));
#3715=CARTESIAN_POINT('',(-2.1463314009,4.6143925874,28.1096208217));
#3716=CARTESIAN_POINT('',(-2.1470349604,4.6101903697,28.1527042693));
#3717=CARTESIAN_POINT('',(-2.1463371801,4.6005078039,28.1952966057));
#3718=CARTESIAN_POINT('',(-2.142185791,4.5708276768,28.2766582298));
#3719=CARTESIAN_POINT('',(-2.138732497,4.550832353,28.3154213821));
#3720=CARTESIAN_POINT('',(-2.1293014886,4.5018646714,28.3865269394));
#3721=CARTESIAN_POINT('',(-2.1233244876,4.4728960054,28.4188639825));
#3722=CARTESIAN_POINT('',(-2.1092467074,4.4079209703,28.4749497775));
#3723=CARTESIAN_POINT('',(-2.1011469925,4.3719194999,28.4986943));
#3724=CARTESIAN_POINT('',(-2.0833667818,4.2952896458,28.5360028779));
#3725=CARTESIAN_POINT('',(-2.0736876298,4.2546670395,28.5495641197));
#3726=CARTESIAN_POINT('',(-2.0635425538,4.2130913542,28.5575800574));
#3727=CARTESIAN_POINT('',(-2.3074984254,4.5844019227,28.0964890911));
#3728=CARTESIAN_POINT('',(-2.310032632,4.5801943585,28.1397762101));
#3729=CARTESIAN_POINT('',(-2.311764767,4.5703144878,28.1825767371));
#3730=CARTESIAN_POINT('',(-2.313511013,4.5398777837,28.2643149606));
#3731=CARTESIAN_POINT('',(-2.3135250071,4.5193233037,28.303246343));
#3732=CARTESIAN_POINT('',(-2.3118383309,4.4689301413,28.3746051768));
#3733=CARTESIAN_POINT('',(-2.3101378151,4.4390953525,28.4070271154));
#3734=CARTESIAN_POINT('',(-2.3051429298,4.3721636973,28.4631669226));
#3735=CARTESIAN_POINT('',(-2.3018489749,4.3350720009,28.4868804534));
#3736=CARTESIAN_POINT('',(-2.2938968784,4.2561409382,28.5239934252));
#3737=CARTESIAN_POINT('',(-2.2892393823,4.214307668,28.5373899971));
#3738=CARTESIAN_POINT('',(-2.2840610399,4.1715186889,28.5451741565));
#3739=CARTESIAN_POINT('',(-2.6284719508,4.5772827872,28.0518259293));
#3740=CARTESIAN_POINT('',(-2.6342522059,4.5740905813,28.0957873004));
#3741=CARTESIAN_POINT('',(-2.6404431125,4.564945331,28.139279448));
#3742=CARTESIAN_POINT('',(-2.6532141637,4.5353920378,28.2222688539));
#3743=CARTESIAN_POINT('',(-2.6597932562,4.5149864722,28.2617591611));
#3744=CARTESIAN_POINT('',(-2.672880678,4.4643518457,28.3339557261));
#3745=CARTESIAN_POINT('',(-2.6793879348,4.4341270266,28.3666559363));
#3746=CARTESIAN_POINT('',(-2.6918778244,4.3659865107,28.4229620147));
#3747=CARTESIAN_POINT('',(-2.6978594392,4.3280765209,28.4465631655));
#3748=CARTESIAN_POINT('',(-2.7088819748,4.2472410814,28.4830027661));
#3749=CARTESIAN_POINT('',(-2.713922003,4.2043224012,28.4958381618));
#3750=CARTESIAN_POINT('',(-2.7183170104,4.1604106926,28.5028378806));
#3751=CARTESIAN_POINT('',(-2.7898858561,4.6003357151,28.0196157701));
#3752=CARTESIAN_POINT('',(-2.7971883041,4.5981943415,28.0640744928));
#3753=CARTESIAN_POINT('',(-2.805565235,4.5899990364,28.1080777537));
#3754=CARTESIAN_POINT('',(-2.8238667477,4.5620967285,28.1919925389));
#3755=CARTESIAN_POINT('',(-2.8337897378,4.542392217,28.2318966295));
#3756=CARTESIAN_POINT('',(-2.8544701665,4.4929046698,28.3047135543));
#3757=CARTESIAN_POINT('',(-2.8652258167,4.4631260373,28.3376199365));
#3758=CARTESIAN_POINT('',(-2.8868002033,4.3956553665,28.3940493192));
#3759=CARTESIAN_POINT('',(-2.8976170825,4.3579693236,28.4175673168));
#3760=CARTESIAN_POINT('',(-2.9185395984,4.2774235396,28.4535087728));
#3761=CARTESIAN_POINT('',(-2.9286434414,4.2345709511,28.4659290399));
#3762=CARTESIAN_POINT('',(-2.9380306571,4.1906891505,28.4723490518));
#3763=CARTESIAN_POINT('',(-3.0233822173,4.6726893371,27.9588985389));
#3764=CARTESIAN_POINT('',(-3.0323759252,4.6727056133,28.0043044082));
#3765=CARTESIAN_POINT('',(-3.043519076,4.6666281619,28.0492868685));
#3766=CARTESIAN_POINT('',(-3.0692563282,4.6427500134,28.1349771331));
#3767=CARTESIAN_POINT('',(-3.0838478994,4.6249516773,28.1756764848));
#3768=CARTESIAN_POINT('',(-3.1153670938,4.5789938885,28.2496821352));
#3769=CARTESIAN_POINT('',(-3.1322916207,4.5508389747,28.2829811335));
#3770=CARTESIAN_POINT('',(-3.1671836137,4.4863236994,28.3396338032));
#3771=CARTESIAN_POINT('',(-3.1851476537,4.4499697071,28.3629818853));
#3772=CARTESIAN_POINT('',(-3.2207461464,4.3718403513,28.3979420029));
#3773=CARTESIAN_POINT('',(-3.2383771048,4.3300726995,28.4095505877));
#3774=CARTESIAN_POINT('',(-3.2551697224,4.2871939827,28.4148451326));
#3775=CARTESIAN_POINT('',(-3.10410217,4.7055657888,27.9350436112));
#3776=CARTESIAN_POINT('',(-3.1135803944,4.7064552472,27.9808237229));
#3777=CARTESIAN_POINT('',(-3.1256038847,4.7012588973,28.0261940188));
#3778=CARTESIAN_POINT('',(-3.1538077383,4.6791002039,28.1125879273));
#3779=CARTESIAN_POINT('',(-3.1699852143,4.6621401451,28.153602669));
#3780=CARTESIAN_POINT('',(-3.2052358081,4.6177789084,28.2280792117));
#3781=CARTESIAN_POINT('',(-3.2243053208,4.5903822956,28.2615333648));
#3782=CARTESIAN_POINT('',(-3.2638534042,4.5272887937,28.3182725012));
#3783=CARTESIAN_POINT('',(-3.2843279327,4.4915983934,28.3415516567));
#3784=CARTESIAN_POINT('',(-3.3250899686,4.4147067567,28.3761189592));
#3785=CARTESIAN_POINT('',(-3.3453733115,4.3735134259,28.3874035535));
#3786=CARTESIAN_POINT('',(-3.3647725365,4.3311746817,28.3922500866));
#3787=CARTESIAN_POINT('',(-3.1804779719,4.7444063731,27.909654233));
#3788=CARTESIAN_POINT('',(-3.1902936691,4.7462197531,27.9558350427));
#3789=CARTESIAN_POINT('',(-3.2030559087,4.7419825764,28.0016219708));
#3790=CARTESIAN_POINT('',(-3.2334600768,4.7217435659,28.0887723165));
#3791=CARTESIAN_POINT('',(-3.2510987452,4.7057439023,28.1301263895));
#3792=CARTESIAN_POINT('',(-3.2898486384,4.6632547242,28.2051085825));
#3793=CARTESIAN_POINT('',(-3.3109557081,4.6367697657,28.2387286627));
#3794=CARTESIAN_POINT('',(-3.3549580704,4.5754221689,28.295557161));
#3795=CARTESIAN_POINT('',(-3.3778486448,4.5405661086,28.3187594858));
#3796=CARTESIAN_POINT('',(-3.4235909357,4.4652572372,28.3528978874));
#3797=CARTESIAN_POINT('',(-3.4464377476,4.4248125012,28.3638303038));
#3798=CARTESIAN_POINT('',(-3.4683531412,4.3831832381,28.3681918872));
#3799=B_SPLINE_SURFACE_WITH_KNOTS('',3,3,((#3631,#3632,#3633,#3634,#3635,#3636,#3637,#3638,#3639,#3640,#3641,#3642),
    (#3643,#3644,#3645,#3646,#3647,#3648,#3649,#3650,#3651,#3652,#3653,#3654),
    (#3655,#3656,#3657,#3658,#3659,#3660,#3661,#3662,#3663,#3664,#3665,#3666),
    (#3667,#3668,#3669,#3670,#3671,#3672,#3673,#3674,#3675,#3676,#3677,#3678),
    (#3679,#3680,#3681,#3682,#3683,#3684,#3685,#3686,#3687,#3688,#3689,#3690),
    (#3691,#3692,#3693,#3694,#3695,#3696,#3697,#3698,#3699,#3700,#3701,#3702),
    (#3703,#3704,#3705,#3706,#3707,#3708,#3709,#3710,#3711,#3712,#3713,#3714),
    (#3715,#3716,#3717,#3718,#3719,#3720,#3721,#3722,#3723,#3724,#3725,#3726),
    (#3727,#3728,#3729,#3730,#3731,#3732,#3733,#3734,#3735,#3736,#3737,#3738),
    (#3739,#3740,#3741,#3742,#3743,#3744,#3745,#3746,#3747,#3748,#3749,#3750),
    (#3751,#3752,#3753,#3754,#3755,#3756,#3757,#3758,#3759,#3760,#3761,#3762),
    (#3763,#3764,#3765,#3766,#3767,#3768,#3769,#3770,#3771,#3772,#3773,#3774),
    (#3775,#3776,#3777,#3778,#3779,#3780,#3781,#3782,#3783,#3784,#3785,#3786),
    (#3787,#3788,#3789,#3790,#3791,#3792,#3793,#3794,#3795,#3796,#3797,#3798)),.UNSPECIFIED.,.F.,.F.,.U.,
 (4,2,2,2,2,2,4),(4,2,2,2,2,4),(0.0,0.1990686855,0.4002880222,0.5217338884,0.7099810444,0.8979604356,1.0),(0.0,0.2,0.4,0.6,0.8,1.0),.UNSPECIFIED.);
#3800=ADVANCED_FACE('n° 1053',(#3630),#3799,.T.);
#3801=ORIENTED_EDGE('',*,*,#2829,.T.);
#3802=ORIENTED_EDGE('',*,*,#1009,.F.);
#3803=CARTESIAN_POINT('',(-0.6339806851,5.4410127403,27.8808078637));
#3804=DIRECTION('',(0.0545989021,-0.0187653517,0.9983320197));
#3805=DIRECTION('',(0.9985078416,0.0,-0.0546085178));
#3806=AXIS2_PLACEMENT_3D('',#3803,#3804,#3805);
#3807=CIRCLE('',#3806,0.5);
#3808=EDGE_CURVE('n° 1156',#216,#942,#3807,.T.);
#3809=ORIENTED_EDGE('',*,*,#3808,.F.);
#3810=ORIENTED_EDGE('',*,*,#266,.F.);
#3811=EDGE_LOOP('',(#3801,#3802,#3809,#3810));
#3812=FACE_OUTER_BOUND('',#3811,.T.);
#3813=CARTESIAN_POINT('',(-0.6918305336,5.937497627,27.8933039572));
#3814=CARTESIAN_POINT('',(-0.7289035898,5.9331289519,27.8952493705));
#3815=CARTESIAN_POINT('',(-0.7654880682,5.9245807255,27.8970895017));
#3816=CARTESIAN_POINT('',(-0.8358533734,5.899551944,27.9004673303));
#3817=CARTESIAN_POINT('',(-0.8696312398,5.8830724419,27.9020048857));
#3818=CARTESIAN_POINT('',(-0.9326910252,5.8430059614,27.9047005153));
#3819=CARTESIAN_POINT('',(-0.9619702912,5.8194206688,27.9058584762));
#3820=CARTESIAN_POINT('',(-1.0145657895,5.7663234846,27.9077368784));
#3821=CARTESIAN_POINT('',(-1.0378798091,5.736813827,27.9084572407));
#3822=CARTESIAN_POINT('',(-1.0773764263,5.6733456635,27.9094243233));
#3823=CARTESIAN_POINT('',(-1.0935573623,5.6393898277,27.9096710029));
#3824=CARTESIAN_POINT('',(-1.1057670054,5.604059868,27.909674663));
#3825=CARTESIAN_POINT('',(-0.6938556553,5.9381195141,27.8592204681));
#3826=CARTESIAN_POINT('',(-0.7308785325,5.933744479,27.861166388));
#3827=CARTESIAN_POINT('',(-0.7674127681,5.9252010525,27.8630073031));
#3828=CARTESIAN_POINT('',(-0.8376847206,5.9002028408,27.8663874543));
#3829=CARTESIAN_POINT('',(-0.8714194966,5.8837491018,27.8679265488));
#3830=CARTESIAN_POINT('',(-0.9344068121,5.8437516768,27.8706261356));
#3831=CARTESIAN_POINT('',(-0.9636567156,5.8202096647,27.8717865148));
#3832=CARTESIAN_POINT('',(-1.0162125033,5.7672113232,27.8736706631));
#3833=CARTESIAN_POINT('',(-1.0395161879,5.7377572116,27.8743943532));
#3834=CARTESIAN_POINT('',(-1.0790147204,5.6744057833,27.8753689284));
#3835=CARTESIAN_POINT('',(-1.0952079153,5.6405111177,27.8756197728));
#3836=CARTESIAN_POINT('',(-1.1074418636,5.6052413984,27.8756279281));
#3837=CARTESIAN_POINT('',(-0.6958856585,5.9387399038,27.8251361131));
#3838=CARTESIAN_POINT('',(-0.7328583078,5.9343585362,27.8270825369));
#3839=CARTESIAN_POINT('',(-0.769342258,5.9258199253,27.8289242329));
#3840=CARTESIAN_POINT('',(-0.8395207634,5.9008522926,27.8323066999));
#3841=CARTESIAN_POINT('',(-0.873212397,5.8844243104,27.8338473301));
#3842=CARTESIAN_POINT('',(-0.9361271109,5.844495919,27.8365508673));
#3843=CARTESIAN_POINT('',(-0.9653475719,5.8209971721,27.8377136616));
#3844=CARTESIAN_POINT('',(-1.0178634492,5.7680976537,27.8396035504));
#3845=CARTESIAN_POINT('',(-1.0411566793,5.7386990845,27.8403305662));
#3846=CARTESIAN_POINT('',(-1.0806568474,5.675464421,27.8413126324));
#3847=CARTESIAN_POINT('',(-1.096862141,5.6416309594,27.8415676419));
#3848=CARTESIAN_POINT('',(-1.1091202192,5.6064215463,27.8415802949));
#3849=CARTESIAN_POINT('',(-0.7754401422,5.9629350187,26.4925694591));
#3850=CARTESIAN_POINT('',(-0.8104472925,5.9583071652,26.4945354682));
#3851=CARTESIAN_POINT('',(-0.8449637463,5.9499574074,26.496407568));
#3852=CARTESIAN_POINT('',(-0.9114853841,5.9261855519,26.4998803121));
#3853=CARTESIAN_POINT('',(-0.9434883954,5.9107642315,26.5014808407));
#3854=CARTESIAN_POINT('',(-1.0035596772,5.8735337124,26.5043385431));
#3855=CARTESIAN_POINT('',(-1.0316259819,5.8517257243,26.5055956212));
#3856=CARTESIAN_POINT('',(-1.0825737883,5.8026887349,26.5077097146));
#3857=CARTESIAN_POINT('',(-1.105453616,5.7754613256,26.5085666582));
#3858=CARTESIAN_POINT('',(-1.1450067282,5.7167925021,26.5098414966));
#3859=CARTESIAN_POINT('',(-1.1616787029,5.685352993,26.5102593467));
#3860=CARTESIAN_POINT('',(-1.1748732097,5.6525036872,26.5104479184));
#3861=CARTESIAN_POINT('',(-0.8597900598,5.9843636134,25.1943636697));
#3862=CARTESIAN_POINT('',(-0.892818222,5.9795346058,25.1963447046));
#3863=CARTESIAN_POINT('',(-0.9253629703,5.9713896798,25.19824192));
#3864=CARTESIAN_POINT('',(-0.9881983521,5.9487913876,25.2017929995));
#3865=CARTESIAN_POINT('',(-1.0184873503,5.9343386103,25.2034467695));
#3866=CARTESIAN_POINT('',(-1.0756094095,5.8996971528,25.2064446318));
#3867=CARTESIAN_POINT('',(-1.1024409818,5.8795093716,25.2077886443));
#3868=CARTESIAN_POINT('',(-1.1515823736,5.8341966485,25.2101128819));
#3869=CARTESIAN_POINT('',(-1.173890909,5.8090728807,25.2110930447));
#3870=CARTESIAN_POINT('',(-1.2130982274,5.7548818846,25.2126498353));
#3871=CARTESIAN_POINT('',(-1.2299959808,5.7258160602,25.2132264206));
#3872=CARTESIAN_POINT('',(-1.2438512109,5.695353405,25.2135893378));
#3873=CARTESIAN_POINT('',(-1.0479443115,6.0201592059,22.5990653358));
#3874=CARTESIAN_POINT('',(-1.0767314635,6.0150637212,22.601071393));
#3875=CARTESIAN_POINT('',(-1.1050717922,6.0074389133,22.6030132164));
#3876=CARTESIAN_POINT('',(-1.1600009538,5.9873628626,22.6067088488));
#3877=CARTESIAN_POINT('',(-1.1865889637,5.9749119215,22.6084626007));
#3878=CARTESIAN_POINT('',(-1.2372064721,5.945560735,22.6117280583));
#3879=CARTESIAN_POINT('',(-1.2612352101,5.9286609263,22.6132397131));
#3880=CARTESIAN_POINT('',(-1.306003554,5.8909226243,22.6159742123));
#3881=CARTESIAN_POINT('',(-1.3267424837,5.8700846903,22.6171970135));
#3882=CARTESIAN_POINT('',(-1.3642986181,5.8250992524,22.6193157257));
#3883=CARTESIAN_POINT('',(-1.3811152501,5.8009524148,22.6202116026));
#3884=CARTESIAN_POINT('',(-1.3957131426,5.7755153717,22.6209299191));
#3885=CARTESIAN_POINT('',(-1.1512826596,6.0347241808,21.3018223674));
#3886=CARTESIAN_POINT('',(-1.1778187179,6.029558881,21.3038384109));
#3887=CARTESIAN_POINT('',(-1.2039371376,6.0222448441,21.3057997149));
#3888=CARTESIAN_POINT('',(-1.2546678331,6.0035083481,21.309561541));
#3889=CARTESIAN_POINT('',(-1.2792795608,5.992086092,21.3113620212));
#3890=CARTESIAN_POINT('',(-1.3263631614,5.9654267726,21.3147548922));
#3891=CARTESIAN_POINT('',(-1.3488345247,5.9501899959,21.316347245));
#3892=CARTESIAN_POINT('',(-1.3910579004,5.9162922184,21.3192818446));
#3893=CARTESIAN_POINT('',(-1.4108094543,5.8976315809,21.3206240582));
#3894=CARTESIAN_POINT('',(-1.4470824987,5.857363855,21.323022727));
#3895=CARTESIAN_POINT('',(-1.463603593,5.8357571975,21.3240791547));
#3896=CARTESIAN_POINT('',(-1.4782951228,5.8129538212,21.3249785167));
#3897=CARTESIAN_POINT('',(-1.3600006424,6.0479875992,19.0627487594));
#3898=CARTESIAN_POINT('',(-1.3820794166,6.0429435054,19.0647794407));
#3899=CARTESIAN_POINT('',(-1.4038159252,6.0363953156,19.0667715522));
#3900=CARTESIAN_POINT('',(-1.4462096306,6.0204104283,19.0706418653));
#3901=CARTESIAN_POINT('',(-1.4668666018,6.0109738162,19.0725200454));
#3902=CARTESIAN_POINT('',(-1.5067253218,5.9893835302,19.0761277191));
#3903=CARTESIAN_POINT('',(-1.5259268579,5.9772299704,19.0778571926));
#3904=CARTESIAN_POINT('',(-1.5625247231,5.9504258884,19.0811353401));
#3905=CARTESIAN_POINT('',(-1.5799208559,5.935775507,19.0826839956));
#3906=CARTESIAN_POINT('',(-1.6125900022,5.9042427047,19.0855716365));
#3907=CARTESIAN_POINT('',(-1.6278628391,5.887360449,19.0869106055));
#3908=CARTESIAN_POINT('',(-1.6419339991,5.8695147472,19.0881321873));
#3909=CARTESIAN_POINT('',(-1.456474636,6.0502207902,18.1200065129));
#3910=CARTESIAN_POINT('',(-1.4765180986,6.0452950892,18.1220425675));
#3911=CARTESIAN_POINT('',(-1.4962586316,6.0391329151,18.1240467919));
#3912=CARTESIAN_POINT('',(-1.5348410502,6.0244276371,18.1279610233));
#3913=CARTESIAN_POINT('',(-1.553682799,6.0158845854,18.1298710158));
#3914=CARTESIAN_POINT('',(-1.5901876778,5.9965442963,18.1335675682));
#3915=CARTESIAN_POINT('',(-1.607850678,5.9857471272,18.1353541144));
#3916=CARTESIAN_POINT('',(-1.6417351959,5.9620581918,18.1387763577));
#3917=CARTESIAN_POINT('',(-1.6579565927,5.9491665088,18.1404120419));
#3918=CARTESIAN_POINT('',(-1.6887159151,5.9214787021,18.1435073439));
#3919=CARTESIAN_POINT('',(-1.7032537304,5.9066826755,18.1449669499));
#3920=CARTESIAN_POINT('',(-1.7168409899,5.8910434362,18.1463271986));
#3921=CARTESIAN_POINT('',(-1.6406646208,6.0404677126,16.6412055642));
#3922=CARTESIAN_POINT('',(-1.6568125651,6.0360129594,16.6432490292));
#3923=CARTESIAN_POINT('',(-1.6727364369,6.030739615,16.6452712747));
#3924=CARTESIAN_POINT('',(-1.7039767541,6.0186087429,16.6492527618));
#3925=CARTESIAN_POINT('',(-1.7192931494,6.0117512348,16.6512119966));
#3926=CARTESIAN_POINT('',(-1.7491651106,5.9965206398,16.6550475033));
#3927=CARTESIAN_POINT('',(-1.7637206285,5.9881475771,16.6569237687));
#3928=CARTESIAN_POINT('',(-1.7919248891,5.9699693946,16.6605741938));
#3929=CARTESIAN_POINT('',(-1.8055735862,5.9601643036,16.6623483474));
#3930=CARTESIAN_POINT('',(-1.8318271219,5.9392197049,16.6657764122));
#3931=CARTESIAN_POINT('',(-1.8444319178,5.9280802303,16.6674303176));
#3932=CARTESIAN_POINT('',(-1.8564513359,5.9163289618,16.669015626));
#3933=CARTESIAN_POINT('',(-1.7140722147,6.0343390054,16.1033628046));
#3934=CARTESIAN_POINT('',(-1.7286467218,6.030116845,16.1054087723));
#3935=CARTESIAN_POINT('',(-1.743029902,6.0252292605,16.1074374293));
#3936=CARTESIAN_POINT('',(-1.7712976934,6.0141628395,16.1114432823));
#3937=CARTESIAN_POINT('',(-1.7851822752,6.0079840146,16.1134204741));
#3938=CARTESIAN_POINT('',(-1.8123408348,5.9943849209,16.1173069548));
#3939=CARTESIAN_POINT('',(-1.8256147843,5.9869646662,16.1192162396));
#3940=CARTESIAN_POINT('',(-1.851444853,5.9709423291,16.1229510009));
#3941=CARTESIAN_POINT('',(-1.8640009452,5.9623402632,16.1247764734));
#3942=CARTESIAN_POINT('',(-1.8882937144,5.9440232668,16.1283283669));
#3943=CARTESIAN_POINT('',(-1.9000303657,5.9343083553,16.1300547839));
#3944=CARTESIAN_POINT('',(-1.9113097317,5.9240759005,16.1317244452));
#3945=CARTESIAN_POINT('',(-1.8552114524,6.0139622726,15.2638220492));
#3946=CARTESIAN_POINT('',(-1.8668139016,6.0103200746,15.2658712873));
#3947=CARTESIAN_POINT('',(-1.8782822181,6.0062454932,15.2679092072));
#3948=CARTESIAN_POINT('',(-1.9008894409,5.9972533719,15.2719513466));
#3949=CARTESIAN_POINT('',(-1.912028337,5.992335836,15.2739555642));
#3950=CARTESIAN_POINT('',(-1.9339172779,5.981684028,15.2779194075));
#3951=CARTESIAN_POINT('',(-1.9446673127,5.9759497607,15.2798790312));
#3952=CARTESIAN_POINT('',(-1.9657211174,5.9636949864,15.2837430285));
#3953=CARTESIAN_POINT('',(-1.9760248778,5.9571744849,15.2856474001));
#3954=CARTESIAN_POINT('',(-1.9961310406,5.9433818583,15.2893905241));
#3955=CARTESIAN_POINT('',(-2.0059334338,5.9361097394,15.2912292747));
#3956=CARTESIAN_POINT('',(-2.0154589026,5.9284810891,15.2930302028));
#3957=CARTESIAN_POINT('',(-1.9113632274,6.0045180705,14.9601092788));
#3958=CARTESIAN_POINT('',(-1.9217960077,6.0011259531,14.9621595716));
#3959=CARTESIAN_POINT('',(-1.932116507,5.9973842147,14.964200684));
#3960=CARTESIAN_POINT('',(-1.9524889017,5.9892175321,14.9682555567));
#3961=CARTESIAN_POINT('',(-1.9625407912,5.9847925903,14.9702693159));
#3962=CARTESIAN_POINT('',(-1.982333035,5.9752783945,14.9742606031));
#3963=CARTESIAN_POINT('',(-1.9920733836,5.9701891432,14.9762381299));
#3964=CARTESIAN_POINT('',(-2.0112009132,5.9593679975,14.9801482246));
#3965=CARTESIAN_POINT('',(-2.0205880886,5.9536361063,14.9820807912));
#3966=CARTESIAN_POINT('',(-2.0389691083,5.9415540373,14.9858924255));
#3967=CARTESIAN_POINT('',(-2.0479629472,5.935203863,14.9877714919));
#3968=CARTESIAN_POINT('',(-2.0567408558,5.9285580177,14.9896196507));
#3969=CARTESIAN_POINT('',(-2.0197932326,5.9810457005,14.4897465636));
#3970=CARTESIAN_POINT('',(-2.0279986329,5.9782150765,14.4917983856));
#3971=CARTESIAN_POINT('',(-2.0361280557,5.9751603996,14.4938442929));
#3972=CARTESIAN_POINT('',(-2.0522123199,5.9686114695,14.4979184708));
#3973=CARTESIAN_POINT('',(-2.0601671593,5.9651172171,14.4999467408));
#3974=CARTESIAN_POINT('',(-2.0758801031,5.9576988654,14.5039798839));
#3975=CARTESIAN_POINT('',(-2.0836382054,5.953774767,14.5059847564));
#3976=CARTESIAN_POINT('',(-2.0989360564,5.9455076248,14.5099654081));
#3977=CARTESIAN_POINT('',(-2.1064758032,5.9411645821,14.5119411867));
#3978=CARTESIAN_POINT('',(-2.1213159165,5.9320715967,14.5158580333));
#3979=CARTESIAN_POINT('',(-2.1286162814,5.9273216552,14.5177991008));
#3980=CARTESIAN_POINT('',(-2.1357867671,5.9223748424,14.5197200518));
#3981=CARTESIAN_POINT('',(-2.0627603499,5.9709599236,14.3207794978));
#3982=CARTESIAN_POINT('',(-2.0700881927,5.9683634649,14.3228318466));
#3983=CARTESIAN_POINT('',(-2.0773536062,5.9655875231,14.3248794445));
#3984=CARTESIAN_POINT('',(-2.0917435967,5.9596828011,14.3289604696));
#3985=CARTESIAN_POINT('',(-2.0988681725,5.9565540215,14.3309938964));
#3986=CARTESIAN_POINT('',(-2.1129608104,5.9499505114,14.3350419397));
#3987=CARTESIAN_POINT('',(-2.1199288714,5.9464757816,14.3370565559));
#3988=CARTESIAN_POINT('',(-2.1336931386,5.939188003,14.3410623792));
#3989=CARTESIAN_POINT('',(-2.1404893438,5.9353749549,14.3430535859));
#3990=CARTESIAN_POINT('',(-2.1538949265,5.9274188996,14.3470080417));
#3991=CARTESIAN_POINT('',(-2.160504303,5.9232758932,14.3489712904));
#3992=CARTESIAN_POINT('',(-2.1670129793,5.9189724426,14.350918316));
#3993=CARTESIAN_POINT('',(-2.1466462069,5.9479955738,14.062768938));
#3994=CARTESIAN_POINT('',(-2.1522718227,5.9459073763,14.0648221139));
#3995=CARTESIAN_POINT('',(-2.1578567766,5.9437068782,14.0668723039));
#3996=CARTESIAN_POINT('',(-2.1689375383,5.9390843719,14.0709637735));
#3997=CARTESIAN_POINT('',(-2.1744333458,5.9366623639,14.073005053));
#3998=CARTESIAN_POINT('',(-2.1853281145,5.9316002326,14.0770757749));
#3999=CARTESIAN_POINT('',(-2.1907270754,5.9289601094,14.0791052172));
#4000=CARTESIAN_POINT('',(-2.2014205826,5.9234654413,14.0831493542));
#4001=CARTESIAN_POINT('',(-2.2067151287,5.9206108966,14.0851640488));
#4002=CARTESIAN_POINT('',(-2.2171923807,5.9146913727,14.0891758003));
#4003=CARTESIAN_POINT('',(-2.2223750863,5.9116263937,14.0911728571));
#4004=CARTESIAN_POINT('',(-2.227498235,5.9084583356,14.0931596619));
#4005=CARTESIAN_POINT('',(-2.1798484523,5.9384401816,13.9708868433));
#4006=CARTESIAN_POINT('',(-2.1848021315,5.9365603499,13.9729403175));
#4007=CARTESIAN_POINT('',(-2.189723125,5.9345919609,13.9749914317));
#4008=CARTESIAN_POINT('',(-2.1994944084,5.9304802093,13.9790866164));
#4009=CARTESIAN_POINT('',(-2.2043446981,5.9283368467,13.9811306869));
#4010=CARTESIAN_POINT('',(-2.2139693165,5.9238774746,13.9852094677));
#4011=CARTESIAN_POINT('',(-2.218743645,5.9215614652,13.9872441779));
#4012=CARTESIAN_POINT('',(-2.2282111641,5.9167593094,13.9913019316));
#4013=CARTESIAN_POINT('',(-2.2329043545,5.9142731632,13.993324975));
#4014=CARTESIAN_POINT('',(-2.2422045063,5.9091334244,13.997357101));
#4015=CARTESIAN_POINT('',(-2.2468114674,5.906479832,13.9993661834));
#4016=CARTESIAN_POINT('',(-2.251372814,5.9037439506,14.0013671457));
#4017=CARTESIAN_POINT('',(-2.2457908166,5.9173435673,13.8346859776));
#4018=CARTESIAN_POINT('',(-2.2494124984,5.9159120265,13.8367399402));
#4019=CARTESIAN_POINT('',(-2.2530137698,5.9144268526,13.8387924681));
#4020=CARTESIAN_POINT('',(-2.2601730861,5.9113502338,13.842893241));
#4021=CARTESIAN_POINT('',(-2.263731131,5.9097587891,13.8449414859));
#4022=CARTESIAN_POINT('',(-2.2708016168,5.9064706935,13.8490322817));
#4023=CARTESIAN_POINT('',(-2.2743140576,5.9047740428,13.8510748326));
#4024=CARTESIAN_POINT('',(-2.2812909872,5.9012766691,13.8551528332));
#4025=CARTESIAN_POINT('',(-2.284755476,5.899475946,13.8571882828));
#4026=CARTESIAN_POINT('',(-2.2916341849,5.8957716291,13.8612506782));
#4027=CARTESIAN_POINT('',(-2.295048405,5.8938680352,13.8632776239));
#4028=CARTESIAN_POINT('',(-2.2984363486,5.8919136402,13.8652996191));
#4029=CARTESIAN_POINT('',(-2.2721545818,5.9086169806,13.7866164532));
#4030=CARTESIAN_POINT('',(-2.2752442211,5.9073693638,13.7886705971));
#4031=CARTESIAN_POINT('',(-2.278317883,5.9060803801,13.7907236324));
#4032=CARTESIAN_POINT('',(-2.2844317095,5.9034203289,13.7948263929));
#4033=CARTESIAN_POINT('',(-2.2874718742,5.9020492614,13.7968761181));
#4034=CARTESIAN_POINT('',(-2.2935171806,5.8992257335,13.8009711674));
#4035=CARTESIAN_POINT('',(-2.2965223223,5.8977732731,13.8030164914));
#4036=CARTESIAN_POINT('',(-2.3024960745,5.8947876904,13.8071016492));
#4037=CARTESIAN_POINT('',(-2.3054646849,5.8932545682,13.809141483));
#4038=CARTESIAN_POINT('',(-2.3113638842,5.8901084334,13.8132145742));
#4039=CARTESIAN_POINT('',(-2.3142944731,5.8884954208,13.8152478315));
#4040=CARTESIAN_POINT('',(-2.3172053155,5.8868428685,13.8172772592));
#4041=CARTESIAN_POINT('',(-2.3200834295,5.8914623988,13.7273453844));
#4042=CARTESIAN_POINT('',(-2.3222049764,5.8905709755,13.7293997948));
#4043=CARTESIAN_POINT('',(-2.3243161538,5.8896532503,13.7314534984));
#4044=CARTESIAN_POINT('',(-2.328517069,5.8877655018,13.7355587951));
#4045=CARTESIAN_POINT('',(-2.3306068067,5.8867954784,13.7376103882));
#4046=CARTESIAN_POINT('',(-2.3347641487,5.8848034561,13.7417107675));
#4047=CARTESIAN_POINT('',(-2.336831753,5.8837814571,13.7437595538));
#4048=CARTESIAN_POINT('',(-2.3409441417,5.8816858236,13.7478536243));
#4049=CARTESIAN_POINT('',(-2.3429889261,5.8806121889,13.7498989085));
#4050=CARTESIAN_POINT('',(-2.3470549961,5.8784136408,13.7539852807));
#4051=CARTESIAN_POINT('',(-2.3490762818,5.8772887273,13.7560263686));
#4052=CARTESIAN_POINT('',(-2.3510854824,5.8761383613,13.7580650121));
#4053=CARTESIAN_POINT('',(-2.3355122104,5.8858139485,13.711016796));
#4054=CARTESIAN_POINT('',(-2.3373220303,5.8850393246,13.7130712861));
#4055=CARTESIAN_POINT('',(-2.3391230455,5.8842425411,13.71512518));
#4056=CARTESIAN_POINT('',(-2.3427069668,5.8826048769,13.7192311878));
#4057=CARTESIAN_POINT('',(-2.3444898728,5.8817639962,13.7212833016));
#4058=CARTESIAN_POINT('',(-2.3480370806,5.8800383718,13.7253851618));
#4059=CARTESIAN_POINT('',(-2.3498013825,5.8791536281,13.7274349082));
#4060=CARTESIAN_POINT('',(-2.3533108922,5.8773405241,13.7315314469));
#4061=CARTESIAN_POINT('',(-2.3550561001,5.8764121639,13.7335782392));
#4062=CARTESIAN_POINT('',(-2.3585269376,5.8745120855,13.7376682837));
#4063=CARTESIAN_POINT('',(-2.3602525672,5.8735403675,13.739711536));
#4064=CARTESIAN_POINT('',(-2.3619681682,5.8725471059,13.7417527258));
#4065=CARTESIAN_POINT('',(-2.3645678217,5.8747790382,13.6889341577));
#4066=CARTESIAN_POINT('',(-2.3657898576,5.8742312886,13.6909887764));
#4067=CARTESIAN_POINT('',(-2.3670052225,5.8736669772,13.6930429488));
#4068=CARTESIAN_POINT('',(-2.3694223567,5.8725053494,13.6971499605));
#4069=CARTESIAN_POINT('',(-2.3706241258,5.8719080328,13.6992027998));
#4070=CARTESIAN_POINT('',(-2.3730138172,5.87068052,13.7033067056));
#4071=CARTESIAN_POINT('',(-2.3742017395,5.8700503236,13.705357772));
#4072=CARTESIAN_POINT('',(-2.376563489,5.8687571833,13.7094576923));
#4073=CARTESIAN_POINT('',(-2.3777373162,5.8680942393,13.7115065461));
#4074=CARTESIAN_POINT('',(-2.3800706304,5.8667357429,13.7156016022));
#4075=CARTESIAN_POINT('',(-2.3812301174,5.8660401904,13.7176478044));
#4076=CARTESIAN_POINT('',(-2.3823823131,5.8653284067,13.7196924615));
#4077=CARTESIAN_POINT('',(-2.3771729197,5.8698984099,13.6813894173));
#4078=CARTESIAN_POINT('',(-2.3781397846,5.8694507091,13.6834440868));
#4079=CARTESIAN_POINT('',(-2.379100713,5.8689883579,13.6854983611));
#4080=CARTESIAN_POINT('',(-2.3810105192,5.8680344407,13.6896057296));
#4081=CARTESIAN_POINT('',(-2.381959397,5.8675428746,13.6916588238));
#4082=CARTESIAN_POINT('',(-2.3838449261,5.8665306192,13.6957634424));
#4083=CARTESIAN_POINT('',(-2.3847815776,5.8660099298,13.6978149669));
#4084=CARTESIAN_POINT('',(-2.3866424807,5.8649395245,13.7019160569));
#4085=CARTESIAN_POINT('',(-2.3875667324,5.8643898086,13.7039656223));
#4086=CARTESIAN_POINT('',(-2.3894026653,5.8632614528,13.7080624054));
#4087=CARTESIAN_POINT('',(-2.3903143464,5.8626828128,13.7101096231));
#4088=CARTESIAN_POINT('',(-2.3912196578,5.8620897647,13.7121554725));
#4089=CARTESIAN_POINT('',(-2.4010312883,5.8604121177,13.6725252604));
#4090=CARTESIAN_POINT('',(-2.4015144898,5.8601582009,13.6745800114));
#4091=CARTESIAN_POINT('',(-2.4019926091,5.8598918843,13.6766344273));
#4092=CARTESIAN_POINT('',(-2.4029386091,5.8593344935,13.6807422587));
#4093=CARTESIAN_POINT('',(-2.4034064898,5.8590434193,13.6827956741));
#4094=CARTESIAN_POINT('',(-2.4043319398,5.8584365589,13.6869011741));
#4095=CARTESIAN_POINT('',(-2.4047895092,5.8581207728,13.6889532587));
#4096=CARTESIAN_POINT('',(-2.4056942657,5.8574645383,13.6930557671));
#4097=CARTESIAN_POINT('',(-2.4061414528,5.8571240899,13.6951061908));
#4098=CARTESIAN_POINT('',(-2.4070253755,5.8564185845,13.6992050475));
#4099=CARTESIAN_POINT('',(-2.4074621111,5.8560535275,13.7012534805));
#4100=CARTESIAN_POINT('',(-2.407893587,5.8556761949,13.7033007533));
#4101=CARTESIAN_POINT('',(-2.4121787331,5.8558976221,13.6701750363));
#4102=CARTESIAN_POINT('',(-2.4124357193,5.85573571,13.6722298204));
#4103=CARTESIAN_POINT('',(-2.4126878446,5.8555619978,13.6742842854));
#4104=CARTESIAN_POINT('',(-2.4131823351,5.8551909997,13.6783922627));
#4105=CARTESIAN_POINT('',(-2.4134247002,5.8549937138,13.6804457749));
#4106=CARTESIAN_POINT('',(-2.4138996333,5.8545755984,13.6845515319));
#4107=CARTESIAN_POINT('',(-2.4141322013,5.8543547689,13.6866037767));
#4108=CARTESIAN_POINT('',(-2.4145875048,5.8538896002,13.6907066845));
#4109=CARTESIAN_POINT('',(-2.4148102403,5.8536452609,13.6927573476));
#4110=CARTESIAN_POINT('',(-2.4152458449,5.8531331099,13.6968567777));
#4111=CARTESIAN_POINT('',(-2.415458714,5.8528652981,13.6989055448));
#4112=CARTESIAN_POINT('',(-2.4156666337,5.8525857706,13.700953207));
#4113=CARTESIAN_POINT('',(-2.4343138923,5.8467470449,13.6695711921));
#4114=CARTESIAN_POINT('',(-2.4341210223,5.8467712016,13.6716260297));
#4115=CARTESIAN_POINT('',(-2.4339233098,5.8467837277,13.6736805523));
#4116=CARTESIAN_POINT('',(-2.4335182297,5.8467855167,13.6777886569));
#4117=CARTESIAN_POINT('',(-2.4333108621,5.8467747796,13.6798422389));
#4118=CARTESIAN_POINT('',(-2.4328865033,5.8467300438,13.6839481516));
#4119=CARTESIAN_POINT('',(-2.4326695122,5.846696045,13.6860004825));
#4120=CARTESIAN_POINT('',(-2.4322259394,5.846604791,13.6901035825));
#4121=CARTESIAN_POINT('',(-2.4319993578,5.8465475356,13.6921543518));
#4122=CARTESIAN_POINT('',(-2.4315366386,5.8464097769,13.6962540187));
#4123=CARTESIAN_POINT('',(-2.431300501,5.8463292736,13.6983029163));
#4124=CARTESIAN_POINT('',(-2.4310596034,5.8462371523,13.7003507232));
#4125=CARTESIAN_POINT('',(-2.4455509905,5.8420068282,13.6713335808));
#4126=CARTESIAN_POINT('',(-2.445129402,5.8421271667,13.6733884392));
#4127=CARTESIAN_POINT('',(-2.444702765,5.8422354409,13.6754429706));
#4128=CARTESIAN_POINT('',(-2.4438394585,5.8424278444,13.6795510571));
#4129=CARTESIAN_POINT('',(-2.4434027891,5.8425119738,13.6816046121));
#4130=CARTESIAN_POINT('',(-2.4425194839,5.8426560757,13.6857104233));
#4131=CARTESIAN_POINT('',(-2.4420728482,5.8427160482,13.6877626795));
#4132=CARTESIAN_POINT('',(-2.4411696781,5.8428118277,13.6918655709));
#4133=CARTESIAN_POINT('',(-2.4407131438,5.8428476348,13.6939162061));
#4134=CARTESIAN_POINT('',(-2.4397902459,5.8428950789,13.6980155337));
#4135=CARTESIAN_POINT('',(-2.4393238823,5.8429067159,13.7000642261));
#4136=CARTESIAN_POINT('',(-2.4388526394,5.8429062675,13.7021117862));
#4137=CARTESIAN_POINT('',(-2.4695817771,5.8316841209,13.679155423));
#4138=CARTESIAN_POINT('',(-2.4686702469,5.8320135846,13.681210312));
#4139=CARTESIAN_POINT('',(-2.4677527878,5.8323290405,13.6832648208));
#4140=CARTESIAN_POINT('',(-2.4659061753,5.8329318807,13.6873727026));
#4141=CARTESIAN_POINT('',(-2.4649770218,5.833219265,13.6894260757));
#4142=CARTESIAN_POINT('',(-2.463107186,5.8337659111,13.6935313113));
#4143=CARTESIAN_POINT('',(-2.4621665038,5.834025173,13.6955831738));
#4144=CARTESIAN_POINT('',(-2.4602737783,5.8345155285,13.6996850135));
#4145=CARTESIAN_POINT('',(-2.459321735,5.8347466222,13.7017349908));
#4146=CARTESIAN_POINT('',(-2.4574064572,5.8351806009,13.7058326859));
#4147=CARTESIAN_POINT('',(-2.4564432227,5.8353834858,13.7078804037));
#4148=CARTESIAN_POINT('',(-2.4554744785,5.8355722487,13.7099268048));
#4149=CARTESIAN_POINT('',(-2.4822734583,5.8260931719,13.6863231996));
#4150=CARTESIAN_POINT('',(-2.4811025449,5.8265356636,13.6883780943));
#4151=CARTESIAN_POINT('',(-2.4799249067,5.8269623599,13.6904325598));
#4152=CARTESIAN_POINT('',(-2.4775564166,5.8277840768,13.6945402091));
#4153=CARTESIAN_POINT('',(-2.4763655649,5.8281790973,13.6965933928));
#4154=CARTESIAN_POINT('',(-2.4739708867,5.8289373837,13.7006980556));
#4155=CARTESIAN_POINT('',(-2.4727670602,5.8293006497,13.7027495346));
#4156=CARTESIAN_POINT('',(-2.4703466742,5.8299953547,13.7068503649));
#4157=CARTESIAN_POINT('',(-2.4691301145,5.8303267938,13.7088997163));
#4158=CARTESIAN_POINT('',(-2.4666845061,5.8309577793,13.7129958693));
#4159=CARTESIAN_POINT('',(-2.4654554574,5.8312573257,13.7150426708));
#4160=CARTESIAN_POINT('',(-2.4642202873,5.831540896,13.7170879864));
#4161=CARTESIAN_POINT('',(-2.5140817696,5.8118270263,13.7098391898));
#4162=CARTESIAN_POINT('',(-2.5122593973,5.8125576195,13.7118940765));
#4163=CARTESIAN_POINT('',(-2.5104276688,5.8132665471,13.7139483732));
#4164=CARTESIAN_POINT('',(-2.5067459975,5.8146408794,13.7180552048));
#4165=CARTESIAN_POINT('',(-2.5048960546,5.815306284,13.7201077397));
#4166=CARTESIAN_POINT('',(-2.5011784576,5.8165933904,13.724210466));
#4167=CARTESIAN_POINT('',(-2.4993108035,5.8172150922,13.7262606576));
#4168=CARTESIAN_POINT('',(-2.495558292,5.8184146249,13.7303581165));
#4169=CARTESIAN_POINT('',(-2.4936734347,5.8189924559,13.7324053839));
#4170=CARTESIAN_POINT('',(-2.4898870294,5.8201040912,13.7364964146));
#4171=CARTESIAN_POINT('',(-2.4879854814,5.8206378955,13.7385401778));
#4172=CARTESIAN_POINT('',(-2.4860758469,5.8211496146,13.7405818995));
#4173=CARTESIAN_POINT('',(-2.5312970982,5.803803513,13.7291785604));
#4174=CARTESIAN_POINT('',(-2.5291204769,5.8046957899,13.7312334162));
#4175=CARTESIAN_POINT('',(-2.5269323146,5.8055615681,13.7332875493));
#4176=CARTESIAN_POINT('',(-2.5225336457,5.8072398364,13.7373936579));
#4177=CARTESIAN_POINT('',(-2.5203231392,5.8080523264,13.7394456333));
#4178=CARTESIAN_POINT('',(-2.5158805274,5.8096237449,13.7435467144));
#4179=CARTESIAN_POINT('',(-2.5136484222,5.8103826735,13.7455958201));
#4180=CARTESIAN_POINT('',(-2.5091633655,5.8118467139,13.7496904509));
#4181=CARTESIAN_POINT('',(-2.5069104141,5.8125518258,13.751735976));
#4182=CARTESIAN_POINT('',(-2.5023844249,5.8139079956,13.7558227358));
#4183=CARTESIAN_POINT('',(-2.5001113871,5.8145590535,13.7578639704));
#4184=CARTESIAN_POINT('',(-2.4978286892,5.8151829748,13.7599027057));
#4185=CARTESIAN_POINT('',(-2.5967988409,5.7726363029,13.8167762185));
#4186=CARTESIAN_POINT('',(-2.5932698578,5.7741564197,13.8188308855));
#4187=CARTESIAN_POINT('',(-2.5897192771,5.775628128,13.8208842273));
#4188=CARTESIAN_POINT('',(-2.5825769469,5.7784738948,13.824986954));
#4189=CARTESIAN_POINT('',(-2.5789851974,5.7798479533,13.8270363389));
#4190=CARTESIAN_POINT('',(-2.5717625787,5.782497642,13.8311298476));
#4191=CARTESIAN_POINT('',(-2.5681317096,5.7837732724,13.8331739713));
#4192=CARTESIAN_POINT('',(-2.5608329229,5.7862253815,13.8372556562));
#4193=CARTESIAN_POINT('',(-2.5571650054,5.7874018603,13.8392932174));
#4194=CARTESIAN_POINT('',(-2.5497942137,5.7896549985,13.8433604795));
#4195=CARTESIAN_POINT('',(-2.5460913396,5.7907316578,13.8453901804));
#4196=CARTESIAN_POINT('',(-2.5423720431,5.7917581013,13.8474153045));
#4197=CARTESIAN_POINT('',(-2.6297450905,5.7553409471,13.8963576883));
#4198=CARTESIAN_POINT('',(-2.6255242734,5.7572090506,13.8984120759));
#4199=CARTESIAN_POINT('',(-2.6212723479,5.7590087918,13.9004645859));
#4200=CARTESIAN_POINT('',(-2.6127099455,5.7624700068,13.9045640003));
#4201=CARTESIAN_POINT('',(-2.6083994688,5.7641314804,13.9066109045));
#4202=CARTESIAN_POINT('',(-2.5997236778,5.7673147306,13.9106972616));
#4203=CARTESIAN_POINT('',(-2.5953583636,5.7688365071,13.9127367144));
#4204=CARTESIAN_POINT('',(-2.586576657,5.7717390487,13.9168063288));
#4205=CARTESIAN_POINT('',(-2.5821602646,5.7731198137,13.9188364904));
#4206=CARTESIAN_POINT('',(-2.5732802031,5.7757391336,13.9228856904));
#4207=CARTESIAN_POINT('',(-2.5688165342,5.7769776884,13.9249047288));
#4208=CARTESIAN_POINT('',(-2.5643311475,5.7781445973,13.9269172942));
#4209=CARTESIAN_POINT('',(-2.7279955777,5.7025236519,14.1613218256));
#4210=CARTESIAN_POINT('',(-2.7216958929,5.7054578948,14.1633751046));
#4211=CARTESIAN_POINT('',(-2.7153323018,5.7082570512,14.1654246475));
#4212=CARTESIAN_POINT('',(-2.7024877891,5.7135806112,14.1695125851));
#4213=CARTESIAN_POINT('',(-2.6960068681,5.7161050146,14.1715509795));
#4214=CARTESIAN_POINT('',(-2.6829383638,5.7208749209,14.1756129607));
#4215=CARTESIAN_POINT('',(-2.676350781,5.7231204236,14.1776365473));
#4216=CARTESIAN_POINT('',(-2.6630797895,5.72732882,14.1816652771));
#4217=CARTESIAN_POINT('',(-2.6563963813,5.7292917134,14.1836704201));
#4218=CARTESIAN_POINT('',(-2.6429447278,5.7329316269,14.1876586556));
#4219=CARTESIAN_POINT('',(-2.6361764829,5.7346086469,14.1896417481));
#4220=CARTESIAN_POINT('',(-2.6293713816,5.7361413229,14.1916120293));
#4221=CARTESIAN_POINT('',(-2.77306784,5.6749697752,14.3566923897));
#4222=CARTESIAN_POINT('',(-2.7657901231,5.6784604347,14.3587446564));
#4223=CARTESIAN_POINT('',(-2.758422752,5.6817666775,14.3607917968));
#4224=CARTESIAN_POINT('',(-2.7435262446,5.688002496,14.3648707876));
#4225=CARTESIAN_POINT('',(-2.7359971095,5.6909320713,14.3669026376));
#4226=CARTESIAN_POINT('',(-2.7207949888,5.6964075818,14.3709460445));
#4227=CARTESIAN_POINT('',(-2.7131220045,5.6989535166,14.3729576011));
#4228=CARTESIAN_POINT('',(-2.6976504308,5.7036556499,14.3769554643));
#4229=CARTESIAN_POINT('',(-2.6898518428,5.7058118481,14.3789417707));
#4230=CARTESIAN_POINT('',(-2.6741475989,5.7097293022,14.3828842347));
#4231=CARTESIAN_POINT('',(-2.6662419444,5.7114905578,14.3848403919));
#4232=CARTESIAN_POINT('',(-2.6582921503,5.7130521901,14.38677906));
#4233=CARTESIAN_POINT('',(-2.8543380039,5.6236240974,14.7458209386));
#4234=CARTESIAN_POINT('',(-2.8453311382,5.6281295833,14.7478717022));
#4235=CARTESIAN_POINT('',(-2.8361825843,5.6323549946,14.7499146186));
#4236=CARTESIAN_POINT('',(-2.8176359576,5.6402300619,14.7539770653));
#4237=CARTESIAN_POINT('',(-2.808237889,5.643879716,14.7559965947));
#4238=CARTESIAN_POINT('',(-2.78922701,5.6505897614,14.7600046592));
#4239=CARTESIAN_POINT('',(-2.7796142037,5.6536501512,14.7619931934));
#4240=CARTESIAN_POINT('',(-2.7602094114,5.6591703121,14.7659317725));
#4241=CARTESIAN_POINT('',(-2.7504174297,5.6616300821,14.7678818166));
#4242=CARTESIAN_POINT('',(-2.7306905061,5.6659398403,14.7717360612));
#4243=CARTESIAN_POINT('',(-2.7207555686,5.6677898277,14.7736402608));
#4244=CARTESIAN_POINT('',(-2.7107675239,5.6693314556,14.7755179451));
#4245=CARTESIAN_POINT('',(-2.8884290373,5.600582449,14.9423936127));
#4246=CARTESIAN_POINT('',(-2.8786944452,5.6055399968,14.9444436324));
#4247=CARTESIAN_POINT('',(-2.8687910993,5.6101696131,14.9464844316));
#4248=CARTESIAN_POINT('',(-2.8486902444,5.6187527561,14.950538562));
#4249=CARTESIAN_POINT('',(-2.8384927417,5.62270628,14.9525518919));
#4250=CARTESIAN_POINT('',(-2.817848202,5.6299199303,14.9565421734));
#4251=CARTESIAN_POINT('',(-2.8074011715,5.6331800543,14.9585191237));
#4252=CARTESIAN_POINT('',(-2.7863032864,5.6389925956,14.9624278926));
#4253=CARTESIAN_POINT('',(-2.7756524384,5.6415450109,14.96435971));
#4254=CARTESIAN_POINT('',(-2.7541935154,5.6459308856,14.9681696554));
#4255=CARTESIAN_POINT('',(-2.743385447,5.6477643435,14.9700477821));
#4256=CARTESIAN_POINT('',(-2.7325224077,5.6492342531,14.9718949014));
#4257=CARTESIAN_POINT('',(-2.9805472442,5.5358250858,15.5291024136));
#4258=CARTESIAN_POINT('',(-2.9688406696,5.5420488232,15.5311502105));
#4259=CARTESIAN_POINT('',(-2.9568826821,5.5478028566,15.5331846877));
#4260=CARTESIAN_POINT('',(-2.932538457,5.5583357485,15.5372140058));
#4261=CARTESIAN_POINT('',(-2.9201522345,5.5631146004,15.539208844));
#4262=CARTESIAN_POINT('',(-2.8950287635,5.5716673167,15.5431461244));
#4263=CARTESIAN_POINT('',(-2.8822915307,5.5754411758,15.545088564));
#4264=CARTESIAN_POINT('',(-2.8565454175,5.581960243,15.5489086081));
#4265=CARTESIAN_POINT('',(-2.8435365532,5.5847054471,15.5507862102));
#4266=CARTESIAN_POINT('',(-2.8173282317,5.5891498337,15.5544645375));
#4267=CARTESIAN_POINT('',(-2.804128791,5.5908490132,15.5562652602));
#4268=CARTESIAN_POINT('',(-2.7908751756,5.5920196955,15.5580217592));
#4269=CARTESIAN_POINT('',(-3.0294472178,5.4977789373,15.9222264616));
#4270=CARTESIAN_POINT('',(-3.01668565,5.5047404865,15.924272766));
#4271=CARTESIAN_POINT('',(-3.0036148274,5.5111387355,15.926303004));
#4272=CARTESIAN_POINT('',(-2.9769539879,5.5227601588,15.9303157092));
#4273=CARTESIAN_POINT('',(-2.9633639956,5.5279833224,15.9322981725));
#4274=CARTESIAN_POINT('',(-2.9357680579,5.5372148641,15.9362000394));
#4275=CARTESIAN_POINT('',(-2.9217621379,5.5412232337,15.9381194393));
#4276=CARTESIAN_POINT('',(-2.8934407077,5.5479945569,15.9418803624));
#4277=CARTESIAN_POINT('',(-2.8791252236,5.5507575042,15.943721882));
#4278=CARTESIAN_POINT('',(-2.8502933704,5.5550166588,15.9473128104));
#4279=CARTESIAN_POINT('',(-2.8357770281,5.5565128621,15.9490622158));
#4280=CARTESIAN_POINT('',(-2.8212153692,5.5573697667,15.9507587937));
#4281=CARTESIAN_POINT('',(-3.1167620955,5.426114742,16.7079028232));
#4282=CARTESIAN_POINT('',(-3.102101611,5.4344646028,16.7099459793));
#4283=CARTESIAN_POINT('',(-3.0870122609,5.4420657874,16.7119675623));
#4284=CARTESIAN_POINT('',(-3.0561304061,5.4556930595,16.7159466889));
#4285=CARTESIAN_POINT('',(-3.0403379547,5.4617191236,16.7179042255));
#4286=CARTESIAN_POINT('',(-3.0082117239,5.4721343741,16.7217350037));
#4287=CARTESIAN_POINT('',(-2.9918779999,5.4765235425,16.7236082384));
#4288=CARTESIAN_POINT('',(-2.9588365647,5.4836198669,16.7272510145));
#4289=CARTESIAN_POINT('',(-2.9421289105,5.4863270104,16.7290205494));
#4290=CARTESIAN_POINT('',(-2.90851078,5.4900312531,16.7324375824));
#4291=CARTESIAN_POINT('',(-2.8916003618,5.4910283457,16.7340850746));
#4292=CARTESIAN_POINT('',(-2.8746751629,5.4911650941,16.7356629978));
#4293=CARTESIAN_POINT('',(-3.1547770831,5.3926166875,17.1014762037));
#4294=CARTESIAN_POINT('',(-3.1392810273,5.4016143558,17.103517702));
#4295=CARTESIAN_POINT('',(-3.1232941687,5.4097713333,17.1055348597));
#4296=CARTESIAN_POINT('',(-3.0905240384,5.4243095544,17.1094969808));
#4297=CARTESIAN_POINT('',(-3.0737408391,5.430690766,17.1114419353));
#4298=CARTESIAN_POINT('',(-3.0395725194,5.4416034646,17.1152369494));
#4299=CARTESIAN_POINT('',(-3.0221874745,5.4461349274,17.1170870006));
#4300=CARTESIAN_POINT('',(-2.987016897,5.4532954236,17.1206706001));
#4301=CARTESIAN_POINT('',(-2.9692314421,5.4559244409,17.1224041404));
#4302=CARTESIAN_POINT('',(-2.9334661202,5.459249232,17.1257344522));
#4303=CARTESIAN_POINT('',(-2.9154863322,5.4599449981,17.1273312161));
#4304=CARTESIAN_POINT('',(-2.8975135206,5.4596698587,17.1288502505));
#4305=CARTESIAN_POINT('',(-3.2588840183,5.2963000005,18.2830797905));
#4306=CARTESIAN_POINT('',(-3.2410720642,5.3071648509,18.2851158519));
#4307=CARTESIAN_POINT('',(-3.2225776311,5.3169139677,18.2871192098));
#4308=CARTESIAN_POINT('',(-3.1845086712,5.3340310506,18.2910291553));
#4309=CARTESIAN_POINT('',(-3.1649342917,5.3413989507,18.2929357274));
#4310=CARTESIAN_POINT('',(-3.1250069883,5.3536399607,18.2966221776));
#4311=CARTESIAN_POINT('',(-3.1046542188,5.358513023,18.2984020408));
#4312=CARTESIAN_POINT('',(-3.0634835624,5.3656886381,18.3018070768));
#4313=CARTESIAN_POINT('',(-3.0426658346,5.3679911624,18.3034322357));
#4314=CARTESIAN_POINT('',(-3.000885857,5.3699890469,18.306502221));
#4315=CARTESIAN_POINT('',(-2.9799237687,5.3696843981,18.3079470349));
#4316=CARTESIAN_POINT('',(-2.959050893,5.3680776543,18.3092902347));
#4317=CARTESIAN_POINT('',(-3.3152370742,5.2375446369,19.0726701783));
#4318=CARTESIAN_POINT('',(-3.296131441,5.2495548299,19.0747020091));
#4319=CARTESIAN_POINT('',(-3.2762076979,5.2602671323,19.0766954767));
#4320=CARTESIAN_POINT('',(-3.2350856635,5.2789020724,19.0805690983));
#4321=CARTESIAN_POINT('',(-3.2138875928,5.2868246102,19.0824492309));
#4322=CARTESIAN_POINT('',(-3.1706018288,5.2997359358,19.0860615843));
#4323=CARTESIAN_POINT('',(-3.1485143673,5.3047246535,19.0877937849));
#4324=CARTESIAN_POINT('',(-3.1038507878,5.3116768578,19.0910783323));
#4325=CARTESIAN_POINT('',(-3.081274909,5.3136403054,19.0926306606));
#4326=CARTESIAN_POINT('',(-3.0360444181,5.3145047311,19.0955267536));
#4327=CARTESIAN_POINT('',(-3.0133900486,5.3134057019,19.096870502));
#4328=CARTESIAN_POINT('',(-2.9909021312,5.3107842879,19.0980974902));
#4329=CARTESIAN_POINT('',(-3.4641579116,5.0703165227,21.4384604808));
#4330=CARTESIAN_POINT('',(-3.4414898955,5.0856477664,21.4404757829));
#4331=CARTESIAN_POINT('',(-3.4175724012,5.099129917,21.4424352798));
#4332=CARTESIAN_POINT('',(-3.3678605647,5.1220472602,21.4461903667));
#4333=CARTESIAN_POINT('',(-3.3420667657,5.1314822034,21.4479859137));
#4334=CARTESIAN_POINT('',(-3.2892732572,5.1460589921,21.4513648973));
#4335=CARTESIAN_POINT('',(-3.2622741236,5.1512006761,21.4529482949));
#4336=CARTESIAN_POINT('',(-3.2077718778,5.1570542893,21.4558601965));
#4337=CARTESIAN_POINT('',(-3.1802693602,5.1577661491,21.4571886663));
#4338=CARTESIAN_POINT('',(-3.1254756634,5.1547364176,21.4595544502));
#4339=CARTESIAN_POINT('',(-3.0981850827,5.1509948505,21.460591736));
#4340=CARTESIAN_POINT('',(-3.0713555464,5.1450715311,21.461469043));
#4341=CARTESIAN_POINT('',(-3.5370083229,4.9704643045,23.0168351469));
#4342=CARTESIAN_POINT('',(-3.5124961415,4.9877890564,23.0188374928));
#4343=CARTESIAN_POINT('',(-3.4864246018,5.002906616,23.0207722573));
#4344=CARTESIAN_POINT('',(-3.4319909076,5.0282495386,23.0244441639));
#4345=CARTESIAN_POINT('',(-3.4036296387,5.0384744908,23.0261812433));
#4346=CARTESIAN_POINT('',(-3.3455176411,5.0537061345,23.0294013652));
#4347=CARTESIAN_POINT('',(-3.3157678557,5.0587125724,23.0308843521));
#4348=CARTESIAN_POINT('',(-3.2558238927,5.0633439911,23.0335478342));
#4349=CARTESIAN_POINT('',(-3.2256306892,5.062968883,23.0347282827));
#4350=CARTESIAN_POINT('',(-3.1657600037,5.0568420469,23.0367477333));
#4351=CARTESIAN_POINT('',(-3.1360834984,5.0510903974,23.037586699));
#4352=CARTESIAN_POINT('',(-3.1071377496,5.0427369564,23.0382408422));
#4353=CARTESIAN_POINT('',(-3.6408947309,4.8106076348,25.6945713132));
#4354=CARTESIAN_POINT('',(-3.6135783034,4.8311916777,25.6965451128));
#4355=CARTESIAN_POINT('',(-3.5841398041,4.8489631733,25.6984307774));
#4356=CARTESIAN_POINT('',(-3.5222461091,4.8781410953,25.7019467813));
#4357=CARTESIAN_POINT('',(-3.4897927097,4.8895466756,25.7035770174));
#4358=CARTESIAN_POINT('',(-3.4232253414,4.9055153134,25.7065135062));
#4359=CARTESIAN_POINT('',(-3.3891133035,4.9100779051,25.7078196724));
#4360=CARTESIAN_POINT('',(-3.3206540806,4.9121678202,25.7100528552));
#4361=CARTESIAN_POINT('',(-3.286308882,4.9096950771,25.7109798056));
#4362=CARTESIAN_POINT('',(-3.2188189787,4.8978143316,25.7124151885));
#4363=CARTESIAN_POINT('',(-3.185676234,4.8884066649,25.7129235777));
#4364=CARTESIAN_POINT('',(-3.1538269091,4.8757257281,25.713211749));
#4365=CARTESIAN_POINT('',(-3.677295402,4.7479764104,26.7938422733));
#4366=CARTESIAN_POINT('',(-3.6489396108,4.7698533604,26.795802671));
#4367=CARTESIAN_POINT('',(-3.6182208404,4.7886710401,26.7976663659));
#4368=CARTESIAN_POINT('',(-3.5534625903,4.8193281434,26.8011146944));
#4369=CARTESIAN_POINT('',(-3.519425374,4.8311664963,26.802699206));
#4370=CARTESIAN_POINT('',(-3.4495910893,4.8473209468,26.8055159882));
#4371=CARTESIAN_POINT('',(-3.4137964604,4.8516364758,26.8067481587));
#4372=CARTESIAN_POINT('',(-3.342088886,4.8525448066,26.8088031846));
#4373=CARTESIAN_POINT('',(-3.3061784466,4.8491375674,26.8096259665));
#4374=CARTESIAN_POINT('',(-3.2358868407,4.834752641,26.8108238716));
#4375=CARTESIAN_POINT('',(-3.201508134,4.8237754427,26.8111989509));
#4376=CARTESIAN_POINT('',(-3.1686834184,4.8092621688,26.8113412815));
#4377=CARTESIAN_POINT('',(-3.7092597768,4.6876326078,27.8933039592));
#4378=CARTESIAN_POINT('',(-3.6799381629,4.7107723976,27.8952488627));
#4379=CARTESIAN_POINT('',(-3.6480034258,4.7306072754,27.8970883547));
#4380=CARTESIAN_POINT('',(-3.580503996,4.7626757402,27.9004645668));
#4381=CARTESIAN_POINT('',(-3.5449421498,4.7749079747,27.9020011445));
#4382=CARTESIAN_POINT('',(-3.4719717901,4.7911570075,27.904694436));
#4383=CARTESIAN_POINT('',(-3.4345663541,4.7951731205,27.9058510362));
#4384=CARTESIAN_POINT('',(-3.3597847182,4.7947877899,27.9077263314));
#4385=CARTESIAN_POINT('',(-3.3224116722,4.7903863627,27.9084449475));
#4386=CARTESIAN_POINT('',(-3.2495692539,4.7733859942,27.9094081956));
#4387=CARTESIAN_POINT('',(-3.2141029537,4.7607877699,27.909652787));
#4388=CARTESIAN_POINT('',(-3.1804779718,4.744406373,27.9096542328));
#4389=B_SPLINE_SURFACE_WITH_KNOTS('',3,3,((#3813,#3814,#3815,#3816,#3817,#3818,#3819,#3820,#3821,#3822,#3823,#3824),
    (#3825,#3826,#3827,#3828,#3829,#3830,#3831,#3832,#3833,#3834,#3835,#3836),
    (#3837,#3838,#3839,#3840,#3841,#3842,#3843,#3844,#3845,#3846,#3847,#3848),
    (#3849,#3850,#3851,#3852,#3853,#3854,#3855,#3856,#3857,#3858,#3859,#3860),
    (#3861,#3862,#3863,#3864,#3865,#3866,#3867,#3868,#3869,#3870,#3871,#3872),
    (#3873,#3874,#3875,#3876,#3877,#3878,#3879,#3880,#3881,#3882,#3883,#3884),
    (#3885,#3886,#3887,#3888,#3889,#3890,#3891,#3892,#3893,#3894,#3895,#3896),
    (#3897,#3898,#3899,#3900,#3901,#3902,#3903,#3904,#3905,#3906,#3907,#3908),
    (#3909,#3910,#3911,#3912,#3913,#3914,#3915,#3916,#3917,#3918,#3919,#3920),
    (#3921,#3922,#3923,#3924,#3925,#3926,#3927,#3928,#3929,#3930,#3931,#3932),
    (#3933,#3934,#3935,#3936,#3937,#3938,#3939,#3940,#3941,#3942,#3943,#3944),
    (#3945,#3946,#3947,#3948,#3949,#3950,#3951,#3952,#3953,#3954,#3955,#3956),
    (#3957,#3958,#3959,#3960,#3961,#3962,#3963,#3964,#3965,#3966,#3967,#3968),
    (#3969,#3970,#3971,#3972,#3973,#3974,#3975,#3976,#3977,#3978,#3979,#3980),
    (#3981,#3982,#3983,#3984,#3985,#3986,#3987,#3988,#3989,#3990,#3991,#3992),
    (#3993,#3994,#3995,#3996,#3997,#3998,#3999,#4000,#4001,#4002,#4003,#4004),
    (#4005,#4006,#4007,#4008,#4009,#4010,#4011,#4012,#4013,#4014,#4015,#4016),
    (#4017,#4018,#4019,#4020,#4021,#4022,#4023,#4024,#4025,#4026,#4027,#4028),
    (#4029,#4030,#4031,#4032,#4033,#4034,#4035,#4036,#4037,#4038,#4039,#4040),
    (#4041,#4042,#4043,#4044,#4045,#4046,#4047,#4048,#4049,#4050,#4051,#4052),
    (#4053,#4054,#4055,#4056,#4057,#4058,#4059,#4060,#4061,#4062,#4063,#4064),
    (#4065,#4066,#4067,#4068,#4069,#4070,#4071,#4072,#4073,#4074,#4075,#4076),
    (#4077,#4078,#4079,#4080,#4081,#4082,#4083,#4084,#4085,#4086,#4087,#4088),
    (#4089,#4090,#4091,#4092,#4093,#4094,#4095,#4096,#4097,#4098,#4099,#4100),
    (#4101,#4102,#4103,#4104,#4105,#4106,#4107,#4108,#4109,#4110,#4111,#4112),
    (#4113,#4114,#4115,#4116,#4117,#4118,#4119,#4120,#4121,#4122,#4123,#4124),
    (#4125,#4126,#4127,#4128,#4129,#4130,#4131,#4132,#4133,#4134,#4135,#4136),
    (#4137,#4138,#4139,#4140,#4141,#4142,#4143,#4144,#4145,#4146,#4147,#4148),
    (#4149,#4150,#4151,#4152,#4153,#4154,#4155,#4156,#4157,#4158,#4159,#4160),
    (#4161,#4162,#4163,#4164,#4165,#4166,#4167,#4168,#4169,#4170,#4171,#4172),
    (#4173,#4174,#4175,#4176,#4177,#4178,#4179,#4180,#4181,#4182,#4183,#4184),
    (#4185,#4186,#4187,#4188,#4189,#4190,#4191,#4192,#4193,#4194,#4195,#4196),
    (#4197,#4198,#4199,#4200,#4201,#4202,#4203,#4204,#4205,#4206,#4207,#4208),
    (#4209,#4210,#4211,#4212,#4213,#4214,#4215,#4216,#4217,#4218,#4219,#4220),
    (#4221,#4222,#4223,#4224,#4225,#4226,#4227,#4228,#4229,#4230,#4231,#4232),
    (#4233,#4234,#4235,#4236,#4237,#4238,#4239,#4240,#4241,#4242,#4243,#4244),
    (#4245,#4246,#4247,#4248,#4249,#4250,#4251,#4252,#4253,#4254,#4255,#4256),
    (#4257,#4258,#4259,#4260,#4261,#4262,#4263,#4264,#4265,#4266,#4267,#4268),
    (#4269,#4270,#4271,#4272,#4273,#4274,#4275,#4276,#4277,#4278,#4279,#4280),
    (#4281,#4282,#4283,#4284,#4285,#4286,#4287,#4288,#4289,#4290,#4291,#4292),
    (#4293,#4294,#4295,#4296,#4297,#4298,#4299,#4300,#4301,#4302,#4303,#4304),
    (#4305,#4306,#4307,#4308,#4309,#4310,#4311,#4312,#4313,#4314,#4315,#4316),
    (#4317,#4318,#4319,#4320,#4321,#4322,#4323,#4324,#4325,#4326,#4327,#4328),
    (#4329,#4330,#4331,#4332,#4333,#4334,#4335,#4336,#4337,#4338,#4339,#4340),
    (#4341,#4342,#4343,#4344,#4345,#4346,#4347,#4348,#4349,#4350,#4351,#4352),
    (#4353,#4354,#4355,#4356,#4357,#4358,#4359,#4360,#4361,#4362,#4363,#4364),
    (#4365,#4366,#4367,#4368,#4369,#4370,#4371,#4372,#4373,#4374,#4375,#4376),
    (#4377,#4378,#4379,#4380,#4381,#4382,#4383,#4384,#4385,#4386,#4387,#4388)),.UNSPECIFIED.,.F.,.F.,.U.,
 (4,2,2,2,2,2,2,2,2,2,2,2,2,2,2,2,2,2,2,2,
    2,2,2,4),(4,2,2,2,2,4),
  (0.0,0.0035539662,0.1389516732,0.2743527194,0.3729042585,0.4293110671,0.4613650261,0.4794187656,0.4894891403,0.4950746086,
    0.4973565475,0.498838323,0.4999856075,0.5011357635,0.5026222167,0.5052789179,0.514090971,0.5348631638,0.5556353567,0.5968875068,
    0.638139657,0.7206439574,0.8853567968,1.0),(0.0,0.2,0.4,0.6,0.8,1.0),.UNSPECIFIED.);
#4390=ADVANCED_FACE('n° 1055',(#3812),#4389,.T.);
#4391=ORIENTED_EDGE('',*,*,#3444,.T.);
#4392=ORIENTED_EDGE('',*,*,#2854,.T.);
#4393=CARTESIAN_POINT('',(-4.2956596111,-3.3990968882,27.8808078637));
#4394=DIRECTION('',(0.6205195987,-0.7841909383,-0.0));
#4395=DIRECTION('',(-0.7841909383,-0.6205195987,0.0));
#4396=AXIS2_PLACEMENT_3D('',#4393,#4394,#4395);
#4397=CIRCLE('',#4396,0.5);
#4398=EDGE_CURVE('n° 1158',#702,#83,#4397,.T.);
#4399=ORIENTED_EDGE('',*,*,#4398,.F.);
#4400=EDGE_LOOP('',(#4391,#4392,#4399));
#4401=FACE_OUTER_BOUND('',#4400,.T.);
#4402=CARTESIAN_POINT('',(-4.2956596111,-3.3990968882,27.8808078637));
#4403=DIRECTION('',(-0.1750472539,-0.1385125056,0.9747680466));
#4404=DIRECTION('',(0.9842555966,0.0,0.1767510127));
#4405=AXIS2_PLACEMENT_3D('',#4402,#4403,#4404);
#4406=SPHERICAL_SURFACE('',#4405,0.5);
#4407=ADVANCED_FACE('n° 1057',(#4401),#4406,.T.);
#4408=ORIENTED_EDGE('',*,*,#3808,.T.);
#4409=ORIENTED_EDGE('',*,*,#3626,.T.);
#4410=CARTESIAN_POINT('',(-0.6339806851,5.4410127403,27.8808078637));
#4411=DIRECTION('',(0.993280025,0.1157358714,-0.0));
#4412=DIRECTION('',(0.1157358714,-0.993280025,0.0));
#4413=AXIS2_PLACEMENT_3D('',#4410,#4411,#4412);
#4414=CIRCLE('',#4413,0.5);
#4415=EDGE_CURVE('n° 1161',#216,#637,#4414,.T.);
#4416=ORIENTED_EDGE('',*,*,#4415,.F.);
#4417=EDGE_LOOP('',(#4408,#4409,#4416));
#4418=FACE_OUTER_BOUND('',#4417,.T.);
#4419=CARTESIAN_POINT('',(-0.6339806851,5.4410127403,27.8808078637));
#4420=DIRECTION('',(-0.0258345837,0.2217201606,0.9747680466));
#4421=DIRECTION('',(0.0,-0.9750935022,0.2217941885));
#4422=AXIS2_PLACEMENT_3D('',#4419,#4420,#4421);
#4423=SPHERICAL_SURFACE('',#4422,0.5);
#4424=ADVANCED_FACE('n° 1059',(#4418),#4423,.T.);
#4425=ORIENTED_EDGE('',*,*,#4398,.T.);
#4426=ORIENTED_EDGE('',*,*,#89,.F.);
#4427=CARTESIAN_POINT('',(-3.3990849637,-4.2956690468,27.8808078637));
#4428=DIRECTION('',(0.7841926608,-0.6205174218,0.0));
#4429=DIRECTION('',(0.6205174218,0.7841926608,0.0));
#4430=AXIS2_PLACEMENT_3D('',#4427,#4428,#4429);
#4431=CIRCLE('',#4430,0.5);
#4432=EDGE_CURVE('n° 1163',#721,#30,#4431,.T.);
#4433=ORIENTED_EDGE('',*,*,#4432,.F.);
#4434=ORIENTED_EDGE('',*,*,#727,.F.);
#4435=EDGE_LOOP('',(#4425,#4426,#4433,#4434));
#4436=FACE_OUTER_BOUND('',#4435,.T.);
#4437=CARTESIAN_POINT('',(0.0,0.0,27.8808078637));
#4438=DIRECTION('',(-0.0,-0.0,-1.0));
#4439=DIRECTION('',(-1.0,0.0,0.0));
#4440=AXIS2_PLACEMENT_3D('',#4437,#4438,#4439);
#4441=TOROIDAL_SURFACE('',#4440,5.4778235778,0.5);
#4442=ADVANCED_FACE('n° 1061',(#4436),#4441,.T.);
#4443=ORIENTED_EDGE('',*,*,#4415,.T.);
#4444=ORIENTED_EDGE('',*,*,#643,.F.);
#4445=CARTESIAN_POINT('',(0.6339655811,5.4410145002,27.8808078637));
#4446=DIRECTION('',(0.9932803463,-0.1157331141,0.0));
#4447=DIRECTION('',(0.1157331141,0.9932803463,0.0));
#4448=AXIS2_PLACEMENT_3D('',#4445,#4446,#4447);
#4449=CIRCLE('',#4448,0.5);
#4450=EDGE_CURVE('n° 1164',#269,#618,#4449,.T.);
#4451=ORIENTED_EDGE('',*,*,#4450,.F.);
#4452=ORIENTED_EDGE('',*,*,#275,.F.);
#4453=EDGE_LOOP('',(#4443,#4444,#4451,#4452));
#4454=FACE_OUTER_BOUND('',#4453,.T.);
#4455=CARTESIAN_POINT('',(0.0,0.0,27.8808078637));
#4456=DIRECTION('',(-0.0,-0.0,-1.0));
#4457=DIRECTION('',(-1.0,0.0,0.0));
#4458=AXIS2_PLACEMENT_3D('',#4455,#4456,#4457);
#4459=TOROIDAL_SURFACE('',#4458,5.4778235778,0.5);
#4460=ADVANCED_FACE('n° 1065',(#4454),#4459,.T.);
#4461=CARTESIAN_POINT('',(-3.3990849637,-4.2956690468,27.8808078637));
#4462=DIRECTION('',(0.8753308913,0.4387660217,0.2031753157));
#4463=DIRECTION('',(0.4481125859,-0.8939771308,0.0));
#4464=AXIS2_PLACEMENT_3D('',#4461,#4462,#4463);
#4465=CIRCLE('',#4464,0.5);
#4466=EDGE_CURVE('n° 1169',#721,#1374,#4465,.T.);
#4467=ORIENTED_EDGE('',*,*,#4466,.F.);
#4468=ORIENTED_EDGE('',*,*,#4432,.T.);
#4469=CARTESIAN_POINT('',(-3.3990849637,-4.2956690468,27.8808078637));
#4470=DIRECTION('',(0.0253381465,-0.0518763613,-0.9983320197));
#4471=DIRECTION('',(0.0,-0.9986526494,0.0518930222));
#4472=AXIS2_PLACEMENT_3D('',#4469,#4470,#4471);
#4473=CIRCLE('',#4472,0.5);
#4474=EDGE_CURVE('n° 1166',#1374,#30,#4473,.T.);
#4475=ORIENTED_EDGE('',*,*,#4474,.F.);
#4476=EDGE_LOOP('',(#4467,#4468,#4475));
#4477=FACE_OUTER_BOUND('',#4476,.T.);
#4478=CARTESIAN_POINT('',(-3.3990849637,-4.2956690468,27.8808078637));
#4479=DIRECTION('',(-0.1385120197,-0.1750476384,0.9747680466));
#4480=DIRECTION('',(0.0,-0.9842555291,-0.1767513888));
#4481=AXIS2_PLACEMENT_3D('',#4478,#4479,#4480);
#4482=SPHERICAL_SURFACE('',#4481,0.5);
#4483=ADVANCED_FACE('n° 1069',(#4477),#4482,.T.);
#4484=CARTESIAN_POINT('',(0.6339655811,5.4410145002,27.8808078637));
#4485=DIRECTION('',(0.0545537339,0.0187708196,-0.9983343861));
#4486=DIRECTION('',(0.998510311,0.0,0.0545633472));
#4487=AXIS2_PLACEMENT_3D('',#4484,#4485,#4486);
#4488=CIRCLE('',#4487,0.5);
#4489=EDGE_CURVE('n° 1175',#269,#796,#4488,.T.);
#4490=ORIENTED_EDGE('',*,*,#4489,.F.);
#4491=ORIENTED_EDGE('',*,*,#4450,.T.);
#4492=CARTESIAN_POINT('',(0.6339655811,5.4410145002,27.8808078637));
#4493=DIRECTION('',(0.3080630268,-0.9294039975,0.2032372526));
#4494=DIRECTION('',(-0.94921456,-0.3146294951,0.0));
#4495=AXIS2_PLACEMENT_3D('',#4492,#4493,#4494);
#4496=CIRCLE('',#4495,0.5);
#4497=EDGE_CURVE('n° 1172',#796,#618,#4496,.T.);
#4498=ORIENTED_EDGE('',*,*,#4497,.F.);
#4499=EDGE_LOOP('',(#4490,#4491,#4498));
#4500=FACE_OUTER_BOUND('',#4499,.T.);
#4501=CARTESIAN_POINT('',(0.6339655811,5.4410145002,27.8808078637));
#4502=DIRECTION('',(0.0258339683,0.2217202323,0.9747680466));
#4503=DIRECTION('',(0.0,-0.9750934866,0.2217942567));
#4504=AXIS2_PLACEMENT_3D('',#4501,#4502,#4503);
#4505=SPHERICAL_SURFACE('',#4504,0.5);
#4506=ADVANCED_FACE('n° 1071',(#4500),#4505,.T.);
#4507=ORIENTED_EDGE('',*,*,#4474,.T.);
#4508=ORIENTED_EDGE('',*,*,#80,.F.);
#4509=CARTESIAN_POINT('',(-0.6339655811,-5.4410145002,27.8808078637));
#4510=DIRECTION('',(0.0545537339,0.0187708196,0.9983343861));
#4511=DIRECTION('',(0.998510311,0.0,-0.0545633472));
#4512=AXIS2_PLACEMENT_3D('',#4509,#4510,#4511);
#4513=CIRCLE('',#4512,0.5);
#4514=EDGE_CURVE('n° 1177',#1372,#28,#4513,.T.);
#4515=ORIENTED_EDGE('',*,*,#4514,.F.);
#4516=ORIENTED_EDGE('',*,*,#1441,.F.);
#4517=EDGE_LOOP('',(#4507,#4508,#4515,#4516));
#4518=FACE_OUTER_BOUND('',#4517,.T.);
#4519=CARTESIAN_POINT('',(-3.7092467736,-4.687642897,27.8933039572));
#4520=CARTESIAN_POINT('',(-3.6799430444,-4.7107683867,27.8952493705));
#4521=CARTESIAN_POINT('',(-3.6480294027,-4.7305930106,27.8970895017));
#4522=CARTESIAN_POINT('',(-3.5805755971,-4.7626507739,27.9004673303));
#4523=CARTESIAN_POINT('',(-3.5450382711,-4.7748825646,27.9020048857));
#4524=CARTESIAN_POINT('',(-3.4721169892,-4.7911412865,27.9047005153));
#4525=CARTESIAN_POINT('',(-3.4347361013,-4.7951675336,27.9058584762));
#4526=CARTESIAN_POINT('',(-3.3600000888,-4.7948127882,27.9077368784));
#4527=CARTESIAN_POINT('',(-3.3226481084,-4.7904318105,27.9084572407));
#4528=CARTESIAN_POINT('',(-3.2498410137,-4.7734813676,27.9094243233));
#4529=CARTESIAN_POINT('',(-3.2143889625,-4.7609126154,27.9096710029));
#4530=CARTESIAN_POINT('',(-3.1807733869,-4.7445640828,27.909674663));
#4531=CARTESIAN_POINT('',(-3.7082545369,-4.6895146149,27.8592204682));
#4532=CARTESIAN_POINT('',(-3.6789817924,-4.7126001255,27.8611663882));
#4533=CARTESIAN_POINT('',(-3.6471070718,-4.7323926164,27.8630073033));
#4534=CARTESIAN_POINT('',(-3.5797408927,-4.7644059855,27.8663874544));
#4535=CARTESIAN_POINT('',(-3.5442522534,-4.7766255239,27.867926549));
#4536=CARTESIAN_POINT('',(-3.471431045,-4.7928818314,27.8706261358));
#4537=CARTESIAN_POINT('',(-3.4341015235,-4.7969179202,27.871786515));
#4538=CARTESIAN_POINT('',(-3.359463483,-4.7966049873,27.8736706632));
#4539=CARTESIAN_POINT('',(-3.3221580875,-4.7922559787,27.8743943533));
#4540=CARTESIAN_POINT('',(-3.2494321827,-4.7753894343,27.8753689286));
#4541=CARTESIAN_POINT('',(-3.214014717,-4.7628726044,27.8756197729));
#4542=CARTESIAN_POINT('',(-3.1804245515,-4.7465838545,27.8756279283));
#4543=CARTESIAN_POINT('',(-3.7072577896,-4.6913887257,27.8251361134));
#4544=CARTESIAN_POINT('',(-3.6780160839,-4.714434242,27.8270825372));
#4545=CARTESIAN_POINT('',(-3.6461803256,-4.7341945809,27.8289242332));
#4546=CARTESIAN_POINT('',(-3.5789018462,-4.7661634956,27.8323067003));
#4547=CARTESIAN_POINT('',(-3.5434619259,-4.7783707406,27.8338473305));
#4548=CARTESIAN_POINT('',(-3.4707408688,-4.7946245251,27.8365508676));
#4549=CARTESIAN_POINT('',(-3.4334627594,-4.7986703879,27.8377136619));
#4550=CARTESIAN_POINT('',(-3.3589228183,-4.7983991127,27.8396035508));
#4551=CARTESIAN_POINT('',(-3.3216640896,-4.794081986,27.8403305666));
#4552=CARTESIAN_POINT('',(-3.2490195936,-4.7772991634,27.8413126328));
#4553=CARTESIAN_POINT('',(-3.2136368504,-4.7648341663,27.8415676423));
#4554=CARTESIAN_POINT('',(-3.1800722654,-4.7486051217,27.8415802953));
#4555=CARTESIAN_POINT('',(-3.6681128046,-4.7647507704,26.4925694596));
#4556=CARTESIAN_POINT('',(-3.6400866246,-4.7862321772,26.4945354687));
#4557=CARTESIAN_POINT('',(-3.6097756356,-4.8047348254,26.4964075685));
#4558=CARTESIAN_POINT('',(-3.5459284943,-4.8349634863,26.4998803126));
#4559=CARTESIAN_POINT('',(-3.5123944277,-4.8466885125,26.5014808412));
#4560=CARTESIAN_POINT('',(-3.4435916645,-4.8628393706,26.5043385436));
#4561=CARTESIAN_POINT('',(-3.4083252138,-4.8672646688,26.5055956217));
#4562=CARTESIAN_POINT('',(-3.3376252867,-4.8686158204,26.5077097151));
#4563=CARTESIAN_POINT('',(-3.3021941196,-4.8655416159,26.5085666588));
#4564=CARTESIAN_POINT('',(-3.2327407228,-4.8520247668,26.5098414971));
#4565=CARTESIAN_POINT('',(-3.1987207664,-4.8415825432,26.5102593472));
#4566=CARTESIAN_POINT('',(-3.1661628743,-4.8276845015,26.510447919));
#4567=CARTESIAN_POINT('',(-3.6236207104,-4.8395474737,25.1943636702));
#4568=CARTESIAN_POINT('',(-3.596851649,-4.8594872872,25.1963447051));
#4569=CARTESIAN_POINT('',(-3.5680797044,-4.876740567,25.1982419205));
#4570=CARTESIAN_POINT('',(-3.5076689741,-4.9051924859,25.201793));
#4571=CARTESIAN_POINT('',(-3.4760317613,-4.9163903851,25.20344677));
#4572=CARTESIAN_POINT('',(-3.4111451564,-4.932286571,25.2064446323));
#4573=CARTESIAN_POINT('',(-3.3778974527,-4.9369844408,25.2077886448));
#4574=CARTESIAN_POINT('',(-3.3111083075,-4.9396917183,25.2101128824));
#4575=CARTESIAN_POINT('',(-3.2775686042,-4.9377010484,25.2110930452));
#4576=CARTESIAN_POINT('',(-3.2115260227,-4.9271059884,25.2126498358));
#4577=CARTESIAN_POINT('',(-3.1790248651,-4.9185018629,25.2132264211));
#4578=CARTESIAN_POINT('',(-3.1476873879,-4.9067586399,25.2135893383));
#4579=CARTESIAN_POINT('',(-3.5158868693,-4.9979039272,22.5990653363));
#4580=CARTESIAN_POINT('',(-3.4919282272,-5.0146564658,22.6010713935));
#4581=CARTESIAN_POINT('',(-3.4664970352,-5.0293045511,22.6030132169));
#4582=CARTESIAN_POINT('',(-3.413460341,-5.0539494221,22.6067088493));
#4583=CARTESIAN_POINT('',(-3.385855634,-5.0639458394,22.6084626012));
#4584=CARTESIAN_POINT('',(-3.3293092275,-5.0789833998,22.6117280588));
#4585=CARTESIAN_POINT('',(-3.3003683746,-5.084024314,22.6132397137));
#4586=CARTESIAN_POINT('',(-3.2420273658,-5.0889953043,22.6159742128));
#4587=CARTESIAN_POINT('',(-3.2126280836,-5.0889252977,22.617197014));
#4588=CARTESIAN_POINT('',(-3.154262378,-5.0836719869,22.6193157262));
#4589=CARTESIAN_POINT('',(-3.1252968309,-5.0784887487,22.6202116031));
#4590=CARTESIAN_POINT('',(-3.0969878565,-5.0708243118,22.6209299196));
#4591=CARTESIAN_POINT('',(-3.4531146152,-5.0812741665,21.3018223679));
#4592=CARTESIAN_POINT('',(-3.4306983699,-5.0963855747,21.3038384114));
#4593=CARTESIAN_POINT('',(-3.4070580531,-5.1096822813,21.3057997154));
#4594=CARTESIAN_POINT('',(-3.357937331,-5.1323055967,21.3095615415));
#4595=CARTESIAN_POINT('',(-3.3324574567,-5.1416319616,21.3113620217));
#4596=CARTESIAN_POINT('',(-3.2803133378,-5.1560741093,21.3147548927));
#4597=CARTESIAN_POINT('',(-3.2536496563,-5.1611897345,21.3163472455));
#4598=CARTESIAN_POINT('',(-3.1998238727,-5.1670768215,21.3192818451));
#4599=CARTESIAN_POINT('',(-3.1726623517,-5.1678482158,21.3206240587));
#4600=CARTESIAN_POINT('',(-3.118539854,-5.1650235494,21.3230227275));
#4601=CARTESIAN_POINT('',(-3.0915794622,-5.1614275133,21.3240791552));
#4602=CARTESIAN_POINT('',(-3.0650665598,-5.1556915716,21.3249785172));
#4603=CARTESIAN_POINT('',(-3.3149073673,-5.2382387206,19.0627487598));
#4604=CARTESIAN_POINT('',(-3.2957286034,-5.2502840586,19.0647794411));
#4605=CARTESIAN_POINT('',(-3.2757283013,-5.2610238218,19.0667715527));
#4606=CARTESIAN_POINT('',(-3.2344484026,-5.2796976762,19.0706418657));
#4607=CARTESIAN_POINT('',(-3.2131690258,-5.2876316682,19.0725200458));
#4608=CARTESIAN_POINT('',(-3.169718017,-5.3005494018,19.0761277195));
#4609=CARTESIAN_POINT('',(-3.147546616,-5.3055330736,19.077857193));
#4610=CARTESIAN_POINT('',(-3.1027146692,-5.3124583241,19.0811353405));
#4611=CARTESIAN_POINT('',(-3.0800543617,-5.3143998635,19.082683996));
#4612=CARTESIAN_POINT('',(-3.0346567285,-5.31520338,19.0855716369));
#4613=CARTESIAN_POINT('',(-3.0119196444,-5.3140653492,19.0869106059));
#4614=CARTESIAN_POINT('',(-2.989351015,-5.311396345,19.0881321877));
#4615=CARTESIAN_POINT('',(-3.2482690567,-5.3080352401,18.1200065132));
#4616=CARTESIAN_POINT('',(-3.2306131918,-5.3187251119,18.1220425678));
#4617=CARTESIAN_POINT('',(-3.212297212,-5.3283264615,18.1240467922));
#4618=CARTESIAN_POINT('',(-3.1746171203,-5.3452101495,18.1279610236));
#4619=CARTESIAN_POINT('',(-3.1552531422,-5.3524924281,18.1298710161));
#4620=CARTESIAN_POINT('',(-3.1157646453,-5.3646296259,18.1335675685));
#4621=CARTESIAN_POINT('',(-3.0956402666,-5.3694845016,18.1353541147));
#4622=CARTESIAN_POINT('',(-3.0549296874,-5.3766938671,18.138776358));
#4623=CARTESIAN_POINT('',(-3.0343436312,-5.3790483304,18.1404120422));
#4624=CARTESIAN_POINT('',(-2.9930152699,-5.3812202199,18.1435073442));
#4625=CARTESIAN_POINT('',(-2.9722731113,-5.381037637,18.1449669502));
#4626=CARTESIAN_POINT('',(-2.9516068559,-5.3795866682,18.146327199));
#4627=CARTESIAN_POINT('',(-3.1111306022,-5.4313807601,16.6412055645));
#4628=CARTESIAN_POINT('',(-3.096562295,-5.4396490948,16.6432490294));
#4629=CARTESIAN_POINT('',(-3.0815735997,-5.4471801549,16.6452712749));
#4630=CARTESIAN_POINT('',(-3.0509055376,-5.4606925732,16.649252762));
#4631=CARTESIAN_POINT('',(-3.0352262202,-5.4666739097,16.6512119969));
#4632=CARTESIAN_POINT('',(-3.0033338968,-5.477026919,16.6550475035));
#4633=CARTESIAN_POINT('',(-2.987120942,-5.4813985751,16.6569237689));
#4634=CARTESIAN_POINT('',(-2.954323602,-5.4884880829,16.660574194));
#4635=CARTESIAN_POINT('',(-2.9377392693,-5.4912059228,16.6623483477));
#4636=CARTESIAN_POINT('',(-2.9043651485,-5.4949599081,16.6657764124));
#4637=CARTESIAN_POINT('',(-2.8875754138,-5.4959960468,16.6674303178));
#4638=CARTESIAN_POINT('',(-2.870767,-5.4961856572,16.6690156262));
#4639=CARTESIAN_POINT('',(-3.0548899442,-5.4789541171,16.1033628048));
#4640=CARTESIAN_POINT('',(-3.0415986932,-5.4862743317,16.1054087725));
#4641=CARTESIAN_POINT('',(-3.0279722048,-5.4929887318,16.1074374295));
#4642=CARTESIAN_POINT('',(-3.0001587165,-5.5051519375,16.1114432825));
#4643=CARTESIAN_POINT('',(-2.9859717455,-5.5106007304,16.1134204742));
#4644=CARTESIAN_POINT('',(-2.9571517325,-5.5201887207,16.117306955));
#4645=CARTESIAN_POINT('',(-2.9425187204,-5.524327908,16.1192162398));
#4646=CARTESIAN_POINT('',(-2.9129246005,-5.5312630215,16.1229510011));
#4647=CARTESIAN_POINT('',(-2.8979635234,-5.5340589403,16.1247764736));
#4648=CARTESIAN_POINT('',(-2.8678338692,-5.5382844498,16.128328367));
#4649=CARTESIAN_POINT('',(-2.8526653236,-5.5397140357,16.1300547841));
#4650=CARTESIAN_POINT('',(-2.8374541693,-5.5404543137,16.1317244454));
#4651=CARTESIAN_POINT('',(-2.9406809063,-5.5643461033,15.2638220493));
#4652=CARTESIAN_POINT('',(-2.9299013128,-5.5699748508,15.2658712874));
#4653=CARTESIAN_POINT('',(-2.9189108244,-5.5752030111,15.2679092073));
#4654=CARTESIAN_POINT('',(-2.8965667138,-5.5848303417,15.2719513468));
#4655=CARTESIAN_POINT('',(-2.8852131019,-5.5892295077,15.2739555644));
#4656=CARTESIAN_POINT('',(-2.8622033177,-5.5971753605,15.2779194076));
#4657=CARTESIAN_POINT('',(-2.8505471559,-5.6007220438,15.2798790314));
#4658=CARTESIAN_POINT('',(-2.8269944337,-5.6069438979,15.2837430286));
#4659=CARTESIAN_POINT('',(-2.8150978841,-5.6096190659,15.2856474003));
#4660=CARTESIAN_POINT('',(-2.7911278203,-5.6140834101,15.2893905242));
#4661=CARTESIAN_POINT('',(-2.779054317,-5.6158725843,15.2912292748));
#4662=CARTESIAN_POINT('',(-2.766924523,-5.6172138375,15.2930302029));
#4663=CARTESIAN_POINT('',(-2.8942975461,-5.5973733448,14.9601092789));
#4664=CARTESIAN_POINT('',(-2.8845218672,-5.6023518453,14.9621595717));
#4665=CARTESIAN_POINT('',(-2.8745783635,-5.6070037317,14.9642006841));
#4666=CARTESIAN_POINT('',(-2.8543981884,-5.6156344735,14.9682555568));
#4667=CARTESIAN_POINT('',(-2.8441615229,-5.6196133264,14.970269316));
#4668=CARTESIAN_POINT('',(-2.8234387406,-5.6268810039,14.9742606032));
#4669=CARTESIAN_POINT('',(-2.8129526299,-5.6301698263,14.97623813));
#4670=CARTESIAN_POINT('',(-2.7917757186,-5.6360433267,14.9801482247));
#4671=CARTESIAN_POINT('',(-2.7810849241,-5.6386280029,14.9820807913));
#4672=CARTESIAN_POINT('',(-2.7595442675,-5.6430820336,14.9858924256));
#4673=CARTESIAN_POINT('',(-2.7486944117,-5.6449513868,14.987771492));
#4674=CARTESIAN_POINT('',(-2.7377881707,-5.6464589832,14.9896196508));
#4675=CARTESIAN_POINT('',(-2.8010284821,-5.6574474647,14.4897465637));
#4676=CARTESIAN_POINT('',(-2.7932248344,-5.6612480055,14.4917983857));
#4677=CARTESIAN_POINT('',(-2.7853164817,-5.6648363927,14.493844293));
#4678=CARTESIAN_POINT('',(-2.7693123965,-5.6715788921,14.4979184708));
#4679=CARTESIAN_POINT('',(-2.7612166661,-5.6747330035,14.4999467409));
#4680=CARTESIAN_POINT('',(-2.7448603702,-5.6805981658,14.503979884));
#4681=CARTESIAN_POINT('',(-2.7365998068,-5.683309216,14.5059847565));
#4682=CARTESIAN_POINT('',(-2.7199368403,-5.6882806779,14.5099654081));
#4683=CARTESIAN_POINT('',(-2.7115344393,-5.6905410889,14.5119411867));
#4684=CARTESIAN_POINT('',(-2.6946111829,-5.6946049221,14.5158580333));
#4685=CARTESIAN_POINT('',(-2.6860903296,-5.6964083437,14.5177991009));
#4686=CARTESIAN_POINT('',(-2.6775221056,-5.697980718,14.5197200519));
#4687=CARTESIAN_POINT('',(-2.7635144208,-5.6806980836,14.3207794978));
#4688=CARTESIAN_POINT('',(-2.7564968799,-5.6840436774,14.3228318466));
#4689=CARTESIAN_POINT('',(-2.7493965695,-5.6872182132,14.3248794446));
#4690=CARTESIAN_POINT('',(-2.7350460407,-5.6932182041,14.3289604696));
#4691=CARTESIAN_POINT('',(-2.7277958235,-5.6960436587,14.3309938964));
#4692=CARTESIAN_POINT('',(-2.7131614369,-5.7013392718,14.3350419397));
#4693=CARTESIAN_POINT('',(-2.7057772687,-5.70380943,14.337056556));
#4694=CARTESIAN_POINT('',(-2.6908912244,-5.708388999,14.3410623792));
#4695=CARTESIAN_POINT('',(-2.6833893494,-5.7104984095,14.343053586));
#4696=CARTESIAN_POINT('',(-2.6682843904,-5.7143518073,14.3470080417));
#4697=CARTESIAN_POINT('',(-2.6606813075,-5.7160957943,14.3489712904));
#4698=CARTESIAN_POINT('',(-2.6530359792,-5.7176551244,14.350918316));
#4699=CARTESIAN_POINT('',(-2.687959915,-5.7237760944,14.0627689381));
#4700=CARTESIAN_POINT('',(-2.6825054253,-5.7262774269,14.064822114));
#4701=CARTESIAN_POINT('',(-2.6770002794,-5.7286705985,14.066872304));
#4702=CARTESIAN_POINT('',(-2.6658963922,-5.7332372747,14.0709637736));
#4703=CARTESIAN_POINT('',(-2.6602976511,-5.7354107792,14.073005053));
#4704=CARTESIAN_POINT('',(-2.6490144189,-5.7395350766,14.0770757749));
#4705=CARTESIAN_POINT('',(-2.643329928,-5.7414858695,14.0791052172));
#4706=CARTESIAN_POINT('',(-2.6318831595,-5.7451620039,14.0831493542));
#4707=CARTESIAN_POINT('',(-2.6261208821,-5.7468873454,14.0851640489));
#4708=CARTESIAN_POINT('',(-2.6145266106,-5.7501101458,14.0891758004));
#4709=CARTESIAN_POINT('',(-2.608694617,-5.7516076047,14.0911728571));
#4710=CARTESIAN_POINT('',(-2.6028318484,-5.7529900625,14.0931596619));
#4711=CARTESIAN_POINT('',(-2.6577256995,-5.7404969447,13.9708868433));
#4712=CARTESIAN_POINT('',(-2.6528936776,-5.7426704831,13.9729403175));
#4713=CARTESIAN_POINT('',(-2.6480221486,-5.7447582898,13.9749914317));
#4714=CARTESIAN_POINT('',(-2.6382053603,-5.748760183,13.9790866165));
#4715=CARTESIAN_POINT('',(-2.6332601014,-5.7506742695,13.9811306869));
#4716=CARTESIAN_POINT('',(-2.6233012162,-5.7543266502,13.9852094677));
#4717=CARTESIAN_POINT('',(-2.6182875901,-5.7560649444,13.9872441779));
#4718=CARTESIAN_POINT('',(-2.6081974063,-5.7593638544,13.9913019316));
#4719=CARTESIAN_POINT('',(-2.6031208487,-5.7609244703,13.9933249751));
#4720=CARTESIAN_POINT('',(-2.5929103042,-5.7638663265,13.997357101));
#4721=CARTESIAN_POINT('',(-2.5877763175,-5.7652475668,13.9993661834));
#4722=CARTESIAN_POINT('',(-2.5826163981,-5.7665383656,14.0013671457));
#4723=CARTESIAN_POINT('',(-2.5961798475,-5.7722076785,13.8346859776));
#4724=CARTESIAN_POINT('',(-2.5926066796,-5.7737563421,13.8367399402));
#4725=CARTESIAN_POINT('',(-2.5890100196,-5.775252649,13.8387924681));
#4726=CARTESIAN_POINT('',(-2.5817721205,-5.7781395522,13.842893241));
#4727=CARTESIAN_POINT('',(-2.5781308814,-5.7795301485,13.8449414859));
#4728=CARTESIAN_POINT('',(-2.5708062583,-5.7822047022,13.8490322817));
#4729=CARTESIAN_POINT('',(-2.5671228744,-5.7834886597,13.8510748326));
#4730=CARTESIAN_POINT('',(-2.5597164234,-5.7859490773,13.8551528332));
#4731=CARTESIAN_POINT('',(-2.5559933564,-5.7871255373,13.8571882828));
#4732=CARTESIAN_POINT('',(-2.5485100271,-5.7893701714,13.8612506782));
#4733=CARTESIAN_POINT('',(-2.5447497648,-5.7904383454,13.8632776239));
#4734=CARTESIAN_POINT('',(-2.5409721609,-5.7914520174,13.8652996191));
#4735=CARTESIAN_POINT('',(-2.5713672217,-5.7846790471,13.7866164532));
#4736=CARTESIAN_POINT('',(-2.5683003185,-5.7859815537,13.7886705971));
#4737=CARTESIAN_POINT('',(-2.5652154622,-5.7872435117,13.7907236324));
#4738=CARTESIAN_POINT('',(-2.5590113938,-5.7896856997,13.7948263929));
#4739=CARTESIAN_POINT('',(-2.5558921816,-5.7908659297,13.7968761181));
#4740=CARTESIAN_POINT('',(-2.5496209688,-5.7931440711,13.8009711674));
#4741=CARTESIAN_POINT('',(-2.546468968,-5.7942419826,13.8030164914));
#4742=CARTESIAN_POINT('',(-2.5401337616,-5.7963549375,13.8071016492));
#4743=CARTESIAN_POINT('',(-2.536950556,-5.7973699809,13.809141483));
#4744=CARTESIAN_POINT('',(-2.5305545389,-5.7993166915,13.8132145742));
#4745=CARTESIAN_POINT('',(-2.5273417274,-5.8002483586,13.8152478315));
#4746=CARTESIAN_POINT('',(-2.5241149201,-5.8011381041,13.8172772592));
#4747=CARTESIAN_POINT('',(-2.5253462874,-5.8064397392,13.7273453844));
#4748=CARTESIAN_POINT('',(-2.5232157957,-5.8073095679,13.7293997948));
#4749=CARTESIAN_POINT('',(-2.5210740382,-5.8081534661,13.7314534984));
#4750=CARTESIAN_POINT('',(-2.5167687028,-5.8097891219,13.7355587951));
#4751=CARTESIAN_POINT('',(-2.5146051249,-5.8105808795,13.7376103882));
#4752=CARTESIAN_POINT('',(-2.5102568677,-5.8121119918,13.7417107675));
#4753=CARTESIAN_POINT('',(-2.5080721883,-5.8128513464,13.7437595538));
#4754=CARTESIAN_POINT('',(-2.5036824537,-5.8142774076,13.7478536243));
#4755=CARTESIAN_POINT('',(-2.5014773984,-5.8149641142,13.7498989085));
#4756=CARTESIAN_POINT('',(-2.4970476444,-5.8162846516,13.7539852807));
#4757=CARTESIAN_POINT('',(-2.4948229457,-5.8169184824,13.7560263686));
#4758=CARTESIAN_POINT('',(-2.4925887947,-5.8175257702,13.7580650121));
#4759=CARTESIAN_POINT('',(-2.5104424342,-5.8133554773,13.711016796));
#4760=CARTESIAN_POINT('',(-2.5086149565,-5.8140874714,13.7130712861));
#4761=CARTESIAN_POINT('',(-2.5067780354,-5.8147975705,13.71512518));
#4762=CARTESIAN_POINT('',(-2.503085817,-5.8161737821,13.7192311878));
#4763=CARTESIAN_POINT('',(-2.5012305196,-5.8168398946,13.7212833016));
#4764=CARTESIAN_POINT('',(-2.4975020641,-5.8181279485,13.7253851618));
#4765=CARTESIAN_POINT('',(-2.4956289061,-5.81874989,13.7274349083));
#4766=CARTESIAN_POINT('',(-2.4918652498,-5.81994943,13.7315314469));
#4767=CARTESIAN_POINT('',(-2.4899747517,-5.8205270286,13.7335782392));
#4768=CARTESIAN_POINT('',(-2.4861769406,-5.8216377231,13.7376682837));
#4769=CARTESIAN_POINT('',(-2.4842696278,-5.822170819,13.739711536));
#4770=CARTESIAN_POINT('',(-2.4823541727,-5.8226815901,13.7417527258));
#4771=CARTESIAN_POINT('',(-2.4820941546,-5.8260980372,13.6889341577));
#4772=CARTESIAN_POINT('',(-2.4808427273,-5.8265748296,13.6909887764));
#4773=CARTESIAN_POINT('',(-2.4795843061,-5.827035194,13.6930429488));
#4774=CARTESIAN_POINT('',(-2.4770537392,-5.827922971,13.6971499605));
#4775=CARTESIAN_POINT('',(-2.4757815935,-5.8283503835,13.6992027998));
#4776=CARTESIAN_POINT('',(-2.4732238438,-5.8291721679,13.7033067056));
#4777=CARTESIAN_POINT('',(-2.4719382398,-5.8295665397,13.705357772));
#4778=CARTESIAN_POINT('',(-2.4693538425,-5.8303221605,13.7094576923));
#4779=CARTESIAN_POINT('',(-2.4680550491,-5.8306834095,13.7115065461));
#4780=CARTESIAN_POINT('',(-2.4654445448,-5.8313727097,13.7156016022));
#4781=CARTESIAN_POINT('',(-2.4641328338,-5.8317007609,13.7176478044));
#4782=CARTESIAN_POINT('',(-2.4628148013,-5.8320121793,13.7196924615));
#4783=CARTESIAN_POINT('',(-2.4697298789,-5.8315600621,13.6813894173));
#4784=CARTESIAN_POINT('',(-2.4687296299,-5.8319271665,13.6834440868));
#4785=CARTESIAN_POINT('',(-2.4677232192,-5.8322797139,13.6854983611));
#4786=CARTESIAN_POINT('',(-2.465698261,-5.8329556294,13.6896057296));
#4787=CARTESIAN_POINT('',(-2.4646797134,-5.8332789977,13.6916588238));
#4788=CARTESIAN_POINT('',(-2.4626306703,-5.8338964955,13.6957634424));
#4789=CARTESIAN_POINT('',(-2.4616001747,-5.834190625,13.6978149669));
#4790=CARTESIAN_POINT('',(-2.4595274266,-5.8347495914,13.7019160569));
#4791=CARTESIAN_POINT('',(-2.4584851741,-5.8350144282,13.7039656223));
#4792=CARTESIAN_POINT('',(-2.4563891055,-5.8355147607,13.7080624054));
#4793=CARTESIAN_POINT('',(-2.4553352894,-5.8357502563,13.7101096231));
#4794=CARTESIAN_POINT('',(-2.4542757892,-5.8359710599,13.7121554725));
#4795=CARTESIAN_POINT('',(-2.4461516432,-5.8417226548,13.6725252604));
#4796=CARTESIAN_POINT('',(-2.4456304218,-5.8418847835,13.6745800114));
#4797=CARTESIAN_POINT('',(-2.4451040261,-5.8420345507,13.6766344273));
#4798=CARTESIAN_POINT('',(-2.4440409683,-5.8423093389,13.6807422587));
#4799=CARTESIAN_POINT('',(-2.4435043062,-5.8424343599,13.6827956741));
#4800=CARTESIAN_POINT('',(-2.4424207991,-5.8426596368,13.6869011741));
#4801=CARTESIAN_POINT('',(-2.4418739542,-5.8427598927,13.6889532587));
#4802=CARTESIAN_POINT('',(-2.4407701668,-5.8429356243,13.6930557671));
#4803=CARTESIAN_POINT('',(-2.4402132244,-5.8430111,13.6951061908));
#4804=CARTESIAN_POINT('',(-2.4390893291,-5.8431372601,13.6992050475));
#4805=CARTESIAN_POINT('',(-2.4385223761,-5.8431879445,13.7012534805));
#4806=CARTESIAN_POINT('',(-2.4379504621,-5.8432262296,13.7033007533));
#4807=CARTESIAN_POINT('',(-2.4350769789,-5.8464128581,13.6701750363));
#4808=CARTESIAN_POINT('',(-2.4347807731,-5.8464800857,13.6722298204));
#4809=CARTESIAN_POINT('',(-2.4344796605,-5.8465355321,13.6742842854));
#4810=CARTESIAN_POINT('',(-2.4338676676,-5.8466228544,13.6783922627));
#4811=CARTESIAN_POINT('',(-2.4335567874,-5.8466547302,13.6804457749));
#4812=CARTESIAN_POINT('',(-2.4329253068,-5.8466949064,13.6845515319));
#4813=CARTESIAN_POINT('',(-2.4326047063,-5.8467032068,13.6866037767));
#4814=CARTESIAN_POINT('',(-2.4319538342,-5.8466962311,13.6907066845));
#4815=CARTESIAN_POINT('',(-2.4316235624,-5.8466809549,13.6927573476));
#4816=CARTESIAN_POINT('',(-2.430953398,-5.8466268283,13.6968567777));
#4817=CARTESIAN_POINT('',(-2.4306135053,-5.846587978,13.6989055448));
#4818=CARTESIAN_POINT('',(-2.4302688281,-5.8465373436,13.700953207));
#4819=CARTESIAN_POINT('',(-2.4129546226,-5.8555943441,13.6695711921));
#4820=CARTESIAN_POINT('',(-2.4131080836,-5.8554750458,13.6716260297));
#4821=CARTESIAN_POINT('',(-2.4132567447,-5.8553440992,13.6736805523));
#4822=CARTESIAN_POINT('',(-2.4135444446,-5.8550589293,13.6777886569));
#4823=CARTESIAN_POINT('',(-2.4136834834,-5.854904706,13.6798422389));
#4824=CARTESIAN_POINT('',(-2.4139519174,-5.8545730061,13.6839481516));
#4825=CARTESIAN_POINT('',(-2.4140813125,-5.8543955294,13.6860004825));
#4826=CARTESIAN_POINT('',(-2.4143304394,-5.8540173498,13.6901035825));
#4827=CARTESIAN_POINT('',(-2.4144501712,-5.8538166467,13.6921543518));
#4828=CARTESIAN_POINT('',(-2.414679953,-5.8533920447,13.6962540187));
#4829=CARTESIAN_POINT('',(-2.414790003,-5.8531681458,13.6983029163));
#4830=CARTESIAN_POINT('',(-2.4148952038,-5.8529326658,13.7003507232));
#4831=CARTESIAN_POINT('',(-2.4016569549,-5.8601883331,13.6713335808));
#4832=CARTESIAN_POINT('',(-2.4020401551,-5.8599753172,13.6733884392));
#4833=CARTESIAN_POINT('',(-2.4024183944,-5.8597502007,13.6754429706));
#4834=CARTESIAN_POINT('',(-2.4031648941,-5.8592758007,13.6795510571));
#4835=CARTESIAN_POINT('',(-2.4035331545,-5.8590265172,13.6816046121));
#4836=CARTESIAN_POINT('',(-2.404259641,-5.8585038215,13.6857104233));
#4837=CARTESIAN_POINT('',(-2.4046178671,-5.8582304093,13.6877626795));
#4838=CARTESIAN_POINT('',(-2.4053242311,-5.857659498,13.6918655709));
#4839=CARTESIAN_POINT('',(-2.4056723691,-5.8573619989,13.6939162061));
#4840=CARTESIAN_POINT('',(-2.4063585045,-5.8567429596,13.6980155337));
#4841=CARTESIAN_POINT('',(-2.406696502,-5.8564214193,13.7000642261));
#4842=CARTESIAN_POINT('',(-2.4070294039,-5.8560878832,13.7021117862));
#4843=CARTESIAN_POINT('',(-2.3773653663,-5.8698814089,13.679155423));
#4844=CARTESIAN_POINT('',(-2.3782428815,-5.8694698258,13.681210312));
#4845=CARTESIAN_POINT('',(-2.3791146841,-5.8690441452,13.6832648208));
#4846=CARTESIAN_POINT('',(-2.3808467087,-5.8681646653,13.6873727026));
#4847=CARTESIAN_POINT('',(-2.3817069309,-5.867710866,13.6894260757));
#4848=CARTESIAN_POINT('',(-2.3834156416,-5.8667752296,13.6935313113));
#4849=CARTESIAN_POINT('',(-2.3842641302,-5.8662933927,13.6955831738));
#4850=CARTESIAN_POINT('',(-2.385949223,-5.8653017673,13.6996850135));
#4851=CARTESIAN_POINT('',(-2.3867858271,-5.864791979,13.7017349908));
#4852=CARTESIAN_POINT('',(-2.3884470023,-5.8637445424,13.7058326859));
#4853=CARTESIAN_POINT('',(-2.3892715733,-5.863206894,13.7078804037));
#4854=CARTESIAN_POINT('',(-2.3900900543,-5.8626553639,13.7099268048));
#4855=CARTESIAN_POINT('',(-2.3644375945,-5.8749023848,13.6863231996));
#4856=CARTESIAN_POINT('',(-2.3655784442,-5.8743873129,13.6883780943));
#4857=CARTESIAN_POINT('',(-2.3667128801,-5.8738563168,13.6904325598));
#4858=CARTESIAN_POINT('',(-2.368968697,-5.872762583,13.6945402091));
#4859=CARTESIAN_POINT('',(-2.370090078,-5.8721998453,13.6965933928));
#4860=CARTESIAN_POINT('',(-2.3723195607,-5.8710427416,13.7006980556));
#4861=CARTESIAN_POINT('',(-2.3734276624,-5.8704483755,13.7027495346));
#4862=CARTESIAN_POINT('',(-2.3756303644,-5.8692281348,13.7068503649));
#4863=CARTESIAN_POINT('',(-2.3767249648,-5.86860226,13.7088997163));
#4864=CARTESIAN_POINT('',(-2.3789004452,-5.8673191279,13.7129958693));
#4865=CARTESIAN_POINT('',(-2.3799813252,-5.8666618704,13.7150426708));
#4866=CARTESIAN_POINT('',(-2.3810552368,-5.8659889878,13.7170879864));
#4867=CARTESIAN_POINT('',(-2.3318580336,-5.8873065692,13.7098391898));
#4868=CARTESIAN_POINT('',(-2.3336632528,-5.8865345648,13.7118940765));
#4869=CARTESIAN_POINT('',(-2.335459768,-5.8857406246,13.7139483732));
#4870=CARTESIAN_POINT('',(-2.3390349025,-5.8841090895,13.7180552048));
#4871=CARTESIAN_POINT('',(-2.3408135217,-5.8832714945,13.7201077397));
#4872=CARTESIAN_POINT('',(-2.3443523814,-5.8815528781,13.724210466));
#4873=CARTESIAN_POINT('',(-2.3461126218,-5.8806718568,13.7262606576));
#4874=CARTESIAN_POINT('',(-2.3496142459,-5.8788666282,13.7303581165));
#4875=CARTESIAN_POINT('',(-2.3513556295,-5.877942421,13.7324053839));
#4876=CARTESIAN_POINT('',(-2.3548190672,-5.8760510729,13.7364964146));
#4877=CARTESIAN_POINT('',(-2.3565411213,-5.8750839322,13.7385401778));
#4878=CARTESIAN_POINT('',(-2.3582532769,-5.8740954567,13.7405818995));
#4879=CARTESIAN_POINT('',(-2.3140114774,-5.893806164,13.7291785604));
#4880=CARTESIAN_POINT('',(-2.3161815161,-5.8928979954,13.7312334162));
#4881=CARTESIAN_POINT('',(-2.3183409782,-5.8919629287,13.7332875493));
#4882=CARTESIAN_POINT('',(-2.3226380216,-5.890039315,13.7373936579));
#4883=CARTESIAN_POINT('',(-2.3247756029,-5.889050768,13.7394456333));
#4884=CARTESIAN_POINT('',(-2.3290281646,-5.8870205278,13.7435467144));
#4885=CARTESIAN_POINT('',(-2.3311431449,-5.8859788345,13.7455958201));
#4886=CARTESIAN_POINT('',(-2.3353497918,-5.8838426535,13.7496904509));
#4887=CARTESIAN_POINT('',(-2.3374414584,-5.8827481657,13.751735976));
#4888=CARTESIAN_POINT('',(-2.3416007729,-5.8805067649,13.7558227358));
#4889=CARTESIAN_POINT('',(-2.3436684208,-5.8793598519,13.7578639704));
#4890=CARTESIAN_POINT('',(-2.345723711,-5.8781869197,13.7599027057));
#4891=CARTESIAN_POINT('',(-2.2456562053,-5.9180843448,13.8167762185));
#4892=CARTESIAN_POINT('',(-2.2492264581,-5.9166638619,13.8188308855));
#4893=CARTESIAN_POINT('',(-2.2527777527,-5.9151938771,13.8208842273));
#4894=CARTESIAN_POINT('',(-2.2598404038,-5.912155748,13.824986954));
#4895=CARTESIAN_POINT('',(-2.2633517603,-5.9105876036,13.8270363389));
#4896=CARTESIAN_POINT('',(-2.2703325359,-5.9073540539,13.8311298475));
#4897=CARTESIAN_POINT('',(-2.2738019549,-5.9056886486,13.8331739713));
#4898=CARTESIAN_POINT('',(-2.2806968794,-5.90226153,13.8372556562));
#4899=CARTESIAN_POINT('',(-2.284122385,-5.9004998168,13.8392932174));
#4900=CARTESIAN_POINT('',(-2.290927531,-5.8968810893,13.8433604795));
#4901=CARTESIAN_POINT('',(-2.2943071715,-5.895024075,13.8453901804));
#4902=CARTESIAN_POINT('',(-2.2976629164,-5.8931199404,13.8474153045));
#4903=CARTESIAN_POINT('',(-2.2101300255,-5.929151198,13.8963576883));
#4904=CARTESIAN_POINT('',(-2.2144355425,-5.9274875783,13.8984120759));
#4905=CARTESIAN_POINT('',(-2.2187147171,-5.9257536222,13.9004645859));
#4906=CARTESIAN_POINT('',(-2.2272166984,-5.9221465379,13.9045640002));
#4907=CARTESIAN_POINT('',(-2.231439505,-5.9202734098,13.9066109045));
#4908=CARTESIAN_POINT('',(-2.2398251135,-5.916389597,13.9106972616));
#4909=CARTESIAN_POINT('',(-2.2439879152,-5.9143789123,13.9127367144));
#4910=CARTESIAN_POINT('',(-2.2522499264,-5.9102217148,13.9168063288));
#4911=CARTESIAN_POINT('',(-2.2563491357,-5.9080752021,13.9188364904));
#4912=CARTESIAN_POINT('',(-2.2644804262,-5.9036481893,13.9228856904));
#4913=CARTESIAN_POINT('',(-2.2685125073,-5.9013676892,13.9249047288));
#4914=CARTESIAN_POINT('',(-2.2725092838,-5.8990211711,13.9269172942));
#4915=CARTESIAN_POINT('',(-2.1033089721,-5.9612773162,14.1613218256));
#4916=CARTESIAN_POINT('',(-2.109838345,-5.9588975894,14.1633751045));
#4917=CARTESIAN_POINT('',(-2.1163173859,-5.9563771534,14.1654246475));
#4918=CARTESIAN_POINT('',(-2.1291641533,-5.9510590368,14.169512585));
#4919=CARTESIAN_POINT('',(-2.1355318792,-5.9482613564,14.1715509795));
#4920=CARTESIAN_POINT('',(-2.1481455403,-5.9423933614,14.1756129607));
#4921=CARTESIAN_POINT('',(-2.154391475,-5.9393230472,14.1776365473));
#4922=CARTESIAN_POINT('',(-2.1667512687,-5.9329148247,14.1816652771));
#4923=CARTESIAN_POINT('',(-2.1728651272,-5.9295769167,14.1836704201));
#4924=CARTESIAN_POINT('',(-2.1849506902,-5.9226389688,14.1876586556));
#4925=CARTESIAN_POINT('',(-2.1909223942,-5.9190389292,14.1896417481));
#4926=CARTESIAN_POINT('',(-2.1968180931,-5.9153107615,14.1916120293));
#4927=CARTESIAN_POINT('',(-2.0519545367,-5.9736646855,14.3566923897));
#4928=CARTESIAN_POINT('',(-2.0595689287,-5.9709868314,14.3587446564));
#4929=CARTESIAN_POINT('',(-2.0671163135,-5.9681151801,14.3607917968));
#4930=CARTESIAN_POINT('',(-2.0820591245,-5.9619911483,14.3648707876));
#4931=CARTESIAN_POINT('',(-2.0894545494,-5.9587387683,14.3669026376));
#4932=CARTESIAN_POINT('',(-2.1040758427,-5.9518610163,14.3709460445));
#4933=CARTESIAN_POINT('',(-2.1113017097,-5.9482356448,14.372957601));
#4934=CARTESIAN_POINT('',(-2.1255666747,-5.9406205005,14.3769554643));
#4935=CARTESIAN_POINT('',(-2.1326057715,-5.9366307284,14.3789417706));
#4936=CARTESIAN_POINT('',(-2.1464804073,-5.9282962095,14.3828842346));
#4937=CARTESIAN_POINT('',(-2.153315945,-5.9239514633,14.3848403919));
#4938=CARTESIAN_POINT('',(-2.1600415391,-5.9194343507,14.3867790599));
#4939=CARTESIAN_POINT('',(-1.9581809758,-5.9948244924,14.7458209386));
#4940=CARTESIAN_POINT('',(-1.9677356512,-5.9916415363,14.7478717022));
#4941=CARTESIAN_POINT('',(-1.9771924727,-5.9881603488,14.7499146186));
#4942=CARTESIAN_POINT('',(-1.9958754317,-5.9806144168,14.7539770653));
#4943=CARTESIAN_POINT('',(-2.0051015649,-5.9765496739,14.7559965947));
#4944=CARTESIAN_POINT('',(-2.023289005,-5.967851671,14.7600046592));
#4945=CARTESIAN_POINT('',(-2.0322503079,-5.9632184129,14.7619931934));
#4946=CARTESIAN_POINT('',(-2.0498749113,-5.9534004959,14.7659317725));
#4947=CARTESIAN_POINT('',(-2.058538208,-5.9482158393,14.7678818166));
#4948=CARTESIAN_POINT('',(-2.0755347087,-5.9373142571,14.7717360611));
#4949=CARTESIAN_POINT('',(-2.083867909,-5.931597334,14.7736402607));
#4950=CARTESIAN_POINT('',(-2.0920206187,-5.9256248154,14.7755179451));
#4951=CARTESIAN_POINT('',(-1.917782069,-6.0026375875,14.9423936127));
#4952=CARTESIAN_POINT('',(-1.9281709808,-5.9992597071,14.9444436324));
#4953=CARTESIAN_POINT('',(-1.9384473369,-5.9955306172,14.9464844315));
#4954=CARTESIAN_POINT('',(-1.9587299863,-5.9873863649,14.950538562));
#4955=CARTESIAN_POINT('',(-1.9687362733,-5.9829712052,14.9525518919));
#4956=CARTESIAN_POINT('',(-1.9884349882,-5.9734741323,14.9565421734));
#4957=CARTESIAN_POINT('',(-1.9981274102,-5.9683922219,14.9585191237));
#4958=CARTESIAN_POINT('',(-2.0171559551,-5.9575838516,14.9624278926));
#4959=CARTESIAN_POINT('',(-2.0264920722,-5.951857395,14.96435971));
#4960=CARTESIAN_POINT('',(-2.0447671039,-5.9397849267,14.9681696554));
#4961=CARTESIAN_POINT('',(-2.0537060129,-5.9334389188,14.9700477821));
#4962=CARTESIAN_POINT('',(-2.0624267246,-5.926796973,14.9718949014));
#4963=CARTESIAN_POINT('',(-1.8068542896,-6.0219846256,15.5291024135));
#4964=CARTESIAN_POINT('',(-1.8195329348,-6.0181076743,15.5311502104));
#4965=CARTESIAN_POINT('',(-1.8320572249,-6.0137208163,15.5331846877));
#4966=CARTESIAN_POINT('',(-1.8567190709,-6.0039547289,15.5372140058));
#4967=CARTESIAN_POINT('',(-1.8688566114,-5.9985755056,15.539208844));
#4968=CARTESIAN_POINT('',(-1.8926692718,-5.9868582126,15.5431461244));
#4969=CARTESIAN_POINT('',(-1.9043443768,-5.9805201502,15.545088564));
#4970=CARTESIAN_POINT('',(-1.9271593047,-5.9669245756,15.5489086081));
#4971=CARTESIAN_POINT('',(-1.9382991133,-5.9596670719,15.5507862102));
#4972=CARTESIAN_POINT('',(-1.959973851,-5.9442776459,15.5544645374));
#4973=CARTESIAN_POINT('',(-1.9705087664,-5.9361457333,15.5562652602));
#4974=CARTESIAN_POINT('',(-1.9807082851,-5.9276018094,15.5580217591));
#4975=CARTESIAN_POINT('',(-1.7453740971,-6.0296594389,15.9222264616));
#4976=CARTESIAN_POINT('',(-1.7593204469,-6.0255582065,15.9242727659));
#4977=CARTESIAN_POINT('',(-1.7730871594,-6.0208399845,15.9263030039));
#4978=CARTESIAN_POINT('',(-1.8001568071,-6.0102055112,15.9303157091));
#4979=CARTESIAN_POINT('',(-1.8134597171,-6.00428927,15.9322981724));
#4980=CARTESIAN_POINT('',(-1.8395006776,-5.991303681,15.9362000394));
#4981=CARTESIAN_POINT('',(-1.8522387039,-5.9842343454,15.9381194392));
#4982=CARTESIAN_POINT('',(-1.8770530279,-5.9689961185,15.9418803623));
#4983=CARTESIAN_POINT('',(-1.8891293024,-5.9608272414,15.9437218819));
#4984=CARTESIAN_POINT('',(-1.9125281785,-5.9434517197,15.9473128104));
#4985=CARTESIAN_POINT('',(-1.923850758,-5.934245091,15.9490622157));
#4986=CARTESIAN_POINT('',(-1.9347533288,-5.9245543663,15.9507587936));
#4987=CARTESIAN_POINT('',(-1.6329589165,-6.0407261426,16.7079028231));
#4988=CARTESIAN_POINT('',(-1.6492296877,-6.0362638578,16.7099459793));
#4989=CARTESIAN_POINT('',(-1.6652743186,-6.0309689252,16.7119675622));
#4990=CARTESIAN_POINT('',(-1.6967470241,-6.0187680928,16.7159466888));
#4991=CARTESIAN_POINT('',(-1.7121750443,-6.0118622141,16.7179042255));
#4992=CARTESIAN_POINT('',(-1.7422564143,-5.9965102327,16.7217350036));
#4993=CARTESIAN_POINT('',(-1.756909712,-5.9880641564,16.7236082384));
#4994=CARTESIAN_POINT('',(-1.785291394,-5.9697181926,16.7272510144));
#4995=CARTESIAN_POINT('',(-1.7990197292,-5.9598183366,16.7290205493));
#4996=CARTESIAN_POINT('',(-1.8254106323,-5.9386660237,16.7324375824));
#4997=CARTESIAN_POINT('',(-1.8380731546,-5.9274136032,16.7340850745));
#4998=CARTESIAN_POINT('',(-1.8501377732,-5.9155423761,16.7356629978));
#4999=CARTESIAN_POINT('',(-1.5823915595,-6.0439200967,17.1014762037));
#5000=CARTESIAN_POINT('',(-1.5997112379,-6.0393250428,17.1035177019));
#5001=CARTESIAN_POINT('',(-1.6167835081,-6.0337884807,17.1055348597));
#5002=CARTESIAN_POINT('',(-1.6502355643,-6.0208965741,17.1094969808));
#5003=CARTESIAN_POINT('',(-1.6666152763,-6.0135412581,17.1114419352));
#5004=CARTESIAN_POINT('',(-1.69849237,-5.9970970507,17.1152369494));
#5005=CARTESIAN_POINT('',(-1.7139896812,-5.9880081956,17.1170870005));
#5006=CARTESIAN_POINT('',(-1.7439222704,-5.9682020772,17.1206706));
#5007=CARTESIAN_POINT('',(-1.7583574822,-5.9574848575,17.1224041403));
#5008=CARTESIAN_POINT('',(-1.7859983662,-5.9345459381,17.1257344521));
#5009=CARTESIAN_POINT('',(-1.7992039771,-5.922324289,17.1273312161));
#5010=CARTESIAN_POINT('',(-1.8117181212,-5.9094210391,17.1288502504));
#5011=CARTESIAN_POINT('',(-1.4406706571,-6.049428634,18.2830797904));
#5012=CARTESIAN_POINT('',(-1.4609482201,-6.0445162898,18.2851158518));
#5013=CARTESIAN_POINT('',(-1.4809194257,-6.0383324174,18.2871192097));
#5014=CARTESIAN_POINT('',(-1.5199418508,-6.0235172031,18.2910291552));
#5015=CARTESIAN_POINT('',(-1.5389929194,-6.0148859187,18.2929357274));
#5016=CARTESIAN_POINT('',(-1.5758814875,-5.9953087529,18.2966221775));
#5017=CARTESIAN_POINT('',(-1.5937188443,-5.984362947,18.2984020408));
#5018=CARTESIAN_POINT('',(-1.6279048207,-5.9603248228,18.3018070767));
#5019=CARTESIAN_POINT('',(-1.6442533077,-5.9472325968,18.3034322357));
#5020=CARTESIAN_POINT('',(-1.6752089309,-5.919102409,18.3065022209));
#5021=CARTESIAN_POINT('',(-1.6898159465,-5.904064555,18.3079470348));
#5022=CARTESIAN_POINT('',(-1.703439159,-5.8881690636,18.3092902346));
#5023=CARTESIAN_POINT('',(-1.3592767132,-6.0477299459,19.0726701782));
#5024=CARTESIAN_POINT('',(-1.3812789249,-6.0427127121,19.074702009));
#5025=CARTESIAN_POINT('',(-1.4029418804,-6.0361992399,19.0766954766));
#5026=CARTESIAN_POINT('',(-1.4451964422,-6.0202984629,19.0805690982));
#5027=CARTESIAN_POINT('',(-1.465787822,-6.0109112437,19.0824492308));
#5028=CARTESIAN_POINT('',(-1.5055251651,-5.9894332722,19.0860615842));
#5029=CARTESIAN_POINT('',(-1.524670915,-5.9773426346,19.0877937848));
#5030=CARTESIAN_POINT('',(-1.5611687858,-5.9506766654,19.0910783322));
#5031=CARTESIAN_POINT('',(-1.5785207099,-5.9361014756,19.0926306605));
#5032=CARTESIAN_POINT('',(-1.611114738,-5.90472993,19.0955267535));
#5033=CARTESIAN_POINT('',(-1.6263566653,-5.8879337407,19.0968705019));
#5034=CARTESIAN_POINT('',(-1.6404044046,-5.8701787622,19.0980974901));
#5035=CARTESIAN_POINT('',(-1.1357256456,-6.0347847463,21.4384604806));
#5036=CARTESIAN_POINT('',(-1.1625951799,-6.0295968649,21.4404757828));
#5037=CARTESIAN_POINT('',(-1.1890407224,-6.0222179625,21.4424352796));
#5038=CARTESIAN_POINT('',(-1.2403973079,-6.0032713946,21.4461903665));
#5039=CARTESIAN_POINT('',(-1.2653077904,-5.9917039368,21.4479859135));
#5040=CARTESIAN_POINT('',(-1.3129457843,-5.964680635,21.4513648972));
#5041=CARTESIAN_POINT('',(-1.3356727745,-5.9492250842,21.4529482948));
#5042=CARTESIAN_POINT('',(-1.3783508116,-5.9148253063,21.4558601963));
#5043=CARTESIAN_POINT('',(-1.3983013892,-5.8958814504,21.4571886661));
#5044=CARTESIAN_POINT('',(-1.4349040401,-5.8549941121,21.4595544501));
#5045=CARTESIAN_POINT('',(-1.4515557074,-5.83305107,21.4605917358));
#5046=CARTESIAN_POINT('',(-1.466338635,-5.8098913036,21.4614690429));
#5047=CARTESIAN_POINT('',(-1.0136064452,-6.0156915856,23.0168351467));
#5048=CARTESIAN_POINT('',(-1.0431896244,-6.0106093054,23.0188374926));
#5049=CARTESIAN_POINT('',(-1.0723147158,-6.0028636718,23.0207722572));
#5050=CARTESIAN_POINT('',(-1.1287253025,-5.98229339,23.0244441637));
#5051=CARTESIAN_POINT('',(-1.1560098811,-5.9694690775,23.0261812431));
#5052=CARTESIAN_POINT('',(-1.2078716673,-5.9391480884,23.029401365));
#5053=CARTESIAN_POINT('',(-1.2324480284,-5.9216518996,23.030884352));
#5054=CARTESIAN_POINT('',(-1.2781097187,-5.8825400245,23.0335478341));
#5055=CARTESIAN_POINT('',(-1.2991942962,-5.860924964,23.0347282825));
#5056=CARTESIAN_POINT('',(-1.3371969365,-5.814257669,23.0367477332));
#5057=CARTESIAN_POINT('',(-1.3541143644,-5.7892061805,23.0375866988));
#5058=CARTESIAN_POINT('',(-1.3686753248,-5.7628316704,23.0382408421));
#5059=CARTESIAN_POINT('',(-0.8271119264,-5.976114634,25.6945713131));
#5060=CARTESIAN_POINT('',(-0.8609826738,-5.9713541192,25.6965451127));
#5061=CARTESIAN_POINT('',(-0.8943651814,-5.9631043017,25.6984307773));
#5062=CARTESIAN_POINT('',(-0.9587625393,-5.9399707568,25.7019467812));
#5063=CARTESIAN_POINT('',(-0.9897755213,-5.9250877012,25.7035770173));
#5064=CARTESIAN_POINT('',(-1.0481372909,-5.8893089958,25.7065135061));
#5065=CARTESIAN_POINT('',(-1.0754843838,-5.868414382,25.7078196722));
#5066=CARTESIAN_POINT('',(-1.1253701576,-5.8214841944,25.7100528551));
#5067=CARTESIAN_POINT('',(-1.1479073871,-5.7954499781,25.7109798055));
#5068=CARTESIAN_POINT('',(-1.1872289996,-5.7393264542,25.7124151883));
#5069=CARTESIAN_POINT('',(-1.2040122342,-5.7092387697,25.7129235776));
#5070=CARTESIAN_POINT('',(-1.2175663314,-5.6777511197,25.7132117489));
#5071=CARTESIAN_POINT('',(-0.7570858016,-5.9575668319,26.7938422733));
#5072=CARTESIAN_POINT('',(-0.7926057135,-5.9529855993,26.7958026709));
#5073=CARTESIAN_POINT('',(-0.8276332732,-5.9445702574,26.7976663658));
#5074=CARTESIAN_POINT('',(-0.8951021167,-5.9204571053,26.8011146943));
#5075=CARTESIAN_POINT('',(-0.9275410427,-5.9047601384,26.8026992059));
#5076=CARTESIAN_POINT('',(-0.9883442606,-5.8668027636,26.8055159882));
#5077=CARTESIAN_POINT('',(-1.0167064252,-5.8445436787,26.8067481586));
#5078=CARTESIAN_POINT('',(-1.0680536241,-5.7944810534,26.8088031846));
#5079=CARTESIAN_POINT('',(-1.0910368574,-5.7666792563,26.8096259664));
#5080=CARTESIAN_POINT('',(-1.1305688496,-5.706803906,26.8108238715));
#5081=CARTESIAN_POINT('',(-1.1471162149,-5.6747324381,26.8111989508));
#5082=CARTESIAN_POINT('',(-1.1600643595,-5.6412594246,26.8113412815));
#5083=CARTESIAN_POINT('',(-0.6918140633,-5.937499546,27.8933039592));
#5084=CARTESIAN_POINT('',(-0.7289098777,-5.9331283363,27.8952488627));
#5085=CARTESIAN_POINT('',(-0.7655165234,-5.9245724438,27.8970883547));
#5086=CARTESIAN_POINT('',(-0.8359216569,-5.8995189681,27.9004645668));
#5087=CARTESIAN_POINT('',(-0.8697171754,-5.8830224415,27.9020011445));
#5088=CARTESIAN_POINT('',(-0.9328048129,-5.8429144066,27.904694436));
#5089=CARTESIAN_POINT('',(-0.9620942711,-5.8193045898,27.9058510362));
#5090=CARTESIAN_POINT('',(-1.0147004031,-5.7661535182,27.9077263314));
#5091=CARTESIAN_POINT('',(-1.0380148583,-5.7366145049,27.9084449475));
#5092=CARTESIAN_POINT('',(-1.0775011503,-5.6730860611,27.9094081956));
#5093=CARTESIAN_POINT('',(-1.0936713219,-5.6390993099,27.909652787));
#5094=CARTESIAN_POINT('',(-1.1058643778,-5.6037394604,27.9096542328));
#5095=B_SPLINE_SURFACE_WITH_KNOTS('',3,3,((#4519,#4520,#4521,#4522,#4523,#4524,#4525,#4526,#4527,#4528,#4529,#4530),
    (#4531,#4532,#4533,#4534,#4535,#4536,#4537,#4538,#4539,#4540,#4541,#4542),
    (#4543,#4544,#4545,#4546,#4547,#4548,#4549,#4550,#4551,#4552,#4553,#4554),
    (#4555,#4556,#4557,#4558,#4559,#4560,#4561,#4562,#4563,#4564,#4565,#4566),
    (#4567,#4568,#4569,#4570,#4571,#4572,#4573,#4574,#4575,#4576,#4577,#4578),
    (#4579,#4580,#4581,#4582,#4583,#4584,#4585,#4586,#4587,#4588,#4589,#4590),
    (#4591,#4592,#4593,#4594,#4595,#4596,#4597,#4598,#4599,#4600,#4601,#4602),
    (#4603,#4604,#4605,#4606,#4607,#4608,#4609,#4610,#4611,#4612,#4613,#4614),
    (#4615,#4616,#4617,#4618,#4619,#4620,#4621,#4622,#4623,#4624,#4625,#4626),
    (#4627,#4628,#4629,#4630,#4631,#4632,#4633,#4634,#4635,#4636,#4637,#4638),
    (#4639,#4640,#4641,#4642,#4643,#4644,#4645,#4646,#4647,#4648,#4649,#4650),
    (#4651,#4652,#4653,#4654,#4655,#4656,#4657,#4658,#4659,#4660,#4661,#4662),
    (#4663,#4664,#4665,#4666,#4667,#4668,#4669,#4670,#4671,#4672,#4673,#4674),
    (#4675,#4676,#4677,#4678,#4679,#4680,#4681,#4682,#4683,#4684,#4685,#4686),
    (#4687,#4688,#4689,#4690,#4691,#4692,#4693,#4694,#4695,#4696,#4697,#4698),
    (#4699,#4700,#4701,#4702,#4703,#4704,#4705,#4706,#4707,#4708,#4709,#4710),
    (#4711,#4712,#4713,#4714,#4715,#4716,#4717,#4718,#4719,#4720,#4721,#4722),
    (#4723,#4724,#4725,#4726,#4727,#4728,#4729,#4730,#4731,#4732,#4733,#4734),
    (#4735,#4736,#4737,#4738,#4739,#4740,#4741,#4742,#4743,#4744,#4745,#4746),
    (#4747,#4748,#4749,#4750,#4751,#4752,#4753,#4754,#4755,#4756,#4757,#4758),
    (#4759,#4760,#4761,#4762,#4763,#4764,#4765,#4766,#4767,#4768,#4769,#4770),
    (#4771,#4772,#4773,#4774,#4775,#4776,#4777,#4778,#4779,#4780,#4781,#4782),
    (#4783,#4784,#4785,#4786,#4787,#4788,#4789,#4790,#4791,#4792,#4793,#4794),
    (#4795,#4796,#4797,#4798,#4799,#4800,#4801,#4802,#4803,#4804,#4805,#4806),
    (#4807,#4808,#4809,#4810,#4811,#4812,#4813,#4814,#4815,#4816,#4817,#4818),
    (#4819,#4820,#4821,#4822,#4823,#4824,#4825,#4826,#4827,#4828,#4829,#4830),
    (#4831,#4832,#4833,#4834,#4835,#4836,#4837,#4838,#4839,#4840,#4841,#4842),
    (#4843,#4844,#4845,#4846,#4847,#4848,#4849,#4850,#4851,#4852,#4853,#4854),
    (#4855,#4856,#4857,#4858,#4859,#4860,#4861,#4862,#4863,#4864,#4865,#4866),
    (#4867,#4868,#4869,#4870,#4871,#4872,#4873,#4874,#4875,#4876,#4877,#4878),
    (#4879,#4880,#4881,#4882,#4883,#4884,#4885,#4886,#4887,#4888,#4889,#4890),
    (#4891,#4892,#4893,#4894,#4895,#4896,#4897,#4898,#4899,#4900,#4901,#4902),
    (#4903,#4904,#4905,#4906,#4907,#4908,#4909,#4910,#4911,#4912,#4913,#4914),
    (#4915,#4916,#4917,#4918,#4919,#4920,#4921,#4922,#4923,#4924,#4925,#4926),
    (#4927,#4928,#4929,#4930,#4931,#4932,#4933,#4934,#4935,#4936,#4937,#4938),
    (#4939,#4940,#4941,#4942,#4943,#4944,#4945,#4946,#4947,#4948,#4949,#4950),
    (#4951,#4952,#4953,#4954,#4955,#4956,#4957,#4958,#4959,#4960,#4961,#4962),
    (#4963,#4964,#4965,#4966,#4967,#4968,#4969,#4970,#4971,#4972,#4973,#4974),
    (#4975,#4976,#4977,#4978,#4979,#4980,#4981,#4982,#4983,#4984,#4985,#4986),
    (#4987,#4988,#4989,#4990,#4991,#4992,#4993,#4994,#4995,#4996,#4997,#4998),
    (#4999,#5000,#5001,#5002,#5003,#5004,#5005,#5006,#5007,#5008,#5009,#5010),
    (#5011,#5012,#5013,#5014,#5015,#5016,#5017,#5018,#5019,#5020,#5021,#5022),
    (#5023,#5024,#5025,#5026,#5027,#5028,#5029,#5030,#5031,#5032,#5033,#5034),
    (#5035,#5036,#5037,#5038,#5039,#5040,#5041,#5042,#5043,#5044,#5045,#5046),
    (#5047,#5048,#5049,#5050,#5051,#5052,#5053,#5054,#5055,#5056,#5057,#5058),
    (#5059,#5060,#5061,#5062,#5063,#5064,#5065,#5066,#5067,#5068,#5069,#5070),
    (#5071,#5072,#5073,#5074,#5075,#5076,#5077,#5078,#5079,#5080,#5081,#5082),
    (#5083,#5084,#5085,#5086,#5087,#5088,#5089,#5090,#5091,#5092,#5093,#5094)),.UNSPECIFIED.,.F.,.F.,.U.,
 (4,2,2,2,2,2,2,2,2,2,2,2,2,2,2,2,2,2,2,2,
    2,2,2,4),(4,2,2,2,2,4),
  (0.0,0.0035539662,0.1389516732,0.2743527194,0.3729042585,0.4293110671,0.4613650261,0.4794187656,0.4894891403,0.4950746086,
    0.4973565475,0.498838323,0.4999856075,0.5011357635,0.5026222167,0.5052789179,0.514090971,0.5348631638,0.5556353567,0.5968875068,
    0.638139657,0.7206439574,0.8853567968,1.0),(0.0,0.2,0.4,0.6,0.8,1.0),.UNSPECIFIED.);
#5096=ADVANCED_FACE('n° 1073',(#4518),#5095,.T.);
#5097=ORIENTED_EDGE('',*,*,#4466,.T.);
#5098=ORIENTED_EDGE('',*,*,#1390,.F.);
#5099=CARTESIAN_POINT('',(-0.6339655811,-5.4410145002,27.8808078637));
#5100=DIRECTION('',(0.3080630268,-0.9294039975,-0.2032372526));
#5101=DIRECTION('',(0.94921456,0.3146294951,0.0));
#5102=AXIS2_PLACEMENT_3D('',#5099,#5100,#5101);
#5103=CIRCLE('',#5102,0.5);
#5104=EDGE_CURVE('n° 1178',#730,#1372,#5103,.T.);
#5105=ORIENTED_EDGE('',*,*,#5104,.F.);
#5106=ORIENTED_EDGE('',*,*,#746,.F.);
#5107=EDGE_LOOP('',(#5097,#5098,#5105,#5106));
#5108=FACE_OUTER_BOUND('',#5107,.T.);
#5109=CARTESIAN_POINT('',(-0.6468825636,-5.5518746158,28.3681918871));
#5110=CARTESIAN_POINT('',(-0.6918154213,-5.5658144267,28.3638303037));
#5111=CARTESIAN_POINT('',(-0.7365693039,-5.5782580382,28.3528978873));
#5112=CARTESIAN_POINT('',(-0.8221654017,-5.5991647677,28.3187594857));
#5113=CARTESIAN_POINT('',(-0.8629984386,-5.607625644,28.295557161));
#5114=CARTESIAN_POINT('',(-0.9374921091,-5.619890577,28.2387286626));
#5115=CARTESIAN_POINT('',(-0.9711447551,-5.6236933186,28.2051085825));
#5116=CARTESIAN_POINT('',(-1.0285894532,-5.6263373923,28.1301263894));
#5117=CARTESIAN_POINT('',(-1.0523753459,-5.6251784409,28.0887723165));
#5118=CARTESIAN_POINT('',(-1.0881854809,-5.617990589,28.0016219707));
#5119=CARTESIAN_POINT('',(-1.1002058834,-5.6119624593,27.9558350426));
#5120=CARTESIAN_POINT('',(-1.1058643762,-5.6037394599,27.909654233));
#5121=CARTESIAN_POINT('',(-0.6991917964,-5.3940614223,28.402701659));
#5122=CARTESIAN_POINT('',(-0.7422921413,-5.4112729911,28.3976444497));
#5123=CARTESIAN_POINT('',(-0.7852052075,-5.4270760099,28.3862068593));
#5124=CARTESIAN_POINT('',(-0.8673552509,-5.4546395732,28.35145323));
#5125=CARTESIAN_POINT('',(-0.9065839727,-5.4663972973,28.3281406969));
#5126=CARTESIAN_POINT('',(-0.9783305552,-5.4849510413,28.2714403819));
#5127=CARTESIAN_POINT('',(-1.0108412042,-5.491745151,28.2380583123));
#5128=CARTESIAN_POINT('',(-1.0666354015,-5.4998373623,28.1638014387));
#5129=CARTESIAN_POINT('',(-1.0899133384,-5.5011346133,28.1229341122));
#5130=CARTESIAN_POINT('',(-1.1254388305,-5.4981256513,28.0368688217));
#5131=CARTESIAN_POINT('',(-1.1376828078,-5.4938197145,27.9916795229));
#5132=CARTESIAN_POINT('',(-1.1439361321,-5.4868761403,27.9460734858));
#5133=CARTESIAN_POINT('',(-0.7717825423,-5.2399475333,28.4340216094));
#5134=CARTESIAN_POINT('',(-0.8126746542,-5.2603050301,28.4283474215));
#5135=CARTESIAN_POINT('',(-0.8533665364,-5.2793320695,28.4164645969));
#5136=CARTESIAN_POINT('',(-0.9313061272,-5.3132948412,28.3811724155));
#5137=CARTESIAN_POINT('',(-0.9685464326,-5.3282273128,28.3577664225));
#5138=CARTESIAN_POINT('',(-1.0367825131,-5.3528708198,28.3011880196));
#5139=CARTESIAN_POINT('',(-1.0677718065,-5.3625794834,28.2680209987));
#5140=CARTESIAN_POINT('',(-1.1211748058,-5.3760387125,28.1944154205));
#5141=CARTESIAN_POINT('',(-1.1435834382,-5.3797879742,28.1539838722));
#5142=CARTESIAN_POINT('',(-1.1781385099,-5.3810409685,28.0688911981));
#5143=CARTESIAN_POINT('',(-1.1902816648,-5.3785445641,28.0242381743));
#5144=CARTESIAN_POINT('',(-1.1968360188,-5.3730172522,27.9791504678));
#5145=CARTESIAN_POINT('',(-0.9865583563,-4.9010558783,28.4969885121));
#5146=CARTESIAN_POINT('',(-1.0215759131,-4.9282375209,28.4901008774));
#5147=CARTESIAN_POINT('',(-1.0563535138,-4.9542463179,28.4773450033));
#5148=CARTESIAN_POINT('',(-1.1229789099,-5.0020697503,28.4409997043));
#5149=CARTESIAN_POINT('',(-1.1548211041,-5.0238802864,28.4174133609));
#5150=CARTESIAN_POINT('',(-1.2133213513,-5.0617474407,28.3610808033));
#5151=CARTESIAN_POINT('',(-1.2399744854,-5.077800805,28.3283393584));
#5152=CARTESIAN_POINT('',(-1.2862089255,-5.1030032723,28.2560199394));
#5153=CARTESIAN_POINT('',(-1.3057863422,-5.1121501991,28.2164480845));
#5154=CARTESIAN_POINT('',(-1.3364817346,-5.122881155,28.1332760913));
#5155=CARTESIAN_POINT('',(-1.3475971249,-5.1244642415,28.089682989));
#5156=CARTESIAN_POINT('',(-1.3540880838,-5.1222060704,28.0456227676));
#5157=CARTESIAN_POINT('',(-1.149596977,-4.7218648404,28.5250131401));
#5158=CARTESIAN_POINT('',(-1.1805804587,-4.7526095799,28.5176027799));
#5159=CARTESIAN_POINT('',(-1.2112930976,-4.7822529667,28.5044733765));
#5160=CARTESIAN_POINT('',(-1.270067127,-4.837293034,28.4676805976));
#5161=CARTESIAN_POINT('',(-1.298123816,-4.8626852767,28.4440201796));
#5162=CARTESIAN_POINT('',(-1.3496495481,-4.9074629162,28.3878002014));
#5163=CARTESIAN_POINT('',(-1.3731144703,-4.9268447005,28.3552451591));
#5164=CARTESIAN_POINT('',(-1.4138369333,-4.9582569707,28.2834860544));
#5165=CARTESIAN_POINT('',(-1.4310912177,-4.9702849198,28.2442877577));
#5166=CARTESIAN_POINT('',(-1.4582010582,-4.9861539098,28.161951988));
#5167=CARTESIAN_POINT('',(-1.4680544471,-4.9899936653,28.1188211301));
#5168=CARTESIAN_POINT('',(-1.4738680768,-4.9896055552,28.0752117927));
#5169=CARTESIAN_POINT('',(-1.4541264182,-4.4874878973,28.5521072968));
#5170=CARTESIAN_POINT('',(-1.4779720552,-4.5230101092,28.5441952399));
#5171=CARTESIAN_POINT('',(-1.5014858903,-4.5575123233,28.5307077114));
#5172=CARTESIAN_POINT('',(-1.5462747946,-4.6221614091,28.4934864129));
#5173=CARTESIAN_POINT('',(-1.5675464572,-4.6523033455,28.4697554814));
#5174=CARTESIAN_POINT('',(-1.6064193136,-4.7061991303,28.4136447031));
#5175=CARTESIAN_POINT('',(-1.624017551,-4.7299488636,28.3812691346));
#5176=CARTESIAN_POINT('',(-1.6543588876,-4.7694579629,28.3100490171));
#5177=CARTESIAN_POINT('',(-1.6670996796,-4.7852143113,28.2712098983));
#5178=CARTESIAN_POINT('',(-1.6868681835,-4.8076728412,28.1896783801));
#5179=CARTESIAN_POINT('',(-1.6938943927,-4.8143733062,28.146992197));
#5180=CARTESIAN_POINT('',(-1.6978273102,-4.8163198925,28.1038170096));
#5181=CARTESIAN_POINT('',(-1.5831453553,-4.4093625059,28.5582711922));
#5182=CARTESIAN_POINT('',(-1.6039388625,-4.4465728981,28.5502424421));
#5183=CARTESIAN_POINT('',(-1.6243740614,-4.4827870366,28.5366720685));
#5184=CARTESIAN_POINT('',(-1.6631660814,-4.5508088991,28.4993525789));
#5185=CARTESIAN_POINT('',(-1.6815199826,-4.5826115003,28.4756062733));
#5186=CARTESIAN_POINT('',(-1.7149205163,-4.6396801818,28.4195232977));
#5187=CARTESIAN_POINT('',(-1.7299646348,-4.6649419641,28.3871908511));
#5188=CARTESIAN_POINT('',(-1.755738096,-4.7072365291,28.3160990862));
#5189=CARTESIAN_POINT('',(-1.7664654989,-4.7242661263,28.2773451215));
#5190=CARTESIAN_POINT('',(-1.7828868404,-4.7489547868,28.1960040846));
#5191=CARTESIAN_POINT('',(-1.7885795433,-4.7566119905,28.1534231377));
#5192=CARTESIAN_POINT('',(-1.7915646299,-4.7593268477,28.1103508302));
#5193=CARTESIAN_POINT('',(-1.9166644633,-4.2568786635,28.5619193253));
#5194=CARTESIAN_POINT('',(-1.9299029522,-4.2974582551,28.5538229457));
#5195=CARTESIAN_POINT('',(-1.9427100907,-4.3370792447,28.5402043704));
#5196=CARTESIAN_POINT('',(-1.9666117513,-4.4117723822,28.5028272833));
#5197=CARTESIAN_POINT('',(-1.9777044894,-4.4468389449,28.4790715658));
#5198=CARTESIAN_POINT('',(-1.9974376932,-4.5100829058,28.4230034724));
#5199=CARTESIAN_POINT('',(-2.0060766863,-4.5382555748,28.3906952881));
#5200=CARTESIAN_POINT('',(-2.0203262552,-4.5858310118,28.3196763263));
#5201=CARTESIAN_POINT('',(-2.0259357679,-4.605230222,28.280970858));
#5202=CARTESIAN_POINT('',(-2.033752138,-4.6339630656,28.1997384895));
#5203=CARTESIAN_POINT('',(-2.0359584127,-4.6432945501,28.1572176622));
#5204=CARTESIAN_POINT('',(-2.0363896619,-4.6472811605,28.1142041573));
#5205=CARTESIAN_POINT('',(-2.1326676755,-4.1981259315,28.5542375438));
#5206=CARTESIAN_POINT('',(-2.1413583535,-4.2401043052,28.546275024));
#5207=CARTESIAN_POINT('',(-2.1495669146,-4.2811300684,28.5327514256));
#5208=CARTESIAN_POINT('',(-2.1644652699,-4.3585329633,28.4954869618));
#5209=CARTESIAN_POINT('',(-2.1711539094,-4.3949042293,28.4717489231));
#5210=CARTESIAN_POINT('',(-2.1825574885,-4.4605542026,28.4156492008));
#5211=CARTESIAN_POINT('',(-2.1872715404,-4.4898279345,28.3832917713));
#5212=CARTESIAN_POINT('',(-2.1944042212,-4.5393152295,28.3121261505));
#5213=CARTESIAN_POINT('',(-2.1968222898,-4.5595250418,28.273323355));
#5214=CARTESIAN_POINT('',(-2.1991964251,-4.5895253353,28.1918731963));
#5215=CARTESIAN_POINT('',(-2.1991522972,-4.599313542,28.1492320082));
#5216=CARTESIAN_POINT('',(-2.1978771759,-4.6035623671,28.1061007644));
#5217=CARTESIAN_POINT('',(-2.5647194106,-4.153147551,28.520591169));
#5218=CARTESIAN_POINT('',(-2.5637566176,-4.1968455634,28.5132590002));
#5219=CARTESIAN_POINT('',(-2.5621951379,-4.239569033,28.5001856081));
#5220=CARTESIAN_POINT('',(-2.5579772974,-4.3201148483,28.4634602417));
#5221=CARTESIAN_POINT('',(-2.5553212534,-4.3579306731,28.439811243));
#5222=CARTESIAN_POINT('',(-2.5490933016,-4.4260351872,28.383575248));
#5223=CARTESIAN_POINT('',(-2.5455218754,-4.4563183627,28.350992807));
#5224=CARTESIAN_POINT('',(-2.5377063649,-4.5072539837,28.2791509627));
#5225=CARTESIAN_POINT('',(-2.5334628944,-4.5279023051,28.2398973784));
#5226=CARTESIAN_POINT('',(-2.5245941194,-4.558133032,28.1574377839));
#5227=CARTESIAN_POINT('',(-2.5199695189,-4.5677129889,28.1142384523));
#5228=CARTESIAN_POINT('',(-2.5153132539,-4.5714264053,28.070562368));
#5229=CARTESIAN_POINT('',(-2.7864988255,-4.1677935798,28.4939352689));
#5230=CARTESIAN_POINT('',(-2.7804138396,-4.2117367507,28.4871193816));
#5231=CARTESIAN_POINT('',(-2.7736621148,-4.2546761441,28.4744149779));
#5232=CARTESIAN_POINT('',(-2.7592934655,-4.3355005045,28.4381313691));
#5233=CARTESIAN_POINT('',(-2.7516777143,-4.3733785717,28.4145552622));
#5234=CARTESIAN_POINT('',(-2.7361134369,-4.4413783005,28.3582070668));
#5235=CARTESIAN_POINT('',(-2.7281661907,-4.4714941543,28.3254397841));
#5236=CARTESIAN_POINT('',(-2.7124963925,-4.5218198492,28.2530427554));
#5237=CARTESIAN_POINT('',(-2.7047751379,-4.5420253878,28.2134191811));
#5238=CARTESIAN_POINT('',(-2.6901008218,-4.5710863998,28.1301316738));
#5239=CARTESIAN_POINT('',(-2.6831489843,-4.5799393825,28.0864748397));
#5240=CARTESIAN_POINT('',(-2.6768269199,-4.5827995741,28.042352742));
#5241=CARTESIAN_POINT('',(-3.1599574868,-4.2518837919,28.4337928276));
#5242=CARTESIAN_POINT('',(-3.1454697565,-4.2951924735,28.4281137852));
#5243=CARTESIAN_POINT('',(-3.1301828529,-4.337418775,28.4162274414));
#5244=CARTESIAN_POINT('',(-3.0991490831,-4.4165437029,28.3809309523));
#5245=CARTESIAN_POINT('',(-3.08340514,-4.4534347921,28.3575241698));
#5246=CARTESIAN_POINT('',(-3.052636058,-4.5191106583,28.3009466168));
#5247=CARTESIAN_POINT('',(-3.0376138198,-4.5478891774,28.267781233));
#5248=CARTESIAN_POINT('',(-3.0094136187,-4.5951711191,28.1941807416));
#5249=CARTESIAN_POINT('',(-2.996238317,-4.6136700338,28.1537526395));
#5250=CARTESIAN_POINT('',(-2.9727198904,-4.6389970532,28.0686678184));
#5251=CARTESIAN_POINT('',(-2.9623789879,-4.6458227392,28.0240191974));
#5252=CARTESIAN_POINT('',(-2.9538423328,-4.6465542416,27.9789358824));
#5253=CARTESIAN_POINT('',(-3.3198376222,-4.3087544728,28.4026613838));
#5254=CARTESIAN_POINT('',(-3.3016993639,-4.3514466011,28.3975721839));
#5255=CARTESIAN_POINT('',(-3.2826987747,-4.3930118935,28.3861116937));
#5256=CARTESIAN_POINT('',(-3.2444252625,-4.4706884875,28.3513310672));
#5257=CARTESIAN_POINT('',(-3.2251561352,-4.5067919691,28.3280144295));
#5258=CARTESIAN_POINT('',(-3.1878266712,-4.5707488457,28.2713225165));
#5259=CARTESIAN_POINT('',(-3.1697700406,-4.5985957975,28.2379529362));
#5260=CARTESIAN_POINT('',(-3.1362546289,-4.6438811612,28.1637330161));
#5261=CARTESIAN_POINT('',(-3.1207991802,-4.6613150047,28.1228901283));
#5262=CARTESIAN_POINT('',(-3.0936764489,-4.6844203445,28.0368792663));
#5263=CARTESIAN_POINT('',(-3.0820118696,-4.6900895003,27.9917199262));
#5264=CARTESIAN_POINT('',(-3.0726914103,-4.6896553339,27.9461429508));
#5265=CARTESIAN_POINT('',(-3.4683409738,-4.3831928658,28.368191887));
#5266=CARTESIAN_POINT('',(-3.4464559599,-4.4248307008,28.36382442));
#5267=CARTESIAN_POINT('',(-3.4236397647,-4.4652843084,28.3528877961));
#5268=CARTESIAN_POINT('',(-3.3779562963,-4.5406116219,28.3187444482));
#5269=CARTESIAN_POINT('',(-3.355093919,-4.5754772548,28.2955413835));
#5270=CARTESIAN_POINT('',(-3.3111428291,-4.636844633,28.2387144688));
#5271=CARTESIAN_POINT('',(-3.2900588267,-4.6633398015,28.2050967091));
#5272=CARTESIAN_POINT('',(-3.25134768,-4.7058497537,28.1301213617));
#5273=CARTESIAN_POINT('',(-3.2337246844,-4.7218599818,28.0887718091));
#5274=CARTESIAN_POINT('',(-3.2033428663,-4.7421199549,28.0016315184));
#5275=CARTESIAN_POINT('',(-3.1905872999,-4.7463675288,27.9558501192));
#5276=CARTESIAN_POINT('',(-3.1807733823,-4.7445640911,27.9096746653));
#5277=B_SPLINE_SURFACE_WITH_KNOTS('',3,3,((#5109,#5110,#5111,#5112,#5113,#5114,#5115,#5116,#5117,#5118,#5119,#5120),
    (#5121,#5122,#5123,#5124,#5125,#5126,#5127,#5128,#5129,#5130,#5131,#5132),
    (#5133,#5134,#5135,#5136,#5137,#5138,#5139,#5140,#5141,#5142,#5143,#5144),
    (#5145,#5146,#5147,#5148,#5149,#5150,#5151,#5152,#5153,#5154,#5155,#5156),
    (#5157,#5158,#5159,#5160,#5161,#5162,#5163,#5164,#5165,#5166,#5167,#5168),
    (#5169,#5170,#5171,#5172,#5173,#5174,#5175,#5176,#5177,#5178,#5179,#5180),
    (#5181,#5182,#5183,#5184,#5185,#5186,#5187,#5188,#5189,#5190,#5191,#5192),
    (#5193,#5194,#5195,#5196,#5197,#5198,#5199,#5200,#5201,#5202,#5203,#5204),
    (#5205,#5206,#5207,#5208,#5209,#5210,#5211,#5212,#5213,#5214,#5215,#5216),
    (#5217,#5218,#5219,#5220,#5221,#5222,#5223,#5224,#5225,#5226,#5227,#5228),
    (#5229,#5230,#5231,#5232,#5233,#5234,#5235,#5236,#5237,#5238,#5239,#5240),
    (#5241,#5242,#5243,#5244,#5245,#5246,#5247,#5248,#5249,#5250,#5251,#5252),
    (#5253,#5254,#5255,#5256,#5257,#5258,#5259,#5260,#5261,#5262,#5263,#5264),
    (#5265,#5266,#5267,#5268,#5269,#5270,#5271,#5272,#5273,#5274,#5275,#5276)),.UNSPECIFIED.,.F.,.F.,.U.,
 (4,2,2,2,2,2,4),(4,2,2,2,2,4),(0.0,0.1463322919,0.3499981592,0.4783226063,0.6660526325,0.8537939303,1.0),(0.0,0.2,0.4,0.6,0.8,1.0),.UNSPECIFIED.);
#5278=ADVANCED_FACE('n° 1075',(#5108),#5277,.T.);
#5279=ORIENTED_EDGE('',*,*,#4497,.T.);
#5280=ORIENTED_EDGE('',*,*,#634,.F.);
#5281=CARTESIAN_POINT('',(3.3990849637,4.2956690468,27.8808078637));
#5282=DIRECTION('',(0.8753308913,0.4387660217,-0.2031753157));
#5283=DIRECTION('',(-0.4481125859,0.8939771308,0.0));
#5284=AXIS2_PLACEMENT_3D('',#5281,#5282,#5283);
#5285=CIRCLE('',#5284,0.5);
#5286=EDGE_CURVE('n° 1179',#798,#609,#5285,.T.);
#5287=ORIENTED_EDGE('',*,*,#5286,.F.);
#5288=ORIENTED_EDGE('',*,*,#814,.F.);
#5289=EDGE_LOOP('',(#5279,#5280,#5287,#5288));
#5290=FACE_OUTER_BOUND('',#5289,.T.);
#5291=CARTESIAN_POINT('',(0.6468825636,5.5518746158,28.3681918871));
#5292=CARTESIAN_POINT('',(0.6918154213,5.5658144267,28.3638303037));
#5293=CARTESIAN_POINT('',(0.7365693039,5.5782580382,28.3528978873));
#5294=CARTESIAN_POINT('',(0.8221654017,5.5991647677,28.3187594857));
#5295=CARTESIAN_POINT('',(0.8629984386,5.607625644,28.295557161));
#5296=CARTESIAN_POINT('',(0.9374921091,5.619890577,28.2387286626));
#5297=CARTESIAN_POINT('',(0.9711447551,5.6236933186,28.2051085825));
#5298=CARTESIAN_POINT('',(1.0285894532,5.6263373923,28.1301263894));
#5299=CARTESIAN_POINT('',(1.0523753459,5.6251784409,28.0887723165));
#5300=CARTESIAN_POINT('',(1.0881854809,5.617990589,28.0016219707));
#5301=CARTESIAN_POINT('',(1.1002058834,5.6119624593,27.9558350426));
#5302=CARTESIAN_POINT('',(1.1058643762,5.6037394599,27.909654233));
#5303=CARTESIAN_POINT('',(0.6991917964,5.3940614223,28.402701659));
#5304=CARTESIAN_POINT('',(0.7422921413,5.4112729911,28.3976444497));
#5305=CARTESIAN_POINT('',(0.7852052075,5.4270760099,28.3862068593));
#5306=CARTESIAN_POINT('',(0.8673552509,5.4546395732,28.35145323));
#5307=CARTESIAN_POINT('',(0.9065839727,5.4663972973,28.3281406969));
#5308=CARTESIAN_POINT('',(0.9783305552,5.4849510413,28.2714403819));
#5309=CARTESIAN_POINT('',(1.0108412042,5.491745151,28.2380583123));
#5310=CARTESIAN_POINT('',(1.0666354015,5.4998373623,28.1638014387));
#5311=CARTESIAN_POINT('',(1.0899133384,5.5011346133,28.1229341122));
#5312=CARTESIAN_POINT('',(1.1254388305,5.4981256513,28.0368688217));
#5313=CARTESIAN_POINT('',(1.1376828078,5.4938197145,27.9916795229));
#5314=CARTESIAN_POINT('',(1.1439361321,5.4868761403,27.9460734858));
#5315=CARTESIAN_POINT('',(0.7717825344,5.2399475285,28.4340216107));
#5316=CARTESIAN_POINT('',(0.8126746447,5.2603050273,28.4283474224));
#5317=CARTESIAN_POINT('',(0.8533665254,5.2793320688,28.4164645975));
#5318=CARTESIAN_POINT('',(0.9313061133,5.3132948446,28.3811724159));
#5319=CARTESIAN_POINT('',(0.9685464174,5.3282273181,28.3577664228));
#5320=CARTESIAN_POINT('',(1.0367824956,5.3528708288,28.3011880201));
#5321=CARTESIAN_POINT('',(1.0677717879,5.3625794942,28.2680209993));
#5322=CARTESIAN_POINT('',(1.1211747857,5.3760387265,28.1944154216));
#5323=CARTESIAN_POINT('',(1.1435834175,5.3797879897,28.1539838735));
#5324=CARTESIAN_POINT('',(1.1781384886,5.3810409864,28.0688912002));
#5325=CARTESIAN_POINT('',(1.1902816434,5.3785445831,28.0242381767));
#5326=CARTESIAN_POINT('',(1.1968359976,5.3730172719,27.9791504705));
#5327=CARTESIAN_POINT('',(0.9865583674,4.901055885,28.4969885103));
#5328=CARTESIAN_POINT('',(1.0215759224,4.9282375293,28.4901008753));
#5329=CARTESIAN_POINT('',(1.0563535212,4.9542463281,28.477345001));
#5330=CARTESIAN_POINT('',(1.1229789139,5.0020697638,28.4409997018));
#5331=CARTESIAN_POINT('',(1.1548211065,5.0238803016,28.4174133583));
#5332=CARTESIAN_POINT('',(1.2133213507,5.0617474591,28.3610808008));
#5333=CARTESIAN_POINT('',(1.2399744834,5.0778008249,28.3283393561));
#5334=CARTESIAN_POINT('',(1.2862089214,5.103003295,28.2560199374));
#5335=CARTESIAN_POINT('',(1.3057863371,5.1121502231,28.2164480827));
#5336=CARTESIAN_POINT('',(1.3364817283,5.1228811812,28.1332760901));
#5337=CARTESIAN_POINT('',(1.3475971182,5.1244642686,28.0896829881));
#5338=CARTESIAN_POINT('',(1.3540880771,5.1222060983,28.0456227669));
#5339=CARTESIAN_POINT('',(1.1495969768,4.7218648401,28.5250131401));
#5340=CARTESIAN_POINT('',(1.1805804584,4.7526095796,28.51760278));
#5341=CARTESIAN_POINT('',(1.2112930973,4.7822529665,28.5044733765));
#5342=CARTESIAN_POINT('',(1.2700671266,4.8372930339,28.4676805977));
#5343=CARTESIAN_POINT('',(1.2981238155,4.8626852767,28.4440201796));
#5344=CARTESIAN_POINT('',(1.3496495476,4.9074629162,28.3878002015));
#5345=CARTESIAN_POINT('',(1.3731144697,4.9268447005,28.3552451592));
#5346=CARTESIAN_POINT('',(1.4138369326,4.9582569708,28.2834860545));
#5347=CARTESIAN_POINT('',(1.431091217,4.9702849199,28.2442877578));
#5348=CARTESIAN_POINT('',(1.4582010574,4.98615391,28.1619519881));
#5349=CARTESIAN_POINT('',(1.4680544463,4.9899936655,28.1188211302));
#5350=CARTESIAN_POINT('',(1.4738680761,4.9896055554,28.0752117928));
#5351=CARTESIAN_POINT('',(1.4541264184,4.4874878975,28.5521072968));
#5352=CARTESIAN_POINT('',(1.4779720553,4.5230101094,28.5441952399));
#5353=CARTESIAN_POINT('',(1.5014858903,4.5575123236,28.5307077113));
#5354=CARTESIAN_POINT('',(1.5462747945,4.6221614095,28.4934864129));
#5355=CARTESIAN_POINT('',(1.5675464571,4.6523033458,28.4697554813));
#5356=CARTESIAN_POINT('',(1.6064193133,4.7061991307,28.413644703));
#5357=CARTESIAN_POINT('',(1.6240175507,4.7299488641,28.3812691346));
#5358=CARTESIAN_POINT('',(1.6543588872,4.7694579634,28.3100490171));
#5359=CARTESIAN_POINT('',(1.6670996792,4.7852143118,28.2712098982));
#5360=CARTESIAN_POINT('',(1.6868681831,4.8076728418,28.18967838));
#5361=CARTESIAN_POINT('',(1.6938943923,4.8143733068,28.146992197));
#5362=CARTESIAN_POINT('',(1.6978273097,4.8163198931,28.1038170096));
#5363=CARTESIAN_POINT('',(1.5831453553,4.4093625059,28.5582711922));
#5364=CARTESIAN_POINT('',(1.6039388625,4.4465728981,28.5502424421));
#5365=CARTESIAN_POINT('',(1.6243740614,4.4827870366,28.5366720685));
#5366=CARTESIAN_POINT('',(1.6631660814,4.5508088991,28.4993525789));
#5367=CARTESIAN_POINT('',(1.6815199826,4.5826115003,28.4756062733));
#5368=CARTESIAN_POINT('',(1.7149205163,4.6396801818,28.4195232977));
#5369=CARTESIAN_POINT('',(1.7299646348,4.6649419641,28.3871908511));
#5370=CARTESIAN_POINT('',(1.755738096,4.7072365291,28.3160990862));
#5371=CARTESIAN_POINT('',(1.7664654989,4.7242661263,28.2773451215));
#5372=CARTESIAN_POINT('',(1.7828868404,4.7489547868,28.1960040846));
#5373=CARTESIAN_POINT('',(1.7885795433,4.7566119905,28.1534231377));
#5374=CARTESIAN_POINT('',(1.7915646299,4.7593268477,28.1103508302));
#5375=CARTESIAN_POINT('',(1.9166644633,4.2568786635,28.5619193253));
#5376=CARTESIAN_POINT('',(1.9299029522,4.2974582551,28.5538229457));
#5377=CARTESIAN_POINT('',(1.9427100907,4.3370792447,28.5402043704));
#5378=CARTESIAN_POINT('',(1.9666117513,4.4117723822,28.5028272833));
#5379=CARTESIAN_POINT('',(1.9777044894,4.4468389449,28.4790715658));
#5380=CARTESIAN_POINT('',(1.9974376932,4.5100829058,28.4230034724));
#5381=CARTESIAN_POINT('',(2.0060766863,4.5382555748,28.3906952881));
#5382=CARTESIAN_POINT('',(2.0203262552,4.5858310118,28.3196763263));
#5383=CARTESIAN_POINT('',(2.0259357679,4.605230222,28.280970858));
#5384=CARTESIAN_POINT('',(2.033752138,4.6339630656,28.1997384895));
#5385=CARTESIAN_POINT('',(2.0359584127,4.6432945501,28.1572176622));
#5386=CARTESIAN_POINT('',(2.0363896619,4.6472811605,28.1142041573));
#5387=CARTESIAN_POINT('',(2.132667676,4.1981259368,28.5542375428));
#5388=CARTESIAN_POINT('',(2.141358355,4.2401043102,28.546275023));
#5389=CARTESIAN_POINT('',(2.1495669171,4.2811300732,28.5327514245));
#5390=CARTESIAN_POINT('',(2.1644652743,4.3585329675,28.4954869608));
#5391=CARTESIAN_POINT('',(2.1711539149,4.3949042333,28.471748922));
#5392=CARTESIAN_POINT('',(2.1825574957,4.4605542061,28.4156491998));
#5393=CARTESIAN_POINT('',(2.1872715485,4.4898279378,28.3832917702));
#5394=CARTESIAN_POINT('',(2.1944042307,4.5393152325,28.3121261495));
#5395=CARTESIAN_POINT('',(2.1968222999,4.5595250446,28.2733233541));
#5396=CARTESIAN_POINT('',(2.1991964363,4.589525338,28.1918731954));
#5397=CARTESIAN_POINT('',(2.1991523089,4.5993135446,28.1492320074));
#5398=CARTESIAN_POINT('',(2.1978771878,4.6035623697,28.1061007636));
#5399=CARTESIAN_POINT('',(2.5647194101,4.1531475457,28.52059117));
#5400=CARTESIAN_POINT('',(2.5637566182,4.196845558,28.513259001));
#5401=CARTESIAN_POINT('',(2.5621951397,4.2395690275,28.5001856089));
#5402=CARTESIAN_POINT('',(2.5579773013,4.3201148426,28.4634602424));
#5403=CARTESIAN_POINT('',(2.5553212584,4.3579306674,28.4398112438));
#5404=CARTESIAN_POINT('',(2.5490933085,4.4260351814,28.3835752487));
#5405=CARTESIAN_POINT('',(2.5455218832,4.4563183569,28.3509928077));
#5406=CARTESIAN_POINT('',(2.5377063744,4.507253978,28.2791509636));
#5407=CARTESIAN_POINT('',(2.5334629046,4.5279022994,28.2398973793));
#5408=CARTESIAN_POINT('',(2.5245941307,4.5581330264,28.157437785));
#5409=CARTESIAN_POINT('',(2.5199695306,4.5677129835,28.1142384536));
#5410=CARTESIAN_POINT('',(2.5153132659,4.5714264,28.0705623693));
#5411=CARTESIAN_POINT('',(2.7864988255,4.1677935798,28.4939352689));
#5412=CARTESIAN_POINT('',(2.7804138396,4.2117367507,28.4871193816));
#5413=CARTESIAN_POINT('',(2.7736621148,4.2546761441,28.4744149779));
#5414=CARTESIAN_POINT('',(2.7592934655,4.3355005045,28.4381313691));
#5415=CARTESIAN_POINT('',(2.7516777143,4.3733785717,28.4145552622));
#5416=CARTESIAN_POINT('',(2.7361134369,4.4413783005,28.3582070668));
#5417=CARTESIAN_POINT('',(2.7281661907,4.4714941543,28.3254397841));
#5418=CARTESIAN_POINT('',(2.7124963925,4.5218198492,28.2530427554));
#5419=CARTESIAN_POINT('',(2.7047751379,4.5420253878,28.2134191811));
#5420=CARTESIAN_POINT('',(2.6901008218,4.5710863998,28.1301316738));
#5421=CARTESIAN_POINT('',(2.6831489843,4.5799393825,28.0864748397));
#5422=CARTESIAN_POINT('',(2.6768269199,4.5827995741,28.042352742));
#5423=CARTESIAN_POINT('',(3.1599574868,4.2518837919,28.4337928276));
#5424=CARTESIAN_POINT('',(3.1454697565,4.2951924735,28.4281137852));
#5425=CARTESIAN_POINT('',(3.1301828529,4.337418775,28.4162274414));
#5426=CARTESIAN_POINT('',(3.0991490831,4.4165437029,28.3809309523));
#5427=CARTESIAN_POINT('',(3.08340514,4.4534347921,28.3575241698));
#5428=CARTESIAN_POINT('',(3.052636058,4.5191106583,28.3009466168));
#5429=CARTESIAN_POINT('',(3.0376138198,4.5478891774,28.267781233));
#5430=CARTESIAN_POINT('',(3.0094136187,4.5951711191,28.1941807416));
#5431=CARTESIAN_POINT('',(2.996238317,4.6136700338,28.1537526395));
#5432=CARTESIAN_POINT('',(2.9727198904,4.6389970532,28.0686678184));
#5433=CARTESIAN_POINT('',(2.9623789879,4.6458227392,28.0240191974));
#5434=CARTESIAN_POINT('',(2.9538423328,4.6465542416,27.9789358824));
#5435=CARTESIAN_POINT('',(3.3198376222,4.3087544728,28.4026613838));
#5436=CARTESIAN_POINT('',(3.3016993639,4.3514466011,28.3975721839));
#5437=CARTESIAN_POINT('',(3.2826987747,4.3930118935,28.3861116937));
#5438=CARTESIAN_POINT('',(3.2444252625,4.4706884875,28.3513310672));
#5439=CARTESIAN_POINT('',(3.2251561352,4.5067919691,28.3280144295));
#5440=CARTESIAN_POINT('',(3.1878266712,4.5707488457,28.2713225165));
#5441=CARTESIAN_POINT('',(3.1697700406,4.5985957975,28.2379529362));
#5442=CARTESIAN_POINT('',(3.1362546289,4.6438811612,28.1637330161));
#5443=CARTESIAN_POINT('',(3.1207991802,4.6613150047,28.1228901283));
#5444=CARTESIAN_POINT('',(3.0936764489,4.6844203445,28.0368792663));
#5445=CARTESIAN_POINT('',(3.0820118696,4.6900895003,27.9917199262));
#5446=CARTESIAN_POINT('',(3.0726914103,4.6896553339,27.9461429508));
#5447=CARTESIAN_POINT('',(3.4683409738,4.3831928658,28.368191887));
#5448=CARTESIAN_POINT('',(3.4464559599,4.4248307008,28.36382442));
#5449=CARTESIAN_POINT('',(3.4236397647,4.4652843084,28.3528877961));
#5450=CARTESIAN_POINT('',(3.3779562963,4.5406116219,28.3187444482));
#5451=CARTESIAN_POINT('',(3.355093919,4.5754772548,28.2955413835));
#5452=CARTESIAN_POINT('',(3.3111428291,4.636844633,28.2387144688));
#5453=CARTESIAN_POINT('',(3.2900588267,4.6633398015,28.2050967091));
#5454=CARTESIAN_POINT('',(3.25134768,4.7058497537,28.1301213617));
#5455=CARTESIAN_POINT('',(3.2337246844,4.7218599818,28.0887718091));
#5456=CARTESIAN_POINT('',(3.2033428663,4.7421199549,28.0016315184));
#5457=CARTESIAN_POINT('',(3.1905872999,4.7463675288,27.9558501192));
#5458=CARTESIAN_POINT('',(3.1807733823,4.7445640911,27.9096746653));
#5459=B_SPLINE_SURFACE_WITH_KNOTS('',3,3,((#5291,#5292,#5293,#5294,#5295,#5296,#5297,#5298,#5299,#5300,#5301,#5302),
    (#5303,#5304,#5305,#5306,#5307,#5308,#5309,#5310,#5311,#5312,#5313,#5314),
    (#5315,#5316,#5317,#5318,#5319,#5320,#5321,#5322,#5323,#5324,#5325,#5326),
    (#5327,#5328,#5329,#5330,#5331,#5332,#5333,#5334,#5335,#5336,#5337,#5338),
    (#5339,#5340,#5341,#5342,#5343,#5344,#5345,#5346,#5347,#5348,#5349,#5350),
    (#5351,#5352,#5353,#5354,#5355,#5356,#5357,#5358,#5359,#5360,#5361,#5362),
    (#5363,#5364,#5365,#5366,#5367,#5368,#5369,#5370,#5371,#5372,#5373,#5374),
    (#5375,#5376,#5377,#5378,#5379,#5380,#5381,#5382,#5383,#5384,#5385,#5386),
    (#5387,#5388,#5389,#5390,#5391,#5392,#5393,#5394,#5395,#5396,#5397,#5398),
    (#5399,#5400,#5401,#5402,#5403,#5404,#5405,#5406,#5407,#5408,#5409,#5410),
    (#5411,#5412,#5413,#5414,#5415,#5416,#5417,#5418,#5419,#5420,#5421,#5422),
    (#5423,#5424,#5425,#5426,#5427,#5428,#5429,#5430,#5431,#5432,#5433,#5434),
    (#5435,#5436,#5437,#5438,#5439,#5440,#5441,#5442,#5443,#5444,#5445,#5446),
    (#5447,#5448,#5449,#5450,#5451,#5452,#5453,#5454,#5455,#5456,#5457,#5458)),.UNSPECIFIED.,.F.,.F.,.U.,
 (4,2,2,2,2,2,4),(4,2,2,2,2,4),(0.0,0.1463322919,0.3499981592,0.4783226063,0.6660526325,0.8537939303,1.0),(0.0,0.2,0.4,0.6,0.8,1.0),.UNSPECIFIED.);
#5460=ADVANCED_FACE('n° 1077',(#5290),#5459,.T.);
#5461=ORIENTED_EDGE('',*,*,#4489,.T.);
#5462=ORIENTED_EDGE('',*,*,#865,.F.);
#5463=CARTESIAN_POINT('',(3.3990849637,4.2956690468,27.8808078637));
#5464=DIRECTION('',(0.0253381465,-0.0518763613,0.9983320197));
#5465=DIRECTION('',(0.0,-0.9986526494,-0.0518930222));
#5466=AXIS2_PLACEMENT_3D('',#5463,#5464,#5465);
#5467=CIRCLE('',#5466,0.5);
#5468=EDGE_CURVE('n° 1180',#278,#798,#5467,.T.);
#5469=ORIENTED_EDGE('',*,*,#5468,.F.);
#5470=ORIENTED_EDGE('',*,*,#328,.F.);
#5471=EDGE_LOOP('',(#5461,#5462,#5469,#5470));
#5472=FACE_OUTER_BOUND('',#5471,.T.);
#5473=CARTESIAN_POINT('',(3.7092467736,4.687642897,27.8933039572));
#5474=CARTESIAN_POINT('',(3.6799430444,4.7107683867,27.8952493705));
#5475=CARTESIAN_POINT('',(3.6480294027,4.7305930106,27.8970895017));
#5476=CARTESIAN_POINT('',(3.5805755971,4.7626507739,27.9004673303));
#5477=CARTESIAN_POINT('',(3.5450382711,4.7748825646,27.9020048857));
#5478=CARTESIAN_POINT('',(3.4721169892,4.7911412865,27.9047005153));
#5479=CARTESIAN_POINT('',(3.4347361013,4.7951675336,27.9058584762));
#5480=CARTESIAN_POINT('',(3.3600000888,4.7948127882,27.9077368784));
#5481=CARTESIAN_POINT('',(3.3226481084,4.7904318105,27.9084572407));
#5482=CARTESIAN_POINT('',(3.2498410137,4.7734813676,27.9094243233));
#5483=CARTESIAN_POINT('',(3.2143889625,4.7609126154,27.9096710029));
#5484=CARTESIAN_POINT('',(3.1807733869,4.7445640828,27.909674663));
#5485=CARTESIAN_POINT('',(3.7082545369,4.6895146149,27.859220468));
#5486=CARTESIAN_POINT('',(3.6789817923,4.7126001255,27.861166388));
#5487=CARTESIAN_POINT('',(3.6471070718,4.7323926164,27.8630073031));
#5488=CARTESIAN_POINT('',(3.5797408927,4.7644059856,27.8663874543));
#5489=CARTESIAN_POINT('',(3.5442522534,4.776625524,27.8679265488));
#5490=CARTESIAN_POINT('',(3.471431045,4.7928818315,27.8706261356));
#5491=CARTESIAN_POINT('',(3.4341015235,4.7969179202,27.8717865148));
#5492=CARTESIAN_POINT('',(3.359463483,4.7966049873,27.873670663));
#5493=CARTESIAN_POINT('',(3.3221580875,4.7922559787,27.8743943531));
#5494=CARTESIAN_POINT('',(3.2494321827,4.7753894343,27.8753689284));
#5495=CARTESIAN_POINT('',(3.214014717,4.7628726044,27.8756197727));
#5496=CARTESIAN_POINT('',(3.1804245515,4.7465838545,27.8756279281));
#5497=CARTESIAN_POINT('',(3.7072577896,4.6913887257,27.825136113));
#5498=CARTESIAN_POINT('',(3.6780160839,4.714434242,27.8270825368));
#5499=CARTESIAN_POINT('',(3.6461803256,4.7341945809,27.8289242328));
#5500=CARTESIAN_POINT('',(3.5789018461,4.7661634957,27.8323066999));
#5501=CARTESIAN_POINT('',(3.5434619259,4.7783707406,27.8338473301));
#5502=CARTESIAN_POINT('',(3.4707408688,4.7946245251,27.8365508672));
#5503=CARTESIAN_POINT('',(3.4334627594,4.798670388,27.8377136616));
#5504=CARTESIAN_POINT('',(3.3589228183,4.7983991128,27.8396035504));
#5505=CARTESIAN_POINT('',(3.3216640896,4.794081986,27.8403305662));
#5506=CARTESIAN_POINT('',(3.2490195936,4.7772991634,27.8413126324));
#5507=CARTESIAN_POINT('',(3.2136368504,4.7648341663,27.8415676419));
#5508=CARTESIAN_POINT('',(3.1800722654,4.7486051218,27.8415802949));
#5509=CARTESIAN_POINT('',(3.6681128045,4.7647507704,26.492569459));
#5510=CARTESIAN_POINT('',(3.6400866246,4.7862321772,26.4945354681));
#5511=CARTESIAN_POINT('',(3.6097756356,4.8047348254,26.4964075679));
#5512=CARTESIAN_POINT('',(3.5459284943,4.8349634864,26.4998803121));
#5513=CARTESIAN_POINT('',(3.5123944277,4.8466885125,26.5014808406));
#5514=CARTESIAN_POINT('',(3.4435916645,4.8628393706,26.5043385431));
#5515=CARTESIAN_POINT('',(3.4083252138,4.8672646688,26.5055956211));
#5516=CARTESIAN_POINT('',(3.3376252867,4.8686158204,26.5077097145));
#5517=CARTESIAN_POINT('',(3.3021941196,4.865541616,26.5085666582));
#5518=CARTESIAN_POINT('',(3.2327407228,4.8520247669,26.5098414965));
#5519=CARTESIAN_POINT('',(3.1987207664,4.8415825432,26.5102593466));
#5520=CARTESIAN_POINT('',(3.1661628743,4.8276845015,26.5104479184));
#5521=CARTESIAN_POINT('',(3.6236207104,4.8395474738,25.1943636697));
#5522=CARTESIAN_POINT('',(3.596851649,4.8594872873,25.1963447045));
#5523=CARTESIAN_POINT('',(3.5680797044,4.8767405671,25.1982419199));
#5524=CARTESIAN_POINT('',(3.507668974,4.905192486,25.2017929994));
#5525=CARTESIAN_POINT('',(3.4760317612,4.9163903852,25.2034467694));
#5526=CARTESIAN_POINT('',(3.4111451564,4.932286571,25.2064446317));
#5527=CARTESIAN_POINT('',(3.3778974526,4.9369844408,25.2077886442));
#5528=CARTESIAN_POINT('',(3.3111083075,4.9396917183,25.2101128818));
#5529=CARTESIAN_POINT('',(3.2775686042,4.9377010485,25.2110930446));
#5530=CARTESIAN_POINT('',(3.2115260227,4.9271059884,25.2126498353));
#5531=CARTESIAN_POINT('',(3.1790248651,4.9185018629,25.2132264206));
#5532=CARTESIAN_POINT('',(3.1476873879,4.90675864,25.2135893378));
#5533=CARTESIAN_POINT('',(3.5158868693,4.9979039273,22.5990653357));
#5534=CARTESIAN_POINT('',(3.4919282272,5.0146564659,22.6010713929));
#5535=CARTESIAN_POINT('',(3.4664970352,5.0293045512,22.6030132163));
#5536=CARTESIAN_POINT('',(3.413460341,5.0539494222,22.6067088488));
#5537=CARTESIAN_POINT('',(3.3858556339,5.0639458394,22.6084626006));
#5538=CARTESIAN_POINT('',(3.3293092275,5.0789833998,22.6117280583));
#5539=CARTESIAN_POINT('',(3.3003683746,5.0840243141,22.6132397131));
#5540=CARTESIAN_POINT('',(3.2420273657,5.0889953044,22.6159742122));
#5541=CARTESIAN_POINT('',(3.2126280835,5.0889252977,22.6171970134));
#5542=CARTESIAN_POINT('',(3.154262378,5.0836719869,22.6193157256));
#5543=CARTESIAN_POINT('',(3.1252968309,5.0784887488,22.6202116025));
#5544=CARTESIAN_POINT('',(3.0969878565,5.0708243119,22.620929919));
#5545=CARTESIAN_POINT('',(3.4531146152,5.0812741665,21.3018223674));
#5546=CARTESIAN_POINT('',(3.4306983699,5.0963855748,21.3038384108));
#5547=CARTESIAN_POINT('',(3.4070580531,5.1096822814,21.3057997148));
#5548=CARTESIAN_POINT('',(3.357937331,5.1323055968,21.309561541));
#5549=CARTESIAN_POINT('',(3.3324574566,5.1416319617,21.3113620211));
#5550=CARTESIAN_POINT('',(3.2803133378,5.1560741093,21.3147548921));
#5551=CARTESIAN_POINT('',(3.2536496563,5.1611897345,21.3163472449));
#5552=CARTESIAN_POINT('',(3.1998238727,5.1670768215,21.3192818446));
#5553=CARTESIAN_POINT('',(3.1726623517,5.1678482159,21.3206240581));
#5554=CARTESIAN_POINT('',(3.118539854,5.1650235495,21.323022727));
#5555=CARTESIAN_POINT('',(3.0915794622,5.1614275133,21.3240791546));
#5556=CARTESIAN_POINT('',(3.0650665598,5.1556915716,21.3249785166));
#5557=CARTESIAN_POINT('',(3.3149073673,5.2382387206,19.0627487593));
#5558=CARTESIAN_POINT('',(3.2957286033,5.2502840586,19.0647794407));
#5559=CARTESIAN_POINT('',(3.2757283013,5.2610238219,19.0667715522));
#5560=CARTESIAN_POINT('',(3.2344484026,5.2796976762,19.0706418652));
#5561=CARTESIAN_POINT('',(3.2131690257,5.2876316682,19.0725200453));
#5562=CARTESIAN_POINT('',(3.1697180169,5.3005494018,19.076127719));
#5563=CARTESIAN_POINT('',(3.147546616,5.3055330736,19.0778571926));
#5564=CARTESIAN_POINT('',(3.1027146692,5.3124583241,19.08113534));
#5565=CARTESIAN_POINT('',(3.0800543617,5.3143998635,19.0826839955));
#5566=CARTESIAN_POINT('',(3.0346567284,5.3152033801,19.0855716364));
#5567=CARTESIAN_POINT('',(3.0119196444,5.3140653492,19.0869106054));
#5568=CARTESIAN_POINT('',(2.989351015,5.311396345,19.0881321873));
#5569=CARTESIAN_POINT('',(3.2482690567,5.3080352402,18.1200065128));
#5570=CARTESIAN_POINT('',(3.2306131917,5.3187251119,18.1220425674));
#5571=CARTESIAN_POINT('',(3.212297212,5.3283264616,18.1240467918));
#5572=CARTESIAN_POINT('',(3.1746171203,5.3452101496,18.1279610233));
#5573=CARTESIAN_POINT('',(3.1552531421,5.3524924282,18.1298710157));
#5574=CARTESIAN_POINT('',(3.1157646452,5.3646296259,18.1335675682));
#5575=CARTESIAN_POINT('',(3.0956402665,5.3694845016,18.1353541143));
#5576=CARTESIAN_POINT('',(3.0549296874,5.3766938672,18.1387763576));
#5577=CARTESIAN_POINT('',(3.0343436312,5.3790483304,18.1404120418));
#5578=CARTESIAN_POINT('',(2.9930152699,5.38122022,18.1435073438));
#5579=CARTESIAN_POINT('',(2.9722731113,5.381037637,18.1449669498));
#5580=CARTESIAN_POINT('',(2.9516068559,5.3795866682,18.1463271986));
#5581=CARTESIAN_POINT('',(3.1111306021,5.4313807601,16.6412055642));
#5582=CARTESIAN_POINT('',(3.096562295,5.4396490949,16.6432490291));
#5583=CARTESIAN_POINT('',(3.0815735996,5.447180155,16.6452712747));
#5584=CARTESIAN_POINT('',(3.0509055376,5.4606925732,16.6492527617));
#5585=CARTESIAN_POINT('',(3.0352262202,5.4666739097,16.6512119966));
#5586=CARTESIAN_POINT('',(3.0033338968,5.4770269191,16.6550475033));
#5587=CARTESIAN_POINT('',(2.987120942,5.4813985751,16.6569237686));
#5588=CARTESIAN_POINT('',(2.954323602,5.4884880829,16.6605741938));
#5589=CARTESIAN_POINT('',(2.9377392693,5.4912059228,16.6623483474));
#5590=CARTESIAN_POINT('',(2.9043651485,5.4949599081,16.6657764122));
#5591=CARTESIAN_POINT('',(2.8875754138,5.4959960468,16.6674303175));
#5592=CARTESIAN_POINT('',(2.870767,5.4961856572,16.6690156259));
#5593=CARTESIAN_POINT('',(3.0548899442,5.4789541171,16.1033628046));
#5594=CARTESIAN_POINT('',(3.0415986932,5.4862743317,16.1054087723));
#5595=CARTESIAN_POINT('',(3.0279722048,5.4929887318,16.1074374293));
#5596=CARTESIAN_POINT('',(3.0001587164,5.5051519375,16.1114432823));
#5597=CARTESIAN_POINT('',(2.9859717455,5.5106007305,16.113420474));
#5598=CARTESIAN_POINT('',(2.9571517325,5.5201887208,16.1173069548));
#5599=CARTESIAN_POINT('',(2.9425187204,5.524327908,16.1192162396));
#5600=CARTESIAN_POINT('',(2.9129246004,5.5312630215,16.1229510009));
#5601=CARTESIAN_POINT('',(2.8979635233,5.5340589404,16.1247764734));
#5602=CARTESIAN_POINT('',(2.8678338692,5.5382844498,16.1283283668));
#5603=CARTESIAN_POINT('',(2.8526653236,5.5397140357,16.1300547839));
#5604=CARTESIAN_POINT('',(2.8374541693,5.5404543137,16.1317244452));
#5605=CARTESIAN_POINT('',(2.9406809062,5.5643461033,15.2638220491));
#5606=CARTESIAN_POINT('',(2.9299013128,5.5699748508,15.2658712873));
#5607=CARTESIAN_POINT('',(2.9189108243,5.5752030111,15.2679092072));
#5608=CARTESIAN_POINT('',(2.8965667138,5.5848303417,15.2719513466));
#5609=CARTESIAN_POINT('',(2.8852131019,5.5892295077,15.2739555642));
#5610=CARTESIAN_POINT('',(2.8622033177,5.5971753605,15.2779194075));
#5611=CARTESIAN_POINT('',(2.8505471559,5.6007220438,15.2798790312));
#5612=CARTESIAN_POINT('',(2.8269944337,5.6069438979,15.2837430285));
#5613=CARTESIAN_POINT('',(2.8150978841,5.6096190659,15.2856474001));
#5614=CARTESIAN_POINT('',(2.7911278203,5.6140834101,15.2893905241));
#5615=CARTESIAN_POINT('',(2.7790543169,5.6158725843,15.2912292746));
#5616=CARTESIAN_POINT('',(2.766924523,5.6172138375,15.2930302028));
#5617=CARTESIAN_POINT('',(2.894297546,5.5973733448,14.9601092787));
#5618=CARTESIAN_POINT('',(2.8845218671,5.6023518453,14.9621595716));
#5619=CARTESIAN_POINT('',(2.8745783635,5.6070037317,14.9642006839));
#5620=CARTESIAN_POINT('',(2.8543981884,5.6156344735,14.9682555567));
#5621=CARTESIAN_POINT('',(2.8441615228,5.6196133264,14.9702693159));
#5622=CARTESIAN_POINT('',(2.8234387406,5.6268810039,14.9742606031));
#5623=CARTESIAN_POINT('',(2.8129526299,5.6301698263,14.9762381299));
#5624=CARTESIAN_POINT('',(2.7917757186,5.6360433267,14.9801482246));
#5625=CARTESIAN_POINT('',(2.7810849241,5.6386280029,14.9820807912));
#5626=CARTESIAN_POINT('',(2.7595442675,5.6430820337,14.9858924255));
#5627=CARTESIAN_POINT('',(2.7486944117,5.6449513869,14.9877714919));
#5628=CARTESIAN_POINT('',(2.7377881707,5.6464589832,14.9896196507));
#5629=CARTESIAN_POINT('',(2.801028482,5.6574474648,14.4897465636));
#5630=CARTESIAN_POINT('',(2.7932248344,5.6612480056,14.4917983856));
#5631=CARTESIAN_POINT('',(2.7853164817,5.6648363928,14.4938442929));
#5632=CARTESIAN_POINT('',(2.7693123965,5.6715788921,14.4979184708));
#5633=CARTESIAN_POINT('',(2.7612166661,5.6747330035,14.4999467408));
#5634=CARTESIAN_POINT('',(2.7448603702,5.6805981658,14.5039798839));
#5635=CARTESIAN_POINT('',(2.7365998068,5.683309216,14.5059847564));
#5636=CARTESIAN_POINT('',(2.7199368403,5.6882806779,14.5099654081));
#5637=CARTESIAN_POINT('',(2.7115344393,5.6905410889,14.5119411866));
#5638=CARTESIAN_POINT('',(2.6946111829,5.6946049221,14.5158580333));
#5639=CARTESIAN_POINT('',(2.6860903295,5.6964083437,14.5177991008));
#5640=CARTESIAN_POINT('',(2.6775221056,5.697980718,14.5197200518));
#5641=CARTESIAN_POINT('',(2.7635144208,5.6806980836,14.3207794978));
#5642=CARTESIAN_POINT('',(2.7564968799,5.6840436774,14.3228318466));
#5643=CARTESIAN_POINT('',(2.7493965694,5.6872182132,14.3248794445));
#5644=CARTESIAN_POINT('',(2.7350460407,5.6932182041,14.3289604696));
#5645=CARTESIAN_POINT('',(2.7277958235,5.6960436587,14.3309938964));
#5646=CARTESIAN_POINT('',(2.7131614369,5.7013392718,14.3350419397));
#5647=CARTESIAN_POINT('',(2.7057772687,5.70380943,14.3370565559));
#5648=CARTESIAN_POINT('',(2.6908912244,5.708388999,14.3410623792));
#5649=CARTESIAN_POINT('',(2.6833893494,5.7104984095,14.3430535859));
#5650=CARTESIAN_POINT('',(2.6682843904,5.7143518073,14.3470080417));
#5651=CARTESIAN_POINT('',(2.6606813074,5.7160957943,14.3489712904));
#5652=CARTESIAN_POINT('',(2.6530359792,5.7176551244,14.350918316));
#5653=CARTESIAN_POINT('',(2.687959915,5.7237760944,14.062768938));
#5654=CARTESIAN_POINT('',(2.6825054253,5.7262774269,14.0648221139));
#5655=CARTESIAN_POINT('',(2.6770002794,5.7286705985,14.0668723039));
#5656=CARTESIAN_POINT('',(2.6658963921,5.7332372747,14.0709637735));
#5657=CARTESIAN_POINT('',(2.6602976511,5.7354107792,14.073005053));
#5658=CARTESIAN_POINT('',(2.6490144188,5.7395350766,14.0770757749));
#5659=CARTESIAN_POINT('',(2.643329928,5.7414858695,14.0791052172));
#5660=CARTESIAN_POINT('',(2.6318831595,5.7451620039,14.0831493542));
#5661=CARTESIAN_POINT('',(2.6261208821,5.7468873454,14.0851640488));
#5662=CARTESIAN_POINT('',(2.6145266106,5.7501101458,14.0891758003));
#5663=CARTESIAN_POINT('',(2.608694617,5.7516076047,14.091172857));
#5664=CARTESIAN_POINT('',(2.6028318484,5.7529900625,14.0931596618));
#5665=CARTESIAN_POINT('',(2.6577256994,5.7404969447,13.9708868433));
#5666=CARTESIAN_POINT('',(2.6528936776,5.7426704831,13.9729403175));
#5667=CARTESIAN_POINT('',(2.6480221485,5.7447582898,13.9749914317));
#5668=CARTESIAN_POINT('',(2.6382053603,5.748760183,13.9790866164));
#5669=CARTESIAN_POINT('',(2.6332601014,5.7506742695,13.9811306869));
#5670=CARTESIAN_POINT('',(2.6233012162,5.7543266502,13.9852094677));
#5671=CARTESIAN_POINT('',(2.6182875901,5.7560649444,13.9872441779));
#5672=CARTESIAN_POINT('',(2.6081974063,5.7593638544,13.9913019316));
#5673=CARTESIAN_POINT('',(2.6031208487,5.7609244703,13.993324975));
#5674=CARTESIAN_POINT('',(2.5929103042,5.7638663265,13.997357101));
#5675=CARTESIAN_POINT('',(2.5877763175,5.7652475668,13.9993661834));
#5676=CARTESIAN_POINT('',(2.5826163981,5.7665383656,14.0013671457));
#5677=CARTESIAN_POINT('',(2.5961798475,5.7722076785,13.8346859776));
#5678=CARTESIAN_POINT('',(2.5926066796,5.7737563421,13.8367399402));
#5679=CARTESIAN_POINT('',(2.5890100196,5.775252649,13.8387924681));
#5680=CARTESIAN_POINT('',(2.5817721204,5.7781395522,13.842893241));
#5681=CARTESIAN_POINT('',(2.5781308814,5.7795301485,13.8449414859));
#5682=CARTESIAN_POINT('',(2.5708062583,5.7822047022,13.8490322817));
#5683=CARTESIAN_POINT('',(2.5671228744,5.7834886597,13.8510748326));
#5684=CARTESIAN_POINT('',(2.5597164234,5.7859490773,13.8551528332));
#5685=CARTESIAN_POINT('',(2.5559933564,5.7871255373,13.8571882828));
#5686=CARTESIAN_POINT('',(2.5485100271,5.7893701714,13.8612506782));
#5687=CARTESIAN_POINT('',(2.5447497648,5.7904383454,13.8632776239));
#5688=CARTESIAN_POINT('',(2.5409721609,5.7914520174,13.8652996191));
#5689=CARTESIAN_POINT('',(2.5713672217,5.7846790471,13.7866164532));
#5690=CARTESIAN_POINT('',(2.5683003185,5.7859815537,13.7886705971));
#5691=CARTESIAN_POINT('',(2.5652154622,5.7872435117,13.7907236324));
#5692=CARTESIAN_POINT('',(2.5590113938,5.7896856997,13.7948263929));
#5693=CARTESIAN_POINT('',(2.5558921816,5.7908659297,13.7968761181));
#5694=CARTESIAN_POINT('',(2.5496209687,5.7931440711,13.8009711674));
#5695=CARTESIAN_POINT('',(2.546468968,5.7942419826,13.8030164914));
#5696=CARTESIAN_POINT('',(2.5401337616,5.7963549375,13.8071016492));
#5697=CARTESIAN_POINT('',(2.536950556,5.7973699809,13.809141483));
#5698=CARTESIAN_POINT('',(2.5305545388,5.7993166915,13.8132145742));
#5699=CARTESIAN_POINT('',(2.5273417274,5.8002483586,13.8152478315));
#5700=CARTESIAN_POINT('',(2.5241149201,5.8011381041,13.8172772592));
#5701=CARTESIAN_POINT('',(2.5253462874,5.8064397392,13.7273453844));
#5702=CARTESIAN_POINT('',(2.5232157957,5.8073095679,13.7293997948));
#5703=CARTESIAN_POINT('',(2.5210740382,5.8081534661,13.7314534984));
#5704=CARTESIAN_POINT('',(2.5167687028,5.8097891219,13.7355587951));
#5705=CARTESIAN_POINT('',(2.5146051249,5.8105808795,13.7376103882));
#5706=CARTESIAN_POINT('',(2.5102568677,5.8121119918,13.7417107675));
#5707=CARTESIAN_POINT('',(2.5080721883,5.8128513464,13.7437595538));
#5708=CARTESIAN_POINT('',(2.5036824537,5.8142774076,13.7478536243));
#5709=CARTESIAN_POINT('',(2.5014773984,5.8149641142,13.7498989085));
#5710=CARTESIAN_POINT('',(2.4970476444,5.8162846516,13.7539852807));
#5711=CARTESIAN_POINT('',(2.4948229457,5.8169184824,13.7560263686));
#5712=CARTESIAN_POINT('',(2.4925887947,5.8175257702,13.7580650121));
#5713=CARTESIAN_POINT('',(2.5104424342,5.8133554773,13.711016796));
#5714=CARTESIAN_POINT('',(2.5086149565,5.8140874714,13.7130712861));
#5715=CARTESIAN_POINT('',(2.5067780354,5.8147975705,13.71512518));
#5716=CARTESIAN_POINT('',(2.503085817,5.8161737821,13.7192311878));
#5717=CARTESIAN_POINT('',(2.5012305196,5.8168398946,13.7212833016));
#5718=CARTESIAN_POINT('',(2.4975020641,5.8181279485,13.7253851618));
#5719=CARTESIAN_POINT('',(2.4956289061,5.81874989,13.7274349082));
#5720=CARTESIAN_POINT('',(2.4918652498,5.81994943,13.7315314469));
#5721=CARTESIAN_POINT('',(2.4899747517,5.8205270286,13.7335782392));
#5722=CARTESIAN_POINT('',(2.4861769406,5.8216377231,13.7376682837));
#5723=CARTESIAN_POINT('',(2.4842696278,5.822170819,13.739711536));
#5724=CARTESIAN_POINT('',(2.4823541727,5.8226815901,13.7417527258));
#5725=CARTESIAN_POINT('',(2.4820941546,5.8260980372,13.6889341577));
#5726=CARTESIAN_POINT('',(2.4808427273,5.8265748296,13.6909887764));
#5727=CARTESIAN_POINT('',(2.4795843061,5.827035194,13.6930429488));
#5728=CARTESIAN_POINT('',(2.4770537392,5.827922971,13.6971499605));
#5729=CARTESIAN_POINT('',(2.4757815935,5.8283503835,13.6992027998));
#5730=CARTESIAN_POINT('',(2.4732238438,5.8291721679,13.7033067056));
#5731=CARTESIAN_POINT('',(2.4719382398,5.8295665397,13.705357772));
#5732=CARTESIAN_POINT('',(2.4693538425,5.8303221605,13.7094576923));
#5733=CARTESIAN_POINT('',(2.4680550491,5.8306834095,13.7115065461));
#5734=CARTESIAN_POINT('',(2.4654445448,5.8313727097,13.7156016022));
#5735=CARTESIAN_POINT('',(2.4641328338,5.8317007609,13.7176478044));
#5736=CARTESIAN_POINT('',(2.4628148013,5.8320121793,13.7196924615));
#5737=CARTESIAN_POINT('',(2.4697298789,5.8315600621,13.6813894173));
#5738=CARTESIAN_POINT('',(2.4687296299,5.8319271665,13.6834440868));
#5739=CARTESIAN_POINT('',(2.4677232192,5.8322797139,13.6854983611));
#5740=CARTESIAN_POINT('',(2.465698261,5.8329556294,13.6896057296));
#5741=CARTESIAN_POINT('',(2.4646797134,5.8332789977,13.6916588238));
#5742=CARTESIAN_POINT('',(2.4626306703,5.8338964955,13.6957634424));
#5743=CARTESIAN_POINT('',(2.4616001747,5.834190625,13.6978149669));
#5744=CARTESIAN_POINT('',(2.4595274266,5.8347495914,13.7019160569));
#5745=CARTESIAN_POINT('',(2.4584851741,5.8350144282,13.7039656223));
#5746=CARTESIAN_POINT('',(2.4563891055,5.8355147607,13.7080624054));
#5747=CARTESIAN_POINT('',(2.4553352894,5.8357502563,13.7101096231));
#5748=CARTESIAN_POINT('',(2.4542757892,5.8359710599,13.7121554725));
#5749=CARTESIAN_POINT('',(2.4461516432,5.8417226548,13.6725252604));
#5750=CARTESIAN_POINT('',(2.4456304218,5.8418847835,13.6745800114));
#5751=CARTESIAN_POINT('',(2.4451040261,5.8420345507,13.6766344273));
#5752=CARTESIAN_POINT('',(2.4440409683,5.8423093389,13.6807422587));
#5753=CARTESIAN_POINT('',(2.4435043062,5.8424343599,13.6827956741));
#5754=CARTESIAN_POINT('',(2.4424207991,5.8426596368,13.6869011741));
#5755=CARTESIAN_POINT('',(2.4418739542,5.8427598927,13.6889532587));
#5756=CARTESIAN_POINT('',(2.4407701668,5.8429356243,13.6930557671));
#5757=CARTESIAN_POINT('',(2.4402132244,5.8430111,13.6951061908));
#5758=CARTESIAN_POINT('',(2.4390893291,5.8431372601,13.6992050475));
#5759=CARTESIAN_POINT('',(2.4385223761,5.8431879445,13.7012534805));
#5760=CARTESIAN_POINT('',(2.4379504621,5.8432262296,13.7033007533));
#5761=CARTESIAN_POINT('',(2.4350769789,5.8464128581,13.6701750363));
#5762=CARTESIAN_POINT('',(2.4347807731,5.8464800857,13.6722298204));
#5763=CARTESIAN_POINT('',(2.4344796605,5.8465355321,13.6742842854));
#5764=CARTESIAN_POINT('',(2.4338676676,5.8466228544,13.6783922627));
#5765=CARTESIAN_POINT('',(2.4335567874,5.8466547302,13.6804457749));
#5766=CARTESIAN_POINT('',(2.4329253068,5.8466949064,13.6845515319));
#5767=CARTESIAN_POINT('',(2.4326047063,5.8467032068,13.6866037767));
#5768=CARTESIAN_POINT('',(2.4319538342,5.8466962311,13.6907066845));
#5769=CARTESIAN_POINT('',(2.4316235624,5.8466809549,13.6927573476));
#5770=CARTESIAN_POINT('',(2.430953398,5.8466268283,13.6968567777));
#5771=CARTESIAN_POINT('',(2.4306135053,5.846587978,13.6989055448));
#5772=CARTESIAN_POINT('',(2.4302688281,5.8465373436,13.700953207));
#5773=CARTESIAN_POINT('',(2.4129546226,5.8555943441,13.6695711921));
#5774=CARTESIAN_POINT('',(2.4131080836,5.8554750458,13.6716260297));
#5775=CARTESIAN_POINT('',(2.4132567447,5.8553440992,13.6736805523));
#5776=CARTESIAN_POINT('',(2.4135444446,5.8550589293,13.6777886569));
#5777=CARTESIAN_POINT('',(2.4136834834,5.854904706,13.6798422389));
#5778=CARTESIAN_POINT('',(2.4139519174,5.8545730061,13.6839481516));
#5779=CARTESIAN_POINT('',(2.4140813125,5.8543955294,13.6860004825));
#5780=CARTESIAN_POINT('',(2.4143304394,5.8540173498,13.6901035825));
#5781=CARTESIAN_POINT('',(2.4144501712,5.8538166467,13.6921543518));
#5782=CARTESIAN_POINT('',(2.414679953,5.8533920447,13.6962540187));
#5783=CARTESIAN_POINT('',(2.414790003,5.8531681458,13.6983029163));
#5784=CARTESIAN_POINT('',(2.4148952038,5.8529326658,13.7003507232));
#5785=CARTESIAN_POINT('',(2.4016569548,5.8601883331,13.6713335808));
#5786=CARTESIAN_POINT('',(2.4020401551,5.8599753172,13.6733884392));
#5787=CARTESIAN_POINT('',(2.4024183944,5.8597502007,13.6754429706));
#5788=CARTESIAN_POINT('',(2.4031648941,5.8592758007,13.6795510571));
#5789=CARTESIAN_POINT('',(2.4035331545,5.8590265172,13.6816046121));
#5790=CARTESIAN_POINT('',(2.404259641,5.8585038215,13.6857104233));
#5791=CARTESIAN_POINT('',(2.4046178671,5.8582304093,13.6877626795));
#5792=CARTESIAN_POINT('',(2.4053242311,5.857659498,13.6918655709));
#5793=CARTESIAN_POINT('',(2.4056723691,5.8573619989,13.6939162061));
#5794=CARTESIAN_POINT('',(2.4063585045,5.8567429596,13.6980155337));
#5795=CARTESIAN_POINT('',(2.406696502,5.8564214193,13.7000642261));
#5796=CARTESIAN_POINT('',(2.4070294039,5.8560878832,13.7021117862));
#5797=CARTESIAN_POINT('',(2.3773653663,5.8698814089,13.679155423));
#5798=CARTESIAN_POINT('',(2.3782428815,5.8694698258,13.681210312));
#5799=CARTESIAN_POINT('',(2.3791146841,5.8690441452,13.6832648208));
#5800=CARTESIAN_POINT('',(2.3808467087,5.8681646653,13.6873727026));
#5801=CARTESIAN_POINT('',(2.3817069308,5.867710866,13.6894260757));
#5802=CARTESIAN_POINT('',(2.3834156416,5.8667752296,13.6935313113));
#5803=CARTESIAN_POINT('',(2.3842641302,5.8662933927,13.6955831738));
#5804=CARTESIAN_POINT('',(2.385949223,5.8653017673,13.6996850135));
#5805=CARTESIAN_POINT('',(2.3867858271,5.864791979,13.7017349908));
#5806=CARTESIAN_POINT('',(2.3884470023,5.8637445424,13.7058326859));
#5807=CARTESIAN_POINT('',(2.3892715733,5.863206894,13.7078804037));
#5808=CARTESIAN_POINT('',(2.3900900543,5.8626553639,13.7099268048));
#5809=CARTESIAN_POINT('',(2.3644375945,5.8749023848,13.6863231996));
#5810=CARTESIAN_POINT('',(2.3655784442,5.8743873129,13.6883780943));
#5811=CARTESIAN_POINT('',(2.3667128801,5.8738563168,13.6904325598));
#5812=CARTESIAN_POINT('',(2.368968697,5.872762583,13.6945402091));
#5813=CARTESIAN_POINT('',(2.370090078,5.8721998453,13.6965933928));
#5814=CARTESIAN_POINT('',(2.3723195607,5.8710427416,13.7006980556));
#5815=CARTESIAN_POINT('',(2.3734276624,5.8704483755,13.7027495346));
#5816=CARTESIAN_POINT('',(2.3756303644,5.8692281348,13.7068503649));
#5817=CARTESIAN_POINT('',(2.3767249648,5.86860226,13.7088997163));
#5818=CARTESIAN_POINT('',(2.3789004452,5.8673191279,13.7129958693));
#5819=CARTESIAN_POINT('',(2.3799813252,5.8666618704,13.7150426708));
#5820=CARTESIAN_POINT('',(2.3810552368,5.8659889878,13.7170879864));
#5821=CARTESIAN_POINT('',(2.3318580336,5.8873065692,13.7098391898));
#5822=CARTESIAN_POINT('',(2.3336632528,5.8865345648,13.7118940765));
#5823=CARTESIAN_POINT('',(2.335459768,5.8857406246,13.7139483732));
#5824=CARTESIAN_POINT('',(2.3390349025,5.8841090895,13.7180552048));
#5825=CARTESIAN_POINT('',(2.3408135217,5.8832714945,13.7201077397));
#5826=CARTESIAN_POINT('',(2.3443523814,5.8815528781,13.724210466));
#5827=CARTESIAN_POINT('',(2.3461126218,5.8806718568,13.7262606576));
#5828=CARTESIAN_POINT('',(2.3496142459,5.8788666282,13.7303581165));
#5829=CARTESIAN_POINT('',(2.3513556295,5.877942421,13.7324053839));
#5830=CARTESIAN_POINT('',(2.3548190672,5.8760510729,13.7364964146));
#5831=CARTESIAN_POINT('',(2.3565411213,5.8750839322,13.7385401778));
#5832=CARTESIAN_POINT('',(2.3582532769,5.8740954567,13.7405818995));
#5833=CARTESIAN_POINT('',(2.3140114774,5.893806164,13.7291785604));
#5834=CARTESIAN_POINT('',(2.3161815161,5.8928979954,13.7312334162));
#5835=CARTESIAN_POINT('',(2.3183409782,5.8919629287,13.7332875493));
#5836=CARTESIAN_POINT('',(2.3226380216,5.890039315,13.7373936579));
#5837=CARTESIAN_POINT('',(2.3247756029,5.889050768,13.7394456333));
#5838=CARTESIAN_POINT('',(2.3290281646,5.8870205278,13.7435467144));
#5839=CARTESIAN_POINT('',(2.3311431449,5.8859788345,13.7455958202));
#5840=CARTESIAN_POINT('',(2.3353497918,5.8838426535,13.7496904509));
#5841=CARTESIAN_POINT('',(2.3374414584,5.8827481657,13.751735976));
#5842=CARTESIAN_POINT('',(2.3416007729,5.8805067649,13.7558227358));
#5843=CARTESIAN_POINT('',(2.3436684208,5.8793598519,13.7578639704));
#5844=CARTESIAN_POINT('',(2.345723711,5.8781869197,13.7599027057));
#5845=CARTESIAN_POINT('',(2.2456562053,5.9180843448,13.8167762185));
#5846=CARTESIAN_POINT('',(2.2492264581,5.9166638619,13.8188308855));
#5847=CARTESIAN_POINT('',(2.2527777527,5.9151938771,13.8208842273));
#5848=CARTESIAN_POINT('',(2.2598404038,5.912155748,13.824986954));
#5849=CARTESIAN_POINT('',(2.2633517603,5.9105876036,13.8270363389));
#5850=CARTESIAN_POINT('',(2.2703325359,5.9073540539,13.8311298476));
#5851=CARTESIAN_POINT('',(2.2738019549,5.9056886486,13.8331739713));
#5852=CARTESIAN_POINT('',(2.2806968794,5.90226153,13.8372556562));
#5853=CARTESIAN_POINT('',(2.284122385,5.9004998168,13.8392932174));
#5854=CARTESIAN_POINT('',(2.290927531,5.8968810893,13.8433604795));
#5855=CARTESIAN_POINT('',(2.2943071715,5.895024075,13.8453901804));
#5856=CARTESIAN_POINT('',(2.2976629164,5.8931199404,13.8474153045));
#5857=CARTESIAN_POINT('',(2.2101300254,5.929151198,13.8963576883));
#5858=CARTESIAN_POINT('',(2.2144355425,5.9274875783,13.8984120759));
#5859=CARTESIAN_POINT('',(2.2187147171,5.9257536222,13.9004645859));
#5860=CARTESIAN_POINT('',(2.2272166984,5.9221465379,13.9045640003));
#5861=CARTESIAN_POINT('',(2.231439505,5.9202734098,13.9066109045));
#5862=CARTESIAN_POINT('',(2.2398251135,5.916389597,13.9106972616));
#5863=CARTESIAN_POINT('',(2.2439879152,5.9143789123,13.9127367144));
#5864=CARTESIAN_POINT('',(2.2522499264,5.9102217148,13.9168063288));
#5865=CARTESIAN_POINT('',(2.2563491357,5.9080752021,13.9188364904));
#5866=CARTESIAN_POINT('',(2.2644804262,5.9036481893,13.9228856904));
#5867=CARTESIAN_POINT('',(2.2685125073,5.9013676892,13.9249047288));
#5868=CARTESIAN_POINT('',(2.2725092838,5.8990211711,13.9269172942));
#5869=CARTESIAN_POINT('',(2.1033089721,5.9612773162,14.1613218256));
#5870=CARTESIAN_POINT('',(2.109838345,5.9588975894,14.1633751046));
#5871=CARTESIAN_POINT('',(2.1163173859,5.9563771534,14.1654246475));
#5872=CARTESIAN_POINT('',(2.1291641533,5.9510590368,14.1695125851));
#5873=CARTESIAN_POINT('',(2.1355318792,5.9482613564,14.1715509795));
#5874=CARTESIAN_POINT('',(2.1481455403,5.9423933614,14.1756129607));
#5875=CARTESIAN_POINT('',(2.154391475,5.9393230472,14.1776365473));
#5876=CARTESIAN_POINT('',(2.1667512687,5.9329148247,14.1816652771));
#5877=CARTESIAN_POINT('',(2.1728651272,5.9295769167,14.1836704201));
#5878=CARTESIAN_POINT('',(2.1849506902,5.9226389688,14.1876586556));
#5879=CARTESIAN_POINT('',(2.1909223942,5.9190389292,14.1896417481));
#5880=CARTESIAN_POINT('',(2.1968180931,5.9153107615,14.1916120293));
#5881=CARTESIAN_POINT('',(2.0519545367,5.9736646855,14.3566923897));
#5882=CARTESIAN_POINT('',(2.0595689287,5.9709868314,14.3587446564));
#5883=CARTESIAN_POINT('',(2.0671163135,5.9681151801,14.3607917968));
#5884=CARTESIAN_POINT('',(2.0820591245,5.9619911483,14.3648707876));
#5885=CARTESIAN_POINT('',(2.0894545494,5.9587387683,14.3669026376));
#5886=CARTESIAN_POINT('',(2.1040758427,5.9518610163,14.3709460445));
#5887=CARTESIAN_POINT('',(2.1113017097,5.9482356448,14.3729576011));
#5888=CARTESIAN_POINT('',(2.1255666747,5.9406205005,14.3769554643));
#5889=CARTESIAN_POINT('',(2.1326057715,5.9366307284,14.3789417707));
#5890=CARTESIAN_POINT('',(2.1464804073,5.9282962095,14.3828842347));
#5891=CARTESIAN_POINT('',(2.153315945,5.9239514633,14.3848403919));
#5892=CARTESIAN_POINT('',(2.1600415391,5.9194343507,14.38677906));
#5893=CARTESIAN_POINT('',(1.9581809757,5.9948244924,14.7458209386));
#5894=CARTESIAN_POINT('',(1.9677356512,5.9916415363,14.7478717022));
#5895=CARTESIAN_POINT('',(1.9771924727,5.9881603488,14.7499146186));
#5896=CARTESIAN_POINT('',(1.9958754317,5.9806144168,14.7539770653));
#5897=CARTESIAN_POINT('',(2.0051015649,5.9765496739,14.7559965947));
#5898=CARTESIAN_POINT('',(2.023289005,5.967851671,14.7600046592));
#5899=CARTESIAN_POINT('',(2.0322503079,5.9632184129,14.7619931934));
#5900=CARTESIAN_POINT('',(2.0498749113,5.9534004959,14.7659317726));
#5901=CARTESIAN_POINT('',(2.058538208,5.9482158393,14.7678818166));
#5902=CARTESIAN_POINT('',(2.0755347087,5.9373142571,14.7717360612));
#5903=CARTESIAN_POINT('',(2.083867909,5.931597334,14.7736402608));
#5904=CARTESIAN_POINT('',(2.0920206187,5.9256248154,14.7755179451));
#5905=CARTESIAN_POINT('',(1.917782069,6.0026375875,14.9423936127));
#5906=CARTESIAN_POINT('',(1.9281709808,5.9992597071,14.9444436324));
#5907=CARTESIAN_POINT('',(1.9384473369,5.9955306172,14.9464844316));
#5908=CARTESIAN_POINT('',(1.9587299863,5.9873863649,14.950538562));
#5909=CARTESIAN_POINT('',(1.9687362732,5.9829712052,14.9525518919));
#5910=CARTESIAN_POINT('',(1.9884349882,5.9734741323,14.9565421734));
#5911=CARTESIAN_POINT('',(1.9981274102,5.9683922219,14.9585191237));
#5912=CARTESIAN_POINT('',(2.0171559551,5.9575838516,14.9624278926));
#5913=CARTESIAN_POINT('',(2.0264920722,5.951857395,14.96435971));
#5914=CARTESIAN_POINT('',(2.0447671039,5.9397849267,14.9681696554));
#5915=CARTESIAN_POINT('',(2.0537060129,5.9334389188,14.9700477821));
#5916=CARTESIAN_POINT('',(2.0624267246,5.926796973,14.9718949014));
#5917=CARTESIAN_POINT('',(1.8068542896,6.0219846256,15.5291024136));
#5918=CARTESIAN_POINT('',(1.8195329348,6.0181076743,15.5311502105));
#5919=CARTESIAN_POINT('',(1.8320572249,6.0137208163,15.5331846877));
#5920=CARTESIAN_POINT('',(1.8567190709,6.0039547289,15.5372140058));
#5921=CARTESIAN_POINT('',(1.8688566114,5.9985755056,15.539208844));
#5922=CARTESIAN_POINT('',(1.8926692718,5.9868582126,15.5431461244));
#5923=CARTESIAN_POINT('',(1.9043443768,5.9805201502,15.545088564));
#5924=CARTESIAN_POINT('',(1.9271593047,5.9669245756,15.5489086081));
#5925=CARTESIAN_POINT('',(1.9382991133,5.9596670719,15.5507862102));
#5926=CARTESIAN_POINT('',(1.959973851,5.9442776459,15.5544645375));
#5927=CARTESIAN_POINT('',(1.9705087664,5.9361457333,15.5562652603));
#5928=CARTESIAN_POINT('',(1.9807082851,5.9276018094,15.5580217592));
#5929=CARTESIAN_POINT('',(1.7453740971,6.0296594389,15.9222264616));
#5930=CARTESIAN_POINT('',(1.7593204469,6.0255582065,15.924272766));
#5931=CARTESIAN_POINT('',(1.7730871594,6.0208399845,15.926303004));
#5932=CARTESIAN_POINT('',(1.8001568071,6.0102055112,15.9303157092));
#5933=CARTESIAN_POINT('',(1.8134597171,6.00428927,15.9322981725));
#5934=CARTESIAN_POINT('',(1.8395006776,5.991303681,15.9362000394));
#5935=CARTESIAN_POINT('',(1.8522387039,5.9842343454,15.9381194393));
#5936=CARTESIAN_POINT('',(1.8770530279,5.9689961185,15.9418803624));
#5937=CARTESIAN_POINT('',(1.8891293024,5.9608272414,15.943721882));
#5938=CARTESIAN_POINT('',(1.9125281784,5.9434517197,15.9473128104));
#5939=CARTESIAN_POINT('',(1.923850758,5.934245091,15.9490622158));
#5940=CARTESIAN_POINT('',(1.9347533288,5.9245543663,15.9507587937));
#5941=CARTESIAN_POINT('',(1.6329589165,6.0407261426,16.7079028232));
#5942=CARTESIAN_POINT('',(1.6492296877,6.0362638578,16.7099459793));
#5943=CARTESIAN_POINT('',(1.6652743186,6.0309689252,16.7119675623));
#5944=CARTESIAN_POINT('',(1.6967470241,6.0187680928,16.7159466889));
#5945=CARTESIAN_POINT('',(1.7121750443,6.0118622141,16.7179042255));
#5946=CARTESIAN_POINT('',(1.7422564143,5.9965102327,16.7217350037));
#5947=CARTESIAN_POINT('',(1.756909712,5.9880641564,16.7236082384));
#5948=CARTESIAN_POINT('',(1.785291394,5.9697181926,16.7272510145));
#5949=CARTESIAN_POINT('',(1.7990197292,5.9598183366,16.7290205494));
#5950=CARTESIAN_POINT('',(1.8254106323,5.9386660237,16.7324375824));
#5951=CARTESIAN_POINT('',(1.8380731546,5.9274136032,16.7340850746));
#5952=CARTESIAN_POINT('',(1.8501377732,5.9155423761,16.7356629978));
#5953=CARTESIAN_POINT('',(1.5823915595,6.0439200967,17.1014762037));
#5954=CARTESIAN_POINT('',(1.5997112379,6.0393250428,17.103517702));
#5955=CARTESIAN_POINT('',(1.6167835081,6.0337884807,17.1055348597));
#5956=CARTESIAN_POINT('',(1.6502355643,6.0208965741,17.1094969808));
#5957=CARTESIAN_POINT('',(1.6666152763,6.0135412581,17.1114419353));
#5958=CARTESIAN_POINT('',(1.69849237,5.9970970507,17.1152369494));
#5959=CARTESIAN_POINT('',(1.7139896812,5.9880081956,17.1170870006));
#5960=CARTESIAN_POINT('',(1.7439222704,5.9682020772,17.1206706001));
#5961=CARTESIAN_POINT('',(1.7583574822,5.9574848575,17.1224041404));
#5962=CARTESIAN_POINT('',(1.7859983662,5.9345459381,17.1257344522));
#5963=CARTESIAN_POINT('',(1.7992039771,5.922324289,17.1273312162));
#5964=CARTESIAN_POINT('',(1.8117181212,5.9094210391,17.1288502505));
#5965=CARTESIAN_POINT('',(1.4406706571,6.049428634,18.2830797905));
#5966=CARTESIAN_POINT('',(1.4609482201,6.0445162898,18.2851158519));
#5967=CARTESIAN_POINT('',(1.4809194257,6.0383324174,18.2871192098));
#5968=CARTESIAN_POINT('',(1.5199418508,6.0235172031,18.2910291553));
#5969=CARTESIAN_POINT('',(1.5389929194,6.0148859187,18.2929357275));
#5970=CARTESIAN_POINT('',(1.5758814875,5.9953087529,18.2966221776));
#5971=CARTESIAN_POINT('',(1.5937188442,5.984362947,18.2984020408));
#5972=CARTESIAN_POINT('',(1.6279048207,5.9603248228,18.3018070768));
#5973=CARTESIAN_POINT('',(1.6442533077,5.9472325968,18.3034322357));
#5974=CARTESIAN_POINT('',(1.6752089309,5.919102409,18.306502221));
#5975=CARTESIAN_POINT('',(1.6898159465,5.904064555,18.3079470349));
#5976=CARTESIAN_POINT('',(1.703439159,5.8881690636,18.3092902347));
#5977=CARTESIAN_POINT('',(1.3592767131,6.0477299459,19.0726701783));
#5978=CARTESIAN_POINT('',(1.3812789249,6.042712712,19.0747020091));
#5979=CARTESIAN_POINT('',(1.4029418804,6.0361992399,19.0766954767));
#5980=CARTESIAN_POINT('',(1.4451964422,6.0202984629,19.0805690983));
#5981=CARTESIAN_POINT('',(1.465787822,6.0109112437,19.0824492309));
#5982=CARTESIAN_POINT('',(1.5055251651,5.9894332722,19.0860615843));
#5983=CARTESIAN_POINT('',(1.524670915,5.9773426346,19.087793785));
#5984=CARTESIAN_POINT('',(1.5611687858,5.9506766654,19.0910783323));
#5985=CARTESIAN_POINT('',(1.5785207099,5.9361014756,19.0926306606));
#5986=CARTESIAN_POINT('',(1.611114738,5.90472993,19.0955267536));
#5987=CARTESIAN_POINT('',(1.6263566653,5.8879337407,19.096870502));
#5988=CARTESIAN_POINT('',(1.6404044046,5.8701787622,19.0980974902));
#5989=CARTESIAN_POINT('',(1.1357256456,6.0347847463,21.4384604808));
#5990=CARTESIAN_POINT('',(1.1625951799,6.0295968649,21.4404757829));
#5991=CARTESIAN_POINT('',(1.1890407224,6.0222179625,21.4424352798));
#5992=CARTESIAN_POINT('',(1.2403973079,6.0032713946,21.4461903667));
#5993=CARTESIAN_POINT('',(1.2653077904,5.9917039368,21.4479859137));
#5994=CARTESIAN_POINT('',(1.3129457843,5.964680635,21.4513648973));
#5995=CARTESIAN_POINT('',(1.3356727744,5.9492250842,21.4529482949));
#5996=CARTESIAN_POINT('',(1.3783508116,5.9148253063,21.4558601965));
#5997=CARTESIAN_POINT('',(1.3983013892,5.8958814504,21.4571886663));
#5998=CARTESIAN_POINT('',(1.4349040401,5.8549941121,21.4595544502));
#5999=CARTESIAN_POINT('',(1.4515557073,5.83305107,21.460591736));
#6000=CARTESIAN_POINT('',(1.466338635,5.8098913036,21.461469043));
#6001=CARTESIAN_POINT('',(1.0136064452,6.0156915856,23.0168351469));
#6002=CARTESIAN_POINT('',(1.0431896244,6.0106093054,23.0188374928));
#6003=CARTESIAN_POINT('',(1.0723147158,6.0028636718,23.0207722574));
#6004=CARTESIAN_POINT('',(1.1287253025,5.98229339,23.0244441639));
#6005=CARTESIAN_POINT('',(1.1560098811,5.9694690775,23.0261812433));
#6006=CARTESIAN_POINT('',(1.2078716673,5.9391480884,23.0294013652));
#6007=CARTESIAN_POINT('',(1.2324480284,5.9216518996,23.0308843521));
#6008=CARTESIAN_POINT('',(1.2781097187,5.8825400245,23.0335478343));
#6009=CARTESIAN_POINT('',(1.2991942962,5.860924964,23.0347282827));
#6010=CARTESIAN_POINT('',(1.3371969365,5.814257669,23.0367477334));
#6011=CARTESIAN_POINT('',(1.3541143643,5.7892061805,23.037586699));
#6012=CARTESIAN_POINT('',(1.3686753248,5.7628316704,23.0382408423));
#6013=CARTESIAN_POINT('',(0.8271119264,5.976114634,25.6945713132));
#6014=CARTESIAN_POINT('',(0.8609826738,5.9713541192,25.6965451129));
#6015=CARTESIAN_POINT('',(0.8943651814,5.9631043017,25.6984307775));
#6016=CARTESIAN_POINT('',(0.9587625393,5.9399707568,25.7019467814));
#6017=CARTESIAN_POINT('',(0.9897755212,5.9250877012,25.7035770174));
#6018=CARTESIAN_POINT('',(1.0481372909,5.8893089958,25.7065135062));
#6019=CARTESIAN_POINT('',(1.0754843837,5.868414382,25.7078196724));
#6020=CARTESIAN_POINT('',(1.1253701576,5.8214841944,25.7100528552));
#6021=CARTESIAN_POINT('',(1.1479073871,5.7954499781,25.7109798056));
#6022=CARTESIAN_POINT('',(1.1872289996,5.7393264541,25.7124151885));
#6023=CARTESIAN_POINT('',(1.2040122342,5.7092387697,25.7129235777));
#6024=CARTESIAN_POINT('',(1.2175663314,5.6777511197,25.713211749));
#6025=CARTESIAN_POINT('',(0.7570858016,5.9575668319,26.7938422734));
#6026=CARTESIAN_POINT('',(0.7926057135,5.9529855993,26.795802671));
#6027=CARTESIAN_POINT('',(0.8276332732,5.9445702574,26.7976663659));
#6028=CARTESIAN_POINT('',(0.8951021167,5.9204571052,26.8011146944));
#6029=CARTESIAN_POINT('',(0.9275410427,5.9047601384,26.802699206));
#6030=CARTESIAN_POINT('',(0.9883442606,5.8668027636,26.8055159882));
#6031=CARTESIAN_POINT('',(1.0167064251,5.8445436787,26.8067481587));
#6032=CARTESIAN_POINT('',(1.0680536241,5.7944810534,26.8088031847));
#6033=CARTESIAN_POINT('',(1.0910368574,5.7666792563,26.8096259665));
#6034=CARTESIAN_POINT('',(1.1305688496,5.706803906,26.8108238716));
#6035=CARTESIAN_POINT('',(1.1471162149,5.6747324381,26.8111989509));
#6036=CARTESIAN_POINT('',(1.1600643595,5.6412594246,26.8113412815));
#6037=CARTESIAN_POINT('',(0.6918140633,5.937499546,27.8933039592));
#6038=CARTESIAN_POINT('',(0.7289098777,5.9331283363,27.8952488627));
#6039=CARTESIAN_POINT('',(0.7655165234,5.9245724438,27.8970883547));
#6040=CARTESIAN_POINT('',(0.8359216569,5.8995189681,27.9004645668));
#6041=CARTESIAN_POINT('',(0.8697171754,5.8830224415,27.9020011445));
#6042=CARTESIAN_POINT('',(0.9328048129,5.8429144066,27.904694436));
#6043=CARTESIAN_POINT('',(0.9620942711,5.8193045898,27.9058510362));
#6044=CARTESIAN_POINT('',(1.0147004031,5.7661535182,27.9077263314));
#6045=CARTESIAN_POINT('',(1.0380148583,5.7366145049,27.9084449475));
#6046=CARTESIAN_POINT('',(1.0775011503,5.6730860611,27.9094081956));
#6047=CARTESIAN_POINT('',(1.0936713219,5.6390993099,27.909652787));
#6048=CARTESIAN_POINT('',(1.1058643778,5.6037394604,27.9096542328));
#6049=B_SPLINE_SURFACE_WITH_KNOTS('',3,3,((#5473,#5474,#5475,#5476,#5477,#5478,#5479,#5480,#5481,#5482,#5483,#5484),
    (#5485,#5486,#5487,#5488,#5489,#5490,#5491,#5492,#5493,#5494,#5495,#5496),
    (#5497,#5498,#5499,#5500,#5501,#5502,#5503,#5504,#5505,#5506,#5507,#5508),
    (#5509,#5510,#5511,#5512,#5513,#5514,#5515,#5516,#5517,#5518,#5519,#5520),
    (#5521,#5522,#5523,#5524,#5525,#5526,#5527,#5528,#5529,#5530,#5531,#5532),
    (#5533,#5534,#5535,#5536,#5537,#5538,#5539,#5540,#5541,#5542,#5543,#5544),
    (#5545,#5546,#5547,#5548,#5549,#5550,#5551,#5552,#5553,#5554,#5555,#5556),
    (#5557,#5558,#5559,#5560,#5561,#5562,#5563,#5564,#5565,#5566,#5567,#5568),
    (#5569,#5570,#5571,#5572,#5573,#5574,#5575,#5576,#5577,#5578,#5579,#5580),
    (#5581,#5582,#5583,#5584,#5585,#5586,#5587,#5588,#5589,#5590,#5591,#5592),
    (#5593,#5594,#5595,#5596,#5597,#5598,#5599,#5600,#5601,#5602,#5603,#5604),
    (#5605,#5606,#5607,#5608,#5609,#5610,#5611,#5612,#5613,#5614,#5615,#5616),
    (#5617,#5618,#5619,#5620,#5621,#5622,#5623,#5624,#5625,#5626,#5627,#5628),
    (#5629,#5630,#5631,#5632,#5633,#5634,#5635,#5636,#5637,#5638,#5639,#5640),
    (#5641,#5642,#5643,#5644,#5645,#5646,#5647,#5648,#5649,#5650,#5651,#5652),
    (#5653,#5654,#5655,#5656,#5657,#5658,#5659,#5660,#5661,#5662,#5663,#5664),
    (#5665,#5666,#5667,#5668,#5669,#5670,#5671,#5672,#5673,#5674,#5675,#5676),
    (#5677,#5678,#5679,#5680,#5681,#5682,#5683,#5684,#5685,#5686,#5687,#5688),
    (#5689,#5690,#5691,#5692,#5693,#5694,#5695,#5696,#5697,#5698,#5699,#5700),
    (#5701,#5702,#5703,#5704,#5705,#5706,#5707,#5708,#5709,#5710,#5711,#5712),
    (#5713,#5714,#5715,#5716,#5717,#5718,#5719,#5720,#5721,#5722,#5723,#5724),
    (#5725,#5726,#5727,#5728,#5729,#5730,#5731,#5732,#5733,#5734,#5735,#5736),
    (#5737,#5738,#5739,#5740,#5741,#5742,#5743,#5744,#5745,#5746,#5747,#5748),
    (#5749,#5750,#5751,#5752,#5753,#5754,#5755,#5756,#5757,#5758,#5759,#5760),
    (#5761,#5762,#5763,#5764,#5765,#5766,#5767,#5768,#5769,#5770,#5771,#5772),
    (#5773,#5774,#5775,#5776,#5777,#5778,#5779,#5780,#5781,#5782,#5783,#5784),
    (#5785,#5786,#5787,#5788,#5789,#5790,#5791,#5792,#5793,#5794,#5795,#5796),
    (#5797,#5798,#5799,#5800,#5801,#5802,#5803,#5804,#5805,#5806,#5807,#5808),
    (#5809,#5810,#5811,#5812,#5813,#5814,#5815,#5816,#5817,#5818,#5819,#5820),
    (#5821,#5822,#5823,#5824,#5825,#5826,#5827,#5828,#5829,#5830,#5831,#5832),
    (#5833,#5834,#5835,#5836,#5837,#5838,#5839,#5840,#5841,#5842,#5843,#5844),
    (#5845,#5846,#5847,#5848,#5849,#5850,#5851,#5852,#5853,#5854,#5855,#5856),
    (#5857,#5858,#5859,#5860,#5861,#5862,#5863,#5864,#5865,#5866,#5867,#5868),
    (#5869,#5870,#5871,#5872,#5873,#5874,#5875,#5876,#5877,#5878,#5879,#5880),
    (#5881,#5882,#5883,#5884,#5885,#5886,#5887,#5888,#5889,#5890,#5891,#5892),
    (#5893,#5894,#5895,#5896,#5897,#5898,#5899,#5900,#5901,#5902,#5903,#5904),
    (#5905,#5906,#5907,#5908,#5909,#5910,#5911,#5912,#5913,#5914,#5915,#5916),
    (#5917,#5918,#5919,#5920,#5921,#5922,#5923,#5924,#5925,#5926,#5927,#5928),
    (#5929,#5930,#5931,#5932,#5933,#5934,#5935,#5936,#5937,#5938,#5939,#5940),
    (#5941,#5942,#5943,#5944,#5945,#5946,#5947,#5948,#5949,#5950,#5951,#5952),
    (#5953,#5954,#5955,#5956,#5957,#5958,#5959,#5960,#5961,#5962,#5963,#5964),
    (#5965,#5966,#5967,#5968,#5969,#5970,#5971,#5972,#5973,#5974,#5975,#5976),
    (#5977,#5978,#5979,#5980,#5981,#5982,#5983,#5984,#5985,#5986,#5987,#5988),
    (#5989,#5990,#5991,#5992,#5993,#5994,#5995,#5996,#5997,#5998,#5999,#6000),
    (#6001,#6002,#6003,#6004,#6005,#6006,#6007,#6008,#6009,#6010,#6011,#6012),
    (#6013,#6014,#6015,#6016,#6017,#6018,#6019,#6020,#6021,#6022,#6023,#6024),
    (#6025,#6026,#6027,#6028,#6029,#6030,#6031,#6032,#6033,#6034,#6035,#6036),
    (#6037,#6038,#6039,#6040,#6041,#6042,#6043,#6044,#6045,#6046,#6047,#6048)),.UNSPECIFIED.,.F.,.F.,.U.,
 (4,2,2,2,2,2,2,2,2,2,2,2,2,2,2,2,2,2,2,2,
    2,2,2,4),(4,2,2,2,2,4),
  (0.0,0.0035539662,0.1389516732,0.2743527194,0.3729042585,0.4293110671,0.4613650261,0.4794187656,0.4894891403,0.4950746086,
    0.4973565475,0.498838323,0.4999856075,0.5011357635,0.5026222167,0.5052789179,0.514090971,0.5348631638,0.5556353567,0.5968875068,
    0.638139657,0.7206439574,0.8853567968,1.0),(0.0,0.2,0.4,0.6,0.8,1.0),.UNSPECIFIED.);
#6050=ADVANCED_FACE('n° 1079',(#5472),#6049,.T.);
#6051=ORIENTED_EDGE('',*,*,#5104,.T.);
#6052=ORIENTED_EDGE('',*,*,#4514,.T.);
#6053=CARTESIAN_POINT('',(-0.6339655811,-5.4410145002,27.8808078637));
#6054=DIRECTION('',(0.9932803463,-0.1157331141,-0.0));
#6055=DIRECTION('',(-0.1157331141,-0.9932803463,0.0));
#6056=AXIS2_PLACEMENT_3D('',#6053,#6054,#6055);
#6057=CIRCLE('',#6056,0.5);
#6058=EDGE_CURVE('n° 1182',#730,#28,#6057,.T.);
#6059=ORIENTED_EDGE('',*,*,#6058,.F.);
#6060=EDGE_LOOP('',(#6051,#6052,#6059));
#6061=FACE_OUTER_BOUND('',#6060,.T.);
#6062=CARTESIAN_POINT('',(-0.6339655811,-5.4410145002,27.8808078637));
#6063=DIRECTION('',(-0.0258339683,-0.2217202323,0.9747680466));
#6064=DIRECTION('',(0.0,-0.9750934866,-0.2217942567));
#6065=AXIS2_PLACEMENT_3D('',#6062,#6063,#6064);
#6066=SPHERICAL_SURFACE('',#6065,0.5);
#6067=ADVANCED_FACE('n° 1081',(#6061),#6066,.T.);
#6068=ORIENTED_EDGE('',*,*,#5468,.T.);
#6069=ORIENTED_EDGE('',*,*,#5286,.T.);
#6070=CARTESIAN_POINT('',(3.3990849637,4.2956690468,27.8808078637));
#6071=DIRECTION('',(0.7841926608,-0.6205174218,-0.0));
#6072=DIRECTION('',(-0.6205174218,-0.7841926608,0.0));
#6073=AXIS2_PLACEMENT_3D('',#6070,#6071,#6072);
#6074=CIRCLE('',#6073,0.5);
#6075=EDGE_CURVE('n° 1185',#278,#609,#6074,.T.);
#6076=ORIENTED_EDGE('',*,*,#6075,.F.);
#6077=EDGE_LOOP('',(#6068,#6069,#6076));
#6078=FACE_OUTER_BOUND('',#6077,.T.);
#6079=CARTESIAN_POINT('',(3.3990849637,4.2956690468,27.8808078637));
#6080=DIRECTION('',(0.1385120197,0.1750476384,0.9747680466));
#6081=DIRECTION('',(0.0,-0.9842555291,0.1767513888));
#6082=AXIS2_PLACEMENT_3D('',#6079,#6080,#6081);
#6083=SPHERICAL_SURFACE('',#6082,0.5);
#6084=ADVANCED_FACE('n° 1083',(#6078),#6083,.T.);
#6085=ORIENTED_EDGE('',*,*,#6058,.T.);
#6086=ORIENTED_EDGE('',*,*,#521,.F.);
#6087=CARTESIAN_POINT('',(0.6339806851,-5.4410127403,27.8808078637));
#6088=DIRECTION('',(0.993280025,0.1157358714,0.0));
#6089=DIRECTION('',(-0.1157358714,0.993280025,0.0));
#6090=AXIS2_PLACEMENT_3D('',#6087,#6088,#6089);
#6091=CIRCLE('',#6090,0.5);
#6092=EDGE_CURVE('n° 1187',#749,#464,#6091,.T.);
#6093=ORIENTED_EDGE('',*,*,#6092,.F.);
#6094=ORIENTED_EDGE('',*,*,#755,.F.);
#6095=EDGE_LOOP('',(#6085,#6086,#6093,#6094));
#6096=FACE_OUTER_BOUND('',#6095,.T.);
#6097=CARTESIAN_POINT('',(0.0,0.0,27.8808078637));
#6098=DIRECTION('',(-0.0,-0.0,-1.0));
#6099=DIRECTION('',(-1.0,0.0,0.0));
#6100=AXIS2_PLACEMENT_3D('',#6097,#6098,#6099);
#6101=TOROIDAL_SURFACE('',#6100,5.4778235778,0.5);
#6102=ADVANCED_FACE('n° 1085',(#6096),#6101,.T.);
#6103=ORIENTED_EDGE('',*,*,#6075,.T.);
#6104=ORIENTED_EDGE('',*,*,#615,.F.);
#6105=CARTESIAN_POINT('',(4.2956596111,3.3990968882,27.8808078637));
#6106=DIRECTION('',(0.6205195987,-0.7841909383,0.0));
#6107=DIRECTION('',(0.7841909383,0.6205195987,0.0));
#6108=AXIS2_PLACEMENT_3D('',#6105,#6106,#6107);
#6109=CIRCLE('',#6108,0.5);
#6110=EDGE_CURVE('n° 1188',#331,#590,#6109,.T.);
#6111=ORIENTED_EDGE('',*,*,#6110,.F.);
#6112=ORIENTED_EDGE('',*,*,#337,.F.);
#6113=EDGE_LOOP('',(#6103,#6104,#6111,#6112));
#6114=FACE_OUTER_BOUND('',#6113,.T.);
#6115=CARTESIAN_POINT('',(0.0,0.0,27.8808078637));
#6116=DIRECTION('',(-0.0,-0.0,-1.0));
#6117=DIRECTION('',(-1.0,0.0,0.0));
#6118=AXIS2_PLACEMENT_3D('',#6115,#6116,#6117);
#6119=TOROIDAL_SURFACE('',#6118,5.4778235778,0.5);
#6120=ADVANCED_FACE('n° 1089',(#6114),#6119,.T.);
#6121=CARTESIAN_POINT('',(0.6339806851,-5.4410127403,27.8808078637));
#6122=DIRECTION('',(0.3086979797,0.9292068383,0.2031753157));
#6123=DIRECTION('',(0.9490007396,-0.3152738432,0.0));
#6124=AXIS2_PLACEMENT_3D('',#6121,#6122,#6123);
#6125=CIRCLE('',#6124,0.5);
#6126=EDGE_CURVE('n° 1193',#749,#1518,#6125,.T.);
#6127=ORIENTED_EDGE('',*,*,#6126,.F.);
#6128=ORIENTED_EDGE('',*,*,#6092,.T.);
#6129=CARTESIAN_POINT('',(0.6339806851,-5.4410127403,27.8808078637));
#6130=DIRECTION('',(0.0545989021,-0.0187653517,-0.9983320197));
#6131=DIRECTION('',(0.9985078416,0.0,0.0546085178));
#6132=AXIS2_PLACEMENT_3D('',#6129,#6130,#6131);
#6133=CIRCLE('',#6132,0.5);
#6134=EDGE_CURVE('n° 1190',#1518,#464,#6133,.T.);
#6135=ORIENTED_EDGE('',*,*,#6134,.F.);
#6136=EDGE_LOOP('',(#6127,#6128,#6135));
#6137=FACE_OUTER_BOUND('',#6136,.T.);
#6138=CARTESIAN_POINT('',(0.6339806851,-5.4410127403,27.8808078637));
#6139=DIRECTION('',(0.0258345837,-0.2217201606,0.9747680466));
#6140=DIRECTION('',(0.0,-0.9750935022,-0.2217941885));
#6141=AXIS2_PLACEMENT_3D('',#6138,#6139,#6140);
#6142=SPHERICAL_SURFACE('',#6141,0.5);
#6143=ADVANCED_FACE('n° 1093',(#6137),#6142,.T.);
#6144=CARTESIAN_POINT('',(4.2956596111,3.3990968882,27.8808078637));
#6145=DIRECTION('',(0.0518482889,-0.0253023414,-0.9983343861));
#6146=DIRECTION('',(0.9986541107,0.0,0.0518648938));
#6147=AXIS2_PLACEMENT_3D('',#6144,#6145,#6146);
#6148=CIRCLE('',#6147,0.5);
#6149=EDGE_CURVE('n° 1199',#331,#1804,#6148,.T.);
#6150=ORIENTED_EDGE('',*,*,#6149,.F.);
#6151=ORIENTED_EDGE('',*,*,#6110,.T.);
#6152=CARTESIAN_POINT('',(4.2956596111,3.3990968882,27.8808078637));
#6153=DIRECTION('',(-0.4393544138,-0.8750213244,0.2032372526));
#6154=DIRECTION('',(-0.8936727017,0.4487194026,0.0));
#6155=AXIS2_PLACEMENT_3D('',#6152,#6153,#6154);
#6156=CIRCLE('',#6155,0.5);
#6157=EDGE_CURVE('n° 1196',#1804,#590,#6156,.T.);
#6158=ORIENTED_EDGE('',*,*,#6157,.F.);
#6159=EDGE_LOOP('',(#6150,#6151,#6158));
#6160=FACE_OUTER_BOUND('',#6159,.T.);
#6161=CARTESIAN_POINT('',(4.2956596111,3.3990968882,27.8808078637));
#6162=DIRECTION('',(0.1750472539,0.1385125056,0.9747680466));
#6163=DIRECTION('',(0.9842555966,0.0,-0.1767510127));
#6164=AXIS2_PLACEMENT_3D('',#6161,#6162,#6163);
#6165=SPHERICAL_SURFACE('',#6164,0.5);
#6166=ADVANCED_FACE('n° 1095',(#6160),#6165,.T.);
#6167=ORIENTED_EDGE('',*,*,#6134,.T.);
#6168=ORIENTED_EDGE('',*,*,#514,.F.);
#6169=CARTESIAN_POINT('',(3.3990968882,-4.2956596111,27.8808078637));
#6170=DIRECTION('',(0.0253023414,0.0518482889,0.9983343861));
#6171=DIRECTION('',(0.0,-0.9986541107,0.0518648938));
#6172=AXIS2_PLACEMENT_3D('',#6169,#6170,#6171);
#6173=CIRCLE('',#6172,0.5);
#6174=EDGE_CURVE('n° 1201',#1516,#455,#6173,.T.);
#6175=ORIENTED_EDGE('',*,*,#6174,.F.);
#6176=ORIENTED_EDGE('',*,*,#1585,.F.);
#6177=EDGE_LOOP('',(#6167,#6168,#6175,#6176));
#6178=FACE_OUTER_BOUND('',#6177,.T.);
#6179=CARTESIAN_POINT('',(0.6918305336,-5.937497627,27.8933039572));
#6180=CARTESIAN_POINT('',(0.7289035898,-5.9331289519,27.8952493705));
#6181=CARTESIAN_POINT('',(0.7654880682,-5.9245807255,27.8970895017));
#6182=CARTESIAN_POINT('',(0.8358533734,-5.899551944,27.9004673303));
#6183=CARTESIAN_POINT('',(0.8696312398,-5.8830724419,27.9020048857));
#6184=CARTESIAN_POINT('',(0.9326910252,-5.8430059614,27.9047005153));
#6185=CARTESIAN_POINT('',(0.9619702912,-5.8194206688,27.9058584762));
#6186=CARTESIAN_POINT('',(1.0145657895,-5.7663234846,27.9077368784));
#6187=CARTESIAN_POINT('',(1.0378798091,-5.736813827,27.9084572407));
#6188=CARTESIAN_POINT('',(1.0773764263,-5.6733456635,27.9094243233));
#6189=CARTESIAN_POINT('',(1.0935573623,-5.6393898277,27.9096710029));
#6190=CARTESIAN_POINT('',(1.1057670054,-5.604059868,27.909674663));
#6191=CARTESIAN_POINT('',(0.6938556553,-5.9381195141,27.8592204681));
#6192=CARTESIAN_POINT('',(0.7308785325,-5.933744479,27.8611663881));
#6193=CARTESIAN_POINT('',(0.7674127681,-5.9252010525,27.8630073032));
#6194=CARTESIAN_POINT('',(0.8376847206,-5.9002028408,27.8663874543));
#6195=CARTESIAN_POINT('',(0.8714194966,-5.8837491018,27.8679265489));
#6196=CARTESIAN_POINT('',(0.9344068121,-5.8437516768,27.8706261356));
#6197=CARTESIAN_POINT('',(0.9636567156,-5.8202096647,27.8717865149));
#6198=CARTESIAN_POINT('',(1.0162125033,-5.7672113232,27.8736706631));
#6199=CARTESIAN_POINT('',(1.0395161879,-5.7377572116,27.8743943532));
#6200=CARTESIAN_POINT('',(1.0790147204,-5.6744057832,27.8753689285));
#6201=CARTESIAN_POINT('',(1.0952079153,-5.6405111177,27.8756197728));
#6202=CARTESIAN_POINT('',(1.1074418636,-5.6052413984,27.8756279282));
#6203=CARTESIAN_POINT('',(0.6958856586,-5.9387399038,27.8251361132));
#6204=CARTESIAN_POINT('',(0.732858309,-5.9343585361,27.827082537));
#6205=CARTESIAN_POINT('',(0.7693422604,-5.9258199247,27.8289242329));
#6206=CARTESIAN_POINT('',(0.839520768,-5.9008522908,27.8323066999));
#6207=CARTESIAN_POINT('',(0.8732124025,-5.8844243076,27.83384733));
#6208=CARTESIAN_POINT('',(0.9361271178,-5.8444959141,27.836550867));
#6209=CARTESIAN_POINT('',(0.9653475793,-5.8209971659,27.8377136613));
#6210=CARTESIAN_POINT('',(1.0178634572,-5.7680976447,27.8396035499));
#6211=CARTESIAN_POINT('',(1.0411566873,-5.7386990738,27.8403305656));
#6212=CARTESIAN_POINT('',(1.0806568549,-5.6754644072,27.8413126316));
#6213=CARTESIAN_POINT('',(1.096862148,-5.641630944,27.841567641));
#6214=CARTESIAN_POINT('',(1.1091202253,-5.6064215293,27.8415802939));
#6215=CARTESIAN_POINT('',(0.7754401385,-5.9629350191,26.4925694591));
#6216=CARTESIAN_POINT('',(0.81044729,-5.9583071655,26.4945354681));
#6217=CARTESIAN_POINT('',(0.8449637451,-5.9499574073,26.4964075679));
#6218=CARTESIAN_POINT('',(0.911485385,-5.9261855505,26.499880312));
#6219=CARTESIAN_POINT('',(0.9434883973,-5.9107642293,26.5014808405));
#6220=CARTESIAN_POINT('',(1.0035596806,-5.8735337081,26.5043385428));
#6221=CARTESIAN_POINT('',(1.031625986,-5.8517257187,26.5055956207));
#6222=CARTESIAN_POINT('',(1.082573793,-5.8026887265,26.507709714));
#6223=CARTESIAN_POINT('',(1.1054536209,-5.7754613157,26.5085666576));
#6224=CARTESIAN_POINT('',(1.1450067328,-5.716792489,26.5098414957));
#6225=CARTESIAN_POINT('',(1.1616787071,-5.6853529783,26.5102593457));
#6226=CARTESIAN_POINT('',(1.1748732131,-5.6525036709,26.5104479173));
#6227=CARTESIAN_POINT('',(0.8597900812,-5.9843636099,25.1943636712));
#6228=CARTESIAN_POINT('',(0.8928182487,-5.9795346015,25.1963447059));
#6229=CARTESIAN_POINT('',(0.9253630021,-5.9713896736,25.1982419211));
#6230=CARTESIAN_POINT('',(0.9881983932,-5.9487913755,25.2017930002));
#6231=CARTESIAN_POINT('',(1.0184873956,-5.9343385944,25.20344677));
#6232=CARTESIAN_POINT('',(1.0756094616,-5.8996971275,25.2064446317));
#6233=CARTESIAN_POINT('',(1.1024410366,-5.8795093408,25.2077886439));
#6234=CARTESIAN_POINT('',(1.1515824317,-5.8341966054,25.2101128808));
#6235=CARTESIAN_POINT('',(1.1738909678,-5.809072831,25.2110930432));
#6236=CARTESIAN_POINT('',(1.2130982854,-5.7548818211,25.2126498329));
#6237=CARTESIAN_POINT('',(1.2299960372,-5.7258159895,25.2132264177));
#6238=CARTESIAN_POINT('',(1.2438512645,-5.6953533272,25.2135893344));
#6239=CARTESIAN_POINT('',(1.0479442901,-6.0201592093,22.5990653347));
#6240=CARTESIAN_POINT('',(1.0767314479,-6.0150637237,22.6010713918));
#6241=CARTESIAN_POINT('',(1.1050717823,-6.0074389139,22.603013215));
#6242=CARTESIAN_POINT('',(1.1600009542,-5.9873628575,22.6067088472));
#6243=CARTESIAN_POINT('',(1.186588969,-5.9749119126,22.6084625988));
#6244=CARTESIAN_POINT('',(1.2372064855,-5.9455607168,22.6117280559));
#6245=CARTESIAN_POINT('',(1.261235227,-5.9286609027,22.6132397105));
#6246=CARTESIAN_POINT('',(1.3060035761,-5.8909225886,22.6159742089));
#6247=CARTESIAN_POINT('',(1.3267425074,-5.8700846479,22.6171970097));
#6248=CARTESIAN_POINT('',(1.3642986432,-5.8250991959,22.619315721));
#6249=CARTESIAN_POINT('',(1.3811152748,-5.8009523508,22.6202115974));
#6250=CARTESIAN_POINT('',(1.3957131659,-5.7755153002,22.6209299134));
#6251=CARTESIAN_POINT('',(1.1512826933,-6.0347241737,21.3018223702));
#6252=CARTESIAN_POINT('',(1.177818757,-6.0295588727,21.3038384136));
#6253=CARTESIAN_POINT('',(1.2039371819,-6.0222448338,21.3057997175));
#6254=CARTESIAN_POINT('',(1.2546678869,-6.0035083321,21.3095615433));
#6255=CARTESIAN_POINT('',(1.2792796191,-5.9920860723,21.3113620232));
#6256=CARTESIAN_POINT('',(1.3263632274,-5.9654267441,21.3147548937));
#6257=CARTESIAN_POINT('',(1.3488345939,-5.9501899623,21.3163472463));
#6258=CARTESIAN_POINT('',(1.3910579746,-5.9162921735,21.3192818453));
#6259=CARTESIAN_POINT('',(1.4108095303,-5.8976315298,21.3206240585));
#6260=CARTESIAN_POINT('',(1.4470825765,-5.8573637907,21.3230227265));
#6261=CARTESIAN_POINT('',(1.4636036708,-5.8357571262,21.3240791537));
#6262=CARTESIAN_POINT('',(1.4782951996,-5.8129537428,21.3249785152));
#6263=CARTESIAN_POINT('',(1.3600006179,-6.0479876044,19.0627487576));
#6264=CARTESIAN_POINT('',(1.3820793985,-6.0429435093,19.0647794389));
#6265=CARTESIAN_POINT('',(1.4038159133,-6.0363953173,19.0667715503));
#6266=CARTESIAN_POINT('',(1.4462096304,-6.0204104239,19.070641863));
#6267=CARTESIAN_POINT('',(1.4668666071,-6.010973808,19.072520043));
#6268=CARTESIAN_POINT('',(1.506725337,-5.9893835129,19.0761277163));
#6269=CARTESIAN_POINT('',(1.5259268775,-5.9772299478,19.0778571895));
#6270=CARTESIAN_POINT('',(1.5625247502,-5.9504258539,19.0811353364));
#6271=CARTESIAN_POINT('',(1.5799208861,-5.935775466,19.0826839915));
#6272=CARTESIAN_POINT('',(1.6125900371,-5.9042426496,19.0855716316));
#6273=CARTESIAN_POINT('',(1.6278628755,-5.8873603864,19.0869106002));
#6274=CARTESIAN_POINT('',(1.6419340361,-5.8695146768,19.0881321815));
#6275=CARTESIAN_POINT('',(1.4564746269,-6.0502207926,18.120006512));
#6276=CARTESIAN_POINT('',(1.4765180884,-6.0452950919,18.1220425667));
#6277=CARTESIAN_POINT('',(1.4962586203,-6.0391329183,18.1240467911));
#6278=CARTESIAN_POINT('',(1.5348410368,-6.0244276413,18.1279610225));
#6279=CARTESIAN_POINT('',(1.5536827847,-6.0158845903,18.129871015));
#6280=CARTESIAN_POINT('',(1.5901876617,-5.9965443029,18.1335675676));
#6281=CARTESIAN_POINT('',(1.6078506611,-5.9857471347,18.1353541138));
#6282=CARTESIAN_POINT('',(1.6417351776,-5.9620582015,18.1387763572));
#6283=CARTESIAN_POINT('',(1.6579565738,-5.9491665197,18.1404120414));
#6284=CARTESIAN_POINT('',(1.6887158953,-5.9214787155,18.1435073436));
#6285=CARTESIAN_POINT('',(1.7032537103,-5.9066826902,18.1449669497));
#6286=CARTESIAN_POINT('',(1.7168409696,-5.8910434523,18.1463271985));
#6287=CARTESIAN_POINT('',(1.6406646259,-6.0404677112,16.6412055649));
#6288=CARTESIAN_POINT('',(1.6568125688,-6.0360129584,16.6432490298));
#6289=CARTESIAN_POINT('',(1.6727364392,-6.0307396145,16.6452712754));
#6290=CARTESIAN_POINT('',(1.7039767538,-6.0186087437,16.6492527625));
#6291=CARTESIAN_POINT('',(1.7192931478,-6.0117512364,16.6512119974));
#6292=CARTESIAN_POINT('',(1.7491651067,-5.9965206432,16.6550475041));
#6293=CARTESIAN_POINT('',(1.7637206235,-5.9881475816,16.6569237695));
#6294=CARTESIAN_POINT('',(1.791924882,-5.9699694014,16.6605741948));
#6295=CARTESIAN_POINT('',(1.8055735782,-5.9601643117,16.6623483484));
#6296=CARTESIAN_POINT('',(1.8318271122,-5.9392197157,16.6657764134));
#6297=CARTESIAN_POINT('',(1.8444319075,-5.9280802426,16.6674303188));
#6298=CARTESIAN_POINT('',(1.8564513251,-5.9163289756,16.6690156273));
#6299=CARTESIAN_POINT('',(1.7140722161,-6.0343390049,16.1033628049));
#6300=CARTESIAN_POINT('',(1.7286467234,-6.0301168445,16.1054087726));
#6301=CARTESIAN_POINT('',(1.7430299038,-6.0252292599,16.1074374296));
#6302=CARTESIAN_POINT('',(1.7712976956,-6.0141628388,16.1114432826));
#6303=CARTESIAN_POINT('',(1.7851822776,-6.0079840137,16.1134204743));
#6304=CARTESIAN_POINT('',(1.8123408375,-5.9943849198,16.1173069551));
#6305=CARTESIAN_POINT('',(1.825614787,-5.986964665,16.1192162398));
#6306=CARTESIAN_POINT('',(1.851444856,-5.9709423276,16.1229510012));
#6307=CARTESIAN_POINT('',(1.8640009484,-5.9623402615,16.1247764736));
#6308=CARTESIAN_POINT('',(1.8882937177,-5.9440232648,16.1283283671));
#6309=CARTESIAN_POINT('',(1.9000303692,-5.934308353,16.1300547841));
#6310=CARTESIAN_POINT('',(1.9113097352,-5.9240758981,16.1317244454));
#6311=CARTESIAN_POINT('',(1.8552114516,-6.0139622729,15.2638220491));
#6312=CARTESIAN_POINT('',(1.866813901,-6.0103200748,15.2658712872));
#6313=CARTESIAN_POINT('',(1.8782822177,-6.0062454933,15.2679092071));
#6314=CARTESIAN_POINT('',(1.9008894409,-5.9972533718,15.2719513465));
#6315=CARTESIAN_POINT('',(1.9120283372,-5.9923358358,15.2739555642));
#6316=CARTESIAN_POINT('',(1.9339172785,-5.9816840275,15.2779194074));
#6317=CARTESIAN_POINT('',(1.9446673135,-5.9759497601,15.2798790311));
#6318=CARTESIAN_POINT('',(1.9657211186,-5.9636949855,15.2837430284));
#6319=CARTESIAN_POINT('',(1.9760248792,-5.9571744838,15.2856474));
#6320=CARTESIAN_POINT('',(1.9961310422,-5.9433818568,15.289390524));
#6321=CARTESIAN_POINT('',(2.0059334356,-5.9361097377,15.2912292745));
#6322=CARTESIAN_POINT('',(2.0154589046,-5.9284810872,15.2930302027));
#6323=CARTESIAN_POINT('',(1.9113632323,-6.0045180689,14.9601092798));
#6324=CARTESIAN_POINT('',(1.9217960132,-6.0011259513,14.9621595727));
#6325=CARTESIAN_POINT('',(1.9321165131,-5.9973842126,14.964200685));
#6326=CARTESIAN_POINT('',(1.952488909,-5.9892175295,14.9682555578));
#6327=CARTESIAN_POINT('',(1.962540799,-5.9847925874,14.970269317));
#6328=CARTESIAN_POINT('',(1.9823330439,-5.9752783908,14.9742606042));
#6329=CARTESIAN_POINT('',(1.992073393,-5.9701891391,14.976238131));
#6330=CARTESIAN_POINT('',(2.0112009235,-5.9593679926,14.9801482256));
#6331=CARTESIAN_POINT('',(2.0205880994,-5.953636101,14.9820807922));
#6332=CARTESIAN_POINT('',(2.0389691199,-5.941554031,14.9858924264));
#6333=CARTESIAN_POINT('',(2.0479629592,-5.9352038562,14.9877714928));
#6334=CARTESIAN_POINT('',(2.0567408682,-5.9285580103,14.9896196516));
#6335=CARTESIAN_POINT('',(2.0197932298,-5.9810457014,14.4897465631));
#6336=CARTESIAN_POINT('',(2.0279986309,-5.9782150772,14.4917983851));
#6337=CARTESIAN_POINT('',(2.0361280543,-5.9751604,14.4938442923));
#6338=CARTESIAN_POINT('',(2.0522123199,-5.9686114693,14.4979184702));
#6339=CARTESIAN_POINT('',(2.0601671601,-5.9651172165,14.4999467402));
#6340=CARTESIAN_POINT('',(2.0758801052,-5.9576988641,14.5039798833));
#6341=CARTESIAN_POINT('',(2.0836382082,-5.9537747652,14.5059847558));
#6342=CARTESIAN_POINT('',(2.0989360605,-5.9455076221,14.5099654074));
#6343=CARTESIAN_POINT('',(2.1064758078,-5.9411645788,14.511941186));
#6344=CARTESIAN_POINT('',(2.1213159224,-5.9320715924,14.5158580326));
#6345=CARTESIAN_POINT('',(2.1286162877,-5.9273216503,14.5177991001));
#6346=CARTESIAN_POINT('',(2.135786774,-5.9223748369,14.5197200511));
#6347=CARTESIAN_POINT('',(2.0627603513,-5.9709599232,14.3207794982));
#6348=CARTESIAN_POINT('',(2.0700881942,-5.9683634644,14.322831847));
#6349=CARTESIAN_POINT('',(2.0773536079,-5.9655875225,14.3248794449));
#6350=CARTESIAN_POINT('',(2.0917435986,-5.9596828004,14.32896047));
#6351=CARTESIAN_POINT('',(2.0988681746,-5.9565540207,14.3309938968));
#6352=CARTESIAN_POINT('',(2.1129608128,-5.9499505105,14.3350419401));
#6353=CARTESIAN_POINT('',(2.1199288739,-5.9464757806,14.3370565563));
#6354=CARTESIAN_POINT('',(2.1336931414,-5.9391880018,14.3410623796));
#6355=CARTESIAN_POINT('',(2.1404893466,-5.9353749535,14.3430535863));
#6356=CARTESIAN_POINT('',(2.1538949296,-5.9274188981,14.3470080421));
#6357=CARTESIAN_POINT('',(2.1605043062,-5.9232758915,14.3489712908));
#6358=CARTESIAN_POINT('',(2.1670129826,-5.9189724408,14.3509183164));
#6359=CARTESIAN_POINT('',(2.1466462061,-5.9479955741,14.0627689378));
#6360=CARTESIAN_POINT('',(2.1522718222,-5.9459073765,14.0648221137));
#6361=CARTESIAN_POINT('',(2.1578567762,-5.9437068783,14.0668723037));
#6362=CARTESIAN_POINT('',(2.1689375383,-5.9390843719,14.0709637733));
#6363=CARTESIAN_POINT('',(2.174433346,-5.9366623638,14.0730050528));
#6364=CARTESIAN_POINT('',(2.185328115,-5.9316002323,14.0770757747));
#6365=CARTESIAN_POINT('',(2.1907270761,-5.928960109,14.0791052169));
#6366=CARTESIAN_POINT('',(2.2014205837,-5.9234654407,14.083149354));
#6367=CARTESIAN_POINT('',(2.2067151299,-5.9206108959,14.0851640486));
#6368=CARTESIAN_POINT('',(2.2171923822,-5.9146913717,14.0891758001));
#6369=CARTESIAN_POINT('',(2.222375088,-5.9116263926,14.0911728568));
#6370=CARTESIAN_POINT('',(2.2274982369,-5.9084583343,14.0931596616));
#6371=CARTESIAN_POINT('',(2.1798484527,-5.9384401814,13.9708868435));
#6372=CARTESIAN_POINT('',(2.184802132,-5.9365603498,13.9729403177));
#6373=CARTESIAN_POINT('',(2.1897231255,-5.9345919608,13.9749914319));
#6374=CARTESIAN_POINT('',(2.1994944089,-5.930480209,13.9790866166));
#6375=CARTESIAN_POINT('',(2.2043446987,-5.9283368464,13.9811306871));
#6376=CARTESIAN_POINT('',(2.2139693172,-5.9238774743,13.9852094679));
#6377=CARTESIAN_POINT('',(2.2187436458,-5.9215614649,13.9872441781));
#6378=CARTESIAN_POINT('',(2.2282111649,-5.9167593091,13.9913019318));
#6379=CARTESIAN_POINT('',(2.2329043554,-5.9142731628,13.9933249752));
#6380=CARTESIAN_POINT('',(2.2422045072,-5.909133424,13.9973571012));
#6381=CARTESIAN_POINT('',(2.2468114684,-5.9064798315,13.9993661836));
#6382=CARTESIAN_POINT('',(2.251372815,-5.9037439501,14.0013671459));
#6383=CARTESIAN_POINT('',(2.2457908163,-5.9173435674,13.8346859775));
#6384=CARTESIAN_POINT('',(2.2494124982,-5.9159120266,13.8367399401));
#6385=CARTESIAN_POINT('',(2.2530137697,-5.9144268526,13.838792468));
#6386=CARTESIAN_POINT('',(2.2601730861,-5.9113502338,13.8428932409));
#6387=CARTESIAN_POINT('',(2.2637311311,-5.909758789,13.8449414858));
#6388=CARTESIAN_POINT('',(2.2708016169,-5.9064706935,13.8490322816));
#6389=CARTESIAN_POINT('',(2.2743140578,-5.9047740427,13.8510748325));
#6390=CARTESIAN_POINT('',(2.2812909875,-5.9012766689,13.8551528331));
#6391=CARTESIAN_POINT('',(2.2847554764,-5.8994759458,13.8571882827));
#6392=CARTESIAN_POINT('',(2.2916341854,-5.8957716288,13.8612506781));
#6393=CARTESIAN_POINT('',(2.2950484055,-5.8938680349,13.8632776238));
#6394=CARTESIAN_POINT('',(2.2984363492,-5.8919136399,13.865299619));
#6395=CARTESIAN_POINT('',(2.272154582,-5.9086169805,13.7866164534));
#6396=CARTESIAN_POINT('',(2.2752442213,-5.9073693637,13.7886705973));
#6397=CARTESIAN_POINT('',(2.2783178832,-5.90608038,13.7907236325));
#6398=CARTESIAN_POINT('',(2.2844317098,-5.9034203288,13.794826393));
#6399=CARTESIAN_POINT('',(2.2874718744,-5.9020492613,13.7968761183));
#6400=CARTESIAN_POINT('',(2.2935171809,-5.8992257334,13.8009711675));
#6401=CARTESIAN_POINT('',(2.2965223226,-5.897773273,13.8030164915));
#6402=CARTESIAN_POINT('',(2.3024960748,-5.8947876903,13.8071016493));
#6403=CARTESIAN_POINT('',(2.3054646853,-5.8932545681,13.8091414831));
#6404=CARTESIAN_POINT('',(2.3113638846,-5.8901084332,13.8132145743));
#6405=CARTESIAN_POINT('',(2.3142944735,-5.8884954206,13.8152478316));
#6406=CARTESIAN_POINT('',(2.3172053159,-5.8868428683,13.8172772593));
#6407=CARTESIAN_POINT('',(2.3200834294,-5.8914623988,13.7273453843));
#6408=CARTESIAN_POINT('',(2.3222049763,-5.8905709755,13.7293997948));
#6409=CARTESIAN_POINT('',(2.3243161538,-5.8896532503,13.7314534984));
#6410=CARTESIAN_POINT('',(2.328517069,-5.8877655018,13.735558795));
#6411=CARTESIAN_POINT('',(2.3306068067,-5.8867954784,13.7376103881));
#6412=CARTESIAN_POINT('',(2.3347641488,-5.884803456,13.7417107675));
#6413=CARTESIAN_POINT('',(2.3368317531,-5.8837814571,13.7437595538));
#6414=CARTESIAN_POINT('',(2.3409441418,-5.8816858235,13.7478536243));
#6415=CARTESIAN_POINT('',(2.3429889263,-5.8806121888,13.7498989085));
#6416=CARTESIAN_POINT('',(2.3470549963,-5.8784136407,13.7539852806));
#6417=CARTESIAN_POINT('',(2.349076282,-5.8772887272,13.7560263686));
#6418=CARTESIAN_POINT('',(2.3510854827,-5.8761383612,13.758065012));
#6419=CARTESIAN_POINT('',(2.3355122104,-5.8858139485,13.711016796));
#6420=CARTESIAN_POINT('',(2.3373220303,-5.8850393246,13.7130712861));
#6421=CARTESIAN_POINT('',(2.3391230456,-5.8842425411,13.71512518));
#6422=CARTESIAN_POINT('',(2.3427069668,-5.8826048769,13.7192311878));
#6423=CARTESIAN_POINT('',(2.3444898728,-5.8817639962,13.7212833016));
#6424=CARTESIAN_POINT('',(2.3480370806,-5.8800383718,13.7253851619));
#6425=CARTESIAN_POINT('',(2.3498013825,-5.8791536281,13.7274349083));
#6426=CARTESIAN_POINT('',(2.3533108922,-5.8773405241,13.7315314469));
#6427=CARTESIAN_POINT('',(2.3550561001,-5.8764121639,13.7335782392));
#6428=CARTESIAN_POINT('',(2.3585269376,-5.8745120855,13.7376682837));
#6429=CARTESIAN_POINT('',(2.3602525673,-5.8735403675,13.739711536));
#6430=CARTESIAN_POINT('',(2.3619681682,-5.8725471059,13.7417527258));
#6431=CARTESIAN_POINT('',(2.3645678217,-5.8747790382,13.6889341577));
#6432=CARTESIAN_POINT('',(2.3657898576,-5.8742312886,13.6909887764));
#6433=CARTESIAN_POINT('',(2.3670052225,-5.8736669772,13.6930429488));
#6434=CARTESIAN_POINT('',(2.3694223567,-5.8725053494,13.6971499605));
#6435=CARTESIAN_POINT('',(2.3706241258,-5.8719080328,13.6992027998));
#6436=CARTESIAN_POINT('',(2.3730138173,-5.87068052,13.7033067056));
#6437=CARTESIAN_POINT('',(2.3742017395,-5.8700503236,13.705357772));
#6438=CARTESIAN_POINT('',(2.376563489,-5.8687571833,13.7094576923));
#6439=CARTESIAN_POINT('',(2.3777373162,-5.8680942393,13.7115065461));
#6440=CARTESIAN_POINT('',(2.3800706304,-5.8667357429,13.7156016022));
#6441=CARTESIAN_POINT('',(2.3812301174,-5.8660401904,13.7176478044));
#6442=CARTESIAN_POINT('',(2.3823823131,-5.8653284067,13.7196924615));
#6443=CARTESIAN_POINT('',(2.3771729197,-5.8698984099,13.6813894173));
#6444=CARTESIAN_POINT('',(2.3781397846,-5.8694507091,13.6834440868));
#6445=CARTESIAN_POINT('',(2.379100713,-5.8689883579,13.6854983611));
#6446=CARTESIAN_POINT('',(2.3810105192,-5.8680344406,13.6896057296));
#6447=CARTESIAN_POINT('',(2.381959397,-5.8675428746,13.6916588238));
#6448=CARTESIAN_POINT('',(2.3838449261,-5.8665306192,13.6957634424));
#6449=CARTESIAN_POINT('',(2.3847815776,-5.8660099298,13.6978149669));
#6450=CARTESIAN_POINT('',(2.3866424807,-5.8649395245,13.7019160569));
#6451=CARTESIAN_POINT('',(2.3875667325,-5.8643898086,13.7039656223));
#6452=CARTESIAN_POINT('',(2.3894026653,-5.8632614528,13.7080624054));
#6453=CARTESIAN_POINT('',(2.3903143464,-5.8626828128,13.7101096231));
#6454=CARTESIAN_POINT('',(2.3912196578,-5.8620897647,13.7121554725));
#6455=CARTESIAN_POINT('',(2.4010312883,-5.8604121177,13.6725252604));
#6456=CARTESIAN_POINT('',(2.4015144898,-5.8601582009,13.6745800114));
#6457=CARTESIAN_POINT('',(2.4019926091,-5.8598918843,13.6766344273));
#6458=CARTESIAN_POINT('',(2.4029386091,-5.8593344935,13.6807422586));
#6459=CARTESIAN_POINT('',(2.4034064898,-5.8590434193,13.6827956741));
#6460=CARTESIAN_POINT('',(2.4043319398,-5.8584365589,13.6869011741));
#6461=CARTESIAN_POINT('',(2.4047895092,-5.8581207728,13.6889532587));
#6462=CARTESIAN_POINT('',(2.4056942657,-5.8574645383,13.6930557671));
#6463=CARTESIAN_POINT('',(2.4061414528,-5.8571240899,13.6951061908));
#6464=CARTESIAN_POINT('',(2.4070253755,-5.8564185845,13.6992050475));
#6465=CARTESIAN_POINT('',(2.4074621111,-5.8560535275,13.7012534805));
#6466=CARTESIAN_POINT('',(2.407893587,-5.8556761949,13.7033007533));
#6467=CARTESIAN_POINT('',(2.4121787331,-5.8558976221,13.6701750363));
#6468=CARTESIAN_POINT('',(2.4124357193,-5.85573571,13.6722298204));
#6469=CARTESIAN_POINT('',(2.4126878446,-5.8555619978,13.6742842854));
#6470=CARTESIAN_POINT('',(2.4131823351,-5.8551909997,13.6783922627));
#6471=CARTESIAN_POINT('',(2.4134247002,-5.8549937138,13.6804457749));
#6472=CARTESIAN_POINT('',(2.4138996333,-5.8545755984,13.6845515319));
#6473=CARTESIAN_POINT('',(2.4141322013,-5.8543547689,13.6866037767));
#6474=CARTESIAN_POINT('',(2.4145875048,-5.8538896002,13.6907066845));
#6475=CARTESIAN_POINT('',(2.4148102403,-5.8536452609,13.6927573476));
#6476=CARTESIAN_POINT('',(2.4152458449,-5.8531331099,13.6968567777));
#6477=CARTESIAN_POINT('',(2.415458714,-5.8528652981,13.6989055448));
#6478=CARTESIAN_POINT('',(2.4156666337,-5.8525857706,13.700953207));
#6479=CARTESIAN_POINT('',(2.4343138923,-5.8467470449,13.6695711921));
#6480=CARTESIAN_POINT('',(2.4341210223,-5.8467712016,13.6716260297));
#6481=CARTESIAN_POINT('',(2.4339233098,-5.8467837277,13.6736805523));
#6482=CARTESIAN_POINT('',(2.4335182297,-5.8467855167,13.6777886569));
#6483=CARTESIAN_POINT('',(2.4333108621,-5.8467747796,13.6798422389));
#6484=CARTESIAN_POINT('',(2.4328865033,-5.8467300438,13.6839481516));
#6485=CARTESIAN_POINT('',(2.4326695122,-5.846696045,13.6860004825));
#6486=CARTESIAN_POINT('',(2.4322259394,-5.846604791,13.6901035825));
#6487=CARTESIAN_POINT('',(2.4319993578,-5.8465475356,13.6921543518));
#6488=CARTESIAN_POINT('',(2.4315366386,-5.8464097769,13.6962540187));
#6489=CARTESIAN_POINT('',(2.431300501,-5.8463292736,13.6983029163));
#6490=CARTESIAN_POINT('',(2.4310596034,-5.8462371523,13.7003507232));
#6491=CARTESIAN_POINT('',(2.4455509905,-5.8420068282,13.6713335808));
#6492=CARTESIAN_POINT('',(2.445129402,-5.8421271667,13.6733884392));
#6493=CARTESIAN_POINT('',(2.444702765,-5.8422354409,13.6754429706));
#6494=CARTESIAN_POINT('',(2.4438394585,-5.8424278444,13.6795510571));
#6495=CARTESIAN_POINT('',(2.4434027891,-5.8425119738,13.6816046121));
#6496=CARTESIAN_POINT('',(2.4425194839,-5.8426560757,13.6857104233));
#6497=CARTESIAN_POINT('',(2.4420728482,-5.8427160482,13.6877626795));
#6498=CARTESIAN_POINT('',(2.4411696781,-5.8428118277,13.6918655709));
#6499=CARTESIAN_POINT('',(2.4407131438,-5.8428476348,13.6939162061));
#6500=CARTESIAN_POINT('',(2.4397902459,-5.8428950789,13.6980155337));
#6501=CARTESIAN_POINT('',(2.4393238823,-5.8429067159,13.7000642261));
#6502=CARTESIAN_POINT('',(2.4388526394,-5.8429062675,13.7021117862));
#6503=CARTESIAN_POINT('',(2.4695817771,-5.8316841209,13.679155423));
#6504=CARTESIAN_POINT('',(2.4686702469,-5.8320135846,13.681210312));
#6505=CARTESIAN_POINT('',(2.4677527878,-5.8323290405,13.6832648208));
#6506=CARTESIAN_POINT('',(2.4659061753,-5.8329318807,13.6873727026));
#6507=CARTESIAN_POINT('',(2.4649770218,-5.833219265,13.6894260757));
#6508=CARTESIAN_POINT('',(2.463107186,-5.8337659111,13.6935313113));
#6509=CARTESIAN_POINT('',(2.4621665038,-5.834025173,13.6955831738));
#6510=CARTESIAN_POINT('',(2.4602737783,-5.8345155285,13.6996850136));
#6511=CARTESIAN_POINT('',(2.459321735,-5.8347466222,13.7017349908));
#6512=CARTESIAN_POINT('',(2.4574064572,-5.8351806009,13.7058326859));
#6513=CARTESIAN_POINT('',(2.4564432227,-5.8353834858,13.7078804037));
#6514=CARTESIAN_POINT('',(2.4554744785,-5.8355722487,13.7099268048));
#6515=CARTESIAN_POINT('',(2.4822734583,-5.8260931719,13.6863231996));
#6516=CARTESIAN_POINT('',(2.4811025449,-5.8265356636,13.6883780943));
#6517=CARTESIAN_POINT('',(2.4799249067,-5.8269623599,13.6904325598));
#6518=CARTESIAN_POINT('',(2.4775564166,-5.8277840768,13.6945402091));
#6519=CARTESIAN_POINT('',(2.4763655649,-5.8281790973,13.6965933928));
#6520=CARTESIAN_POINT('',(2.4739708867,-5.8289373837,13.7006980556));
#6521=CARTESIAN_POINT('',(2.4727670602,-5.8293006497,13.7027495345));
#6522=CARTESIAN_POINT('',(2.4703466742,-5.8299953547,13.7068503649));
#6523=CARTESIAN_POINT('',(2.4691301145,-5.8303267938,13.7088997163));
#6524=CARTESIAN_POINT('',(2.4666845061,-5.8309577793,13.7129958693));
#6525=CARTESIAN_POINT('',(2.4654554574,-5.8312573257,13.7150426708));
#6526=CARTESIAN_POINT('',(2.4642202873,-5.831540896,13.7170879864));
#6527=CARTESIAN_POINT('',(2.5140817696,-5.8118270263,13.7098391898));
#6528=CARTESIAN_POINT('',(2.5122593973,-5.8125576195,13.7118940765));
#6529=CARTESIAN_POINT('',(2.5104276688,-5.8132665471,13.7139483732));
#6530=CARTESIAN_POINT('',(2.5067459974,-5.8146408794,13.7180552048));
#6531=CARTESIAN_POINT('',(2.5048960546,-5.815306284,13.7201077397));
#6532=CARTESIAN_POINT('',(2.5011784576,-5.8165933904,13.7242104661));
#6533=CARTESIAN_POINT('',(2.4993108035,-5.8172150922,13.7262606576));
#6534=CARTESIAN_POINT('',(2.495558292,-5.8184146249,13.7303581165));
#6535=CARTESIAN_POINT('',(2.4936734347,-5.8189924559,13.7324053839));
#6536=CARTESIAN_POINT('',(2.4898870294,-5.8201040912,13.7364964146));
#6537=CARTESIAN_POINT('',(2.4879854814,-5.8206378955,13.7385401778));
#6538=CARTESIAN_POINT('',(2.4860758469,-5.8211496146,13.7405818996));
#6539=CARTESIAN_POINT('',(2.5312970983,-5.803803513,13.7291785604));
#6540=CARTESIAN_POINT('',(2.529120477,-5.8046957899,13.7312334161));
#6541=CARTESIAN_POINT('',(2.5269323146,-5.8055615681,13.7332875493));
#6542=CARTESIAN_POINT('',(2.5225336457,-5.8072398364,13.7373936579));
#6543=CARTESIAN_POINT('',(2.5203231392,-5.8080523264,13.7394456333));
#6544=CARTESIAN_POINT('',(2.5158805274,-5.8096237449,13.7435467144));
#6545=CARTESIAN_POINT('',(2.5136484221,-5.8103826735,13.7455958201));
#6546=CARTESIAN_POINT('',(2.5091633654,-5.811846714,13.7496904509));
#6547=CARTESIAN_POINT('',(2.506910414,-5.8125518259,13.751735976));
#6548=CARTESIAN_POINT('',(2.5023844248,-5.8139079957,13.7558227357));
#6549=CARTESIAN_POINT('',(2.5001113869,-5.8145590536,13.7578639704));
#6550=CARTESIAN_POINT('',(2.497828689,-5.8151829749,13.7599027057));
#6551=CARTESIAN_POINT('',(2.5967988407,-5.7726363029,13.8167762187));
#6552=CARTESIAN_POINT('',(2.5932698576,-5.7741564198,13.8188308856));
#6553=CARTESIAN_POINT('',(2.5897192769,-5.7756281281,13.8208842274));
#6554=CARTESIAN_POINT('',(2.5825769467,-5.7784738949,13.8249869541));
#6555=CARTESIAN_POINT('',(2.5789851971,-5.7798479534,13.827036339));
#6556=CARTESIAN_POINT('',(2.5717625785,-5.7824976422,13.8311298477));
#6557=CARTESIAN_POINT('',(2.5681317094,-5.7837732725,13.8331739714));
#6558=CARTESIAN_POINT('',(2.5608329226,-5.7862253816,13.8372556563));
#6559=CARTESIAN_POINT('',(2.557165005,-5.7874018604,13.8392932175));
#6560=CARTESIAN_POINT('',(2.5497942134,-5.7896549986,13.8433604796));
#6561=CARTESIAN_POINT('',(2.5460913393,-5.7907316579,13.8453901805));
#6562=CARTESIAN_POINT('',(2.5423720427,-5.7917581014,13.8474153047));
#6563=CARTESIAN_POINT('',(2.6297451677,-5.7553409122,13.8963576581));
#6564=CARTESIAN_POINT('',(2.6255243351,-5.7572090228,13.8984120457));
#6565=CARTESIAN_POINT('',(2.6212723938,-5.7590087708,13.9004645556));
#6566=CARTESIAN_POINT('',(2.6127099596,-5.7624699984,13.9045639698));
#6567=CARTESIAN_POINT('',(2.6083994668,-5.7641314778,13.906610874));
#6568=CARTESIAN_POINT('',(2.5997236433,-5.7673147389,13.9106972309));
#6569=CARTESIAN_POINT('',(2.5953583127,-5.7688365204,13.9127366835));
#6570=CARTESIAN_POINT('',(2.586576573,-5.7717390709,13.9168062976));
#6571=CARTESIAN_POINT('',(2.5821601639,-5.77311984,13.918836459));
#6572=CARTESIAN_POINT('',(2.5732800688,-5.775739167,13.9228856586));
#6573=CARTESIAN_POINT('',(2.5688163829,-5.776977725,13.9249046967));
#6574=CARTESIAN_POINT('',(2.5643309792,-5.7781446365,13.9269172617));
#6575=CARTESIAN_POINT('',(2.7279953958,-5.7025237343,14.1613218968));
#6576=CARTESIAN_POINT('',(2.7216957004,-5.7054579821,14.1633751756));
#6577=CARTESIAN_POINT('',(2.7153320985,-5.7082571429,14.1654247185));
#6578=CARTESIAN_POINT('',(2.702487564,-5.7135807108,14.1695126559));
#6579=CARTESIAN_POINT('',(2.6960066319,-5.7161051176,14.1715510502));
#6580=CARTESIAN_POINT('',(2.682938105,-5.7208750299,14.1756130311));
#6581=CARTESIAN_POINT('',(2.6763505107,-5.7231205351,14.1776366176));
#6582=CARTESIAN_POINT('',(2.6630794961,-5.7273289353,14.181665347));
#6583=CARTESIAN_POINT('',(2.6563960762,-5.7292918302,14.1836704897));
#6584=CARTESIAN_POINT('',(2.642944399,-5.7329317456,14.1876587247));
#6585=CARTESIAN_POINT('',(2.6361761423,-5.734608766,14.1896418169));
#6586=CARTESIAN_POINT('',(2.629371029,-5.736141442,14.1916120977));
#6587=CARTESIAN_POINT('',(2.77306784,-5.6749697752,14.3566923897));
#6588=CARTESIAN_POINT('',(2.7657901231,-5.6784604347,14.3587446564));
#6589=CARTESIAN_POINT('',(2.758422752,-5.6817666775,14.3607917968));
#6590=CARTESIAN_POINT('',(2.7435262446,-5.688002496,14.3648707876));
#6591=CARTESIAN_POINT('',(2.7359971095,-5.6909320713,14.3669026376));
#6592=CARTESIAN_POINT('',(2.7207949888,-5.6964075818,14.3709460445));
#6593=CARTESIAN_POINT('',(2.7131220045,-5.6989535166,14.3729576011));
#6594=CARTESIAN_POINT('',(2.6976504308,-5.7036556499,14.3769554643));
#6595=CARTESIAN_POINT('',(2.6898518428,-5.7058118481,14.3789417706));
#6596=CARTESIAN_POINT('',(2.6741475989,-5.7097293022,14.3828842346));
#6597=CARTESIAN_POINT('',(2.6662419444,-5.7114905578,14.3848403919));
#6598=CARTESIAN_POINT('',(2.6582921503,-5.7130521901,14.38677906));
#6599=CARTESIAN_POINT('',(2.8543380039,-5.6236240974,14.7458209386));
#6600=CARTESIAN_POINT('',(2.8453311382,-5.6281295833,14.7478717022));
#6601=CARTESIAN_POINT('',(2.8361825843,-5.6323549946,14.7499146186));
#6602=CARTESIAN_POINT('',(2.8176359576,-5.6402300619,14.7539770653));
#6603=CARTESIAN_POINT('',(2.808237889,-5.643879716,14.7559965947));
#6604=CARTESIAN_POINT('',(2.78922701,-5.6505897614,14.7600046592));
#6605=CARTESIAN_POINT('',(2.7796142037,-5.6536501512,14.7619931934));
#6606=CARTESIAN_POINT('',(2.7602094114,-5.6591703121,14.7659317725));
#6607=CARTESIAN_POINT('',(2.7504174297,-5.6616300821,14.7678818166));
#6608=CARTESIAN_POINT('',(2.7306905061,-5.6659398403,14.7717360612));
#6609=CARTESIAN_POINT('',(2.7207555686,-5.6677898277,14.7736402607));
#6610=CARTESIAN_POINT('',(2.7107675239,-5.6693314556,14.7755179451));
#6611=CARTESIAN_POINT('',(2.8884290373,-5.600582449,14.9423936127));
#6612=CARTESIAN_POINT('',(2.8786944453,-5.6055399968,14.9444436324));
#6613=CARTESIAN_POINT('',(2.8687910993,-5.6101696131,14.9464844316));
#6614=CARTESIAN_POINT('',(2.8486902444,-5.6187527561,14.950538562));
#6615=CARTESIAN_POINT('',(2.8384927417,-5.62270628,14.9525518919));
#6616=CARTESIAN_POINT('',(2.817848202,-5.6299199303,14.9565421734));
#6617=CARTESIAN_POINT('',(2.8074011715,-5.6331800543,14.9585191237));
#6618=CARTESIAN_POINT('',(2.7863032864,-5.6389925956,14.9624278926));
#6619=CARTESIAN_POINT('',(2.7756524384,-5.6415450109,14.96435971));
#6620=CARTESIAN_POINT('',(2.7541935153,-5.6459308856,14.9681696554));
#6621=CARTESIAN_POINT('',(2.7433854469,-5.6477643435,14.9700477821));
#6622=CARTESIAN_POINT('',(2.7325224076,-5.6492342531,14.9718949014));
#6623=CARTESIAN_POINT('',(2.9805472441,-5.5358250858,15.5291024136));
#6624=CARTESIAN_POINT('',(2.9688406696,-5.5420488232,15.5311502105));
#6625=CARTESIAN_POINT('',(2.9568826821,-5.5478028566,15.5331846877));
#6626=CARTESIAN_POINT('',(2.9325384569,-5.5583357485,15.5372140058));
#6627=CARTESIAN_POINT('',(2.9201522344,-5.5631146004,15.539208844));
#6628=CARTESIAN_POINT('',(2.8950287634,-5.5716673168,15.5431461244));
#6629=CARTESIAN_POINT('',(2.8822915306,-5.5754411758,15.545088564));
#6630=CARTESIAN_POINT('',(2.8565454174,-5.5819602431,15.5489086081));
#6631=CARTESIAN_POINT('',(2.8435365531,-5.5847054472,15.5507862102));
#6632=CARTESIAN_POINT('',(2.8173282316,-5.5891498337,15.5544645375));
#6633=CARTESIAN_POINT('',(2.8041287909,-5.5908490132,15.5562652602));
#6634=CARTESIAN_POINT('',(2.7908751755,-5.5920196956,15.5580217592));
#6635=CARTESIAN_POINT('',(3.0294472178,-5.4977789373,15.9222264616));
#6636=CARTESIAN_POINT('',(3.01668565,-5.5047404865,15.9242727659));
#6637=CARTESIAN_POINT('',(3.0036148274,-5.5111387355,15.926303004));
#6638=CARTESIAN_POINT('',(2.9769539879,-5.5227601588,15.9303157091));
#6639=CARTESIAN_POINT('',(2.9633639956,-5.5279833224,15.9322981724));
#6640=CARTESIAN_POINT('',(2.9357680579,-5.5372148641,15.9362000394));
#6641=CARTESIAN_POINT('',(2.9217621379,-5.5412232337,15.9381194393));
#6642=CARTESIAN_POINT('',(2.8934407077,-5.5479945569,15.9418803624));
#6643=CARTESIAN_POINT('',(2.8791252236,-5.5507575042,15.943721882));
#6644=CARTESIAN_POINT('',(2.8502933704,-5.5550166588,15.9473128104));
#6645=CARTESIAN_POINT('',(2.8357770281,-5.5565128621,15.9490622158));
#6646=CARTESIAN_POINT('',(2.8212153692,-5.5573697667,15.9507587937));
#6647=CARTESIAN_POINT('',(3.1167620955,-5.426114742,16.7079028232));
#6648=CARTESIAN_POINT('',(3.102101611,-5.4344646028,16.7099459793));
#6649=CARTESIAN_POINT('',(3.0870122609,-5.4420657874,16.7119675623));
#6650=CARTESIAN_POINT('',(3.0561304061,-5.4556930595,16.7159466889));
#6651=CARTESIAN_POINT('',(3.0403379547,-5.4617191236,16.7179042255));
#6652=CARTESIAN_POINT('',(3.0082117239,-5.4721343741,16.7217350037));
#6653=CARTESIAN_POINT('',(2.9918779999,-5.4765235425,16.7236082384));
#6654=CARTESIAN_POINT('',(2.9588365647,-5.4836198669,16.7272510145));
#6655=CARTESIAN_POINT('',(2.9421289105,-5.4863270104,16.7290205494));
#6656=CARTESIAN_POINT('',(2.90851078,-5.4900312531,16.7324375824));
#6657=CARTESIAN_POINT('',(2.8916003618,-5.4910283457,16.7340850746));
#6658=CARTESIAN_POINT('',(2.8746751629,-5.4911650941,16.7356629978));
#6659=CARTESIAN_POINT('',(3.1547770831,-5.3926166875,17.1014762037));
#6660=CARTESIAN_POINT('',(3.1392810273,-5.4016143558,17.103517702));
#6661=CARTESIAN_POINT('',(3.1232941687,-5.4097713333,17.1055348597));
#6662=CARTESIAN_POINT('',(3.0905240384,-5.4243095544,17.1094969808));
#6663=CARTESIAN_POINT('',(3.0737408391,-5.430690766,17.1114419353));
#6664=CARTESIAN_POINT('',(3.0395725194,-5.4416034646,17.1152369494));
#6665=CARTESIAN_POINT('',(3.0221874745,-5.4461349274,17.1170870005));
#6666=CARTESIAN_POINT('',(2.987016897,-5.4532954236,17.1206706001));
#6667=CARTESIAN_POINT('',(2.9692314421,-5.4559244409,17.1224041404));
#6668=CARTESIAN_POINT('',(2.9334661202,-5.459249232,17.1257344522));
#6669=CARTESIAN_POINT('',(2.9154863322,-5.4599449981,17.1273312161));
#6670=CARTESIAN_POINT('',(2.8975135206,-5.4596698587,17.1288502504));
#6671=CARTESIAN_POINT('',(3.2588840183,-5.2963000005,18.2830797905));
#6672=CARTESIAN_POINT('',(3.2410720642,-5.3071648509,18.2851158519));
#6673=CARTESIAN_POINT('',(3.2225776311,-5.3169139677,18.2871192097));
#6674=CARTESIAN_POINT('',(3.1845086712,-5.3340310506,18.2910291553));
#6675=CARTESIAN_POINT('',(3.1649342917,-5.3413989507,18.2929357274));
#6676=CARTESIAN_POINT('',(3.1250069883,-5.3536399607,18.2966221775));
#6677=CARTESIAN_POINT('',(3.1046542188,-5.358513023,18.2984020408));
#6678=CARTESIAN_POINT('',(3.0634835624,-5.3656886381,18.3018070767));
#6679=CARTESIAN_POINT('',(3.0426658346,-5.3679911624,18.3034322357));
#6680=CARTESIAN_POINT('',(3.000885857,-5.3699890469,18.306502221));
#6681=CARTESIAN_POINT('',(2.9799237687,-5.3696843981,18.3079470349));
#6682=CARTESIAN_POINT('',(2.959050893,-5.3680776543,18.3092902346));
#6683=CARTESIAN_POINT('',(3.3152370741,-5.237544637,19.0726701783));
#6684=CARTESIAN_POINT('',(3.2961314409,-5.24955483,19.0747020091));
#6685=CARTESIAN_POINT('',(3.2762076978,-5.2602671324,19.0766954766));
#6686=CARTESIAN_POINT('',(3.2350856635,-5.2789020724,19.0805690982));
#6687=CARTESIAN_POINT('',(3.2138875928,-5.2868246103,19.0824492309));
#6688=CARTESIAN_POINT('',(3.1706018288,-5.2997359358,19.0860615842));
#6689=CARTESIAN_POINT('',(3.1485143674,-5.3047246535,19.0877937849));
#6690=CARTESIAN_POINT('',(3.103850788,-5.3116768578,19.0910783322));
#6691=CARTESIAN_POINT('',(3.0812749092,-5.3136403054,19.0926306606));
#6692=CARTESIAN_POINT('',(3.0360444183,-5.3145047311,19.0955267536));
#6693=CARTESIAN_POINT('',(3.0133900489,-5.3134057019,19.096870502));
#6694=CARTESIAN_POINT('',(2.9909021315,-5.310784288,19.0980974902));
#6695=CARTESIAN_POINT('',(3.4641579117,-5.0703165226,21.4384604807));
#6696=CARTESIAN_POINT('',(3.4414898957,-5.0856477664,21.4404757828));
#6697=CARTESIAN_POINT('',(3.4175724013,-5.0991299169,21.4424352797));
#6698=CARTESIAN_POINT('',(3.3678605649,-5.1220472601,21.4461903666));
#6699=CARTESIAN_POINT('',(3.3420667659,-5.1314822033,21.4479859136));
#6700=CARTESIAN_POINT('',(3.2892732575,-5.146058992,21.4513648973));
#6701=CARTESIAN_POINT('',(3.2622741238,-5.151200676,21.4529482949));
#6702=CARTESIAN_POINT('',(3.2077718782,-5.1570542893,21.4558601964));
#6703=CARTESIAN_POINT('',(3.1802693606,-5.1577661491,21.4571886662));
#6704=CARTESIAN_POINT('',(3.1254756638,-5.1547364175,21.4595544501));
#6705=CARTESIAN_POINT('',(3.0981850831,-5.1509948505,21.4605917359));
#6706=CARTESIAN_POINT('',(3.0713555469,-5.145071531,21.461469043));
#6707=CARTESIAN_POINT('',(3.5370083228,-4.9704643045,23.0168351468));
#6708=CARTESIAN_POINT('',(3.5124961414,-4.9877890564,23.0188374927));
#6709=CARTESIAN_POINT('',(3.4864246018,-5.002906616,23.0207722573));
#6710=CARTESIAN_POINT('',(3.4319909076,-5.0282495386,23.0244441638));
#6711=CARTESIAN_POINT('',(3.4036296387,-5.0384744908,23.0261812433));
#6712=CARTESIAN_POINT('',(3.3455176411,-5.0537061346,23.0294013651));
#6713=CARTESIAN_POINT('',(3.3157678557,-5.0587125724,23.0308843521));
#6714=CARTESIAN_POINT('',(3.2558238928,-5.0633439911,23.0335478342));
#6715=CARTESIAN_POINT('',(3.2256306892,-5.062968883,23.0347282826));
#6716=CARTESIAN_POINT('',(3.1657600038,-5.0568420469,23.0367477333));
#6717=CARTESIAN_POINT('',(3.1360834984,-5.0510903975,23.037586699));
#6718=CARTESIAN_POINT('',(3.1071377497,-5.0427369564,23.0382408422));
#6719=CARTESIAN_POINT('',(3.6408947309,-4.8106076348,25.6945713132));
#6720=CARTESIAN_POINT('',(3.6135783034,-4.8311916777,25.6965451128));
#6721=CARTESIAN_POINT('',(3.5841398041,-4.8489631733,25.6984307774));
#6722=CARTESIAN_POINT('',(3.5222461091,-4.8781410953,25.7019467813));
#6723=CARTESIAN_POINT('',(3.4897927098,-4.8895466756,25.7035770174));
#6724=CARTESIAN_POINT('',(3.4232253415,-4.9055153134,25.7065135062));
#6725=CARTESIAN_POINT('',(3.3891133036,-4.9100779051,25.7078196723));
#6726=CARTESIAN_POINT('',(3.3206540807,-4.9121678202,25.7100528552));
#6727=CARTESIAN_POINT('',(3.286308882,-4.9096950771,25.7109798055));
#6728=CARTESIAN_POINT('',(3.2188189788,-4.8978143316,25.7124151884));
#6729=CARTESIAN_POINT('',(3.1856762341,-4.8884066649,25.7129235777));
#6730=CARTESIAN_POINT('',(3.1538269093,-4.8757257281,25.713211749));
#6731=CARTESIAN_POINT('',(3.677295402,-4.7479764104,26.7938422733));
#6732=CARTESIAN_POINT('',(3.6489396108,-4.7698533604,26.795802671));
#6733=CARTESIAN_POINT('',(3.6182208404,-4.7886710401,26.7976663658));
#6734=CARTESIAN_POINT('',(3.5534625903,-4.8193281434,26.8011146943));
#6735=CARTESIAN_POINT('',(3.519425374,-4.8311664963,26.802699206));
#6736=CARTESIAN_POINT('',(3.4495910893,-4.8473209468,26.8055159882));
#6737=CARTESIAN_POINT('',(3.4137964604,-4.8516364758,26.8067481586));
#6738=CARTESIAN_POINT('',(3.342088886,-4.8525448066,26.8088031846));
#6739=CARTESIAN_POINT('',(3.3061784466,-4.8491375674,26.8096259665));
#6740=CARTESIAN_POINT('',(3.2358868407,-4.834752641,26.8108238715));
#6741=CARTESIAN_POINT('',(3.201508134,-4.8237754427,26.8111989509));
#6742=CARTESIAN_POINT('',(3.1686834184,-4.8092621688,26.8113412815));
#6743=CARTESIAN_POINT('',(3.7092597768,-4.6876326078,27.8933039592));
#6744=CARTESIAN_POINT('',(3.6799381629,-4.7107723976,27.8952488627));
#6745=CARTESIAN_POINT('',(3.6480034258,-4.7306072754,27.8970883547));
#6746=CARTESIAN_POINT('',(3.580503996,-4.7626757402,27.9004645668));
#6747=CARTESIAN_POINT('',(3.5449421498,-4.7749079747,27.9020011445));
#6748=CARTESIAN_POINT('',(3.4719717901,-4.7911570075,27.904694436));
#6749=CARTESIAN_POINT('',(3.4345663541,-4.7951731205,27.9058510362));
#6750=CARTESIAN_POINT('',(3.3597847182,-4.7947877899,27.9077263314));
#6751=CARTESIAN_POINT('',(3.3224116722,-4.7903863627,27.9084449475));
#6752=CARTESIAN_POINT('',(3.2495692539,-4.7733859942,27.9094081956));
#6753=CARTESIAN_POINT('',(3.2141029537,-4.7607877699,27.909652787));
#6754=CARTESIAN_POINT('',(3.1804779718,-4.744406373,27.9096542328));
#6755=B_SPLINE_SURFACE_WITH_KNOTS('',3,3,((#6179,#6180,#6181,#6182,#6183,#6184,#6185,#6186,#6187,#6188,#6189,#6190),
    (#6191,#6192,#6193,#6194,#6195,#6196,#6197,#6198,#6199,#6200,#6201,#6202),
    (#6203,#6204,#6205,#6206,#6207,#6208,#6209,#6210,#6211,#6212,#6213,#6214),
    (#6215,#6216,#6217,#6218,#6219,#6220,#6221,#6222,#6223,#6224,#6225,#6226),
    (#6227,#6228,#6229,#6230,#6231,#6232,#6233,#6234,#6235,#6236,#6237,#6238),
    (#6239,#6240,#6241,#6242,#6243,#6244,#6245,#6246,#6247,#6248,#6249,#6250),
    (#6251,#6252,#6253,#6254,#6255,#6256,#6257,#6258,#6259,#6260,#6261,#6262),
    (#6263,#6264,#6265,#6266,#6267,#6268,#6269,#6270,#6271,#6272,#6273,#6274),
    (#6275,#6276,#6277,#6278,#6279,#6280,#6281,#6282,#6283,#6284,#6285,#6286),
    (#6287,#6288,#6289,#6290,#6291,#6292,#6293,#6294,#6295,#6296,#6297,#6298),
    (#6299,#6300,#6301,#6302,#6303,#6304,#6305,#6306,#6307,#6308,#6309,#6310),
    (#6311,#6312,#6313,#6314,#6315,#6316,#6317,#6318,#6319,#6320,#6321,#6322),
    (#6323,#6324,#6325,#6326,#6327,#6328,#6329,#6330,#6331,#6332,#6333,#6334),
    (#6335,#6336,#6337,#6338,#6339,#6340,#6341,#6342,#6343,#6344,#6345,#6346),
    (#6347,#6348,#6349,#6350,#6351,#6352,#6353,#6354,#6355,#6356,#6357,#6358),
    (#6359,#6360,#6361,#6362,#6363,#6364,#6365,#6366,#6367,#6368,#6369,#6370),
    (#6371,#6372,#6373,#6374,#6375,#6376,#6377,#6378,#6379,#6380,#6381,#6382),
    (#6383,#6384,#6385,#6386,#6387,#6388,#6389,#6390,#6391,#6392,#6393,#6394),
    (#6395,#6396,#6397,#6398,#6399,#6400,#6401,#6402,#6403,#6404,#6405,#6406),
    (#6407,#6408,#6409,#6410,#6411,#6412,#6413,#6414,#6415,#6416,#6417,#6418),
    (#6419,#6420,#6421,#6422,#6423,#6424,#6425,#6426,#6427,#6428,#6429,#6430),
    (#6431,#6432,#6433,#6434,#6435,#6436,#6437,#6438,#6439,#6440,#6441,#6442),
    (#6443,#6444,#6445,#6446,#6447,#6448,#6449,#6450,#6451,#6452,#6453,#6454),
    (#6455,#6456,#6457,#6458,#6459,#6460,#6461,#6462,#6463,#6464,#6465,#6466),
    (#6467,#6468,#6469,#6470,#6471,#6472,#6473,#6474,#6475,#6476,#6477,#6478),
    (#6479,#6480,#6481,#6482,#6483,#6484,#6485,#6486,#6487,#6488,#6489,#6490),
    (#6491,#6492,#6493,#6494,#6495,#6496,#6497,#6498,#6499,#6500,#6501,#6502),
    (#6503,#6504,#6505,#6506,#6507,#6508,#6509,#6510,#6511,#6512,#6513,#6514),
    (#6515,#6516,#6517,#6518,#6519,#6520,#6521,#6522,#6523,#6524,#6525,#6526),
    (#6527,#6528,#6529,#6530,#6531,#6532,#6533,#6534,#6535,#6536,#6537,#6538),
    (#6539,#6540,#6541,#6542,#6543,#6544,#6545,#6546,#6547,#6548,#6549,#6550),
    (#6551,#6552,#6553,#6554,#6555,#6556,#6557,#6558,#6559,#6560,#6561,#6562),
    (#6563,#6564,#6565,#6566,#6567,#6568,#6569,#6570,#6571,#6572,#6573,#6574),
    (#6575,#6576,#6577,#6578,#6579,#6580,#6581,#6582,#6583,#6584,#6585,#6586),
    (#6587,#6588,#6589,#6590,#6591,#6592,#6593,#6594,#6595,#6596,#6597,#6598),
    (#6599,#6600,#6601,#6602,#6603,#6604,#6605,#6606,#6607,#6608,#6609,#6610),
    (#6611,#6612,#6613,#6614,#6615,#6616,#6617,#6618,#6619,#6620,#6621,#6622),
    (#6623,#6624,#6625,#6626,#6627,#6628,#6629,#6630,#6631,#6632,#6633,#6634),
    (#6635,#6636,#6637,#6638,#6639,#6640,#6641,#6642,#6643,#6644,#6645,#6646),
    (#6647,#6648,#6649,#6650,#6651,#6652,#6653,#6654,#6655,#6656,#6657,#6658),
    (#6659,#6660,#6661,#6662,#6663,#6664,#6665,#6666,#6667,#6668,#6669,#6670),
    (#6671,#6672,#6673,#6674,#6675,#6676,#6677,#6678,#6679,#6680,#6681,#6682),
    (#6683,#6684,#6685,#6686,#6687,#6688,#6689,#6690,#6691,#6692,#6693,#6694),
    (#6695,#6696,#6697,#6698,#6699,#6700,#6701,#6702,#6703,#6704,#6705,#6706),
    (#6707,#6708,#6709,#6710,#6711,#6712,#6713,#6714,#6715,#6716,#6717,#6718),
    (#6719,#6720,#6721,#6722,#6723,#6724,#6725,#6726,#6727,#6728,#6729,#6730),
    (#6731,#6732,#6733,#6734,#6735,#6736,#6737,#6738,#6739,#6740,#6741,#6742),
    (#6743,#6744,#6745,#6746,#6747,#6748,#6749,#6750,#6751,#6752,#6753,#6754)),.UNSPECIFIED.,.F.,.F.,.U.,
 (4,2,2,2,2,2,2,2,2,2,2,2,2,2,2,2,2,2,2,2,
    2,2,2,4),(4,2,2,2,2,4),
  (0.0,0.0035539662,0.1389516732,0.2743527194,0.3729042585,0.4293110671,0.4613650261,0.4794187656,0.4894891403,0.4950746086,
    0.4973565475,0.498838323,0.4999856075,0.5011357635,0.5026222167,0.5052789179,0.514090971,0.5348631638,0.5556353567,0.5968875068,
    0.638139657,0.7206439574,0.8853567968,1.0),(0.0,0.2,0.4,0.6,0.8,1.0),.UNSPECIFIED.);
#6756=ADVANCED_FACE('n° 1097',(#6178),#6755,.T.);
#6757=ORIENTED_EDGE('',*,*,#6126,.T.);
#6758=ORIENTED_EDGE('',*,*,#1534,.F.);
#6759=CARTESIAN_POINT('',(3.3990968882,-4.2956596111,27.8808078637));
#6760=DIRECTION('',(0.8750213244,-0.4393544138,-0.2032372526));
#6761=DIRECTION('',(0.4487194026,0.8936727017,0.0));
#6762=AXIS2_PLACEMENT_3D('',#6759,#6760,#6761);
#6763=CIRCLE('',#6762,0.5);
#6764=EDGE_CURVE('n° 1202',#758,#1516,#6763,.T.);
#6765=ORIENTED_EDGE('',*,*,#6764,.F.);
#6766=ORIENTED_EDGE('',*,*,#774,.F.);
#6767=EDGE_LOOP('',(#6757,#6758,#6765,#6766));
#6768=FACE_OUTER_BOUND('',#6767,.T.);
#6769=CARTESIAN_POINT('',(1.105767015,-5.6040598706,27.9096746653));
#6770=CARTESIAN_POINT('',(1.1001027502,-5.6122745813,27.9558501192));
#6771=CARTESIAN_POINT('',(1.0880797145,-5.6182906405,28.0016315184));
#6772=CARTESIAN_POINT('',(1.0522705605,-5.6254478657,28.0887718091));
#6773=CARTESIAN_POINT('',(1.02848828,-5.6265882646,28.1301213617));
#6774=CARTESIAN_POINT('',(0.9710562901,-5.6239021034,28.2050967091));
#6775=CARTESIAN_POINT('',(0.9374127358,-5.6200758312,28.2387144688));
#6776=CARTESIAN_POINT('',(0.8629413328,-5.6077606557,28.2955413835));
#6777=CARTESIAN_POINT('',(0.8221214653,-5.5992730722,28.3187444482));
#6778=CARTESIAN_POINT('',(0.7365539208,-5.5783117083,28.3528877961));
#6779=CARTESIAN_POINT('',(0.6918154142,-5.5658401744,28.36382442));
#6780=CARTESIAN_POINT('',(0.646897977,-5.5518728206,28.368191887));
#6781=CARTESIAN_POINT('',(1.1569479337,-5.4471760843,27.9593162347));
#6782=CARTESIAN_POINT('',(1.1504406711,-5.4535978583,28.0046770243));
#6783=CARTESIAN_POINT('',(1.1380994272,-5.4571954895,28.0496116606));
#6784=CARTESIAN_POINT('',(1.1026884921,-5.4584769831,28.1352145438));
#6785=CARTESIAN_POINT('',(1.0796222694,-5.4561607735,28.1758744113));
#6786=CARTESIAN_POINT('',(1.0245199182,-5.4458021291,28.2498214516));
#6787=CARTESIAN_POINT('',(0.9924891713,-5.4377607801,28.2831013831));
#6788=CARTESIAN_POINT('',(0.92189882,-5.416579603,28.33974453));
#6789=CARTESIAN_POINT('',(0.8833461016,-5.4034419326,28.3631021932));
#6790=CARTESIAN_POINT('',(0.8026496191,-5.3730869914,28.3981130212));
#6791=CARTESIAN_POINT('',(0.7605137231,-5.3558727827,28.4097627453));
#6792=CARTESIAN_POINT('',(0.718187867,-5.3372842659,28.4151126537));
#6793=CARTESIAN_POINT('',(1.2380021982,-5.2916450509,28.0022014062));
#6794=CARTESIAN_POINT('',(1.2312883467,-5.2961591476,28.0469348425));
#6795=CARTESIAN_POINT('',(1.2192697557,-5.2973749608,28.0912217413));
#6796=CARTESIAN_POINT('',(1.1855040038,-5.2931252883,28.1756507476));
#6797=CARTESIAN_POINT('',(1.1637599193,-5.2876602173,28.2157851324));
#6798=CARTESIAN_POINT('',(1.1121424626,-5.2704569612,28.2889467405));
#6799=CARTESIAN_POINT('',(1.0822737913,-5.2587203822,28.3219672708));
#6800=CARTESIAN_POINT('',(1.016604696,-5.2298463055,28.3784629218));
#6801=CARTESIAN_POINT('',(0.9808102517,-5.212711486,28.4019328723));
#6802=CARTESIAN_POINT('',(0.9059237312,-5.1743123223,28.4375930257));
#6803=CARTESIAN_POINT('',(0.8668384739,-5.1530515297,28.4497799621));
#6804=CARTESIAN_POINT('',(0.8275428639,-5.1305141244,28.4558757688));
#6805=CARTESIAN_POINT('',(1.4433688698,-5.020587599,28.0684117429));
#6806=CARTESIAN_POINT('',(1.4373312596,-5.0214840022,28.1121340338));
#6807=CARTESIAN_POINT('',(1.4270987142,-5.0182474677,28.1553801288));
#6808=CARTESIAN_POINT('',(1.3989510011,-5.0037374827,28.2379240434));
#6809=CARTESIAN_POINT('',(1.3810381099,-4.9924652393,28.2772151501));
#6810=CARTESIAN_POINT('',(1.3387716144,-4.962673509,28.3491136539));
#6811=CARTESIAN_POINT('',(1.314421426,-4.9441564789,28.3817152029));
#6812=CARTESIAN_POINT('',(1.2609688635,-4.9011704336,28.4379640318));
#6813=CARTESIAN_POINT('',(1.2318708084,-4.876704953,28.4616067345));
#6814=CARTESIAN_POINT('',(1.1709406408,-4.8235322282,28.4982900851));
#6815=CARTESIAN_POINT('',(1.1391134514,-4.7948293492,28.511327745));
#6816=CARTESIAN_POINT('',(1.1070231724,-4.7650084149,28.5186091857));
#6817=CARTESIAN_POINT('',(1.570991934,-4.9025462405,28.0920749513));
#6818=CARTESIAN_POINT('',(1.5659508855,-4.9016779818,28.1354199895));
#6819=CARTESIAN_POINT('',(1.5573260338,-4.8963104729,28.1782801528));
#6820=CARTESIAN_POINT('',(1.5334918548,-4.876941726,28.2601263708));
#6821=CARTESIAN_POINT('',(1.5182843752,-4.8629420014,28.2991060539));
#6822=CARTESIAN_POINT('',(1.4823171406,-4.8272619332,28.3705371521));
#6823=CARTESIAN_POINT('',(1.4615601751,-4.8055843743,28.4029830063));
#6824=CARTESIAN_POINT('',(1.4159035579,-4.7560248433,28.4591366333));
#6825=CARTESIAN_POINT('',(1.3910074479,-4.7281467373,28.4828400343));
#6826=CARTESIAN_POINT('',(1.3387637519,-4.6680848253,28.5198936957));
#6827=CARTESIAN_POINT('',(1.3114202193,-4.6359057037,28.533241071));
#6828=CARTESIAN_POINT('',(1.2837799087,-4.6026696647,28.5409566888));
#6829=CARTESIAN_POINT('',(1.8043451131,-4.7536911544,28.11055692));
#6830=CARTESIAN_POINT('',(1.801455438,-4.750926699,28.1536257646));
#6831=CARTESIAN_POINT('',(1.7958953503,-4.7432034944,28.1962032211));
#6832=CARTESIAN_POINT('',(1.7798043725,-4.7183546221,28.2775381281));
#6833=CARTESIAN_POINT('',(1.7692746907,-4.7012308268,28.3162894571));
#6834=CARTESIAN_POINT('',(1.74394787,-4.6587261119,28.3873775928));
#6835=CARTESIAN_POINT('',(1.7291526335,-4.6333483941,28.4197090492));
#6836=CARTESIAN_POINT('',(1.6962834793,-4.5760339484,28.4757922549));
#6837=CARTESIAN_POINT('',(1.6782120309,-4.5441015374,28.4995397831));
#6838=CARTESIAN_POINT('',(1.6399985448,-4.4758148976,28.5368641962));
#6839=CARTESIAN_POINT('',(1.6198593782,-4.4394658117,28.5504382718));
#6840=CARTESIAN_POINT('',(1.5993582286,-4.4021224075,28.5584719239));
#6841=CARTESIAN_POINT('',(1.8991259696,-4.7063692429,28.1133956566));
#6842=CARTESIAN_POINT('',(1.8971795308,-4.7030551289,28.1564214994));
#6843=CARTESIAN_POINT('',(1.8929069118,-4.694627843,28.198954941));
#6844=CARTESIAN_POINT('',(1.8799934149,-4.6681069879,28.2802101101));
#6845=CARTESIAN_POINT('',(1.8713535047,-4.650015404,28.3189257539));
#6846=CARTESIAN_POINT('',(1.850281785,-4.6053722816,28.3899599911));
#6847=CARTESIAN_POINT('',(1.8378515542,-4.5788240853,28.4222732661));
#6848=CARTESIAN_POINT('',(1.8100287383,-4.5190388164,28.4783444821));
#6849=CARTESIAN_POINT('',(1.7946382374,-4.4858062196,28.5020982248));
#6850=CARTESIAN_POINT('',(1.7619222172,-4.4148697503,28.5394632269));
#6851=CARTESIAN_POINT('',(1.7445991485,-4.3771711885,28.5530716885));
#6852=CARTESIAN_POINT('',(1.7268868337,-4.3384950326,28.5611538782));
#6853=CARTESIAN_POINT('',(2.1463314009,-4.6143925874,28.1096208217));
#6854=CARTESIAN_POINT('',(2.1470349604,-4.6101903697,28.1527042693));
#6855=CARTESIAN_POINT('',(2.1463371801,-4.6005078039,28.1952966057));
#6856=CARTESIAN_POINT('',(2.142185791,-4.5708276768,28.2766582298));
#6857=CARTESIAN_POINT('',(2.138732497,-4.550832353,28.3154213821));
#6858=CARTESIAN_POINT('',(2.1293014886,-4.5018646714,28.3865269394));
#6859=CARTESIAN_POINT('',(2.1233244876,-4.4728960054,28.4188639825));
#6860=CARTESIAN_POINT('',(2.1092467074,-4.4079209703,28.4749497775));
#6861=CARTESIAN_POINT('',(2.1011469925,-4.3719194999,28.4986943));
#6862=CARTESIAN_POINT('',(2.0833667818,-4.2952896458,28.5360028779));
#6863=CARTESIAN_POINT('',(2.0736876298,-4.2546670395,28.5495641197));
#6864=CARTESIAN_POINT('',(2.0635425538,-4.2130913542,28.5575800574));
#6865=CARTESIAN_POINT('',(2.307498425,-4.5844019226,28.0964890912));
#6866=CARTESIAN_POINT('',(2.3100326315,-4.5801943584,28.1397762102));
#6867=CARTESIAN_POINT('',(2.3117647665,-4.5703144876,28.1825767371));
#6868=CARTESIAN_POINT('',(2.3135110127,-4.5398777836,28.2643149606));
#6869=CARTESIAN_POINT('',(2.3135250068,-4.5193233036,28.3032463431));
#6870=CARTESIAN_POINT('',(2.3118383306,-4.4689301412,28.3746051768));
#6871=CARTESIAN_POINT('',(2.3101378148,-4.4390953524,28.4070271154));
#6872=CARTESIAN_POINT('',(2.3051429296,-4.3721636971,28.4631669227));
#6873=CARTESIAN_POINT('',(2.3018489747,-4.3350720008,28.4868804535));
#6874=CARTESIAN_POINT('',(2.2938968783,-4.2561409381,28.5239934252));
#6875=CARTESIAN_POINT('',(2.2892393823,-4.2143076679,28.5373899972));
#6876=CARTESIAN_POINT('',(2.2840610399,-4.1715186887,28.5451741565));
#6877=CARTESIAN_POINT('',(2.6284719503,-4.5772827873,28.0518259292));
#6878=CARTESIAN_POINT('',(2.6342522055,-4.5740905814,28.0957873003));
#6879=CARTESIAN_POINT('',(2.6404431121,-4.5649453312,28.139279448));
#6880=CARTESIAN_POINT('',(2.6532141633,-4.5353920379,28.2222688539));
#6881=CARTESIAN_POINT('',(2.6597932558,-4.5149864724,28.2617591611));
#6882=CARTESIAN_POINT('',(2.6728806777,-4.4643518459,28.333955726));
#6883=CARTESIAN_POINT('',(2.6793879345,-4.4341270268,28.3666559363));
#6884=CARTESIAN_POINT('',(2.6918778242,-4.3659865109,28.4229620147));
#6885=CARTESIAN_POINT('',(2.697859439,-4.3280765211,28.4465631655));
#6886=CARTESIAN_POINT('',(2.7088819747,-4.2472410816,28.4830027661));
#6887=CARTESIAN_POINT('',(2.7139220029,-4.2043224014,28.4958381617));
#6888=CARTESIAN_POINT('',(2.7183170104,-4.1604106928,28.5028378806));
#6889=CARTESIAN_POINT('',(2.7898858421,-4.6003357057,28.0196157702));
#6890=CARTESIAN_POINT('',(2.7971882904,-4.5981943325,28.0640744931));
#6891=CARTESIAN_POINT('',(2.8055652218,-4.5899990276,28.1080777542));
#6892=CARTESIAN_POINT('',(2.8238667359,-4.5620967203,28.1919925397));
#6893=CARTESIAN_POINT('',(2.8337897269,-4.5423922091,28.2318966305));
#6894=CARTESIAN_POINT('',(2.8544701576,-4.4929046623,28.3047135556));
#6895=CARTESIAN_POINT('',(2.865225809,-4.4631260299,28.3376199378));
#6896=CARTESIAN_POINT('',(2.8868001982,-4.3956553594,28.3940493206));
#6897=CARTESIAN_POINT('',(2.8976170788,-4.3579693167,28.4175673182));
#6898=CARTESIAN_POINT('',(2.9185395976,-4.2774235329,28.453508774));
#6899=CARTESIAN_POINT('',(2.928643442,-4.2345709444,28.465929041));
#6900=CARTESIAN_POINT('',(2.9380306593,-4.1906891438,28.4723490527));
#6901=CARTESIAN_POINT('',(3.0233822008,-4.6726893352,27.9588985375));
#6902=CARTESIAN_POINT('',(3.0323759089,-4.6727056119,28.0043044071));
#6903=CARTESIAN_POINT('',(3.0435190601,-4.6666281609,28.0492868676));
#6904=CARTESIAN_POINT('',(3.0692563135,-4.6427500133,28.1349771325));
#6905=CARTESIAN_POINT('',(3.0838478855,-4.6249516775,28.1756764845));
#6906=CARTESIAN_POINT('',(3.1153670819,-4.5789938895,28.2496821352));
#6907=CARTESIAN_POINT('',(3.1322916098,-4.5508389761,28.2829811335));
#6908=CARTESIAN_POINT('',(3.1671836054,-4.4863237015,28.3396338034));
#6909=CARTESIAN_POINT('',(3.1851476468,-4.4499697095,28.3629818855));
#6910=CARTESIAN_POINT('',(3.2207461422,-4.3718403543,28.3979420028));
#6911=CARTESIAN_POINT('',(3.2383771021,-4.3300727028,28.4095505875));
#6912=CARTESIAN_POINT('',(3.2551697213,-4.2871939863,28.4148451322));
#6913=CARTESIAN_POINT('',(3.10410217,-4.7055657888,27.9350436112));
#6914=CARTESIAN_POINT('',(3.1135803944,-4.7064552472,27.9808237229));
#6915=CARTESIAN_POINT('',(3.1256038847,-4.7012588973,28.0261940188));
#6916=CARTESIAN_POINT('',(3.1538077383,-4.6791002039,28.1125879273));
#6917=CARTESIAN_POINT('',(3.1699852143,-4.6621401451,28.153602669));
#6918=CARTESIAN_POINT('',(3.2052358081,-4.6177789084,28.2280792117));
#6919=CARTESIAN_POINT('',(3.2243053208,-4.5903822956,28.2615333648));
#6920=CARTESIAN_POINT('',(3.2638534042,-4.5272887937,28.3182725012));
#6921=CARTESIAN_POINT('',(3.2843279327,-4.4915983934,28.3415516567));
#6922=CARTESIAN_POINT('',(3.3250899686,-4.4147067567,28.3761189592));
#6923=CARTESIAN_POINT('',(3.3453733115,-4.3735134259,28.3874035535));
#6924=CARTESIAN_POINT('',(3.3647725365,-4.3311746817,28.3922500866));
#6925=CARTESIAN_POINT('',(3.1804779719,-4.7444063731,27.909654233));
#6926=CARTESIAN_POINT('',(3.1902936691,-4.7462197531,27.9558350427));
#6927=CARTESIAN_POINT('',(3.2030559087,-4.7419825764,28.0016219708));
#6928=CARTESIAN_POINT('',(3.2334600768,-4.7217435659,28.0887723165));
#6929=CARTESIAN_POINT('',(3.2510987452,-4.7057439023,28.1301263895));
#6930=CARTESIAN_POINT('',(3.2898486384,-4.6632547242,28.2051085825));
#6931=CARTESIAN_POINT('',(3.3109557081,-4.6367697657,28.2387286627));
#6932=CARTESIAN_POINT('',(3.3549580704,-4.5754221689,28.295557161));
#6933=CARTESIAN_POINT('',(3.3778486448,-4.5405661086,28.3187594858));
#6934=CARTESIAN_POINT('',(3.4235909357,-4.4652572372,28.3528978874));
#6935=CARTESIAN_POINT('',(3.4464377476,-4.4248125012,28.3638303038));
#6936=CARTESIAN_POINT('',(3.4683531412,-4.3831832381,28.3681918872));
#6937=B_SPLINE_SURFACE_WITH_KNOTS('',3,3,((#6769,#6770,#6771,#6772,#6773,#6774,#6775,#6776,#6777,#6778,#6779,#6780),
    (#6781,#6782,#6783,#6784,#6785,#6786,#6787,#6788,#6789,#6790,#6791,#6792),
    (#6793,#6794,#6795,#6796,#6797,#6798,#6799,#6800,#6801,#6802,#6803,#6804),
    (#6805,#6806,#6807,#6808,#6809,#6810,#6811,#6812,#6813,#6814,#6815,#6816),
    (#6817,#6818,#6819,#6820,#6821,#6822,#6823,#6824,#6825,#6826,#6827,#6828),
    (#6829,#6830,#6831,#6832,#6833,#6834,#6835,#6836,#6837,#6838,#6839,#6840),
    (#6841,#6842,#6843,#6844,#6845,#6846,#6847,#6848,#6849,#6850,#6851,#6852),
    (#6853,#6854,#6855,#6856,#6857,#6858,#6859,#6860,#6861,#6862,#6863,#6864),
    (#6865,#6866,#6867,#6868,#6869,#6870,#6871,#6872,#6873,#6874,#6875,#6876),
    (#6877,#6878,#6879,#6880,#6881,#6882,#6883,#6884,#6885,#6886,#6887,#6888),
    (#6889,#6890,#6891,#6892,#6893,#6894,#6895,#6896,#6897,#6898,#6899,#6900),
    (#6901,#6902,#6903,#6904,#6905,#6906,#6907,#6908,#6909,#6910,#6911,#6912),
    (#6913,#6914,#6915,#6916,#6917,#6918,#6919,#6920,#6921,#6922,#6923,#6924),
    (#6925,#6926,#6927,#6928,#6929,#6930,#6931,#6932,#6933,#6934,#6935,#6936)),.UNSPECIFIED.,.F.,.F.,.U.,
 (4,2,2,2,2,2,4),(4,2,2,2,2,4),(0.0,0.1990686855,0.4002880222,0.5217338884,0.7099810444,0.8979604356,1.0),(0.0,0.2,0.4,0.6,0.8,1.0),.UNSPECIFIED.);
#6938=ADVANCED_FACE('n° 1099',(#6768),#6937,.T.);
#6939=ORIENTED_EDGE('',*,*,#6157,.T.);
#6940=ORIENTED_EDGE('',*,*,#606,.F.);
#6941=CARTESIAN_POINT('',(5.4410127403,0.6339806851,27.8808078637));
#6942=DIRECTION('',(0.9292068383,-0.3086979797,-0.2031753157));
#6943=DIRECTION('',(0.3152738432,0.9490007396,0.0));
#6944=AXIS2_PLACEMENT_3D('',#6941,#6942,#6943);
#6945=CIRCLE('',#6944,0.5);
#6946=EDGE_CURVE('n° 1203',#1806,#581,#6945,.T.);
#6947=ORIENTED_EDGE('',*,*,#6946,.F.);
#6948=ORIENTED_EDGE('',*,*,#1822,.F.);
#6949=EDGE_LOOP('',(#6939,#6940,#6947,#6948));
#6950=FACE_OUTER_BOUND('',#6949,.T.);
#6951=CARTESIAN_POINT('',(5.6040598706,1.105767015,27.9096746653));
#6952=CARTESIAN_POINT('',(5.6122745813,1.1001027502,27.9558501192));
#6953=CARTESIAN_POINT('',(5.6182906405,1.0880797145,28.0016315184));
#6954=CARTESIAN_POINT('',(5.6254478657,1.0522705605,28.0887718091));
#6955=CARTESIAN_POINT('',(5.6265882646,1.02848828,28.1301213617));
#6956=CARTESIAN_POINT('',(5.6239021034,0.9710562901,28.2050967091));
#6957=CARTESIAN_POINT('',(5.6200758312,0.9374127358,28.2387144688));
#6958=CARTESIAN_POINT('',(5.6077606557,0.8629413328,28.2955413835));
#6959=CARTESIAN_POINT('',(5.5992730722,0.8221214653,28.3187444482));
#6960=CARTESIAN_POINT('',(5.5783117083,0.7365539208,28.3528877961));
#6961=CARTESIAN_POINT('',(5.5658401744,0.6918154142,28.36382442));
#6962=CARTESIAN_POINT('',(5.5518728206,0.646897977,28.368191887));
#6963=CARTESIAN_POINT('',(5.4471760843,1.1569479337,27.9593162347));
#6964=CARTESIAN_POINT('',(5.4535978583,1.1504406711,28.0046770243));
#6965=CARTESIAN_POINT('',(5.4571954895,1.1380994272,28.0496116606));
#6966=CARTESIAN_POINT('',(5.4584769831,1.1026884921,28.1352145438));
#6967=CARTESIAN_POINT('',(5.4561607735,1.0796222694,28.1758744113));
#6968=CARTESIAN_POINT('',(5.4458021291,1.0245199182,28.2498214516));
#6969=CARTESIAN_POINT('',(5.4377607801,0.9924891713,28.2831013831));
#6970=CARTESIAN_POINT('',(5.416579603,0.92189882,28.33974453));
#6971=CARTESIAN_POINT('',(5.4034419326,0.8833461016,28.3631021932));
#6972=CARTESIAN_POINT('',(5.3730869914,0.8026496191,28.3981130212));
#6973=CARTESIAN_POINT('',(5.3558727827,0.7605137231,28.4097627453));
#6974=CARTESIAN_POINT('',(5.3372842659,0.718187867,28.4151126537));
#6975=CARTESIAN_POINT('',(5.2916450509,1.2380021982,28.0022014062));
#6976=CARTESIAN_POINT('',(5.2961591476,1.2312883467,28.0469348425));
#6977=CARTESIAN_POINT('',(5.2973749608,1.2192697557,28.0912217413));
#6978=CARTESIAN_POINT('',(5.2931252883,1.1855040038,28.1756507476));
#6979=CARTESIAN_POINT('',(5.2876602173,1.1637599193,28.2157851324));
#6980=CARTESIAN_POINT('',(5.2704569612,1.1121424626,28.2889467405));
#6981=CARTESIAN_POINT('',(5.2587203822,1.0822737913,28.3219672708));
#6982=CARTESIAN_POINT('',(5.2298463055,1.016604696,28.3784629218));
#6983=CARTESIAN_POINT('',(5.212711486,0.9808102517,28.4019328723));
#6984=CARTESIAN_POINT('',(5.1743123223,0.9059237312,28.4375930257));
#6985=CARTESIAN_POINT('',(5.1530515297,0.8668384739,28.4497799621));
#6986=CARTESIAN_POINT('',(5.1305141244,0.8275428639,28.4558757688));
#6987=CARTESIAN_POINT('',(5.020587599,1.4433688698,28.0684117429));
#6988=CARTESIAN_POINT('',(5.0214840022,1.4373312596,28.1121340338));
#6989=CARTESIAN_POINT('',(5.0182474677,1.4270987142,28.1553801288));
#6990=CARTESIAN_POINT('',(5.0037374827,1.3989510011,28.2379240434));
#6991=CARTESIAN_POINT('',(4.9924652393,1.3810381099,28.2772151501));
#6992=CARTESIAN_POINT('',(4.962673509,1.3387716144,28.3491136539));
#6993=CARTESIAN_POINT('',(4.9441564789,1.314421426,28.3817152029));
#6994=CARTESIAN_POINT('',(4.9011704336,1.2609688635,28.4379640318));
#6995=CARTESIAN_POINT('',(4.876704953,1.2318708084,28.4616067345));
#6996=CARTESIAN_POINT('',(4.8235322282,1.1709406408,28.4982900851));
#6997=CARTESIAN_POINT('',(4.7948293492,1.1391134514,28.511327745));
#6998=CARTESIAN_POINT('',(4.7650084149,1.1070231724,28.5186091857));
#6999=CARTESIAN_POINT('',(4.9025462405,1.570991934,28.0920749513));
#7000=CARTESIAN_POINT('',(4.9016779818,1.5659508855,28.1354199895));
#7001=CARTESIAN_POINT('',(4.8963104729,1.5573260338,28.1782801528));
#7002=CARTESIAN_POINT('',(4.876941726,1.5334918548,28.2601263708));
#7003=CARTESIAN_POINT('',(4.8629420014,1.5182843752,28.2991060539));
#7004=CARTESIAN_POINT('',(4.8272619332,1.4823171406,28.3705371521));
#7005=CARTESIAN_POINT('',(4.8055843743,1.4615601751,28.4029830063));
#7006=CARTESIAN_POINT('',(4.7560248433,1.4159035579,28.4591366333));
#7007=CARTESIAN_POINT('',(4.7281467373,1.3910074479,28.4828400343));
#7008=CARTESIAN_POINT('',(4.6680848253,1.3387637519,28.5198936957));
#7009=CARTESIAN_POINT('',(4.6359057037,1.3114202193,28.533241071));
#7010=CARTESIAN_POINT('',(4.6026696647,1.2837799087,28.5409566888));
#7011=CARTESIAN_POINT('',(4.7536911544,1.8043451131,28.11055692));
#7012=CARTESIAN_POINT('',(4.750926699,1.801455438,28.1536257646));
#7013=CARTESIAN_POINT('',(4.7432034944,1.7958953503,28.1962032211));
#7014=CARTESIAN_POINT('',(4.7183546221,1.7798043725,28.2775381281));
#7015=CARTESIAN_POINT('',(4.7012308268,1.7692746907,28.3162894571));
#7016=CARTESIAN_POINT('',(4.6587261119,1.74394787,28.3873775928));
#7017=CARTESIAN_POINT('',(4.6333483941,1.7291526335,28.4197090492));
#7018=CARTESIAN_POINT('',(4.5760339484,1.6962834793,28.4757922549));
#7019=CARTESIAN_POINT('',(4.5441015374,1.6782120309,28.4995397831));
#7020=CARTESIAN_POINT('',(4.4758148976,1.6399985448,28.5368641962));
#7021=CARTESIAN_POINT('',(4.4394658117,1.6198593782,28.5504382718));
#7022=CARTESIAN_POINT('',(4.4021224075,1.5993582286,28.5584719239));
#7023=CARTESIAN_POINT('',(4.7063692429,1.8991259696,28.1133956566));
#7024=CARTESIAN_POINT('',(4.7030551289,1.8971795308,28.1564214994));
#7025=CARTESIAN_POINT('',(4.694627843,1.8929069118,28.198954941));
#7026=CARTESIAN_POINT('',(4.6681069879,1.8799934149,28.2802101101));
#7027=CARTESIAN_POINT('',(4.650015404,1.8713535047,28.3189257539));
#7028=CARTESIAN_POINT('',(4.6053722816,1.850281785,28.3899599911));
#7029=CARTESIAN_POINT('',(4.5788240853,1.8378515542,28.4222732661));
#7030=CARTESIAN_POINT('',(4.5190388164,1.8100287383,28.4783444821));
#7031=CARTESIAN_POINT('',(4.4858062196,1.7946382374,28.5020982248));
#7032=CARTESIAN_POINT('',(4.4148697503,1.7619222172,28.5394632269));
#7033=CARTESIAN_POINT('',(4.3771711885,1.7445991485,28.5530716885));
#7034=CARTESIAN_POINT('',(4.3384950326,1.7268868337,28.5611538782));
#7035=CARTESIAN_POINT('',(4.6143925874,2.1463314009,28.1096208217));
#7036=CARTESIAN_POINT('',(4.6101903697,2.1470349604,28.1527042693));
#7037=CARTESIAN_POINT('',(4.6005078039,2.1463371801,28.1952966057));
#7038=CARTESIAN_POINT('',(4.5708276768,2.142185791,28.2766582298));
#7039=CARTESIAN_POINT('',(4.550832353,2.138732497,28.3154213821));
#7040=CARTESIAN_POINT('',(4.5018646714,2.1293014886,28.3865269394));
#7041=CARTESIAN_POINT('',(4.4728960054,2.1233244876,28.4188639825));
#7042=CARTESIAN_POINT('',(4.4079209703,2.1092467074,28.4749497775));
#7043=CARTESIAN_POINT('',(4.3719194999,2.1011469925,28.4986943));
#7044=CARTESIAN_POINT('',(4.2952896458,2.0833667818,28.5360028779));
#7045=CARTESIAN_POINT('',(4.2546670395,2.0736876298,28.5495641197));
#7046=CARTESIAN_POINT('',(4.2130913542,2.0635425538,28.5575800574));
#7047=CARTESIAN_POINT('',(4.5844019226,2.307498425,28.0964890912));
#7048=CARTESIAN_POINT('',(4.5801943584,2.3100326315,28.1397762102));
#7049=CARTESIAN_POINT('',(4.5703144876,2.3117647666,28.1825767371));
#7050=CARTESIAN_POINT('',(4.5398777836,2.3135110127,28.2643149606));
#7051=CARTESIAN_POINT('',(4.5193233036,2.3135250068,28.3032463431));
#7052=CARTESIAN_POINT('',(4.4689301412,2.3118383306,28.3746051768));
#7053=CARTESIAN_POINT('',(4.4390953524,2.3101378148,28.4070271154));
#7054=CARTESIAN_POINT('',(4.3721636971,2.3051429296,28.4631669227));
#7055=CARTESIAN_POINT('',(4.3350720008,2.3018489747,28.4868804535));
#7056=CARTESIAN_POINT('',(4.2561409381,2.2938968783,28.5239934252));
#7057=CARTESIAN_POINT('',(4.2143076679,2.2892393823,28.5373899972));
#7058=CARTESIAN_POINT('',(4.1715186887,2.2840610399,28.5451741565));
#7059=CARTESIAN_POINT('',(4.5772827873,2.6284719503,28.0518259292));
#7060=CARTESIAN_POINT('',(4.5740905814,2.6342522055,28.0957873003));
#7061=CARTESIAN_POINT('',(4.5649453312,2.6404431121,28.139279448));
#7062=CARTESIAN_POINT('',(4.5353920379,2.6532141633,28.2222688539));
#7063=CARTESIAN_POINT('',(4.5149864724,2.6597932558,28.2617591611));
#7064=CARTESIAN_POINT('',(4.4643518459,2.6728806777,28.333955726));
#7065=CARTESIAN_POINT('',(4.4341270268,2.6793879345,28.3666559363));
#7066=CARTESIAN_POINT('',(4.3659865109,2.6918778242,28.4229620147));
#7067=CARTESIAN_POINT('',(4.3280765211,2.697859439,28.4465631655));
#7068=CARTESIAN_POINT('',(4.2472410816,2.7088819747,28.4830027661));
#7069=CARTESIAN_POINT('',(4.2043224014,2.7139220029,28.4958381617));
#7070=CARTESIAN_POINT('',(4.1604106928,2.7183170104,28.5028378806));
#7071=CARTESIAN_POINT('',(4.6003357057,2.7898858421,28.0196157702));
#7072=CARTESIAN_POINT('',(4.5981943325,2.7971882904,28.0640744931));
#7073=CARTESIAN_POINT('',(4.5899990276,2.8055652218,28.1080777542));
#7074=CARTESIAN_POINT('',(4.5620967203,2.8238667359,28.1919925397));
#7075=CARTESIAN_POINT('',(4.5423922091,2.8337897269,28.2318966305));
#7076=CARTESIAN_POINT('',(4.4929046623,2.8544701576,28.3047135556));
#7077=CARTESIAN_POINT('',(4.4631260299,2.865225809,28.3376199378));
#7078=CARTESIAN_POINT('',(4.3956553594,2.8868001982,28.3940493206));
#7079=CARTESIAN_POINT('',(4.3579693167,2.8976170788,28.4175673182));
#7080=CARTESIAN_POINT('',(4.2774235329,2.9185395976,28.453508774));
#7081=CARTESIAN_POINT('',(4.2345709444,2.928643442,28.465929041));
#7082=CARTESIAN_POINT('',(4.1906891438,2.9380306593,28.4723490527));
#7083=CARTESIAN_POINT('',(4.6726893352,3.0233822008,27.9588985375));
#7084=CARTESIAN_POINT('',(4.6727056119,3.0323759089,28.0043044071));
#7085=CARTESIAN_POINT('',(4.6666281609,3.0435190601,28.0492868676));
#7086=CARTESIAN_POINT('',(4.6427500133,3.0692563135,28.1349771325));
#7087=CARTESIAN_POINT('',(4.6249516775,3.0838478855,28.1756764845));
#7088=CARTESIAN_POINT('',(4.5789938895,3.1153670819,28.2496821352));
#7089=CARTESIAN_POINT('',(4.5508389761,3.1322916098,28.2829811335));
#7090=CARTESIAN_POINT('',(4.4863237015,3.1671836054,28.3396338034));
#7091=CARTESIAN_POINT('',(4.4499697095,3.1851476468,28.3629818855));
#7092=CARTESIAN_POINT('',(4.3718403543,3.2207461422,28.3979420028));
#7093=CARTESIAN_POINT('',(4.3300727028,3.2383771021,28.4095505875));
#7094=CARTESIAN_POINT('',(4.2871939863,3.2551697213,28.4148451322));
#7095=CARTESIAN_POINT('',(4.7055657888,3.10410217,27.9350436112));
#7096=CARTESIAN_POINT('',(4.7064552472,3.1135803944,27.9808237229));
#7097=CARTESIAN_POINT('',(4.7012588973,3.1256038847,28.0261940188));
#7098=CARTESIAN_POINT('',(4.6791002039,3.1538077383,28.1125879273));
#7099=CARTESIAN_POINT('',(4.6621401451,3.1699852143,28.153602669));
#7100=CARTESIAN_POINT('',(4.6177789084,3.2052358081,28.2280792117));
#7101=CARTESIAN_POINT('',(4.5903822956,3.2243053208,28.2615333648));
#7102=CARTESIAN_POINT('',(4.5272887937,3.2638534042,28.3182725012));
#7103=CARTESIAN_POINT('',(4.4915983934,3.2843279327,28.3415516567));
#7104=CARTESIAN_POINT('',(4.4147067567,3.3250899686,28.3761189592));
#7105=CARTESIAN_POINT('',(4.3735134259,3.3453733115,28.3874035535));
#7106=CARTESIAN_POINT('',(4.3311746817,3.3647725365,28.3922500866));
#7107=CARTESIAN_POINT('',(4.7444063731,3.1804779719,27.909654233));
#7108=CARTESIAN_POINT('',(4.7462197531,3.1902936691,27.9558350427));
#7109=CARTESIAN_POINT('',(4.7419825764,3.2030559087,28.0016219708));
#7110=CARTESIAN_POINT('',(4.7217435659,3.2334600768,28.0887723165));
#7111=CARTESIAN_POINT('',(4.7057439023,3.2510987452,28.1301263895));
#7112=CARTESIAN_POINT('',(4.6632547242,3.2898486384,28.2051085825));
#7113=CARTESIAN_POINT('',(4.6367697657,3.3109557081,28.2387286627));
#7114=CARTESIAN_POINT('',(4.5754221689,3.3549580704,28.295557161));
#7115=CARTESIAN_POINT('',(4.5405661086,3.3778486448,28.3187594858));
#7116=CARTESIAN_POINT('',(4.4652572372,3.4235909357,28.3528978874));
#7117=CARTESIAN_POINT('',(4.4248125012,3.4464377476,28.3638303038));
#7118=CARTESIAN_POINT('',(4.3831832381,3.4683531412,28.3681918872));
#7119=B_SPLINE_SURFACE_WITH_KNOTS('',3,3,((#6951,#6952,#6953,#6954,#6955,#6956,#6957,#6958,#6959,#6960,#6961,#6962),
    (#6963,#6964,#6965,#6966,#6967,#6968,#6969,#6970,#6971,#6972,#6973,#6974),
    (#6975,#6976,#6977,#6978,#6979,#6980,#6981,#6982,#6983,#6984,#6985,#6986),
    (#6987,#6988,#6989,#6990,#6991,#6992,#6993,#6994,#6995,#6996,#6997,#6998),
    (#6999,#7000,#7001,#7002,#7003,#7004,#7005,#7006,#7007,#7008,#7009,#7010),
    (#7011,#7012,#7013,#7014,#7015,#7016,#7017,#7018,#7019,#7020,#7021,#7022),
    (#7023,#7024,#7025,#7026,#7027,#7028,#7029,#7030,#7031,#7032,#7033,#7034),
    (#7035,#7036,#7037,#7038,#7039,#7040,#7041,#7042,#7043,#7044,#7045,#7046),
    (#7047,#7048,#7049,#7050,#7051,#7052,#7053,#7054,#7055,#7056,#7057,#7058),
    (#7059,#7060,#7061,#7062,#7063,#7064,#7065,#7066,#7067,#7068,#7069,#7070),
    (#7071,#7072,#7073,#7074,#7075,#7076,#7077,#7078,#7079,#7080,#7081,#7082),
    (#7083,#7084,#7085,#7086,#7087,#7088,#7089,#7090,#7091,#7092,#7093,#7094),
    (#7095,#7096,#7097,#7098,#7099,#7100,#7101,#7102,#7103,#7104,#7105,#7106),
    (#7107,#7108,#7109,#7110,#7111,#7112,#7113,#7114,#7115,#7116,#7117,#7118)),.UNSPECIFIED.,.F.,.F.,.U.,
 (4,2,2,2,2,2,4),(4,2,2,2,2,4),(0.0,0.1990686855,0.4002880222,0.5217338884,0.7099810444,0.8979604356,1.0),(0.0,0.2,0.4,0.6,0.8,1.0),.UNSPECIFIED.);
#7120=ADVANCED_FACE('n° 1101',(#6950),#7119,.T.);
#7121=ORIENTED_EDGE('',*,*,#6149,.T.);
#7122=ORIENTED_EDGE('',*,*,#1873,.F.);
#7123=CARTESIAN_POINT('',(5.4410127403,0.6339806851,27.8808078637));
#7124=DIRECTION('',(-0.0187653517,-0.0545989021,0.9983320197));
#7125=DIRECTION('',(0.0,-0.9985078416,-0.0546085178));
#7126=AXIS2_PLACEMENT_3D('',#7123,#7124,#7125);
#7127=CIRCLE('',#7126,0.5);
#7128=EDGE_CURVE('n° 1204',#340,#1806,#7127,.T.);
#7129=ORIENTED_EDGE('',*,*,#7128,.F.);
#7130=ORIENTED_EDGE('',*,*,#390,.F.);
#7131=EDGE_LOOP('',(#7121,#7122,#7129,#7130));
#7132=FACE_OUTER_BOUND('',#7131,.T.);
#7133=CARTESIAN_POINT('',(5.937497627,0.6918305336,27.8933039572));
#7134=CARTESIAN_POINT('',(5.9331289519,0.7289035898,27.8952493705));
#7135=CARTESIAN_POINT('',(5.9245807255,0.7654880682,27.8970895017));
#7136=CARTESIAN_POINT('',(5.899551944,0.8358533734,27.9004673303));
#7137=CARTESIAN_POINT('',(5.8830724419,0.8696312398,27.9020048857));
#7138=CARTESIAN_POINT('',(5.8430059614,0.9326910252,27.9047005153));
#7139=CARTESIAN_POINT('',(5.8194206688,0.9619702912,27.9058584762));
#7140=CARTESIAN_POINT('',(5.7663234846,1.0145657895,27.9077368784));
#7141=CARTESIAN_POINT('',(5.736813827,1.0378798091,27.9084572407));
#7142=CARTESIAN_POINT('',(5.6733456635,1.0773764263,27.9094243233));
#7143=CARTESIAN_POINT('',(5.6393898277,1.0935573623,27.9096710029));
#7144=CARTESIAN_POINT('',(5.604059868,1.1057670054,27.909674663));
#7145=CARTESIAN_POINT('',(5.9381195141,0.6938556553,27.8592204681));
#7146=CARTESIAN_POINT('',(5.933744479,0.7308785325,27.8611663881));
#7147=CARTESIAN_POINT('',(5.9252010525,0.7674127681,27.8630073032));
#7148=CARTESIAN_POINT('',(5.9002028408,0.8376847206,27.8663874544));
#7149=CARTESIAN_POINT('',(5.8837491018,0.8714194966,27.8679265489));
#7150=CARTESIAN_POINT('',(5.8437516768,0.9344068121,27.8706261357));
#7151=CARTESIAN_POINT('',(5.8202096647,0.9636567156,27.8717865149));
#7152=CARTESIAN_POINT('',(5.7672113232,1.0162125033,27.8736706632));
#7153=CARTESIAN_POINT('',(5.7377572116,1.0395161879,27.8743943533));
#7154=CARTESIAN_POINT('',(5.6744057832,1.0790147204,27.8753689285));
#7155=CARTESIAN_POINT('',(5.6405111177,1.0952079153,27.8756197729));
#7156=CARTESIAN_POINT('',(5.6052413984,1.1074418636,27.8756279282));
#7157=CARTESIAN_POINT('',(5.9387399038,0.6958856585,27.8251361133));
#7158=CARTESIAN_POINT('',(5.9343585362,0.7328583077,27.8270825371));
#7159=CARTESIAN_POINT('',(5.9258199253,0.769342258,27.8289242331));
#7160=CARTESIAN_POINT('',(5.9008522926,0.8395207634,27.8323067001));
#7161=CARTESIAN_POINT('',(5.8844243104,0.873212397,27.8338473303));
#7162=CARTESIAN_POINT('',(5.844495919,0.9361271109,27.8365508675));
#7163=CARTESIAN_POINT('',(5.8209971721,0.9653475718,27.8377136618));
#7164=CARTESIAN_POINT('',(5.7680976537,1.0178634492,27.8396035506));
#7165=CARTESIAN_POINT('',(5.7386990845,1.0411566793,27.8403305664));
#7166=CARTESIAN_POINT('',(5.675464421,1.0806568474,27.8413126326));
#7167=CARTESIAN_POINT('',(5.6416309594,1.096862141,27.8415676421));
#7168=CARTESIAN_POINT('',(5.6064215463,1.1091202192,27.8415802951));
#7169=CARTESIAN_POINT('',(5.9629350187,0.7754401422,26.4925694594));
#7170=CARTESIAN_POINT('',(5.9583071652,0.8104472925,26.4945354684));
#7171=CARTESIAN_POINT('',(5.9499574074,0.8449637463,26.4964075683));
#7172=CARTESIAN_POINT('',(5.9261855519,0.9114853841,26.4998803124));
#7173=CARTESIAN_POINT('',(5.9107642315,0.9434883954,26.501480841));
#7174=CARTESIAN_POINT('',(5.8735337124,1.0035596771,26.5043385434));
#7175=CARTESIAN_POINT('',(5.8517257243,1.0316259819,26.5055956214));
#7176=CARTESIAN_POINT('',(5.8026887349,1.0825737883,26.5077097149));
#7177=CARTESIAN_POINT('',(5.7754613256,1.105453616,26.5085666585));
#7178=CARTESIAN_POINT('',(5.7167925021,1.1450067282,26.5098414969));
#7179=CARTESIAN_POINT('',(5.685352993,1.1616787029,26.510259347));
#7180=CARTESIAN_POINT('',(5.6525036872,1.1748732097,26.5104479187));
#7181=CARTESIAN_POINT('',(5.9843636134,0.8597900598,25.19436367));
#7182=CARTESIAN_POINT('',(5.9795346058,0.892818222,25.1963447049));
#7183=CARTESIAN_POINT('',(5.9713896798,0.9253629702,25.1982419203));
#7184=CARTESIAN_POINT('',(5.9487913875,0.9881983521,25.2017929998));
#7185=CARTESIAN_POINT('',(5.9343386103,1.0184873503,25.2034467698));
#7186=CARTESIAN_POINT('',(5.8996971528,1.0756094094,25.2064446321));
#7187=CARTESIAN_POINT('',(5.8795093716,1.1024409818,25.2077886445));
#7188=CARTESIAN_POINT('',(5.8341966485,1.1515823735,25.2101128822));
#7189=CARTESIAN_POINT('',(5.8090728807,1.173890909,25.211093045));
#7190=CARTESIAN_POINT('',(5.7548818846,1.2130982274,25.2126498356));
#7191=CARTESIAN_POINT('',(5.7258160602,1.2299959808,25.2132264209));
#7192=CARTESIAN_POINT('',(5.695353405,1.2438512109,25.2135893381));
#7193=CARTESIAN_POINT('',(6.0201592059,1.0479443115,22.5990653361));
#7194=CARTESIAN_POINT('',(6.0150637212,1.0767314635,22.6010713933));
#7195=CARTESIAN_POINT('',(6.0074389133,1.1050717922,22.6030132166));
#7196=CARTESIAN_POINT('',(5.9873628626,1.1600009537,22.6067088491));
#7197=CARTESIAN_POINT('',(5.9749119215,1.1865889637,22.608462601));
#7198=CARTESIAN_POINT('',(5.945560735,1.2372064721,22.6117280586));
#7199=CARTESIAN_POINT('',(5.9286609263,1.2612352101,22.6132397134));
#7200=CARTESIAN_POINT('',(5.8909226243,1.306003554,22.6159742126));
#7201=CARTESIAN_POINT('',(5.8700846903,1.3267424837,22.6171970137));
#7202=CARTESIAN_POINT('',(5.8250992524,1.3642986181,22.6193157259));
#7203=CARTESIAN_POINT('',(5.8009524148,1.3811152501,22.6202116029));
#7204=CARTESIAN_POINT('',(5.7755153717,1.3957131425,22.6209299194));
#7205=CARTESIAN_POINT('',(6.0347241808,1.1512826596,21.3018223677));
#7206=CARTESIAN_POINT('',(6.029558881,1.1778187179,21.3038384112));
#7207=CARTESIAN_POINT('',(6.0222448441,1.2039371376,21.3057997152));
#7208=CARTESIAN_POINT('',(6.0035083481,1.254667833,21.3095615413));
#7209=CARTESIAN_POINT('',(5.992086092,1.2792795608,21.3113620215));
#7210=CARTESIAN_POINT('',(5.9654267726,1.3263631614,21.3147548925));
#7211=CARTESIAN_POINT('',(5.9501899959,1.3488345247,21.3163472453));
#7212=CARTESIAN_POINT('',(5.9162922184,1.3910579004,21.3192818449));
#7213=CARTESIAN_POINT('',(5.8976315809,1.4108094543,21.3206240585));
#7214=CARTESIAN_POINT('',(5.857363855,1.4470824986,21.3230227273));
#7215=CARTESIAN_POINT('',(5.8357571975,1.4636035929,21.324079155));
#7216=CARTESIAN_POINT('',(5.8129538212,1.4782951227,21.324978517));
#7217=CARTESIAN_POINT('',(6.0479875992,1.3600006424,19.0627487596));
#7218=CARTESIAN_POINT('',(6.0429435054,1.3820794166,19.064779441));
#7219=CARTESIAN_POINT('',(6.0363953156,1.4038159252,19.0667715525));
#7220=CARTESIAN_POINT('',(6.0204104283,1.4462096306,19.0706418655));
#7221=CARTESIAN_POINT('',(6.0109738162,1.4668666018,19.0725200456));
#7222=CARTESIAN_POINT('',(5.9893835302,1.5067253218,19.0761277193));
#7223=CARTESIAN_POINT('',(5.9772299704,1.5259268579,19.0778571929));
#7224=CARTESIAN_POINT('',(5.9504258884,1.562524723,19.0811353403));
#7225=CARTESIAN_POINT('',(5.935775507,1.5799208558,19.0826839958));
#7226=CARTESIAN_POINT('',(5.9042427047,1.6125900022,19.0855716367));
#7227=CARTESIAN_POINT('',(5.887360449,1.6278628391,19.0869106057));
#7228=CARTESIAN_POINT('',(5.8695147472,1.641933999,19.0881321875));
#7229=CARTESIAN_POINT('',(6.0502207902,1.456474636,18.1200065131));
#7230=CARTESIAN_POINT('',(6.0452950892,1.4765180986,18.1220425677));
#7231=CARTESIAN_POINT('',(6.0391329151,1.4962586315,18.1240467921));
#7232=CARTESIAN_POINT('',(6.0244276371,1.5348410502,18.1279610235));
#7233=CARTESIAN_POINT('',(6.0158845854,1.553682799,18.1298710159));
#7234=CARTESIAN_POINT('',(5.9965442963,1.5901876778,18.1335675684));
#7235=CARTESIAN_POINT('',(5.9857471272,1.607850678,18.1353541146));
#7236=CARTESIAN_POINT('',(5.9620581918,1.6417351958,18.1387763579));
#7237=CARTESIAN_POINT('',(5.9491665088,1.6579565926,18.1404120421));
#7238=CARTESIAN_POINT('',(5.9214787021,1.688715915,18.1435073441));
#7239=CARTESIAN_POINT('',(5.9066826755,1.7032537304,18.1449669501));
#7240=CARTESIAN_POINT('',(5.8910434362,1.7168409899,18.1463271988));
#7241=CARTESIAN_POINT('',(6.0404677126,1.6406646207,16.6412055644));
#7242=CARTESIAN_POINT('',(6.0360129594,1.6568125651,16.6432490293));
#7243=CARTESIAN_POINT('',(6.030739615,1.6727364369,16.6452712748));
#7244=CARTESIAN_POINT('',(6.0186087429,1.7039767541,16.6492527619));
#7245=CARTESIAN_POINT('',(6.0117512348,1.7192931494,16.6512119968));
#7246=CARTESIAN_POINT('',(5.9965206398,1.7491651106,16.6550475034));
#7247=CARTESIAN_POINT('',(5.9881475771,1.7637206285,16.6569237688));
#7248=CARTESIAN_POINT('',(5.9699693946,1.7919248891,16.6605741939));
#7249=CARTESIAN_POINT('',(5.9601643036,1.8055735862,16.6623483476));
#7250=CARTESIAN_POINT('',(5.9392197049,1.8318271219,16.6657764123));
#7251=CARTESIAN_POINT('',(5.9280802303,1.8444319178,16.6674303177));
#7252=CARTESIAN_POINT('',(5.9163289618,1.8564513359,16.6690156261));
#7253=CARTESIAN_POINT('',(6.0343390054,1.7140722147,16.1033628048));
#7254=CARTESIAN_POINT('',(6.030116845,1.7286467218,16.1054087724));
#7255=CARTESIAN_POINT('',(6.0252292605,1.743029902,16.1074374294));
#7256=CARTESIAN_POINT('',(6.0141628395,1.7712976934,16.1114432824));
#7257=CARTESIAN_POINT('',(6.0079840146,1.7851822752,16.1134204742));
#7258=CARTESIAN_POINT('',(5.9943849209,1.8123408348,16.1173069549));
#7259=CARTESIAN_POINT('',(5.9869646662,1.8256147843,16.1192162397));
#7260=CARTESIAN_POINT('',(5.9709423291,1.851444853,16.122951001));
#7261=CARTESIAN_POINT('',(5.9623402632,1.8640009452,16.1247764735));
#7262=CARTESIAN_POINT('',(5.9440232668,1.8882937144,16.128328367));
#7263=CARTESIAN_POINT('',(5.9343083553,1.9000303657,16.130054784));
#7264=CARTESIAN_POINT('',(5.9240759005,1.9113097317,16.1317244453));
#7265=CARTESIAN_POINT('',(6.0139622726,1.8552114524,15.2638220492));
#7266=CARTESIAN_POINT('',(6.0103200746,1.8668139016,15.2658712873));
#7267=CARTESIAN_POINT('',(6.0062454932,1.8782822181,15.2679092073));
#7268=CARTESIAN_POINT('',(5.9972533719,1.9008894409,15.2719513467));
#7269=CARTESIAN_POINT('',(5.992335836,1.912028337,15.2739555643));
#7270=CARTESIAN_POINT('',(5.981684028,1.9339172778,15.2779194076));
#7271=CARTESIAN_POINT('',(5.9759497607,1.9446673127,15.2798790313));
#7272=CARTESIAN_POINT('',(5.9636949864,1.9657211174,15.2837430285));
#7273=CARTESIAN_POINT('',(5.9571744849,1.9760248778,15.2856474002));
#7274=CARTESIAN_POINT('',(5.9433818583,1.9961310406,15.2893905242));
#7275=CARTESIAN_POINT('',(5.9361097394,2.0059334338,15.2912292747));
#7276=CARTESIAN_POINT('',(5.9284810891,2.0154589026,15.2930302029));
#7277=CARTESIAN_POINT('',(6.0045180705,1.9113632273,14.9601092788));
#7278=CARTESIAN_POINT('',(6.0011259531,1.9217960077,14.9621595717));
#7279=CARTESIAN_POINT('',(5.9973842147,1.932116507,14.964200684));
#7280=CARTESIAN_POINT('',(5.9892175321,1.9524889017,14.9682555568));
#7281=CARTESIAN_POINT('',(5.9847925904,1.9625407912,14.970269316));
#7282=CARTESIAN_POINT('',(5.9752783945,1.982333035,14.9742606032));
#7283=CARTESIAN_POINT('',(5.9701891432,1.9920733836,14.97623813));
#7284=CARTESIAN_POINT('',(5.9593679975,2.0112009132,14.9801482246));
#7285=CARTESIAN_POINT('',(5.9536361063,2.0205880886,14.9820807913));
#7286=CARTESIAN_POINT('',(5.9415540373,2.0389691083,14.9858924255));
#7287=CARTESIAN_POINT('',(5.935203863,2.0479629472,14.987771492));
#7288=CARTESIAN_POINT('',(5.9285580177,2.0567408558,14.9896196508));
#7289=CARTESIAN_POINT('',(5.9810457005,2.0197932326,14.4897465637));
#7290=CARTESIAN_POINT('',(5.9782150765,2.0279986329,14.4917983857));
#7291=CARTESIAN_POINT('',(5.9751603996,2.0361280557,14.493844293));
#7292=CARTESIAN_POINT('',(5.9686114695,2.0522123199,14.4979184708));
#7293=CARTESIAN_POINT('',(5.9651172171,2.0601671593,14.4999467408));
#7294=CARTESIAN_POINT('',(5.9576988654,2.0758801031,14.5039798839));
#7295=CARTESIAN_POINT('',(5.953774767,2.0836382054,14.5059847565));
#7296=CARTESIAN_POINT('',(5.9455076248,2.0989360564,14.5099654081));
#7297=CARTESIAN_POINT('',(5.9411645821,2.1064758031,14.5119411867));
#7298=CARTESIAN_POINT('',(5.9320715967,2.1213159165,14.5158580333));
#7299=CARTESIAN_POINT('',(5.9273216552,2.1286162813,14.5177991008));
#7300=CARTESIAN_POINT('',(5.9223748424,2.1357867671,14.5197200519));
#7301=CARTESIAN_POINT('',(5.9709599236,2.0627603499,14.3207794978));
#7302=CARTESIAN_POINT('',(5.9683634649,2.0700881927,14.3228318466));
#7303=CARTESIAN_POINT('',(5.9655875231,2.0773536062,14.3248794446));
#7304=CARTESIAN_POINT('',(5.9596828011,2.0917435967,14.3289604696));
#7305=CARTESIAN_POINT('',(5.9565540215,2.0988681725,14.3309938964));
#7306=CARTESIAN_POINT('',(5.9499505115,2.1129608104,14.3350419397));
#7307=CARTESIAN_POINT('',(5.9464757816,2.1199288714,14.3370565559));
#7308=CARTESIAN_POINT('',(5.939188003,2.1336931386,14.3410623792));
#7309=CARTESIAN_POINT('',(5.9353749549,2.1404893438,14.343053586));
#7310=CARTESIAN_POINT('',(5.9274188996,2.1538949265,14.3470080417));
#7311=CARTESIAN_POINT('',(5.9232758932,2.160504303,14.3489712904));
#7312=CARTESIAN_POINT('',(5.9189724426,2.1670129793,14.350918316));
#7313=CARTESIAN_POINT('',(5.9479955738,2.1466462069,14.062768938));
#7314=CARTESIAN_POINT('',(5.9459073763,2.1522718227,14.0648221139));
#7315=CARTESIAN_POINT('',(5.9437068782,2.1578567766,14.0668723039));
#7316=CARTESIAN_POINT('',(5.9390843719,2.1689375383,14.0709637736));
#7317=CARTESIAN_POINT('',(5.9366623639,2.1744333458,14.073005053));
#7318=CARTESIAN_POINT('',(5.9316002326,2.1853281145,14.0770757749));
#7319=CARTESIAN_POINT('',(5.9289601094,2.1907270754,14.0791052172));
#7320=CARTESIAN_POINT('',(5.9234654413,2.2014205826,14.0831493542));
#7321=CARTESIAN_POINT('',(5.9206108966,2.2067151287,14.0851640489));
#7322=CARTESIAN_POINT('',(5.9146913727,2.2171923807,14.0891758003));
#7323=CARTESIAN_POINT('',(5.9116263937,2.2223750863,14.0911728571));
#7324=CARTESIAN_POINT('',(5.9084583356,2.227498235,14.0931596619));
#7325=CARTESIAN_POINT('',(5.9384401816,2.1798484523,13.9708868433));
#7326=CARTESIAN_POINT('',(5.9365603499,2.1848021315,13.9729403175));
#7327=CARTESIAN_POINT('',(5.9345919609,2.189723125,13.9749914317));
#7328=CARTESIAN_POINT('',(5.9304802093,2.1994944084,13.9790866164));
#7329=CARTESIAN_POINT('',(5.9283368467,2.2043446981,13.9811306869));
#7330=CARTESIAN_POINT('',(5.9238774746,2.2139693165,13.9852094677));
#7331=CARTESIAN_POINT('',(5.9215614652,2.218743645,13.9872441779));
#7332=CARTESIAN_POINT('',(5.9167593095,2.2282111641,13.9913019316));
#7333=CARTESIAN_POINT('',(5.9142731632,2.2329043545,13.9933249751));
#7334=CARTESIAN_POINT('',(5.9091334244,2.2422045063,13.997357101));
#7335=CARTESIAN_POINT('',(5.906479832,2.2468114674,13.9993661834));
#7336=CARTESIAN_POINT('',(5.9037439506,2.251372814,14.0013671457));
#7337=CARTESIAN_POINT('',(5.9173435673,2.2457908166,13.8346859776));
#7338=CARTESIAN_POINT('',(5.9159120265,2.2494124984,13.8367399402));
#7339=CARTESIAN_POINT('',(5.9144268526,2.2530137698,13.8387924681));
#7340=CARTESIAN_POINT('',(5.9113502338,2.2601730861,13.842893241));
#7341=CARTESIAN_POINT('',(5.9097587891,2.263731131,13.8449414859));
#7342=CARTESIAN_POINT('',(5.9064706935,2.2708016168,13.8490322817));
#7343=CARTESIAN_POINT('',(5.9047740428,2.2743140576,13.8510748326));
#7344=CARTESIAN_POINT('',(5.9012766691,2.2812909872,13.8551528332));
#7345=CARTESIAN_POINT('',(5.899475946,2.284755476,13.8571882828));
#7346=CARTESIAN_POINT('',(5.8957716291,2.2916341849,13.8612506782));
#7347=CARTESIAN_POINT('',(5.8938680352,2.295048405,13.8632776239));
#7348=CARTESIAN_POINT('',(5.8919136402,2.2984363486,13.8652996191));
#7349=CARTESIAN_POINT('',(5.9086169806,2.2721545818,13.7866164532));
#7350=CARTESIAN_POINT('',(5.9073693638,2.2752442211,13.7886705971));
#7351=CARTESIAN_POINT('',(5.9060803801,2.278317883,13.7907236324));
#7352=CARTESIAN_POINT('',(5.9034203289,2.2844317095,13.7948263929));
#7353=CARTESIAN_POINT('',(5.9020492614,2.2874718742,13.7968761181));
#7354=CARTESIAN_POINT('',(5.8992257335,2.2935171806,13.8009711674));
#7355=CARTESIAN_POINT('',(5.8977732731,2.2965223223,13.8030164914));
#7356=CARTESIAN_POINT('',(5.8947876904,2.3024960745,13.8071016492));
#7357=CARTESIAN_POINT('',(5.8932545682,2.3054646849,13.809141483));
#7358=CARTESIAN_POINT('',(5.8901084334,2.3113638842,13.8132145742));
#7359=CARTESIAN_POINT('',(5.8884954208,2.3142944731,13.8152478315));
#7360=CARTESIAN_POINT('',(5.8868428685,2.3172053155,13.8172772592));
#7361=CARTESIAN_POINT('',(5.8914623988,2.3200834295,13.7273453844));
#7362=CARTESIAN_POINT('',(5.8905709755,2.3222049764,13.7293997948));
#7363=CARTESIAN_POINT('',(5.8896532503,2.3243161538,13.7314534984));
#7364=CARTESIAN_POINT('',(5.8877655018,2.328517069,13.7355587951));
#7365=CARTESIAN_POINT('',(5.8867954784,2.3306068067,13.7376103882));
#7366=CARTESIAN_POINT('',(5.8848034561,2.3347641487,13.7417107675));
#7367=CARTESIAN_POINT('',(5.8837814572,2.336831753,13.7437595538));
#7368=CARTESIAN_POINT('',(5.8816858236,2.3409441417,13.7478536243));
#7369=CARTESIAN_POINT('',(5.8806121889,2.3429889261,13.7498989085));
#7370=CARTESIAN_POINT('',(5.8784136408,2.3470549961,13.7539852807));
#7371=CARTESIAN_POINT('',(5.8772887273,2.3490762818,13.7560263686));
#7372=CARTESIAN_POINT('',(5.8761383613,2.3510854824,13.7580650121));
#7373=CARTESIAN_POINT('',(5.8858139485,2.3355122104,13.711016796));
#7374=CARTESIAN_POINT('',(5.8850393246,2.3373220303,13.7130712861));
#7375=CARTESIAN_POINT('',(5.8842425411,2.3391230455,13.71512518));
#7376=CARTESIAN_POINT('',(5.882604877,2.3427069668,13.7192311878));
#7377=CARTESIAN_POINT('',(5.8817639962,2.3444898728,13.7212833016));
#7378=CARTESIAN_POINT('',(5.8800383718,2.3480370806,13.7253851618));
#7379=CARTESIAN_POINT('',(5.8791536281,2.3498013825,13.7274349082));
#7380=CARTESIAN_POINT('',(5.8773405241,2.3533108922,13.7315314469));
#7381=CARTESIAN_POINT('',(5.8764121639,2.3550561001,13.7335782392));
#7382=CARTESIAN_POINT('',(5.8745120855,2.3585269376,13.7376682837));
#7383=CARTESIAN_POINT('',(5.8735403675,2.3602525672,13.739711536));
#7384=CARTESIAN_POINT('',(5.8725471059,2.3619681682,13.7417527258));
#7385=CARTESIAN_POINT('',(5.8747790382,2.3645678217,13.6889341577));
#7386=CARTESIAN_POINT('',(5.8742312886,2.3657898576,13.6909887764));
#7387=CARTESIAN_POINT('',(5.8736669772,2.3670052225,13.6930429488));
#7388=CARTESIAN_POINT('',(5.8725053494,2.3694223567,13.6971499605));
#7389=CARTESIAN_POINT('',(5.8719080328,2.3706241258,13.6992027998));
#7390=CARTESIAN_POINT('',(5.87068052,2.3730138172,13.7033067056));
#7391=CARTESIAN_POINT('',(5.8700503236,2.3742017395,13.705357772));
#7392=CARTESIAN_POINT('',(5.8687571833,2.376563489,13.7094576923));
#7393=CARTESIAN_POINT('',(5.8680942393,2.3777373162,13.7115065461));
#7394=CARTESIAN_POINT('',(5.8667357429,2.3800706304,13.7156016022));
#7395=CARTESIAN_POINT('',(5.8660401904,2.3812301174,13.7176478044));
#7396=CARTESIAN_POINT('',(5.8653284067,2.3823823131,13.7196924615));
#7397=CARTESIAN_POINT('',(5.8698984099,2.3771729197,13.6813894173));
#7398=CARTESIAN_POINT('',(5.8694507091,2.3781397846,13.6834440868));
#7399=CARTESIAN_POINT('',(5.8689883579,2.379100713,13.6854983611));
#7400=CARTESIAN_POINT('',(5.8680344407,2.3810105192,13.6896057296));
#7401=CARTESIAN_POINT('',(5.8675428746,2.381959397,13.6916588238));
#7402=CARTESIAN_POINT('',(5.8665306192,2.3838449261,13.6957634424));
#7403=CARTESIAN_POINT('',(5.8660099298,2.3847815776,13.6978149669));
#7404=CARTESIAN_POINT('',(5.8649395245,2.3866424807,13.7019160569));
#7405=CARTESIAN_POINT('',(5.8643898086,2.3875667324,13.7039656223));
#7406=CARTESIAN_POINT('',(5.8632614528,2.3894026653,13.7080624054));
#7407=CARTESIAN_POINT('',(5.8626828128,2.3903143464,13.7101096231));
#7408=CARTESIAN_POINT('',(5.8620897647,2.3912196578,13.7121554725));
#7409=CARTESIAN_POINT('',(5.8604121177,2.4010312883,13.6725252604));
#7410=CARTESIAN_POINT('',(5.8601582009,2.4015144898,13.6745800114));
#7411=CARTESIAN_POINT('',(5.8598918843,2.4019926091,13.6766344273));
#7412=CARTESIAN_POINT('',(5.8593344935,2.4029386091,13.6807422587));
#7413=CARTESIAN_POINT('',(5.8590434193,2.4034064898,13.6827956741));
#7414=CARTESIAN_POINT('',(5.8584365589,2.4043319398,13.6869011741));
#7415=CARTESIAN_POINT('',(5.8581207728,2.4047895092,13.6889532587));
#7416=CARTESIAN_POINT('',(5.8574645383,2.4056942657,13.6930557671));
#7417=CARTESIAN_POINT('',(5.8571240899,2.4061414528,13.6951061908));
#7418=CARTESIAN_POINT('',(5.8564185845,2.4070253755,13.6992050475));
#7419=CARTESIAN_POINT('',(5.8560535275,2.4074621111,13.7012534805));
#7420=CARTESIAN_POINT('',(5.8556761949,2.407893587,13.7033007533));
#7421=CARTESIAN_POINT('',(5.8558976221,2.4121787331,13.6701750363));
#7422=CARTESIAN_POINT('',(5.85573571,2.4124357193,13.6722298204));
#7423=CARTESIAN_POINT('',(5.8555619978,2.4126878446,13.6742842854));
#7424=CARTESIAN_POINT('',(5.8551909997,2.4131823351,13.6783922627));
#7425=CARTESIAN_POINT('',(5.8549937138,2.4134247002,13.6804457749));
#7426=CARTESIAN_POINT('',(5.8545755984,2.4138996333,13.6845515319));
#7427=CARTESIAN_POINT('',(5.8543547689,2.4141322013,13.6866037767));
#7428=CARTESIAN_POINT('',(5.8538896002,2.4145875048,13.6907066845));
#7429=CARTESIAN_POINT('',(5.8536452609,2.4148102403,13.6927573476));
#7430=CARTESIAN_POINT('',(5.8531331099,2.4152458449,13.6968567777));
#7431=CARTESIAN_POINT('',(5.8528652981,2.415458714,13.6989055448));
#7432=CARTESIAN_POINT('',(5.8525857706,2.4156666337,13.700953207));
#7433=CARTESIAN_POINT('',(5.8467470449,2.4343138923,13.6695711921));
#7434=CARTESIAN_POINT('',(5.8467712016,2.4341210223,13.6716260297));
#7435=CARTESIAN_POINT('',(5.8467837277,2.4339233098,13.6736805523));
#7436=CARTESIAN_POINT('',(5.8467855167,2.4335182297,13.6777886569));
#7437=CARTESIAN_POINT('',(5.8467747796,2.4333108621,13.6798422389));
#7438=CARTESIAN_POINT('',(5.8467300438,2.4328865033,13.6839481516));
#7439=CARTESIAN_POINT('',(5.846696045,2.4326695122,13.6860004825));
#7440=CARTESIAN_POINT('',(5.846604791,2.4322259394,13.6901035825));
#7441=CARTESIAN_POINT('',(5.8465475356,2.4319993578,13.6921543518));
#7442=CARTESIAN_POINT('',(5.8464097769,2.4315366386,13.6962540187));
#7443=CARTESIAN_POINT('',(5.8463292736,2.431300501,13.6983029163));
#7444=CARTESIAN_POINT('',(5.8462371523,2.4310596034,13.7003507232));
#7445=CARTESIAN_POINT('',(5.8420068282,2.4455509905,13.6713335808));
#7446=CARTESIAN_POINT('',(5.8421271667,2.445129402,13.6733884392));
#7447=CARTESIAN_POINT('',(5.8422354409,2.444702765,13.6754429706));
#7448=CARTESIAN_POINT('',(5.8424278444,2.4438394585,13.6795510571));
#7449=CARTESIAN_POINT('',(5.8425119738,2.4434027891,13.6816046121));
#7450=CARTESIAN_POINT('',(5.8426560757,2.4425194839,13.6857104233));
#7451=CARTESIAN_POINT('',(5.8427160482,2.4420728482,13.6877626795));
#7452=CARTESIAN_POINT('',(5.8428118277,2.4411696781,13.6918655709));
#7453=CARTESIAN_POINT('',(5.8428476348,2.4407131438,13.6939162061));
#7454=CARTESIAN_POINT('',(5.8428950789,2.4397902459,13.6980155337));
#7455=CARTESIAN_POINT('',(5.8429067159,2.4393238823,13.7000642261));
#7456=CARTESIAN_POINT('',(5.8429062675,2.4388526394,13.7021117862));
#7457=CARTESIAN_POINT('',(5.8316841209,2.4695817771,13.679155423));
#7458=CARTESIAN_POINT('',(5.8320135846,2.4686702469,13.681210312));
#7459=CARTESIAN_POINT('',(5.8323290405,2.4677527878,13.6832648208));
#7460=CARTESIAN_POINT('',(5.8329318807,2.4659061753,13.6873727026));
#7461=CARTESIAN_POINT('',(5.833219265,2.4649770218,13.6894260757));
#7462=CARTESIAN_POINT('',(5.8337659111,2.463107186,13.6935313113));
#7463=CARTESIAN_POINT('',(5.834025173,2.4621665038,13.6955831738));
#7464=CARTESIAN_POINT('',(5.8345155285,2.4602737783,13.6996850135));
#7465=CARTESIAN_POINT('',(5.8347466222,2.459321735,13.7017349908));
#7466=CARTESIAN_POINT('',(5.8351806009,2.4574064572,13.7058326859));
#7467=CARTESIAN_POINT('',(5.8353834858,2.4564432227,13.7078804037));
#7468=CARTESIAN_POINT('',(5.8355722487,2.4554744785,13.7099268048));
#7469=CARTESIAN_POINT('',(5.8260931719,2.4822734583,13.6863231996));
#7470=CARTESIAN_POINT('',(5.8265356636,2.4811025449,13.6883780943));
#7471=CARTESIAN_POINT('',(5.8269623599,2.4799249067,13.6904325598));
#7472=CARTESIAN_POINT('',(5.8277840768,2.4775564166,13.6945402091));
#7473=CARTESIAN_POINT('',(5.8281790973,2.4763655649,13.6965933928));
#7474=CARTESIAN_POINT('',(5.8289373837,2.4739708867,13.7006980556));
#7475=CARTESIAN_POINT('',(5.8293006497,2.4727670602,13.7027495346));
#7476=CARTESIAN_POINT('',(5.8299953547,2.4703466742,13.7068503649));
#7477=CARTESIAN_POINT('',(5.8303267938,2.4691301145,13.7088997163));
#7478=CARTESIAN_POINT('',(5.8309577793,2.4666845061,13.7129958693));
#7479=CARTESIAN_POINT('',(5.8312573257,2.4654554574,13.7150426708));
#7480=CARTESIAN_POINT('',(5.831540896,2.4642202873,13.7170879864));
#7481=CARTESIAN_POINT('',(5.8118270263,2.5140817696,13.7098391898));
#7482=CARTESIAN_POINT('',(5.8125576195,2.5122593973,13.7118940765));
#7483=CARTESIAN_POINT('',(5.8132665471,2.5104276688,13.7139483732));
#7484=CARTESIAN_POINT('',(5.8146408794,2.5067459975,13.7180552048));
#7485=CARTESIAN_POINT('',(5.815306284,2.5048960546,13.7201077397));
#7486=CARTESIAN_POINT('',(5.8165933904,2.5011784576,13.724210466));
#7487=CARTESIAN_POINT('',(5.8172150922,2.4993108035,13.7262606576));
#7488=CARTESIAN_POINT('',(5.8184146249,2.495558292,13.7303581165));
#7489=CARTESIAN_POINT('',(5.8189924559,2.4936734347,13.7324053839));
#7490=CARTESIAN_POINT('',(5.8201040912,2.4898870294,13.7364964146));
#7491=CARTESIAN_POINT('',(5.8206378955,2.4879854814,13.7385401778));
#7492=CARTESIAN_POINT('',(5.8211496146,2.4860758469,13.7405818995));
#7493=CARTESIAN_POINT('',(5.803803513,2.5312970982,13.7291785604));
#7494=CARTESIAN_POINT('',(5.8046957899,2.5291204769,13.7312334162));
#7495=CARTESIAN_POINT('',(5.8055615681,2.5269323146,13.7332875493));
#7496=CARTESIAN_POINT('',(5.8072398364,2.5225336457,13.7373936579));
#7497=CARTESIAN_POINT('',(5.8080523264,2.5203231392,13.7394456333));
#7498=CARTESIAN_POINT('',(5.8096237449,2.5158805274,13.7435467144));
#7499=CARTESIAN_POINT('',(5.8103826735,2.5136484222,13.7455958201));
#7500=CARTESIAN_POINT('',(5.8118467139,2.5091633655,13.7496904509));
#7501=CARTESIAN_POINT('',(5.8125518258,2.5069104141,13.751735976));
#7502=CARTESIAN_POINT('',(5.8139079956,2.5023844249,13.7558227358));
#7503=CARTESIAN_POINT('',(5.8145590535,2.5001113871,13.7578639704));
#7504=CARTESIAN_POINT('',(5.8151829748,2.4978286892,13.7599027057));
#7505=CARTESIAN_POINT('',(5.7726363029,2.5967988409,13.8167762185));
#7506=CARTESIAN_POINT('',(5.7741564197,2.5932698578,13.8188308855));
#7507=CARTESIAN_POINT('',(5.775628128,2.5897192771,13.8208842273));
#7508=CARTESIAN_POINT('',(5.7784738948,2.5825769469,13.824986954));
#7509=CARTESIAN_POINT('',(5.7798479533,2.5789851974,13.8270363389));
#7510=CARTESIAN_POINT('',(5.782497642,2.5717625787,13.8311298476));
#7511=CARTESIAN_POINT('',(5.7837732724,2.5681317096,13.8331739713));
#7512=CARTESIAN_POINT('',(5.7862253815,2.5608329229,13.8372556562));
#7513=CARTESIAN_POINT('',(5.7874018603,2.5571650054,13.8392932174));
#7514=CARTESIAN_POINT('',(5.7896549985,2.5497942137,13.8433604795));
#7515=CARTESIAN_POINT('',(5.7907316578,2.5460913396,13.8453901804));
#7516=CARTESIAN_POINT('',(5.7917581013,2.5423720431,13.8474153045));
#7517=CARTESIAN_POINT('',(5.7553409471,2.6297450905,13.8963576883));
#7518=CARTESIAN_POINT('',(5.7572090506,2.6255242734,13.8984120759));
#7519=CARTESIAN_POINT('',(5.7590087918,2.6212723479,13.9004645859));
#7520=CARTESIAN_POINT('',(5.7624700068,2.6127099455,13.9045640002));
#7521=CARTESIAN_POINT('',(5.7641314804,2.6083994688,13.9066109045));
#7522=CARTESIAN_POINT('',(5.7673147306,2.5997236778,13.9106972616));
#7523=CARTESIAN_POINT('',(5.7688365071,2.5953583636,13.9127367144));
#7524=CARTESIAN_POINT('',(5.7717390487,2.586576657,13.9168063288));
#7525=CARTESIAN_POINT('',(5.7731198137,2.5821602646,13.9188364904));
#7526=CARTESIAN_POINT('',(5.7757391336,2.5732802031,13.9228856904));
#7527=CARTESIAN_POINT('',(5.7769776884,2.5688165342,13.9249047288));
#7528=CARTESIAN_POINT('',(5.7781445973,2.5643311475,13.9269172942));
#7529=CARTESIAN_POINT('',(5.7025236519,2.7279955777,14.1613218256));
#7530=CARTESIAN_POINT('',(5.7054578948,2.7216958929,14.1633751045));
#7531=CARTESIAN_POINT('',(5.7082570512,2.7153323018,14.1654246475));
#7532=CARTESIAN_POINT('',(5.7135806112,2.7024877891,14.169512585));
#7533=CARTESIAN_POINT('',(5.7161050146,2.6960068681,14.1715509795));
#7534=CARTESIAN_POINT('',(5.7208749209,2.6829383638,14.1756129607));
#7535=CARTESIAN_POINT('',(5.7231204236,2.676350781,14.1776365473));
#7536=CARTESIAN_POINT('',(5.72732882,2.6630797895,14.1816652771));
#7537=CARTESIAN_POINT('',(5.7292917134,2.6563963813,14.1836704201));
#7538=CARTESIAN_POINT('',(5.7329316269,2.6429447278,14.1876586556));
#7539=CARTESIAN_POINT('',(5.7346086469,2.6361764829,14.1896417481));
#7540=CARTESIAN_POINT('',(5.7361413229,2.6293713816,14.1916120293));
#7541=CARTESIAN_POINT('',(5.6749697752,2.77306784,14.3566923897));
#7542=CARTESIAN_POINT('',(5.6784604347,2.7657901231,14.3587446564));
#7543=CARTESIAN_POINT('',(5.6817666775,2.758422752,14.3607917968));
#7544=CARTESIAN_POINT('',(5.688002496,2.7435262446,14.3648707876));
#7545=CARTESIAN_POINT('',(5.6909320713,2.7359971095,14.3669026376));
#7546=CARTESIAN_POINT('',(5.6964075818,2.7207949888,14.3709460445));
#7547=CARTESIAN_POINT('',(5.6989535166,2.7131220045,14.3729576011));
#7548=CARTESIAN_POINT('',(5.7036556499,2.6976504308,14.3769554643));
#7549=CARTESIAN_POINT('',(5.7058118481,2.6898518428,14.3789417706));
#7550=CARTESIAN_POINT('',(5.7097293022,2.6741475989,14.3828842346));
#7551=CARTESIAN_POINT('',(5.7114905578,2.6662419444,14.3848403919));
#7552=CARTESIAN_POINT('',(5.7130521901,2.6582921503,14.38677906));
#7553=CARTESIAN_POINT('',(5.6236240974,2.8543380039,14.7458209386));
#7554=CARTESIAN_POINT('',(5.6281295833,2.8453311382,14.7478717022));
#7555=CARTESIAN_POINT('',(5.6323549946,2.8361825843,14.7499146186));
#7556=CARTESIAN_POINT('',(5.6402300619,2.8176359576,14.7539770653));
#7557=CARTESIAN_POINT('',(5.643879716,2.808237889,14.7559965947));
#7558=CARTESIAN_POINT('',(5.6505897614,2.78922701,14.7600046592));
#7559=CARTESIAN_POINT('',(5.6536501512,2.7796142037,14.7619931934));
#7560=CARTESIAN_POINT('',(5.6591703122,2.7602094114,14.7659317725));
#7561=CARTESIAN_POINT('',(5.6616300821,2.7504174297,14.7678818166));
#7562=CARTESIAN_POINT('',(5.6659398403,2.7306905061,14.7717360612));
#7563=CARTESIAN_POINT('',(5.6677898277,2.7207555686,14.7736402607));
#7564=CARTESIAN_POINT('',(5.6693314556,2.7107675239,14.7755179451));
#7565=CARTESIAN_POINT('',(5.600582449,2.8884290373,14.9423936127));
#7566=CARTESIAN_POINT('',(5.6055399968,2.8786944452,14.9444436324));
#7567=CARTESIAN_POINT('',(5.6101696131,2.8687910993,14.9464844316));
#7568=CARTESIAN_POINT('',(5.6187527561,2.8486902444,14.950538562));
#7569=CARTESIAN_POINT('',(5.62270628,2.8384927417,14.9525518919));
#7570=CARTESIAN_POINT('',(5.6299199303,2.817848202,14.9565421734));
#7571=CARTESIAN_POINT('',(5.6331800543,2.8074011715,14.9585191237));
#7572=CARTESIAN_POINT('',(5.6389925956,2.7863032864,14.9624278926));
#7573=CARTESIAN_POINT('',(5.6415450109,2.7756524384,14.96435971));
#7574=CARTESIAN_POINT('',(5.6459308856,2.7541935154,14.9681696554));
#7575=CARTESIAN_POINT('',(5.6477643435,2.743385447,14.9700477821));
#7576=CARTESIAN_POINT('',(5.6492342531,2.7325224077,14.9718949014));
#7577=CARTESIAN_POINT('',(5.5358250858,2.9805472442,15.5291024135));
#7578=CARTESIAN_POINT('',(5.5420488232,2.9688406696,15.5311502105));
#7579=CARTESIAN_POINT('',(5.5478028566,2.9568826821,15.5331846877));
#7580=CARTESIAN_POINT('',(5.5583357485,2.932538457,15.5372140058));
#7581=CARTESIAN_POINT('',(5.5631146004,2.9201522345,15.539208844));
#7582=CARTESIAN_POINT('',(5.5716673167,2.8950287635,15.5431461244));
#7583=CARTESIAN_POINT('',(5.5754411758,2.8822915307,15.545088564));
#7584=CARTESIAN_POINT('',(5.581960243,2.8565454175,15.5489086081));
#7585=CARTESIAN_POINT('',(5.5847054471,2.8435365531,15.5507862102));
#7586=CARTESIAN_POINT('',(5.5891498337,2.8173282317,15.5544645374));
#7587=CARTESIAN_POINT('',(5.5908490132,2.804128791,15.5562652602));
#7588=CARTESIAN_POINT('',(5.5920196955,2.7908751756,15.5580217591));
#7589=CARTESIAN_POINT('',(5.4977789373,3.0294472178,15.9222264616));
#7590=CARTESIAN_POINT('',(5.5047404865,3.01668565,15.9242727659));
#7591=CARTESIAN_POINT('',(5.5111387355,3.0036148274,15.926303004));
#7592=CARTESIAN_POINT('',(5.5227601588,2.9769539879,15.9303157091));
#7593=CARTESIAN_POINT('',(5.5279833224,2.9633639956,15.9322981724));
#7594=CARTESIAN_POINT('',(5.5372148641,2.9357680579,15.9362000394));
#7595=CARTESIAN_POINT('',(5.5412232337,2.9217621379,15.9381194393));
#7596=CARTESIAN_POINT('',(5.5479945569,2.8934407077,15.9418803624));
#7597=CARTESIAN_POINT('',(5.5507575042,2.8791252236,15.9437218819));
#7598=CARTESIAN_POINT('',(5.5550166588,2.8502933704,15.9473128104));
#7599=CARTESIAN_POINT('',(5.5565128621,2.8357770281,15.9490622158));
#7600=CARTESIAN_POINT('',(5.5573697667,2.8212153692,15.9507587937));
#7601=CARTESIAN_POINT('',(5.426114742,3.1167620955,16.7079028231));
#7602=CARTESIAN_POINT('',(5.4344646028,3.102101611,16.7099459793));
#7603=CARTESIAN_POINT('',(5.4420657874,3.0870122609,16.7119675622));
#7604=CARTESIAN_POINT('',(5.4556930595,3.0561304061,16.7159466888));
#7605=CARTESIAN_POINT('',(5.4617191236,3.0403379547,16.7179042255));
#7606=CARTESIAN_POINT('',(5.4721343741,3.0082117239,16.7217350037));
#7607=CARTESIAN_POINT('',(5.4765235425,2.9918779999,16.7236082384));
#7608=CARTESIAN_POINT('',(5.4836198669,2.9588365647,16.7272510145));
#7609=CARTESIAN_POINT('',(5.4863270104,2.9421289105,16.7290205493));
#7610=CARTESIAN_POINT('',(5.4900312531,2.90851078,16.7324375824));
#7611=CARTESIAN_POINT('',(5.4910283457,2.8916003618,16.7340850746));
#7612=CARTESIAN_POINT('',(5.4911650941,2.8746751629,16.7356629978));
#7613=CARTESIAN_POINT('',(5.3926166875,3.1547770831,17.1014762037));
#7614=CARTESIAN_POINT('',(5.4016143558,3.1392810273,17.103517702));
#7615=CARTESIAN_POINT('',(5.4097713333,3.1232941687,17.1055348597));
#7616=CARTESIAN_POINT('',(5.4243095544,3.0905240384,17.1094969808));
#7617=CARTESIAN_POINT('',(5.430690766,3.0737408391,17.1114419353));
#7618=CARTESIAN_POINT('',(5.4416034646,3.0395725194,17.1152369494));
#7619=CARTESIAN_POINT('',(5.4461349274,3.0221874745,17.1170870005));
#7620=CARTESIAN_POINT('',(5.4532954236,2.987016897,17.1206706));
#7621=CARTESIAN_POINT('',(5.4559244409,2.9692314421,17.1224041404));
#7622=CARTESIAN_POINT('',(5.459249232,2.9334661202,17.1257344522));
#7623=CARTESIAN_POINT('',(5.4599449981,2.9154863322,17.1273312161));
#7624=CARTESIAN_POINT('',(5.4596698587,2.8975135206,17.1288502504));
#7625=CARTESIAN_POINT('',(5.2963000005,3.2588840183,18.2830797905));
#7626=CARTESIAN_POINT('',(5.3071648509,3.2410720642,18.2851158518));
#7627=CARTESIAN_POINT('',(5.3169139677,3.2225776311,18.2871192097));
#7628=CARTESIAN_POINT('',(5.3340310506,3.1845086712,18.2910291553));
#7629=CARTESIAN_POINT('',(5.3413989507,3.1649342917,18.2929357274));
#7630=CARTESIAN_POINT('',(5.3536399607,3.1250069883,18.2966221775));
#7631=CARTESIAN_POINT('',(5.358513023,3.1046542188,18.2984020408));
#7632=CARTESIAN_POINT('',(5.3656886381,3.0634835624,18.3018070767));
#7633=CARTESIAN_POINT('',(5.3679911624,3.0426658346,18.3034322357));
#7634=CARTESIAN_POINT('',(5.3699890469,3.000885857,18.306502221));
#7635=CARTESIAN_POINT('',(5.3696843981,2.9799237687,18.3079470349));
#7636=CARTESIAN_POINT('',(5.3680776543,2.959050893,18.3092902346));
#7637=CARTESIAN_POINT('',(5.2375446369,3.3152370742,19.0726701783));
#7638=CARTESIAN_POINT('',(5.2495548299,3.296131441,19.074702009));
#7639=CARTESIAN_POINT('',(5.2602671323,3.2762076979,19.0766954766));
#7640=CARTESIAN_POINT('',(5.2789020724,3.2350856635,19.0805690982));
#7641=CARTESIAN_POINT('',(5.2868246103,3.2138875928,19.0824492309));
#7642=CARTESIAN_POINT('',(5.2997359358,3.1706018288,19.0860615842));
#7643=CARTESIAN_POINT('',(5.3047246535,3.1485143673,19.0877937849));
#7644=CARTESIAN_POINT('',(5.3116768578,3.1038507878,19.0910783322));
#7645=CARTESIAN_POINT('',(5.3136403054,3.081274909,19.0926306605));
#7646=CARTESIAN_POINT('',(5.3145047311,3.0360444181,19.0955267535));
#7647=CARTESIAN_POINT('',(5.3134057019,3.0133900486,19.0968705019));
#7648=CARTESIAN_POINT('',(5.3107842879,2.9909021312,19.0980974901));
#7649=CARTESIAN_POINT('',(5.0703165227,3.4641579116,21.4384604807));
#7650=CARTESIAN_POINT('',(5.0856477664,3.4414898955,21.4404757828));
#7651=CARTESIAN_POINT('',(5.099129917,3.4175724012,21.4424352797));
#7652=CARTESIAN_POINT('',(5.1220472603,3.3678605647,21.4461903666));
#7653=CARTESIAN_POINT('',(5.1314822034,3.3420667657,21.4479859136));
#7654=CARTESIAN_POINT('',(5.1460589921,3.2892732572,21.4513648973));
#7655=CARTESIAN_POINT('',(5.1512006761,3.2622741236,21.4529482949));
#7656=CARTESIAN_POINT('',(5.1570542893,3.2077718778,21.4558601964));
#7657=CARTESIAN_POINT('',(5.1577661491,3.1802693602,21.4571886662));
#7658=CARTESIAN_POINT('',(5.1547364176,3.1254756634,21.4595544501));
#7659=CARTESIAN_POINT('',(5.1509948505,3.0981850827,21.4605917359));
#7660=CARTESIAN_POINT('',(5.1450715311,3.0713555464,21.461469043));
#7661=CARTESIAN_POINT('',(4.9704643045,3.5370083228,23.0168351468));
#7662=CARTESIAN_POINT('',(4.9877890564,3.5124961415,23.0188374927));
#7663=CARTESIAN_POINT('',(5.002906616,3.4864246018,23.0207722572));
#7664=CARTESIAN_POINT('',(5.0282495386,3.4319909076,23.0244441638));
#7665=CARTESIAN_POINT('',(5.0384744908,3.4036296387,23.0261812432));
#7666=CARTESIAN_POINT('',(5.0537061345,3.3455176411,23.0294013651));
#7667=CARTESIAN_POINT('',(5.0587125724,3.3157678557,23.030884352));
#7668=CARTESIAN_POINT('',(5.0633439911,3.2558238927,23.0335478342));
#7669=CARTESIAN_POINT('',(5.062968883,3.2256306892,23.0347282826));
#7670=CARTESIAN_POINT('',(5.0568420469,3.1657600037,23.0367477333));
#7671=CARTESIAN_POINT('',(5.0510903974,3.1360834984,23.0375866989));
#7672=CARTESIAN_POINT('',(5.0427369564,3.1071377496,23.0382408422));
#7673=CARTESIAN_POINT('',(4.8106076348,3.6408947308,25.6945713132));
#7674=CARTESIAN_POINT('',(4.8311916777,3.6135783034,25.6965451128));
#7675=CARTESIAN_POINT('',(4.8489631733,3.5841398041,25.6984307774));
#7676=CARTESIAN_POINT('',(4.8781410953,3.5222461091,25.7019467813));
#7677=CARTESIAN_POINT('',(4.8895466756,3.4897927097,25.7035770173));
#7678=CARTESIAN_POINT('',(4.9055153135,3.4232253414,25.7065135061));
#7679=CARTESIAN_POINT('',(4.9100779051,3.3891133035,25.7078196723));
#7680=CARTESIAN_POINT('',(4.9121678202,3.3206540806,25.7100528551));
#7681=CARTESIAN_POINT('',(4.9096950771,3.286308882,25.7109798055));
#7682=CARTESIAN_POINT('',(4.8978143316,3.2188189787,25.7124151884));
#7683=CARTESIAN_POINT('',(4.8884066649,3.185676234,25.7129235776));
#7684=CARTESIAN_POINT('',(4.8757257281,3.1538269091,25.713211749));
#7685=CARTESIAN_POINT('',(4.7479764104,3.677295402,26.7938422733));
#7686=CARTESIAN_POINT('',(4.7698533604,3.6489396108,26.795802671));
#7687=CARTESIAN_POINT('',(4.7886710401,3.6182208404,26.7976663658));
#7688=CARTESIAN_POINT('',(4.8193281434,3.5534625903,26.8011146943));
#7689=CARTESIAN_POINT('',(4.8311664963,3.519425374,26.802699206));
#7690=CARTESIAN_POINT('',(4.8473209468,3.4495910893,26.8055159882));
#7691=CARTESIAN_POINT('',(4.8516364758,3.4137964604,26.8067481586));
#7692=CARTESIAN_POINT('',(4.8525448066,3.342088886,26.8088031846));
#7693=CARTESIAN_POINT('',(4.8491375674,3.3061784466,26.8096259665));
#7694=CARTESIAN_POINT('',(4.834752641,3.2358868407,26.8108238715));
#7695=CARTESIAN_POINT('',(4.8237754427,3.201508134,26.8111989509));
#7696=CARTESIAN_POINT('',(4.8092621688,3.1686834184,26.8113412815));
#7697=CARTESIAN_POINT('',(4.6876326078,3.7092597768,27.8933039592));
#7698=CARTESIAN_POINT('',(4.7107723976,3.6799381629,27.8952488627));
#7699=CARTESIAN_POINT('',(4.7306072754,3.6480034258,27.8970883547));
#7700=CARTESIAN_POINT('',(4.7626757402,3.580503996,27.9004645668));
#7701=CARTESIAN_POINT('',(4.7749079747,3.5449421498,27.9020011445));
#7702=CARTESIAN_POINT('',(4.7911570075,3.4719717901,27.904694436));
#7703=CARTESIAN_POINT('',(4.7951731205,3.4345663541,27.9058510362));
#7704=CARTESIAN_POINT('',(4.7947877899,3.3597847182,27.9077263314));
#7705=CARTESIAN_POINT('',(4.7903863627,3.3224116722,27.9084449475));
#7706=CARTESIAN_POINT('',(4.7733859942,3.2495692539,27.9094081956));
#7707=CARTESIAN_POINT('',(4.7607877699,3.2141029537,27.909652787));
#7708=CARTESIAN_POINT('',(4.744406373,3.1804779718,27.9096542328));
#7709=B_SPLINE_SURFACE_WITH_KNOTS('',3,3,((#7133,#7134,#7135,#7136,#7137,#7138,#7139,#7140,#7141,#7142,#7143,#7144),
    (#7145,#7146,#7147,#7148,#7149,#7150,#7151,#7152,#7153,#7154,#7155,#7156),
    (#7157,#7158,#7159,#7160,#7161,#7162,#7163,#7164,#7165,#7166,#7167,#7168),
    (#7169,#7170,#7171,#7172,#7173,#7174,#7175,#7176,#7177,#7178,#7179,#7180),
    (#7181,#7182,#7183,#7184,#7185,#7186,#7187,#7188,#7189,#7190,#7191,#7192),
    (#7193,#7194,#7195,#7196,#7197,#7198,#7199,#7200,#7201,#7202,#7203,#7204),
    (#7205,#7206,#7207,#7208,#7209,#7210,#7211,#7212,#7213,#7214,#7215,#7216),
    (#7217,#7218,#7219,#7220,#7221,#7222,#7223,#7224,#7225,#7226,#7227,#7228),
    (#7229,#7230,#7231,#7232,#7233,#7234,#7235,#7236,#7237,#7238,#7239,#7240),
    (#7241,#7242,#7243,#7244,#7245,#7246,#7247,#7248,#7249,#7250,#7251,#7252),
    (#7253,#7254,#7255,#7256,#7257,#7258,#7259,#7260,#7261,#7262,#7263,#7264),
    (#7265,#7266,#7267,#7268,#7269,#7270,#7271,#7272,#7273,#7274,#7275,#7276),
    (#7277,#7278,#7279,#7280,#7281,#7282,#7283,#7284,#7285,#7286,#7287,#7288),
    (#7289,#7290,#7291,#7292,#7293,#7294,#7295,#7296,#7297,#7298,#7299,#7300),
    (#7301,#7302,#7303,#7304,#7305,#7306,#7307,#7308,#7309,#7310,#7311,#7312),
    (#7313,#7314,#7315,#7316,#7317,#7318,#7319,#7320,#7321,#7322,#7323,#7324),
    (#7325,#7326,#7327,#7328,#7329,#7330,#7331,#7332,#7333,#7334,#7335,#7336),
    (#7337,#7338,#7339,#7340,#7341,#7342,#7343,#7344,#7345,#7346,#7347,#7348),
    (#7349,#7350,#7351,#7352,#7353,#7354,#7355,#7356,#7357,#7358,#7359,#7360),
    (#7361,#7362,#7363,#7364,#7365,#7366,#7367,#7368,#7369,#7370,#7371,#7372),
    (#7373,#7374,#7375,#7376,#7377,#7378,#7379,#7380,#7381,#7382,#7383,#7384),
    (#7385,#7386,#7387,#7388,#7389,#7390,#7391,#7392,#7393,#7394,#7395,#7396),
    (#7397,#7398,#7399,#7400,#7401,#7402,#7403,#7404,#7405,#7406,#7407,#7408),
    (#7409,#7410,#7411,#7412,#7413,#7414,#7415,#7416,#7417,#7418,#7419,#7420),
    (#7421,#7422,#7423,#7424,#7425,#7426,#7427,#7428,#7429,#7430,#7431,#7432),
    (#7433,#7434,#7435,#7436,#7437,#7438,#7439,#7440,#7441,#7442,#7443,#7444),
    (#7445,#7446,#7447,#7448,#7449,#7450,#7451,#7452,#7453,#7454,#7455,#7456),
    (#7457,#7458,#7459,#7460,#7461,#7462,#7463,#7464,#7465,#7466,#7467,#7468),
    (#7469,#7470,#7471,#7472,#7473,#7474,#7475,#7476,#7477,#7478,#7479,#7480),
    (#7481,#7482,#7483,#7484,#7485,#7486,#7487,#7488,#7489,#7490,#7491,#7492),
    (#7493,#7494,#7495,#7496,#7497,#7498,#7499,#7500,#7501,#7502,#7503,#7504),
    (#7505,#7506,#7507,#7508,#7509,#7510,#7511,#7512,#7513,#7514,#7515,#7516),
    (#7517,#7518,#7519,#7520,#7521,#7522,#7523,#7524,#7525,#7526,#7527,#7528),
    (#7529,#7530,#7531,#7532,#7533,#7534,#7535,#7536,#7537,#7538,#7539,#7540),
    (#7541,#7542,#7543,#7544,#7545,#7546,#7547,#7548,#7549,#7550,#7551,#7552),
    (#7553,#7554,#7555,#7556,#7557,#7558,#7559,#7560,#7561,#7562,#7563,#7564),
    (#7565,#7566,#7567,#7568,#7569,#7570,#7571,#7572,#7573,#7574,#7575,#7576),
    (#7577,#7578,#7579,#7580,#7581,#7582,#7583,#7584,#7585,#7586,#7587,#7588),
    (#7589,#7590,#7591,#7592,#7593,#7594,#7595,#7596,#7597,#7598,#7599,#7600),
    (#7601,#7602,#7603,#7604,#7605,#7606,#7607,#7608,#7609,#7610,#7611,#7612),
    (#7613,#7614,#7615,#7616,#7617,#7618,#7619,#7620,#7621,#7622,#7623,#7624),
    (#7625,#7626,#7627,#7628,#7629,#7630,#7631,#7632,#7633,#7634,#7635,#7636),
    (#7637,#7638,#7639,#7640,#7641,#7642,#7643,#7644,#7645,#7646,#7647,#7648),
    (#7649,#7650,#7651,#7652,#7653,#7654,#7655,#7656,#7657,#7658,#7659,#7660),
    (#7661,#7662,#7663,#7664,#7665,#7666,#7667,#7668,#7669,#7670,#7671,#7672),
    (#7673,#7674,#7675,#7676,#7677,#7678,#7679,#7680,#7681,#7682,#7683,#7684),
    (#7685,#7686,#7687,#7688,#7689,#7690,#7691,#7692,#7693,#7694,#7695,#7696),
    (#7697,#7698,#7699,#7700,#7701,#7702,#7703,#7704,#7705,#7706,#7707,#7708)),.UNSPECIFIED.,.F.,.F.,.U.,
 (4,2,2,2,2,2,2,2,2,2,2,2,2,2,2,2,2,2,2,2,
    2,2,2,4),(4,2,2,2,2,4),
  (0.0,0.0035539662,0.1389516732,0.2743527194,0.3729042585,0.4293110671,0.4613650261,0.4794187656,0.4894891403,0.4950746086,
    0.4973565475,0.498838323,0.4999856075,0.5011357635,0.5026222167,0.5052789179,0.514090971,0.5348631638,0.5556353567,0.5968875068,
    0.638139657,0.7206439574,0.8853567968,1.0),(0.0,0.2,0.4,0.6,0.8,1.0),.UNSPECIFIED.);
#7710=ADVANCED_FACE('n° 1103',(#7132),#7709,.T.);
#7711=ORIENTED_EDGE('',*,*,#6764,.T.);
#7712=ORIENTED_EDGE('',*,*,#6174,.T.);
#7713=CARTESIAN_POINT('',(3.3990968882,-4.2956596111,27.8808078637));
#7714=DIRECTION('',(0.7841909383,0.6205195987,-0.0));
#7715=DIRECTION('',(0.6205195987,-0.7841909383,0.0));
#7716=AXIS2_PLACEMENT_3D('',#7713,#7714,#7715);
#7717=CIRCLE('',#7716,0.5);
#7718=EDGE_CURVE('n° 1206',#758,#455,#7717,.T.);
#7719=ORIENTED_EDGE('',*,*,#7718,.F.);
#7720=EDGE_LOOP('',(#7711,#7712,#7719));
#7721=FACE_OUTER_BOUND('',#7720,.T.);
#7722=CARTESIAN_POINT('',(3.3990968882,-4.2956596111,27.8808078637));
#7723=DIRECTION('',(0.1385125056,-0.1750472539,0.9747680466));
#7724=DIRECTION('',(0.0,-0.9842555966,-0.1767510127));
#7725=AXIS2_PLACEMENT_3D('',#7722,#7723,#7724);
#7726=SPHERICAL_SURFACE('',#7725,0.5);
#7727=ADVANCED_FACE('n° 1105',(#7721),#7726,.T.);
#7728=ORIENTED_EDGE('',*,*,#7128,.T.);
#7729=ORIENTED_EDGE('',*,*,#6946,.T.);
#7730=CARTESIAN_POINT('',(5.4410127403,0.6339806851,27.8808078637));
#7731=DIRECTION('',(0.1157358714,-0.993280025,-0.0));
#7732=DIRECTION('',(-0.993280025,-0.1157358714,0.0));
#7733=AXIS2_PLACEMENT_3D('',#7730,#7731,#7732);
#7734=CIRCLE('',#7733,0.5);
#7735=EDGE_CURVE('n° 1211',#340,#581,#7734,.T.);
#7736=ORIENTED_EDGE('',*,*,#7735,.F.);
#7737=EDGE_LOOP('',(#7728,#7729,#7736));
#7738=FACE_OUTER_BOUND('',#7737,.T.);
#7739=CARTESIAN_POINT('',(5.4410127403,0.6339806851,27.8808078637));
#7740=DIRECTION('',(0.2217201606,0.0258345837,0.9747680466));
#7741=DIRECTION('',(0.9750935022,0.0,-0.2217941885));
#7742=AXIS2_PLACEMENT_3D('',#7739,#7740,#7741);
#7743=SPHERICAL_SURFACE('',#7742,0.5);
#7744=ADVANCED_FACE('n° 1107',(#7738),#7743,.T.);
#7745=ORIENTED_EDGE('',*,*,#7718,.T.);
#7746=ORIENTED_EDGE('',*,*,#461,.F.);
#7747=CARTESIAN_POINT('',(4.2956690468,-3.3990849637,27.8808078637));
#7748=DIRECTION('',(0.6205174218,0.7841926608,0.0));
#7749=DIRECTION('',(-0.7841926608,0.6205174218,0.0));
#7750=AXIS2_PLACEMENT_3D('',#7747,#7748,#7749);
#7751=CIRCLE('',#7750,0.5);
#7752=EDGE_CURVE('n° 1213',#560,#402,#7751,.T.);
#7753=ORIENTED_EDGE('',*,*,#7752,.F.);
#7754=ORIENTED_EDGE('',*,*,#781,.F.);
#7755=EDGE_LOOP('',(#7745,#7746,#7753,#7754));
#7756=FACE_OUTER_BOUND('',#7755,.T.);
#7757=CARTESIAN_POINT('',(0.0,0.0,27.8808078637));
#7758=DIRECTION('',(-0.0,-0.0,-1.0));
#7759=DIRECTION('',(-1.0,0.0,0.0));
#7760=AXIS2_PLACEMENT_3D('',#7757,#7758,#7759);
#7761=TOROIDAL_SURFACE('',#7760,5.4778235778,0.5);
#7762=ADVANCED_FACE('n° 1111',(#7756),#7761,.T.);
#7763=CARTESIAN_POINT('',(5.4410145002,-0.6339655811,27.8808078637));
#7764=DIRECTION('',(0.9294039975,0.3080630268,-0.2032372526));
#7765=DIRECTION('',(-0.3146294951,0.94921456,0.0));
#7766=AXIS2_PLACEMENT_3D('',#7763,#7764,#7765);
#7767=CIRCLE('',#7766,0.5);
#7768=EDGE_CURVE('n° 1215',#562,#1660,#7767,.T.);
#7769=ORIENTED_EDGE('',*,*,#7768,.F.);
#7770=ORIENTED_EDGE('',*,*,#578,.F.);
#7771=CARTESIAN_POINT('',(4.2956690468,-3.3990849637,27.8808078637));
#7772=DIRECTION('',(0.4387660217,-0.8753308913,-0.2031753157));
#7773=DIRECTION('',(0.8939771308,0.4481125859,0.0));
#7774=AXIS2_PLACEMENT_3D('',#7771,#7772,#7773);
#7775=CIRCLE('',#7774,0.5);
#7776=EDGE_CURVE('n° 1214',#1662,#560,#7775,.T.);
#7777=ORIENTED_EDGE('',*,*,#7776,.F.);
#7778=ORIENTED_EDGE('',*,*,#1678,.F.);
#7779=EDGE_LOOP('',(#7769,#7770,#7777,#7778));
#7780=FACE_OUTER_BOUND('',#7779,.T.);
#7781=CARTESIAN_POINT('',(5.5518746158,-0.6468825636,28.3681918871));
#7782=CARTESIAN_POINT('',(5.5658144267,-0.6918154213,28.3638303037));
#7783=CARTESIAN_POINT('',(5.5782580382,-0.7365693039,28.3528978873));
#7784=CARTESIAN_POINT('',(5.5991647677,-0.8221654017,28.3187594857));
#7785=CARTESIAN_POINT('',(5.607625644,-0.8629984386,28.295557161));
#7786=CARTESIAN_POINT('',(5.619890577,-0.9374921091,28.2387286626));
#7787=CARTESIAN_POINT('',(5.6236933186,-0.9711447551,28.2051085825));
#7788=CARTESIAN_POINT('',(5.6263373923,-1.0285894532,28.1301263894));
#7789=CARTESIAN_POINT('',(5.6251784409,-1.0523753459,28.0887723165));
#7790=CARTESIAN_POINT('',(5.617990589,-1.0881854809,28.0016219707));
#7791=CARTESIAN_POINT('',(5.6119624593,-1.1002058834,27.9558350426));
#7792=CARTESIAN_POINT('',(5.6037394599,-1.1058643762,27.909654233));
#7793=CARTESIAN_POINT('',(5.3940614223,-0.6991917964,28.402701659));
#7794=CARTESIAN_POINT('',(5.4112729911,-0.7422921413,28.3976444497));
#7795=CARTESIAN_POINT('',(5.4270760099,-0.7852052075,28.3862068593));
#7796=CARTESIAN_POINT('',(5.4546395732,-0.8673552509,28.35145323));
#7797=CARTESIAN_POINT('',(5.4663972973,-0.9065839727,28.3281406969));
#7798=CARTESIAN_POINT('',(5.4849510413,-0.9783305552,28.2714403819));
#7799=CARTESIAN_POINT('',(5.491745151,-1.0108412042,28.2380583123));
#7800=CARTESIAN_POINT('',(5.4998373623,-1.0666354015,28.1638014387));
#7801=CARTESIAN_POINT('',(5.5011346133,-1.0899133384,28.1229341122));
#7802=CARTESIAN_POINT('',(5.4981256513,-1.1254388305,28.0368688217));
#7803=CARTESIAN_POINT('',(5.4938197145,-1.1376828078,27.9916795229));
#7804=CARTESIAN_POINT('',(5.4868761403,-1.1439361321,27.9460734858));
#7805=CARTESIAN_POINT('',(5.2399475285,-0.7717825344,28.4340216107));
#7806=CARTESIAN_POINT('',(5.2603050273,-0.8126746447,28.4283474224));
#7807=CARTESIAN_POINT('',(5.2793320688,-0.8533665254,28.4164645975));
#7808=CARTESIAN_POINT('',(5.3132948446,-0.9313061133,28.3811724159));
#7809=CARTESIAN_POINT('',(5.3282273181,-0.9685464174,28.3577664228));
#7810=CARTESIAN_POINT('',(5.3528708288,-1.0367824956,28.3011880201));
#7811=CARTESIAN_POINT('',(5.3625794942,-1.0677717879,28.2680209993));
#7812=CARTESIAN_POINT('',(5.3760387265,-1.1211747857,28.1944154216));
#7813=CARTESIAN_POINT('',(5.3797879897,-1.1435834175,28.1539838735));
#7814=CARTESIAN_POINT('',(5.3810409864,-1.1781384886,28.0688912002));
#7815=CARTESIAN_POINT('',(5.3785445831,-1.1902816435,28.0242381767));
#7816=CARTESIAN_POINT('',(5.3730172719,-1.1968359976,27.9791504705));
#7817=CARTESIAN_POINT('',(4.9010558849,-0.9865583674,28.4969885103));
#7818=CARTESIAN_POINT('',(4.9282375293,-1.0215759224,28.4901008753));
#7819=CARTESIAN_POINT('',(4.9542463281,-1.0563535212,28.477345001));
#7820=CARTESIAN_POINT('',(5.0020697638,-1.1229789139,28.4409997018));
#7821=CARTESIAN_POINT('',(5.0238803016,-1.1548211065,28.4174133583));
#7822=CARTESIAN_POINT('',(5.0617474591,-1.2133213507,28.3610808008));
#7823=CARTESIAN_POINT('',(5.0778008249,-1.2399744834,28.3283393561));
#7824=CARTESIAN_POINT('',(5.103003295,-1.2862089214,28.2560199374));
#7825=CARTESIAN_POINT('',(5.1121502231,-1.3057863372,28.2164480827));
#7826=CARTESIAN_POINT('',(5.1228811812,-1.3364817283,28.1332760901));
#7827=CARTESIAN_POINT('',(5.1244642686,-1.3475971182,28.0896829881));
#7828=CARTESIAN_POINT('',(5.1222060983,-1.3540880771,28.0456227669));
#7829=CARTESIAN_POINT('',(4.7218648401,-1.1495969768,28.5250131401));
#7830=CARTESIAN_POINT('',(4.7526095796,-1.1805804584,28.51760278));
#7831=CARTESIAN_POINT('',(4.7822529665,-1.2112930973,28.5044733765));
#7832=CARTESIAN_POINT('',(4.8372930339,-1.2700671266,28.4676805977));
#7833=CARTESIAN_POINT('',(4.8626852767,-1.2981238155,28.4440201796));
#7834=CARTESIAN_POINT('',(4.9074629162,-1.3496495476,28.3878002015));
#7835=CARTESIAN_POINT('',(4.9268447005,-1.3731144697,28.3552451592));
#7836=CARTESIAN_POINT('',(4.9582569708,-1.4138369326,28.2834860545));
#7837=CARTESIAN_POINT('',(4.9702849199,-1.431091217,28.2442877578));
#7838=CARTESIAN_POINT('',(4.98615391,-1.4582010575,28.1619519881));
#7839=CARTESIAN_POINT('',(4.9899936655,-1.4680544463,28.1188211302));
#7840=CARTESIAN_POINT('',(4.9896055554,-1.4738680761,28.0752117928));
#7841=CARTESIAN_POINT('',(4.4874878975,-1.4541264184,28.5521072968));
#7842=CARTESIAN_POINT('',(4.5230101094,-1.4779720553,28.5441952399));
#7843=CARTESIAN_POINT('',(4.5575123235,-1.5014858903,28.5307077113));
#7844=CARTESIAN_POINT('',(4.6221614094,-1.5462747945,28.4934864129));
#7845=CARTESIAN_POINT('',(4.6523033458,-1.5675464571,28.4697554813));
#7846=CARTESIAN_POINT('',(4.7061991307,-1.6064193133,28.413644703));
#7847=CARTESIAN_POINT('',(4.7299488641,-1.6240175508,28.3812691346));
#7848=CARTESIAN_POINT('',(4.7694579634,-1.6543588872,28.3100490171));
#7849=CARTESIAN_POINT('',(4.7852143118,-1.6670996792,28.2712098982));
#7850=CARTESIAN_POINT('',(4.8076728418,-1.6868681831,28.18967838));
#7851=CARTESIAN_POINT('',(4.8143733068,-1.6938943923,28.146992197));
#7852=CARTESIAN_POINT('',(4.8163198931,-1.6978273098,28.1038170096));
#7853=CARTESIAN_POINT('',(4.4093625059,-1.5831453553,28.5582711922));
#7854=CARTESIAN_POINT('',(4.446572898,-1.6039388625,28.5502424421));
#7855=CARTESIAN_POINT('',(4.4827870366,-1.6243740614,28.5366720685));
#7856=CARTESIAN_POINT('',(4.5508088991,-1.6631660814,28.4993525789));
#7857=CARTESIAN_POINT('',(4.5826115003,-1.6815199826,28.4756062733));
#7858=CARTESIAN_POINT('',(4.6396801818,-1.7149205163,28.4195232977));
#7859=CARTESIAN_POINT('',(4.6649419641,-1.7299646348,28.3871908511));
#7860=CARTESIAN_POINT('',(4.7072365291,-1.755738096,28.3160990862));
#7861=CARTESIAN_POINT('',(4.7242661263,-1.7664654989,28.2773451215));
#7862=CARTESIAN_POINT('',(4.7489547868,-1.7828868404,28.1960040846));
#7863=CARTESIAN_POINT('',(4.7566119905,-1.7885795433,28.1534231377));
#7864=CARTESIAN_POINT('',(4.7593268477,-1.7915646299,28.1103508302));
#7865=CARTESIAN_POINT('',(4.2568786635,-1.9166644633,28.5619193253));
#7866=CARTESIAN_POINT('',(4.2974582551,-1.9299029522,28.5538229457));
#7867=CARTESIAN_POINT('',(4.3370792447,-1.9427100907,28.5402043704));
#7868=CARTESIAN_POINT('',(4.4117723822,-1.9666117513,28.5028272833));
#7869=CARTESIAN_POINT('',(4.4468389449,-1.9777044894,28.4790715658));
#7870=CARTESIAN_POINT('',(4.5100829058,-1.9974376932,28.4230034724));
#7871=CARTESIAN_POINT('',(4.5382555748,-2.0060766863,28.3906952881));
#7872=CARTESIAN_POINT('',(4.5858310118,-2.0203262552,28.3196763263));
#7873=CARTESIAN_POINT('',(4.605230222,-2.0259357679,28.280970858));
#7874=CARTESIAN_POINT('',(4.6339630656,-2.033752138,28.1997384895));
#7875=CARTESIAN_POINT('',(4.6432945501,-2.0359584127,28.1572176622));
#7876=CARTESIAN_POINT('',(4.6472811605,-2.0363896619,28.1142041573));
#7877=CARTESIAN_POINT('',(4.1981259368,-2.132667676,28.5542375428));
#7878=CARTESIAN_POINT('',(4.2401043102,-2.141358355,28.546275023));
#7879=CARTESIAN_POINT('',(4.2811300732,-2.1495669171,28.5327514245));
#7880=CARTESIAN_POINT('',(4.3585329675,-2.1644652743,28.4954869608));
#7881=CARTESIAN_POINT('',(4.3949042333,-2.1711539149,28.471748922));
#7882=CARTESIAN_POINT('',(4.460554206,-2.1825574957,28.4156491998));
#7883=CARTESIAN_POINT('',(4.4898279378,-2.1872715485,28.3832917702));
#7884=CARTESIAN_POINT('',(4.5393152325,-2.1944042307,28.3121261495));
#7885=CARTESIAN_POINT('',(4.5595250446,-2.1968222999,28.2733233541));
#7886=CARTESIAN_POINT('',(4.589525338,-2.1991964363,28.1918731954));
#7887=CARTESIAN_POINT('',(4.5993135446,-2.1991523089,28.1492320074));
#7888=CARTESIAN_POINT('',(4.6035623697,-2.1978771878,28.1061007636));
#7889=CARTESIAN_POINT('',(4.1531475457,-2.5647194101,28.52059117));
#7890=CARTESIAN_POINT('',(4.196845558,-2.5637566182,28.513259001));
#7891=CARTESIAN_POINT('',(4.2395690275,-2.5621951397,28.5001856089));
#7892=CARTESIAN_POINT('',(4.3201148426,-2.5579773013,28.4634602424));
#7893=CARTESIAN_POINT('',(4.3579306674,-2.5553212584,28.4398112438));
#7894=CARTESIAN_POINT('',(4.4260351814,-2.5490933085,28.3835752487));
#7895=CARTESIAN_POINT('',(4.4563183569,-2.5455218832,28.3509928077));
#7896=CARTESIAN_POINT('',(4.507253978,-2.5377063744,28.2791509636));
#7897=CARTESIAN_POINT('',(4.5279022994,-2.5334629046,28.2398973793));
#7898=CARTESIAN_POINT('',(4.5581330264,-2.5245941307,28.157437785));
#7899=CARTESIAN_POINT('',(4.5677129835,-2.5199695306,28.1142384536));
#7900=CARTESIAN_POINT('',(4.5714264,-2.5153132659,28.0705623693));
#7901=CARTESIAN_POINT('',(4.1677935798,-2.7864988255,28.4939352689));
#7902=CARTESIAN_POINT('',(4.2117367507,-2.7804138396,28.4871193816));
#7903=CARTESIAN_POINT('',(4.2546761441,-2.7736621148,28.4744149779));
#7904=CARTESIAN_POINT('',(4.3355005045,-2.7592934655,28.4381313691));
#7905=CARTESIAN_POINT('',(4.3733785717,-2.7516777143,28.4145552622));
#7906=CARTESIAN_POINT('',(4.4413783005,-2.736113437,28.3582070668));
#7907=CARTESIAN_POINT('',(4.4714941543,-2.7281661907,28.3254397841));
#7908=CARTESIAN_POINT('',(4.5218198492,-2.7124963925,28.2530427554));
#7909=CARTESIAN_POINT('',(4.5420253878,-2.7047751379,28.2134191811));
#7910=CARTESIAN_POINT('',(4.5710863998,-2.6901008218,28.1301316738));
#7911=CARTESIAN_POINT('',(4.5799393825,-2.6831489843,28.0864748397));
#7912=CARTESIAN_POINT('',(4.5827995741,-2.6768269199,28.042352742));
#7913=CARTESIAN_POINT('',(4.2518837919,-3.1599574868,28.4337928276));
#7914=CARTESIAN_POINT('',(4.2951924735,-3.1454697565,28.4281137852));
#7915=CARTESIAN_POINT('',(4.337418775,-3.1301828529,28.4162274414));
#7916=CARTESIAN_POINT('',(4.4165437029,-3.0991490831,28.3809309523));
#7917=CARTESIAN_POINT('',(4.4534347921,-3.08340514,28.3575241698));
#7918=CARTESIAN_POINT('',(4.5191106583,-3.052636058,28.3009466168));
#7919=CARTESIAN_POINT('',(4.5478891774,-3.0376138198,28.267781233));
#7920=CARTESIAN_POINT('',(4.5951711191,-3.0094136187,28.1941807415));
#7921=CARTESIAN_POINT('',(4.6136700338,-2.996238317,28.1537526395));
#7922=CARTESIAN_POINT('',(4.6389970532,-2.9727198904,28.0686678184));
#7923=CARTESIAN_POINT('',(4.6458227392,-2.9623789879,28.0240191974));
#7924=CARTESIAN_POINT('',(4.6465542416,-2.9538423328,27.9789358824));
#7925=CARTESIAN_POINT('',(4.3087544728,-3.3198376222,28.4026613838));
#7926=CARTESIAN_POINT('',(4.3514466011,-3.3016993639,28.3975721839));
#7927=CARTESIAN_POINT('',(4.3930118935,-3.2826987747,28.3861116937));
#7928=CARTESIAN_POINT('',(4.4706884875,-3.2444252625,28.3513310672));
#7929=CARTESIAN_POINT('',(4.5067919691,-3.2251561352,28.3280144295));
#7930=CARTESIAN_POINT('',(4.5707488457,-3.1878266712,28.2713225165));
#7931=CARTESIAN_POINT('',(4.5985957975,-3.1697700406,28.2379529362));
#7932=CARTESIAN_POINT('',(4.6438811612,-3.1362546289,28.1637330161));
#7933=CARTESIAN_POINT('',(4.6613150047,-3.1207991802,28.1228901283));
#7934=CARTESIAN_POINT('',(4.6844203445,-3.0936764489,28.0368792663));
#7935=CARTESIAN_POINT('',(4.6900895003,-3.0820118696,27.9917199262));
#7936=CARTESIAN_POINT('',(4.6896553339,-3.0726914103,27.9461429508));
#7937=CARTESIAN_POINT('',(4.3831928658,-3.4683409738,28.368191887));
#7938=CARTESIAN_POINT('',(4.4248307008,-3.4464559599,28.36382442));
#7939=CARTESIAN_POINT('',(4.4652843084,-3.4236397647,28.3528877961));
#7940=CARTESIAN_POINT('',(4.5406116219,-3.3779562963,28.3187444482));
#7941=CARTESIAN_POINT('',(4.5754772548,-3.355093919,28.2955413835));
#7942=CARTESIAN_POINT('',(4.636844633,-3.3111428291,28.2387144688));
#7943=CARTESIAN_POINT('',(4.6633398015,-3.2900588267,28.2050967091));
#7944=CARTESIAN_POINT('',(4.7058497537,-3.25134768,28.1301213617));
#7945=CARTESIAN_POINT('',(4.7218599818,-3.2337246844,28.0887718091));
#7946=CARTESIAN_POINT('',(4.7421199549,-3.2033428663,28.0016315184));
#7947=CARTESIAN_POINT('',(4.7463675288,-3.1905872999,27.9558501192));
#7948=CARTESIAN_POINT('',(4.7445640911,-3.1807733823,27.9096746653));
#7949=B_SPLINE_SURFACE_WITH_KNOTS('',3,3,((#7781,#7782,#7783,#7784,#7785,#7786,#7787,#7788,#7789,#7790,#7791,#7792),
    (#7793,#7794,#7795,#7796,#7797,#7798,#7799,#7800,#7801,#7802,#7803,#7804),
    (#7805,#7806,#7807,#7808,#7809,#7810,#7811,#7812,#7813,#7814,#7815,#7816),
    (#7817,#7818,#7819,#7820,#7821,#7822,#7823,#7824,#7825,#7826,#7827,#7828),
    (#7829,#7830,#7831,#7832,#7833,#7834,#7835,#7836,#7837,#7838,#7839,#7840),
    (#7841,#7842,#7843,#7844,#7845,#7846,#7847,#7848,#7849,#7850,#7851,#7852),
    (#7853,#7854,#7855,#7856,#7857,#7858,#7859,#7860,#7861,#7862,#7863,#7864),
    (#7865,#7866,#7867,#7868,#7869,#7870,#7871,#7872,#7873,#7874,#7875,#7876),
    (#7877,#7878,#7879,#7880,#7881,#7882,#7883,#7884,#7885,#7886,#7887,#7888),
    (#7889,#7890,#7891,#7892,#7893,#7894,#7895,#7896,#7897,#7898,#7899,#7900),
    (#7901,#7902,#7903,#7904,#7905,#7906,#7907,#7908,#7909,#7910,#7911,#7912),
    (#7913,#7914,#7915,#7916,#7917,#7918,#7919,#7920,#7921,#7922,#7923,#7924),
    (#7925,#7926,#7927,#7928,#7929,#7930,#7931,#7932,#7933,#7934,#7935,#7936),
    (#7937,#7938,#7939,#7940,#7941,#7942,#7943,#7944,#7945,#7946,#7947,#7948)),.UNSPECIFIED.,.F.,.F.,.U.,
 (4,2,2,2,2,2,4),(4,2,2,2,2,4),(0.0,0.1463322919,0.3499981592,0.4783226063,0.6660526325,0.8537939303,1.0),(0.0,0.2,0.4,0.6,0.8,1.0),.UNSPECIFIED.);
#7950=ADVANCED_FACE('n° 1113',(#7780),#7949,.T.);
#7951=ORIENTED_EDGE('',*,*,#7735,.T.);
#7952=ORIENTED_EDGE('',*,*,#587,.F.);
#7953=CARTESIAN_POINT('',(5.4410145002,-0.6339655811,27.8808078637));
#7954=DIRECTION('',(-0.1157331141,-0.9932803463,0.0));
#7955=DIRECTION('',(0.9932803463,-0.1157331141,0.0));
#7956=AXIS2_PLACEMENT_3D('',#7953,#7954,#7955);
#7957=CIRCLE('',#7956,0.5);
#7958=EDGE_CURVE('n° 1216',#393,#562,#7957,.T.);
#7959=ORIENTED_EDGE('',*,*,#7958,.F.);
#7960=ORIENTED_EDGE('',*,*,#399,.F.);
#7961=EDGE_LOOP('',(#7951,#7952,#7959,#7960));
#7962=FACE_OUTER_BOUND('',#7961,.T.);
#7963=CARTESIAN_POINT('',(0.0,0.0,27.8808078637));
#7964=DIRECTION('',(-0.0,-0.0,-1.0));
#7965=DIRECTION('',(-1.0,0.0,0.0));
#7966=AXIS2_PLACEMENT_3D('',#7963,#7964,#7965);
#7967=TOROIDAL_SURFACE('',#7966,5.4778235778,0.5);
#7968=ADVANCED_FACE('n° 1115',(#7962),#7967,.T.);
#7969=ORIENTED_EDGE('',*,*,#7776,.T.);
#7970=ORIENTED_EDGE('',*,*,#7752,.T.);
#7971=CARTESIAN_POINT('',(4.2956690468,-3.3990849637,27.8808078637));
#7972=DIRECTION('',(0.0518763613,0.0253381465,-0.9983320197));
#7973=DIRECTION('',(0.9986526494,0.0,0.0518930222));
#7974=AXIS2_PLACEMENT_3D('',#7971,#7972,#7973);
#7975=CIRCLE('',#7974,0.5);
#7976=EDGE_CURVE('n° 1218',#1662,#402,#7975,.T.);
#7977=ORIENTED_EDGE('',*,*,#7976,.F.);
#7978=EDGE_LOOP('',(#7969,#7970,#7977));
#7979=FACE_OUTER_BOUND('',#7978,.T.);
#7980=CARTESIAN_POINT('',(4.2956690468,-3.3990849637,27.8808078637));
#7981=DIRECTION('',(0.1750476384,-0.1385120197,0.9747680466));
#7982=DIRECTION('',(0.9842555291,0.0,-0.1767513888));
#7983=AXIS2_PLACEMENT_3D('',#7980,#7981,#7982);
#7984=SPHERICAL_SURFACE('',#7983,0.5);
#7985=ADVANCED_FACE('n° 1117',(#7979),#7984,.T.);
#7986=ORIENTED_EDGE('',*,*,#7958,.T.);
#7987=ORIENTED_EDGE('',*,*,#7768,.T.);
#7988=CARTESIAN_POINT('',(5.4410145002,-0.6339655811,27.8808078637));
#7989=DIRECTION('',(0.0187708196,-0.0545537339,-0.9983343861));
#7990=DIRECTION('',(0.0,-0.998510311,0.0545633472));
#7991=AXIS2_PLACEMENT_3D('',#7988,#7989,#7990);
#7992=CIRCLE('',#7991,0.5);
#7993=EDGE_CURVE('n° 1220',#393,#1660,#7992,.T.);
#7994=ORIENTED_EDGE('',*,*,#7993,.F.);
#7995=EDGE_LOOP('',(#7986,#7987,#7994));
#7996=FACE_OUTER_BOUND('',#7995,.T.);
#7997=CARTESIAN_POINT('',(5.4410145002,-0.6339655811,27.8808078637));
#7998=DIRECTION('',(0.2217202323,-0.0258339683,0.9747680466));
#7999=DIRECTION('',(0.9750934866,0.0,-0.2217942567));
#8000=AXIS2_PLACEMENT_3D('',#7997,#7998,#7999);
#8001=SPHERICAL_SURFACE('',#8000,0.5);
#8002=ADVANCED_FACE('n° 1119',(#7996),#8001,.T.);
#8003=ORIENTED_EDGE('',*,*,#7976,.T.);
#8004=ORIENTED_EDGE('',*,*,#452,.F.);
#8005=ORIENTED_EDGE('',*,*,#7993,.T.);
#8006=ORIENTED_EDGE('',*,*,#1729,.F.);
#8007=EDGE_LOOP('',(#8003,#8004,#8005,#8006));
#8008=FACE_OUTER_BOUND('',#8007,.T.);
#8009=CARTESIAN_POINT('',(4.6876428971,-3.7092467736,27.8933039572));
#8010=CARTESIAN_POINT('',(4.7107683867,-3.6799430444,27.8952493705));
#8011=CARTESIAN_POINT('',(4.7305930106,-3.6480294027,27.8970895017));
#8012=CARTESIAN_POINT('',(4.7626507739,-3.5805755971,27.9004673303));
#8013=CARTESIAN_POINT('',(4.7748825646,-3.5450382711,27.9020048857));
#8014=CARTESIAN_POINT('',(4.7911412865,-3.4721169892,27.9047005153));
#8015=CARTESIAN_POINT('',(4.7951675336,-3.4347361013,27.9058584762));
#8016=CARTESIAN_POINT('',(4.7948127882,-3.3600000888,27.9077368784));
#8017=CARTESIAN_POINT('',(4.7904318105,-3.3226481084,27.9084572407));
#8018=CARTESIAN_POINT('',(4.7734813676,-3.2498410137,27.9094243233));
#8019=CARTESIAN_POINT('',(4.7609126154,-3.2143889625,27.9096710029));
#8020=CARTESIAN_POINT('',(4.7445640828,-3.1807733869,27.909674663));
#8021=CARTESIAN_POINT('',(4.6895146149,-3.7082545369,27.8592204682));
#8022=CARTESIAN_POINT('',(4.7126001255,-3.6789817923,27.8611663882));
#8023=CARTESIAN_POINT('',(4.7323926164,-3.6471070718,27.8630073033));
#8024=CARTESIAN_POINT('',(4.7644059856,-3.5797408927,27.8663874545));
#8025=CARTESIAN_POINT('',(4.7766255239,-3.5442522534,27.867926549));
#8026=CARTESIAN_POINT('',(4.7928818314,-3.471431045,27.8706261358));
#8027=CARTESIAN_POINT('',(4.7969179202,-3.4341015235,27.871786515));
#8028=CARTESIAN_POINT('',(4.7966049873,-3.359463483,27.8736706633));
#8029=CARTESIAN_POINT('',(4.7922559787,-3.3221580875,27.8743943534));
#8030=CARTESIAN_POINT('',(4.7753894343,-3.2494321827,27.8753689286));
#8031=CARTESIAN_POINT('',(4.7628726044,-3.214014717,27.875619773));
#8032=CARTESIAN_POINT('',(4.7465838545,-3.1804245515,27.8756279283));
#8033=CARTESIAN_POINT('',(4.6913887257,-3.7072577896,27.8251361135));
#8034=CARTESIAN_POINT('',(4.7144342428,-3.6780160829,27.8270825372));
#8035=CARTESIAN_POINT('',(4.7341945822,-3.6461803235,27.8289242332));
#8036=CARTESIAN_POINT('',(4.7661634975,-3.5789018416,27.8323067001));
#8037=CARTESIAN_POINT('',(4.7783707425,-3.5434619201,27.8338473303));
#8038=CARTESIAN_POINT('',(4.7946245265,-3.4707408604,27.8365508673));
#8039=CARTESIAN_POINT('',(4.7986703888,-3.4334627497,27.8377136616));
#8040=CARTESIAN_POINT('',(4.798399112,-3.3589228062,27.8396035502));
#8041=CARTESIAN_POINT('',(4.7940819841,-3.3216640764,27.8403305659));
#8042=CARTESIAN_POINT('',(4.7772991589,-3.2490195785,27.8413126319));
#8043=CARTESIAN_POINT('',(4.7648341603,-3.2136368346,27.8415676413));
#8044=CARTESIAN_POINT('',(4.748605114,-3.1800722491,27.8415802942));
#8045=CARTESIAN_POINT('',(4.7647507681,-3.6681128075,26.4925694595));
#8046=CARTESIAN_POINT('',(4.7862321757,-3.6400866266,26.4945354685));
#8047=CARTESIAN_POINT('',(4.8047348244,-3.6097756365,26.4964075683));
#8048=CARTESIAN_POINT('',(4.834963486,-3.5459284927,26.4998803124));
#8049=CARTESIAN_POINT('',(4.8466885122,-3.5123944248,26.5014808409));
#8050=CARTESIAN_POINT('',(4.8628393699,-3.4435916591,26.5043385432));
#8051=CARTESIAN_POINT('',(4.8672646676,-3.408325207,26.5055956211));
#8052=CARTESIAN_POINT('',(4.8686158178,-3.3376252774,26.5077097144));
#8053=CARTESIAN_POINT('',(4.8655416124,-3.3021941092,26.508566658));
#8054=CARTESIAN_POINT('',(4.8520247608,-3.2327407104,26.5098414961));
#8055=CARTESIAN_POINT('',(4.8415825357,-3.1987207531,26.5102593461));
#8056=CARTESIAN_POINT('',(4.8276844923,-3.1661628604,26.5104479177));
#8057=CARTESIAN_POINT('',(4.8395474864,-3.6236206929,25.1943636716));
#8058=CARTESIAN_POINT('',(4.8594873031,-3.5968516271,25.1963447063));
#8059=CARTESIAN_POINT('',(4.8767405851,-3.5680796775,25.1982419215));
#8060=CARTESIAN_POINT('',(4.9051925065,-3.5076689365,25.2017930006));
#8061=CARTESIAN_POINT('',(4.9163904059,-3.476031718,25.2034467704));
#8062=CARTESIAN_POINT('',(4.9322865899,-3.4111451016,25.2064446321));
#8063=CARTESIAN_POINT('',(4.9369844577,-3.3778973921,25.2077886443));
#8064=CARTESIAN_POINT('',(4.939691729,-3.3111082359,25.2101128812));
#8065=CARTESIAN_POINT('',(4.9377010549,-3.2775685275,25.2110930436));
#8066=CARTESIAN_POINT('',(4.9271059844,-3.2115259368,25.2126498333));
#8067=CARTESIAN_POINT('',(4.9185018528,-3.1790247753,25.2132264181));
#8068=CARTESIAN_POINT('',(4.9067586228,-3.147687295,25.2135893348));
#8069=CARTESIAN_POINT('',(4.9979039145,-3.5158868869,22.5990653351));
#8070=CARTESIAN_POINT('',(5.0146564566,-3.49192824,22.6010713922));
#8071=CARTESIAN_POINT('',(5.0293045445,-3.4664970427,22.6030132154));
#8072=CARTESIAN_POINT('',(5.0539494189,-3.4134603371,22.6067088476));
#8073=CARTESIAN_POINT('',(5.0639458368,-3.385855624,22.6084625992));
#8074=CARTESIAN_POINT('',(5.0789833964,-3.3293092052,22.6117280563));
#8075=CARTESIAN_POINT('',(5.0840243093,-3.300368346,22.6132397109));
#8076=CARTESIAN_POINT('',(5.0889952947,-3.242027325,22.6159742093));
#8077=CARTESIAN_POINT('',(5.0889252846,-3.2126280368,22.6171970101));
#8078=CARTESIAN_POINT('',(5.0836719647,-3.1542623203,22.6193157214));
#8079=CARTESIAN_POINT('',(5.078488721,-3.1252967682,22.6202115978));
#8080=CARTESIAN_POINT('',(5.0708242777,-3.0969877894,22.6209299138));
#8081=CARTESIAN_POINT('',(5.0812741852,-3.4531145864,21.3018223706));
#8082=CARTESIAN_POINT('',(5.0963855965,-3.4306983364,21.303838414));
#8083=CARTESIAN_POINT('',(5.1096823053,-3.4070580145,21.3057997178));
#8084=CARTESIAN_POINT('',(5.1323056235,-3.3579372816,21.3095615437));
#8085=CARTESIAN_POINT('',(5.1416319889,-3.3324574015,21.3113620236));
#8086=CARTESIAN_POINT('',(5.1560741358,-3.280313271,21.3147548941));
#8087=CARTESIAN_POINT('',(5.1611897597,-3.2536495836,21.3163472467));
#8088=CARTESIAN_POINT('',(5.1670768422,-3.1998237885,21.3192818457));
#8089=CARTESIAN_POINT('',(5.1678482334,-3.1726622618,21.3206240589));
#8090=CARTESIAN_POINT('',(5.165023559,-3.1185397535,21.3230227269));
#8091=CARTESIAN_POINT('',(5.1614275179,-3.0915793568,21.3240791541));
#8092=CARTESIAN_POINT('',(5.1556915705,-3.06506645,21.3249785156));
#8093=CARTESIAN_POINT('',(5.2382387069,-3.3149073883,19.0627487579));
#8094=CARTESIAN_POINT('',(5.2502840485,-3.2957286189,19.0647794392));
#8095=CARTESIAN_POINT('',(5.2610238146,-3.2757283109,19.0667715506));
#8096=CARTESIAN_POINT('',(5.2796976729,-3.2344483997,19.0706418634));
#8097=CARTESIAN_POINT('',(5.2876316661,-3.2131690162,19.0725200433));
#8098=CARTESIAN_POINT('',(5.3005494002,-3.169717994,19.0761277166));
#8099=CARTESIAN_POINT('',(5.3055330715,-3.1475465861,19.0778571898));
#8100=CARTESIAN_POINT('',(5.3124583189,-3.1027146256,19.0811353367));
#8101=CARTESIAN_POINT('',(5.3143998559,-3.0800543113,19.0826839918));
#8102=CARTESIAN_POINT('',(5.3152033657,-3.0346566648,19.085571632));
#8103=CARTESIAN_POINT('',(5.3140653306,-3.0119195744,19.0869106005));
#8104=CARTESIAN_POINT('',(5.3113963214,-2.9893509391,19.0881321818));
#8105=CARTESIAN_POINT('',(5.3080352354,-3.2482690648,18.1200065123));
#8106=CARTESIAN_POINT('',(5.3187251066,-3.2306132009,18.1220425669));
#8107=CARTESIAN_POINT('',(5.3283264558,-3.2122972222,18.1240467913));
#8108=CARTESIAN_POINT('',(5.3452101431,-3.1746171328,18.1279610228));
#8109=CARTESIAN_POINT('',(5.3524924215,-3.1552531558,18.1298710153));
#8110=CARTESIAN_POINT('',(5.3646296192,-3.1157646613,18.1335675678));
#8111=CARTESIAN_POINT('',(5.369484495,-3.0956402839,18.1353541141));
#8112=CARTESIAN_POINT('',(5.3766938611,-3.0549297072,18.1387763574));
#8113=CARTESIAN_POINT('',(5.3790483247,-3.0343436522,18.1404120417));
#8114=CARTESIAN_POINT('',(5.3812202154,-2.9930152933,18.1435073438));
#8115=CARTESIAN_POINT('',(5.3810376332,-2.9722731359,18.1449669499));
#8116=CARTESIAN_POINT('',(5.3795866652,-2.9516068816,18.1463271988));
#8117=CARTESIAN_POINT('',(5.4313807628,-3.1111305975,16.6412055651));
#8118=CARTESIAN_POINT('',(5.4396490968,-3.0965622916,16.64324903));
#8119=CARTESIAN_POINT('',(5.4471801563,-3.0815735977,16.6452712755));
#8120=CARTESIAN_POINT('',(5.4606925736,-3.0509055384,16.6492527627));
#8121=CARTESIAN_POINT('',(5.4666739097,-3.0352262224,16.6512119976));
#8122=CARTESIAN_POINT('',(5.4770269187,-3.003333902,16.6550475043));
#8123=CARTESIAN_POINT('',(5.4813985747,-2.9871209488,16.6569237697));
#8124=CARTESIAN_POINT('',(5.4884880827,-2.9543236118,16.6605741949));
#8125=CARTESIAN_POINT('',(5.4912059229,-2.9377392807,16.6623483486));
#8126=CARTESIAN_POINT('',(5.494959909,-2.9043651629,16.6657764135));
#8127=CARTESIAN_POINT('',(5.4959960482,-2.8875754298,16.667430319));
#8128=CARTESIAN_POINT('',(5.4961856593,-2.8707670175,16.6690156275));
#8129=CARTESIAN_POINT('',(5.4789541178,-3.0548899429,16.1033628051));
#8130=CARTESIAN_POINT('',(5.4862743325,-3.0415986917,16.1054087728));
#8131=CARTESIAN_POINT('',(5.4929887327,-3.0279722031,16.1074374297));
#8132=CARTESIAN_POINT('',(5.5051519385,-3.0001587144,16.1114432827));
#8133=CARTESIAN_POINT('',(5.5106007315,-2.9859717433,16.1134204745));
#8134=CARTESIAN_POINT('',(5.5201887218,-2.9571517299,16.1173069552));
#8135=CARTESIAN_POINT('',(5.5243279091,-2.9425187176,16.11921624));
#8136=CARTESIAN_POINT('',(5.5312630226,-2.9129245972,16.1229510013));
#8137=CARTESIAN_POINT('',(5.5340589414,-2.8979635199,16.1247764738));
#8138=CARTESIAN_POINT('',(5.5382844508,-2.8678338654,16.1283283672));
#8139=CARTESIAN_POINT('',(5.5397140366,-2.8526653196,16.1300547843));
#8140=CARTESIAN_POINT('',(5.5404543145,-2.8374541651,16.1317244456));
#8141=CARTESIAN_POINT('',(5.5643461029,-2.940680907,15.2638220492));
#8142=CARTESIAN_POINT('',(5.5699748505,-2.9299013134,15.2658712873));
#8143=CARTESIAN_POINT('',(5.5752030109,-2.9189108247,15.2679092072));
#8144=CARTESIAN_POINT('',(5.5848303417,-2.8965667137,15.2719513466));
#8145=CARTESIAN_POINT('',(5.5892295077,-2.8852131016,15.2739555642));
#8146=CARTESIAN_POINT('',(5.5971753607,-2.8622033169,15.2779194075));
#8147=CARTESIAN_POINT('',(5.6007220439,-2.8505471549,15.2798790312));
#8148=CARTESIAN_POINT('',(5.606943898,-2.8269944323,15.2837430285));
#8149=CARTESIAN_POINT('',(5.609619066,-2.8150978824,15.2856474001));
#8150=CARTESIAN_POINT('',(5.6140834103,-2.7911278181,15.2893905241));
#8151=CARTESIAN_POINT('',(5.6158725844,-2.7790543145,15.2912292746));
#8152=CARTESIAN_POINT('',(5.6172138375,-2.7669245203,15.2930302028));
#8153=CARTESIAN_POINT('',(5.5973733471,-2.8942975414,14.9601092799));
#8154=CARTESIAN_POINT('',(5.6023518479,-2.8845218619,14.9621595728));
#8155=CARTESIAN_POINT('',(5.6070037346,-2.8745783577,14.9642006851));
#8156=CARTESIAN_POINT('',(5.6156344768,-2.8543981814,14.9682555579));
#8157=CARTESIAN_POINT('',(5.6196133298,-2.8441615152,14.970269317));
#8158=CARTESIAN_POINT('',(5.6268810075,-2.8234387317,14.9742606042));
#8159=CARTESIAN_POINT('',(5.6301698301,-2.8129526204,14.976238131));
#8160=CARTESIAN_POINT('',(5.6360433305,-2.7917757078,14.9801482256));
#8161=CARTESIAN_POINT('',(5.6386280067,-2.7810849127,14.9820807922));
#8162=CARTESIAN_POINT('',(5.6430820374,-2.7595442548,14.9858924265));
#8163=CARTESIAN_POINT('',(5.6449513905,-2.7486943984,14.9877714929));
#8164=CARTESIAN_POINT('',(5.6464589868,-2.7377881567,14.9896196517));
#8165=CARTESIAN_POINT('',(5.6574474634,-2.8010284847,14.4897465631));
#8166=CARTESIAN_POINT('',(5.6612480046,-2.7932248364,14.4917983851));
#8167=CARTESIAN_POINT('',(5.6648363921,-2.7853164829,14.4938442924));
#8168=CARTESIAN_POINT('',(5.671578892,-2.7693123963,14.4979184702));
#8169=CARTESIAN_POINT('',(5.6747330037,-2.7612166651,14.4999467403));
#8170=CARTESIAN_POINT('',(5.6805981663,-2.7448603678,14.5039798833));
#8171=CARTESIAN_POINT('',(5.6833092167,-2.7365998036,14.5059847559));
#8172=CARTESIAN_POINT('',(5.6882806788,-2.7199368355,14.5099654075));
#8173=CARTESIAN_POINT('',(5.6905410899,-2.7115344337,14.511941186));
#8174=CARTESIAN_POINT('',(5.6946049232,-2.6946111757,14.5158580326));
#8175=CARTESIAN_POINT('',(5.6964083448,-2.6860903216,14.5177991001));
#8176=CARTESIAN_POINT('',(5.697980719,-2.6775220969,14.5197200511));
#8177=CARTESIAN_POINT('',(5.6806980842,-2.7635144195,14.3207794983));
#8178=CARTESIAN_POINT('',(5.6840436781,-2.7564968785,14.322831847));
#8179=CARTESIAN_POINT('',(5.687218214,-2.7493965679,14.324879445));
#8180=CARTESIAN_POINT('',(5.6932182049,-2.7350460388,14.32896047));
#8181=CARTESIAN_POINT('',(5.6960436596,-2.7277958215,14.3309938968));
#8182=CARTESIAN_POINT('',(5.7013392728,-2.7131614346,14.3350419401));
#8183=CARTESIAN_POINT('',(5.7038094309,-2.7057772662,14.3370565564));
#8184=CARTESIAN_POINT('',(5.708389,-2.6908912216,14.3410623796));
#8185=CARTESIAN_POINT('',(5.7104984106,-2.6833893465,14.3430535864));
#8186=CARTESIAN_POINT('',(5.7143518084,-2.6682843871,14.3470080421));
#8187=CARTESIAN_POINT('',(5.7160957954,-2.660681304,14.3489712908));
#8188=CARTESIAN_POINT('',(5.7176551255,-2.6530359756,14.3509183164));
#8189=CARTESIAN_POINT('',(5.723776094,-2.6879599157,14.0627689378));
#8190=CARTESIAN_POINT('',(5.7262774267,-2.6825054258,14.0648221137));
#8191=CARTESIAN_POINT('',(5.7286705983,-2.6770002798,14.0668723037));
#8192=CARTESIAN_POINT('',(5.7332372747,-2.6658963921,14.0709637733));
#8193=CARTESIAN_POINT('',(5.7354107792,-2.6602976509,14.0730050528));
#8194=CARTESIAN_POINT('',(5.7395350768,-2.6490144183,14.0770757747));
#8195=CARTESIAN_POINT('',(5.7414858697,-2.6433299273,14.079105217));
#8196=CARTESIAN_POINT('',(5.7451620042,-2.6318831583,14.083149354));
#8197=CARTESIAN_POINT('',(5.7468873457,-2.6261208807,14.0851640486));
#8198=CARTESIAN_POINT('',(5.7501101462,-2.6145266089,14.0891758001));
#8199=CARTESIAN_POINT('',(5.7516076051,-2.608694615,14.0911728568));
#8200=CARTESIAN_POINT('',(5.7529900629,-2.6028318462,14.0931596616));
#8201=CARTESIAN_POINT('',(5.7404969448,-2.6577256991,13.9708868435));
#8202=CARTESIAN_POINT('',(5.7426704833,-2.6528936772,13.9729403177));
#8203=CARTESIAN_POINT('',(5.74475829,-2.6480221481,13.9749914319));
#8204=CARTESIAN_POINT('',(5.7487601832,-2.6382053598,13.9790866166));
#8205=CARTESIAN_POINT('',(5.7506742698,-2.6332601008,13.9811306871));
#8206=CARTESIAN_POINT('',(5.7543266505,-2.6233012155,13.9852094679));
#8207=CARTESIAN_POINT('',(5.7560649447,-2.6182875894,13.9872441781));
#8208=CARTESIAN_POINT('',(5.7593638548,-2.6081974055,13.9913019318));
#8209=CARTESIAN_POINT('',(5.7609244707,-2.6031208478,13.9933249753));
#8210=CARTESIAN_POINT('',(5.7638663269,-2.5929103032,13.9973571012));
#8211=CARTESIAN_POINT('',(5.7652475671,-2.5877763165,13.9993661836));
#8212=CARTESIAN_POINT('',(5.766538366,-2.5826163971,14.0013671459));
#8213=CARTESIAN_POINT('',(5.7722076784,-2.5961798477,13.8346859775));
#8214=CARTESIAN_POINT('',(5.7737563421,-2.5926066798,13.8367399401));
#8215=CARTESIAN_POINT('',(5.775252649,-2.5890100197,13.838792468));
#8216=CARTESIAN_POINT('',(5.7781395522,-2.5817721205,13.8428932409));
#8217=CARTESIAN_POINT('',(5.7795301485,-2.5781308813,13.8449414858));
#8218=CARTESIAN_POINT('',(5.7822047023,-2.5708062582,13.8490322816));
#8219=CARTESIAN_POINT('',(5.7834886598,-2.5671228742,13.8510748325));
#8220=CARTESIAN_POINT('',(5.7859490774,-2.5597164231,13.8551528331));
#8221=CARTESIAN_POINT('',(5.7871255374,-2.5559933561,13.8571882827));
#8222=CARTESIAN_POINT('',(5.7893701715,-2.5485100266,13.8612506781));
#8223=CARTESIAN_POINT('',(5.7904383456,-2.5447497642,13.8632776238));
#8224=CARTESIAN_POINT('',(5.7914520176,-2.5409721603,13.865299619));
#8225=CARTESIAN_POINT('',(5.7846790472,-2.5713672216,13.7866164534));
#8226=CARTESIAN_POINT('',(5.7859815537,-2.5683003183,13.7886705973));
#8227=CARTESIAN_POINT('',(5.7872435118,-2.565215462,13.7907236325));
#8228=CARTESIAN_POINT('',(5.7896856998,-2.5590113936,13.794826393));
#8229=CARTESIAN_POINT('',(5.7908659298,-2.5558921814,13.7968761183));
#8230=CARTESIAN_POINT('',(5.7931440712,-2.5496209685,13.8009711675));
#8231=CARTESIAN_POINT('',(5.7942419827,-2.5464689677,13.8030164915));
#8232=CARTESIAN_POINT('',(5.7963549376,-2.5401337613,13.8071016493));
#8233=CARTESIAN_POINT('',(5.7973699811,-2.5369505556,13.8091414831));
#8234=CARTESIAN_POINT('',(5.7993166917,-2.5305545385,13.8132145743));
#8235=CARTESIAN_POINT('',(5.8002483588,-2.527341727,13.8152478317));
#8236=CARTESIAN_POINT('',(5.8011381042,-2.5241149197,13.8172772593));
#8237=CARTESIAN_POINT('',(5.8064397392,-2.5253462875,13.7273453844));
#8238=CARTESIAN_POINT('',(5.8073095679,-2.5232157958,13.7293997948));
#8239=CARTESIAN_POINT('',(5.8081534661,-2.5210740382,13.7314534984));
#8240=CARTESIAN_POINT('',(5.8097891219,-2.5167687027,13.735558795));
#8241=CARTESIAN_POINT('',(5.8105808795,-2.5146051249,13.7376103881));
#8242=CARTESIAN_POINT('',(5.8121119918,-2.5102568676,13.7417107675));
#8243=CARTESIAN_POINT('',(5.8128513464,-2.5080721882,13.7437595538));
#8244=CARTESIAN_POINT('',(5.8142774077,-2.5036824535,13.7478536243));
#8245=CARTESIAN_POINT('',(5.8149641143,-2.5014773983,13.7498989085));
#8246=CARTESIAN_POINT('',(5.8162846517,-2.4970476442,13.7539852806));
#8247=CARTESIAN_POINT('',(5.8169184825,-2.4948229455,13.7560263686));
#8248=CARTESIAN_POINT('',(5.8175257703,-2.4925887944,13.758065012));
#8249=CARTESIAN_POINT('',(5.8133554773,-2.5104424342,13.711016796));
#8250=CARTESIAN_POINT('',(5.8140874714,-2.5086149565,13.7130712861));
#8251=CARTESIAN_POINT('',(5.8147975705,-2.5067780354,13.71512518));
#8252=CARTESIAN_POINT('',(5.8161737821,-2.503085817,13.7192311878));
#8253=CARTESIAN_POINT('',(5.8168398946,-2.5012305196,13.7212833016));
#8254=CARTESIAN_POINT('',(5.8181279485,-2.4975020641,13.7253851619));
#8255=CARTESIAN_POINT('',(5.81874989,-2.4956289061,13.7274349083));
#8256=CARTESIAN_POINT('',(5.8199494301,-2.4918652498,13.7315314469));
#8257=CARTESIAN_POINT('',(5.8205270286,-2.4899747516,13.7335782392));
#8258=CARTESIAN_POINT('',(5.8216377231,-2.4861769406,13.7376682837));
#8259=CARTESIAN_POINT('',(5.822170819,-2.4842696278,13.739711536));
#8260=CARTESIAN_POINT('',(5.8226815901,-2.4823541727,13.7417527258));
#8261=CARTESIAN_POINT('',(5.8260980372,-2.4820941546,13.6889341577));
#8262=CARTESIAN_POINT('',(5.8265748296,-2.4808427273,13.6909887764));
#8263=CARTESIAN_POINT('',(5.827035194,-2.4795843061,13.6930429488));
#8264=CARTESIAN_POINT('',(5.827922971,-2.4770537392,13.6971499605));
#8265=CARTESIAN_POINT('',(5.8283503835,-2.4757815935,13.6992027998));
#8266=CARTESIAN_POINT('',(5.8291721679,-2.4732238438,13.7033067056));
#8267=CARTESIAN_POINT('',(5.8295665397,-2.4719382398,13.705357772));
#8268=CARTESIAN_POINT('',(5.8303221605,-2.4693538424,13.7094576923));
#8269=CARTESIAN_POINT('',(5.8306834095,-2.4680550491,13.7115065461));
#8270=CARTESIAN_POINT('',(5.8313727097,-2.4654445448,13.7156016022));
#8271=CARTESIAN_POINT('',(5.8317007609,-2.4641328338,13.7176478044));
#8272=CARTESIAN_POINT('',(5.8320121793,-2.4628148013,13.7196924615));
#8273=CARTESIAN_POINT('',(5.8315600621,-2.4697298789,13.6813894173));
#8274=CARTESIAN_POINT('',(5.8319271665,-2.4687296299,13.6834440868));
#8275=CARTESIAN_POINT('',(5.8322797139,-2.4677232192,13.6854983611));
#8276=CARTESIAN_POINT('',(5.8329556294,-2.465698261,13.6896057296));
#8277=CARTESIAN_POINT('',(5.8332789977,-2.4646797134,13.6916588238));
#8278=CARTESIAN_POINT('',(5.8338964955,-2.4626306703,13.6957634424));
#8279=CARTESIAN_POINT('',(5.834190625,-2.4616001747,13.6978149669));
#8280=CARTESIAN_POINT('',(5.8347495914,-2.4595274266,13.7019160569));
#8281=CARTESIAN_POINT('',(5.8350144282,-2.4584851741,13.7039656223));
#8282=CARTESIAN_POINT('',(5.8355147607,-2.4563891055,13.7080624055));
#8283=CARTESIAN_POINT('',(5.8357502563,-2.4553352894,13.7101096231));
#8284=CARTESIAN_POINT('',(5.8359710599,-2.4542757892,13.7121554725));
#8285=CARTESIAN_POINT('',(5.8417226548,-2.4461516432,13.6725252604));
#8286=CARTESIAN_POINT('',(5.8418847835,-2.4456304218,13.6745800114));
#8287=CARTESIAN_POINT('',(5.8420345507,-2.4451040261,13.6766344273));
#8288=CARTESIAN_POINT('',(5.8423093389,-2.4440409683,13.6807422586));
#8289=CARTESIAN_POINT('',(5.8424343599,-2.4435043062,13.6827956741));
#8290=CARTESIAN_POINT('',(5.8426596368,-2.4424207991,13.6869011741));
#8291=CARTESIAN_POINT('',(5.8427598927,-2.4418739542,13.6889532587));
#8292=CARTESIAN_POINT('',(5.8429356243,-2.4407701668,13.6930557671));
#8293=CARTESIAN_POINT('',(5.8430111,-2.4402132244,13.6951061908));
#8294=CARTESIAN_POINT('',(5.8431372601,-2.4390893291,13.6992050475));
#8295=CARTESIAN_POINT('',(5.8431879445,-2.4385223761,13.7012534805));
#8296=CARTESIAN_POINT('',(5.8432262296,-2.4379504621,13.7033007533));
#8297=CARTESIAN_POINT('',(5.8464128581,-2.4350769789,13.6701750363));
#8298=CARTESIAN_POINT('',(5.8464800857,-2.4347807731,13.6722298204));
#8299=CARTESIAN_POINT('',(5.8465355321,-2.4344796605,13.6742842854));
#8300=CARTESIAN_POINT('',(5.8466228544,-2.4338676676,13.6783922627));
#8301=CARTESIAN_POINT('',(5.8466547302,-2.4335567874,13.6804457749));
#8302=CARTESIAN_POINT('',(5.8466949064,-2.4329253068,13.6845515319));
#8303=CARTESIAN_POINT('',(5.8467032068,-2.4326047063,13.6866037767));
#8304=CARTESIAN_POINT('',(5.8466962311,-2.4319538342,13.6907066845));
#8305=CARTESIAN_POINT('',(5.8466809549,-2.4316235624,13.6927573476));
#8306=CARTESIAN_POINT('',(5.8466268283,-2.430953398,13.6968567777));
#8307=CARTESIAN_POINT('',(5.846587978,-2.4306135053,13.6989055448));
#8308=CARTESIAN_POINT('',(5.8465373436,-2.4302688281,13.700953207));
#8309=CARTESIAN_POINT('',(5.8555943441,-2.4129546226,13.6695711921));
#8310=CARTESIAN_POINT('',(5.8554750458,-2.4131080836,13.6716260297));
#8311=CARTESIAN_POINT('',(5.8553440992,-2.4132567447,13.6736805523));
#8312=CARTESIAN_POINT('',(5.8550589293,-2.4135444446,13.6777886569));
#8313=CARTESIAN_POINT('',(5.854904706,-2.4136834834,13.6798422389));
#8314=CARTESIAN_POINT('',(5.8545730061,-2.4139519174,13.6839481516));
#8315=CARTESIAN_POINT('',(5.8543955294,-2.4140813125,13.6860004825));
#8316=CARTESIAN_POINT('',(5.8540173498,-2.4143304394,13.6901035825));
#8317=CARTESIAN_POINT('',(5.8538166467,-2.4144501712,13.6921543518));
#8318=CARTESIAN_POINT('',(5.8533920447,-2.414679953,13.6962540187));
#8319=CARTESIAN_POINT('',(5.8531681458,-2.414790003,13.6983029163));
#8320=CARTESIAN_POINT('',(5.8529326658,-2.4148952038,13.7003507232));
#8321=CARTESIAN_POINT('',(5.8601883331,-2.4016569548,13.6713335808));
#8322=CARTESIAN_POINT('',(5.8599753172,-2.4020401551,13.6733884392));
#8323=CARTESIAN_POINT('',(5.8597502007,-2.4024183944,13.6754429706));
#8324=CARTESIAN_POINT('',(5.8592758007,-2.4031648941,13.6795510571));
#8325=CARTESIAN_POINT('',(5.8590265172,-2.4035331545,13.6816046121));
#8326=CARTESIAN_POINT('',(5.8585038215,-2.404259641,13.6857104233));
#8327=CARTESIAN_POINT('',(5.8582304093,-2.4046178671,13.6877626795));
#8328=CARTESIAN_POINT('',(5.857659498,-2.4053242311,13.6918655709));
#8329=CARTESIAN_POINT('',(5.8573619989,-2.4056723691,13.6939162061));
#8330=CARTESIAN_POINT('',(5.8567429596,-2.4063585045,13.6980155337));
#8331=CARTESIAN_POINT('',(5.8564214193,-2.406696502,13.7000642261));
#8332=CARTESIAN_POINT('',(5.8560878832,-2.4070294039,13.7021117862));
#8333=CARTESIAN_POINT('',(5.8698814089,-2.3773653663,13.679155423));
#8334=CARTESIAN_POINT('',(5.8694698258,-2.3782428815,13.681210312));
#8335=CARTESIAN_POINT('',(5.8690441452,-2.3791146841,13.6832648208));
#8336=CARTESIAN_POINT('',(5.8681646653,-2.3808467087,13.6873727026));
#8337=CARTESIAN_POINT('',(5.867710866,-2.3817069309,13.6894260757));
#8338=CARTESIAN_POINT('',(5.8667752296,-2.3834156416,13.6935313113));
#8339=CARTESIAN_POINT('',(5.8662933927,-2.3842641302,13.6955831738));
#8340=CARTESIAN_POINT('',(5.8653017673,-2.385949223,13.6996850136));
#8341=CARTESIAN_POINT('',(5.864791979,-2.3867858271,13.7017349908));
#8342=CARTESIAN_POINT('',(5.8637445424,-2.3884470023,13.7058326859));
#8343=CARTESIAN_POINT('',(5.863206894,-2.3892715733,13.7078804037));
#8344=CARTESIAN_POINT('',(5.8626553639,-2.3900900543,13.7099268048));
#8345=CARTESIAN_POINT('',(5.8749023848,-2.3644375945,13.6863231996));
#8346=CARTESIAN_POINT('',(5.8743873129,-2.3655784442,13.6883780943));
#8347=CARTESIAN_POINT('',(5.8738563168,-2.3667128801,13.6904325598));
#8348=CARTESIAN_POINT('',(5.872762583,-2.368968697,13.694540209));
#8349=CARTESIAN_POINT('',(5.8721998453,-2.370090078,13.6965933928));
#8350=CARTESIAN_POINT('',(5.8710427416,-2.3723195607,13.7006980556));
#8351=CARTESIAN_POINT('',(5.8704483755,-2.3734276624,13.7027495345));
#8352=CARTESIAN_POINT('',(5.8692281348,-2.3756303644,13.7068503649));
#8353=CARTESIAN_POINT('',(5.86860226,-2.3767249648,13.7088997163));
#8354=CARTESIAN_POINT('',(5.8673191279,-2.3789004452,13.7129958692));
#8355=CARTESIAN_POINT('',(5.8666618704,-2.3799813252,13.7150426708));
#8356=CARTESIAN_POINT('',(5.8659889878,-2.3810552369,13.7170879864));
#8357=CARTESIAN_POINT('',(5.8873065692,-2.3318580336,13.7098391898));
#8358=CARTESIAN_POINT('',(5.8865345648,-2.3336632528,13.7118940765));
#8359=CARTESIAN_POINT('',(5.8857406246,-2.335459768,13.7139483732));
#8360=CARTESIAN_POINT('',(5.8841090895,-2.3390349025,13.7180552048));
#8361=CARTESIAN_POINT('',(5.8832714945,-2.3408135217,13.7201077397));
#8362=CARTESIAN_POINT('',(5.8815528781,-2.3443523814,13.724210466));
#8363=CARTESIAN_POINT('',(5.8806718568,-2.3461126218,13.7262606576));
#8364=CARTESIAN_POINT('',(5.8788666282,-2.3496142459,13.7303581165));
#8365=CARTESIAN_POINT('',(5.8779424209,-2.3513556295,13.7324053839));
#8366=CARTESIAN_POINT('',(5.8760510729,-2.3548190672,13.7364964146));
#8367=CARTESIAN_POINT('',(5.8750839322,-2.3565411213,13.7385401778));
#8368=CARTESIAN_POINT('',(5.8740954567,-2.358253277,13.7405818996));
#8369=CARTESIAN_POINT('',(5.8938061641,-2.3140114773,13.7291785604));
#8370=CARTESIAN_POINT('',(5.8928979955,-2.316181516,13.7312334161));
#8371=CARTESIAN_POINT('',(5.8919629287,-2.3183409781,13.7332875493));
#8372=CARTESIAN_POINT('',(5.890039315,-2.3226380216,13.7373936579));
#8373=CARTESIAN_POINT('',(5.889050768,-2.324775603,13.7394456333));
#8374=CARTESIAN_POINT('',(5.8870205277,-2.3290281646,13.7435467144));
#8375=CARTESIAN_POINT('',(5.8859788345,-2.331143145,13.7455958201));
#8376=CARTESIAN_POINT('',(5.8838426535,-2.3353497919,13.7496904509));
#8377=CARTESIAN_POINT('',(5.8827481656,-2.3374414585,13.751735976));
#8378=CARTESIAN_POINT('',(5.8805067648,-2.3416007731,13.7558227357));
#8379=CARTESIAN_POINT('',(5.8793598518,-2.343668421,13.7578639704));
#8380=CARTESIAN_POINT('',(5.8781869196,-2.3457237112,13.7599027057));
#8381=CARTESIAN_POINT('',(5.9180843448,-2.2456562055,13.8167762187));
#8382=CARTESIAN_POINT('',(5.9166638618,-2.2492264583,13.8188308856));
#8383=CARTESIAN_POINT('',(5.9151938771,-2.2527777529,13.8208842274));
#8384=CARTESIAN_POINT('',(5.9121557479,-2.2598404041,13.8249869541));
#8385=CARTESIAN_POINT('',(5.9105876035,-2.2633517606,13.827036339));
#8386=CARTESIAN_POINT('',(5.9073540538,-2.2703325361,13.8311298477));
#8387=CARTESIAN_POINT('',(5.9056886485,-2.2738019551,13.8331739714));
#8388=CARTESIAN_POINT('',(5.9022615299,-2.2806968797,13.8372556563));
#8389=CARTESIAN_POINT('',(5.9004998166,-2.2841223853,13.8392932175));
#8390=CARTESIAN_POINT('',(5.8968810891,-2.2909275314,13.8433604796));
#8391=CARTESIAN_POINT('',(5.8950240749,-2.2943071718,13.8453901805));
#8392=CARTESIAN_POINT('',(5.8931199402,-2.2976629168,13.8474153047));
#8393=CARTESIAN_POINT('',(5.9291512279,-2.2101299462,13.8963576581));
#8394=CARTESIAN_POINT('',(5.9274876023,-2.2144354793,13.8984120457));
#8395=CARTESIAN_POINT('',(5.9257536398,-2.2187146698,13.9004645556));
#8396=CARTESIAN_POINT('',(5.922146542,-2.2272166825,13.9045639698));
#8397=CARTESIAN_POINT('',(5.9202734066,-2.2314395046,13.906610874));
#8398=CARTESIAN_POINT('',(5.9163895785,-2.2398251437,13.9106972309));
#8399=CARTESIAN_POINT('',(5.9143788856,-2.2439879606,13.9127366835));
#8400=CARTESIAN_POINT('',(5.9102216711,-2.2522500015,13.9168062976));
#8401=CARTESIAN_POINT('',(5.9080751495,-2.2563492255,13.918836459));
#8402=CARTESIAN_POINT('',(5.9036481179,-2.2644805448,13.9228856586));
#8403=CARTESIAN_POINT('',(5.9013676081,-2.2685126401,13.9249046967));
#8404=CARTESIAN_POINT('',(5.8990210798,-2.2725094306,13.9269172617));
#8405=CARTESIAN_POINT('',(5.9612772458,-2.103309159,14.1613218968));
#8406=CARTESIAN_POINT('',(5.958897515,-2.1098385428,14.1633751756));
#8407=CARTESIAN_POINT('',(5.9563770745,-2.1163175945,14.1654247185));
#8408=CARTESIAN_POINT('',(5.951058948,-2.1291643829,14.1695126559));
#8409=CARTESIAN_POINT('',(5.9482612622,-2.1355321191,14.1715510502));
#8410=CARTESIAN_POINT('',(5.9423932555,-2.1481458004,14.1756130311));
#8411=CARTESIAN_POINT('',(5.9393229348,-2.1543917449,14.1776366176));
#8412=CARTESIAN_POINT('',(5.9329146987,-2.1667515578,14.181665347));
#8413=CARTESIAN_POINT('',(5.9295767835,-2.1728654255,14.1836704897));
#8414=CARTESIAN_POINT('',(5.9226388203,-2.1849510066,14.1876587247));
#8415=CARTESIAN_POINT('',(5.9190387725,-2.1909227193,14.1896418169));
#8416=CARTESIAN_POINT('',(5.9153105963,-2.1968184266,14.1916120977));
#8417=CARTESIAN_POINT('',(5.9736646855,-2.0519545367,14.3566923897));
#8418=CARTESIAN_POINT('',(5.9709868314,-2.0595689287,14.3587446564));
#8419=CARTESIAN_POINT('',(5.9681151801,-2.0671163135,14.3607917968));
#8420=CARTESIAN_POINT('',(5.9619911483,-2.0820591245,14.3648707876));
#8421=CARTESIAN_POINT('',(5.9587387683,-2.0894545494,14.3669026376));
#8422=CARTESIAN_POINT('',(5.9518610163,-2.1040758427,14.3709460445));
#8423=CARTESIAN_POINT('',(5.9482356448,-2.1113017097,14.372957601));
#8424=CARTESIAN_POINT('',(5.9406205005,-2.1255666747,14.3769554643));
#8425=CARTESIAN_POINT('',(5.9366307284,-2.1326057715,14.3789417706));
#8426=CARTESIAN_POINT('',(5.9282962095,-2.1464804073,14.3828842346));
#8427=CARTESIAN_POINT('',(5.9239514633,-2.153315945,14.3848403919));
#8428=CARTESIAN_POINT('',(5.9194343507,-2.1600415391,14.3867790599));
#8429=CARTESIAN_POINT('',(5.9948244924,-1.9581809758,14.7458209386));
#8430=CARTESIAN_POINT('',(5.9916415363,-1.9677356512,14.7478717022));
#8431=CARTESIAN_POINT('',(5.9881603488,-1.9771924727,14.7499146186));
#8432=CARTESIAN_POINT('',(5.9806144168,-1.9958754317,14.7539770653));
#8433=CARTESIAN_POINT('',(5.9765496739,-2.0051015649,14.7559965946));
#8434=CARTESIAN_POINT('',(5.967851671,-2.023289005,14.7600046592));
#8435=CARTESIAN_POINT('',(5.9632184129,-2.0322503079,14.7619931934));
#8436=CARTESIAN_POINT('',(5.9534004959,-2.0498749113,14.7659317725));
#8437=CARTESIAN_POINT('',(5.9482158393,-2.058538208,14.7678818166));
#8438=CARTESIAN_POINT('',(5.9373142571,-2.0755347087,14.7717360611));
#8439=CARTESIAN_POINT('',(5.931597334,-2.083867909,14.7736402607));
#8440=CARTESIAN_POINT('',(5.9256248154,-2.0920206187,14.7755179451));
#8441=CARTESIAN_POINT('',(6.0026375875,-1.917782069,14.9423936127));
#8442=CARTESIAN_POINT('',(5.9992597072,-1.9281709807,14.9444436324));
#8443=CARTESIAN_POINT('',(5.9955306172,-1.9384473369,14.9464844315));
#8444=CARTESIAN_POINT('',(5.9873863649,-1.9587299864,14.9505385619));
#8445=CARTESIAN_POINT('',(5.9829712052,-1.9687362733,14.9525518919));
#8446=CARTESIAN_POINT('',(5.9734741322,-1.9884349883,14.9565421734));
#8447=CARTESIAN_POINT('',(5.9683922219,-1.9981274102,14.9585191237));
#8448=CARTESIAN_POINT('',(5.9575838516,-2.0171559552,14.9624278926));
#8449=CARTESIAN_POINT('',(5.951857395,-2.0264920722,14.96435971));
#8450=CARTESIAN_POINT('',(5.9397849267,-2.044767104,14.9681696554));
#8451=CARTESIAN_POINT('',(5.9334389188,-2.0537060129,14.9700477821));
#8452=CARTESIAN_POINT('',(5.926796973,-2.0624267247,14.9718949014));
#8453=CARTESIAN_POINT('',(6.0219846256,-1.8068542897,15.5291024135));
#8454=CARTESIAN_POINT('',(6.0181076742,-1.8195329348,15.5311502104));
#8455=CARTESIAN_POINT('',(6.0137208163,-1.8320572249,15.5331846877));
#8456=CARTESIAN_POINT('',(6.0039547288,-1.8567190709,15.5372140058));
#8457=CARTESIAN_POINT('',(5.9985755055,-1.8688566114,15.539208844));
#8458=CARTESIAN_POINT('',(5.9868582126,-1.8926692719,15.5431461244));
#8459=CARTESIAN_POINT('',(5.9805201502,-1.9043443769,15.545088564));
#8460=CARTESIAN_POINT('',(5.9669245756,-1.9271593048,15.5489086081));
#8461=CARTESIAN_POINT('',(5.9596670718,-1.9382991134,15.5507862102));
#8462=CARTESIAN_POINT('',(5.9442776459,-1.9599738511,15.5544645374));
#8463=CARTESIAN_POINT('',(5.9361457332,-1.9705087665,15.5562652602));
#8464=CARTESIAN_POINT('',(5.9276018093,-1.9807082852,15.5580217591));
#8465=CARTESIAN_POINT('',(6.0296594389,-1.7453740971,15.9222264616));
#8466=CARTESIAN_POINT('',(6.0255582065,-1.7593204469,15.9242727659));
#8467=CARTESIAN_POINT('',(6.0208399845,-1.7730871594,15.9263030039));
#8468=CARTESIAN_POINT('',(6.0102055112,-1.8001568071,15.9303157091));
#8469=CARTESIAN_POINT('',(6.00428927,-1.8134597171,15.9322981724));
#8470=CARTESIAN_POINT('',(5.991303681,-1.8395006776,15.9362000394));
#8471=CARTESIAN_POINT('',(5.9842343454,-1.8522387039,15.9381194392));
#8472=CARTESIAN_POINT('',(5.9689961185,-1.8770530279,15.9418803623));
#8473=CARTESIAN_POINT('',(5.9608272414,-1.8891293024,15.9437218819));
#8474=CARTESIAN_POINT('',(5.9434517197,-1.9125281785,15.9473128104));
#8475=CARTESIAN_POINT('',(5.934245091,-1.923850758,15.9490622157));
#8476=CARTESIAN_POINT('',(5.9245543663,-1.9347533288,15.9507587936));
#8477=CARTESIAN_POINT('',(6.0407261426,-1.6329589165,16.7079028231));
#8478=CARTESIAN_POINT('',(6.0362638578,-1.6492296877,16.7099459793));
#8479=CARTESIAN_POINT('',(6.0309689252,-1.6652743186,16.7119675622));
#8480=CARTESIAN_POINT('',(6.0187680928,-1.6967470241,16.7159466888));
#8481=CARTESIAN_POINT('',(6.0118622141,-1.7121750443,16.7179042255));
#8482=CARTESIAN_POINT('',(5.9965102327,-1.7422564143,16.7217350036));
#8483=CARTESIAN_POINT('',(5.9880641564,-1.756909712,16.7236082384));
#8484=CARTESIAN_POINT('',(5.9697181926,-1.785291394,16.7272510144));
#8485=CARTESIAN_POINT('',(5.9598183366,-1.7990197292,16.7290205493));
#8486=CARTESIAN_POINT('',(5.9386660237,-1.8254106323,16.7324375824));
#8487=CARTESIAN_POINT('',(5.9274136032,-1.8380731546,16.7340850745));
#8488=CARTESIAN_POINT('',(5.9155423761,-1.8501377732,16.7356629977));
#8489=CARTESIAN_POINT('',(6.0439200967,-1.5823915595,17.1014762037));
#8490=CARTESIAN_POINT('',(6.0393250428,-1.5997112379,17.1035177019));
#8491=CARTESIAN_POINT('',(6.0337884807,-1.6167835081,17.1055348597));
#8492=CARTESIAN_POINT('',(6.0208965741,-1.6502355643,17.1094969808));
#8493=CARTESIAN_POINT('',(6.0135412581,-1.6666152763,17.1114419352));
#8494=CARTESIAN_POINT('',(5.9970970507,-1.69849237,17.1152369494));
#8495=CARTESIAN_POINT('',(5.9880081956,-1.7139896812,17.1170870005));
#8496=CARTESIAN_POINT('',(5.9682020772,-1.7439222704,17.1206706));
#8497=CARTESIAN_POINT('',(5.9574848575,-1.7583574822,17.1224041403));
#8498=CARTESIAN_POINT('',(5.9345459381,-1.7859983662,17.1257344521));
#8499=CARTESIAN_POINT('',(5.922324289,-1.7992039771,17.1273312161));
#8500=CARTESIAN_POINT('',(5.9094210391,-1.8117181212,17.1288502504));
#8501=CARTESIAN_POINT('',(6.049428634,-1.4406706571,18.2830797904));
#8502=CARTESIAN_POINT('',(6.0445162898,-1.4609482201,18.2851158518));
#8503=CARTESIAN_POINT('',(6.0383324174,-1.4809194257,18.2871192097));
#8504=CARTESIAN_POINT('',(6.0235172031,-1.5199418508,18.2910291552));
#8505=CARTESIAN_POINT('',(6.0148859187,-1.5389929194,18.2929357274));
#8506=CARTESIAN_POINT('',(5.9953087529,-1.5758814875,18.2966221775));
#8507=CARTESIAN_POINT('',(5.984362947,-1.5937188443,18.2984020407));
#8508=CARTESIAN_POINT('',(5.9603248228,-1.6279048207,18.3018070767));
#8509=CARTESIAN_POINT('',(5.9472325968,-1.6442533077,18.3034322356));
#8510=CARTESIAN_POINT('',(5.919102409,-1.6752089309,18.3065022209));
#8511=CARTESIAN_POINT('',(5.904064555,-1.6898159465,18.3079470348));
#8512=CARTESIAN_POINT('',(5.8881690636,-1.703439159,18.3092902346));
#8513=CARTESIAN_POINT('',(6.0477299459,-1.3592767132,19.0726701782));
#8514=CARTESIAN_POINT('',(6.042712712,-1.3812789249,19.074702009));
#8515=CARTESIAN_POINT('',(6.0361992399,-1.4029418804,19.0766954766));
#8516=CARTESIAN_POINT('',(6.020298463,-1.4451964422,19.0805690982));
#8517=CARTESIAN_POINT('',(6.0109112437,-1.465787822,19.0824492308));
#8518=CARTESIAN_POINT('',(5.9894332723,-1.5055251651,19.0860615842));
#8519=CARTESIAN_POINT('',(5.9773426347,-1.5246709149,19.0877937849));
#8520=CARTESIAN_POINT('',(5.9506766656,-1.5611687857,19.0910783322));
#8521=CARTESIAN_POINT('',(5.9361014757,-1.5785207098,19.0926306605));
#8522=CARTESIAN_POINT('',(5.9047299302,-1.6111147379,19.0955267535));
#8523=CARTESIAN_POINT('',(5.8879337409,-1.6263566651,19.0968705019));
#8524=CARTESIAN_POINT('',(5.8701787625,-1.6404044044,19.0980974901));
#8525=CARTESIAN_POINT('',(6.0347847463,-1.1357256454,21.4384604806));
#8526=CARTESIAN_POINT('',(6.0295968649,-1.1625951797,21.4404757827));
#8527=CARTESIAN_POINT('',(6.0222179626,-1.1890407222,21.4424352796));
#8528=CARTESIAN_POINT('',(6.0032713947,-1.2403973077,21.4461903665));
#8529=CARTESIAN_POINT('',(5.9917039368,-1.2653077901,21.4479859135));
#8530=CARTESIAN_POINT('',(5.9646806351,-1.3129457841,21.4513648972));
#8531=CARTESIAN_POINT('',(5.9492250843,-1.3356727742,21.4529482948));
#8532=CARTESIAN_POINT('',(5.9148253064,-1.3783508113,21.4558601963));
#8533=CARTESIAN_POINT('',(5.8958814506,-1.3983013889,21.4571886661));
#8534=CARTESIAN_POINT('',(5.8549941124,-1.4349040398,21.45955445));
#8535=CARTESIAN_POINT('',(5.8330510703,-1.451555707,21.4605917358));
#8536=CARTESIAN_POINT('',(5.8098913039,-1.4663386347,21.4614690429));
#8537=CARTESIAN_POINT('',(6.0156915856,-1.0136064452,23.0168351467));
#8538=CARTESIAN_POINT('',(6.0106093054,-1.0431896244,23.0188374926));
#8539=CARTESIAN_POINT('',(6.0028636718,-1.0723147158,23.0207722572));
#8540=CARTESIAN_POINT('',(5.98229339,-1.1287253025,23.0244441637));
#8541=CARTESIAN_POINT('',(5.9694690775,-1.1560098811,23.0261812431));
#8542=CARTESIAN_POINT('',(5.9391480885,-1.2078716673,23.029401365));
#8543=CARTESIAN_POINT('',(5.9216518996,-1.2324480284,23.0308843519));
#8544=CARTESIAN_POINT('',(5.8825400246,-1.2781097187,23.0335478341));
#8545=CARTESIAN_POINT('',(5.8609249641,-1.2991942961,23.0347282825));
#8546=CARTESIAN_POINT('',(5.814257669,-1.3371969365,23.0367477332));
#8547=CARTESIAN_POINT('',(5.7892061806,-1.3541143643,23.0375866988));
#8548=CARTESIAN_POINT('',(5.7628316705,-1.3686753248,23.0382408421));
#8549=CARTESIAN_POINT('',(5.976114634,-0.8271119264,25.6945713131));
#8550=CARTESIAN_POINT('',(5.9713541192,-0.8609826738,25.6965451127));
#8551=CARTESIAN_POINT('',(5.9631043017,-0.8943651813,25.6984307773));
#8552=CARTESIAN_POINT('',(5.9399707568,-0.9587625393,25.7019467812));
#8553=CARTESIAN_POINT('',(5.9250877012,-0.9897755212,25.7035770173));
#8554=CARTESIAN_POINT('',(5.8893089958,-1.0481372909,25.7065135061));
#8555=CARTESIAN_POINT('',(5.868414382,-1.0754843837,25.7078196722));
#8556=CARTESIAN_POINT('',(5.8214841944,-1.1253701576,25.7100528551));
#8557=CARTESIAN_POINT('',(5.7954499782,-1.147907387,25.7109798055));
#8558=CARTESIAN_POINT('',(5.7393264542,-1.1872289995,25.7124151883));
#8559=CARTESIAN_POINT('',(5.7092387698,-1.2040122342,25.7129235776));
#8560=CARTESIAN_POINT('',(5.6777511198,-1.2175663313,25.7132117489));
#8561=CARTESIAN_POINT('',(5.9575668319,-0.7570858016,26.7938422733));
#8562=CARTESIAN_POINT('',(5.9529855993,-0.7926057135,26.7958026709));
#8563=CARTESIAN_POINT('',(5.9445702574,-0.8276332732,26.7976663658));
#8564=CARTESIAN_POINT('',(5.9204571053,-0.8951021167,26.8011146943));
#8565=CARTESIAN_POINT('',(5.9047601384,-0.9275410427,26.8026992059));
#8566=CARTESIAN_POINT('',(5.8668027636,-0.9883442606,26.8055159882));
#8567=CARTESIAN_POINT('',(5.8445436787,-1.0167064252,26.8067481586));
#8568=CARTESIAN_POINT('',(5.7944810534,-1.0680536241,26.8088031846));
#8569=CARTESIAN_POINT('',(5.7666792563,-1.0910368574,26.8096259664));
#8570=CARTESIAN_POINT('',(5.706803906,-1.1305688496,26.8108238715));
#8571=CARTESIAN_POINT('',(5.6747324381,-1.1471162149,26.8111989508));
#8572=CARTESIAN_POINT('',(5.6412594246,-1.1600643595,26.8113412815));
#8573=CARTESIAN_POINT('',(5.937499546,-0.6918140633,27.8933039592));
#8574=CARTESIAN_POINT('',(5.9331283363,-0.7289098777,27.8952488627));
#8575=CARTESIAN_POINT('',(5.9245724438,-0.7655165234,27.8970883547));
#8576=CARTESIAN_POINT('',(5.8995189681,-0.8359216569,27.9004645668));
#8577=CARTESIAN_POINT('',(5.8830224415,-0.8697171754,27.9020011445));
#8578=CARTESIAN_POINT('',(5.8429144066,-0.9328048129,27.904694436));
#8579=CARTESIAN_POINT('',(5.8193045898,-0.9620942711,27.9058510362));
#8580=CARTESIAN_POINT('',(5.7661535182,-1.0147004031,27.9077263314));
#8581=CARTESIAN_POINT('',(5.7366145049,-1.0380148583,27.9084449475));
#8582=CARTESIAN_POINT('',(5.6730860611,-1.0775011503,27.9094081956));
#8583=CARTESIAN_POINT('',(5.6390993099,-1.0936713219,27.909652787));
#8584=CARTESIAN_POINT('',(5.6037394604,-1.1058643778,27.9096542328));
#8585=B_SPLINE_SURFACE_WITH_KNOTS('',3,3,((#8009,#8010,#8011,#8012,#8013,#8014,#8015,#8016,#8017,#8018,#8019,#8020),
    (#8021,#8022,#8023,#8024,#8025,#8026,#8027,#8028,#8029,#8030,#8031,#8032),
    (#8033,#8034,#8035,#8036,#8037,#8038,#8039,#8040,#8041,#8042,#8043,#8044),
    (#8045,#8046,#8047,#8048,#8049,#8050,#8051,#8052,#8053,#8054,#8055,#8056),
    (#8057,#8058,#8059,#8060,#8061,#8062,#8063,#8064,#8065,#8066,#8067,#8068),
    (#8069,#8070,#8071,#8072,#8073,#8074,#8075,#8076,#8077,#8078,#8079,#8080),
    (#8081,#8082,#8083,#8084,#8085,#8086,#8087,#8088,#8089,#8090,#8091,#8092),
    (#8093,#8094,#8095,#8096,#8097,#8098,#8099,#8100,#8101,#8102,#8103,#8104),
    (#8105,#8106,#8107,#8108,#8109,#8110,#8111,#8112,#8113,#8114,#8115,#8116),
    (#8117,#8118,#8119,#8120,#8121,#8122,#8123,#8124,#8125,#8126,#8127,#8128),
    (#8129,#8130,#8131,#8132,#8133,#8134,#8135,#8136,#8137,#8138,#8139,#8140),
    (#8141,#8142,#8143,#8144,#8145,#8146,#8147,#8148,#8149,#8150,#8151,#8152),
    (#8153,#8154,#8155,#8156,#8157,#8158,#8159,#8160,#8161,#8162,#8163,#8164),
    (#8165,#8166,#8167,#8168,#8169,#8170,#8171,#8172,#8173,#8174,#8175,#8176),
    (#8177,#8178,#8179,#8180,#8181,#8182,#8183,#8184,#8185,#8186,#8187,#8188),
    (#8189,#8190,#8191,#8192,#8193,#8194,#8195,#8196,#8197,#8198,#8199,#8200),
    (#8201,#8202,#8203,#8204,#8205,#8206,#8207,#8208,#8209,#8210,#8211,#8212),
    (#8213,#8214,#8215,#8216,#8217,#8218,#8219,#8220,#8221,#8222,#8223,#8224),
    (#8225,#8226,#8227,#8228,#8229,#8230,#8231,#8232,#8233,#8234,#8235,#8236),
    (#8237,#8238,#8239,#8240,#8241,#8242,#8243,#8244,#8245,#8246,#8247,#8248),
    (#8249,#8250,#8251,#8252,#8253,#8254,#8255,#8256,#8257,#8258,#8259,#8260),
    (#8261,#8262,#8263,#8264,#8265,#8266,#8267,#8268,#8269,#8270,#8271,#8272),
    (#8273,#8274,#8275,#8276,#8277,#8278,#8279,#8280,#8281,#8282,#8283,#8284),
    (#8285,#8286,#8287,#8288,#8289,#8290,#8291,#8292,#8293,#8294,#8295,#8296),
    (#8297,#8298,#8299,#8300,#8301,#8302,#8303,#8304,#8305,#8306,#8307,#8308),
    (#8309,#8310,#8311,#8312,#8313,#8314,#8315,#8316,#8317,#8318,#8319,#8320),
    (#8321,#8322,#8323,#8324,#8325,#8326,#8327,#8328,#8329,#8330,#8331,#8332),
    (#8333,#8334,#8335,#8336,#8337,#8338,#8339,#8340,#8341,#8342,#8343,#8344),
    (#8345,#8346,#8347,#8348,#8349,#8350,#8351,#8352,#8353,#8354,#8355,#8356),
    (#8357,#8358,#8359,#8360,#8361,#8362,#8363,#8364,#8365,#8366,#8367,#8368),
    (#8369,#8370,#8371,#8372,#8373,#8374,#8375,#8376,#8377,#8378,#8379,#8380),
    (#8381,#8382,#8383,#8384,#8385,#8386,#8387,#8388,#8389,#8390,#8391,#8392),
    (#8393,#8394,#8395,#8396,#8397,#8398,#8399,#8400,#8401,#8402,#8403,#8404),
    (#8405,#8406,#8407,#8408,#8409,#8410,#8411,#8412,#8413,#8414,#8415,#8416),
    (#8417,#8418,#8419,#8420,#8421,#8422,#8423,#8424,#8425,#8426,#8427,#8428),
    (#8429,#8430,#8431,#8432,#8433,#8434,#8435,#8436,#8437,#8438,#8439,#8440),
    (#8441,#8442,#8443,#8444,#8445,#8446,#8447,#8448,#8449,#8450,#8451,#8452),
    (#8453,#8454,#8455,#8456,#8457,#8458,#8459,#8460,#8461,#8462,#8463,#8464),
    (#8465,#8466,#8467,#8468,#8469,#8470,#8471,#8472,#8473,#8474,#8475,#8476),
    (#8477,#8478,#8479,#8480,#8481,#8482,#8483,#8484,#8485,#8486,#8487,#8488),
    (#8489,#8490,#8491,#8492,#8493,#8494,#8495,#8496,#8497,#8498,#8499,#8500),
    (#8501,#8502,#8503,#8504,#8505,#8506,#8507,#8508,#8509,#8510,#8511,#8512),
    (#8513,#8514,#8515,#8516,#8517,#8518,#8519,#8520,#8521,#8522,#8523,#8524),
    (#8525,#8526,#8527,#8528,#8529,#8530,#8531,#8532,#8533,#8534,#8535,#8536),
    (#8537,#8538,#8539,#8540,#8541,#8542,#8543,#8544,#8545,#8546,#8547,#8548),
    (#8549,#8550,#8551,#8552,#8553,#8554,#8555,#8556,#8557,#8558,#8559,#8560),
    (#8561,#8562,#8563,#8564,#8565,#8566,#8567,#8568,#8569,#8570,#8571,#8572),
    (#8573,#8574,#8575,#8576,#8577,#8578,#8579,#8580,#8581,#8582,#8583,#8584)),.UNSPECIFIED.,.F.,.F.,.U.,
 (4,2,2,2,2,2,2,2,2,2,2,2,2,2,2,2,2,2,2,2,
    2,2,2,4),(4,2,2,2,2,4),
  (0.0,0.0035539661,0.1389516732,0.2743527194,0.3729042585,0.4293110671,0.4613650261,0.4794187656,0.4894891403,0.4950746086,
    0.4973565475,0.498838323,0.4999856075,0.5011357635,0.5026222167,0.5052789179,0.514090971,0.5348631638,0.5556353567,0.5968875068,
    0.638139657,0.7206439574,0.8853567968,1.0),(0.0,0.2,0.4,0.6,0.8,1.0),.UNSPECIFIED.);
#8586=ADVANCED_FACE('n° 1121',(#8008),#8585,.T.);
#8587=ORIENTED_EDGE('',*,*,#549,.F.);
#8588=EDGE_LOOP('',(#8587));
#8589=FACE_OUTER_BOUND('',#8588,.T.);
#8590=ORIENTED_EDGE('',*,*,#23,.F.);
#8591=EDGE_LOOP('',(#8590));
#8592=FACE_BOUND('',#8591,.T.);
#8593=CARTESIAN_POINT('',(0.0,0.0,13.1));
#8594=DIRECTION('',(0.0,0.0,1.0));
#8595=DIRECTION('',(1.0,0.0,-0.0));
#8596=AXIS2_PLACEMENT_3D('',#8593,#8594,#8595);
#8597=TOROIDAL_SURFACE('',#8596,6.2474687549,0.1);
#8598=ADVANCED_FACE('n° 1653',(#8589,#8592),#8597,.T.);
#8599=CARTESIAN_POINT('',(-5.0,0.0,17.5));
#8600=VERTEX_POINT('',#8599);
#8601=CARTESIAN_POINT('',(0.0,0.0,17.5));
#8602=DIRECTION('',(0.0,0.0,-1.0));
#8603=DIRECTION('',(-1.0,0.0,-0.0));
#8604=AXIS2_PLACEMENT_3D('',#8601,#8602,#8603);
#8605=CIRCLE('',#8604,5.0);
#8606=EDGE_CURVE('n° 1735',#8600,#8600,#8605,.T.);
#8607=ORIENTED_EDGE('',*,*,#8606,.T.);
#8608=EDGE_LOOP('',(#8607));
#8609=FACE_OUTER_BOUND('',#8608,.T.);
#8610=CARTESIAN_POINT('',(2.5980762114,-1.5,17.5));
#8611=VERTEX_POINT('',#8610);
#8612=CARTESIAN_POINT('',(-2.5980762114,-1.5,17.5));
#8613=VERTEX_POINT('',#8612);
#8614=CARTESIAN_POINT('',(0.0,0.0,17.5));
#8615=DIRECTION('',(-0.0,-0.0,1.0));
#8616=DIRECTION('',(-1.0,0.0,-0.0));
#8617=AXIS2_PLACEMENT_3D('',#8614,#8615,#8616);
#8618=CIRCLE('',#8617,3.0);
#8619=EDGE_CURVE('n° 1739',#8611,#8613,#8618,.T.);
#8620=ORIENTED_EDGE('',*,*,#8619,.T.);
#8621=CARTESIAN_POINT('',(2.5980762114,-1.5,17.5));
#8622=DIRECTION('',(1.0,0.0,0.0));
#8623=VECTOR('',#8622,1.0);
#8624=LINE('',#8621,#8623);
#8625=EDGE_CURVE('n° 1715',#8613,#8611,#8624,.T.);
#8626=ORIENTED_EDGE('',*,*,#8625,.T.);
#8627=EDGE_LOOP('',(#8620,#8626));
#8628=FACE_BOUND('',#8627,.T.);
#8629=CARTESIAN_POINT('',(0.0,0.0,17.5));
#8630=DIRECTION('',(0.0,0.0,-1.0));
#8631=DIRECTION('',(-1.0,0.0,-0.0));
#8632=AXIS2_PLACEMENT_3D('',#8629,#8630,#8631);
#8633=PLANE('',#8632);
#8634=ADVANCED_FACE('n° 1745',(#8609,#8628),#8633,.T.);
#8635=ORIENTED_EDGE('',*,*,#8606,.F.);
#8636=EDGE_LOOP('',(#8635));
#8637=FACE_OUTER_BOUND('',#8636,.T.);
#8638=ORIENTED_EDGE('',*,*,#538,.T.);
#8639=EDGE_LOOP('',(#8638));
#8640=FACE_BOUND('',#8639,.T.);
#8641=CARTESIAN_POINT('',(0.0,0.0,17.5));
#8642=DIRECTION('',(-0.0,-0.0,-1.0));
#8643=DIRECTION('',(-1.0,0.0,0.0));
#8644=AXIS2_PLACEMENT_3D('',#8641,#8642,#8643);
#8645=CYLINDRICAL_SURFACE('',#8644,5.0);
#8646=ADVANCED_FACE('n° 1753',(#8637,#8640),#8645,.F.);
#8647=CARTESIAN_POINT('',(-2.5980762114,-1.5,25.5));
#8648=VERTEX_POINT('',#8647);
#8649=CARTESIAN_POINT('',(2.5980762114,-1.5,25.5));
#8650=VERTEX_POINT('',#8649);
#8651=CARTESIAN_POINT('',(0.0,0.0,25.5));
#8652=DIRECTION('',(0.0,0.0,-1.0));
#8653=DIRECTION('',(-1.0,0.0,-0.0));
#8654=AXIS2_PLACEMENT_3D('',#8651,#8652,#8653);
#8655=CIRCLE('',#8654,3.0);
#8656=EDGE_CURVE('n° 657',#8648,#8650,#8655,.T.);
#8657=ORIENTED_EDGE('',*,*,#8656,.T.);
#8658=CARTESIAN_POINT('',(2.5980762114,-1.5,25.5));
#8659=DIRECTION('',(-1.0,0.0,0.0));
#8660=VECTOR('',#8659,1.0);
#8661=LINE('',#8658,#8660);
#8662=EDGE_CURVE('n° 661',#8650,#8648,#8661,.T.);
#8663=ORIENTED_EDGE('',*,*,#8662,.T.);
#8664=EDGE_LOOP('',(#8657,#8663));
#8665=FACE_OUTER_BOUND('',#8664,.T.);
#8666=CARTESIAN_POINT('',(0.0,0.0,25.5));
#8667=DIRECTION('',(0.0,0.0,-1.0));
#8668=DIRECTION('',(-1.0,0.0,-0.0));
#8669=AXIS2_PLACEMENT_3D('',#8666,#8667,#8668);
#8670=PLANE('',#8669);
#8671=ADVANCED_FACE('n° 683',(#8665),#8670,.T.);
#8672=ORIENTED_EDGE('',*,*,#8625,.F.);
#8673=CARTESIAN_POINT('',(-2.5980762114,-1.5,25.5));
#8674=DIRECTION('',(0.0,0.0,-1.0));
#8675=VECTOR('',#8674,1.0);
#8676=LINE('',#8673,#8675);
#8677=EDGE_CURVE('n° 664',#8648,#8613,#8676,.T.);
#8678=ORIENTED_EDGE('',*,*,#8677,.F.);
#8679=ORIENTED_EDGE('',*,*,#8662,.F.);
#8680=CARTESIAN_POINT('',(2.5980762114,-1.5,25.5));
#8681=DIRECTION('',(0.0,0.0,-1.0));
#8682=VECTOR('',#8681,1.0);
#8683=LINE('',#8680,#8682);
#8684=EDGE_CURVE('n° 660',#8650,#8611,#8683,.T.);
#8685=ORIENTED_EDGE('',*,*,#8684,.T.);
#8686=EDGE_LOOP('',(#8672,#8678,#8679,#8685));
#8687=FACE_OUTER_BOUND('',#8686,.T.);
#8688=CARTESIAN_POINT('',(2.5980762114,-1.5,25.5));
#8689=DIRECTION('',(0.0,-1.0,0.0));
#8690=DIRECTION('',(0.0,-0.0,-1.0));
#8691=AXIS2_PLACEMENT_3D('',#8688,#8689,#8690);
#8692=PLANE('',#8691);
#8693=ADVANCED_FACE('n° 1718',(#8687),#8692,.F.);
#8694=ORIENTED_EDGE('',*,*,#8619,.F.);
#8695=ORIENTED_EDGE('',*,*,#8684,.F.);
#8696=ORIENTED_EDGE('',*,*,#8656,.F.);
#8697=ORIENTED_EDGE('',*,*,#8677,.T.);
#8698=EDGE_LOOP('',(#8694,#8695,#8696,#8697));
#8699=FACE_OUTER_BOUND('',#8698,.T.);
#8700=CARTESIAN_POINT('',(0.0,0.0,25.5));
#8701=DIRECTION('',(-0.0,-0.0,-1.0));
#8702=DIRECTION('',(-1.0,0.0,0.0));
#8703=AXIS2_PLACEMENT_3D('',#8700,#8701,#8702);
#8704=CYLINDRICAL_SURFACE('',#8703,3.0);
#8705=ADVANCED_FACE('n° 1722',(#8699),#8704,.F.);
#8706=CLOSED_SHELL('K\X2\00F6\X0\rper-Verschieben/Kopieren1',(
    #530,#558,#794,#938,#1082,#1226,#1370,#1514,#1658,#1802,
    #1946,#2134,#2730,#2747,#2764,#2782,#2800,#2823,#2846,#3436,
    #3618,#3800,#4390,#4407,#4424,#4442,#4460,#4483,#4506,#5096,
    #5278,#5460,#6050,#6067,#6084,#6102,#6120,#6143,#6166,#6756,
    #6938,#7120,#7710,#7727,#7744,#7762,#7950,#7968,#7985,#8002,
    #8586,#8598,#8634,#8646,#8671,#8693,#8705));
#8707=MANIFOLD_SOLID_BREP('K\X2\00F6\X0\rper-Verschieben/Kopieren1',#8706);
#8708=COLOUR_RGB('',0.10196,0.10196,0.10196);
#8709=FILL_AREA_STYLE_COLOUR('',#8708);
#8710=FILL_AREA_STYLE('',(#8709));
#8711=SURFACE_STYLE_FILL_AREA(#8710);
#8712=SURFACE_SIDE_STYLE('',(#8711));
#8713=SURFACE_STYLE_USAGE(.BOTH.,#8712);
#8714=PRESENTATION_STYLE_ASSIGNMENT((#8713));
#8715=STYLED_ITEM('',(#8714),#8707);
#8716=CARTESIAN_POINT('',(0.,0.,0.));
#8717=DIRECTION('',(0.,0.,1.));
#8718=DIRECTION('',(1.,0.,0.));
#8719=AXIS2_PLACEMENT_3D('Reference Axes',#8716,#8717,#8718);
#8720=ADVANCED_BREP_SHAPE_REPRESENTATION('',(#8719,#8707),#5);
#8721=SHAPE_DEFINITION_REPRESENTATION(#12,#8720);
#8722=MECHANICAL_DESIGN_GEOMETRIC_PRESENTATION_REPRESENTATION('',(#8715),#5);
ENDSEC;
END-ISO-10303-21;
