ISO-10303-21;
HEADER;
/* Generated by software containing ST-Developer
 * from STEP Tools, Inc. (www.steptools.com) 
 */

FILE_DESCRIPTION(
/* description */ (''),
/* implementation_level */ '2;1');

FILE_NAME(
/* name */ 'P:\\E-Switch Secure\\3D_MODELS_STP_FORMAT\\TL1105VFxxxx.st
p',
/* time_stamp */ '2021-11-29T22:49:04-06:00',
/* author */ ('mwilliams'),
/* organization */ (''),
/* preprocessor_version */ 'ST-DEVELOPER v18',
/* originating_system */ 'Autodesk Inventor 2020',
/* authorisation */ '');

FILE_SCHEMA (('AUTOMOTIVE_DESIGN { 1 0 10303 214 3 1 1 }'));
ENDSEC;

DATA;
#10=MECHANICAL_DESIGN_GEOMETRIC_PRESENTATION_REPRESENTATION('',(#14,#15,
#16),#8789);
#11=SHAPE_REPRESENTATION_RELATIONSHIP('SRR','None',#8799,#12);
#12=ADVANCED_BREP_SHAPE_REPRESENTATION('',(#17,#18,#19),#8788);
#13=CONICAL_SURFACE('',#5598,0.0688976377952756,0.0284488668075076);
#14=STYLED_ITEM('',(#8808),#17);
#15=STYLED_ITEM('',(#8808),#18);
#16=STYLED_ITEM('',(#8808),#19);
#17=MANIFOLD_SOLID_BREP('Solid1',#5170);
#18=MANIFOLD_SOLID_BREP('Solid2',#5171);
#19=MANIFOLD_SOLID_BREP('Solid3',#5172);
#20=B_SPLINE_CURVE_WITH_KNOTS('',3,(#7338,#7339,#7340,#7341,#7342,#7343,
#7344,#7345,#7346,#7347,#7348,#7349,#7350,#7351),.UNSPECIFIED.,.F.,.F.,
(4,2,2,2,2,2,4),(-9.01063396237641E-5,0.,0.000851352785072438,0.00167716985002023,
0.00274889738264068,0.0036174652636128,0.00440413572619483),
 .UNSPECIFIED.);
#21=B_SPLINE_CURVE_WITH_KNOTS('',3,(#7354,#7355,#7356,#7357,#7358,#7359,
#7360,#7361,#7362,#7363,#7364,#7365,#7366,#7367),.UNSPECIFIED.,.F.,.F.,
(4,2,2,2,2,2,4),(-0.00446345980158505,-0.00437397062434679,-0.00352844898187777,
-0.00270828815856652,-0.00164390117405402,-0.000781282346475712,0.),
 .UNSPECIFIED.);
#22=B_SPLINE_CURVE_WITH_KNOTS('',3,(#7380,#7381,#7382,#7383,#7384,#7385,
#7386,#7387,#7388,#7389,#7390,#7391,#7392,#7393),.UNSPECIFIED.,.F.,.F.,
(4,2,2,2,2,2,4),(-9.01063396237793E-5,0.,0.00085135278507203,0.0016771698500196,
0.00274889738263906,0.00361746526361049,0.00440413572618739),
 .UNSPECIFIED.);
#23=B_SPLINE_CURVE_WITH_KNOTS('',3,(#7396,#7397,#7398,#7399,#7400,#7401,
#7402,#7403,#7404,#7405,#7406,#7407,#7408,#7409),.UNSPECIFIED.,.F.,.F.,
(4,2,2,2,2,2,4),(-0.00446345980155361,-0.00437397062431619,-0.00352844898185434,
-0.0027082881585499,-0.00164390117404536,-0.000781282346473652,0.),
 .UNSPECIFIED.);
#24=B_SPLINE_CURVE_WITH_KNOTS('',3,(#8337,#8338,#8339,#8340),
 .UNSPECIFIED.,.F.,.F.,(4,4),(-0.0397933250334499,-0.038798256134921),
 .UNSPECIFIED.);
#25=B_SPLINE_CURVE_WITH_KNOTS('',3,(#8552,#8553,#8554,#8555),
 .UNSPECIFIED.,.F.,.F.,(4,4),(0.038798256134921,0.0397933250334499),
 .UNSPECIFIED.);
#26=ELLIPSE('',#5231,0.00139194248265067,0.000984251968503937);
#27=ELLIPSE('',#5235,0.00139194248265068,0.000984251968503937);
#28=ELLIPSE('',#5237,0.00139194248265068,0.000984251968503937);
#29=ELLIPSE('',#5242,0.00139194248265067,0.000984251968503937);
#30=ELLIPSE('',#5250,0.00139194248265068,0.000984251968503937);
#31=ELLIPSE('',#5251,0.00139194248265068,0.000984251968503937);
#32=ELLIPSE('',#5253,0.00139194248265067,0.000984251968503937);
#33=ELLIPSE('',#5255,0.00139194248265069,0.000984251968503937);
#34=ELLIPSE('',#5260,0.00139194248265069,0.000984251968503937);
#35=ELLIPSE('',#5262,0.00139194248265069,0.000984251968503937);
#36=ELLIPSE('',#5267,0.00139194248265069,0.000984251968503937);
#37=ELLIPSE('',#5269,0.00139194248265069,0.000984251968503937);
#38=ELLIPSE('',#5276,0.00139194248265068,0.000984251968503937);
#39=ELLIPSE('',#5277,0.00139194248265069,0.000984251968503937);
#40=ELLIPSE('',#5279,0.00139194248265069,0.000984251968503937);
#41=ELLIPSE('',#5281,0.00139194248265068,0.000984251968503937);
#42=ELLIPSE('',#5289,0.00139194248265068,0.000984251968503937);
#43=ELLIPSE('',#5290,0.00139194248265069,0.000984251968503937);
#44=ELLIPSE('',#5292,0.00139194248265069,0.000984251968503937);
#45=ELLIPSE('',#5294,0.00139194248265069,0.000984251968503937);
#46=ELLIPSE('',#5298,0.00139194248265069,0.000984251968503937);
#47=ELLIPSE('',#5299,0.00139194248265068,0.000984251968503937);
#48=ELLIPSE('',#5301,0.00139194248265069,0.000984251968503937);
#49=ELLIPSE('',#5303,0.00139194248265069,0.000984251968503937);
#50=CYLINDRICAL_SURFACE('',#5230,0.000984251968503937);
#51=CYLINDRICAL_SURFACE('',#5234,0.000984251968503937);
#52=CYLINDRICAL_SURFACE('',#5236,0.000984251968503937);
#53=CYLINDRICAL_SURFACE('',#5238,0.000984251968503937);
#54=CYLINDRICAL_SURFACE('',#5241,0.000984251968503937);
#55=CYLINDRICAL_SURFACE('',#5243,0.000984251968503937);
#56=CYLINDRICAL_SURFACE('',#5244,0.0393700787401575);
#57=CYLINDRICAL_SURFACE('',#5249,0.000984251968503937);
#58=CYLINDRICAL_SURFACE('',#5252,0.000984251968503937);
#59=CYLINDRICAL_SURFACE('',#5254,0.000984251968503937);
#60=CYLINDRICAL_SURFACE('',#5256,0.000984251968503937);
#61=CYLINDRICAL_SURFACE('',#5258,0.000984251968503937);
#62=CYLINDRICAL_SURFACE('',#5261,0.000984251968503937);
#63=CYLINDRICAL_SURFACE('',#5263,0.000984251968503937);
#64=CYLINDRICAL_SURFACE('',#5265,0.000984251968503937);
#65=CYLINDRICAL_SURFACE('',#5268,0.000984251968503937);
#66=CYLINDRICAL_SURFACE('',#5270,0.000984251968503937);
#67=CYLINDRICAL_SURFACE('',#5275,0.000984251968503937);
#68=CYLINDRICAL_SURFACE('',#5278,0.000984251968503937);
#69=CYLINDRICAL_SURFACE('',#5280,0.000984251968503937);
#70=CYLINDRICAL_SURFACE('',#5282,0.000984251968503937);
#71=CYLINDRICAL_SURFACE('',#5288,0.000984251968503937);
#72=CYLINDRICAL_SURFACE('',#5291,0.000984251968503937);
#73=CYLINDRICAL_SURFACE('',#5293,0.000984251968503937);
#74=CYLINDRICAL_SURFACE('',#5295,0.000984251968503937);
#75=CYLINDRICAL_SURFACE('',#5297,0.000984251968503937);
#76=CYLINDRICAL_SURFACE('',#5300,0.000984251968503937);
#77=CYLINDRICAL_SURFACE('',#5302,0.000984251968503937);
#78=CYLINDRICAL_SURFACE('',#5304,0.000984251968503937);
#79=CYLINDRICAL_SURFACE('',#5312,0.0393700787401575);
#80=CYLINDRICAL_SURFACE('',#5360,0.0147637795275591);
#81=CYLINDRICAL_SURFACE('',#5362,0.0147637795275591);
#82=CYLINDRICAL_SURFACE('',#5364,0.0147637795275591);
#83=CYLINDRICAL_SURFACE('',#5366,0.0147637795275591);
#84=CYLINDRICAL_SURFACE('',#5369,0.100393700787402);
#85=CYLINDRICAL_SURFACE('',#5373,0.100393700787402);
#86=CYLINDRICAL_SURFACE('',#5377,0.100393700787402);
#87=CYLINDRICAL_SURFACE('',#5381,0.100393700787402);
#88=CYLINDRICAL_SURFACE('',#5393,0.015748031496063);
#89=CYLINDRICAL_SURFACE('',#5409,0.015748031496063);
#90=CYLINDRICAL_SURFACE('',#5411,0.015748031496063);
#91=CYLINDRICAL_SURFACE('',#5414,0.015748031496063);
#92=CYLINDRICAL_SURFACE('',#5417,0.015748031496063);
#93=CYLINDRICAL_SURFACE('',#5419,0.015748031496063);
#94=CYLINDRICAL_SURFACE('',#5435,0.015748031496063);
#95=CYLINDRICAL_SURFACE('',#5439,0.015748031496063);
#96=CYLINDRICAL_SURFACE('',#5442,0.015748031496063);
#97=CYLINDRICAL_SURFACE('',#5445,0.015748031496063);
#98=CYLINDRICAL_SURFACE('',#5455,0.00984251968503937);
#99=CYLINDRICAL_SURFACE('',#5459,0.00984251968503937);
#100=CYLINDRICAL_SURFACE('',#5464,0.00984251968503937);
#101=CYLINDRICAL_SURFACE('',#5470,0.00984251968503937);
#102=CYLINDRICAL_SURFACE('',#5476,0.0196850393700788);
#103=CYLINDRICAL_SURFACE('',#5481,0.00393700787401574);
#104=CYLINDRICAL_SURFACE('',#5484,0.0157480314960627);
#105=CYLINDRICAL_SURFACE('',#5487,0.00984251968503937);
#106=CYLINDRICAL_SURFACE('',#5489,0.0177165354330709);
#107=CYLINDRICAL_SURFACE('',#5498,0.00590551181102362);
#108=CYLINDRICAL_SURFACE('',#5501,0.0059055118110236);
#109=CYLINDRICAL_SURFACE('',#5504,0.00590551181102363);
#110=CYLINDRICAL_SURFACE('',#5507,0.00590551181102364);
#111=CYLINDRICAL_SURFACE('',#5510,0.00590551181102362);
#112=CYLINDRICAL_SURFACE('',#5513,0.00590551181102362);
#113=CYLINDRICAL_SURFACE('',#5534,0.00984251968503937);
#114=CYLINDRICAL_SURFACE('',#5540,0.00984251968503937);
#115=CYLINDRICAL_SURFACE('',#5542,0.0196850393700788);
#116=CYLINDRICAL_SURFACE('',#5548,0.00393700787401574);
#117=CYLINDRICAL_SURFACE('',#5552,0.0157480314960627);
#118=CYLINDRICAL_SURFACE('',#5556,0.00984251968503937);
#119=CYLINDRICAL_SURFACE('',#5560,0.0177165354330709);
#120=CYLINDRICAL_SURFACE('',#5568,0.00590551181102362);
#121=CYLINDRICAL_SURFACE('',#5570,0.0059055118110236);
#122=CYLINDRICAL_SURFACE('',#5573,0.00590551181102363);
#123=CYLINDRICAL_SURFACE('',#5575,0.00590551181102364);
#124=CYLINDRICAL_SURFACE('',#5577,0.00590551181102362);
#125=CYLINDRICAL_SURFACE('',#5579,0.00590551181102362);
#126=CYLINDRICAL_SURFACE('',#5583,0.0688976377952756);
#127=CYLINDRICAL_SURFACE('',#5584,0.0147637795275591);
#128=CYLINDRICAL_SURFACE('',#5585,0.0147637795275591);
#129=CYLINDRICAL_SURFACE('',#5586,0.0147637795275591);
#130=CYLINDRICAL_SURFACE('',#5587,0.0147637795275591);
#131=CYLINDRICAL_SURFACE('',#5603,0.0505905511811024);
#132=CYLINDRICAL_SURFACE('',#5607,0.0344488188976378);
#133=CYLINDRICAL_SURFACE('',#5612,0.0344488188976378);
#134=CYLINDRICAL_SURFACE('',#5616,0.0505905511811024);
#135=CYLINDRICAL_SURFACE('',#5621,0.0505905511811024);
#136=CYLINDRICAL_SURFACE('',#5625,0.0344488188976378);
#137=CYLINDRICAL_SURFACE('',#5630,0.0344488188976378);
#138=CYLINDRICAL_SURFACE('',#5634,0.0505905511811024);
#139=CYLINDRICAL_SURFACE('',#5639,0.0984251968503937);
#140=TOROIDAL_SURFACE('',#5223,0.0206692913385827,0.000984251968503937);
#141=TOROIDAL_SURFACE('',#5232,0.0383858267716535,0.000984251968503937);
#142=TOROIDAL_SURFACE('',#5239,0.0383858267716535,0.000984251968503937);
#143=TOROIDAL_SURFACE('',#5284,0.0187007874015748,0.000984251968503937);
#144=TOROIDAL_SURFACE('',#5594,0.0611971971825488,0.00590551181102362);
#145=LINE('',#7247,#694);
#146=LINE('',#7249,#695);
#147=LINE('',#7251,#696);
#148=LINE('',#7252,#697);
#149=LINE('',#7256,#698);
#150=LINE('',#7258,#699);
#151=LINE('',#7260,#700);
#152=LINE('',#7261,#701);
#153=LINE('',#7265,#702);
#154=LINE('',#7267,#703);
#155=LINE('',#7269,#704);
#156=LINE('',#7270,#705);
#157=LINE('',#7274,#706);
#158=LINE('',#7276,#707);
#159=LINE('',#7278,#708);
#160=LINE('',#7279,#709);
#161=LINE('',#7282,#710);
#162=LINE('',#7284,#711);
#163=LINE('',#7285,#712);
#164=LINE('',#7288,#713);
#165=LINE('',#7290,#714);
#166=LINE('',#7291,#715);
#167=LINE('',#7293,#716);
#168=LINE('',#7295,#717);
#169=LINE('',#7296,#718);
#170=LINE('',#7299,#719);
#171=LINE('',#7300,#720);
#172=LINE('',#7301,#721);
#173=LINE('',#7303,#722);
#174=LINE('',#7305,#723);
#175=LINE('',#7306,#724);
#176=LINE('',#7308,#725);
#177=LINE('',#7319,#726);
#178=LINE('',#7321,#727);
#179=LINE('',#7323,#728);
#180=LINE('',#7327,#729);
#181=LINE('',#7329,#730);
#182=LINE('',#7331,#731);
#183=LINE('',#7336,#732);
#184=LINE('',#7372,#733);
#185=LINE('',#7376,#734);
#186=LINE('',#7379,#735);
#187=LINE('',#7414,#736);
#188=LINE('',#7416,#737);
#189=LINE('',#7419,#738);
#190=LINE('',#7422,#739);
#191=LINE('',#7425,#740);
#192=LINE('',#7426,#741);
#193=LINE('',#7429,#742);
#194=LINE('',#7430,#743);
#195=LINE('',#7433,#744);
#196=LINE('',#7434,#745);
#197=LINE('',#7438,#746);
#198=LINE('',#7442,#747);
#199=LINE('',#7446,#748);
#200=LINE('',#7448,#749);
#201=LINE('',#7452,#750);
#202=LINE('',#7455,#751);
#203=LINE('',#7457,#752);
#204=LINE('',#7458,#753);
#205=LINE('',#7462,#754);
#206=LINE('',#7464,#755);
#207=LINE('',#7466,#756);
#208=LINE('',#7467,#757);
#209=LINE('',#7473,#758);
#210=LINE('',#7477,#759);
#211=LINE('',#7481,#760);
#212=LINE('',#7487,#761);
#213=LINE('',#7490,#762);
#214=LINE('',#7493,#763);
#215=LINE('',#7496,#764);
#216=LINE('',#7499,#765);
#217=LINE('',#7502,#766);
#218=LINE('',#7505,#767);
#219=LINE('',#7507,#768);
#220=LINE('',#7508,#769);
#221=LINE('',#7511,#770);
#222=LINE('',#7512,#771);
#223=LINE('',#7515,#772);
#224=LINE('',#7516,#773);
#225=LINE('',#7520,#774);
#226=LINE('',#7525,#775);
#227=LINE('',#7529,#776);
#228=LINE('',#7532,#777);
#229=LINE('',#7542,#778);
#230=LINE('',#7546,#779);
#231=LINE('',#7550,#780);
#232=LINE('',#7553,#781);
#233=LINE('',#7556,#782);
#234=LINE('',#7559,#783);
#235=LINE('',#7561,#784);
#236=LINE('',#7562,#785);
#237=LINE('',#7568,#786);
#238=LINE('',#7573,#787);
#239=LINE('',#7577,#788);
#240=LINE('',#7579,#789);
#241=LINE('',#7581,#790);
#242=LINE('',#7584,#791);
#243=LINE('',#7586,#792);
#244=LINE('',#7587,#793);
#245=LINE('',#7590,#794);
#246=LINE('',#7591,#795);
#247=LINE('',#7594,#796);
#248=LINE('',#7595,#797);
#249=LINE('',#7597,#798);
#250=LINE('',#7600,#799);
#251=LINE('',#7602,#800);
#252=LINE('',#7603,#801);
#253=LINE('',#7605,#802);
#254=LINE('',#7608,#803);
#255=LINE('',#7611,#804);
#256=LINE('',#7614,#805);
#257=LINE('',#7616,#806);
#258=LINE('',#7620,#807);
#259=LINE('',#7622,#808);
#260=LINE('',#7624,#809);
#261=LINE('',#7628,#810);
#262=LINE('',#7630,#811);
#263=LINE('',#7632,#812);
#264=LINE('',#7636,#813);
#265=LINE('',#7638,#814);
#266=LINE('',#7640,#815);
#267=LINE('',#7644,#816);
#268=LINE('',#7645,#817);
#269=LINE('',#7648,#818);
#270=LINE('',#7649,#819);
#271=LINE('',#7651,#820);
#272=LINE('',#7653,#821);
#273=LINE('',#7657,#822);
#274=LINE('',#7659,#823);
#275=LINE('',#7661,#824);
#276=LINE('',#7662,#825);
#277=LINE('',#7665,#826);
#278=LINE('',#7667,#827);
#279=LINE('',#7668,#828);
#280=LINE('',#7671,#829);
#281=LINE('',#7673,#830);
#282=LINE('',#7674,#831);
#283=LINE('',#7676,#832);
#284=LINE('',#7678,#833);
#285=LINE('',#7682,#834);
#286=LINE('',#7684,#835);
#287=LINE('',#7686,#836);
#288=LINE('',#7687,#837);
#289=LINE('',#7690,#838);
#290=LINE('',#7692,#839);
#291=LINE('',#7693,#840);
#292=LINE('',#7696,#841);
#293=LINE('',#7698,#842);
#294=LINE('',#7699,#843);
#295=LINE('',#7701,#844);
#296=LINE('',#7703,#845);
#297=LINE('',#7707,#846);
#298=LINE('',#7709,#847);
#299=LINE('',#7711,#848);
#300=LINE('',#7712,#849);
#301=LINE('',#7715,#850);
#302=LINE('',#7717,#851);
#303=LINE('',#7718,#852);
#304=LINE('',#7722,#853);
#305=LINE('',#7724,#854);
#306=LINE('',#7726,#855);
#307=LINE('',#7727,#856);
#308=LINE('',#7730,#857);
#309=LINE('',#7732,#858);
#310=LINE('',#7733,#859);
#311=LINE('',#7737,#860);
#312=LINE('',#7739,#861);
#313=LINE('',#7741,#862);
#314=LINE('',#7742,#863);
#315=LINE('',#7746,#864);
#316=LINE('',#7748,#865);
#317=LINE('',#7750,#866);
#318=LINE('',#7751,#867);
#319=LINE('',#7753,#868);
#320=LINE('',#7754,#869);
#321=LINE('',#7756,#870);
#322=LINE('',#7757,#871);
#323=LINE('',#7761,#872);
#324=LINE('',#7763,#873);
#325=LINE('',#7764,#874);
#326=LINE('',#7765,#875);
#327=LINE('',#7767,#876);
#328=LINE('',#7769,#877);
#329=LINE('',#7771,#878);
#330=LINE('',#7772,#879);
#331=LINE('',#7775,#880);
#332=LINE('',#7776,#881);
#333=LINE('',#7779,#882);
#334=LINE('',#7780,#883);
#335=LINE('',#7784,#884);
#336=LINE('',#7786,#885);
#337=LINE('',#7788,#886);
#338=LINE('',#7789,#887);
#339=LINE('',#7790,#888);
#340=LINE('',#7791,#889);
#341=LINE('',#7795,#890);
#342=LINE('',#7797,#891);
#343=LINE('',#7798,#892);
#344=LINE('',#7801,#893);
#345=LINE('',#7803,#894);
#346=LINE('',#7805,#895);
#347=LINE('',#7807,#896);
#348=LINE('',#7809,#897);
#349=LINE('',#7811,#898);
#350=LINE('',#7813,#899);
#351=LINE('',#7815,#900);
#352=LINE('',#7816,#901);
#353=LINE('',#7819,#902);
#354=LINE('',#7820,#903);
#355=LINE('',#7823,#904);
#356=LINE('',#7825,#905);
#357=LINE('',#7826,#906);
#358=LINE('',#7828,#907);
#359=LINE('',#7830,#908);
#360=LINE('',#7833,#909);
#361=LINE('',#7834,#910);
#362=LINE('',#7837,#911);
#363=LINE('',#7839,#912);
#364=LINE('',#7840,#913);
#365=LINE('',#7843,#914);
#366=LINE('',#7845,#915);
#367=LINE('',#7846,#916);
#368=LINE('',#7849,#917);
#369=LINE('',#7851,#918);
#370=LINE('',#7852,#919);
#371=LINE('',#7855,#920);
#372=LINE('',#7856,#921);
#373=LINE('',#7859,#922);
#374=LINE('',#7860,#923);
#375=LINE('',#7863,#924);
#376=LINE('',#7864,#925);
#377=LINE('',#7867,#926);
#378=LINE('',#7868,#927);
#379=LINE('',#7871,#928);
#380=LINE('',#7875,#929);
#381=LINE('',#7879,#930);
#382=LINE('',#7883,#931);
#383=LINE('',#7887,#932);
#384=LINE('',#7889,#933);
#385=LINE('',#7890,#934);
#386=LINE('',#7893,#935);
#387=LINE('',#7897,#936);
#388=LINE('',#7898,#937);
#389=LINE('',#7901,#938);
#390=LINE('',#7903,#939);
#391=LINE('',#7904,#940);
#392=LINE('',#7907,#941);
#393=LINE('',#7911,#942);
#394=LINE('',#7912,#943);
#395=LINE('',#7915,#944);
#396=LINE('',#7917,#945);
#397=LINE('',#7918,#946);
#398=LINE('',#7921,#947);
#399=LINE('',#7925,#948);
#400=LINE('',#7926,#949);
#401=LINE('',#7929,#950);
#402=LINE('',#7931,#951);
#403=LINE('',#7932,#952);
#404=LINE('',#7935,#953);
#405=LINE('',#7939,#954);
#406=LINE('',#7940,#955);
#407=LINE('',#7942,#956);
#408=LINE('',#7944,#957);
#409=LINE('',#7946,#958);
#410=LINE('',#7948,#959);
#411=LINE('',#7952,#960);
#412=LINE('',#7953,#961);
#413=LINE('',#7954,#962);
#414=LINE('',#7957,#963);
#415=LINE('',#7958,#964);
#416=LINE('',#7961,#965);
#417=LINE('',#7962,#966);
#418=LINE('',#7964,#967);
#419=LINE('',#7971,#968);
#420=LINE('',#7974,#969);
#421=LINE('',#7977,#970);
#422=LINE('',#7981,#971);
#423=LINE('',#7985,#972);
#424=LINE('',#7989,#973);
#425=LINE('',#7993,#974);
#426=LINE('',#7995,#975);
#427=LINE('',#7997,#976);
#428=LINE('',#7999,#977);
#429=LINE('',#8003,#978);
#430=LINE('',#8005,#979);
#431=LINE('',#8007,#980);
#432=LINE('',#8011,#981);
#433=LINE('',#8015,#982);
#434=LINE('',#8019,#983);
#435=LINE('',#8023,#984);
#436=LINE('',#8025,#985);
#437=LINE('',#8027,#986);
#438=LINE('',#8031,#987);
#439=LINE('',#8034,#988);
#440=LINE('',#8037,#989);
#441=LINE('',#8038,#990);
#442=LINE('',#8042,#991);
#443=LINE('',#8047,#992);
#444=LINE('',#8048,#993);
#445=LINE('',#8051,#994);
#446=LINE('',#8052,#995);
#447=LINE('',#8055,#996);
#448=LINE('',#8058,#997);
#449=LINE('',#8061,#998);
#450=LINE('',#8062,#999);
#451=LINE('',#8070,#1000);
#452=LINE('',#8073,#1001);
#453=LINE('',#8076,#1002);
#454=LINE('',#8078,#1003);
#455=LINE('',#8079,#1004);
#456=LINE('',#8082,#1005);
#457=LINE('',#8086,#1006);
#458=LINE('',#8090,#1007);
#459=LINE('',#8092,#1008);
#460=LINE('',#8094,#1009);
#461=LINE('',#8098,#1010);
#462=LINE('',#8102,#1011);
#463=LINE('',#8106,#1012);
#464=LINE('',#8110,#1013);
#465=LINE('',#8112,#1014);
#466=LINE('',#8114,#1015);
#467=LINE('',#8118,#1016);
#468=LINE('',#8120,#1017);
#469=LINE('',#8122,#1018);
#470=LINE('',#8124,#1019);
#471=LINE('',#8128,#1020);
#472=LINE('',#8132,#1021);
#473=LINE('',#8136,#1022);
#474=LINE('',#8140,#1023);
#475=LINE('',#8143,#1024);
#476=LINE('',#8148,#1025);
#477=LINE('',#8150,#1026);
#478=LINE('',#8152,#1027);
#479=LINE('',#8153,#1028);
#480=LINE('',#8156,#1029);
#481=LINE('',#8159,#1030);
#482=LINE('',#8161,#1031);
#483=LINE('',#8166,#1032);
#484=LINE('',#8167,#1033);
#485=LINE('',#8169,#1034);
#486=LINE('',#8173,#1035);
#487=LINE('',#8175,#1036);
#488=LINE('',#8177,#1037);
#489=LINE('',#8179,#1038);
#490=LINE('',#8181,#1039);
#491=LINE('',#8185,#1040);
#492=LINE('',#8187,#1041);
#493=LINE('',#8189,#1042);
#494=LINE('',#8193,#1043);
#495=LINE('',#8197,#1044);
#496=LINE('',#8201,#1045);
#497=LINE('',#8205,#1046);
#498=LINE('',#8207,#1047);
#499=LINE('',#8209,#1048);
#500=LINE('',#8213,#1049);
#501=LINE('',#8216,#1050);
#502=LINE('',#8220,#1051);
#503=LINE('',#8225,#1052);
#504=LINE('',#8227,#1053);
#505=LINE('',#8228,#1054);
#506=LINE('',#8230,#1055);
#507=LINE('',#8232,#1056);
#508=LINE('',#8233,#1057);
#509=LINE('',#8238,#1058);
#510=LINE('',#8242,#1059);
#511=LINE('',#8244,#1060);
#512=LINE('',#8246,#1061);
#513=LINE('',#8248,#1062);
#514=LINE('',#8250,#1063);
#515=LINE('',#8252,#1064);
#516=LINE('',#8254,#1065);
#517=LINE('',#8261,#1066);
#518=LINE('',#8264,#1067);
#519=LINE('',#8267,#1068);
#520=LINE('',#8269,#1069);
#521=LINE('',#8270,#1070);
#522=LINE('',#8273,#1071);
#523=LINE('',#8275,#1072);
#524=LINE('',#8277,#1073);
#525=LINE('',#8282,#1074);
#526=LINE('',#8285,#1075);
#527=LINE('',#8288,#1076);
#528=LINE('',#8290,#1077);
#529=LINE('',#8292,#1078);
#530=LINE('',#8296,#1079);
#531=LINE('',#8300,#1080);
#532=LINE('',#8301,#1081);
#533=LINE('',#8306,#1082);
#534=LINE('',#8307,#1083);
#535=LINE('',#8309,#1084);
#536=LINE('',#8312,#1085);
#537=LINE('',#8313,#1086);
#538=LINE('',#8316,#1087);
#539=LINE('',#8317,#1088);
#540=LINE('',#8321,#1089);
#541=LINE('',#8324,#1090);
#542=LINE('',#8325,#1091);
#543=LINE('',#8329,#1092);
#544=LINE('',#8331,#1093);
#545=LINE('',#8334,#1094);
#546=LINE('',#8343,#1095);
#547=LINE('',#8348,#1096);
#548=LINE('',#8352,#1097);
#549=LINE('',#8354,#1098);
#550=LINE('',#8356,#1099);
#551=LINE('',#8357,#1100);
#552=LINE('',#8359,#1101);
#553=LINE('',#8360,#1102);
#554=LINE('',#8363,#1103);
#555=LINE('',#8364,#1104);
#556=LINE('',#8365,#1105);
#557=LINE('',#8367,#1106);
#558=LINE('',#8369,#1107);
#559=LINE('',#8372,#1108);
#560=LINE('',#8373,#1109);
#561=LINE('',#8377,#1110);
#562=LINE('',#8380,#1111);
#563=LINE('',#8381,#1112);
#564=LINE('',#8385,#1113);
#565=LINE('',#8387,#1114);
#566=LINE('',#8391,#1115);
#567=LINE('',#8394,#1116);
#568=LINE('',#8395,#1117);
#569=LINE('',#8399,#1118);
#570=LINE('',#8402,#1119);
#571=LINE('',#8403,#1120);
#572=LINE('',#8407,#1121);
#573=LINE('',#8410,#1122);
#574=LINE('',#8411,#1123);
#575=LINE('',#8415,#1124);
#576=LINE('',#8418,#1125);
#577=LINE('',#8419,#1126);
#578=LINE('',#8422,#1127);
#579=LINE('',#8423,#1128);
#580=LINE('',#8425,#1129);
#581=LINE('',#8427,#1130);
#582=LINE('',#8431,#1131);
#583=LINE('',#8432,#1132);
#584=LINE('',#8435,#1133);
#585=LINE('',#8437,#1134);
#586=LINE('',#8438,#1135);
#587=LINE('',#8440,#1136);
#588=LINE('',#8442,#1137);
#589=LINE('',#8444,#1138);
#590=LINE('',#8445,#1139);
#591=LINE('',#8458,#1140);
#592=LINE('',#8460,#1141);
#593=LINE('',#8461,#1142);
#594=LINE('',#8463,#1143);
#595=LINE('',#8465,#1144);
#596=LINE('',#8467,#1145);
#597=LINE('',#8468,#1146);
#598=LINE('',#8480,#1147);
#599=LINE('',#8486,#1148);
#600=LINE('',#8489,#1149);
#601=LINE('',#8492,#1150);
#602=LINE('',#8496,#1151);
#603=LINE('',#8498,#1152);
#604=LINE('',#8499,#1153);
#605=LINE('',#8502,#1154);
#606=LINE('',#8503,#1155);
#607=LINE('',#8507,#1156);
#608=LINE('',#8513,#1157);
#609=LINE('',#8516,#1158);
#610=LINE('',#8518,#1159);
#611=LINE('',#8519,#1160);
#612=LINE('',#8522,#1161);
#613=LINE('',#8524,#1162);
#614=LINE('',#8525,#1163);
#615=LINE('',#8528,#1164);
#616=LINE('',#8530,#1165);
#617=LINE('',#8531,#1166);
#618=LINE('',#8536,#1167);
#619=LINE('',#8540,#1168);
#620=LINE('',#8542,#1169);
#621=LINE('',#8543,#1170);
#622=LINE('',#8548,#1171);
#623=LINE('',#8549,#1172);
#624=LINE('',#8558,#1173);
#625=LINE('',#8561,#1174);
#626=LINE('',#8563,#1175);
#627=LINE('',#8565,#1176);
#628=LINE('',#8566,#1177);
#629=LINE('',#8569,#1178);
#630=LINE('',#8570,#1179);
#631=LINE('',#8572,#1180);
#632=LINE('',#8576,#1181);
#633=LINE('',#8577,#1182);
#634=LINE('',#8580,#1183);
#635=LINE('',#8581,#1184);
#636=LINE('',#8583,#1185);
#637=LINE('',#8587,#1186);
#638=LINE('',#8589,#1187);
#639=LINE('',#8591,#1188);
#640=LINE('',#8593,#1189);
#641=LINE('',#8596,#1190);
#642=LINE('',#8598,#1191);
#643=LINE('',#8600,#1192);
#644=LINE('',#8602,#1193);
#645=LINE('',#8604,#1194);
#646=LINE('',#8606,#1195);
#647=LINE('',#8608,#1196);
#648=LINE('',#8610,#1197);
#649=LINE('',#8612,#1198);
#650=LINE('',#8614,#1199);
#651=LINE('',#8617,#1200);
#652=LINE('',#8619,#1201);
#653=LINE('',#8621,#1202);
#654=LINE('',#8623,#1203);
#655=LINE('',#8625,#1204);
#656=LINE('',#8627,#1205);
#657=LINE('',#8629,#1206);
#658=LINE('',#8631,#1207);
#659=LINE('',#8634,#1208);
#660=LINE('',#8644,#1209);
#661=LINE('',#8683,#1210);
#662=LINE('',#8686,#1211);
#663=LINE('',#8689,#1212);
#664=LINE('',#8691,#1213);
#665=LINE('',#8692,#1214);
#666=LINE('',#8698,#1215);
#667=LINE('',#8700,#1216);
#668=LINE('',#8701,#1217);
#669=LINE('',#8708,#1218);
#670=LINE('',#8711,#1219);
#671=LINE('',#8714,#1220);
#672=LINE('',#8716,#1221);
#673=LINE('',#8717,#1222);
#674=LINE('',#8723,#1223);
#675=LINE('',#8725,#1224);
#676=LINE('',#8726,#1225);
#677=LINE('',#8733,#1226);
#678=LINE('',#8736,#1227);
#679=LINE('',#8739,#1228);
#680=LINE('',#8741,#1229);
#681=LINE('',#8742,#1230);
#682=LINE('',#8748,#1231);
#683=LINE('',#8750,#1232);
#684=LINE('',#8751,#1233);
#685=LINE('',#8758,#1234);
#686=LINE('',#8761,#1235);
#687=LINE('',#8764,#1236);
#688=LINE('',#8766,#1237);
#689=LINE('',#8767,#1238);
#690=LINE('',#8773,#1239);
#691=LINE('',#8775,#1240);
#692=LINE('',#8776,#1241);
#693=LINE('',#8782,#1242);
#694=VECTOR('',#5688,0.393700787401575);
#695=VECTOR('',#5689,0.393700787401575);
#696=VECTOR('',#5690,0.393700787401575);
#697=VECTOR('',#5691,0.393700787401575);
#698=VECTOR('',#5694,0.393700787401575);
#699=VECTOR('',#5695,0.393700787401575);
#700=VECTOR('',#5696,0.393700787401575);
#701=VECTOR('',#5697,0.393700787401575);
#702=VECTOR('',#5700,0.393700787401575);
#703=VECTOR('',#5701,0.393700787401575);
#704=VECTOR('',#5702,0.393700787401575);
#705=VECTOR('',#5703,0.393700787401575);
#706=VECTOR('',#5706,0.393700787401575);
#707=VECTOR('',#5707,0.393700787401575);
#708=VECTOR('',#5708,0.393700787401575);
#709=VECTOR('',#5709,0.393700787401575);
#710=VECTOR('',#5712,0.393700787401575);
#711=VECTOR('',#5713,0.393700787401575);
#712=VECTOR('',#5714,0.393700787401575);
#713=VECTOR('',#5717,0.393700787401575);
#714=VECTOR('',#5718,0.393700787401575);
#715=VECTOR('',#5719,0.393700787401575);
#716=VECTOR('',#5722,0.393700787401575);
#717=VECTOR('',#5723,0.393700787401575);
#718=VECTOR('',#5724,0.393700787401575);
#719=VECTOR('',#5727,0.393700787401575);
#720=VECTOR('',#5728,0.393700787401575);
#721=VECTOR('',#5729,0.393700787401575);
#722=VECTOR('',#5732,0.393700787401575);
#723=VECTOR('',#5733,0.393700787401575);
#724=VECTOR('',#5734,0.393700787401575);
#725=VECTOR('',#5737,0.393700787401575);
#726=VECTOR('',#5750,0.393700787401575);
#727=VECTOR('',#5751,0.393700787401575);
#728=VECTOR('',#5752,0.393700787401575);
#729=VECTOR('',#5755,0.393700787401575);
#730=VECTOR('',#5756,0.393700787401575);
#731=VECTOR('',#5757,0.393700787401575);
#732=VECTOR('',#5762,0.393700787401575);
#733=VECTOR('',#5773,0.393700787401575);
#734=VECTOR('',#5778,0.393700787401575);
#735=VECTOR('',#5781,0.393700787401575);
#736=VECTOR('',#5790,0.393700787401575);
#737=VECTOR('',#5793,0.393700787401575);
#738=VECTOR('',#5796,0.393700787401575);
#739=VECTOR('',#5799,0.393700787401575);
#740=VECTOR('',#5802,0.393700787401575);
#741=VECTOR('',#5803,0.393700787401575);
#742=VECTOR('',#5806,0.393700787401575);
#743=VECTOR('',#5807,0.393700787401575);
#744=VECTOR('',#5810,0.393700787401575);
#745=VECTOR('',#5811,0.393700787401575);
#746=VECTOR('',#5814,0.393700787401575);
#747=VECTOR('',#5817,0.393700787401575);
#748=VECTOR('',#5822,0.393700787401575);
#749=VECTOR('',#5823,0.393700787401575);
#750=VECTOR('',#5828,0.393700787401575);
#751=VECTOR('',#5831,0.393700787401575);
#752=VECTOR('',#5834,0.393700787401575);
#753=VECTOR('',#5835,0.393700787401575);
#754=VECTOR('',#5838,0.393700787401575);
#755=VECTOR('',#5839,0.393700787401575);
#756=VECTOR('',#5840,0.393700787401575);
#757=VECTOR('',#5841,0.393700787401575);
#758=VECTOR('',#5848,0.393700787401575);
#759=VECTOR('',#5853,0.393700787401575);
#760=VECTOR('',#5858,0.393700787401575);
#761=VECTOR('',#5863,0.393700787401575);
#762=VECTOR('',#5866,0.393700787401575);
#763=VECTOR('',#5869,0.393700787401575);
#764=VECTOR('',#5872,0.393700787401575);
#765=VECTOR('',#5875,0.393700787401575);
#766=VECTOR('',#5878,0.393700787401575);
#767=VECTOR('',#5881,0.393700787401575);
#768=VECTOR('',#5882,0.393700787401575);
#769=VECTOR('',#5883,0.393700787401575);
#770=VECTOR('',#5886,0.393700787401575);
#771=VECTOR('',#5887,0.393700787401575);
#772=VECTOR('',#5890,0.393700787401575);
#773=VECTOR('',#5891,0.393700787401575);
#774=VECTOR('',#5894,0.393700787401575);
#775=VECTOR('',#5901,0.393700787401575);
#776=VECTOR('',#5906,0.393700787401575);
#777=VECTOR('',#5911,0.393700787401575);
#778=VECTOR('',#5924,0.393700787401575);
#779=VECTOR('',#5927,0.393700787401575);
#780=VECTOR('',#5932,0.393700787401575);
#781=VECTOR('',#5935,0.393700787401575);
#782=VECTOR('',#5938,0.393700787401575);
#783=VECTOR('',#5941,0.393700787401575);
#784=VECTOR('',#5944,0.393700787401575);
#785=VECTOR('',#5945,0.393700787401575);
#786=VECTOR('',#5952,0.393700787401575);
#787=VECTOR('',#5959,0.393700787401575);
#788=VECTOR('',#5964,0.393700787401575);
#789=VECTOR('',#5967,0.393700787401575);
#790=VECTOR('',#5970,0.393700787401575);
#791=VECTOR('',#5973,0.393700787401575);
#792=VECTOR('',#5974,0.393700787401575);
#793=VECTOR('',#5975,0.393700787401575);
#794=VECTOR('',#5978,0.393700787401575);
#795=VECTOR('',#5979,0.393700787401575);
#796=VECTOR('',#5982,0.393700787401575);
#797=VECTOR('',#5983,0.393700787401575);
#798=VECTOR('',#5986,0.393700787401575);
#799=VECTOR('',#5989,0.393700787401575);
#800=VECTOR('',#5990,0.393700787401575);
#801=VECTOR('',#5991,0.393700787401575);
#802=VECTOR('',#5994,0.393700787401575);
#803=VECTOR('',#5997,0.393700787401575);
#804=VECTOR('',#6002,0.393700787401575);
#805=VECTOR('',#6005,0.393700787401575);
#806=VECTOR('',#6006,0.393700787401575);
#807=VECTOR('',#6009,0.393700787401575);
#808=VECTOR('',#6010,0.393700787401575);
#809=VECTOR('',#6011,0.393700787401575);
#810=VECTOR('',#6014,0.393700787401575);
#811=VECTOR('',#6015,0.393700787401575);
#812=VECTOR('',#6016,0.393700787401575);
#813=VECTOR('',#6019,0.393700787401575);
#814=VECTOR('',#6020,0.393700787401575);
#815=VECTOR('',#6021,0.393700787401575);
#816=VECTOR('',#6024,0.393700787401575);
#817=VECTOR('',#6025,0.393700787401575);
#818=VECTOR('',#6028,0.393700787401575);
#819=VECTOR('',#6029,0.393700787401575);
#820=VECTOR('',#6032,0.393700787401575);
#821=VECTOR('',#6035,0.393700787401575);
#822=VECTOR('',#6038,0.393700787401575);
#823=VECTOR('',#6039,0.393700787401575);
#824=VECTOR('',#6040,0.393700787401575);
#825=VECTOR('',#6041,0.393700787401575);
#826=VECTOR('',#6044,0.393700787401575);
#827=VECTOR('',#6045,0.393700787401575);
#828=VECTOR('',#6046,0.393700787401575);
#829=VECTOR('',#6049,0.393700787401575);
#830=VECTOR('',#6050,0.393700787401575);
#831=VECTOR('',#6051,0.393700787401575);
#832=VECTOR('',#6054,0.393700787401575);
#833=VECTOR('',#6057,0.393700787401575);
#834=VECTOR('',#6060,0.393700787401575);
#835=VECTOR('',#6061,0.393700787401575);
#836=VECTOR('',#6062,0.393700787401575);
#837=VECTOR('',#6063,0.393700787401575);
#838=VECTOR('',#6066,0.393700787401575);
#839=VECTOR('',#6067,0.393700787401575);
#840=VECTOR('',#6068,0.393700787401575);
#841=VECTOR('',#6071,0.393700787401575);
#842=VECTOR('',#6072,0.393700787401575);
#843=VECTOR('',#6073,0.393700787401575);
#844=VECTOR('',#6076,0.393700787401575);
#845=VECTOR('',#6079,0.393700787401575);
#846=VECTOR('',#6082,0.393700787401575);
#847=VECTOR('',#6083,0.393700787401575);
#848=VECTOR('',#6084,0.393700787401575);
#849=VECTOR('',#6085,0.393700787401575);
#850=VECTOR('',#6088,0.393700787401575);
#851=VECTOR('',#6089,0.393700787401575);
#852=VECTOR('',#6090,0.393700787401575);
#853=VECTOR('',#6093,0.393700787401575);
#854=VECTOR('',#6094,0.393700787401575);
#855=VECTOR('',#6095,0.393700787401575);
#856=VECTOR('',#6096,0.393700787401575);
#857=VECTOR('',#6099,0.393700787401575);
#858=VECTOR('',#6100,0.393700787401575);
#859=VECTOR('',#6101,0.393700787401575);
#860=VECTOR('',#6104,0.393700787401575);
#861=VECTOR('',#6105,0.393700787401575);
#862=VECTOR('',#6106,0.393700787401575);
#863=VECTOR('',#6107,0.393700787401575);
#864=VECTOR('',#6110,0.393700787401575);
#865=VECTOR('',#6111,0.393700787401575);
#866=VECTOR('',#6112,0.393700787401575);
#867=VECTOR('',#6113,0.393700787401575);
#868=VECTOR('',#6116,0.393700787401575);
#869=VECTOR('',#6117,0.393700787401575);
#870=VECTOR('',#6120,0.393700787401575);
#871=VECTOR('',#6121,0.393700787401575);
#872=VECTOR('',#6124,0.393700787401575);
#873=VECTOR('',#6125,0.393700787401575);
#874=VECTOR('',#6126,0.393700787401575);
#875=VECTOR('',#6127,0.393700787401575);
#876=VECTOR('',#6128,0.393700787401575);
#877=VECTOR('',#6129,0.393700787401575);
#878=VECTOR('',#6130,0.393700787401575);
#879=VECTOR('',#6131,0.393700787401575);
#880=VECTOR('',#6134,0.393700787401575);
#881=VECTOR('',#6135,0.393700787401575);
#882=VECTOR('',#6138,0.393700787401575);
#883=VECTOR('',#6139,0.393700787401575);
#884=VECTOR('',#6142,0.393700787401575);
#885=VECTOR('',#6143,0.393700787401575);
#886=VECTOR('',#6144,0.393700787401575);
#887=VECTOR('',#6145,0.393700787401575);
#888=VECTOR('',#6146,0.393700787401575);
#889=VECTOR('',#6147,0.393700787401575);
#890=VECTOR('',#6152,0.393700787401575);
#891=VECTOR('',#6153,0.393700787401575);
#892=VECTOR('',#6154,0.393700787401575);
#893=VECTOR('',#6157,0.393700787401575);
#894=VECTOR('',#6158,0.393700787401575);
#895=VECTOR('',#6159,0.393700787401575);
#896=VECTOR('',#6160,0.393700787401575);
#897=VECTOR('',#6161,0.393700787401575);
#898=VECTOR('',#6162,0.393700787401575);
#899=VECTOR('',#6163,0.393700787401575);
#900=VECTOR('',#6164,0.393700787401575);
#901=VECTOR('',#6165,0.393700787401575);
#902=VECTOR('',#6168,0.393700787401575);
#903=VECTOR('',#6169,0.393700787401575);
#904=VECTOR('',#6172,0.393700787401575);
#905=VECTOR('',#6173,0.393700787401575);
#906=VECTOR('',#6174,0.393700787401575);
#907=VECTOR('',#6177,0.393700787401575);
#908=VECTOR('',#6180,0.393700787401575);
#909=VECTOR('',#6183,0.393700787401575);
#910=VECTOR('',#6184,0.393700787401575);
#911=VECTOR('',#6187,0.393700787401575);
#912=VECTOR('',#6188,0.393700787401575);
#913=VECTOR('',#6189,0.393700787401575);
#914=VECTOR('',#6192,0.393700787401575);
#915=VECTOR('',#6193,0.393700787401575);
#916=VECTOR('',#6194,0.393700787401575);
#917=VECTOR('',#6197,0.393700787401575);
#918=VECTOR('',#6198,0.393700787401575);
#919=VECTOR('',#6199,0.393700787401575);
#920=VECTOR('',#6202,0.393700787401575);
#921=VECTOR('',#6203,0.393700787401575);
#922=VECTOR('',#6206,0.393700787401575);
#923=VECTOR('',#6207,0.393700787401575);
#924=VECTOR('',#6210,0.393700787401575);
#925=VECTOR('',#6211,0.393700787401575);
#926=VECTOR('',#6214,0.393700787401575);
#927=VECTOR('',#6215,0.393700787401575);
#928=VECTOR('',#6218,0.0147637795275591);
#929=VECTOR('',#6223,0.0147637795275591);
#930=VECTOR('',#6228,0.0147637795275591);
#931=VECTOR('',#6233,0.0147637795275591);
#932=VECTOR('',#6238,0.393700787401575);
#933=VECTOR('',#6239,0.393700787401575);
#934=VECTOR('',#6240,0.393700787401575);
#935=VECTOR('',#6243,0.393700787401575);
#936=VECTOR('',#6248,0.393700787401575);
#937=VECTOR('',#6249,0.393700787401575);
#938=VECTOR('',#6252,0.393700787401575);
#939=VECTOR('',#6253,0.393700787401575);
#940=VECTOR('',#6254,0.393700787401575);
#941=VECTOR('',#6257,0.393700787401575);
#942=VECTOR('',#6262,0.393700787401575);
#943=VECTOR('',#6263,0.393700787401575);
#944=VECTOR('',#6266,0.393700787401575);
#945=VECTOR('',#6267,0.393700787401575);
#946=VECTOR('',#6268,0.393700787401575);
#947=VECTOR('',#6271,0.393700787401575);
#948=VECTOR('',#6276,0.393700787401575);
#949=VECTOR('',#6277,0.393700787401575);
#950=VECTOR('',#6280,0.393700787401575);
#951=VECTOR('',#6281,0.393700787401575);
#952=VECTOR('',#6282,0.393700787401575);
#953=VECTOR('',#6285,0.393700787401575);
#954=VECTOR('',#6290,0.393700787401575);
#955=VECTOR('',#6291,0.393700787401575);
#956=VECTOR('',#6294,0.393700787401575);
#957=VECTOR('',#6297,0.393700787401575);
#958=VECTOR('',#6300,0.393700787401575);
#959=VECTOR('',#6303,0.393700787401575);
#960=VECTOR('',#6306,0.393700787401575);
#961=VECTOR('',#6307,0.393700787401575);
#962=VECTOR('',#6308,0.393700787401575);
#963=VECTOR('',#6311,0.393700787401575);
#964=VECTOR('',#6312,0.393700787401575);
#965=VECTOR('',#6315,0.393700787401575);
#966=VECTOR('',#6316,0.393700787401575);
#967=VECTOR('',#6319,0.393700787401575);
#968=VECTOR('',#6326,0.393700787401575);
#969=VECTOR('',#6329,0.393700787401575);
#970=VECTOR('',#6332,0.393700787401575);
#971=VECTOR('',#6335,0.393700787401575);
#972=VECTOR('',#6338,0.393700787401575);
#973=VECTOR('',#6341,0.393700787401575);
#974=VECTOR('',#6344,0.393700787401575);
#975=VECTOR('',#6345,0.393700787401575);
#976=VECTOR('',#6346,0.393700787401575);
#977=VECTOR('',#6347,0.393700787401575);
#978=VECTOR('',#6350,0.393700787401575);
#979=VECTOR('',#6351,0.393700787401575);
#980=VECTOR('',#6352,0.393700787401575);
#981=VECTOR('',#6355,0.393700787401575);
#982=VECTOR('',#6358,0.393700787401575);
#983=VECTOR('',#6361,0.393700787401575);
#984=VECTOR('',#6364,0.393700787401575);
#985=VECTOR('',#6365,0.393700787401575);
#986=VECTOR('',#6366,0.393700787401575);
#987=VECTOR('',#6369,0.393700787401575);
#988=VECTOR('',#6372,0.393700787401575);
#989=VECTOR('',#6375,0.393700787401575);
#990=VECTOR('',#6376,0.393700787401575);
#991=VECTOR('',#6381,0.393700787401575);
#992=VECTOR('',#6386,0.393700787401575);
#993=VECTOR('',#6387,0.393700787401575);
#994=VECTOR('',#6390,0.393700787401575);
#995=VECTOR('',#6391,0.393700787401575);
#996=VECTOR('',#6394,0.393700787401575);
#997=VECTOR('',#6397,0.393700787401575);
#998=VECTOR('',#6400,0.393700787401575);
#999=VECTOR('',#6401,0.393700787401575);
#1000=VECTOR('',#6410,0.393700787401575);
#1001=VECTOR('',#6413,0.393700787401575);
#1002=VECTOR('',#6416,0.393700787401575);
#1003=VECTOR('',#6417,0.393700787401575);
#1004=VECTOR('',#6418,0.393700787401575);
#1005=VECTOR('',#6421,0.393700787401575);
#1006=VECTOR('',#6424,0.393700787401575);
#1007=VECTOR('',#6427,0.393700787401575);
#1008=VECTOR('',#6428,0.393700787401575);
#1009=VECTOR('',#6429,0.393700787401575);
#1010=VECTOR('',#6432,0.393700787401575);
#1011=VECTOR('',#6435,0.393700787401575);
#1012=VECTOR('',#6438,0.393700787401575);
#1013=VECTOR('',#6441,0.393700787401575);
#1014=VECTOR('',#6442,0.393700787401575);
#1015=VECTOR('',#6443,0.393700787401575);
#1016=VECTOR('',#6446,0.393700787401575);
#1017=VECTOR('',#6447,0.393700787401575);
#1018=VECTOR('',#6448,0.393700787401575);
#1019=VECTOR('',#6449,0.393700787401575);
#1020=VECTOR('',#6452,0.393700787401575);
#1021=VECTOR('',#6455,0.393700787401575);
#1022=VECTOR('',#6458,0.393700787401575);
#1023=VECTOR('',#6463,0.393700787401575);
#1024=VECTOR('',#6466,0.393700787401575);
#1025=VECTOR('',#6471,0.393700787401575);
#1026=VECTOR('',#6472,0.393700787401575);
#1027=VECTOR('',#6473,0.393700787401575);
#1028=VECTOR('',#6474,0.393700787401575);
#1029=VECTOR('',#6477,0.393700787401575);
#1030=VECTOR('',#6480,0.393700787401575);
#1031=VECTOR('',#6483,0.393700787401575);
#1032=VECTOR('',#6488,0.393700787401575);
#1033=VECTOR('',#6489,0.393700787401575);
#1034=VECTOR('',#6492,0.393700787401575);
#1035=VECTOR('',#6497,0.393700787401575);
#1036=VECTOR('',#6500,0.393700787401575);
#1037=VECTOR('',#6501,0.393700787401575);
#1038=VECTOR('',#6502,0.393700787401575);
#1039=VECTOR('',#6503,0.393700787401575);
#1040=VECTOR('',#6506,0.393700787401575);
#1041=VECTOR('',#6507,0.393700787401575);
#1042=VECTOR('',#6508,0.393700787401575);
#1043=VECTOR('',#6511,0.393700787401575);
#1044=VECTOR('',#6514,0.393700787401575);
#1045=VECTOR('',#6517,0.393700787401575);
#1046=VECTOR('',#6520,0.393700787401575);
#1047=VECTOR('',#6521,0.393700787401575);
#1048=VECTOR('',#6522,0.393700787401575);
#1049=VECTOR('',#6525,0.393700787401575);
#1050=VECTOR('',#6528,0.393700787401575);
#1051=VECTOR('',#6533,0.393700787401575);
#1052=VECTOR('',#6538,0.393700787401575);
#1053=VECTOR('',#6539,0.393700787401575);
#1054=VECTOR('',#6540,0.393700787401575);
#1055=VECTOR('',#6541,0.393700787401575);
#1056=VECTOR('',#6542,0.393700787401575);
#1057=VECTOR('',#6543,0.393700787401575);
#1058=VECTOR('',#6548,0.393700787401575);
#1059=VECTOR('',#6553,0.393700787401575);
#1060=VECTOR('',#6554,0.393700787401575);
#1061=VECTOR('',#6555,0.393700787401575);
#1062=VECTOR('',#6556,0.393700787401575);
#1063=VECTOR('',#6557,0.393700787401575);
#1064=VECTOR('',#6558,0.393700787401575);
#1065=VECTOR('',#6559,0.393700787401575);
#1066=VECTOR('',#6566,0.393700787401575);
#1067=VECTOR('',#6569,0.393700787401575);
#1068=VECTOR('',#6572,0.393700787401575);
#1069=VECTOR('',#6573,0.393700787401575);
#1070=VECTOR('',#6574,0.393700787401575);
#1071=VECTOR('',#6577,0.393700787401575);
#1072=VECTOR('',#6578,0.393700787401575);
#1073=VECTOR('',#6579,0.393700787401575);
#1074=VECTOR('',#6586,0.393700787401575);
#1075=VECTOR('',#6589,0.393700787401575);
#1076=VECTOR('',#6592,0.393700787401575);
#1077=VECTOR('',#6593,0.393700787401575);
#1078=VECTOR('',#6594,0.393700787401575);
#1079=VECTOR('',#6597,0.393700787401575);
#1080=VECTOR('',#6600,0.393700787401575);
#1081=VECTOR('',#6601,0.393700787401575);
#1082=VECTOR('',#6606,0.393700787401575);
#1083=VECTOR('',#6607,0.393700787401575);
#1084=VECTOR('',#6610,0.393700787401575);
#1085=VECTOR('',#6613,0.393700787401575);
#1086=VECTOR('',#6614,0.393700787401575);
#1087=VECTOR('',#6617,0.393700787401575);
#1088=VECTOR('',#6618,0.393700787401575);
#1089=VECTOR('',#6623,0.393700787401575);
#1090=VECTOR('',#6626,0.393700787401575);
#1091=VECTOR('',#6627,0.393700787401575);
#1092=VECTOR('',#6632,0.393700787401575);
#1093=VECTOR('',#6635,0.393700787401575);
#1094=VECTOR('',#6638,0.393700787401575);
#1095=VECTOR('',#6643,0.393700787401575);
#1096=VECTOR('',#6648,0.393700787401575);
#1097=VECTOR('',#6651,0.393700787401575);
#1098=VECTOR('',#6652,0.393700787401575);
#1099=VECTOR('',#6653,0.393700787401575);
#1100=VECTOR('',#6654,0.393700787401575);
#1101=VECTOR('',#6657,0.393700787401575);
#1102=VECTOR('',#6658,0.393700787401575);
#1103=VECTOR('',#6661,0.393700787401575);
#1104=VECTOR('',#6662,0.393700787401575);
#1105=VECTOR('',#6663,0.393700787401575);
#1106=VECTOR('',#6666,0.393700787401575);
#1107=VECTOR('',#6669,0.393700787401575);
#1108=VECTOR('',#6672,0.393700787401575);
#1109=VECTOR('',#6673,0.393700787401575);
#1110=VECTOR('',#6678,0.393700787401575);
#1111=VECTOR('',#6681,0.393700787401575);
#1112=VECTOR('',#6682,0.393700787401575);
#1113=VECTOR('',#6687,0.393700787401575);
#1114=VECTOR('',#6690,0.393700787401575);
#1115=VECTOR('',#6695,0.393700787401575);
#1116=VECTOR('',#6698,0.393700787401575);
#1117=VECTOR('',#6699,0.393700787401575);
#1118=VECTOR('',#6704,0.393700787401575);
#1119=VECTOR('',#6707,0.393700787401575);
#1120=VECTOR('',#6708,0.393700787401575);
#1121=VECTOR('',#6713,0.393700787401575);
#1122=VECTOR('',#6716,0.393700787401575);
#1123=VECTOR('',#6717,0.393700787401575);
#1124=VECTOR('',#6722,0.393700787401575);
#1125=VECTOR('',#6725,0.393700787401575);
#1126=VECTOR('',#6726,0.393700787401575);
#1127=VECTOR('',#6729,0.393700787401575);
#1128=VECTOR('',#6730,0.393700787401575);
#1129=VECTOR('',#6733,0.393700787401575);
#1130=VECTOR('',#6736,0.393700787401575);
#1131=VECTOR('',#6741,0.393700787401575);
#1132=VECTOR('',#6742,0.393700787401575);
#1133=VECTOR('',#6745,0.393700787401575);
#1134=VECTOR('',#6746,0.393700787401575);
#1135=VECTOR('',#6747,0.393700787401575);
#1136=VECTOR('',#6748,0.393700787401575);
#1137=VECTOR('',#6749,0.393700787401575);
#1138=VECTOR('',#6750,0.393700787401575);
#1139=VECTOR('',#6751,0.393700787401575);
#1140=VECTOR('',#6764,0.393700787401575);
#1141=VECTOR('',#6765,0.393700787401575);
#1142=VECTOR('',#6766,0.393700787401575);
#1143=VECTOR('',#6767,0.393700787401575);
#1144=VECTOR('',#6768,0.393700787401575);
#1145=VECTOR('',#6769,0.393700787401575);
#1146=VECTOR('',#6770,0.393700787401575);
#1147=VECTOR('',#6783,0.393700787401575);
#1148=VECTOR('',#6788,0.393700787401575);
#1149=VECTOR('',#6791,0.393700787401575);
#1150=VECTOR('',#6794,0.393700787401575);
#1151=VECTOR('',#6797,0.393700787401575);
#1152=VECTOR('',#6798,0.393700787401575);
#1153=VECTOR('',#6799,0.393700787401575);
#1154=VECTOR('',#6802,0.393700787401575);
#1155=VECTOR('',#6803,0.393700787401575);
#1156=VECTOR('',#6808,0.393700787401575);
#1157=VECTOR('',#6813,0.393700787401575);
#1158=VECTOR('',#6816,0.393700787401575);
#1159=VECTOR('',#6819,0.393700787401575);
#1160=VECTOR('',#6820,0.393700787401575);
#1161=VECTOR('',#6823,0.393700787401575);
#1162=VECTOR('',#6824,0.393700787401575);
#1163=VECTOR('',#6825,0.393700787401575);
#1164=VECTOR('',#6828,0.393700787401575);
#1165=VECTOR('',#6829,0.393700787401575);
#1166=VECTOR('',#6830,0.393700787401575);
#1167=VECTOR('',#6835,0.393700787401575);
#1168=VECTOR('',#6840,0.393700787401575);
#1169=VECTOR('',#6841,0.393700787401575);
#1170=VECTOR('',#6842,0.393700787401575);
#1171=VECTOR('',#6851,0.393700787401575);
#1172=VECTOR('',#6852,0.393700787401575);
#1173=VECTOR('',#6857,0.393700787401575);
#1174=VECTOR('',#6860,0.393700787401575);
#1175=VECTOR('',#6861,0.393700787401575);
#1176=VECTOR('',#6862,0.393700787401575);
#1177=VECTOR('',#6863,0.393700787401575);
#1178=VECTOR('',#6866,0.393700787401575);
#1179=VECTOR('',#6867,0.393700787401575);
#1180=VECTOR('',#6870,0.393700787401575);
#1181=VECTOR('',#6875,0.393700787401575);
#1182=VECTOR('',#6876,0.393700787401575);
#1183=VECTOR('',#6879,0.393700787401575);
#1184=VECTOR('',#6880,0.393700787401575);
#1185=VECTOR('',#6883,0.393700787401575);
#1186=VECTOR('',#6890,0.393700787401575);
#1187=VECTOR('',#6893,0.393700787401575);
#1188=VECTOR('',#6896,0.393700787401575);
#1189=VECTOR('',#6899,0.393700787401575);
#1190=VECTOR('',#6904,0.393700787401575);
#1191=VECTOR('',#6907,0.393700787401575);
#1192=VECTOR('',#6910,0.393700787401575);
#1193=VECTOR('',#6913,0.393700787401575);
#1194=VECTOR('',#6916,0.393700787401575);
#1195=VECTOR('',#6919,0.393700787401575);
#1196=VECTOR('',#6922,0.393700787401575);
#1197=VECTOR('',#6925,0.393700787401575);
#1198=VECTOR('',#6928,0.393700787401575);
#1199=VECTOR('',#6931,0.393700787401575);
#1200=VECTOR('',#6936,0.0688976377952756);
#1201=VECTOR('',#6939,0.0147637795275591);
#1202=VECTOR('',#6942,0.0147637795275591);
#1203=VECTOR('',#6945,0.0147637795275591);
#1204=VECTOR('',#6948,0.0147637795275591);
#1205=VECTOR('',#6951,0.393700787401575);
#1206=VECTOR('',#6954,0.393700787401575);
#1207=VECTOR('',#6957,0.393700787401575);
#1208=VECTOR('',#6962,0.393700787401575);
#1209=VECTOR('',#6975,0.0688976377952756);
#1210=VECTOR('',#6988,0.393700787401575);
#1211=VECTOR('',#6991,0.393700787401575);
#1212=VECTOR('',#6994,0.393700787401575);
#1213=VECTOR('',#6995,0.393700787401575);
#1214=VECTOR('',#6996,0.393700787401575);
#1215=VECTOR('',#7003,0.393700787401575);
#1216=VECTOR('',#7006,0.393700787401575);
#1217=VECTOR('',#7007,0.393700787401575);
#1218=VECTOR('',#7014,0.393700787401575);
#1219=VECTOR('',#7017,0.393700787401575);
#1220=VECTOR('',#7020,0.393700787401575);
#1221=VECTOR('',#7021,0.393700787401575);
#1222=VECTOR('',#7022,0.393700787401575);
#1223=VECTOR('',#7029,0.393700787401575);
#1224=VECTOR('',#7032,0.393700787401575);
#1225=VECTOR('',#7033,0.393700787401575);
#1226=VECTOR('',#7040,0.393700787401575);
#1227=VECTOR('',#7043,0.393700787401575);
#1228=VECTOR('',#7046,0.393700787401575);
#1229=VECTOR('',#7047,0.393700787401575);
#1230=VECTOR('',#7048,0.393700787401575);
#1231=VECTOR('',#7055,0.393700787401575);
#1232=VECTOR('',#7058,0.393700787401575);
#1233=VECTOR('',#7059,0.393700787401575);
#1234=VECTOR('',#7066,0.393700787401575);
#1235=VECTOR('',#7069,0.393700787401575);
#1236=VECTOR('',#7072,0.393700787401575);
#1237=VECTOR('',#7073,0.393700787401575);
#1238=VECTOR('',#7074,0.393700787401575);
#1239=VECTOR('',#7081,0.393700787401575);
#1240=VECTOR('',#7084,0.393700787401575);
#1241=VECTOR('',#7085,0.393700787401575);
#1242=VECTOR('',#7092,0.0984251968503937);
#1243=(
BOUNDED_SURFACE()
B_SPLINE_SURFACE(2,2,((#7107,#7108,#7109,#7110,#7111,#7112,#7113,#7114,
#7115),(#7116,#7117,#7118,#7119,#7120,#7121,#7122,#7123,#7124),(#7125,#7126,
#7127,#7128,#7129,#7130,#7131,#7132,#7133)),.UNSPECIFIED.,.F.,.T.,.F.)
B_SPLINE_SURFACE_WITH_KNOTS((3,3),(3,2,2,2,3),(0.450132020336162,1.43386806042276),
(-3.14159265358979,-1.5707963267949,0.,1.5707963267949,3.14159265358979),
 .UNSPECIFIED.)
GEOMETRIC_REPRESENTATION_ITEM()
RATIONAL_B_SPLINE_SURFACE(((1.,0.707106781186548,1.,0.707106781186548,1.,
0.707106781186548,1.,0.707106781186548,1.),(0.881452181080106,0.623280814533415,
0.881452181080106,0.623280814533415,0.881452181080106,0.623280814533415,
0.881452181080106,0.623280814533415,0.881452181080106),(1.,0.707106781186548,
1.,0.707106781186548,1.,0.707106781186548,1.,0.707106781186548,1.)))
REPRESENTATION_ITEM('')
SURFACE()
);
#1244=(
BOUNDED_SURFACE()
B_SPLINE_SURFACE(2,2,((#7143,#7144,#7145,#7146,#7147,#7148,#7149,#7150,
#7151),(#7152,#7153,#7154,#7155,#7156,#7157,#7158,#7159,#7160),(#7161,#7162,
#7163,#7164,#7165,#7166,#7167,#7168,#7169)),.UNSPECIFIED.,.F.,.T.,.F.)
B_SPLINE_SURFACE_WITH_KNOTS((3,3),(3,2,2,2,3),(0.450132020336162,1.43386806042276),
(-3.14159265358979,-1.5707963267949,0.,1.5707963267949,3.14159265358979),
 .UNSPECIFIED.)
GEOMETRIC_REPRESENTATION_ITEM()
RATIONAL_B_SPLINE_SURFACE(((1.,0.707106781186548,1.,0.707106781186548,1.,
0.707106781186548,1.,0.707106781186548,1.),(0.881452181080103,0.623280814533414,
0.881452181080103,0.623280814533414,0.881452181080103,0.623280814533414,
0.881452181080103,0.623280814533414,0.881452181080103),(1.,0.707106781186548,
1.,0.707106781186548,1.,0.707106781186548,1.,0.707106781186548,1.)))
REPRESENTATION_ITEM('')
SURFACE()
);
#1245=(
BOUNDED_SURFACE()
B_SPLINE_SURFACE(2,2,((#7179,#7180,#7181,#7182,#7183,#7184,#7185,#7186,
#7187),(#7188,#7189,#7190,#7191,#7192,#7193,#7194,#7195,#7196),(#7197,#7198,
#7199,#7200,#7201,#7202,#7203,#7204,#7205)),.UNSPECIFIED.,.F.,.T.,.F.)
B_SPLINE_SURFACE_WITH_KNOTS((3,3),(3,2,2,2,3),(-1.43386806042276,-0.450132020336162),
(-3.14159265358979,-1.5707963267949,0.,1.5707963267949,3.14159265358979),
 .UNSPECIFIED.)
GEOMETRIC_REPRESENTATION_ITEM()
RATIONAL_B_SPLINE_SURFACE(((1.,0.707106781186548,1.,0.707106781186548,1.,
0.707106781186548,1.,0.707106781186548,1.),(0.881452181080101,0.623280814533412,
0.881452181080101,0.623280814533412,0.881452181080101,0.623280814533412,
0.881452181080101,0.623280814533412,0.881452181080101),(1.,0.707106781186548,
1.,0.707106781186548,1.,0.707106781186548,1.,0.707106781186548,1.)))
REPRESENTATION_ITEM('')
SURFACE()
);
#1246=(
BOUNDED_SURFACE()
B_SPLINE_SURFACE(2,2,((#7215,#7216,#7217,#7218,#7219,#7220,#7221,#7222,
#7223),(#7224,#7225,#7226,#7227,#7228,#7229,#7230,#7231,#7232),(#7233,#7234,
#7235,#7236,#7237,#7238,#7239,#7240,#7241)),.UNSPECIFIED.,.F.,.T.,.F.)
B_SPLINE_SURFACE_WITH_KNOTS((3,3),(3,2,2,2,3),(-1.43386806042276,-0.450132020336162),
(-3.14159265358979,-1.5707963267949,0.,1.5707963267949,3.14159265358979),
 .UNSPECIFIED.)
GEOMETRIC_REPRESENTATION_ITEM()
RATIONAL_B_SPLINE_SURFACE(((1.,0.707106781186548,1.,0.707106781186548,1.,
0.707106781186548,1.,0.707106781186548,1.),(0.881452181080098,0.62328081453341,
0.881452181080098,0.62328081453341,0.881452181080098,0.62328081453341,0.881452181080098,
0.62328081453341,0.881452181080098),(1.,0.707106781186548,1.,0.707106781186548,
1.,0.707106781186548,1.,0.707106781186548,1.)))
REPRESENTATION_ITEM('')
SURFACE()
);
#1247=(
BOUNDED_SURFACE()
B_SPLINE_SURFACE(2,2,((#8647,#8648,#8649,#8650,#8651,#8652,#8653,#8654,
#8655),(#8656,#8657,#8658,#8659,#8660,#8661,#8662,#8663,#8664),(#8665,#8666,
#8667,#8668,#8669,#8670,#8671,#8672,#8673)),.UNSPECIFIED.,.F.,.T.,.F.)
B_SPLINE_SURFACE_WITH_KNOTS((3,3),(3,2,2,2,3),(0.277885846307614,1.51668792221011),
(-3.14159265358979,-1.5707963267949,0.,1.5707963267949,3.14159265358979),
 .UNSPECIFIED.)
GEOMETRIC_REPRESENTATION_ITEM()
RATIONAL_B_SPLINE_SURFACE(((1.,0.707106781186548,1.,0.707106781186548,1.,
0.707106781186548,1.,0.707106781186548,1.),(0.81422632866018,0.57574495841624,
0.81422632866018,0.57574495841624,0.81422632866018,0.57574495841624,0.81422632866018,
0.57574495841624,0.81422632866018),(1.,0.707106781186548,1.,0.707106781186548,
1.,0.707106781186548,1.,0.707106781186548,1.)))
REPRESENTATION_ITEM('')
SURFACE()
);
#1248=FACE_BOUND('',#1561,.T.);
#1249=FACE_BOUND('',#1564,.T.);
#1250=FACE_BOUND('',#1567,.T.);
#1251=FACE_BOUND('',#1570,.T.);
#1252=FACE_BOUND('',#1585,.T.);
#1253=FACE_BOUND('',#1603,.T.);
#1254=FACE_BOUND('',#1630,.T.);
#1255=FACE_BOUND('',#1640,.T.);
#1256=FACE_BOUND('',#1641,.T.);
#1257=FACE_BOUND('',#1703,.T.);
#1258=FACE_BOUND('',#1704,.T.);
#1259=FACE_BOUND('',#1707,.T.);
#1260=FACE_BOUND('',#1708,.T.);
#1261=FACE_BOUND('',#1711,.T.);
#1262=FACE_BOUND('',#1712,.T.);
#1263=FACE_BOUND('',#1713,.T.);
#1264=FACE_BOUND('',#1714,.T.);
#1265=FACE_BOUND('',#1715,.T.);
#1266=FACE_BOUND('',#1779,.T.);
#1267=FACE_BOUND('',#1780,.T.);
#1268=FACE_BOUND('',#1781,.T.);
#1269=FACE_BOUND('',#1782,.T.);
#1270=FACE_BOUND('',#1783,.T.);
#1271=FACE_BOUND('',#1785,.T.);
#1272=FACE_BOUND('',#1786,.T.);
#1273=FACE_BOUND('',#1787,.T.);
#1274=FACE_BOUND('',#1788,.T.);
#1275=FACE_BOUND('',#1789,.T.);
#1276=FACE_BOUND('',#1865,.T.);
#1277=FACE_BOUND('',#1867,.T.);
#1278=FACE_BOUND('',#1868,.T.);
#1279=FACE_BOUND('',#1869,.T.);
#1280=FACE_BOUND('',#1870,.T.);
#1281=FACE_BOUND('',#1871,.T.);
#1282=FACE_OUTER_BOUND('',#1560,.T.);
#1283=FACE_OUTER_BOUND('',#1562,.T.);
#1284=FACE_OUTER_BOUND('',#1563,.T.);
#1285=FACE_OUTER_BOUND('',#1565,.T.);
#1286=FACE_OUTER_BOUND('',#1566,.T.);
#1287=FACE_OUTER_BOUND('',#1568,.T.);
#1288=FACE_OUTER_BOUND('',#1569,.T.);
#1289=FACE_OUTER_BOUND('',#1571,.T.);
#1290=FACE_OUTER_BOUND('',#1572,.T.);
#1291=FACE_OUTER_BOUND('',#1573,.T.);
#1292=FACE_OUTER_BOUND('',#1574,.T.);
#1293=FACE_OUTER_BOUND('',#1575,.T.);
#1294=FACE_OUTER_BOUND('',#1576,.T.);
#1295=FACE_OUTER_BOUND('',#1577,.T.);
#1296=FACE_OUTER_BOUND('',#1578,.T.);
#1297=FACE_OUTER_BOUND('',#1579,.T.);
#1298=FACE_OUTER_BOUND('',#1580,.T.);
#1299=FACE_OUTER_BOUND('',#1581,.T.);
#1300=FACE_OUTER_BOUND('',#1582,.T.);
#1301=FACE_OUTER_BOUND('',#1583,.T.);
#1302=FACE_OUTER_BOUND('',#1584,.T.);
#1303=FACE_OUTER_BOUND('',#1586,.T.);
#1304=FACE_OUTER_BOUND('',#1587,.T.);
#1305=FACE_OUTER_BOUND('',#1588,.T.);
#1306=FACE_OUTER_BOUND('',#1589,.T.);
#1307=FACE_OUTER_BOUND('',#1590,.T.);
#1308=FACE_OUTER_BOUND('',#1591,.T.);
#1309=FACE_OUTER_BOUND('',#1592,.T.);
#1310=FACE_OUTER_BOUND('',#1593,.T.);
#1311=FACE_OUTER_BOUND('',#1594,.T.);
#1312=FACE_OUTER_BOUND('',#1595,.T.);
#1313=FACE_OUTER_BOUND('',#1596,.T.);
#1314=FACE_OUTER_BOUND('',#1597,.T.);
#1315=FACE_OUTER_BOUND('',#1598,.T.);
#1316=FACE_OUTER_BOUND('',#1599,.T.);
#1317=FACE_OUTER_BOUND('',#1600,.T.);
#1318=FACE_OUTER_BOUND('',#1601,.T.);
#1319=FACE_OUTER_BOUND('',#1602,.T.);
#1320=FACE_OUTER_BOUND('',#1604,.T.);
#1321=FACE_OUTER_BOUND('',#1605,.T.);
#1322=FACE_OUTER_BOUND('',#1606,.T.);
#1323=FACE_OUTER_BOUND('',#1607,.T.);
#1324=FACE_OUTER_BOUND('',#1608,.T.);
#1325=FACE_OUTER_BOUND('',#1609,.T.);
#1326=FACE_OUTER_BOUND('',#1610,.T.);
#1327=FACE_OUTER_BOUND('',#1611,.T.);
#1328=FACE_OUTER_BOUND('',#1612,.T.);
#1329=FACE_OUTER_BOUND('',#1613,.T.);
#1330=FACE_OUTER_BOUND('',#1614,.T.);
#1331=FACE_OUTER_BOUND('',#1615,.T.);
#1332=FACE_OUTER_BOUND('',#1616,.T.);
#1333=FACE_OUTER_BOUND('',#1617,.T.);
#1334=FACE_OUTER_BOUND('',#1618,.T.);
#1335=FACE_OUTER_BOUND('',#1619,.T.);
#1336=FACE_OUTER_BOUND('',#1620,.T.);
#1337=FACE_OUTER_BOUND('',#1621,.T.);
#1338=FACE_OUTER_BOUND('',#1622,.T.);
#1339=FACE_OUTER_BOUND('',#1623,.T.);
#1340=FACE_OUTER_BOUND('',#1624,.T.);
#1341=FACE_OUTER_BOUND('',#1625,.T.);
#1342=FACE_OUTER_BOUND('',#1626,.T.);
#1343=FACE_OUTER_BOUND('',#1627,.T.);
#1344=FACE_OUTER_BOUND('',#1628,.T.);
#1345=FACE_OUTER_BOUND('',#1629,.T.);
#1346=FACE_OUTER_BOUND('',#1631,.T.);
#1347=FACE_OUTER_BOUND('',#1632,.T.);
#1348=FACE_OUTER_BOUND('',#1633,.T.);
#1349=FACE_OUTER_BOUND('',#1634,.T.);
#1350=FACE_OUTER_BOUND('',#1635,.T.);
#1351=FACE_OUTER_BOUND('',#1636,.T.);
#1352=FACE_OUTER_BOUND('',#1637,.T.);
#1353=FACE_OUTER_BOUND('',#1638,.T.);
#1354=FACE_OUTER_BOUND('',#1639,.T.);
#1355=FACE_OUTER_BOUND('',#1642,.T.);
#1356=FACE_OUTER_BOUND('',#1643,.T.);
#1357=FACE_OUTER_BOUND('',#1644,.T.);
#1358=FACE_OUTER_BOUND('',#1645,.T.);
#1359=FACE_OUTER_BOUND('',#1646,.T.);
#1360=FACE_OUTER_BOUND('',#1647,.T.);
#1361=FACE_OUTER_BOUND('',#1648,.T.);
#1362=FACE_OUTER_BOUND('',#1649,.T.);
#1363=FACE_OUTER_BOUND('',#1650,.T.);
#1364=FACE_OUTER_BOUND('',#1651,.T.);
#1365=FACE_OUTER_BOUND('',#1652,.T.);
#1366=FACE_OUTER_BOUND('',#1653,.T.);
#1367=FACE_OUTER_BOUND('',#1654,.T.);
#1368=FACE_OUTER_BOUND('',#1655,.T.);
#1369=FACE_OUTER_BOUND('',#1656,.T.);
#1370=FACE_OUTER_BOUND('',#1657,.T.);
#1371=FACE_OUTER_BOUND('',#1658,.T.);
#1372=FACE_OUTER_BOUND('',#1659,.T.);
#1373=FACE_OUTER_BOUND('',#1660,.T.);
#1374=FACE_OUTER_BOUND('',#1661,.T.);
#1375=FACE_OUTER_BOUND('',#1662,.T.);
#1376=FACE_OUTER_BOUND('',#1663,.T.);
#1377=FACE_OUTER_BOUND('',#1664,.T.);
#1378=FACE_OUTER_BOUND('',#1665,.T.);
#1379=FACE_OUTER_BOUND('',#1666,.T.);
#1380=FACE_OUTER_BOUND('',#1667,.T.);
#1381=FACE_OUTER_BOUND('',#1668,.T.);
#1382=FACE_OUTER_BOUND('',#1669,.T.);
#1383=FACE_OUTER_BOUND('',#1670,.T.);
#1384=FACE_OUTER_BOUND('',#1671,.T.);
#1385=FACE_OUTER_BOUND('',#1672,.T.);
#1386=FACE_OUTER_BOUND('',#1673,.T.);
#1387=FACE_OUTER_BOUND('',#1674,.T.);
#1388=FACE_OUTER_BOUND('',#1675,.T.);
#1389=FACE_OUTER_BOUND('',#1676,.T.);
#1390=FACE_OUTER_BOUND('',#1677,.T.);
#1391=FACE_OUTER_BOUND('',#1678,.T.);
#1392=FACE_OUTER_BOUND('',#1679,.T.);
#1393=FACE_OUTER_BOUND('',#1680,.T.);
#1394=FACE_OUTER_BOUND('',#1681,.T.);
#1395=FACE_OUTER_BOUND('',#1682,.T.);
#1396=FACE_OUTER_BOUND('',#1683,.T.);
#1397=FACE_OUTER_BOUND('',#1684,.T.);
#1398=FACE_OUTER_BOUND('',#1685,.T.);
#1399=FACE_OUTER_BOUND('',#1686,.T.);
#1400=FACE_OUTER_BOUND('',#1687,.T.);
#1401=FACE_OUTER_BOUND('',#1688,.T.);
#1402=FACE_OUTER_BOUND('',#1689,.T.);
#1403=FACE_OUTER_BOUND('',#1690,.T.);
#1404=FACE_OUTER_BOUND('',#1691,.T.);
#1405=FACE_OUTER_BOUND('',#1692,.T.);
#1406=FACE_OUTER_BOUND('',#1693,.T.);
#1407=FACE_OUTER_BOUND('',#1694,.T.);
#1408=FACE_OUTER_BOUND('',#1695,.T.);
#1409=FACE_OUTER_BOUND('',#1696,.T.);
#1410=FACE_OUTER_BOUND('',#1697,.T.);
#1411=FACE_OUTER_BOUND('',#1698,.T.);
#1412=FACE_OUTER_BOUND('',#1699,.T.);
#1413=FACE_OUTER_BOUND('',#1700,.T.);
#1414=FACE_OUTER_BOUND('',#1701,.T.);
#1415=FACE_OUTER_BOUND('',#1702,.T.);
#1416=FACE_OUTER_BOUND('',#1705,.T.);
#1417=FACE_OUTER_BOUND('',#1706,.T.);
#1418=FACE_OUTER_BOUND('',#1709,.T.);
#1419=FACE_OUTER_BOUND('',#1710,.T.);
#1420=FACE_OUTER_BOUND('',#1716,.T.);
#1421=FACE_OUTER_BOUND('',#1717,.T.);
#1422=FACE_OUTER_BOUND('',#1718,.T.);
#1423=FACE_OUTER_BOUND('',#1719,.T.);
#1424=FACE_OUTER_BOUND('',#1720,.T.);
#1425=FACE_OUTER_BOUND('',#1721,.T.);
#1426=FACE_OUTER_BOUND('',#1722,.T.);
#1427=FACE_OUTER_BOUND('',#1723,.T.);
#1428=FACE_OUTER_BOUND('',#1724,.T.);
#1429=FACE_OUTER_BOUND('',#1725,.T.);
#1430=FACE_OUTER_BOUND('',#1726,.T.);
#1431=FACE_OUTER_BOUND('',#1727,.T.);
#1432=FACE_OUTER_BOUND('',#1728,.T.);
#1433=FACE_OUTER_BOUND('',#1729,.T.);
#1434=FACE_OUTER_BOUND('',#1730,.T.);
#1435=FACE_OUTER_BOUND('',#1731,.T.);
#1436=FACE_OUTER_BOUND('',#1732,.T.);
#1437=FACE_OUTER_BOUND('',#1733,.T.);
#1438=FACE_OUTER_BOUND('',#1734,.T.);
#1439=FACE_OUTER_BOUND('',#1735,.T.);
#1440=FACE_OUTER_BOUND('',#1736,.T.);
#1441=FACE_OUTER_BOUND('',#1737,.T.);
#1442=FACE_OUTER_BOUND('',#1738,.T.);
#1443=FACE_OUTER_BOUND('',#1739,.T.);
#1444=FACE_OUTER_BOUND('',#1740,.T.);
#1445=FACE_OUTER_BOUND('',#1741,.T.);
#1446=FACE_OUTER_BOUND('',#1742,.T.);
#1447=FACE_OUTER_BOUND('',#1743,.T.);
#1448=FACE_OUTER_BOUND('',#1744,.T.);
#1449=FACE_OUTER_BOUND('',#1745,.T.);
#1450=FACE_OUTER_BOUND('',#1746,.T.);
#1451=FACE_OUTER_BOUND('',#1747,.T.);
#1452=FACE_OUTER_BOUND('',#1748,.T.);
#1453=FACE_OUTER_BOUND('',#1749,.T.);
#1454=FACE_OUTER_BOUND('',#1750,.T.);
#1455=FACE_OUTER_BOUND('',#1751,.T.);
#1456=FACE_OUTER_BOUND('',#1752,.T.);
#1457=FACE_OUTER_BOUND('',#1753,.T.);
#1458=FACE_OUTER_BOUND('',#1754,.T.);
#1459=FACE_OUTER_BOUND('',#1755,.T.);
#1460=FACE_OUTER_BOUND('',#1756,.T.);
#1461=FACE_OUTER_BOUND('',#1757,.T.);
#1462=FACE_OUTER_BOUND('',#1758,.T.);
#1463=FACE_OUTER_BOUND('',#1759,.T.);
#1464=FACE_OUTER_BOUND('',#1760,.T.);
#1465=FACE_OUTER_BOUND('',#1761,.T.);
#1466=FACE_OUTER_BOUND('',#1762,.T.);
#1467=FACE_OUTER_BOUND('',#1763,.T.);
#1468=FACE_OUTER_BOUND('',#1764,.T.);
#1469=FACE_OUTER_BOUND('',#1765,.T.);
#1470=FACE_OUTER_BOUND('',#1766,.T.);
#1471=FACE_OUTER_BOUND('',#1767,.T.);
#1472=FACE_OUTER_BOUND('',#1768,.T.);
#1473=FACE_OUTER_BOUND('',#1769,.T.);
#1474=FACE_OUTER_BOUND('',#1770,.T.);
#1475=FACE_OUTER_BOUND('',#1771,.T.);
#1476=FACE_OUTER_BOUND('',#1772,.T.);
#1477=FACE_OUTER_BOUND('',#1773,.T.);
#1478=FACE_OUTER_BOUND('',#1774,.T.);
#1479=FACE_OUTER_BOUND('',#1775,.T.);
#1480=FACE_OUTER_BOUND('',#1776,.T.);
#1481=FACE_OUTER_BOUND('',#1777,.T.);
#1482=FACE_OUTER_BOUND('',#1778,.T.);
#1483=FACE_OUTER_BOUND('',#1784,.T.);
#1484=FACE_OUTER_BOUND('',#1790,.T.);
#1485=FACE_OUTER_BOUND('',#1791,.T.);
#1486=FACE_OUTER_BOUND('',#1792,.T.);
#1487=FACE_OUTER_BOUND('',#1793,.T.);
#1488=FACE_OUTER_BOUND('',#1794,.T.);
#1489=FACE_OUTER_BOUND('',#1795,.T.);
#1490=FACE_OUTER_BOUND('',#1796,.T.);
#1491=FACE_OUTER_BOUND('',#1797,.T.);
#1492=FACE_OUTER_BOUND('',#1798,.T.);
#1493=FACE_OUTER_BOUND('',#1799,.T.);
#1494=FACE_OUTER_BOUND('',#1800,.T.);
#1495=FACE_OUTER_BOUND('',#1801,.T.);
#1496=FACE_OUTER_BOUND('',#1802,.T.);
#1497=FACE_OUTER_BOUND('',#1803,.T.);
#1498=FACE_OUTER_BOUND('',#1804,.T.);
#1499=FACE_OUTER_BOUND('',#1805,.T.);
#1500=FACE_OUTER_BOUND('',#1806,.T.);
#1501=FACE_OUTER_BOUND('',#1807,.T.);
#1502=FACE_OUTER_BOUND('',#1808,.T.);
#1503=FACE_OUTER_BOUND('',#1809,.T.);
#1504=FACE_OUTER_BOUND('',#1810,.T.);
#1505=FACE_OUTER_BOUND('',#1811,.T.);
#1506=FACE_OUTER_BOUND('',#1812,.T.);
#1507=FACE_OUTER_BOUND('',#1813,.T.);
#1508=FACE_OUTER_BOUND('',#1814,.T.);
#1509=FACE_OUTER_BOUND('',#1815,.T.);
#1510=FACE_OUTER_BOUND('',#1816,.T.);
#1511=FACE_OUTER_BOUND('',#1817,.T.);
#1512=FACE_OUTER_BOUND('',#1818,.T.);
#1513=FACE_OUTER_BOUND('',#1819,.T.);
#1514=FACE_OUTER_BOUND('',#1820,.T.);
#1515=FACE_OUTER_BOUND('',#1821,.T.);
#1516=FACE_OUTER_BOUND('',#1822,.T.);
#1517=FACE_OUTER_BOUND('',#1823,.T.);
#1518=FACE_OUTER_BOUND('',#1824,.T.);
#1519=FACE_OUTER_BOUND('',#1825,.T.);
#1520=FACE_OUTER_BOUND('',#1826,.T.);
#1521=FACE_OUTER_BOUND('',#1827,.T.);
#1522=FACE_OUTER_BOUND('',#1828,.T.);
#1523=FACE_OUTER_BOUND('',#1829,.T.);
#1524=FACE_OUTER_BOUND('',#1830,.T.);
#1525=FACE_OUTER_BOUND('',#1831,.T.);
#1526=FACE_OUTER_BOUND('',#1832,.T.);
#1527=FACE_OUTER_BOUND('',#1833,.T.);
#1528=FACE_OUTER_BOUND('',#1834,.T.);
#1529=FACE_OUTER_BOUND('',#1835,.T.);
#1530=FACE_OUTER_BOUND('',#1836,.T.);
#1531=FACE_OUTER_BOUND('',#1837,.T.);
#1532=FACE_OUTER_BOUND('',#1838,.T.);
#1533=FACE_OUTER_BOUND('',#1839,.T.);
#1534=FACE_OUTER_BOUND('',#1840,.T.);
#1535=FACE_OUTER_BOUND('',#1841,.T.);
#1536=FACE_OUTER_BOUND('',#1842,.T.);
#1537=FACE_OUTER_BOUND('',#1843,.T.);
#1538=FACE_OUTER_BOUND('',#1844,.T.);
#1539=FACE_OUTER_BOUND('',#1845,.T.);
#1540=FACE_OUTER_BOUND('',#1846,.T.);
#1541=FACE_OUTER_BOUND('',#1847,.T.);
#1542=FACE_OUTER_BOUND('',#1848,.T.);
#1543=FACE_OUTER_BOUND('',#1849,.T.);
#1544=FACE_OUTER_BOUND('',#1850,.T.);
#1545=FACE_OUTER_BOUND('',#1851,.T.);
#1546=FACE_OUTER_BOUND('',#1852,.T.);
#1547=FACE_OUTER_BOUND('',#1853,.T.);
#1548=FACE_OUTER_BOUND('',#1854,.T.);
#1549=FACE_OUTER_BOUND('',#1855,.T.);
#1550=FACE_OUTER_BOUND('',#1856,.T.);
#1551=FACE_OUTER_BOUND('',#1857,.T.);
#1552=FACE_OUTER_BOUND('',#1858,.T.);
#1553=FACE_OUTER_BOUND('',#1859,.T.);
#1554=FACE_OUTER_BOUND('',#1860,.T.);
#1555=FACE_OUTER_BOUND('',#1861,.T.);
#1556=FACE_OUTER_BOUND('',#1862,.T.);
#1557=FACE_OUTER_BOUND('',#1863,.T.);
#1558=FACE_OUTER_BOUND('',#1864,.T.);
#1559=FACE_OUTER_BOUND('',#1866,.T.);
#1560=EDGE_LOOP('',(#3247,#3248));
#1561=EDGE_LOOP('',(#3249));
#1562=EDGE_LOOP('',(#3250,#3251,#3252,#3253));
#1563=EDGE_LOOP('',(#3254,#3255));
#1564=EDGE_LOOP('',(#3256));
#1565=EDGE_LOOP('',(#3257,#3258,#3259,#3260));
#1566=EDGE_LOOP('',(#3261,#3262));
#1567=EDGE_LOOP('',(#3263));
#1568=EDGE_LOOP('',(#3264,#3265,#3266,#3267));
#1569=EDGE_LOOP('',(#3268,#3269));
#1570=EDGE_LOOP('',(#3270));
#1571=EDGE_LOOP('',(#3271,#3272,#3273,#3274));
#1572=EDGE_LOOP('',(#3275,#3276,#3277,#3278));
#1573=EDGE_LOOP('',(#3279,#3280,#3281,#3282));
#1574=EDGE_LOOP('',(#3283,#3284,#3285,#3286));
#1575=EDGE_LOOP('',(#3287,#3288,#3289,#3290));
#1576=EDGE_LOOP('',(#3291,#3292,#3293,#3294));
#1577=EDGE_LOOP('',(#3295,#3296,#3297,#3298));
#1578=EDGE_LOOP('',(#3299,#3300,#3301,#3302,#3303,#3304));
#1579=EDGE_LOOP('',(#3305,#3306,#3307,#3308,#3309,#3310));
#1580=EDGE_LOOP('',(#3311,#3312,#3313,#3314,#3315,#3316));
#1581=EDGE_LOOP('',(#3317,#3318,#3319,#3320));
#1582=EDGE_LOOP('',(#3321,#3322,#3323,#3324));
#1583=EDGE_LOOP('',(#3325,#3326,#3327,#3328));
#1584=EDGE_LOOP('',(#3329,#3330,#3331,#3332,#3333,#3334,#3335,#3336));
#1585=EDGE_LOOP('',(#3337));
#1586=EDGE_LOOP('',(#3338,#3339,#3340,#3341));
#1587=EDGE_LOOP('',(#3342,#3343,#3344,#3345));
#1588=EDGE_LOOP('',(#3346,#3347,#3348,#3349));
#1589=EDGE_LOOP('',(#3350,#3351,#3352,#3353));
#1590=EDGE_LOOP('',(#3354,#3355,#3356,#3357));
#1591=EDGE_LOOP('',(#3358,#3359,#3360,#3361));
#1592=EDGE_LOOP('',(#3362,#3363,#3364,#3365));
#1593=EDGE_LOOP('',(#3366,#3367,#3368,#3369));
#1594=EDGE_LOOP('',(#3370,#3371,#3372,#3373));
#1595=EDGE_LOOP('',(#3374,#3375,#3376,#3377));
#1596=EDGE_LOOP('',(#3378,#3379,#3380,#3381));
#1597=EDGE_LOOP('',(#3382,#3383,#3384,#3385));
#1598=EDGE_LOOP('',(#3386,#3387,#3388,#3389));
#1599=EDGE_LOOP('',(#3390,#3391,#3392,#3393));
#1600=EDGE_LOOP('',(#3394,#3395,#3396,#3397));
#1601=EDGE_LOOP('',(#3398,#3399,#3400,#3401));
#1602=EDGE_LOOP('',(#3402,#3403,#3404,#3405));
#1603=EDGE_LOOP('',(#3406,#3407,#3408,#3409));
#1604=EDGE_LOOP('',(#3410,#3411,#3412,#3413));
#1605=EDGE_LOOP('',(#3414,#3415,#3416,#3417));
#1606=EDGE_LOOP('',(#3418,#3419,#3420,#3421));
#1607=EDGE_LOOP('',(#3422,#3423,#3424,#3425));
#1608=EDGE_LOOP('',(#3426,#3427,#3428,#3429));
#1609=EDGE_LOOP('',(#3430,#3431,#3432,#3433));
#1610=EDGE_LOOP('',(#3434,#3435,#3436,#3437));
#1611=EDGE_LOOP('',(#3438,#3439,#3440,#3441));
#1612=EDGE_LOOP('',(#3442,#3443,#3444,#3445));
#1613=EDGE_LOOP('',(#3446,#3447,#3448,#3449));
#1614=EDGE_LOOP('',(#3450,#3451,#3452,#3453));
#1615=EDGE_LOOP('',(#3454,#3455,#3456,#3457));
#1616=EDGE_LOOP('',(#3458,#3459,#3460,#3461));
#1617=EDGE_LOOP('',(#3462,#3463,#3464,#3465));
#1618=EDGE_LOOP('',(#3466,#3467,#3468,#3469));
#1619=EDGE_LOOP('',(#3470));
#1620=EDGE_LOOP('',(#3471,#3472,#3473,#3474));
#1621=EDGE_LOOP('',(#3475,#3476,#3477,#3478));
#1622=EDGE_LOOP('',(#3479,#3480,#3481,#3482));
#1623=EDGE_LOOP('',(#3483,#3484,#3485,#3486));
#1624=EDGE_LOOP('',(#3487,#3488,#3489,#3490));
#1625=EDGE_LOOP('',(#3491,#3492,#3493,#3494));
#1626=EDGE_LOOP('',(#3495,#3496,#3497,#3498));
#1627=EDGE_LOOP('',(#3499,#3500,#3501,#3502));
#1628=EDGE_LOOP('',(#3503,#3504,#3505,#3506));
#1629=EDGE_LOOP('',(#3507,#3508,#3509,#3510));
#1630=EDGE_LOOP('',(#3511,#3512,#3513,#3514));
#1631=EDGE_LOOP('',(#3515,#3516,#3517,#3518));
#1632=EDGE_LOOP('',(#3519,#3520,#3521,#3522));
#1633=EDGE_LOOP('',(#3523,#3524,#3525,#3526,#3527,#3528));
#1634=EDGE_LOOP('',(#3529,#3530,#3531,#3532));
#1635=EDGE_LOOP('',(#3533,#3534,#3535,#3536));
#1636=EDGE_LOOP('',(#3537,#3538,#3539,#3540));
#1637=EDGE_LOOP('',(#3541,#3542,#3543,#3544));
#1638=EDGE_LOOP('',(#3545,#3546,#3547,#3548));
#1639=EDGE_LOOP('',(#3549,#3550,#3551,#3552,#3553,#3554,#3555,#3556,#3557,
#3558,#3559,#3560,#3561,#3562,#3563,#3564,#3565,#3566,#3567,#3568));
#1640=EDGE_LOOP('',(#3569,#3570,#3571,#3572,#3573,#3574,#3575,#3576));
#1641=EDGE_LOOP('',(#3577,#3578,#3579,#3580));
#1642=EDGE_LOOP('',(#3581,#3582,#3583,#3584,#3585,#3586));
#1643=EDGE_LOOP('',(#3587,#3588,#3589,#3590));
#1644=EDGE_LOOP('',(#3591,#3592,#3593,#3594));
#1645=EDGE_LOOP('',(#3595,#3596,#3597,#3598));
#1646=EDGE_LOOP('',(#3599,#3600,#3601,#3602));
#1647=EDGE_LOOP('',(#3603,#3604,#3605,#3606));
#1648=EDGE_LOOP('',(#3607,#3608,#3609,#3610));
#1649=EDGE_LOOP('',(#3611,#3612,#3613,#3614));
#1650=EDGE_LOOP('',(#3615,#3616,#3617,#3618));
#1651=EDGE_LOOP('',(#3619,#3620,#3621,#3622));
#1652=EDGE_LOOP('',(#3623,#3624,#3625,#3626));
#1653=EDGE_LOOP('',(#3627,#3628,#3629,#3630));
#1654=EDGE_LOOP('',(#3631,#3632,#3633,#3634));
#1655=EDGE_LOOP('',(#3635,#3636,#3637,#3638));
#1656=EDGE_LOOP('',(#3639,#3640,#3641,#3642));
#1657=EDGE_LOOP('',(#3643,#3644,#3645,#3646));
#1658=EDGE_LOOP('',(#3647,#3648,#3649,#3650));
#1659=EDGE_LOOP('',(#3651,#3652,#3653,#3654));
#1660=EDGE_LOOP('',(#3655,#3656,#3657,#3658));
#1661=EDGE_LOOP('',(#3659,#3660,#3661,#3662));
#1662=EDGE_LOOP('',(#3663,#3664,#3665,#3666));
#1663=EDGE_LOOP('',(#3667,#3668,#3669,#3670,#3671,#3672,#3673,#3674,#3675,
#3676,#3677,#3678,#3679,#3680,#3681,#3682));
#1664=EDGE_LOOP('',(#3683,#3684,#3685,#3686));
#1665=EDGE_LOOP('',(#3687,#3688,#3689,#3690));
#1666=EDGE_LOOP('',(#3691,#3692,#3693,#3694,#3695,#3696,#3697,#3698,#3699,
#3700,#3701,#3702,#3703,#3704,#3705,#3706));
#1667=EDGE_LOOP('',(#3707,#3708,#3709,#3710));
#1668=EDGE_LOOP('',(#3711,#3712,#3713,#3714));
#1669=EDGE_LOOP('',(#3715,#3716,#3717,#3718,#3719,#3720,#3721,#3722,#3723,
#3724,#3725,#3726));
#1670=EDGE_LOOP('',(#3727,#3728,#3729,#3730));
#1671=EDGE_LOOP('',(#3731,#3732,#3733,#3734));
#1672=EDGE_LOOP('',(#3735,#3736,#3737,#3738));
#1673=EDGE_LOOP('',(#3739,#3740,#3741,#3742));
#1674=EDGE_LOOP('',(#3743,#3744,#3745,#3746));
#1675=EDGE_LOOP('',(#3747,#3748,#3749,#3750,#3751,#3752,#3753,#3754));
#1676=EDGE_LOOP('',(#3755,#3756,#3757,#3758));
#1677=EDGE_LOOP('',(#3759,#3760,#3761,#3762));
#1678=EDGE_LOOP('',(#3763,#3764,#3765,#3766));
#1679=EDGE_LOOP('',(#3767,#3768,#3769,#3770));
#1680=EDGE_LOOP('',(#3771,#3772,#3773,#3774));
#1681=EDGE_LOOP('',(#3775,#3776,#3777,#3778));
#1682=EDGE_LOOP('',(#3779,#3780,#3781,#3782));
#1683=EDGE_LOOP('',(#3783,#3784,#3785,#3786));
#1684=EDGE_LOOP('',(#3787,#3788,#3789,#3790));
#1685=EDGE_LOOP('',(#3791,#3792,#3793,#3794));
#1686=EDGE_LOOP('',(#3795,#3796,#3797,#3798));
#1687=EDGE_LOOP('',(#3799,#3800,#3801,#3802));
#1688=EDGE_LOOP('',(#3803,#3804,#3805,#3806));
#1689=EDGE_LOOP('',(#3807,#3808,#3809,#3810));
#1690=EDGE_LOOP('',(#3811,#3812,#3813,#3814));
#1691=EDGE_LOOP('',(#3815,#3816,#3817,#3818));
#1692=EDGE_LOOP('',(#3819,#3820,#3821,#3822));
#1693=EDGE_LOOP('',(#3823,#3824,#3825,#3826));
#1694=EDGE_LOOP('',(#3827,#3828,#3829,#3830));
#1695=EDGE_LOOP('',(#3831,#3832,#3833,#3834));
#1696=EDGE_LOOP('',(#3835,#3836,#3837,#3838));
#1697=EDGE_LOOP('',(#3839,#3840,#3841,#3842));
#1698=EDGE_LOOP('',(#3843,#3844,#3845,#3846));
#1699=EDGE_LOOP('',(#3847,#3848,#3849,#3850));
#1700=EDGE_LOOP('',(#3851,#3852,#3853,#3854));
#1701=EDGE_LOOP('',(#3855,#3856,#3857,#3858,#3859,#3860,#3861,#3862,#3863,
#3864));
#1702=EDGE_LOOP('',(#3865,#3866,#3867,#3868,#3869,#3870,#3871,#3872));
#1703=EDGE_LOOP('',(#3873,#3874,#3875,#3876));
#1704=EDGE_LOOP('',(#3877,#3878,#3879,#3880));
#1705=EDGE_LOOP('',(#3881,#3882,#3883,#3884,#3885,#3886,#3887,#3888,#3889,
#3890));
#1706=EDGE_LOOP('',(#3891,#3892,#3893,#3894));
#1707=EDGE_LOOP('',(#3895,#3896,#3897,#3898));
#1708=EDGE_LOOP('',(#3899,#3900,#3901,#3902));
#1709=EDGE_LOOP('',(#3903,#3904,#3905,#3906,#3907,#3908,#3909,#3910,#3911,
#3912));
#1710=EDGE_LOOP('',(#3913,#3914,#3915,#3916));
#1711=EDGE_LOOP('',(#3917));
#1712=EDGE_LOOP('',(#3918));
#1713=EDGE_LOOP('',(#3919));
#1714=EDGE_LOOP('',(#3920));
#1715=EDGE_LOOP('',(#3921,#3922,#3923,#3924,#3925,#3926,#3927,#3928,#3929,
#3930,#3931,#3932,#3933,#3934,#3935,#3936));
#1716=EDGE_LOOP('',(#3937,#3938,#3939,#3940));
#1717=EDGE_LOOP('',(#3941,#3942,#3943,#3944,#3945,#3946,#3947,#3948,#3949,
#3950,#3951,#3952,#3953,#3954,#3955,#3956,#3957,#3958,#3959,#3960,#3961,
#3962,#3963,#3964,#3965,#3966,#3967,#3968,#3969,#3970,#3971));
#1718=EDGE_LOOP('',(#3972,#3973,#3974,#3975));
#1719=EDGE_LOOP('',(#3976,#3977,#3978,#3979));
#1720=EDGE_LOOP('',(#3980,#3981,#3982,#3983));
#1721=EDGE_LOOP('',(#3984,#3985,#3986,#3987));
#1722=EDGE_LOOP('',(#3988,#3989,#3990,#3991));
#1723=EDGE_LOOP('',(#3992,#3993,#3994,#3995));
#1724=EDGE_LOOP('',(#3996,#3997,#3998,#3999));
#1725=EDGE_LOOP('',(#4000,#4001,#4002,#4003));
#1726=EDGE_LOOP('',(#4004,#4005,#4006,#4007));
#1727=EDGE_LOOP('',(#4008,#4009,#4010,#4011,#4012,#4013,#4014,#4015,#4016,
#4017,#4018,#4019,#4020,#4021,#4022,#4023,#4024,#4025,#4026,#4027,#4028,
#4029,#4030,#4031,#4032,#4033,#4034,#4035,#4036,#4037,#4038));
#1728=EDGE_LOOP('',(#4039,#4040,#4041,#4042));
#1729=EDGE_LOOP('',(#4043,#4044,#4045,#4046,#4047,#4048,#4049));
#1730=EDGE_LOOP('',(#4050,#4051,#4052,#4053));
#1731=EDGE_LOOP('',(#4054,#4055,#4056,#4057));
#1732=EDGE_LOOP('',(#4058,#4059,#4060,#4061));
#1733=EDGE_LOOP('',(#4062,#4063,#4064,#4065));
#1734=EDGE_LOOP('',(#4066,#4067,#4068,#4069));
#1735=EDGE_LOOP('',(#4070,#4071,#4072,#4073,#4074,#4075,#4076,#4077,#4078,
#4079,#4080,#4081,#4082,#4083,#4084,#4085,#4086,#4087,#4088,#4089,#4090,
#4091,#4092,#4093,#4094,#4095,#4096,#4097,#4098,#4099,#4100));
#1736=EDGE_LOOP('',(#4101,#4102,#4103,#4104));
#1737=EDGE_LOOP('',(#4105,#4106,#4107,#4108,#4109,#4110,#4111,#4112,#4113,
#4114));
#1738=EDGE_LOOP('',(#4115,#4116,#4117,#4118));
#1739=EDGE_LOOP('',(#4119,#4120,#4121,#4122,#4123,#4124,#4125,#4126,#4127,
#4128));
#1740=EDGE_LOOP('',(#4129,#4130,#4131,#4132));
#1741=EDGE_LOOP('',(#4133,#4134,#4135,#4136));
#1742=EDGE_LOOP('',(#4137,#4138,#4139,#4140,#4141,#4142));
#1743=EDGE_LOOP('',(#4143,#4144,#4145,#4146));
#1744=EDGE_LOOP('',(#4147,#4148,#4149,#4150,#4151,#4152,#4153,#4154,#4155,
#4156,#4157,#4158,#4159));
#1745=EDGE_LOOP('',(#4160,#4161,#4162,#4163));
#1746=EDGE_LOOP('',(#4164,#4165,#4166,#4167));
#1747=EDGE_LOOP('',(#4168,#4169,#4170,#4171,#4172,#4173));
#1748=EDGE_LOOP('',(#4174,#4175,#4176,#4177));
#1749=EDGE_LOOP('',(#4178,#4179,#4180,#4181));
#1750=EDGE_LOOP('',(#4182,#4183,#4184,#4185));
#1751=EDGE_LOOP('',(#4186,#4187,#4188,#4189));
#1752=EDGE_LOOP('',(#4190,#4191,#4192,#4193));
#1753=EDGE_LOOP('',(#4194,#4195,#4196,#4197,#4198));
#1754=EDGE_LOOP('',(#4199,#4200,#4201,#4202,#4203,#4204));
#1755=EDGE_LOOP('',(#4205,#4206,#4207,#4208));
#1756=EDGE_LOOP('',(#4209,#4210,#4211,#4212));
#1757=EDGE_LOOP('',(#4213,#4214,#4215,#4216,#4217));
#1758=EDGE_LOOP('',(#4218,#4219,#4220,#4221,#4222));
#1759=EDGE_LOOP('',(#4223,#4224,#4225,#4226));
#1760=EDGE_LOOP('',(#4227,#4228,#4229,#4230));
#1761=EDGE_LOOP('',(#4231,#4232,#4233,#4234));
#1762=EDGE_LOOP('',(#4235,#4236,#4237,#4238));
#1763=EDGE_LOOP('',(#4239,#4240,#4241,#4242));
#1764=EDGE_LOOP('',(#4243,#4244,#4245,#4246,#4247,#4248,#4249,#4250,#4251,
#4252,#4253,#4254,#4255));
#1765=EDGE_LOOP('',(#4256,#4257,#4258,#4259));
#1766=EDGE_LOOP('',(#4260,#4261,#4262,#4263));
#1767=EDGE_LOOP('',(#4264,#4265,#4266,#4267));
#1768=EDGE_LOOP('',(#4268,#4269,#4270,#4271));
#1769=EDGE_LOOP('',(#4272,#4273,#4274,#4275));
#1770=EDGE_LOOP('',(#4276,#4277,#4278,#4279));
#1771=EDGE_LOOP('',(#4280,#4281,#4282,#4283));
#1772=EDGE_LOOP('',(#4284,#4285,#4286,#4287));
#1773=EDGE_LOOP('',(#4288,#4289,#4290,#4291));
#1774=EDGE_LOOP('',(#4292,#4293,#4294,#4295));
#1775=EDGE_LOOP('',(#4296,#4297,#4298,#4299));
#1776=EDGE_LOOP('',(#4300,#4301,#4302,#4303,#4304,#4305));
#1777=EDGE_LOOP('',(#4306,#4307,#4308,#4309,#4310,#4311,#4312,#4313,#4314,
#4315,#4316,#4317,#4318,#4319,#4320,#4321,#4322,#4323,#4324,#4325,#4326,
#4327,#4328,#4329,#4330,#4331,#4332,#4333,#4334,#4335,#4336));
#1778=EDGE_LOOP('',(#4337,#4338,#4339,#4340,#4341,#4342,#4343,#4344,#4345,
#4346,#4347,#4348));
#1779=EDGE_LOOP('',(#4349));
#1780=EDGE_LOOP('',(#4350));
#1781=EDGE_LOOP('',(#4351));
#1782=EDGE_LOOP('',(#4352));
#1783=EDGE_LOOP('',(#4353));
#1784=EDGE_LOOP('',(#4354,#4355,#4356,#4357,#4358,#4359,#4360,#4361,#4362,
#4363,#4364,#4365));
#1785=EDGE_LOOP('',(#4366));
#1786=EDGE_LOOP('',(#4367));
#1787=EDGE_LOOP('',(#4368));
#1788=EDGE_LOOP('',(#4369));
#1789=EDGE_LOOP('',(#4370));
#1790=EDGE_LOOP('',(#4371,#4372,#4373,#4374,#4375,#4376,#4377));
#1791=EDGE_LOOP('',(#4378,#4379,#4380,#4381));
#1792=EDGE_LOOP('',(#4382,#4383,#4384,#4385,#4386,#4387));
#1793=EDGE_LOOP('',(#4388,#4389,#4390,#4391));
#1794=EDGE_LOOP('',(#4392,#4393,#4394,#4395));
#1795=EDGE_LOOP('',(#4396,#4397,#4398,#4399));
#1796=EDGE_LOOP('',(#4400,#4401,#4402,#4403));
#1797=EDGE_LOOP('',(#4404,#4405,#4406,#4407,#4408,#4409));
#1798=EDGE_LOOP('',(#4410,#4411,#4412,#4413));
#1799=EDGE_LOOP('',(#4414,#4415,#4416,#4417));
#1800=EDGE_LOOP('',(#4418,#4419,#4420,#4421));
#1801=EDGE_LOOP('',(#4422,#4423,#4424,#4425));
#1802=EDGE_LOOP('',(#4426,#4427,#4428,#4429));
#1803=EDGE_LOOP('',(#4430,#4431,#4432,#4433,#4434));
#1804=EDGE_LOOP('',(#4435,#4436,#4437,#4438,#4439,#4440));
#1805=EDGE_LOOP('',(#4441,#4442,#4443,#4444));
#1806=EDGE_LOOP('',(#4445,#4446,#4447,#4448,#4449,#4450));
#1807=EDGE_LOOP('',(#4451,#4452,#4453,#4454,#4455));
#1808=EDGE_LOOP('',(#4456,#4457,#4458,#4459));
#1809=EDGE_LOOP('',(#4460,#4461,#4462,#4463));
#1810=EDGE_LOOP('',(#4464,#4465,#4466,#4467,#4468));
#1811=EDGE_LOOP('',(#4469,#4470,#4471,#4472));
#1812=EDGE_LOOP('',(#4473,#4474,#4475,#4476));
#1813=EDGE_LOOP('',(#4477,#4478,#4479,#4480));
#1814=EDGE_LOOP('',(#4481,#4482,#4483,#4484));
#1815=EDGE_LOOP('',(#4485,#4486,#4487,#4488));
#1816=EDGE_LOOP('',(#4489,#4490,#4491,#4492,#4493,#4494,#4495,#4496,#4497,
#4498,#4499,#4500,#4501));
#1817=EDGE_LOOP('',(#4502,#4503,#4504,#4505,#4506,#4507,#4508,#4509,#4510,
#4511,#4512,#4513,#4514));
#1818=EDGE_LOOP('',(#4515,#4516,#4517,#4518));
#1819=EDGE_LOOP('',(#4519,#4520,#4521,#4522));
#1820=EDGE_LOOP('',(#4523,#4524,#4525,#4526));
#1821=EDGE_LOOP('',(#4527,#4528,#4529,#4530));
#1822=EDGE_LOOP('',(#4531,#4532,#4533,#4534));
#1823=EDGE_LOOP('',(#4535,#4536,#4537,#4538));
#1824=EDGE_LOOP('',(#4539,#4540,#4541,#4542));
#1825=EDGE_LOOP('',(#4543,#4544,#4545,#4546));
#1826=EDGE_LOOP('',(#4547,#4548,#4549,#4550));
#1827=EDGE_LOOP('',(#4551,#4552,#4553,#4554));
#1828=EDGE_LOOP('',(#4555,#4556,#4557,#4558));
#1829=EDGE_LOOP('',(#4559,#4560,#4561,#4562));
#1830=EDGE_LOOP('',(#4563,#4564,#4565,#4566));
#1831=EDGE_LOOP('',(#4567,#4568,#4569,#4570));
#1832=EDGE_LOOP('',(#4571,#4572,#4573,#4574));
#1833=EDGE_LOOP('',(#4575,#4576,#4577,#4578));
#1834=EDGE_LOOP('',(#4579,#4580,#4581,#4582));
#1835=EDGE_LOOP('',(#4583,#4584,#4585,#4586));
#1836=EDGE_LOOP('',(#4587,#4588,#4589,#4590));
#1837=EDGE_LOOP('',(#4591,#4592,#4593,#4594));
#1838=EDGE_LOOP('',(#4595,#4596,#4597,#4598));
#1839=EDGE_LOOP('',(#4599,#4600,#4601,#4602));
#1840=EDGE_LOOP('',(#4603,#4604,#4605,#4606));
#1841=EDGE_LOOP('',(#4607));
#1842=EDGE_LOOP('',(#4608,#4609,#4610));
#1843=EDGE_LOOP('',(#4611,#4612,#4613,#4614));
#1844=EDGE_LOOP('',(#4615,#4616,#4617,#4618));
#1845=EDGE_LOOP('',(#4619,#4620,#4621,#4622));
#1846=EDGE_LOOP('',(#4623,#4624,#4625,#4626));
#1847=EDGE_LOOP('',(#4627,#4628,#4629,#4630));
#1848=EDGE_LOOP('',(#4631,#4632,#4633,#4634));
#1849=EDGE_LOOP('',(#4635,#4636,#4637,#4638));
#1850=EDGE_LOOP('',(#4639,#4640,#4641,#4642));
#1851=EDGE_LOOP('',(#4643,#4644,#4645,#4646));
#1852=EDGE_LOOP('',(#4647,#4648,#4649,#4650));
#1853=EDGE_LOOP('',(#4651,#4652,#4653,#4654));
#1854=EDGE_LOOP('',(#4655,#4656,#4657,#4658));
#1855=EDGE_LOOP('',(#4659,#4660,#4661,#4662));
#1856=EDGE_LOOP('',(#4663,#4664,#4665,#4666));
#1857=EDGE_LOOP('',(#4667,#4668,#4669,#4670));
#1858=EDGE_LOOP('',(#4671,#4672,#4673,#4674));
#1859=EDGE_LOOP('',(#4675,#4676,#4677,#4678));
#1860=EDGE_LOOP('',(#4679,#4680,#4681,#4682));
#1861=EDGE_LOOP('',(#4683,#4684,#4685,#4686));
#1862=EDGE_LOOP('',(#4687,#4688,#4689,#4690));
#1863=EDGE_LOOP('',(#4691,#4692,#4693,#4694));
#1864=EDGE_LOOP('',(#4695));
#1865=EDGE_LOOP('',(#4696));
#1866=EDGE_LOOP('',(#4697));
#1867=EDGE_LOOP('',(#4698));
#1868=EDGE_LOOP('',(#4699,#4700,#4701,#4702));
#1869=EDGE_LOOP('',(#4703,#4704,#4705,#4706));
#1870=EDGE_LOOP('',(#4707,#4708,#4709,#4710));
#1871=EDGE_LOOP('',(#4711,#4712,#4713,#4714));
#1872=CIRCLE('',#5193,0.0216535433070866);
#1873=CIRCLE('',#5194,0.0216535433070866);
#1874=CIRCLE('',#5195,0.0147637795275591);
#1875=CIRCLE('',#5196,0.0283464566929134);
#1876=CIRCLE('',#5198,0.0216535433070866);
#1877=CIRCLE('',#5199,0.0216535433070866);
#1878=CIRCLE('',#5200,0.0147637795275591);
#1879=CIRCLE('',#5201,0.0283464566929134);
#1880=CIRCLE('',#5203,0.0216535433070866);
#1881=CIRCLE('',#5204,0.0216535433070866);
#1882=CIRCLE('',#5205,0.0147637795275591);
#1883=CIRCLE('',#5206,0.0283464566929134);
#1884=CIRCLE('',#5208,0.0216535433070866);
#1885=CIRCLE('',#5209,0.0216535433070866);
#1886=CIRCLE('',#5210,0.0147637795275591);
#1887=CIRCLE('',#5211,0.0283464566929134);
#1888=CIRCLE('',#5224,0.0196850393700787);
#1889=CIRCLE('',#5225,0.000984251968503937);
#1890=CIRCLE('',#5226,0.0206692913385827);
#1891=CIRCLE('',#5228,0.0383858267716535);
#1892=CIRCLE('',#5229,0.0383858267716535);
#1893=CIRCLE('',#5233,0.0393700787401575);
#1894=CIRCLE('',#5240,0.0393700787401575);
#1895=CIRCLE('',#5245,0.0393700787401575);
#1896=CIRCLE('',#5259,0.000984251968503937);
#1897=CIRCLE('',#5264,0.000984251968503937);
#1898=CIRCLE('',#5266,0.000984251968503937);
#1899=CIRCLE('',#5271,0.000984251968503937);
#1900=CIRCLE('',#5285,0.000984251968503937);
#1901=CIRCLE('',#5286,0.0187007874015748);
#1902=CIRCLE('',#5313,0.0393700787401575);
#1903=CIRCLE('',#5316,0.100393700787402);
#1904=CIRCLE('',#5317,0.100393700787402);
#1905=CIRCLE('',#5318,0.100393700787402);
#1906=CIRCLE('',#5319,0.100393700787402);
#1907=CIRCLE('',#5361,0.0147637795275591);
#1908=CIRCLE('',#5363,0.0147637795275591);
#1909=CIRCLE('',#5365,0.0147637795275591);
#1910=CIRCLE('',#5367,0.0147637795275591);
#1911=CIRCLE('',#5370,0.100393700787402);
#1912=CIRCLE('',#5374,0.100393700787402);
#1913=CIRCLE('',#5378,0.100393700787402);
#1914=CIRCLE('',#5382,0.100393700787402);
#1915=CIRCLE('',#5394,0.015748031496063);
#1916=CIRCLE('',#5395,0.015748031496063);
#1917=CIRCLE('',#5397,0.015748031496063);
#1918=CIRCLE('',#5398,0.015748031496063);
#1919=CIRCLE('',#5399,0.015748031496063);
#1920=CIRCLE('',#5400,0.015748031496063);
#1921=CIRCLE('',#5401,0.0177165354330709);
#1922=CIRCLE('',#5402,0.00590551181102362);
#1923=CIRCLE('',#5403,0.00590551181102362);
#1924=CIRCLE('',#5404,0.00590551181102364);
#1925=CIRCLE('',#5405,0.00590551181102363);
#1926=CIRCLE('',#5406,0.0059055118110236);
#1927=CIRCLE('',#5407,0.00590551181102362);
#1928=CIRCLE('',#5410,0.015748031496063);
#1929=CIRCLE('',#5412,0.015748031496063);
#1930=CIRCLE('',#5415,0.015748031496063);
#1931=CIRCLE('',#5418,0.015748031496063);
#1932=CIRCLE('',#5420,0.015748031496063);
#1933=CIRCLE('',#5421,0.015748031496063);
#1934=CIRCLE('',#5424,0.00590551181102362);
#1935=CIRCLE('',#5425,0.0059055118110236);
#1936=CIRCLE('',#5426,0.00590551181102363);
#1937=CIRCLE('',#5427,0.00590551181102364);
#1938=CIRCLE('',#5428,0.00590551181102362);
#1939=CIRCLE('',#5429,0.00590551181102362);
#1940=CIRCLE('',#5430,0.0177165354330709);
#1941=CIRCLE('',#5431,0.015748031496063);
#1942=CIRCLE('',#5432,0.015748031496063);
#1943=CIRCLE('',#5433,0.015748031496063);
#1944=CIRCLE('',#5434,0.015748031496063);
#1945=CIRCLE('',#5436,0.015748031496063);
#1946=CIRCLE('',#5438,0.00984251968503937);
#1947=CIRCLE('',#5440,0.015748031496063);
#1948=CIRCLE('',#5443,0.015748031496063);
#1949=CIRCLE('',#5446,0.015748031496063);
#1950=CIRCLE('',#5448,0.0177165354330709);
#1951=CIRCLE('',#5449,0.00590551181102362);
#1952=CIRCLE('',#5450,0.00590551181102362);
#1953=CIRCLE('',#5451,0.00590551181102364);
#1954=CIRCLE('',#5452,0.00590551181102363);
#1955=CIRCLE('',#5453,0.0059055118110236);
#1956=CIRCLE('',#5454,0.00590551181102362);
#1957=CIRCLE('',#5456,0.00984251968503937);
#1958=CIRCLE('',#5458,0.00984251968503937);
#1959=CIRCLE('',#5460,0.00984251968503937);
#1960=CIRCLE('',#5461,0.00984251968503937);
#1961=CIRCLE('',#5463,0.00984251968503937);
#1962=CIRCLE('',#5465,0.00984251968503937);
#1963=CIRCLE('',#5466,0.00984251968503937);
#1964=CIRCLE('',#5469,0.00984251968503937);
#1965=CIRCLE('',#5471,0.00984251968503937);
#1966=CIRCLE('',#5473,0.0196850393700788);
#1967=CIRCLE('',#5474,0.0157480314960627);
#1968=CIRCLE('',#5475,0.00393700787401574);
#1969=CIRCLE('',#5477,0.0196850393700788);
#1970=CIRCLE('',#5482,0.00393700787401574);
#1971=CIRCLE('',#5485,0.0157480314960627);
#1972=CIRCLE('',#5488,0.00984251968503937);
#1973=CIRCLE('',#5490,0.0177165354330709);
#1974=CIRCLE('',#5491,0.0177165354330709);
#1975=CIRCLE('',#5499,0.00590551181102362);
#1976=CIRCLE('',#5502,0.0059055118110236);
#1977=CIRCLE('',#5505,0.00590551181102363);
#1978=CIRCLE('',#5508,0.00590551181102364);
#1979=CIRCLE('',#5511,0.00590551181102362);
#1980=CIRCLE('',#5514,0.00590551181102362);
#1981=CIRCLE('',#5522,0.0147637795275591);
#1982=CIRCLE('',#5523,0.0147637795275591);
#1983=CIRCLE('',#5524,0.0147637795275591);
#1984=CIRCLE('',#5525,0.0147637795275591);
#1985=CIRCLE('',#5526,0.0688976377952756);
#1986=CIRCLE('',#5528,0.0688976377952756);
#1987=CIRCLE('',#5529,0.0147637795275591);
#1988=CIRCLE('',#5530,0.0147637795275591);
#1989=CIRCLE('',#5531,0.0147637795275591);
#1990=CIRCLE('',#5532,0.0147637795275591);
#1991=CIRCLE('',#5535,0.00984251968503937);
#1992=CIRCLE('',#5536,0.00984251968503937);
#1993=CIRCLE('',#5538,0.00984251968503937);
#1994=CIRCLE('',#5541,0.00984251968503937);
#1995=CIRCLE('',#5543,0.0196850393700788);
#1996=CIRCLE('',#5544,0.0196850393700788);
#1997=CIRCLE('',#5549,0.00393700787401574);
#1998=CIRCLE('',#5550,0.00393700787401574);
#1999=CIRCLE('',#5553,0.0157480314960627);
#2000=CIRCLE('',#5554,0.0157480314960627);
#2001=CIRCLE('',#5557,0.00984251968503937);
#2002=CIRCLE('',#5561,0.0177165354330709);
#2003=CIRCLE('',#5595,0.0671003193771204);
#2004=CIRCLE('',#5596,0.00590551181102362);
#2005=CIRCLE('',#5597,0.0611971971825488);
#2006=CIRCLE('',#5599,0.0688976377952756);
#2007=CIRCLE('',#5601,0.0358792810750652);
#2008=CIRCLE('',#5602,0.0325624403942896);
#2009=CIRCLE('',#5604,0.0505905511811024);
#2010=CIRCLE('',#5605,0.0505905511811024);
#2011=CIRCLE('',#5608,0.0344488188976378);
#2012=CIRCLE('',#5609,0.0344488188976378);
#2013=CIRCLE('',#5613,0.0344488188976378);
#2014=CIRCLE('',#5614,0.0344488188976378);
#2015=CIRCLE('',#5617,0.0505905511811024);
#2016=CIRCLE('',#5618,0.0505905511811024);
#2017=CIRCLE('',#5622,0.0505905511811024);
#2018=CIRCLE('',#5623,0.0505905511811024);
#2019=CIRCLE('',#5626,0.0344488188976378);
#2020=CIRCLE('',#5627,0.0344488188976378);
#2021=CIRCLE('',#5631,0.0344488188976378);
#2022=CIRCLE('',#5632,0.0344488188976378);
#2023=CIRCLE('',#5635,0.0505905511811024);
#2024=CIRCLE('',#5636,0.0505905511811024);
#2025=CIRCLE('',#5640,0.0984251968503937);
#2026=CIRCLE('',#5641,0.0984251968503937);
#2027=VERTEX_POINT('',#7101);
#2028=VERTEX_POINT('',#7102);
#2029=VERTEX_POINT('',#7105);
#2030=VERTEX_POINT('',#7134);
#2031=VERTEX_POINT('',#7137);
#2032=VERTEX_POINT('',#7138);
#2033=VERTEX_POINT('',#7141);
#2034=VERTEX_POINT('',#7170);
#2035=VERTEX_POINT('',#7173);
#2036=VERTEX_POINT('',#7174);
#2037=VERTEX_POINT('',#7177);
#2038=VERTEX_POINT('',#7206);
#2039=VERTEX_POINT('',#7209);
#2040=VERTEX_POINT('',#7210);
#2041=VERTEX_POINT('',#7213);
#2042=VERTEX_POINT('',#7242);
#2043=VERTEX_POINT('',#7245);
#2044=VERTEX_POINT('',#7246);
#2045=VERTEX_POINT('',#7248);
#2046=VERTEX_POINT('',#7250);
#2047=VERTEX_POINT('',#7254);
#2048=VERTEX_POINT('',#7255);
#2049=VERTEX_POINT('',#7257);
#2050=VERTEX_POINT('',#7259);
#2051=VERTEX_POINT('',#7263);
#2052=VERTEX_POINT('',#7264);
#2053=VERTEX_POINT('',#7266);
#2054=VERTEX_POINT('',#7268);
#2055=VERTEX_POINT('',#7272);
#2056=VERTEX_POINT('',#7273);
#2057=VERTEX_POINT('',#7275);
#2058=VERTEX_POINT('',#7277);
#2059=VERTEX_POINT('',#7281);
#2060=VERTEX_POINT('',#7283);
#2061=VERTEX_POINT('',#7287);
#2062=VERTEX_POINT('',#7289);
#2063=VERTEX_POINT('',#7294);
#2064=VERTEX_POINT('',#7298);
#2065=VERTEX_POINT('',#7304);
#2066=VERTEX_POINT('',#7311);
#2067=VERTEX_POINT('',#7313);
#2068=VERTEX_POINT('',#7317);
#2069=VERTEX_POINT('',#7318);
#2070=VERTEX_POINT('',#7320);
#2071=VERTEX_POINT('',#7322);
#2072=VERTEX_POINT('',#7324);
#2073=VERTEX_POINT('',#7326);
#2074=VERTEX_POINT('',#7328);
#2075=VERTEX_POINT('',#7330);
#2076=VERTEX_POINT('',#7334);
#2077=VERTEX_POINT('',#7335);
#2078=VERTEX_POINT('',#7353);
#2079=VERTEX_POINT('',#7370);
#2080=VERTEX_POINT('',#7374);
#2081=VERTEX_POINT('',#7378);
#2082=VERTEX_POINT('',#7395);
#2083=VERTEX_POINT('',#7412);
#2084=VERTEX_POINT('',#7418);
#2085=VERTEX_POINT('',#7420);
#2086=VERTEX_POINT('',#7424);
#2087=VERTEX_POINT('',#7428);
#2088=VERTEX_POINT('',#7432);
#2089=VERTEX_POINT('',#7436);
#2090=VERTEX_POINT('',#7437);
#2091=VERTEX_POINT('',#7439);
#2092=VERTEX_POINT('',#7441);
#2093=VERTEX_POINT('',#7445);
#2094=VERTEX_POINT('',#7447);
#2095=VERTEX_POINT('',#7451);
#2096=VERTEX_POINT('',#7453);
#2097=VERTEX_POINT('',#7460);
#2098=VERTEX_POINT('',#7461);
#2099=VERTEX_POINT('',#7463);
#2100=VERTEX_POINT('',#7465);
#2101=VERTEX_POINT('',#7469);
#2102=VERTEX_POINT('',#7471);
#2103=VERTEX_POINT('',#7475);
#2104=VERTEX_POINT('',#7479);
#2105=VERTEX_POINT('',#7483);
#2106=VERTEX_POINT('',#7484);
#2107=VERTEX_POINT('',#7486);
#2108=VERTEX_POINT('',#7488);
#2109=VERTEX_POINT('',#7492);
#2110=VERTEX_POINT('',#7494);
#2111=VERTEX_POINT('',#7498);
#2112=VERTEX_POINT('',#7500);
#2113=VERTEX_POINT('',#7504);
#2114=VERTEX_POINT('',#7506);
#2115=VERTEX_POINT('',#7510);
#2116=VERTEX_POINT('',#7514);
#2117=VERTEX_POINT('',#7518);
#2118=VERTEX_POINT('',#7519);
#2119=VERTEX_POINT('',#7524);
#2120=VERTEX_POINT('',#7528);
#2121=VERTEX_POINT('',#7535);
#2122=VERTEX_POINT('',#7540);
#2123=VERTEX_POINT('',#7541);
#2124=VERTEX_POINT('',#7543);
#2125=VERTEX_POINT('',#7545);
#2126=VERTEX_POINT('',#7549);
#2127=VERTEX_POINT('',#7551);
#2128=VERTEX_POINT('',#7555);
#2129=VERTEX_POINT('',#7557);
#2130=VERTEX_POINT('',#7565);
#2131=VERTEX_POINT('',#7567);
#2132=VERTEX_POINT('',#7571);
#2133=VERTEX_POINT('',#7575);
#2134=VERTEX_POINT('',#7583);
#2135=VERTEX_POINT('',#7585);
#2136=VERTEX_POINT('',#7589);
#2137=VERTEX_POINT('',#7593);
#2138=VERTEX_POINT('',#7599);
#2139=VERTEX_POINT('',#7601);
#2140=VERTEX_POINT('',#7607);
#2141=VERTEX_POINT('',#7613);
#2142=VERTEX_POINT('',#7615);
#2143=VERTEX_POINT('',#7617);
#2144=VERTEX_POINT('',#7619);
#2145=VERTEX_POINT('',#7621);
#2146=VERTEX_POINT('',#7623);
#2147=VERTEX_POINT('',#7625);
#2148=VERTEX_POINT('',#7627);
#2149=VERTEX_POINT('',#7629);
#2150=VERTEX_POINT('',#7631);
#2151=VERTEX_POINT('',#7633);
#2152=VERTEX_POINT('',#7635);
#2153=VERTEX_POINT('',#7637);
#2154=VERTEX_POINT('',#7639);
#2155=VERTEX_POINT('',#7641);
#2156=VERTEX_POINT('',#7643);
#2157=VERTEX_POINT('',#7647);
#2158=VERTEX_POINT('',#7655);
#2159=VERTEX_POINT('',#7656);
#2160=VERTEX_POINT('',#7658);
#2161=VERTEX_POINT('',#7660);
#2162=VERTEX_POINT('',#7664);
#2163=VERTEX_POINT('',#7666);
#2164=VERTEX_POINT('',#7670);
#2165=VERTEX_POINT('',#7672);
#2166=VERTEX_POINT('',#7680);
#2167=VERTEX_POINT('',#7681);
#2168=VERTEX_POINT('',#7683);
#2169=VERTEX_POINT('',#7685);
#2170=VERTEX_POINT('',#7689);
#2171=VERTEX_POINT('',#7691);
#2172=VERTEX_POINT('',#7695);
#2173=VERTEX_POINT('',#7697);
#2174=VERTEX_POINT('',#7705);
#2175=VERTEX_POINT('',#7706);
#2176=VERTEX_POINT('',#7708);
#2177=VERTEX_POINT('',#7710);
#2178=VERTEX_POINT('',#7714);
#2179=VERTEX_POINT('',#7716);
#2180=VERTEX_POINT('',#7720);
#2181=VERTEX_POINT('',#7721);
#2182=VERTEX_POINT('',#7723);
#2183=VERTEX_POINT('',#7725);
#2184=VERTEX_POINT('',#7729);
#2185=VERTEX_POINT('',#7731);
#2186=VERTEX_POINT('',#7735);
#2187=VERTEX_POINT('',#7736);
#2188=VERTEX_POINT('',#7738);
#2189=VERTEX_POINT('',#7740);
#2190=VERTEX_POINT('',#7744);
#2191=VERTEX_POINT('',#7745);
#2192=VERTEX_POINT('',#7747);
#2193=VERTEX_POINT('',#7749);
#2194=VERTEX_POINT('',#7759);
#2195=VERTEX_POINT('',#7760);
#2196=VERTEX_POINT('',#7762);
#2197=VERTEX_POINT('',#7766);
#2198=VERTEX_POINT('',#7768);
#2199=VERTEX_POINT('',#7770);
#2200=VERTEX_POINT('',#7774);
#2201=VERTEX_POINT('',#7778);
#2202=VERTEX_POINT('',#7782);
#2203=VERTEX_POINT('',#7783);
#2204=VERTEX_POINT('',#7785);
#2205=VERTEX_POINT('',#7787);
#2206=VERTEX_POINT('',#7794);
#2207=VERTEX_POINT('',#7796);
#2208=VERTEX_POINT('',#7800);
#2209=VERTEX_POINT('',#7802);
#2210=VERTEX_POINT('',#7804);
#2211=VERTEX_POINT('',#7806);
#2212=VERTEX_POINT('',#7808);
#2213=VERTEX_POINT('',#7810);
#2214=VERTEX_POINT('',#7812);
#2215=VERTEX_POINT('',#7814);
#2216=VERTEX_POINT('',#7818);
#2217=VERTEX_POINT('',#7822);
#2218=VERTEX_POINT('',#7824);
#2219=VERTEX_POINT('',#7832);
#2220=VERTEX_POINT('',#7836);
#2221=VERTEX_POINT('',#7838);
#2222=VERTEX_POINT('',#7842);
#2223=VERTEX_POINT('',#7844);
#2224=VERTEX_POINT('',#7848);
#2225=VERTEX_POINT('',#7850);
#2226=VERTEX_POINT('',#7854);
#2227=VERTEX_POINT('',#7858);
#2228=VERTEX_POINT('',#7862);
#2229=VERTEX_POINT('',#7866);
#2230=VERTEX_POINT('',#7870);
#2231=VERTEX_POINT('',#7874);
#2232=VERTEX_POINT('',#7878);
#2233=VERTEX_POINT('',#7882);
#2234=VERTEX_POINT('',#7886);
#2235=VERTEX_POINT('',#7888);
#2236=VERTEX_POINT('',#7892);
#2237=VERTEX_POINT('',#7896);
#2238=VERTEX_POINT('',#7900);
#2239=VERTEX_POINT('',#7902);
#2240=VERTEX_POINT('',#7906);
#2241=VERTEX_POINT('',#7910);
#2242=VERTEX_POINT('',#7914);
#2243=VERTEX_POINT('',#7916);
#2244=VERTEX_POINT('',#7920);
#2245=VERTEX_POINT('',#7924);
#2246=VERTEX_POINT('',#7928);
#2247=VERTEX_POINT('',#7930);
#2248=VERTEX_POINT('',#7934);
#2249=VERTEX_POINT('',#7938);
#2250=VERTEX_POINT('',#7950);
#2251=VERTEX_POINT('',#7951);
#2252=VERTEX_POINT('',#7956);
#2253=VERTEX_POINT('',#7960);
#2254=VERTEX_POINT('',#7967);
#2255=VERTEX_POINT('',#7968);
#2256=VERTEX_POINT('',#7970);
#2257=VERTEX_POINT('',#7972);
#2258=VERTEX_POINT('',#7976);
#2259=VERTEX_POINT('',#7978);
#2260=VERTEX_POINT('',#7980);
#2261=VERTEX_POINT('',#7982);
#2262=VERTEX_POINT('',#7984);
#2263=VERTEX_POINT('',#7986);
#2264=VERTEX_POINT('',#7988);
#2265=VERTEX_POINT('',#7990);
#2266=VERTEX_POINT('',#7992);
#2267=VERTEX_POINT('',#7994);
#2268=VERTEX_POINT('',#7996);
#2269=VERTEX_POINT('',#7998);
#2270=VERTEX_POINT('',#8000);
#2271=VERTEX_POINT('',#8002);
#2272=VERTEX_POINT('',#8004);
#2273=VERTEX_POINT('',#8006);
#2274=VERTEX_POINT('',#8008);
#2275=VERTEX_POINT('',#8010);
#2276=VERTEX_POINT('',#8012);
#2277=VERTEX_POINT('',#8014);
#2278=VERTEX_POINT('',#8016);
#2279=VERTEX_POINT('',#8018);
#2280=VERTEX_POINT('',#8020);
#2281=VERTEX_POINT('',#8022);
#2282=VERTEX_POINT('',#8024);
#2283=VERTEX_POINT('',#8026);
#2284=VERTEX_POINT('',#8028);
#2285=VERTEX_POINT('',#8030);
#2286=VERTEX_POINT('',#8032);
#2287=VERTEX_POINT('',#8036);
#2288=VERTEX_POINT('',#8040);
#2289=VERTEX_POINT('',#8044);
#2290=VERTEX_POINT('',#8045);
#2291=VERTEX_POINT('',#8050);
#2292=VERTEX_POINT('',#8054);
#2293=VERTEX_POINT('',#8056);
#2294=VERTEX_POINT('',#8060);
#2295=VERTEX_POINT('',#8066);
#2296=VERTEX_POINT('',#8067);
#2297=VERTEX_POINT('',#8069);
#2298=VERTEX_POINT('',#8071);
#2299=VERTEX_POINT('',#8075);
#2300=VERTEX_POINT('',#8077);
#2301=VERTEX_POINT('',#8081);
#2302=VERTEX_POINT('',#8083);
#2303=VERTEX_POINT('',#8085);
#2304=VERTEX_POINT('',#8087);
#2305=VERTEX_POINT('',#8089);
#2306=VERTEX_POINT('',#8091);
#2307=VERTEX_POINT('',#8093);
#2308=VERTEX_POINT('',#8095);
#2309=VERTEX_POINT('',#8097);
#2310=VERTEX_POINT('',#8099);
#2311=VERTEX_POINT('',#8101);
#2312=VERTEX_POINT('',#8103);
#2313=VERTEX_POINT('',#8105);
#2314=VERTEX_POINT('',#8107);
#2315=VERTEX_POINT('',#8109);
#2316=VERTEX_POINT('',#8111);
#2317=VERTEX_POINT('',#8113);
#2318=VERTEX_POINT('',#8115);
#2319=VERTEX_POINT('',#8117);
#2320=VERTEX_POINT('',#8119);
#2321=VERTEX_POINT('',#8121);
#2322=VERTEX_POINT('',#8123);
#2323=VERTEX_POINT('',#8125);
#2324=VERTEX_POINT('',#8127);
#2325=VERTEX_POINT('',#8129);
#2326=VERTEX_POINT('',#8131);
#2327=VERTEX_POINT('',#8133);
#2328=VERTEX_POINT('',#8135);
#2329=VERTEX_POINT('',#8139);
#2330=VERTEX_POINT('',#8141);
#2331=VERTEX_POINT('',#8145);
#2332=VERTEX_POINT('',#8147);
#2333=VERTEX_POINT('',#8149);
#2334=VERTEX_POINT('',#8151);
#2335=VERTEX_POINT('',#8155);
#2336=VERTEX_POINT('',#8157);
#2337=VERTEX_POINT('',#8163);
#2338=VERTEX_POINT('',#8164);
#2339=VERTEX_POINT('',#8171);
#2340=VERTEX_POINT('',#8176);
#2341=VERTEX_POINT('',#8178);
#2342=VERTEX_POINT('',#8180);
#2343=VERTEX_POINT('',#8182);
#2344=VERTEX_POINT('',#8184);
#2345=VERTEX_POINT('',#8186);
#2346=VERTEX_POINT('',#8188);
#2347=VERTEX_POINT('',#8190);
#2348=VERTEX_POINT('',#8192);
#2349=VERTEX_POINT('',#8194);
#2350=VERTEX_POINT('',#8196);
#2351=VERTEX_POINT('',#8198);
#2352=VERTEX_POINT('',#8200);
#2353=VERTEX_POINT('',#8202);
#2354=VERTEX_POINT('',#8204);
#2355=VERTEX_POINT('',#8206);
#2356=VERTEX_POINT('',#8208);
#2357=VERTEX_POINT('',#8210);
#2358=VERTEX_POINT('',#8212);
#2359=VERTEX_POINT('',#8214);
#2360=VERTEX_POINT('',#8218);
#2361=VERTEX_POINT('',#8222);
#2362=VERTEX_POINT('',#8224);
#2363=VERTEX_POINT('',#8226);
#2364=VERTEX_POINT('',#8229);
#2365=VERTEX_POINT('',#8231);
#2366=VERTEX_POINT('',#8235);
#2367=VERTEX_POINT('',#8237);
#2368=VERTEX_POINT('',#8241);
#2369=VERTEX_POINT('',#8243);
#2370=VERTEX_POINT('',#8245);
#2371=VERTEX_POINT('',#8247);
#2372=VERTEX_POINT('',#8249);
#2373=VERTEX_POINT('',#8251);
#2374=VERTEX_POINT('',#8253);
#2375=VERTEX_POINT('',#8257);
#2376=VERTEX_POINT('',#8258);
#2377=VERTEX_POINT('',#8260);
#2378=VERTEX_POINT('',#8262);
#2379=VERTEX_POINT('',#8266);
#2380=VERTEX_POINT('',#8268);
#2381=VERTEX_POINT('',#8272);
#2382=VERTEX_POINT('',#8274);
#2383=VERTEX_POINT('',#8276);
#2384=VERTEX_POINT('',#8280);
#2385=VERTEX_POINT('',#8284);
#2386=VERTEX_POINT('',#8286);
#2387=VERTEX_POINT('',#8289);
#2388=VERTEX_POINT('',#8291);
#2389=VERTEX_POINT('',#8293);
#2390=VERTEX_POINT('',#8295);
#2391=VERTEX_POINT('',#8297);
#2392=VERTEX_POINT('',#8299);
#2393=VERTEX_POINT('',#8303);
#2394=VERTEX_POINT('',#8304);
#2395=VERTEX_POINT('',#8311);
#2396=VERTEX_POINT('',#8315);
#2397=VERTEX_POINT('',#8319);
#2398=VERTEX_POINT('',#8323);
#2399=VERTEX_POINT('',#8327);
#2400=VERTEX_POINT('',#8333);
#2401=VERTEX_POINT('',#8335);
#2402=VERTEX_POINT('',#8342);
#2403=VERTEX_POINT('',#8344);
#2404=VERTEX_POINT('',#8346);
#2405=VERTEX_POINT('',#8350);
#2406=VERTEX_POINT('',#8351);
#2407=VERTEX_POINT('',#8353);
#2408=VERTEX_POINT('',#8355);
#2409=VERTEX_POINT('',#8362);
#2410=VERTEX_POINT('',#8371);
#2411=VERTEX_POINT('',#8375);
#2412=VERTEX_POINT('',#8379);
#2413=VERTEX_POINT('',#8383);
#2414=VERTEX_POINT('',#8389);
#2415=VERTEX_POINT('',#8393);
#2416=VERTEX_POINT('',#8397);
#2417=VERTEX_POINT('',#8401);
#2418=VERTEX_POINT('',#8405);
#2419=VERTEX_POINT('',#8409);
#2420=VERTEX_POINT('',#8413);
#2421=VERTEX_POINT('',#8417);
#2422=VERTEX_POINT('',#8421);
#2423=VERTEX_POINT('',#8430);
#2424=VERTEX_POINT('',#8434);
#2425=VERTEX_POINT('',#8436);
#2426=VERTEX_POINT('',#8439);
#2427=VERTEX_POINT('',#8441);
#2428=VERTEX_POINT('',#8443);
#2429=VERTEX_POINT('',#8446);
#2430=VERTEX_POINT('',#8448);
#2431=VERTEX_POINT('',#8450);
#2432=VERTEX_POINT('',#8452);
#2433=VERTEX_POINT('',#8454);
#2434=VERTEX_POINT('',#8457);
#2435=VERTEX_POINT('',#8459);
#2436=VERTEX_POINT('',#8462);
#2437=VERTEX_POINT('',#8464);
#2438=VERTEX_POINT('',#8466);
#2439=VERTEX_POINT('',#8469);
#2440=VERTEX_POINT('',#8471);
#2441=VERTEX_POINT('',#8473);
#2442=VERTEX_POINT('',#8475);
#2443=VERTEX_POINT('',#8477);
#2444=VERTEX_POINT('',#8482);
#2445=VERTEX_POINT('',#8483);
#2446=VERTEX_POINT('',#8485);
#2447=VERTEX_POINT('',#8487);
#2448=VERTEX_POINT('',#8491);
#2449=VERTEX_POINT('',#8493);
#2450=VERTEX_POINT('',#8495);
#2451=VERTEX_POINT('',#8497);
#2452=VERTEX_POINT('',#8501);
#2453=VERTEX_POINT('',#8505);
#2454=VERTEX_POINT('',#8509);
#2455=VERTEX_POINT('',#8510);
#2456=VERTEX_POINT('',#8512);
#2457=VERTEX_POINT('',#8514);
#2458=VERTEX_POINT('',#8521);
#2459=VERTEX_POINT('',#8523);
#2460=VERTEX_POINT('',#8527);
#2461=VERTEX_POINT('',#8529);
#2462=VERTEX_POINT('',#8533);
#2463=VERTEX_POINT('',#8535);
#2464=VERTEX_POINT('',#8539);
#2465=VERTEX_POINT('',#8541);
#2466=VERTEX_POINT('',#8551);
#2467=VERTEX_POINT('',#8556);
#2468=VERTEX_POINT('',#8560);
#2469=VERTEX_POINT('',#8562);
#2470=VERTEX_POINT('',#8564);
#2471=VERTEX_POINT('',#8568);
#2472=VERTEX_POINT('',#8575);
#2473=VERTEX_POINT('',#8579);
#2474=VERTEX_POINT('',#8637);
#2475=VERTEX_POINT('',#8639);
#2476=VERTEX_POINT('',#8643);
#2477=VERTEX_POINT('',#8674);
#2478=VERTEX_POINT('',#8675);
#2479=VERTEX_POINT('',#8679);
#2480=VERTEX_POINT('',#8680);
#2481=VERTEX_POINT('',#8682);
#2482=VERTEX_POINT('',#8684);
#2483=VERTEX_POINT('',#8688);
#2484=VERTEX_POINT('',#8690);
#2485=VERTEX_POINT('',#8694);
#2486=VERTEX_POINT('',#8696);
#2487=VERTEX_POINT('',#8704);
#2488=VERTEX_POINT('',#8705);
#2489=VERTEX_POINT('',#8707);
#2490=VERTEX_POINT('',#8709);
#2491=VERTEX_POINT('',#8713);
#2492=VERTEX_POINT('',#8715);
#2493=VERTEX_POINT('',#8719);
#2494=VERTEX_POINT('',#8721);
#2495=VERTEX_POINT('',#8729);
#2496=VERTEX_POINT('',#8730);
#2497=VERTEX_POINT('',#8732);
#2498=VERTEX_POINT('',#8734);
#2499=VERTEX_POINT('',#8738);
#2500=VERTEX_POINT('',#8740);
#2501=VERTEX_POINT('',#8744);
#2502=VERTEX_POINT('',#8746);
#2503=VERTEX_POINT('',#8754);
#2504=VERTEX_POINT('',#8755);
#2505=VERTEX_POINT('',#8757);
#2506=VERTEX_POINT('',#8759);
#2507=VERTEX_POINT('',#8763);
#2508=VERTEX_POINT('',#8765);
#2509=VERTEX_POINT('',#8769);
#2510=VERTEX_POINT('',#8771);
#2511=VERTEX_POINT('',#8779);
#2512=VERTEX_POINT('',#8781);
#2513=EDGE_CURVE('',#2027,#2028,#1872,.T.);
#2514=EDGE_CURVE('',#2028,#2027,#1873,.T.);
#2515=EDGE_CURVE('',#2029,#2029,#1874,.T.);
#2516=EDGE_CURVE('',#2030,#2028,#1875,.T.);
#2517=EDGE_CURVE('',#2031,#2032,#1876,.T.);
#2518=EDGE_CURVE('',#2032,#2031,#1877,.T.);
#2519=EDGE_CURVE('',#2033,#2033,#1878,.T.);
#2520=EDGE_CURVE('',#2034,#2032,#1879,.T.);
#2521=EDGE_CURVE('',#2035,#2036,#1880,.T.);
#2522=EDGE_CURVE('',#2036,#2035,#1881,.T.);
#2523=EDGE_CURVE('',#2037,#2037,#1882,.T.);
#2524=EDGE_CURVE('',#2036,#2038,#1883,.T.);
#2525=EDGE_CURVE('',#2039,#2040,#1884,.T.);
#2526=EDGE_CURVE('',#2040,#2039,#1885,.T.);
#2527=EDGE_CURVE('',#2041,#2041,#1886,.T.);
#2528=EDGE_CURVE('',#2040,#2042,#1887,.T.);
#2529=EDGE_CURVE('',#2043,#2044,#145,.T.);
#2530=EDGE_CURVE('',#2045,#2043,#146,.T.);
#2531=EDGE_CURVE('',#2046,#2045,#147,.T.);
#2532=EDGE_CURVE('',#2044,#2046,#148,.T.);
#2533=EDGE_CURVE('',#2047,#2048,#149,.T.);
#2534=EDGE_CURVE('',#2049,#2047,#150,.T.);
#2535=EDGE_CURVE('',#2050,#2049,#151,.T.);
#2536=EDGE_CURVE('',#2048,#2050,#152,.T.);
#2537=EDGE_CURVE('',#2051,#2052,#153,.T.);
#2538=EDGE_CURVE('',#2053,#2051,#154,.T.);
#2539=EDGE_CURVE('',#2054,#2053,#155,.T.);
#2540=EDGE_CURVE('',#2052,#2054,#156,.T.);
#2541=EDGE_CURVE('',#2055,#2056,#157,.T.);
#2542=EDGE_CURVE('',#2057,#2055,#158,.T.);
#2543=EDGE_CURVE('',#2058,#2057,#159,.T.);
#2544=EDGE_CURVE('',#2056,#2058,#160,.T.);
#2545=EDGE_CURVE('',#2059,#2047,#161,.T.);
#2546=EDGE_CURVE('',#2060,#2059,#162,.T.);
#2547=EDGE_CURVE('',#2049,#2060,#163,.T.);
#2548=EDGE_CURVE('',#2051,#2061,#164,.T.);
#2549=EDGE_CURVE('',#2062,#2061,#165,.T.);
#2550=EDGE_CURVE('',#2062,#2053,#166,.T.);
#2551=EDGE_CURVE('',#2045,#2054,#167,.T.);
#2552=EDGE_CURVE('',#2063,#2062,#168,.T.);
#2553=EDGE_CURVE('',#2063,#2046,#169,.T.);
#2554=EDGE_CURVE('',#2064,#2044,#170,.T.);
#2555=EDGE_CURVE('',#2061,#2064,#171,.T.);
#2556=EDGE_CURVE('',#2052,#2043,#172,.T.);
#2557=EDGE_CURVE('',#2048,#2055,#173,.T.);
#2558=EDGE_CURVE('',#2065,#2056,#174,.T.);
#2559=EDGE_CURVE('',#2059,#2065,#175,.T.);
#2560=EDGE_CURVE('',#2057,#2050,#176,.T.);
#2561=EDGE_CURVE('',#2066,#2066,#1888,.T.);
#2562=EDGE_CURVE('',#2066,#2067,#1889,.T.);
#2563=EDGE_CURVE('',#2067,#2067,#1890,.T.);
#2564=EDGE_CURVE('',#2068,#2069,#177,.T.);
#2565=EDGE_CURVE('',#2070,#2068,#178,.T.);
#2566=EDGE_CURVE('',#2071,#2070,#179,.T.);
#2567=EDGE_CURVE('',#2072,#2071,#1891,.T.);
#2568=EDGE_CURVE('',#2073,#2072,#180,.T.);
#2569=EDGE_CURVE('',#2074,#2073,#181,.T.);
#2570=EDGE_CURVE('',#2075,#2074,#182,.T.);
#2571=EDGE_CURVE('',#2069,#2075,#1892,.T.);
#2572=EDGE_CURVE('',#2076,#2077,#183,.T.);
#2573=EDGE_CURVE('',#2068,#2077,#26,.T.);
#2574=EDGE_CURVE('',#2069,#2076,#20,.T.);
#2575=EDGE_CURVE('',#2075,#2078,#21,.T.);
#2576=EDGE_CURVE('',#2078,#2076,#1893,.T.);
#2577=EDGE_CURVE('',#2074,#2079,#27,.T.);
#2578=EDGE_CURVE('',#2079,#2078,#184,.T.);
#2579=EDGE_CURVE('',#2073,#2080,#28,.T.);
#2580=EDGE_CURVE('',#2080,#2079,#185,.T.);
#2581=EDGE_CURVE('',#2081,#2080,#186,.T.);
#2582=EDGE_CURVE('',#2072,#2081,#22,.T.);
#2583=EDGE_CURVE('',#2071,#2082,#23,.T.);
#2584=EDGE_CURVE('',#2082,#2081,#1894,.T.);
#2585=EDGE_CURVE('',#2070,#2083,#29,.T.);
#2586=EDGE_CURVE('',#2083,#2082,#187,.T.);
#2587=EDGE_CURVE('',#2077,#2083,#188,.T.);
#2588=EDGE_CURVE('',#2084,#2082,#189,.T.);
#2589=EDGE_CURVE('',#2085,#2084,#1895,.T.);
#2590=EDGE_CURVE('',#2085,#2081,#190,.T.);
#2591=EDGE_CURVE('',#2086,#2083,#191,.T.);
#2592=EDGE_CURVE('',#2084,#2086,#192,.T.);
#2593=EDGE_CURVE('',#2087,#2077,#193,.T.);
#2594=EDGE_CURVE('',#2086,#2087,#194,.T.);
#2595=EDGE_CURVE('',#2088,#2076,#195,.T.);
#2596=EDGE_CURVE('',#2087,#2088,#196,.T.);
#2597=EDGE_CURVE('',#2089,#2090,#197,.T.);
#2598=EDGE_CURVE('',#2089,#2091,#30,.T.);
#2599=EDGE_CURVE('',#2091,#2092,#198,.T.);
#2600=EDGE_CURVE('',#2092,#2090,#31,.T.);
#2601=EDGE_CURVE('',#2090,#2093,#199,.T.);
#2602=EDGE_CURVE('',#2092,#2094,#200,.T.);
#2603=EDGE_CURVE('',#2093,#2094,#32,.T.);
#2604=EDGE_CURVE('',#2095,#2089,#201,.T.);
#2605=EDGE_CURVE('',#2095,#2096,#33,.T.);
#2606=EDGE_CURVE('',#2096,#2091,#202,.T.);
#2607=EDGE_CURVE('',#2093,#2095,#203,.T.);
#2608=EDGE_CURVE('',#2094,#2096,#204,.T.);
#2609=EDGE_CURVE('',#2097,#2098,#205,.T.);
#2610=EDGE_CURVE('',#2099,#2097,#206,.T.);
#2611=EDGE_CURVE('',#2100,#2099,#207,.T.);
#2612=EDGE_CURVE('',#2098,#2100,#208,.T.);
#2613=EDGE_CURVE('',#2101,#2100,#1896,.T.);
#2614=EDGE_CURVE('',#2099,#2102,#34,.T.);
#2615=EDGE_CURVE('',#2102,#2101,#209,.T.);
#2616=EDGE_CURVE('',#2097,#2103,#35,.T.);
#2617=EDGE_CURVE('',#2103,#2102,#210,.T.);
#2618=EDGE_CURVE('',#2098,#2104,#1897,.T.);
#2619=EDGE_CURVE('',#2104,#2103,#211,.T.);
#2620=EDGE_CURVE('',#2105,#2106,#1898,.F.);
#2621=EDGE_CURVE('',#2106,#2107,#212,.T.);
#2622=EDGE_CURVE('',#2107,#2108,#36,.T.);
#2623=EDGE_CURVE('',#2108,#2105,#213,.T.);
#2624=EDGE_CURVE('',#2107,#2109,#214,.T.);
#2625=EDGE_CURVE('',#2109,#2110,#37,.T.);
#2626=EDGE_CURVE('',#2110,#2108,#215,.T.);
#2627=EDGE_CURVE('',#2109,#2111,#216,.T.);
#2628=EDGE_CURVE('',#2111,#2112,#1899,.F.);
#2629=EDGE_CURVE('',#2112,#2110,#217,.T.);
#2630=EDGE_CURVE('',#2113,#2108,#218,.T.);
#2631=EDGE_CURVE('',#2114,#2113,#219,.T.);
#2632=EDGE_CURVE('',#2105,#2114,#220,.T.);
#2633=EDGE_CURVE('',#2115,#2110,#221,.T.);
#2634=EDGE_CURVE('',#2113,#2115,#222,.T.);
#2635=EDGE_CURVE('',#2116,#2112,#223,.T.);
#2636=EDGE_CURVE('',#2115,#2116,#224,.T.);
#2637=EDGE_CURVE('',#2117,#2118,#225,.T.);
#2638=EDGE_CURVE('',#2118,#2090,#38,.T.);
#2639=EDGE_CURVE('',#2117,#2093,#39,.T.);
#2640=EDGE_CURVE('',#2118,#2119,#226,.T.);
#2641=EDGE_CURVE('',#2119,#2089,#40,.T.);
#2642=EDGE_CURVE('',#2119,#2120,#227,.T.);
#2643=EDGE_CURVE('',#2120,#2095,#41,.T.);
#2644=EDGE_CURVE('',#2120,#2117,#228,.T.);
#2645=EDGE_CURVE('',#2066,#2121,#1900,.T.);
#2646=EDGE_CURVE('',#2121,#2121,#1901,.T.);
#2647=EDGE_CURVE('',#2122,#2123,#229,.T.);
#2648=EDGE_CURVE('',#2123,#2124,#42,.T.);
#2649=EDGE_CURVE('',#2125,#2124,#230,.T.);
#2650=EDGE_CURVE('',#2122,#2125,#43,.T.);
#2651=EDGE_CURVE('',#2123,#2126,#231,.T.);
#2652=EDGE_CURVE('',#2126,#2127,#44,.T.);
#2653=EDGE_CURVE('',#2124,#2127,#232,.T.);
#2654=EDGE_CURVE('',#2126,#2128,#233,.T.);
#2655=EDGE_CURVE('',#2128,#2129,#45,.T.);
#2656=EDGE_CURVE('',#2127,#2129,#234,.T.);
#2657=EDGE_CURVE('',#2128,#2122,#235,.T.);
#2658=EDGE_CURVE('',#2129,#2125,#236,.T.);
#2659=EDGE_CURVE('',#2124,#2130,#46,.T.);
#2660=EDGE_CURVE('',#2130,#2131,#237,.T.);
#2661=EDGE_CURVE('',#2131,#2125,#47,.T.);
#2662=EDGE_CURVE('',#2127,#2132,#48,.T.);
#2663=EDGE_CURVE('',#2132,#2130,#238,.T.);
#2664=EDGE_CURVE('',#2129,#2133,#49,.T.);
#2665=EDGE_CURVE('',#2133,#2132,#239,.T.);
#2666=EDGE_CURVE('',#2131,#2133,#240,.T.);
#2667=EDGE_CURVE('',#2111,#2106,#241,.T.);
#2668=EDGE_CURVE('',#2134,#2103,#242,.T.);
#2669=EDGE_CURVE('',#2135,#2134,#243,.T.);
#2670=EDGE_CURVE('',#2135,#2102,#244,.T.);
#2671=EDGE_CURVE('',#2136,#2104,#245,.T.);
#2672=EDGE_CURVE('',#2134,#2136,#246,.T.);
#2673=EDGE_CURVE('',#2137,#2101,#247,.T.);
#2674=EDGE_CURVE('',#2136,#2137,#248,.T.);
#2675=EDGE_CURVE('',#2137,#2135,#249,.T.);
#2676=EDGE_CURVE('',#2138,#2080,#250,.T.);
#2677=EDGE_CURVE('',#2139,#2138,#251,.T.);
#2678=EDGE_CURVE('',#2139,#2079,#252,.T.);
#2679=EDGE_CURVE('',#2138,#2085,#253,.T.);
#2680=EDGE_CURVE('',#2140,#2078,#254,.T.);
#2681=EDGE_CURVE('',#2088,#2140,#1902,.T.);
#2682=EDGE_CURVE('',#2140,#2139,#255,.T.);
#2683=EDGE_CURVE('',#2116,#2141,#256,.F.);
#2684=EDGE_CURVE('',#2141,#2142,#257,.T.);
#2685=EDGE_CURVE('',#2142,#2143,#1903,.T.);
#2686=EDGE_CURVE('',#2143,#2144,#258,.T.);
#2687=EDGE_CURVE('',#2144,#2145,#259,.F.);
#2688=EDGE_CURVE('',#2145,#2146,#260,.T.);
#2689=EDGE_CURVE('',#2146,#2147,#1904,.T.);
#2690=EDGE_CURVE('',#2147,#2148,#261,.T.);
#2691=EDGE_CURVE('',#2148,#2149,#262,.F.);
#2692=EDGE_CURVE('',#2149,#2150,#263,.T.);
#2693=EDGE_CURVE('',#2150,#2151,#1905,.T.);
#2694=EDGE_CURVE('',#2151,#2152,#264,.T.);
#2695=EDGE_CURVE('',#2152,#2153,#265,.F.);
#2696=EDGE_CURVE('',#2153,#2154,#266,.T.);
#2697=EDGE_CURVE('',#2154,#2155,#1906,.T.);
#2698=EDGE_CURVE('',#2155,#2156,#267,.T.);
#2699=EDGE_CURVE('',#2156,#2114,#268,.F.);
#2700=EDGE_CURVE('',#2157,#2060,#269,.T.);
#2701=EDGE_CURVE('',#2157,#2058,#270,.T.);
#2702=EDGE_CURVE('',#2065,#2157,#271,.T.);
#2703=EDGE_CURVE('',#2064,#2063,#272,.T.);
#2704=EDGE_CURVE('',#2158,#2159,#273,.T.);
#2705=EDGE_CURVE('',#2160,#2158,#274,.T.);
#2706=EDGE_CURVE('',#2161,#2160,#275,.T.);
#2707=EDGE_CURVE('',#2161,#2159,#276,.T.);
#2708=EDGE_CURVE('',#2159,#2162,#277,.T.);
#2709=EDGE_CURVE('',#2163,#2161,#278,.T.);
#2710=EDGE_CURVE('',#2163,#2162,#279,.T.);
#2711=EDGE_CURVE('',#2162,#2164,#280,.T.);
#2712=EDGE_CURVE('',#2165,#2163,#281,.T.);
#2713=EDGE_CURVE('',#2164,#2165,#282,.T.);
#2714=EDGE_CURVE('',#2165,#2160,#283,.T.);
#2715=EDGE_CURVE('',#2158,#2164,#284,.T.);
#2716=EDGE_CURVE('',#2166,#2167,#285,.T.);
#2717=EDGE_CURVE('',#2168,#2167,#286,.T.);
#2718=EDGE_CURVE('',#2168,#2169,#287,.T.);
#2719=EDGE_CURVE('',#2166,#2169,#288,.T.);
#2720=EDGE_CURVE('',#2167,#2170,#289,.T.);
#2721=EDGE_CURVE('',#2171,#2170,#290,.T.);
#2722=EDGE_CURVE('',#2171,#2168,#291,.T.);
#2723=EDGE_CURVE('',#2170,#2172,#292,.T.);
#2724=EDGE_CURVE('',#2173,#2172,#293,.T.);
#2725=EDGE_CURVE('',#2173,#2171,#294,.T.);
#2726=EDGE_CURVE('',#2169,#2173,#295,.T.);
#2727=EDGE_CURVE('',#2172,#2166,#296,.T.);
#2728=EDGE_CURVE('',#2174,#2175,#297,.T.);
#2729=EDGE_CURVE('',#2176,#2174,#298,.T.);
#2730=EDGE_CURVE('',#2177,#2176,#299,.T.);
#2731=EDGE_CURVE('',#2177,#2175,#300,.T.);
#2732=EDGE_CURVE('',#2175,#2178,#301,.T.);
#2733=EDGE_CURVE('',#2178,#2179,#302,.T.);
#2734=EDGE_CURVE('',#2179,#2174,#303,.T.);
#2735=EDGE_CURVE('',#2180,#2181,#304,.T.);
#2736=EDGE_CURVE('',#2182,#2180,#305,.T.);
#2737=EDGE_CURVE('',#2183,#2182,#306,.T.);
#2738=EDGE_CURVE('',#2183,#2181,#307,.T.);
#2739=EDGE_CURVE('',#2181,#2184,#308,.T.);
#2740=EDGE_CURVE('',#2184,#2185,#309,.T.);
#2741=EDGE_CURVE('',#2185,#2180,#310,.T.);
#2742=EDGE_CURVE('',#2186,#2187,#311,.T.);
#2743=EDGE_CURVE('',#2188,#2186,#312,.T.);
#2744=EDGE_CURVE('',#2189,#2188,#313,.T.);
#2745=EDGE_CURVE('',#2189,#2187,#314,.T.);
#2746=EDGE_CURVE('',#2190,#2191,#315,.T.);
#2747=EDGE_CURVE('',#2192,#2190,#316,.T.);
#2748=EDGE_CURVE('',#2193,#2192,#317,.T.);
#2749=EDGE_CURVE('',#2193,#2191,#318,.T.);
#2750=EDGE_CURVE('',#2187,#2190,#319,.T.);
#2751=EDGE_CURVE('',#2191,#2186,#320,.T.);
#2752=EDGE_CURVE('',#2182,#2193,#321,.T.);
#2753=EDGE_CURVE('',#2192,#2183,#322,.T.);
#2754=EDGE_CURVE('',#2194,#2195,#323,.T.);
#2755=EDGE_CURVE('',#2196,#2194,#324,.T.);
#2756=EDGE_CURVE('',#2196,#2178,#325,.T.);
#2757=EDGE_CURVE('',#2188,#2177,#326,.T.);
#2758=EDGE_CURVE('',#2197,#2185,#327,.T.);
#2759=EDGE_CURVE('',#2198,#2197,#328,.T.);
#2760=EDGE_CURVE('',#2199,#2198,#329,.T.);
#2761=EDGE_CURVE('',#2195,#2199,#330,.T.);
#2762=EDGE_CURVE('',#2200,#2184,#331,.T.);
#2763=EDGE_CURVE('',#2197,#2200,#332,.T.);
#2764=EDGE_CURVE('',#2201,#2196,#333,.T.);
#2765=EDGE_CURVE('',#2201,#2179,#334,.T.);
#2766=EDGE_CURVE('',#2202,#2203,#335,.T.);
#2767=EDGE_CURVE('',#2204,#2202,#336,.T.);
#2768=EDGE_CURVE('',#2205,#2204,#337,.T.);
#2769=EDGE_CURVE('',#2200,#2205,#338,.T.);
#2770=EDGE_CURVE('',#2176,#2189,#339,.T.);
#2771=EDGE_CURVE('',#2203,#2201,#340,.T.);
#2772=EDGE_CURVE('',#2203,#2206,#341,.T.);
#2773=EDGE_CURVE('',#2207,#2206,#342,.T.);
#2774=EDGE_CURVE('',#2202,#2207,#343,.T.);
#2775=EDGE_CURVE('',#2208,#2205,#344,.T.);
#2776=EDGE_CURVE('',#2209,#2208,#345,.T.);
#2777=EDGE_CURVE('',#2210,#2209,#346,.T.);
#2778=EDGE_CURVE('',#2211,#2210,#347,.T.);
#2779=EDGE_CURVE('',#2212,#2211,#348,.T.);
#2780=EDGE_CURVE('',#2213,#2212,#349,.T.);
#2781=EDGE_CURVE('',#2214,#2213,#350,.T.);
#2782=EDGE_CURVE('',#2215,#2214,#351,.T.);
#2783=EDGE_CURVE('',#2198,#2215,#352,.T.);
#2784=EDGE_CURVE('',#2216,#2207,#353,.T.);
#2785=EDGE_CURVE('',#2216,#2204,#354,.T.);
#2786=EDGE_CURVE('',#2199,#2217,#355,.T.);
#2787=EDGE_CURVE('',#2218,#2217,#356,.T.);
#2788=EDGE_CURVE('',#2218,#2195,#357,.T.);
#2789=EDGE_CURVE('',#2216,#2208,#358,.T.);
#2790=EDGE_CURVE('',#2217,#2215,#359,.T.);
#2791=EDGE_CURVE('',#2218,#2219,#360,.T.);
#2792=EDGE_CURVE('',#2219,#2194,#361,.T.);
#2793=EDGE_CURVE('',#2220,#2219,#362,.T.);
#2794=EDGE_CURVE('',#2220,#2221,#363,.T.);
#2795=EDGE_CURVE('',#2221,#2206,#364,.T.);
#2796=EDGE_CURVE('',#2222,#2210,#365,.T.);
#2797=EDGE_CURVE('',#2223,#2209,#366,.T.);
#2798=EDGE_CURVE('',#2222,#2223,#367,.T.);
#2799=EDGE_CURVE('',#2224,#2213,#368,.T.);
#2800=EDGE_CURVE('',#2225,#2224,#369,.T.);
#2801=EDGE_CURVE('',#2225,#2214,#370,.T.);
#2802=EDGE_CURVE('',#2226,#2212,#371,.T.);
#2803=EDGE_CURVE('',#2224,#2226,#372,.T.);
#2804=EDGE_CURVE('',#2227,#2222,#373,.T.);
#2805=EDGE_CURVE('',#2227,#2211,#374,.T.);
#2806=EDGE_CURVE('',#2228,#2223,#375,.T.);
#2807=EDGE_CURVE('',#2227,#2228,#376,.T.);
#2808=EDGE_CURVE('',#2229,#2226,#377,.T.);
#2809=EDGE_CURVE('',#2225,#2229,#378,.T.);
#2810=EDGE_CURVE('',#2041,#2230,#379,.T.);
#2811=EDGE_CURVE('',#2230,#2230,#1907,.T.);
#2812=EDGE_CURVE('',#2037,#2231,#380,.T.);
#2813=EDGE_CURVE('',#2231,#2231,#1908,.T.);
#2814=EDGE_CURVE('',#2029,#2232,#381,.T.);
#2815=EDGE_CURVE('',#2232,#2232,#1909,.T.);
#2816=EDGE_CURVE('',#2033,#2233,#382,.T.);
#2817=EDGE_CURVE('',#2233,#2233,#1910,.T.);
#2818=EDGE_CURVE('',#2234,#2147,#383,.T.);
#2819=EDGE_CURVE('',#2235,#2234,#384,.T.);
#2820=EDGE_CURVE('',#2148,#2235,#385,.T.);
#2821=EDGE_CURVE('',#2236,#2146,#386,.T.);
#2822=EDGE_CURVE('',#2234,#2236,#1911,.T.);
#2823=EDGE_CURVE('',#2237,#2145,#387,.T.);
#2824=EDGE_CURVE('',#2236,#2237,#388,.T.);
#2825=EDGE_CURVE('',#2238,#2155,#389,.T.);
#2826=EDGE_CURVE('',#2239,#2238,#390,.T.);
#2827=EDGE_CURVE('',#2156,#2239,#391,.T.);
#2828=EDGE_CURVE('',#2240,#2154,#392,.T.);
#2829=EDGE_CURVE('',#2238,#2240,#1912,.T.);
#2830=EDGE_CURVE('',#2241,#2153,#393,.T.);
#2831=EDGE_CURVE('',#2240,#2241,#394,.T.);
#2832=EDGE_CURVE('',#2242,#2151,#395,.T.);
#2833=EDGE_CURVE('',#2243,#2242,#396,.T.);
#2834=EDGE_CURVE('',#2152,#2243,#397,.T.);
#2835=EDGE_CURVE('',#2244,#2150,#398,.T.);
#2836=EDGE_CURVE('',#2242,#2244,#1913,.T.);
#2837=EDGE_CURVE('',#2245,#2149,#399,.T.);
#2838=EDGE_CURVE('',#2244,#2245,#400,.T.);
#2839=EDGE_CURVE('',#2246,#2143,#401,.T.);
#2840=EDGE_CURVE('',#2247,#2246,#402,.T.);
#2841=EDGE_CURVE('',#2144,#2247,#403,.T.);
#2842=EDGE_CURVE('',#2248,#2142,#404,.T.);
#2843=EDGE_CURVE('',#2246,#2248,#1914,.T.);
#2844=EDGE_CURVE('',#2249,#2141,#405,.T.);
#2845=EDGE_CURVE('',#2248,#2249,#406,.T.);
#2846=EDGE_CURVE('',#2241,#2243,#407,.T.);
#2847=EDGE_CURVE('',#2237,#2247,#408,.T.);
#2848=EDGE_CURVE('',#2245,#2235,#409,.T.);
#2849=EDGE_CURVE('',#2249,#2239,#410,.T.);
#2850=EDGE_CURVE('',#2250,#2251,#411,.T.);
#2851=EDGE_CURVE('',#2229,#2251,#412,.T.);
#2852=EDGE_CURVE('',#2228,#2250,#413,.T.);
#2853=EDGE_CURVE('',#2251,#2252,#414,.T.);
#2854=EDGE_CURVE('',#2220,#2252,#415,.T.);
#2855=EDGE_CURVE('',#2252,#2253,#416,.T.);
#2856=EDGE_CURVE('',#2221,#2253,#417,.T.);
#2857=EDGE_CURVE('',#2253,#2250,#418,.T.);
#2858=EDGE_CURVE('',#2254,#2255,#1915,.T.);
#2859=EDGE_CURVE('',#2255,#2256,#419,.T.);
#2860=EDGE_CURVE('',#2256,#2257,#1916,.T.);
#2861=EDGE_CURVE('',#2257,#2254,#420,.T.);
#2862=EDGE_CURVE('',#2256,#2258,#421,.T.);
#2863=EDGE_CURVE('',#2259,#2258,#1917,.T.);
#2864=EDGE_CURVE('',#2259,#2260,#422,.T.);
#2865=EDGE_CURVE('',#2261,#2260,#1918,.T.);
#2866=EDGE_CURVE('',#2261,#2262,#423,.T.);
#2867=EDGE_CURVE('',#2263,#2262,#1919,.T.);
#2868=EDGE_CURVE('',#2263,#2264,#424,.T.);
#2869=EDGE_CURVE('',#2265,#2264,#1920,.T.);
#2870=EDGE_CURVE('',#2265,#2266,#425,.T.);
#2871=EDGE_CURVE('',#2267,#2266,#426,.T.);
#2872=EDGE_CURVE('',#2267,#2268,#427,.T.);
#2873=EDGE_CURVE('',#2269,#2268,#428,.T.);
#2874=EDGE_CURVE('',#2269,#2270,#1921,.T.);
#2875=EDGE_CURVE('',#2270,#2271,#429,.T.);
#2876=EDGE_CURVE('',#2271,#2272,#430,.T.);
#2877=EDGE_CURVE('',#2272,#2273,#431,.T.);
#2878=EDGE_CURVE('',#2273,#2274,#1922,.T.);
#2879=EDGE_CURVE('',#2274,#2275,#432,.T.);
#2880=EDGE_CURVE('',#2275,#2276,#1923,.T.);
#2881=EDGE_CURVE('',#2276,#2277,#433,.T.);
#2882=EDGE_CURVE('',#2277,#2278,#1924,.T.);
#2883=EDGE_CURVE('',#2278,#2279,#434,.T.);
#2884=EDGE_CURVE('',#2279,#2280,#1925,.T.);
#2885=EDGE_CURVE('',#2280,#2281,#435,.T.);
#2886=EDGE_CURVE('',#2281,#2282,#436,.T.);
#2887=EDGE_CURVE('',#2282,#2283,#437,.T.);
#2888=EDGE_CURVE('',#2283,#2284,#1926,.T.);
#2889=EDGE_CURVE('',#2284,#2285,#438,.T.);
#2890=EDGE_CURVE('',#2285,#2286,#1927,.T.);
#2891=EDGE_CURVE('',#2286,#2257,#439,.T.);
#2892=EDGE_CURVE('',#2287,#2255,#440,.T.);
#2893=EDGE_CURVE('',#2258,#2287,#441,.T.);
#2894=EDGE_CURVE('',#2287,#2288,#1928,.T.);
#2895=EDGE_CURVE('',#2288,#2259,#442,.T.);
#2896=EDGE_CURVE('',#2289,#2290,#1929,.T.);
#2897=EDGE_CURVE('',#2290,#2261,#443,.T.);
#2898=EDGE_CURVE('',#2260,#2289,#444,.T.);
#2899=EDGE_CURVE('',#2291,#2290,#445,.T.);
#2900=EDGE_CURVE('',#2262,#2291,#446,.T.);
#2901=EDGE_CURVE('',#2264,#2292,#447,.T.);
#2902=EDGE_CURVE('',#2292,#2293,#1930,.T.);
#2903=EDGE_CURVE('',#2293,#2265,#448,.T.);
#2904=EDGE_CURVE('',#2294,#2263,#449,.T.);
#2905=EDGE_CURVE('',#2292,#2294,#450,.T.);
#2906=EDGE_CURVE('',#2291,#2294,#1931,.T.);
#2907=EDGE_CURVE('',#2295,#2296,#1932,.T.);
#2908=EDGE_CURVE('',#2296,#2297,#451,.T.);
#2909=EDGE_CURVE('',#2297,#2298,#1933,.T.);
#2910=EDGE_CURVE('',#2298,#2295,#452,.T.);
#2911=EDGE_CURVE('',#2298,#2299,#453,.T.);
#2912=EDGE_CURVE('',#2300,#2299,#454,.T.);
#2913=EDGE_CURVE('',#2300,#2295,#455,.T.);
#2914=EDGE_CURVE('',#2301,#2297,#456,.T.);
#2915=EDGE_CURVE('',#2302,#2301,#1934,.T.);
#2916=EDGE_CURVE('',#2303,#2302,#457,.T.);
#2917=EDGE_CURVE('',#2304,#2303,#1935,.T.);
#2918=EDGE_CURVE('',#2305,#2304,#458,.T.);
#2919=EDGE_CURVE('',#2306,#2305,#459,.T.);
#2920=EDGE_CURVE('',#2307,#2306,#460,.T.);
#2921=EDGE_CURVE('',#2308,#2307,#1936,.T.);
#2922=EDGE_CURVE('',#2309,#2308,#461,.T.);
#2923=EDGE_CURVE('',#2310,#2309,#1937,.T.);
#2924=EDGE_CURVE('',#2311,#2310,#462,.T.);
#2925=EDGE_CURVE('',#2312,#2311,#1938,.T.);
#2926=EDGE_CURVE('',#2313,#2312,#463,.T.);
#2927=EDGE_CURVE('',#2314,#2313,#1939,.T.);
#2928=EDGE_CURVE('',#2315,#2314,#464,.T.);
#2929=EDGE_CURVE('',#2316,#2315,#465,.T.);
#2930=EDGE_CURVE('',#2317,#2316,#466,.T.);
#2931=EDGE_CURVE('',#2318,#2317,#1940,.T.);
#2932=EDGE_CURVE('',#2319,#2318,#467,.T.);
#2933=EDGE_CURVE('',#2320,#2319,#468,.T.);
#2934=EDGE_CURVE('',#2321,#2320,#469,.T.);
#2935=EDGE_CURVE('',#2322,#2321,#470,.T.);
#2936=EDGE_CURVE('',#2323,#2322,#1941,.T.);
#2937=EDGE_CURVE('',#2324,#2323,#471,.T.);
#2938=EDGE_CURVE('',#2325,#2324,#1942,.T.);
#2939=EDGE_CURVE('',#2326,#2325,#472,.T.);
#2940=EDGE_CURVE('',#2327,#2326,#1943,.T.);
#2941=EDGE_CURVE('',#2328,#2327,#473,.T.);
#2942=EDGE_CURVE('',#2299,#2328,#1944,.T.);
#2943=EDGE_CURVE('',#2322,#2329,#474,.T.);
#2944=EDGE_CURVE('',#2329,#2330,#1945,.T.);
#2945=EDGE_CURVE('',#2330,#2323,#475,.T.);
#2946=EDGE_CURVE('',#2331,#2321,#1946,.T.);
#2947=EDGE_CURVE('',#2331,#2332,#476,.T.);
#2948=EDGE_CURVE('',#2333,#2332,#477,.T.);
#2949=EDGE_CURVE('',#2334,#2333,#478,.T.);
#2950=EDGE_CURVE('',#2334,#2329,#479,.T.);
#2951=EDGE_CURVE('',#2324,#2335,#480,.T.);
#2952=EDGE_CURVE('',#2335,#2336,#1947,.T.);
#2953=EDGE_CURVE('',#2336,#2325,#481,.T.);
#2954=EDGE_CURVE('',#2330,#2335,#482,.T.);
#2955=EDGE_CURVE('',#2337,#2338,#1948,.T.);
#2956=EDGE_CURVE('',#2338,#2327,#483,.T.);
#2957=EDGE_CURVE('',#2326,#2337,#484,.T.);
#2958=EDGE_CURVE('',#2336,#2337,#485,.T.);
#2959=EDGE_CURVE('',#2339,#2300,#1949,.T.);
#2960=EDGE_CURVE('',#2328,#2339,#486,.T.);
#2961=EDGE_CURVE('',#2338,#2339,#487,.T.);
#2962=EDGE_CURVE('',#2340,#2334,#488,.T.);
#2963=EDGE_CURVE('',#2341,#2340,#489,.T.);
#2964=EDGE_CURVE('',#2341,#2342,#490,.T.);
#2965=EDGE_CURVE('',#2343,#2342,#1950,.T.);
#2966=EDGE_CURVE('',#2344,#2343,#491,.T.);
#2967=EDGE_CURVE('',#2345,#2344,#492,.T.);
#2968=EDGE_CURVE('',#2346,#2345,#493,.T.);
#2969=EDGE_CURVE('',#2347,#2346,#1951,.T.);
#2970=EDGE_CURVE('',#2348,#2347,#494,.T.);
#2971=EDGE_CURVE('',#2349,#2348,#1952,.T.);
#2972=EDGE_CURVE('',#2350,#2349,#495,.T.);
#2973=EDGE_CURVE('',#2351,#2350,#1953,.T.);
#2974=EDGE_CURVE('',#2352,#2351,#496,.T.);
#2975=EDGE_CURVE('',#2353,#2352,#1954,.T.);
#2976=EDGE_CURVE('',#2354,#2353,#497,.T.);
#2977=EDGE_CURVE('',#2355,#2354,#498,.T.);
#2978=EDGE_CURVE('',#2356,#2355,#499,.T.);
#2979=EDGE_CURVE('',#2357,#2356,#1955,.T.);
#2980=EDGE_CURVE('',#2358,#2357,#500,.T.);
#2981=EDGE_CURVE('',#2359,#2358,#1956,.T.);
#2982=EDGE_CURVE('',#2296,#2359,#501,.T.);
#2983=EDGE_CURVE('',#2320,#2360,#1957,.T.);
#2984=EDGE_CURVE('',#2360,#2331,#502,.T.);
#2985=EDGE_CURVE('',#2361,#2319,#1958,.T.);
#2986=EDGE_CURVE('',#2361,#2362,#503,.T.);
#2987=EDGE_CURVE('',#2362,#2363,#504,.T.);
#2988=EDGE_CURVE('',#2363,#2341,#505,.T.);
#2989=EDGE_CURVE('',#2364,#2340,#506,.T.);
#2990=EDGE_CURVE('',#2364,#2365,#507,.T.);
#2991=EDGE_CURVE('',#2365,#2360,#508,.T.);
#2992=EDGE_CURVE('',#2266,#2366,#1959,.T.);
#2993=EDGE_CURVE('',#2366,#2367,#509,.T.);
#2994=EDGE_CURVE('',#2367,#2267,#1960,.T.);
#2995=EDGE_CURVE('',#2367,#2368,#510,.T.);
#2996=EDGE_CURVE('',#2369,#2368,#511,.T.);
#2997=EDGE_CURVE('',#2370,#2369,#512,.T.);
#2998=EDGE_CURVE('',#2371,#2370,#513,.T.);
#2999=EDGE_CURVE('',#2372,#2371,#514,.T.);
#3000=EDGE_CURVE('',#2373,#2372,#515,.T.);
#3001=EDGE_CURVE('',#2374,#2373,#516,.T.);
#3002=EDGE_CURVE('',#2268,#2374,#1961,.T.);
#3003=EDGE_CURVE('',#2375,#2376,#1962,.T.);
#3004=EDGE_CURVE('',#2376,#2377,#517,.T.);
#3005=EDGE_CURVE('',#2377,#2378,#1963,.T.);
#3006=EDGE_CURVE('',#2378,#2375,#518,.T.);
#3007=EDGE_CURVE('',#2379,#2378,#519,.T.);
#3008=EDGE_CURVE('',#2380,#2379,#520,.T.);
#3009=EDGE_CURVE('',#2380,#2375,#521,.T.);
#3010=EDGE_CURVE('',#2381,#2377,#522,.T.);
#3011=EDGE_CURVE('',#2382,#2381,#523,.T.);
#3012=EDGE_CURVE('',#2382,#2383,#524,.T.);
#3013=EDGE_CURVE('',#2379,#2383,#1964,.T.);
#3014=EDGE_CURVE('',#2384,#2380,#1965,.T.);
#3015=EDGE_CURVE('',#2383,#2384,#525,.T.);
#3016=EDGE_CURVE('',#2385,#2382,#526,.T.);
#3017=EDGE_CURVE('',#2386,#2385,#1966,.T.);
#3018=EDGE_CURVE('',#2281,#2386,#527,.T.);
#3019=EDGE_CURVE('',#2280,#2387,#528,.T.);
#3020=EDGE_CURVE('',#2388,#2387,#529,.T.);
#3021=EDGE_CURVE('',#2389,#2388,#1967,.T.);
#3022=EDGE_CURVE('',#2390,#2389,#530,.T.);
#3023=EDGE_CURVE('',#2391,#2390,#1968,.T.);
#3024=EDGE_CURVE('',#2392,#2391,#531,.T.);
#3025=EDGE_CURVE('',#2384,#2392,#532,.T.);
#3026=EDGE_CURVE('',#2393,#2394,#1969,.T.);
#3027=EDGE_CURVE('',#2386,#2393,#533,.T.);
#3028=EDGE_CURVE('',#2385,#2394,#534,.T.);
#3029=EDGE_CURVE('',#2394,#2381,#535,.T.);
#3030=EDGE_CURVE('',#2392,#2395,#536,.T.);
#3031=EDGE_CURVE('',#2376,#2395,#537,.T.);
#3032=EDGE_CURVE('',#2395,#2396,#538,.T.);
#3033=EDGE_CURVE('',#2391,#2396,#539,.T.);
#3034=EDGE_CURVE('',#2396,#2397,#1970,.T.);
#3035=EDGE_CURVE('',#2390,#2397,#540,.T.);
#3036=EDGE_CURVE('',#2397,#2398,#541,.T.);
#3037=EDGE_CURVE('',#2389,#2398,#542,.T.);
#3038=EDGE_CURVE('',#2398,#2399,#1971,.T.);
#3039=EDGE_CURVE('',#2399,#2388,#543,.T.);
#3040=EDGE_CURVE('',#2282,#2393,#544,.T.);
#3041=EDGE_CURVE('',#2374,#2400,#545,.T.);
#3042=EDGE_CURVE('',#2400,#2401,#1972,.T.);
#3043=EDGE_CURVE('',#2401,#2269,#24,.T.);
#3044=EDGE_CURVE('',#2401,#2402,#546,.T.);
#3045=EDGE_CURVE('',#2403,#2402,#1973,.T.);
#3046=EDGE_CURVE('',#2404,#2403,#1974,.T.);
#3047=EDGE_CURVE('',#2270,#2404,#547,.T.);
#3048=EDGE_CURVE('',#2405,#2406,#548,.T.);
#3049=EDGE_CURVE('',#2407,#2405,#549,.T.);
#3050=EDGE_CURVE('',#2407,#2408,#550,.T.);
#3051=EDGE_CURVE('',#2408,#2406,#551,.T.);
#3052=EDGE_CURVE('',#2406,#2372,#552,.T.);
#3053=EDGE_CURVE('',#2408,#2373,#553,.T.);
#3054=EDGE_CURVE('',#2402,#2409,#554,.T.);
#3055=EDGE_CURVE('',#2409,#2407,#555,.T.);
#3056=EDGE_CURVE('',#2403,#2405,#556,.T.);
#3057=EDGE_CURVE('',#2403,#2371,#557,.T.);
#3058=EDGE_CURVE('',#2289,#2288,#558,.T.);
#3059=EDGE_CURVE('',#2286,#2410,#559,.T.);
#3060=EDGE_CURVE('',#2254,#2410,#560,.T.);
#3061=EDGE_CURVE('',#2410,#2411,#1975,.T.);
#3062=EDGE_CURVE('',#2285,#2411,#561,.T.);
#3063=EDGE_CURVE('',#2411,#2412,#562,.T.);
#3064=EDGE_CURVE('',#2284,#2412,#563,.T.);
#3065=EDGE_CURVE('',#2412,#2413,#1976,.T.);
#3066=EDGE_CURVE('',#2283,#2413,#564,.T.);
#3067=EDGE_CURVE('',#2413,#2399,#565,.T.);
#3068=EDGE_CURVE('',#2387,#2414,#1977,.T.);
#3069=EDGE_CURVE('',#2279,#2414,#566,.T.);
#3070=EDGE_CURVE('',#2414,#2415,#567,.T.);
#3071=EDGE_CURVE('',#2278,#2415,#568,.T.);
#3072=EDGE_CURVE('',#2415,#2416,#1978,.T.);
#3073=EDGE_CURVE('',#2277,#2416,#569,.T.);
#3074=EDGE_CURVE('',#2416,#2417,#570,.T.);
#3075=EDGE_CURVE('',#2276,#2417,#571,.T.);
#3076=EDGE_CURVE('',#2417,#2418,#1979,.T.);
#3077=EDGE_CURVE('',#2275,#2418,#572,.T.);
#3078=EDGE_CURVE('',#2418,#2419,#573,.T.);
#3079=EDGE_CURVE('',#2274,#2419,#574,.T.);
#3080=EDGE_CURVE('',#2419,#2420,#1980,.T.);
#3081=EDGE_CURVE('',#2273,#2420,#575,.T.);
#3082=EDGE_CURVE('',#2420,#2421,#576,.T.);
#3083=EDGE_CURVE('',#2272,#2421,#577,.T.);
#3084=EDGE_CURVE('',#2421,#2422,#578,.T.);
#3085=EDGE_CURVE('',#2271,#2422,#579,.T.);
#3086=EDGE_CURVE('',#2422,#2404,#580,.T.);
#3087=EDGE_CURVE('',#2400,#2409,#581,.T.);
#3088=EDGE_CURVE('',#2423,#2370,#582,.T.);
#3089=EDGE_CURVE('',#2423,#2293,#583,.T.);
#3090=EDGE_CURVE('',#2369,#2424,#584,.T.);
#3091=EDGE_CURVE('',#2424,#2425,#585,.T.);
#3092=EDGE_CURVE('',#2425,#2364,#586,.T.);
#3093=EDGE_CURVE('',#2333,#2426,#587,.T.);
#3094=EDGE_CURVE('',#2426,#2427,#588,.T.);
#3095=EDGE_CURVE('',#2427,#2428,#589,.T.);
#3096=EDGE_CURVE('',#2428,#2423,#590,.T.);
#3097=EDGE_CURVE('',#2429,#2429,#1981,.T.);
#3098=EDGE_CURVE('',#2430,#2430,#1982,.T.);
#3099=EDGE_CURVE('',#2431,#2431,#1983,.T.);
#3100=EDGE_CURVE('',#2432,#2432,#1984,.T.);
#3101=EDGE_CURVE('',#2433,#2433,#1985,.T.);
#3102=EDGE_CURVE('',#2434,#2365,#591,.T.);
#3103=EDGE_CURVE('',#2435,#2434,#592,.T.);
#3104=EDGE_CURVE('',#2368,#2435,#593,.T.);
#3105=EDGE_CURVE('',#2366,#2436,#594,.T.);
#3106=EDGE_CURVE('',#2437,#2436,#595,.T.);
#3107=EDGE_CURVE('',#2438,#2437,#596,.T.);
#3108=EDGE_CURVE('',#2332,#2438,#597,.T.);
#3109=EDGE_CURVE('',#2439,#2439,#1986,.T.);
#3110=EDGE_CURVE('',#2440,#2440,#1987,.T.);
#3111=EDGE_CURVE('',#2441,#2441,#1988,.T.);
#3112=EDGE_CURVE('',#2442,#2442,#1989,.T.);
#3113=EDGE_CURVE('',#2443,#2443,#1990,.T.);
#3114=EDGE_CURVE('',#2428,#2436,#598,.T.);
#3115=EDGE_CURVE('',#2444,#2445,#1991,.T.);
#3116=EDGE_CURVE('',#2445,#2446,#599,.T.);
#3117=EDGE_CURVE('',#2446,#2447,#1992,.T.);
#3118=EDGE_CURVE('',#2447,#2444,#600,.T.);
#3119=EDGE_CURVE('',#2448,#2446,#601,.T.);
#3120=EDGE_CURVE('',#2449,#2448,#1993,.T.);
#3121=EDGE_CURVE('',#2450,#2449,#602,.T.);
#3122=EDGE_CURVE('',#2450,#2451,#603,.T.);
#3123=EDGE_CURVE('',#2451,#2447,#604,.T.);
#3124=EDGE_CURVE('',#2452,#2445,#605,.T.);
#3125=EDGE_CURVE('',#2448,#2452,#606,.T.);
#3126=EDGE_CURVE('',#2452,#2453,#1994,.T.);
#3127=EDGE_CURVE('',#2453,#2449,#607,.T.);
#3128=EDGE_CURVE('',#2454,#2455,#1995,.T.);
#3129=EDGE_CURVE('',#2456,#2455,#608,.T.);
#3130=EDGE_CURVE('',#2457,#2456,#1996,.T.);
#3131=EDGE_CURVE('',#2457,#2454,#609,.T.);
#3132=EDGE_CURVE('',#2455,#2451,#610,.T.);
#3133=EDGE_CURVE('',#2456,#2450,#611,.T.);
#3134=EDGE_CURVE('',#2444,#2458,#612,.T.);
#3135=EDGE_CURVE('',#2459,#2458,#613,.T.);
#3136=EDGE_CURVE('',#2453,#2459,#614,.T.);
#3137=EDGE_CURVE('',#2458,#2460,#615,.T.);
#3138=EDGE_CURVE('',#2461,#2460,#616,.T.);
#3139=EDGE_CURVE('',#2459,#2461,#617,.T.);
#3140=EDGE_CURVE('',#2460,#2462,#1997,.T.);
#3141=EDGE_CURVE('',#2463,#2462,#618,.T.);
#3142=EDGE_CURVE('',#2461,#2463,#1998,.T.);
#3143=EDGE_CURVE('',#2462,#2464,#619,.T.);
#3144=EDGE_CURVE('',#2465,#2464,#620,.T.);
#3145=EDGE_CURVE('',#2463,#2465,#621,.T.);
#3146=EDGE_CURVE('',#2464,#2355,#1999,.T.);
#3147=EDGE_CURVE('',#2465,#2354,#2000,.T.);
#3148=EDGE_CURVE('',#2305,#2454,#622,.T.);
#3149=EDGE_CURVE('',#2306,#2457,#623,.T.);
#3150=EDGE_CURVE('',#2318,#2466,#25,.T.);
#3151=EDGE_CURVE('',#2466,#2467,#2001,.T.);
#3152=EDGE_CURVE('',#2467,#2361,#624,.T.);
#3153=EDGE_CURVE('',#2467,#2468,#625,.T.);
#3154=EDGE_CURVE('',#2468,#2469,#626,.T.);
#3155=EDGE_CURVE('',#2469,#2470,#627,.T.);
#3156=EDGE_CURVE('',#2470,#2362,#628,.T.);
#3157=EDGE_CURVE('',#2466,#2471,#629,.T.);
#3158=EDGE_CURVE('',#2471,#2468,#630,.T.);
#3159=EDGE_CURVE('',#2317,#2343,#631,.T.);
#3160=EDGE_CURVE('',#2342,#2471,#2002,.T.);
#3161=EDGE_CURVE('',#2342,#2472,#632,.T.);
#3162=EDGE_CURVE('',#2469,#2472,#633,.T.);
#3163=EDGE_CURVE('',#2472,#2473,#634,.T.);
#3164=EDGE_CURVE('',#2470,#2473,#635,.T.);
#3165=EDGE_CURVE('',#2473,#2363,#636,.T.);
#3166=EDGE_CURVE('',#2301,#2359,#637,.T.);
#3167=EDGE_CURVE('',#2302,#2358,#638,.T.);
#3168=EDGE_CURVE('',#2303,#2357,#639,.T.);
#3169=EDGE_CURVE('',#2304,#2356,#640,.T.);
#3170=EDGE_CURVE('',#2307,#2353,#641,.T.);
#3171=EDGE_CURVE('',#2308,#2352,#642,.T.);
#3172=EDGE_CURVE('',#2309,#2351,#643,.T.);
#3173=EDGE_CURVE('',#2310,#2350,#644,.T.);
#3174=EDGE_CURVE('',#2311,#2349,#645,.T.);
#3175=EDGE_CURVE('',#2312,#2348,#646,.T.);
#3176=EDGE_CURVE('',#2313,#2347,#647,.T.);
#3177=EDGE_CURVE('',#2314,#2346,#648,.T.);
#3178=EDGE_CURVE('',#2315,#2345,#649,.T.);
#3179=EDGE_CURVE('',#2316,#2344,#650,.T.);
#3180=EDGE_CURVE('',#2433,#2439,#651,.T.);
#3181=EDGE_CURVE('',#2432,#2440,#652,.T.);
#3182=EDGE_CURVE('',#2431,#2441,#653,.T.);
#3183=EDGE_CURVE('',#2430,#2442,#654,.T.);
#3184=EDGE_CURVE('',#2429,#2443,#655,.T.);
#3185=EDGE_CURVE('',#2427,#2437,#656,.T.);
#3186=EDGE_CURVE('',#2424,#2435,#657,.T.);
#3187=EDGE_CURVE('',#2425,#2434,#658,.T.);
#3188=EDGE_CURVE('',#2426,#2438,#659,.T.);
#3189=EDGE_CURVE('',#2474,#2474,#2003,.T.);
#3190=EDGE_CURVE('',#2474,#2475,#2004,.T.);
#3191=EDGE_CURVE('',#2475,#2475,#2005,.T.);
#3192=EDGE_CURVE('',#2474,#2476,#660,.T.);
#3193=EDGE_CURVE('',#2476,#2476,#2006,.T.);
#3194=EDGE_CURVE('',#2477,#2478,#2007,.T.);
#3195=EDGE_CURVE('',#2478,#2478,#2008,.T.);
#3196=EDGE_CURVE('',#2479,#2480,#2009,.T.);
#3197=EDGE_CURVE('',#2481,#2479,#661,.T.);
#3198=EDGE_CURVE('',#2482,#2481,#2010,.T.);
#3199=EDGE_CURVE('',#2482,#2480,#662,.T.);
#3200=EDGE_CURVE('',#2480,#2483,#663,.T.);
#3201=EDGE_CURVE('',#2484,#2482,#664,.T.);
#3202=EDGE_CURVE('',#2484,#2483,#665,.T.);
#3203=EDGE_CURVE('',#2483,#2485,#2011,.T.);
#3204=EDGE_CURVE('',#2486,#2484,#2012,.T.);
#3205=EDGE_CURVE('',#2486,#2485,#666,.T.);
#3206=EDGE_CURVE('',#2485,#2479,#667,.T.);
#3207=EDGE_CURVE('',#2481,#2486,#668,.T.);
#3208=EDGE_CURVE('',#2487,#2488,#2013,.T.);
#3209=EDGE_CURVE('',#2489,#2487,#669,.T.);
#3210=EDGE_CURVE('',#2490,#2489,#2014,.T.);
#3211=EDGE_CURVE('',#2490,#2488,#670,.T.);
#3212=EDGE_CURVE('',#2488,#2491,#671,.T.);
#3213=EDGE_CURVE('',#2492,#2490,#672,.T.);
#3214=EDGE_CURVE('',#2492,#2491,#673,.T.);
#3215=EDGE_CURVE('',#2491,#2493,#2015,.T.);
#3216=EDGE_CURVE('',#2494,#2492,#2016,.T.);
#3217=EDGE_CURVE('',#2494,#2493,#674,.T.);
#3218=EDGE_CURVE('',#2493,#2487,#675,.T.);
#3219=EDGE_CURVE('',#2489,#2494,#676,.T.);
#3220=EDGE_CURVE('',#2495,#2496,#2017,.T.);
#3221=EDGE_CURVE('',#2497,#2495,#677,.T.);
#3222=EDGE_CURVE('',#2498,#2497,#2018,.T.);
#3223=EDGE_CURVE('',#2498,#2496,#678,.T.);
#3224=EDGE_CURVE('',#2496,#2499,#679,.T.);
#3225=EDGE_CURVE('',#2500,#2498,#680,.T.);
#3226=EDGE_CURVE('',#2500,#2499,#681,.T.);
#3227=EDGE_CURVE('',#2499,#2501,#2019,.T.);
#3228=EDGE_CURVE('',#2502,#2500,#2020,.T.);
#3229=EDGE_CURVE('',#2502,#2501,#682,.T.);
#3230=EDGE_CURVE('',#2501,#2495,#683,.T.);
#3231=EDGE_CURVE('',#2497,#2502,#684,.T.);
#3232=EDGE_CURVE('',#2503,#2504,#2021,.T.);
#3233=EDGE_CURVE('',#2505,#2503,#685,.T.);
#3234=EDGE_CURVE('',#2506,#2505,#2022,.T.);
#3235=EDGE_CURVE('',#2506,#2504,#686,.T.);
#3236=EDGE_CURVE('',#2504,#2507,#687,.T.);
#3237=EDGE_CURVE('',#2508,#2506,#688,.T.);
#3238=EDGE_CURVE('',#2508,#2507,#689,.T.);
#3239=EDGE_CURVE('',#2507,#2509,#2023,.T.);
#3240=EDGE_CURVE('',#2510,#2508,#2024,.T.);
#3241=EDGE_CURVE('',#2510,#2509,#690,.T.);
#3242=EDGE_CURVE('',#2509,#2503,#691,.T.);
#3243=EDGE_CURVE('',#2505,#2510,#692,.T.);
#3244=EDGE_CURVE('',#2511,#2511,#2025,.T.);
#3245=EDGE_CURVE('',#2511,#2512,#693,.T.);
#3246=EDGE_CURVE('',#2512,#2512,#2026,.T.);
#3247=ORIENTED_EDGE('',*,*,#2513,.F.);
#3248=ORIENTED_EDGE('',*,*,#2514,.F.);
#3249=ORIENTED_EDGE('',*,*,#2515,.F.);
#3250=ORIENTED_EDGE('',*,*,#2516,.T.);
#3251=ORIENTED_EDGE('',*,*,#2514,.T.);
#3252=ORIENTED_EDGE('',*,*,#2513,.T.);
#3253=ORIENTED_EDGE('',*,*,#2516,.F.);
#3254=ORIENTED_EDGE('',*,*,#2517,.F.);
#3255=ORIENTED_EDGE('',*,*,#2518,.F.);
#3256=ORIENTED_EDGE('',*,*,#2519,.F.);
#3257=ORIENTED_EDGE('',*,*,#2520,.T.);
#3258=ORIENTED_EDGE('',*,*,#2518,.T.);
#3259=ORIENTED_EDGE('',*,*,#2517,.T.);
#3260=ORIENTED_EDGE('',*,*,#2520,.F.);
#3261=ORIENTED_EDGE('',*,*,#2521,.T.);
#3262=ORIENTED_EDGE('',*,*,#2522,.T.);
#3263=ORIENTED_EDGE('',*,*,#2523,.F.);
#3264=ORIENTED_EDGE('',*,*,#2521,.F.);
#3265=ORIENTED_EDGE('',*,*,#2522,.F.);
#3266=ORIENTED_EDGE('',*,*,#2524,.T.);
#3267=ORIENTED_EDGE('',*,*,#2524,.F.);
#3268=ORIENTED_EDGE('',*,*,#2525,.T.);
#3269=ORIENTED_EDGE('',*,*,#2526,.T.);
#3270=ORIENTED_EDGE('',*,*,#2527,.F.);
#3271=ORIENTED_EDGE('',*,*,#2525,.F.);
#3272=ORIENTED_EDGE('',*,*,#2526,.F.);
#3273=ORIENTED_EDGE('',*,*,#2528,.T.);
#3274=ORIENTED_EDGE('',*,*,#2528,.F.);
#3275=ORIENTED_EDGE('',*,*,#2529,.F.);
#3276=ORIENTED_EDGE('',*,*,#2530,.F.);
#3277=ORIENTED_EDGE('',*,*,#2531,.F.);
#3278=ORIENTED_EDGE('',*,*,#2532,.F.);
#3279=ORIENTED_EDGE('',*,*,#2533,.F.);
#3280=ORIENTED_EDGE('',*,*,#2534,.F.);
#3281=ORIENTED_EDGE('',*,*,#2535,.F.);
#3282=ORIENTED_EDGE('',*,*,#2536,.F.);
#3283=ORIENTED_EDGE('',*,*,#2537,.F.);
#3284=ORIENTED_EDGE('',*,*,#2538,.F.);
#3285=ORIENTED_EDGE('',*,*,#2539,.F.);
#3286=ORIENTED_EDGE('',*,*,#2540,.F.);
#3287=ORIENTED_EDGE('',*,*,#2541,.F.);
#3288=ORIENTED_EDGE('',*,*,#2542,.F.);
#3289=ORIENTED_EDGE('',*,*,#2543,.F.);
#3290=ORIENTED_EDGE('',*,*,#2544,.F.);
#3291=ORIENTED_EDGE('',*,*,#2534,.T.);
#3292=ORIENTED_EDGE('',*,*,#2545,.F.);
#3293=ORIENTED_EDGE('',*,*,#2546,.F.);
#3294=ORIENTED_EDGE('',*,*,#2547,.F.);
#3295=ORIENTED_EDGE('',*,*,#2538,.T.);
#3296=ORIENTED_EDGE('',*,*,#2548,.T.);
#3297=ORIENTED_EDGE('',*,*,#2549,.F.);
#3298=ORIENTED_EDGE('',*,*,#2550,.T.);
#3299=ORIENTED_EDGE('',*,*,#2531,.T.);
#3300=ORIENTED_EDGE('',*,*,#2551,.T.);
#3301=ORIENTED_EDGE('',*,*,#2539,.T.);
#3302=ORIENTED_EDGE('',*,*,#2550,.F.);
#3303=ORIENTED_EDGE('',*,*,#2552,.F.);
#3304=ORIENTED_EDGE('',*,*,#2553,.T.);
#3305=ORIENTED_EDGE('',*,*,#2529,.T.);
#3306=ORIENTED_EDGE('',*,*,#2554,.F.);
#3307=ORIENTED_EDGE('',*,*,#2555,.F.);
#3308=ORIENTED_EDGE('',*,*,#2548,.F.);
#3309=ORIENTED_EDGE('',*,*,#2537,.T.);
#3310=ORIENTED_EDGE('',*,*,#2556,.T.);
#3311=ORIENTED_EDGE('',*,*,#2533,.T.);
#3312=ORIENTED_EDGE('',*,*,#2557,.T.);
#3313=ORIENTED_EDGE('',*,*,#2541,.T.);
#3314=ORIENTED_EDGE('',*,*,#2558,.F.);
#3315=ORIENTED_EDGE('',*,*,#2559,.F.);
#3316=ORIENTED_EDGE('',*,*,#2545,.T.);
#3317=ORIENTED_EDGE('',*,*,#2536,.T.);
#3318=ORIENTED_EDGE('',*,*,#2560,.F.);
#3319=ORIENTED_EDGE('',*,*,#2542,.T.);
#3320=ORIENTED_EDGE('',*,*,#2557,.F.);
#3321=ORIENTED_EDGE('',*,*,#2530,.T.);
#3322=ORIENTED_EDGE('',*,*,#2556,.F.);
#3323=ORIENTED_EDGE('',*,*,#2540,.T.);
#3324=ORIENTED_EDGE('',*,*,#2551,.F.);
#3325=ORIENTED_EDGE('',*,*,#2561,.F.);
#3326=ORIENTED_EDGE('',*,*,#2562,.T.);
#3327=ORIENTED_EDGE('',*,*,#2563,.T.);
#3328=ORIENTED_EDGE('',*,*,#2562,.F.);
#3329=ORIENTED_EDGE('',*,*,#2564,.F.);
#3330=ORIENTED_EDGE('',*,*,#2565,.F.);
#3331=ORIENTED_EDGE('',*,*,#2566,.F.);
#3332=ORIENTED_EDGE('',*,*,#2567,.F.);
#3333=ORIENTED_EDGE('',*,*,#2568,.F.);
#3334=ORIENTED_EDGE('',*,*,#2569,.F.);
#3335=ORIENTED_EDGE('',*,*,#2570,.F.);
#3336=ORIENTED_EDGE('',*,*,#2571,.F.);
#3337=ORIENTED_EDGE('',*,*,#2563,.F.);
#3338=ORIENTED_EDGE('',*,*,#2572,.T.);
#3339=ORIENTED_EDGE('',*,*,#2573,.F.);
#3340=ORIENTED_EDGE('',*,*,#2564,.T.);
#3341=ORIENTED_EDGE('',*,*,#2574,.T.);
#3342=ORIENTED_EDGE('',*,*,#2571,.T.);
#3343=ORIENTED_EDGE('',*,*,#2575,.T.);
#3344=ORIENTED_EDGE('',*,*,#2576,.T.);
#3345=ORIENTED_EDGE('',*,*,#2574,.F.);
#3346=ORIENTED_EDGE('',*,*,#2570,.T.);
#3347=ORIENTED_EDGE('',*,*,#2577,.T.);
#3348=ORIENTED_EDGE('',*,*,#2578,.T.);
#3349=ORIENTED_EDGE('',*,*,#2575,.F.);
#3350=ORIENTED_EDGE('',*,*,#2569,.T.);
#3351=ORIENTED_EDGE('',*,*,#2579,.T.);
#3352=ORIENTED_EDGE('',*,*,#2580,.T.);
#3353=ORIENTED_EDGE('',*,*,#2577,.F.);
#3354=ORIENTED_EDGE('',*,*,#2581,.T.);
#3355=ORIENTED_EDGE('',*,*,#2579,.F.);
#3356=ORIENTED_EDGE('',*,*,#2568,.T.);
#3357=ORIENTED_EDGE('',*,*,#2582,.T.);
#3358=ORIENTED_EDGE('',*,*,#2567,.T.);
#3359=ORIENTED_EDGE('',*,*,#2583,.T.);
#3360=ORIENTED_EDGE('',*,*,#2584,.T.);
#3361=ORIENTED_EDGE('',*,*,#2582,.F.);
#3362=ORIENTED_EDGE('',*,*,#2566,.T.);
#3363=ORIENTED_EDGE('',*,*,#2585,.T.);
#3364=ORIENTED_EDGE('',*,*,#2586,.T.);
#3365=ORIENTED_EDGE('',*,*,#2583,.F.);
#3366=ORIENTED_EDGE('',*,*,#2565,.T.);
#3367=ORIENTED_EDGE('',*,*,#2573,.T.);
#3368=ORIENTED_EDGE('',*,*,#2587,.T.);
#3369=ORIENTED_EDGE('',*,*,#2585,.F.);
#3370=ORIENTED_EDGE('',*,*,#2584,.F.);
#3371=ORIENTED_EDGE('',*,*,#2588,.F.);
#3372=ORIENTED_EDGE('',*,*,#2589,.F.);
#3373=ORIENTED_EDGE('',*,*,#2590,.T.);
#3374=ORIENTED_EDGE('',*,*,#2586,.F.);
#3375=ORIENTED_EDGE('',*,*,#2591,.F.);
#3376=ORIENTED_EDGE('',*,*,#2592,.F.);
#3377=ORIENTED_EDGE('',*,*,#2588,.T.);
#3378=ORIENTED_EDGE('',*,*,#2587,.F.);
#3379=ORIENTED_EDGE('',*,*,#2593,.F.);
#3380=ORIENTED_EDGE('',*,*,#2594,.F.);
#3381=ORIENTED_EDGE('',*,*,#2591,.T.);
#3382=ORIENTED_EDGE('',*,*,#2572,.F.);
#3383=ORIENTED_EDGE('',*,*,#2595,.F.);
#3384=ORIENTED_EDGE('',*,*,#2596,.F.);
#3385=ORIENTED_EDGE('',*,*,#2593,.T.);
#3386=ORIENTED_EDGE('',*,*,#2597,.F.);
#3387=ORIENTED_EDGE('',*,*,#2598,.T.);
#3388=ORIENTED_EDGE('',*,*,#2599,.T.);
#3389=ORIENTED_EDGE('',*,*,#2600,.T.);
#3390=ORIENTED_EDGE('',*,*,#2601,.F.);
#3391=ORIENTED_EDGE('',*,*,#2600,.F.);
#3392=ORIENTED_EDGE('',*,*,#2602,.T.);
#3393=ORIENTED_EDGE('',*,*,#2603,.F.);
#3394=ORIENTED_EDGE('',*,*,#2604,.F.);
#3395=ORIENTED_EDGE('',*,*,#2605,.T.);
#3396=ORIENTED_EDGE('',*,*,#2606,.T.);
#3397=ORIENTED_EDGE('',*,*,#2598,.F.);
#3398=ORIENTED_EDGE('',*,*,#2607,.F.);
#3399=ORIENTED_EDGE('',*,*,#2603,.T.);
#3400=ORIENTED_EDGE('',*,*,#2608,.T.);
#3401=ORIENTED_EDGE('',*,*,#2605,.F.);
#3402=ORIENTED_EDGE('',*,*,#2609,.F.);
#3403=ORIENTED_EDGE('',*,*,#2610,.F.);
#3404=ORIENTED_EDGE('',*,*,#2611,.F.);
#3405=ORIENTED_EDGE('',*,*,#2612,.F.);
#3406=ORIENTED_EDGE('',*,*,#2599,.F.);
#3407=ORIENTED_EDGE('',*,*,#2606,.F.);
#3408=ORIENTED_EDGE('',*,*,#2608,.F.);
#3409=ORIENTED_EDGE('',*,*,#2602,.F.);
#3410=ORIENTED_EDGE('',*,*,#2613,.T.);
#3411=ORIENTED_EDGE('',*,*,#2611,.T.);
#3412=ORIENTED_EDGE('',*,*,#2614,.T.);
#3413=ORIENTED_EDGE('',*,*,#2615,.T.);
#3414=ORIENTED_EDGE('',*,*,#2610,.T.);
#3415=ORIENTED_EDGE('',*,*,#2616,.T.);
#3416=ORIENTED_EDGE('',*,*,#2617,.T.);
#3417=ORIENTED_EDGE('',*,*,#2614,.F.);
#3418=ORIENTED_EDGE('',*,*,#2618,.T.);
#3419=ORIENTED_EDGE('',*,*,#2619,.T.);
#3420=ORIENTED_EDGE('',*,*,#2616,.F.);
#3421=ORIENTED_EDGE('',*,*,#2609,.T.);
#3422=ORIENTED_EDGE('',*,*,#2620,.T.);
#3423=ORIENTED_EDGE('',*,*,#2621,.T.);
#3424=ORIENTED_EDGE('',*,*,#2622,.T.);
#3425=ORIENTED_EDGE('',*,*,#2623,.T.);
#3426=ORIENTED_EDGE('',*,*,#2624,.T.);
#3427=ORIENTED_EDGE('',*,*,#2625,.T.);
#3428=ORIENTED_EDGE('',*,*,#2626,.T.);
#3429=ORIENTED_EDGE('',*,*,#2622,.F.);
#3430=ORIENTED_EDGE('',*,*,#2627,.T.);
#3431=ORIENTED_EDGE('',*,*,#2628,.T.);
#3432=ORIENTED_EDGE('',*,*,#2629,.T.);
#3433=ORIENTED_EDGE('',*,*,#2625,.F.);
#3434=ORIENTED_EDGE('',*,*,#2623,.F.);
#3435=ORIENTED_EDGE('',*,*,#2630,.F.);
#3436=ORIENTED_EDGE('',*,*,#2631,.F.);
#3437=ORIENTED_EDGE('',*,*,#2632,.F.);
#3438=ORIENTED_EDGE('',*,*,#2626,.F.);
#3439=ORIENTED_EDGE('',*,*,#2633,.F.);
#3440=ORIENTED_EDGE('',*,*,#2634,.F.);
#3441=ORIENTED_EDGE('',*,*,#2630,.T.);
#3442=ORIENTED_EDGE('',*,*,#2629,.F.);
#3443=ORIENTED_EDGE('',*,*,#2635,.F.);
#3444=ORIENTED_EDGE('',*,*,#2636,.F.);
#3445=ORIENTED_EDGE('',*,*,#2633,.T.);
#3446=ORIENTED_EDGE('',*,*,#2637,.T.);
#3447=ORIENTED_EDGE('',*,*,#2638,.T.);
#3448=ORIENTED_EDGE('',*,*,#2601,.T.);
#3449=ORIENTED_EDGE('',*,*,#2639,.F.);
#3450=ORIENTED_EDGE('',*,*,#2640,.T.);
#3451=ORIENTED_EDGE('',*,*,#2641,.T.);
#3452=ORIENTED_EDGE('',*,*,#2597,.T.);
#3453=ORIENTED_EDGE('',*,*,#2638,.F.);
#3454=ORIENTED_EDGE('',*,*,#2642,.T.);
#3455=ORIENTED_EDGE('',*,*,#2643,.T.);
#3456=ORIENTED_EDGE('',*,*,#2604,.T.);
#3457=ORIENTED_EDGE('',*,*,#2641,.F.);
#3458=ORIENTED_EDGE('',*,*,#2644,.T.);
#3459=ORIENTED_EDGE('',*,*,#2639,.T.);
#3460=ORIENTED_EDGE('',*,*,#2607,.T.);
#3461=ORIENTED_EDGE('',*,*,#2643,.F.);
#3462=ORIENTED_EDGE('',*,*,#2637,.F.);
#3463=ORIENTED_EDGE('',*,*,#2644,.F.);
#3464=ORIENTED_EDGE('',*,*,#2642,.F.);
#3465=ORIENTED_EDGE('',*,*,#2640,.F.);
#3466=ORIENTED_EDGE('',*,*,#2561,.T.);
#3467=ORIENTED_EDGE('',*,*,#2645,.T.);
#3468=ORIENTED_EDGE('',*,*,#2646,.T.);
#3469=ORIENTED_EDGE('',*,*,#2645,.F.);
#3470=ORIENTED_EDGE('',*,*,#2646,.F.);
#3471=ORIENTED_EDGE('',*,*,#2647,.T.);
#3472=ORIENTED_EDGE('',*,*,#2648,.T.);
#3473=ORIENTED_EDGE('',*,*,#2649,.F.);
#3474=ORIENTED_EDGE('',*,*,#2650,.F.);
#3475=ORIENTED_EDGE('',*,*,#2651,.T.);
#3476=ORIENTED_EDGE('',*,*,#2652,.T.);
#3477=ORIENTED_EDGE('',*,*,#2653,.F.);
#3478=ORIENTED_EDGE('',*,*,#2648,.F.);
#3479=ORIENTED_EDGE('',*,*,#2654,.T.);
#3480=ORIENTED_EDGE('',*,*,#2655,.T.);
#3481=ORIENTED_EDGE('',*,*,#2656,.F.);
#3482=ORIENTED_EDGE('',*,*,#2652,.F.);
#3483=ORIENTED_EDGE('',*,*,#2657,.T.);
#3484=ORIENTED_EDGE('',*,*,#2650,.T.);
#3485=ORIENTED_EDGE('',*,*,#2658,.F.);
#3486=ORIENTED_EDGE('',*,*,#2655,.F.);
#3487=ORIENTED_EDGE('',*,*,#2647,.F.);
#3488=ORIENTED_EDGE('',*,*,#2657,.F.);
#3489=ORIENTED_EDGE('',*,*,#2654,.F.);
#3490=ORIENTED_EDGE('',*,*,#2651,.F.);
#3491=ORIENTED_EDGE('',*,*,#2649,.T.);
#3492=ORIENTED_EDGE('',*,*,#2659,.T.);
#3493=ORIENTED_EDGE('',*,*,#2660,.T.);
#3494=ORIENTED_EDGE('',*,*,#2661,.T.);
#3495=ORIENTED_EDGE('',*,*,#2653,.T.);
#3496=ORIENTED_EDGE('',*,*,#2662,.T.);
#3497=ORIENTED_EDGE('',*,*,#2663,.T.);
#3498=ORIENTED_EDGE('',*,*,#2659,.F.);
#3499=ORIENTED_EDGE('',*,*,#2656,.T.);
#3500=ORIENTED_EDGE('',*,*,#2664,.T.);
#3501=ORIENTED_EDGE('',*,*,#2665,.T.);
#3502=ORIENTED_EDGE('',*,*,#2662,.F.);
#3503=ORIENTED_EDGE('',*,*,#2658,.T.);
#3504=ORIENTED_EDGE('',*,*,#2661,.F.);
#3505=ORIENTED_EDGE('',*,*,#2666,.T.);
#3506=ORIENTED_EDGE('',*,*,#2664,.F.);
#3507=ORIENTED_EDGE('',*,*,#2621,.F.);
#3508=ORIENTED_EDGE('',*,*,#2667,.F.);
#3509=ORIENTED_EDGE('',*,*,#2627,.F.);
#3510=ORIENTED_EDGE('',*,*,#2624,.F.);
#3511=ORIENTED_EDGE('',*,*,#2660,.F.);
#3512=ORIENTED_EDGE('',*,*,#2663,.F.);
#3513=ORIENTED_EDGE('',*,*,#2665,.F.);
#3514=ORIENTED_EDGE('',*,*,#2666,.F.);
#3515=ORIENTED_EDGE('',*,*,#2617,.F.);
#3516=ORIENTED_EDGE('',*,*,#2668,.F.);
#3517=ORIENTED_EDGE('',*,*,#2669,.F.);
#3518=ORIENTED_EDGE('',*,*,#2670,.T.);
#3519=ORIENTED_EDGE('',*,*,#2619,.F.);
#3520=ORIENTED_EDGE('',*,*,#2671,.F.);
#3521=ORIENTED_EDGE('',*,*,#2672,.F.);
#3522=ORIENTED_EDGE('',*,*,#2668,.T.);
#3523=ORIENTED_EDGE('',*,*,#2618,.F.);
#3524=ORIENTED_EDGE('',*,*,#2612,.T.);
#3525=ORIENTED_EDGE('',*,*,#2613,.F.);
#3526=ORIENTED_EDGE('',*,*,#2673,.F.);
#3527=ORIENTED_EDGE('',*,*,#2674,.F.);
#3528=ORIENTED_EDGE('',*,*,#2671,.T.);
#3529=ORIENTED_EDGE('',*,*,#2615,.F.);
#3530=ORIENTED_EDGE('',*,*,#2670,.F.);
#3531=ORIENTED_EDGE('',*,*,#2675,.F.);
#3532=ORIENTED_EDGE('',*,*,#2673,.T.);
#3533=ORIENTED_EDGE('',*,*,#2580,.F.);
#3534=ORIENTED_EDGE('',*,*,#2676,.F.);
#3535=ORIENTED_EDGE('',*,*,#2677,.F.);
#3536=ORIENTED_EDGE('',*,*,#2678,.T.);
#3537=ORIENTED_EDGE('',*,*,#2581,.F.);
#3538=ORIENTED_EDGE('',*,*,#2590,.F.);
#3539=ORIENTED_EDGE('',*,*,#2679,.F.);
#3540=ORIENTED_EDGE('',*,*,#2676,.T.);
#3541=ORIENTED_EDGE('',*,*,#2576,.F.);
#3542=ORIENTED_EDGE('',*,*,#2680,.F.);
#3543=ORIENTED_EDGE('',*,*,#2681,.F.);
#3544=ORIENTED_EDGE('',*,*,#2595,.T.);
#3545=ORIENTED_EDGE('',*,*,#2578,.F.);
#3546=ORIENTED_EDGE('',*,*,#2678,.F.);
#3547=ORIENTED_EDGE('',*,*,#2682,.F.);
#3548=ORIENTED_EDGE('',*,*,#2680,.T.);
#3549=ORIENTED_EDGE('',*,*,#2631,.T.);
#3550=ORIENTED_EDGE('',*,*,#2634,.T.);
#3551=ORIENTED_EDGE('',*,*,#2636,.T.);
#3552=ORIENTED_EDGE('',*,*,#2683,.T.);
#3553=ORIENTED_EDGE('',*,*,#2684,.T.);
#3554=ORIENTED_EDGE('',*,*,#2685,.T.);
#3555=ORIENTED_EDGE('',*,*,#2686,.T.);
#3556=ORIENTED_EDGE('',*,*,#2687,.T.);
#3557=ORIENTED_EDGE('',*,*,#2688,.T.);
#3558=ORIENTED_EDGE('',*,*,#2689,.T.);
#3559=ORIENTED_EDGE('',*,*,#2690,.T.);
#3560=ORIENTED_EDGE('',*,*,#2691,.T.);
#3561=ORIENTED_EDGE('',*,*,#2692,.T.);
#3562=ORIENTED_EDGE('',*,*,#2693,.T.);
#3563=ORIENTED_EDGE('',*,*,#2694,.T.);
#3564=ORIENTED_EDGE('',*,*,#2695,.T.);
#3565=ORIENTED_EDGE('',*,*,#2696,.T.);
#3566=ORIENTED_EDGE('',*,*,#2697,.T.);
#3567=ORIENTED_EDGE('',*,*,#2698,.T.);
#3568=ORIENTED_EDGE('',*,*,#2699,.T.);
#3569=ORIENTED_EDGE('',*,*,#2677,.T.);
#3570=ORIENTED_EDGE('',*,*,#2679,.T.);
#3571=ORIENTED_EDGE('',*,*,#2589,.T.);
#3572=ORIENTED_EDGE('',*,*,#2592,.T.);
#3573=ORIENTED_EDGE('',*,*,#2594,.T.);
#3574=ORIENTED_EDGE('',*,*,#2596,.T.);
#3575=ORIENTED_EDGE('',*,*,#2681,.T.);
#3576=ORIENTED_EDGE('',*,*,#2682,.T.);
#3577=ORIENTED_EDGE('',*,*,#2669,.T.);
#3578=ORIENTED_EDGE('',*,*,#2672,.T.);
#3579=ORIENTED_EDGE('',*,*,#2674,.T.);
#3580=ORIENTED_EDGE('',*,*,#2675,.T.);
#3581=ORIENTED_EDGE('',*,*,#2535,.T.);
#3582=ORIENTED_EDGE('',*,*,#2547,.T.);
#3583=ORIENTED_EDGE('',*,*,#2700,.F.);
#3584=ORIENTED_EDGE('',*,*,#2701,.T.);
#3585=ORIENTED_EDGE('',*,*,#2543,.T.);
#3586=ORIENTED_EDGE('',*,*,#2560,.T.);
#3587=ORIENTED_EDGE('',*,*,#2544,.T.);
#3588=ORIENTED_EDGE('',*,*,#2701,.F.);
#3589=ORIENTED_EDGE('',*,*,#2702,.F.);
#3590=ORIENTED_EDGE('',*,*,#2558,.T.);
#3591=ORIENTED_EDGE('',*,*,#2532,.T.);
#3592=ORIENTED_EDGE('',*,*,#2553,.F.);
#3593=ORIENTED_EDGE('',*,*,#2703,.F.);
#3594=ORIENTED_EDGE('',*,*,#2554,.T.);
#3595=ORIENTED_EDGE('',*,*,#2704,.F.);
#3596=ORIENTED_EDGE('',*,*,#2705,.F.);
#3597=ORIENTED_EDGE('',*,*,#2706,.F.);
#3598=ORIENTED_EDGE('',*,*,#2707,.T.);
#3599=ORIENTED_EDGE('',*,*,#2708,.F.);
#3600=ORIENTED_EDGE('',*,*,#2707,.F.);
#3601=ORIENTED_EDGE('',*,*,#2709,.F.);
#3602=ORIENTED_EDGE('',*,*,#2710,.T.);
#3603=ORIENTED_EDGE('',*,*,#2711,.F.);
#3604=ORIENTED_EDGE('',*,*,#2710,.F.);
#3605=ORIENTED_EDGE('',*,*,#2712,.F.);
#3606=ORIENTED_EDGE('',*,*,#2713,.F.);
#3607=ORIENTED_EDGE('',*,*,#2714,.F.);
#3608=ORIENTED_EDGE('',*,*,#2712,.T.);
#3609=ORIENTED_EDGE('',*,*,#2709,.T.);
#3610=ORIENTED_EDGE('',*,*,#2706,.T.);
#3611=ORIENTED_EDGE('',*,*,#2704,.T.);
#3612=ORIENTED_EDGE('',*,*,#2708,.T.);
#3613=ORIENTED_EDGE('',*,*,#2711,.T.);
#3614=ORIENTED_EDGE('',*,*,#2715,.F.);
#3615=ORIENTED_EDGE('',*,*,#2716,.T.);
#3616=ORIENTED_EDGE('',*,*,#2717,.F.);
#3617=ORIENTED_EDGE('',*,*,#2718,.T.);
#3618=ORIENTED_EDGE('',*,*,#2719,.F.);
#3619=ORIENTED_EDGE('',*,*,#2720,.T.);
#3620=ORIENTED_EDGE('',*,*,#2721,.F.);
#3621=ORIENTED_EDGE('',*,*,#2722,.T.);
#3622=ORIENTED_EDGE('',*,*,#2717,.T.);
#3623=ORIENTED_EDGE('',*,*,#2723,.T.);
#3624=ORIENTED_EDGE('',*,*,#2724,.F.);
#3625=ORIENTED_EDGE('',*,*,#2725,.T.);
#3626=ORIENTED_EDGE('',*,*,#2721,.T.);
#3627=ORIENTED_EDGE('',*,*,#2726,.F.);
#3628=ORIENTED_EDGE('',*,*,#2718,.F.);
#3629=ORIENTED_EDGE('',*,*,#2722,.F.);
#3630=ORIENTED_EDGE('',*,*,#2725,.F.);
#3631=ORIENTED_EDGE('',*,*,#2716,.F.);
#3632=ORIENTED_EDGE('',*,*,#2727,.F.);
#3633=ORIENTED_EDGE('',*,*,#2723,.F.);
#3634=ORIENTED_EDGE('',*,*,#2720,.F.);
#3635=ORIENTED_EDGE('',*,*,#2728,.F.);
#3636=ORIENTED_EDGE('',*,*,#2729,.F.);
#3637=ORIENTED_EDGE('',*,*,#2730,.F.);
#3638=ORIENTED_EDGE('',*,*,#2731,.T.);
#3639=ORIENTED_EDGE('',*,*,#2728,.T.);
#3640=ORIENTED_EDGE('',*,*,#2732,.T.);
#3641=ORIENTED_EDGE('',*,*,#2733,.T.);
#3642=ORIENTED_EDGE('',*,*,#2734,.T.);
#3643=ORIENTED_EDGE('',*,*,#2735,.F.);
#3644=ORIENTED_EDGE('',*,*,#2736,.F.);
#3645=ORIENTED_EDGE('',*,*,#2737,.F.);
#3646=ORIENTED_EDGE('',*,*,#2738,.T.);
#3647=ORIENTED_EDGE('',*,*,#2735,.T.);
#3648=ORIENTED_EDGE('',*,*,#2739,.T.);
#3649=ORIENTED_EDGE('',*,*,#2740,.T.);
#3650=ORIENTED_EDGE('',*,*,#2741,.T.);
#3651=ORIENTED_EDGE('',*,*,#2742,.F.);
#3652=ORIENTED_EDGE('',*,*,#2743,.F.);
#3653=ORIENTED_EDGE('',*,*,#2744,.F.);
#3654=ORIENTED_EDGE('',*,*,#2745,.T.);
#3655=ORIENTED_EDGE('',*,*,#2746,.F.);
#3656=ORIENTED_EDGE('',*,*,#2747,.F.);
#3657=ORIENTED_EDGE('',*,*,#2748,.F.);
#3658=ORIENTED_EDGE('',*,*,#2749,.T.);
#3659=ORIENTED_EDGE('',*,*,#2742,.T.);
#3660=ORIENTED_EDGE('',*,*,#2750,.T.);
#3661=ORIENTED_EDGE('',*,*,#2746,.T.);
#3662=ORIENTED_EDGE('',*,*,#2751,.T.);
#3663=ORIENTED_EDGE('',*,*,#2737,.T.);
#3664=ORIENTED_EDGE('',*,*,#2752,.T.);
#3665=ORIENTED_EDGE('',*,*,#2748,.T.);
#3666=ORIENTED_EDGE('',*,*,#2753,.T.);
#3667=ORIENTED_EDGE('',*,*,#2754,.F.);
#3668=ORIENTED_EDGE('',*,*,#2755,.F.);
#3669=ORIENTED_EDGE('',*,*,#2756,.T.);
#3670=ORIENTED_EDGE('',*,*,#2732,.F.);
#3671=ORIENTED_EDGE('',*,*,#2731,.F.);
#3672=ORIENTED_EDGE('',*,*,#2757,.F.);
#3673=ORIENTED_EDGE('',*,*,#2743,.T.);
#3674=ORIENTED_EDGE('',*,*,#2751,.F.);
#3675=ORIENTED_EDGE('',*,*,#2749,.F.);
#3676=ORIENTED_EDGE('',*,*,#2752,.F.);
#3677=ORIENTED_EDGE('',*,*,#2736,.T.);
#3678=ORIENTED_EDGE('',*,*,#2741,.F.);
#3679=ORIENTED_EDGE('',*,*,#2758,.F.);
#3680=ORIENTED_EDGE('',*,*,#2759,.F.);
#3681=ORIENTED_EDGE('',*,*,#2760,.F.);
#3682=ORIENTED_EDGE('',*,*,#2761,.F.);
#3683=ORIENTED_EDGE('',*,*,#2762,.F.);
#3684=ORIENTED_EDGE('',*,*,#2763,.F.);
#3685=ORIENTED_EDGE('',*,*,#2758,.T.);
#3686=ORIENTED_EDGE('',*,*,#2740,.F.);
#3687=ORIENTED_EDGE('',*,*,#2756,.F.);
#3688=ORIENTED_EDGE('',*,*,#2764,.F.);
#3689=ORIENTED_EDGE('',*,*,#2765,.T.);
#3690=ORIENTED_EDGE('',*,*,#2733,.F.);
#3691=ORIENTED_EDGE('',*,*,#2766,.F.);
#3692=ORIENTED_EDGE('',*,*,#2767,.F.);
#3693=ORIENTED_EDGE('',*,*,#2768,.F.);
#3694=ORIENTED_EDGE('',*,*,#2769,.F.);
#3695=ORIENTED_EDGE('',*,*,#2762,.T.);
#3696=ORIENTED_EDGE('',*,*,#2739,.F.);
#3697=ORIENTED_EDGE('',*,*,#2738,.F.);
#3698=ORIENTED_EDGE('',*,*,#2753,.F.);
#3699=ORIENTED_EDGE('',*,*,#2747,.T.);
#3700=ORIENTED_EDGE('',*,*,#2750,.F.);
#3701=ORIENTED_EDGE('',*,*,#2745,.F.);
#3702=ORIENTED_EDGE('',*,*,#2770,.F.);
#3703=ORIENTED_EDGE('',*,*,#2729,.T.);
#3704=ORIENTED_EDGE('',*,*,#2734,.F.);
#3705=ORIENTED_EDGE('',*,*,#2765,.F.);
#3706=ORIENTED_EDGE('',*,*,#2771,.F.);
#3707=ORIENTED_EDGE('',*,*,#2730,.T.);
#3708=ORIENTED_EDGE('',*,*,#2770,.T.);
#3709=ORIENTED_EDGE('',*,*,#2744,.T.);
#3710=ORIENTED_EDGE('',*,*,#2757,.T.);
#3711=ORIENTED_EDGE('',*,*,#2766,.T.);
#3712=ORIENTED_EDGE('',*,*,#2772,.T.);
#3713=ORIENTED_EDGE('',*,*,#2773,.F.);
#3714=ORIENTED_EDGE('',*,*,#2774,.F.);
#3715=ORIENTED_EDGE('',*,*,#2759,.T.);
#3716=ORIENTED_EDGE('',*,*,#2763,.T.);
#3717=ORIENTED_EDGE('',*,*,#2769,.T.);
#3718=ORIENTED_EDGE('',*,*,#2775,.F.);
#3719=ORIENTED_EDGE('',*,*,#2776,.F.);
#3720=ORIENTED_EDGE('',*,*,#2777,.F.);
#3721=ORIENTED_EDGE('',*,*,#2778,.F.);
#3722=ORIENTED_EDGE('',*,*,#2779,.F.);
#3723=ORIENTED_EDGE('',*,*,#2780,.F.);
#3724=ORIENTED_EDGE('',*,*,#2781,.F.);
#3725=ORIENTED_EDGE('',*,*,#2782,.F.);
#3726=ORIENTED_EDGE('',*,*,#2783,.F.);
#3727=ORIENTED_EDGE('',*,*,#2767,.T.);
#3728=ORIENTED_EDGE('',*,*,#2774,.T.);
#3729=ORIENTED_EDGE('',*,*,#2784,.F.);
#3730=ORIENTED_EDGE('',*,*,#2785,.T.);
#3731=ORIENTED_EDGE('',*,*,#2761,.T.);
#3732=ORIENTED_EDGE('',*,*,#2786,.T.);
#3733=ORIENTED_EDGE('',*,*,#2787,.F.);
#3734=ORIENTED_EDGE('',*,*,#2788,.T.);
#3735=ORIENTED_EDGE('',*,*,#2768,.T.);
#3736=ORIENTED_EDGE('',*,*,#2785,.F.);
#3737=ORIENTED_EDGE('',*,*,#2789,.T.);
#3738=ORIENTED_EDGE('',*,*,#2775,.T.);
#3739=ORIENTED_EDGE('',*,*,#2760,.T.);
#3740=ORIENTED_EDGE('',*,*,#2783,.T.);
#3741=ORIENTED_EDGE('',*,*,#2790,.F.);
#3742=ORIENTED_EDGE('',*,*,#2786,.F.);
#3743=ORIENTED_EDGE('',*,*,#2754,.T.);
#3744=ORIENTED_EDGE('',*,*,#2788,.F.);
#3745=ORIENTED_EDGE('',*,*,#2791,.T.);
#3746=ORIENTED_EDGE('',*,*,#2792,.T.);
#3747=ORIENTED_EDGE('',*,*,#2755,.T.);
#3748=ORIENTED_EDGE('',*,*,#2792,.F.);
#3749=ORIENTED_EDGE('',*,*,#2793,.F.);
#3750=ORIENTED_EDGE('',*,*,#2794,.T.);
#3751=ORIENTED_EDGE('',*,*,#2795,.T.);
#3752=ORIENTED_EDGE('',*,*,#2772,.F.);
#3753=ORIENTED_EDGE('',*,*,#2771,.T.);
#3754=ORIENTED_EDGE('',*,*,#2764,.T.);
#3755=ORIENTED_EDGE('',*,*,#2796,.T.);
#3756=ORIENTED_EDGE('',*,*,#2777,.T.);
#3757=ORIENTED_EDGE('',*,*,#2797,.F.);
#3758=ORIENTED_EDGE('',*,*,#2798,.F.);
#3759=ORIENTED_EDGE('',*,*,#2799,.F.);
#3760=ORIENTED_EDGE('',*,*,#2800,.F.);
#3761=ORIENTED_EDGE('',*,*,#2801,.T.);
#3762=ORIENTED_EDGE('',*,*,#2781,.T.);
#3763=ORIENTED_EDGE('',*,*,#2780,.T.);
#3764=ORIENTED_EDGE('',*,*,#2802,.F.);
#3765=ORIENTED_EDGE('',*,*,#2803,.F.);
#3766=ORIENTED_EDGE('',*,*,#2799,.T.);
#3767=ORIENTED_EDGE('',*,*,#2778,.T.);
#3768=ORIENTED_EDGE('',*,*,#2796,.F.);
#3769=ORIENTED_EDGE('',*,*,#2804,.F.);
#3770=ORIENTED_EDGE('',*,*,#2805,.T.);
#3771=ORIENTED_EDGE('',*,*,#2804,.T.);
#3772=ORIENTED_EDGE('',*,*,#2798,.T.);
#3773=ORIENTED_EDGE('',*,*,#2806,.F.);
#3774=ORIENTED_EDGE('',*,*,#2807,.F.);
#3775=ORIENTED_EDGE('',*,*,#2803,.T.);
#3776=ORIENTED_EDGE('',*,*,#2808,.F.);
#3777=ORIENTED_EDGE('',*,*,#2809,.F.);
#3778=ORIENTED_EDGE('',*,*,#2800,.T.);
#3779=ORIENTED_EDGE('',*,*,#2527,.T.);
#3780=ORIENTED_EDGE('',*,*,#2810,.T.);
#3781=ORIENTED_EDGE('',*,*,#2811,.F.);
#3782=ORIENTED_EDGE('',*,*,#2810,.F.);
#3783=ORIENTED_EDGE('',*,*,#2523,.T.);
#3784=ORIENTED_EDGE('',*,*,#2812,.T.);
#3785=ORIENTED_EDGE('',*,*,#2813,.F.);
#3786=ORIENTED_EDGE('',*,*,#2812,.F.);
#3787=ORIENTED_EDGE('',*,*,#2515,.T.);
#3788=ORIENTED_EDGE('',*,*,#2814,.T.);
#3789=ORIENTED_EDGE('',*,*,#2815,.F.);
#3790=ORIENTED_EDGE('',*,*,#2814,.F.);
#3791=ORIENTED_EDGE('',*,*,#2519,.T.);
#3792=ORIENTED_EDGE('',*,*,#2816,.T.);
#3793=ORIENTED_EDGE('',*,*,#2817,.F.);
#3794=ORIENTED_EDGE('',*,*,#2816,.F.);
#3795=ORIENTED_EDGE('',*,*,#2690,.F.);
#3796=ORIENTED_EDGE('',*,*,#2818,.F.);
#3797=ORIENTED_EDGE('',*,*,#2819,.F.);
#3798=ORIENTED_EDGE('',*,*,#2820,.F.);
#3799=ORIENTED_EDGE('',*,*,#2689,.F.);
#3800=ORIENTED_EDGE('',*,*,#2821,.F.);
#3801=ORIENTED_EDGE('',*,*,#2822,.F.);
#3802=ORIENTED_EDGE('',*,*,#2818,.T.);
#3803=ORIENTED_EDGE('',*,*,#2688,.F.);
#3804=ORIENTED_EDGE('',*,*,#2823,.F.);
#3805=ORIENTED_EDGE('',*,*,#2824,.F.);
#3806=ORIENTED_EDGE('',*,*,#2821,.T.);
#3807=ORIENTED_EDGE('',*,*,#2698,.F.);
#3808=ORIENTED_EDGE('',*,*,#2825,.F.);
#3809=ORIENTED_EDGE('',*,*,#2826,.F.);
#3810=ORIENTED_EDGE('',*,*,#2827,.F.);
#3811=ORIENTED_EDGE('',*,*,#2697,.F.);
#3812=ORIENTED_EDGE('',*,*,#2828,.F.);
#3813=ORIENTED_EDGE('',*,*,#2829,.F.);
#3814=ORIENTED_EDGE('',*,*,#2825,.T.);
#3815=ORIENTED_EDGE('',*,*,#2696,.F.);
#3816=ORIENTED_EDGE('',*,*,#2830,.F.);
#3817=ORIENTED_EDGE('',*,*,#2831,.F.);
#3818=ORIENTED_EDGE('',*,*,#2828,.T.);
#3819=ORIENTED_EDGE('',*,*,#2694,.F.);
#3820=ORIENTED_EDGE('',*,*,#2832,.F.);
#3821=ORIENTED_EDGE('',*,*,#2833,.F.);
#3822=ORIENTED_EDGE('',*,*,#2834,.F.);
#3823=ORIENTED_EDGE('',*,*,#2693,.F.);
#3824=ORIENTED_EDGE('',*,*,#2835,.F.);
#3825=ORIENTED_EDGE('',*,*,#2836,.F.);
#3826=ORIENTED_EDGE('',*,*,#2832,.T.);
#3827=ORIENTED_EDGE('',*,*,#2692,.F.);
#3828=ORIENTED_EDGE('',*,*,#2837,.F.);
#3829=ORIENTED_EDGE('',*,*,#2838,.F.);
#3830=ORIENTED_EDGE('',*,*,#2835,.T.);
#3831=ORIENTED_EDGE('',*,*,#2686,.F.);
#3832=ORIENTED_EDGE('',*,*,#2839,.F.);
#3833=ORIENTED_EDGE('',*,*,#2840,.F.);
#3834=ORIENTED_EDGE('',*,*,#2841,.F.);
#3835=ORIENTED_EDGE('',*,*,#2685,.F.);
#3836=ORIENTED_EDGE('',*,*,#2842,.F.);
#3837=ORIENTED_EDGE('',*,*,#2843,.F.);
#3838=ORIENTED_EDGE('',*,*,#2839,.T.);
#3839=ORIENTED_EDGE('',*,*,#2684,.F.);
#3840=ORIENTED_EDGE('',*,*,#2844,.F.);
#3841=ORIENTED_EDGE('',*,*,#2845,.F.);
#3842=ORIENTED_EDGE('',*,*,#2842,.T.);
#3843=ORIENTED_EDGE('',*,*,#2830,.T.);
#3844=ORIENTED_EDGE('',*,*,#2695,.F.);
#3845=ORIENTED_EDGE('',*,*,#2834,.T.);
#3846=ORIENTED_EDGE('',*,*,#2846,.F.);
#3847=ORIENTED_EDGE('',*,*,#2823,.T.);
#3848=ORIENTED_EDGE('',*,*,#2687,.F.);
#3849=ORIENTED_EDGE('',*,*,#2841,.T.);
#3850=ORIENTED_EDGE('',*,*,#2847,.F.);
#3851=ORIENTED_EDGE('',*,*,#2820,.T.);
#3852=ORIENTED_EDGE('',*,*,#2848,.F.);
#3853=ORIENTED_EDGE('',*,*,#2837,.T.);
#3854=ORIENTED_EDGE('',*,*,#2691,.F.);
#3855=ORIENTED_EDGE('',*,*,#2632,.T.);
#3856=ORIENTED_EDGE('',*,*,#2699,.F.);
#3857=ORIENTED_EDGE('',*,*,#2827,.T.);
#3858=ORIENTED_EDGE('',*,*,#2849,.F.);
#3859=ORIENTED_EDGE('',*,*,#2844,.T.);
#3860=ORIENTED_EDGE('',*,*,#2683,.F.);
#3861=ORIENTED_EDGE('',*,*,#2635,.T.);
#3862=ORIENTED_EDGE('',*,*,#2628,.F.);
#3863=ORIENTED_EDGE('',*,*,#2667,.T.);
#3864=ORIENTED_EDGE('',*,*,#2620,.F.);
#3865=ORIENTED_EDGE('',*,*,#2850,.T.);
#3866=ORIENTED_EDGE('',*,*,#2851,.F.);
#3867=ORIENTED_EDGE('',*,*,#2808,.T.);
#3868=ORIENTED_EDGE('',*,*,#2802,.T.);
#3869=ORIENTED_EDGE('',*,*,#2779,.T.);
#3870=ORIENTED_EDGE('',*,*,#2805,.F.);
#3871=ORIENTED_EDGE('',*,*,#2807,.T.);
#3872=ORIENTED_EDGE('',*,*,#2852,.T.);
#3873=ORIENTED_EDGE('',*,*,#2700,.T.);
#3874=ORIENTED_EDGE('',*,*,#2546,.T.);
#3875=ORIENTED_EDGE('',*,*,#2559,.T.);
#3876=ORIENTED_EDGE('',*,*,#2702,.T.);
#3877=ORIENTED_EDGE('',*,*,#2552,.T.);
#3878=ORIENTED_EDGE('',*,*,#2549,.T.);
#3879=ORIENTED_EDGE('',*,*,#2555,.T.);
#3880=ORIENTED_EDGE('',*,*,#2703,.T.);
#3881=ORIENTED_EDGE('',*,*,#2853,.T.);
#3882=ORIENTED_EDGE('',*,*,#2854,.F.);
#3883=ORIENTED_EDGE('',*,*,#2793,.T.);
#3884=ORIENTED_EDGE('',*,*,#2791,.F.);
#3885=ORIENTED_EDGE('',*,*,#2787,.T.);
#3886=ORIENTED_EDGE('',*,*,#2790,.T.);
#3887=ORIENTED_EDGE('',*,*,#2782,.T.);
#3888=ORIENTED_EDGE('',*,*,#2801,.F.);
#3889=ORIENTED_EDGE('',*,*,#2809,.T.);
#3890=ORIENTED_EDGE('',*,*,#2851,.T.);
#3891=ORIENTED_EDGE('',*,*,#2855,.T.);
#3892=ORIENTED_EDGE('',*,*,#2856,.F.);
#3893=ORIENTED_EDGE('',*,*,#2794,.F.);
#3894=ORIENTED_EDGE('',*,*,#2854,.T.);
#3895=ORIENTED_EDGE('',*,*,#2713,.T.);
#3896=ORIENTED_EDGE('',*,*,#2714,.T.);
#3897=ORIENTED_EDGE('',*,*,#2705,.T.);
#3898=ORIENTED_EDGE('',*,*,#2715,.T.);
#3899=ORIENTED_EDGE('',*,*,#2724,.T.);
#3900=ORIENTED_EDGE('',*,*,#2727,.T.);
#3901=ORIENTED_EDGE('',*,*,#2719,.T.);
#3902=ORIENTED_EDGE('',*,*,#2726,.T.);
#3903=ORIENTED_EDGE('',*,*,#2857,.T.);
#3904=ORIENTED_EDGE('',*,*,#2852,.F.);
#3905=ORIENTED_EDGE('',*,*,#2806,.T.);
#3906=ORIENTED_EDGE('',*,*,#2797,.T.);
#3907=ORIENTED_EDGE('',*,*,#2776,.T.);
#3908=ORIENTED_EDGE('',*,*,#2789,.F.);
#3909=ORIENTED_EDGE('',*,*,#2784,.T.);
#3910=ORIENTED_EDGE('',*,*,#2773,.T.);
#3911=ORIENTED_EDGE('',*,*,#2795,.F.);
#3912=ORIENTED_EDGE('',*,*,#2856,.T.);
#3913=ORIENTED_EDGE('',*,*,#2850,.F.);
#3914=ORIENTED_EDGE('',*,*,#2857,.F.);
#3915=ORIENTED_EDGE('',*,*,#2855,.F.);
#3916=ORIENTED_EDGE('',*,*,#2853,.F.);
#3917=ORIENTED_EDGE('',*,*,#2811,.T.);
#3918=ORIENTED_EDGE('',*,*,#2813,.T.);
#3919=ORIENTED_EDGE('',*,*,#2815,.T.);
#3920=ORIENTED_EDGE('',*,*,#2817,.T.);
#3921=ORIENTED_EDGE('',*,*,#2849,.T.);
#3922=ORIENTED_EDGE('',*,*,#2826,.T.);
#3923=ORIENTED_EDGE('',*,*,#2829,.T.);
#3924=ORIENTED_EDGE('',*,*,#2831,.T.);
#3925=ORIENTED_EDGE('',*,*,#2846,.T.);
#3926=ORIENTED_EDGE('',*,*,#2833,.T.);
#3927=ORIENTED_EDGE('',*,*,#2836,.T.);
#3928=ORIENTED_EDGE('',*,*,#2838,.T.);
#3929=ORIENTED_EDGE('',*,*,#2848,.T.);
#3930=ORIENTED_EDGE('',*,*,#2819,.T.);
#3931=ORIENTED_EDGE('',*,*,#2822,.T.);
#3932=ORIENTED_EDGE('',*,*,#2824,.T.);
#3933=ORIENTED_EDGE('',*,*,#2847,.T.);
#3934=ORIENTED_EDGE('',*,*,#2840,.T.);
#3935=ORIENTED_EDGE('',*,*,#2843,.T.);
#3936=ORIENTED_EDGE('',*,*,#2845,.T.);
#3937=ORIENTED_EDGE('',*,*,#2858,.T.);
#3938=ORIENTED_EDGE('',*,*,#2859,.T.);
#3939=ORIENTED_EDGE('',*,*,#2860,.T.);
#3940=ORIENTED_EDGE('',*,*,#2861,.T.);
#3941=ORIENTED_EDGE('',*,*,#2860,.F.);
#3942=ORIENTED_EDGE('',*,*,#2862,.T.);
#3943=ORIENTED_EDGE('',*,*,#2863,.F.);
#3944=ORIENTED_EDGE('',*,*,#2864,.T.);
#3945=ORIENTED_EDGE('',*,*,#2865,.F.);
#3946=ORIENTED_EDGE('',*,*,#2866,.T.);
#3947=ORIENTED_EDGE('',*,*,#2867,.F.);
#3948=ORIENTED_EDGE('',*,*,#2868,.T.);
#3949=ORIENTED_EDGE('',*,*,#2869,.F.);
#3950=ORIENTED_EDGE('',*,*,#2870,.T.);
#3951=ORIENTED_EDGE('',*,*,#2871,.F.);
#3952=ORIENTED_EDGE('',*,*,#2872,.T.);
#3953=ORIENTED_EDGE('',*,*,#2873,.F.);
#3954=ORIENTED_EDGE('',*,*,#2874,.T.);
#3955=ORIENTED_EDGE('',*,*,#2875,.T.);
#3956=ORIENTED_EDGE('',*,*,#2876,.T.);
#3957=ORIENTED_EDGE('',*,*,#2877,.T.);
#3958=ORIENTED_EDGE('',*,*,#2878,.T.);
#3959=ORIENTED_EDGE('',*,*,#2879,.T.);
#3960=ORIENTED_EDGE('',*,*,#2880,.T.);
#3961=ORIENTED_EDGE('',*,*,#2881,.T.);
#3962=ORIENTED_EDGE('',*,*,#2882,.T.);
#3963=ORIENTED_EDGE('',*,*,#2883,.T.);
#3964=ORIENTED_EDGE('',*,*,#2884,.T.);
#3965=ORIENTED_EDGE('',*,*,#2885,.T.);
#3966=ORIENTED_EDGE('',*,*,#2886,.T.);
#3967=ORIENTED_EDGE('',*,*,#2887,.T.);
#3968=ORIENTED_EDGE('',*,*,#2888,.T.);
#3969=ORIENTED_EDGE('',*,*,#2889,.T.);
#3970=ORIENTED_EDGE('',*,*,#2890,.T.);
#3971=ORIENTED_EDGE('',*,*,#2891,.T.);
#3972=ORIENTED_EDGE('',*,*,#2859,.F.);
#3973=ORIENTED_EDGE('',*,*,#2892,.F.);
#3974=ORIENTED_EDGE('',*,*,#2893,.F.);
#3975=ORIENTED_EDGE('',*,*,#2862,.F.);
#3976=ORIENTED_EDGE('',*,*,#2894,.T.);
#3977=ORIENTED_EDGE('',*,*,#2895,.T.);
#3978=ORIENTED_EDGE('',*,*,#2863,.T.);
#3979=ORIENTED_EDGE('',*,*,#2893,.T.);
#3980=ORIENTED_EDGE('',*,*,#2896,.T.);
#3981=ORIENTED_EDGE('',*,*,#2897,.T.);
#3982=ORIENTED_EDGE('',*,*,#2865,.T.);
#3983=ORIENTED_EDGE('',*,*,#2898,.T.);
#3984=ORIENTED_EDGE('',*,*,#2897,.F.);
#3985=ORIENTED_EDGE('',*,*,#2899,.F.);
#3986=ORIENTED_EDGE('',*,*,#2900,.F.);
#3987=ORIENTED_EDGE('',*,*,#2866,.F.);
#3988=ORIENTED_EDGE('',*,*,#2869,.T.);
#3989=ORIENTED_EDGE('',*,*,#2901,.T.);
#3990=ORIENTED_EDGE('',*,*,#2902,.T.);
#3991=ORIENTED_EDGE('',*,*,#2903,.T.);
#3992=ORIENTED_EDGE('',*,*,#2901,.F.);
#3993=ORIENTED_EDGE('',*,*,#2868,.F.);
#3994=ORIENTED_EDGE('',*,*,#2904,.F.);
#3995=ORIENTED_EDGE('',*,*,#2905,.F.);
#3996=ORIENTED_EDGE('',*,*,#2867,.T.);
#3997=ORIENTED_EDGE('',*,*,#2900,.T.);
#3998=ORIENTED_EDGE('',*,*,#2906,.T.);
#3999=ORIENTED_EDGE('',*,*,#2904,.T.);
#4000=ORIENTED_EDGE('',*,*,#2907,.T.);
#4001=ORIENTED_EDGE('',*,*,#2908,.T.);
#4002=ORIENTED_EDGE('',*,*,#2909,.T.);
#4003=ORIENTED_EDGE('',*,*,#2910,.T.);
#4004=ORIENTED_EDGE('',*,*,#2910,.F.);
#4005=ORIENTED_EDGE('',*,*,#2911,.T.);
#4006=ORIENTED_EDGE('',*,*,#2912,.F.);
#4007=ORIENTED_EDGE('',*,*,#2913,.T.);
#4008=ORIENTED_EDGE('',*,*,#2909,.F.);
#4009=ORIENTED_EDGE('',*,*,#2914,.F.);
#4010=ORIENTED_EDGE('',*,*,#2915,.F.);
#4011=ORIENTED_EDGE('',*,*,#2916,.F.);
#4012=ORIENTED_EDGE('',*,*,#2917,.F.);
#4013=ORIENTED_EDGE('',*,*,#2918,.F.);
#4014=ORIENTED_EDGE('',*,*,#2919,.F.);
#4015=ORIENTED_EDGE('',*,*,#2920,.F.);
#4016=ORIENTED_EDGE('',*,*,#2921,.F.);
#4017=ORIENTED_EDGE('',*,*,#2922,.F.);
#4018=ORIENTED_EDGE('',*,*,#2923,.F.);
#4019=ORIENTED_EDGE('',*,*,#2924,.F.);
#4020=ORIENTED_EDGE('',*,*,#2925,.F.);
#4021=ORIENTED_EDGE('',*,*,#2926,.F.);
#4022=ORIENTED_EDGE('',*,*,#2927,.F.);
#4023=ORIENTED_EDGE('',*,*,#2928,.F.);
#4024=ORIENTED_EDGE('',*,*,#2929,.F.);
#4025=ORIENTED_EDGE('',*,*,#2930,.F.);
#4026=ORIENTED_EDGE('',*,*,#2931,.F.);
#4027=ORIENTED_EDGE('',*,*,#2932,.F.);
#4028=ORIENTED_EDGE('',*,*,#2933,.F.);
#4029=ORIENTED_EDGE('',*,*,#2934,.F.);
#4030=ORIENTED_EDGE('',*,*,#2935,.F.);
#4031=ORIENTED_EDGE('',*,*,#2936,.F.);
#4032=ORIENTED_EDGE('',*,*,#2937,.F.);
#4033=ORIENTED_EDGE('',*,*,#2938,.F.);
#4034=ORIENTED_EDGE('',*,*,#2939,.F.);
#4035=ORIENTED_EDGE('',*,*,#2940,.F.);
#4036=ORIENTED_EDGE('',*,*,#2941,.F.);
#4037=ORIENTED_EDGE('',*,*,#2942,.F.);
#4038=ORIENTED_EDGE('',*,*,#2911,.F.);
#4039=ORIENTED_EDGE('',*,*,#2936,.T.);
#4040=ORIENTED_EDGE('',*,*,#2943,.T.);
#4041=ORIENTED_EDGE('',*,*,#2944,.T.);
#4042=ORIENTED_EDGE('',*,*,#2945,.T.);
#4043=ORIENTED_EDGE('',*,*,#2943,.F.);
#4044=ORIENTED_EDGE('',*,*,#2935,.T.);
#4045=ORIENTED_EDGE('',*,*,#2946,.F.);
#4046=ORIENTED_EDGE('',*,*,#2947,.T.);
#4047=ORIENTED_EDGE('',*,*,#2948,.F.);
#4048=ORIENTED_EDGE('',*,*,#2949,.F.);
#4049=ORIENTED_EDGE('',*,*,#2950,.T.);
#4050=ORIENTED_EDGE('',*,*,#2938,.T.);
#4051=ORIENTED_EDGE('',*,*,#2951,.T.);
#4052=ORIENTED_EDGE('',*,*,#2952,.T.);
#4053=ORIENTED_EDGE('',*,*,#2953,.T.);
#4054=ORIENTED_EDGE('',*,*,#2945,.F.);
#4055=ORIENTED_EDGE('',*,*,#2954,.T.);
#4056=ORIENTED_EDGE('',*,*,#2951,.F.);
#4057=ORIENTED_EDGE('',*,*,#2937,.T.);
#4058=ORIENTED_EDGE('',*,*,#2955,.T.);
#4059=ORIENTED_EDGE('',*,*,#2956,.T.);
#4060=ORIENTED_EDGE('',*,*,#2940,.T.);
#4061=ORIENTED_EDGE('',*,*,#2957,.T.);
#4062=ORIENTED_EDGE('',*,*,#2953,.F.);
#4063=ORIENTED_EDGE('',*,*,#2958,.T.);
#4064=ORIENTED_EDGE('',*,*,#2957,.F.);
#4065=ORIENTED_EDGE('',*,*,#2939,.T.);
#4066=ORIENTED_EDGE('',*,*,#2959,.T.);
#4067=ORIENTED_EDGE('',*,*,#2912,.T.);
#4068=ORIENTED_EDGE('',*,*,#2942,.T.);
#4069=ORIENTED_EDGE('',*,*,#2960,.T.);
#4070=ORIENTED_EDGE('',*,*,#2907,.F.);
#4071=ORIENTED_EDGE('',*,*,#2913,.F.);
#4072=ORIENTED_EDGE('',*,*,#2959,.F.);
#4073=ORIENTED_EDGE('',*,*,#2961,.F.);
#4074=ORIENTED_EDGE('',*,*,#2955,.F.);
#4075=ORIENTED_EDGE('',*,*,#2958,.F.);
#4076=ORIENTED_EDGE('',*,*,#2952,.F.);
#4077=ORIENTED_EDGE('',*,*,#2954,.F.);
#4078=ORIENTED_EDGE('',*,*,#2944,.F.);
#4079=ORIENTED_EDGE('',*,*,#2950,.F.);
#4080=ORIENTED_EDGE('',*,*,#2962,.F.);
#4081=ORIENTED_EDGE('',*,*,#2963,.F.);
#4082=ORIENTED_EDGE('',*,*,#2964,.T.);
#4083=ORIENTED_EDGE('',*,*,#2965,.F.);
#4084=ORIENTED_EDGE('',*,*,#2966,.F.);
#4085=ORIENTED_EDGE('',*,*,#2967,.F.);
#4086=ORIENTED_EDGE('',*,*,#2968,.F.);
#4087=ORIENTED_EDGE('',*,*,#2969,.F.);
#4088=ORIENTED_EDGE('',*,*,#2970,.F.);
#4089=ORIENTED_EDGE('',*,*,#2971,.F.);
#4090=ORIENTED_EDGE('',*,*,#2972,.F.);
#4091=ORIENTED_EDGE('',*,*,#2973,.F.);
#4092=ORIENTED_EDGE('',*,*,#2974,.F.);
#4093=ORIENTED_EDGE('',*,*,#2975,.F.);
#4094=ORIENTED_EDGE('',*,*,#2976,.F.);
#4095=ORIENTED_EDGE('',*,*,#2977,.F.);
#4096=ORIENTED_EDGE('',*,*,#2978,.F.);
#4097=ORIENTED_EDGE('',*,*,#2979,.F.);
#4098=ORIENTED_EDGE('',*,*,#2980,.F.);
#4099=ORIENTED_EDGE('',*,*,#2981,.F.);
#4100=ORIENTED_EDGE('',*,*,#2982,.F.);
#4101=ORIENTED_EDGE('',*,*,#2983,.T.);
#4102=ORIENTED_EDGE('',*,*,#2984,.T.);
#4103=ORIENTED_EDGE('',*,*,#2946,.T.);
#4104=ORIENTED_EDGE('',*,*,#2934,.T.);
#4105=ORIENTED_EDGE('',*,*,#2983,.F.);
#4106=ORIENTED_EDGE('',*,*,#2933,.T.);
#4107=ORIENTED_EDGE('',*,*,#2985,.F.);
#4108=ORIENTED_EDGE('',*,*,#2986,.T.);
#4109=ORIENTED_EDGE('',*,*,#2987,.T.);
#4110=ORIENTED_EDGE('',*,*,#2988,.T.);
#4111=ORIENTED_EDGE('',*,*,#2963,.T.);
#4112=ORIENTED_EDGE('',*,*,#2989,.F.);
#4113=ORIENTED_EDGE('',*,*,#2990,.T.);
#4114=ORIENTED_EDGE('',*,*,#2991,.T.);
#4115=ORIENTED_EDGE('',*,*,#2992,.T.);
#4116=ORIENTED_EDGE('',*,*,#2993,.T.);
#4117=ORIENTED_EDGE('',*,*,#2994,.T.);
#4118=ORIENTED_EDGE('',*,*,#2871,.T.);
#4119=ORIENTED_EDGE('',*,*,#2994,.F.);
#4120=ORIENTED_EDGE('',*,*,#2995,.T.);
#4121=ORIENTED_EDGE('',*,*,#2996,.F.);
#4122=ORIENTED_EDGE('',*,*,#2997,.F.);
#4123=ORIENTED_EDGE('',*,*,#2998,.F.);
#4124=ORIENTED_EDGE('',*,*,#2999,.F.);
#4125=ORIENTED_EDGE('',*,*,#3000,.F.);
#4126=ORIENTED_EDGE('',*,*,#3001,.F.);
#4127=ORIENTED_EDGE('',*,*,#3002,.F.);
#4128=ORIENTED_EDGE('',*,*,#2872,.F.);
#4129=ORIENTED_EDGE('',*,*,#3003,.T.);
#4130=ORIENTED_EDGE('',*,*,#3004,.T.);
#4131=ORIENTED_EDGE('',*,*,#3005,.T.);
#4132=ORIENTED_EDGE('',*,*,#3006,.T.);
#4133=ORIENTED_EDGE('',*,*,#3006,.F.);
#4134=ORIENTED_EDGE('',*,*,#3007,.F.);
#4135=ORIENTED_EDGE('',*,*,#3008,.F.);
#4136=ORIENTED_EDGE('',*,*,#3009,.T.);
#4137=ORIENTED_EDGE('',*,*,#3005,.F.);
#4138=ORIENTED_EDGE('',*,*,#3010,.F.);
#4139=ORIENTED_EDGE('',*,*,#3011,.F.);
#4140=ORIENTED_EDGE('',*,*,#3012,.T.);
#4141=ORIENTED_EDGE('',*,*,#3013,.F.);
#4142=ORIENTED_EDGE('',*,*,#3007,.T.);
#4143=ORIENTED_EDGE('',*,*,#3014,.T.);
#4144=ORIENTED_EDGE('',*,*,#3008,.T.);
#4145=ORIENTED_EDGE('',*,*,#3013,.T.);
#4146=ORIENTED_EDGE('',*,*,#3015,.T.);
#4147=ORIENTED_EDGE('',*,*,#3015,.F.);
#4148=ORIENTED_EDGE('',*,*,#3012,.F.);
#4149=ORIENTED_EDGE('',*,*,#3016,.F.);
#4150=ORIENTED_EDGE('',*,*,#3017,.F.);
#4151=ORIENTED_EDGE('',*,*,#3018,.F.);
#4152=ORIENTED_EDGE('',*,*,#2885,.F.);
#4153=ORIENTED_EDGE('',*,*,#3019,.T.);
#4154=ORIENTED_EDGE('',*,*,#3020,.F.);
#4155=ORIENTED_EDGE('',*,*,#3021,.F.);
#4156=ORIENTED_EDGE('',*,*,#3022,.F.);
#4157=ORIENTED_EDGE('',*,*,#3023,.F.);
#4158=ORIENTED_EDGE('',*,*,#3024,.F.);
#4159=ORIENTED_EDGE('',*,*,#3025,.F.);
#4160=ORIENTED_EDGE('',*,*,#3026,.F.);
#4161=ORIENTED_EDGE('',*,*,#3027,.F.);
#4162=ORIENTED_EDGE('',*,*,#3017,.T.);
#4163=ORIENTED_EDGE('',*,*,#3028,.T.);
#4164=ORIENTED_EDGE('',*,*,#3029,.F.);
#4165=ORIENTED_EDGE('',*,*,#3028,.F.);
#4166=ORIENTED_EDGE('',*,*,#3016,.T.);
#4167=ORIENTED_EDGE('',*,*,#3011,.T.);
#4168=ORIENTED_EDGE('',*,*,#3003,.F.);
#4169=ORIENTED_EDGE('',*,*,#3009,.F.);
#4170=ORIENTED_EDGE('',*,*,#3014,.F.);
#4171=ORIENTED_EDGE('',*,*,#3025,.T.);
#4172=ORIENTED_EDGE('',*,*,#3030,.T.);
#4173=ORIENTED_EDGE('',*,*,#3031,.F.);
#4174=ORIENTED_EDGE('',*,*,#3032,.F.);
#4175=ORIENTED_EDGE('',*,*,#3030,.F.);
#4176=ORIENTED_EDGE('',*,*,#3024,.T.);
#4177=ORIENTED_EDGE('',*,*,#3033,.T.);
#4178=ORIENTED_EDGE('',*,*,#3034,.F.);
#4179=ORIENTED_EDGE('',*,*,#3033,.F.);
#4180=ORIENTED_EDGE('',*,*,#3023,.T.);
#4181=ORIENTED_EDGE('',*,*,#3035,.T.);
#4182=ORIENTED_EDGE('',*,*,#3036,.F.);
#4183=ORIENTED_EDGE('',*,*,#3035,.F.);
#4184=ORIENTED_EDGE('',*,*,#3022,.T.);
#4185=ORIENTED_EDGE('',*,*,#3037,.T.);
#4186=ORIENTED_EDGE('',*,*,#3038,.F.);
#4187=ORIENTED_EDGE('',*,*,#3037,.F.);
#4188=ORIENTED_EDGE('',*,*,#3021,.T.);
#4189=ORIENTED_EDGE('',*,*,#3039,.F.);
#4190=ORIENTED_EDGE('',*,*,#3040,.F.);
#4191=ORIENTED_EDGE('',*,*,#2886,.F.);
#4192=ORIENTED_EDGE('',*,*,#3018,.T.);
#4193=ORIENTED_EDGE('',*,*,#3027,.T.);
#4194=ORIENTED_EDGE('',*,*,#3002,.T.);
#4195=ORIENTED_EDGE('',*,*,#3041,.T.);
#4196=ORIENTED_EDGE('',*,*,#3042,.T.);
#4197=ORIENTED_EDGE('',*,*,#3043,.T.);
#4198=ORIENTED_EDGE('',*,*,#2873,.T.);
#4199=ORIENTED_EDGE('',*,*,#3043,.F.);
#4200=ORIENTED_EDGE('',*,*,#3044,.T.);
#4201=ORIENTED_EDGE('',*,*,#3045,.F.);
#4202=ORIENTED_EDGE('',*,*,#3046,.F.);
#4203=ORIENTED_EDGE('',*,*,#3047,.F.);
#4204=ORIENTED_EDGE('',*,*,#2874,.F.);
#4205=ORIENTED_EDGE('',*,*,#3048,.F.);
#4206=ORIENTED_EDGE('',*,*,#3049,.F.);
#4207=ORIENTED_EDGE('',*,*,#3050,.T.);
#4208=ORIENTED_EDGE('',*,*,#3051,.T.);
#4209=ORIENTED_EDGE('',*,*,#3052,.F.);
#4210=ORIENTED_EDGE('',*,*,#3051,.F.);
#4211=ORIENTED_EDGE('',*,*,#3053,.T.);
#4212=ORIENTED_EDGE('',*,*,#3000,.T.);
#4213=ORIENTED_EDGE('',*,*,#3054,.T.);
#4214=ORIENTED_EDGE('',*,*,#3055,.T.);
#4215=ORIENTED_EDGE('',*,*,#3049,.T.);
#4216=ORIENTED_EDGE('',*,*,#3056,.F.);
#4217=ORIENTED_EDGE('',*,*,#3045,.T.);
#4218=ORIENTED_EDGE('',*,*,#3048,.T.);
#4219=ORIENTED_EDGE('',*,*,#3052,.T.);
#4220=ORIENTED_EDGE('',*,*,#2999,.T.);
#4221=ORIENTED_EDGE('',*,*,#3057,.F.);
#4222=ORIENTED_EDGE('',*,*,#3056,.T.);
#4223=ORIENTED_EDGE('',*,*,#2895,.F.);
#4224=ORIENTED_EDGE('',*,*,#3058,.F.);
#4225=ORIENTED_EDGE('',*,*,#2898,.F.);
#4226=ORIENTED_EDGE('',*,*,#2864,.F.);
#4227=ORIENTED_EDGE('',*,*,#2861,.F.);
#4228=ORIENTED_EDGE('',*,*,#2891,.F.);
#4229=ORIENTED_EDGE('',*,*,#3059,.T.);
#4230=ORIENTED_EDGE('',*,*,#3060,.F.);
#4231=ORIENTED_EDGE('',*,*,#3061,.F.);
#4232=ORIENTED_EDGE('',*,*,#3059,.F.);
#4233=ORIENTED_EDGE('',*,*,#2890,.F.);
#4234=ORIENTED_EDGE('',*,*,#3062,.T.);
#4235=ORIENTED_EDGE('',*,*,#3063,.F.);
#4236=ORIENTED_EDGE('',*,*,#3062,.F.);
#4237=ORIENTED_EDGE('',*,*,#2889,.F.);
#4238=ORIENTED_EDGE('',*,*,#3064,.T.);
#4239=ORIENTED_EDGE('',*,*,#3065,.F.);
#4240=ORIENTED_EDGE('',*,*,#3064,.F.);
#4241=ORIENTED_EDGE('',*,*,#2888,.F.);
#4242=ORIENTED_EDGE('',*,*,#3066,.T.);
#4243=ORIENTED_EDGE('',*,*,#3004,.F.);
#4244=ORIENTED_EDGE('',*,*,#3031,.T.);
#4245=ORIENTED_EDGE('',*,*,#3032,.T.);
#4246=ORIENTED_EDGE('',*,*,#3034,.T.);
#4247=ORIENTED_EDGE('',*,*,#3036,.T.);
#4248=ORIENTED_EDGE('',*,*,#3038,.T.);
#4249=ORIENTED_EDGE('',*,*,#3067,.F.);
#4250=ORIENTED_EDGE('',*,*,#3066,.F.);
#4251=ORIENTED_EDGE('',*,*,#2887,.F.);
#4252=ORIENTED_EDGE('',*,*,#3040,.T.);
#4253=ORIENTED_EDGE('',*,*,#3026,.T.);
#4254=ORIENTED_EDGE('',*,*,#3029,.T.);
#4255=ORIENTED_EDGE('',*,*,#3010,.T.);
#4256=ORIENTED_EDGE('',*,*,#3068,.F.);
#4257=ORIENTED_EDGE('',*,*,#3019,.F.);
#4258=ORIENTED_EDGE('',*,*,#2884,.F.);
#4259=ORIENTED_EDGE('',*,*,#3069,.T.);
#4260=ORIENTED_EDGE('',*,*,#3070,.F.);
#4261=ORIENTED_EDGE('',*,*,#3069,.F.);
#4262=ORIENTED_EDGE('',*,*,#2883,.F.);
#4263=ORIENTED_EDGE('',*,*,#3071,.T.);
#4264=ORIENTED_EDGE('',*,*,#3072,.F.);
#4265=ORIENTED_EDGE('',*,*,#3071,.F.);
#4266=ORIENTED_EDGE('',*,*,#2882,.F.);
#4267=ORIENTED_EDGE('',*,*,#3073,.T.);
#4268=ORIENTED_EDGE('',*,*,#3074,.F.);
#4269=ORIENTED_EDGE('',*,*,#3073,.F.);
#4270=ORIENTED_EDGE('',*,*,#2881,.F.);
#4271=ORIENTED_EDGE('',*,*,#3075,.T.);
#4272=ORIENTED_EDGE('',*,*,#3076,.F.);
#4273=ORIENTED_EDGE('',*,*,#3075,.F.);
#4274=ORIENTED_EDGE('',*,*,#2880,.F.);
#4275=ORIENTED_EDGE('',*,*,#3077,.T.);
#4276=ORIENTED_EDGE('',*,*,#3078,.F.);
#4277=ORIENTED_EDGE('',*,*,#3077,.F.);
#4278=ORIENTED_EDGE('',*,*,#2879,.F.);
#4279=ORIENTED_EDGE('',*,*,#3079,.T.);
#4280=ORIENTED_EDGE('',*,*,#3080,.F.);
#4281=ORIENTED_EDGE('',*,*,#3079,.F.);
#4282=ORIENTED_EDGE('',*,*,#2878,.F.);
#4283=ORIENTED_EDGE('',*,*,#3081,.T.);
#4284=ORIENTED_EDGE('',*,*,#3082,.F.);
#4285=ORIENTED_EDGE('',*,*,#3081,.F.);
#4286=ORIENTED_EDGE('',*,*,#2877,.F.);
#4287=ORIENTED_EDGE('',*,*,#3083,.T.);
#4288=ORIENTED_EDGE('',*,*,#3084,.F.);
#4289=ORIENTED_EDGE('',*,*,#3083,.F.);
#4290=ORIENTED_EDGE('',*,*,#2876,.F.);
#4291=ORIENTED_EDGE('',*,*,#3085,.T.);
#4292=ORIENTED_EDGE('',*,*,#3086,.F.);
#4293=ORIENTED_EDGE('',*,*,#3085,.F.);
#4294=ORIENTED_EDGE('',*,*,#2875,.F.);
#4295=ORIENTED_EDGE('',*,*,#3047,.T.);
#4296=ORIENTED_EDGE('',*,*,#3042,.F.);
#4297=ORIENTED_EDGE('',*,*,#3087,.T.);
#4298=ORIENTED_EDGE('',*,*,#3054,.F.);
#4299=ORIENTED_EDGE('',*,*,#3044,.F.);
#4300=ORIENTED_EDGE('',*,*,#3041,.F.);
#4301=ORIENTED_EDGE('',*,*,#3001,.T.);
#4302=ORIENTED_EDGE('',*,*,#3053,.F.);
#4303=ORIENTED_EDGE('',*,*,#3050,.F.);
#4304=ORIENTED_EDGE('',*,*,#3055,.F.);
#4305=ORIENTED_EDGE('',*,*,#3087,.F.);
#4306=ORIENTED_EDGE('',*,*,#2858,.F.);
#4307=ORIENTED_EDGE('',*,*,#3060,.T.);
#4308=ORIENTED_EDGE('',*,*,#3061,.T.);
#4309=ORIENTED_EDGE('',*,*,#3063,.T.);
#4310=ORIENTED_EDGE('',*,*,#3065,.T.);
#4311=ORIENTED_EDGE('',*,*,#3067,.T.);
#4312=ORIENTED_EDGE('',*,*,#3039,.T.);
#4313=ORIENTED_EDGE('',*,*,#3020,.T.);
#4314=ORIENTED_EDGE('',*,*,#3068,.T.);
#4315=ORIENTED_EDGE('',*,*,#3070,.T.);
#4316=ORIENTED_EDGE('',*,*,#3072,.T.);
#4317=ORIENTED_EDGE('',*,*,#3074,.T.);
#4318=ORIENTED_EDGE('',*,*,#3076,.T.);
#4319=ORIENTED_EDGE('',*,*,#3078,.T.);
#4320=ORIENTED_EDGE('',*,*,#3080,.T.);
#4321=ORIENTED_EDGE('',*,*,#3082,.T.);
#4322=ORIENTED_EDGE('',*,*,#3084,.T.);
#4323=ORIENTED_EDGE('',*,*,#3086,.T.);
#4324=ORIENTED_EDGE('',*,*,#3046,.T.);
#4325=ORIENTED_EDGE('',*,*,#3057,.T.);
#4326=ORIENTED_EDGE('',*,*,#2998,.T.);
#4327=ORIENTED_EDGE('',*,*,#3088,.F.);
#4328=ORIENTED_EDGE('',*,*,#3089,.T.);
#4329=ORIENTED_EDGE('',*,*,#2902,.F.);
#4330=ORIENTED_EDGE('',*,*,#2905,.T.);
#4331=ORIENTED_EDGE('',*,*,#2906,.F.);
#4332=ORIENTED_EDGE('',*,*,#2899,.T.);
#4333=ORIENTED_EDGE('',*,*,#2896,.F.);
#4334=ORIENTED_EDGE('',*,*,#3058,.T.);
#4335=ORIENTED_EDGE('',*,*,#2894,.F.);
#4336=ORIENTED_EDGE('',*,*,#2892,.T.);
#4337=ORIENTED_EDGE('',*,*,#3088,.T.);
#4338=ORIENTED_EDGE('',*,*,#2997,.T.);
#4339=ORIENTED_EDGE('',*,*,#3090,.T.);
#4340=ORIENTED_EDGE('',*,*,#3091,.T.);
#4341=ORIENTED_EDGE('',*,*,#3092,.T.);
#4342=ORIENTED_EDGE('',*,*,#2989,.T.);
#4343=ORIENTED_EDGE('',*,*,#2962,.T.);
#4344=ORIENTED_EDGE('',*,*,#2949,.T.);
#4345=ORIENTED_EDGE('',*,*,#3093,.T.);
#4346=ORIENTED_EDGE('',*,*,#3094,.T.);
#4347=ORIENTED_EDGE('',*,*,#3095,.T.);
#4348=ORIENTED_EDGE('',*,*,#3096,.T.);
#4349=ORIENTED_EDGE('',*,*,#3097,.T.);
#4350=ORIENTED_EDGE('',*,*,#3098,.T.);
#4351=ORIENTED_EDGE('',*,*,#3099,.T.);
#4352=ORIENTED_EDGE('',*,*,#3100,.T.);
#4353=ORIENTED_EDGE('',*,*,#3101,.T.);
#4354=ORIENTED_EDGE('',*,*,#2984,.F.);
#4355=ORIENTED_EDGE('',*,*,#2991,.F.);
#4356=ORIENTED_EDGE('',*,*,#3102,.F.);
#4357=ORIENTED_EDGE('',*,*,#3103,.F.);
#4358=ORIENTED_EDGE('',*,*,#3104,.F.);
#4359=ORIENTED_EDGE('',*,*,#2995,.F.);
#4360=ORIENTED_EDGE('',*,*,#2993,.F.);
#4361=ORIENTED_EDGE('',*,*,#3105,.T.);
#4362=ORIENTED_EDGE('',*,*,#3106,.F.);
#4363=ORIENTED_EDGE('',*,*,#3107,.F.);
#4364=ORIENTED_EDGE('',*,*,#3108,.F.);
#4365=ORIENTED_EDGE('',*,*,#2947,.F.);
#4366=ORIENTED_EDGE('',*,*,#3109,.T.);
#4367=ORIENTED_EDGE('',*,*,#3110,.T.);
#4368=ORIENTED_EDGE('',*,*,#3111,.T.);
#4369=ORIENTED_EDGE('',*,*,#3112,.T.);
#4370=ORIENTED_EDGE('',*,*,#3113,.T.);
#4371=ORIENTED_EDGE('',*,*,#2903,.F.);
#4372=ORIENTED_EDGE('',*,*,#3089,.F.);
#4373=ORIENTED_EDGE('',*,*,#3096,.F.);
#4374=ORIENTED_EDGE('',*,*,#3114,.T.);
#4375=ORIENTED_EDGE('',*,*,#3105,.F.);
#4376=ORIENTED_EDGE('',*,*,#2992,.F.);
#4377=ORIENTED_EDGE('',*,*,#2870,.F.);
#4378=ORIENTED_EDGE('',*,*,#3115,.T.);
#4379=ORIENTED_EDGE('',*,*,#3116,.T.);
#4380=ORIENTED_EDGE('',*,*,#3117,.T.);
#4381=ORIENTED_EDGE('',*,*,#3118,.T.);
#4382=ORIENTED_EDGE('',*,*,#3117,.F.);
#4383=ORIENTED_EDGE('',*,*,#3119,.F.);
#4384=ORIENTED_EDGE('',*,*,#3120,.F.);
#4385=ORIENTED_EDGE('',*,*,#3121,.F.);
#4386=ORIENTED_EDGE('',*,*,#3122,.T.);
#4387=ORIENTED_EDGE('',*,*,#3123,.T.);
#4388=ORIENTED_EDGE('',*,*,#3116,.F.);
#4389=ORIENTED_EDGE('',*,*,#3124,.F.);
#4390=ORIENTED_EDGE('',*,*,#3125,.F.);
#4391=ORIENTED_EDGE('',*,*,#3119,.T.);
#4392=ORIENTED_EDGE('',*,*,#3126,.T.);
#4393=ORIENTED_EDGE('',*,*,#3127,.T.);
#4394=ORIENTED_EDGE('',*,*,#3120,.T.);
#4395=ORIENTED_EDGE('',*,*,#3125,.T.);
#4396=ORIENTED_EDGE('',*,*,#3128,.T.);
#4397=ORIENTED_EDGE('',*,*,#3129,.F.);
#4398=ORIENTED_EDGE('',*,*,#3130,.F.);
#4399=ORIENTED_EDGE('',*,*,#3131,.T.);
#4400=ORIENTED_EDGE('',*,*,#3132,.T.);
#4401=ORIENTED_EDGE('',*,*,#3122,.F.);
#4402=ORIENTED_EDGE('',*,*,#3133,.F.);
#4403=ORIENTED_EDGE('',*,*,#3129,.T.);
#4404=ORIENTED_EDGE('',*,*,#3115,.F.);
#4405=ORIENTED_EDGE('',*,*,#3134,.T.);
#4406=ORIENTED_EDGE('',*,*,#3135,.F.);
#4407=ORIENTED_EDGE('',*,*,#3136,.F.);
#4408=ORIENTED_EDGE('',*,*,#3126,.F.);
#4409=ORIENTED_EDGE('',*,*,#3124,.T.);
#4410=ORIENTED_EDGE('',*,*,#3137,.T.);
#4411=ORIENTED_EDGE('',*,*,#3138,.F.);
#4412=ORIENTED_EDGE('',*,*,#3139,.F.);
#4413=ORIENTED_EDGE('',*,*,#3135,.T.);
#4414=ORIENTED_EDGE('',*,*,#3140,.T.);
#4415=ORIENTED_EDGE('',*,*,#3141,.F.);
#4416=ORIENTED_EDGE('',*,*,#3142,.F.);
#4417=ORIENTED_EDGE('',*,*,#3138,.T.);
#4418=ORIENTED_EDGE('',*,*,#3143,.T.);
#4419=ORIENTED_EDGE('',*,*,#3144,.F.);
#4420=ORIENTED_EDGE('',*,*,#3145,.F.);
#4421=ORIENTED_EDGE('',*,*,#3141,.T.);
#4422=ORIENTED_EDGE('',*,*,#3146,.T.);
#4423=ORIENTED_EDGE('',*,*,#2977,.T.);
#4424=ORIENTED_EDGE('',*,*,#3147,.F.);
#4425=ORIENTED_EDGE('',*,*,#3144,.T.);
#4426=ORIENTED_EDGE('',*,*,#3148,.T.);
#4427=ORIENTED_EDGE('',*,*,#3131,.F.);
#4428=ORIENTED_EDGE('',*,*,#3149,.F.);
#4429=ORIENTED_EDGE('',*,*,#2919,.T.);
#4430=ORIENTED_EDGE('',*,*,#2985,.T.);
#4431=ORIENTED_EDGE('',*,*,#2932,.T.);
#4432=ORIENTED_EDGE('',*,*,#3150,.T.);
#4433=ORIENTED_EDGE('',*,*,#3151,.T.);
#4434=ORIENTED_EDGE('',*,*,#3152,.T.);
#4435=ORIENTED_EDGE('',*,*,#3152,.F.);
#4436=ORIENTED_EDGE('',*,*,#3153,.T.);
#4437=ORIENTED_EDGE('',*,*,#3154,.T.);
#4438=ORIENTED_EDGE('',*,*,#3155,.T.);
#4439=ORIENTED_EDGE('',*,*,#3156,.T.);
#4440=ORIENTED_EDGE('',*,*,#2986,.F.);
#4441=ORIENTED_EDGE('',*,*,#3151,.F.);
#4442=ORIENTED_EDGE('',*,*,#3157,.T.);
#4443=ORIENTED_EDGE('',*,*,#3158,.T.);
#4444=ORIENTED_EDGE('',*,*,#3153,.F.);
#4445=ORIENTED_EDGE('',*,*,#3150,.F.);
#4446=ORIENTED_EDGE('',*,*,#2931,.T.);
#4447=ORIENTED_EDGE('',*,*,#3159,.T.);
#4448=ORIENTED_EDGE('',*,*,#2965,.T.);
#4449=ORIENTED_EDGE('',*,*,#3160,.T.);
#4450=ORIENTED_EDGE('',*,*,#3157,.F.);
#4451=ORIENTED_EDGE('',*,*,#3158,.F.);
#4452=ORIENTED_EDGE('',*,*,#3160,.F.);
#4453=ORIENTED_EDGE('',*,*,#3161,.T.);
#4454=ORIENTED_EDGE('',*,*,#3162,.F.);
#4455=ORIENTED_EDGE('',*,*,#3154,.F.);
#4456=ORIENTED_EDGE('',*,*,#3163,.T.);
#4457=ORIENTED_EDGE('',*,*,#3164,.F.);
#4458=ORIENTED_EDGE('',*,*,#3155,.F.);
#4459=ORIENTED_EDGE('',*,*,#3162,.T.);
#4460=ORIENTED_EDGE('',*,*,#3165,.T.);
#4461=ORIENTED_EDGE('',*,*,#2987,.F.);
#4462=ORIENTED_EDGE('',*,*,#3156,.F.);
#4463=ORIENTED_EDGE('',*,*,#3164,.T.);
#4464=ORIENTED_EDGE('',*,*,#3163,.F.);
#4465=ORIENTED_EDGE('',*,*,#3161,.F.);
#4466=ORIENTED_EDGE('',*,*,#2964,.F.);
#4467=ORIENTED_EDGE('',*,*,#2988,.F.);
#4468=ORIENTED_EDGE('',*,*,#3165,.F.);
#4469=ORIENTED_EDGE('',*,*,#2956,.F.);
#4470=ORIENTED_EDGE('',*,*,#2961,.T.);
#4471=ORIENTED_EDGE('',*,*,#2960,.F.);
#4472=ORIENTED_EDGE('',*,*,#2941,.T.);
#4473=ORIENTED_EDGE('',*,*,#2908,.F.);
#4474=ORIENTED_EDGE('',*,*,#2982,.T.);
#4475=ORIENTED_EDGE('',*,*,#3166,.F.);
#4476=ORIENTED_EDGE('',*,*,#2914,.T.);
#4477=ORIENTED_EDGE('',*,*,#2981,.T.);
#4478=ORIENTED_EDGE('',*,*,#3167,.F.);
#4479=ORIENTED_EDGE('',*,*,#2915,.T.);
#4480=ORIENTED_EDGE('',*,*,#3166,.T.);
#4481=ORIENTED_EDGE('',*,*,#2980,.T.);
#4482=ORIENTED_EDGE('',*,*,#3168,.F.);
#4483=ORIENTED_EDGE('',*,*,#2916,.T.);
#4484=ORIENTED_EDGE('',*,*,#3167,.T.);
#4485=ORIENTED_EDGE('',*,*,#2979,.T.);
#4486=ORIENTED_EDGE('',*,*,#3169,.F.);
#4487=ORIENTED_EDGE('',*,*,#2917,.T.);
#4488=ORIENTED_EDGE('',*,*,#3168,.T.);
#4489=ORIENTED_EDGE('',*,*,#3118,.F.);
#4490=ORIENTED_EDGE('',*,*,#3123,.F.);
#4491=ORIENTED_EDGE('',*,*,#3132,.F.);
#4492=ORIENTED_EDGE('',*,*,#3128,.F.);
#4493=ORIENTED_EDGE('',*,*,#3148,.F.);
#4494=ORIENTED_EDGE('',*,*,#2918,.T.);
#4495=ORIENTED_EDGE('',*,*,#3169,.T.);
#4496=ORIENTED_EDGE('',*,*,#2978,.T.);
#4497=ORIENTED_EDGE('',*,*,#3146,.F.);
#4498=ORIENTED_EDGE('',*,*,#3143,.F.);
#4499=ORIENTED_EDGE('',*,*,#3140,.F.);
#4500=ORIENTED_EDGE('',*,*,#3137,.F.);
#4501=ORIENTED_EDGE('',*,*,#3134,.F.);
#4502=ORIENTED_EDGE('',*,*,#3127,.F.);
#4503=ORIENTED_EDGE('',*,*,#3136,.T.);
#4504=ORIENTED_EDGE('',*,*,#3139,.T.);
#4505=ORIENTED_EDGE('',*,*,#3142,.T.);
#4506=ORIENTED_EDGE('',*,*,#3145,.T.);
#4507=ORIENTED_EDGE('',*,*,#3147,.T.);
#4508=ORIENTED_EDGE('',*,*,#2976,.T.);
#4509=ORIENTED_EDGE('',*,*,#3170,.F.);
#4510=ORIENTED_EDGE('',*,*,#2920,.T.);
#4511=ORIENTED_EDGE('',*,*,#3149,.T.);
#4512=ORIENTED_EDGE('',*,*,#3130,.T.);
#4513=ORIENTED_EDGE('',*,*,#3133,.T.);
#4514=ORIENTED_EDGE('',*,*,#3121,.T.);
#4515=ORIENTED_EDGE('',*,*,#2975,.T.);
#4516=ORIENTED_EDGE('',*,*,#3171,.F.);
#4517=ORIENTED_EDGE('',*,*,#2921,.T.);
#4518=ORIENTED_EDGE('',*,*,#3170,.T.);
#4519=ORIENTED_EDGE('',*,*,#2974,.T.);
#4520=ORIENTED_EDGE('',*,*,#3172,.F.);
#4521=ORIENTED_EDGE('',*,*,#2922,.T.);
#4522=ORIENTED_EDGE('',*,*,#3171,.T.);
#4523=ORIENTED_EDGE('',*,*,#2973,.T.);
#4524=ORIENTED_EDGE('',*,*,#3173,.F.);
#4525=ORIENTED_EDGE('',*,*,#2923,.T.);
#4526=ORIENTED_EDGE('',*,*,#3172,.T.);
#4527=ORIENTED_EDGE('',*,*,#2972,.T.);
#4528=ORIENTED_EDGE('',*,*,#3174,.F.);
#4529=ORIENTED_EDGE('',*,*,#2924,.T.);
#4530=ORIENTED_EDGE('',*,*,#3173,.T.);
#4531=ORIENTED_EDGE('',*,*,#2971,.T.);
#4532=ORIENTED_EDGE('',*,*,#3175,.F.);
#4533=ORIENTED_EDGE('',*,*,#2925,.T.);
#4534=ORIENTED_EDGE('',*,*,#3174,.T.);
#4535=ORIENTED_EDGE('',*,*,#2970,.T.);
#4536=ORIENTED_EDGE('',*,*,#3176,.F.);
#4537=ORIENTED_EDGE('',*,*,#2926,.T.);
#4538=ORIENTED_EDGE('',*,*,#3175,.T.);
#4539=ORIENTED_EDGE('',*,*,#2969,.T.);
#4540=ORIENTED_EDGE('',*,*,#3177,.F.);
#4541=ORIENTED_EDGE('',*,*,#2927,.T.);
#4542=ORIENTED_EDGE('',*,*,#3176,.T.);
#4543=ORIENTED_EDGE('',*,*,#2968,.T.);
#4544=ORIENTED_EDGE('',*,*,#3178,.F.);
#4545=ORIENTED_EDGE('',*,*,#2928,.T.);
#4546=ORIENTED_EDGE('',*,*,#3177,.T.);
#4547=ORIENTED_EDGE('',*,*,#2967,.T.);
#4548=ORIENTED_EDGE('',*,*,#3179,.F.);
#4549=ORIENTED_EDGE('',*,*,#2929,.T.);
#4550=ORIENTED_EDGE('',*,*,#3178,.T.);
#4551=ORIENTED_EDGE('',*,*,#2966,.T.);
#4552=ORIENTED_EDGE('',*,*,#3159,.F.);
#4553=ORIENTED_EDGE('',*,*,#2930,.T.);
#4554=ORIENTED_EDGE('',*,*,#3179,.T.);
#4555=ORIENTED_EDGE('',*,*,#3101,.F.);
#4556=ORIENTED_EDGE('',*,*,#3180,.T.);
#4557=ORIENTED_EDGE('',*,*,#3109,.F.);
#4558=ORIENTED_EDGE('',*,*,#3180,.F.);
#4559=ORIENTED_EDGE('',*,*,#3100,.F.);
#4560=ORIENTED_EDGE('',*,*,#3181,.T.);
#4561=ORIENTED_EDGE('',*,*,#3110,.F.);
#4562=ORIENTED_EDGE('',*,*,#3181,.F.);
#4563=ORIENTED_EDGE('',*,*,#3099,.F.);
#4564=ORIENTED_EDGE('',*,*,#3182,.T.);
#4565=ORIENTED_EDGE('',*,*,#3111,.F.);
#4566=ORIENTED_EDGE('',*,*,#3182,.F.);
#4567=ORIENTED_EDGE('',*,*,#3098,.F.);
#4568=ORIENTED_EDGE('',*,*,#3183,.T.);
#4569=ORIENTED_EDGE('',*,*,#3112,.F.);
#4570=ORIENTED_EDGE('',*,*,#3183,.F.);
#4571=ORIENTED_EDGE('',*,*,#3097,.F.);
#4572=ORIENTED_EDGE('',*,*,#3184,.T.);
#4573=ORIENTED_EDGE('',*,*,#3113,.F.);
#4574=ORIENTED_EDGE('',*,*,#3184,.F.);
#4575=ORIENTED_EDGE('',*,*,#3106,.T.);
#4576=ORIENTED_EDGE('',*,*,#3114,.F.);
#4577=ORIENTED_EDGE('',*,*,#3095,.F.);
#4578=ORIENTED_EDGE('',*,*,#3185,.T.);
#4579=ORIENTED_EDGE('',*,*,#3104,.T.);
#4580=ORIENTED_EDGE('',*,*,#3186,.F.);
#4581=ORIENTED_EDGE('',*,*,#3090,.F.);
#4582=ORIENTED_EDGE('',*,*,#2996,.T.);
#4583=ORIENTED_EDGE('',*,*,#3103,.T.);
#4584=ORIENTED_EDGE('',*,*,#3187,.F.);
#4585=ORIENTED_EDGE('',*,*,#3091,.F.);
#4586=ORIENTED_EDGE('',*,*,#3186,.T.);
#4587=ORIENTED_EDGE('',*,*,#3102,.T.);
#4588=ORIENTED_EDGE('',*,*,#2990,.F.);
#4589=ORIENTED_EDGE('',*,*,#3092,.F.);
#4590=ORIENTED_EDGE('',*,*,#3187,.T.);
#4591=ORIENTED_EDGE('',*,*,#3108,.T.);
#4592=ORIENTED_EDGE('',*,*,#3188,.F.);
#4593=ORIENTED_EDGE('',*,*,#3093,.F.);
#4594=ORIENTED_EDGE('',*,*,#2948,.T.);
#4595=ORIENTED_EDGE('',*,*,#3107,.T.);
#4596=ORIENTED_EDGE('',*,*,#3185,.F.);
#4597=ORIENTED_EDGE('',*,*,#3094,.F.);
#4598=ORIENTED_EDGE('',*,*,#3188,.T.);
#4599=ORIENTED_EDGE('',*,*,#3189,.T.);
#4600=ORIENTED_EDGE('',*,*,#3190,.T.);
#4601=ORIENTED_EDGE('',*,*,#3191,.T.);
#4602=ORIENTED_EDGE('',*,*,#3190,.F.);
#4603=ORIENTED_EDGE('',*,*,#3189,.F.);
#4604=ORIENTED_EDGE('',*,*,#3192,.T.);
#4605=ORIENTED_EDGE('',*,*,#3193,.F.);
#4606=ORIENTED_EDGE('',*,*,#3192,.F.);
#4607=ORIENTED_EDGE('',*,*,#3191,.F.);
#4608=ORIENTED_EDGE('',*,*,#3194,.T.);
#4609=ORIENTED_EDGE('',*,*,#3195,.F.);
#4610=ORIENTED_EDGE('',*,*,#3194,.F.);
#4611=ORIENTED_EDGE('',*,*,#3196,.F.);
#4612=ORIENTED_EDGE('',*,*,#3197,.F.);
#4613=ORIENTED_EDGE('',*,*,#3198,.F.);
#4614=ORIENTED_EDGE('',*,*,#3199,.T.);
#4615=ORIENTED_EDGE('',*,*,#3200,.F.);
#4616=ORIENTED_EDGE('',*,*,#3199,.F.);
#4617=ORIENTED_EDGE('',*,*,#3201,.F.);
#4618=ORIENTED_EDGE('',*,*,#3202,.T.);
#4619=ORIENTED_EDGE('',*,*,#3203,.F.);
#4620=ORIENTED_EDGE('',*,*,#3202,.F.);
#4621=ORIENTED_EDGE('',*,*,#3204,.F.);
#4622=ORIENTED_EDGE('',*,*,#3205,.T.);
#4623=ORIENTED_EDGE('',*,*,#3206,.F.);
#4624=ORIENTED_EDGE('',*,*,#3205,.F.);
#4625=ORIENTED_EDGE('',*,*,#3207,.F.);
#4626=ORIENTED_EDGE('',*,*,#3197,.T.);
#4627=ORIENTED_EDGE('',*,*,#3196,.T.);
#4628=ORIENTED_EDGE('',*,*,#3200,.T.);
#4629=ORIENTED_EDGE('',*,*,#3203,.T.);
#4630=ORIENTED_EDGE('',*,*,#3206,.T.);
#4631=ORIENTED_EDGE('',*,*,#3208,.F.);
#4632=ORIENTED_EDGE('',*,*,#3209,.F.);
#4633=ORIENTED_EDGE('',*,*,#3210,.F.);
#4634=ORIENTED_EDGE('',*,*,#3211,.T.);
#4635=ORIENTED_EDGE('',*,*,#3212,.F.);
#4636=ORIENTED_EDGE('',*,*,#3211,.F.);
#4637=ORIENTED_EDGE('',*,*,#3213,.F.);
#4638=ORIENTED_EDGE('',*,*,#3214,.T.);
#4639=ORIENTED_EDGE('',*,*,#3215,.F.);
#4640=ORIENTED_EDGE('',*,*,#3214,.F.);
#4641=ORIENTED_EDGE('',*,*,#3216,.F.);
#4642=ORIENTED_EDGE('',*,*,#3217,.T.);
#4643=ORIENTED_EDGE('',*,*,#3218,.F.);
#4644=ORIENTED_EDGE('',*,*,#3217,.F.);
#4645=ORIENTED_EDGE('',*,*,#3219,.F.);
#4646=ORIENTED_EDGE('',*,*,#3209,.T.);
#4647=ORIENTED_EDGE('',*,*,#3208,.T.);
#4648=ORIENTED_EDGE('',*,*,#3212,.T.);
#4649=ORIENTED_EDGE('',*,*,#3215,.T.);
#4650=ORIENTED_EDGE('',*,*,#3218,.T.);
#4651=ORIENTED_EDGE('',*,*,#3220,.F.);
#4652=ORIENTED_EDGE('',*,*,#3221,.F.);
#4653=ORIENTED_EDGE('',*,*,#3222,.F.);
#4654=ORIENTED_EDGE('',*,*,#3223,.T.);
#4655=ORIENTED_EDGE('',*,*,#3224,.F.);
#4656=ORIENTED_EDGE('',*,*,#3223,.F.);
#4657=ORIENTED_EDGE('',*,*,#3225,.F.);
#4658=ORIENTED_EDGE('',*,*,#3226,.T.);
#4659=ORIENTED_EDGE('',*,*,#3227,.F.);
#4660=ORIENTED_EDGE('',*,*,#3226,.F.);
#4661=ORIENTED_EDGE('',*,*,#3228,.F.);
#4662=ORIENTED_EDGE('',*,*,#3229,.T.);
#4663=ORIENTED_EDGE('',*,*,#3230,.F.);
#4664=ORIENTED_EDGE('',*,*,#3229,.F.);
#4665=ORIENTED_EDGE('',*,*,#3231,.F.);
#4666=ORIENTED_EDGE('',*,*,#3221,.T.);
#4667=ORIENTED_EDGE('',*,*,#3220,.T.);
#4668=ORIENTED_EDGE('',*,*,#3224,.T.);
#4669=ORIENTED_EDGE('',*,*,#3227,.T.);
#4670=ORIENTED_EDGE('',*,*,#3230,.T.);
#4671=ORIENTED_EDGE('',*,*,#3232,.F.);
#4672=ORIENTED_EDGE('',*,*,#3233,.F.);
#4673=ORIENTED_EDGE('',*,*,#3234,.F.);
#4674=ORIENTED_EDGE('',*,*,#3235,.T.);
#4675=ORIENTED_EDGE('',*,*,#3236,.F.);
#4676=ORIENTED_EDGE('',*,*,#3235,.F.);
#4677=ORIENTED_EDGE('',*,*,#3237,.F.);
#4678=ORIENTED_EDGE('',*,*,#3238,.T.);
#4679=ORIENTED_EDGE('',*,*,#3239,.F.);
#4680=ORIENTED_EDGE('',*,*,#3238,.F.);
#4681=ORIENTED_EDGE('',*,*,#3240,.F.);
#4682=ORIENTED_EDGE('',*,*,#3241,.T.);
#4683=ORIENTED_EDGE('',*,*,#3242,.F.);
#4684=ORIENTED_EDGE('',*,*,#3241,.F.);
#4685=ORIENTED_EDGE('',*,*,#3243,.F.);
#4686=ORIENTED_EDGE('',*,*,#3233,.T.);
#4687=ORIENTED_EDGE('',*,*,#3232,.T.);
#4688=ORIENTED_EDGE('',*,*,#3236,.T.);
#4689=ORIENTED_EDGE('',*,*,#3239,.T.);
#4690=ORIENTED_EDGE('',*,*,#3242,.T.);
#4691=ORIENTED_EDGE('',*,*,#3244,.T.);
#4692=ORIENTED_EDGE('',*,*,#3245,.T.);
#4693=ORIENTED_EDGE('',*,*,#3246,.F.);
#4694=ORIENTED_EDGE('',*,*,#3245,.F.);
#4695=ORIENTED_EDGE('',*,*,#3244,.F.);
#4696=ORIENTED_EDGE('',*,*,#3193,.T.);
#4697=ORIENTED_EDGE('',*,*,#3246,.T.);
#4698=ORIENTED_EDGE('',*,*,#3195,.T.);
#4699=ORIENTED_EDGE('',*,*,#3198,.T.);
#4700=ORIENTED_EDGE('',*,*,#3207,.T.);
#4701=ORIENTED_EDGE('',*,*,#3204,.T.);
#4702=ORIENTED_EDGE('',*,*,#3201,.T.);
#4703=ORIENTED_EDGE('',*,*,#3210,.T.);
#4704=ORIENTED_EDGE('',*,*,#3219,.T.);
#4705=ORIENTED_EDGE('',*,*,#3216,.T.);
#4706=ORIENTED_EDGE('',*,*,#3213,.T.);
#4707=ORIENTED_EDGE('',*,*,#3222,.T.);
#4708=ORIENTED_EDGE('',*,*,#3231,.T.);
#4709=ORIENTED_EDGE('',*,*,#3228,.T.);
#4710=ORIENTED_EDGE('',*,*,#3225,.T.);
#4711=ORIENTED_EDGE('',*,*,#3234,.T.);
#4712=ORIENTED_EDGE('',*,*,#3243,.T.);
#4713=ORIENTED_EDGE('',*,*,#3240,.T.);
#4714=ORIENTED_EDGE('',*,*,#3237,.T.);
#4715=PLANE('',#5192);
#4716=PLANE('',#5197);
#4717=PLANE('',#5202);
#4718=PLANE('',#5207);
#4719=PLANE('',#5212);
#4720=PLANE('',#5213);
#4721=PLANE('',#5214);
#4722=PLANE('',#5215);
#4723=PLANE('',#5216);
#4724=PLANE('',#5217);
#4725=PLANE('',#5218);
#4726=PLANE('',#5219);
#4727=PLANE('',#5220);
#4728=PLANE('',#5221);
#4729=PLANE('',#5222);
#4730=PLANE('',#5227);
#4731=PLANE('',#5246);
#4732=PLANE('',#5247);
#4733=PLANE('',#5248);
#4734=PLANE('',#5257);
#4735=PLANE('',#5272);
#4736=PLANE('',#5273);
#4737=PLANE('',#5274);
#4738=PLANE('',#5283);
#4739=PLANE('',#5287);
#4740=PLANE('',#5296);
#4741=PLANE('',#5305);
#4742=PLANE('',#5306);
#4743=PLANE('',#5307);
#4744=PLANE('',#5308);
#4745=PLANE('',#5309);
#4746=PLANE('',#5310);
#4747=PLANE('',#5311);
#4748=PLANE('',#5314);
#4749=PLANE('',#5315);
#4750=PLANE('',#5320);
#4751=PLANE('',#5321);
#4752=PLANE('',#5322);
#4753=PLANE('',#5323);
#4754=PLANE('',#5324);
#4755=PLANE('',#5325);
#4756=PLANE('',#5326);
#4757=PLANE('',#5327);
#4758=PLANE('',#5328);
#4759=PLANE('',#5329);
#4760=PLANE('',#5330);
#4761=PLANE('',#5331);
#4762=PLANE('',#5332);
#4763=PLANE('',#5333);
#4764=PLANE('',#5334);
#4765=PLANE('',#5335);
#4766=PLANE('',#5336);
#4767=PLANE('',#5337);
#4768=PLANE('',#5338);
#4769=PLANE('',#5339);
#4770=PLANE('',#5340);
#4771=PLANE('',#5341);
#4772=PLANE('',#5342);
#4773=PLANE('',#5343);
#4774=PLANE('',#5344);
#4775=PLANE('',#5345);
#4776=PLANE('',#5346);
#4777=PLANE('',#5347);
#4778=PLANE('',#5348);
#4779=PLANE('',#5349);
#4780=PLANE('',#5350);
#4781=PLANE('',#5351);
#4782=PLANE('',#5352);
#4783=PLANE('',#5353);
#4784=PLANE('',#5354);
#4785=PLANE('',#5355);
#4786=PLANE('',#5356);
#4787=PLANE('',#5357);
#4788=PLANE('',#5358);
#4789=PLANE('',#5359);
#4790=PLANE('',#5368);
#4791=PLANE('',#5371);
#4792=PLANE('',#5372);
#4793=PLANE('',#5375);
#4794=PLANE('',#5376);
#4795=PLANE('',#5379);
#4796=PLANE('',#5380);
#4797=PLANE('',#5383);
#4798=PLANE('',#5384);
#4799=PLANE('',#5385);
#4800=PLANE('',#5386);
#4801=PLANE('',#5387);
#4802=PLANE('',#5388);
#4803=PLANE('',#5389);
#4804=PLANE('',#5390);
#4805=PLANE('',#5391);
#4806=PLANE('',#5392);
#4807=PLANE('',#5396);
#4808=PLANE('',#5408);
#4809=PLANE('',#5413);
#4810=PLANE('',#5416);
#4811=PLANE('',#5422);
#4812=PLANE('',#5423);
#4813=PLANE('',#5437);
#4814=PLANE('',#5441);
#4815=PLANE('',#5444);
#4816=PLANE('',#5447);
#4817=PLANE('',#5457);
#4818=PLANE('',#5462);
#4819=PLANE('',#5467);
#4820=PLANE('',#5468);
#4821=PLANE('',#5472);
#4822=PLANE('',#5478);
#4823=PLANE('',#5479);
#4824=PLANE('',#5480);
#4825=PLANE('',#5483);
#4826=PLANE('',#5486);
#4827=PLANE('',#5492);
#4828=PLANE('',#5493);
#4829=PLANE('',#5494);
#4830=PLANE('',#5495);
#4831=PLANE('',#5496);
#4832=PLANE('',#5497);
#4833=PLANE('',#5500);
#4834=PLANE('',#5503);
#4835=PLANE('',#5506);
#4836=PLANE('',#5509);
#4837=PLANE('',#5512);
#4838=PLANE('',#5515);
#4839=PLANE('',#5516);
#4840=PLANE('',#5517);
#4841=PLANE('',#5518);
#4842=PLANE('',#5519);
#4843=PLANE('',#5520);
#4844=PLANE('',#5521);
#4845=PLANE('',#5527);
#4846=PLANE('',#5533);
#4847=PLANE('',#5537);
#4848=PLANE('',#5539);
#4849=PLANE('',#5545);
#4850=PLANE('',#5546);
#4851=PLANE('',#5547);
#4852=PLANE('',#5551);
#4853=PLANE('',#5555);
#4854=PLANE('',#5558);
#4855=PLANE('',#5559);
#4856=PLANE('',#5562);
#4857=PLANE('',#5563);
#4858=PLANE('',#5564);
#4859=PLANE('',#5565);
#4860=PLANE('',#5566);
#4861=PLANE('',#5567);
#4862=PLANE('',#5569);
#4863=PLANE('',#5571);
#4864=PLANE('',#5572);
#4865=PLANE('',#5574);
#4866=PLANE('',#5576);
#4867=PLANE('',#5578);
#4868=PLANE('',#5580);
#4869=PLANE('',#5581);
#4870=PLANE('',#5582);
#4871=PLANE('',#5588);
#4872=PLANE('',#5589);
#4873=PLANE('',#5590);
#4874=PLANE('',#5591);
#4875=PLANE('',#5592);
#4876=PLANE('',#5593);
#4877=PLANE('',#5600);
#4878=PLANE('',#5606);
#4879=PLANE('',#5610);
#4880=PLANE('',#5611);
#4881=PLANE('',#5615);
#4882=PLANE('',#5619);
#4883=PLANE('',#5620);
#4884=PLANE('',#5624);
#4885=PLANE('',#5628);
#4886=PLANE('',#5629);
#4887=PLANE('',#5633);
#4888=PLANE('',#5637);
#4889=PLANE('',#5638);
#4890=PLANE('',#5642);
#4891=PLANE('',#5643);
#4892=ADVANCED_FACE('',(#1282,#1248),#4715,.T.);
#4893=ADVANCED_FACE('',(#1283),#1243,.F.);
#4894=ADVANCED_FACE('',(#1284,#1249),#4716,.T.);
#4895=ADVANCED_FACE('',(#1285),#1244,.F.);
#4896=ADVANCED_FACE('',(#1286,#1250),#4717,.T.);
#4897=ADVANCED_FACE('',(#1287),#1245,.F.);
#4898=ADVANCED_FACE('',(#1288,#1251),#4718,.T.);
#4899=ADVANCED_FACE('',(#1289),#1246,.F.);
#4900=ADVANCED_FACE('',(#1290),#4719,.F.);
#4901=ADVANCED_FACE('',(#1291),#4720,.F.);
#4902=ADVANCED_FACE('',(#1292),#4721,.F.);
#4903=ADVANCED_FACE('',(#1293),#4722,.F.);
#4904=ADVANCED_FACE('',(#1294),#4723,.T.);
#4905=ADVANCED_FACE('',(#1295),#4724,.T.);
#4906=ADVANCED_FACE('',(#1296),#4725,.F.);
#4907=ADVANCED_FACE('',(#1297),#4726,.F.);
#4908=ADVANCED_FACE('',(#1298),#4727,.T.);
#4909=ADVANCED_FACE('',(#1299),#4728,.F.);
#4910=ADVANCED_FACE('',(#1300),#4729,.F.);
#4911=ADVANCED_FACE('',(#1301),#140,.F.);
#4912=ADVANCED_FACE('',(#1302,#1252),#4730,.T.);
#4913=ADVANCED_FACE('',(#1303),#50,.T.);
#4914=ADVANCED_FACE('',(#1304),#141,.T.);
#4915=ADVANCED_FACE('',(#1305),#51,.T.);
#4916=ADVANCED_FACE('',(#1306),#52,.T.);
#4917=ADVANCED_FACE('',(#1307),#53,.T.);
#4918=ADVANCED_FACE('',(#1308),#142,.T.);
#4919=ADVANCED_FACE('',(#1309),#54,.T.);
#4920=ADVANCED_FACE('',(#1310),#55,.T.);
#4921=ADVANCED_FACE('',(#1311),#56,.T.);
#4922=ADVANCED_FACE('',(#1312),#4731,.T.);
#4923=ADVANCED_FACE('',(#1313),#4732,.T.);
#4924=ADVANCED_FACE('',(#1314),#4733,.T.);
#4925=ADVANCED_FACE('',(#1315),#57,.F.);
#4926=ADVANCED_FACE('',(#1316),#58,.F.);
#4927=ADVANCED_FACE('',(#1317),#59,.F.);
#4928=ADVANCED_FACE('',(#1318),#60,.F.);
#4929=ADVANCED_FACE('',(#1319,#1253),#4734,.T.);
#4930=ADVANCED_FACE('',(#1320),#61,.T.);
#4931=ADVANCED_FACE('',(#1321),#62,.T.);
#4932=ADVANCED_FACE('',(#1322),#63,.T.);
#4933=ADVANCED_FACE('',(#1323),#64,.T.);
#4934=ADVANCED_FACE('',(#1324),#65,.T.);
#4935=ADVANCED_FACE('',(#1325),#66,.T.);
#4936=ADVANCED_FACE('',(#1326),#4735,.T.);
#4937=ADVANCED_FACE('',(#1327),#4736,.T.);
#4938=ADVANCED_FACE('',(#1328),#4737,.T.);
#4939=ADVANCED_FACE('',(#1329),#67,.T.);
#4940=ADVANCED_FACE('',(#1330),#68,.T.);
#4941=ADVANCED_FACE('',(#1331),#69,.T.);
#4942=ADVANCED_FACE('',(#1332),#70,.T.);
#4943=ADVANCED_FACE('',(#1333),#4738,.T.);
#4944=ADVANCED_FACE('',(#1334),#143,.T.);
#4945=ADVANCED_FACE('',(#1335),#4739,.F.);
#4946=ADVANCED_FACE('',(#1336),#71,.T.);
#4947=ADVANCED_FACE('',(#1337),#72,.T.);
#4948=ADVANCED_FACE('',(#1338),#73,.T.);
#4949=ADVANCED_FACE('',(#1339),#74,.T.);
#4950=ADVANCED_FACE('',(#1340),#4740,.T.);
#4951=ADVANCED_FACE('',(#1341),#75,.F.);
#4952=ADVANCED_FACE('',(#1342),#76,.F.);
#4953=ADVANCED_FACE('',(#1343),#77,.F.);
#4954=ADVANCED_FACE('',(#1344),#78,.F.);
#4955=ADVANCED_FACE('',(#1345,#1254),#4741,.T.);
#4956=ADVANCED_FACE('',(#1346),#4742,.T.);
#4957=ADVANCED_FACE('',(#1347),#4743,.T.);
#4958=ADVANCED_FACE('',(#1348),#4744,.T.);
#4959=ADVANCED_FACE('',(#1349),#4745,.T.);
#4960=ADVANCED_FACE('',(#1350),#4746,.T.);
#4961=ADVANCED_FACE('',(#1351),#4747,.T.);
#4962=ADVANCED_FACE('',(#1352),#79,.T.);
#4963=ADVANCED_FACE('',(#1353),#4748,.T.);
#4964=ADVANCED_FACE('',(#1354,#1255,#1256),#4749,.T.);
#4965=ADVANCED_FACE('',(#1355),#4750,.T.);
#4966=ADVANCED_FACE('',(#1356),#4751,.F.);
#4967=ADVANCED_FACE('',(#1357),#4752,.F.);
#4968=ADVANCED_FACE('',(#1358),#4753,.F.);
#4969=ADVANCED_FACE('',(#1359),#4754,.F.);
#4970=ADVANCED_FACE('',(#1360),#4755,.F.);
#4971=ADVANCED_FACE('',(#1361),#4756,.T.);
#4972=ADVANCED_FACE('',(#1362),#4757,.F.);
#4973=ADVANCED_FACE('',(#1363),#4758,.T.);
#4974=ADVANCED_FACE('',(#1364),#4759,.T.);
#4975=ADVANCED_FACE('',(#1365),#4760,.T.);
#4976=ADVANCED_FACE('',(#1366),#4761,.F.);
#4977=ADVANCED_FACE('',(#1367),#4762,.T.);
#4978=ADVANCED_FACE('',(#1368),#4763,.F.);
#4979=ADVANCED_FACE('',(#1369),#4764,.F.);
#4980=ADVANCED_FACE('',(#1370),#4765,.F.);
#4981=ADVANCED_FACE('',(#1371),#4766,.F.);
#4982=ADVANCED_FACE('',(#1372),#4767,.F.);
#4983=ADVANCED_FACE('',(#1373),#4768,.F.);
#4984=ADVANCED_FACE('',(#1374),#4769,.F.);
#4985=ADVANCED_FACE('',(#1375),#4770,.F.);
#4986=ADVANCED_FACE('',(#1376),#4771,.F.);
#4987=ADVANCED_FACE('',(#1377),#4772,.F.);
#4988=ADVANCED_FACE('',(#1378),#4773,.F.);
#4989=ADVANCED_FACE('',(#1379),#4774,.F.);
#4990=ADVANCED_FACE('',(#1380),#4775,.F.);
#4991=ADVANCED_FACE('',(#1381),#4776,.T.);
#4992=ADVANCED_FACE('',(#1382),#4777,.F.);
#4993=ADVANCED_FACE('',(#1383),#4778,.F.);
#4994=ADVANCED_FACE('',(#1384),#4779,.F.);
#4995=ADVANCED_FACE('',(#1385),#4780,.T.);
#4996=ADVANCED_FACE('',(#1386),#4781,.T.);
#4997=ADVANCED_FACE('',(#1387),#4782,.T.);
#4998=ADVANCED_FACE('',(#1388),#4783,.F.);
#4999=ADVANCED_FACE('',(#1389),#4784,.T.);
#5000=ADVANCED_FACE('',(#1390),#4785,.T.);
#5001=ADVANCED_FACE('',(#1391),#4786,.T.);
#5002=ADVANCED_FACE('',(#1392),#4787,.T.);
#5003=ADVANCED_FACE('',(#1393),#4788,.F.);
#5004=ADVANCED_FACE('',(#1394),#4789,.F.);
#5005=ADVANCED_FACE('',(#1395),#80,.T.);
#5006=ADVANCED_FACE('',(#1396),#81,.T.);
#5007=ADVANCED_FACE('',(#1397),#82,.T.);
#5008=ADVANCED_FACE('',(#1398),#83,.T.);
#5009=ADVANCED_FACE('',(#1399),#4790,.T.);
#5010=ADVANCED_FACE('',(#1400),#84,.F.);
#5011=ADVANCED_FACE('',(#1401),#4791,.T.);
#5012=ADVANCED_FACE('',(#1402),#4792,.T.);
#5013=ADVANCED_FACE('',(#1403),#85,.F.);
#5014=ADVANCED_FACE('',(#1404),#4793,.T.);
#5015=ADVANCED_FACE('',(#1405),#4794,.T.);
#5016=ADVANCED_FACE('',(#1406),#86,.F.);
#5017=ADVANCED_FACE('',(#1407),#4795,.T.);
#5018=ADVANCED_FACE('',(#1408),#4796,.T.);
#5019=ADVANCED_FACE('',(#1409),#87,.F.);
#5020=ADVANCED_FACE('',(#1410),#4797,.T.);
#5021=ADVANCED_FACE('',(#1411),#4798,.F.);
#5022=ADVANCED_FACE('',(#1412),#4799,.F.);
#5023=ADVANCED_FACE('',(#1413),#4800,.F.);
#5024=ADVANCED_FACE('',(#1414),#4801,.F.);
#5025=ADVANCED_FACE('',(#1415,#1257,#1258),#4802,.T.);
#5026=ADVANCED_FACE('',(#1416),#4803,.T.);
#5027=ADVANCED_FACE('',(#1417,#1259,#1260),#4804,.T.);
#5028=ADVANCED_FACE('',(#1418),#4805,.T.);
#5029=ADVANCED_FACE('',(#1419,#1261,#1262,#1263,#1264,#1265),#4806,.T.);
#5030=ADVANCED_FACE('',(#1420),#88,.T.);
#5031=ADVANCED_FACE('',(#1421),#4807,.T.);
#5032=ADVANCED_FACE('',(#1422),#4808,.F.);
#5033=ADVANCED_FACE('',(#1423),#89,.T.);
#5034=ADVANCED_FACE('',(#1424),#90,.T.);
#5035=ADVANCED_FACE('',(#1425),#4809,.F.);
#5036=ADVANCED_FACE('',(#1426),#91,.F.);
#5037=ADVANCED_FACE('',(#1427),#4810,.F.);
#5038=ADVANCED_FACE('',(#1428),#92,.F.);
#5039=ADVANCED_FACE('',(#1429),#93,.T.);
#5040=ADVANCED_FACE('',(#1430),#4811,.T.);
#5041=ADVANCED_FACE('',(#1431),#4812,.T.);
#5042=ADVANCED_FACE('',(#1432),#94,.F.);
#5043=ADVANCED_FACE('',(#1433),#4813,.T.);
#5044=ADVANCED_FACE('',(#1434),#95,.F.);
#5045=ADVANCED_FACE('',(#1435),#4814,.T.);
#5046=ADVANCED_FACE('',(#1436),#96,.T.);
#5047=ADVANCED_FACE('',(#1437),#4815,.T.);
#5048=ADVANCED_FACE('',(#1438),#97,.T.);
#5049=ADVANCED_FACE('',(#1439),#4816,.T.);
#5050=ADVANCED_FACE('',(#1440),#98,.T.);
#5051=ADVANCED_FACE('',(#1441),#4817,.T.);
#5052=ADVANCED_FACE('',(#1442),#99,.T.);
#5053=ADVANCED_FACE('',(#1443),#4818,.T.);
#5054=ADVANCED_FACE('',(#1444),#100,.T.);
#5055=ADVANCED_FACE('',(#1445),#4819,.F.);
#5056=ADVANCED_FACE('',(#1446),#4820,.F.);
#5057=ADVANCED_FACE('',(#1447),#101,.T.);
#5058=ADVANCED_FACE('',(#1448),#4821,.F.);
#5059=ADVANCED_FACE('',(#1449),#102,.T.);
#5060=ADVANCED_FACE('',(#1450),#4822,.F.);
#5061=ADVANCED_FACE('',(#1451),#4823,.F.);
#5062=ADVANCED_FACE('',(#1452),#4824,.F.);
#5063=ADVANCED_FACE('',(#1453),#103,.F.);
#5064=ADVANCED_FACE('',(#1454),#4825,.F.);
#5065=ADVANCED_FACE('',(#1455),#104,.T.);
#5066=ADVANCED_FACE('',(#1456),#4826,.F.);
#5067=ADVANCED_FACE('',(#1457),#105,.T.);
#5068=ADVANCED_FACE('',(#1458),#106,.F.);
#5069=ADVANCED_FACE('',(#1459),#4827,.F.);
#5070=ADVANCED_FACE('',(#1460),#4828,.F.);
#5071=ADVANCED_FACE('',(#1461),#4829,.F.);
#5072=ADVANCED_FACE('',(#1462),#4830,.F.);
#5073=ADVANCED_FACE('',(#1463),#4831,.F.);
#5074=ADVANCED_FACE('',(#1464),#4832,.F.);
#5075=ADVANCED_FACE('',(#1465),#107,.F.);
#5076=ADVANCED_FACE('',(#1466),#4833,.F.);
#5077=ADVANCED_FACE('',(#1467),#108,.F.);
#5078=ADVANCED_FACE('',(#1468),#4834,.F.);
#5079=ADVANCED_FACE('',(#1469),#109,.F.);
#5080=ADVANCED_FACE('',(#1470),#4835,.F.);
#5081=ADVANCED_FACE('',(#1471),#110,.F.);
#5082=ADVANCED_FACE('',(#1472),#4836,.F.);
#5083=ADVANCED_FACE('',(#1473),#111,.T.);
#5084=ADVANCED_FACE('',(#1474),#4837,.F.);
#5085=ADVANCED_FACE('',(#1475),#112,.T.);
#5086=ADVANCED_FACE('',(#1476),#4838,.F.);
#5087=ADVANCED_FACE('',(#1477),#4839,.F.);
#5088=ADVANCED_FACE('',(#1478),#4840,.F.);
#5089=ADVANCED_FACE('',(#1479),#4841,.F.);
#5090=ADVANCED_FACE('',(#1480),#4842,.F.);
#5091=ADVANCED_FACE('',(#1481),#4843,.F.);
#5092=ADVANCED_FACE('',(#1482,#1266,#1267,#1268,#1269,#1270),#4844,.F.);
#5093=ADVANCED_FACE('',(#1483,#1271,#1272,#1273,#1274,#1275),#4845,.T.);
#5094=ADVANCED_FACE('',(#1484),#4846,.T.);
#5095=ADVANCED_FACE('',(#1485),#113,.T.);
#5096=ADVANCED_FACE('',(#1486),#4847,.T.);
#5097=ADVANCED_FACE('',(#1487),#4848,.T.);
#5098=ADVANCED_FACE('',(#1488),#114,.T.);
#5099=ADVANCED_FACE('',(#1489),#115,.T.);
#5100=ADVANCED_FACE('',(#1490),#4849,.T.);
#5101=ADVANCED_FACE('',(#1491),#4850,.T.);
#5102=ADVANCED_FACE('',(#1492),#4851,.T.);
#5103=ADVANCED_FACE('',(#1493),#116,.F.);
#5104=ADVANCED_FACE('',(#1494),#4852,.T.);
#5105=ADVANCED_FACE('',(#1495),#117,.T.);
#5106=ADVANCED_FACE('',(#1496),#4853,.T.);
#5107=ADVANCED_FACE('',(#1497),#118,.T.);
#5108=ADVANCED_FACE('',(#1498),#4854,.T.);
#5109=ADVANCED_FACE('',(#1499),#4855,.T.);
#5110=ADVANCED_FACE('',(#1500),#119,.F.);
#5111=ADVANCED_FACE('',(#1501),#4856,.T.);
#5112=ADVANCED_FACE('',(#1502),#4857,.T.);
#5113=ADVANCED_FACE('',(#1503),#4858,.T.);
#5114=ADVANCED_FACE('',(#1504),#4859,.T.);
#5115=ADVANCED_FACE('',(#1505),#4860,.T.);
#5116=ADVANCED_FACE('',(#1506),#4861,.T.);
#5117=ADVANCED_FACE('',(#1507),#120,.F.);
#5118=ADVANCED_FACE('',(#1508),#4862,.T.);
#5119=ADVANCED_FACE('',(#1509),#121,.F.);
#5120=ADVANCED_FACE('',(#1510),#4863,.T.);
#5121=ADVANCED_FACE('',(#1511),#4864,.T.);
#5122=ADVANCED_FACE('',(#1512),#122,.F.);
#5123=ADVANCED_FACE('',(#1513),#4865,.T.);
#5124=ADVANCED_FACE('',(#1514),#123,.F.);
#5125=ADVANCED_FACE('',(#1515),#4866,.T.);
#5126=ADVANCED_FACE('',(#1516),#124,.T.);
#5127=ADVANCED_FACE('',(#1517),#4867,.T.);
#5128=ADVANCED_FACE('',(#1518),#125,.T.);
#5129=ADVANCED_FACE('',(#1519),#4868,.T.);
#5130=ADVANCED_FACE('',(#1520),#4869,.T.);
#5131=ADVANCED_FACE('',(#1521),#4870,.T.);
#5132=ADVANCED_FACE('',(#1522),#126,.F.);
#5133=ADVANCED_FACE('',(#1523),#127,.F.);
#5134=ADVANCED_FACE('',(#1524),#128,.F.);
#5135=ADVANCED_FACE('',(#1525),#129,.F.);
#5136=ADVANCED_FACE('',(#1526),#130,.F.);
#5137=ADVANCED_FACE('',(#1527),#4871,.T.);
#5138=ADVANCED_FACE('',(#1528),#4872,.T.);
#5139=ADVANCED_FACE('',(#1529),#4873,.T.);
#5140=ADVANCED_FACE('',(#1530),#4874,.T.);
#5141=ADVANCED_FACE('',(#1531),#4875,.T.);
#5142=ADVANCED_FACE('',(#1532),#4876,.T.);
#5143=ADVANCED_FACE('',(#1533),#144,.T.);
#5144=ADVANCED_FACE('',(#1534),#13,.T.);
#5145=ADVANCED_FACE('',(#1535),#4877,.F.);
#5146=ADVANCED_FACE('',(#1536),#1247,.F.);
#5147=ADVANCED_FACE('',(#1537),#131,.F.);
#5148=ADVANCED_FACE('',(#1538),#4878,.F.);
#5149=ADVANCED_FACE('',(#1539),#132,.T.);
#5150=ADVANCED_FACE('',(#1540),#4879,.F.);
#5151=ADVANCED_FACE('',(#1541),#4880,.F.);
#5152=ADVANCED_FACE('',(#1542),#133,.T.);
#5153=ADVANCED_FACE('',(#1543),#4881,.F.);
#5154=ADVANCED_FACE('',(#1544),#134,.F.);
#5155=ADVANCED_FACE('',(#1545),#4882,.F.);
#5156=ADVANCED_FACE('',(#1546),#4883,.F.);
#5157=ADVANCED_FACE('',(#1547),#135,.F.);
#5158=ADVANCED_FACE('',(#1548),#4884,.F.);
#5159=ADVANCED_FACE('',(#1549),#136,.T.);
#5160=ADVANCED_FACE('',(#1550),#4885,.F.);
#5161=ADVANCED_FACE('',(#1551),#4886,.F.);
#5162=ADVANCED_FACE('',(#1552),#137,.T.);
#5163=ADVANCED_FACE('',(#1553),#4887,.F.);
#5164=ADVANCED_FACE('',(#1554),#138,.F.);
#5165=ADVANCED_FACE('',(#1555),#4888,.F.);
#5166=ADVANCED_FACE('',(#1556),#4889,.F.);
#5167=ADVANCED_FACE('',(#1557),#139,.T.);
#5168=ADVANCED_FACE('',(#1558,#1276),#4890,.F.);
#5169=ADVANCED_FACE('',(#1559,#1277,#1278,#1279,#1280,#1281),#4891,.T.);
#5170=CLOSED_SHELL('',(#4892,#4893,#4894,#4895,#4896,#4897,#4898,#4899,
#4900,#4901,#4902,#4903,#4904,#4905,#4906,#4907,#4908,#4909,#4910,#4911,
#4912,#4913,#4914,#4915,#4916,#4917,#4918,#4919,#4920,#4921,#4922,#4923,
#4924,#4925,#4926,#4927,#4928,#4929,#4930,#4931,#4932,#4933,#4934,#4935,
#4936,#4937,#4938,#4939,#4940,#4941,#4942,#4943,#4944,#4945,#4946,#4947,
#4948,#4949,#4950,#4951,#4952,#4953,#4954,#4955,#4956,#4957,#4958,#4959,
#4960,#4961,#4962,#4963,#4964,#4965,#4966,#4967,#4968,#4969,#4970,#4971,
#4972,#4973,#4974,#4975,#4976,#4977,#4978,#4979,#4980,#4981,#4982,#4983,
#4984,#4985,#4986,#4987,#4988,#4989,#4990,#4991,#4992,#4993,#4994,#4995,
#4996,#4997,#4998,#4999,#5000,#5001,#5002,#5003,#5004,#5005,#5006,#5007,
#5008,#5009,#5010,#5011,#5012,#5013,#5014,#5015,#5016,#5017,#5018,#5019,
#5020,#5021,#5022,#5023,#5024,#5025,#5026,#5027,#5028,#5029));
#5171=CLOSED_SHELL('',(#5030,#5031,#5032,#5033,#5034,#5035,#5036,#5037,
#5038,#5039,#5040,#5041,#5042,#5043,#5044,#5045,#5046,#5047,#5048,#5049,
#5050,#5051,#5052,#5053,#5054,#5055,#5056,#5057,#5058,#5059,#5060,#5061,
#5062,#5063,#5064,#5065,#5066,#5067,#5068,#5069,#5070,#5071,#5072,#5073,
#5074,#5075,#5076,#5077,#5078,#5079,#5080,#5081,#5082,#5083,#5084,#5085,
#5086,#5087,#5088,#5089,#5090,#5091,#5092,#5093,#5094,#5095,#5096,#5097,
#5098,#5099,#5100,#5101,#5102,#5103,#5104,#5105,#5106,#5107,#5108,#5109,
#5110,#5111,#5112,#5113,#5114,#5115,#5116,#5117,#5118,#5119,#5120,#5121,
#5122,#5123,#5124,#5125,#5126,#5127,#5128,#5129,#5130,#5131,#5132,#5133,
#5134,#5135,#5136,#5137,#5138,#5139,#5140,#5141,#5142));
#5172=CLOSED_SHELL('',(#5143,#5144,#5145,#5146,#5147,#5148,#5149,#5150,
#5151,#5152,#5153,#5154,#5155,#5156,#5157,#5158,#5159,#5160,#5161,#5162,
#5163,#5164,#5165,#5166,#5167,#5168,#5169));
#5173=DERIVED_UNIT_ELEMENT(#5175,1.);
#5174=DERIVED_UNIT_ELEMENT(#8793,3.);
#5175=(
MASS_UNIT()
NAMED_UNIT(*)
SI_UNIT($,.GRAM.)
);
#5176=DERIVED_UNIT((#5173,#5174));
#5177=MEASURE_REPRESENTATION_ITEM('density measure',
POSITIVE_RATIO_MEASURE(1.),#5176);
#5178=PROPERTY_DEFINITION_REPRESENTATION(#5183,#5180);
#5179=PROPERTY_DEFINITION_REPRESENTATION(#5184,#5181);
#5180=REPRESENTATION('material name',(#5182),#8788);
#5181=REPRESENTATION('density',(#5177),#8788);
#5182=DESCRIPTIVE_REPRESENTATION_ITEM('Generic','Generic');
#5183=PROPERTY_DEFINITION('material property','material name',#8801);
#5184=PROPERTY_DEFINITION('material property','density of part',#8801);
#5185=DATE_TIME_ROLE('creation_date');
#5186=APPLIED_DATE_AND_TIME_ASSIGNMENT(#5187,#5185,(#8801));
#5187=DATE_AND_TIME(#5188,#5189);
#5188=CALENDAR_DATE(2021,30,11);
#5189=LOCAL_TIME(4,48,17.,#5190);
#5190=COORDINATED_UNIVERSAL_TIME_OFFSET(0,0,.BEHIND.);
#5191=AXIS2_PLACEMENT_3D('placement',#7099,#5644,#5645);
#5192=AXIS2_PLACEMENT_3D('',#7100,#5646,#5647);
#5193=AXIS2_PLACEMENT_3D('',#7103,#5648,#5649);
#5194=AXIS2_PLACEMENT_3D('',#7104,#5650,#5651);
#5195=AXIS2_PLACEMENT_3D('',#7106,#5652,#5653);
#5196=AXIS2_PLACEMENT_3D('',#7135,#5654,#5655);
#5197=AXIS2_PLACEMENT_3D('',#7136,#5656,#5657);
#5198=AXIS2_PLACEMENT_3D('',#7139,#5658,#5659);
#5199=AXIS2_PLACEMENT_3D('',#7140,#5660,#5661);
#5200=AXIS2_PLACEMENT_3D('',#7142,#5662,#5663);
#5201=AXIS2_PLACEMENT_3D('',#7171,#5664,#5665);
#5202=AXIS2_PLACEMENT_3D('',#7172,#5666,#5667);
#5203=AXIS2_PLACEMENT_3D('',#7175,#5668,#5669);
#5204=AXIS2_PLACEMENT_3D('',#7176,#5670,#5671);
#5205=AXIS2_PLACEMENT_3D('',#7178,#5672,#5673);
#5206=AXIS2_PLACEMENT_3D('',#7207,#5674,#5675);
#5207=AXIS2_PLACEMENT_3D('',#7208,#5676,#5677);
#5208=AXIS2_PLACEMENT_3D('',#7211,#5678,#5679);
#5209=AXIS2_PLACEMENT_3D('',#7212,#5680,#5681);
#5210=AXIS2_PLACEMENT_3D('',#7214,#5682,#5683);
#5211=AXIS2_PLACEMENT_3D('',#7243,#5684,#5685);
#5212=AXIS2_PLACEMENT_3D('',#7244,#5686,#5687);
#5213=AXIS2_PLACEMENT_3D('',#7253,#5692,#5693);
#5214=AXIS2_PLACEMENT_3D('',#7262,#5698,#5699);
#5215=AXIS2_PLACEMENT_3D('',#7271,#5704,#5705);
#5216=AXIS2_PLACEMENT_3D('',#7280,#5710,#5711);
#5217=AXIS2_PLACEMENT_3D('',#7286,#5715,#5716);
#5218=AXIS2_PLACEMENT_3D('',#7292,#5720,#5721);
#5219=AXIS2_PLACEMENT_3D('',#7297,#5725,#5726);
#5220=AXIS2_PLACEMENT_3D('',#7302,#5730,#5731);
#5221=AXIS2_PLACEMENT_3D('',#7307,#5735,#5736);
#5222=AXIS2_PLACEMENT_3D('',#7309,#5738,#5739);
#5223=AXIS2_PLACEMENT_3D('',#7310,#5740,#5741);
#5224=AXIS2_PLACEMENT_3D('',#7312,#5742,#5743);
#5225=AXIS2_PLACEMENT_3D('',#7314,#5744,#5745);
#5226=AXIS2_PLACEMENT_3D('',#7315,#5746,#5747);
#5227=AXIS2_PLACEMENT_3D('',#7316,#5748,#5749);
#5228=AXIS2_PLACEMENT_3D('',#7325,#5753,#5754);
#5229=AXIS2_PLACEMENT_3D('',#7332,#5758,#5759);
#5230=AXIS2_PLACEMENT_3D('',#7333,#5760,#5761);
#5231=AXIS2_PLACEMENT_3D('',#7337,#5763,#5764);
#5232=AXIS2_PLACEMENT_3D('',#7352,#5765,#5766);
#5233=AXIS2_PLACEMENT_3D('',#7368,#5767,#5768);
#5234=AXIS2_PLACEMENT_3D('',#7369,#5769,#5770);
#5235=AXIS2_PLACEMENT_3D('',#7371,#5771,#5772);
#5236=AXIS2_PLACEMENT_3D('',#7373,#5774,#5775);
#5237=AXIS2_PLACEMENT_3D('',#7375,#5776,#5777);
#5238=AXIS2_PLACEMENT_3D('',#7377,#5779,#5780);
#5239=AXIS2_PLACEMENT_3D('',#7394,#5782,#5783);
#5240=AXIS2_PLACEMENT_3D('',#7410,#5784,#5785);
#5241=AXIS2_PLACEMENT_3D('',#7411,#5786,#5787);
#5242=AXIS2_PLACEMENT_3D('',#7413,#5788,#5789);
#5243=AXIS2_PLACEMENT_3D('',#7415,#5791,#5792);
#5244=AXIS2_PLACEMENT_3D('',#7417,#5794,#5795);
#5245=AXIS2_PLACEMENT_3D('',#7421,#5797,#5798);
#5246=AXIS2_PLACEMENT_3D('',#7423,#5800,#5801);
#5247=AXIS2_PLACEMENT_3D('',#7427,#5804,#5805);
#5248=AXIS2_PLACEMENT_3D('',#7431,#5808,#5809);
#5249=AXIS2_PLACEMENT_3D('',#7435,#5812,#5813);
#5250=AXIS2_PLACEMENT_3D('',#7440,#5815,#5816);
#5251=AXIS2_PLACEMENT_3D('',#7443,#5818,#5819);
#5252=AXIS2_PLACEMENT_3D('',#7444,#5820,#5821);
#5253=AXIS2_PLACEMENT_3D('',#7449,#5824,#5825);
#5254=AXIS2_PLACEMENT_3D('',#7450,#5826,#5827);
#5255=AXIS2_PLACEMENT_3D('',#7454,#5829,#5830);
#5256=AXIS2_PLACEMENT_3D('',#7456,#5832,#5833);
#5257=AXIS2_PLACEMENT_3D('',#7459,#5836,#5837);
#5258=AXIS2_PLACEMENT_3D('',#7468,#5842,#5843);
#5259=AXIS2_PLACEMENT_3D('',#7470,#5844,#5845);
#5260=AXIS2_PLACEMENT_3D('',#7472,#5846,#5847);
#5261=AXIS2_PLACEMENT_3D('',#7474,#5849,#5850);
#5262=AXIS2_PLACEMENT_3D('',#7476,#5851,#5852);
#5263=AXIS2_PLACEMENT_3D('',#7478,#5854,#5855);
#5264=AXIS2_PLACEMENT_3D('',#7480,#5856,#5857);
#5265=AXIS2_PLACEMENT_3D('',#7482,#5859,#5860);
#5266=AXIS2_PLACEMENT_3D('',#7485,#5861,#5862);
#5267=AXIS2_PLACEMENT_3D('',#7489,#5864,#5865);
#5268=AXIS2_PLACEMENT_3D('',#7491,#5867,#5868);
#5269=AXIS2_PLACEMENT_3D('',#7495,#5870,#5871);
#5270=AXIS2_PLACEMENT_3D('',#7497,#5873,#5874);
#5271=AXIS2_PLACEMENT_3D('',#7501,#5876,#5877);
#5272=AXIS2_PLACEMENT_3D('',#7503,#5879,#5880);
#5273=AXIS2_PLACEMENT_3D('',#7509,#5884,#5885);
#5274=AXIS2_PLACEMENT_3D('',#7513,#5888,#5889);
#5275=AXIS2_PLACEMENT_3D('',#7517,#5892,#5893);
#5276=AXIS2_PLACEMENT_3D('',#7521,#5895,#5896);
#5277=AXIS2_PLACEMENT_3D('',#7522,#5897,#5898);
#5278=AXIS2_PLACEMENT_3D('',#7523,#5899,#5900);
#5279=AXIS2_PLACEMENT_3D('',#7526,#5902,#5903);
#5280=AXIS2_PLACEMENT_3D('',#7527,#5904,#5905);
#5281=AXIS2_PLACEMENT_3D('',#7530,#5907,#5908);
#5282=AXIS2_PLACEMENT_3D('',#7531,#5909,#5910);
#5283=AXIS2_PLACEMENT_3D('',#7533,#5912,#5913);
#5284=AXIS2_PLACEMENT_3D('',#7534,#5914,#5915);
#5285=AXIS2_PLACEMENT_3D('',#7536,#5916,#5917);
#5286=AXIS2_PLACEMENT_3D('',#7537,#5918,#5919);
#5287=AXIS2_PLACEMENT_3D('',#7538,#5920,#5921);
#5288=AXIS2_PLACEMENT_3D('',#7539,#5922,#5923);
#5289=AXIS2_PLACEMENT_3D('',#7544,#5925,#5926);
#5290=AXIS2_PLACEMENT_3D('',#7547,#5928,#5929);
#5291=AXIS2_PLACEMENT_3D('',#7548,#5930,#5931);
#5292=AXIS2_PLACEMENT_3D('',#7552,#5933,#5934);
#5293=AXIS2_PLACEMENT_3D('',#7554,#5936,#5937);
#5294=AXIS2_PLACEMENT_3D('',#7558,#5939,#5940);
#5295=AXIS2_PLACEMENT_3D('',#7560,#5942,#5943);
#5296=AXIS2_PLACEMENT_3D('',#7563,#5946,#5947);
#5297=AXIS2_PLACEMENT_3D('',#7564,#5948,#5949);
#5298=AXIS2_PLACEMENT_3D('',#7566,#5950,#5951);
#5299=AXIS2_PLACEMENT_3D('',#7569,#5953,#5954);
#5300=AXIS2_PLACEMENT_3D('',#7570,#5955,#5956);
#5301=AXIS2_PLACEMENT_3D('',#7572,#5957,#5958);
#5302=AXIS2_PLACEMENT_3D('',#7574,#5960,#5961);
#5303=AXIS2_PLACEMENT_3D('',#7576,#5962,#5963);
#5304=AXIS2_PLACEMENT_3D('',#7578,#5965,#5966);
#5305=AXIS2_PLACEMENT_3D('',#7580,#5968,#5969);
#5306=AXIS2_PLACEMENT_3D('',#7582,#5971,#5972);
#5307=AXIS2_PLACEMENT_3D('',#7588,#5976,#5977);
#5308=AXIS2_PLACEMENT_3D('',#7592,#5980,#5981);
#5309=AXIS2_PLACEMENT_3D('',#7596,#5984,#5985);
#5310=AXIS2_PLACEMENT_3D('',#7598,#5987,#5988);
#5311=AXIS2_PLACEMENT_3D('',#7604,#5992,#5993);
#5312=AXIS2_PLACEMENT_3D('',#7606,#5995,#5996);
#5313=AXIS2_PLACEMENT_3D('',#7609,#5998,#5999);
#5314=AXIS2_PLACEMENT_3D('',#7610,#6000,#6001);
#5315=AXIS2_PLACEMENT_3D('',#7612,#6003,#6004);
#5316=AXIS2_PLACEMENT_3D('',#7618,#6007,#6008);
#5317=AXIS2_PLACEMENT_3D('',#7626,#6012,#6013);
#5318=AXIS2_PLACEMENT_3D('',#7634,#6017,#6018);
#5319=AXIS2_PLACEMENT_3D('',#7642,#6022,#6023);
#5320=AXIS2_PLACEMENT_3D('',#7646,#6026,#6027);
#5321=AXIS2_PLACEMENT_3D('',#7650,#6030,#6031);
#5322=AXIS2_PLACEMENT_3D('',#7652,#6033,#6034);
#5323=AXIS2_PLACEMENT_3D('',#7654,#6036,#6037);
#5324=AXIS2_PLACEMENT_3D('',#7663,#6042,#6043);
#5325=AXIS2_PLACEMENT_3D('',#7669,#6047,#6048);
#5326=AXIS2_PLACEMENT_3D('',#7675,#6052,#6053);
#5327=AXIS2_PLACEMENT_3D('',#7677,#6055,#6056);
#5328=AXIS2_PLACEMENT_3D('',#7679,#6058,#6059);
#5329=AXIS2_PLACEMENT_3D('',#7688,#6064,#6065);
#5330=AXIS2_PLACEMENT_3D('',#7694,#6069,#6070);
#5331=AXIS2_PLACEMENT_3D('',#7700,#6074,#6075);
#5332=AXIS2_PLACEMENT_3D('',#7702,#6077,#6078);
#5333=AXIS2_PLACEMENT_3D('',#7704,#6080,#6081);
#5334=AXIS2_PLACEMENT_3D('',#7713,#6086,#6087);
#5335=AXIS2_PLACEMENT_3D('',#7719,#6091,#6092);
#5336=AXIS2_PLACEMENT_3D('',#7728,#6097,#6098);
#5337=AXIS2_PLACEMENT_3D('',#7734,#6102,#6103);
#5338=AXIS2_PLACEMENT_3D('',#7743,#6108,#6109);
#5339=AXIS2_PLACEMENT_3D('',#7752,#6114,#6115);
#5340=AXIS2_PLACEMENT_3D('',#7755,#6118,#6119);
#5341=AXIS2_PLACEMENT_3D('',#7758,#6122,#6123);
#5342=AXIS2_PLACEMENT_3D('',#7773,#6132,#6133);
#5343=AXIS2_PLACEMENT_3D('',#7777,#6136,#6137);
#5344=AXIS2_PLACEMENT_3D('',#7781,#6140,#6141);
#5345=AXIS2_PLACEMENT_3D('',#7792,#6148,#6149);
#5346=AXIS2_PLACEMENT_3D('',#7793,#6150,#6151);
#5347=AXIS2_PLACEMENT_3D('',#7799,#6155,#6156);
#5348=AXIS2_PLACEMENT_3D('',#7817,#6166,#6167);
#5349=AXIS2_PLACEMENT_3D('',#7821,#6170,#6171);
#5350=AXIS2_PLACEMENT_3D('',#7827,#6175,#6176);
#5351=AXIS2_PLACEMENT_3D('',#7829,#6178,#6179);
#5352=AXIS2_PLACEMENT_3D('',#7831,#6181,#6182);
#5353=AXIS2_PLACEMENT_3D('',#7835,#6185,#6186);
#5354=AXIS2_PLACEMENT_3D('',#7841,#6190,#6191);
#5355=AXIS2_PLACEMENT_3D('',#7847,#6195,#6196);
#5356=AXIS2_PLACEMENT_3D('',#7853,#6200,#6201);
#5357=AXIS2_PLACEMENT_3D('',#7857,#6204,#6205);
#5358=AXIS2_PLACEMENT_3D('',#7861,#6208,#6209);
#5359=AXIS2_PLACEMENT_3D('',#7865,#6212,#6213);
#5360=AXIS2_PLACEMENT_3D('',#7869,#6216,#6217);
#5361=AXIS2_PLACEMENT_3D('',#7872,#6219,#6220);
#5362=AXIS2_PLACEMENT_3D('',#7873,#6221,#6222);
#5363=AXIS2_PLACEMENT_3D('',#7876,#6224,#6225);
#5364=AXIS2_PLACEMENT_3D('',#7877,#6226,#6227);
#5365=AXIS2_PLACEMENT_3D('',#7880,#6229,#6230);
#5366=AXIS2_PLACEMENT_3D('',#7881,#6231,#6232);
#5367=AXIS2_PLACEMENT_3D('',#7884,#6234,#6235);
#5368=AXIS2_PLACEMENT_3D('',#7885,#6236,#6237);
#5369=AXIS2_PLACEMENT_3D('',#7891,#6241,#6242);
#5370=AXIS2_PLACEMENT_3D('',#7894,#6244,#6245);
#5371=AXIS2_PLACEMENT_3D('',#7895,#6246,#6247);
#5372=AXIS2_PLACEMENT_3D('',#7899,#6250,#6251);
#5373=AXIS2_PLACEMENT_3D('',#7905,#6255,#6256);
#5374=AXIS2_PLACEMENT_3D('',#7908,#6258,#6259);
#5375=AXIS2_PLACEMENT_3D('',#7909,#6260,#6261);
#5376=AXIS2_PLACEMENT_3D('',#7913,#6264,#6265);
#5377=AXIS2_PLACEMENT_3D('',#7919,#6269,#6270);
#5378=AXIS2_PLACEMENT_3D('',#7922,#6272,#6273);
#5379=AXIS2_PLACEMENT_3D('',#7923,#6274,#6275);
#5380=AXIS2_PLACEMENT_3D('',#7927,#6278,#6279);
#5381=AXIS2_PLACEMENT_3D('',#7933,#6283,#6284);
#5382=AXIS2_PLACEMENT_3D('',#7936,#6286,#6287);
#5383=AXIS2_PLACEMENT_3D('',#7937,#6288,#6289);
#5384=AXIS2_PLACEMENT_3D('',#7941,#6292,#6293);
#5385=AXIS2_PLACEMENT_3D('',#7943,#6295,#6296);
#5386=AXIS2_PLACEMENT_3D('',#7945,#6298,#6299);
#5387=AXIS2_PLACEMENT_3D('',#7947,#6301,#6302);
#5388=AXIS2_PLACEMENT_3D('',#7949,#6304,#6305);
#5389=AXIS2_PLACEMENT_3D('',#7955,#6309,#6310);
#5390=AXIS2_PLACEMENT_3D('',#7959,#6313,#6314);
#5391=AXIS2_PLACEMENT_3D('',#7963,#6317,#6318);
#5392=AXIS2_PLACEMENT_3D('',#7965,#6320,#6321);
#5393=AXIS2_PLACEMENT_3D('',#7966,#6322,#6323);
#5394=AXIS2_PLACEMENT_3D('',#7969,#6324,#6325);
#5395=AXIS2_PLACEMENT_3D('',#7973,#6327,#6328);
#5396=AXIS2_PLACEMENT_3D('',#7975,#6330,#6331);
#5397=AXIS2_PLACEMENT_3D('',#7979,#6333,#6334);
#5398=AXIS2_PLACEMENT_3D('',#7983,#6336,#6337);
#5399=AXIS2_PLACEMENT_3D('',#7987,#6339,#6340);
#5400=AXIS2_PLACEMENT_3D('',#7991,#6342,#6343);
#5401=AXIS2_PLACEMENT_3D('',#8001,#6348,#6349);
#5402=AXIS2_PLACEMENT_3D('',#8009,#6353,#6354);
#5403=AXIS2_PLACEMENT_3D('',#8013,#6356,#6357);
#5404=AXIS2_PLACEMENT_3D('',#8017,#6359,#6360);
#5405=AXIS2_PLACEMENT_3D('',#8021,#6362,#6363);
#5406=AXIS2_PLACEMENT_3D('',#8029,#6367,#6368);
#5407=AXIS2_PLACEMENT_3D('',#8033,#6370,#6371);
#5408=AXIS2_PLACEMENT_3D('',#8035,#6373,#6374);
#5409=AXIS2_PLACEMENT_3D('',#8039,#6377,#6378);
#5410=AXIS2_PLACEMENT_3D('',#8041,#6379,#6380);
#5411=AXIS2_PLACEMENT_3D('',#8043,#6382,#6383);
#5412=AXIS2_PLACEMENT_3D('',#8046,#6384,#6385);
#5413=AXIS2_PLACEMENT_3D('',#8049,#6388,#6389);
#5414=AXIS2_PLACEMENT_3D('',#8053,#6392,#6393);
#5415=AXIS2_PLACEMENT_3D('',#8057,#6395,#6396);
#5416=AXIS2_PLACEMENT_3D('',#8059,#6398,#6399);
#5417=AXIS2_PLACEMENT_3D('',#8063,#6402,#6403);
#5418=AXIS2_PLACEMENT_3D('',#8064,#6404,#6405);
#5419=AXIS2_PLACEMENT_3D('',#8065,#6406,#6407);
#5420=AXIS2_PLACEMENT_3D('',#8068,#6408,#6409);
#5421=AXIS2_PLACEMENT_3D('',#8072,#6411,#6412);
#5422=AXIS2_PLACEMENT_3D('',#8074,#6414,#6415);
#5423=AXIS2_PLACEMENT_3D('',#8080,#6419,#6420);
#5424=AXIS2_PLACEMENT_3D('',#8084,#6422,#6423);
#5425=AXIS2_PLACEMENT_3D('',#8088,#6425,#6426);
#5426=AXIS2_PLACEMENT_3D('',#8096,#6430,#6431);
#5427=AXIS2_PLACEMENT_3D('',#8100,#6433,#6434);
#5428=AXIS2_PLACEMENT_3D('',#8104,#6436,#6437);
#5429=AXIS2_PLACEMENT_3D('',#8108,#6439,#6440);
#5430=AXIS2_PLACEMENT_3D('',#8116,#6444,#6445);
#5431=AXIS2_PLACEMENT_3D('',#8126,#6450,#6451);
#5432=AXIS2_PLACEMENT_3D('',#8130,#6453,#6454);
#5433=AXIS2_PLACEMENT_3D('',#8134,#6456,#6457);
#5434=AXIS2_PLACEMENT_3D('',#8137,#6459,#6460);
#5435=AXIS2_PLACEMENT_3D('',#8138,#6461,#6462);
#5436=AXIS2_PLACEMENT_3D('',#8142,#6464,#6465);
#5437=AXIS2_PLACEMENT_3D('',#8144,#6467,#6468);
#5438=AXIS2_PLACEMENT_3D('',#8146,#6469,#6470);
#5439=AXIS2_PLACEMENT_3D('',#8154,#6475,#6476);
#5440=AXIS2_PLACEMENT_3D('',#8158,#6478,#6479);
#5441=AXIS2_PLACEMENT_3D('',#8160,#6481,#6482);
#5442=AXIS2_PLACEMENT_3D('',#8162,#6484,#6485);
#5443=AXIS2_PLACEMENT_3D('',#8165,#6486,#6487);
#5444=AXIS2_PLACEMENT_3D('',#8168,#6490,#6491);
#5445=AXIS2_PLACEMENT_3D('',#8170,#6493,#6494);
#5446=AXIS2_PLACEMENT_3D('',#8172,#6495,#6496);
#5447=AXIS2_PLACEMENT_3D('',#8174,#6498,#6499);
#5448=AXIS2_PLACEMENT_3D('',#8183,#6504,#6505);
#5449=AXIS2_PLACEMENT_3D('',#8191,#6509,#6510);
#5450=AXIS2_PLACEMENT_3D('',#8195,#6512,#6513);
#5451=AXIS2_PLACEMENT_3D('',#8199,#6515,#6516);
#5452=AXIS2_PLACEMENT_3D('',#8203,#6518,#6519);
#5453=AXIS2_PLACEMENT_3D('',#8211,#6523,#6524);
#5454=AXIS2_PLACEMENT_3D('',#8215,#6526,#6527);
#5455=AXIS2_PLACEMENT_3D('',#8217,#6529,#6530);
#5456=AXIS2_PLACEMENT_3D('',#8219,#6531,#6532);
#5457=AXIS2_PLACEMENT_3D('',#8221,#6534,#6535);
#5458=AXIS2_PLACEMENT_3D('',#8223,#6536,#6537);
#5459=AXIS2_PLACEMENT_3D('',#8234,#6544,#6545);
#5460=AXIS2_PLACEMENT_3D('',#8236,#6546,#6547);
#5461=AXIS2_PLACEMENT_3D('',#8239,#6549,#6550);
#5462=AXIS2_PLACEMENT_3D('',#8240,#6551,#6552);
#5463=AXIS2_PLACEMENT_3D('',#8255,#6560,#6561);
#5464=AXIS2_PLACEMENT_3D('',#8256,#6562,#6563);
#5465=AXIS2_PLACEMENT_3D('',#8259,#6564,#6565);
#5466=AXIS2_PLACEMENT_3D('',#8263,#6567,#6568);
#5467=AXIS2_PLACEMENT_3D('',#8265,#6570,#6571);
#5468=AXIS2_PLACEMENT_3D('',#8271,#6575,#6576);
#5469=AXIS2_PLACEMENT_3D('',#8278,#6580,#6581);
#5470=AXIS2_PLACEMENT_3D('',#8279,#6582,#6583);
#5471=AXIS2_PLACEMENT_3D('',#8281,#6584,#6585);
#5472=AXIS2_PLACEMENT_3D('',#8283,#6587,#6588);
#5473=AXIS2_PLACEMENT_3D('',#8287,#6590,#6591);
#5474=AXIS2_PLACEMENT_3D('',#8294,#6595,#6596);
#5475=AXIS2_PLACEMENT_3D('',#8298,#6598,#6599);
#5476=AXIS2_PLACEMENT_3D('',#8302,#6602,#6603);
#5477=AXIS2_PLACEMENT_3D('',#8305,#6604,#6605);
#5478=AXIS2_PLACEMENT_3D('',#8308,#6608,#6609);
#5479=AXIS2_PLACEMENT_3D('',#8310,#6611,#6612);
#5480=AXIS2_PLACEMENT_3D('',#8314,#6615,#6616);
#5481=AXIS2_PLACEMENT_3D('',#8318,#6619,#6620);
#5482=AXIS2_PLACEMENT_3D('',#8320,#6621,#6622);
#5483=AXIS2_PLACEMENT_3D('',#8322,#6624,#6625);
#5484=AXIS2_PLACEMENT_3D('',#8326,#6628,#6629);
#5485=AXIS2_PLACEMENT_3D('',#8328,#6630,#6631);
#5486=AXIS2_PLACEMENT_3D('',#8330,#6633,#6634);
#5487=AXIS2_PLACEMENT_3D('',#8332,#6636,#6637);
#5488=AXIS2_PLACEMENT_3D('',#8336,#6639,#6640);
#5489=AXIS2_PLACEMENT_3D('',#8341,#6641,#6642);
#5490=AXIS2_PLACEMENT_3D('',#8345,#6644,#6645);
#5491=AXIS2_PLACEMENT_3D('',#8347,#6646,#6647);
#5492=AXIS2_PLACEMENT_3D('',#8349,#6649,#6650);
#5493=AXIS2_PLACEMENT_3D('',#8358,#6655,#6656);
#5494=AXIS2_PLACEMENT_3D('',#8361,#6659,#6660);
#5495=AXIS2_PLACEMENT_3D('',#8366,#6664,#6665);
#5496=AXIS2_PLACEMENT_3D('',#8368,#6667,#6668);
#5497=AXIS2_PLACEMENT_3D('',#8370,#6670,#6671);
#5498=AXIS2_PLACEMENT_3D('',#8374,#6674,#6675);
#5499=AXIS2_PLACEMENT_3D('',#8376,#6676,#6677);
#5500=AXIS2_PLACEMENT_3D('',#8378,#6679,#6680);
#5501=AXIS2_PLACEMENT_3D('',#8382,#6683,#6684);
#5502=AXIS2_PLACEMENT_3D('',#8384,#6685,#6686);
#5503=AXIS2_PLACEMENT_3D('',#8386,#6688,#6689);
#5504=AXIS2_PLACEMENT_3D('',#8388,#6691,#6692);
#5505=AXIS2_PLACEMENT_3D('',#8390,#6693,#6694);
#5506=AXIS2_PLACEMENT_3D('',#8392,#6696,#6697);
#5507=AXIS2_PLACEMENT_3D('',#8396,#6700,#6701);
#5508=AXIS2_PLACEMENT_3D('',#8398,#6702,#6703);
#5509=AXIS2_PLACEMENT_3D('',#8400,#6705,#6706);
#5510=AXIS2_PLACEMENT_3D('',#8404,#6709,#6710);
#5511=AXIS2_PLACEMENT_3D('',#8406,#6711,#6712);
#5512=AXIS2_PLACEMENT_3D('',#8408,#6714,#6715);
#5513=AXIS2_PLACEMENT_3D('',#8412,#6718,#6719);
#5514=AXIS2_PLACEMENT_3D('',#8414,#6720,#6721);
#5515=AXIS2_PLACEMENT_3D('',#8416,#6723,#6724);
#5516=AXIS2_PLACEMENT_3D('',#8420,#6727,#6728);
#5517=AXIS2_PLACEMENT_3D('',#8424,#6731,#6732);
#5518=AXIS2_PLACEMENT_3D('',#8426,#6734,#6735);
#5519=AXIS2_PLACEMENT_3D('',#8428,#6737,#6738);
#5520=AXIS2_PLACEMENT_3D('',#8429,#6739,#6740);
#5521=AXIS2_PLACEMENT_3D('',#8433,#6743,#6744);
#5522=AXIS2_PLACEMENT_3D('',#8447,#6752,#6753);
#5523=AXIS2_PLACEMENT_3D('',#8449,#6754,#6755);
#5524=AXIS2_PLACEMENT_3D('',#8451,#6756,#6757);
#5525=AXIS2_PLACEMENT_3D('',#8453,#6758,#6759);
#5526=AXIS2_PLACEMENT_3D('',#8455,#6760,#6761);
#5527=AXIS2_PLACEMENT_3D('',#8456,#6762,#6763);
#5528=AXIS2_PLACEMENT_3D('',#8470,#6771,#6772);
#5529=AXIS2_PLACEMENT_3D('',#8472,#6773,#6774);
#5530=AXIS2_PLACEMENT_3D('',#8474,#6775,#6776);
#5531=AXIS2_PLACEMENT_3D('',#8476,#6777,#6778);
#5532=AXIS2_PLACEMENT_3D('',#8478,#6779,#6780);
#5533=AXIS2_PLACEMENT_3D('',#8479,#6781,#6782);
#5534=AXIS2_PLACEMENT_3D('',#8481,#6784,#6785);
#5535=AXIS2_PLACEMENT_3D('',#8484,#6786,#6787);
#5536=AXIS2_PLACEMENT_3D('',#8488,#6789,#6790);
#5537=AXIS2_PLACEMENT_3D('',#8490,#6792,#6793);
#5538=AXIS2_PLACEMENT_3D('',#8494,#6795,#6796);
#5539=AXIS2_PLACEMENT_3D('',#8500,#6800,#6801);
#5540=AXIS2_PLACEMENT_3D('',#8504,#6804,#6805);
#5541=AXIS2_PLACEMENT_3D('',#8506,#6806,#6807);
#5542=AXIS2_PLACEMENT_3D('',#8508,#6809,#6810);
#5543=AXIS2_PLACEMENT_3D('',#8511,#6811,#6812);
#5544=AXIS2_PLACEMENT_3D('',#8515,#6814,#6815);
#5545=AXIS2_PLACEMENT_3D('',#8517,#6817,#6818);
#5546=AXIS2_PLACEMENT_3D('',#8520,#6821,#6822);
#5547=AXIS2_PLACEMENT_3D('',#8526,#6826,#6827);
#5548=AXIS2_PLACEMENT_3D('',#8532,#6831,#6832);
#5549=AXIS2_PLACEMENT_3D('',#8534,#6833,#6834);
#5550=AXIS2_PLACEMENT_3D('',#8537,#6836,#6837);
#5551=AXIS2_PLACEMENT_3D('',#8538,#6838,#6839);
#5552=AXIS2_PLACEMENT_3D('',#8544,#6843,#6844);
#5553=AXIS2_PLACEMENT_3D('',#8545,#6845,#6846);
#5554=AXIS2_PLACEMENT_3D('',#8546,#6847,#6848);
#5555=AXIS2_PLACEMENT_3D('',#8547,#6849,#6850);
#5556=AXIS2_PLACEMENT_3D('',#8550,#6853,#6854);
#5557=AXIS2_PLACEMENT_3D('',#8557,#6855,#6856);
#5558=AXIS2_PLACEMENT_3D('',#8559,#6858,#6859);
#5559=AXIS2_PLACEMENT_3D('',#8567,#6864,#6865);
#5560=AXIS2_PLACEMENT_3D('',#8571,#6868,#6869);
#5561=AXIS2_PLACEMENT_3D('',#8573,#6871,#6872);
#5562=AXIS2_PLACEMENT_3D('',#8574,#6873,#6874);
#5563=AXIS2_PLACEMENT_3D('',#8578,#6877,#6878);
#5564=AXIS2_PLACEMENT_3D('',#8582,#6881,#6882);
#5565=AXIS2_PLACEMENT_3D('',#8584,#6884,#6885);
#5566=AXIS2_PLACEMENT_3D('',#8585,#6886,#6887);
#5567=AXIS2_PLACEMENT_3D('',#8586,#6888,#6889);
#5568=AXIS2_PLACEMENT_3D('',#8588,#6891,#6892);
#5569=AXIS2_PLACEMENT_3D('',#8590,#6894,#6895);
#5570=AXIS2_PLACEMENT_3D('',#8592,#6897,#6898);
#5571=AXIS2_PLACEMENT_3D('',#8594,#6900,#6901);
#5572=AXIS2_PLACEMENT_3D('',#8595,#6902,#6903);
#5573=AXIS2_PLACEMENT_3D('',#8597,#6905,#6906);
#5574=AXIS2_PLACEMENT_3D('',#8599,#6908,#6909);
#5575=AXIS2_PLACEMENT_3D('',#8601,#6911,#6912);
#5576=AXIS2_PLACEMENT_3D('',#8603,#6914,#6915);
#5577=AXIS2_PLACEMENT_3D('',#8605,#6917,#6918);
#5578=AXIS2_PLACEMENT_3D('',#8607,#6920,#6921);
#5579=AXIS2_PLACEMENT_3D('',#8609,#6923,#6924);
#5580=AXIS2_PLACEMENT_3D('',#8611,#6926,#6927);
#5581=AXIS2_PLACEMENT_3D('',#8613,#6929,#6930);
#5582=AXIS2_PLACEMENT_3D('',#8615,#6932,#6933);
#5583=AXIS2_PLACEMENT_3D('',#8616,#6934,#6935);
#5584=AXIS2_PLACEMENT_3D('',#8618,#6937,#6938);
#5585=AXIS2_PLACEMENT_3D('',#8620,#6940,#6941);
#5586=AXIS2_PLACEMENT_3D('',#8622,#6943,#6944);
#5587=AXIS2_PLACEMENT_3D('',#8624,#6946,#6947);
#5588=AXIS2_PLACEMENT_3D('',#8626,#6949,#6950);
#5589=AXIS2_PLACEMENT_3D('',#8628,#6952,#6953);
#5590=AXIS2_PLACEMENT_3D('',#8630,#6955,#6956);
#5591=AXIS2_PLACEMENT_3D('',#8632,#6958,#6959);
#5592=AXIS2_PLACEMENT_3D('',#8633,#6960,#6961);
#5593=AXIS2_PLACEMENT_3D('',#8635,#6963,#6964);
#5594=AXIS2_PLACEMENT_3D('',#8636,#6965,#6966);
#5595=AXIS2_PLACEMENT_3D('',#8638,#6967,#6968);
#5596=AXIS2_PLACEMENT_3D('',#8640,#6969,#6970);
#5597=AXIS2_PLACEMENT_3D('',#8641,#6971,#6972);
#5598=AXIS2_PLACEMENT_3D('',#8642,#6973,#6974);
#5599=AXIS2_PLACEMENT_3D('',#8645,#6976,#6977);
#5600=AXIS2_PLACEMENT_3D('',#8646,#6978,#6979);
#5601=AXIS2_PLACEMENT_3D('',#8676,#6980,#6981);
#5602=AXIS2_PLACEMENT_3D('',#8677,#6982,#6983);
#5603=AXIS2_PLACEMENT_3D('',#8678,#6984,#6985);
#5604=AXIS2_PLACEMENT_3D('',#8681,#6986,#6987);
#5605=AXIS2_PLACEMENT_3D('',#8685,#6989,#6990);
#5606=AXIS2_PLACEMENT_3D('',#8687,#6992,#6993);
#5607=AXIS2_PLACEMENT_3D('',#8693,#6997,#6998);
#5608=AXIS2_PLACEMENT_3D('',#8695,#6999,#7000);
#5609=AXIS2_PLACEMENT_3D('',#8697,#7001,#7002);
#5610=AXIS2_PLACEMENT_3D('',#8699,#7004,#7005);
#5611=AXIS2_PLACEMENT_3D('',#8702,#7008,#7009);
#5612=AXIS2_PLACEMENT_3D('',#8703,#7010,#7011);
#5613=AXIS2_PLACEMENT_3D('',#8706,#7012,#7013);
#5614=AXIS2_PLACEMENT_3D('',#8710,#7015,#7016);
#5615=AXIS2_PLACEMENT_3D('',#8712,#7018,#7019);
#5616=AXIS2_PLACEMENT_3D('',#8718,#7023,#7024);
#5617=AXIS2_PLACEMENT_3D('',#8720,#7025,#7026);
#5618=AXIS2_PLACEMENT_3D('',#8722,#7027,#7028);
#5619=AXIS2_PLACEMENT_3D('',#8724,#7030,#7031);
#5620=AXIS2_PLACEMENT_3D('',#8727,#7034,#7035);
#5621=AXIS2_PLACEMENT_3D('',#8728,#7036,#7037);
#5622=AXIS2_PLACEMENT_3D('',#8731,#7038,#7039);
#5623=AXIS2_PLACEMENT_3D('',#8735,#7041,#7042);
#5624=AXIS2_PLACEMENT_3D('',#8737,#7044,#7045);
#5625=AXIS2_PLACEMENT_3D('',#8743,#7049,#7050);
#5626=AXIS2_PLACEMENT_3D('',#8745,#7051,#7052);
#5627=AXIS2_PLACEMENT_3D('',#8747,#7053,#7054);
#5628=AXIS2_PLACEMENT_3D('',#8749,#7056,#7057);
#5629=AXIS2_PLACEMENT_3D('',#8752,#7060,#7061);
#5630=AXIS2_PLACEMENT_3D('',#8753,#7062,#7063);
#5631=AXIS2_PLACEMENT_3D('',#8756,#7064,#7065);
#5632=AXIS2_PLACEMENT_3D('',#8760,#7067,#7068);
#5633=AXIS2_PLACEMENT_3D('',#8762,#7070,#7071);
#5634=AXIS2_PLACEMENT_3D('',#8768,#7075,#7076);
#5635=AXIS2_PLACEMENT_3D('',#8770,#7077,#7078);
#5636=AXIS2_PLACEMENT_3D('',#8772,#7079,#7080);
#5637=AXIS2_PLACEMENT_3D('',#8774,#7082,#7083);
#5638=AXIS2_PLACEMENT_3D('',#8777,#7086,#7087);
#5639=AXIS2_PLACEMENT_3D('',#8778,#7088,#7089);
#5640=AXIS2_PLACEMENT_3D('',#8780,#7090,#7091);
#5641=AXIS2_PLACEMENT_3D('',#8783,#7093,#7094);
#5642=AXIS2_PLACEMENT_3D('',#8784,#7095,#7096);
#5643=AXIS2_PLACEMENT_3D('',#8785,#7097,#7098);
#5644=DIRECTION('axis',(0.,0.,1.));
#5645=DIRECTION('refdir',(1.,0.,0.));
#5646=DIRECTION('center_axis',(0.,0.,-1.));
#5647=DIRECTION('ref_axis',(-1.,0.,0.));
#5648=DIRECTION('center_axis',(0.,0.,1.));
#5649=DIRECTION('ref_axis',(1.,0.,0.));
#5650=DIRECTION('center_axis',(0.,0.,1.));
#5651=DIRECTION('ref_axis',(1.,0.,0.));
#5652=DIRECTION('center_axis',(0.,0.,-1.));
#5653=DIRECTION('ref_axis',(-1.,0.,0.));
#5654=DIRECTION('center_axis',(0.,-1.,0.));
#5655=DIRECTION('ref_axis',(-1.,0.,0.));
#5656=DIRECTION('center_axis',(0.,0.,-1.));
#5657=DIRECTION('ref_axis',(-1.,0.,0.));
#5658=DIRECTION('center_axis',(0.,0.,1.));
#5659=DIRECTION('ref_axis',(1.,0.,0.));
#5660=DIRECTION('center_axis',(0.,0.,1.));
#5661=DIRECTION('ref_axis',(1.,0.,0.));
#5662=DIRECTION('center_axis',(0.,0.,-1.));
#5663=DIRECTION('ref_axis',(-1.,0.,0.));
#5664=DIRECTION('center_axis',(0.,-1.,0.));
#5665=DIRECTION('ref_axis',(-1.,0.,0.));
#5666=DIRECTION('center_axis',(0.,0.,-1.));
#5667=DIRECTION('ref_axis',(-1.,0.,0.));
#5668=DIRECTION('center_axis',(0.,0.,-1.));
#5669=DIRECTION('ref_axis',(-1.,0.,0.));
#5670=DIRECTION('center_axis',(0.,0.,-1.));
#5671=DIRECTION('ref_axis',(-1.,0.,0.));
#5672=DIRECTION('center_axis',(0.,0.,-1.));
#5673=DIRECTION('ref_axis',(-1.,0.,0.));
#5674=DIRECTION('center_axis',(0.,-1.,0.));
#5675=DIRECTION('ref_axis',(1.,0.,0.));
#5676=DIRECTION('center_axis',(0.,0.,-1.));
#5677=DIRECTION('ref_axis',(-1.,0.,0.));
#5678=DIRECTION('center_axis',(0.,0.,-1.));
#5679=DIRECTION('ref_axis',(-1.,0.,0.));
#5680=DIRECTION('center_axis',(0.,0.,-1.));
#5681=DIRECTION('ref_axis',(-1.,0.,0.));
#5682=DIRECTION('center_axis',(0.,0.,-1.));
#5683=DIRECTION('ref_axis',(-1.,0.,0.));
#5684=DIRECTION('center_axis',(0.,-1.,0.));
#5685=DIRECTION('ref_axis',(1.,0.,0.));
#5686=DIRECTION('center_axis',(0.148340452930243,-0.988936352868298,-4.117274658162E-16));
#5687=DIRECTION('ref_axis',(0.,4.16333634234429E-16,-1.));
#5688=DIRECTION('',(0.988936352868298,0.148340452930243,-1.51964001223974E-15));
#5689=DIRECTION('',(-1.87798919588335E-15,1.3463525485193E-16,-1.));
#5690=DIRECTION('',(-0.988936352868298,-0.148340452930243,1.51964001223974E-15));
#5691=DIRECTION('',(2.77555756156286E-15,-4.45696175365454E-30,1.));
#5692=DIRECTION('center_axis',(0.148340452930246,0.988936352868297,-4.11727465816209E-16));
#5693=DIRECTION('ref_axis',(0.,4.16333634234438E-16,1.));
#5694=DIRECTION('',(-0.988936352868297,0.148340452930246,1.51964001223974E-15));
#5695=DIRECTION('',(-2.77555756156292E-15,4.45696175365468E-30,-1.));
#5696=DIRECTION('',(0.988936352868297,-0.148340452930246,-1.51964001223974E-15));
#5697=DIRECTION('',(1.87798919588336E-15,1.34635254851931E-16,1.));
#5698=DIRECTION('center_axis',(0.148340452930246,0.988936352868297,-4.11727465816208E-16));
#5699=DIRECTION('ref_axis',(0.,4.16333634234437E-16,1.));
#5700=DIRECTION('',(-0.988936352868297,0.148340452930246,1.51964001223974E-15));
#5701=DIRECTION('',(-2.77555756156292E-15,4.45696175365468E-30,-1.));
#5702=DIRECTION('',(0.988936352868297,-0.148340452930246,-1.51964001223974E-15));
#5703=DIRECTION('',(1.87798919588335E-15,1.34635254851933E-16,1.));
#5704=DIRECTION('center_axis',(0.148340452930243,-0.988936352868298,-4.117274658162E-16));
#5705=DIRECTION('ref_axis',(0.,4.16333634234429E-16,-1.));
#5706=DIRECTION('',(0.988936352868298,0.148340452930243,-1.51964001223974E-15));
#5707=DIRECTION('',(-1.87798919588336E-15,1.34635254851928E-16,-1.));
#5708=DIRECTION('',(-0.988936352868298,-0.148340452930243,1.51964001223974E-15));
#5709=DIRECTION('',(2.77555756156286E-15,-4.45696175365454E-30,1.));
#5710=DIRECTION('center_axis',(-2.22044604925031E-15,-1.,1.70601406838454E-30));
#5711=DIRECTION('ref_axis',(1.53664086453309E-15,-1.70601406838454E-30,
1.));
#5712=DIRECTION('',(-1.,2.20782987851594E-15,1.54548091496116E-15));
#5713=DIRECTION('',(0.,-1.70601406838454E-30,-1.));
#5714=DIRECTION('',(1.,-2.03540887847945E-15,-1.53664086453309E-15));
#5715=DIRECTION('center_axis',(-2.22044604925031E-15,-1.,1.70601406838454E-30));
#5716=DIRECTION('ref_axis',(1.53664086453309E-15,-1.70601406838454E-30,
1.));
#5717=DIRECTION('',(1.,-2.40548322002117E-15,-1.53664086453309E-15));
#5718=DIRECTION('',(0.,-1.70601406838454E-30,-1.));
#5719=DIRECTION('',(-1.,2.40548322002117E-15,1.53664086453309E-15));
#5720=DIRECTION('center_axis',(-1.53664086453309E-15,1.70601406838454E-30,
-1.));
#5721=DIRECTION('ref_axis',(-1.,2.22044604925031E-15,1.53664086453309E-15));
#5722=DIRECTION('',(-2.22044604925031E-15,-1.,4.1086505480261E-30));
#5723=DIRECTION('',(0.,-1.,-1.70601406838454E-30));
#5724=DIRECTION('',(-1.,2.20782987851594E-15,1.54548091496116E-15));
#5725=DIRECTION('center_axis',(1.53664086453309E-15,-1.70601406838454E-30,
1.));
#5726=DIRECTION('ref_axis',(1.,-2.22044604925031E-15,-1.53664086453309E-15));
#5727=DIRECTION('',(-1.,2.40548322002117E-15,1.53664086453309E-15));
#5728=DIRECTION('',(0.,1.,1.70601406838454E-30));
#5729=DIRECTION('',(2.22044604925031E-15,1.,-4.1086505480261E-30));
#5730=DIRECTION('center_axis',(-1.53664086453309E-15,1.70601406838454E-30,
-1.));
#5731=DIRECTION('ref_axis',(1.,-2.22044604925031E-15,-1.53664086453309E-15));
#5732=DIRECTION('',(2.22044604925031E-15,1.,-4.1086505480261E-30));
#5733=DIRECTION('',(-1.,2.20782987851594E-15,1.54548091496116E-15));
#5734=DIRECTION('',(0.,1.,1.70601406838454E-30));
#5735=DIRECTION('center_axis',(1.,-2.55659033389163E-15,-1.87798919588336E-15));
#5736=DIRECTION('ref_axis',(-1.87798919588336E-15,0.,-1.));
#5737=DIRECTION('',(-2.22044604925031E-15,-1.,4.1086505480261E-30));
#5738=DIRECTION('center_axis',(1.,-2.55659033389162E-15,-1.87798919588335E-15));
#5739=DIRECTION('ref_axis',(-1.87798919588335E-15,0.,-1.));
#5740=DIRECTION('center_axis',(3.79463174551034E-32,1.60255264693844E-32,
-1.));
#5741=DIRECTION('ref_axis',(-1.,0.,0.));
#5742=DIRECTION('center_axis',(-1.36072061777779E-30,8.55229776710715E-32,
1.));
#5743=DIRECTION('ref_axis',(-1.,-3.35235311732518E-15,0.));
#5744=DIRECTION('center_axis',(-1.22219153989275E-16,-1.,-1.60255264693844E-32));
#5745=DIRECTION('ref_axis',(1.,-1.22219153989275E-16,0.));
#5746=DIRECTION('center_axis',(-3.79463174551034E-32,-1.60255264693844E-32,
1.));
#5747=DIRECTION('ref_axis',(-1.,-3.35235311732518E-15,-3.79463174551034E-32));
#5748=DIRECTION('center_axis',(-3.79463174551034E-32,-1.60255264693844E-32,
1.));
#5749=DIRECTION('ref_axis',(1.,0.,3.79463174551034E-32));
#5750=DIRECTION('',(-2.25613010187131E-14,1.,1.60255264693835E-32));
#5751=DIRECTION('',(-1.,-4.46209274758767E-15,-3.79463174551035E-32));
#5752=DIRECTION('',(-1.14246158891533E-14,-1.,-1.60255264693848E-32));
#5753=DIRECTION('center_axis',(3.79463174551034E-32,1.60255264693844E-32,
-1.));
#5754=DIRECTION('ref_axis',(1.,9.36750677027476E-16,3.79463174551034E-32));
#5755=DIRECTION('',(3.35186972296249E-15,-1.,-1.60255264693843E-32));
#5756=DIRECTION('',(1.,3.35186972296249E-15,3.79463174551034E-32));
#5757=DIRECTION('',(-3.84441924336625E-15,1.,1.60255264693842E-32));
#5758=DIRECTION('center_axis',(3.79463174551034E-32,1.60255264693844E-32,
-1.));
#5759=DIRECTION('ref_axis',(-1.,-6.31439345255558E-15,-3.79463174551035E-32));
#5760=DIRECTION('center_axis',(-2.25613010187131E-14,1.,1.60255264693835E-32));
#5761=DIRECTION('ref_axis',(-0.707106781186547,-1.57009245868377E-14,0.707106781186547));
#5762=DIRECTION('',(2.25613010187131E-14,-1.,-1.60255264693835E-32));
#5763=DIRECTION('center_axis',(0.707106781186557,-0.707106781186538,0.));
#5764=DIRECTION('ref_axis',(0.707106781186538,0.707106781186557,5.36641967871227E-32));
#5765=DIRECTION('center_axis',(3.79463174551034E-32,1.60255264693844E-32,
-1.));
#5766=DIRECTION('ref_axis',(-1.,0.,0.));
#5767=DIRECTION('center_axis',(-3.79463174551034E-32,-1.60255264693844E-32,
1.));
#5768=DIRECTION('ref_axis',(-1.,-6.31439345255558E-15,0.));
#5769=DIRECTION('center_axis',(-3.84441924336625E-15,1.,1.60255264693842E-32));
#5770=DIRECTION('ref_axis',(-0.707106781186547,0.,0.707106781186547));
#5771=DIRECTION('center_axis',(-0.707106781186544,-0.707106781186551,0.));
#5772=DIRECTION('ref_axis',(0.707106781186551,-0.707106781186543,-2.26635168771723E-32));
#5773=DIRECTION('',(3.84441924336625E-15,-1.,-1.60255264693842E-32));
#5774=DIRECTION('center_axis',(1.,3.35186972296249E-15,3.79463174551034E-32));
#5775=DIRECTION('ref_axis',(-2.94392336003208E-15,0.707106781186547,0.707106781186547));
#5776=DIRECTION('center_axis',(-0.70710678118655,0.707106781186545,0.));
#5777=DIRECTION('ref_axis',(-0.707106781186545,-0.70710678118655,-5.36641967871222E-32));
#5778=DIRECTION('',(-1.,-3.35186972296249E-15,-3.79463174551034E-32));
#5779=DIRECTION('center_axis',(3.35186972296249E-15,-1.,-1.60255264693843E-32));
#5780=DIRECTION('ref_axis',(0.707106781186547,3.92523114670943E-15,0.707106781186547));
#5781=DIRECTION('',(-3.35186972296249E-15,1.,1.60255264693843E-32));
#5782=DIRECTION('center_axis',(3.79463174551034E-32,1.60255264693844E-32,
-1.));
#5783=DIRECTION('ref_axis',(1.,4.11979478309732E-15,0.));
#5784=DIRECTION('center_axis',(-3.79463174551034E-32,-1.60255264693844E-32,
1.));
#5785=DIRECTION('ref_axis',(1.,9.36750677027476E-16,0.));
#5786=DIRECTION('center_axis',(-1.14246158891533E-14,-1.,-1.60255264693848E-32));
#5787=DIRECTION('ref_axis',(0.707106781186547,-7.85046229341887E-15,0.707106781186547));
#5788=DIRECTION('center_axis',(0.707106781186548,0.707106781186548,0.));
#5789=DIRECTION('ref_axis',(-0.707106781186547,0.707106781186547,2.26635168771733E-32));
#5790=DIRECTION('',(1.14246158891533E-14,1.,1.60255264693848E-32));
#5791=DIRECTION('center_axis',(-1.,-4.46209274758767E-15,-3.79463174551035E-32));
#5792=DIRECTION('ref_axis',(2.94392336003208E-15,-0.707106781186547,0.707106781186547));
#5793=DIRECTION('',(1.,4.46209274758767E-15,3.79463174551035E-32));
#5794=DIRECTION('center_axis',(0.,0.,1.));
#5795=DIRECTION('ref_axis',(-0.249999999999999,0.968245836551855,0.));
#5796=DIRECTION('',(0.,0.,1.));
#5797=DIRECTION('center_axis',(0.,0.,-1.));
#5798=DIRECTION('ref_axis',(-0.249999999999999,0.968245836551855,0.));
#5799=DIRECTION('',(0.,0.,1.));
#5800=DIRECTION('center_axis',(1.,-1.14246158891533E-14,0.));
#5801=DIRECTION('ref_axis',(0.,0.,-1.));
#5802=DIRECTION('',(0.,0.,1.));
#5803=DIRECTION('',(-1.14246158891533E-14,-1.,0.));
#5804=DIRECTION('center_axis',(4.46209274758767E-15,-1.,0.));
#5805=DIRECTION('ref_axis',(0.,0.,-1.));
#5806=DIRECTION('',(0.,0.,1.));
#5807=DIRECTION('',(-1.,-4.46209274758767E-15,0.));
#5808=DIRECTION('center_axis',(-1.,-2.25613010187131E-14,0.));
#5809=DIRECTION('ref_axis',(0.,0.,1.));
#5810=DIRECTION('',(0.,0.,1.));
#5811=DIRECTION('',(-2.25613010187131E-14,1.,0.));
#5812=DIRECTION('center_axis',(3.12443125401759E-15,1.,-8.55229776710673E-32));
#5813=DIRECTION('ref_axis',(0.707106781186547,-1.96261557335472E-15,-0.707106781186547));
#5814=DIRECTION('',(-3.12443125401759E-15,-1.,-1.59695683614155E-32));
#5815=DIRECTION('center_axis',(0.707106781186546,0.707106781186549,0.));
#5816=DIRECTION('ref_axis',(0.707106781186549,-0.707106781186546,1.20947754916955E-31));
#5817=DIRECTION('',(-3.12443125401759E-15,-1.,8.55229776710673E-32));
#5818=DIRECTION('center_axis',(0.707106781186542,-0.707106781186553,1.96261557335473E-15));
#5819=DIRECTION('ref_axis',(-0.707106781186553,-0.707106781186542,-1.96261557335475E-15));
#5820=DIRECTION('center_axis',(-1.,2.19924540016329E-15,-1.36072061777779E-30));
#5821=DIRECTION('ref_axis',(0.,0.707106781186547,-0.707106781186547));
#5822=DIRECTION('',(1.,-2.19924540016329E-15,-1.1222135078937E-29));
#5823=DIRECTION('',(1.,-2.19924540016329E-15,1.36072061777779E-30));
#5824=DIRECTION('center_axis',(-0.707106781186545,-0.70710678118655,0.));
#5825=DIRECTION('ref_axis',(-0.70710678118655,0.707106781186545,-1.20947754916956E-31));
#5826=DIRECTION('center_axis',(1.,-3.30946842478845E-15,1.36072061777779E-30));
#5827=DIRECTION('ref_axis',(0.,-0.707106781186547,-0.707106781186547));
#5828=DIRECTION('',(-1.,3.30946842478845E-15,1.1222135078937E-29));
#5829=DIRECTION('center_axis',(0.707106781186542,-0.707106781186553,0.));
#5830=DIRECTION('ref_axis',(-0.707106781186554,-0.707106781186542,-1.92434955226203E-30));
#5831=DIRECTION('',(-1.,3.30946842478845E-15,-1.36072061777779E-30));
#5832=DIRECTION('center_axis',(-3.12443125401759E-15,-1.,8.55229776710673E-32));
#5833=DIRECTION('ref_axis',(-0.707106781186547,3.92523114670943E-15,-0.707106781186547));
#5834=DIRECTION('',(3.12443125401759E-15,1.,1.59695683614155E-32));
#5835=DIRECTION('',(3.12443125401759E-15,1.,-8.55229776710673E-32));
#5836=DIRECTION('center_axis',(-1.36072061777779E-30,8.55229776710715E-32,
1.));
#5837=DIRECTION('ref_axis',(1.,0.,1.36072061777779E-30));
#5838=DIRECTION('',(1.,4.41939186202514E-15,1.36072061777779E-30));
#5839=DIRECTION('',(-4.1088399670251E-15,1.,-8.55229776710771E-32));
#5840=DIRECTION('',(-1.,-4.20588743421261E-15,-1.36072061777779E-30));
#5841=DIRECTION('',(4.1088399670251E-15,-1.,0.));
#5842=DIRECTION('center_axis',(-1.,-4.20588743421261E-15,-1.36072061777779E-30));
#5843=DIRECTION('ref_axis',(0.,-0.707106781186547,0.707106781186547));
#5844=DIRECTION('center_axis',(-1.,-4.1088399670251E-15,0.));
#5845=DIRECTION('ref_axis',(0.,-0.707106781186547,0.707106781186547));
#5846=DIRECTION('center_axis',(0.707106781186546,-0.707106781186549,0.));
#5847=DIRECTION('ref_axis',(0.707106781186549,0.707106781186546,1.92434955226203E-30));
#5848=DIRECTION('',(1.,4.20588743421261E-15,1.36072061777779E-30));
#5849=DIRECTION('center_axis',(-4.1088399670251E-15,1.,-8.55229776710771E-32));
#5850=DIRECTION('ref_axis',(-0.707106781186547,0.,0.707106781186547));
#5851=DIRECTION('center_axis',(-0.707106781186549,-0.707106781186546,-3.92523114670942E-15));
#5852=DIRECTION('ref_axis',(0.707106781186546,-0.707106781186549,3.92523114670937E-15));
#5853=DIRECTION('',(4.1088399670251E-15,-1.,8.55229776710771E-32));
#5854=DIRECTION('center_axis',(1.,4.41939186202514E-15,1.36072061777779E-30));
#5855=DIRECTION('ref_axis',(0.,0.707106781186547,0.707106781186547));
#5856=DIRECTION('center_axis',(-1.,-4.1088399670251E-15,0.));
#5857=DIRECTION('ref_axis',(0.,0.707106781186547,0.707106781186547));
#5858=DIRECTION('',(-1.,-4.41939186202514E-15,-1.36072061777779E-30));
#5859=DIRECTION('center_axis',(1.,3.35186972296249E-15,-5.71502659466671E-31));
#5860=DIRECTION('ref_axis',(0.,0.707106781186547,0.707106781186547));
#5861=DIRECTION('center_axis',(-1.,0.,0.));
#5862=DIRECTION('ref_axis',(0.,0.707106781186547,0.707106781186547));
#5863=DIRECTION('',(1.,3.35186972296249E-15,-5.71502659466671E-31));
#5864=DIRECTION('center_axis',(-0.707106781186549,0.707106781186546,-7.85046229341889E-15));
#5865=DIRECTION('ref_axis',(-0.707106781186545,-0.70710678118655,7.85046229341888E-15));
#5866=DIRECTION('',(-1.,-3.35186972296249E-15,5.71502659466671E-31));
#5867=DIRECTION('center_axis',(3.54111228397815E-15,-1.,9.02742542083563E-32));
#5868=DIRECTION('ref_axis',(0.707106781186547,7.85046229341887E-15,0.707106781186547));
#5869=DIRECTION('',(3.54111228397815E-15,-1.,9.02742542083563E-32));
#5870=DIRECTION('center_axis',(0.707106781186549,0.707106781186546,7.85046229341885E-15));
#5871=DIRECTION('ref_axis',(-0.707106781186545,0.707106781186549,-7.85046229341875E-15));
#5872=DIRECTION('',(-3.54111228397815E-15,1.,-9.02742542083563E-32));
#5873=DIRECTION('center_axis',(-1.,-3.35186972296249E-15,5.71502659466671E-31));
#5874=DIRECTION('ref_axis',(0.,-0.707106781186547,0.707106781186547));
#5875=DIRECTION('',(-1.,-3.35186972296249E-15,5.71502659466671E-31));
#5876=DIRECTION('center_axis',(-1.,0.,0.));
#5877=DIRECTION('ref_axis',(0.,-0.707106781186547,0.707106781186547));
#5878=DIRECTION('',(1.,3.35186972296249E-15,-5.71502659466671E-31));
#5879=DIRECTION('center_axis',(-3.35186972296249E-15,1.,0.));
#5880=DIRECTION('ref_axis',(0.,0.,1.));
#5881=DIRECTION('',(0.,0.,1.));
#5882=DIRECTION('',(1.,3.35186972296249E-15,0.));
#5883=DIRECTION('',(0.,0.,-1.));
#5884=DIRECTION('center_axis',(1.,3.54111228397815E-15,0.));
#5885=DIRECTION('ref_axis',(0.,0.,-1.));
#5886=DIRECTION('',(0.,0.,1.));
#5887=DIRECTION('',(3.54111228397815E-15,-1.,0.));
#5888=DIRECTION('center_axis',(3.35186972296249E-15,-1.,0.));
#5889=DIRECTION('ref_axis',(0.,0.,-1.));
#5890=DIRECTION('',(0.,0.,1.));
#5891=DIRECTION('',(-1.,-3.35186972296249E-15,0.));
#5892=DIRECTION('center_axis',(-1.,2.19924540016329E-15,1.1222135078937E-29));
#5893=DIRECTION('ref_axis',(0.,-0.707106781186547,0.707106781186547));
#5894=DIRECTION('',(-1.,2.19924540016329E-15,1.1222135078937E-29));
#5895=DIRECTION('center_axis',(0.707106781186547,-0.707106781186548,0.));
#5896=DIRECTION('ref_axis',(0.707106781186548,0.707106781186547,-1.58704956274156E-29));
#5897=DIRECTION('center_axis',(0.707106781186551,0.707106781186544,-1.96261557335471E-15));
#5898=DIRECTION('ref_axis',(-0.707106781186544,0.707106781186551,1.9626155733547E-15));
#5899=DIRECTION('center_axis',(3.12443125401759E-15,1.,1.59695683614155E-32));
#5900=DIRECTION('ref_axis',(-0.707106781186547,1.96261557335472E-15,0.707106781186547));
#5901=DIRECTION('',(3.12443125401759E-15,1.,1.59695683614155E-32));
#5902=DIRECTION('center_axis',(-0.707106781186553,-0.707106781186542,0.));
#5903=DIRECTION('ref_axis',(0.707106781186542,-0.707106781186554,-2.2584380161958E-32));
#5904=DIRECTION('center_axis',(1.,-3.30946842478845E-15,-1.1222135078937E-29));
#5905=DIRECTION('ref_axis',(0.,0.707106781186547,0.707106781186547));
#5906=DIRECTION('',(1.,-3.30946842478845E-15,-1.1222135078937E-29));
#5907=DIRECTION('center_axis',(-0.707106781186546,0.70710678118655,0.));
#5908=DIRECTION('ref_axis',(-0.70710678118655,-0.707106781186546,1.58704956274155E-29));
#5909=DIRECTION('center_axis',(-3.12443125401759E-15,-1.,-1.59695683614155E-32));
#5910=DIRECTION('ref_axis',(0.707106781186547,0.,0.707106781186547));
#5911=DIRECTION('',(-3.12443125401759E-15,-1.,-1.59695683614155E-32));
#5912=DIRECTION('center_axis',(1.1222135078937E-29,-1.59695683614506E-32,
1.));
#5913=DIRECTION('ref_axis',(1.,0.,-1.1222135078937E-29));
#5914=DIRECTION('center_axis',(1.36072061777779E-30,-8.55229776710715E-32,
-1.));
#5915=DIRECTION('ref_axis',(-1.,0.,0.));
#5916=DIRECTION('center_axis',(-1.21430643318376E-16,-1.,8.55229776710714E-32));
#5917=DIRECTION('ref_axis',(1.,-1.21430643318376E-16,0.));
#5918=DIRECTION('center_axis',(1.36072061777779E-30,-8.55229776710715E-32,
-1.));
#5919=DIRECTION('ref_axis',(-1.,-3.35235311732518E-15,-1.36072061777779E-30));
#5920=DIRECTION('center_axis',(1.36072061777779E-30,-8.55229776710715E-32,
-1.));
#5921=DIRECTION('ref_axis',(-1.,0.,-1.36072061777779E-30));
#5922=DIRECTION('center_axis',(-3.58316618642607E-15,1.,1.03802194349235E-31));
#5923=DIRECTION('ref_axis',(-0.707106781186547,-3.92523114670943E-15,0.707106781186547));
#5924=DIRECTION('',(-3.58316618642607E-15,1.,1.03802194349235E-31));
#5925=DIRECTION('center_axis',(-0.707106781186542,-0.707106781186553,0.));
#5926=DIRECTION('ref_axis',(0.707106781186553,-0.707106781186542,-1.46798471052777E-31));
#5927=DIRECTION('',(-3.58316618642607E-15,1.,-9.02742542083562E-32));
#5928=DIRECTION('center_axis',(0.707106781186549,-0.707106781186547,0.));
#5929=DIRECTION('ref_axis',(0.707106781186546,0.707106781186548,-1.60005816571484E-29));
#5930=DIRECTION('center_axis',(1.,3.90698123527507E-15,-1.13141197926988E-29));
#5931=DIRECTION('ref_axis',(0.,0.707106781186547,0.707106781186547));
#5932=DIRECTION('',(1.,3.90698123527507E-15,-1.13141197926988E-29));
#5933=DIRECTION('center_axis',(-0.707106781186548,0.707106781186548,0.));
#5934=DIRECTION('ref_axis',(-0.707106781186547,-0.707106781186547,1.60005816571484E-29));
#5935=DIRECTION('',(1.,3.90698123527507E-15,-5.71502659466671E-31));
#5936=DIRECTION('center_axis',(3.69881441815786E-15,-1.,-1.03802194349236E-31));
#5937=DIRECTION('ref_axis',(0.707106781186547,0.,0.707106781186547));
#5938=DIRECTION('',(3.69881441815786E-15,-1.,-1.03802194349236E-31));
#5939=DIRECTION('center_axis',(0.707106781186548,0.707106781186548,1.96261557335472E-15));
#5940=DIRECTION('ref_axis',(-0.707106781186547,0.707106781186547,-1.9626155733547E-15));
#5941=DIRECTION('',(3.69881441815786E-15,-1.,9.02742542083562E-32));
#5942=DIRECTION('center_axis',(-1.,-2.24164669833734E-15,1.13141197926988E-29));
#5943=DIRECTION('ref_axis',(0.,-0.707106781186547,0.707106781186547));
#5944=DIRECTION('',(-1.,-2.24164669833734E-15,1.13141197926988E-29));
#5945=DIRECTION('',(-1.,-2.24164669833734E-15,5.71502659466671E-31));
#5946=DIRECTION('center_axis',(1.13141197926988E-29,-1.03802194349194E-31,
1.));
#5947=DIRECTION('ref_axis',(1.,0.,-1.13141197926988E-29));
#5948=DIRECTION('center_axis',(-3.58316618642607E-15,1.,-9.02742542083562E-32));
#5949=DIRECTION('ref_axis',(0.70710678118654,3.92523114670939E-15,-0.707106781186555));
#5950=DIRECTION('center_axis',(0.707106781186548,0.707106781186548,0.));
#5951=DIRECTION('ref_axis',(0.707106781186548,-0.707106781186548,1.27667074634573E-31));
#5952=DIRECTION('',(3.58316618642607E-15,-1.,9.02742542083562E-32));
#5953=DIRECTION('center_axis',(0.707106781186549,-0.707106781186547,0.));
#5954=DIRECTION('ref_axis',(-0.707106781186547,-0.707106781186548,1.27667074634574E-31));
#5955=DIRECTION('center_axis',(1.,3.90698123527507E-15,-5.71502659466671E-31));
#5956=DIRECTION('ref_axis',(0.,-0.70710678118654,-0.707106781186555));
#5957=DIRECTION('center_axis',(0.707106781186549,-0.707106781186546,0.));
#5958=DIRECTION('ref_axis',(-0.707106781186546,-0.70710678118655,8.08226811950058E-31));
#5959=DIRECTION('',(-1.,-3.90698123527507E-15,5.71502659466671E-31));
#5960=DIRECTION('center_axis',(3.69881441815786E-15,-1.,9.02742542083562E-32));
#5961=DIRECTION('ref_axis',(-0.70710678118654,0.,-0.707106781186555));
#5962=DIRECTION('center_axis',(-0.707106781186548,-0.707106781186548,-1.9626155733547E-15));
#5963=DIRECTION('ref_axis',(-0.707106781186547,0.707106781186547,-1.96261557335468E-15));
#5964=DIRECTION('',(-3.69881441815786E-15,1.,-9.02742542083562E-32));
#5965=DIRECTION('center_axis',(-1.,-2.24164669833734E-15,5.71502659466671E-31));
#5966=DIRECTION('ref_axis',(0.,0.70710678118654,-0.707106781186555));
#5967=DIRECTION('',(1.,2.24164669833734E-15,-5.71502659466671E-31));
#5968=DIRECTION('center_axis',(5.71502659466671E-31,9.02742542083583E-32,
1.));
#5969=DIRECTION('ref_axis',(1.,0.,-5.71502659466671E-31));
#5970=DIRECTION('',(0.,1.,-9.02742542083583E-32));
#5971=DIRECTION('center_axis',(-1.,-4.1088399670251E-15,0.));
#5972=DIRECTION('ref_axis',(0.,0.,1.));
#5973=DIRECTION('',(0.,0.,1.));
#5974=DIRECTION('',(-4.1088399670251E-15,1.,0.));
#5975=DIRECTION('',(0.,0.,1.));
#5976=DIRECTION('center_axis',(-4.41939186202514E-15,1.,0.));
#5977=DIRECTION('ref_axis',(0.,0.,1.));
#5978=DIRECTION('',(0.,0.,1.));
#5979=DIRECTION('',(1.,4.41939186202514E-15,0.));
#5980=DIRECTION('center_axis',(1.,4.1088399670251E-15,0.));
#5981=DIRECTION('ref_axis',(0.,0.,-1.));
#5982=DIRECTION('',(0.,0.,1.));
#5983=DIRECTION('',(4.1088399670251E-15,-1.,0.));
#5984=DIRECTION('center_axis',(4.20588743421261E-15,-1.,0.));
#5985=DIRECTION('ref_axis',(0.,0.,-1.));
#5986=DIRECTION('',(-1.,-4.20588743421261E-15,0.));
#5987=DIRECTION('center_axis',(-3.35186972296249E-15,1.,0.));
#5988=DIRECTION('ref_axis',(0.,0.,1.));
#5989=DIRECTION('',(0.,0.,1.));
#5990=DIRECTION('',(1.,3.35186972296249E-15,0.));
#5991=DIRECTION('',(0.,0.,1.));
#5992=DIRECTION('center_axis',(1.,3.35186972296249E-15,0.));
#5993=DIRECTION('ref_axis',(0.,0.,-1.));
#5994=DIRECTION('',(3.35186972296249E-15,-1.,0.));
#5995=DIRECTION('center_axis',(0.,0.,1.));
#5996=DIRECTION('ref_axis',(0.250000000000003,-0.968245836551853,0.));
#5997=DIRECTION('',(0.,0.,1.));
#5998=DIRECTION('center_axis',(0.,0.,-1.));
#5999=DIRECTION('ref_axis',(0.250000000000003,-0.968245836551853,0.));
#6000=DIRECTION('center_axis',(-1.,-3.84441924336625E-15,0.));
#6001=DIRECTION('ref_axis',(0.,0.,1.));
#6002=DIRECTION('',(-3.84441924336625E-15,1.,0.));
#6003=DIRECTION('center_axis',(0.,0.,1.));
#6004=DIRECTION('ref_axis',(1.,0.,0.));
#6005=DIRECTION('',(0.,1.,0.));
#6006=DIRECTION('',(1.,0.,0.));
#6007=DIRECTION('center_axis',(0.,0.,1.));
#6008=DIRECTION('ref_axis',(0.871182233654849,0.490959790374068,0.));
#6009=DIRECTION('',(0.,-1.,0.));
#6010=DIRECTION('',(-1.,-1.85037170770859E-16,0.));
#6011=DIRECTION('',(0.,1.,0.));
#6012=DIRECTION('center_axis',(0.,0.,1.));
#6013=DIRECTION('ref_axis',(-0.502815111556033,0.864393986322726,0.));
#6014=DIRECTION('',(1.,0.,0.));
#6015=DIRECTION('',(7.40148683083438E-16,-1.,0.));
#6016=DIRECTION('',(-1.,0.,0.));
#6017=DIRECTION('center_axis',(0.,0.,1.));
#6018=DIRECTION('ref_axis',(-0.836362058192583,-0.548177441724727,0.));
#6019=DIRECTION('',(0.,1.,0.));
#6020=DIRECTION('',(1.,1.85037170770859E-16,0.));
#6021=DIRECTION('',(0.,-1.,0.));
#6022=DIRECTION('center_axis',(0.,0.,1.));
#6023=DIRECTION('ref_axis',(0.536322120542761,-0.844013378458254,0.));
#6024=DIRECTION('',(-1.,0.,0.));
#6025=DIRECTION('',(0.,1.,0.));
#6026=DIRECTION('center_axis',(1.53664086453309E-15,-1.70601406838454E-30,
1.));
#6027=DIRECTION('ref_axis',(-1.,2.22044604925031E-15,1.53664086453309E-15));
#6028=DIRECTION('',(0.,-1.,-1.70601406838454E-30));
#6029=DIRECTION('',(-1.,2.03540887847945E-15,1.53664086453309E-15));
#6030=DIRECTION('center_axis',(-2.22044604925031E-15,-1.,1.70601406838454E-30));
#6031=DIRECTION('ref_axis',(1.53664086453309E-15,-1.70601406838454E-30,
1.));
#6032=DIRECTION('',(0.,1.70601406838454E-30,1.));
#6033=DIRECTION('center_axis',(-2.22044604925031E-15,-1.,1.70601406838454E-30));
#6034=DIRECTION('ref_axis',(1.53664086453309E-15,-1.70601406838454E-30,
1.));
#6035=DIRECTION('',(0.,1.70601406838454E-30,1.));
#6036=DIRECTION('center_axis',(0.,0.,1.));
#6037=DIRECTION('ref_axis',(-1.,0.,0.));
#6038=DIRECTION('',(1.,-1.85037170770859E-16,0.));
#6039=DIRECTION('',(7.40148683083438E-16,-1.,0.));
#6040=DIRECTION('',(-1.,1.85037170770859E-16,0.));
#6041=DIRECTION('',(0.,-1.,0.));
#6042=DIRECTION('center_axis',(-1.,0.,0.));
#6043=DIRECTION('ref_axis',(0.,0.,-1.));
#6044=DIRECTION('',(0.,0.,1.));
#6045=DIRECTION('',(0.,0.,-1.));
#6046=DIRECTION('',(0.,-1.,0.));
#6047=DIRECTION('center_axis',(0.,0.,-1.));
#6048=DIRECTION('ref_axis',(1.,0.,0.));
#6049=DIRECTION('',(-1.,1.85037170770859E-16,0.));
#6050=DIRECTION('',(1.,-1.85037170770859E-16,0.));
#6051=DIRECTION('',(-7.40148683083438E-16,1.,0.));
#6052=DIRECTION('center_axis',(0.,1.,0.));
#6053=DIRECTION('ref_axis',(0.,0.,1.));
#6054=DIRECTION('',(0.,0.,-1.));
#6055=DIRECTION('center_axis',(0.,1.,0.));
#6056=DIRECTION('ref_axis',(0.,0.,1.));
#6057=DIRECTION('',(0.,0.,1.));
#6058=DIRECTION('center_axis',(0.,0.,-1.));
#6059=DIRECTION('ref_axis',(-1.,0.,0.));
#6060=DIRECTION('',(1.,1.85037170770859E-16,0.));
#6061=DIRECTION('',(0.,1.,0.));
#6062=DIRECTION('',(-1.,-1.85037170770859E-16,0.));
#6063=DIRECTION('',(7.40148683083438E-16,-1.,0.));
#6064=DIRECTION('center_axis',(1.,0.,0.));
#6065=DIRECTION('ref_axis',(0.,0.,-1.));
#6066=DIRECTION('',(0.,0.,1.));
#6067=DIRECTION('',(0.,1.,0.));
#6068=DIRECTION('',(0.,0.,-1.));
#6069=DIRECTION('center_axis',(0.,0.,1.));
#6070=DIRECTION('ref_axis',(1.,0.,0.));
#6071=DIRECTION('',(-1.,-1.85037170770859E-16,0.));
#6072=DIRECTION('',(-7.40148683083438E-16,1.,0.));
#6073=DIRECTION('',(1.,1.85037170770859E-16,0.));
#6074=DIRECTION('center_axis',(0.,1.,0.));
#6075=DIRECTION('ref_axis',(0.,0.,1.));
#6076=DIRECTION('',(0.,0.,1.));
#6077=DIRECTION('center_axis',(0.,1.,0.));
#6078=DIRECTION('ref_axis',(0.,0.,1.));
#6079=DIRECTION('',(0.,0.,-1.));
#6080=DIRECTION('center_axis',(-1.,0.,0.));
#6081=DIRECTION('ref_axis',(0.,0.,1.));
#6082=DIRECTION('',(0.,1.,0.));
#6083=DIRECTION('',(0.,0.,1.));
#6084=DIRECTION('',(0.,-1.,0.));
#6085=DIRECTION('',(0.,0.,1.));
#6086=DIRECTION('center_axis',(8.7734048405332E-31,2.27155691658529E-47,
1.));
#6087=DIRECTION('ref_axis',(1.,0.,-8.7734048405332E-31));
#6088=DIRECTION('',(1.,0.,0.));
#6089=DIRECTION('',(0.,-1.,0.));
#6090=DIRECTION('',(-1.,0.,0.));
#6091=DIRECTION('center_axis',(1.,0.,0.));
#6092=DIRECTION('ref_axis',(0.,0.,-1.));
#6093=DIRECTION('',(0.,-1.,0.));
#6094=DIRECTION('',(0.,0.,1.));
#6095=DIRECTION('',(0.,1.,0.));
#6096=DIRECTION('',(0.,0.,1.));
#6097=DIRECTION('center_axis',(-8.7734048405332E-31,-2.27155691658529E-47,
1.));
#6098=DIRECTION('ref_axis',(1.,0.,8.7734048405332E-31));
#6099=DIRECTION('',(-1.,0.,0.));
#6100=DIRECTION('',(0.,1.,0.));
#6101=DIRECTION('',(1.,0.,0.));
#6102=DIRECTION('center_axis',(1.,0.,0.));
#6103=DIRECTION('ref_axis',(0.,0.,-1.));
#6104=DIRECTION('',(0.,-1.,0.));
#6105=DIRECTION('',(0.,0.,1.));
#6106=DIRECTION('',(0.,1.,0.));
#6107=DIRECTION('',(0.,0.,1.));
#6108=DIRECTION('center_axis',(-1.,0.,0.));
#6109=DIRECTION('ref_axis',(0.,0.,1.));
#6110=DIRECTION('',(0.,1.,0.));
#6111=DIRECTION('',(0.,0.,1.));
#6112=DIRECTION('',(0.,-1.,0.));
#6113=DIRECTION('',(0.,0.,1.));
#6114=DIRECTION('center_axis',(0.,0.,1.));
#6115=DIRECTION('ref_axis',(1.,0.,0.));
#6116=DIRECTION('',(-1.,0.,0.));
#6117=DIRECTION('',(1.,0.,0.));
#6118=DIRECTION('center_axis',(0.,0.,1.));
#6119=DIRECTION('ref_axis',(1.,0.,0.));
#6120=DIRECTION('',(1.,0.,0.));
#6121=DIRECTION('',(-1.,0.,0.));
#6122=DIRECTION('center_axis',(0.,1.,0.));
#6123=DIRECTION('ref_axis',(0.,0.,1.));
#6124=DIRECTION('',(0.,0.,1.));
#6125=DIRECTION('',(-1.,0.,0.));
#6126=DIRECTION('',(0.,0.,1.));
#6127=DIRECTION('',(1.,0.,0.));
#6128=DIRECTION('',(0.,0.,1.));
#6129=DIRECTION('',(-1.,0.,0.));
#6130=DIRECTION('',(0.,0.,-1.));
#6131=DIRECTION('',(-1.,0.,0.));
#6132=DIRECTION('center_axis',(-1.,0.,0.));
#6133=DIRECTION('ref_axis',(0.,0.,1.));
#6134=DIRECTION('',(0.,0.,1.));
#6135=DIRECTION('',(0.,-1.,0.));
#6136=DIRECTION('center_axis',(1.,0.,0.));
#6137=DIRECTION('ref_axis',(0.,0.,-1.));
#6138=DIRECTION('',(0.,1.,0.));
#6139=DIRECTION('',(0.,0.,1.));
#6140=DIRECTION('center_axis',(0.,-1.,0.));
#6141=DIRECTION('ref_axis',(0.,0.,-1.));
#6142=DIRECTION('',(0.,0.,-1.));
#6143=DIRECTION('',(1.,0.,0.));
#6144=DIRECTION('',(0.,0.,1.));
#6145=DIRECTION('',(1.,0.,0.));
#6146=DIRECTION('',(-1.,0.,0.));
#6147=DIRECTION('',(1.,0.,0.));
#6148=DIRECTION('center_axis',(0.,0.,1.));
#6149=DIRECTION('ref_axis',(1.,0.,0.));
#6150=DIRECTION('center_axis',(-1.,0.,0.));
#6151=DIRECTION('ref_axis',(0.,0.,1.));
#6152=DIRECTION('',(0.,-1.,0.));
#6153=DIRECTION('',(0.,0.,-1.));
#6154=DIRECTION('',(0.,-1.,0.));
#6155=DIRECTION('center_axis',(0.,0.,1.));
#6156=DIRECTION('ref_axis',(1.,0.,0.));
#6157=DIRECTION('',(2.22044604925031E-15,1.,0.));
#6158=DIRECTION('',(1.,0.,0.));
#6159=DIRECTION('',(-2.22044604925031E-15,-1.,0.));
#6160=DIRECTION('',(1.,0.,0.));
#6161=DIRECTION('',(-1.53134210293125E-15,-1.,0.));
#6162=DIRECTION('',(-1.,0.,0.));
#6163=DIRECTION('',(-2.22044604925031E-15,-1.,0.));
#6164=DIRECTION('',(-1.,3.82835525732812E-15,0.));
#6165=DIRECTION('',(2.22044604925031E-15,1.,0.));
#6166=DIRECTION('center_axis',(0.,0.,1.));
#6167=DIRECTION('ref_axis',(1.,0.,0.));
#6168=DIRECTION('',(1.,1.85037170770859E-16,0.));
#6169=DIRECTION('',(2.22044604925031E-15,1.,0.));
#6170=DIRECTION('center_axis',(0.,0.,1.));
#6171=DIRECTION('ref_axis',(1.,0.,0.));
#6172=DIRECTION('',(2.22044604925031E-15,1.,0.));
#6173=DIRECTION('',(-1.,-1.85037170770859E-16,0.));
#6174=DIRECTION('',(0.,-1.,0.));
#6175=DIRECTION('center_axis',(1.,-2.22044604925031E-15,0.));
#6176=DIRECTION('ref_axis',(0.,0.,-1.));
#6177=DIRECTION('',(0.,0.,-1.));
#6178=DIRECTION('center_axis',(1.,-2.22044604925031E-15,0.));
#6179=DIRECTION('ref_axis',(0.,0.,-1.));
#6180=DIRECTION('',(0.,0.,-1.));
#6181=DIRECTION('center_axis',(-1.,0.,0.));
#6182=DIRECTION('ref_axis',(0.,0.,1.));
#6183=DIRECTION('',(0.,0.,-1.));
#6184=DIRECTION('',(0.,-1.,0.));
#6185=DIRECTION('center_axis',(0.,0.,1.));
#6186=DIRECTION('ref_axis',(1.,0.,0.));
#6187=DIRECTION('',(-1.,0.,0.));
#6188=DIRECTION('',(7.40148683083438E-16,-1.,0.));
#6189=DIRECTION('',(-1.,0.,0.));
#6190=DIRECTION('center_axis',(-1.,2.22044604925031E-15,0.));
#6191=DIRECTION('ref_axis',(0.,0.,1.));
#6192=DIRECTION('',(0.,0.,-1.));
#6193=DIRECTION('',(0.,0.,-1.));
#6194=DIRECTION('',(-2.22044604925031E-15,-1.,0.));
#6195=DIRECTION('center_axis',(-1.,2.22044604925031E-15,0.));
#6196=DIRECTION('ref_axis',(0.,0.,1.));
#6197=DIRECTION('',(0.,0.,-1.));
#6198=DIRECTION('',(-2.22044604925031E-15,-1.,0.));
#6199=DIRECTION('',(0.,0.,-1.));
#6200=DIRECTION('center_axis',(0.,1.,0.));
#6201=DIRECTION('ref_axis',(0.,0.,1.));
#6202=DIRECTION('',(0.,0.,-1.));
#6203=DIRECTION('',(-1.,0.,0.));
#6204=DIRECTION('center_axis',(0.,-1.,0.));
#6205=DIRECTION('ref_axis',(0.,0.,-1.));
#6206=DIRECTION('',(1.,0.,0.));
#6207=DIRECTION('',(0.,0.,-1.));
#6208=DIRECTION('center_axis',(0.,0.,1.));
#6209=DIRECTION('ref_axis',(1.,0.,0.));
#6210=DIRECTION('',(1.,1.85037170770859E-16,0.));
#6211=DIRECTION('',(0.,-1.,0.));
#6212=DIRECTION('center_axis',(0.,0.,1.));
#6213=DIRECTION('ref_axis',(1.,0.,0.));
#6214=DIRECTION('',(0.,-1.,0.));
#6215=DIRECTION('',(-1.,-1.85037170770859E-16,0.));
#6216=DIRECTION('center_axis',(0.,0.,1.));
#6217=DIRECTION('ref_axis',(-1.,0.,0.));
#6218=DIRECTION('',(0.,0.,-1.));
#6219=DIRECTION('center_axis',(0.,0.,-1.));
#6220=DIRECTION('ref_axis',(-1.,0.,0.));
#6221=DIRECTION('center_axis',(0.,0.,1.));
#6222=DIRECTION('ref_axis',(-1.,0.,0.));
#6223=DIRECTION('',(0.,0.,-1.));
#6224=DIRECTION('center_axis',(0.,0.,-1.));
#6225=DIRECTION('ref_axis',(-1.,0.,0.));
#6226=DIRECTION('center_axis',(0.,0.,1.));
#6227=DIRECTION('ref_axis',(-1.,0.,0.));
#6228=DIRECTION('',(0.,0.,-1.));
#6229=DIRECTION('center_axis',(0.,0.,-1.));
#6230=DIRECTION('ref_axis',(-1.,0.,0.));
#6231=DIRECTION('center_axis',(0.,0.,1.));
#6232=DIRECTION('ref_axis',(-1.,0.,0.));
#6233=DIRECTION('',(0.,0.,-1.));
#6234=DIRECTION('center_axis',(0.,0.,-1.));
#6235=DIRECTION('ref_axis',(-1.,0.,0.));
#6236=DIRECTION('center_axis',(0.,1.,0.));
#6237=DIRECTION('ref_axis',(0.,0.,1.));
#6238=DIRECTION('',(0.,0.,-1.));
#6239=DIRECTION('',(-1.,0.,0.));
#6240=DIRECTION('',(0.,0.,1.));
#6241=DIRECTION('center_axis',(0.,0.,-1.));
#6242=DIRECTION('ref_axis',(-0.502815111556033,0.864393986322726,0.));
#6243=DIRECTION('',(0.,0.,-1.));
#6244=DIRECTION('center_axis',(0.,0.,-1.));
#6245=DIRECTION('ref_axis',(-0.502815111556033,0.864393986322726,0.));
#6246=DIRECTION('center_axis',(-1.,0.,0.));
#6247=DIRECTION('ref_axis',(0.,0.,1.));
#6248=DIRECTION('',(0.,0.,-1.));
#6249=DIRECTION('',(0.,-1.,0.));
#6250=DIRECTION('center_axis',(0.,-1.,0.));
#6251=DIRECTION('ref_axis',(0.,0.,-1.));
#6252=DIRECTION('',(0.,0.,-1.));
#6253=DIRECTION('',(1.,0.,0.));
#6254=DIRECTION('',(0.,0.,1.));
#6255=DIRECTION('center_axis',(0.,0.,-1.));
#6256=DIRECTION('ref_axis',(0.536322120542761,-0.844013378458254,0.));
#6257=DIRECTION('',(0.,0.,-1.));
#6258=DIRECTION('center_axis',(0.,0.,-1.));
#6259=DIRECTION('ref_axis',(0.536322120542761,-0.844013378458254,0.));
#6260=DIRECTION('center_axis',(1.,0.,0.));
#6261=DIRECTION('ref_axis',(0.,0.,-1.));
#6262=DIRECTION('',(0.,0.,-1.));
#6263=DIRECTION('',(0.,1.,0.));
#6264=DIRECTION('center_axis',(-1.,0.,0.));
#6265=DIRECTION('ref_axis',(0.,0.,1.));
#6266=DIRECTION('',(0.,0.,-1.));
#6267=DIRECTION('',(0.,-1.,0.));
#6268=DIRECTION('',(0.,0.,1.));
#6269=DIRECTION('center_axis',(0.,0.,-1.));
#6270=DIRECTION('ref_axis',(-0.836362058192583,-0.548177441724727,0.));
#6271=DIRECTION('',(0.,0.,-1.));
#6272=DIRECTION('center_axis',(0.,0.,-1.));
#6273=DIRECTION('ref_axis',(-0.836362058192583,-0.548177441724727,0.));
#6274=DIRECTION('center_axis',(0.,-1.,0.));
#6275=DIRECTION('ref_axis',(0.,0.,-1.));
#6276=DIRECTION('',(0.,0.,-1.));
#6277=DIRECTION('',(1.,0.,0.));
#6278=DIRECTION('center_axis',(1.,0.,0.));
#6279=DIRECTION('ref_axis',(0.,0.,-1.));
#6280=DIRECTION('',(0.,0.,-1.));
#6281=DIRECTION('',(0.,1.,0.));
#6282=DIRECTION('',(0.,0.,1.));
#6283=DIRECTION('center_axis',(0.,0.,-1.));
#6284=DIRECTION('ref_axis',(0.871182233654849,0.490959790374068,0.));
#6285=DIRECTION('',(0.,0.,-1.));
#6286=DIRECTION('center_axis',(0.,0.,-1.));
#6287=DIRECTION('ref_axis',(0.871182233654849,0.490959790374068,0.));
#6288=DIRECTION('center_axis',(0.,1.,0.));
#6289=DIRECTION('ref_axis',(0.,0.,1.));
#6290=DIRECTION('',(0.,0.,-1.));
#6291=DIRECTION('',(-1.,0.,0.));
#6292=DIRECTION('center_axis',(-1.85037170770859E-16,1.,0.));
#6293=DIRECTION('ref_axis',(0.,0.,1.));
#6294=DIRECTION('',(1.,1.85037170770859E-16,0.));
#6295=DIRECTION('center_axis',(1.85037170770859E-16,-1.,0.));
#6296=DIRECTION('ref_axis',(0.,0.,-1.));
#6297=DIRECTION('',(-1.,-1.85037170770859E-16,0.));
#6298=DIRECTION('center_axis',(1.,7.40148683083438E-16,0.));
#6299=DIRECTION('ref_axis',(0.,0.,-1.));
#6300=DIRECTION('',(7.40148683083438E-16,-1.,0.));
#6301=DIRECTION('center_axis',(-1.,0.,0.));
#6302=DIRECTION('ref_axis',(0.,0.,1.));
#6303=DIRECTION('',(0.,1.,0.));
#6304=DIRECTION('center_axis',(-1.,0.,0.));
#6305=DIRECTION('ref_axis',(0.,0.,1.));
#6306=DIRECTION('',(0.,1.,0.));
#6307=DIRECTION('',(0.,0.,1.));
#6308=DIRECTION('',(0.,0.,1.));
#6309=DIRECTION('center_axis',(-1.85037170770859E-16,1.,0.));
#6310=DIRECTION('ref_axis',(0.,0.,1.));
#6311=DIRECTION('',(1.,1.85037170770859E-16,0.));
#6312=DIRECTION('',(0.,0.,1.));
#6313=DIRECTION('center_axis',(1.,7.40148683083438E-16,0.));
#6314=DIRECTION('ref_axis',(0.,0.,-1.));
#6315=DIRECTION('',(7.40148683083438E-16,-1.,0.));
#6316=DIRECTION('',(0.,0.,1.));
#6317=DIRECTION('center_axis',(1.85037170770859E-16,-1.,0.));
#6318=DIRECTION('ref_axis',(0.,0.,-1.));
#6319=DIRECTION('',(-1.,-1.85037170770859E-16,0.));
#6320=DIRECTION('center_axis',(0.,0.,1.));
#6321=DIRECTION('ref_axis',(1.,0.,0.));
#6322=DIRECTION('center_axis',(1.6653345369377E-16,-1.,-1.50733159935315E-15));
#6323=DIRECTION('ref_axis',(-0.837477944266595,6.84245103716805E-16,-0.546471127203439));
#6324=DIRECTION('center_axis',(1.8209056936792E-16,1.,1.50227993600963E-15));
#6325=DIRECTION('ref_axis',(-0.837477944266595,6.84245103716805E-16,-0.546471127203439));
#6326=DIRECTION('',(-1.6653345369377E-16,1.,1.50733159935315E-15));
#6327=DIRECTION('center_axis',(3.40005801291451E-16,-1.,-1.50733159935315E-15));
#6328=DIRECTION('ref_axis',(-0.837477944266595,6.84245103716805E-16,-0.546471127203439));
#6329=DIRECTION('',(1.6653345369377E-16,-1.,-1.50733159935315E-15));
#6330=DIRECTION('center_axis',(-3.40005801291451E-16,1.,1.50733159935315E-15));
#6331=DIRECTION('ref_axis',(9.39913505140764E-16,-1.50733159935315E-15,
1.));
#6332=DIRECTION('',(6.62357748984475E-16,-1.50733159935315E-15,1.));
#6333=DIRECTION('center_axis',(3.40005801291451E-16,-1.,-1.50733159935315E-15));
#6334=DIRECTION('ref_axis',(-0.707106781186547,-1.18360132980066E-15,0.707106781186548));
#6335=DIRECTION('',(1.,-1.80411241501589E-16,-7.23073070643664E-16));
#6336=DIRECTION('center_axis',(3.40005801291451E-16,-1.,-1.50733159935315E-15));
#6337=DIRECTION('ref_axis',(0.622551400810102,-1.07593028801431E-15,0.782578911899228));
#6338=DIRECTION('',(0.224859506698758,1.42816345663504E-15,-0.97439119569462));
#6339=DIRECTION('center_axis',(-3.40005801291451E-16,1.,1.50733159935315E-15));
#6340=DIRECTION('ref_axis',(-0.622551400810103,1.07593028801431E-15,-0.782578911899227));
#6341=DIRECTION('',(1.,-1.80411241501589E-16,-5.92968809945403E-16));
#6342=DIRECTION('center_axis',(-3.40005801291451E-16,1.,1.50733159935315E-15));
#6343=DIRECTION('ref_axis',(0.707106781186547,-7.79014243554057E-16,-0.707106781186548));
#6344=DIRECTION('',(7.23073070643663E-16,-1.50733159935315E-15,1.));
#6345=DIRECTION('',(-1.,-3.40005801291452E-16,9.39913505140764E-16));
#6346=DIRECTION('',(-2.79590944296397E-15,1.50733159935315E-15,-1.));
#6347=DIRECTION('',(1.,3.40005801291452E-16,-9.39913505140764E-16));
#6348=DIRECTION('center_axis',(-1.8041124150159E-16,-1.,-1.50733159935315E-15));
#6349=DIRECTION('ref_axis',(1.,-1.8041124150159E-16,2.93667633331631E-16));
#6350=DIRECTION('',(-6.69127401573653E-16,1.50733159935315E-15,-1.));
#6351=DIRECTION('',(-0.707106781186548,1.19341440766744E-15,-0.707106781186547));
#6352=DIRECTION('',(-1.,1.80411241501588E-16,1.43334596052972E-15));
#6353=DIRECTION('center_axis',(1.8041124150159E-16,1.,1.50733159935315E-15));
#6354=DIRECTION('ref_axis',(1.,-1.80411241501589E-16,-9.39913505140765E-16));
#6355=DIRECTION('',(1.86509935899506E-15,-1.50733159935315E-15,1.));
#6356=DIRECTION('center_axis',(1.8041124150159E-16,1.,1.50733159935315E-15));
#6357=DIRECTION('ref_axis',(-9.39913505140764E-16,1.50733159935315E-15,
-1.));
#6358=DIRECTION('',(1.,-1.8041124150158E-16,-6.49102862826643E-15));
#6359=DIRECTION('center_axis',(-1.8041124150159E-16,-1.,-1.50733159935315E-15));
#6360=DIRECTION('ref_axis',(-2.79028521284936E-15,1.50733159935315E-15,
-1.));
#6361=DIRECTION('',(-2.40401045489252E-14,-1.50733159935315E-15,1.));
#6362=DIRECTION('center_axis',(-1.8041124150159E-16,-1.,-1.50733159935315E-15));
#6363=DIRECTION('ref_axis',(1.,-1.80411241501611E-16,1.3863060156528E-14));
#6364=DIRECTION('',(-1.,1.80411241501589E-16,9.39913505140765E-16));
#6365=DIRECTION('',(9.39913505140764E-16,-1.50733159935315E-15,1.));
#6366=DIRECTION('',(1.,-1.80411241501589E-16,-4.57207842260266E-16));
#6367=DIRECTION('center_axis',(-1.8041124150159E-16,-1.,-1.50733159935315E-15));
#6368=DIRECTION('ref_axis',(-2.79028521284936E-15,1.50733159935315E-15,
-1.));
#6369=DIRECTION('',(6.98224067120089E-15,-1.50733159935315E-15,1.));
#6370=DIRECTION('center_axis',(-1.8041124150159E-16,-1.,-1.50733159935315E-15));
#6371=DIRECTION('ref_axis',(1.,-1.80411241501577E-16,-8.34140033597514E-15));
#6372=DIRECTION('',(-0.91531503242277,-4.41927518198391E-16,0.402738614266006));
#6373=DIRECTION('center_axis',(1.,1.66533453693772E-16,-6.62357748984475E-16));
#6374=DIRECTION('ref_axis',(6.62357748984475E-16,-1.50733159935315E-15,
1.));
#6375=DIRECTION('',(-6.62357748984475E-16,1.50733159935315E-15,-1.));
#6376=DIRECTION('',(1.6653345369377E-16,-1.,-1.50733159935315E-15));
#6377=DIRECTION('center_axis',(1.6653345369377E-16,-1.,-1.50733159935315E-15));
#6378=DIRECTION('ref_axis',(-0.707106781186547,-1.18360132980066E-15,0.707106781186548));
#6379=DIRECTION('center_axis',(1.8209056936792E-16,1.,1.50227993600963E-15));
#6380=DIRECTION('ref_axis',(-0.707106781186547,-1.18360132980066E-15,0.707106781186548));
#6381=DIRECTION('',(-1.6653345369377E-16,1.,1.50733159935315E-15));
#6382=DIRECTION('center_axis',(1.6653345369377E-16,-1.,-1.50733159935315E-15));
#6383=DIRECTION('ref_axis',(0.622551400810102,-1.07593028801431E-15,0.782578911899228));
#6384=DIRECTION('center_axis',(1.8209056936792E-16,1.,1.50227993600963E-15));
#6385=DIRECTION('ref_axis',(0.622551400810102,-1.07593028801431E-15,0.782578911899228));
#6386=DIRECTION('',(-1.6653345369377E-16,1.,1.50733159935315E-15));
#6387=DIRECTION('',(1.6653345369377E-16,-1.,-1.50733159935315E-15));
#6388=DIRECTION('center_axis',(-0.97439119569462,1.76669108794173E-16,-0.224859506698758));
#6389=DIRECTION('ref_axis',(0.224859506698758,1.50617726964842E-15,-0.97439119569462));
#6390=DIRECTION('',(-0.224859506698758,-1.42816345663504E-15,0.97439119569462));
#6391=DIRECTION('',(1.6653345369377E-16,-1.,-1.50733159935315E-15));
#6392=DIRECTION('center_axis',(-1.34740703443144E-15,-1.,-1.50733159935315E-15));
#6393=DIRECTION('ref_axis',(0.707106781186547,-7.79014243554057E-16,-0.707106781186548));
#6394=DIRECTION('',(-1.34740703443144E-15,-1.,-1.50733159935315E-15));
#6395=DIRECTION('center_axis',(-1.8209056936792E-16,-1.,-1.50227993600963E-15));
#6396=DIRECTION('ref_axis',(0.707106781186547,-7.79014243554057E-16,-0.707106781186548));
#6397=DIRECTION('',(1.34740703443144E-15,1.,1.50733159935315E-15));
#6398=DIRECTION('center_axis',(-5.92968809945403E-16,1.50733159935315E-15,
-1.));
#6399=DIRECTION('ref_axis',(1.,1.66533453693772E-16,-5.92968809945403E-16));
#6400=DIRECTION('',(-1.6653345369377E-16,1.,1.50733159935315E-15));
#6401=DIRECTION('',(-1.,1.80411241501589E-16,5.92968809945403E-16));
#6402=DIRECTION('center_axis',(1.6653345369377E-16,-1.,-1.50733159935315E-15));
#6403=DIRECTION('ref_axis',(-0.622551400810103,1.07593028801431E-15,-0.782578911899227));
#6404=DIRECTION('center_axis',(-1.8209056936792E-16,-1.,-1.50227993600963E-15));
#6405=DIRECTION('ref_axis',(-0.622551400810103,1.07593028801431E-15,-0.782578911899227));
#6406=DIRECTION('center_axis',(-1.6653345369377E-16,1.,1.50733159935315E-15));
#6407=DIRECTION('ref_axis',(-0.837477944266596,6.84245103716804E-16,-0.546471127203439));
#6408=DIRECTION('center_axis',(5.15157476755461E-16,-1.,-1.51238326269667E-15));
#6409=DIRECTION('ref_axis',(-0.837477944266596,6.84245103716804E-16,-0.546471127203439));
#6410=DIRECTION('',(1.6653345369377E-16,-1.,-1.50733159935315E-15));
#6411=DIRECTION('center_axis',(-5.13478148889131E-16,1.,1.50733159935315E-15));
#6412=DIRECTION('ref_axis',(-0.837477944266596,6.84245103716804E-16,-0.546471127203439));
#6413=DIRECTION('',(-1.6653345369377E-16,1.,1.50733159935315E-15));
#6414=DIRECTION('center_axis',(-1.,-1.66533453693772E-16,6.62357748984475E-16));
#6415=DIRECTION('ref_axis',(6.62357748984475E-16,-1.50733159935315E-15,
1.));
#6416=DIRECTION('',(6.62357748984475E-16,-1.50733159935315E-15,1.));
#6417=DIRECTION('',(1.6653345369377E-16,-1.,-1.50733159935315E-15));
#6418=DIRECTION('',(-6.62357748984475E-16,1.50733159935315E-15,-1.));
#6419=DIRECTION('center_axis',(5.13478148889131E-16,-1.,-1.50733159935315E-15));
#6420=DIRECTION('ref_axis',(-9.39913505140764E-16,1.50733159935315E-15,
-1.));
#6421=DIRECTION('',(-0.91531503242277,-1.07705490806169E-15,0.402738614266006));
#6422=DIRECTION('center_axis',(5.13478148889131E-16,-1.,-1.50733159935315E-15));
#6423=DIRECTION('ref_axis',(1.,5.13478148889144E-16,-8.34140033597513E-15));
#6424=DIRECTION('',(6.98224067120089E-15,-1.50733159935315E-15,1.));
#6425=DIRECTION('center_axis',(5.13478148889131E-16,-1.,-1.50733159935315E-15));
#6426=DIRECTION('ref_axis',(-2.79028521284936E-15,1.50733159935315E-15,
-1.));
#6427=DIRECTION('',(1.,5.13478148889132E-16,-4.57207842260264E-16));
#6428=DIRECTION('',(9.39913505140764E-16,-1.50733159935315E-15,1.));
#6429=DIRECTION('',(-1.,-5.13478148889133E-16,9.39913505140763E-16));
#6430=DIRECTION('center_axis',(5.13478148889131E-16,-1.,-1.50733159935315E-15));
#6431=DIRECTION('ref_axis',(1.,5.1347814888911E-16,1.3863060156528E-14));
#6432=DIRECTION('',(-2.40401045489252E-14,-1.50733159935317E-15,1.));
#6433=DIRECTION('center_axis',(5.13478148889131E-16,-1.,-1.50733159935315E-15));
#6434=DIRECTION('ref_axis',(-2.79028521284936E-15,1.50733159935315E-15,
-1.));
#6435=DIRECTION('',(1.,5.13478148889141E-16,-6.49102862826643E-15));
#6436=DIRECTION('center_axis',(-5.13478148889131E-16,1.,1.50733159935315E-15));
#6437=DIRECTION('ref_axis',(-9.39913505140764E-16,1.50733159935315E-15,
-1.));
#6438=DIRECTION('',(1.86509935899506E-15,-1.50733159935315E-15,1.));
#6439=DIRECTION('center_axis',(-5.13478148889131E-16,1.,1.50733159935315E-15));
#6440=DIRECTION('ref_axis',(1.,5.13478148889133E-16,-9.39913505140763E-16));
#6441=DIRECTION('',(-1.,-5.13478148889134E-16,1.43334596052972E-15));
#6442=DIRECTION('',(-0.707106781186548,7.02760514328758E-16,-0.707106781186547));
#6443=DIRECTION('',(-6.69127401573653E-16,1.50733159935315E-15,-1.));
#6444=DIRECTION('center_axis',(5.13478148889131E-16,-1.,-1.50733159935315E-15));
#6445=DIRECTION('ref_axis',(1.,5.13478148889131E-16,2.93667633331632E-16));
#6446=DIRECTION('',(-1.,-5.13478148889133E-16,9.39913505140763E-16));
#6447=DIRECTION('',(-2.79590944296397E-15,1.50733159935315E-15,-1.));
#6448=DIRECTION('',(1.,5.13478148889133E-16,-9.39913505140763E-16));
#6449=DIRECTION('',(9.39913505140764E-16,-1.50733159935315E-15,1.));
#6450=DIRECTION('center_axis',(5.13478148889131E-16,-1.,-1.50733159935315E-15));
#6451=DIRECTION('ref_axis',(0.707106781186547,1.18360132980066E-15,-0.707106781186548));
#6452=DIRECTION('',(1.,5.13478148889132E-16,-5.92968809945402E-16));
#6453=DIRECTION('center_axis',(5.13478148889131E-16,-1.,-1.50733159935315E-15));
#6454=DIRECTION('ref_axis',(-0.622551400810102,1.07593028801431E-15,-0.782578911899228));
#6455=DIRECTION('',(0.224859506698758,1.5841910826618E-15,-0.97439119569462));
#6456=DIRECTION('center_axis',(-5.13478148889131E-16,1.,1.50733159935315E-15));
#6457=DIRECTION('ref_axis',(0.622551400810102,-1.07593028801431E-15,0.782578911899228));
#6458=DIRECTION('',(1.,5.13478148889132E-16,-7.23073070643663E-16));
#6459=DIRECTION('center_axis',(-5.13478148889131E-16,1.,1.50733159935315E-15));
#6460=DIRECTION('ref_axis',(-0.707106781186547,-1.18360132980066E-15,0.707106781186548));
#6461=DIRECTION('center_axis',(-1.6653345369377E-16,1.,1.50733159935315E-15));
#6462=DIRECTION('ref_axis',(0.707106781186547,1.18360132980066E-15,-0.707106781186548));
#6463=DIRECTION('',(-1.6653345369377E-16,1.,1.50733159935315E-15));
#6464=DIRECTION('center_axis',(-5.15157476755461E-16,1.,1.51238326269667E-15));
#6465=DIRECTION('ref_axis',(0.707106781186547,1.18360132980066E-15,-0.707106781186548));
#6466=DIRECTION('',(1.6653345369377E-16,-1.,-1.50733159935315E-15));
#6467=DIRECTION('center_axis',(-1.,-1.66533453693772E-16,9.39913505140764E-16));
#6468=DIRECTION('ref_axis',(9.39913505140764E-16,-1.50733159935315E-15,
1.));
#6469=DIRECTION('center_axis',(1.,1.66533453693772E-16,-9.39913505140764E-16));
#6470=DIRECTION('ref_axis',(7.82376147615132E-16,-0.707106781186549,0.707106781186546));
#6471=DIRECTION('',(-1.6653345369377E-16,1.,1.50733159935315E-15));
#6472=DIRECTION('',(9.39913505140764E-16,-1.50733159935315E-15,1.));
#6473=DIRECTION('',(-1.6653345369377E-16,1.,1.50733159935315E-15));
#6474=DIRECTION('',(-7.23073070643663E-16,1.50733159935315E-15,-1.));
#6475=DIRECTION('center_axis',(-1.6653345369377E-16,1.,1.50733159935315E-15));
#6476=DIRECTION('ref_axis',(-0.622551400810102,1.07593028801431E-15,-0.782578911899228));
#6477=DIRECTION('',(-1.6653345369377E-16,1.,1.50733159935315E-15));
#6478=DIRECTION('center_axis',(-5.15157476755461E-16,1.,1.51238326269667E-15));
#6479=DIRECTION('ref_axis',(-0.622551400810102,1.07593028801431E-15,-0.782578911899228));
#6480=DIRECTION('',(1.6653345369377E-16,-1.,-1.50733159935315E-15));
#6481=DIRECTION('center_axis',(5.92968809945403E-16,-1.50733159935315E-15,
1.));
#6482=DIRECTION('ref_axis',(1.,1.66533453693772E-16,-5.92968809945403E-16));
#6483=DIRECTION('',(-1.,-5.13478148889132E-16,5.92968809945402E-16));
#6484=DIRECTION('center_axis',(-1.6653345369377E-16,1.,1.50733159935315E-15));
#6485=DIRECTION('ref_axis',(0.622551400810102,-1.07593028801431E-15,0.782578911899228));
#6486=DIRECTION('center_axis',(5.15157476755461E-16,-1.,-1.51238326269667E-15));
#6487=DIRECTION('ref_axis',(0.622551400810102,-1.07593028801431E-15,0.782578911899228));
#6488=DIRECTION('',(1.6653345369377E-16,-1.,-1.50733159935315E-15));
#6489=DIRECTION('',(-1.6653345369377E-16,1.,1.50733159935315E-15));
#6490=DIRECTION('center_axis',(0.97439119569462,-1.76669108794173E-16,0.224859506698758));
#6491=DIRECTION('ref_axis',(0.224859506698758,1.50617726964842E-15,-0.97439119569462));
#6492=DIRECTION('',(-0.224859506698758,-1.5841910826618E-15,0.97439119569462));
#6493=DIRECTION('center_axis',(-1.6653345369377E-16,1.,1.50733159935315E-15));
#6494=DIRECTION('ref_axis',(-0.707106781186547,-1.18360132980066E-15,0.707106781186548));
#6495=DIRECTION('center_axis',(5.15157476755461E-16,-1.,-1.51238326269667E-15));
#6496=DIRECTION('ref_axis',(-0.707106781186547,-1.18360132980066E-15,0.707106781186548));
#6497=DIRECTION('',(-1.6653345369377E-16,1.,1.50733159935315E-15));
#6498=DIRECTION('center_axis',(-5.15157476755461E-16,1.,1.51238326269667E-15));
#6499=DIRECTION('ref_axis',(9.39913505140764E-16,-1.51238326269667E-15,
1.));
#6500=DIRECTION('',(-1.,-5.13478148889132E-16,7.23073070643663E-16));
#6501=DIRECTION('',(-1.,-5.15157476755463E-16,9.39913505140763E-16));
#6502=DIRECTION('',(2.79590944296397E-15,-1.50733159935315E-15,1.));
#6503=DIRECTION('',(-1.,-5.15157476755463E-16,9.39913505140763E-16));
#6504=DIRECTION('center_axis',(-5.13478148889131E-16,1.,1.50733159935315E-15));
#6505=DIRECTION('ref_axis',(1.,5.13478148889131E-16,2.93667633331632E-16));
#6506=DIRECTION('',(6.69127401573653E-16,-1.50733159935315E-15,1.));
#6507=DIRECTION('',(0.707106781186548,-7.02760514328758E-16,0.707106781186547));
#6508=DIRECTION('',(1.,5.13478148889134E-16,-1.43334596052972E-15));
#6509=DIRECTION('center_axis',(5.13478148889131E-16,-1.,-1.50733159935315E-15));
#6510=DIRECTION('ref_axis',(1.,5.13478148889133E-16,-9.39913505140763E-16));
#6511=DIRECTION('',(-1.86509935899506E-15,1.50733159935315E-15,-1.));
#6512=DIRECTION('center_axis',(5.13478148889131E-16,-1.,-1.50733159935315E-15));
#6513=DIRECTION('ref_axis',(-9.39913505140764E-16,1.50733159935315E-15,
-1.));
#6514=DIRECTION('',(-1.,-5.13478148889141E-16,6.49102862826643E-15));
#6515=DIRECTION('center_axis',(-5.13478148889131E-16,1.,1.50733159935315E-15));
#6516=DIRECTION('ref_axis',(-2.79028521284936E-15,1.50733159935315E-15,
-1.));
#6517=DIRECTION('',(2.40401045489252E-14,1.50733159935317E-15,-1.));
#6518=DIRECTION('center_axis',(-5.13478148889131E-16,1.,1.50733159935315E-15));
#6519=DIRECTION('ref_axis',(1.,5.1347814888911E-16,1.3863060156528E-14));
#6520=DIRECTION('',(1.,5.13478148889133E-16,-9.39913505140763E-16));
#6521=DIRECTION('',(-9.39913505140764E-16,1.50733159935315E-15,-1.));
#6522=DIRECTION('',(-1.,-5.13478148889132E-16,4.57207842260264E-16));
#6523=DIRECTION('center_axis',(-5.13478148889131E-16,1.,1.50733159935315E-15));
#6524=DIRECTION('ref_axis',(-2.79028521284936E-15,1.50733159935315E-15,
-1.));
#6525=DIRECTION('',(-6.98224067120089E-15,1.50733159935315E-15,-1.));
#6526=DIRECTION('center_axis',(-5.13478148889131E-16,1.,1.50733159935315E-15));
#6527=DIRECTION('ref_axis',(1.,5.13478148889144E-16,-8.34140033597513E-15));
#6528=DIRECTION('',(0.91531503242277,1.07705490806169E-15,-0.402738614266006));
#6529=DIRECTION('center_axis',(1.,5.13478148889133E-16,-9.39913505140763E-16));
#6530=DIRECTION('ref_axis',(7.82376147615132E-16,-0.707106781186549,0.707106781186546));
#6531=DIRECTION('center_axis',(-1.,-9.23503697756379E-16,9.39913505140763E-16));
#6532=DIRECTION('ref_axis',(7.82376147615132E-16,-0.707106781186549,0.707106781186546));
#6533=DIRECTION('',(-1.,-5.13478148889133E-16,9.39913505140763E-16));
#6534=DIRECTION('center_axis',(1.,9.23503697756379E-16,-9.39913505140763E-16));
#6535=DIRECTION('ref_axis',(-9.39913505140764E-16,1.50733159935315E-15,
-1.));
#6536=DIRECTION('center_axis',(-1.,-9.23503697756379E-16,9.39913505140763E-16));
#6537=DIRECTION('ref_axis',(-5.4686227881257E-16,-0.707106781186546,-0.707106781186549));
#6538=DIRECTION('',(-1.6653345369377E-16,1.,1.50733159935315E-15));
#6539=DIRECTION('',(9.39913505140764E-16,-1.50733159935315E-15,1.));
#6540=DIRECTION('',(9.60290703406661E-16,-1.,-1.50733159935315E-15));
#6541=DIRECTION('',(9.23503697756377E-16,-1.,-1.50733159935315E-15));
#6542=DIRECTION('',(9.39913505140764E-16,-1.50733159935315E-15,1.));
#6543=DIRECTION('',(9.23503697756377E-16,-1.,-1.50733159935315E-15));
#6544=DIRECTION('center_axis',(-1.,-3.40005801291453E-16,9.39913505140764E-16));
#6545=DIRECTION('ref_axis',(5.4686227881257E-16,0.707106781186547,0.707106781186548));
#6546=DIRECTION('center_axis',(1.,-1.34740703443144E-15,-9.39913505140766E-16));
#6547=DIRECTION('ref_axis',(5.4686227881257E-16,0.707106781186547,0.707106781186548));
#6548=DIRECTION('',(1.,3.40005801291452E-16,-9.39913505140764E-16));
#6549=DIRECTION('center_axis',(-1.,-4.18856868381308E-16,9.39913505140764E-16));
#6550=DIRECTION('ref_axis',(5.4686227881257E-16,0.707106781186547,0.707106781186548));
#6551=DIRECTION('center_axis',(1.,4.18856868381308E-16,-9.39913505140764E-16));
#6552=DIRECTION('ref_axis',(-9.39913505140764E-16,1.50733159935315E-15,
-1.));
#6553=DIRECTION('',(4.18856868381306E-16,-1.,-1.50733159935315E-15));
#6554=DIRECTION('',(9.39913505140764E-16,-1.50733159935315E-15,1.));
#6555=DIRECTION('',(4.18856868381306E-16,-1.,-1.50733159935315E-15));
#6556=DIRECTION('',(2.79590944296397E-15,-1.50733159935315E-15,1.));
#6557=DIRECTION('',(6.2722379601912E-16,1.,1.50733159935315E-15));
#6558=DIRECTION('',(9.39913505140764E-16,-1.50733159935315E-15,1.));
#6559=DIRECTION('',(1.6653345369377E-16,-1.,-1.50733159935315E-15));
#6560=DIRECTION('center_axis',(-1.,-4.18856868381308E-16,9.39913505140764E-16));
#6561=DIRECTION('ref_axis',(-7.82376147615132E-16,0.707106781186549,-0.707106781186546));
#6562=DIRECTION('center_axis',(1.6653345369377E-16,-1.,-1.50733159935315E-15));
#6563=DIRECTION('ref_axis',(-0.707106781186548,-1.18360132980066E-15,0.707106781186547));
#6564=DIRECTION('center_axis',(-3.4375611915774E-16,1.,1.50733159935315E-15));
#6565=DIRECTION('ref_axis',(-0.707106781186548,-1.18360132980066E-15,0.707106781186547));
#6566=DIRECTION('',(-1.6653345369377E-16,1.,1.50733159935315E-15));
#6567=DIRECTION('center_axis',(5.48172618408668E-16,-1.,-1.50733159935315E-15));
#6568=DIRECTION('ref_axis',(-0.707106781186548,-1.18360132980066E-15,0.707106781186547));
#6569=DIRECTION('',(1.6653345369377E-16,-1.,-1.50733159935315E-15));
#6570=DIRECTION('center_axis',(1.,1.66533453693772E-16,-9.39913505140764E-16));
#6571=DIRECTION('ref_axis',(9.39913505140764E-16,-1.50733159935315E-15,
1.));
#6572=DIRECTION('',(9.39913505140764E-16,-1.50733159935315E-15,1.));
#6573=DIRECTION('',(-1.6653345369377E-16,1.,1.50733159935315E-15));
#6574=DIRECTION('',(9.39913505140764E-16,-1.50733159935315E-15,1.));
#6575=DIRECTION('center_axis',(5.48172618408668E-16,-1.,-1.50733159935315E-15));
#6576=DIRECTION('ref_axis',(-9.39913505140764E-16,1.50733159935315E-15,
-1.));
#6577=DIRECTION('',(-1.,-5.4817261840867E-16,9.39913505140763E-16));
#6578=DIRECTION('',(9.39913505140764E-16,-1.50733159935315E-15,1.));
#6579=DIRECTION('',(-1.,-5.4817261840867E-16,9.39913505140763E-16));
#6580=DIRECTION('center_axis',(5.48172618408668E-16,-1.,-1.50733159935315E-15));
#6581=DIRECTION('ref_axis',(-0.70710678118655,9.48087460998093E-16,-0.707106781186545));
#6582=DIRECTION('center_axis',(1.6653345369377E-16,-1.,-1.50733159935315E-15));
#6583=DIRECTION('ref_axis',(-0.70710678118655,9.48087460998093E-16,-0.707106781186545));
#6584=DIRECTION('center_axis',(-3.4375611915774E-16,1.,1.50733159935315E-15));
#6585=DIRECTION('ref_axis',(-0.70710678118655,9.48087460998093E-16,-0.707106781186545));
#6586=DIRECTION('',(1.6653345369377E-16,-1.,-1.50733159935315E-15));
#6587=DIRECTION('center_axis',(9.39913505140764E-16,-1.50733159935315E-15,
1.));
#6588=DIRECTION('ref_axis',(-1.,-1.66533453693772E-16,9.39913505140764E-16));
#6589=DIRECTION('',(-0.909059342886309,-0.416666666666667,2.26382320289417E-16));
#6590=DIRECTION('center_axis',(9.39913505140764E-16,-1.50733159935315E-15,
1.));
#6591=DIRECTION('ref_axis',(0.618606859869742,0.785700676416979,6.02874515232168E-16));
#6592=DIRECTION('',(-0.785700676416979,0.618606859869742,1.67093634422084E-15));
#6593=DIRECTION('',(1.6653345369377E-16,-1.,-1.50733159935315E-15));
#6594=DIRECTION('',(1.,-1.80411241501589E-16,-9.39913505140765E-16));
#6595=DIRECTION('center_axis',(9.39913505140764E-16,-1.50733159935315E-15,
1.));
#6596=DIRECTION('ref_axis',(-0.618606859869746,-0.785700676416975,-6.02874515232159E-16));
#6597=DIRECTION('',(0.785700676416979,-0.618606859869741,-1.67093634422084E-15));
#6598=DIRECTION('center_axis',(-9.39913505140764E-16,1.50733159935315E-15,
-1.));
#6599=DIRECTION('ref_axis',(-0.618606859869742,-0.785700676416979,-6.02874515232167E-16));
#6600=DIRECTION('',(0.909059342886309,0.416666666666667,-2.26382320289416E-16));
#6601=DIRECTION('',(1.,3.43756119157741E-16,-9.39913505140764E-16));
#6602=DIRECTION('center_axis',(-9.39913505140764E-16,1.50733159935315E-15,
-1.));
#6603=DIRECTION('ref_axis',(0.618606859869742,0.785700676416979,6.02874515232168E-16));
#6604=DIRECTION('center_axis',(9.39913505140764E-16,-1.50733159935315E-15,
1.));
#6605=DIRECTION('ref_axis',(0.618606859869742,0.785700676416979,6.02874515232168E-16));
#6606=DIRECTION('',(9.39913505140764E-16,-1.50733159935315E-15,1.));
#6607=DIRECTION('',(9.39913505140764E-16,-1.50733159935315E-15,1.));
#6608=DIRECTION('center_axis',(0.416666666666667,-0.909059342886309,-1.76188450036173E-15));
#6609=DIRECTION('ref_axis',(-9.39913505140764E-16,1.50733159935315E-15,
-1.));
#6610=DIRECTION('',(-0.909059342886309,-0.416666666666667,2.26382320289417E-16));
#6611=DIRECTION('center_axis',(-3.4375611915774E-16,1.,1.50733159935315E-15));
#6612=DIRECTION('ref_axis',(9.39913505140764E-16,-1.50733159935315E-15,
1.));
#6613=DIRECTION('',(9.39913505140764E-16,-1.50733159935315E-15,1.));
#6614=DIRECTION('',(1.,3.43756119157741E-16,-9.39913505140764E-16));
#6615=DIRECTION('center_axis',(-0.416666666666667,0.909059342886309,1.76188450036173E-15));
#6616=DIRECTION('ref_axis',(9.39913505140764E-16,-1.50733159935315E-15,
1.));
#6617=DIRECTION('',(0.909059342886309,0.416666666666667,-2.26382320289416E-16));
#6618=DIRECTION('',(9.39913505140764E-16,-1.50733159935315E-15,1.));
#6619=DIRECTION('center_axis',(-9.39913505140764E-16,1.50733159935315E-15,
-1.));
#6620=DIRECTION('ref_axis',(-0.618606859869742,-0.785700676416979,-6.02874515232167E-16));
#6621=DIRECTION('center_axis',(-9.39913505140764E-16,1.50733159935315E-15,
-1.));
#6622=DIRECTION('ref_axis',(-0.618606859869742,-0.785700676416979,-6.02874515232167E-16));
#6623=DIRECTION('',(9.39913505140764E-16,-1.50733159935315E-15,1.));
#6624=DIRECTION('center_axis',(0.618606859869741,0.785700676416979,6.02874515232169E-16));
#6625=DIRECTION('ref_axis',(9.39913505140764E-16,-1.50733159935315E-15,
1.));
#6626=DIRECTION('',(0.785700676416979,-0.618606859869741,-1.67093634422084E-15));
#6627=DIRECTION('',(9.39913505140764E-16,-1.50733159935315E-15,1.));
#6628=DIRECTION('center_axis',(-9.39913505140764E-16,1.50733159935315E-15,
-1.));
#6629=DIRECTION('ref_axis',(-0.618606859869746,-0.785700676416975,-6.02874515232159E-16));
#6630=DIRECTION('center_axis',(9.39913505140764E-16,-1.50733159935315E-15,
1.));
#6631=DIRECTION('ref_axis',(-0.618606859869746,-0.785700676416975,-6.02874515232159E-16));
#6632=DIRECTION('',(-9.39913505140764E-16,1.50733159935315E-15,-1.));
#6633=DIRECTION('center_axis',(-0.618606859869742,-0.785700676416979,-6.02874515232168E-16));
#6634=DIRECTION('ref_axis',(-9.39913505140764E-16,1.50733159935315E-15,
-1.));
#6635=DIRECTION('',(-0.785700676416979,0.618606859869742,1.67093634422084E-15));
#6636=DIRECTION('center_axis',(-1.,-3.40005801291453E-16,9.39913505140764E-16));
#6637=DIRECTION('ref_axis',(-7.82376147615132E-16,0.707106781186549,-0.707106781186546));
#6638=DIRECTION('',(-1.,-3.40005801291452E-16,9.39913505140764E-16));
#6639=DIRECTION('center_axis',(1.,1.66533453693772E-16,-9.39913505140764E-16));
#6640=DIRECTION('ref_axis',(-7.82376147615132E-16,0.707106781186549,-0.707106781186546));
#6641=DIRECTION('center_axis',(-1.6653345369377E-16,1.,1.50733159935315E-15));
#6642=DIRECTION('ref_axis',(1.,1.6653345369377E-16,2.93667633331632E-16));
#6643=DIRECTION('',(1.6653345369377E-16,-1.,-1.50733159935315E-15));
#6644=DIRECTION('center_axis',(1.8041124150159E-16,1.,1.50733159935315E-15));
#6645=DIRECTION('ref_axis',(1.,-1.8041124150159E-16,2.93667633331631E-16));
#6646=DIRECTION('center_axis',(1.8041124150159E-16,1.,1.50733159935315E-15));
#6647=DIRECTION('ref_axis',(1.,-1.8041124150159E-16,2.93667633331631E-16));
#6648=DIRECTION('',(1.6653345369377E-16,-1.,-1.50733159935315E-15));
#6649=DIRECTION('center_axis',(1.,-3.81273959772588E-16,-9.39913505140765E-16));
#6650=DIRECTION('ref_axis',(9.39913505140764E-16,-1.50733159935315E-15,
1.));
#6651=DIRECTION('',(-3.8127395977259E-16,-1.,-1.50733159935315E-15));
#6652=DIRECTION('',(9.39913505140764E-16,-1.50733159935315E-15,1.));
#6653=DIRECTION('',(-3.8127395977259E-16,-1.,-1.50733159935315E-15));
#6654=DIRECTION('',(9.39913505140764E-16,-1.50733159935315E-15,1.));
#6655=DIRECTION('center_axis',(2.96059473233378E-16,1.,1.50733159935315E-15));
#6656=DIRECTION('ref_axis',(9.39913505140764E-16,-1.50733159935315E-15,
1.));
#6657=DIRECTION('',(1.,-2.96059473233376E-16,-9.39913505140765E-16));
#6658=DIRECTION('',(1.,-2.96059473233376E-16,-9.39913505140765E-16));
#6659=DIRECTION('center_axis',(-5.27355936696952E-16,-1.,-1.50733159935315E-15));
#6660=DIRECTION('ref_axis',(-9.39913505140764E-16,1.50733159935315E-15,
-1.));
#6661=DIRECTION('',(-9.39913505140764E-16,1.50733159935315E-15,-1.));
#6662=DIRECTION('',(-1.,5.27355936696951E-16,9.39913505140765E-16));
#6663=DIRECTION('',(-1.,5.27355936696951E-16,9.39913505140765E-16));
#6664=DIRECTION('center_axis',(-9.39913505140764E-16,1.50733159935316E-15,
-1.));
#6665=DIRECTION('ref_axis',(1.,1.66533453693772E-16,-9.39913505140764E-16));
#6666=DIRECTION('',(1.,-1.82090569367919E-16,-9.39913505140765E-16));
#6667=DIRECTION('center_axis',(-7.23073070643663E-16,1.50733159935315E-15,
-1.));
#6668=DIRECTION('ref_axis',(1.,1.66533453693772E-16,-7.23073070643663E-16));
#6669=DIRECTION('',(-1.,1.80411241501589E-16,7.23073070643664E-16));
#6670=DIRECTION('center_axis',(0.402738614266006,-1.31261381936424E-15,
0.91531503242277));
#6671=DIRECTION('ref_axis',(-0.91531503242277,-7.59491213130041E-16,0.402738614266006));
#6672=DIRECTION('',(1.6653345369377E-16,-1.,-1.50733159935315E-15));
#6673=DIRECTION('',(0.91531503242277,4.41927518198391E-16,-0.402738614266006));
#6674=DIRECTION('center_axis',(-1.6653345369377E-16,1.,1.50733159935315E-15));
#6675=DIRECTION('ref_axis',(1.,1.66533453693783E-16,-8.34140033597513E-15));
#6676=DIRECTION('center_axis',(1.8041124150159E-16,1.,1.50733159935315E-15));
#6677=DIRECTION('ref_axis',(1.,-1.80411241501577E-16,-8.34140033597514E-15));
#6678=DIRECTION('',(1.6653345369377E-16,-1.,-1.50733159935315E-15));
#6679=DIRECTION('center_axis',(1.,1.66533453693781E-16,-6.98224067120089E-15));
#6680=DIRECTION('ref_axis',(6.98224067120089E-15,-1.50733159935315E-15,
1.));
#6681=DIRECTION('',(-6.98224067120089E-15,1.50733159935315E-15,-1.));
#6682=DIRECTION('',(1.6653345369377E-16,-1.,-1.50733159935315E-15));
#6683=DIRECTION('center_axis',(-1.6653345369377E-16,1.,1.50733159935315E-15));
#6684=DIRECTION('ref_axis',(-2.79028521284936E-15,1.50733159935315E-15,
-1.));
#6685=DIRECTION('center_axis',(1.8041124150159E-16,1.,1.50733159935315E-15));
#6686=DIRECTION('ref_axis',(-2.79028521284936E-15,1.50733159935315E-15,
-1.));
#6687=DIRECTION('',(1.6653345369377E-16,-1.,-1.50733159935315E-15));
#6688=DIRECTION('center_axis',(-4.57207842260265E-16,1.50733159935315E-15,
-1.));
#6689=DIRECTION('ref_axis',(1.,1.66533453693771E-16,-4.57207842260265E-16));
#6690=DIRECTION('',(-1.,1.80411241501589E-16,4.57207842260266E-16));
#6691=DIRECTION('center_axis',(-1.6653345369377E-16,1.,1.50733159935315E-15));
#6692=DIRECTION('ref_axis',(1.,1.6653345369375E-16,1.3863060156528E-14));
#6693=DIRECTION('center_axis',(1.8041124150159E-16,1.,1.50733159935315E-15));
#6694=DIRECTION('ref_axis',(1.,-1.80411241501611E-16,1.3863060156528E-14));
#6695=DIRECTION('',(1.6653345369377E-16,-1.,-1.50733159935315E-15));
#6696=DIRECTION('center_axis',(1.,1.66533453693734E-16,2.40401045489252E-14));
#6697=DIRECTION('ref_axis',(-2.40401045489252E-14,-1.50733159935316E-15,
1.));
#6698=DIRECTION('',(2.40401045489252E-14,1.50733159935315E-15,-1.));
#6699=DIRECTION('',(1.6653345369377E-16,-1.,-1.50733159935315E-15));
#6700=DIRECTION('center_axis',(-1.6653345369377E-16,1.,1.50733159935315E-15));
#6701=DIRECTION('ref_axis',(-2.79028521284936E-15,1.50733159935315E-15,
-1.));
#6702=DIRECTION('center_axis',(1.8041124150159E-16,1.,1.50733159935315E-15));
#6703=DIRECTION('ref_axis',(-2.79028521284936E-15,1.50733159935315E-15,
-1.));
#6704=DIRECTION('',(1.6653345369377E-16,-1.,-1.50733159935315E-15));
#6705=DIRECTION('center_axis',(-6.49102862826643E-15,1.50733159935315E-15,
-1.));
#6706=DIRECTION('ref_axis',(1.,1.6653345369378E-16,-6.49102862826643E-15));
#6707=DIRECTION('',(-1.,1.8041124150158E-16,6.49102862826643E-15));
#6708=DIRECTION('',(1.6653345369377E-16,-1.,-1.50733159935315E-15));
#6709=DIRECTION('center_axis',(-1.6653345369377E-16,1.,1.50733159935315E-15));
#6710=DIRECTION('ref_axis',(-9.39913505140764E-16,1.50733159935315E-15,
-1.));
#6711=DIRECTION('center_axis',(-1.8041124150159E-16,-1.,-1.50733159935315E-15));
#6712=DIRECTION('ref_axis',(-9.39913505140764E-16,1.50733159935315E-15,
-1.));
#6713=DIRECTION('',(1.6653345369377E-16,-1.,-1.50733159935315E-15));
#6714=DIRECTION('center_axis',(1.,1.66533453693773E-16,-1.86509935899506E-15));
#6715=DIRECTION('ref_axis',(1.86509935899506E-15,-1.50733159935315E-15,
1.));
#6716=DIRECTION('',(-1.86509935899506E-15,1.50733159935315E-15,-1.));
#6717=DIRECTION('',(1.6653345369377E-16,-1.,-1.50733159935315E-15));
#6718=DIRECTION('center_axis',(-1.6653345369377E-16,1.,1.50733159935315E-15));
#6719=DIRECTION('ref_axis',(1.,1.66533453693772E-16,-9.39913505140764E-16));
#6720=DIRECTION('center_axis',(-1.8041124150159E-16,-1.,-1.50733159935315E-15));
#6721=DIRECTION('ref_axis',(1.,-1.80411241501589E-16,-9.39913505140765E-16));
#6722=DIRECTION('',(1.6653345369377E-16,-1.,-1.50733159935315E-15));
#6723=DIRECTION('center_axis',(1.43334596052972E-15,-1.50733159935315E-15,
1.));
#6724=DIRECTION('ref_axis',(-1.,-1.66533453693773E-16,1.43334596052972E-15));
#6725=DIRECTION('',(1.,-1.80411241501588E-16,-1.43334596052972E-15));
#6726=DIRECTION('',(1.6653345369377E-16,-1.,-1.50733159935315E-15));
#6727=DIRECTION('center_axis',(-0.707106781186547,-1.18360132980066E-15,
0.707106781186548));
#6728=DIRECTION('ref_axis',(-0.707106781186548,9.48087460998097E-16,-0.707106781186547));
#6729=DIRECTION('',(0.707106781186548,-1.19341440766744E-15,0.707106781186547));
#6730=DIRECTION('',(1.6653345369377E-16,-1.,-1.50733159935315E-15));
#6731=DIRECTION('center_axis',(-1.,-1.66533453693772E-16,6.69127401573653E-16));
#6732=DIRECTION('ref_axis',(-6.69127401573653E-16,1.50733159935315E-15,
-1.));
#6733=DIRECTION('',(6.69127401573653E-16,-1.50733159935315E-15,1.));
#6734=DIRECTION('center_axis',(1.,1.66533453693772E-16,-9.39913505140764E-16));
#6735=DIRECTION('ref_axis',(9.39913505140764E-16,-1.50733159935315E-15,
1.));
#6736=DIRECTION('',(1.6653345369377E-16,-1.,-1.50733159935315E-15));
#6737=DIRECTION('center_axis',(9.39913505140764E-16,-1.50733159935315E-15,
1.));
#6738=DIRECTION('ref_axis',(-1.,-1.66533453693772E-16,9.39913505140764E-16));
#6739=DIRECTION('center_axis',(1.8209056936792E-16,1.,1.50227993600963E-15));
#6740=DIRECTION('ref_axis',(9.39913505140764E-16,-1.50227993600963E-15,
1.));
#6741=DIRECTION('',(1.,-1.82090569367919E-16,-9.39913505140765E-16));
#6742=DIRECTION('',(-7.23073070643663E-16,1.50733159935315E-15,-1.));
#6743=DIRECTION('center_axis',(9.39913505140764E-16,-1.50733159935315E-15,
1.));
#6744=DIRECTION('ref_axis',(1.,1.66533453693772E-16,-9.39913505140764E-16));
#6745=DIRECTION('',(1.,1.66533453693772E-16,-9.39913505140764E-16));
#6746=DIRECTION('',(9.99200722162638E-16,-1.,-1.50733159935315E-15));
#6747=DIRECTION('',(-1.,-1.04302531523995E-15,9.39913505140763E-16));
#6748=DIRECTION('',(-1.,-1.17582711244392E-15,9.39913505140762E-16));
#6749=DIRECTION('',(-7.21644966006348E-16,1.,1.50733159935315E-15));
#6750=DIRECTION('',(1.,1.66533453693772E-16,-9.39913505140764E-16));
#6751=DIRECTION('',(1.34740703443144E-15,1.,1.50733159935315E-15));
#6752=DIRECTION('center_axis',(9.39913505140764E-16,-1.50733159935315E-15,
1.));
#6753=DIRECTION('ref_axis',(-1.,-1.66533453693772E-16,9.39913505140764E-16));
#6754=DIRECTION('center_axis',(9.39913505140764E-16,-1.50733159935315E-15,
1.));
#6755=DIRECTION('ref_axis',(-1.,-1.66533453693772E-16,9.39913505140764E-16));
#6756=DIRECTION('center_axis',(9.39913505140764E-16,-1.50733159935315E-15,
1.));
#6757=DIRECTION('ref_axis',(-1.,-1.66533453693772E-16,9.39913505140764E-16));
#6758=DIRECTION('center_axis',(9.39913505140764E-16,-1.50733159935315E-15,
1.));
#6759=DIRECTION('ref_axis',(-1.,-1.66533453693772E-16,9.39913505140764E-16));
#6760=DIRECTION('center_axis',(9.39913505140764E-16,-1.50733159935315E-15,
1.));
#6761=DIRECTION('ref_axis',(-1.,-1.66533453693772E-16,9.39913505140764E-16));
#6762=DIRECTION('center_axis',(9.39913505140764E-16,-1.50733159935315E-15,
1.));
#6763=DIRECTION('ref_axis',(1.,1.66533453693772E-16,-9.39913505140764E-16));
#6764=DIRECTION('',(-1.,-1.04302531523995E-15,9.39913505140763E-16));
#6765=DIRECTION('',(9.99200722162638E-16,-1.,-1.50733159935315E-15));
#6766=DIRECTION('',(1.,1.66533453693772E-16,-9.39913505140764E-16));
#6767=DIRECTION('',(1.6653345369377E-16,-1.,-1.50733159935315E-15));
#6768=DIRECTION('',(1.,1.66533453693772E-16,-9.39913505140764E-16));
#6769=DIRECTION('',(-7.21644966006348E-16,1.,1.50733159935315E-15));
#6770=DIRECTION('',(-1.,-1.17582711244392E-15,9.39913505140762E-16));
#6771=DIRECTION('center_axis',(-9.39913505140764E-16,1.50733159935315E-15,
-1.));
#6772=DIRECTION('ref_axis',(-1.,-1.66533453693772E-16,9.39913505140764E-16));
#6773=DIRECTION('center_axis',(-9.39913505140764E-16,1.50733159935315E-15,
-1.));
#6774=DIRECTION('ref_axis',(-1.,-1.66533453693772E-16,9.39913505140764E-16));
#6775=DIRECTION('center_axis',(-9.39913505140764E-16,1.50733159935315E-15,
-1.));
#6776=DIRECTION('ref_axis',(-1.,-1.66533453693772E-16,9.39913505140764E-16));
#6777=DIRECTION('center_axis',(-9.39913505140764E-16,1.50733159935315E-15,
-1.));
#6778=DIRECTION('ref_axis',(-1.,-1.66533453693772E-16,9.39913505140764E-16));
#6779=DIRECTION('center_axis',(-9.39913505140764E-16,1.50733159935315E-15,
-1.));
#6780=DIRECTION('ref_axis',(-1.,-1.66533453693772E-16,9.39913505140764E-16));
#6781=DIRECTION('center_axis',(-1.,1.34740703443144E-15,9.39913505140766E-16));
#6782=DIRECTION('ref_axis',(9.39913505140764E-16,-1.50733159935315E-15,
1.));
#6783=DIRECTION('',(9.39913505140764E-16,-1.50733159935315E-15,1.));
#6784=DIRECTION('center_axis',(-1.6653345369377E-16,1.,1.50733159935315E-15));
#6785=DIRECTION('ref_axis',(-0.707106781186548,-1.18360132980066E-15,0.707106781186547));
#6786=DIRECTION('center_axis',(-1.0689211770199E-17,-1.,-1.50733159935315E-15));
#6787=DIRECTION('ref_axis',(-0.707106781186548,-1.18360132980066E-15,0.707106781186547));
#6788=DIRECTION('',(1.6653345369377E-16,-1.,-1.50733159935315E-15));
#6789=DIRECTION('center_axis',(2.15105711021127E-16,1.,1.50733159935315E-15));
#6790=DIRECTION('ref_axis',(-0.707106781186548,-1.18360132980066E-15,0.707106781186547));
#6791=DIRECTION('',(-1.6653345369377E-16,1.,1.50733159935315E-15));
#6792=DIRECTION('center_axis',(-2.15105711021127E-16,-1.,-1.50733159935315E-15));
#6793=DIRECTION('ref_axis',(-9.39913505140764E-16,1.50733159935315E-15,
-1.));
#6794=DIRECTION('',(9.39913505140764E-16,-1.50733159935315E-15,1.));
#6795=DIRECTION('center_axis',(2.15105711021127E-16,1.,1.50733159935315E-15));
#6796=DIRECTION('ref_axis',(-0.70710678118655,9.48087460998093E-16,-0.707106781186545));
#6797=DIRECTION('',(-1.,2.15105711021126E-16,9.39913505140765E-16));
#6798=DIRECTION('',(9.39913505140764E-16,-1.50733159935315E-15,1.));
#6799=DIRECTION('',(-1.,2.15105711021126E-16,9.39913505140765E-16));
#6800=DIRECTION('center_axis',(-1.,-1.66533453693772E-16,9.39913505140764E-16));
#6801=DIRECTION('ref_axis',(9.39913505140764E-16,-1.50733159935315E-15,
1.));
#6802=DIRECTION('',(9.39913505140764E-16,-1.50733159935315E-15,1.));
#6803=DIRECTION('',(-1.6653345369377E-16,1.,1.50733159935315E-15));
#6804=DIRECTION('center_axis',(-1.6653345369377E-16,1.,1.50733159935315E-15));
#6805=DIRECTION('ref_axis',(-0.70710678118655,9.48087460998093E-16,-0.707106781186545));
#6806=DIRECTION('center_axis',(-1.0689211770199E-17,-1.,-1.50733159935315E-15));
#6807=DIRECTION('ref_axis',(-0.70710678118655,9.48087460998093E-16,-0.707106781186545));
#6808=DIRECTION('',(1.6653345369377E-16,-1.,-1.50733159935315E-15));
#6809=DIRECTION('center_axis',(9.39913505140764E-16,-1.50733159935315E-15,
1.));
#6810=DIRECTION('ref_axis',(0.618606859869742,-0.785700676416978,-1.76574839916075E-15));
#6811=DIRECTION('center_axis',(-9.39913505140764E-16,1.50733159935315E-15,
-1.));
#6812=DIRECTION('ref_axis',(0.618606859869742,-0.785700676416978,-1.76574839916075E-15));
#6813=DIRECTION('',(9.39913505140764E-16,-1.50733159935315E-15,1.));
#6814=DIRECTION('center_axis',(-9.39913505140764E-16,1.50733159935315E-15,
-1.));
#6815=DIRECTION('ref_axis',(0.618606859869742,-0.785700676416978,-1.76574839916075E-15));
#6816=DIRECTION('',(9.39913505140764E-16,-1.50733159935315E-15,1.));
#6817=DIRECTION('center_axis',(-0.416666666666667,-0.90905934288631,-9.78623246077762E-16));
#6818=DIRECTION('ref_axis',(-9.39913505140764E-16,1.50733159935315E-15,
-1.));
#6819=DIRECTION('',(-0.90905934288631,0.416666666666667,1.48249198641704E-15));
#6820=DIRECTION('',(-0.90905934288631,0.416666666666667,1.48249198641704E-15));
#6821=DIRECTION('center_axis',(1.0689211770199E-17,1.,1.50733159935315E-15));
#6822=DIRECTION('ref_axis',(9.39913505140764E-16,-1.50733159935315E-15,
1.));
#6823=DIRECTION('',(1.,-1.06892117701973E-17,-9.39913505140764E-16));
#6824=DIRECTION('',(9.39913505140764E-16,-1.50733159935315E-15,1.));
#6825=DIRECTION('',(1.,-1.06892117701973E-17,-9.39913505140764E-16));
#6826=DIRECTION('center_axis',(0.416666666666667,0.90905934288631,9.78623246077762E-16));
#6827=DIRECTION('ref_axis',(9.39913505140764E-16,-1.50733159935315E-15,
1.));
#6828=DIRECTION('',(0.90905934288631,-0.416666666666667,-1.48249198641705E-15));
#6829=DIRECTION('',(9.39913505140764E-16,-1.50733159935315E-15,1.));
#6830=DIRECTION('',(0.90905934288631,-0.416666666666667,-1.48249198641705E-15));
#6831=DIRECTION('center_axis',(9.39913505140764E-16,-1.50733159935315E-15,
1.));
#6832=DIRECTION('ref_axis',(-0.618606859869742,0.785700676416978,1.76574839916075E-15));
#6833=DIRECTION('center_axis',(9.39913505140764E-16,-1.50733159935315E-15,
1.));
#6834=DIRECTION('ref_axis',(-0.618606859869742,0.785700676416978,1.76574839916075E-15));
#6835=DIRECTION('',(9.39913505140764E-16,-1.50733159935315E-15,1.));
#6836=DIRECTION('center_axis',(9.39913505140764E-16,-1.50733159935315E-15,
1.));
#6837=DIRECTION('ref_axis',(-0.618606859869742,0.785700676416978,1.76574839916075E-15));
#6838=DIRECTION('center_axis',(-0.618606859869742,0.785700676416979,1.76574839916075E-15));
#6839=DIRECTION('ref_axis',(9.39913505140764E-16,-1.50733159935315E-15,
1.));
#6840=DIRECTION('',(0.785700676416979,0.618606859869742,1.93954990695737E-16));
#6841=DIRECTION('',(9.39913505140764E-16,-1.50733159935315E-15,1.));
#6842=DIRECTION('',(0.785700676416979,0.618606859869742,1.93954990695737E-16));
#6843=DIRECTION('center_axis',(9.39913505140764E-16,-1.50733159935315E-15,
1.));
#6844=DIRECTION('ref_axis',(-0.618606859869746,0.785700676416975,1.76574839916075E-15));
#6845=DIRECTION('center_axis',(-9.39913505140764E-16,1.50733159935315E-15,
-1.));
#6846=DIRECTION('ref_axis',(-0.618606859869746,0.785700676416975,1.76574839916075E-15));
#6847=DIRECTION('center_axis',(-9.39913505140764E-16,1.50733159935315E-15,
-1.));
#6848=DIRECTION('ref_axis',(-0.618606859869746,0.785700676416975,1.76574839916075E-15));
#6849=DIRECTION('center_axis',(0.618606859869742,-0.785700676416978,-1.76574839916075E-15));
#6850=DIRECTION('ref_axis',(-9.39913505140764E-16,1.50733159935315E-15,
-1.));
#6851=DIRECTION('',(-0.785700676416978,-0.618606859869742,-1.93954990695738E-16));
#6852=DIRECTION('',(-0.785700676416978,-0.618606859869742,-1.93954990695738E-16));
#6853=DIRECTION('center_axis',(-1.,-5.13478148889133E-16,9.39913505140763E-16));
#6854=DIRECTION('ref_axis',(-5.4686227881257E-16,-0.707106781186546,-0.707106781186549));
#6855=DIRECTION('center_axis',(1.,1.66533453693772E-16,-9.39913505140764E-16));
#6856=DIRECTION('ref_axis',(-5.4686227881257E-16,-0.707106781186546,-0.707106781186549));
#6857=DIRECTION('',(1.,5.13478148889133E-16,-9.39913505140763E-16));
#6858=DIRECTION('center_axis',(-9.39913505140764E-16,1.50733159935315E-15,
-1.));
#6859=DIRECTION('ref_axis',(-1.,-1.66533453693772E-16,9.39913505140764E-16));
#6860=DIRECTION('',(-1.6653345369377E-16,1.,1.50733159935315E-15));
#6861=DIRECTION('',(-1.,-8.60422844084495E-16,9.39913505140763E-16));
#6862=DIRECTION('',(-7.1434086716013E-16,1.,1.50733159935315E-15));
#6863=DIRECTION('',(1.,6.29126380620921E-16,-9.39913505140763E-16));
#6864=DIRECTION('center_axis',(-1.,-1.66533453693772E-16,9.39913505140764E-16));
#6865=DIRECTION('ref_axis',(9.39913505140764E-16,-1.50733159935315E-15,
1.));
#6866=DIRECTION('',(-1.6653345369377E-16,1.,1.50733159935315E-15));
#6867=DIRECTION('',(-9.39913505140764E-16,1.50733159935315E-15,-1.));
#6868=DIRECTION('center_axis',(-1.6653345369377E-16,1.,1.50733159935315E-15));
#6869=DIRECTION('ref_axis',(1.,1.6653345369377E-16,2.93667633331632E-16));
#6870=DIRECTION('',(-1.6653345369377E-16,1.,1.50733159935315E-15));
#6871=DIRECTION('center_axis',(-5.13478148889131E-16,1.,1.50733159935315E-15));
#6872=DIRECTION('ref_axis',(1.,5.13478148889131E-16,2.93667633331632E-16));
#6873=DIRECTION('center_axis',(8.60422844084493E-16,-1.,-1.50733159935315E-15));
#6874=DIRECTION('ref_axis',(-9.39913505140764E-16,1.50733159935315E-15,
-1.));
#6875=DIRECTION('',(-1.,-8.60422844084495E-16,9.39913505140763E-16));
#6876=DIRECTION('',(9.39913505140764E-16,-1.50733159935315E-15,1.));
#6877=DIRECTION('center_axis',(-1.,-7.14340867160132E-16,9.39913505140763E-16));
#6878=DIRECTION('ref_axis',(9.39913505140764E-16,-1.50733159935315E-15,
1.));
#6879=DIRECTION('',(-7.1434086716013E-16,1.,1.50733159935315E-15));
#6880=DIRECTION('',(9.39913505140764E-16,-1.50733159935315E-15,1.));
#6881=DIRECTION('center_axis',(-6.29126380620919E-16,1.,1.50733159935315E-15));
#6882=DIRECTION('ref_axis',(9.39913505140764E-16,-1.50733159935315E-15,
1.));
#6883=DIRECTION('',(1.,6.29126380620921E-16,-9.39913505140763E-16));
#6884=DIRECTION('center_axis',(9.39913505140764E-16,-1.50733159935315E-15,
1.));
#6885=DIRECTION('ref_axis',(1.,1.66533453693772E-16,-9.39913505140764E-16));
#6886=DIRECTION('center_axis',(7.23073070643663E-16,-1.50733159935315E-15,
1.));
#6887=DIRECTION('ref_axis',(1.,1.66533453693772E-16,-7.23073070643663E-16));
#6888=DIRECTION('center_axis',(-0.402738614266006,1.31261381936424E-15,
-0.91531503242277));
#6889=DIRECTION('ref_axis',(-0.91531503242277,-7.59491213130041E-16,0.402738614266006));
#6890=DIRECTION('',(-1.6653345369377E-16,1.,1.50733159935315E-15));
#6891=DIRECTION('center_axis',(-1.6653345369377E-16,1.,1.50733159935315E-15));
#6892=DIRECTION('ref_axis',(1.,1.66533453693783E-16,-8.34140033597513E-15));
#6893=DIRECTION('',(-1.6653345369377E-16,1.,1.50733159935315E-15));
#6894=DIRECTION('center_axis',(-1.,-1.66533453693781E-16,6.98224067120089E-15));
#6895=DIRECTION('ref_axis',(6.98224067120089E-15,-1.50733159935315E-15,
1.));
#6896=DIRECTION('',(-1.6653345369377E-16,1.,1.50733159935315E-15));
#6897=DIRECTION('center_axis',(-1.6653345369377E-16,1.,1.50733159935315E-15));
#6898=DIRECTION('ref_axis',(-2.79028521284936E-15,1.50733159935315E-15,
-1.));
#6899=DIRECTION('',(-1.6653345369377E-16,1.,1.50733159935315E-15));
#6900=DIRECTION('center_axis',(4.57207842260265E-16,-1.50733159935315E-15,
1.));
#6901=DIRECTION('ref_axis',(1.,1.66533453693771E-16,-4.57207842260265E-16));
#6902=DIRECTION('center_axis',(-9.39913505140764E-16,1.50733159935315E-15,
-1.));
#6903=DIRECTION('ref_axis',(-1.,-1.66533453693772E-16,9.39913505140764E-16));
#6904=DIRECTION('',(-1.6653345369377E-16,1.,1.50733159935315E-15));
#6905=DIRECTION('center_axis',(-1.6653345369377E-16,1.,1.50733159935315E-15));
#6906=DIRECTION('ref_axis',(1.,1.6653345369375E-16,1.3863060156528E-14));
#6907=DIRECTION('',(-1.6653345369377E-16,1.,1.50733159935315E-15));
#6908=DIRECTION('center_axis',(-1.,-1.66533453693734E-16,-2.40401045489252E-14));
#6909=DIRECTION('ref_axis',(-2.40401045489252E-14,-1.50733159935316E-15,
1.));
#6910=DIRECTION('',(-1.6653345369377E-16,1.,1.50733159935315E-15));
#6911=DIRECTION('center_axis',(-1.6653345369377E-16,1.,1.50733159935315E-15));
#6912=DIRECTION('ref_axis',(-2.79028521284936E-15,1.50733159935315E-15,
-1.));
#6913=DIRECTION('',(-1.6653345369377E-16,1.,1.50733159935315E-15));
#6914=DIRECTION('center_axis',(6.49102862826643E-15,-1.50733159935315E-15,
1.));
#6915=DIRECTION('ref_axis',(1.,1.6653345369378E-16,-6.49102862826643E-15));
#6916=DIRECTION('',(-1.6653345369377E-16,1.,1.50733159935315E-15));
#6917=DIRECTION('center_axis',(-1.6653345369377E-16,1.,1.50733159935315E-15));
#6918=DIRECTION('ref_axis',(-9.39913505140764E-16,1.50733159935315E-15,
-1.));
#6919=DIRECTION('',(-1.6653345369377E-16,1.,1.50733159935315E-15));
#6920=DIRECTION('center_axis',(-1.,-1.66533453693773E-16,1.86509935899506E-15));
#6921=DIRECTION('ref_axis',(1.86509935899506E-15,-1.50733159935315E-15,
1.));
#6922=DIRECTION('',(-1.6653345369377E-16,1.,1.50733159935315E-15));
#6923=DIRECTION('center_axis',(-1.6653345369377E-16,1.,1.50733159935315E-15));
#6924=DIRECTION('ref_axis',(1.,1.66533453693772E-16,-9.39913505140764E-16));
#6925=DIRECTION('',(-1.6653345369377E-16,1.,1.50733159935315E-15));
#6926=DIRECTION('center_axis',(-1.43334596052972E-15,1.50733159935315E-15,
-1.));
#6927=DIRECTION('ref_axis',(-1.,-1.66533453693773E-16,1.43334596052972E-15));
#6928=DIRECTION('',(-1.6653345369377E-16,1.,1.50733159935315E-15));
#6929=DIRECTION('center_axis',(0.707106781186547,1.18360132980066E-15,-0.707106781186548));
#6930=DIRECTION('ref_axis',(-0.707106781186548,9.48087460998097E-16,-0.707106781186547));
#6931=DIRECTION('',(-1.6653345369377E-16,1.,1.50733159935315E-15));
#6932=DIRECTION('center_axis',(1.,1.66533453693772E-16,-6.69127401573653E-16));
#6933=DIRECTION('ref_axis',(-6.69127401573653E-16,1.50733159935315E-15,
-1.));
#6934=DIRECTION('center_axis',(9.39913505140764E-16,-1.50733159935315E-15,
1.));
#6935=DIRECTION('ref_axis',(-1.,-1.66533453693772E-16,9.39913505140764E-16));
#6936=DIRECTION('',(9.39913505140764E-16,-1.50733159935315E-15,1.));
#6937=DIRECTION('center_axis',(9.39913505140764E-16,-1.50733159935315E-15,
1.));
#6938=DIRECTION('ref_axis',(-1.,-1.66533453693772E-16,9.39913505140764E-16));
#6939=DIRECTION('',(9.39913505140764E-16,-1.50733159935315E-15,1.));
#6940=DIRECTION('center_axis',(9.39913505140764E-16,-1.50733159935315E-15,
1.));
#6941=DIRECTION('ref_axis',(-1.,-1.66533453693772E-16,9.39913505140764E-16));
#6942=DIRECTION('',(9.39913505140764E-16,-1.50733159935315E-15,1.));
#6943=DIRECTION('center_axis',(9.39913505140764E-16,-1.50733159935315E-15,
1.));
#6944=DIRECTION('ref_axis',(-1.,-1.66533453693772E-16,9.39913505140764E-16));
#6945=DIRECTION('',(9.39913505140764E-16,-1.50733159935315E-15,1.));
#6946=DIRECTION('center_axis',(9.39913505140764E-16,-1.50733159935315E-15,
1.));
#6947=DIRECTION('ref_axis',(-1.,-1.66533453693772E-16,9.39913505140764E-16));
#6948=DIRECTION('',(9.39913505140764E-16,-1.50733159935315E-15,1.));
#6949=DIRECTION('center_axis',(-1.6653345369377E-16,1.,1.50733159935315E-15));
#6950=DIRECTION('ref_axis',(9.39913505140764E-16,-1.50733159935315E-15,
1.));
#6951=DIRECTION('',(9.39913505140764E-16,-1.50733159935315E-15,1.));
#6952=DIRECTION('center_axis',(-1.6653345369377E-16,1.,1.50733159935315E-15));
#6953=DIRECTION('ref_axis',(9.39913505140764E-16,-1.50733159935315E-15,
1.));
#6954=DIRECTION('',(9.39913505140764E-16,-1.50733159935315E-15,1.));
#6955=DIRECTION('center_axis',(1.,9.9920072216264E-16,-9.39913505140763E-16));
#6956=DIRECTION('ref_axis',(-9.39913505140764E-16,1.50733159935315E-15,
-1.));
#6957=DIRECTION('',(9.39913505140764E-16,-1.50733159935315E-15,1.));
#6958=DIRECTION('center_axis',(1.04302531523995E-15,-1.,-1.50733159935315E-15));
#6959=DIRECTION('ref_axis',(-9.39913505140764E-16,1.50733159935315E-15,
-1.));
#6960=DIRECTION('center_axis',(1.17582711244392E-15,-1.,-1.50733159935315E-15));
#6961=DIRECTION('ref_axis',(-9.39913505140764E-16,1.50733159935315E-15,
-1.));
#6962=DIRECTION('',(9.39913505140764E-16,-1.50733159935315E-15,1.));
#6963=DIRECTION('center_axis',(-1.,-7.2164496600635E-16,9.39913505140763E-16));
#6964=DIRECTION('ref_axis',(9.39913505140764E-16,-1.50733159935315E-15,
1.));
#6965=DIRECTION('center_axis',(7.40349121894744E-16,6.95816078386803E-16,
-1.));
#6966=DIRECTION('ref_axis',(1.,0.,8.27256485823472E-16));
#6967=DIRECTION('center_axis',(-7.40349121894744E-16,-6.95816078386803E-16,
1.));
#6968=DIRECTION('ref_axis',(1.,6.12303176911189E-17,7.40349121894744E-16));
#6969=DIRECTION('center_axis',(1.22464679914735E-16,1.,6.95816078386803E-16));
#6970=DIRECTION('ref_axis',(-1.,1.22464679914735E-16,-6.51383059703521E-16));
#6971=DIRECTION('center_axis',(7.40349121894744E-16,6.95816078386803E-16,
-1.));
#6972=DIRECTION('ref_axis',(1.,-1.46008119619367E-46,7.40349121894744E-16));
#6973=DIRECTION('center_axis',(7.40349121894744E-16,6.95816078386803E-16,
-1.));
#6974=DIRECTION('ref_axis',(1.,-1.46008119619367E-46,7.40349121894744E-16));
#6975=DIRECTION('',(-0.0284450295045259,6.92051010739149E-16,-0.999595358280783));
#6976=DIRECTION('center_axis',(7.40349121894744E-16,6.95816078386803E-16,
-1.));
#6977=DIRECTION('ref_axis',(1.,-1.46008119619367E-46,7.40349121894744E-16));
#6978=DIRECTION('center_axis',(7.40349121894744E-16,6.95816078386803E-16,
-1.));
#6979=DIRECTION('ref_axis',(1.,-1.46008119619367E-46,7.40349121894744E-16));
#6980=DIRECTION('center_axis',(1.22464679914735E-16,1.,6.95816078386803E-16));
#6981=DIRECTION('ref_axis',(-1.,1.22464679914735E-16,-6.43945775109224E-16));
#6982=DIRECTION('center_axis',(-8.16600703256362E-16,-6.95816078386803E-16,
1.));
#6983=DIRECTION('ref_axis',(1.,-5.30570763138333E-32,8.16600703256362E-16));
#6984=DIRECTION('center_axis',(-7.40349121894744E-16,-6.95816078386803E-16,
1.));
#6985=DIRECTION('ref_axis',(-0.116731517509728,-0.993163507595741,-7.77481213537918E-16));
#6986=DIRECTION('center_axis',(7.40349121894744E-16,6.95816078386803E-16,
-1.));
#6987=DIRECTION('ref_axis',(-0.116731517509728,-0.993163507595741,-7.77481213537918E-16));
#6988=DIRECTION('',(-7.40349121894744E-16,-6.95816078386803E-16,1.));
#6989=DIRECTION('center_axis',(-7.40349121894744E-16,-6.95816078386803E-16,
1.));
#6990=DIRECTION('ref_axis',(-0.116731517509728,-0.993163507595741,-7.77481213537918E-16));
#6991=DIRECTION('',(-7.40349121894744E-16,-6.95816078386803E-16,1.));
#6992=DIRECTION('center_axis',(3.94430452610506E-31,-1.,-6.95816078386803E-16));
#6993=DIRECTION('ref_axis',(-7.40349121894744E-16,-6.95816078386803E-16,
1.));
#6994=DIRECTION('',(-1.,1.46008119619367E-46,-7.40349121894744E-16));
#6995=DIRECTION('',(1.,-1.46008119619367E-46,7.40349121894744E-16));
#6996=DIRECTION('',(-7.40349121894744E-16,-6.95816078386803E-16,1.));
#6997=DIRECTION('center_axis',(-7.40349121894744E-16,-6.95816078386803E-16,
1.));
#6998=DIRECTION('ref_axis',(0.171428571428571,0.98519655140381,8.12432593162814E-16));
#6999=DIRECTION('center_axis',(-7.40349121894744E-16,-6.95816078386803E-16,
1.));
#7000=DIRECTION('ref_axis',(0.171428571428571,0.98519655140381,8.12432593162814E-16));
#7001=DIRECTION('center_axis',(7.40349121894744E-16,6.95816078386803E-16,
-1.));
#7002=DIRECTION('ref_axis',(0.171428571428571,0.98519655140381,8.12432593162814E-16));
#7003=DIRECTION('',(-7.40349121894744E-16,-6.95816078386803E-16,1.));
#7004=DIRECTION('center_axis',(-1.,1.46008119619367E-46,-7.40349121894744E-16));
#7005=DIRECTION('ref_axis',(7.40349121894744E-16,6.95816078386803E-16,-1.));
#7006=DIRECTION('',(-3.94430452610506E-31,1.,6.95816078386803E-16));
#7007=DIRECTION('',(3.94430452610506E-31,-1.,-6.95816078386803E-16));
#7008=DIRECTION('center_axis',(-7.40349121894744E-16,-6.95816078386803E-16,
1.));
#7009=DIRECTION('ref_axis',(-1.,1.46008119619367E-46,-7.40349121894744E-16));
#7010=DIRECTION('center_axis',(-7.40349121894744E-16,-6.95816078386803E-16,
1.));
#7011=DIRECTION('ref_axis',(0.98519655140381,-0.171428571428571,6.1010664543066E-16));
#7012=DIRECTION('center_axis',(-7.40349121894744E-16,-6.95816078386803E-16,
1.));
#7013=DIRECTION('ref_axis',(0.98519655140381,-0.171428571428571,6.1010664543066E-16));
#7014=DIRECTION('',(-7.40349121894744E-16,-6.95816078386803E-16,1.));
#7015=DIRECTION('center_axis',(7.40349121894744E-16,6.95816078386803E-16,
-1.));
#7016=DIRECTION('ref_axis',(0.98519655140381,-0.171428571428571,6.1010664543066E-16));
#7017=DIRECTION('',(-7.40349121894744E-16,-6.95816078386803E-16,1.));
#7018=DIRECTION('center_axis',(-4.18845239934643E-17,-1.,-6.95816078386803E-16));
#7019=DIRECTION('ref_axis',(-7.40349121894744E-16,-6.95816078386803E-16,
1.));
#7020=DIRECTION('',(-1.,4.18845239934647E-17,-7.40349121894744E-16));
#7021=DIRECTION('',(1.,-4.18845239934647E-17,7.40349121894744E-16));
#7022=DIRECTION('',(-7.40349121894744E-16,-6.95816078386803E-16,1.));
#7023=DIRECTION('center_axis',(-7.40349121894744E-16,-6.95816078386803E-16,
1.));
#7024=DIRECTION('ref_axis',(-0.993163507595741,0.116731517509728,-6.54064064008652E-16));
#7025=DIRECTION('center_axis',(7.40349121894744E-16,6.95816078386803E-16,
-1.));
#7026=DIRECTION('ref_axis',(-0.993163507595741,0.116731517509728,-6.54064064008652E-16));
#7027=DIRECTION('center_axis',(-7.40349121894744E-16,-6.95816078386803E-16,
1.));
#7028=DIRECTION('ref_axis',(-0.993163507595741,0.116731517509728,-6.54064064008652E-16));
#7029=DIRECTION('',(-7.40349121894744E-16,-6.95816078386803E-16,1.));
#7030=DIRECTION('center_axis',(1.,-1.46008119619367E-46,7.40349121894744E-16));
#7031=DIRECTION('ref_axis',(-7.40349121894744E-16,-6.95816078386803E-16,
1.));
#7032=DIRECTION('',(3.94430452610506E-31,-1.,-6.95816078386803E-16));
#7033=DIRECTION('',(-3.94430452610506E-31,1.,6.95816078386803E-16));
#7034=DIRECTION('center_axis',(-7.40349121894744E-16,-6.95816078386803E-16,
1.));
#7035=DIRECTION('ref_axis',(-1.,1.46008119619367E-46,-7.40349121894744E-16));
#7036=DIRECTION('center_axis',(-7.40349121894744E-16,-6.95816078386803E-16,
1.));
#7037=DIRECTION('ref_axis',(0.116731517509728,0.993163507595741,7.77481213537918E-16));
#7038=DIRECTION('center_axis',(7.40349121894744E-16,6.95816078386803E-16,
-1.));
#7039=DIRECTION('ref_axis',(0.116731517509728,0.993163507595741,7.77481213537918E-16));
#7040=DIRECTION('',(-7.40349121894744E-16,-6.95816078386803E-16,1.));
#7041=DIRECTION('center_axis',(-7.40349121894744E-16,-6.95816078386803E-16,
1.));
#7042=DIRECTION('ref_axis',(0.116731517509728,0.993163507595741,7.77481213537918E-16));
#7043=DIRECTION('',(-7.40349121894744E-16,-6.95816078386803E-16,1.));
#7044=DIRECTION('center_axis',(-4.1884523993465E-17,1.,6.95816078386803E-16));
#7045=DIRECTION('ref_axis',(7.40349121894744E-16,6.95816078386803E-16,-1.));
#7046=DIRECTION('',(1.,4.18845239934647E-17,7.40349121894744E-16));
#7047=DIRECTION('',(-1.,-4.18845239934647E-17,-7.40349121894744E-16));
#7048=DIRECTION('',(-7.40349121894744E-16,-6.95816078386803E-16,1.));
#7049=DIRECTION('center_axis',(-7.40349121894744E-16,-6.95816078386803E-16,
1.));
#7050=DIRECTION('ref_axis',(-0.171428571428571,-0.98519655140381,-8.12432593162814E-16));
#7051=DIRECTION('center_axis',(-7.40349121894744E-16,-6.95816078386803E-16,
1.));
#7052=DIRECTION('ref_axis',(-0.171428571428571,-0.98519655140381,-8.12432593162814E-16));
#7053=DIRECTION('center_axis',(7.40349121894744E-16,6.95816078386803E-16,
-1.));
#7054=DIRECTION('ref_axis',(-0.171428571428571,-0.98519655140381,-8.12432593162814E-16));
#7055=DIRECTION('',(-7.40349121894744E-16,-6.95816078386803E-16,1.));
#7056=DIRECTION('center_axis',(1.,-1.46008119619367E-46,7.40349121894744E-16));
#7057=DIRECTION('ref_axis',(-7.40349121894744E-16,-6.95816078386803E-16,
1.));
#7058=DIRECTION('',(3.94430452610506E-31,-1.,-6.95816078386803E-16));
#7059=DIRECTION('',(-3.94430452610506E-31,1.,6.95816078386803E-16));
#7060=DIRECTION('center_axis',(-7.40349121894744E-16,-6.95816078386803E-16,
1.));
#7061=DIRECTION('ref_axis',(-1.,1.46008119619367E-46,-7.40349121894744E-16));
#7062=DIRECTION('center_axis',(-7.40349121894744E-16,-6.95816078386803E-16,
1.));
#7063=DIRECTION('ref_axis',(-0.98519655140381,0.171428571428571,-6.1010664543066E-16));
#7064=DIRECTION('center_axis',(-7.40349121894744E-16,-6.95816078386803E-16,
1.));
#7065=DIRECTION('ref_axis',(-0.98519655140381,0.171428571428571,-6.1010664543066E-16));
#7066=DIRECTION('',(-7.40349121894744E-16,-6.95816078386803E-16,1.));
#7067=DIRECTION('center_axis',(7.40349121894744E-16,6.95816078386803E-16,
-1.));
#7068=DIRECTION('ref_axis',(-0.98519655140381,0.171428571428571,-6.1010664543066E-16));
#7069=DIRECTION('',(-7.40349121894744E-16,-6.95816078386803E-16,1.));
#7070=DIRECTION('center_axis',(-3.94430452610506E-31,1.,6.95816078386803E-16));
#7071=DIRECTION('ref_axis',(7.40349121894744E-16,6.95816078386803E-16,-1.));
#7072=DIRECTION('',(1.,-1.46008119619367E-46,7.40349121894744E-16));
#7073=DIRECTION('',(-1.,1.46008119619367E-46,-7.40349121894744E-16));
#7074=DIRECTION('',(-7.40349121894744E-16,-6.95816078386803E-16,1.));
#7075=DIRECTION('center_axis',(-7.40349121894744E-16,-6.95816078386803E-16,
1.));
#7076=DIRECTION('ref_axis',(0.993163507595741,-0.116731517509728,6.54064064008652E-16));
#7077=DIRECTION('center_axis',(7.40349121894744E-16,6.95816078386803E-16,
-1.));
#7078=DIRECTION('ref_axis',(0.993163507595741,-0.116731517509728,6.54064064008652E-16));
#7079=DIRECTION('center_axis',(-7.40349121894744E-16,-6.95816078386803E-16,
1.));
#7080=DIRECTION('ref_axis',(0.993163507595741,-0.116731517509728,6.54064064008652E-16));
#7081=DIRECTION('',(-7.40349121894744E-16,-6.95816078386803E-16,1.));
#7082=DIRECTION('center_axis',(-1.,1.46008119619367E-46,-7.40349121894744E-16));
#7083=DIRECTION('ref_axis',(7.40349121894744E-16,6.95816078386803E-16,-1.));
#7084=DIRECTION('',(-3.94430452610506E-31,1.,6.95816078386803E-16));
#7085=DIRECTION('',(3.94430452610506E-31,-1.,-6.95816078386803E-16));
#7086=DIRECTION('center_axis',(-7.40349121894744E-16,-6.95816078386803E-16,
1.));
#7087=DIRECTION('ref_axis',(-1.,1.46008119619367E-46,-7.40349121894744E-16));
#7088=DIRECTION('center_axis',(-7.40349121894744E-16,-6.95816078386803E-16,
1.));
#7089=DIRECTION('ref_axis',(1.,-1.46008119619367E-46,7.40349121894744E-16));
#7090=DIRECTION('center_axis',(7.40349121894744E-16,6.95816078386803E-16,
-1.));
#7091=DIRECTION('ref_axis',(1.,-1.46008119619367E-46,7.40349121894744E-16));
#7092=DIRECTION('',(7.40349121894744E-16,6.95816078386803E-16,-1.));
#7093=DIRECTION('center_axis',(7.40349121894744E-16,6.95816078386803E-16,
-1.));
#7094=DIRECTION('ref_axis',(1.,-1.46008119619367E-46,7.40349121894744E-16));
#7095=DIRECTION('center_axis',(7.40349121894744E-16,6.95816078386803E-16,
-1.));
#7096=DIRECTION('ref_axis',(1.,-1.46008119619367E-46,7.40349121894744E-16));
#7097=DIRECTION('center_axis',(7.40349121894744E-16,6.95816078386803E-16,
-1.));
#7098=DIRECTION('ref_axis',(1.,-1.46008119619367E-46,7.40349121894744E-16));
#7099=CARTESIAN_POINT('',(0.,0.,0.));
#7100=CARTESIAN_POINT('Origin',(-0.0757874015748034,-0.0866141732283465,
0.129527559055118));
#7101=CARTESIAN_POINT('',(-0.06496062992126,-0.0866141732283465,0.129527559055118));
#7102=CARTESIAN_POINT('',(-0.108267716535433,-0.0866141732283465,0.129527559055118));
#7103=CARTESIAN_POINT('Origin',(-0.0866141732283467,-0.0866141732283465,
0.129527559055118));
#7104=CARTESIAN_POINT('Origin',(-0.0866141732283467,-0.0866141732283465,
0.129527559055118));
#7105=CARTESIAN_POINT('',(-0.0718503937007876,-0.0866141732283464,0.129527559055118));
#7106=CARTESIAN_POINT('Origin',(-0.0866141732283467,-0.0866141732283464,
0.129527559055118));
#7107=CARTESIAN_POINT('Ctrl Pts',(-0.108267716535433,-0.0866141732283465,
0.129527559055118));
#7108=CARTESIAN_POINT('Ctrl Pts',(-0.108267716535433,-0.108267716535433,
0.129527559055118));
#7109=CARTESIAN_POINT('Ctrl Pts',(-0.0866141732283467,-0.108267716535433,
0.129527559055118));
#7110=CARTESIAN_POINT('Ctrl Pts',(-0.0649606299212601,-0.108267716535433,
0.129527559055118));
#7111=CARTESIAN_POINT('Ctrl Pts',(-0.0649606299212601,-0.0866141732283465,
0.129527559055118));
#7112=CARTESIAN_POINT('Ctrl Pts',(-0.0649606299212601,-0.0649606299212599,
0.129527559055118));
#7113=CARTESIAN_POINT('Ctrl Pts',(-0.0866141732283467,-0.0649606299212599,
0.129527559055118));
#7114=CARTESIAN_POINT('Ctrl Pts',(-0.108267716535433,-0.0649606299212599,
0.129527559055118));
#7115=CARTESIAN_POINT('Ctrl Pts',(-0.108267716535433,-0.0866141732283465,
0.129527559055118));
#7116=CARTESIAN_POINT('Ctrl Pts',(-0.10165976393543,-0.0866141732283465,
0.143202451001767));
#7117=CARTESIAN_POINT('Ctrl Pts',(-0.10165976393543,-0.10165976393543,0.143202451001767));
#7118=CARTESIAN_POINT('Ctrl Pts',(-0.0866141732283467,-0.10165976393543,
0.143202451001767));
#7119=CARTESIAN_POINT('Ctrl Pts',(-0.0715685825212631,-0.10165976393543,
0.143202451001767));
#7120=CARTESIAN_POINT('Ctrl Pts',(-0.0715685825212631,-0.0866141732283465,
0.143202451001767));
#7121=CARTESIAN_POINT('Ctrl Pts',(-0.0715685825212631,-0.0715685825212629,
0.143202451001767));
#7122=CARTESIAN_POINT('Ctrl Pts',(-0.0866141732283467,-0.0715685825212629,
0.143202451001767));
#7123=CARTESIAN_POINT('Ctrl Pts',(-0.10165976393543,-0.0715685825212629,
0.143202451001767));
#7124=CARTESIAN_POINT('Ctrl Pts',(-0.10165976393543,-0.0866141732283465,
0.143202451001767));
#7125=CARTESIAN_POINT('Ctrl Pts',(-0.0866141732283467,-0.0866141732283465,
0.145275590551181));
#7126=CARTESIAN_POINT('Ctrl Pts',(-0.0866141732283467,-0.0866141732283465,
0.145275590551181));
#7127=CARTESIAN_POINT('Ctrl Pts',(-0.0866141732283467,-0.0866141732283465,
0.145275590551181));
#7128=CARTESIAN_POINT('Ctrl Pts',(-0.0866141732283467,-0.0866141732283465,
0.145275590551181));
#7129=CARTESIAN_POINT('Ctrl Pts',(-0.0866141732283467,-0.0866141732283465,
0.145275590551181));
#7130=CARTESIAN_POINT('Ctrl Pts',(-0.0866141732283467,-0.0866141732283465,
0.145275590551181));
#7131=CARTESIAN_POINT('Ctrl Pts',(-0.0866141732283467,-0.0866141732283465,
0.145275590551181));
#7132=CARTESIAN_POINT('Ctrl Pts',(-0.0866141732283467,-0.0866141732283465,
0.145275590551181));
#7133=CARTESIAN_POINT('Ctrl Pts',(-0.0866141732283467,-0.0866141732283465,
0.145275590551181));
#7134=CARTESIAN_POINT('',(-0.0866141732283467,-0.0866141732283465,0.145275590551181));
#7135=CARTESIAN_POINT('Origin',(-0.0827448597420875,-0.0866141732283465,
0.117194457735921));
#7136=CARTESIAN_POINT('Origin',(0.0974409448818896,-0.0866141732283465,
0.129527559055118));
#7137=CARTESIAN_POINT('',(0.108267716535433,-0.0866141732283465,0.129527559055118));
#7138=CARTESIAN_POINT('',(0.0649606299212597,-0.0866141732283465,0.129527559055118));
#7139=CARTESIAN_POINT('Origin',(0.0866141732283463,-0.0866141732283465,
0.129527559055118));
#7140=CARTESIAN_POINT('Origin',(0.0866141732283463,-0.0866141732283465,
0.129527559055118));
#7141=CARTESIAN_POINT('',(0.101377952755905,-0.0866141732283458,0.129527559055118));
#7142=CARTESIAN_POINT('Origin',(0.0866141732283463,-0.0866141732283458,
0.129527559055118));
#7143=CARTESIAN_POINT('Ctrl Pts',(0.0649606299212597,-0.0866141732283465,
0.129527559055118));
#7144=CARTESIAN_POINT('Ctrl Pts',(0.0649606299212597,-0.108267716535433,
0.129527559055118));
#7145=CARTESIAN_POINT('Ctrl Pts',(0.0866141732283463,-0.108267716535433,
0.129527559055118));
#7146=CARTESIAN_POINT('Ctrl Pts',(0.108267716535433,-0.108267716535433,
0.129527559055118));
#7147=CARTESIAN_POINT('Ctrl Pts',(0.108267716535433,-0.0866141732283465,
0.129527559055118));
#7148=CARTESIAN_POINT('Ctrl Pts',(0.108267716535433,-0.0649606299212599,
0.129527559055118));
#7149=CARTESIAN_POINT('Ctrl Pts',(0.0866141732283463,-0.0649606299212599,
0.129527559055118));
#7150=CARTESIAN_POINT('Ctrl Pts',(0.0649606299212597,-0.0649606299212599,
0.129527559055118));
#7151=CARTESIAN_POINT('Ctrl Pts',(0.0649606299212597,-0.0866141732283465,
0.129527559055118));
#7152=CARTESIAN_POINT('Ctrl Pts',(0.0715685825212627,-0.0866141732283465,
0.143202451001767));
#7153=CARTESIAN_POINT('Ctrl Pts',(0.0715685825212627,-0.10165976393543,
0.143202451001767));
#7154=CARTESIAN_POINT('Ctrl Pts',(0.0866141732283463,-0.10165976393543,
0.143202451001767));
#7155=CARTESIAN_POINT('Ctrl Pts',(0.10165976393543,-0.10165976393543,0.143202451001767));
#7156=CARTESIAN_POINT('Ctrl Pts',(0.10165976393543,-0.0866141732283465,
0.143202451001767));
#7157=CARTESIAN_POINT('Ctrl Pts',(0.10165976393543,-0.0715685825212629,
0.143202451001767));
#7158=CARTESIAN_POINT('Ctrl Pts',(0.0866141732283463,-0.0715685825212629,
0.143202451001767));
#7159=CARTESIAN_POINT('Ctrl Pts',(0.0715685825212627,-0.0715685825212629,
0.143202451001767));
#7160=CARTESIAN_POINT('Ctrl Pts',(0.0715685825212627,-0.0866141732283465,
0.143202451001767));
#7161=CARTESIAN_POINT('Ctrl Pts',(0.0866141732283463,-0.0866141732283465,
0.145275590551181));
#7162=CARTESIAN_POINT('Ctrl Pts',(0.0866141732283463,-0.0866141732283465,
0.145275590551181));
#7163=CARTESIAN_POINT('Ctrl Pts',(0.0866141732283463,-0.0866141732283465,
0.145275590551181));
#7164=CARTESIAN_POINT('Ctrl Pts',(0.0866141732283463,-0.0866141732283465,
0.145275590551181));
#7165=CARTESIAN_POINT('Ctrl Pts',(0.0866141732283463,-0.0866141732283465,
0.145275590551181));
#7166=CARTESIAN_POINT('Ctrl Pts',(0.0866141732283463,-0.0866141732283465,
0.145275590551181));
#7167=CARTESIAN_POINT('Ctrl Pts',(0.0866141732283463,-0.0866141732283465,
0.145275590551181));
#7168=CARTESIAN_POINT('Ctrl Pts',(0.0866141732283463,-0.0866141732283465,
0.145275590551181));
#7169=CARTESIAN_POINT('Ctrl Pts',(0.0866141732283463,-0.0866141732283465,
0.145275590551181));
#7170=CARTESIAN_POINT('',(0.0866141732283463,-0.0866141732283465,0.145275590551181));
#7171=CARTESIAN_POINT('Origin',(0.0904834867146054,-0.0866141732283465,
0.117194457735921));
#7172=CARTESIAN_POINT('Origin',(-0.0974409448818897,0.0866141732283465,
0.129527559055118));
#7173=CARTESIAN_POINT('',(-0.108267716535433,0.0866141732283465,0.129527559055118));
#7174=CARTESIAN_POINT('',(-0.0649606299212598,0.0866141732283465,0.129527559055118));
#7175=CARTESIAN_POINT('Origin',(-0.0866141732283464,0.0866141732283465,
0.129527559055118));
#7176=CARTESIAN_POINT('Origin',(-0.0866141732283464,0.0866141732283465,
0.129527559055118));
#7177=CARTESIAN_POINT('',(-0.0718503937007874,0.0866141732283467,0.129527559055118));
#7178=CARTESIAN_POINT('Origin',(-0.0866141732283464,0.0866141732283467,
0.129527559055118));
#7179=CARTESIAN_POINT('Ctrl Pts',(-0.0866141732283464,0.0866141732283465,
0.145275590551181));
#7180=CARTESIAN_POINT('Ctrl Pts',(-0.0866141732283464,0.0866141732283465,
0.145275590551181));
#7181=CARTESIAN_POINT('Ctrl Pts',(-0.0866141732283464,0.0866141732283465,
0.145275590551181));
#7182=CARTESIAN_POINT('Ctrl Pts',(-0.0866141732283464,0.0866141732283465,
0.145275590551181));
#7183=CARTESIAN_POINT('Ctrl Pts',(-0.0866141732283464,0.0866141732283465,
0.145275590551181));
#7184=CARTESIAN_POINT('Ctrl Pts',(-0.0866141732283464,0.0866141732283465,
0.145275590551181));
#7185=CARTESIAN_POINT('Ctrl Pts',(-0.0866141732283464,0.0866141732283465,
0.145275590551181));
#7186=CARTESIAN_POINT('Ctrl Pts',(-0.0866141732283464,0.0866141732283465,
0.145275590551181));
#7187=CARTESIAN_POINT('Ctrl Pts',(-0.0866141732283464,0.0866141732283465,
0.145275590551181));
#7188=CARTESIAN_POINT('Ctrl Pts',(-0.0715685825212629,0.0866141732283465,
0.143202451001767));
#7189=CARTESIAN_POINT('Ctrl Pts',(-0.0715685825212629,0.071568582521263,
0.143202451001767));
#7190=CARTESIAN_POINT('Ctrl Pts',(-0.0866141732283464,0.071568582521263,
0.143202451001767));
#7191=CARTESIAN_POINT('Ctrl Pts',(-0.10165976393543,0.071568582521263,0.143202451001767));
#7192=CARTESIAN_POINT('Ctrl Pts',(-0.10165976393543,0.0866141732283465,
0.143202451001767));
#7193=CARTESIAN_POINT('Ctrl Pts',(-0.10165976393543,0.10165976393543,0.143202451001767));
#7194=CARTESIAN_POINT('Ctrl Pts',(-0.0866141732283464,0.10165976393543,
0.143202451001767));
#7195=CARTESIAN_POINT('Ctrl Pts',(-0.0715685825212629,0.10165976393543,
0.143202451001767));
#7196=CARTESIAN_POINT('Ctrl Pts',(-0.0715685825212629,0.0866141732283465,
0.143202451001767));
#7197=CARTESIAN_POINT('Ctrl Pts',(-0.0649606299212598,0.0866141732283465,
0.129527559055118));
#7198=CARTESIAN_POINT('Ctrl Pts',(-0.0649606299212598,0.0649606299212599,
0.129527559055118));
#7199=CARTESIAN_POINT('Ctrl Pts',(-0.0866141732283464,0.0649606299212599,
0.129527559055118));
#7200=CARTESIAN_POINT('Ctrl Pts',(-0.108267716535433,0.0649606299212599,
0.129527559055118));
#7201=CARTESIAN_POINT('Ctrl Pts',(-0.108267716535433,0.0866141732283465,
0.129527559055118));
#7202=CARTESIAN_POINT('Ctrl Pts',(-0.108267716535433,0.108267716535433,
0.129527559055118));
#7203=CARTESIAN_POINT('Ctrl Pts',(-0.0866141732283464,0.108267716535433,
0.129527559055118));
#7204=CARTESIAN_POINT('Ctrl Pts',(-0.0649606299212598,0.108267716535433,
0.129527559055118));
#7205=CARTESIAN_POINT('Ctrl Pts',(-0.0649606299212598,0.0866141732283465,
0.129527559055118));
#7206=CARTESIAN_POINT('',(-0.0866141732283464,0.0866141732283465,0.145275590551181));
#7207=CARTESIAN_POINT('Origin',(-0.0904834867146056,0.0866141732283465,
0.117194457735921));
#7208=CARTESIAN_POINT('Origin',(0.0757874015748032,0.0866141732283465,0.129527559055118));
#7209=CARTESIAN_POINT('',(0.0649606299212599,0.0866141732283465,0.129527559055118));
#7210=CARTESIAN_POINT('',(0.108267716535433,0.0866141732283465,0.129527559055118));
#7211=CARTESIAN_POINT('Origin',(0.0866141732283466,0.0866141732283465,0.129527559055118));
#7212=CARTESIAN_POINT('Origin',(0.0866141732283466,0.0866141732283465,0.129527559055118));
#7213=CARTESIAN_POINT('',(0.101377952755906,0.0866141732283471,0.129527559055118));
#7214=CARTESIAN_POINT('Origin',(0.0866141732283466,0.0866141732283471,0.129527559055118));
#7215=CARTESIAN_POINT('Ctrl Pts',(0.0866141732283466,0.0866141732283465,
0.145275590551181));
#7216=CARTESIAN_POINT('Ctrl Pts',(0.0866141732283466,0.0866141732283465,
0.145275590551181));
#7217=CARTESIAN_POINT('Ctrl Pts',(0.0866141732283466,0.0866141732283465,
0.145275590551181));
#7218=CARTESIAN_POINT('Ctrl Pts',(0.0866141732283466,0.0866141732283465,
0.145275590551181));
#7219=CARTESIAN_POINT('Ctrl Pts',(0.0866141732283466,0.0866141732283465,
0.145275590551181));
#7220=CARTESIAN_POINT('Ctrl Pts',(0.0866141732283466,0.0866141732283465,
0.145275590551181));
#7221=CARTESIAN_POINT('Ctrl Pts',(0.0866141732283466,0.0866141732283465,
0.145275590551181));
#7222=CARTESIAN_POINT('Ctrl Pts',(0.0866141732283466,0.0866141732283465,
0.145275590551181));
#7223=CARTESIAN_POINT('Ctrl Pts',(0.0866141732283466,0.0866141732283465,
0.145275590551181));
#7224=CARTESIAN_POINT('Ctrl Pts',(0.10165976393543,0.0866141732283465,0.143202451001767));
#7225=CARTESIAN_POINT('Ctrl Pts',(0.10165976393543,0.0715685825212629,0.143202451001767));
#7226=CARTESIAN_POINT('Ctrl Pts',(0.0866141732283466,0.0715685825212629,
0.143202451001767));
#7227=CARTESIAN_POINT('Ctrl Pts',(0.071568582521263,0.0715685825212629,
0.143202451001767));
#7228=CARTESIAN_POINT('Ctrl Pts',(0.071568582521263,0.0866141732283465,
0.143202451001767));
#7229=CARTESIAN_POINT('Ctrl Pts',(0.071568582521263,0.10165976393543,0.143202451001767));
#7230=CARTESIAN_POINT('Ctrl Pts',(0.0866141732283466,0.10165976393543,0.143202451001767));
#7231=CARTESIAN_POINT('Ctrl Pts',(0.10165976393543,0.10165976393543,0.143202451001767));
#7232=CARTESIAN_POINT('Ctrl Pts',(0.10165976393543,0.0866141732283465,0.143202451001767));
#7233=CARTESIAN_POINT('Ctrl Pts',(0.108267716535433,0.0866141732283465,
0.129527559055118));
#7234=CARTESIAN_POINT('Ctrl Pts',(0.108267716535433,0.0649606299212599,
0.129527559055118));
#7235=CARTESIAN_POINT('Ctrl Pts',(0.0866141732283466,0.0649606299212599,
0.129527559055118));
#7236=CARTESIAN_POINT('Ctrl Pts',(0.0649606299212599,0.0649606299212599,
0.129527559055118));
#7237=CARTESIAN_POINT('Ctrl Pts',(0.0649606299212599,0.0866141732283465,
0.129527559055118));
#7238=CARTESIAN_POINT('Ctrl Pts',(0.0649606299212599,0.108267716535433,
0.129527559055118));
#7239=CARTESIAN_POINT('Ctrl Pts',(0.0866141732283466,0.108267716535433,
0.129527559055118));
#7240=CARTESIAN_POINT('Ctrl Pts',(0.108267716535433,0.108267716535433,0.129527559055118));
#7241=CARTESIAN_POINT('Ctrl Pts',(0.108267716535433,0.0866141732283465,
0.129527559055118));
#7242=CARTESIAN_POINT('',(0.0866141732283466,0.0866141732283465,0.145275590551181));
#7243=CARTESIAN_POINT('Origin',(0.0827448597420874,0.0866141732283465,0.117194457735921));
#7244=CARTESIAN_POINT('Origin',(-0.303149606299213,-0.0807086614173222,
0.0370078740157485));
#7245=CARTESIAN_POINT('',(-0.303149606299213,-0.0807086614173223,0.0251968503937013));
#7246=CARTESIAN_POINT('',(-0.263779527559055,-0.0748031496062987,0.0251968503937012));
#7247=CARTESIAN_POINT('',(-0.214254086209884,-0.0673743334039231,0.0251968503937011));
#7248=CARTESIAN_POINT('',(-0.303149606299213,-0.0807086614173222,0.0370078740157485));
#7249=CARTESIAN_POINT('',(-0.303149606299213,-0.0807086614173223,0.0340551181102367));
#7250=CARTESIAN_POINT('',(-0.263779527559055,-0.0748031496062987,0.0370078740157484));
#7251=CARTESIAN_POINT('',(-0.220029647883257,-0.068240667654929,0.0370078740157484));
#7252=CARTESIAN_POINT('',(-0.263779527559054,-0.0748031496062986,0.0340551181102367));
#7253=CARTESIAN_POINT('Origin',(-0.263779527559055,0.0748031496062996,0.0370078740157484));
#7254=CARTESIAN_POINT('',(-0.263779527559055,0.0748031496062996,0.0251968503937012));
#7255=CARTESIAN_POINT('',(-0.303149606299212,0.0807086614173233,0.0251968503937013));
#7256=CARTESIAN_POINT('',(-0.194569046839805,0.064421577498412,0.0251968503937011));
#7257=CARTESIAN_POINT('',(-0.263779527559055,0.0748031496062996,0.0370078740157484));
#7258=CARTESIAN_POINT('',(-0.263779527559055,0.0748031496062997,0.0340551181102367));
#7259=CARTESIAN_POINT('',(-0.303149606299212,0.0807086614173233,0.0370078740157485));
#7260=CARTESIAN_POINT('',(-0.200344608513178,0.0652879117494179,0.0370078740157484));
#7261=CARTESIAN_POINT('',(-0.303149606299212,0.0807086614173233,0.0340551181102367));
#7262=CARTESIAN_POINT('Origin',(-0.263779527559055,-0.102362204724409,0.0370078740157484));
#7263=CARTESIAN_POINT('',(-0.263779527559055,-0.102362204724409,0.0251968503937012));
#7264=CARTESIAN_POINT('',(-0.303149606299213,-0.0964566929133852,0.0251968503937013));
#7265=CARTESIAN_POINT('',(-0.192547600254125,-0.113046993820149,0.0251968503937011));
#7266=CARTESIAN_POINT('',(-0.263779527559055,-0.102362204724409,0.0370078740157484));
#7267=CARTESIAN_POINT('',(-0.263779527559056,-0.102362204724409,0.0340551181102367));
#7268=CARTESIAN_POINT('',(-0.303149606299213,-0.0964566929133853,0.0370078740157485));
#7269=CARTESIAN_POINT('',(-0.198323161927497,-0.112180659569143,0.0370078740157483));
#7270=CARTESIAN_POINT('',(-0.303149606299213,-0.0964566929133852,0.0340551181102367));
#7271=CARTESIAN_POINT('Origin',(-0.303149606299212,0.0964566929133863,0.0370078740157485));
#7272=CARTESIAN_POINT('',(-0.303149606299212,0.0964566929133863,0.0251968503937013));
#7273=CARTESIAN_POINT('',(-0.263779527559055,0.10236220472441,0.0251968503937012));
#7274=CARTESIAN_POINT('',(-0.212232639624203,0.110094237914638,0.0251968503937011));
#7275=CARTESIAN_POINT('',(-0.303149606299212,0.0964566929133863,0.0370078740157485));
#7276=CARTESIAN_POINT('',(-0.303149606299212,0.0964566929133863,0.0340551181102367));
#7277=CARTESIAN_POINT('',(-0.263779527559055,0.10236220472441,0.0370078740157484));
#7278=CARTESIAN_POINT('',(-0.218008201297576,0.109227903663632,0.0370078740157484));
#7279=CARTESIAN_POINT('',(-0.263779527559054,0.10236220472441,0.0340551181102367));
#7280=CARTESIAN_POINT('Origin',(-0.124015748031496,0.0748031496062994,0.0311023622047246));
#7281=CARTESIAN_POINT('',(-0.118110236220472,0.0748031496062994,0.025196850393701));
#7282=CARTESIAN_POINT('',(-0.129921259842519,0.0748031496062994,0.025196850393701));
#7283=CARTESIAN_POINT('',(-0.118110236220472,0.0748031496062994,0.0370078740157482));
#7284=CARTESIAN_POINT('',(-0.118110236220472,0.0748031496062994,0.0155511811023623));
#7285=CARTESIAN_POINT('',(-0.118110236220472,0.0748031496062994,0.0370078740157482));
#7286=CARTESIAN_POINT('Origin',(-0.124015748031496,-0.102362204724409,0.0311023622047246));
#7287=CARTESIAN_POINT('',(-0.118110236220472,-0.102362204724409,0.025196850393701));
#7288=CARTESIAN_POINT('',(-0.12992125984252,-0.102362204724409,0.025196850393701));
#7289=CARTESIAN_POINT('',(-0.118110236220472,-0.102362204724409,0.0370078740157482));
#7290=CARTESIAN_POINT('',(-0.118110236220472,-0.102362204724409,0.0155511811023623));
#7291=CARTESIAN_POINT('',(-0.118110236220472,-0.102362204724409,0.0370078740157482));
#7292=CARTESIAN_POINT('Origin',(-0.12992125984252,-0.102362204724409,0.0370078740157482));
#7293=CARTESIAN_POINT('',(-0.303149606299213,-0.102362204724409,0.0370078740157485));
#7294=CARTESIAN_POINT('',(-0.118110236220472,-0.0748031496062989,0.0370078740157482));
#7295=CARTESIAN_POINT('',(-0.118110236220472,-0.110236220472441,0.0370078740157482));
#7296=CARTESIAN_POINT('',(-0.12992125984252,-0.0748031496062989,0.0370078740157482));
#7297=CARTESIAN_POINT('Origin',(-0.118110236220472,-0.102362204724409,0.025196850393701));
#7298=CARTESIAN_POINT('',(-0.118110236220472,-0.0748031496062989,0.025196850393701));
#7299=CARTESIAN_POINT('',(-0.12992125984252,-0.0748031496062989,0.025196850393701));
#7300=CARTESIAN_POINT('',(-0.118110236220472,-0.110236220472441,0.025196850393701));
#7301=CARTESIAN_POINT('',(-0.303149606299213,-0.0748031496062985,0.0251968503937013));
#7302=CARTESIAN_POINT('Origin',(-0.118110236220472,0.10236220472441,0.025196850393701));
#7303=CARTESIAN_POINT('',(-0.303149606299212,0.10236220472441,0.0251968503937013));
#7304=CARTESIAN_POINT('',(-0.118110236220472,0.10236220472441,0.025196850393701));
#7305=CARTESIAN_POINT('',(-0.129921259842519,0.10236220472441,0.025196850393701));
#7306=CARTESIAN_POINT('',(-0.118110236220472,-0.00787401574803138,0.025196850393701));
#7307=CARTESIAN_POINT('Origin',(-0.303149606299212,0.0885826771653549,0.0311023622047249));
#7308=CARTESIAN_POINT('',(-0.303149606299212,0.0748031496062998,0.0370078740157485));
#7309=CARTESIAN_POINT('Origin',(-0.303149606299213,-0.0885826771653536,
0.0311023622047249));
#7310=CARTESIAN_POINT('Origin',(-0.000265472663606137,-0.000393700787401357,
0.0513779527559055));
#7311=CARTESIAN_POINT('',(0.0194195667064726,-0.000393700787401288,0.0513779527559055));
#7312=CARTESIAN_POINT('Origin',(-0.000265472663606137,-0.000393700787401357,
0.0513779527559055));
#7313=CARTESIAN_POINT('',(0.0204038186749765,-0.000393700787401285,0.0503937007874016));
#7314=CARTESIAN_POINT('Origin',(0.0204038186749765,-0.000393700787401359,
0.0513779527559055));
#7315=CARTESIAN_POINT('Origin',(-0.000265472663606137,-0.000393700787401357,
0.0503937007874016));
#7316=CARTESIAN_POINT('Origin',(-0.000265472663606082,-0.000393700787400433,
0.0503937007874016));
#7317=CARTESIAN_POINT('',(-0.00912374038014114,-0.0486220472440927,0.0503937007874016));
#7318=CARTESIAN_POINT('',(-0.00912374038014139,-0.0377434369311223,0.0503937007874016));
#7319=CARTESIAN_POINT('',(-0.00912374038014167,-0.0249999999999986,0.0503937007874016));
#7320=CARTESIAN_POINT('',(0.00859279505292937,-0.0486220472440926,0.0503937007874016));
#7321=CARTESIAN_POINT('',(0.00465578717891372,-0.0486220472440926,0.0503937007874016));
#7322=CARTESIAN_POINT('',(0.0085927950529295,-0.0377434369311223,0.0503937007874016));
#7323=CARTESIAN_POINT('',(0.00859279505292971,-0.0194536581998394,0.0503937007874016));
#7324=CARTESIAN_POINT('',(0.00859279505292922,0.0369560353563197,0.0503937007874016));
#7325=CARTESIAN_POINT('Origin',(-0.000265472663606093,-0.000393700787401313,
0.0503937007874016));
#7326=CARTESIAN_POINT('',(0.00859279505292919,0.0478346456692916,0.0503937007874016));
#7327=CARTESIAN_POINT('',(0.00859279505292927,0.0242125984251976,0.0503937007874016));
#7328=CARTESIAN_POINT('',(-0.00912374038014169,0.0478346456692916,0.0503937007874016));
#7329=CARTESIAN_POINT('',(-0.00518673250612593,0.0478346456692916,0.0503937007874016));
#7330=CARTESIAN_POINT('',(-0.00912374038014161,0.0369560353563197,0.0503937007874016));
#7331=CARTESIAN_POINT('',(-0.00912374038014157,0.0186662566250372,0.0503937007874016));
#7332=CARTESIAN_POINT('Origin',(-0.000265472663606093,-0.000393700787401313,
0.0503937007874016));
#7333=CARTESIAN_POINT('Origin',(-0.00912374038014167,-0.0249999999999986,
0.0494094488188976));
#7334=CARTESIAN_POINT('',(-0.0101079923486453,-0.0385136156122784,0.0494094488188976));
#7335=CARTESIAN_POINT('',(-0.0101079923486451,-0.0496062992125966,0.0494094488188976));
#7336=CARTESIAN_POINT('',(-0.0101079923486456,-0.0249999999999986,0.0494094488188976));
#7337=CARTESIAN_POINT('Origin',(-0.00912374038014114,-0.0486220472440927,
0.0494094488188976));
#7338=CARTESIAN_POINT('Ctrl Pts',(-0.00912374038014139,-0.0377434369311223,
0.0503937007874016));
#7339=CARTESIAN_POINT('Ctrl Pts',(-0.009133016656823,-0.0377507704717523,
0.0503937007874016));
#7340=CARTESIAN_POINT('Ctrl Pts',(-0.00914229423343048,-0.0377581028797454,
0.0503935696482499));
#7341=CARTESIAN_POINT('Ctrl Pts',(-0.0092392137355907,-0.0378346793784504,
0.0503908281314389));
#7342=CARTESIAN_POINT('Ctrl Pts',(-0.00932694981355587,-0.0379038040577796,
0.0503766260086796));
#7343=CARTESIAN_POINT('Ctrl Pts',(-0.00949513312041544,-0.0380359598387636,
0.0503250481070181));
#7344=CARTESIAN_POINT('Ctrl Pts',(-0.00957605094243635,-0.0380993713947965,
0.0502882733232931));
#7345=CARTESIAN_POINT('Ctrl Pts',(-0.00975120738831143,-0.0382363210866983,
0.0501767750341738));
#7346=CARTESIAN_POINT('Ctrl Pts',(-0.00984244296199905,-0.0383074090859648,
0.0500938557271722));
#7347=CARTESIAN_POINT('Ctrl Pts',(-0.00997861907261435,-0.0384133009847379,
0.0499080176694669));
#7348=CARTESIAN_POINT('Ctrl Pts',(-0.0100282989081238,-0.038451844095044,
0.0498127947800664));
#7349=CARTESIAN_POINT('Ctrl Pts',(-0.0100919835232707,-0.0385012204372885,
0.0496125101301308));
#7350=CARTESIAN_POINT('Ctrl Pts',(-0.0101079923486453,-0.0385136156122775,
0.0495119793105608));
#7351=CARTESIAN_POINT('Ctrl Pts',(-0.0101079923486453,-0.0385136156122775,
0.0494094488188976));
#7352=CARTESIAN_POINT('Origin',(-0.000265472663606093,-0.000393700787401313,
0.0494094488188976));
#7353=CARTESIAN_POINT('',(-0.0101079923486456,0.0377262140374748,0.0494094488188976));
#7354=CARTESIAN_POINT('Ctrl Pts',(-0.00912374038014161,0.0369560353563197,
0.0503937007874016));
#7355=CARTESIAN_POINT('Ctrl Pts',(-0.00913301665682322,0.0369633688969496,
0.0503937007874016));
#7356=CARTESIAN_POINT('Ctrl Pts',(-0.00914229423343076,0.0369707013049427,
0.0503935696482499));
#7357=CARTESIAN_POINT('Ctrl Pts',(-0.00923921373559082,0.0370472778036478,
0.0503908281314389));
#7358=CARTESIAN_POINT('Ctrl Pts',(-0.00932694981355613,0.0371164024829769,
0.0503766260086796));
#7359=CARTESIAN_POINT('Ctrl Pts',(-0.00949513312041568,0.0372485582639609,
0.0503250481070181));
#7360=CARTESIAN_POINT('Ctrl Pts',(-0.00957605094243659,0.0373119698199938,
0.0502882733232932));
#7361=CARTESIAN_POINT('Ctrl Pts',(-0.00975120738831162,0.0374489195118955,
0.0501767750341738));
#7362=CARTESIAN_POINT('Ctrl Pts',(-0.00984244296199933,0.0375200075111621,
0.0500938557271723));
#7363=CARTESIAN_POINT('Ctrl Pts',(-0.00997861907261469,0.0376258994099352,
0.0499080176694669));
#7364=CARTESIAN_POINT('Ctrl Pts',(-0.0100282989081241,0.0376644425202413,
0.0498127947800664));
#7365=CARTESIAN_POINT('Ctrl Pts',(-0.0100919835232708,0.0377138188624857,
0.0496125101301313));
#7366=CARTESIAN_POINT('Ctrl Pts',(-0.0101079923486456,0.0377262140374748,
0.0495119793105611));
#7367=CARTESIAN_POINT('Ctrl Pts',(-0.0101079923486456,0.0377262140374748,
0.0494094488188976));
#7368=CARTESIAN_POINT('Origin',(-0.000265472663606093,-0.000393700787401313,
0.0494094488188976));
#7369=CARTESIAN_POINT('Origin',(-0.00912374038014157,0.0186662566250372,
0.0494094488188976));
#7370=CARTESIAN_POINT('',(-0.0101079923486456,0.0488188976377955,0.0494094488188976));
#7371=CARTESIAN_POINT('Origin',(-0.00912374038014169,0.0478346456692916,
0.0494094488188976));
#7372=CARTESIAN_POINT('',(-0.0101079923486455,0.0186662566250372,0.0494094488188976));
#7373=CARTESIAN_POINT('Origin',(-0.00518673250612593,0.0478346456692916,
0.0494094488188976));
#7374=CARTESIAN_POINT('',(0.00957704702143312,0.0488188976377956,0.0494094488188976));
#7375=CARTESIAN_POINT('Origin',(0.00859279505292919,0.0478346456692916,
0.0494094488188976));
#7376=CARTESIAN_POINT('',(-0.00518673250612594,0.0488188976377955,0.0494094488188976));
#7377=CARTESIAN_POINT('Origin',(0.00859279505292927,0.0242125984251976,
0.0494094488188976));
#7378=CARTESIAN_POINT('',(0.00957704702143315,0.0377262140374749,0.0494094488188976));
#7379=CARTESIAN_POINT('',(0.0095770470214332,0.0242125984251976,0.0494094488188976));
#7380=CARTESIAN_POINT('Ctrl Pts',(0.00859279505292922,0.0369560353563197,
0.0503937007874016));
#7381=CARTESIAN_POINT('Ctrl Pts',(0.00860207132961083,0.0369633688969497,
0.0503937007874016));
#7382=CARTESIAN_POINT('Ctrl Pts',(0.00861134890621834,0.0369707013049428,
0.0503935696482499));
#7383=CARTESIAN_POINT('Ctrl Pts',(0.00870826840837846,0.0370472778036479,
0.0503908281314389));
#7384=CARTESIAN_POINT('Ctrl Pts',(0.00879600448634371,0.037116402482977,
0.0503766260086796));
#7385=CARTESIAN_POINT('Ctrl Pts',(0.00896418779320331,0.037248558263961,
0.0503250481070181));
#7386=CARTESIAN_POINT('Ctrl Pts',(0.00904510561522418,0.0373119698199939,
0.0502882733232931));
#7387=CARTESIAN_POINT('Ctrl Pts',(0.00922026206109918,0.0374489195118956,
0.0501767750341738));
#7388=CARTESIAN_POINT('Ctrl Pts',(0.00931149763478691,0.0375200075111621,
0.0500938557271723));
#7389=CARTESIAN_POINT('Ctrl Pts',(0.00944767374540226,0.0376258994099353,
0.0499080176694668));
#7390=CARTESIAN_POINT('Ctrl Pts',(0.00949735358091169,0.0376644425202413,
0.0498127947800664));
#7391=CARTESIAN_POINT('Ctrl Pts',(0.00956103819605839,0.0377138188624857,
0.0496125101301313));
#7392=CARTESIAN_POINT('Ctrl Pts',(0.00957704702143316,0.0377262140374749,
0.0495119793105611));
#7393=CARTESIAN_POINT('Ctrl Pts',(0.00957704702143316,0.0377262140374749,
0.0494094488188976));
#7394=CARTESIAN_POINT('Origin',(-0.000265472663606093,-0.000393700787401313,
0.0494094488188976));
#7395=CARTESIAN_POINT('',(0.00957704702143343,-0.0385136156122782,0.0494094488188976));
#7396=CARTESIAN_POINT('Ctrl Pts',(0.0085927950529295,-0.0377434369311223,
0.0503937007874016));
#7397=CARTESIAN_POINT('Ctrl Pts',(0.00860207132961111,-0.0377507704717522,
0.0503937007874016));
#7398=CARTESIAN_POINT('Ctrl Pts',(0.0086113489062186,-0.0377581028797453,
0.0503935696482499));
#7399=CARTESIAN_POINT('Ctrl Pts',(0.00870826840837879,-0.0378346793784504,
0.0503908281314389));
#7400=CARTESIAN_POINT('Ctrl Pts',(0.00879600448634399,-0.0379038040577796,
0.0503766260086796));
#7401=CARTESIAN_POINT('Ctrl Pts',(0.00896418779320356,-0.0380359598387635,
0.0503250481070181));
#7402=CARTESIAN_POINT('Ctrl Pts',(0.00904510561522446,-0.0380993713947964,
0.0502882733232931));
#7403=CARTESIAN_POINT('Ctrl Pts',(0.00922026206109957,-0.0382363210866983,
0.0501767750341738));
#7404=CARTESIAN_POINT('Ctrl Pts',(0.00931149763478719,-0.0383074090859647,
0.0500938557271722));
#7405=CARTESIAN_POINT('Ctrl Pts',(0.00944767374540247,-0.0384133009847378,
0.0499080176694669));
#7406=CARTESIAN_POINT('Ctrl Pts',(0.00949735358091194,-0.0384518440950439,
0.0498127947800665));
#7407=CARTESIAN_POINT('Ctrl Pts',(0.00956103819605882,-0.0385012204372884,
0.0496125101301308));
#7408=CARTESIAN_POINT('Ctrl Pts',(0.00957704702143343,-0.0385136156122774,
0.0495119793105608));
#7409=CARTESIAN_POINT('Ctrl Pts',(0.00957704702143343,-0.0385136156122774,
0.0494094488188976));
#7410=CARTESIAN_POINT('Origin',(-0.000265472663606093,-0.000393700787401313,
0.0494094488188976));
#7411=CARTESIAN_POINT('Origin',(0.00859279505292971,-0.0194536581998394,
0.0494094488188976));
#7412=CARTESIAN_POINT('',(0.00957704702143331,-0.0496062992125965,0.0494094488188976));
#7413=CARTESIAN_POINT('Origin',(0.00859279505292937,-0.0486220472440926,
0.0494094488188976));
#7414=CARTESIAN_POINT('',(0.00957704702143364,-0.0194536581998394,0.0494094488188976));
#7415=CARTESIAN_POINT('Origin',(0.00465578717891372,-0.0486220472440926,
0.0494094488188976));
#7416=CARTESIAN_POINT('',(0.00465578717891372,-0.0496062992125965,0.0494094488188976));
#7417=CARTESIAN_POINT('Origin',(-0.000265472663606093,-0.000393700787401313,
0.0484251968503937));
#7418=CARTESIAN_POINT('',(0.00957704702143343,-0.0385136156122782,0.0484251968503937));
#7419=CARTESIAN_POINT('',(0.00957704702143343,-0.0385136156122782,0.0484251968503937));
#7420=CARTESIAN_POINT('',(0.00957704702143315,0.0377262140374749,0.0484251968503937));
#7421=CARTESIAN_POINT('Origin',(-0.000265472663606093,-0.000393700787401313,
0.0484251968503937));
#7422=CARTESIAN_POINT('',(0.00957704702143315,0.0377262140374749,0.0484251968503937));
#7423=CARTESIAN_POINT('Origin',(0.00957704702143343,-0.0385136156122782,
0.0484251968503937));
#7424=CARTESIAN_POINT('',(0.00957704702143331,-0.0496062992125965,0.0484251968503937));
#7425=CARTESIAN_POINT('',(0.00957704702143331,-0.0496062992125965,0.0484251968503937));
#7426=CARTESIAN_POINT('',(0.00957704702143365,-0.0192568078061392,0.0484251968503937));
#7427=CARTESIAN_POINT('Origin',(0.00957704702143331,-0.0496062992125965,
0.0484251968503937));
#7428=CARTESIAN_POINT('',(-0.0101079923486451,-0.0496062992125966,0.0484251968503937));
#7429=CARTESIAN_POINT('',(-0.0101079923486451,-0.0496062992125966,0.0484251968503937));
#7430=CARTESIAN_POINT('',(0.00478852351071683,-0.0496062992125965,0.0484251968503937));
#7431=CARTESIAN_POINT('Origin',(-0.0101079923486451,-0.0496062992125966,
0.0484251968503937));
#7432=CARTESIAN_POINT('',(-0.0101079923486453,-0.0385136156122784,0.0484251968503937));
#7433=CARTESIAN_POINT('',(-0.0101079923486453,-0.0385136156122784,0.0484251968503937));
#7434=CARTESIAN_POINT('',(-0.0101079923486456,-0.0248031496062984,0.0484251968503937));
#7435=CARTESIAN_POINT('Origin',(0.0693509444365657,-0.00830501832495523,
0.0513779527559055));
#7436=CARTESIAN_POINT('',(0.0703351964050697,0.0271280525411861,0.0513779527559055));
#7437=CARTESIAN_POINT('',(0.0703351964050696,-0.0201160419470028,0.0513779527559055));
#7438=CARTESIAN_POINT('',(0.0703351964050696,-0.00830501832495559,0.0513779527559055));
#7439=CARTESIAN_POINT('',(0.0693509444365658,0.0281123045096901,0.0503937007874016));
#7440=CARTESIAN_POINT('Origin',(0.0693509444365658,0.0281123045096901,0.0513779527559055));
#7441=CARTESIAN_POINT('',(0.0693509444365656,-0.0211002939155068,0.0503937007874016));
#7442=CARTESIAN_POINT('',(0.0693509444365657,-0.00830501832495523,0.0503937007874016));
#7443=CARTESIAN_POINT('Origin',(0.0693509444365656,-0.0211002939155068,
0.0513779527559055));
#7444=CARTESIAN_POINT('Origin',(0.0850989759326293,-0.0211002939155068,
0.0513779527559055));
#7445=CARTESIAN_POINT('',(0.0900202357751483,-0.0201160419470029,0.0513779527559055));
#7446=CARTESIAN_POINT('',(0.0850989759326286,-0.0201160419470029,0.0513779527559055));
#7447=CARTESIAN_POINT('',(0.0910044877436522,-0.0211002939155068,0.0503937007874016));
#7448=CARTESIAN_POINT('',(0.0850989759326293,-0.0211002939155068,0.0503937007874016));
#7449=CARTESIAN_POINT('Origin',(0.0910044877436522,-0.0211002939155068,
0.0513779527559055));
#7450=CARTESIAN_POINT('Origin',(0.0752564562475901,0.02811230450969,0.0513779527559055));
#7451=CARTESIAN_POINT('',(0.0900202357751484,0.0271280525411861,0.0513779527559055));
#7452=CARTESIAN_POINT('',(0.0752564562475894,0.0271280525411861,0.0513779527559055));
#7453=CARTESIAN_POINT('',(0.0910044877436524,0.02811230450969,0.0503937007874016));
#7454=CARTESIAN_POINT('Origin',(0.0910044877436524,0.02811230450969,0.0513779527559055));
#7455=CARTESIAN_POINT('',(0.0752564562475901,0.02811230450969,0.0503937007874016));
#7456=CARTESIAN_POINT('Origin',(0.0910044877436524,0.0153170289191392,0.0513779527559055));
#7457=CARTESIAN_POINT('',(0.0900202357751484,0.0153170289191388,0.0513779527559055));
#7458=CARTESIAN_POINT('',(0.0910044877436524,0.0153170289191392,0.0503937007874016));
#7459=CARTESIAN_POINT('Origin',(0.0801777160901103,0.00350600529709235,
0.0503937007874016));
#7460=CARTESIAN_POINT('',(0.0555714168775117,0.0458288399427615,0.0503937007874016));
#7461=CARTESIAN_POINT('',(0.105768267271213,0.0458288399427618,0.0503937007874016));
#7462=CARTESIAN_POINT('',(0.067382440499559,0.0458288399427616,0.0503937007874016));
#7463=CARTESIAN_POINT('',(0.0555714168775121,-0.0388168293485771,0.0503937007874016));
#7464=CARTESIAN_POINT('',(0.055571416877512,-0.0181475380099944,0.0503937007874016));
#7465=CARTESIAN_POINT('',(0.105768267271213,-0.0388168293485768,0.0503937007874016));
#7466=CARTESIAN_POINT('',(0.0929729916806617,-0.0388168293485769,0.0503937007874016));
#7467=CARTESIAN_POINT('',(0.105768267271213,0.0468130919112657,0.0503937007874016));
#7468=CARTESIAN_POINT('Origin',(0.0929729916806617,-0.0388168293485769,
0.0494094488188976));
#7469=CARTESIAN_POINT('',(0.105768267271213,-0.0398010813170808,0.0494094488188976));
#7470=CARTESIAN_POINT('Origin',(0.105768267271213,-0.0388168293485768,0.0494094488188976));
#7471=CARTESIAN_POINT('',(0.0545871649090081,-0.039801081317081,0.0494094488188976));
#7472=CARTESIAN_POINT('Origin',(0.0555714168775121,-0.0388168293485771,
0.0494094488188976));
#7473=CARTESIAN_POINT('',(0.0929729916806617,-0.0398010813170808,0.0494094488188976));
#7474=CARTESIAN_POINT('Origin',(0.055571416877512,-0.0181475380099944,0.0494094488188976));
#7475=CARTESIAN_POINT('',(0.0545871649090078,0.0468130919112655,0.0494094488188976));
#7476=CARTESIAN_POINT('Origin',(0.0555714168775117,0.0458288399427615,0.0494094488188976));
#7477=CARTESIAN_POINT('',(0.054587164909008,-0.0181475380099944,0.0494094488188976));
#7478=CARTESIAN_POINT('Origin',(0.067382440499559,0.0458288399427616,0.0494094488188976));
#7479=CARTESIAN_POINT('',(0.105768267271213,0.0468130919112657,0.0494094488188976));
#7480=CARTESIAN_POINT('Origin',(0.105768267271213,0.0458288399427618,0.0494094488188976));
#7481=CARTESIAN_POINT('',(0.067382440499559,0.0468130919112655,0.0494094488188976));
#7482=CARTESIAN_POINT('Origin',(-0.0935039370078738,0.045828839942761,0.0494094488188976));
#7483=CARTESIAN_POINT('',(-0.106299212598425,0.0468130919112649,0.0494094488188976));
#7484=CARTESIAN_POINT('',(-0.106299212598425,0.045828839942761,0.0503937007874016));
#7485=CARTESIAN_POINT('Origin',(-0.106299212598426,0.045828839942761,0.0494094488188976));
#7486=CARTESIAN_POINT('',(-0.0561023622047242,0.0458288399427611,0.0503937007874016));
#7487=CARTESIAN_POINT('',(-0.0935039370078738,0.045828839942761,0.0503937007874016));
#7488=CARTESIAN_POINT('',(-0.0551181102362203,0.0468130919112651,0.0494094488188976));
#7489=CARTESIAN_POINT('Origin',(-0.0561023622047242,0.0458288399427611,
0.0494094488188976));
#7490=CARTESIAN_POINT('',(-0.0935039370078738,0.0468130919112649,0.0494094488188976));
#7491=CARTESIAN_POINT('Origin',(-0.0561023622047242,0.0251595486041784,
0.0494094488188976));
#7492=CARTESIAN_POINT('',(-0.0561023622047239,-0.0388168293485775,0.0503937007874016));
#7493=CARTESIAN_POINT('',(-0.0561023622047242,0.0251595486041784,0.0503937007874016));
#7494=CARTESIAN_POINT('',(-0.05511811023622,-0.0398010813170814,0.0494094488188976));
#7495=CARTESIAN_POINT('Origin',(-0.0561023622047239,-0.0388168293485774,
0.0494094488188976));
#7496=CARTESIAN_POINT('',(-0.0551181102362202,0.0251595486041784,0.0494094488188976));
#7497=CARTESIAN_POINT('Origin',(-0.0679133858267712,-0.0388168293485775,
0.0494094488188976));
#7498=CARTESIAN_POINT('',(-0.106299212598425,-0.0388168293485776,0.0503937007874016));
#7499=CARTESIAN_POINT('',(-0.0679133858267712,-0.0388168293485775,0.0503937007874016));
#7500=CARTESIAN_POINT('',(-0.106299212598425,-0.0398010813170816,0.0494094488188976));
#7501=CARTESIAN_POINT('Origin',(-0.106299212598425,-0.0388168293485776,
0.0494094488188976));
#7502=CARTESIAN_POINT('',(-0.0679133858267712,-0.0398010813170814,0.0494094488188976));
#7503=CARTESIAN_POINT('Origin',(-0.106299212598425,0.0468130919112649,0.0484251968503937));
#7504=CARTESIAN_POINT('',(-0.0551181102362203,0.0468130919112651,0.0484251968503937));
#7505=CARTESIAN_POINT('',(-0.0551181102362203,0.0468130919112651,0.0484251968503937));
#7506=CARTESIAN_POINT('',(-0.106299212598425,0.0468130919112649,0.0484251968503937));
#7507=CARTESIAN_POINT('',(-0.0531496062992125,0.0468130919112651,0.0484251968503937));
#7508=CARTESIAN_POINT('',(-0.106299212598425,0.0468130919112649,0.0242125984251968));
#7509=CARTESIAN_POINT('Origin',(-0.0551181102362203,0.0468130919112651,
0.0484251968503937));
#7510=CARTESIAN_POINT('',(-0.05511811023622,-0.0398010813170814,0.0484251968503937));
#7511=CARTESIAN_POINT('',(-0.05511811023622,-0.0398010813170814,0.0484251968503937));
#7512=CARTESIAN_POINT('',(-0.0551181102362202,0.0234065459556325,0.0484251968503937));
#7513=CARTESIAN_POINT('Origin',(-0.05511811023622,-0.0398010813170814,0.0484251968503937));
#7514=CARTESIAN_POINT('',(-0.106299212598425,-0.0398010813170816,0.0484251968503937));
#7515=CARTESIAN_POINT('',(-0.106299212598425,-0.0398010813170816,0.0242125984251968));
#7516=CARTESIAN_POINT('',(-0.0275590551181099,-0.0398010813170813,0.0484251968503937));
#7517=CARTESIAN_POINT('Origin',(0.0850989759326286,-0.0191317899784989,
0.0513779527559055));
#7518=CARTESIAN_POINT('',(0.0890359838066444,-0.0191317899784989,0.0523622047244095));
#7519=CARTESIAN_POINT('',(0.0713194483735735,-0.0191317899784989,0.0523622047244095));
#7520=CARTESIAN_POINT('',(0.0850989759326286,-0.0191317899784989,0.0523622047244095));
#7521=CARTESIAN_POINT('Origin',(0.0713194483735735,-0.0191317899784989,
0.0513779527559055));
#7522=CARTESIAN_POINT('Origin',(0.0890359838066444,-0.0191317899784989,
0.0513779527559055));
#7523=CARTESIAN_POINT('Origin',(0.0713194483735735,-0.0083050183249556,
0.0513779527559055));
#7524=CARTESIAN_POINT('',(0.0713194483735736,0.0261438005726822,0.0523622047244095));
#7525=CARTESIAN_POINT('',(0.0713194483735735,-0.0083050183249556,0.0523622047244095));
#7526=CARTESIAN_POINT('Origin',(0.0713194483735736,0.0261438005726822,0.0513779527559055));
#7527=CARTESIAN_POINT('Origin',(0.0752564562475894,0.0261438005726822,0.0513779527559055));
#7528=CARTESIAN_POINT('',(0.0890359838066445,0.0261438005726821,0.0523622047244095));
#7529=CARTESIAN_POINT('',(0.0752564562475894,0.0261438005726822,0.0523622047244095));
#7530=CARTESIAN_POINT('Origin',(0.0890359838066445,0.0261438005726821,0.0513779527559055));
#7531=CARTESIAN_POINT('Origin',(0.0890359838066445,0.0153170289191388,0.0513779527559055));
#7532=CARTESIAN_POINT('',(0.0890359838066445,0.0153170289191388,0.0523622047244095));
#7533=CARTESIAN_POINT('Origin',(0.080177716090109,0.00350600529709162,0.0523622047244095));
#7534=CARTESIAN_POINT('Origin',(-0.000265472663606137,-0.000393700787401357,
0.0513779527559055));
#7535=CARTESIAN_POINT('',(0.0184353147379687,-0.000393700787401296,0.0523622047244094));
#7536=CARTESIAN_POINT('Origin',(0.0184353147379687,-0.000393700787401359,
0.0513779527559055));
#7537=CARTESIAN_POINT('Origin',(-0.000265472663606137,-0.000393700787401357,
0.0523622047244094));
#7538=CARTESIAN_POINT('Origin',(-0.000265472663606137,-0.000393700787401357,
0.0523622047244094));
#7539=CARTESIAN_POINT('Origin',(-0.0895669291338579,-0.00830501832495568,
0.0513779527559055));
#7540=CARTESIAN_POINT('',(-0.0895669291338579,-0.019131789978499,0.0523622047244095));
#7541=CARTESIAN_POINT('',(-0.089566929133858,0.0261438005726821,0.0523622047244095));
#7542=CARTESIAN_POINT('',(-0.0895669291338579,-0.00830501832495568,0.0523622047244095));
#7543=CARTESIAN_POINT('',(-0.090551181102362,0.027128052541186,0.0513779527559055));
#7544=CARTESIAN_POINT('Origin',(-0.089566929133858,0.0261438005726821,0.0513779527559055));
#7545=CARTESIAN_POINT('',(-0.0905511811023618,-0.0201160419470029,0.0513779527559055));
#7546=CARTESIAN_POINT('',(-0.0905511811023619,-0.0083050183249556,0.0513779527559055));
#7547=CARTESIAN_POINT('Origin',(-0.0895669291338579,-0.019131789978499,
0.0513779527559055));
#7548=CARTESIAN_POINT('Origin',(-0.0856299212598423,0.0261438005726821,
0.0513779527559055));
#7549=CARTESIAN_POINT('',(-0.0718503937007872,0.0261438005726822,0.0523622047244095));
#7550=CARTESIAN_POINT('',(-0.0856299212598423,0.0261438005726821,0.0523622047244095));
#7551=CARTESIAN_POINT('',(-0.0708661417322833,0.0271280525411861,0.0513779527559055));
#7552=CARTESIAN_POINT('Origin',(-0.0718503937007872,0.0261438005726822,
0.0513779527559055));
#7553=CARTESIAN_POINT('',(-0.0856299212598423,0.027128052541186,0.0513779527559055));
#7554=CARTESIAN_POINT('Origin',(-0.0718503937007871,0.0153170289191389,
0.0513779527559055));
#7555=CARTESIAN_POINT('',(-0.071850393700787,-0.0191317899784989,0.0523622047244095));
#7556=CARTESIAN_POINT('',(-0.0718503937007871,0.0153170289191389,0.0523622047244095));
#7557=CARTESIAN_POINT('',(-0.0708661417322831,-0.0201160419470029,0.0513779527559055));
#7558=CARTESIAN_POINT('Origin',(-0.071850393700787,-0.0191317899784989,
0.0513779527559055));
#7559=CARTESIAN_POINT('',(-0.0708661417322832,0.0153170289191389,0.0513779527559055));
#7560=CARTESIAN_POINT('Origin',(-0.0757874015748028,-0.019131789978499,
0.0513779527559055));
#7561=CARTESIAN_POINT('',(-0.0757874015748028,-0.019131789978499,0.0523622047244095));
#7562=CARTESIAN_POINT('',(-0.0757874015748028,-0.0201160419470029,0.0513779527559055));
#7563=CARTESIAN_POINT('Origin',(-0.0807086614173226,0.00350600529709158,
0.0523622047244095));
#7564=CARTESIAN_POINT('Origin',(-0.0915354330708658,-0.00830501832495561,
0.0513779527559055));
#7565=CARTESIAN_POINT('',(-0.0915354330708659,0.02811230450969,0.0503937007874016));
#7566=CARTESIAN_POINT('Origin',(-0.0915354330708659,0.02811230450969,0.0513779527559055));
#7567=CARTESIAN_POINT('',(-0.0915354330708658,-0.0211002939155069,0.0503937007874016));
#7568=CARTESIAN_POINT('',(-0.0915354330708658,-0.00830501832495561,0.0503937007874016));
#7569=CARTESIAN_POINT('Origin',(-0.0915354330708658,-0.0211002939155069,
0.0513779527559055));
#7570=CARTESIAN_POINT('Origin',(-0.0856299212598423,0.02811230450969,0.0513779527559055));
#7571=CARTESIAN_POINT('',(-0.0698818897637793,0.02811230450969,0.0503937007874016));
#7572=CARTESIAN_POINT('Origin',(-0.0698818897637793,0.02811230450969,0.0513779527559055));
#7573=CARTESIAN_POINT('',(-0.0856299212598423,0.02811230450969,0.0503937007874016));
#7574=CARTESIAN_POINT('Origin',(-0.0698818897637793,0.0153170289191389,
0.0513779527559055));
#7575=CARTESIAN_POINT('',(-0.0698818897637791,-0.0211002939155068,0.0503937007874016));
#7576=CARTESIAN_POINT('Origin',(-0.0698818897637791,-0.0211002939155068,
0.0513779527559055));
#7577=CARTESIAN_POINT('',(-0.0698818897637793,0.0153170289191389,0.0503937007874016));
#7578=CARTESIAN_POINT('Origin',(-0.0757874015748028,-0.0211002939155068,
0.0513779527559055));
#7579=CARTESIAN_POINT('',(-0.0757874015748028,-0.0211002939155068,0.0503937007874016));
#7580=CARTESIAN_POINT('Origin',(-0.0807086614173225,0.00350600529709175,
0.0503937007874016));
#7581=CARTESIAN_POINT('',(-0.106299212598425,-0.0573021154616903,0.0503937007874016));
#7582=CARTESIAN_POINT('Origin',(0.0545871649090081,-0.039801081317081,0.0484251968503937));
#7583=CARTESIAN_POINT('',(0.0545871649090078,0.0468130919112655,0.0484251968503937));
#7584=CARTESIAN_POINT('',(0.0545871649090078,0.0468130919112655,0.0484251968503937));
#7585=CARTESIAN_POINT('',(0.0545871649090081,-0.039801081317081,0.0484251968503937));
#7586=CARTESIAN_POINT('',(0.054587164909008,-0.0199005406585403,0.0484251968503937));
#7587=CARTESIAN_POINT('',(0.0545871649090081,-0.039801081317081,0.0484251968503937));
#7588=CARTESIAN_POINT('Origin',(0.0545871649090078,0.0468130919112655,0.0484251968503937));
#7589=CARTESIAN_POINT('',(0.105768267271213,0.0468130919112657,0.0484251968503937));
#7590=CARTESIAN_POINT('',(0.105768267271213,0.0468130919112657,0.0484251968503937));
#7591=CARTESIAN_POINT('',(0.0272935824545039,0.0468130919112653,0.0484251968503937));
#7592=CARTESIAN_POINT('Origin',(0.105768267271213,0.0468130919112657,0.0484251968503937));
#7593=CARTESIAN_POINT('',(0.105768267271213,-0.0398010813170808,0.0484251968503937));
#7594=CARTESIAN_POINT('',(0.105768267271213,-0.0398010813170808,0.0484251968503937));
#7595=CARTESIAN_POINT('',(0.105768267271213,0.0234065459556331,0.0484251968503937));
#7596=CARTESIAN_POINT('Origin',(0.105768267271213,-0.0398010813170808,0.0484251968503937));
#7597=CARTESIAN_POINT('',(0.0528841336356066,-0.039801081317081,0.0484251968503937));
#7598=CARTESIAN_POINT('Origin',(-0.0101079923486456,0.0488188976377955,
0.0484251968503937));
#7599=CARTESIAN_POINT('',(0.00957704702143312,0.0488188976377956,0.0484251968503937));
#7600=CARTESIAN_POINT('',(0.00957704702143312,0.0488188976377956,0.0484251968503937));
#7601=CARTESIAN_POINT('',(-0.0101079923486456,0.0488188976377955,0.0484251968503937));
#7602=CARTESIAN_POINT('',(-0.00505399617432283,0.0488188976377955,0.0484251968503937));
#7603=CARTESIAN_POINT('',(-0.0101079923486456,0.0488188976377955,0.0484251968503937));
#7604=CARTESIAN_POINT('Origin',(0.00957704702143312,0.0488188976377956,
0.0484251968503937));
#7605=CARTESIAN_POINT('',(0.0095770470214332,0.0244094488188978,0.0484251968503937));
#7606=CARTESIAN_POINT('Origin',(-0.000265472663606093,-0.000393700787401313,
0.0484251968503937));
#7607=CARTESIAN_POINT('',(-0.0101079923486456,0.0377262140374748,0.0484251968503937));
#7608=CARTESIAN_POINT('',(-0.0101079923486456,0.0377262140374748,0.0484251968503937));
#7609=CARTESIAN_POINT('Origin',(-0.000265472663606093,-0.000393700787401313,
0.0484251968503937));
#7610=CARTESIAN_POINT('Origin',(-0.0101079923486456,0.0377262140374748,
0.0484251968503937));
#7611=CARTESIAN_POINT('',(-0.0101079923486455,0.0188631070187374,0.0484251968503937));
#7612=CARTESIAN_POINT('Origin',(1.31128703695885E-16,5.6623758414132E-17,
0.0484251968503937));
#7613=CARTESIAN_POINT('',(-0.106299212598425,-0.0496829710808611,0.0484251968503937));
#7614=CARTESIAN_POINT('',(-0.106299212598425,-0.0590551181102362,0.0484251968503937));
#7615=CARTESIAN_POINT('',(-0.0870675077094431,-0.0496829710808611,0.0484251968503937));
#7616=CARTESIAN_POINT('',(-0.0435337538547215,-0.0496829710808611,0.0484251968503937));
#7617=CARTESIAN_POINT('',(-0.0534496617080326,-0.0851273273649036,0.0484251968503937));
#7618=CARTESIAN_POINT('Origin',(0.000393700787401881,-0.000393700787401531,
0.0484251968503937));
#7619=CARTESIAN_POINT('',(-0.0534496617080326,-0.106299212598425,0.0484251968503937));
#7620=CARTESIAN_POINT('',(-0.0534496617080326,-0.0531496062992124,0.0484251968503937));
#7621=CARTESIAN_POINT('',(0.0508731706483423,-0.106299212598425,0.0484251968503937));
#7622=CARTESIAN_POINT('',(0.0590551181102364,-0.106299212598425,0.0484251968503937));
#7623=CARTESIAN_POINT('',(0.0508731706483423,-0.0871734120127146,0.0484251968503937));
#7624=CARTESIAN_POINT('',(0.0508731706483423,-0.0435867060063573,0.0484251968503937));
#7625=CARTESIAN_POINT('',(0.0878549092842469,-0.0496829710808611,0.0484251968503937));
#7626=CARTESIAN_POINT('Origin',(0.000393700787401881,-0.000393700787401531,
0.0484251968503937));
#7627=CARTESIAN_POINT('',(0.106299212598426,-0.0496829710808611,0.0484251968503937));
#7628=CARTESIAN_POINT('',(0.0531496062992128,-0.0496829710808611,0.0484251968503937));
#7629=CARTESIAN_POINT('',(0.106299212598425,0.054639861275514,0.0484251968503937));
#7630=CARTESIAN_POINT('',(0.106299212598425,0.0590551181102363,0.0484251968503937));
#7631=CARTESIAN_POINT('',(0.0843591830075233,0.054639861275514,0.0484251968503937));
#7632=CARTESIAN_POINT('',(0.0421795915037617,0.054639861275514,0.0484251968503937));
#7633=CARTESIAN_POINT('',(0.0508731706483423,0.0863860104379116,0.0484251968503937));
#7634=CARTESIAN_POINT('Origin',(0.000393700787401881,-0.000393700787401531,
0.0484251968503937));
#7635=CARTESIAN_POINT('',(0.0508731706483423,0.106299212598426,0.0484251968503937));
#7636=CARTESIAN_POINT('',(0.0508731706483423,0.0531496062992128,0.0484251968503937));
#7637=CARTESIAN_POINT('',(-0.0534496617080328,0.106299212598425,0.0484251968503937));
#7638=CARTESIAN_POINT('',(-0.0590551181102361,0.106299212598425,0.0484251968503937));
#7639=CARTESIAN_POINT('',(-0.0534496617080328,0.0843399257901003,0.0484251968503937));
#7640=CARTESIAN_POINT('',(-0.0534496617080328,0.0421699628950502,0.0484251968503937));
#7641=CARTESIAN_POINT('',(-0.0835717814327195,0.054639861275514,0.0484251968503937));
#7642=CARTESIAN_POINT('Origin',(0.000393700787401881,-0.000393700787401531,
0.0484251968503937));
#7643=CARTESIAN_POINT('',(-0.106299212598425,0.054639861275514,0.0484251968503937));
#7644=CARTESIAN_POINT('',(-0.0531496062992124,0.054639861275514,0.0484251968503937));
#7645=CARTESIAN_POINT('',(-0.106299212598425,-0.0590551181102362,0.0484251968503937));
#7646=CARTESIAN_POINT('Origin',(-0.129921259842519,0.10236220472441,0.0370078740157482));
#7647=CARTESIAN_POINT('',(-0.118110236220472,0.10236220472441,0.0370078740157482));
#7648=CARTESIAN_POINT('',(-0.118110236220472,-0.00787401574803137,0.0370078740157482));
#7649=CARTESIAN_POINT('',(-0.118110236220472,0.10236220472441,0.0370078740157482));
#7650=CARTESIAN_POINT('Origin',(-0.124015748031496,0.10236220472441,0.0311023622047246));
#7651=CARTESIAN_POINT('',(-0.118110236220472,0.10236220472441,0.0155511811023623));
#7652=CARTESIAN_POINT('Origin',(-0.124015748031496,-0.0748031496062989,
0.0311023622047246));
#7653=CARTESIAN_POINT('',(-0.118110236220472,-0.0748031496062989,0.0155511811023623));
#7654=CARTESIAN_POINT('Origin',(0.118110236220473,0.102362204724409,0.0251968503937008));
#7655=CARTESIAN_POINT('',(0.118110236220473,0.0748031496062991,0.0251968503937008));
#7656=CARTESIAN_POINT('',(0.12992125984252,0.0748031496062991,0.0251968503937008));
#7657=CARTESIAN_POINT('',(0.12992125984252,0.0748031496062991,0.0251968503937008));
#7658=CARTESIAN_POINT('',(0.118110236220473,0.102362204724409,0.0251968503937008));
#7659=CARTESIAN_POINT('',(0.118110236220473,0.110236220472441,0.0251968503937008));
#7660=CARTESIAN_POINT('',(0.12992125984252,0.102362204724409,0.0251968503937008));
#7661=CARTESIAN_POINT('',(0.12992125984252,0.102362204724409,0.0251968503937008));
#7662=CARTESIAN_POINT('',(0.12992125984252,0.102362204724409,0.0251968503937008));
#7663=CARTESIAN_POINT('Origin',(0.12992125984252,0.102362204724409,0.0251968503937008));
#7664=CARTESIAN_POINT('',(0.12992125984252,0.0748031496062991,0.037007874015748));
#7665=CARTESIAN_POINT('',(0.12992125984252,0.0748031496062991,0.037007874015748));
#7666=CARTESIAN_POINT('',(0.12992125984252,0.102362204724409,0.037007874015748));
#7667=CARTESIAN_POINT('',(0.12992125984252,0.102362204724409,0.037007874015748));
#7668=CARTESIAN_POINT('',(0.12992125984252,0.102362204724409,0.037007874015748));
#7669=CARTESIAN_POINT('Origin',(0.12992125984252,0.102362204724409,0.037007874015748));
#7670=CARTESIAN_POINT('',(0.118110236220473,0.0748031496062991,0.037007874015748));
#7671=CARTESIAN_POINT('',(0.118110236220473,0.0748031496062991,0.037007874015748));
#7672=CARTESIAN_POINT('',(0.118110236220473,0.102362204724409,0.037007874015748));
#7673=CARTESIAN_POINT('',(0.118110236220473,0.102362204724409,0.037007874015748));
#7674=CARTESIAN_POINT('',(0.118110236220473,0.110236220472441,0.037007874015748));
#7675=CARTESIAN_POINT('Origin',(0.124015748031496,0.102362204724409,0.0311023622047244));
#7676=CARTESIAN_POINT('',(0.118110236220473,0.102362204724409,0.0155511811023622));
#7677=CARTESIAN_POINT('Origin',(0.124015748031496,0.0748031496062991,0.0311023622047244));
#7678=CARTESIAN_POINT('',(0.118110236220473,0.0748031496062991,0.0155511811023622));
#7679=CARTESIAN_POINT('Origin',(0.118110236220473,-0.102362204724409,0.0251968503937008));
#7680=CARTESIAN_POINT('',(0.118110236220473,-0.0748031496062991,0.0251968503937008));
#7681=CARTESIAN_POINT('',(0.12992125984252,-0.0748031496062991,0.0251968503937008));
#7682=CARTESIAN_POINT('',(0.12992125984252,-0.0748031496062991,0.0251968503937008));
#7683=CARTESIAN_POINT('',(0.12992125984252,-0.102362204724409,0.0251968503937008));
#7684=CARTESIAN_POINT('',(0.12992125984252,-0.102362204724409,0.0251968503937008));
#7685=CARTESIAN_POINT('',(0.118110236220473,-0.102362204724409,0.0251968503937008));
#7686=CARTESIAN_POINT('',(0.12992125984252,-0.102362204724409,0.0251968503937008));
#7687=CARTESIAN_POINT('',(0.118110236220473,0.00787401574803158,0.0251968503937008));
#7688=CARTESIAN_POINT('Origin',(0.12992125984252,-0.102362204724409,0.0251968503937008));
#7689=CARTESIAN_POINT('',(0.12992125984252,-0.0748031496062991,0.037007874015748));
#7690=CARTESIAN_POINT('',(0.12992125984252,-0.0748031496062991,0.037007874015748));
#7691=CARTESIAN_POINT('',(0.12992125984252,-0.102362204724409,0.037007874015748));
#7692=CARTESIAN_POINT('',(0.12992125984252,-0.102362204724409,0.037007874015748));
#7693=CARTESIAN_POINT('',(0.12992125984252,-0.102362204724409,0.037007874015748));
#7694=CARTESIAN_POINT('Origin',(0.12992125984252,-0.102362204724409,0.037007874015748));
#7695=CARTESIAN_POINT('',(0.118110236220473,-0.0748031496062991,0.037007874015748));
#7696=CARTESIAN_POINT('',(0.118110236220473,-0.0748031496062991,0.037007874015748));
#7697=CARTESIAN_POINT('',(0.118110236220473,-0.102362204724409,0.037007874015748));
#7698=CARTESIAN_POINT('',(0.118110236220473,0.00787401574803157,0.037007874015748));
#7699=CARTESIAN_POINT('',(0.118110236220473,-0.102362204724409,0.037007874015748));
#7700=CARTESIAN_POINT('Origin',(0.124015748031496,-0.102362204724409,0.0311023622047244));
#7701=CARTESIAN_POINT('',(0.118110236220473,-0.102362204724409,0.0155511811023622));
#7702=CARTESIAN_POINT('Origin',(0.124015748031496,-0.0748031496062991,0.0311023622047244));
#7703=CARTESIAN_POINT('',(0.118110236220473,-0.0748031496062991,0.0155511811023622));
#7704=CARTESIAN_POINT('Origin',(0.0755905511811026,-0.0192913385826773,
0.00275590551181102));
#7705=CARTESIAN_POINT('',(0.0755905511811026,-0.0192913385826773,0.018503937007874));
#7706=CARTESIAN_POINT('',(0.0755905511811026,0.0200787401574802,0.018503937007874));
#7707=CARTESIAN_POINT('',(0.0755905511811026,-0.0192913385826773,0.018503937007874));
#7708=CARTESIAN_POINT('',(0.0755905511811026,-0.0192913385826773,0.00275590551181102));
#7709=CARTESIAN_POINT('',(0.0755905511811026,-0.0192913385826773,0.00275590551181102));
#7710=CARTESIAN_POINT('',(0.0755905511811026,0.0200787401574802,0.00275590551181102));
#7711=CARTESIAN_POINT('',(0.0755905511811026,-0.00944881889763793,0.00275590551181102));
#7712=CARTESIAN_POINT('',(0.0755905511811026,0.0200787401574802,0.00275590551181102));
#7713=CARTESIAN_POINT('Origin',(0.0862204724409451,0.000393700787401444,
0.018503937007874));
#7714=CARTESIAN_POINT('',(0.0968503937007876,0.0200787401574802,0.018503937007874));
#7715=CARTESIAN_POINT('',(0.0755905511811026,0.0200787401574802,0.018503937007874));
#7716=CARTESIAN_POINT('',(0.0968503937007876,-0.0192913385826773,0.018503937007874));
#7717=CARTESIAN_POINT('',(0.0968503937007876,0.0200787401574802,0.018503937007874));
#7718=CARTESIAN_POINT('',(0.0968503937007876,-0.0192913385826773,0.018503937007874));
#7719=CARTESIAN_POINT('Origin',(-0.0763779527559053,0.0200787401574802,
0.00275590551181102));
#7720=CARTESIAN_POINT('',(-0.0763779527559053,0.0200787401574802,0.018503937007874));
#7721=CARTESIAN_POINT('',(-0.0763779527559053,-0.0192913385826773,0.018503937007874));
#7722=CARTESIAN_POINT('',(-0.0763779527559053,0.0200787401574802,0.018503937007874));
#7723=CARTESIAN_POINT('',(-0.0763779527559053,0.0200787401574802,0.00275590551181102));
#7724=CARTESIAN_POINT('',(-0.0763779527559053,0.0200787401574802,0.00275590551181102));
#7725=CARTESIAN_POINT('',(-0.0763779527559053,-0.0192913385826773,0.00275590551181102));
#7726=CARTESIAN_POINT('',(-0.0763779527559053,0.0102362204724408,0.00275590551181102));
#7727=CARTESIAN_POINT('',(-0.0763779527559053,-0.0192913385826773,0.00275590551181102));
#7728=CARTESIAN_POINT('Origin',(-0.0870078740157478,0.000393700787401444,
0.018503937007874));
#7729=CARTESIAN_POINT('',(-0.0976377952755903,-0.0192913385826773,0.018503937007874));
#7730=CARTESIAN_POINT('',(-0.0763779527559053,-0.0192913385826773,0.018503937007874));
#7731=CARTESIAN_POINT('',(-0.0976377952755903,0.0200787401574802,0.018503937007874));
#7732=CARTESIAN_POINT('',(-0.0976377952755903,-0.0192913385826773,0.018503937007874));
#7733=CARTESIAN_POINT('',(-0.0976377952755903,0.0200787401574802,0.018503937007874));
#7734=CARTESIAN_POINT('Origin',(0.0102362204724412,0.0200787401574802,0.00275590551181102));
#7735=CARTESIAN_POINT('',(0.0102362204724412,0.0200787401574802,0.018503937007874));
#7736=CARTESIAN_POINT('',(0.0102362204724412,-0.0192913385826773,0.018503937007874));
#7737=CARTESIAN_POINT('',(0.0102362204724412,-0.0192913385826773,0.018503937007874));
#7738=CARTESIAN_POINT('',(0.0102362204724412,0.0200787401574802,0.00275590551181102));
#7739=CARTESIAN_POINT('',(0.0102362204724412,0.0200787401574802,0.00275590551181102));
#7740=CARTESIAN_POINT('',(0.0102362204724412,-0.0192913385826773,0.00275590551181102));
#7741=CARTESIAN_POINT('',(0.0102362204724412,0.0102362204724408,0.00275590551181102));
#7742=CARTESIAN_POINT('',(0.0102362204724412,-0.0192913385826773,0.00275590551181102));
#7743=CARTESIAN_POINT('Origin',(-0.0110236220472438,-0.0192913385826773,
0.00275590551181102));
#7744=CARTESIAN_POINT('',(-0.0110236220472438,-0.0192913385826773,0.018503937007874));
#7745=CARTESIAN_POINT('',(-0.0110236220472438,0.0200787401574802,0.018503937007874));
#7746=CARTESIAN_POINT('',(-0.0110236220472438,0.0200787401574802,0.018503937007874));
#7747=CARTESIAN_POINT('',(-0.0110236220472438,-0.0192913385826773,0.00275590551181102));
#7748=CARTESIAN_POINT('',(-0.0110236220472438,-0.0192913385826773,0.00275590551181102));
#7749=CARTESIAN_POINT('',(-0.0110236220472438,0.0200787401574802,0.00275590551181102));
#7750=CARTESIAN_POINT('',(-0.0110236220472438,-0.00944881889763793,0.00275590551181102));
#7751=CARTESIAN_POINT('',(-0.0110236220472438,0.0200787401574802,0.00275590551181102));
#7752=CARTESIAN_POINT('Origin',(-0.000393700787401269,0.000393700787401444,
0.018503937007874));
#7753=CARTESIAN_POINT('',(-0.0110236220472438,-0.0192913385826773,0.018503937007874));
#7754=CARTESIAN_POINT('',(0.0102362204724412,0.0200787401574802,0.018503937007874));
#7755=CARTESIAN_POINT('Origin',(-0.000393700787401357,0.000393700787401443,
0.00275590551181102));
#7756=CARTESIAN_POINT('',(-0.0976377952755903,0.0200787401574802,0.00275590551181102));
#7757=CARTESIAN_POINT('',(0.0968503937007876,-0.0192913385826773,0.00275590551181102));
#7758=CARTESIAN_POINT('Origin',(-0.0976377952755903,0.0200787401574802,
-0.0149606299212598));
#7759=CARTESIAN_POINT('',(0.0527559055118112,0.0200787401574802,-0.0149606299212598));
#7760=CARTESIAN_POINT('',(0.0527559055118112,0.0200787401574802,0.));
#7761=CARTESIAN_POINT('',(0.0527559055118112,0.0200787401574802,-0.00748031496062992));
#7762=CARTESIAN_POINT('',(0.0968503937007876,0.0200787401574802,-0.0149606299212598));
#7763=CARTESIAN_POINT('',(0.00531496062992146,0.0200787401574802,-0.0149606299212598));
#7764=CARTESIAN_POINT('',(0.0968503937007876,0.0200787401574802,-0.0149606299212598));
#7765=CARTESIAN_POINT('',(-0.0976377952755903,0.0200787401574802,0.00275590551181102));
#7766=CARTESIAN_POINT('',(-0.0976377952755903,0.0200787401574802,-0.0149606299212598));
#7767=CARTESIAN_POINT('',(-0.0976377952755903,0.0200787401574802,-0.0149606299212598));
#7768=CARTESIAN_POINT('',(-0.0527559055118107,0.0200787401574802,-0.0149606299212598));
#7769=CARTESIAN_POINT('',(-0.102952755905512,0.0200787401574802,-0.0149606299212598));
#7770=CARTESIAN_POINT('',(-0.0527559055118107,0.0200787401574802,0.));
#7771=CARTESIAN_POINT('',(-0.0527559055118107,0.0200787401574802,-0.00748031496062992));
#7772=CARTESIAN_POINT('',(-0.0488188976377951,0.0200787401574802,0.));
#7773=CARTESIAN_POINT('Origin',(-0.0976377952755903,-0.0192913385826773,
-0.0149606299212598));
#7774=CARTESIAN_POINT('',(-0.0976377952755903,-0.0192913385826773,-0.0149606299212598));
#7775=CARTESIAN_POINT('',(-0.0976377952755903,-0.0192913385826773,-0.0149606299212598));
#7776=CARTESIAN_POINT('',(-0.0976377952755903,-0.00984251968503933,-0.0149606299212598));
#7777=CARTESIAN_POINT('Origin',(0.0968503937007876,0.0200787401574802,-0.0149606299212598));
#7778=CARTESIAN_POINT('',(0.0968503937007876,-0.0192913385826773,-0.0149606299212598));
#7779=CARTESIAN_POINT('',(0.0968503937007876,0.00984251968503933,-0.0149606299212598));
#7780=CARTESIAN_POINT('',(0.0968503937007876,-0.0192913385826773,-0.0149606299212598));
#7781=CARTESIAN_POINT('Origin',(0.0968503937007876,-0.0192913385826773,
-0.0149606299212598));
#7782=CARTESIAN_POINT('',(0.0527559055118112,-0.0192913385826773,0.));
#7783=CARTESIAN_POINT('',(0.0527559055118112,-0.0192913385826773,-0.0149606299212598));
#7784=CARTESIAN_POINT('',(0.0527559055118112,-0.0192913385826773,-0.00748031496062992));
#7785=CARTESIAN_POINT('',(-0.0527559055118108,-0.0192913385826773,0.));
#7786=CARTESIAN_POINT('',(0.0484251968503938,-0.0192913385826773,0.));
#7787=CARTESIAN_POINT('',(-0.0527559055118108,-0.0192913385826773,-0.0149606299212598));
#7788=CARTESIAN_POINT('',(-0.0527559055118108,-0.0192913385826773,-0.00748031496062992));
#7789=CARTESIAN_POINT('',(-0.0057086614173226,-0.0192913385826773,-0.0149606299212598));
#7790=CARTESIAN_POINT('',(0.0968503937007876,-0.0192913385826773,0.00275590551181102));
#7791=CARTESIAN_POINT('',(0.10255905511811,-0.0192913385826773,-0.0149606299212598));
#7792=CARTESIAN_POINT('Origin',(-0.000393700787401357,0.000393700787401443,
0.00275590551181102));
#7793=CARTESIAN_POINT('Origin',(0.0527559055118112,0.118110236220473,0.));
#7794=CARTESIAN_POINT('',(0.0527559055118112,-0.118110236220473,-0.0149606299212598));
#7795=CARTESIAN_POINT('',(0.0527559055118112,-0.118110236220473,-0.0149606299212598));
#7796=CARTESIAN_POINT('',(0.0527559055118112,-0.118110236220473,0.));
#7797=CARTESIAN_POINT('',(0.0527559055118112,-0.118110236220473,0.));
#7798=CARTESIAN_POINT('',(0.0527559055118112,0.0590551181102363,0.));
#7799=CARTESIAN_POINT('Origin',(-0.108267716535433,-0.000393700787401357,
-0.0149606299212598));
#7800=CARTESIAN_POINT('',(-0.052755905511811,-0.118110236220472,-0.0149606299212598));
#7801=CARTESIAN_POINT('',(-0.0527559055118105,0.118110236220473,-0.0149606299212598));
#7802=CARTESIAN_POINT('',(-0.0984251968503937,-0.118110236220472,-0.0149606299212598));
#7803=CARTESIAN_POINT('',(-0.052755905511811,-0.118110236220472,-0.0149606299212598));
#7804=CARTESIAN_POINT('',(-0.0984251968503935,-0.0574803149606297,-0.0149606299212598));
#7805=CARTESIAN_POINT('',(-0.0984251968503937,-0.118110236220472,-0.0149606299212598));
#7806=CARTESIAN_POINT('',(-0.118110236220472,-0.0574803149606297,-0.0149606299212598));
#7807=CARTESIAN_POINT('',(-0.0984251968503935,-0.0574803149606297,-0.0149606299212598));
#7808=CARTESIAN_POINT('',(-0.118110236220472,0.056692913385827,-0.0149606299212598));
#7809=CARTESIAN_POINT('',(-0.118110236220472,-0.0574803149606297,-0.0149606299212598));
#7810=CARTESIAN_POINT('',(-0.0984251968503933,0.056692913385827,-0.0149606299212598));
#7811=CARTESIAN_POINT('',(-0.118110236220472,0.056692913385827,-0.0149606299212598));
#7812=CARTESIAN_POINT('',(-0.0984251968503932,0.118110236220473,-0.0149606299212598));
#7813=CARTESIAN_POINT('',(-0.0984251968503937,-0.118110236220472,-0.0149606299212598));
#7814=CARTESIAN_POINT('',(-0.0527559055118105,0.118110236220473,-0.0149606299212598));
#7815=CARTESIAN_POINT('',(-0.0984251968503932,0.118110236220473,-0.0149606299212598));
#7816=CARTESIAN_POINT('',(-0.0527559055118105,0.118110236220473,-0.0149606299212598));
#7817=CARTESIAN_POINT('Origin',(1.31128703695885E-16,5.6623758414132E-17,
0.));
#7818=CARTESIAN_POINT('',(-0.052755905511811,-0.118110236220472,0.));
#7819=CARTESIAN_POINT('',(-0.118110236220472,-0.118110236220472,0.));
#7820=CARTESIAN_POINT('',(-0.0527559055118108,-0.0590551181102361,0.));
#7821=CARTESIAN_POINT('Origin',(1.31128703695885E-16,5.6623758414132E-17,
0.));
#7822=CARTESIAN_POINT('',(-0.0527559055118105,0.118110236220473,0.));
#7823=CARTESIAN_POINT('',(-0.0527559055118108,-0.0590551181102361,0.));
#7824=CARTESIAN_POINT('',(0.0527559055118112,0.118110236220473,0.));
#7825=CARTESIAN_POINT('',(0.118110236220473,0.118110236220473,0.));
#7826=CARTESIAN_POINT('',(0.0527559055118112,0.0590551181102363,0.));
#7827=CARTESIAN_POINT('Origin',(-0.052755905511811,-0.118110236220472,0.));
#7828=CARTESIAN_POINT('',(-0.052755905511811,-0.118110236220472,0.));
#7829=CARTESIAN_POINT('Origin',(-0.052755905511811,-0.118110236220472,0.));
#7830=CARTESIAN_POINT('',(-0.0527559055118105,0.118110236220473,0.));
#7831=CARTESIAN_POINT('Origin',(0.0527559055118112,0.118110236220473,0.));
#7832=CARTESIAN_POINT('',(0.0527559055118112,0.118110236220473,-0.0149606299212598));
#7833=CARTESIAN_POINT('',(0.0527559055118112,0.118110236220473,0.));
#7834=CARTESIAN_POINT('',(0.0527559055118112,-0.118110236220473,-0.0149606299212598));
#7835=CARTESIAN_POINT('Origin',(0.108267716535433,-0.000393700787401532,
-0.0149606299212598));
#7836=CARTESIAN_POINT('',(0.118110236220473,0.118110236220473,-0.0149606299212598));
#7837=CARTESIAN_POINT('',(0.0527559055118112,0.118110236220473,-0.0149606299212598));
#7838=CARTESIAN_POINT('',(0.118110236220473,-0.118110236220472,-0.0149606299212598));
#7839=CARTESIAN_POINT('',(0.118110236220473,0.118110236220473,-0.0149606299212598));
#7840=CARTESIAN_POINT('',(0.118110236220473,-0.118110236220472,-0.0149606299212598));
#7841=CARTESIAN_POINT('Origin',(-0.0984251968503933,0.056692913385827,0.));
#7842=CARTESIAN_POINT('',(-0.0984251968503935,-0.0574803149606297,0.));
#7843=CARTESIAN_POINT('',(-0.0984251968503935,-0.0574803149606297,0.));
#7844=CARTESIAN_POINT('',(-0.0984251968503937,-0.118110236220472,0.));
#7845=CARTESIAN_POINT('',(-0.0984251968503937,-0.118110236220472,0.));
#7846=CARTESIAN_POINT('',(-0.0984251968503934,0.0283464566929136,0.));
#7847=CARTESIAN_POINT('Origin',(-0.0984251968503933,0.056692913385827,0.));
#7848=CARTESIAN_POINT('',(-0.0984251968503933,0.056692913385827,0.));
#7849=CARTESIAN_POINT('',(-0.0984251968503933,0.056692913385827,0.));
#7850=CARTESIAN_POINT('',(-0.0984251968503932,0.118110236220473,0.));
#7851=CARTESIAN_POINT('',(-0.0984251968503934,0.0283464566929136,0.));
#7852=CARTESIAN_POINT('',(-0.0984251968503932,0.118110236220473,0.));
#7853=CARTESIAN_POINT('Origin',(-0.0984251968503933,0.056692913385827,0.));
#7854=CARTESIAN_POINT('',(-0.118110236220472,0.056692913385827,0.));
#7855=CARTESIAN_POINT('',(-0.118110236220472,0.056692913385827,0.));
#7856=CARTESIAN_POINT('',(-0.0492125984251966,0.056692913385827,0.));
#7857=CARTESIAN_POINT('Origin',(-0.118110236220472,-0.0574803149606297,
0.));
#7858=CARTESIAN_POINT('',(-0.118110236220472,-0.0574803149606297,0.));
#7859=CARTESIAN_POINT('',(-0.059055118110236,-0.0574803149606297,0.));
#7860=CARTESIAN_POINT('',(-0.118110236220472,-0.0574803149606297,0.));
#7861=CARTESIAN_POINT('Origin',(1.31128703695885E-16,5.6623758414132E-17,
0.));
#7862=CARTESIAN_POINT('',(-0.118110236220472,-0.118110236220472,0.));
#7863=CARTESIAN_POINT('',(-0.118110236220472,-0.118110236220472,0.));
#7864=CARTESIAN_POINT('',(-0.118110236220472,0.118110236220472,0.));
#7865=CARTESIAN_POINT('Origin',(1.31128703695885E-16,5.6623758414132E-17,
0.));
#7866=CARTESIAN_POINT('',(-0.118110236220472,0.118110236220472,0.));
#7867=CARTESIAN_POINT('',(-0.118110236220472,0.118110236220472,0.));
#7868=CARTESIAN_POINT('',(0.118110236220473,0.118110236220473,0.));
#7869=CARTESIAN_POINT('Origin',(0.0866141732283466,0.0866141732283471,0.113779527559055));
#7870=CARTESIAN_POINT('',(0.101377952755906,0.0866141732283471,0.113779527559055));
#7871=CARTESIAN_POINT('',(0.101377952755906,0.0866141732283471,0.113779527559055));
#7872=CARTESIAN_POINT('Origin',(0.0866141732283466,0.0866141732283471,0.113779527559055));
#7873=CARTESIAN_POINT('Origin',(-0.0866141732283464,0.0866141732283467,
0.113779527559055));
#7874=CARTESIAN_POINT('',(-0.0718503937007874,0.0866141732283467,0.113779527559055));
#7875=CARTESIAN_POINT('',(-0.0718503937007874,0.0866141732283467,0.113779527559055));
#7876=CARTESIAN_POINT('Origin',(-0.0866141732283464,0.0866141732283467,
0.113779527559055));
#7877=CARTESIAN_POINT('Origin',(-0.0866141732283467,-0.0866141732283464,
0.113779527559055));
#7878=CARTESIAN_POINT('',(-0.0718503937007876,-0.0866141732283464,0.113779527559055));
#7879=CARTESIAN_POINT('',(-0.0718503937007876,-0.0866141732283464,0.113779527559055));
#7880=CARTESIAN_POINT('Origin',(-0.0866141732283467,-0.0866141732283464,
0.113779527559055));
#7881=CARTESIAN_POINT('Origin',(0.0866141732283463,-0.0866141732283458,
0.113779527559055));
#7882=CARTESIAN_POINT('',(0.101377952755905,-0.0866141732283458,0.113779527559055));
#7883=CARTESIAN_POINT('',(0.101377952755905,-0.0866141732283458,0.113779527559055));
#7884=CARTESIAN_POINT('Origin',(0.0866141732283463,-0.0866141732283458,
0.113779527559055));
#7885=CARTESIAN_POINT('Origin',(0.106299212598426,-0.0496829710808611,0.113779527559055));
#7886=CARTESIAN_POINT('',(0.0878549092842469,-0.0496829710808611,0.113779527559055));
#7887=CARTESIAN_POINT('',(0.0878549092842469,-0.0496829710808611,0.113779527559055));
#7888=CARTESIAN_POINT('',(0.106299212598426,-0.0496829710808611,0.113779527559055));
#7889=CARTESIAN_POINT('',(0.106299212598426,-0.0496829710808611,0.113779527559055));
#7890=CARTESIAN_POINT('',(0.106299212598425,-0.0496829710808611,0.0568897637795276));
#7891=CARTESIAN_POINT('Origin',(0.000393700787401881,-0.000393700787401531,
0.113779527559055));
#7892=CARTESIAN_POINT('',(0.0508731706483423,-0.0871734120127146,0.113779527559055));
#7893=CARTESIAN_POINT('',(0.0508731706483423,-0.0871734120127146,0.113779527559055));
#7894=CARTESIAN_POINT('Origin',(0.000393700787401881,-0.000393700787401531,
0.113779527559055));
#7895=CARTESIAN_POINT('Origin',(0.0508731706483423,-0.0871734120127146,
0.113779527559055));
#7896=CARTESIAN_POINT('',(0.0508731706483423,-0.106299212598425,0.113779527559055));
#7897=CARTESIAN_POINT('',(0.0508731706483423,-0.106299212598425,0.0568897637795276));
#7898=CARTESIAN_POINT('',(0.0508731706483423,-0.0871734120127146,0.113779527559055));
#7899=CARTESIAN_POINT('Origin',(-0.106299212598425,0.054639861275514,0.113779527559055));
#7900=CARTESIAN_POINT('',(-0.0835717814327195,0.054639861275514,0.113779527559055));
#7901=CARTESIAN_POINT('',(-0.0835717814327195,0.054639861275514,0.113779527559055));
#7902=CARTESIAN_POINT('',(-0.106299212598425,0.054639861275514,0.113779527559055));
#7903=CARTESIAN_POINT('',(-0.106299212598425,0.054639861275514,0.113779527559055));
#7904=CARTESIAN_POINT('',(-0.106299212598425,0.054639861275514,0.0568897637795276));
#7905=CARTESIAN_POINT('Origin',(0.000393700787401881,-0.000393700787401531,
0.113779527559055));
#7906=CARTESIAN_POINT('',(-0.0534496617080328,0.0843399257901003,0.113779527559055));
#7907=CARTESIAN_POINT('',(-0.0534496617080328,0.0843399257901003,0.113779527559055));
#7908=CARTESIAN_POINT('Origin',(0.000393700787401881,-0.000393700787401531,
0.113779527559055));
#7909=CARTESIAN_POINT('Origin',(-0.0534496617080328,0.0843399257901003,
0.113779527559055));
#7910=CARTESIAN_POINT('',(-0.0534496617080328,0.106299212598425,0.113779527559055));
#7911=CARTESIAN_POINT('',(-0.0534496617080328,0.106299212598425,0.0568897637795276));
#7912=CARTESIAN_POINT('',(-0.0534496617080328,0.0843399257901003,0.113779527559055));
#7913=CARTESIAN_POINT('Origin',(0.0508731706483423,0.106299212598426,0.113779527559055));
#7914=CARTESIAN_POINT('',(0.0508731706483423,0.0863860104379116,0.113779527559055));
#7915=CARTESIAN_POINT('',(0.0508731706483423,0.0863860104379116,0.113779527559055));
#7916=CARTESIAN_POINT('',(0.0508731706483423,0.106299212598426,0.113779527559055));
#7917=CARTESIAN_POINT('',(0.0508731706483423,0.106299212598426,0.113779527559055));
#7918=CARTESIAN_POINT('',(0.0508731706483423,0.106299212598425,0.0568897637795276));
#7919=CARTESIAN_POINT('Origin',(0.000393700787401881,-0.000393700787401531,
0.113779527559055));
#7920=CARTESIAN_POINT('',(0.0843591830075233,0.054639861275514,0.113779527559055));
#7921=CARTESIAN_POINT('',(0.0843591830075233,0.054639861275514,0.113779527559055));
#7922=CARTESIAN_POINT('Origin',(0.000393700787401881,-0.000393700787401531,
0.113779527559055));
#7923=CARTESIAN_POINT('Origin',(0.0843591830075233,0.054639861275514,0.113779527559055));
#7924=CARTESIAN_POINT('',(0.106299212598425,0.054639861275514,0.113779527559055));
#7925=CARTESIAN_POINT('',(0.106299212598425,0.054639861275514,0.0568897637795276));
#7926=CARTESIAN_POINT('',(0.0843591830075233,0.054639861275514,0.113779527559055));
#7927=CARTESIAN_POINT('Origin',(-0.0534496617080326,-0.106299212598425,
0.113779527559055));
#7928=CARTESIAN_POINT('',(-0.0534496617080326,-0.0851273273649036,0.113779527559055));
#7929=CARTESIAN_POINT('',(-0.0534496617080326,-0.0851273273649036,0.113779527559055));
#7930=CARTESIAN_POINT('',(-0.0534496617080326,-0.106299212598425,0.113779527559055));
#7931=CARTESIAN_POINT('',(-0.0534496617080326,-0.106299212598425,0.113779527559055));
#7932=CARTESIAN_POINT('',(-0.0534496617080326,-0.106299212598425,0.0568897637795276));
#7933=CARTESIAN_POINT('Origin',(0.000393700787401881,-0.000393700787401531,
0.113779527559055));
#7934=CARTESIAN_POINT('',(-0.0870675077094431,-0.0496829710808611,0.113779527559055));
#7935=CARTESIAN_POINT('',(-0.0870675077094431,-0.0496829710808611,0.113779527559055));
#7936=CARTESIAN_POINT('Origin',(0.000393700787401881,-0.000393700787401531,
0.113779527559055));
#7937=CARTESIAN_POINT('Origin',(-0.0870675077094431,-0.0496829710808611,
0.113779527559055));
#7938=CARTESIAN_POINT('',(-0.106299212598425,-0.0496829710808611,0.113779527559055));
#7939=CARTESIAN_POINT('',(-0.106299212598425,-0.0496829710808611,0.0568897637795276));
#7940=CARTESIAN_POINT('',(-0.0870675077094431,-0.0496829710808611,0.113779527559055));
#7941=CARTESIAN_POINT('Origin',(-0.118110236220472,0.106299212598425,0.));
#7942=CARTESIAN_POINT('',(-0.0590551181102361,0.106299212598425,0.113779527559055));
#7943=CARTESIAN_POINT('Origin',(0.118110236220473,-0.106299212598425,0.));
#7944=CARTESIAN_POINT('',(0.0590551181102364,-0.106299212598425,0.113779527559055));
#7945=CARTESIAN_POINT('Origin',(0.106299212598425,0.118110236220473,0.));
#7946=CARTESIAN_POINT('',(0.106299212598425,0.0590551181102363,0.113779527559055));
#7947=CARTESIAN_POINT('Origin',(-0.106299212598425,-0.118110236220472,0.));
#7948=CARTESIAN_POINT('',(-0.106299212598425,-0.0590551181102362,0.113779527559055));
#7949=CARTESIAN_POINT('Origin',(-0.118110236220472,-0.118110236220472,0.));
#7950=CARTESIAN_POINT('',(-0.118110236220472,-0.118110236220472,0.113779527559055));
#7951=CARTESIAN_POINT('',(-0.118110236220472,0.118110236220472,0.113779527559055));
#7952=CARTESIAN_POINT('',(-0.118110236220472,0.118110236220472,0.113779527559055));
#7953=CARTESIAN_POINT('',(-0.118110236220472,0.118110236220472,0.));
#7954=CARTESIAN_POINT('',(-0.118110236220472,-0.118110236220472,0.));
#7955=CARTESIAN_POINT('Origin',(-0.118110236220472,0.118110236220472,0.));
#7956=CARTESIAN_POINT('',(0.118110236220473,0.118110236220473,0.113779527559055));
#7957=CARTESIAN_POINT('',(0.118110236220473,0.118110236220473,0.113779527559055));
#7958=CARTESIAN_POINT('',(0.118110236220473,0.118110236220473,0.));
#7959=CARTESIAN_POINT('Origin',(0.118110236220473,0.118110236220473,0.));
#7960=CARTESIAN_POINT('',(0.118110236220473,-0.118110236220472,0.113779527559055));
#7961=CARTESIAN_POINT('',(0.118110236220473,-0.118110236220472,0.113779527559055));
#7962=CARTESIAN_POINT('',(0.118110236220473,-0.118110236220472,0.));
#7963=CARTESIAN_POINT('Origin',(0.118110236220473,-0.118110236220472,0.));
#7964=CARTESIAN_POINT('',(-0.118110236220472,-0.118110236220472,0.113779527559055));
#7965=CARTESIAN_POINT('Origin',(1.31128703695885E-16,5.26501613324385E-17,
0.113779527559055));
#7966=CARTESIAN_POINT('Origin',(-0.141732283464567,0.139763779527559,0.0335042523259818));
#7967=CARTESIAN_POINT('',(-0.148074623846709,0.124015748031496,0.0190898423665681));
#7968=CARTESIAN_POINT('',(-0.15748031496063,0.124015748031496,0.0335042523259818));
#7969=CARTESIAN_POINT('Origin',(-0.141732283464567,0.124015748031496,0.0335042523259818));
#7970=CARTESIAN_POINT('',(-0.15748031496063,0.139763779527559,0.0335042523259819));
#7971=CARTESIAN_POINT('',(-0.15748031496063,0.139763779527559,0.0335042523259819));
#7972=CARTESIAN_POINT('',(-0.148074623846709,0.139763779527559,0.0190898423665681));
#7973=CARTESIAN_POINT('Origin',(-0.141732283464567,0.139763779527559,0.0335042523259818));
#7974=CARTESIAN_POINT('',(-0.148074623846709,0.139763779527559,0.0190898423665681));
#7975=CARTESIAN_POINT('Origin',(-0.0826771653543309,0.139763779527559,0.113779527559055));
#7976=CARTESIAN_POINT('',(-0.15748031496063,0.139763779527559,0.0862204724409453));
#7977=CARTESIAN_POINT('',(-0.15748031496063,0.139763779527559,0.0232283464566933));
#7978=CARTESIAN_POINT('',(-0.141732283464567,0.139763779527559,0.101968503937008));
#7979=CARTESIAN_POINT('Origin',(-0.141732283464567,0.139763779527559,0.0862204724409452));
#7980=CARTESIAN_POINT('',(-0.138512009768778,0.139763779527559,0.101968503937008));
#7981=CARTESIAN_POINT('',(-0.15748031496063,0.139763779527559,0.101968503937008));
#7982=CARTESIAN_POINT('',(-0.123167266529493,0.139763779527559,0.0897615670346265));
#7983=CARTESIAN_POINT('Origin',(-0.138512009768778,0.139763779527559,0.0862204724409452));
#7984=CARTESIAN_POINT('',(-0.116990213785468,0.139763779527559,0.0629943384771852));
#7985=CARTESIAN_POINT('',(-0.125984251968504,0.139763779527559,0.101968503937008));
#7986=CARTESIAN_POINT('',(-0.101645470546183,0.139763779527559,0.0507874015748035));
#7987=CARTESIAN_POINT('Origin',(-0.101645470546183,0.139763779527559,0.0665354330708665));
#7988=CARTESIAN_POINT('',(-0.098425196850394,0.139763779527559,0.0507874015748035));
#7989=CARTESIAN_POINT('',(-0.114173228346457,0.139763779527559,0.0507874015748035));
#7990=CARTESIAN_POINT('',(-0.0826771653543309,0.139763779527559,0.0665354330708664));
#7991=CARTESIAN_POINT('Origin',(-0.0984251968503939,0.139763779527559,0.0665354330708665));
#7992=CARTESIAN_POINT('',(-0.0826771653543308,0.139763779527559,0.119685039370079));
#7993=CARTESIAN_POINT('',(-0.0826771653543309,0.139763779527559,0.0507874015748035));
#7994=CARTESIAN_POINT('',(0.0433070866141734,0.139763779527559,0.119685039370079));
#7995=CARTESIAN_POINT('',(-0.0489159015321642,0.139763779527559,0.119685039370079));
#7996=CARTESIAN_POINT('',(0.043307086614173,0.139763779527559,-0.00590551181102341));
#7997=CARTESIAN_POINT('',(0.0433070866141734,0.139763779527559,0.113779527559055));
#7998=CARTESIAN_POINT('',(0.0118066486286643,0.139763779527559,-0.00590551181102339));
#7999=CARTESIAN_POINT('',(-0.035433070866142,0.139763779527559,-0.00590551181102334));
#8000=CARTESIAN_POINT('',(-0.0236220472440947,0.139763779527559,-0.00629921259842494));
#8001=CARTESIAN_POINT('Origin',(-0.00590551181102386,0.139763779527559,
-0.00629921259842498));
#8002=CARTESIAN_POINT('',(-0.0236220472440948,0.139763779527559,-0.0870078740157477));
#8003=CARTESIAN_POINT('',(-0.0236220472440947,0.139763779527559,-0.00629921259842494));
#8004=CARTESIAN_POINT('',(-0.0629921259842523,0.13976377952756,-0.126377952755905));
#8005=CARTESIAN_POINT('',(-0.0236220472440948,0.139763779527559,-0.0870078740157477));
#8006=CARTESIAN_POINT('',(-0.151574803149607,0.13976377952756,-0.126377952755905));
#8007=CARTESIAN_POINT('',(-0.0629921259842523,0.13976377952756,-0.126377952755905));
#8008=CARTESIAN_POINT('',(-0.15748031496063,0.139763779527559,-0.120472440944882));
#8009=CARTESIAN_POINT('Origin',(-0.151574803149607,0.139763779527559,-0.120472440944882));
#8010=CARTESIAN_POINT('',(-0.15748031496063,0.139763779527559,-0.108661417322834));
#8011=CARTESIAN_POINT('',(-0.15748031496063,0.139763779527559,-0.120472440944882));
#8012=CARTESIAN_POINT('',(-0.151574803149607,0.139763779527559,-0.102755905511811));
#8013=CARTESIAN_POINT('Origin',(-0.151574803149607,0.139763779527559,-0.108661417322834));
#8014=CARTESIAN_POINT('',(-0.143700787401575,0.139763779527559,-0.102755905511811));
#8015=CARTESIAN_POINT('',(-0.151574803149607,0.139763779527559,-0.102755905511811));
#8016=CARTESIAN_POINT('',(-0.137795275590551,0.139763779527559,-0.0968503937007869));
#8017=CARTESIAN_POINT('Origin',(-0.143700787401575,0.139763779527559,-0.096850393700787));
#8018=CARTESIAN_POINT('',(-0.137795275590551,0.139763779527559,-0.0929133858267712));
#8019=CARTESIAN_POINT('',(-0.137795275590551,0.139763779527559,-0.0968503937007869));
#8020=CARTESIAN_POINT('',(-0.143700787401575,0.139763779527559,-0.0870078740157477));
#8021=CARTESIAN_POINT('Origin',(-0.143700787401575,0.139763779527559,-0.0929133858267713));
#8022=CARTESIAN_POINT('',(-0.188976377952756,0.139763779527559,-0.0870078740157476));
#8023=CARTESIAN_POINT('',(-0.143700787401575,0.139763779527559,-0.0870078740157477));
#8024=CARTESIAN_POINT('',(-0.188976377952756,0.139763779527559,-0.0476377952755902));
#8025=CARTESIAN_POINT('',(-0.188976377952756,0.139763779527559,-0.0870078740157476));
#8026=CARTESIAN_POINT('',(-0.143700787401575,0.139763779527559,-0.0476377952755902));
#8027=CARTESIAN_POINT('',(-0.188976377952756,0.139763779527559,-0.0476377952755902));
#8028=CARTESIAN_POINT('',(-0.137795275590551,0.139763779527559,-0.0417322834645666));
#8029=CARTESIAN_POINT('Origin',(-0.143700787401575,0.139763779527559,-0.0417322834645666));
#8030=CARTESIAN_POINT('',(-0.137795275590551,0.139763779527559,0.0107134644328754));
#8031=CARTESIAN_POINT('',(-0.137795275590551,0.139763779527559,-0.0417322834645666));
#8032=CARTESIAN_POINT('',(-0.141322409758271,0.139763779527559,0.0161188681676556));
#8033=CARTESIAN_POINT('Origin',(-0.143700787401574,0.139763779527559,0.0107134644328754));
#8034=CARTESIAN_POINT('',(-0.141322409758271,0.139763779527559,0.0161188681676556));
#8035=CARTESIAN_POINT('Origin',(-0.15748031496063,0.139763779527559,0.101968503937008));
#8036=CARTESIAN_POINT('',(-0.15748031496063,0.124015748031496,0.0862204724409452));
#8037=CARTESIAN_POINT('',(-0.15748031496063,0.124015748031496,0.0232283464566933));
#8038=CARTESIAN_POINT('',(-0.15748031496063,0.139763779527559,0.0862204724409453));
#8039=CARTESIAN_POINT('Origin',(-0.141732283464567,0.139763779527559,0.0862204724409452));
#8040=CARTESIAN_POINT('',(-0.141732283464567,0.124015748031496,0.101968503937008));
#8041=CARTESIAN_POINT('Origin',(-0.141732283464567,0.124015748031496,0.0862204724409452));
#8042=CARTESIAN_POINT('',(-0.141732283464567,0.139763779527559,0.101968503937008));
#8043=CARTESIAN_POINT('Origin',(-0.138512009768778,0.139763779527559,0.0862204724409452));
#8044=CARTESIAN_POINT('',(-0.138512009768778,0.124015748031496,0.101968503937008));
#8045=CARTESIAN_POINT('',(-0.123167266529493,0.124015748031496,0.0897615670346265));
#8046=CARTESIAN_POINT('Origin',(-0.138512009768778,0.124015748031496,0.0862204724409452));
#8047=CARTESIAN_POINT('',(-0.123167266529493,0.139763779527559,0.0897615670346265));
#8048=CARTESIAN_POINT('',(-0.138512009768778,0.139763779527559,0.101968503937008));
#8049=CARTESIAN_POINT('Origin',(-0.114173228346457,0.139763779527559,0.0507874015748035));
#8050=CARTESIAN_POINT('',(-0.116990213785468,0.124015748031496,0.0629943384771852));
#8051=CARTESIAN_POINT('',(-0.125984251968504,0.124015748031496,0.101968503937008));
#8052=CARTESIAN_POINT('',(-0.116990213785468,0.139763779527559,0.0629943384771852));
#8053=CARTESIAN_POINT('Origin',(-0.098425196850394,0.128937007874016,0.0665354330708664));
#8054=CARTESIAN_POINT('',(-0.098425196850394,0.124015748031496,0.0507874015748034));
#8055=CARTESIAN_POINT('',(-0.098425196850394,0.128937007874016,0.0507874015748035));
#8056=CARTESIAN_POINT('',(-0.0826771653543309,0.124015748031496,0.0665354330708664));
#8057=CARTESIAN_POINT('Origin',(-0.098425196850394,0.124015748031496,0.0665354330708664));
#8058=CARTESIAN_POINT('',(-0.082677165354331,0.128937007874016,0.0665354330708664));
#8059=CARTESIAN_POINT('Origin',(-0.0826771653543309,0.139763779527559,0.0507874015748035));
#8060=CARTESIAN_POINT('',(-0.101645470546183,0.124015748031496,0.0507874015748034));
#8061=CARTESIAN_POINT('',(-0.101645470546183,0.139763779527559,0.0507874015748035));
#8062=CARTESIAN_POINT('',(-0.114173228346457,0.124015748031496,0.0507874015748035));
#8063=CARTESIAN_POINT('Origin',(-0.101645470546183,0.139763779527559,0.0665354330708665));
#8064=CARTESIAN_POINT('Origin',(-0.101645470546183,0.124015748031496,0.0665354330708664));
#8065=CARTESIAN_POINT('Origin',(-0.141732283464567,-0.139763779527559,0.0335042523259814));
#8066=CARTESIAN_POINT('',(-0.15748031496063,-0.124015748031496,0.0335042523259814));
#8067=CARTESIAN_POINT('',(-0.148074623846709,-0.124015748031496,0.0190898423665677));
#8068=CARTESIAN_POINT('Origin',(-0.141732283464567,-0.124015748031496,0.0335042523259814));
#8069=CARTESIAN_POINT('',(-0.148074623846709,-0.139763779527559,0.0190898423665677));
#8070=CARTESIAN_POINT('',(-0.148074623846709,-0.139763779527559,0.0190898423665677));
#8071=CARTESIAN_POINT('',(-0.15748031496063,-0.139763779527559,0.0335042523259814));
#8072=CARTESIAN_POINT('Origin',(-0.141732283464567,-0.139763779527559,0.0335042523259814));
#8073=CARTESIAN_POINT('',(-0.15748031496063,-0.139763779527559,0.0335042523259814));
#8074=CARTESIAN_POINT('Origin',(-0.15748031496063,-0.139763779527559,0.101968503937008));
#8075=CARTESIAN_POINT('',(-0.15748031496063,-0.139763779527559,0.0862204724409448));
#8076=CARTESIAN_POINT('',(-0.15748031496063,-0.139763779527559,0.0232283464566929));
#8077=CARTESIAN_POINT('',(-0.15748031496063,-0.124015748031496,0.0862204724409448));
#8078=CARTESIAN_POINT('',(-0.15748031496063,-0.139763779527559,0.0862204724409448));
#8079=CARTESIAN_POINT('',(-0.15748031496063,-0.124015748031496,0.0232283464566929));
#8080=CARTESIAN_POINT('Origin',(0.0433070866141734,-0.139763779527559,0.113779527559055));
#8081=CARTESIAN_POINT('',(-0.141322409758271,-0.139763779527559,0.0161188681676551));
#8082=CARTESIAN_POINT('',(-0.141322409758271,-0.139763779527559,0.0161188681676551));
#8083=CARTESIAN_POINT('',(-0.137795275590551,-0.139763779527559,0.010713464432875));
#8084=CARTESIAN_POINT('Origin',(-0.143700787401574,-0.139763779527559,0.010713464432875));
#8085=CARTESIAN_POINT('',(-0.137795275590551,-0.139763779527559,-0.041732283464567));
#8086=CARTESIAN_POINT('',(-0.137795275590551,-0.139763779527559,-0.041732283464567));
#8087=CARTESIAN_POINT('',(-0.143700787401575,-0.139763779527559,-0.0476377952755906));
#8088=CARTESIAN_POINT('Origin',(-0.143700787401575,-0.139763779527559,-0.041732283464567));
#8089=CARTESIAN_POINT('',(-0.188976377952756,-0.139763779527559,-0.0476377952755906));
#8090=CARTESIAN_POINT('',(-0.188976377952756,-0.139763779527559,-0.0476377952755906));
#8091=CARTESIAN_POINT('',(-0.188976377952756,-0.139763779527559,-0.0870078740157481));
#8092=CARTESIAN_POINT('',(-0.188976377952756,-0.139763779527559,-0.0870078740157481));
#8093=CARTESIAN_POINT('',(-0.143700787401575,-0.139763779527559,-0.0870078740157481));
#8094=CARTESIAN_POINT('',(-0.143700787401575,-0.139763779527559,-0.0870078740157481));
#8095=CARTESIAN_POINT('',(-0.137795275590551,-0.139763779527559,-0.0929133858267716));
#8096=CARTESIAN_POINT('Origin',(-0.143700787401575,-0.139763779527559,-0.0929133858267717));
#8097=CARTESIAN_POINT('',(-0.137795275590551,-0.139763779527559,-0.0968503937007874));
#8098=CARTESIAN_POINT('',(-0.137795275590551,-0.139763779527559,-0.0968503937007874));
#8099=CARTESIAN_POINT('',(-0.143700787401575,-0.139763779527559,-0.102755905511811));
#8100=CARTESIAN_POINT('Origin',(-0.143700787401575,-0.139763779527559,-0.0968503937007875));
#8101=CARTESIAN_POINT('',(-0.151574803149607,-0.139763779527559,-0.102755905511811));
#8102=CARTESIAN_POINT('',(-0.151574803149607,-0.139763779527559,-0.102755905511811));
#8103=CARTESIAN_POINT('',(-0.15748031496063,-0.139763779527559,-0.108661417322835));
#8104=CARTESIAN_POINT('Origin',(-0.151574803149607,-0.139763779527559,-0.108661417322835));
#8105=CARTESIAN_POINT('',(-0.15748031496063,-0.139763779527559,-0.120472440944882));
#8106=CARTESIAN_POINT('',(-0.15748031496063,-0.139763779527559,-0.120472440944882));
#8107=CARTESIAN_POINT('',(-0.151574803149607,-0.139763779527559,-0.126377952755906));
#8108=CARTESIAN_POINT('Origin',(-0.151574803149607,-0.139763779527559,-0.120472440944882));
#8109=CARTESIAN_POINT('',(-0.0629921259842522,-0.139763779527559,-0.126377952755906));
#8110=CARTESIAN_POINT('',(-0.0629921259842522,-0.139763779527559,-0.126377952755906));
#8111=CARTESIAN_POINT('',(-0.0236220472440947,-0.139763779527559,-0.0870078740157482));
#8112=CARTESIAN_POINT('',(-0.0236220472440947,-0.139763779527559,-0.0870078740157482));
#8113=CARTESIAN_POINT('',(-0.0236220472440947,-0.139763779527559,-0.00629921259842538));
#8114=CARTESIAN_POINT('',(-0.0236220472440947,-0.139763779527559,-0.00629921259842538));
#8115=CARTESIAN_POINT('',(0.0118066486286644,-0.139763779527559,-0.0059055118110238));
#8116=CARTESIAN_POINT('Origin',(-0.00590551181102381,-0.139763779527559,
-0.0062992125984254));
#8117=CARTESIAN_POINT('',(0.0433070866141731,-0.139763779527559,-0.00590551181102385));
#8118=CARTESIAN_POINT('',(0.0275590551181102,-0.139763779527559,-0.00590551181102382));
#8119=CARTESIAN_POINT('',(0.0433070866141734,-0.139763779527559,0.119685039370078));
#8120=CARTESIAN_POINT('',(0.0433070866141734,-0.139763779527559,0.113779527559055));
#8121=CARTESIAN_POINT('',(-0.0826771653543308,-0.139763779527559,0.119685039370079));
#8122=CARTESIAN_POINT('',(0.014076224452088,-0.139763779527559,0.119685039370079));
#8123=CARTESIAN_POINT('',(-0.0826771653543309,-0.139763779527559,0.066535433070866));
#8124=CARTESIAN_POINT('',(-0.0826771653543309,-0.139763779527559,0.113779527559055));
#8125=CARTESIAN_POINT('',(-0.0984251968503939,-0.139763779527559,0.050787401574803));
#8126=CARTESIAN_POINT('Origin',(-0.0984251968503938,-0.139763779527559,
0.066535433070866));
#8127=CARTESIAN_POINT('',(-0.101645470546183,-0.139763779527559,0.050787401574803));
#8128=CARTESIAN_POINT('',(-0.114173228346457,-0.139763779527559,0.0507874015748031));
#8129=CARTESIAN_POINT('',(-0.116990213785468,-0.139763779527559,0.0629943384771848));
#8130=CARTESIAN_POINT('Origin',(-0.101645470546183,-0.139763779527559,0.066535433070866));
#8131=CARTESIAN_POINT('',(-0.123167266529493,-0.139763779527559,0.0897615670346261));
#8132=CARTESIAN_POINT('',(-0.125984251968504,-0.139763779527559,0.101968503937008));
#8133=CARTESIAN_POINT('',(-0.138512009768778,-0.139763779527559,0.101968503937008));
#8134=CARTESIAN_POINT('Origin',(-0.138512009768778,-0.139763779527559,0.0862204724409448));
#8135=CARTESIAN_POINT('',(-0.141732283464567,-0.139763779527559,0.101968503937008));
#8136=CARTESIAN_POINT('',(-0.15748031496063,-0.139763779527559,0.101968503937008));
#8137=CARTESIAN_POINT('Origin',(-0.141732283464567,-0.139763779527559,0.0862204724409448));
#8138=CARTESIAN_POINT('Origin',(-0.0984251968503938,-0.139763779527559,
0.066535433070866));
#8139=CARTESIAN_POINT('',(-0.0826771653543308,-0.124015748031496,0.066535433070866));
#8140=CARTESIAN_POINT('',(-0.0826771653543308,-0.139763779527559,0.066535433070866));
#8141=CARTESIAN_POINT('',(-0.0984251968503939,-0.124015748031496,0.0507874015748031));
#8142=CARTESIAN_POINT('Origin',(-0.0984251968503938,-0.124015748031496,
0.0665354330708661));
#8143=CARTESIAN_POINT('',(-0.0984251968503939,-0.139763779527559,0.050787401574803));
#8144=CARTESIAN_POINT('Origin',(-0.0826771653543308,-0.139763779527559,
0.113779527559055));
#8145=CARTESIAN_POINT('',(-0.0826771653543308,-0.12992125984252,0.129527559055118));
#8146=CARTESIAN_POINT('Origin',(-0.0826771653543308,-0.12992125984252,0.119685039370079));
#8147=CARTESIAN_POINT('',(-0.0826771653543308,-0.118110236220473,0.129527559055118));
#8148=CARTESIAN_POINT('',(-0.0826771653543308,-0.139763779527559,0.129527559055118));
#8149=CARTESIAN_POINT('',(-0.0826771653543308,-0.118110236220473,0.113779527559055));
#8150=CARTESIAN_POINT('',(-0.0826771653543308,-0.118110236220473,0.113779527559055));
#8151=CARTESIAN_POINT('',(-0.0826771653543308,-0.124015748031496,0.113779527559055));
#8152=CARTESIAN_POINT('',(-0.0826771653543308,-0.139763779527559,0.113779527559055));
#8153=CARTESIAN_POINT('',(-0.0826771653543308,-0.124015748031496,0.0507874015748031));
#8154=CARTESIAN_POINT('Origin',(-0.101645470546183,-0.139763779527559,0.066535433070866));
#8155=CARTESIAN_POINT('',(-0.101645470546183,-0.124015748031496,0.0507874015748031));
#8156=CARTESIAN_POINT('',(-0.101645470546183,-0.139763779527559,0.050787401574803));
#8157=CARTESIAN_POINT('',(-0.116990213785468,-0.124015748031496,0.0629943384771848));
#8158=CARTESIAN_POINT('Origin',(-0.101645470546183,-0.124015748031496,0.0665354330708661));
#8159=CARTESIAN_POINT('',(-0.116990213785468,-0.139763779527559,0.0629943384771848));
#8160=CARTESIAN_POINT('Origin',(-0.0826771653543308,-0.139763779527559,
0.050787401574803));
#8161=CARTESIAN_POINT('',(-0.114173228346457,-0.124015748031496,0.0507874015748031));
#8162=CARTESIAN_POINT('Origin',(-0.138512009768778,-0.139763779527559,0.0862204724409448));
#8163=CARTESIAN_POINT('',(-0.123167266529493,-0.124015748031496,0.0897615670346261));
#8164=CARTESIAN_POINT('',(-0.138512009768778,-0.124015748031496,0.101968503937008));
#8165=CARTESIAN_POINT('Origin',(-0.138512009768778,-0.124015748031496,0.0862204724409449));
#8166=CARTESIAN_POINT('',(-0.138512009768778,-0.139763779527559,0.101968503937008));
#8167=CARTESIAN_POINT('',(-0.123167266529493,-0.139763779527559,0.0897615670346261));
#8168=CARTESIAN_POINT('Origin',(-0.114173228346457,-0.139763779527559,0.0507874015748031));
#8169=CARTESIAN_POINT('',(-0.125984251968504,-0.124015748031496,0.101968503937008));
#8170=CARTESIAN_POINT('Origin',(-0.141732283464567,-0.139763779527559,0.0862204724409448));
#8171=CARTESIAN_POINT('',(-0.141732283464567,-0.124015748031496,0.101968503937008));
#8172=CARTESIAN_POINT('Origin',(-0.141732283464567,-0.124015748031496,0.0862204724409448));
#8173=CARTESIAN_POINT('',(-0.141732283464567,-0.139763779527559,0.101968503937008));
#8174=CARTESIAN_POINT('Origin',(-0.0766551939212071,-0.124015748031496,
0.00217747020728321));
#8175=CARTESIAN_POINT('',(-0.15748031496063,-0.124015748031496,0.101968503937008));
#8176=CARTESIAN_POINT('',(0.0433070866141734,-0.124015748031496,0.113779527559055));
#8177=CARTESIAN_POINT('',(-0.0459049158156022,-0.124015748031496,0.113779527559055));
#8178=CARTESIAN_POINT('',(0.043307086614173,-0.124015748031496,-1.74838271594513E-16));
#8179=CARTESIAN_POINT('',(0.0433070866141734,-0.124015748031496,0.113779527559055));
#8180=CARTESIAN_POINT('',(0.0106533392478841,-0.124015748031496,-1.52983487645199E-16));
#8181=CARTESIAN_POINT('',(-0.0284850772755643,-0.124015748031496,-1.09273919746571E-16));
#8182=CARTESIAN_POINT('',(-0.0236220472440947,-0.124015748031496,-0.00629921259842535));
#8183=CARTESIAN_POINT('Origin',(-0.00590551181102382,-0.124015748031496,
-0.00629921259842538));
#8184=CARTESIAN_POINT('',(-0.0236220472440947,-0.124015748031496,-0.0870078740157482));
#8185=CARTESIAN_POINT('',(-0.0236220472440947,-0.124015748031496,-0.00629921259842535));
#8186=CARTESIAN_POINT('',(-0.0629921259842522,-0.124015748031496,-0.126377952755906));
#8187=CARTESIAN_POINT('',(-0.0236220472440947,-0.124015748031496,-0.0870078740157482));
#8188=CARTESIAN_POINT('',(-0.151574803149607,-0.124015748031496,-0.126377952755905));
#8189=CARTESIAN_POINT('',(-0.0629921259842522,-0.124015748031496,-0.126377952755906));
#8190=CARTESIAN_POINT('',(-0.15748031496063,-0.124015748031496,-0.120472440944882));
#8191=CARTESIAN_POINT('Origin',(-0.151574803149607,-0.124015748031496,-0.120472440944882));
#8192=CARTESIAN_POINT('',(-0.15748031496063,-0.124015748031496,-0.108661417322835));
#8193=CARTESIAN_POINT('',(-0.15748031496063,-0.124015748031496,-0.120472440944882));
#8194=CARTESIAN_POINT('',(-0.151574803149607,-0.124015748031496,-0.102755905511811));
#8195=CARTESIAN_POINT('Origin',(-0.151574803149607,-0.124015748031496,-0.108661417322835));
#8196=CARTESIAN_POINT('',(-0.143700787401575,-0.124015748031496,-0.102755905511811));
#8197=CARTESIAN_POINT('',(-0.151574803149607,-0.124015748031496,-0.102755905511811));
#8198=CARTESIAN_POINT('',(-0.137795275590551,-0.124015748031496,-0.0968503937007874));
#8199=CARTESIAN_POINT('Origin',(-0.143700787401575,-0.124015748031496,-0.0968503937007874));
#8200=CARTESIAN_POINT('',(-0.137795275590551,-0.124015748031496,-0.0929133858267716));
#8201=CARTESIAN_POINT('',(-0.137795275590551,-0.124015748031496,-0.0968503937007874));
#8202=CARTESIAN_POINT('',(-0.143700787401575,-0.124015748031496,-0.0870078740157481));
#8203=CARTESIAN_POINT('Origin',(-0.143700787401575,-0.124015748031496,-0.0929133858267717));
#8204=CARTESIAN_POINT('',(-0.188976377952756,-0.124015748031496,-0.087007874015748));
#8205=CARTESIAN_POINT('',(-0.143700787401575,-0.124015748031496,-0.0870078740157481));
#8206=CARTESIAN_POINT('',(-0.188976377952756,-0.124015748031496,-0.0476377952755905));
#8207=CARTESIAN_POINT('',(-0.188976377952756,-0.124015748031496,-0.087007874015748));
#8208=CARTESIAN_POINT('',(-0.143700787401575,-0.124015748031496,-0.0476377952755906));
#8209=CARTESIAN_POINT('',(-0.188976377952756,-0.124015748031496,-0.0476377952755905));
#8210=CARTESIAN_POINT('',(-0.137795275590551,-0.124015748031496,-0.041732283464567));
#8211=CARTESIAN_POINT('Origin',(-0.143700787401575,-0.124015748031496,-0.041732283464567));
#8212=CARTESIAN_POINT('',(-0.137795275590551,-0.124015748031496,0.010713464432875));
#8213=CARTESIAN_POINT('',(-0.137795275590551,-0.124015748031496,-0.041732283464567));
#8214=CARTESIAN_POINT('',(-0.141322409758271,-0.124015748031496,0.0161188681676552));
#8215=CARTESIAN_POINT('Origin',(-0.143700787401574,-0.124015748031496,0.010713464432875));
#8216=CARTESIAN_POINT('',(-0.141322409758271,-0.124015748031496,0.0161188681676552));
#8217=CARTESIAN_POINT('Origin',(0.014076224452088,-0.12992125984252,0.119685039370079));
#8218=CARTESIAN_POINT('',(0.0433070866141734,-0.12992125984252,0.129527559055118));
#8219=CARTESIAN_POINT('Origin',(0.0433070866141734,-0.12992125984252,0.119685039370079));
#8220=CARTESIAN_POINT('',(0.014076224452088,-0.12992125984252,0.129527559055118));
#8221=CARTESIAN_POINT('Origin',(0.0433070866141734,-0.118110236220472,0.113779527559055));
#8222=CARTESIAN_POINT('',(0.043307086614173,-0.12992125984252,-0.0157480314960632));
#8223=CARTESIAN_POINT('Origin',(0.0433070866141733,-0.12992125984252,-0.00590551181102382));
#8224=CARTESIAN_POINT('',(0.043307086614173,-0.0866141732283463,-0.0157480314960631));
#8225=CARTESIAN_POINT('',(0.043307086614173,-0.139763779527559,-0.0157480314960632));
#8226=CARTESIAN_POINT('',(0.043307086614173,-0.0866141732283463,-1.31128703695885E-16));
#8227=CARTESIAN_POINT('',(0.043307086614173,-0.0866141732283463,-0.0157480314960631));
#8228=CARTESIAN_POINT('',(0.043307086614173,-0.0866141732283463,-1.31128703695885E-16));
#8229=CARTESIAN_POINT('',(0.0433070866141734,-0.118110236220472,0.113779527559055));
#8230=CARTESIAN_POINT('',(0.0433070866141734,-0.118110236220472,0.113779527559055));
#8231=CARTESIAN_POINT('',(0.0433070866141734,-0.118110236220472,0.129527559055118));
#8232=CARTESIAN_POINT('',(0.0433070866141734,-0.118110236220472,0.113779527559055));
#8233=CARTESIAN_POINT('',(0.0433070866141734,-0.118110236220472,0.129527559055118));
#8234=CARTESIAN_POINT('Origin',(-0.0489159015321642,0.12992125984252,0.119685039370079));
#8235=CARTESIAN_POINT('',(-0.0826771653543308,0.12992125984252,0.129527559055118));
#8236=CARTESIAN_POINT('Origin',(-0.0826771653543309,0.12992125984252,0.119685039370079));
#8237=CARTESIAN_POINT('',(0.0433070866141732,0.12992125984252,0.129527559055118));
#8238=CARTESIAN_POINT('',(-0.0489159015321642,0.12992125984252,0.129527559055118));
#8239=CARTESIAN_POINT('Origin',(0.0433070866141732,0.12992125984252,0.119685039370079));
#8240=CARTESIAN_POINT('Origin',(0.0433070866141732,0.139763779527559,0.113779527559055));
#8241=CARTESIAN_POINT('',(0.0433070866141732,0.118110236220472,0.129527559055118));
#8242=CARTESIAN_POINT('',(0.0433070866141732,0.139763779527559,0.129527559055118));
#8243=CARTESIAN_POINT('',(0.0433070866141732,0.118110236220472,0.113779527559055));
#8244=CARTESIAN_POINT('',(0.0433070866141732,0.118110236220472,0.113779527559055));
#8245=CARTESIAN_POINT('',(0.0433070866141734,0.124015748031496,0.113779527559055));
#8246=CARTESIAN_POINT('',(0.0433070866141732,0.139763779527559,0.113779527559055));
#8247=CARTESIAN_POINT('',(0.043307086614173,0.124015748031496,1.96693055543827E-16));
#8248=CARTESIAN_POINT('',(0.0433070866141734,0.124015748031496,0.113779527559055));
#8249=CARTESIAN_POINT('',(0.043307086614173,0.0866141732283467,1.31128703695885E-16));
#8250=CARTESIAN_POINT('',(0.043307086614173,0.0866141732283467,1.31128703695885E-16));
#8251=CARTESIAN_POINT('',(0.043307086614173,0.0866141732283467,-0.0157480314960629));
#8252=CARTESIAN_POINT('',(0.043307086614173,0.0866141732283467,-0.0157480314960629));
#8253=CARTESIAN_POINT('',(0.043307086614173,0.12992125984252,-0.0157480314960628));
#8254=CARTESIAN_POINT('',(0.043307086614173,0.139763779527559,-0.0157480314960628));
#8255=CARTESIAN_POINT('Origin',(0.0433070866141731,0.12992125984252,-0.00590551181102343));
#8256=CARTESIAN_POINT('Origin',(-0.285433070866142,0.14273537007874,-0.0574803149606295));
#8257=CARTESIAN_POINT('',(-0.295275590551181,0.129958929133859,-0.0574803149606295));
#8258=CARTESIAN_POINT('',(-0.285433070866142,0.129958929133859,-0.0476377952755901));
#8259=CARTESIAN_POINT('Origin',(-0.285433070866142,0.129958929133859,-0.0574803149606295));
#8260=CARTESIAN_POINT('',(-0.285433070866142,0.145706960629922,-0.0476377952755901));
#8261=CARTESIAN_POINT('',(-0.285433070866142,0.14273537007874,-0.0476377952755901));
#8262=CARTESIAN_POINT('',(-0.295275590551181,0.145706960629922,-0.0574803149606295));
#8263=CARTESIAN_POINT('Origin',(-0.285433070866142,0.145706960629922,-0.0574803149606295));
#8264=CARTESIAN_POINT('',(-0.295275590551181,0.14273537007874,-0.0574803149606295));
#8265=CARTESIAN_POINT('Origin',(-0.295275590551181,0.145706960629922,-0.0870078740157475));
#8266=CARTESIAN_POINT('',(-0.295275590551181,0.145706960629922,-0.0771653543307081));
#8267=CARTESIAN_POINT('',(-0.295275590551181,0.145706960629922,-0.0870078740157475));
#8268=CARTESIAN_POINT('',(-0.295275590551181,0.129958929133859,-0.0771653543307082));
#8269=CARTESIAN_POINT('',(-0.295275590551181,0.14273537007874,-0.0771653543307081));
#8270=CARTESIAN_POINT('',(-0.295275590551181,0.129958929133859,-0.0870078740157475));
#8271=CARTESIAN_POINT('Origin',(-0.275590551181103,0.145706960629922,-0.0870078740157475));
#8272=CARTESIAN_POINT('',(-0.275590551181103,0.145706960629922,-0.04763779527559));
#8273=CARTESIAN_POINT('',(-0.275590551181103,0.145706960629922,-0.0476377952755901));
#8274=CARTESIAN_POINT('',(-0.275590551181103,0.145706960629922,-0.0870078740157475));
#8275=CARTESIAN_POINT('',(-0.275590551181103,0.145706960629922,-0.0870078740157475));
#8276=CARTESIAN_POINT('',(-0.285433070866142,0.145706960629922,-0.0870078740157475));
#8277=CARTESIAN_POINT('',(-0.275590551181103,0.145706960629922,-0.0870078740157475));
#8278=CARTESIAN_POINT('Origin',(-0.285433070866142,0.145706960629922,-0.0771653543307082));
#8279=CARTESIAN_POINT('Origin',(-0.285433070866142,0.14273537007874,-0.0771653543307082));
#8280=CARTESIAN_POINT('',(-0.285433070866142,0.129958929133859,-0.0870078740157475));
#8281=CARTESIAN_POINT('Origin',(-0.285433070866142,0.129958929133859,-0.0771653543307082));
#8282=CARTESIAN_POINT('',(-0.285433070866142,0.142735370078741,-0.0870078740157475));
#8283=CARTESIAN_POINT('Origin',(-0.188976377952756,0.139763779527559,-0.0870078740157476));
#8284=CARTESIAN_POINT('',(-0.236548556430447,0.163601829584377,-0.0870078740157475));
#8285=CARTESIAN_POINT('',(-0.236548556430447,0.163601829584377,-0.0870078740157475));
#8286=CARTESIAN_POINT('',(-0.216169156301777,0.161173509378287,-0.0870078740157476));
#8287=CARTESIAN_POINT('Origin',(-0.228346456692914,0.145706960629922,-0.0870078740157476));
#8288=CARTESIAN_POINT('',(-0.188976377952756,0.139763779527559,-0.0870078740157476));
#8289=CARTESIAN_POINT('',(-0.143700787401575,0.124015748031496,-0.0870078740157477));
#8290=CARTESIAN_POINT('',(-0.143700787401575,0.139763779527559,-0.0870078740157477));
#8291=CARTESIAN_POINT('',(-0.188976377952756,0.124015748031496,-0.0870078740157477));
#8292=CARTESIAN_POINT('',(-0.143700787401575,0.124015748031496,-0.0870078740157477));
#8293=CARTESIAN_POINT('',(-0.198718218265665,0.127390540528867,-0.0870078740157476));
#8294=CARTESIAN_POINT('Origin',(-0.188976377952756,0.139763779527559,-0.0870078740157476));
#8295=CARTESIAN_POINT('',(-0.225910996614686,0.148800270379595,-0.0870078740157476));
#8296=CARTESIAN_POINT('',(-0.225910996614686,0.148800270379595,-0.0870078740157476));
#8297=CARTESIAN_POINT('',(-0.22998687664042,0.149285934420813,-0.0870078740157476));
#8298=CARTESIAN_POINT('Origin',(-0.228346456692914,0.145706960629922,-0.0870078740157476));
#8299=CARTESIAN_POINT('',(-0.272153423983105,0.129958929133859,-0.0870078740157476));
#8300=CARTESIAN_POINT('',(-0.272153423983105,0.129958929133859,-0.0870078740157476));
#8301=CARTESIAN_POINT('',(-0.295275590551181,0.129958929133859,-0.0870078740157475));
#8302=CARTESIAN_POINT('Origin',(-0.228346456692914,0.145706960629922,-0.0870078740157476));
#8303=CARTESIAN_POINT('',(-0.216169156301777,0.161173509378287,-0.0476377952755901));
#8304=CARTESIAN_POINT('',(-0.236548556430447,0.163601829584376,-0.04763779527559));
#8305=CARTESIAN_POINT('Origin',(-0.228346456692914,0.145706960629922,-0.0476377952755901));
#8306=CARTESIAN_POINT('',(-0.216169156301777,0.161173509378287,-0.0870078740157476));
#8307=CARTESIAN_POINT('',(-0.236548556430447,0.163601829584377,-0.0870078740157475));
#8308=CARTESIAN_POINT('Origin',(-0.236548556430447,0.163601829584377,-0.0870078740157475));
#8309=CARTESIAN_POINT('',(-0.236548556430447,0.163601829584376,-0.0476377952755901));
#8310=CARTESIAN_POINT('Origin',(-0.295275590551181,0.129958929133859,-0.0870078740157475));
#8311=CARTESIAN_POINT('',(-0.272153423983105,0.129958929133859,-0.04763779527559));
#8312=CARTESIAN_POINT('',(-0.272153423983105,0.129958929133859,-0.0870078740157476));
#8313=CARTESIAN_POINT('',(-0.295275590551181,0.129958929133859,-0.0476377952755901));
#8314=CARTESIAN_POINT('Origin',(-0.272153423983105,0.129958929133859,-0.0870078740157476));
#8315=CARTESIAN_POINT('',(-0.22998687664042,0.149285934420813,-0.0476377952755901));
#8316=CARTESIAN_POINT('',(-0.272153423983105,0.129958929133859,-0.0476377952755901));
#8317=CARTESIAN_POINT('',(-0.22998687664042,0.149285934420813,-0.0870078740157476));
#8318=CARTESIAN_POINT('Origin',(-0.228346456692914,0.145706960629922,-0.0870078740157476));
#8319=CARTESIAN_POINT('',(-0.225910996614686,0.148800270379595,-0.0476377952755901));
#8320=CARTESIAN_POINT('Origin',(-0.228346456692914,0.145706960629922,-0.0476377952755901));
#8321=CARTESIAN_POINT('',(-0.225910996614686,0.148800270379595,-0.0870078740157476));
#8322=CARTESIAN_POINT('Origin',(-0.225910996614686,0.148800270379595,-0.0870078740157476));
#8323=CARTESIAN_POINT('',(-0.198718218265665,0.127390540528867,-0.0476377952755901));
#8324=CARTESIAN_POINT('',(-0.225910996614686,0.148800270379595,-0.0476377952755901));
#8325=CARTESIAN_POINT('',(-0.198718218265665,0.127390540528867,-0.0870078740157476));
#8326=CARTESIAN_POINT('Origin',(-0.188976377952756,0.139763779527559,-0.0870078740157476));
#8327=CARTESIAN_POINT('',(-0.188976377952756,0.124015748031496,-0.0476377952755902));
#8328=CARTESIAN_POINT('Origin',(-0.188976377952756,0.139763779527559,-0.0476377952755902));
#8329=CARTESIAN_POINT('',(-0.188976377952756,0.124015748031496,-0.0870078740157477));
#8330=CARTESIAN_POINT('Origin',(-0.188976377952756,0.139763779527559,-0.0870078740157476));
#8331=CARTESIAN_POINT('',(-0.188976377952756,0.139763779527559,-0.0476377952755902));
#8332=CARTESIAN_POINT('Origin',(-0.035433070866142,0.12992125984252,-0.00590551181102336));
#8333=CARTESIAN_POINT('',(0.011811023622047,0.12992125984252,-0.0157480314960628));
#8334=CARTESIAN_POINT('',(-0.035433070866142,0.12992125984252,-0.0157480314960627));
#8335=CARTESIAN_POINT('',(0.011811023622047,0.139755902359683,-0.00629921259842498));
#8336=CARTESIAN_POINT('Origin',(0.011811023622047,0.12992125984252,-0.00590551181102341));
#8337=CARTESIAN_POINT('Ctrl Pts',(0.011811023622047,0.139755902359683,-0.00629921259842499));
#8338=CARTESIAN_POINT('Ctrl Pts',(0.011811023622047,0.139761180227995,-0.00616737149023784));
#8339=CARTESIAN_POINT('Ctrl Pts',(0.0118095505502115,0.139763779527559,
-0.00603606603309219));
#8340=CARTESIAN_POINT('Ctrl Pts',(0.0118066486286643,0.139763779527559,
-0.00590551181102339));
#8341=CARTESIAN_POINT('Origin',(-0.00590551181102386,0.139763779527559,
-0.00629921259842498));
#8342=CARTESIAN_POINT('',(0.011811023622047,0.124015748031496,-0.00629921259842501));
#8343=CARTESIAN_POINT('',(0.011811023622047,0.139763779527559,-0.00629921259842498));
#8344=CARTESIAN_POINT('',(0.0106533392478841,0.124015748031496,2.18547839493141E-16));
#8345=CARTESIAN_POINT('Origin',(-0.00590551181102386,0.124015748031496,
-0.00629921259842501));
#8346=CARTESIAN_POINT('',(-0.0236220472440947,0.124015748031496,-0.00629921259842496));
#8347=CARTESIAN_POINT('Origin',(-0.00590551181102386,0.124015748031496,
-0.00629921259842501));
#8348=CARTESIAN_POINT('',(-0.0236220472440947,0.139763779527559,-0.00629921259842494));
#8349=CARTESIAN_POINT('Origin',(-0.00393700787401599,0.124015748031496,
-0.0157480314960628));
#8350=CARTESIAN_POINT('',(-0.00393700787401598,0.124015748031496,2.40402623442455E-16));
#8351=CARTESIAN_POINT('',(-0.00393700787401599,0.0866141732283467,1.74838271594513E-16));
#8352=CARTESIAN_POINT('',(-0.00393700787401598,0.124015748031496,2.40402623442455E-16));
#8353=CARTESIAN_POINT('',(-0.00393700787401599,0.124015748031496,-0.0157480314960628));
#8354=CARTESIAN_POINT('',(-0.00393700787401599,0.124015748031496,-0.0157480314960628));
#8355=CARTESIAN_POINT('',(-0.00393700787401601,0.0866141732283467,-0.0157480314960628));
#8356=CARTESIAN_POINT('',(-0.00393700787401599,0.124015748031496,-0.0157480314960628));
#8357=CARTESIAN_POINT('',(-0.00393700787401601,0.0866141732283467,-0.0157480314960628));
#8358=CARTESIAN_POINT('Origin',(-0.00393700787401601,0.0866141732283467,
-0.0157480314960628));
#8359=CARTESIAN_POINT('',(-0.00393700787401599,0.0866141732283467,1.74838271594513E-16));
#8360=CARTESIAN_POINT('',(-0.00393700787401601,0.0866141732283467,-0.0157480314960628));
#8361=CARTESIAN_POINT('Origin',(0.043307086614173,0.124015748031496,-0.0157480314960628));
#8362=CARTESIAN_POINT('',(0.011811023622047,0.124015748031496,-0.0157480314960628));
#8363=CARTESIAN_POINT('',(0.011811023622047,0.124015748031496,-0.0157480314960628));
#8364=CARTESIAN_POINT('',(0.043307086614173,0.124015748031496,-0.0157480314960628));
#8365=CARTESIAN_POINT('',(0.043307086614173,0.124015748031496,1.96693055543827E-16));
#8366=CARTESIAN_POINT('Origin',(0.0196850393700785,0.105314960629921,1.74838271594513E-16));
#8367=CARTESIAN_POINT('',(-0.0284850772755643,0.124015748031496,2.62257407391769E-16));
#8368=CARTESIAN_POINT('Origin',(-0.125984251968504,0.139763779527559,0.101968503937008));
#8369=CARTESIAN_POINT('',(-0.15748031496063,0.124015748031496,0.101968503937008));
#8370=CARTESIAN_POINT('Origin',(-0.15748031496063,0.139763779527559,0.0232283464566933));
#8371=CARTESIAN_POINT('',(-0.141322409758271,0.124015748031496,0.0161188681676555));
#8372=CARTESIAN_POINT('',(-0.141322409758271,0.139763779527559,0.0161188681676556));
#8373=CARTESIAN_POINT('',(-0.141322409758271,0.124015748031496,0.0161188681676555));
#8374=CARTESIAN_POINT('Origin',(-0.143700787401574,0.139763779527559,0.0107134644328754));
#8375=CARTESIAN_POINT('',(-0.137795275590551,0.124015748031496,0.0107134644328753));
#8376=CARTESIAN_POINT('Origin',(-0.143700787401574,0.124015748031496,0.0107134644328754));
#8377=CARTESIAN_POINT('',(-0.137795275590551,0.139763779527559,0.0107134644328754));
#8378=CARTESIAN_POINT('Origin',(-0.137795275590551,0.139763779527559,0.0107134644328754));
#8379=CARTESIAN_POINT('',(-0.137795275590551,0.124015748031496,-0.0417322834645666));
#8380=CARTESIAN_POINT('',(-0.137795275590551,0.124015748031496,-0.0417322834645666));
#8381=CARTESIAN_POINT('',(-0.137795275590551,0.139763779527559,-0.0417322834645666));
#8382=CARTESIAN_POINT('Origin',(-0.143700787401575,0.139763779527559,-0.0417322834645666));
#8383=CARTESIAN_POINT('',(-0.143700787401575,0.124015748031496,-0.0476377952755902));
#8384=CARTESIAN_POINT('Origin',(-0.143700787401575,0.124015748031496,-0.0417322834645666));
#8385=CARTESIAN_POINT('',(-0.143700787401575,0.139763779527559,-0.0476377952755902));
#8386=CARTESIAN_POINT('Origin',(-0.143700787401575,0.139763779527559,-0.0476377952755902));
#8387=CARTESIAN_POINT('',(-0.188976377952756,0.124015748031496,-0.0476377952755902));
#8388=CARTESIAN_POINT('Origin',(-0.143700787401575,0.139763779527559,-0.0929133858267713));
#8389=CARTESIAN_POINT('',(-0.137795275590551,0.124015748031496,-0.0929133858267712));
#8390=CARTESIAN_POINT('Origin',(-0.143700787401575,0.124015748031496,-0.0929133858267713));
#8391=CARTESIAN_POINT('',(-0.137795275590551,0.139763779527559,-0.0929133858267712));
#8392=CARTESIAN_POINT('Origin',(-0.137795275590551,0.139763779527559,-0.0929133858267712));
#8393=CARTESIAN_POINT('',(-0.137795275590551,0.124015748031496,-0.096850393700787));
#8394=CARTESIAN_POINT('',(-0.137795275590551,0.124015748031496,-0.096850393700787));
#8395=CARTESIAN_POINT('',(-0.137795275590551,0.139763779527559,-0.0968503937007869));
#8396=CARTESIAN_POINT('Origin',(-0.143700787401575,0.139763779527559,-0.096850393700787));
#8397=CARTESIAN_POINT('',(-0.143700787401575,0.124015748031496,-0.102755905511811));
#8398=CARTESIAN_POINT('Origin',(-0.143700787401575,0.124015748031496,-0.0968503937007871));
#8399=CARTESIAN_POINT('',(-0.143700787401575,0.139763779527559,-0.102755905511811));
#8400=CARTESIAN_POINT('Origin',(-0.143700787401575,0.139763779527559,-0.102755905511811));
#8401=CARTESIAN_POINT('',(-0.151574803149607,0.124015748031496,-0.102755905511811));
#8402=CARTESIAN_POINT('',(-0.151574803149607,0.124015748031496,-0.102755905511811));
#8403=CARTESIAN_POINT('',(-0.151574803149607,0.139763779527559,-0.102755905511811));
#8404=CARTESIAN_POINT('Origin',(-0.151574803149607,0.139763779527559,-0.108661417322834));
#8405=CARTESIAN_POINT('',(-0.15748031496063,0.124015748031496,-0.108661417322834));
#8406=CARTESIAN_POINT('Origin',(-0.151574803149607,0.124015748031496,-0.108661417322834));
#8407=CARTESIAN_POINT('',(-0.15748031496063,0.139763779527559,-0.108661417322834));
#8408=CARTESIAN_POINT('Origin',(-0.15748031496063,0.139763779527559,-0.108661417322834));
#8409=CARTESIAN_POINT('',(-0.15748031496063,0.124015748031496,-0.120472440944882));
#8410=CARTESIAN_POINT('',(-0.15748031496063,0.124015748031496,-0.120472440944882));
#8411=CARTESIAN_POINT('',(-0.15748031496063,0.139763779527559,-0.120472440944882));
#8412=CARTESIAN_POINT('Origin',(-0.151574803149607,0.139763779527559,-0.120472440944882));
#8413=CARTESIAN_POINT('',(-0.151574803149607,0.124015748031496,-0.126377952755905));
#8414=CARTESIAN_POINT('Origin',(-0.151574803149607,0.124015748031496,-0.120472440944882));
#8415=CARTESIAN_POINT('',(-0.151574803149607,0.13976377952756,-0.126377952755905));
#8416=CARTESIAN_POINT('Origin',(-0.151574803149607,0.13976377952756,-0.126377952755905));
#8417=CARTESIAN_POINT('',(-0.0629921259842523,0.124015748031496,-0.126377952755905));
#8418=CARTESIAN_POINT('',(-0.0629921259842523,0.124015748031496,-0.126377952755905));
#8419=CARTESIAN_POINT('',(-0.0629921259842523,0.13976377952756,-0.126377952755905));
#8420=CARTESIAN_POINT('Origin',(-0.0629921259842523,0.13976377952756,-0.126377952755905));
#8421=CARTESIAN_POINT('',(-0.0236220472440948,0.124015748031496,-0.0870078740157477));
#8422=CARTESIAN_POINT('',(-0.0236220472440948,0.124015748031496,-0.0870078740157477));
#8423=CARTESIAN_POINT('',(-0.0236220472440948,0.139763779527559,-0.0870078740157477));
#8424=CARTESIAN_POINT('Origin',(-0.0236220472440948,0.139763779527559,-0.0870078740157477));
#8425=CARTESIAN_POINT('',(-0.0236220472440947,0.124015748031496,-0.00629921259842496));
#8426=CARTESIAN_POINT('Origin',(0.011811023622047,0.139763779527559,-0.00629921259842498));
#8427=CARTESIAN_POINT('',(0.011811023622047,0.139763779527559,-0.0157480314960628));
#8428=CARTESIAN_POINT('Origin',(0.011811023622047,0.139763779527559,-0.0157480314960628));
#8429=CARTESIAN_POINT('Origin',(-0.0766551939212072,0.124015748031496,0.00217747020728358));
#8430=CARTESIAN_POINT('',(-0.0826771653543308,0.124015748031496,0.113779527559055));
#8431=CARTESIAN_POINT('',(-0.0459049158156022,0.124015748031496,0.113779527559055));
#8432=CARTESIAN_POINT('',(-0.0826771653543309,0.124015748031496,0.0507874015748034));
#8433=CARTESIAN_POINT('Origin',(-0.0151546377099974,-6.26244100179375E-17,
0.113779527559055));
#8434=CARTESIAN_POINT('',(0.118110236220472,0.118110236220472,0.113779527559055));
#8435=CARTESIAN_POINT('',(0.0433070866141732,0.118110236220472,0.113779527559055));
#8436=CARTESIAN_POINT('',(0.118110236220473,-0.118110236220472,0.113779527559055));
#8437=CARTESIAN_POINT('',(0.118110236220472,0.118110236220472,0.113779527559055));
#8438=CARTESIAN_POINT('',(0.118110236220473,-0.118110236220472,0.113779527559055));
#8439=CARTESIAN_POINT('',(-0.14763779527559,-0.118110236220473,0.113779527559055));
#8440=CARTESIAN_POINT('',(-0.0826771653543308,-0.118110236220473,0.113779527559055));
#8441=CARTESIAN_POINT('',(-0.147637795275591,0.118110236220472,0.113779527559055));
#8442=CARTESIAN_POINT('',(-0.14763779527559,-0.118110236220473,0.113779527559055));
#8443=CARTESIAN_POINT('',(-0.0826771653543309,0.118110236220472,0.113779527559055));
#8444=CARTESIAN_POINT('',(-0.147637795275591,0.118110236220472,0.113779527559055));
#8445=CARTESIAN_POINT('',(-0.0826771653543309,0.118110236220472,0.113779527559055));
#8446=CARTESIAN_POINT('',(0.101377952755906,-0.0866141732283464,0.113779527559055));
#8447=CARTESIAN_POINT('Origin',(0.0866141732283466,-0.0866141732283465,
0.113779527559055));
#8448=CARTESIAN_POINT('',(0.101377952755905,0.0866141732283465,0.113779527559055));
#8449=CARTESIAN_POINT('Origin',(0.0866141732283464,0.0866141732283465,0.113779527559055));
#8450=CARTESIAN_POINT('',(-0.0718503937007873,-0.0866141732283466,0.113779527559055));
#8451=CARTESIAN_POINT('Origin',(-0.0866141732283464,-0.0866141732283466,
0.113779527559055));
#8452=CARTESIAN_POINT('',(-0.0718503937007874,0.0866141732283465,0.113779527559055));
#8453=CARTESIAN_POINT('Origin',(-0.0866141732283465,0.0866141732283465,
0.113779527559055));
#8454=CARTESIAN_POINT('',(0.0688976377952756,1.99112887328696E-17,0.113779527559055));
#8455=CARTESIAN_POINT('Origin',(-8.77080871562106E-33,0.,0.113779527559055));
#8456=CARTESIAN_POINT('Origin',(-0.0151546377099974,-8.90937635132263E-17,
0.129527559055118));
#8457=CARTESIAN_POINT('',(0.118110236220473,-0.118110236220472,0.129527559055118));
#8458=CARTESIAN_POINT('',(0.118110236220473,-0.118110236220472,0.129527559055118));
#8459=CARTESIAN_POINT('',(0.118110236220472,0.118110236220472,0.129527559055118));
#8460=CARTESIAN_POINT('',(0.118110236220472,0.118110236220472,0.129527559055118));
#8461=CARTESIAN_POINT('',(0.0433070866141732,0.118110236220472,0.129527559055118));
#8462=CARTESIAN_POINT('',(-0.0826771653543309,0.118110236220472,0.129527559055118));
#8463=CARTESIAN_POINT('',(-0.0826771653543308,0.139763779527559,0.129527559055118));
#8464=CARTESIAN_POINT('',(-0.147637795275591,0.118110236220472,0.129527559055118));
#8465=CARTESIAN_POINT('',(-0.147637795275591,0.118110236220472,0.129527559055118));
#8466=CARTESIAN_POINT('',(-0.14763779527559,-0.118110236220473,0.129527559055118));
#8467=CARTESIAN_POINT('',(-0.14763779527559,-0.118110236220473,0.129527559055118));
#8468=CARTESIAN_POINT('',(-0.0826771653543308,-0.118110236220473,0.129527559055118));
#8469=CARTESIAN_POINT('',(0.0688976377952756,-3.82621676875485E-18,0.129527559055118));
#8470=CARTESIAN_POINT('Origin',(1.48017874825317E-17,-2.37375055016245E-17,
0.129527559055118));
#8471=CARTESIAN_POINT('',(-0.0718503937007874,0.0866141732283464,0.129527559055118));
#8472=CARTESIAN_POINT('Origin',(-0.0866141732283464,0.0866141732283464,
0.129527559055118));
#8473=CARTESIAN_POINT('',(-0.0718503937007873,-0.0866141732283466,0.129527559055118));
#8474=CARTESIAN_POINT('Origin',(-0.0866141732283464,-0.0866141732283466,
0.129527559055118));
#8475=CARTESIAN_POINT('',(0.101377952755905,0.0866141732283465,0.129527559055118));
#8476=CARTESIAN_POINT('Origin',(0.0866141732283464,0.0866141732283465,0.129527559055118));
#8477=CARTESIAN_POINT('',(0.101377952755906,-0.0866141732283465,0.129527559055118));
#8478=CARTESIAN_POINT('Origin',(0.0866141732283466,-0.0866141732283465,
0.129527559055118));
#8479=CARTESIAN_POINT('Origin',(-0.0826771653543309,0.118110236220472,0.113779527559055));
#8480=CARTESIAN_POINT('',(-0.0826771653543309,0.118110236220472,0.113779527559055));
#8481=CARTESIAN_POINT('Origin',(-0.285433070866142,-0.14273537007874,-0.0574803149606299));
#8482=CARTESIAN_POINT('',(-0.285433070866142,-0.129958929133858,-0.0476377952755905));
#8483=CARTESIAN_POINT('',(-0.295275590551181,-0.129958929133858,-0.0574803149606299));
#8484=CARTESIAN_POINT('Origin',(-0.285433070866142,-0.129958929133858,-0.0574803149606299));
#8485=CARTESIAN_POINT('',(-0.295275590551181,-0.145706960629921,-0.0574803149606299));
#8486=CARTESIAN_POINT('',(-0.295275590551181,-0.14273537007874,-0.0574803149606299));
#8487=CARTESIAN_POINT('',(-0.285433070866142,-0.145706960629921,-0.0476377952755905));
#8488=CARTESIAN_POINT('Origin',(-0.285433070866142,-0.145706960629921,-0.0574803149606299));
#8489=CARTESIAN_POINT('',(-0.285433070866142,-0.14273537007874,-0.0476377952755905));
#8490=CARTESIAN_POINT('Origin',(-0.275590551181103,-0.145706960629921,-0.087007874015748));
#8491=CARTESIAN_POINT('',(-0.295275590551181,-0.145706960629921,-0.0771653543307086));
#8492=CARTESIAN_POINT('',(-0.295275590551181,-0.145706960629921,-0.087007874015748));
#8493=CARTESIAN_POINT('',(-0.285433070866142,-0.145706960629921,-0.087007874015748));
#8494=CARTESIAN_POINT('Origin',(-0.285433070866142,-0.145706960629921,-0.0771653543307086));
#8495=CARTESIAN_POINT('',(-0.275590551181103,-0.145706960629921,-0.087007874015748));
#8496=CARTESIAN_POINT('',(-0.275590551181103,-0.145706960629921,-0.087007874015748));
#8497=CARTESIAN_POINT('',(-0.275590551181103,-0.145706960629921,-0.0476377952755905));
#8498=CARTESIAN_POINT('',(-0.275590551181103,-0.145706960629921,-0.087007874015748));
#8499=CARTESIAN_POINT('',(-0.275590551181103,-0.145706960629921,-0.0476377952755905));
#8500=CARTESIAN_POINT('Origin',(-0.295275590551181,-0.145706960629921,-0.087007874015748));
#8501=CARTESIAN_POINT('',(-0.295275590551181,-0.129958929133858,-0.0771653543307085));
#8502=CARTESIAN_POINT('',(-0.295275590551181,-0.129958929133858,-0.0870078740157479));
#8503=CARTESIAN_POINT('',(-0.295275590551181,-0.14273537007874,-0.0771653543307086));
#8504=CARTESIAN_POINT('Origin',(-0.285433070866142,-0.14273537007874,-0.0771653543307086));
#8505=CARTESIAN_POINT('',(-0.285433070866142,-0.129958929133858,-0.0870078740157479));
#8506=CARTESIAN_POINT('Origin',(-0.285433070866142,-0.129958929133858,-0.0771653543307086));
#8507=CARTESIAN_POINT('',(-0.285433070866142,-0.14273537007874,-0.087007874015748));
#8508=CARTESIAN_POINT('Origin',(-0.228346456692914,-0.145706960629921,-0.087007874015748));
#8509=CARTESIAN_POINT('',(-0.216169156301777,-0.161173509378287,-0.0476377952755905));
#8510=CARTESIAN_POINT('',(-0.236548556430446,-0.163601829584376,-0.0476377952755905));
#8511=CARTESIAN_POINT('Origin',(-0.228346456692914,-0.145706960629921,-0.0476377952755905));
#8512=CARTESIAN_POINT('',(-0.236548556430446,-0.163601829584376,-0.0870078740157481));
#8513=CARTESIAN_POINT('',(-0.236548556430446,-0.163601829584376,-0.0870078740157481));
#8514=CARTESIAN_POINT('',(-0.216169156301777,-0.161173509378287,-0.0870078740157481));
#8515=CARTESIAN_POINT('Origin',(-0.228346456692914,-0.145706960629921,-0.087007874015748));
#8516=CARTESIAN_POINT('',(-0.216169156301777,-0.161173509378287,-0.0870078740157481));
#8517=CARTESIAN_POINT('Origin',(-0.236548556430446,-0.163601829584376,-0.0870078740157481));
#8518=CARTESIAN_POINT('',(-0.236548556430446,-0.163601829584376,-0.0476377952755906));
#8519=CARTESIAN_POINT('',(-0.236548556430446,-0.163601829584376,-0.0870078740157481));
#8520=CARTESIAN_POINT('Origin',(-0.295275590551181,-0.129958929133858,-0.0870078740157479));
#8521=CARTESIAN_POINT('',(-0.272153423983105,-0.129958929133858,-0.0476377952755904));
#8522=CARTESIAN_POINT('',(-0.295275590551181,-0.129958929133858,-0.0476377952755905));
#8523=CARTESIAN_POINT('',(-0.272153423983105,-0.129958929133858,-0.087007874015748));
#8524=CARTESIAN_POINT('',(-0.272153423983105,-0.129958929133858,-0.087007874015748));
#8525=CARTESIAN_POINT('',(-0.295275590551181,-0.129958929133858,-0.0870078740157479));
#8526=CARTESIAN_POINT('Origin',(-0.272153423983105,-0.129958929133858,-0.087007874015748));
#8527=CARTESIAN_POINT('',(-0.22998687664042,-0.149285934420812,-0.0476377952755905));
#8528=CARTESIAN_POINT('',(-0.272153423983105,-0.129958929133858,-0.0476377952755905));
#8529=CARTESIAN_POINT('',(-0.22998687664042,-0.149285934420812,-0.087007874015748));
#8530=CARTESIAN_POINT('',(-0.22998687664042,-0.149285934420812,-0.087007874015748));
#8531=CARTESIAN_POINT('',(-0.272153423983105,-0.129958929133858,-0.087007874015748));
#8532=CARTESIAN_POINT('Origin',(-0.228346456692914,-0.145706960629921,-0.087007874015748));
#8533=CARTESIAN_POINT('',(-0.225910996614686,-0.148800270379594,-0.0476377952755905));
#8534=CARTESIAN_POINT('Origin',(-0.228346456692914,-0.145706960629921,-0.0476377952755905));
#8535=CARTESIAN_POINT('',(-0.225910996614686,-0.148800270379594,-0.087007874015748));
#8536=CARTESIAN_POINT('',(-0.225910996614686,-0.148800270379594,-0.087007874015748));
#8537=CARTESIAN_POINT('Origin',(-0.228346456692914,-0.145706960629921,-0.087007874015748));
#8538=CARTESIAN_POINT('Origin',(-0.225910996614686,-0.148800270379594,-0.087007874015748));
#8539=CARTESIAN_POINT('',(-0.198718218265665,-0.127390540528866,-0.0476377952755905));
#8540=CARTESIAN_POINT('',(-0.225910996614686,-0.148800270379594,-0.0476377952755906));
#8541=CARTESIAN_POINT('',(-0.198718218265665,-0.127390540528866,-0.087007874015748));
#8542=CARTESIAN_POINT('',(-0.198718218265665,-0.127390540528866,-0.087007874015748));
#8543=CARTESIAN_POINT('',(-0.225910996614686,-0.148800270379594,-0.087007874015748));
#8544=CARTESIAN_POINT('Origin',(-0.188976377952756,-0.139763779527559,-0.0870078740157481));
#8545=CARTESIAN_POINT('Origin',(-0.188976377952756,-0.139763779527559,-0.0476377952755906));
#8546=CARTESIAN_POINT('Origin',(-0.188976377952756,-0.139763779527559,-0.0870078740157481));
#8547=CARTESIAN_POINT('Origin',(-0.188976377952756,-0.139763779527559,-0.0870078740157481));
#8548=CARTESIAN_POINT('',(-0.188976377952756,-0.139763779527559,-0.0476377952755906));
#8549=CARTESIAN_POINT('',(-0.188976377952756,-0.139763779527559,-0.0870078740157481));
#8550=CARTESIAN_POINT('Origin',(0.0275590551181102,-0.12992125984252,-0.0059055118110238));
#8551=CARTESIAN_POINT('',(0.0118110236220471,-0.139755902359682,-0.0062992125984254));
#8552=CARTESIAN_POINT('Ctrl Pts',(0.0118066486286644,-0.139763779527559,
-0.0059055118110238));
#8553=CARTESIAN_POINT('Ctrl Pts',(0.0118095505502115,-0.139763779527559,
-0.00603606603309259));
#8554=CARTESIAN_POINT('Ctrl Pts',(0.0118110236220471,-0.139761180227995,
-0.00616737149023825));
#8555=CARTESIAN_POINT('Ctrl Pts',(0.0118110236220471,-0.139755902359682,
-0.0062992125984254));
#8556=CARTESIAN_POINT('',(0.011811023622047,-0.12992125984252,-0.0157480314960632));
#8557=CARTESIAN_POINT('Origin',(0.0118110236220471,-0.12992125984252,-0.00590551181102378));
#8558=CARTESIAN_POINT('',(0.0275590551181102,-0.12992125984252,-0.0157480314960632));
#8559=CARTESIAN_POINT('Origin',(0.011811023622047,-0.139763779527559,-0.0157480314960632));
#8560=CARTESIAN_POINT('',(0.011811023622047,-0.124015748031496,-0.0157480314960632));
#8561=CARTESIAN_POINT('',(0.011811023622047,-0.139763779527559,-0.0157480314960632));
#8562=CARTESIAN_POINT('',(-0.00393700787401595,-0.124015748031496,-0.0157480314960631));
#8563=CARTESIAN_POINT('',(0.043307086614173,-0.124015748031496,-0.0157480314960632));
#8564=CARTESIAN_POINT('',(-0.00393700787401598,-0.0866141732283463,-0.0157480314960631));
#8565=CARTESIAN_POINT('',(-0.00393700787401595,-0.124015748031496,-0.0157480314960631));
#8566=CARTESIAN_POINT('',(-0.00393700787401598,-0.0866141732283463,-0.0157480314960631));
#8567=CARTESIAN_POINT('Origin',(0.0118110236220471,-0.139763779527559,-0.0062992125984254));
#8568=CARTESIAN_POINT('',(0.0118110236220471,-0.124015748031496,-0.00629921259842538));
#8569=CARTESIAN_POINT('',(0.0118110236220471,-0.139763779527559,-0.0062992125984254));
#8570=CARTESIAN_POINT('',(0.011811023622047,-0.124015748031496,-0.0157480314960632));
#8571=CARTESIAN_POINT('Origin',(-0.00590551181102381,-0.139763779527559,
-0.0062992125984254));
#8572=CARTESIAN_POINT('',(-0.0236220472440947,-0.139763779527559,-0.00629921259842538));
#8573=CARTESIAN_POINT('Origin',(-0.00590551181102382,-0.124015748031496,
-0.00629921259842538));
#8574=CARTESIAN_POINT('Origin',(0.043307086614173,-0.124015748031496,-0.0157480314960632));
#8575=CARTESIAN_POINT('',(-0.00393700787401594,-0.124015748031496,-1.31128703695885E-16));
#8576=CARTESIAN_POINT('',(0.043307086614173,-0.124015748031496,-1.74838271594513E-16));
#8577=CARTESIAN_POINT('',(-0.00393700787401595,-0.124015748031496,-0.0157480314960631));
#8578=CARTESIAN_POINT('Origin',(-0.00393700787401595,-0.124015748031496,
-0.0157480314960631));
#8579=CARTESIAN_POINT('',(-0.00393700787401596,-0.0866141732283463,-8.74191357972564E-17));
#8580=CARTESIAN_POINT('',(-0.00393700787401594,-0.124015748031496,-1.31128703695885E-16));
#8581=CARTESIAN_POINT('',(-0.00393700787401598,-0.0866141732283463,-0.0157480314960631));
#8582=CARTESIAN_POINT('Origin',(-0.00393700787401598,-0.0866141732283463,
-0.0157480314960631));
#8583=CARTESIAN_POINT('',(-0.00393700787401596,-0.0866141732283463,-8.74191357972564E-17));
#8584=CARTESIAN_POINT('Origin',(0.0196850393700785,-0.105314960629921,-1.31128703695885E-16));
#8585=CARTESIAN_POINT('Origin',(-0.125984251968504,-0.139763779527559,0.101968503937008));
#8586=CARTESIAN_POINT('Origin',(-0.15748031496063,-0.139763779527559,0.0232283464566929));
#8587=CARTESIAN_POINT('',(-0.141322409758271,-0.139763779527559,0.0161188681676551));
#8588=CARTESIAN_POINT('Origin',(-0.143700787401574,-0.139763779527559,0.010713464432875));
#8589=CARTESIAN_POINT('',(-0.137795275590551,-0.139763779527559,0.010713464432875));
#8590=CARTESIAN_POINT('Origin',(-0.137795275590551,-0.139763779527559,0.010713464432875));
#8591=CARTESIAN_POINT('',(-0.137795275590551,-0.139763779527559,-0.041732283464567));
#8592=CARTESIAN_POINT('Origin',(-0.143700787401575,-0.139763779527559,-0.041732283464567));
#8593=CARTESIAN_POINT('',(-0.143700787401575,-0.139763779527559,-0.0476377952755906));
#8594=CARTESIAN_POINT('Origin',(-0.143700787401575,-0.139763779527559,-0.0476377952755906));
#8595=CARTESIAN_POINT('Origin',(-0.188976377952756,-0.139763779527559,-0.0870078740157481));
#8596=CARTESIAN_POINT('',(-0.143700787401575,-0.139763779527559,-0.0870078740157481));
#8597=CARTESIAN_POINT('Origin',(-0.143700787401575,-0.139763779527559,-0.0929133858267717));
#8598=CARTESIAN_POINT('',(-0.137795275590551,-0.139763779527559,-0.0929133858267716));
#8599=CARTESIAN_POINT('Origin',(-0.137795275590551,-0.139763779527559,-0.0929133858267716));
#8600=CARTESIAN_POINT('',(-0.137795275590551,-0.139763779527559,-0.0968503937007874));
#8601=CARTESIAN_POINT('Origin',(-0.143700787401575,-0.139763779527559,-0.0968503937007875));
#8602=CARTESIAN_POINT('',(-0.143700787401575,-0.139763779527559,-0.102755905511811));
#8603=CARTESIAN_POINT('Origin',(-0.143700787401575,-0.139763779527559,-0.102755905511811));
#8604=CARTESIAN_POINT('',(-0.151574803149607,-0.139763779527559,-0.102755905511811));
#8605=CARTESIAN_POINT('Origin',(-0.151574803149607,-0.139763779527559,-0.108661417322835));
#8606=CARTESIAN_POINT('',(-0.15748031496063,-0.139763779527559,-0.108661417322835));
#8607=CARTESIAN_POINT('Origin',(-0.15748031496063,-0.139763779527559,-0.108661417322835));
#8608=CARTESIAN_POINT('',(-0.15748031496063,-0.139763779527559,-0.120472440944882));
#8609=CARTESIAN_POINT('Origin',(-0.151574803149607,-0.139763779527559,-0.120472440944882));
#8610=CARTESIAN_POINT('',(-0.151574803149607,-0.139763779527559,-0.126377952755906));
#8611=CARTESIAN_POINT('Origin',(-0.151574803149607,-0.139763779527559,-0.126377952755906));
#8612=CARTESIAN_POINT('',(-0.0629921259842522,-0.139763779527559,-0.126377952755906));
#8613=CARTESIAN_POINT('Origin',(-0.0629921259842522,-0.139763779527559,
-0.126377952755906));
#8614=CARTESIAN_POINT('',(-0.0236220472440947,-0.139763779527559,-0.0870078740157482));
#8615=CARTESIAN_POINT('Origin',(-0.0236220472440947,-0.139763779527559,
-0.0870078740157482));
#8616=CARTESIAN_POINT('Origin',(-8.77080871562106E-33,0.,0.113779527559055));
#8617=CARTESIAN_POINT('',(0.0688976377952756,1.99112887328696E-17,0.113779527559055));
#8618=CARTESIAN_POINT('Origin',(-0.0866141732283465,0.0866141732283465,
0.113779527559055));
#8619=CARTESIAN_POINT('',(-0.0718503937007874,0.0866141732283465,0.113779527559055));
#8620=CARTESIAN_POINT('Origin',(-0.0866141732283464,-0.0866141732283466,
0.113779527559055));
#8621=CARTESIAN_POINT('',(-0.0718503937007873,-0.0866141732283466,0.113779527559055));
#8622=CARTESIAN_POINT('Origin',(0.0866141732283464,0.0866141732283465,0.113779527559055));
#8623=CARTESIAN_POINT('',(0.101377952755905,0.0866141732283465,0.113779527559055));
#8624=CARTESIAN_POINT('Origin',(0.0866141732283466,-0.0866141732283465,
0.113779527559055));
#8625=CARTESIAN_POINT('',(0.101377952755906,-0.0866141732283465,0.113779527559055));
#8626=CARTESIAN_POINT('Origin',(-0.147637795275591,0.118110236220472,0.113779527559055));
#8627=CARTESIAN_POINT('',(-0.147637795275591,0.118110236220472,0.113779527559055));
#8628=CARTESIAN_POINT('Origin',(0.0433070866141732,0.118110236220472,0.113779527559055));
#8629=CARTESIAN_POINT('',(0.118110236220472,0.118110236220472,0.113779527559055));
#8630=CARTESIAN_POINT('Origin',(0.118110236220472,0.118110236220472,0.113779527559055));
#8631=CARTESIAN_POINT('',(0.118110236220473,-0.118110236220472,0.113779527559055));
#8632=CARTESIAN_POINT('Origin',(0.118110236220473,-0.118110236220472,0.113779527559055));
#8633=CARTESIAN_POINT('Origin',(-0.0826771653543308,-0.118110236220473,
0.113779527559055));
#8634=CARTESIAN_POINT('',(-0.14763779527559,-0.118110236220473,0.113779527559055));
#8635=CARTESIAN_POINT('Origin',(-0.14763779527559,-0.118110236220473,0.113779527559055));
#8636=CARTESIAN_POINT('Origin',(-6.29588229642774E-17,-5.9171760996673E-17,
0.176771653543307));
#8637=CARTESIAN_POINT('',(-0.0671003193771204,-7.57229413821768E-17,0.176939636001011));
#8638=CARTESIAN_POINT('Origin',(-6.30831886293322E-17,-6.33972197642669E-17,
0.176939636001011));
#8639=CARTESIAN_POINT('',(-0.0611971971825489,-5.57866634152994E-17,0.182677165354331));
#8640=CARTESIAN_POINT('Origin',(-0.0611971971825489,-5.16772658320332E-17,
0.176771653543307));
#8641=CARTESIAN_POINT('Origin',(-6.73309634479078E-17,-6.32809110658864E-17,
0.182677165354331));
#8642=CARTESIAN_POINT('Origin',(-1.63226578055534E-17,-1.53408269250634E-17,
0.113779527559055));
#8643=CARTESIAN_POINT('',(-0.0688976377952756,-2.37780754258081E-17,0.113779527559055));
#8644=CARTESIAN_POINT('',(-0.0688976377952756,-2.37783540845432E-17,0.113779527559055));
#8645=CARTESIAN_POINT('Origin',(-1.63226578055534E-17,-1.53408269250634E-17,
0.113779527559055));
#8646=CARTESIAN_POINT('Origin',(-6.73309634479078E-17,-6.32809110658864E-17,
0.182677165354331));
#8647=CARTESIAN_POINT('Ctrl Pts',(-0.0325624403942896,0.,0.091732283464567));
#8648=CARTESIAN_POINT('Ctrl Pts',(-0.0325624403942896,0.0325624403942896,
0.091732283464567));
#8649=CARTESIAN_POINT('Ctrl Pts',(1.50101538113418E-18,0.0325624403942896,
0.091732283464567));
#8650=CARTESIAN_POINT('Ctrl Pts',(0.0325624403942896,0.0325624403942896,
0.0917322834645671));
#8651=CARTESIAN_POINT('Ctrl Pts',(0.0325624403942896,-1.69845790371158E-32,
0.091732283464567));
#8652=CARTESIAN_POINT('Ctrl Pts',(0.0325624403942896,-0.0325624403942896,
0.091732283464567));
#8653=CARTESIAN_POINT('Ctrl Pts',(1.50101538113421E-18,-0.0325624403942896,
0.091732283464567));
#8654=CARTESIAN_POINT('Ctrl Pts',(-0.0325624403942896,-0.0325624403942896,
0.091732283464567));
#8655=CARTESIAN_POINT('Ctrl Pts',(-0.0325624403942896,0.,0.091732283464567));
#8656=CARTESIAN_POINT('Ctrl Pts',(-0.0255446730679341,1.71175765171001E-17,
0.0671315634628304));
#8657=CARTESIAN_POINT('Ctrl Pts',(-0.0255446730679341,0.0255446730679341,
0.0671315634628304));
#8658=CARTESIAN_POINT('Ctrl Pts',(2.34658244379319E-17,0.0255446730679341,
0.0671315634628304));
#8659=CARTESIAN_POINT('Ctrl Pts',(0.0255446730679341,0.0255446730679341,
0.0671315634628305));
#8660=CARTESIAN_POINT('Ctrl Pts',(0.0255446730679341,1.71175765171001E-17,
0.0671315634628304));
#8661=CARTESIAN_POINT('Ctrl Pts',(0.0255446730679341,-0.0255446730679341,
0.0671315634628304));
#8662=CARTESIAN_POINT('Ctrl Pts',(2.34658244379319E-17,-0.0255446730679341,
0.0671315634628304));
#8663=CARTESIAN_POINT('Ctrl Pts',(-0.0255446730679341,-0.0255446730679341,
0.0671315634628304));
#8664=CARTESIAN_POINT('Ctrl Pts',(-0.0255446730679341,1.71175765171001E-17,
0.0671315634628304));
#8665=CARTESIAN_POINT('Ctrl Pts',(3.19866972709947E-17,1.8080260304539E-17,
0.0657480314960631));
#8666=CARTESIAN_POINT('Ctrl Pts',(3.19866972709947E-17,1.07946771488465E-17,
0.0657480314960631));
#8667=CARTESIAN_POINT('Ctrl Pts',(2.47011141153022E-17,1.07946771488465E-17,
0.0657480314960631));
#8668=CARTESIAN_POINT('Ctrl Pts',(1.74155309596097E-17,1.07946771488465E-17,
0.0657480314960631));
#8669=CARTESIAN_POINT('Ctrl Pts',(1.74155309596097E-17,1.8080260304539E-17,
0.0657480314960631));
#8670=CARTESIAN_POINT('Ctrl Pts',(1.74155309596097E-17,2.53658434602315E-17,
0.0657480314960631));
#8671=CARTESIAN_POINT('Ctrl Pts',(2.47011141153022E-17,2.53658434602315E-17,
0.0657480314960631));
#8672=CARTESIAN_POINT('Ctrl Pts',(3.19866972709947E-17,2.53658434602315E-17,
0.0657480314960631));
#8673=CARTESIAN_POINT('Ctrl Pts',(3.19866972709947E-17,1.8080260304539E-17,
0.0657480314960631));
#8674=CARTESIAN_POINT('',(2.47011141153022E-17,1.8080260304539E-17,0.0657480314960631));
#8675=CARTESIAN_POINT('',(-0.0325624403942896,-3.98761714028095E-18,0.091732283464567));
#8676=CARTESIAN_POINT('Origin',(0.0019404234971781,-7.08621679116995E-18,
0.101574803149606));
#8677=CARTESIAN_POINT('Origin',(7.50507690567102E-19,3.63018914341867E-34,
0.091732283464567));
#8678=CARTESIAN_POINT('Origin',(-3.35295886469258E-33,4.08972738664919E-34,
0.091732283464567));
#8679=CARTESIAN_POINT('',(0.00590551181102361,0.0502446892622255,0.101574803149606));
#8680=CARTESIAN_POINT('',(0.0502446892622255,0.00590551181102361,0.101574803149606));
#8681=CARTESIAN_POINT('Origin',(-7.28690080605063E-18,-6.84858344868901E-18,
0.101574803149606));
#8682=CARTESIAN_POINT('',(0.00590551181102362,0.0502446892622255,0.091732283464567));
#8683=CARTESIAN_POINT('',(0.00590551181102362,0.0502446892622255,0.091732283464567));
#8684=CARTESIAN_POINT('',(0.0502446892622255,0.00590551181102362,0.091732283464567));
#8685=CARTESIAN_POINT('Origin',(-3.35295886469258E-33,4.08972738664919E-34,
0.091732283464567));
#8686=CARTESIAN_POINT('',(0.0502446892622255,0.00590551181102362,0.091732283464567));
#8687=CARTESIAN_POINT('Origin',(0.0502446892622255,0.00590551181102362,
0.091732283464567));
#8688=CARTESIAN_POINT('',(0.0339388575778871,0.00590551181102361,0.101574803149606));
#8689=CARTESIAN_POINT('',(0.0339388575778871,0.00590551181102361,0.101574803149606));
#8690=CARTESIAN_POINT('',(0.0339388575778871,0.00590551181102362,0.091732283464567));
#8691=CARTESIAN_POINT('',(0.0251223446311127,0.00590551181102362,0.091732283464567));
#8692=CARTESIAN_POINT('',(0.0339388575778871,0.00590551181102362,0.091732283464567));
#8693=CARTESIAN_POINT('Origin',(-3.35295886469258E-33,4.08972738664919E-34,
0.091732283464567));
#8694=CARTESIAN_POINT('',(0.00590551181102361,0.0339388575778871,0.101574803149606));
#8695=CARTESIAN_POINT('Origin',(-7.28690080605063E-18,-6.84858344868901E-18,
0.101574803149606));
#8696=CARTESIAN_POINT('',(0.00590551181102362,0.0339388575778871,0.091732283464567));
#8697=CARTESIAN_POINT('Origin',(-3.35295886469258E-33,4.08972738664919E-34,
0.091732283464567));
#8698=CARTESIAN_POINT('',(0.00590551181102362,0.0339388575778871,0.091732283464567));
#8699=CARTESIAN_POINT('Origin',(0.00590551181102362,0.0339388575778871,
0.091732283464567));
#8700=CARTESIAN_POINT('',(0.00590551181102361,0.0502446892622255,0.101574803149606));
#8701=CARTESIAN_POINT('',(0.00590551181102362,0.0169694287889436,0.091732283464567));
#8702=CARTESIAN_POINT('Origin',(0.0276857067381523,0.0276857067381523,0.101574803149606));
#8703=CARTESIAN_POINT('Origin',(-3.35295886469258E-33,4.08972738664919E-34,
0.091732283464567));
#8704=CARTESIAN_POINT('',(-0.00590551181102363,0.0339388575778871,0.101574803149606));
#8705=CARTESIAN_POINT('',(-0.0339388575778872,0.00590551181102361,0.101574803149606));
#8706=CARTESIAN_POINT('Origin',(-7.28690080605063E-18,-6.84858344868901E-18,
0.101574803149606));
#8707=CARTESIAN_POINT('',(-0.00590551181102362,0.0339388575778871,0.091732283464567));
#8708=CARTESIAN_POINT('',(-0.00590551181102362,0.0339388575778871,0.091732283464567));
#8709=CARTESIAN_POINT('',(-0.0339388575778871,0.00590551181102362,0.091732283464567));
#8710=CARTESIAN_POINT('Origin',(-3.35295886469258E-33,4.08972738664919E-34,
0.091732283464567));
#8711=CARTESIAN_POINT('',(-0.0339388575778871,0.00590551181102362,0.091732283464567));
#8712=CARTESIAN_POINT('Origin',(-0.0339388575778871,0.00590551181102362,
0.091732283464567));
#8713=CARTESIAN_POINT('',(-0.0502446892622255,0.00590551181102361,0.101574803149606));
#8714=CARTESIAN_POINT('',(-0.0339388575778872,0.00590551181102361,0.101574803149606));
#8715=CARTESIAN_POINT('',(-0.0502446892622255,0.00590551181102362,0.091732283464567));
#8716=CARTESIAN_POINT('',(-0.0169694287889436,0.00590551181102362,0.091732283464567));
#8717=CARTESIAN_POINT('',(-0.0502446892622255,0.00590551181102362,0.091732283464567));
#8718=CARTESIAN_POINT('Origin',(-3.35295886469258E-33,4.08972738664919E-34,
0.091732283464567));
#8719=CARTESIAN_POINT('',(-0.00590551181102363,0.0502446892622255,0.101574803149606));
#8720=CARTESIAN_POINT('Origin',(-7.28690080605063E-18,-6.84858344868901E-18,
0.101574803149606));
#8721=CARTESIAN_POINT('',(-0.00590551181102362,0.0502446892622255,0.091732283464567));
#8722=CARTESIAN_POINT('Origin',(-3.35295886469258E-33,4.08972738664919E-34,
0.091732283464567));
#8723=CARTESIAN_POINT('',(-0.00590551181102362,0.0502446892622255,0.091732283464567));
#8724=CARTESIAN_POINT('Origin',(-0.00590551181102362,0.0502446892622255,
0.091732283464567));
#8725=CARTESIAN_POINT('',(-0.00590551181102363,0.0502446892622255,0.101574803149606));
#8726=CARTESIAN_POINT('',(-0.00590551181102362,0.0251223446311127,0.091732283464567));
#8727=CARTESIAN_POINT('Origin',(-0.0276857067381523,0.0276857067381523,
0.101574803149606));
#8728=CARTESIAN_POINT('Origin',(-3.35295886469258E-33,4.08972738664919E-34,
0.091732283464567));
#8729=CARTESIAN_POINT('',(-0.00590551181102363,-0.0502446892622255,0.101574803149606));
#8730=CARTESIAN_POINT('',(-0.0502446892622255,-0.00590551181102363,0.101574803149606));
#8731=CARTESIAN_POINT('Origin',(-7.28690080605063E-18,-6.84858344868901E-18,
0.101574803149606));
#8732=CARTESIAN_POINT('',(-0.00590551181102362,-0.0502446892622255,0.091732283464567));
#8733=CARTESIAN_POINT('',(-0.00590551181102362,-0.0502446892622255,0.091732283464567));
#8734=CARTESIAN_POINT('',(-0.0502446892622255,-0.00590551181102362,0.091732283464567));
#8735=CARTESIAN_POINT('Origin',(-3.35295886469258E-33,4.08972738664919E-34,
0.091732283464567));
#8736=CARTESIAN_POINT('',(-0.0502446892622255,-0.00590551181102362,0.091732283464567));
#8737=CARTESIAN_POINT('Origin',(-0.0502446892622255,-0.00590551181102362,
0.091732283464567));
#8738=CARTESIAN_POINT('',(-0.0339388575778872,-0.00590551181102363,0.101574803149606));
#8739=CARTESIAN_POINT('',(-0.0339388575778872,-0.00590551181102363,0.101574803149606));
#8740=CARTESIAN_POINT('',(-0.0339388575778871,-0.00590551181102362,0.091732283464567));
#8741=CARTESIAN_POINT('',(-0.0251223446311127,-0.00590551181102362,0.091732283464567));
#8742=CARTESIAN_POINT('',(-0.0339388575778871,-0.00590551181102362,0.091732283464567));
#8743=CARTESIAN_POINT('Origin',(-3.35295886469258E-33,4.08972738664919E-34,
0.091732283464567));
#8744=CARTESIAN_POINT('',(-0.00590551181102363,-0.0339388575778872,0.101574803149606));
#8745=CARTESIAN_POINT('Origin',(-7.28690080605063E-18,-6.84858344868901E-18,
0.101574803149606));
#8746=CARTESIAN_POINT('',(-0.00590551181102362,-0.0339388575778871,0.091732283464567));
#8747=CARTESIAN_POINT('Origin',(-3.35295886469258E-33,4.08972738664919E-34,
0.091732283464567));
#8748=CARTESIAN_POINT('',(-0.00590551181102362,-0.0339388575778871,0.091732283464567));
#8749=CARTESIAN_POINT('Origin',(-0.00590551181102362,-0.0339388575778871,
0.091732283464567));
#8750=CARTESIAN_POINT('',(-0.00590551181102363,-0.0502446892622255,0.101574803149606));
#8751=CARTESIAN_POINT('',(-0.00590551181102362,-0.0169694287889436,0.091732283464567));
#8752=CARTESIAN_POINT('Origin',(-0.0276857067381523,-0.0276857067381523,
0.101574803149606));
#8753=CARTESIAN_POINT('Origin',(-3.35295886469258E-33,4.08972738664919E-34,
0.091732283464567));
#8754=CARTESIAN_POINT('',(0.00590551181102361,-0.0339388575778872,0.101574803149606));
#8755=CARTESIAN_POINT('',(0.0339388575778871,-0.00590551181102363,0.101574803149606));
#8756=CARTESIAN_POINT('Origin',(-7.28690080605063E-18,-6.84858344868901E-18,
0.101574803149606));
#8757=CARTESIAN_POINT('',(0.00590551181102362,-0.0339388575778871,0.091732283464567));
#8758=CARTESIAN_POINT('',(0.00590551181102362,-0.0339388575778871,0.091732283464567));
#8759=CARTESIAN_POINT('',(0.0339388575778871,-0.00590551181102362,0.091732283464567));
#8760=CARTESIAN_POINT('Origin',(-3.35295886469258E-33,4.08972738664919E-34,
0.091732283464567));
#8761=CARTESIAN_POINT('',(0.0339388575778871,-0.00590551181102362,0.091732283464567));
#8762=CARTESIAN_POINT('Origin',(0.0339388575778871,-0.00590551181102362,
0.091732283464567));
#8763=CARTESIAN_POINT('',(0.0502446892622255,-0.00590551181102363,0.101574803149606));
#8764=CARTESIAN_POINT('',(0.0339388575778871,-0.00590551181102363,0.101574803149606));
#8765=CARTESIAN_POINT('',(0.0502446892622255,-0.00590551181102362,0.091732283464567));
#8766=CARTESIAN_POINT('',(0.0169694287889436,-0.00590551181102362,0.091732283464567));
#8767=CARTESIAN_POINT('',(0.0502446892622255,-0.00590551181102362,0.091732283464567));
#8768=CARTESIAN_POINT('Origin',(-3.35295886469258E-33,4.08972738664919E-34,
0.091732283464567));
#8769=CARTESIAN_POINT('',(0.00590551181102361,-0.0502446892622255,0.101574803149606));
#8770=CARTESIAN_POINT('Origin',(-7.28690080605063E-18,-6.84858344868901E-18,
0.101574803149606));
#8771=CARTESIAN_POINT('',(0.00590551181102362,-0.0502446892622255,0.091732283464567));
#8772=CARTESIAN_POINT('Origin',(-3.35295886469258E-33,4.08972738664919E-34,
0.091732283464567));
#8773=CARTESIAN_POINT('',(0.00590551181102362,-0.0502446892622255,0.091732283464567));
#8774=CARTESIAN_POINT('Origin',(0.00590551181102362,-0.0502446892622255,
0.091732283464567));
#8775=CARTESIAN_POINT('',(0.00590551181102361,-0.0502446892622255,0.101574803149606));
#8776=CARTESIAN_POINT('',(0.00590551181102362,-0.0251223446311127,0.091732283464567));
#8777=CARTESIAN_POINT('Origin',(0.0276857067381523,-0.0276857067381523,
0.101574803149606));
#8778=CARTESIAN_POINT('Origin',(-3.35295886469258E-33,4.08972738664919E-34,
0.091732283464567));
#8779=CARTESIAN_POINT('',(-0.0984251968503937,-2.73940390689844E-17,0.113779527559055));
#8780=CARTESIAN_POINT('Origin',(-1.63226578055534E-17,-1.53408269250634E-17,
0.113779527559055));
#8781=CARTESIAN_POINT('',(-0.0984251968503937,-1.2053212143921E-17,0.0917322834645669));
#8782=CARTESIAN_POINT('',(-0.0984251968503937,-1.20536102278283E-17,0.0917322834645669));
#8783=CARTESIAN_POINT('Origin',(-3.35295886469258E-33,4.08972738664919E-34,
0.091732283464567));
#8784=CARTESIAN_POINT('Origin',(-1.63226578055534E-17,-1.53408269250634E-17,
0.113779527559055));
#8785=CARTESIAN_POINT('Origin',(-3.35295886469258E-33,4.08972738664919E-34,
0.091732283464567));
#8786=UNCERTAINTY_MEASURE_WITH_UNIT(LENGTH_MEASURE(0.000393700787401575),
#8791,'DISTANCE_ACCURACY_VALUE',
'Maximum model space distance between geometric entities at asserted c
onnectivities');
#8787=UNCERTAINTY_MEASURE_WITH_UNIT(LENGTH_MEASURE(0.000393700787401575),
#8791,'DISTANCE_ACCURACY_VALUE',
'Maximum model space distance between geometric entities at asserted c
onnectivities');
#8788=(
GEOMETRIC_REPRESENTATION_CONTEXT(3)
GLOBAL_UNCERTAINTY_ASSIGNED_CONTEXT((#8786))
GLOBAL_UNIT_ASSIGNED_CONTEXT((#8791,#8795,#8796))
REPRESENTATION_CONTEXT('','3D')
);
#8789=(
GEOMETRIC_REPRESENTATION_CONTEXT(3)
GLOBAL_UNCERTAINTY_ASSIGNED_CONTEXT((#8787))
GLOBAL_UNIT_ASSIGNED_CONTEXT((#8791,#8795,#8796))
REPRESENTATION_CONTEXT('','3D')
);
#8790=DIMENSIONAL_EXPONENTS(1.,0.,0.,0.,0.,0.,0.);
#8791=(
CONVERSION_BASED_UNIT('inch',#8794)
LENGTH_UNIT()
NAMED_UNIT(#8790)
);
#8792=(
LENGTH_UNIT()
NAMED_UNIT(*)
SI_UNIT(.MILLI.,.METRE.)
);
#8793=(
LENGTH_UNIT()
NAMED_UNIT(*)
SI_UNIT(.CENTI.,.METRE.)
);
#8794=LENGTH_MEASURE_WITH_UNIT(LENGTH_MEASURE(25.4),#8792);
#8795=(
NAMED_UNIT(*)
PLANE_ANGLE_UNIT()
SI_UNIT($,.RADIAN.)
);
#8796=(
NAMED_UNIT(*)
SI_UNIT($,.STERADIAN.)
SOLID_ANGLE_UNIT()
);
#8797=SHAPE_DEFINITION_REPRESENTATION(#8798,#8799);
#8798=PRODUCT_DEFINITION_SHAPE('',$,#8801);
#8799=SHAPE_REPRESENTATION('',(#5191),#8788);
#8800=PRODUCT_DEFINITION_CONTEXT('part definition',#8805,'design');
#8801=PRODUCT_DEFINITION('P010309_Shrinkwrap_1','P010309_Shrinkwrap_1',
#8802,#8800);
#8802=PRODUCT_DEFINITION_FORMATION('',$,#8807);
#8803=PRODUCT_RELATED_PRODUCT_CATEGORY('P010309_Shrinkwrap_1',
'P010309_Shrinkwrap_1',(#8807));
#8804=APPLICATION_PROTOCOL_DEFINITION('international standard',
'automotive_design',2009,#8805);
#8805=APPLICATION_CONTEXT(
'Core Data for Automotive Mechanical Design Process');
#8806=PRODUCT_CONTEXT('part definition',#8805,'mechanical');
#8807=PRODUCT('P010309_Shrinkwrap_1','P010309_Shrinkwrap_1',$,(#8806));
#8808=PRESENTATION_STYLE_ASSIGNMENT((#8809));
#8809=SURFACE_STYLE_USAGE(.BOTH.,#8812);
#8810=SURFACE_STYLE_RENDERING_WITH_PROPERTIES($,#8816,(#8811));
#8811=SURFACE_STYLE_TRANSPARENT(0.);
#8812=SURFACE_SIDE_STYLE('',(#8813,#8810));
#8813=SURFACE_STYLE_FILL_AREA(#8814);
#8814=FILL_AREA_STYLE('',(#8815));
#8815=FILL_AREA_STYLE_COLOUR('',#8816);
#8816=COLOUR_RGB('',0.749019607843137,0.749019607843137,0.749019607843137);
ENDSEC;
END-ISO-10303-21;
