ISO-10303-21;
HEADER;
/****************************************************************
 * Generated by software with PDElib inside                    *
 * PDElib Version v51a, created Fri 09/10/2010                  *
 * ITI Transcendata (http://www.transcendata.com/)              *
 ****************************************************************/
FILE_DESCRIPTION((' '),'2;1');
FILE_NAME('P:\\E-Switch Secure\\3D_MODELS_STP_FORMAT\\TL1105SPFxxxx1Rxxx.stp','2017-07-20T14:29:37',(' '),(' '),' ','ACIS',' ');
FILE_SCHEMA(('CONFIG_CONTROL_DESIGN'));
ENDSEC;
DATA;
#5=APPLICATION_CONTEXT('configuration controlled 3D designs of mechanical parts and assemblies');
#6=APPLICATION_PROTOCOL_DEFINITION('International Standard','config_control_design',1995,#5);
#7=MECHANICAL_CONTEXT('None',#5,'mechanical');
#8=PRODUCT('P:\\E-Switch Secure\\3D_MODELS_STP_FORMAT\\TL1105SPFxxxx1Rxxx.stp','P:\\E-Switch Secure\\3D_MODELS_STP_FORMAT\\TL1105SPFxxxx1Rxxx.stp','None',(#7));
#9=PRODUCT_RELATED_PRODUCT_CATEGORY('detail',$,(#8));
#10=PRODUCT_CATEGORY('part',$);
#11=PRODUCT_CATEGORY_RELATIONSHIP('None','None',#10,#9);
#12=PERSON('PERSON1','None','None',$,$,$);
#13=ORGANIZATION('','None','None');
#14=PERSON_AND_ORGANIZATION(#12,#13);
#15=PERSON_AND_ORGANIZATION_ROLE('design_owner');
#16=CC_DESIGN_PERSON_AND_ORGANIZATION_ASSIGNMENT(#14,#15,(#8));
#17=PRODUCT_DEFINITION_FORMATION_WITH_SPECIFIED_SOURCE('None','None',#8,.NOT_KNOWN.);
#18=PERSON('PERSON2','None','None',$,$,$);
#19=ORGANIZATION('','None','None');
#20=PERSON_AND_ORGANIZATION(#18,#19);
#21=PERSON_AND_ORGANIZATION_ROLE('creator');
#22=CC_DESIGN_PERSON_AND_ORGANIZATION_ASSIGNMENT(#20,#21,(#17));
#23=PERSON('PERSON3','None','None',$,$,$);
#24=ORGANIZATION('','None','None');
#25=PERSON_AND_ORGANIZATION(#23,#24);
#26=PERSON_AND_ORGANIZATION_ROLE('part_supplier');
#27=CC_DESIGN_PERSON_AND_ORGANIZATION_ASSIGNMENT(#25,#26,(#17));
#28=APPROVAL_STATUS('approved');
#29=APPROVAL(#28,'None');
#30=PERSON('PERSON4','None','None',$,$,$);
#31=ORGANIZATION('','None','None');
#32=PERSON_AND_ORGANIZATION(#30,#31);
#33=APPROVAL_ROLE('None');
#34=APPROVAL_PERSON_ORGANIZATION(#32,#29,#33);
#35=CALENDAR_DATE(2017,20,7);
#36=COORDINATED_UNIVERSAL_TIME_OFFSET(0,0,.AHEAD.);
#37=LOCAL_TIME(14,29,37.0,#36);
#38=DATE_AND_TIME(#35,#37);
#39=APPROVAL_DATE_TIME(#38,#29);
#40=CC_DESIGN_APPROVAL(#29,(#17));
#41=SECURITY_CLASSIFICATION_LEVEL('unclassified');
#42=SECURITY_CLASSIFICATION('None','None',#41);
#43=CC_DESIGN_SECURITY_CLASSIFICATION(#42,(#17));
#44=APPROVAL_STATUS('approved');
#45=APPROVAL(#44,'None');
#46=PERSON('PERSON5','None','None',$,$,$);
#47=ORGANIZATION('','None','None');
#48=PERSON_AND_ORGANIZATION(#46,#47);
#49=APPROVAL_ROLE('None');
#50=APPROVAL_PERSON_ORGANIZATION(#48,#45,#49);
#51=CALENDAR_DATE(2017,20,7);
#52=COORDINATED_UNIVERSAL_TIME_OFFSET(0,0,.AHEAD.);
#53=LOCAL_TIME(14,29,37.0,#52);
#54=DATE_AND_TIME(#51,#53);
#55=APPROVAL_DATE_TIME(#54,#45);
#56=CC_DESIGN_APPROVAL(#45,(#42));
#57=PERSON('PERSON6','None','None',$,$,$);
#58=ORGANIZATION('','None','None');
#59=PERSON_AND_ORGANIZATION(#57,#58);
#60=PERSON_AND_ORGANIZATION_ROLE('classification_officer');
#61=CC_DESIGN_PERSON_AND_ORGANIZATION_ASSIGNMENT(#59,#60,(#42));
#62=DATE_TIME_ROLE('classification_date');
#63=CALENDAR_DATE(2017,20,7);
#64=COORDINATED_UNIVERSAL_TIME_OFFSET(0,0,.AHEAD.);
#65=LOCAL_TIME(14,29,37.0,#64);
#66=DATE_AND_TIME(#63,#65);
#67=CC_DESIGN_DATE_AND_TIME_ASSIGNMENT(#66,#62,(#42));
#68=DESIGN_CONTEXT('part definition',#5,'design');
#69=PRODUCT_DEFINITION('None','None',#17,#68);
#70=PERSON('PERSON7','None','None',$,$,$);
#71=ORGANIZATION('','None','None');
#72=PERSON_AND_ORGANIZATION(#70,#71);
#73=PERSON_AND_ORGANIZATION_ROLE('creator');
#74=CC_DESIGN_PERSON_AND_ORGANIZATION_ASSIGNMENT(#72,#73,(#69));
#75=DATE_TIME_ROLE('creation_date');
#76=CALENDAR_DATE(2017,20,7);
#77=COORDINATED_UNIVERSAL_TIME_OFFSET(0,0,.AHEAD.);
#78=LOCAL_TIME(14,29,37.0,#77);
#79=DATE_AND_TIME(#76,#78);
#80=CC_DESIGN_DATE_AND_TIME_ASSIGNMENT(#79,#75,(#69));
#81=APPROVAL_STATUS('approved');
#82=APPROVAL(#81,'None');
#83=PERSON('PERSON8','None','None',$,$,$);
#84=ORGANIZATION('','None','None');
#85=PERSON_AND_ORGANIZATION(#83,#84);
#86=APPROVAL_ROLE('None');
#87=APPROVAL_PERSON_ORGANIZATION(#85,#82,#86);
#88=CALENDAR_DATE(2017,20,7);
#89=COORDINATED_UNIVERSAL_TIME_OFFSET(0,0,.AHEAD.);
#90=LOCAL_TIME(14,29,37.0,#89);
#91=DATE_AND_TIME(#88,#90);
#92=APPROVAL_DATE_TIME(#91,#82);
#93=CC_DESIGN_APPROVAL(#82,(#69));
#99=(NAMED_UNIT(*)PLANE_ANGLE_UNIT()SI_UNIT($,.RADIAN.));
#100=DIMENSIONAL_EXPONENTS(0.0,0.0,0.0,0.0,0.0,0.0,0.0);
#101=PLANE_ANGLE_MEASURE_WITH_UNIT(PLANE_ANGLE_MEASURE(0.0174532925),#99);
#105=(CONVERSION_BASED_UNIT('DEGREE',#101)NAMED_UNIT(#100)PLANE_ANGLE_UNIT());
#109=(NAMED_UNIT(*)SI_UNIT($,.STERADIAN.)SOLID_ANGLE_UNIT());
#113=(LENGTH_UNIT()NAMED_UNIT(*)SI_UNIT(.CENTI.,.METRE.));
#114=DIMENSIONAL_EXPONENTS(1.0,0.0,0.0,0.0,0.0,0.0,0.0);
#115=LENGTH_MEASURE_WITH_UNIT(LENGTH_MEASURE(2.54),#113);
#119=(CONVERSION_BASED_UNIT('INCH',#115)LENGTH_UNIT()NAMED_UNIT(#114));
#121=UNCERTAINTY_MEASURE_WITH_UNIT(LENGTH_MEASURE(0.001),#119,'DISTANCE_ACCURACY_VALUE','');
#123=(GEOMETRIC_REPRESENTATION_CONTEXT(3)GLOBAL_UNCERTAINTY_ASSIGNED_CONTEXT((#121))GLOBAL_UNIT_ASSIGNED_CONTEXT((#105,#109,#119))REPRESENTATION_CONTEXT('None','None'));
#124=AXIS2_PLACEMENT_3D('',#125,#126,#127);
#125=CARTESIAN_POINT('',(0.0,0.0,0.0));
#126=DIRECTION('',(0.0,0.0,1.0));
#127=DIRECTION('',(1.0,0.0,0.0));
#128=SHAPE_REPRESENTATION('',(#124,#257,#505),#123);
#129=PRODUCT_DEFINITION_SHAPE('','',#69);
#130=SHAPE_DEFINITION_REPRESENTATION(#129,#128);
#131=APPLICATION_CONTEXT('configuration controlled 3D designs of mechanical parts and assemblies');
#132=APPLICATION_PROTOCOL_DEFINITION('International Standard','config_control_design',1995,#131);
#133=MECHANICAL_CONTEXT('None',#131,'mechanical');
#134=PRODUCT('Body1','Body1','None',(#133));
#135=PRODUCT_RELATED_PRODUCT_CATEGORY('detail',$,(#134));
#136=PRODUCT_CATEGORY('part',$);
#137=PRODUCT_CATEGORY_RELATIONSHIP('None','None',#136,#135);
#138=PERSON('PERSON9','None','None',$,$,$);
#139=ORGANIZATION('','None','None');
#140=PERSON_AND_ORGANIZATION(#138,#139);
#141=PERSON_AND_ORGANIZATION_ROLE('design_owner');
#142=CC_DESIGN_PERSON_AND_ORGANIZATION_ASSIGNMENT(#140,#141,(#134));
#143=PRODUCT_DEFINITION_FORMATION_WITH_SPECIFIED_SOURCE('None','None',#134,.NOT_KNOWN.);
#144=PERSON('PERSON10','None','None',$,$,$);
#145=ORGANIZATION('','None','None');
#146=PERSON_AND_ORGANIZATION(#144,#145);
#147=PERSON_AND_ORGANIZATION_ROLE('creator');
#148=CC_DESIGN_PERSON_AND_ORGANIZATION_ASSIGNMENT(#146,#147,(#143));
#149=PERSON('PERSON11','None','None',$,$,$);
#150=ORGANIZATION('','None','None');
#151=PERSON_AND_ORGANIZATION(#149,#150);
#152=PERSON_AND_ORGANIZATION_ROLE('part_supplier');
#153=CC_DESIGN_PERSON_AND_ORGANIZATION_ASSIGNMENT(#151,#152,(#143));
#154=APPROVAL_STATUS('approved');
#155=APPROVAL(#154,'None');
#156=PERSON('PERSON12','None','None',$,$,$);
#157=ORGANIZATION('','None','None');
#158=PERSON_AND_ORGANIZATION(#156,#157);
#159=APPROVAL_ROLE('None');
#160=APPROVAL_PERSON_ORGANIZATION(#158,#155,#159);
#161=CALENDAR_DATE(2017,20,7);
#162=COORDINATED_UNIVERSAL_TIME_OFFSET(0,0,.AHEAD.);
#163=LOCAL_TIME(14,29,37.0,#162);
#164=DATE_AND_TIME(#161,#163);
#165=APPROVAL_DATE_TIME(#164,#155);
#166=CC_DESIGN_APPROVAL(#155,(#143));
#167=SECURITY_CLASSIFICATION_LEVEL('unclassified');
#168=SECURITY_CLASSIFICATION('None','None',#167);
#169=CC_DESIGN_SECURITY_CLASSIFICATION(#168,(#143));
#170=APPROVAL_STATUS('approved');
#171=APPROVAL(#170,'None');
#172=PERSON('PERSON13','None','None',$,$,$);
#173=ORGANIZATION('','None','None');
#174=PERSON_AND_ORGANIZATION(#172,#173);
#175=APPROVAL_ROLE('None');
#176=APPROVAL_PERSON_ORGANIZATION(#174,#171,#175);
#177=CALENDAR_DATE(2017,20,7);
#178=COORDINATED_UNIVERSAL_TIME_OFFSET(0,0,.AHEAD.);
#179=LOCAL_TIME(14,29,37.0,#178);
#180=DATE_AND_TIME(#177,#179);
#181=APPROVAL_DATE_TIME(#180,#171);
#182=CC_DESIGN_APPROVAL(#171,(#168));
#183=PERSON('PERSON14','None','None',$,$,$);
#184=ORGANIZATION('','None','None');
#185=PERSON_AND_ORGANIZATION(#183,#184);
#186=PERSON_AND_ORGANIZATION_ROLE('classification_officer');
#187=CC_DESIGN_PERSON_AND_ORGANIZATION_ASSIGNMENT(#185,#186,(#168));
#188=DATE_TIME_ROLE('classification_date');
#189=CALENDAR_DATE(2017,20,7);
#190=COORDINATED_UNIVERSAL_TIME_OFFSET(0,0,.AHEAD.);
#191=LOCAL_TIME(14,29,37.0,#190);
#192=DATE_AND_TIME(#189,#191);
#193=CC_DESIGN_DATE_AND_TIME_ASSIGNMENT(#192,#188,(#168));
#194=DESIGN_CONTEXT('part definition',#131,'design');
#195=PRODUCT_DEFINITION('None','None',#143,#194);
#196=PERSON('PERSON15','None','None',$,$,$);
#197=ORGANIZATION('','None','None');
#198=PERSON_AND_ORGANIZATION(#196,#197);
#199=PERSON_AND_ORGANIZATION_ROLE('creator');
#200=CC_DESIGN_PERSON_AND_ORGANIZATION_ASSIGNMENT(#198,#199,(#195));
#201=DATE_TIME_ROLE('creation_date');
#202=CALENDAR_DATE(2017,20,7);
#203=COORDINATED_UNIVERSAL_TIME_OFFSET(0,0,.AHEAD.);
#204=LOCAL_TIME(14,29,37.0,#203);
#205=DATE_AND_TIME(#202,#204);
#206=CC_DESIGN_DATE_AND_TIME_ASSIGNMENT(#205,#201,(#195));
#207=APPROVAL_STATUS('approved');
#208=APPROVAL(#207,'None');
#209=PERSON('PERSON16','None','None',$,$,$);
#210=ORGANIZATION('','None','None');
#211=PERSON_AND_ORGANIZATION(#209,#210);
#212=APPROVAL_ROLE('None');
#213=APPROVAL_PERSON_ORGANIZATION(#211,#208,#212);
#214=CALENDAR_DATE(2017,20,7);
#215=COORDINATED_UNIVERSAL_TIME_OFFSET(0,0,.AHEAD.);
#216=LOCAL_TIME(14,29,37.0,#215);
#217=DATE_AND_TIME(#214,#216);
#218=APPROVAL_DATE_TIME(#217,#208);
#219=CC_DESIGN_APPROVAL(#208,(#195));
#225=(NAMED_UNIT(*)PLANE_ANGLE_UNIT()SI_UNIT($,.RADIAN.));
#226=DIMENSIONAL_EXPONENTS(0.0,0.0,0.0,0.0,0.0,0.0,0.0);
#227=PLANE_ANGLE_MEASURE_WITH_UNIT(PLANE_ANGLE_MEASURE(0.0174532925),#225);
#231=(CONVERSION_BASED_UNIT('DEGREE',#227)NAMED_UNIT(#226)PLANE_ANGLE_UNIT());
#235=(NAMED_UNIT(*)SI_UNIT($,.STERADIAN.)SOLID_ANGLE_UNIT());
#239=(LENGTH_UNIT()NAMED_UNIT(*)SI_UNIT(.CENTI.,.METRE.));
#240=DIMENSIONAL_EXPONENTS(1.0,0.0,0.0,0.0,0.0,0.0,0.0);
#241=LENGTH_MEASURE_WITH_UNIT(LENGTH_MEASURE(2.54),#239);
#245=(CONVERSION_BASED_UNIT('INCH',#241)LENGTH_UNIT()NAMED_UNIT(#240));
#247=UNCERTAINTY_MEASURE_WITH_UNIT(LENGTH_MEASURE(0.001),#245,'DISTANCE_ACCURACY_VALUE','');
#249=(GEOMETRIC_REPRESENTATION_CONTEXT(3)GLOBAL_UNCERTAINTY_ASSIGNED_CONTEXT((#247))GLOBAL_UNIT_ASSIGNED_CONTEXT((#231,#235,#245))REPRESENTATION_CONTEXT('None','None'));
#250=AXIS2_PLACEMENT_3D('',#251,#252,#253);
#251=CARTESIAN_POINT('',(0.0,0.0,0.0));
#252=DIRECTION('',(0.0,0.0,1.0));
#253=DIRECTION('',(1.0,0.0,0.0));
#254=SHAPE_REPRESENTATION('',(#250),#249);
#255=PRODUCT_DEFINITION_SHAPE('','',#195);
#256=SHAPE_DEFINITION_REPRESENTATION(#255,#254);
#257=AXIS2_PLACEMENT_3D('',#258,#259,#260);
#258=CARTESIAN_POINT('',(0.0,0.0,0.0));
#259=DIRECTION('',(0.0,0.0,1.0));
#260=DIRECTION('',(1.0,0.0,0.0));
#261=NEXT_ASSEMBLY_USAGE_OCCURRENCE('Body1','Body1','Body1',#69,#195,'Body1');
#262=SECURITY_CLASSIFICATION_LEVEL('unclassified');
#263=SECURITY_CLASSIFICATION('','',#262);
#264=CC_DESIGN_SECURITY_CLASSIFICATION(#263,(#261));
#265=APPROVAL_STATUS('approved');
#266=APPROVAL(#265,'');
#267=PERSON('PERSON17','','',$,$,$);
#268=ORGANIZATION('','','');
#269=PERSON_AND_ORGANIZATION(#267,#268);
#270=APPROVAL_ROLE('');
#271=APPROVAL_PERSON_ORGANIZATION(#269,#266,#270);
#272=CALENDAR_DATE(2017,20,7);
#273=COORDINATED_UNIVERSAL_TIME_OFFSET(0,0,.AHEAD.);
#274=LOCAL_TIME(14,29,37.0,#273);
#275=DATE_AND_TIME(#272,#274);
#276=APPROVAL_DATE_TIME(#275,#266);
#277=CC_DESIGN_APPROVAL(#266,(#263));
#278=PERSON('PERSON18','','',$,$,$);
#279=ORGANIZATION('','','');
#280=PERSON_AND_ORGANIZATION(#278,#279);
#281=PERSON_AND_ORGANIZATION_ROLE('classification_officer');
#282=CC_DESIGN_PERSON_AND_ORGANIZATION_ASSIGNMENT(#280,#281,(#263));
#283=DATE_TIME_ROLE('classification_date');
#284=CALENDAR_DATE(2017,20,7);
#285=COORDINATED_UNIVERSAL_TIME_OFFSET(0,0,.AHEAD.);
#286=LOCAL_TIME(14,29,37.0,#285);
#287=DATE_AND_TIME(#284,#286);
#288=CC_DESIGN_DATE_AND_TIME_ASSIGNMENT(#287,#283,(#263));
#289=PRODUCT_DEFINITION_SHAPE('Body1','Body1',#261);
#290=ITEM_DEFINED_TRANSFORMATION('Body1','Body1',#250,#257);
#294=(REPRESENTATION_RELATIONSHIP('Body1','Body1',#254,#128)REPRESENTATION_RELATIONSHIP_WITH_TRANSFORMATION(#290)SHAPE_REPRESENTATION_RELATIONSHIP());
#295=CONTEXT_DEPENDENT_SHAPE_REPRESENTATION(#294,#289);
#301=(NAMED_UNIT(*)PLANE_ANGLE_UNIT()SI_UNIT($,.RADIAN.));
#302=DIMENSIONAL_EXPONENTS(0.0,0.0,0.0,0.0,0.0,0.0,0.0);
#303=PLANE_ANGLE_MEASURE_WITH_UNIT(PLANE_ANGLE_MEASURE(0.0174532925),#301);
#307=(CONVERSION_BASED_UNIT('DEGREE',#303)NAMED_UNIT(#302)PLANE_ANGLE_UNIT());
#311=(NAMED_UNIT(*)SI_UNIT($,.STERADIAN.)SOLID_ANGLE_UNIT());
#315=(LENGTH_UNIT()NAMED_UNIT(*)SI_UNIT(.CENTI.,.METRE.));
#317=UNCERTAINTY_MEASURE_WITH_UNIT(LENGTH_MEASURE(0.000001),#315,'DISTANCE_ACCURACY_VALUE','');
#319=(GEOMETRIC_REPRESENTATION_CONTEXT(3)GLOBAL_UNCERTAINTY_ASSIGNED_CONTEXT((#317))GLOBAL_UNIT_ASSIGNED_CONTEXT((#307,#311,#315))REPRESENTATION_CONTEXT('','3D'));
#320=CARTESIAN_POINT('',(-0.000265472663606,-0.000393700787401,3.36157336587896));
#321=DIRECTION('',(0.0,0.0,1.0));
#322=DIRECTION('',(0.999994141102268,-0.003423121548669,0.0));
#323=AXIS2_PLACEMENT_3D('',#320,#321,#322);
#324=CONICAL_SURFACE('',#323,1.0,15.000000000000288);
#325=CARTESIAN_POINT('',(0.098566734183008,-0.000732017426523,-0.001628463265686));
#326=VERTEX_POINT('',#325);
#327=CARTESIAN_POINT('',(-0.000265472663606,-0.000393700787401,-0.001628463265686));
#328=DIRECTION('',(0.0,0.0,-1.0));
#329=DIRECTION('',(0.999994141102268,-0.003423121548669,0.0));
#330=AXIS2_PLACEMENT_3D('',#327,#328,#329);
#331=CIRCLE('',#330,0.098832785897799);
#332=EDGE_CURVE('',#326,#326,#331,.T.);
#333=ORIENTED_EDGE('',*,*,#332,.T.);
#334=EDGE_LOOP('',(#333));
#335=FACE_OUTER_BOUND('',#334,.T.);
#336=CARTESIAN_POINT('',(0.098159147523625,-0.000730622199672,-0.003149606299213));
#337=VERTEX_POINT('',#336);
#338=CARTESIAN_POINT('',(-0.000265472663606,-0.000393700787401,-0.003149606299213));
#339=DIRECTION('',(0.0,0.0,-1.0));
#340=DIRECTION('',(0.999994141102268,-0.003423121548669,0.0));
#341=AXIS2_PLACEMENT_3D('',#338,#339,#340);
#342=CIRCLE('',#341,0.098425196850394);
#343=EDGE_CURVE('',#337,#337,#342,.T.);
#344=ORIENTED_EDGE('',*,*,#343,.F.);
#345=EDGE_LOOP('',(#344));
#346=FACE_BOUND('',#345,.T.);
#347=ADVANCED_FACE('',(#335,#346),#324,.T.);
#348=CARTESIAN_POINT('',(-0.000265472663606,-0.000393700787401,-0.435393349202148));
#349=DIRECTION('',(0.0,0.0,1.0));
#350=DIRECTION('',(1.0,0.0,0.0));
#351=AXIS2_PLACEMENT_3D('',#348,#349,#350);
#352=SPHERICAL_SURFACE('',#351,0.443308214060802);
#353=ORIENTED_EDGE('',*,*,#343,.T.);
#354=EDGE_LOOP('',(#353));
#355=FACE_OUTER_BOUND('',#354,.T.);
#356=ADVANCED_FACE('',(#355),#352,.F.);
#357=CARTESIAN_POINT('',(-0.000265472663606,-0.000393700787401,-0.435393349202148));
#358=DIRECTION('',(0.0,0.0,1.0));
#359=DIRECTION('',(1.0,0.0,0.0));
#360=AXIS2_PLACEMENT_3D('',#357,#358,#359);
#361=SPHERICAL_SURFACE('',#360,0.44488188976378);
#362=ORIENTED_EDGE('',*,*,#332,.F.);
#363=EDGE_LOOP('',(#362));
#364=FACE_OUTER_BOUND('',#363,.T.);
#365=ADVANCED_FACE('',(#364),#361,.T.);
#366=CLOSED_SHELL('',(#347,#356,#365));
#367=MANIFOLD_SOLID_BREP('',#366);
#368=COLOUR_RGB('',0.75,0.75,0.75);
#369=FILL_AREA_STYLE_COLOUR('',#368);
#370=FILL_AREA_STYLE('',(#369));
#371=SURFACE_STYLE_FILL_AREA(#370);
#372=SURFACE_SIDE_STYLE('',(#371));
#373=SURFACE_STYLE_USAGE(.BOTH.,#372);
#374=PRESENTATION_STYLE_ASSIGNMENT((#373));
#375=STYLED_ITEM('',(#374),#367);
#376=MECHANICAL_DESIGN_GEOMETRIC_PRESENTATION_REPRESENTATION('',(#375,#9195),#123);
#377=ADVANCED_BREP_SHAPE_REPRESENTATION('ABSR',(#367),#249);
#378=SHAPE_REPRESENTATION_RELATIONSHIP('SRR','None',#377,#254);
#379=APPLICATION_CONTEXT('configuration controlled 3D designs of mechanical parts and assemblies');
#380=APPLICATION_PROTOCOL_DEFINITION('International Standard','config_control_design',1995,#379);
#381=MECHANICAL_CONTEXT('None',#379,'mechanical');
#382=PRODUCT('Body2','Body2','None',(#381));
#383=PRODUCT_RELATED_PRODUCT_CATEGORY('detail',$,(#382));
#384=PRODUCT_CATEGORY('part',$);
#385=PRODUCT_CATEGORY_RELATIONSHIP('None','None',#384,#383);
#386=PERSON('PERSON19','None','None',$,$,$);
#387=ORGANIZATION('','None','None');
#388=PERSON_AND_ORGANIZATION(#386,#387);
#389=PERSON_AND_ORGANIZATION_ROLE('design_owner');
#390=CC_DESIGN_PERSON_AND_ORGANIZATION_ASSIGNMENT(#388,#389,(#382));
#391=PRODUCT_DEFINITION_FORMATION_WITH_SPECIFIED_SOURCE('None','None',#382,.NOT_KNOWN.);
#392=PERSON('PERSON20','None','None',$,$,$);
#393=ORGANIZATION('','None','None');
#394=PERSON_AND_ORGANIZATION(#392,#393);
#395=PERSON_AND_ORGANIZATION_ROLE('creator');
#396=CC_DESIGN_PERSON_AND_ORGANIZATION_ASSIGNMENT(#394,#395,(#391));
#397=PERSON('PERSON21','None','None',$,$,$);
#398=ORGANIZATION('','None','None');
#399=PERSON_AND_ORGANIZATION(#397,#398);
#400=PERSON_AND_ORGANIZATION_ROLE('part_supplier');
#401=CC_DESIGN_PERSON_AND_ORGANIZATION_ASSIGNMENT(#399,#400,(#391));
#402=APPROVAL_STATUS('approved');
#403=APPROVAL(#402,'None');
#404=PERSON('PERSON22','None','None',$,$,$);
#405=ORGANIZATION('','None','None');
#406=PERSON_AND_ORGANIZATION(#404,#405);
#407=APPROVAL_ROLE('None');
#408=APPROVAL_PERSON_ORGANIZATION(#406,#403,#407);
#409=CALENDAR_DATE(2017,20,7);
#410=COORDINATED_UNIVERSAL_TIME_OFFSET(0,0,.AHEAD.);
#411=LOCAL_TIME(14,29,37.0,#410);
#412=DATE_AND_TIME(#409,#411);
#413=APPROVAL_DATE_TIME(#412,#403);
#414=CC_DESIGN_APPROVAL(#403,(#391));
#415=SECURITY_CLASSIFICATION_LEVEL('unclassified');
#416=SECURITY_CLASSIFICATION('None','None',#415);
#417=CC_DESIGN_SECURITY_CLASSIFICATION(#416,(#391));
#418=APPROVAL_STATUS('approved');
#419=APPROVAL(#418,'None');
#420=PERSON('PERSON23','None','None',$,$,$);
#421=ORGANIZATION('','None','None');
#422=PERSON_AND_ORGANIZATION(#420,#421);
#423=APPROVAL_ROLE('None');
#424=APPROVAL_PERSON_ORGANIZATION(#422,#419,#423);
#425=CALENDAR_DATE(2017,20,7);
#426=COORDINATED_UNIVERSAL_TIME_OFFSET(0,0,.AHEAD.);
#427=LOCAL_TIME(14,29,37.0,#426);
#428=DATE_AND_TIME(#425,#427);
#429=APPROVAL_DATE_TIME(#428,#419);
#430=CC_DESIGN_APPROVAL(#419,(#416));
#431=PERSON('PERSON24','None','None',$,$,$);
#432=ORGANIZATION('','None','None');
#433=PERSON_AND_ORGANIZATION(#431,#432);
#434=PERSON_AND_ORGANIZATION_ROLE('classification_officer');
#435=CC_DESIGN_PERSON_AND_ORGANIZATION_ASSIGNMENT(#433,#434,(#416));
#436=DATE_TIME_ROLE('classification_date');
#437=CALENDAR_DATE(2017,20,7);
#438=COORDINATED_UNIVERSAL_TIME_OFFSET(0,0,.AHEAD.);
#439=LOCAL_TIME(14,29,37.0,#438);
#440=DATE_AND_TIME(#437,#439);
#441=CC_DESIGN_DATE_AND_TIME_ASSIGNMENT(#440,#436,(#416));
#442=DESIGN_CONTEXT('part definition',#379,'design');
#443=PRODUCT_DEFINITION('None','None',#391,#442);
#444=PERSON('PERSON25','None','None',$,$,$);
#445=ORGANIZATION('','None','None');
#446=PERSON_AND_ORGANIZATION(#444,#445);
#447=PERSON_AND_ORGANIZATION_ROLE('creator');
#448=CC_DESIGN_PERSON_AND_ORGANIZATION_ASSIGNMENT(#446,#447,(#443));
#449=DATE_TIME_ROLE('creation_date');
#450=CALENDAR_DATE(2017,20,7);
#451=COORDINATED_UNIVERSAL_TIME_OFFSET(0,0,.AHEAD.);
#452=LOCAL_TIME(14,29,37.0,#451);
#453=DATE_AND_TIME(#450,#452);
#454=CC_DESIGN_DATE_AND_TIME_ASSIGNMENT(#453,#449,(#443));
#455=APPROVAL_STATUS('approved');
#456=APPROVAL(#455,'None');
#457=PERSON('PERSON26','None','None',$,$,$);
#458=ORGANIZATION('','None','None');
#459=PERSON_AND_ORGANIZATION(#457,#458);
#460=APPROVAL_ROLE('None');
#461=APPROVAL_PERSON_ORGANIZATION(#459,#456,#460);
#462=CALENDAR_DATE(2017,20,7);
#463=COORDINATED_UNIVERSAL_TIME_OFFSET(0,0,.AHEAD.);
#464=LOCAL_TIME(14,29,37.0,#463);
#465=DATE_AND_TIME(#462,#464);
#466=APPROVAL_DATE_TIME(#465,#456);
#467=CC_DESIGN_APPROVAL(#456,(#443));
#473=(NAMED_UNIT(*)PLANE_ANGLE_UNIT()SI_UNIT($,.RADIAN.));
#474=DIMENSIONAL_EXPONENTS(0.0,0.0,0.0,0.0,0.0,0.0,0.0);
#475=PLANE_ANGLE_MEASURE_WITH_UNIT(PLANE_ANGLE_MEASURE(0.0174532925),#473);
#479=(CONVERSION_BASED_UNIT('DEGREE',#475)NAMED_UNIT(#474)PLANE_ANGLE_UNIT());
#483=(NAMED_UNIT(*)SI_UNIT($,.STERADIAN.)SOLID_ANGLE_UNIT());
#487=(LENGTH_UNIT()NAMED_UNIT(*)SI_UNIT(.CENTI.,.METRE.));
#488=DIMENSIONAL_EXPONENTS(1.0,0.0,0.0,0.0,0.0,0.0,0.0);
#489=LENGTH_MEASURE_WITH_UNIT(LENGTH_MEASURE(2.54),#487);
#493=(CONVERSION_BASED_UNIT('INCH',#489)LENGTH_UNIT()NAMED_UNIT(#488));
#495=UNCERTAINTY_MEASURE_WITH_UNIT(LENGTH_MEASURE(0.001),#493,'DISTANCE_ACCURACY_VALUE','');
#497=(GEOMETRIC_REPRESENTATION_CONTEXT(3)GLOBAL_UNCERTAINTY_ASSIGNED_CONTEXT((#495))GLOBAL_UNIT_ASSIGNED_CONTEXT((#479,#483,#493))REPRESENTATION_CONTEXT('None','None'));
#498=AXIS2_PLACEMENT_3D('',#499,#500,#501);
#499=CARTESIAN_POINT('',(0.0,0.0,0.0));
#500=DIRECTION('',(0.0,0.0,1.0));
#501=DIRECTION('',(1.0,0.0,0.0));
#502=SHAPE_REPRESENTATION('',(#498),#497);
#503=PRODUCT_DEFINITION_SHAPE('','',#443);
#504=SHAPE_DEFINITION_REPRESENTATION(#503,#502);
#505=AXIS2_PLACEMENT_3D('',#506,#507,#508);
#506=CARTESIAN_POINT('',(0.0,0.0,0.0));
#507=DIRECTION('',(0.0,0.0,1.0));
#508=DIRECTION('',(1.0,0.0,0.0));
#509=NEXT_ASSEMBLY_USAGE_OCCURRENCE('Body2','Body2','Body2',#69,#443,'Body2');
#510=SECURITY_CLASSIFICATION_LEVEL('unclassified');
#511=SECURITY_CLASSIFICATION('','',#510);
#512=CC_DESIGN_SECURITY_CLASSIFICATION(#511,(#509));
#513=APPROVAL_STATUS('approved');
#514=APPROVAL(#513,'');
#515=PERSON('PERSON27','','',$,$,$);
#516=ORGANIZATION('','','');
#517=PERSON_AND_ORGANIZATION(#515,#516);
#518=APPROVAL_ROLE('');
#519=APPROVAL_PERSON_ORGANIZATION(#517,#514,#518);
#520=CALENDAR_DATE(2017,20,7);
#521=COORDINATED_UNIVERSAL_TIME_OFFSET(0,0,.AHEAD.);
#522=LOCAL_TIME(14,29,37.0,#521);
#523=DATE_AND_TIME(#520,#522);
#524=APPROVAL_DATE_TIME(#523,#514);
#525=CC_DESIGN_APPROVAL(#514,(#511));
#526=PERSON('PERSON28','','',$,$,$);
#527=ORGANIZATION('','','');
#528=PERSON_AND_ORGANIZATION(#526,#527);
#529=PERSON_AND_ORGANIZATION_ROLE('classification_officer');
#530=CC_DESIGN_PERSON_AND_ORGANIZATION_ASSIGNMENT(#528,#529,(#511));
#531=DATE_TIME_ROLE('classification_date');
#532=CALENDAR_DATE(2017,20,7);
#533=COORDINATED_UNIVERSAL_TIME_OFFSET(0,0,.AHEAD.);
#534=LOCAL_TIME(14,29,37.0,#533);
#535=DATE_AND_TIME(#532,#534);
#536=CC_DESIGN_DATE_AND_TIME_ASSIGNMENT(#535,#531,(#511));
#537=PRODUCT_DEFINITION_SHAPE('Body2','Body2',#509);
#538=ITEM_DEFINED_TRANSFORMATION('Body2','Body2',#498,#505);
#542=(REPRESENTATION_RELATIONSHIP('Body2','Body2',#502,#128)REPRESENTATION_RELATIONSHIP_WITH_TRANSFORMATION(#538)SHAPE_REPRESENTATION_RELATIONSHIP());
#543=CONTEXT_DEPENDENT_SHAPE_REPRESENTATION(#542,#537);
#549=(NAMED_UNIT(*)PLANE_ANGLE_UNIT()SI_UNIT($,.RADIAN.));
#550=DIMENSIONAL_EXPONENTS(0.0,0.0,0.0,0.0,0.0,0.0,0.0);
#551=PLANE_ANGLE_MEASURE_WITH_UNIT(PLANE_ANGLE_MEASURE(0.0174532925),#549);
#555=(CONVERSION_BASED_UNIT('DEGREE',#551)NAMED_UNIT(#550)PLANE_ANGLE_UNIT());
#559=(NAMED_UNIT(*)SI_UNIT($,.STERADIAN.)SOLID_ANGLE_UNIT());
#563=(LENGTH_UNIT()NAMED_UNIT(*)SI_UNIT(.CENTI.,.METRE.));
#565=UNCERTAINTY_MEASURE_WITH_UNIT(LENGTH_MEASURE(0.000001),#563,'DISTANCE_ACCURACY_VALUE','');
#567=(GEOMETRIC_REPRESENTATION_CONTEXT(3)GLOBAL_UNCERTAINTY_ASSIGNED_CONTEXT((#565))GLOBAL_UNIT_ASSIGNED_CONTEXT((#555,#559,#563))REPRESENTATION_CONTEXT('','3D'));
#568=CARTESIAN_POINT('',(0.0616,0.056175,0.180967511870772));
#569=DIRECTION('',(0.0,-0.342020143325668,0.939692620785909));
#570=DIRECTION('',(1.0,0.0,0.0));
#571=AXIS2_PLACEMENT_3D('',#568,#569,#570);
#572=PLANE('',#571);
#573=CARTESIAN_POINT('',(-0.055118110236221,0.05511811023622,0.180582835455855));
#574=VERTEX_POINT('',#573);
#575=CARTESIAN_POINT('',(-0.055118110236221,0.0525,0.179629921259843));
#576=VERTEX_POINT('',#575);
#577=CARTESIAN_POINT('',(-0.055118110236221,0.05511811023622,0.180582835455855));
#578=DIRECTION('',(0.0,-0.93969262078591,-0.342020143325665));
#579=VECTOR('',#578,0.002786134719277);
#580=LINE('',#577,#579);
#581=EDGE_CURVE('',#574,#576,#580,.T.);
#582=ORIENTED_EDGE('',*,*,#581,.F.);
#583=CARTESIAN_POINT('',(0.05511811023622,0.05511811023622,0.180582835455855));
#584=VERTEX_POINT('',#583);
#585=CARTESIAN_POINT('',(0.05511811023622,0.05511811023622,0.180582835455855));
#586=DIRECTION('',(-1.0,0.0,0.0));
#587=VECTOR('',#586,0.110236220472441);
#588=LINE('',#585,#587);
#589=EDGE_CURVE('',#584,#574,#588,.T.);
#590=ORIENTED_EDGE('',*,*,#589,.F.);
#591=CARTESIAN_POINT('',(0.05511811023622,0.0525,0.179629921259843));
#592=VERTEX_POINT('',#591);
#593=CARTESIAN_POINT('',(0.05511811023622,0.0525,0.179629921259843));
#594=DIRECTION('',(0.0,0.939692620785909,0.342020143325666));
#595=VECTOR('',#594,0.002786134719277);
#596=LINE('',#593,#595);
#597=EDGE_CURVE('',#592,#584,#596,.T.);
#598=ORIENTED_EDGE('',*,*,#597,.F.);
#599=CARTESIAN_POINT('',(0.056,0.0525,0.179629921259843));
#600=VERTEX_POINT('',#599);
#601=CARTESIAN_POINT('',(0.056,0.0525,0.179629921259843));
#602=DIRECTION('',(-1.0,0.0,0.0));
#603=VECTOR('',#602,0.00088188976378);
#604=LINE('',#601,#603);
#605=EDGE_CURVE('',#600,#592,#604,.T.);
#606=ORIENTED_EDGE('',*,*,#605,.F.);
#607=CARTESIAN_POINT('',(0.056,0.056,0.180903817079775));
#608=VERTEX_POINT('',#607);
#609=CARTESIAN_POINT('',(0.056,0.056,0.180903817079775));
#610=DIRECTION('',(0.0,-0.939692620785907,-0.342020143325674));
#611=VECTOR('',#610,0.003724622203666);
#612=LINE('',#609,#611);
#613=EDGE_CURVE('',#608,#600,#612,.T.);
#614=ORIENTED_EDGE('',*,*,#613,.F.);
#615=CARTESIAN_POINT('',(-0.056,0.056,0.180903817079775));
#616=VERTEX_POINT('',#615);
#617=CARTESIAN_POINT('',(-0.056,0.056,0.180903817079775));
#618=DIRECTION('',(1.0,0.0,0.0));
#619=VECTOR('',#618,0.112);
#620=LINE('',#617,#619);
#621=EDGE_CURVE('',#616,#608,#620,.T.);
#622=ORIENTED_EDGE('',*,*,#621,.F.);
#623=CARTESIAN_POINT('',(-0.056,0.0525,0.179629921259843));
#624=VERTEX_POINT('',#623);
#625=CARTESIAN_POINT('',(-0.056,0.0525,0.179629921259843));
#626=DIRECTION('',(0.0,0.939692620785909,0.342020143325666));
#627=VECTOR('',#626,0.003724622203666);
#628=LINE('',#625,#627);
#629=EDGE_CURVE('',#624,#616,#628,.T.);
#630=ORIENTED_EDGE('',*,*,#629,.F.);
#631=CARTESIAN_POINT('',(-0.055118110236221,0.0525,0.179629921259843));
#632=DIRECTION('',(-1.0,0.0,0.0));
#633=VECTOR('',#632,0.000881889763779);
#634=LINE('',#631,#633);
#635=EDGE_CURVE('',#576,#624,#634,.T.);
#636=ORIENTED_EDGE('',*,*,#635,.F.);
#637=EDGE_LOOP('',(#582,#590,#598,#606,#614,#622,#630,#636));
#638=FACE_OUTER_BOUND('',#637,.T.);
#639=ADVANCED_FACE('',(#638),#572,.T.);
#640=CARTESIAN_POINT('',(0.056044094488189,0.0525,0.158629921259843));
#641=DIRECTION('',(0.0,-1.0,0.0));
#642=DIRECTION('',(0.0,0.0,-1.0));
#643=AXIS2_PLACEMENT_3D('',#640,#641,#642);
#644=PLANE('',#643);
#645=CARTESIAN_POINT('',(0.05511811023622,0.0525,0.159629921259843));
#646=VERTEX_POINT('',#645);
#647=CARTESIAN_POINT('',(0.05511811023622,0.0525,0.159629921259843));
#648=DIRECTION('',(0.0,0.0,1.0));
#649=VECTOR('',#648,0.02);
#650=LINE('',#647,#649);
#651=EDGE_CURVE('',#646,#592,#650,.T.);
#652=ORIENTED_EDGE('',*,*,#651,.F.);
#653=CARTESIAN_POINT('',(0.056,0.0525,0.159629921259843));
#654=VERTEX_POINT('',#653);
#655=CARTESIAN_POINT('',(0.05511811023622,0.0525,0.159629921259843));
#656=DIRECTION('',(1.0,0.0,0.0));
#657=VECTOR('',#656,0.00088188976378);
#658=LINE('',#655,#657);
#659=EDGE_CURVE('',#646,#654,#658,.T.);
#660=ORIENTED_EDGE('',*,*,#659,.T.);
#661=CARTESIAN_POINT('',(0.056,0.0525,0.179629921259843));
#662=DIRECTION('',(0.0,0.0,-1.0));
#663=VECTOR('',#662,0.02);
#664=LINE('',#661,#663);
#665=EDGE_CURVE('',#600,#654,#664,.T.);
#666=ORIENTED_EDGE('',*,*,#665,.F.);
#667=ORIENTED_EDGE('',*,*,#605,.T.);
#668=EDGE_LOOP('',(#652,#660,#666,#667));
#669=FACE_OUTER_BOUND('',#668,.T.);
#670=ADVANCED_FACE('',(#669),#644,.T.);
#671=CARTESIAN_POINT('',(-0.055074015748032,0.0525,0.158629921259843));
#672=DIRECTION('',(0.0,-1.0,0.0));
#673=DIRECTION('',(0.0,0.0,-1.0));
#674=AXIS2_PLACEMENT_3D('',#671,#672,#673);
#675=PLANE('',#674);
#676=CARTESIAN_POINT('',(-0.055118110236221,0.0525,0.159629921259843));
#677=VERTEX_POINT('',#676);
#678=CARTESIAN_POINT('',(-0.055118110236221,0.0525,0.179629921259843));
#679=DIRECTION('',(0.0,0.0,-1.0));
#680=VECTOR('',#679,0.02);
#681=LINE('',#678,#680);
#682=EDGE_CURVE('',#576,#677,#681,.T.);
#683=ORIENTED_EDGE('',*,*,#682,.F.);
#684=ORIENTED_EDGE('',*,*,#635,.T.);
#685=CARTESIAN_POINT('',(-0.056,0.0525,0.159629921259843));
#686=VERTEX_POINT('',#685);
#687=CARTESIAN_POINT('',(-0.056,0.0525,0.159629921259843));
#688=DIRECTION('',(0.0,0.0,1.0));
#689=VECTOR('',#688,0.02);
#690=LINE('',#687,#689);
#691=EDGE_CURVE('',#686,#624,#690,.T.);
#692=ORIENTED_EDGE('',*,*,#691,.F.);
#693=CARTESIAN_POINT('',(-0.056,0.0525,0.159629921259843));
#694=DIRECTION('',(1.0,0.0,0.0));
#695=VECTOR('',#694,0.000881889763779);
#696=LINE('',#693,#695);
#697=EDGE_CURVE('',#686,#677,#696,.T.);
#698=ORIENTED_EDGE('',*,*,#697,.T.);
#699=EDGE_LOOP('',(#683,#684,#692,#698));
#700=FACE_OUTER_BOUND('',#699,.T.);
#701=ADVANCED_FACE('',(#700),#675,.T.);
#702=CARTESIAN_POINT('',(0.056044094488189,-0.0525,0.180629921259843));
#703=DIRECTION('',(0.0,1.0,0.0));
#704=DIRECTION('',(0.0,0.0,1.0));
#705=AXIS2_PLACEMENT_3D('',#702,#703,#704);
#706=PLANE('',#705);
#707=CARTESIAN_POINT('',(0.05511811023622,-0.0525,0.179629921259843));
#708=VERTEX_POINT('',#707);
#709=CARTESIAN_POINT('',(0.05511811023622,-0.0525,0.159629921259843));
#710=VERTEX_POINT('',#709);
#711=CARTESIAN_POINT('',(0.05511811023622,-0.0525,0.179629921259843));
#712=DIRECTION('',(0.0,0.0,-1.0));
#713=VECTOR('',#712,0.02);
#714=LINE('',#711,#713);
#715=EDGE_CURVE('',#708,#710,#714,.T.);
#716=ORIENTED_EDGE('',*,*,#715,.F.);
#717=CARTESIAN_POINT('',(0.056,-0.0525,0.179629921259843));
#718=VERTEX_POINT('',#717);
#719=CARTESIAN_POINT('',(0.056,-0.0525,0.179629921259843));
#720=DIRECTION('',(-1.0,0.0,0.0));
#721=VECTOR('',#720,0.00088188976378);
#722=LINE('',#719,#721);
#723=EDGE_CURVE('',#718,#708,#722,.T.);
#724=ORIENTED_EDGE('',*,*,#723,.F.);
#725=CARTESIAN_POINT('',(0.056,-0.0525,0.159629921259843));
#726=VERTEX_POINT('',#725);
#727=CARTESIAN_POINT('',(0.056,-0.0525,0.159629921259843));
#728=DIRECTION('',(0.0,0.0,1.0));
#729=VECTOR('',#728,0.02);
#730=LINE('',#727,#729);
#731=EDGE_CURVE('',#726,#718,#730,.T.);
#732=ORIENTED_EDGE('',*,*,#731,.F.);
#733=CARTESIAN_POINT('',(0.05511811023622,-0.0525,0.159629921259843));
#734=DIRECTION('',(1.0,0.0,0.0));
#735=VECTOR('',#734,0.00088188976378);
#736=LINE('',#733,#735);
#737=EDGE_CURVE('',#710,#726,#736,.T.);
#738=ORIENTED_EDGE('',*,*,#737,.F.);
#739=EDGE_LOOP('',(#716,#724,#732,#738));
#740=FACE_OUTER_BOUND('',#739,.T.);
#741=ADVANCED_FACE('',(#740),#706,.T.);
#742=CARTESIAN_POINT('',(-0.055074015748032,-0.0525,0.180629921259843));
#743=DIRECTION('',(0.0,1.0,0.0));
#744=DIRECTION('',(0.0,0.0,1.0));
#745=AXIS2_PLACEMENT_3D('',#742,#743,#744);
#746=PLANE('',#745);
#747=CARTESIAN_POINT('',(-0.055118110236221,-0.0525,0.159629921259843));
#748=VERTEX_POINT('',#747);
#749=CARTESIAN_POINT('',(-0.055118110236221,-0.0525,0.179629921259843));
#750=VERTEX_POINT('',#749);
#751=CARTESIAN_POINT('',(-0.055118110236221,-0.0525,0.159629921259843));
#752=DIRECTION('',(0.0,0.0,1.0));
#753=VECTOR('',#752,0.02);
#754=LINE('',#751,#753);
#755=EDGE_CURVE('',#748,#750,#754,.T.);
#756=ORIENTED_EDGE('',*,*,#755,.F.);
#757=CARTESIAN_POINT('',(-0.056,-0.0525,0.159629921259843));
#758=VERTEX_POINT('',#757);
#759=CARTESIAN_POINT('',(-0.056,-0.0525,0.159629921259843));
#760=DIRECTION('',(1.0,0.0,0.0));
#761=VECTOR('',#760,0.000881889763779);
#762=LINE('',#759,#761);
#763=EDGE_CURVE('',#758,#748,#762,.T.);
#764=ORIENTED_EDGE('',*,*,#763,.F.);
#765=CARTESIAN_POINT('',(-0.056,-0.0525,0.179629921259843));
#766=VERTEX_POINT('',#765);
#767=CARTESIAN_POINT('',(-0.056,-0.0525,0.179629921259843));
#768=DIRECTION('',(0.0,0.0,-1.0));
#769=VECTOR('',#768,0.02);
#770=LINE('',#767,#769);
#771=EDGE_CURVE('',#766,#758,#770,.T.);
#772=ORIENTED_EDGE('',*,*,#771,.F.);
#773=CARTESIAN_POINT('',(-0.055118110236221,-0.0525,0.179629921259843));
#774=DIRECTION('',(-1.0,0.0,0.0));
#775=VECTOR('',#774,0.000881889763779);
#776=LINE('',#773,#775);
#777=EDGE_CURVE('',#750,#766,#776,.T.);
#778=ORIENTED_EDGE('',*,*,#777,.F.);
#779=EDGE_LOOP('',(#756,#764,#772,#778));
#780=FACE_OUTER_BOUND('',#779,.T.);
#781=ADVANCED_FACE('',(#780),#746,.T.);
#782=CARTESIAN_POINT('',(-0.0616,-0.052325,0.159693616050839));
#783=DIRECTION('',(0.0,0.342020143325667,-0.939692620785909));
#784=DIRECTION('',(-1.0,0.0,0.0));
#785=AXIS2_PLACEMENT_3D('',#782,#783,#784);
#786=PLANE('',#785);
#787=CARTESIAN_POINT('',(-0.055118110236221,-0.055118110236221,0.158677007063831));
#788=VERTEX_POINT('',#787);
#789=CARTESIAN_POINT('',(-0.055118110236221,-0.055118110236221,0.158677007063831));
#790=DIRECTION('',(0.0,0.939692620785908,0.34202014332567));
#791=VECTOR('',#790,0.002786134719278);
#792=LINE('',#789,#791);
#793=EDGE_CURVE('',#788,#748,#792,.T.);
#794=ORIENTED_EDGE('',*,*,#793,.F.);
#795=CARTESIAN_POINT('',(0.05511811023622,-0.055118110236221,0.158677007063831));
#796=VERTEX_POINT('',#795);
#797=CARTESIAN_POINT('',(0.05511811023622,-0.055118110236221,0.158677007063831));
#798=DIRECTION('',(-1.0,0.0,0.0));
#799=VECTOR('',#798,0.110236220472441);
#800=LINE('',#797,#799);
#801=EDGE_CURVE('',#796,#788,#800,.T.);
#802=ORIENTED_EDGE('',*,*,#801,.F.);
#803=CARTESIAN_POINT('',(0.05511811023622,-0.0525,0.159629921259843));
#804=DIRECTION('',(0.0,-0.939692620785911,-0.342020143325661));
#805=VECTOR('',#804,0.002786134719278);
#806=LINE('',#803,#805);
#807=EDGE_CURVE('',#710,#796,#806,.T.);
#808=ORIENTED_EDGE('',*,*,#807,.F.);
#809=ORIENTED_EDGE('',*,*,#737,.T.);
#810=CARTESIAN_POINT('',(0.056,-0.056,0.158356025439911));
#811=VERTEX_POINT('',#810);
#812=CARTESIAN_POINT('',(0.056,-0.056,0.158356025439911));
#813=DIRECTION('',(0.0,0.939692620785907,0.342020143325672));
#814=VECTOR('',#813,0.003724622203666);
#815=LINE('',#812,#814);
#816=EDGE_CURVE('',#811,#726,#815,.T.);
#817=ORIENTED_EDGE('',*,*,#816,.F.);
#818=CARTESIAN_POINT('',(-0.056,-0.056,0.158356025439911));
#819=VERTEX_POINT('',#818);
#820=CARTESIAN_POINT('',(-0.056,-0.056,0.158356025439911));
#821=DIRECTION('',(1.0,0.0,0.0));
#822=VECTOR('',#821,0.112);
#823=LINE('',#820,#822);
#824=EDGE_CURVE('',#819,#811,#823,.T.);
#825=ORIENTED_EDGE('',*,*,#824,.F.);
#826=CARTESIAN_POINT('',(-0.056,-0.0525,0.159629921259843));
#827=DIRECTION('',(0.0,-0.93969262078591,-0.342020143325665));
#828=VECTOR('',#827,0.003724622203666);
#829=LINE('',#826,#828);
#830=EDGE_CURVE('',#758,#819,#829,.T.);
#831=ORIENTED_EDGE('',*,*,#830,.F.);
#832=ORIENTED_EDGE('',*,*,#763,.T.);
#833=EDGE_LOOP('',(#794,#802,#808,#809,#817,#825,#831,#832));
#834=FACE_OUTER_BOUND('',#833,.T.);
#835=ADVANCED_FACE('',(#834),#786,.T.);
#836=CARTESIAN_POINT('',(-0.0616,0.056175,0.158292330648915));
#837=DIRECTION('',(0.0,-0.342020143325671,-0.939692620785908));
#838=DIRECTION('',(-1.0,0.0,0.0));
#839=AXIS2_PLACEMENT_3D('',#836,#837,#838);
#840=PLANE('',#839);
#841=CARTESIAN_POINT('',(-0.055118110236221,0.05511811023622,0.158677007063831));
#842=VERTEX_POINT('',#841);
#843=CARTESIAN_POINT('',(-0.055118110236221,0.0525,0.159629921259843));
#844=DIRECTION('',(0.0,0.939692620785906,-0.342020143325676));
#845=VECTOR('',#844,0.002786134719277);
#846=LINE('',#843,#845);
#847=EDGE_CURVE('',#677,#842,#846,.T.);
#848=ORIENTED_EDGE('',*,*,#847,.F.);
#849=ORIENTED_EDGE('',*,*,#697,.F.);
#850=CARTESIAN_POINT('',(-0.056,0.056,0.158356025439911));
#851=VERTEX_POINT('',#850);
#852=CARTESIAN_POINT('',(-0.056,0.056,0.158356025439911));
#853=DIRECTION('',(0.0,-0.939692620785907,0.342020143325672));
#854=VECTOR('',#853,0.003724622203666);
#855=LINE('',#852,#854);
#856=EDGE_CURVE('',#851,#686,#855,.T.);
#857=ORIENTED_EDGE('',*,*,#856,.F.);
#858=CARTESIAN_POINT('',(0.056,0.056,0.158356025439911));
#859=VERTEX_POINT('',#858);
#860=CARTESIAN_POINT('',(0.056,0.056,0.158356025439911));
#861=DIRECTION('',(-1.0,0.0,0.0));
#862=VECTOR('',#861,0.112);
#863=LINE('',#860,#862);
#864=EDGE_CURVE('',#859,#851,#863,.T.);
#865=ORIENTED_EDGE('',*,*,#864,.F.);
#866=CARTESIAN_POINT('',(0.056,0.0525,0.159629921259843));
#867=DIRECTION('',(0.0,0.939692620785907,-0.342020143325673));
#868=VECTOR('',#867,0.003724622203666);
#869=LINE('',#866,#868);
#870=EDGE_CURVE('',#654,#859,#869,.T.);
#871=ORIENTED_EDGE('',*,*,#870,.F.);
#872=ORIENTED_EDGE('',*,*,#659,.F.);
#873=CARTESIAN_POINT('',(0.05511811023622,0.05511811023622,0.158677007063831));
#874=VERTEX_POINT('',#873);
#875=CARTESIAN_POINT('',(0.05511811023622,0.05511811023622,0.158677007063831));
#876=DIRECTION('',(0.0,-0.93969262078591,0.342020143325665));
#877=VECTOR('',#876,0.002786134719277);
#878=LINE('',#875,#877);
#879=EDGE_CURVE('',#874,#646,#878,.T.);
#880=ORIENTED_EDGE('',*,*,#879,.F.);
#881=CARTESIAN_POINT('',(-0.055118110236221,0.05511811023622,0.158677007063831));
#882=DIRECTION('',(1.0,0.0,0.0));
#883=VECTOR('',#882,0.110236220472441);
#884=LINE('',#881,#883);
#885=EDGE_CURVE('',#842,#874,#884,.T.);
#886=ORIENTED_EDGE('',*,*,#885,.F.);
#887=EDGE_LOOP('',(#848,#849,#857,#865,#871,#872,#880,#886));
#888=FACE_OUTER_BOUND('',#887,.T.);
#889=ADVANCED_FACE('',(#888),#840,.T.);
#890=CARTESIAN_POINT('',(0.0616,-0.052325,0.179566226468846));
#891=DIRECTION('',(0.0,0.342020143325671,0.939692620785908));
#892=DIRECTION('',(1.0,0.0,0.0));
#893=AXIS2_PLACEMENT_3D('',#890,#891,#892);
#894=PLANE('',#893);
#895=CARTESIAN_POINT('',(-0.055118110236221,-0.055118110236221,0.180582835455855));
#896=VERTEX_POINT('',#895);
#897=CARTESIAN_POINT('',(-0.055118110236221,-0.0525,0.179629921259843));
#898=DIRECTION('',(0.0,-0.939692620785908,0.342020143325671));
#899=VECTOR('',#898,0.002786134719278);
#900=LINE('',#897,#899);
#901=EDGE_CURVE('',#750,#896,#900,.T.);
#902=ORIENTED_EDGE('',*,*,#901,.F.);
#903=ORIENTED_EDGE('',*,*,#777,.T.);
#904=CARTESIAN_POINT('',(-0.056,-0.056,0.180903817079775));
#905=VERTEX_POINT('',#904);
#906=CARTESIAN_POINT('',(-0.056,-0.056,0.180903817079775));
#907=DIRECTION('',(0.0,0.939692620785907,-0.342020143325674));
#908=VECTOR('',#907,0.003724622203666);
#909=LINE('',#906,#908);
#910=EDGE_CURVE('',#905,#766,#909,.T.);
#911=ORIENTED_EDGE('',*,*,#910,.F.);
#912=CARTESIAN_POINT('',(0.056,-0.056,0.180903817079775));
#913=VERTEX_POINT('',#912);
#914=CARTESIAN_POINT('',(0.056,-0.056,0.180903817079775));
#915=DIRECTION('',(-1.0,0.0,0.0));
#916=VECTOR('',#915,0.112);
#917=LINE('',#914,#916);
#918=EDGE_CURVE('',#913,#905,#917,.T.);
#919=ORIENTED_EDGE('',*,*,#918,.F.);
#920=CARTESIAN_POINT('',(0.056,-0.0525,0.179629921259843));
#921=DIRECTION('',(0.0,-0.939692620785906,0.342020143325674));
#922=VECTOR('',#921,0.003724622203666);
#923=LINE('',#920,#922);
#924=EDGE_CURVE('',#718,#913,#923,.T.);
#925=ORIENTED_EDGE('',*,*,#924,.F.);
#926=ORIENTED_EDGE('',*,*,#723,.T.);
#927=CARTESIAN_POINT('',(0.05511811023622,-0.055118110236221,0.180582835455855));
#928=VERTEX_POINT('',#927);
#929=CARTESIAN_POINT('',(0.05511811023622,-0.055118110236221,0.180582835455855));
#930=DIRECTION('',(0.0,0.939692620785908,-0.342020143325669));
#931=VECTOR('',#930,0.002786134719278);
#932=LINE('',#929,#931);
#933=EDGE_CURVE('',#928,#708,#932,.T.);
#934=ORIENTED_EDGE('',*,*,#933,.F.);
#935=CARTESIAN_POINT('',(-0.055118110236221,-0.055118110236221,0.180582835455855));
#936=DIRECTION('',(1.0,0.0,0.0));
#937=VECTOR('',#936,0.110236220472441);
#938=LINE('',#935,#937);
#939=EDGE_CURVE('',#896,#928,#938,.T.);
#940=ORIENTED_EDGE('',*,*,#939,.F.);
#941=EDGE_LOOP('',(#902,#903,#911,#919,#925,#926,#934,#940));
#942=FACE_OUTER_BOUND('',#941,.T.);
#943=ADVANCED_FACE('',(#942),#894,.T.);
#944=CARTESIAN_POINT('',(0.0616,0.056,0.160742330648914));
#945=DIRECTION('',(0.0,1.0,0.0));
#946=DIRECTION('',(0.0,0.0,1.0));
#947=AXIS2_PLACEMENT_3D('',#944,#945,#946);
#948=PLANE('',#947);
#949=ORIENTED_EDGE('',*,*,#864,.T.);
#950=CARTESIAN_POINT('',(-0.056,0.056,0.110629921259843));
#951=VERTEX_POINT('',#950);
#952=CARTESIAN_POINT('',(-0.056,0.056,0.110629921259843));
#953=DIRECTION('',(0.0,0.0,1.0));
#954=VECTOR('',#953,0.047726104180068);
#955=LINE('',#952,#954);
#956=EDGE_CURVE('',#951,#851,#955,.T.);
#957=ORIENTED_EDGE('',*,*,#956,.F.);
#958=CARTESIAN_POINT('',(-0.020784915836181,0.056,0.110629921259843));
#959=VERTEX_POINT('',#958);
#960=CARTESIAN_POINT('',(-0.020784915836181,0.056,0.110629921259843));
#961=DIRECTION('',(-1.0,0.0,0.0));
#962=VECTOR('',#961,0.035215084163819);
#963=LINE('',#960,#962);
#964=EDGE_CURVE('',#959,#951,#963,.T.);
#965=ORIENTED_EDGE('',*,*,#964,.F.);
#966=CARTESIAN_POINT('',(0.020784915836181,0.056,0.110629921259843));
#967=VERTEX_POINT('',#966);
#968=CARTESIAN_POINT('',(0.020784915836181,0.056,0.110629921259843));
#969=DIRECTION('',(-1.0,0.0,0.0));
#970=VECTOR('',#969,0.041569831672362);
#971=LINE('',#968,#970);
#972=EDGE_CURVE('',#967,#959,#971,.T.);
#973=ORIENTED_EDGE('',*,*,#972,.F.);
#974=CARTESIAN_POINT('',(0.056,0.056,0.110629921259843));
#975=VERTEX_POINT('',#974);
#976=CARTESIAN_POINT('',(0.056,0.056,0.110629921259843));
#977=DIRECTION('',(-1.0,0.0,0.0));
#978=VECTOR('',#977,0.035215084163819);
#979=LINE('',#976,#978);
#980=EDGE_CURVE('',#975,#967,#979,.T.);
#981=ORIENTED_EDGE('',*,*,#980,.F.);
#982=CARTESIAN_POINT('',(0.056,0.056,0.110629921259843));
#983=DIRECTION('',(0.0,0.0,1.0));
#984=VECTOR('',#983,0.047726104180068);
#985=LINE('',#982,#984);
#986=EDGE_CURVE('',#975,#859,#985,.T.);
#987=ORIENTED_EDGE('',*,*,#986,.T.);
#988=EDGE_LOOP('',(#949,#957,#965,#973,#981,#987));
#989=FACE_OUTER_BOUND('',#988,.T.);
#990=ADVANCED_FACE('',(#989),#948,.F.);
#991=CARTESIAN_POINT('',(0.0616,-0.056,0.10824361605084));
#992=DIRECTION('',(0.0,-1.0,0.0));
#993=DIRECTION('',(0.0,0.0,-1.0));
#994=AXIS2_PLACEMENT_3D('',#991,#992,#993);
#995=PLANE('',#994);
#996=ORIENTED_EDGE('',*,*,#824,.T.);
#997=CARTESIAN_POINT('',(0.056,-0.056,0.110629921259843));
#998=VERTEX_POINT('',#997);
#999=CARTESIAN_POINT('',(0.056,-0.056,0.110629921259843));
#1000=DIRECTION('',(0.0,0.0,1.0));
#1001=VECTOR('',#1000,0.047726104180068);
#1002=LINE('',#999,#1001);
#1003=EDGE_CURVE('',#998,#811,#1002,.T.);
#1004=ORIENTED_EDGE('',*,*,#1003,.F.);
#1005=CARTESIAN_POINT('',(0.020784915836183,-0.056,0.110629921259843));
#1006=VERTEX_POINT('',#1005);
#1007=CARTESIAN_POINT('',(0.020784915836183,-0.056,0.110629921259843));
#1008=DIRECTION('',(1.0,0.0,0.0));
#1009=VECTOR('',#1008,0.035215084163817);
#1010=LINE('',#1007,#1009);
#1011=EDGE_CURVE('',#1006,#998,#1010,.T.);
#1012=ORIENTED_EDGE('',*,*,#1011,.F.);
#1013=CARTESIAN_POINT('',(-0.020784915836183,-0.056,0.110629921259843));
#1014=VERTEX_POINT('',#1013);
#1015=CARTESIAN_POINT('',(-0.020784915836183,-0.056,0.110629921259843));
#1016=DIRECTION('',(1.0,0.0,0.0));
#1017=VECTOR('',#1016,0.041569831672366);
#1018=LINE('',#1015,#1017);
#1019=EDGE_CURVE('',#1014,#1006,#1018,.T.);
#1020=ORIENTED_EDGE('',*,*,#1019,.F.);
#1021=CARTESIAN_POINT('',(-0.056,-0.056,0.110629921259843));
#1022=VERTEX_POINT('',#1021);
#1023=CARTESIAN_POINT('',(-0.056,-0.056,0.110629921259843));
#1024=DIRECTION('',(1.0,0.0,0.0));
#1025=VECTOR('',#1024,0.035215084163817);
#1026=LINE('',#1023,#1025);
#1027=EDGE_CURVE('',#1022,#1014,#1026,.T.);
#1028=ORIENTED_EDGE('',*,*,#1027,.F.);
#1029=CARTESIAN_POINT('',(-0.056,-0.056,0.110629921259843));
#1030=DIRECTION('',(0.0,0.0,1.0));
#1031=VECTOR('',#1030,0.047726104180068);
#1032=LINE('',#1029,#1031);
#1033=EDGE_CURVE('',#1022,#819,#1032,.T.);
#1034=ORIENTED_EDGE('',*,*,#1033,.T.);
#1035=EDGE_LOOP('',(#996,#1004,#1012,#1020,#1028,#1034));
#1036=FACE_OUTER_BOUND('',#1035,.T.);
#1037=ADVANCED_FACE('',(#1036),#995,.F.);
#1038=CARTESIAN_POINT('',(0.056,0.0616,0.094035433070867));
#1039=DIRECTION('',(1.0,0.0,0.0));
#1040=DIRECTION('',(0.0,0.0,-1.0));
#1041=AXIS2_PLACEMENT_3D('',#1038,#1039,#1040);
#1042=PLANE('',#1041);
#1043=ORIENTED_EDGE('',*,*,#613,.T.);
#1044=ORIENTED_EDGE('',*,*,#665,.T.);
#1045=ORIENTED_EDGE('',*,*,#870,.T.);
#1046=ORIENTED_EDGE('',*,*,#986,.F.);
#1047=CARTESIAN_POINT('',(0.056,0.020784915836181,0.110629921259843));
#1048=VERTEX_POINT('',#1047);
#1049=CARTESIAN_POINT('',(0.056,0.020784915836181,0.110629921259843));
#1050=DIRECTION('',(0.0,1.0,0.0));
#1051=VECTOR('',#1050,0.035215084163819);
#1052=LINE('',#1049,#1051);
#1053=EDGE_CURVE('',#1048,#975,#1052,.T.);
#1054=ORIENTED_EDGE('',*,*,#1053,.F.);
#1055=CARTESIAN_POINT('',(0.056,0.009055118110236,0.110629921259843));
#1056=VERTEX_POINT('',#1055);
#1057=CARTESIAN_POINT('',(0.056,0.009055118110236,0.110629921259843));
#1058=DIRECTION('',(0.0,1.0,0.0));
#1059=VECTOR('',#1058,0.011729797725945);
#1060=LINE('',#1057,#1059);
#1061=EDGE_CURVE('',#1056,#1048,#1060,.T.);
#1062=ORIENTED_EDGE('',*,*,#1061,.F.);
#1063=CARTESIAN_POINT('',(0.056,0.009055118110236,0.226771653543308));
#1064=VERTEX_POINT('',#1063);
#1065=CARTESIAN_POINT('',(0.056,0.009055118110236,0.110629921259843));
#1066=DIRECTION('',(0.0,0.0,1.0));
#1067=VECTOR('',#1066,0.116141732283465);
#1068=LINE('',#1065,#1067);
#1069=EDGE_CURVE('',#1056,#1064,#1068,.T.);
#1070=ORIENTED_EDGE('',*,*,#1069,.T.);
#1071=CARTESIAN_POINT('',(0.056,-0.009055118110236,0.226771653543308));
#1072=VERTEX_POINT('',#1071);
#1073=CARTESIAN_POINT('',(0.056,0.009055118110236,0.226771653543308));
#1074=DIRECTION('',(0.0,-1.0,0.0));
#1075=VECTOR('',#1074,0.018110236220472);
#1076=LINE('',#1073,#1075);
#1077=EDGE_CURVE('',#1064,#1072,#1076,.T.);
#1078=ORIENTED_EDGE('',*,*,#1077,.T.);
#1079=CARTESIAN_POINT('',(0.056,-0.009055118110236,0.110629921259843));
#1080=VERTEX_POINT('',#1079);
#1081=CARTESIAN_POINT('',(0.056,-0.009055118110236,0.226771653543308));
#1082=DIRECTION('',(0.0,0.0,-1.0));
#1083=VECTOR('',#1082,0.116141732283465);
#1084=LINE('',#1081,#1083);
#1085=EDGE_CURVE('',#1072,#1080,#1084,.T.);
#1086=ORIENTED_EDGE('',*,*,#1085,.T.);
#1087=CARTESIAN_POINT('',(0.056,-0.020784915836182,0.110629921259843));
#1088=VERTEX_POINT('',#1087);
#1089=CARTESIAN_POINT('',(0.056,-0.020784915836182,0.110629921259843));
#1090=DIRECTION('',(0.0,1.0,0.0));
#1091=VECTOR('',#1090,0.011729797725946);
#1092=LINE('',#1089,#1091);
#1093=EDGE_CURVE('',#1088,#1080,#1092,.T.);
#1094=ORIENTED_EDGE('',*,*,#1093,.F.);
#1095=CARTESIAN_POINT('',(0.056,-0.056,0.110629921259843));
#1096=DIRECTION('',(0.0,1.0,0.0));
#1097=VECTOR('',#1096,0.035215084163818);
#1098=LINE('',#1095,#1097);
#1099=EDGE_CURVE('',#998,#1088,#1098,.T.);
#1100=ORIENTED_EDGE('',*,*,#1099,.F.);
#1101=ORIENTED_EDGE('',*,*,#1003,.T.);
#1102=ORIENTED_EDGE('',*,*,#816,.T.);
#1103=ORIENTED_EDGE('',*,*,#731,.T.);
#1104=ORIENTED_EDGE('',*,*,#924,.T.);
#1105=CARTESIAN_POINT('',(0.056,-0.056,0.442519685039371));
#1106=VERTEX_POINT('',#1105);
#1107=CARTESIAN_POINT('',(0.056,-0.056,0.180903817079775));
#1108=DIRECTION('',(0.0,0.0,1.0));
#1109=VECTOR('',#1108,0.261615867959596);
#1110=LINE('',#1107,#1109);
#1111=EDGE_CURVE('',#913,#1106,#1110,.T.);
#1112=ORIENTED_EDGE('',*,*,#1111,.T.);
#1113=CARTESIAN_POINT('',(0.056,-0.0195,0.442519685039371));
#1114=VERTEX_POINT('',#1113);
#1115=CARTESIAN_POINT('',(0.056,-0.0195,0.442519685039371));
#1116=DIRECTION('',(0.0,-1.0,0.0));
#1117=VECTOR('',#1116,0.0365);
#1118=LINE('',#1115,#1117);
#1119=EDGE_CURVE('',#1114,#1106,#1118,.T.);
#1120=ORIENTED_EDGE('',*,*,#1119,.F.);
#1121=CARTESIAN_POINT('',(0.056,-0.0195,0.264566929133859));
#1122=VERTEX_POINT('',#1121);
#1123=CARTESIAN_POINT('',(0.056,-0.0195,0.442519685039371));
#1124=DIRECTION('',(0.0,0.0,-1.0));
#1125=VECTOR('',#1124,0.177952755905512);
#1126=LINE('',#1123,#1125);
#1127=EDGE_CURVE('',#1114,#1122,#1126,.T.);
#1128=ORIENTED_EDGE('',*,*,#1127,.T.);
#1129=CARTESIAN_POINT('',(0.056,0.0195,0.264566929133859));
#1130=VERTEX_POINT('',#1129);
#1131=CARTESIAN_POINT('',(0.056,-0.0195,0.264566929133859));
#1132=DIRECTION('',(0.0,1.0,0.0));
#1133=VECTOR('',#1132,0.039);
#1134=LINE('',#1131,#1133);
#1135=EDGE_CURVE('',#1122,#1130,#1134,.T.);
#1136=ORIENTED_EDGE('',*,*,#1135,.T.);
#1137=CARTESIAN_POINT('',(0.056,0.0195,0.442519685039371));
#1138=VERTEX_POINT('',#1137);
#1139=CARTESIAN_POINT('',(0.056,0.0195,0.264566929133859));
#1140=DIRECTION('',(0.0,0.0,1.0));
#1141=VECTOR('',#1140,0.177952755905512);
#1142=LINE('',#1139,#1141);
#1143=EDGE_CURVE('',#1130,#1138,#1142,.T.);
#1144=ORIENTED_EDGE('',*,*,#1143,.T.);
#1145=CARTESIAN_POINT('',(0.056,0.056,0.442519685039371));
#1146=VERTEX_POINT('',#1145);
#1147=CARTESIAN_POINT('',(0.056,0.056,0.442519685039371));
#1148=DIRECTION('',(0.0,-1.0,0.0));
#1149=VECTOR('',#1148,0.0365);
#1150=LINE('',#1147,#1149);
#1151=EDGE_CURVE('',#1146,#1138,#1150,.T.);
#1152=ORIENTED_EDGE('',*,*,#1151,.F.);
#1153=CARTESIAN_POINT('',(0.056,0.056,0.180903817079775));
#1154=DIRECTION('',(0.0,0.0,1.0));
#1155=VECTOR('',#1154,0.261615867959596);
#1156=LINE('',#1153,#1155);
#1157=EDGE_CURVE('',#608,#1146,#1156,.T.);
#1158=ORIENTED_EDGE('',*,*,#1157,.F.);
#1159=EDGE_LOOP('',(#1043,#1044,#1045,#1046,#1054,#1062,#1070,#1078,#1086,#1094,#1100,#1101,#1102,#1103,#1104,#1112,#1120,#1128,#1136,#1144,#1152,#1158));
#1160=FACE_OUTER_BOUND('',#1159,.T.);
#1161=ADVANCED_FACE('',(#1160),#1042,.F.);
#1162=CARTESIAN_POINT('',(0.057220472440945,0.0195,0.451417322834647));
#1163=DIRECTION('',(0.0,1.0,0.0));
#1164=DIRECTION('',(0.0,0.0,1.0));
#1165=AXIS2_PLACEMENT_3D('',#1162,#1163,#1164);
#1166=PLANE('',#1165);
#1167=CARTESIAN_POINT('',(0.031590551181102,0.0195,0.264566929133859));
#1168=VERTEX_POINT('',#1167);
#1169=CARTESIAN_POINT('',(0.056,0.0195,0.264566929133859));
#1170=DIRECTION('',(-1.0,0.0,0.0));
#1171=VECTOR('',#1170,0.024409448818898);
#1172=LINE('',#1169,#1171);
#1173=EDGE_CURVE('',#1130,#1168,#1172,.T.);
#1174=ORIENTED_EDGE('',*,*,#1173,.T.);
#1175=CARTESIAN_POINT('',(0.031590551181102,0.0195,0.442519685039371));
#1176=VERTEX_POINT('',#1175);
#1177=CARTESIAN_POINT('',(0.031590551181102,0.0195,0.442519685039371));
#1178=DIRECTION('',(0.0,0.0,-1.0));
#1179=VECTOR('',#1178,0.177952755905512);
#1180=LINE('',#1177,#1179);
#1181=EDGE_CURVE('',#1176,#1168,#1180,.T.);
#1182=ORIENTED_EDGE('',*,*,#1181,.F.);
#1183=CARTESIAN_POINT('',(0.056,0.0195,0.442519685039371));
#1184=DIRECTION('',(-1.0,0.0,0.0));
#1185=VECTOR('',#1184,0.024409448818898);
#1186=LINE('',#1183,#1185);
#1187=EDGE_CURVE('',#1138,#1176,#1186,.T.);
#1188=ORIENTED_EDGE('',*,*,#1187,.F.);
#1189=ORIENTED_EDGE('',*,*,#1143,.F.);
#1190=EDGE_LOOP('',(#1174,#1182,#1188,#1189));
#1191=FACE_OUTER_BOUND('',#1190,.T.);
#1192=ADVANCED_FACE('',(#1191),#1166,.T.);
#1193=CARTESIAN_POINT('',(0.031590551181102,0.02145,0.451417322834647));
#1194=DIRECTION('',(-1.0,0.0,0.0));
#1195=DIRECTION('',(0.0,0.0,1.0));
#1196=AXIS2_PLACEMENT_3D('',#1193,#1194,#1195);
#1197=PLANE('',#1196);
#1198=CARTESIAN_POINT('',(0.031590551181102,-0.0195,0.264566929133859));
#1199=VERTEX_POINT('',#1198);
#1200=CARTESIAN_POINT('',(0.031590551181102,0.0195,0.264566929133859));
#1201=DIRECTION('',(0.0,-1.0,0.0));
#1202=VECTOR('',#1201,0.039);
#1203=LINE('',#1200,#1202);
#1204=EDGE_CURVE('',#1168,#1199,#1203,.T.);
#1205=ORIENTED_EDGE('',*,*,#1204,.T.);
#1206=CARTESIAN_POINT('',(0.031590551181102,-0.0195,0.442519685039371));
#1207=VERTEX_POINT('',#1206);
#1208=CARTESIAN_POINT('',(0.031590551181102,-0.0195,0.442519685039371));
#1209=DIRECTION('',(0.0,0.0,-1.0));
#1210=VECTOR('',#1209,0.177952755905512);
#1211=LINE('',#1208,#1210);
#1212=EDGE_CURVE('',#1207,#1199,#1211,.T.);
#1213=ORIENTED_EDGE('',*,*,#1212,.F.);
#1214=CARTESIAN_POINT('',(0.031590551181102,0.0195,0.442519685039371));
#1215=DIRECTION('',(0.0,-1.0,0.0));
#1216=VECTOR('',#1215,0.039);
#1217=LINE('',#1214,#1216);
#1218=EDGE_CURVE('',#1176,#1207,#1217,.T.);
#1219=ORIENTED_EDGE('',*,*,#1218,.F.);
#1220=ORIENTED_EDGE('',*,*,#1181,.T.);
#1221=EDGE_LOOP('',(#1205,#1213,#1219,#1220));
#1222=FACE_OUTER_BOUND('',#1221,.T.);
#1223=ADVANCED_FACE('',(#1222),#1197,.T.);
#1224=CARTESIAN_POINT('',(0.057220472440945,-0.0195,0.255669291338583));
#1225=DIRECTION('',(0.0,-1.0,0.0));
#1226=DIRECTION('',(0.0,0.0,-1.0));
#1227=AXIS2_PLACEMENT_3D('',#1224,#1225,#1226);
#1228=PLANE('',#1227);
#1229=CARTESIAN_POINT('',(0.031590551181102,-0.0195,0.264566929133859));
#1230=DIRECTION('',(1.0,0.0,0.0));
#1231=VECTOR('',#1230,0.024409448818898);
#1232=LINE('',#1229,#1231);
#1233=EDGE_CURVE('',#1199,#1122,#1232,.T.);
#1234=ORIENTED_EDGE('',*,*,#1233,.T.);
#1235=ORIENTED_EDGE('',*,*,#1127,.F.);
#1236=CARTESIAN_POINT('',(0.031590551181102,-0.0195,0.442519685039371));
#1237=DIRECTION('',(1.0,0.0,0.0));
#1238=VECTOR('',#1237,0.024409448818898);
#1239=LINE('',#1236,#1238);
#1240=EDGE_CURVE('',#1207,#1114,#1239,.T.);
#1241=ORIENTED_EDGE('',*,*,#1240,.F.);
#1242=ORIENTED_EDGE('',*,*,#1212,.T.);
#1243=EDGE_LOOP('',(#1234,#1235,#1241,#1242));
#1244=FACE_OUTER_BOUND('',#1243,.T.);
#1245=ADVANCED_FACE('',(#1244),#1228,.T.);
#1246=CARTESIAN_POINT('',(0.057220472440945,0.02145,0.264566929133859));
#1247=DIRECTION('',(0.0,0.0,1.0));
#1248=DIRECTION('',(1.0,0.0,0.0));
#1249=AXIS2_PLACEMENT_3D('',#1246,#1247,#1248);
#1250=PLANE('',#1249);
#1251=ORIENTED_EDGE('',*,*,#1173,.F.);
#1252=ORIENTED_EDGE('',*,*,#1135,.F.);
#1253=ORIENTED_EDGE('',*,*,#1233,.F.);
#1254=ORIENTED_EDGE('',*,*,#1204,.F.);
#1255=EDGE_LOOP('',(#1251,#1252,#1253,#1254));
#1256=FACE_OUTER_BOUND('',#1255,.T.);
#1257=ADVANCED_FACE('',(#1256),#1250,.F.);
#1258=CARTESIAN_POINT('',(-0.030370078740157,-0.0195,0.255669291338583));
#1259=DIRECTION('',(0.0,-1.0,0.0));
#1260=DIRECTION('',(0.0,0.0,-1.0));
#1261=AXIS2_PLACEMENT_3D('',#1258,#1259,#1260);
#1262=PLANE('',#1261);
#1263=CARTESIAN_POINT('',(-0.056,-0.0195,0.264566929133859));
#1264=VERTEX_POINT('',#1263);
#1265=CARTESIAN_POINT('',(-0.031590551181102,-0.0195,0.264566929133859));
#1266=VERTEX_POINT('',#1265);
#1267=CARTESIAN_POINT('',(-0.056,-0.0195,0.264566929133859));
#1268=DIRECTION('',(1.0,0.0,0.0));
#1269=VECTOR('',#1268,0.024409448818898);
#1270=LINE('',#1267,#1269);
#1271=EDGE_CURVE('',#1264,#1266,#1270,.T.);
#1272=ORIENTED_EDGE('',*,*,#1271,.T.);
#1273=CARTESIAN_POINT('',(-0.031590551181102,-0.0195,0.442519685039371));
#1274=VERTEX_POINT('',#1273);
#1275=CARTESIAN_POINT('',(-0.031590551181102,-0.0195,0.442519685039371));
#1276=DIRECTION('',(0.0,0.0,-1.0));
#1277=VECTOR('',#1276,0.177952755905512);
#1278=LINE('',#1275,#1277);
#1279=EDGE_CURVE('',#1274,#1266,#1278,.T.);
#1280=ORIENTED_EDGE('',*,*,#1279,.F.);
#1281=CARTESIAN_POINT('',(-0.056,-0.0195,0.442519685039371));
#1282=VERTEX_POINT('',#1281);
#1283=CARTESIAN_POINT('',(-0.056,-0.0195,0.442519685039371));
#1284=DIRECTION('',(1.0,0.0,0.0));
#1285=VECTOR('',#1284,0.024409448818898);
#1286=LINE('',#1283,#1285);
#1287=EDGE_CURVE('',#1282,#1274,#1286,.T.);
#1288=ORIENTED_EDGE('',*,*,#1287,.F.);
#1289=CARTESIAN_POINT('',(-0.056,-0.0195,0.264566929133859));
#1290=DIRECTION('',(0.0,0.0,1.0));
#1291=VECTOR('',#1290,0.177952755905512);
#1292=LINE('',#1289,#1291);
#1293=EDGE_CURVE('',#1264,#1282,#1292,.T.);
#1294=ORIENTED_EDGE('',*,*,#1293,.F.);
#1295=EDGE_LOOP('',(#1272,#1280,#1288,#1294));
#1296=FACE_OUTER_BOUND('',#1295,.T.);
#1297=ADVANCED_FACE('',(#1296),#1262,.T.);
#1298=CARTESIAN_POINT('',(-0.031590551181102,0.02145,0.255669291338583));
#1299=DIRECTION('',(1.0,0.0,0.0));
#1300=DIRECTION('',(0.0,0.0,-1.0));
#1301=AXIS2_PLACEMENT_3D('',#1298,#1299,#1300);
#1302=PLANE('',#1301);
#1303=CARTESIAN_POINT('',(-0.031590551181102,0.0195,0.264566929133859));
#1304=VERTEX_POINT('',#1303);
#1305=CARTESIAN_POINT('',(-0.031590551181102,-0.0195,0.264566929133859));
#1306=DIRECTION('',(0.0,1.0,0.0));
#1307=VECTOR('',#1306,0.039);
#1308=LINE('',#1305,#1307);
#1309=EDGE_CURVE('',#1266,#1304,#1308,.T.);
#1310=ORIENTED_EDGE('',*,*,#1309,.T.);
#1311=CARTESIAN_POINT('',(-0.031590551181102,0.0195,0.442519685039371));
#1312=VERTEX_POINT('',#1311);
#1313=CARTESIAN_POINT('',(-0.031590551181102,0.0195,0.442519685039371));
#1314=DIRECTION('',(0.0,0.0,-1.0));
#1315=VECTOR('',#1314,0.177952755905512);
#1316=LINE('',#1313,#1315);
#1317=EDGE_CURVE('',#1312,#1304,#1316,.T.);
#1318=ORIENTED_EDGE('',*,*,#1317,.F.);
#1319=CARTESIAN_POINT('',(-0.031590551181102,-0.0195,0.442519685039371));
#1320=DIRECTION('',(0.0,1.0,0.0));
#1321=VECTOR('',#1320,0.039);
#1322=LINE('',#1319,#1321);
#1323=EDGE_CURVE('',#1274,#1312,#1322,.T.);
#1324=ORIENTED_EDGE('',*,*,#1323,.F.);
#1325=ORIENTED_EDGE('',*,*,#1279,.T.);
#1326=EDGE_LOOP('',(#1310,#1318,#1324,#1325));
#1327=FACE_OUTER_BOUND('',#1326,.T.);
#1328=ADVANCED_FACE('',(#1327),#1302,.T.);
#1329=CARTESIAN_POINT('',(-0.030370078740157,0.0195,0.451417322834647));
#1330=DIRECTION('',(0.0,1.0,0.0));
#1331=DIRECTION('',(0.0,0.0,1.0));
#1332=AXIS2_PLACEMENT_3D('',#1329,#1330,#1331);
#1333=PLANE('',#1332);
#1334=CARTESIAN_POINT('',(-0.056,0.0195,0.264566929133859));
#1335=VERTEX_POINT('',#1334);
#1336=CARTESIAN_POINT('',(-0.031590551181102,0.0195,0.264566929133859));
#1337=DIRECTION('',(-1.0,0.0,0.0));
#1338=VECTOR('',#1337,0.024409448818898);
#1339=LINE('',#1336,#1338);
#1340=EDGE_CURVE('',#1304,#1335,#1339,.T.);
#1341=ORIENTED_EDGE('',*,*,#1340,.T.);
#1342=CARTESIAN_POINT('',(-0.056,0.0195,0.442519685039371));
#1343=VERTEX_POINT('',#1342);
#1344=CARTESIAN_POINT('',(-0.056,0.0195,0.442519685039371));
#1345=DIRECTION('',(0.0,0.0,-1.0));
#1346=VECTOR('',#1345,0.177952755905512);
#1347=LINE('',#1344,#1346);
#1348=EDGE_CURVE('',#1343,#1335,#1347,.T.);
#1349=ORIENTED_EDGE('',*,*,#1348,.F.);
#1350=CARTESIAN_POINT('',(-0.031590551181102,0.0195,0.442519685039371));
#1351=DIRECTION('',(-1.0,0.0,0.0));
#1352=VECTOR('',#1351,0.024409448818898);
#1353=LINE('',#1350,#1352);
#1354=EDGE_CURVE('',#1312,#1343,#1353,.T.);
#1355=ORIENTED_EDGE('',*,*,#1354,.F.);
#1356=ORIENTED_EDGE('',*,*,#1317,.T.);
#1357=EDGE_LOOP('',(#1341,#1349,#1355,#1356));
#1358=FACE_OUTER_BOUND('',#1357,.T.);
#1359=ADVANCED_FACE('',(#1358),#1333,.T.);
#1360=CARTESIAN_POINT('',(-0.030370078740157,0.02145,0.264566929133859));
#1361=DIRECTION('',(0.0,0.0,1.0));
#1362=DIRECTION('',(1.0,0.0,0.0));
#1363=AXIS2_PLACEMENT_3D('',#1360,#1361,#1362);
#1364=PLANE('',#1363);
#1365=CARTESIAN_POINT('',(-0.056,0.0195,0.264566929133859));
#1366=DIRECTION('',(0.0,-1.0,0.0));
#1367=VECTOR('',#1366,0.039);
#1368=LINE('',#1365,#1367);
#1369=EDGE_CURVE('',#1335,#1264,#1368,.T.);
#1370=ORIENTED_EDGE('',*,*,#1369,.F.);
#1371=ORIENTED_EDGE('',*,*,#1340,.F.);
#1372=ORIENTED_EDGE('',*,*,#1309,.F.);
#1373=ORIENTED_EDGE('',*,*,#1271,.F.);
#1374=EDGE_LOOP('',(#1370,#1371,#1372,#1373));
#1375=FACE_OUTER_BOUND('',#1374,.T.);
#1376=ADVANCED_FACE('',(#1375),#1364,.F.);
#1377=CARTESIAN_POINT('',(0.0616,0.0616,0.442519685039371));
#1378=DIRECTION('',(0.0,0.0,1.0));
#1379=DIRECTION('',(1.0,0.0,0.0));
#1380=AXIS2_PLACEMENT_3D('',#1377,#1378,#1379);
#1381=PLANE('',#1380);
#1382=ORIENTED_EDGE('',*,*,#1187,.T.);
#1383=ORIENTED_EDGE('',*,*,#1218,.T.);
#1384=ORIENTED_EDGE('',*,*,#1240,.T.);
#1385=ORIENTED_EDGE('',*,*,#1119,.T.);
#1386=CARTESIAN_POINT('',(-0.056,-0.056,0.442519685039371));
#1387=VERTEX_POINT('',#1386);
#1388=CARTESIAN_POINT('',(0.056,-0.056,0.442519685039371));
#1389=DIRECTION('',(-1.0,0.0,0.0));
#1390=VECTOR('',#1389,0.112);
#1391=LINE('',#1388,#1390);
#1392=EDGE_CURVE('',#1106,#1387,#1391,.T.);
#1393=ORIENTED_EDGE('',*,*,#1392,.T.);
#1394=CARTESIAN_POINT('',(-0.056,-0.056,0.442519685039371));
#1395=DIRECTION('',(0.0,1.0,0.0));
#1396=VECTOR('',#1395,0.0365);
#1397=LINE('',#1394,#1396);
#1398=EDGE_CURVE('',#1387,#1282,#1397,.T.);
#1399=ORIENTED_EDGE('',*,*,#1398,.T.);
#1400=ORIENTED_EDGE('',*,*,#1287,.T.);
#1401=ORIENTED_EDGE('',*,*,#1323,.T.);
#1402=ORIENTED_EDGE('',*,*,#1354,.T.);
#1403=CARTESIAN_POINT('',(-0.056,0.056,0.442519685039371));
#1404=VERTEX_POINT('',#1403);
#1405=CARTESIAN_POINT('',(-0.056,0.0195,0.442519685039371));
#1406=DIRECTION('',(0.0,1.0,0.0));
#1407=VECTOR('',#1406,0.0365);
#1408=LINE('',#1405,#1407);
#1409=EDGE_CURVE('',#1343,#1404,#1408,.T.);
#1410=ORIENTED_EDGE('',*,*,#1409,.T.);
#1411=CARTESIAN_POINT('',(-0.056,0.056,0.442519685039371));
#1412=DIRECTION('',(1.0,0.0,0.0));
#1413=VECTOR('',#1412,0.112);
#1414=LINE('',#1411,#1413);
#1415=EDGE_CURVE('',#1404,#1146,#1414,.T.);
#1416=ORIENTED_EDGE('',*,*,#1415,.T.);
#1417=ORIENTED_EDGE('',*,*,#1151,.T.);
#1418=EDGE_LOOP('',(#1382,#1383,#1384,#1385,#1393,#1399,#1400,#1401,#1402,#1410,#1416,#1417));
#1419=FACE_OUTER_BOUND('',#1418,.T.);
#1420=ADVANCED_FACE('',(#1419),#1381,.F.);
#1421=CARTESIAN_POINT('',(-0.053820540984201,-0.009055118110236,0.10482283464567));
#1422=DIRECTION('',(0.0,-1.0,0.0));
#1423=DIRECTION('',(0.0,0.0,-1.0));
#1424=AXIS2_PLACEMENT_3D('',#1421,#1422,#1423);
#1425=PLANE('',#1424);
#1426=CARTESIAN_POINT('',(-0.097940879313176,-0.009055118110236,0.226771653543308));
#1427=VERTEX_POINT('',#1426);
#1428=CARTESIAN_POINT('',(-0.099589180315985,-0.009055118110236,0.110629921259843));
#1429=VERTEX_POINT('',#1428);
#1430=CARTESIAN_POINT('',(-0.097940879313176,-0.009055118110236,0.226771653543308));
#1431=DIRECTION('',(-0.014190721951801,2.986952E-017,-0.999899306635667));
#1432=VECTOR('',#1431,0.116153428162926);
#1433=LINE('',#1430,#1432);
#1434=EDGE_CURVE('',#1427,#1429,#1433,.T.);
#1435=ORIENTED_EDGE('',*,*,#1434,.F.);
#1436=CARTESIAN_POINT('',(-0.056,-0.009055118110236,0.226771653543308));
#1437=VERTEX_POINT('',#1436);
#1438=CARTESIAN_POINT('',(-0.056,-0.009055118110236,0.226771653543308));
#1439=DIRECTION('',(-1.0,0.0,0.0));
#1440=VECTOR('',#1439,0.041940879313176);
#1441=LINE('',#1438,#1440);
#1442=EDGE_CURVE('',#1437,#1427,#1441,.T.);
#1443=ORIENTED_EDGE('',*,*,#1442,.F.);
#1444=CARTESIAN_POINT('',(-0.056,-0.009055118110236,0.110629921259843));
#1445=VERTEX_POINT('',#1444);
#1446=CARTESIAN_POINT('',(-0.056,-0.009055118110236,0.110629921259843));
#1447=DIRECTION('',(0.0,0.0,1.0));
#1448=VECTOR('',#1447,0.116141732283465);
#1449=LINE('',#1446,#1448);
#1450=EDGE_CURVE('',#1445,#1437,#1449,.T.);
#1451=ORIENTED_EDGE('',*,*,#1450,.F.);
#1452=CARTESIAN_POINT('',(-0.059042506402818,-0.009055118110236,0.110629921259843));
#1453=VERTEX_POINT('',#1452);
#1454=CARTESIAN_POINT('',(-0.059042506402818,-0.009055118110236,0.110629921259843));
#1455=DIRECTION('',(1.0,0.0,0.0));
#1456=VECTOR('',#1455,0.003042506402818);
#1457=LINE('',#1454,#1456);
#1458=EDGE_CURVE('',#1453,#1445,#1457,.T.);
#1459=ORIENTED_EDGE('',*,*,#1458,.F.);
#1460=CARTESIAN_POINT('',(-0.099589180315985,-0.009055118110236,0.110629921259843));
#1461=DIRECTION('',(1.0,0.0,0.0));
#1462=VECTOR('',#1461,0.040546673913167);
#1463=LINE('',#1460,#1462);
#1464=EDGE_CURVE('',#1429,#1453,#1463,.T.);
#1465=ORIENTED_EDGE('',*,*,#1464,.F.);
#1466=EDGE_LOOP('',(#1435,#1443,#1451,#1459,#1465));
#1467=FACE_OUTER_BOUND('',#1466,.T.);
#1468=ADVANCED_FACE('',(#1467),#1425,.F.);
#1469=CARTESIAN_POINT('',(-0.053820540984201,0.009055118110236,0.232578740157481));
#1470=DIRECTION('',(0.0,1.0,0.0));
#1471=DIRECTION('',(0.0,0.0,1.0));
#1472=AXIS2_PLACEMENT_3D('',#1469,#1470,#1471);
#1473=PLANE('',#1472);
#1474=CARTESIAN_POINT('',(-0.099589180315985,0.009055118110236,0.110629921259843));
#1475=VERTEX_POINT('',#1474);
#1476=CARTESIAN_POINT('',(-0.097940879313176,0.009055118110236,0.226771653543308));
#1477=VERTEX_POINT('',#1476);
#1478=CARTESIAN_POINT('',(-0.099589180315985,0.009055118110236,0.110629921259843));
#1479=DIRECTION('',(0.014190721951801,0.0,0.999899306635667));
#1480=VECTOR('',#1479,0.116153428162926);
#1481=LINE('',#1478,#1480);
#1482=EDGE_CURVE('',#1475,#1477,#1481,.T.);
#1483=ORIENTED_EDGE('',*,*,#1482,.F.);
#1484=CARTESIAN_POINT('',(-0.059042506402818,0.009055118110236,0.110629921259843));
#1485=VERTEX_POINT('',#1484);
#1486=CARTESIAN_POINT('',(-0.059042506402818,0.009055118110236,0.110629921259843));
#1487=DIRECTION('',(-1.0,0.0,0.0));
#1488=VECTOR('',#1487,0.040546673913167);
#1489=LINE('',#1486,#1488);
#1490=EDGE_CURVE('',#1485,#1475,#1489,.T.);
#1491=ORIENTED_EDGE('',*,*,#1490,.F.);
#1492=CARTESIAN_POINT('',(-0.056,0.009055118110236,0.110629921259843));
#1493=VERTEX_POINT('',#1492);
#1494=CARTESIAN_POINT('',(-0.056,0.009055118110236,0.110629921259843));
#1495=DIRECTION('',(-1.0,0.0,0.0));
#1496=VECTOR('',#1495,0.003042506402818);
#1497=LINE('',#1494,#1496);
#1498=EDGE_CURVE('',#1493,#1485,#1497,.T.);
#1499=ORIENTED_EDGE('',*,*,#1498,.F.);
#1500=CARTESIAN_POINT('',(-0.056,0.009055118110236,0.226771653543308));
#1501=VERTEX_POINT('',#1500);
#1502=CARTESIAN_POINT('',(-0.056,0.009055118110236,0.226771653543308));
#1503=DIRECTION('',(0.0,0.0,-1.0));
#1504=VECTOR('',#1503,0.116141732283465);
#1505=LINE('',#1502,#1504);
#1506=EDGE_CURVE('',#1501,#1493,#1505,.T.);
#1507=ORIENTED_EDGE('',*,*,#1506,.F.);
#1508=CARTESIAN_POINT('',(-0.097940879313176,0.009055118110236,0.226771653543308));
#1509=DIRECTION('',(1.0,0.0,0.0));
#1510=VECTOR('',#1509,0.041940879313176);
#1511=LINE('',#1508,#1510);
#1512=EDGE_CURVE('',#1477,#1501,#1511,.T.);
#1513=ORIENTED_EDGE('',*,*,#1512,.F.);
#1514=EDGE_LOOP('',(#1483,#1491,#1499,#1507,#1513));
#1515=FACE_OUTER_BOUND('',#1514,.T.);
#1516=ADVANCED_FACE('',(#1515),#1473,.F.);
#1517=CARTESIAN_POINT('',(-0.053882328833356,0.00996062992126,0.226771653543308));
#1518=DIRECTION('',(0.0,0.0,1.0));
#1519=DIRECTION('',(1.0,0.0,0.0));
#1520=AXIS2_PLACEMENT_3D('',#1517,#1518,#1519);
#1521=PLANE('',#1520);
#1522=CARTESIAN_POINT('',(0.0,0.0,0.226771653543308));
#1523=DIRECTION('',(0.0,0.0,1.0));
#1524=DIRECTION('',(1.0,0.0,0.0));
#1525=AXIS2_PLACEMENT_3D('',#1522,#1523,#1524);
#1526=CIRCLE('',#1525,0.098358583787224);
#1527=EDGE_CURVE('',#1477,#1427,#1526,.T.);
#1528=ORIENTED_EDGE('',*,*,#1527,.F.);
#1529=ORIENTED_EDGE('',*,*,#1512,.T.);
#1530=CARTESIAN_POINT('',(-0.056,-0.009055118110236,0.226771653543308));
#1531=DIRECTION('',(0.0,1.0,0.0));
#1532=VECTOR('',#1531,0.018110236220472);
#1533=LINE('',#1530,#1532);
#1534=EDGE_CURVE('',#1437,#1501,#1533,.T.);
#1535=ORIENTED_EDGE('',*,*,#1534,.F.);
#1536=ORIENTED_EDGE('',*,*,#1442,.T.);
#1537=EDGE_LOOP('',(#1528,#1529,#1535,#1536));
#1538=FACE_OUTER_BOUND('',#1537,.T.);
#1539=ADVANCED_FACE('',(#1538),#1521,.F.);
#1540=CARTESIAN_POINT('',(0.101768639331784,-0.009055118110236,0.10482283464567));
#1541=DIRECTION('',(0.0,-1.0,0.0));
#1542=DIRECTION('',(0.0,0.0,-1.0));
#1543=AXIS2_PLACEMENT_3D('',#1540,#1541,#1542);
#1544=PLANE('',#1543);
#1545=CARTESIAN_POINT('',(0.099589180315985,-0.009055118110236,0.110629921259843));
#1546=VERTEX_POINT('',#1545);
#1547=CARTESIAN_POINT('',(0.097940879313176,-0.009055118110236,0.226771653543308));
#1548=VERTEX_POINT('',#1547);
#1549=CARTESIAN_POINT('',(0.099589180315985,-0.009055118110236,0.110629921259843));
#1550=DIRECTION('',(-0.014190721951801,0.0,0.999899306635667));
#1551=VECTOR('',#1550,0.116153428162926);
#1552=LINE('',#1549,#1551);
#1553=EDGE_CURVE('',#1546,#1548,#1552,.T.);
#1554=ORIENTED_EDGE('',*,*,#1553,.F.);
#1555=CARTESIAN_POINT('',(0.059042506402818,-0.009055118110236,0.110629921259843));
#1556=VERTEX_POINT('',#1555);
#1557=CARTESIAN_POINT('',(0.059042506402818,-0.009055118110236,0.110629921259843));
#1558=DIRECTION('',(1.0,0.0,0.0));
#1559=VECTOR('',#1558,0.040546673913167);
#1560=LINE('',#1557,#1559);
#1561=EDGE_CURVE('',#1556,#1546,#1560,.T.);
#1562=ORIENTED_EDGE('',*,*,#1561,.F.);
#1563=CARTESIAN_POINT('',(0.056,-0.009055118110236,0.110629921259843));
#1564=DIRECTION('',(1.0,0.0,0.0));
#1565=VECTOR('',#1564,0.003042506402818);
#1566=LINE('',#1563,#1565);
#1567=EDGE_CURVE('',#1080,#1556,#1566,.T.);
#1568=ORIENTED_EDGE('',*,*,#1567,.F.);
#1569=ORIENTED_EDGE('',*,*,#1085,.F.);
#1570=CARTESIAN_POINT('',(0.097940879313176,-0.009055118110236,0.226771653543308));
#1571=DIRECTION('',(-1.0,0.0,0.0));
#1572=VECTOR('',#1571,0.041940879313176);
#1573=LINE('',#1570,#1572);
#1574=EDGE_CURVE('',#1548,#1072,#1573,.T.);
#1575=ORIENTED_EDGE('',*,*,#1574,.F.);
#1576=EDGE_LOOP('',(#1554,#1562,#1568,#1569,#1575));
#1577=FACE_OUTER_BOUND('',#1576,.T.);
#1578=ADVANCED_FACE('',(#1577),#1544,.F.);
#1579=CARTESIAN_POINT('',(0.100471094499522,0.00996062992126,0.226771653543308));
#1580=DIRECTION('',(0.0,0.0,1.0));
#1581=DIRECTION('',(1.0,0.0,0.0));
#1582=AXIS2_PLACEMENT_3D('',#1579,#1580,#1581);
#1583=PLANE('',#1582);
#1584=CARTESIAN_POINT('',(0.097940879313176,0.009055118110236,0.226771653543308));
#1585=VERTEX_POINT('',#1584);
#1586=CARTESIAN_POINT('',(0.0,0.0,0.226771653543308));
#1587=DIRECTION('',(0.0,0.0,1.0));
#1588=DIRECTION('',(1.0,0.0,0.0));
#1589=AXIS2_PLACEMENT_3D('',#1586,#1587,#1588);
#1590=CIRCLE('',#1589,0.098358583787224);
#1591=EDGE_CURVE('',#1548,#1585,#1590,.T.);
#1592=ORIENTED_EDGE('',*,*,#1591,.F.);
#1593=ORIENTED_EDGE('',*,*,#1574,.T.);
#1594=ORIENTED_EDGE('',*,*,#1077,.F.);
#1595=CARTESIAN_POINT('',(0.056,0.009055118110236,0.226771653543308));
#1596=DIRECTION('',(1.0,0.0,0.0));
#1597=VECTOR('',#1596,0.041940879313176);
#1598=LINE('',#1595,#1597);
#1599=EDGE_CURVE('',#1064,#1585,#1598,.T.);
#1600=ORIENTED_EDGE('',*,*,#1599,.T.);
#1601=EDGE_LOOP('',(#1592,#1593,#1594,#1600));
#1602=FACE_OUTER_BOUND('',#1601,.T.);
#1603=ADVANCED_FACE('',(#1602),#1583,.F.);
#1604=CARTESIAN_POINT('',(0.101768639331784,0.009055118110236,0.232578740157481));
#1605=DIRECTION('',(0.0,1.0,0.0));
#1606=DIRECTION('',(0.0,0.0,1.0));
#1607=AXIS2_PLACEMENT_3D('',#1604,#1605,#1606);
#1608=PLANE('',#1607);
#1609=CARTESIAN_POINT('',(0.099589180315985,0.009055118110236,0.110629921259843));
#1610=VERTEX_POINT('',#1609);
#1611=CARTESIAN_POINT('',(0.097940879313176,0.009055118110236,0.226771653543308));
#1612=DIRECTION('',(0.014190721951801,-2.986952E-017,-0.999899306635667));
#1613=VECTOR('',#1612,0.116153428162926);
#1614=LINE('',#1611,#1613);
#1615=EDGE_CURVE('',#1585,#1610,#1614,.T.);
#1616=ORIENTED_EDGE('',*,*,#1615,.F.);
#1617=ORIENTED_EDGE('',*,*,#1599,.F.);
#1618=ORIENTED_EDGE('',*,*,#1069,.F.);
#1619=CARTESIAN_POINT('',(0.059042506402818,0.009055118110236,0.110629921259843));
#1620=VERTEX_POINT('',#1619);
#1621=CARTESIAN_POINT('',(0.059042506402818,0.009055118110236,0.110629921259843));
#1622=DIRECTION('',(-1.0,0.0,0.0));
#1623=VECTOR('',#1622,0.003042506402818);
#1624=LINE('',#1621,#1623);
#1625=EDGE_CURVE('',#1620,#1056,#1624,.T.);
#1626=ORIENTED_EDGE('',*,*,#1625,.F.);
#1627=CARTESIAN_POINT('',(0.099589180315985,0.009055118110236,0.110629921259843));
#1628=DIRECTION('',(-1.0,0.0,0.0));
#1629=VECTOR('',#1628,0.040546673913167);
#1630=LINE('',#1627,#1629);
#1631=EDGE_CURVE('',#1610,#1620,#1630,.T.);
#1632=ORIENTED_EDGE('',*,*,#1631,.F.);
#1633=EDGE_LOOP('',(#1616,#1617,#1618,#1626,#1632));
#1634=FACE_OUTER_BOUND('',#1633,.T.);
#1635=ADVANCED_FACE('',(#1634),#1608,.F.);
#1636=CARTESIAN_POINT('',(-0.056,0.0616,0.459114173228347));
#1637=DIRECTION('',(-1.0,0.0,0.0));
#1638=DIRECTION('',(0.0,0.0,1.0));
#1639=AXIS2_PLACEMENT_3D('',#1636,#1637,#1638);
#1640=PLANE('',#1639);
#1641=ORIENTED_EDGE('',*,*,#629,.T.);
#1642=CARTESIAN_POINT('',(-0.056,0.056,0.180903817079775));
#1643=DIRECTION('',(0.0,0.0,1.0));
#1644=VECTOR('',#1643,0.261615867959596);
#1645=LINE('',#1642,#1644);
#1646=EDGE_CURVE('',#616,#1404,#1645,.T.);
#1647=ORIENTED_EDGE('',*,*,#1646,.T.);
#1648=ORIENTED_EDGE('',*,*,#1409,.F.);
#1649=ORIENTED_EDGE('',*,*,#1348,.T.);
#1650=ORIENTED_EDGE('',*,*,#1369,.T.);
#1651=ORIENTED_EDGE('',*,*,#1293,.T.);
#1652=ORIENTED_EDGE('',*,*,#1398,.F.);
#1653=CARTESIAN_POINT('',(-0.056,-0.056,0.180903817079775));
#1654=DIRECTION('',(0.0,0.0,1.0));
#1655=VECTOR('',#1654,0.261615867959596);
#1656=LINE('',#1653,#1655);
#1657=EDGE_CURVE('',#905,#1387,#1656,.T.);
#1658=ORIENTED_EDGE('',*,*,#1657,.F.);
#1659=ORIENTED_EDGE('',*,*,#910,.T.);
#1660=ORIENTED_EDGE('',*,*,#771,.T.);
#1661=ORIENTED_EDGE('',*,*,#830,.T.);
#1662=ORIENTED_EDGE('',*,*,#1033,.F.);
#1663=CARTESIAN_POINT('',(-0.056,-0.020784915836183,0.110629921259843));
#1664=VERTEX_POINT('',#1663);
#1665=CARTESIAN_POINT('',(-0.056,-0.020784915836183,0.110629921259843));
#1666=DIRECTION('',(0.0,-1.0,0.0));
#1667=VECTOR('',#1666,0.035215084163817);
#1668=LINE('',#1665,#1667);
#1669=EDGE_CURVE('',#1664,#1022,#1668,.T.);
#1670=ORIENTED_EDGE('',*,*,#1669,.F.);
#1671=CARTESIAN_POINT('',(-0.056,-0.009055118110236,0.110629921259843));
#1672=DIRECTION('',(0.0,-1.0,0.0));
#1673=VECTOR('',#1672,0.011729797725947);
#1674=LINE('',#1671,#1673);
#1675=EDGE_CURVE('',#1445,#1664,#1674,.T.);
#1676=ORIENTED_EDGE('',*,*,#1675,.F.);
#1677=ORIENTED_EDGE('',*,*,#1450,.T.);
#1678=ORIENTED_EDGE('',*,*,#1534,.T.);
#1679=ORIENTED_EDGE('',*,*,#1506,.T.);
#1680=CARTESIAN_POINT('',(-0.056,0.020784915836182,0.110629921259843));
#1681=VERTEX_POINT('',#1680);
#1682=CARTESIAN_POINT('',(-0.056,0.020784915836182,0.110629921259843));
#1683=DIRECTION('',(0.0,-1.0,0.0));
#1684=VECTOR('',#1683,0.011729797725946);
#1685=LINE('',#1682,#1684);
#1686=EDGE_CURVE('',#1681,#1493,#1685,.T.);
#1687=ORIENTED_EDGE('',*,*,#1686,.F.);
#1688=CARTESIAN_POINT('',(-0.056,0.056,0.110629921259843));
#1689=DIRECTION('',(0.0,-1.0,0.0));
#1690=VECTOR('',#1689,0.035215084163818);
#1691=LINE('',#1688,#1690);
#1692=EDGE_CURVE('',#951,#1681,#1691,.T.);
#1693=ORIENTED_EDGE('',*,*,#1692,.F.);
#1694=ORIENTED_EDGE('',*,*,#956,.T.);
#1695=ORIENTED_EDGE('',*,*,#856,.T.);
#1696=ORIENTED_EDGE('',*,*,#691,.T.);
#1697=EDGE_LOOP('',(#1641,#1647,#1648,#1649,#1650,#1651,#1652,#1658,#1659,#1660,#1661,#1662,#1670,#1676,#1677,#1678,#1679,#1687,#1693,#1694,#1695,#1696));
#1698=FACE_OUTER_BOUND('',#1697,.T.);
#1699=ADVANCED_FACE('',(#1698),#1640,.F.);
#1700=CARTESIAN_POINT('',(-0.109548098347583,0.104547244094488,0.110629921259843));
#1701=DIRECTION('',(0.0,0.0,-1.0));
#1702=DIRECTION('',(-1.0,0.0,0.0));
#1703=AXIS2_PLACEMENT_3D('',#1700,#1701,#1702);
#1704=PLANE('',#1703);
#1705=CARTESIAN_POINT('',(-7.269953E-017,-2.540337E-016,0.110629921259843));
#1706=DIRECTION('',(0.0,0.0,-1.0));
#1707=DIRECTION('',(1.0,0.0,0.0));
#1708=AXIS2_PLACEMENT_3D('',#1705,#1706,#1707);
#1709=CIRCLE('',#1708,0.059732844619331);
#1710=EDGE_CURVE('',#959,#967,#1709,.T.);
#1711=ORIENTED_EDGE('',*,*,#1710,.F.);
#1712=ORIENTED_EDGE('',*,*,#964,.T.);
#1713=ORIENTED_EDGE('',*,*,#1692,.T.);
#1714=CARTESIAN_POINT('',(-7.269953E-017,-2.540337E-016,0.110629921259843));
#1715=DIRECTION('',(0.0,0.0,-1.0));
#1716=DIRECTION('',(1.0,0.0,0.0));
#1717=AXIS2_PLACEMENT_3D('',#1714,#1715,#1716);
#1718=CIRCLE('',#1717,0.059732844619331);
#1719=EDGE_CURVE('',#1485,#1681,#1718,.T.);
#1720=ORIENTED_EDGE('',*,*,#1719,.F.);
#1721=ORIENTED_EDGE('',*,*,#1490,.T.);
#1722=CARTESIAN_POINT('',(0.0,0.0,0.110629921259843));
#1723=DIRECTION('',(0.0,0.0,-1.0));
#1724=DIRECTION('',(1.0,0.0,0.0));
#1725=AXIS2_PLACEMENT_3D('',#1722,#1723,#1724);
#1726=CIRCLE('',#1725,0.1);
#1727=EDGE_CURVE('',#1475,#1610,#1726,.T.);
#1728=ORIENTED_EDGE('',*,*,#1727,.T.);
#1729=ORIENTED_EDGE('',*,*,#1631,.T.);
#1730=CARTESIAN_POINT('',(-7.269953E-017,-2.540337E-016,0.110629921259843));
#1731=DIRECTION('',(0.0,0.0,-1.0));
#1732=DIRECTION('',(1.0,0.0,0.0));
#1733=AXIS2_PLACEMENT_3D('',#1730,#1731,#1732);
#1734=CIRCLE('',#1733,0.059732844619331);
#1735=EDGE_CURVE('',#1048,#1620,#1734,.T.);
#1736=ORIENTED_EDGE('',*,*,#1735,.F.);
#1737=ORIENTED_EDGE('',*,*,#1053,.T.);
#1738=ORIENTED_EDGE('',*,*,#980,.T.);
#1739=EDGE_LOOP('',(#1711,#1712,#1713,#1720,#1721,#1728,#1729,#1736,#1737,#1738));
#1740=FACE_OUTER_BOUND('',#1739,.T.);
#1741=ADVANCED_FACE('',(#1740),#1704,.T.);
#1742=CARTESIAN_POINT('',(-0.109548098347583,-0.004507874015748,0.110629921259843));
#1743=DIRECTION('',(0.0,0.0,-1.0));
#1744=DIRECTION('',(-1.0,0.0,0.0));
#1745=AXIS2_PLACEMENT_3D('',#1742,#1743,#1744);
#1746=PLANE('',#1745);
#1747=CARTESIAN_POINT('',(-7.269953E-017,-2.540337E-016,0.110629921259843));
#1748=DIRECTION('',(0.0,0.0,-1.0));
#1749=DIRECTION('',(1.0,0.0,0.0));
#1750=AXIS2_PLACEMENT_3D('',#1747,#1748,#1749);
#1751=CIRCLE('',#1750,0.059732844619331);
#1752=EDGE_CURVE('',#1006,#1014,#1751,.T.);
#1753=ORIENTED_EDGE('',*,*,#1752,.F.);
#1754=ORIENTED_EDGE('',*,*,#1011,.T.);
#1755=ORIENTED_EDGE('',*,*,#1099,.T.);
#1756=CARTESIAN_POINT('',(-7.269953E-017,-2.540337E-016,0.110629921259843));
#1757=DIRECTION('',(0.0,0.0,-1.0));
#1758=DIRECTION('',(1.0,0.0,0.0));
#1759=AXIS2_PLACEMENT_3D('',#1756,#1757,#1758);
#1760=CIRCLE('',#1759,0.059732844619331);
#1761=EDGE_CURVE('',#1556,#1088,#1760,.T.);
#1762=ORIENTED_EDGE('',*,*,#1761,.F.);
#1763=ORIENTED_EDGE('',*,*,#1561,.T.);
#1764=CARTESIAN_POINT('',(0.0,0.0,0.110629921259843));
#1765=DIRECTION('',(0.0,0.0,-1.0));
#1766=DIRECTION('',(1.0,0.0,0.0));
#1767=AXIS2_PLACEMENT_3D('',#1764,#1765,#1766);
#1768=CIRCLE('',#1767,0.1);
#1769=EDGE_CURVE('',#1546,#1429,#1768,.T.);
#1770=ORIENTED_EDGE('',*,*,#1769,.T.);
#1771=ORIENTED_EDGE('',*,*,#1464,.T.);
#1772=CARTESIAN_POINT('',(-7.269953E-017,-2.540337E-016,0.110629921259843));
#1773=DIRECTION('',(0.0,0.0,-1.0));
#1774=DIRECTION('',(1.0,0.0,0.0));
#1775=AXIS2_PLACEMENT_3D('',#1772,#1773,#1774);
#1776=CIRCLE('',#1775,0.059732844619331);
#1777=EDGE_CURVE('',#1664,#1453,#1776,.T.);
#1778=ORIENTED_EDGE('',*,*,#1777,.F.);
#1779=ORIENTED_EDGE('',*,*,#1669,.T.);
#1780=ORIENTED_EDGE('',*,*,#1027,.T.);
#1781=EDGE_LOOP('',(#1753,#1754,#1755,#1762,#1763,#1770,#1771,#1778,#1779,#1780));
#1782=FACE_OUTER_BOUND('',#1781,.T.);
#1783=ADVANCED_FACE('',(#1782),#1746,.T.);
#1784=CARTESIAN_POINT('',(0.0616,-0.056,0.167823023681795));
#1785=DIRECTION('',(0.0,-1.0,0.0));
#1786=DIRECTION('',(0.0,0.0,-1.0));
#1787=AXIS2_PLACEMENT_3D('',#1784,#1785,#1786);
#1788=PLANE('',#1787);
#1789=ORIENTED_EDGE('',*,*,#918,.T.);
#1790=ORIENTED_EDGE('',*,*,#1657,.T.);
#1791=ORIENTED_EDGE('',*,*,#1392,.F.);
#1792=ORIENTED_EDGE('',*,*,#1111,.F.);
#1793=EDGE_LOOP('',(#1789,#1790,#1791,#1792));
#1794=FACE_OUTER_BOUND('',#1793,.T.);
#1795=ADVANCED_FACE('',(#1794),#1788,.F.);
#1796=CARTESIAN_POINT('',(0.0616,0.056,0.455600478437351));
#1797=DIRECTION('',(0.0,1.0,0.0));
#1798=DIRECTION('',(0.0,0.0,1.0));
#1799=AXIS2_PLACEMENT_3D('',#1796,#1797,#1798);
#1800=PLANE('',#1799);
#1801=ORIENTED_EDGE('',*,*,#621,.T.);
#1802=ORIENTED_EDGE('',*,*,#1157,.T.);
#1803=ORIENTED_EDGE('',*,*,#1415,.F.);
#1804=ORIENTED_EDGE('',*,*,#1646,.F.);
#1805=EDGE_LOOP('',(#1801,#1802,#1803,#1804));
#1806=FACE_OUTER_BOUND('',#1805,.T.);
#1807=ADVANCED_FACE('',(#1806),#1800,.F.);
#1808=CARTESIAN_POINT('',(0.0,0.0,0.445275590551182));
#1809=DIRECTION('',(0.0,0.0,-1.0));
#1810=DIRECTION('',(-1.0,0.0,0.0));
#1811=AXIS2_PLACEMENT_3D('',#1808,#1809,#1810);
#1812=TOROIDAL_SURFACE('',#1811,0.075583490460344,0.019685039370079);
#1813=CARTESIAN_POINT('',(-0.095266564199037,-5.833201E-018,0.445553768908924));
#1814=VERTEX_POINT('',#1813);
#1815=CARTESIAN_POINT('',(0.0,-5.833201E-018,0.445553768908924));
#1816=DIRECTION('',(0.0,0.0,1.0));
#1817=DIRECTION('',(1.0,0.0,0.0));
#1818=AXIS2_PLACEMENT_3D('',#1815,#1816,#1817);
#1819=CIRCLE('',#1818,0.095266564199037);
#1820=EDGE_CURVE('',#1814,#1814,#1819,.T.);
#1821=ORIENTED_EDGE('',*,*,#1820,.T.);
#1822=EDGE_LOOP('',(#1821));
#1823=FACE_OUTER_BOUND('',#1822,.T.);
#1824=CARTESIAN_POINT('',(-0.075583490460344,0.0,0.46496062992126));
#1825=VERTEX_POINT('',#1824);
#1826=CARTESIAN_POINT('',(0.0,0.0,0.46496062992126));
#1827=DIRECTION('',(0.0,0.0,-1.0));
#1828=DIRECTION('',(1.0,0.0,0.0));
#1829=AXIS2_PLACEMENT_3D('',#1826,#1827,#1828);
#1830=CIRCLE('',#1829,0.075583490460344);
#1831=EDGE_CURVE('',#1825,#1825,#1830,.T.);
#1832=ORIENTED_EDGE('',*,*,#1831,.T.);
#1833=EDGE_LOOP('',(#1832));
#1834=FACE_BOUND('',#1833,.T.);
#1835=ADVANCED_FACE('',(#1823,#1834),#1812,.T.);
#1836=CARTESIAN_POINT('',(0.0,0.0,-63.570694925869788));
#1837=DIRECTION('',(0.0,0.0,-1.0));
#1838=DIRECTION('',(1.0,0.0,0.0));
#1839=AXIS2_PLACEMENT_3D('',#1836,#1837,#1838);
#1840=CONICAL_SURFACE('',#1839,1.0,0.8097);
#1841=ORIENTED_EDGE('',*,*,#1591,.T.);
#1842=ORIENTED_EDGE('',*,*,#1615,.T.);
#1843=ORIENTED_EDGE('',*,*,#1727,.F.);
#1844=ORIENTED_EDGE('',*,*,#1482,.T.);
#1845=ORIENTED_EDGE('',*,*,#1527,.T.);
#1846=ORIENTED_EDGE('',*,*,#1434,.T.);
#1847=ORIENTED_EDGE('',*,*,#1769,.F.);
#1848=ORIENTED_EDGE('',*,*,#1553,.T.);
#1849=EDGE_LOOP('',(#1841,#1842,#1843,#1844,#1845,#1846,#1847,#1848));
#1850=FACE_OUTER_BOUND('',#1849,.T.);
#1851=ORIENTED_EDGE('',*,*,#1820,.F.);
#1852=EDGE_LOOP('',(#1851));
#1853=FACE_BOUND('',#1852,.T.);
#1854=ADVANCED_FACE('',(#1850,#1853),#1840,.T.);
#1855=CARTESIAN_POINT('',(-0.083141839506378,0.083141839506378,0.46496062992126));
#1856=DIRECTION('',(0.0,0.0,-1.0));
#1857=DIRECTION('',(-1.0,0.0,0.0));
#1858=AXIS2_PLACEMENT_3D('',#1855,#1856,#1857);
#1859=PLANE('',#1858);
#1860=ORIENTED_EDGE('',*,*,#1831,.F.);
#1861=EDGE_LOOP('',(#1860));
#1862=FACE_OUTER_BOUND('',#1861,.T.);
#1863=ADVANCED_FACE('',(#1862),#1859,.F.);
#1864=CARTESIAN_POINT('',(0.060629921259842,0.05511811023622,0.206344873975239));
#1865=DIRECTION('',(0.0,1.0,0.0));
#1866=DIRECTION('',(0.0,0.0,1.0));
#1867=AXIS2_PLACEMENT_3D('',#1864,#1865,#1866);
#1868=PLANE('',#1867);
#1869=ORIENTED_EDGE('',*,*,#589,.T.);
#1870=CARTESIAN_POINT('',(-0.055118110236221,0.05511811023622,0.205118110236221));
#1871=VERTEX_POINT('',#1870);
#1872=CARTESIAN_POINT('',(-0.055118110236221,0.05511811023622,0.180582835455855));
#1873=DIRECTION('',(0.0,0.0,1.0));
#1874=VECTOR('',#1873,0.024535274780366);
#1875=LINE('',#1872,#1874);
#1876=EDGE_CURVE('',#574,#1871,#1875,.T.);
#1877=ORIENTED_EDGE('',*,*,#1876,.T.);
#1878=CARTESIAN_POINT('',(0.05511811023622,0.05511811023622,0.205118110303269));
#1879=VERTEX_POINT('',#1878);
#1880=CARTESIAN_POINT('',(0.05511811023622,0.05511811023622,0.205118110236221));
#1881=DIRECTION('',(-1.0,0.0,0.0));
#1882=VECTOR('',#1881,0.110236220472441);
#1883=LINE('',#1880,#1882);
#1884=EDGE_CURVE('',#1879,#1871,#1883,.T.);
#1885=ORIENTED_EDGE('',*,*,#1884,.F.);
#1886=CARTESIAN_POINT('',(0.05511811023622,0.05511811023622,0.180582835455855));
#1887=DIRECTION('',(0.0,0.0,1.0));
#1888=VECTOR('',#1887,0.024535274847414);
#1889=LINE('',#1886,#1888);
#1890=EDGE_CURVE('',#584,#1879,#1889,.T.);
#1891=ORIENTED_EDGE('',*,*,#1890,.F.);
#1892=EDGE_LOOP('',(#1869,#1877,#1885,#1891));
#1893=FACE_OUTER_BOUND('',#1892,.T.);
#1894=ADVANCED_FACE('',(#1893),#1868,.T.);
#1895=CARTESIAN_POINT('',(0.060629921259842,0.05511811023622,0.158914007023322));
#1896=DIRECTION('',(0.0,1.0,0.0));
#1897=DIRECTION('',(0.0,0.0,1.0));
#1898=AXIS2_PLACEMENT_3D('',#1895,#1896,#1897);
#1899=PLANE('',#1898);
#1900=ORIENTED_EDGE('',*,*,#885,.T.);
#1901=CARTESIAN_POINT('',(0.05511811023622,0.05511811023622,0.153937007874016));
#1902=VERTEX_POINT('',#1901);
#1903=CARTESIAN_POINT('',(0.05511811023622,0.05511811023622,0.153937007874016));
#1904=DIRECTION('',(0.0,0.0,1.0));
#1905=VECTOR('',#1904,0.004739999189815);
#1906=LINE('',#1903,#1905);
#1907=EDGE_CURVE('',#1902,#874,#1906,.T.);
#1908=ORIENTED_EDGE('',*,*,#1907,.F.);
#1909=CARTESIAN_POINT('',(-0.055118110236221,0.05511811023622,0.153937007874016));
#1910=VERTEX_POINT('',#1909);
#1911=CARTESIAN_POINT('',(0.05511811023622,0.05511811023622,0.153937007874016));
#1912=DIRECTION('',(-1.0,0.0,0.0));
#1913=VECTOR('',#1912,0.110236220472441);
#1914=LINE('',#1911,#1913);
#1915=EDGE_CURVE('',#1902,#1910,#1914,.T.);
#1916=ORIENTED_EDGE('',*,*,#1915,.T.);
#1917=CARTESIAN_POINT('',(-0.055118110236221,0.05511811023622,0.153937007874016));
#1918=DIRECTION('',(0.0,0.0,1.0));
#1919=VECTOR('',#1918,0.004739999189815);
#1920=LINE('',#1917,#1919);
#1921=EDGE_CURVE('',#1910,#842,#1920,.T.);
#1922=ORIENTED_EDGE('',*,*,#1921,.T.);
#1923=EDGE_LOOP('',(#1900,#1908,#1916,#1922));
#1924=FACE_OUTER_BOUND('',#1923,.T.);
#1925=ADVANCED_FACE('',(#1924),#1899,.T.);
#1926=CARTESIAN_POINT('',(0.05511811023622,0.060629921259842,0.151377952755906));
#1927=DIRECTION('',(1.0,0.0,0.0));
#1928=DIRECTION('',(0.0,0.0,-1.0));
#1929=AXIS2_PLACEMENT_3D('',#1926,#1927,#1928);
#1930=PLANE('',#1929);
#1931=ORIENTED_EDGE('',*,*,#879,.T.);
#1932=ORIENTED_EDGE('',*,*,#651,.T.);
#1933=ORIENTED_EDGE('',*,*,#597,.T.);
#1934=ORIENTED_EDGE('',*,*,#1890,.T.);
#1935=CARTESIAN_POINT('',(0.05511811023622,-0.055118110236221,0.205118110303269));
#1936=VERTEX_POINT('',#1935);
#1937=CARTESIAN_POINT('',(0.05511811023622,-0.055118110236221,0.205118110236221));
#1938=DIRECTION('',(0.0,1.0,0.0));
#1939=VECTOR('',#1938,0.110236220472441);
#1940=LINE('',#1937,#1939);
#1941=EDGE_CURVE('',#1936,#1879,#1940,.T.);
#1942=ORIENTED_EDGE('',*,*,#1941,.F.);
#1943=CARTESIAN_POINT('',(0.05511811023622,-0.055118110236221,0.180582835455855));
#1944=DIRECTION('',(0.0,0.0,1.0));
#1945=VECTOR('',#1944,0.024535274847414);
#1946=LINE('',#1943,#1945);
#1947=EDGE_CURVE('',#928,#1936,#1946,.T.);
#1948=ORIENTED_EDGE('',*,*,#1947,.F.);
#1949=ORIENTED_EDGE('',*,*,#933,.T.);
#1950=ORIENTED_EDGE('',*,*,#715,.T.);
#1951=ORIENTED_EDGE('',*,*,#807,.T.);
#1952=CARTESIAN_POINT('',(0.05511811023622,-0.055118110236221,0.153937007874016));
#1953=VERTEX_POINT('',#1952);
#1954=CARTESIAN_POINT('',(0.05511811023622,-0.055118110236221,0.153937007874016));
#1955=DIRECTION('',(0.0,0.0,1.0));
#1956=VECTOR('',#1955,0.004739999189815);
#1957=LINE('',#1954,#1956);
#1958=EDGE_CURVE('',#1953,#796,#1957,.T.);
#1959=ORIENTED_EDGE('',*,*,#1958,.F.);
#1960=CARTESIAN_POINT('',(0.05511811023622,-0.055118110236221,0.153937007874016));
#1961=DIRECTION('',(0.0,1.0,0.0));
#1962=VECTOR('',#1961,0.110236220472441);
#1963=LINE('',#1960,#1962);
#1964=EDGE_CURVE('',#1953,#1902,#1963,.T.);
#1965=ORIENTED_EDGE('',*,*,#1964,.T.);
#1966=ORIENTED_EDGE('',*,*,#1907,.T.);
#1967=EDGE_LOOP('',(#1931,#1932,#1933,#1934,#1942,#1948,#1949,#1950,#1951,#1959,#1965,#1966));
#1968=FACE_OUTER_BOUND('',#1967,.T.);
#1969=ADVANCED_FACE('',(#1968),#1930,.T.);
#1970=CARTESIAN_POINT('',(0.060629921259842,-0.055118110236221,0.153700007914525));
#1971=DIRECTION('',(0.0,-1.0,0.0));
#1972=DIRECTION('',(0.0,0.0,-1.0));
#1973=AXIS2_PLACEMENT_3D('',#1970,#1971,#1972);
#1974=PLANE('',#1973);
#1975=ORIENTED_EDGE('',*,*,#801,.T.);
#1976=CARTESIAN_POINT('',(-0.055118110236221,-0.055118110236221,0.153937007874016));
#1977=VERTEX_POINT('',#1976);
#1978=CARTESIAN_POINT('',(-0.055118110236221,-0.055118110236221,0.153937007874016));
#1979=DIRECTION('',(0.0,0.0,1.0));
#1980=VECTOR('',#1979,0.004739999189815);
#1981=LINE('',#1978,#1980);
#1982=EDGE_CURVE('',#1977,#788,#1981,.T.);
#1983=ORIENTED_EDGE('',*,*,#1982,.F.);
#1984=CARTESIAN_POINT('',(-0.055118110236221,-0.055118110236221,0.153937007874016));
#1985=DIRECTION('',(1.0,0.0,0.0));
#1986=VECTOR('',#1985,0.110236220472441);
#1987=LINE('',#1984,#1986);
#1988=EDGE_CURVE('',#1977,#1953,#1987,.T.);
#1989=ORIENTED_EDGE('',*,*,#1988,.T.);
#1990=ORIENTED_EDGE('',*,*,#1958,.T.);
#1991=EDGE_LOOP('',(#1975,#1983,#1989,#1990));
#1992=FACE_OUTER_BOUND('',#1991,.T.);
#1993=ADVANCED_FACE('',(#1992),#1974,.T.);
#1994=CARTESIAN_POINT('',(0.060629921259842,-0.055118110236221,0.179356071716837));
#1995=DIRECTION('',(0.0,-1.0,0.0));
#1996=DIRECTION('',(0.0,0.0,-1.0));
#1997=AXIS2_PLACEMENT_3D('',#1994,#1995,#1996);
#1998=PLANE('',#1997);
#1999=ORIENTED_EDGE('',*,*,#939,.T.);
#2000=ORIENTED_EDGE('',*,*,#1947,.T.);
#2001=CARTESIAN_POINT('',(-0.055118110236221,-0.055118110236221,0.205118110236221));
#2002=VERTEX_POINT('',#2001);
#2003=CARTESIAN_POINT('',(-0.055118110236221,-0.055118110236221,0.205118110236221));
#2004=DIRECTION('',(1.0,0.0,0.0));
#2005=VECTOR('',#2004,0.110236220472441);
#2006=LINE('',#2003,#2005);
#2007=EDGE_CURVE('',#2002,#1936,#2006,.T.);
#2008=ORIENTED_EDGE('',*,*,#2007,.F.);
#2009=CARTESIAN_POINT('',(-0.055118110236221,-0.055118110236221,0.180582835455855));
#2010=DIRECTION('',(0.0,0.0,1.0));
#2011=VECTOR('',#2010,0.024535274780366);
#2012=LINE('',#2009,#2011);
#2013=EDGE_CURVE('',#896,#2002,#2012,.T.);
#2014=ORIENTED_EDGE('',*,*,#2013,.F.);
#2015=EDGE_LOOP('',(#1999,#2000,#2008,#2014));
#2016=FACE_OUTER_BOUND('',#2015,.T.);
#2017=ADVANCED_FACE('',(#2016),#1998,.T.);
#2018=CARTESIAN_POINT('',(2.130841E-016,7.301484E-017,-0.055511811023622));
#2019=DIRECTION('',(0.0,0.0,1.0));
#2020=DIRECTION('',(1.0,0.0,0.0));
#2021=AXIS2_PLACEMENT_3D('',#2018,#2019,#2020);
#2022=PLANE('',#2021);
#2023=CARTESIAN_POINT('',(0.118110236220473,0.098425196850394,-0.055511811023622));
#2024=VERTEX_POINT('',#2023);
#2025=CARTESIAN_POINT('',(0.098425196850394,0.118110236220473,-0.055511811023622));
#2026=VERTEX_POINT('',#2025);
#2027=CARTESIAN_POINT('',(0.098425196850394,0.098425196850394,-0.055511811023622));
#2028=DIRECTION('',(0.0,0.0,1.0));
#2029=DIRECTION('',(0.707106781186548,0.707106781186547,0.0));
#2030=AXIS2_PLACEMENT_3D('',#2027,#2028,#2029);
#2031=CIRCLE('',#2030,0.019685039370079);
#2032=EDGE_CURVE('',#2024,#2026,#2031,.T.);
#2033=ORIENTED_EDGE('',*,*,#2032,.F.);
#2034=CARTESIAN_POINT('',(0.118110236220473,0.056692913385827,-0.055511811023622));
#2035=VERTEX_POINT('',#2034);
#2036=CARTESIAN_POINT('',(0.118110236220473,0.056692913385827,-0.055511811023622));
#2037=DIRECTION('',(0.0,1.0,0.0));
#2038=VECTOR('',#2037,0.041732283464567);
#2039=LINE('',#2036,#2038);
#2040=EDGE_CURVE('',#2035,#2024,#2039,.T.);
#2041=ORIENTED_EDGE('',*,*,#2040,.F.);
#2042=CARTESIAN_POINT('',(0.098425196850394,0.056692913385827,-0.055511811023622));
#2043=VERTEX_POINT('',#2042);
#2044=CARTESIAN_POINT('',(0.118110236220473,0.056692913385827,-0.055511811023622));
#2045=DIRECTION('',(-1.0,0.0,0.0));
#2046=VECTOR('',#2045,0.019685039370079);
#2047=LINE('',#2044,#2046);
#2048=EDGE_CURVE('',#2035,#2043,#2047,.T.);
#2049=ORIENTED_EDGE('',*,*,#2048,.T.);
#2050=CARTESIAN_POINT('',(0.098425196850394,0.056692913385827,-0.055511811023622));
#2051=DIRECTION('',(0.0,1.0,0.0));
#2052=VECTOR('',#2051,0.061417322834646);
#2053=LINE('',#2050,#2052);
#2054=EDGE_CURVE('',#2043,#2026,#2053,.T.);
#2055=ORIENTED_EDGE('',*,*,#2054,.T.);
#2056=EDGE_LOOP('',(#2033,#2041,#2049,#2055));
#2057=FACE_OUTER_BOUND('',#2056,.T.);
#2058=ADVANCED_FACE('',(#2057),#2022,.F.);
#2059=CARTESIAN_POINT('',(-0.098425196850397,-0.121141732283464,-0.071220472440945));
#2060=DIRECTION('',(-1.0,0.0,0.0));
#2061=DIRECTION('',(0.0,0.0,1.0));
#2062=AXIS2_PLACEMENT_3D('',#2059,#2060,#2061);
#2063=PLANE('',#2062);
#2064=CARTESIAN_POINT('',(-0.098425196850397,-0.05748031496063,-0.070472440944882));
#2065=VERTEX_POINT('',#2064);
#2066=CARTESIAN_POINT('',(-0.098425196850397,-0.118110236220472,-0.070472440944882));
#2067=VERTEX_POINT('',#2066);
#2068=CARTESIAN_POINT('',(-0.098425196850397,-0.05748031496063,-0.070472440944882));
#2069=DIRECTION('',(0.0,-1.0,0.0));
#2070=VECTOR('',#2069,0.060629921259842);
#2071=LINE('',#2068,#2070);
#2072=EDGE_CURVE('',#2065,#2067,#2071,.T.);
#2073=ORIENTED_EDGE('',*,*,#2072,.T.);
#2074=CARTESIAN_POINT('',(-0.098425196850396,-0.118110236220472,-0.055511811023622));
#2075=VERTEX_POINT('',#2074);
#2076=CARTESIAN_POINT('',(-0.098425196850397,-0.118110236220472,-0.055511811023622));
#2077=DIRECTION('',(0.0,0.0,-1.0));
#2078=VECTOR('',#2077,0.01496062992126);
#2079=LINE('',#2076,#2078);
#2080=EDGE_CURVE('',#2075,#2067,#2079,.T.);
#2081=ORIENTED_EDGE('',*,*,#2080,.F.);
#2082=CARTESIAN_POINT('',(-0.098425196850397,-0.05748031496063,-0.055511811023622));
#2083=VERTEX_POINT('',#2082);
#2084=CARTESIAN_POINT('',(-0.098425196850397,-0.05748031496063,-0.055511811023622));
#2085=DIRECTION('',(0.0,-1.0,0.0));
#2086=VECTOR('',#2085,0.060629921259842);
#2087=LINE('',#2084,#2086);
#2088=EDGE_CURVE('',#2083,#2075,#2087,.T.);
#2089=ORIENTED_EDGE('',*,*,#2088,.F.);
#2090=CARTESIAN_POINT('',(-0.098425196850397,-0.05748031496063,-0.055511811023622));
#2091=DIRECTION('',(0.0,0.0,-1.0));
#2092=VECTOR('',#2091,0.01496062992126);
#2093=LINE('',#2090,#2092);
#2094=EDGE_CURVE('',#2083,#2065,#2093,.T.);
#2095=ORIENTED_EDGE('',*,*,#2094,.T.);
#2096=EDGE_LOOP('',(#2073,#2081,#2089,#2095));
#2097=FACE_OUTER_BOUND('',#2096,.T.);
#2098=ADVANCED_FACE('',(#2097),#2063,.T.);
#2099=CARTESIAN_POINT('',(-0.119094488188979,-0.05748031496063,-0.054763779527559));
#2100=DIRECTION('',(0.0,-1.0,0.0));
#2101=DIRECTION('',(0.0,0.0,-1.0));
#2102=AXIS2_PLACEMENT_3D('',#2099,#2100,#2101);
#2103=PLANE('',#2102);
#2104=CARTESIAN_POINT('',(-0.118110236220475,-0.05748031496063,-0.070472440944882));
#2105=VERTEX_POINT('',#2104);
#2106=CARTESIAN_POINT('',(-0.118110236220475,-0.05748031496063,-0.070472440944882));
#2107=DIRECTION('',(1.0,0.0,0.0));
#2108=VECTOR('',#2107,0.019685039370078);
#2109=LINE('',#2106,#2108);
#2110=EDGE_CURVE('',#2105,#2065,#2109,.T.);
#2111=ORIENTED_EDGE('',*,*,#2110,.T.);
#2112=ORIENTED_EDGE('',*,*,#2094,.F.);
#2113=CARTESIAN_POINT('',(-0.118110236220475,-0.05748031496063,-0.055511811023622));
#2114=VERTEX_POINT('',#2113);
#2115=CARTESIAN_POINT('',(-0.118110236220475,-0.05748031496063,-0.055511811023622));
#2116=DIRECTION('',(1.0,0.0,0.0));
#2117=VECTOR('',#2116,0.019685039370078);
#2118=LINE('',#2115,#2117);
#2119=EDGE_CURVE('',#2114,#2083,#2118,.T.);
#2120=ORIENTED_EDGE('',*,*,#2119,.F.);
#2121=CARTESIAN_POINT('',(-0.118110236220475,-0.05748031496063,-0.055511811023622));
#2122=DIRECTION('',(0.0,0.0,-1.0));
#2123=VECTOR('',#2122,0.01496062992126);
#2124=LINE('',#2121,#2123);
#2125=EDGE_CURVE('',#2114,#2105,#2124,.T.);
#2126=ORIENTED_EDGE('',*,*,#2125,.T.);
#2127=EDGE_LOOP('',(#2111,#2112,#2120,#2126));
#2128=FACE_OUTER_BOUND('',#2127,.T.);
#2129=ADVANCED_FACE('',(#2128),#2103,.T.);
#2130=CARTESIAN_POINT('',(-0.119094488188979,0.056692913385827,-0.071220472440945));
#2131=DIRECTION('',(0.0,1.0,0.0));
#2132=DIRECTION('',(0.0,0.0,1.0));
#2133=AXIS2_PLACEMENT_3D('',#2130,#2131,#2132);
#2134=PLANE('',#2133);
#2135=CARTESIAN_POINT('',(-0.098425196850397,0.056692913385827,-0.070472440944882));
#2136=VERTEX_POINT('',#2135);
#2137=CARTESIAN_POINT('',(-0.118110236220475,0.056692913385827,-0.070472440944882));
#2138=VERTEX_POINT('',#2137);
#2139=CARTESIAN_POINT('',(-0.098425196850397,0.056692913385827,-0.070472440944882));
#2140=DIRECTION('',(-1.0,0.0,0.0));
#2141=VECTOR('',#2140,0.019685039370078);
#2142=LINE('',#2139,#2141);
#2143=EDGE_CURVE('',#2136,#2138,#2142,.T.);
#2144=ORIENTED_EDGE('',*,*,#2143,.T.);
#2145=CARTESIAN_POINT('',(-0.118110236220474,0.056692913385827,-0.055511811023622));
#2146=VERTEX_POINT('',#2145);
#2147=CARTESIAN_POINT('',(-0.118110236220475,0.056692913385827,-0.055511811023622));
#2148=DIRECTION('',(0.0,0.0,-1.0));
#2149=VECTOR('',#2148,0.01496062992126);
#2150=LINE('',#2147,#2149);
#2151=EDGE_CURVE('',#2146,#2138,#2150,.T.);
#2152=ORIENTED_EDGE('',*,*,#2151,.F.);
#2153=CARTESIAN_POINT('',(-0.098425196850397,0.056692913385827,-0.055511811023622));
#2154=VERTEX_POINT('',#2153);
#2155=CARTESIAN_POINT('',(-0.098425196850397,0.056692913385827,-0.055511811023622));
#2156=DIRECTION('',(-1.0,0.0,0.0));
#2157=VECTOR('',#2156,0.019685039370077);
#2158=LINE('',#2155,#2157);
#2159=EDGE_CURVE('',#2154,#2146,#2158,.T.);
#2160=ORIENTED_EDGE('',*,*,#2159,.F.);
#2161=CARTESIAN_POINT('',(-0.098425196850397,0.056692913385827,-0.055511811023622));
#2162=DIRECTION('',(0.0,0.0,-1.0));
#2163=VECTOR('',#2162,0.01496062992126);
#2164=LINE('',#2161,#2163);
#2165=EDGE_CURVE('',#2154,#2136,#2164,.T.);
#2166=ORIENTED_EDGE('',*,*,#2165,.T.);
#2167=EDGE_LOOP('',(#2144,#2152,#2160,#2166));
#2168=FACE_OUTER_BOUND('',#2167,.T.);
#2169=ADVANCED_FACE('',(#2168),#2134,.T.);
#2170=CARTESIAN_POINT('',(-0.098425196850396,0.053622047244095,-0.071220472440945));
#2171=DIRECTION('',(-1.0,0.0,0.0));
#2172=DIRECTION('',(0.0,0.0,1.0));
#2173=AXIS2_PLACEMENT_3D('',#2170,#2171,#2172);
#2174=PLANE('',#2173);
#2175=CARTESIAN_POINT('',(-0.098425196850396,0.118110236220473,-0.070472440944882));
#2176=VERTEX_POINT('',#2175);
#2177=CARTESIAN_POINT('',(-0.098425196850396,0.118110236220473,-0.070472440944882));
#2178=DIRECTION('',(0.0,-1.0,0.0));
#2179=VECTOR('',#2178,0.061417322834646);
#2180=LINE('',#2177,#2179);
#2181=EDGE_CURVE('',#2176,#2136,#2180,.T.);
#2182=ORIENTED_EDGE('',*,*,#2181,.T.);
#2183=ORIENTED_EDGE('',*,*,#2165,.F.);
#2184=CARTESIAN_POINT('',(-0.098425196850396,0.118110236220473,-0.055511811023622));
#2185=VERTEX_POINT('',#2184);
#2186=CARTESIAN_POINT('',(-0.098425196850396,0.118110236220473,-0.055511811023622));
#2187=DIRECTION('',(0.0,-1.0,0.0));
#2188=VECTOR('',#2187,0.061417322834646);
#2189=LINE('',#2186,#2188);
#2190=EDGE_CURVE('',#2185,#2154,#2189,.T.);
#2191=ORIENTED_EDGE('',*,*,#2190,.F.);
#2192=CARTESIAN_POINT('',(-0.098425196850396,0.118110236220473,-0.055511811023622));
#2193=DIRECTION('',(0.0,0.0,-1.0));
#2194=VECTOR('',#2193,0.01496062992126);
#2195=LINE('',#2192,#2194);
#2196=EDGE_CURVE('',#2185,#2176,#2195,.T.);
#2197=ORIENTED_EDGE('',*,*,#2196,.T.);
#2198=EDGE_LOOP('',(#2182,#2183,#2191,#2197));
#2199=FACE_OUTER_BOUND('',#2198,.T.);
#2200=ADVANCED_FACE('',(#2199),#2174,.T.);
#2201=CARTESIAN_POINT('',(0.049488188976378,-0.129921259842519,-0.070472440944882));
#2202=DIRECTION('',(0.0,0.0,1.0));
#2203=DIRECTION('',(1.0,0.0,0.0));
#2204=AXIS2_PLACEMENT_3D('',#2201,#2202,#2203);
#2205=PLANE('',#2204);
#2206=CARTESIAN_POINT('',(0.096850393700788,0.020078740157481,-0.070472440944882));
#2207=VERTEX_POINT('',#2206);
#2208=CARTESIAN_POINT('',(0.052755905511811,0.020078740157481,-0.070472440944882));
#2209=VERTEX_POINT('',#2208);
#2210=CARTESIAN_POINT('',(0.096850393700788,0.020078740157481,-0.070472440944882));
#2211=DIRECTION('',(-1.0,0.0,0.0));
#2212=VECTOR('',#2211,0.044094488188977);
#2213=LINE('',#2210,#2212);
#2214=EDGE_CURVE('',#2207,#2209,#2213,.T.);
#2215=ORIENTED_EDGE('',*,*,#2214,.T.);
#2216=CARTESIAN_POINT('',(0.052755905511811,0.118110236220473,-0.070472440944882));
#2217=VERTEX_POINT('',#2216);
#2218=CARTESIAN_POINT('',(0.052755905511811,0.118110236220473,-0.070472440944882));
#2219=DIRECTION('',(0.0,-1.0,0.0));
#2220=VECTOR('',#2219,0.098031496062992);
#2221=LINE('',#2218,#2220);
#2222=EDGE_CURVE('',#2217,#2209,#2221,.T.);
#2223=ORIENTED_EDGE('',*,*,#2222,.F.);
#2224=CARTESIAN_POINT('',(0.098425196850394,0.118110236220473,-0.070472440944882));
#2225=VERTEX_POINT('',#2224);
#2226=CARTESIAN_POINT('',(0.098425196850394,0.118110236220473,-0.070472440944882));
#2227=DIRECTION('',(-1.0,0.0,0.0));
#2228=VECTOR('',#2227,0.045669291338583);
#2229=LINE('',#2226,#2228);
#2230=EDGE_CURVE('',#2225,#2217,#2229,.T.);
#2231=ORIENTED_EDGE('',*,*,#2230,.F.);
#2232=CARTESIAN_POINT('',(0.098425196850394,0.056692913385827,-0.070472440944882));
#2233=VERTEX_POINT('',#2232);
#2234=CARTESIAN_POINT('',(0.098425196850394,0.056692913385827,-0.070472440944882));
#2235=DIRECTION('',(0.0,1.0,0.0));
#2236=VECTOR('',#2235,0.061417322834646);
#2237=LINE('',#2234,#2236);
#2238=EDGE_CURVE('',#2233,#2225,#2237,.T.);
#2239=ORIENTED_EDGE('',*,*,#2238,.F.);
#2240=CARTESIAN_POINT('',(0.118110236220473,0.056692913385827,-0.070472440944882));
#2241=VERTEX_POINT('',#2240);
#2242=CARTESIAN_POINT('',(0.118110236220473,0.056692913385827,-0.070472440944882));
#2243=DIRECTION('',(-1.0,0.0,0.0));
#2244=VECTOR('',#2243,0.019685039370079);
#2245=LINE('',#2242,#2244);
#2246=EDGE_CURVE('',#2241,#2233,#2245,.T.);
#2247=ORIENTED_EDGE('',*,*,#2246,.F.);
#2248=CARTESIAN_POINT('',(0.118110236220473,-0.05748031496063,-0.070472440944882));
#2249=VERTEX_POINT('',#2248);
#2250=CARTESIAN_POINT('',(0.118110236220473,-0.05748031496063,-0.070472440944882));
#2251=DIRECTION('',(0.0,1.0,0.0));
#2252=VECTOR('',#2251,0.114173228346457);
#2253=LINE('',#2250,#2252);
#2254=EDGE_CURVE('',#2249,#2241,#2253,.T.);
#2255=ORIENTED_EDGE('',*,*,#2254,.F.);
#2256=CARTESIAN_POINT('',(0.098425196850394,-0.05748031496063,-0.070472440944882));
#2257=VERTEX_POINT('',#2256);
#2258=CARTESIAN_POINT('',(0.098425196850394,-0.05748031496063,-0.070472440944882));
#2259=DIRECTION('',(1.0,0.0,0.0));
#2260=VECTOR('',#2259,0.019685039370079);
#2261=LINE('',#2258,#2260);
#2262=EDGE_CURVE('',#2257,#2249,#2261,.T.);
#2263=ORIENTED_EDGE('',*,*,#2262,.F.);
#2264=CARTESIAN_POINT('',(0.098425196850394,-0.118110236220472,-0.070472440944882));
#2265=VERTEX_POINT('',#2264);
#2266=CARTESIAN_POINT('',(0.098425196850394,-0.118110236220472,-0.070472440944882));
#2267=DIRECTION('',(0.0,1.0,0.0));
#2268=VECTOR('',#2267,0.060629921259842);
#2269=LINE('',#2266,#2268);
#2270=EDGE_CURVE('',#2265,#2257,#2269,.T.);
#2271=ORIENTED_EDGE('',*,*,#2270,.F.);
#2272=CARTESIAN_POINT('',(0.052755905511811,-0.118110236220472,-0.070472440944882));
#2273=VERTEX_POINT('',#2272);
#2274=CARTESIAN_POINT('',(0.052755905511811,-0.118110236220472,-0.070472440944882));
#2275=DIRECTION('',(1.0,0.0,0.0));
#2276=VECTOR('',#2275,0.045669291338583);
#2277=LINE('',#2274,#2276);
#2278=EDGE_CURVE('',#2273,#2265,#2277,.T.);
#2279=ORIENTED_EDGE('',*,*,#2278,.F.);
#2280=CARTESIAN_POINT('',(0.052755905511811,-0.019291338582677,-0.070472440944882));
#2281=VERTEX_POINT('',#2280);
#2282=CARTESIAN_POINT('',(0.052755905511811,-0.019291338582677,-0.070472440944882));
#2283=DIRECTION('',(0.0,-1.0,0.0));
#2284=VECTOR('',#2283,0.098818897637795);
#2285=LINE('',#2282,#2284);
#2286=EDGE_CURVE('',#2281,#2273,#2285,.T.);
#2287=ORIENTED_EDGE('',*,*,#2286,.F.);
#2288=CARTESIAN_POINT('',(0.096850393700788,-0.019291338582677,-0.070472440944882));
#2289=VERTEX_POINT('',#2288);
#2290=CARTESIAN_POINT('',(0.052755905511811,-0.019291338582677,-0.070472440944882));
#2291=DIRECTION('',(1.0,0.0,0.0));
#2292=VECTOR('',#2291,0.044094488188977);
#2293=LINE('',#2290,#2292);
#2294=EDGE_CURVE('',#2281,#2289,#2293,.T.);
#2295=ORIENTED_EDGE('',*,*,#2294,.T.);
#2296=CARTESIAN_POINT('',(0.096850393700788,-0.019291338582677,-0.070472440944882));
#2297=DIRECTION('',(0.0,1.0,0.0));
#2298=VECTOR('',#2297,0.039370078740158);
#2299=LINE('',#2296,#2298);
#2300=EDGE_CURVE('',#2289,#2207,#2299,.T.);
#2301=ORIENTED_EDGE('',*,*,#2300,.T.);
#2302=EDGE_LOOP('',(#2215,#2223,#2231,#2239,#2247,#2255,#2263,#2271,#2279,#2287,#2295,#2301));
#2303=FACE_OUTER_BOUND('',#2302,.T.);
#2304=ADVANCED_FACE('',(#2303),#2205,.F.);
#2305=CARTESIAN_POINT('',(0.052755905511811,0.015177165354331,-0.071220472440945));
#2306=DIRECTION('',(-1.0,0.0,0.0));
#2307=DIRECTION('',(0.0,0.0,1.0));
#2308=AXIS2_PLACEMENT_3D('',#2305,#2306,#2307);
#2309=PLANE('',#2308);
#2310=CARTESIAN_POINT('',(0.052755905511811,0.020078740157481,-0.055511811023622));
#2311=VERTEX_POINT('',#2310);
#2312=CARTESIAN_POINT('',(0.052755905511811,0.020078740157481,-0.070472440944882));
#2313=DIRECTION('',(0.0,0.0,1.0));
#2314=VECTOR('',#2313,0.01496062992126);
#2315=LINE('',#2312,#2314);
#2316=EDGE_CURVE('',#2209,#2311,#2315,.T.);
#2317=ORIENTED_EDGE('',*,*,#2316,.T.);
#2318=CARTESIAN_POINT('',(0.052755905511811,0.118110236220473,-0.055511811023622));
#2319=VERTEX_POINT('',#2318);
#2320=CARTESIAN_POINT('',(0.052755905511811,0.118110236220473,-0.055511811023622));
#2321=DIRECTION('',(0.0,-1.0,0.0));
#2322=VECTOR('',#2321,0.098031496062992);
#2323=LINE('',#2320,#2322);
#2324=EDGE_CURVE('',#2319,#2311,#2323,.T.);
#2325=ORIENTED_EDGE('',*,*,#2324,.F.);
#2326=CARTESIAN_POINT('',(0.052755905511811,0.118110236220473,-0.055511811023622));
#2327=DIRECTION('',(0.0,0.0,-1.0));
#2328=VECTOR('',#2327,0.01496062992126);
#2329=LINE('',#2326,#2328);
#2330=EDGE_CURVE('',#2319,#2217,#2329,.T.);
#2331=ORIENTED_EDGE('',*,*,#2330,.T.);
#2332=ORIENTED_EDGE('',*,*,#2222,.T.);
#2333=EDGE_LOOP('',(#2317,#2325,#2331,#2332));
#2334=FACE_OUTER_BOUND('',#2333,.T.);
#2335=ADVANCED_FACE('',(#2334),#2309,.T.);
#2336=CARTESIAN_POINT('',(0.098425196850394,0.053622047244095,-0.054763779527559));
#2337=DIRECTION('',(1.0,0.0,0.0));
#2338=DIRECTION('',(0.0,0.0,-1.0));
#2339=AXIS2_PLACEMENT_3D('',#2336,#2337,#2338);
#2340=PLANE('',#2339);
#2341=ORIENTED_EDGE('',*,*,#2238,.T.);
#2342=CARTESIAN_POINT('',(0.098425196850394,0.118110236220473,-0.055511811023622));
#2343=DIRECTION('',(0.0,0.0,-1.0));
#2344=VECTOR('',#2343,0.01496062992126);
#2345=LINE('',#2342,#2344);
#2346=EDGE_CURVE('',#2026,#2225,#2345,.T.);
#2347=ORIENTED_EDGE('',*,*,#2346,.F.);
#2348=ORIENTED_EDGE('',*,*,#2054,.F.);
#2349=CARTESIAN_POINT('',(0.098425196850394,0.056692913385827,-0.055511811023622));
#2350=DIRECTION('',(0.0,0.0,-1.0));
#2351=VECTOR('',#2350,0.01496062992126);
#2352=LINE('',#2349,#2351);
#2353=EDGE_CURVE('',#2043,#2233,#2352,.T.);
#2354=ORIENTED_EDGE('',*,*,#2353,.T.);
#2355=EDGE_LOOP('',(#2341,#2347,#2348,#2354));
#2356=FACE_OUTER_BOUND('',#2355,.T.);
#2357=ADVANCED_FACE('',(#2356),#2340,.T.);
#2358=CARTESIAN_POINT('',(0.09744094488189,0.056692913385827,-0.071220472440945));
#2359=DIRECTION('',(0.0,1.0,0.0));
#2360=DIRECTION('',(0.0,0.0,1.0));
#2361=AXIS2_PLACEMENT_3D('',#2358,#2359,#2360);
#2362=PLANE('',#2361);
#2363=ORIENTED_EDGE('',*,*,#2246,.T.);
#2364=ORIENTED_EDGE('',*,*,#2353,.F.);
#2365=ORIENTED_EDGE('',*,*,#2048,.F.);
#2366=CARTESIAN_POINT('',(0.118110236220473,0.056692913385827,-0.055511811023622));
#2367=DIRECTION('',(0.0,0.0,-1.0));
#2368=VECTOR('',#2367,0.01496062992126);
#2369=LINE('',#2366,#2368);
#2370=EDGE_CURVE('',#2035,#2241,#2369,.T.);
#2371=ORIENTED_EDGE('',*,*,#2370,.T.);
#2372=EDGE_LOOP('',(#2363,#2364,#2365,#2371));
#2373=FACE_OUTER_BOUND('',#2372,.T.);
#2374=ADVANCED_FACE('',(#2373),#2362,.T.);
#2375=CARTESIAN_POINT('',(0.09744094488189,-0.05748031496063,-0.054763779527559));
#2376=DIRECTION('',(0.0,-1.0,0.0));
#2377=DIRECTION('',(0.0,0.0,-1.0));
#2378=AXIS2_PLACEMENT_3D('',#2375,#2376,#2377);
#2379=PLANE('',#2378);
#2380=ORIENTED_EDGE('',*,*,#2262,.T.);
#2381=CARTESIAN_POINT('',(0.118110236220473,-0.05748031496063,-0.055511811023622));
#2382=VERTEX_POINT('',#2381);
#2383=CARTESIAN_POINT('',(0.118110236220473,-0.05748031496063,-0.055511811023622));
#2384=DIRECTION('',(0.0,0.0,-1.0));
#2385=VECTOR('',#2384,0.01496062992126);
#2386=LINE('',#2383,#2385);
#2387=EDGE_CURVE('',#2382,#2249,#2386,.T.);
#2388=ORIENTED_EDGE('',*,*,#2387,.F.);
#2389=CARTESIAN_POINT('',(0.098425196850394,-0.05748031496063,-0.055511811023622));
#2390=VERTEX_POINT('',#2389);
#2391=CARTESIAN_POINT('',(0.098425196850394,-0.05748031496063,-0.055511811023622));
#2392=DIRECTION('',(1.0,0.0,0.0));
#2393=VECTOR('',#2392,0.019685039370079);
#2394=LINE('',#2391,#2393);
#2395=EDGE_CURVE('',#2390,#2382,#2394,.T.);
#2396=ORIENTED_EDGE('',*,*,#2395,.F.);
#2397=CARTESIAN_POINT('',(0.098425196850394,-0.05748031496063,-0.055511811023622));
#2398=DIRECTION('',(0.0,0.0,-1.0));
#2399=VECTOR('',#2398,0.01496062992126);
#2400=LINE('',#2397,#2399);
#2401=EDGE_CURVE('',#2390,#2257,#2400,.T.);
#2402=ORIENTED_EDGE('',*,*,#2401,.T.);
#2403=EDGE_LOOP('',(#2380,#2388,#2396,#2402));
#2404=FACE_OUTER_BOUND('',#2403,.T.);
#2405=ADVANCED_FACE('',(#2404),#2379,.T.);
#2406=CARTESIAN_POINT('',(0.098425196850394,-0.121141732283464,-0.054763779527559));
#2407=DIRECTION('',(1.0,0.0,0.0));
#2408=DIRECTION('',(0.0,0.0,-1.0));
#2409=AXIS2_PLACEMENT_3D('',#2406,#2407,#2408);
#2410=PLANE('',#2409);
#2411=ORIENTED_EDGE('',*,*,#2270,.T.);
#2412=ORIENTED_EDGE('',*,*,#2401,.F.);
#2413=CARTESIAN_POINT('',(0.098425196850394,-0.118110236220472,-0.055511811023622));
#2414=VERTEX_POINT('',#2413);
#2415=CARTESIAN_POINT('',(0.098425196850394,-0.118110236220473,-0.055511811023622));
#2416=DIRECTION('',(0.0,1.0,0.0));
#2417=VECTOR('',#2416,0.060629921259842);
#2418=LINE('',#2415,#2417);
#2419=EDGE_CURVE('',#2414,#2390,#2418,.T.);
#2420=ORIENTED_EDGE('',*,*,#2419,.F.);
#2421=CARTESIAN_POINT('',(0.098425196850394,-0.118110236220472,-0.055511811023622));
#2422=DIRECTION('',(0.0,0.0,-1.0));
#2423=VECTOR('',#2422,0.01496062992126);
#2424=LINE('',#2421,#2423);
#2425=EDGE_CURVE('',#2414,#2265,#2424,.T.);
#2426=ORIENTED_EDGE('',*,*,#2425,.T.);
#2427=EDGE_LOOP('',(#2411,#2412,#2420,#2426));
#2428=FACE_OUTER_BOUND('',#2427,.T.);
#2429=ADVANCED_FACE('',(#2428),#2410,.T.);
#2430=CARTESIAN_POINT('',(-0.052755905511814,0.015177165354331,-0.054763779527559));
#2431=DIRECTION('',(1.0,0.0,0.0));
#2432=DIRECTION('',(0.0,0.0,-1.0));
#2433=AXIS2_PLACEMENT_3D('',#2430,#2431,#2432);
#2434=PLANE('',#2433);
#2435=CARTESIAN_POINT('',(-0.052755905511814,0.020078740157481,-0.055511811023622));
#2436=VERTEX_POINT('',#2435);
#2437=CARTESIAN_POINT('',(-0.052755905511814,0.020078740157481,-0.070472440944882));
#2438=VERTEX_POINT('',#2437);
#2439=CARTESIAN_POINT('',(-0.052755905511814,0.020078740157481,-0.055511811023622));
#2440=DIRECTION('',(0.0,0.0,-1.0));
#2441=VECTOR('',#2440,0.01496062992126);
#2442=LINE('',#2439,#2441);
#2443=EDGE_CURVE('',#2436,#2438,#2442,.T.);
#2444=ORIENTED_EDGE('',*,*,#2443,.T.);
#2445=CARTESIAN_POINT('',(-0.052755905511814,0.118110236220473,-0.070472440944882));
#2446=VERTEX_POINT('',#2445);
#2447=CARTESIAN_POINT('',(-0.052755905511814,0.020078740157481,-0.070472440944882));
#2448=DIRECTION('',(0.0,1.0,0.0));
#2449=VECTOR('',#2448,0.098031496062992);
#2450=LINE('',#2447,#2449);
#2451=EDGE_CURVE('',#2438,#2446,#2450,.T.);
#2452=ORIENTED_EDGE('',*,*,#2451,.T.);
#2453=CARTESIAN_POINT('',(-0.052755905511814,0.118110236220473,-0.055511811023622));
#2454=VERTEX_POINT('',#2453);
#2455=CARTESIAN_POINT('',(-0.052755905511814,0.118110236220473,-0.055511811023622));
#2456=DIRECTION('',(0.0,0.0,-1.0));
#2457=VECTOR('',#2456,0.01496062992126);
#2458=LINE('',#2455,#2457);
#2459=EDGE_CURVE('',#2454,#2446,#2458,.T.);
#2460=ORIENTED_EDGE('',*,*,#2459,.F.);
#2461=CARTESIAN_POINT('',(-0.052755905511814,0.020078740157481,-0.055511811023622));
#2462=DIRECTION('',(0.0,1.0,0.0));
#2463=VECTOR('',#2462,0.098031496062992);
#2464=LINE('',#2461,#2463);
#2465=EDGE_CURVE('',#2436,#2454,#2464,.T.);
#2466=ORIENTED_EDGE('',*,*,#2465,.F.);
#2467=EDGE_LOOP('',(#2444,#2452,#2460,#2466));
#2468=FACE_OUTER_BOUND('',#2467,.T.);
#2469=ADVANCED_FACE('',(#2468),#2434,.T.);
#2470=CARTESIAN_POINT('',(-0.052755905511814,-0.123051181102362,-0.054763779527559));
#2471=DIRECTION('',(1.0,0.0,0.0));
#2472=DIRECTION('',(0.0,0.0,-1.0));
#2473=AXIS2_PLACEMENT_3D('',#2470,#2471,#2472);
#2474=PLANE('',#2473);
#2475=CARTESIAN_POINT('',(-0.052755905511814,-0.019291338582677,-0.070472440944882));
#2476=VERTEX_POINT('',#2475);
#2477=CARTESIAN_POINT('',(-0.052755905511814,-0.019291338582677,-0.055511811023622));
#2478=VERTEX_POINT('',#2477);
#2479=CARTESIAN_POINT('',(-0.052755905511814,-0.019291338582677,-0.070472440944882));
#2480=DIRECTION('',(0.0,0.0,1.0));
#2481=VECTOR('',#2480,0.01496062992126);
#2482=LINE('',#2479,#2481);
#2483=EDGE_CURVE('',#2476,#2478,#2482,.T.);
#2484=ORIENTED_EDGE('',*,*,#2483,.T.);
#2485=CARTESIAN_POINT('',(-0.052755905511814,-0.118110236220472,-0.055511811023622));
#2486=VERTEX_POINT('',#2485);
#2487=CARTESIAN_POINT('',(-0.052755905511814,-0.118110236220472,-0.055511811023622));
#2488=DIRECTION('',(0.0,1.0,0.0));
#2489=VECTOR('',#2488,0.098818897637795);
#2490=LINE('',#2487,#2489);
#2491=EDGE_CURVE('',#2486,#2478,#2490,.T.);
#2492=ORIENTED_EDGE('',*,*,#2491,.F.);
#2493=CARTESIAN_POINT('',(-0.052755905511814,-0.118110236220472,-0.070472440944882));
#2494=VERTEX_POINT('',#2493);
#2495=CARTESIAN_POINT('',(-0.052755905511814,-0.118110236220472,-0.055511811023622));
#2496=DIRECTION('',(0.0,0.0,-1.0));
#2497=VECTOR('',#2496,0.01496062992126);
#2498=LINE('',#2495,#2497);
#2499=EDGE_CURVE('',#2486,#2494,#2498,.T.);
#2500=ORIENTED_EDGE('',*,*,#2499,.T.);
#2501=CARTESIAN_POINT('',(-0.052755905511814,-0.118110236220472,-0.070472440944882));
#2502=DIRECTION('',(0.0,1.0,0.0));
#2503=VECTOR('',#2502,0.098818897637795);
#2504=LINE('',#2501,#2503);
#2505=EDGE_CURVE('',#2494,#2476,#2504,.T.);
#2506=ORIENTED_EDGE('',*,*,#2505,.T.);
#2507=EDGE_LOOP('',(#2484,#2492,#2500,#2506));
#2508=FACE_OUTER_BOUND('',#2507,.T.);
#2509=ADVANCED_FACE('',(#2508),#2474,.T.);
#2510=CARTESIAN_POINT('',(-0.058031496062995,0.015177165354331,-0.055511811023622));
#2511=DIRECTION('',(0.0,0.0,1.0));
#2512=DIRECTION('',(1.0,0.0,0.0));
#2513=AXIS2_PLACEMENT_3D('',#2510,#2511,#2512);
#2514=PLANE('',#2513);
#2515=CARTESIAN_POINT('',(0.052755905511811,0.020078740157481,-0.055511811023622));
#2516=DIRECTION('',(-1.0,0.0,0.0));
#2517=VECTOR('',#2516,0.105511811023625);
#2518=LINE('',#2515,#2517);
#2519=EDGE_CURVE('',#2311,#2436,#2518,.T.);
#2520=ORIENTED_EDGE('',*,*,#2519,.T.);
#2521=ORIENTED_EDGE('',*,*,#2465,.T.);
#2522=CARTESIAN_POINT('',(0.052755905511811,0.118110236220473,-0.055511811023622));
#2523=DIRECTION('',(-1.0,0.0,0.0));
#2524=VECTOR('',#2523,0.105511811023625);
#2525=LINE('',#2522,#2524);
#2526=EDGE_CURVE('',#2319,#2454,#2525,.T.);
#2527=ORIENTED_EDGE('',*,*,#2526,.F.);
#2528=ORIENTED_EDGE('',*,*,#2324,.T.);
#2529=EDGE_LOOP('',(#2520,#2521,#2527,#2528));
#2530=FACE_OUTER_BOUND('',#2529,.T.);
#2531=ADVANCED_FACE('',(#2530),#2514,.F.);
#2532=CARTESIAN_POINT('',(-0.058031496062995,-0.123051181102362,-0.055511811023622));
#2533=DIRECTION('',(0.0,0.0,1.0));
#2534=DIRECTION('',(1.0,0.0,0.0));
#2535=AXIS2_PLACEMENT_3D('',#2532,#2533,#2534);
#2536=PLANE('',#2535);
#2537=CARTESIAN_POINT('',(0.052755905511811,-0.019291338582677,-0.055511811023622));
#2538=VERTEX_POINT('',#2537);
#2539=CARTESIAN_POINT('',(-0.052755905511814,-0.019291338582677,-0.055511811023622));
#2540=DIRECTION('',(1.0,0.0,0.0));
#2541=VECTOR('',#2540,0.105511811023625);
#2542=LINE('',#2539,#2541);
#2543=EDGE_CURVE('',#2478,#2538,#2542,.T.);
#2544=ORIENTED_EDGE('',*,*,#2543,.T.);
#2545=CARTESIAN_POINT('',(0.052755905511811,-0.118110236220472,-0.055511811023622));
#2546=VERTEX_POINT('',#2545);
#2547=CARTESIAN_POINT('',(0.052755905511811,-0.019291338582677,-0.055511811023622));
#2548=DIRECTION('',(0.0,-1.0,0.0));
#2549=VECTOR('',#2548,0.098818897637795);
#2550=LINE('',#2547,#2549);
#2551=EDGE_CURVE('',#2538,#2546,#2550,.T.);
#2552=ORIENTED_EDGE('',*,*,#2551,.T.);
#2553=CARTESIAN_POINT('',(-0.052755905511814,-0.118110236220472,-0.055511811023622));
#2554=DIRECTION('',(1.0,0.0,0.0));
#2555=VECTOR('',#2554,0.105511811023625);
#2556=LINE('',#2553,#2555);
#2557=EDGE_CURVE('',#2486,#2546,#2556,.T.);
#2558=ORIENTED_EDGE('',*,*,#2557,.F.);
#2559=ORIENTED_EDGE('',*,*,#2491,.T.);
#2560=EDGE_LOOP('',(#2544,#2552,#2558,#2559));
#2561=FACE_OUTER_BOUND('',#2560,.T.);
#2562=ADVANCED_FACE('',(#2561),#2536,.F.);
#2563=CARTESIAN_POINT('',(-0.121377952755908,-0.129921259842519,-0.070472440944882));
#2564=DIRECTION('',(0.0,0.0,1.0));
#2565=DIRECTION('',(1.0,0.0,0.0));
#2566=AXIS2_PLACEMENT_3D('',#2563,#2564,#2565);
#2567=PLANE('',#2566);
#2568=CARTESIAN_POINT('',(-0.09763779527559,0.020078740157481,-0.070472440944882));
#2569=VERTEX_POINT('',#2568);
#2570=CARTESIAN_POINT('',(-0.052755905511814,0.020078740157481,-0.070472440944882));
#2571=DIRECTION('',(-1.0,0.0,0.0));
#2572=VECTOR('',#2571,0.044881889763776);
#2573=LINE('',#2570,#2572);
#2574=EDGE_CURVE('',#2438,#2569,#2573,.T.);
#2575=ORIENTED_EDGE('',*,*,#2574,.T.);
#2576=CARTESIAN_POINT('',(-0.09763779527559,-0.019291338582677,-0.070472440944882));
#2577=VERTEX_POINT('',#2576);
#2578=CARTESIAN_POINT('',(-0.09763779527559,0.020078740157481,-0.070472440944882));
#2579=DIRECTION('',(0.0,-1.0,0.0));
#2580=VECTOR('',#2579,0.039370078740158);
#2581=LINE('',#2578,#2580);
#2582=EDGE_CURVE('',#2569,#2577,#2581,.T.);
#2583=ORIENTED_EDGE('',*,*,#2582,.T.);
#2584=CARTESIAN_POINT('',(-0.09763779527559,-0.019291338582677,-0.070472440944882));
#2585=DIRECTION('',(1.0,0.0,0.0));
#2586=VECTOR('',#2585,0.044881889763776);
#2587=LINE('',#2584,#2586);
#2588=EDGE_CURVE('',#2577,#2476,#2587,.T.);
#2589=ORIENTED_EDGE('',*,*,#2588,.T.);
#2590=ORIENTED_EDGE('',*,*,#2505,.F.);
#2591=CARTESIAN_POINT('',(-0.098425196850397,-0.118110236220472,-0.070472440944882));
#2592=DIRECTION('',(1.0,0.0,0.0));
#2593=VECTOR('',#2592,0.045669291338583);
#2594=LINE('',#2591,#2593);
#2595=EDGE_CURVE('',#2067,#2494,#2594,.T.);
#2596=ORIENTED_EDGE('',*,*,#2595,.F.);
#2597=ORIENTED_EDGE('',*,*,#2072,.F.);
#2598=ORIENTED_EDGE('',*,*,#2110,.F.);
#2599=CARTESIAN_POINT('',(-0.118110236220475,0.056692913385827,-0.070472440944882));
#2600=DIRECTION('',(0.0,-1.0,0.0));
#2601=VECTOR('',#2600,0.114173228346457);
#2602=LINE('',#2599,#2601);
#2603=EDGE_CURVE('',#2138,#2105,#2602,.T.);
#2604=ORIENTED_EDGE('',*,*,#2603,.F.);
#2605=ORIENTED_EDGE('',*,*,#2143,.F.);
#2606=ORIENTED_EDGE('',*,*,#2181,.F.);
#2607=CARTESIAN_POINT('',(-0.052755905511814,0.118110236220473,-0.070472440944882));
#2608=DIRECTION('',(-1.0,0.0,0.0));
#2609=VECTOR('',#2608,0.045669291338582);
#2610=LINE('',#2607,#2609);
#2611=EDGE_CURVE('',#2446,#2176,#2610,.T.);
#2612=ORIENTED_EDGE('',*,*,#2611,.F.);
#2613=ORIENTED_EDGE('',*,*,#2451,.F.);
#2614=EDGE_LOOP('',(#2575,#2583,#2589,#2590,#2596,#2597,#2598,#2604,#2605,#2606,#2612,#2613));
#2615=FACE_OUTER_BOUND('',#2614,.T.);
#2616=ADVANCED_FACE('',(#2615),#2567,.F.);
#2617=CARTESIAN_POINT('',(0.052755905511811,-0.123051181102362,-0.071220472440945));
#2618=DIRECTION('',(-1.0,0.0,0.0));
#2619=DIRECTION('',(0.0,0.0,1.0));
#2620=AXIS2_PLACEMENT_3D('',#2617,#2618,#2619);
#2621=PLANE('',#2620);
#2622=CARTESIAN_POINT('',(0.052755905511811,-0.019291338582677,-0.055511811023622));
#2623=DIRECTION('',(0.0,0.0,-1.0));
#2624=VECTOR('',#2623,0.01496062992126);
#2625=LINE('',#2622,#2624);
#2626=EDGE_CURVE('',#2538,#2281,#2625,.T.);
#2627=ORIENTED_EDGE('',*,*,#2626,.T.);
#2628=ORIENTED_EDGE('',*,*,#2286,.T.);
#2629=CARTESIAN_POINT('',(0.052755905511811,-0.118110236220472,-0.055511811023622));
#2630=DIRECTION('',(0.0,0.0,-1.0));
#2631=VECTOR('',#2630,0.01496062992126);
#2632=LINE('',#2629,#2631);
#2633=EDGE_CURVE('',#2546,#2273,#2632,.T.);
#2634=ORIENTED_EDGE('',*,*,#2633,.F.);
#2635=ORIENTED_EDGE('',*,*,#2551,.F.);
#2636=EDGE_LOOP('',(#2627,#2628,#2634,#2635));
#2637=FACE_OUTER_BOUND('',#2636,.T.);
#2638=ADVANCED_FACE('',(#2637),#2621,.T.);
#2639=CARTESIAN_POINT('',(0.00738188976378,-0.021259842519685,-0.052755905511811));
#2640=DIRECTION('',(0.0,0.0,1.0));
#2641=DIRECTION('',(1.0,0.0,0.0));
#2642=AXIS2_PLACEMENT_3D('',#2639,#2640,#2641);
#2643=PLANE('',#2642);
#2644=CARTESIAN_POINT('',(0.075590551181103,0.020078740157481,-0.052755905511811));
#2645=VERTEX_POINT('',#2644);
#2646=CARTESIAN_POINT('',(0.075590551181103,-0.019291338582677,-0.052755905511811));
#2647=VERTEX_POINT('',#2646);
#2648=CARTESIAN_POINT('',(0.075590551181103,0.020078740157481,-0.052755905511811));
#2649=DIRECTION('',(0.0,-1.0,0.0));
#2650=VECTOR('',#2649,0.039370078740158);
#2651=LINE('',#2648,#2650);
#2652=EDGE_CURVE('',#2645,#2647,#2651,.T.);
#2653=ORIENTED_EDGE('',*,*,#2652,.T.);
#2654=CARTESIAN_POINT('',(0.010629921259843,-0.019291338582677,-0.052755905511811));
#2655=VERTEX_POINT('',#2654);
#2656=CARTESIAN_POINT('',(0.075590551181103,-0.019291338582677,-0.052755905511811));
#2657=DIRECTION('',(-1.0,0.0,0.0));
#2658=VECTOR('',#2657,0.06496062992126);
#2659=LINE('',#2656,#2658);
#2660=EDGE_CURVE('',#2647,#2655,#2659,.T.);
#2661=ORIENTED_EDGE('',*,*,#2660,.T.);
#2662=CARTESIAN_POINT('',(0.010629921259843,0.020078740157481,-0.052755905511811));
#2663=VERTEX_POINT('',#2662);
#2664=CARTESIAN_POINT('',(0.010629921259843,-0.019291338582677,-0.052755905511811));
#2665=DIRECTION('',(0.0,1.0,0.0));
#2666=VECTOR('',#2665,0.039370078740158);
#2667=LINE('',#2664,#2666);
#2668=EDGE_CURVE('',#2655,#2663,#2667,.T.);
#2669=ORIENTED_EDGE('',*,*,#2668,.T.);
#2670=CARTESIAN_POINT('',(0.010629921259843,0.020078740157481,-0.052755905511811));
#2671=DIRECTION('',(1.0,0.0,0.0));
#2672=VECTOR('',#2671,0.06496062992126);
#2673=LINE('',#2670,#2672);
#2674=EDGE_CURVE('',#2663,#2645,#2673,.T.);
#2675=ORIENTED_EDGE('',*,*,#2674,.T.);
#2676=EDGE_LOOP('',(#2653,#2661,#2669,#2675));
#2677=FACE_OUTER_BOUND('',#2676,.T.);
#2678=ADVANCED_FACE('',(#2677),#2643,.F.);
#2679=CARTESIAN_POINT('',(-0.107362204724409,-0.019291338582677,-0.035334645669291));
#2680=DIRECTION('',(0.0,-1.0,0.0));
#2681=DIRECTION('',(0.0,0.0,-1.0));
#2682=AXIS2_PLACEMENT_3D('',#2679,#2680,#2681);
#2683=PLANE('',#2682);
#2684=ORIENTED_EDGE('',*,*,#2626,.F.);
#2685=ORIENTED_EDGE('',*,*,#2543,.F.);
#2686=ORIENTED_EDGE('',*,*,#2483,.F.);
#2687=ORIENTED_EDGE('',*,*,#2588,.F.);
#2688=CARTESIAN_POINT('',(-0.09763779527559,-0.019291338582677,-0.037007874015748));
#2689=VERTEX_POINT('',#2688);
#2690=CARTESIAN_POINT('',(-0.09763779527559,-0.019291338582677,-0.070472440944882));
#2691=DIRECTION('',(0.0,0.0,1.0));
#2692=VECTOR('',#2691,0.033464566929134);
#2693=LINE('',#2690,#2692);
#2694=EDGE_CURVE('',#2577,#2689,#2693,.T.);
#2695=ORIENTED_EDGE('',*,*,#2694,.T.);
#2696=CARTESIAN_POINT('',(-0.076377952755905,-0.019291338582677,-0.037007874015748));
#2697=VERTEX_POINT('',#2696);
#2698=CARTESIAN_POINT('',(-0.076377952755905,-0.019291338582677,-0.037007874015748));
#2699=DIRECTION('',(-1.0,0.0,0.0));
#2700=VECTOR('',#2699,0.021259842519685);
#2701=LINE('',#2698,#2700);
#2702=EDGE_CURVE('',#2697,#2689,#2701,.T.);
#2703=ORIENTED_EDGE('',*,*,#2702,.F.);
#2704=CARTESIAN_POINT('',(-0.076377952755905,-0.019291338582677,-0.052755905511811));
#2705=VERTEX_POINT('',#2704);
#2706=CARTESIAN_POINT('',(-0.076377952755905,-0.019291338582677,-0.052755905511811));
#2707=DIRECTION('',(0.0,0.0,1.0));
#2708=VECTOR('',#2707,0.015748031496063);
#2709=LINE('',#2706,#2708);
#2710=EDGE_CURVE('',#2705,#2697,#2709,.T.);
#2711=ORIENTED_EDGE('',*,*,#2710,.F.);
#2712=CARTESIAN_POINT('',(-0.010629921259842,-0.019291338582677,-0.052755905511811));
#2713=VERTEX_POINT('',#2712);
#2714=CARTESIAN_POINT('',(-0.010629921259842,-0.019291338582677,-0.052755905511811));
#2715=DIRECTION('',(-1.0,0.0,0.0));
#2716=VECTOR('',#2715,0.065748031496063);
#2717=LINE('',#2714,#2716);
#2718=EDGE_CURVE('',#2713,#2705,#2717,.T.);
#2719=ORIENTED_EDGE('',*,*,#2718,.F.);
#2720=CARTESIAN_POINT('',(-0.010629921259842,-0.019291338582677,-0.037007874015748));
#2721=VERTEX_POINT('',#2720);
#2722=CARTESIAN_POINT('',(-0.010629921259842,-0.019291338582677,-0.052755905511811));
#2723=DIRECTION('',(0.0,0.0,1.0));
#2724=VECTOR('',#2723,0.015748031496063);
#2725=LINE('',#2722,#2724);
#2726=EDGE_CURVE('',#2713,#2721,#2725,.T.);
#2727=ORIENTED_EDGE('',*,*,#2726,.T.);
#2728=CARTESIAN_POINT('',(0.010629921259843,-0.019291338582677,-0.037007874015748));
#2729=VERTEX_POINT('',#2728);
#2730=CARTESIAN_POINT('',(0.010629921259843,-0.019291338582677,-0.037007874015748));
#2731=DIRECTION('',(-1.0,0.0,0.0));
#2732=VECTOR('',#2731,0.021259842519685);
#2733=LINE('',#2730,#2732);
#2734=EDGE_CURVE('',#2729,#2721,#2733,.T.);
#2735=ORIENTED_EDGE('',*,*,#2734,.F.);
#2736=CARTESIAN_POINT('',(0.010629921259843,-0.019291338582677,-0.052755905511811));
#2737=DIRECTION('',(0.0,0.0,1.0));
#2738=VECTOR('',#2737,0.015748031496063);
#2739=LINE('',#2736,#2738);
#2740=EDGE_CURVE('',#2655,#2729,#2739,.T.);
#2741=ORIENTED_EDGE('',*,*,#2740,.F.);
#2742=ORIENTED_EDGE('',*,*,#2660,.F.);
#2743=CARTESIAN_POINT('',(0.075590551181103,-0.019291338582677,-0.037007874015748));
#2744=VERTEX_POINT('',#2743);
#2745=CARTESIAN_POINT('',(0.075590551181103,-0.019291338582677,-0.052755905511811));
#2746=DIRECTION('',(0.0,0.0,1.0));
#2747=VECTOR('',#2746,0.015748031496063);
#2748=LINE('',#2745,#2747);
#2749=EDGE_CURVE('',#2647,#2744,#2748,.T.);
#2750=ORIENTED_EDGE('',*,*,#2749,.T.);
#2751=CARTESIAN_POINT('',(0.096850393700788,-0.019291338582677,-0.037007874015748));
#2752=VERTEX_POINT('',#2751);
#2753=CARTESIAN_POINT('',(0.096850393700788,-0.019291338582677,-0.037007874015748));
#2754=DIRECTION('',(-1.0,0.0,0.0));
#2755=VECTOR('',#2754,0.021259842519685);
#2756=LINE('',#2753,#2755);
#2757=EDGE_CURVE('',#2752,#2744,#2756,.T.);
#2758=ORIENTED_EDGE('',*,*,#2757,.F.);
#2759=CARTESIAN_POINT('',(0.096850393700788,-0.019291338582677,-0.070472440944882));
#2760=DIRECTION('',(0.0,0.0,1.0));
#2761=VECTOR('',#2760,0.033464566929134);
#2762=LINE('',#2759,#2761);
#2763=EDGE_CURVE('',#2289,#2752,#2762,.T.);
#2764=ORIENTED_EDGE('',*,*,#2763,.F.);
#2765=ORIENTED_EDGE('',*,*,#2294,.F.);
#2766=EDGE_LOOP('',(#2684,#2685,#2686,#2687,#2695,#2703,#2711,#2719,#2727,#2735,#2741,#2742,#2750,#2758,#2764,#2765));
#2767=FACE_OUTER_BOUND('',#2766,.T.);
#2768=ADVANCED_FACE('',(#2767),#2683,.F.);
#2769=CARTESIAN_POINT('',(0.096850393700788,-0.021259842519685,-0.035334645669291));
#2770=DIRECTION('',(1.0,0.0,0.0));
#2771=DIRECTION('',(0.0,0.0,-1.0));
#2772=AXIS2_PLACEMENT_3D('',#2769,#2770,#2771);
#2773=PLANE('',#2772);
#2774=CARTESIAN_POINT('',(0.096850393700788,0.020078740157481,-0.037007874015748));
#2775=VERTEX_POINT('',#2774);
#2776=CARTESIAN_POINT('',(0.096850393700788,0.020078740157481,-0.070472440944882));
#2777=DIRECTION('',(0.0,0.0,1.0));
#2778=VECTOR('',#2777,0.033464566929134);
#2779=LINE('',#2776,#2778);
#2780=EDGE_CURVE('',#2207,#2775,#2779,.T.);
#2781=ORIENTED_EDGE('',*,*,#2780,.F.);
#2782=ORIENTED_EDGE('',*,*,#2300,.F.);
#2783=ORIENTED_EDGE('',*,*,#2763,.T.);
#2784=CARTESIAN_POINT('',(0.096850393700788,0.020078740157481,-0.037007874015748));
#2785=DIRECTION('',(0.0,-1.0,0.0));
#2786=VECTOR('',#2785,0.039370078740158);
#2787=LINE('',#2784,#2786);
#2788=EDGE_CURVE('',#2775,#2752,#2787,.T.);
#2789=ORIENTED_EDGE('',*,*,#2788,.F.);
#2790=EDGE_LOOP('',(#2781,#2782,#2783,#2789));
#2791=FACE_OUTER_BOUND('',#2790,.T.);
#2792=ADVANCED_FACE('',(#2791),#2773,.F.);
#2793=CARTESIAN_POINT('',(-0.09763779527559,-0.021259842519685,-0.072145669291339));
#2794=DIRECTION('',(-1.0,0.0,0.0));
#2795=DIRECTION('',(0.0,0.0,1.0));
#2796=AXIS2_PLACEMENT_3D('',#2793,#2794,#2795);
#2797=PLANE('',#2796);
#2798=ORIENTED_EDGE('',*,*,#2694,.F.);
#2799=ORIENTED_EDGE('',*,*,#2582,.F.);
#2800=CARTESIAN_POINT('',(-0.09763779527559,0.020078740157481,-0.037007874015748));
#2801=VERTEX_POINT('',#2800);
#2802=CARTESIAN_POINT('',(-0.09763779527559,0.020078740157481,-0.070472440944882));
#2803=DIRECTION('',(0.0,0.0,1.0));
#2804=VECTOR('',#2803,0.033464566929134);
#2805=LINE('',#2802,#2804);
#2806=EDGE_CURVE('',#2569,#2801,#2805,.T.);
#2807=ORIENTED_EDGE('',*,*,#2806,.T.);
#2808=CARTESIAN_POINT('',(-0.09763779527559,-0.019291338582677,-0.037007874015748));
#2809=DIRECTION('',(0.0,1.0,0.0));
#2810=VECTOR('',#2809,0.039370078740158);
#2811=LINE('',#2808,#2810);
#2812=EDGE_CURVE('',#2689,#2801,#2811,.T.);
#2813=ORIENTED_EDGE('',*,*,#2812,.F.);
#2814=EDGE_LOOP('',(#2798,#2799,#2807,#2813));
#2815=FACE_OUTER_BOUND('',#2814,.T.);
#2816=ADVANCED_FACE('',(#2815),#2797,.F.);
#2817=CARTESIAN_POINT('',(-0.107362204724409,0.020078740157481,-0.072145669291339));
#2818=DIRECTION('',(0.0,1.0,0.0));
#2819=DIRECTION('',(0.0,0.0,1.0));
#2820=AXIS2_PLACEMENT_3D('',#2817,#2818,#2819);
#2821=PLANE('',#2820);
#2822=ORIENTED_EDGE('',*,*,#2316,.F.);
#2823=ORIENTED_EDGE('',*,*,#2214,.F.);
#2824=ORIENTED_EDGE('',*,*,#2780,.T.);
#2825=CARTESIAN_POINT('',(0.075590551181103,0.020078740157481,-0.037007874015748));
#2826=VERTEX_POINT('',#2825);
#2827=CARTESIAN_POINT('',(0.075590551181103,0.020078740157481,-0.037007874015748));
#2828=DIRECTION('',(1.0,0.0,0.0));
#2829=VECTOR('',#2828,0.021259842519685);
#2830=LINE('',#2827,#2829);
#2831=EDGE_CURVE('',#2826,#2775,#2830,.T.);
#2832=ORIENTED_EDGE('',*,*,#2831,.F.);
#2833=CARTESIAN_POINT('',(0.075590551181103,0.020078740157481,-0.052755905511811));
#2834=DIRECTION('',(0.0,0.0,1.0));
#2835=VECTOR('',#2834,0.015748031496063);
#2836=LINE('',#2833,#2835);
#2837=EDGE_CURVE('',#2645,#2826,#2836,.T.);
#2838=ORIENTED_EDGE('',*,*,#2837,.F.);
#2839=ORIENTED_EDGE('',*,*,#2674,.F.);
#2840=CARTESIAN_POINT('',(0.010629921259843,0.020078740157481,-0.037007874015748));
#2841=VERTEX_POINT('',#2840);
#2842=CARTESIAN_POINT('',(0.010629921259843,0.020078740157481,-0.052755905511811));
#2843=DIRECTION('',(0.0,0.0,1.0));
#2844=VECTOR('',#2843,0.015748031496063);
#2845=LINE('',#2842,#2844);
#2846=EDGE_CURVE('',#2663,#2841,#2845,.T.);
#2847=ORIENTED_EDGE('',*,*,#2846,.T.);
#2848=CARTESIAN_POINT('',(-0.010629921259842,0.020078740157481,-0.037007874015748));
#2849=VERTEX_POINT('',#2848);
#2850=CARTESIAN_POINT('',(-0.010629921259842,0.020078740157481,-0.037007874015748));
#2851=DIRECTION('',(1.0,0.0,0.0));
#2852=VECTOR('',#2851,0.021259842519685);
#2853=LINE('',#2850,#2852);
#2854=EDGE_CURVE('',#2849,#2841,#2853,.T.);
#2855=ORIENTED_EDGE('',*,*,#2854,.F.);
#2856=CARTESIAN_POINT('',(-0.010629921259842,0.020078740157481,-0.052755905511811));
#2857=VERTEX_POINT('',#2856);
#2858=CARTESIAN_POINT('',(-0.010629921259842,0.020078740157481,-0.052755905511811));
#2859=DIRECTION('',(0.0,0.0,1.0));
#2860=VECTOR('',#2859,0.015748031496063);
#2861=LINE('',#2858,#2860);
#2862=EDGE_CURVE('',#2857,#2849,#2861,.T.);
#2863=ORIENTED_EDGE('',*,*,#2862,.F.);
#2864=CARTESIAN_POINT('',(-0.076377952755905,0.020078740157481,-0.052755905511811));
#2865=VERTEX_POINT('',#2864);
#2866=CARTESIAN_POINT('',(-0.076377952755905,0.020078740157481,-0.052755905511811));
#2867=DIRECTION('',(1.0,0.0,0.0));
#2868=VECTOR('',#2867,0.065748031496063);
#2869=LINE('',#2866,#2868);
#2870=EDGE_CURVE('',#2865,#2857,#2869,.T.);
#2871=ORIENTED_EDGE('',*,*,#2870,.F.);
#2872=CARTESIAN_POINT('',(-0.076377952755905,0.020078740157481,-0.037007874015748));
#2873=VERTEX_POINT('',#2872);
#2874=CARTESIAN_POINT('',(-0.076377952755905,0.020078740157481,-0.052755905511811));
#2875=DIRECTION('',(0.0,0.0,1.0));
#2876=VECTOR('',#2875,0.015748031496063);
#2877=LINE('',#2874,#2876);
#2878=EDGE_CURVE('',#2865,#2873,#2877,.T.);
#2879=ORIENTED_EDGE('',*,*,#2878,.T.);
#2880=CARTESIAN_POINT('',(-0.09763779527559,0.020078740157481,-0.037007874015748));
#2881=DIRECTION('',(1.0,0.0,0.0));
#2882=VECTOR('',#2881,0.021259842519685);
#2883=LINE('',#2880,#2882);
#2884=EDGE_CURVE('',#2801,#2873,#2883,.T.);
#2885=ORIENTED_EDGE('',*,*,#2884,.F.);
#2886=ORIENTED_EDGE('',*,*,#2806,.F.);
#2887=ORIENTED_EDGE('',*,*,#2574,.F.);
#2888=ORIENTED_EDGE('',*,*,#2443,.F.);
#2889=ORIENTED_EDGE('',*,*,#2519,.F.);
#2890=EDGE_LOOP('',(#2822,#2823,#2824,#2832,#2838,#2839,#2847,#2855,#2863,#2871,#2879,#2885,#2886,#2887,#2888,#2889));
#2891=FACE_OUTER_BOUND('',#2890,.T.);
#2892=ADVANCED_FACE('',(#2891),#2821,.F.);
#2893=CARTESIAN_POINT('',(-0.079665354330708,-0.021259842519685,-0.052755905511811));
#2894=DIRECTION('',(0.0,0.0,1.0));
#2895=DIRECTION('',(1.0,0.0,0.0));
#2896=AXIS2_PLACEMENT_3D('',#2893,#2894,#2895);
#2897=PLANE('',#2896);
#2898=CARTESIAN_POINT('',(-0.076377952755905,-0.019291338582677,-0.052755905511811));
#2899=DIRECTION('',(0.0,1.0,0.0));
#2900=VECTOR('',#2899,0.039370078740158);
#2901=LINE('',#2898,#2900);
#2902=EDGE_CURVE('',#2705,#2865,#2901,.T.);
#2903=ORIENTED_EDGE('',*,*,#2902,.T.);
#2904=ORIENTED_EDGE('',*,*,#2870,.T.);
#2905=CARTESIAN_POINT('',(-0.010629921259842,0.020078740157481,-0.052755905511811));
#2906=DIRECTION('',(0.0,-1.0,0.0));
#2907=VECTOR('',#2906,0.039370078740158);
#2908=LINE('',#2905,#2907);
#2909=EDGE_CURVE('',#2857,#2713,#2908,.T.);
#2910=ORIENTED_EDGE('',*,*,#2909,.T.);
#2911=ORIENTED_EDGE('',*,*,#2718,.T.);
#2912=EDGE_LOOP('',(#2903,#2904,#2910,#2911));
#2913=FACE_OUTER_BOUND('',#2912,.T.);
#2914=ADVANCED_FACE('',(#2913),#2897,.F.);
#2915=CARTESIAN_POINT('',(-0.011692913385826,-0.021259842519685,-0.037007874015748));
#2916=DIRECTION('',(0.0,0.0,1.0));
#2917=DIRECTION('',(1.0,0.0,0.0));
#2918=AXIS2_PLACEMENT_3D('',#2915,#2916,#2917);
#2919=PLANE('',#2918);
#2920=CARTESIAN_POINT('',(0.010629921259843,0.020078740157481,-0.037007874015748));
#2921=DIRECTION('',(0.0,-1.0,0.0));
#2922=VECTOR('',#2921,0.039370078740158);
#2923=LINE('',#2920,#2922);
#2924=EDGE_CURVE('',#2841,#2729,#2923,.T.);
#2925=ORIENTED_EDGE('',*,*,#2924,.T.);
#2926=ORIENTED_EDGE('',*,*,#2734,.T.);
#2927=CARTESIAN_POINT('',(-0.010629921259842,-0.019291338582677,-0.037007874015748));
#2928=DIRECTION('',(0.0,1.0,0.0));
#2929=VECTOR('',#2928,0.039370078740158);
#2930=LINE('',#2927,#2929);
#2931=EDGE_CURVE('',#2721,#2849,#2930,.T.);
#2932=ORIENTED_EDGE('',*,*,#2931,.T.);
#2933=ORIENTED_EDGE('',*,*,#2854,.T.);
#2934=EDGE_LOOP('',(#2925,#2926,#2932,#2933));
#2935=FACE_OUTER_BOUND('',#2934,.T.);
#2936=ADVANCED_FACE('',(#2935),#2919,.F.);
#2937=CARTESIAN_POINT('',(-0.010629921259842,-0.021259842519685,-0.053543307086614));
#2938=DIRECTION('',(-1.0,0.0,0.0));
#2939=DIRECTION('',(0.0,0.0,1.0));
#2940=AXIS2_PLACEMENT_3D('',#2937,#2938,#2939);
#2941=PLANE('',#2940);
#2942=ORIENTED_EDGE('',*,*,#2931,.F.);
#2943=ORIENTED_EDGE('',*,*,#2726,.F.);
#2944=ORIENTED_EDGE('',*,*,#2909,.F.);
#2945=ORIENTED_EDGE('',*,*,#2862,.T.);
#2946=EDGE_LOOP('',(#2942,#2943,#2944,#2945));
#2947=FACE_OUTER_BOUND('',#2946,.T.);
#2948=ADVANCED_FACE('',(#2947),#2941,.F.);
#2949=CARTESIAN_POINT('',(0.010629921259843,-0.021259842519685,-0.036220472440945));
#2950=DIRECTION('',(1.0,0.0,0.0));
#2951=DIRECTION('',(0.0,0.0,-1.0));
#2952=AXIS2_PLACEMENT_3D('',#2949,#2950,#2951);
#2953=PLANE('',#2952);
#2954=ORIENTED_EDGE('',*,*,#2924,.F.);
#2955=ORIENTED_EDGE('',*,*,#2846,.F.);
#2956=ORIENTED_EDGE('',*,*,#2668,.F.);
#2957=ORIENTED_EDGE('',*,*,#2740,.T.);
#2958=EDGE_LOOP('',(#2954,#2955,#2956,#2957));
#2959=FACE_OUTER_BOUND('',#2958,.T.);
#2960=ADVANCED_FACE('',(#2959),#2953,.F.);
#2961=CARTESIAN_POINT('',(-0.098700787401574,-0.021259842519685,-0.037007874015748));
#2962=DIRECTION('',(0.0,0.0,1.0));
#2963=DIRECTION('',(1.0,0.0,0.0));
#2964=AXIS2_PLACEMENT_3D('',#2961,#2962,#2963);
#2965=PLANE('',#2964);
#2966=CARTESIAN_POINT('',(-0.076377952755905,0.020078740157481,-0.037007874015748));
#2967=DIRECTION('',(0.0,-1.0,0.0));
#2968=VECTOR('',#2967,0.039370078740158);
#2969=LINE('',#2966,#2968);
#2970=EDGE_CURVE('',#2873,#2697,#2969,.T.);
#2971=ORIENTED_EDGE('',*,*,#2970,.T.);
#2972=ORIENTED_EDGE('',*,*,#2702,.T.);
#2973=ORIENTED_EDGE('',*,*,#2812,.T.);
#2974=ORIENTED_EDGE('',*,*,#2884,.T.);
#2975=EDGE_LOOP('',(#2971,#2972,#2973,#2974));
#2976=FACE_OUTER_BOUND('',#2975,.T.);
#2977=ADVANCED_FACE('',(#2976),#2965,.F.);
#2978=CARTESIAN_POINT('',(-0.076377952755905,-0.021259842519685,-0.036220472440945));
#2979=DIRECTION('',(1.0,0.0,0.0));
#2980=DIRECTION('',(0.0,0.0,-1.0));
#2981=AXIS2_PLACEMENT_3D('',#2978,#2979,#2980);
#2982=PLANE('',#2981);
#2983=ORIENTED_EDGE('',*,*,#2970,.F.);
#2984=ORIENTED_EDGE('',*,*,#2878,.F.);
#2985=ORIENTED_EDGE('',*,*,#2902,.F.);
#2986=ORIENTED_EDGE('',*,*,#2710,.T.);
#2987=EDGE_LOOP('',(#2983,#2984,#2985,#2986));
#2988=FACE_OUTER_BOUND('',#2987,.T.);
#2989=ADVANCED_FACE('',(#2988),#2982,.F.);
#2990=CARTESIAN_POINT('',(0.074527559055119,-0.021259842519685,-0.037007874015748));
#2991=DIRECTION('',(0.0,0.0,1.0));
#2992=DIRECTION('',(1.0,0.0,0.0));
#2993=AXIS2_PLACEMENT_3D('',#2990,#2991,#2992);
#2994=PLANE('',#2993);
#2995=CARTESIAN_POINT('',(0.075590551181103,-0.019291338582677,-0.037007874015748));
#2996=DIRECTION('',(0.0,1.0,0.0));
#2997=VECTOR('',#2996,0.039370078740158);
#2998=LINE('',#2995,#2997);
#2999=EDGE_CURVE('',#2744,#2826,#2998,.T.);
#3000=ORIENTED_EDGE('',*,*,#2999,.T.);
#3001=ORIENTED_EDGE('',*,*,#2831,.T.);
#3002=ORIENTED_EDGE('',*,*,#2788,.T.);
#3003=ORIENTED_EDGE('',*,*,#2757,.T.);
#3004=EDGE_LOOP('',(#3000,#3001,#3002,#3003));
#3005=FACE_OUTER_BOUND('',#3004,.T.);
#3006=ADVANCED_FACE('',(#3005),#2994,.F.);
#3007=CARTESIAN_POINT('',(0.075590551181103,-0.021259842519685,-0.053543307086614));
#3008=DIRECTION('',(-1.0,0.0,0.0));
#3009=DIRECTION('',(0.0,0.0,1.0));
#3010=AXIS2_PLACEMENT_3D('',#3007,#3008,#3009);
#3011=PLANE('',#3010);
#3012=ORIENTED_EDGE('',*,*,#2999,.F.);
#3013=ORIENTED_EDGE('',*,*,#2749,.F.);
#3014=ORIENTED_EDGE('',*,*,#2652,.F.);
#3015=ORIENTED_EDGE('',*,*,#2837,.T.);
#3016=EDGE_LOOP('',(#3012,#3013,#3014,#3015));
#3017=FACE_OUTER_BOUND('',#3016,.T.);
#3018=ADVANCED_FACE('',(#3017),#3011,.F.);
#3019=CARTESIAN_POINT('',(0.115830005110174,-0.102362204724409,-0.187673419960463));
#3020=DIRECTION('',(0.0,1.0,0.0));
#3021=DIRECTION('',(0.0,0.0,1.0));
#3022=AXIS2_PLACEMENT_3D('',#3019,#3020,#3021);
#3023=PLANE('',#3022);
#3024=CARTESIAN_POINT('',(0.122047244094488,-0.102362204724409,-0.179692960113548));
#3025=VERTEX_POINT('',#3024);
#3026=CARTESIAN_POINT('',(0.133858267716536,-0.102362204724409,-0.179692960113548));
#3027=VERTEX_POINT('',#3026);
#3028=CARTESIAN_POINT('',(0.122047244094488,-0.102362204724409,-0.179692960113548));
#3029=DIRECTION('',(1.0,0.0,0.0));
#3030=VECTOR('',#3029,0.011811023622048);
#3031=LINE('',#3028,#3030);
#3032=EDGE_CURVE('',#3025,#3027,#3031,.T.);
#3033=ORIENTED_EDGE('',*,*,#3032,.T.);
#3034=CARTESIAN_POINT('',(0.135145880870074,-0.102362204724409,-0.175377936954457));
#3035=VERTEX_POINT('',#3034);
#3036=CARTESIAN_POINT('',(0.141732283464567,-0.102362204724409,-0.179692960113548));
#3037=DIRECTION('',(0.0,1.0,0.0));
#3038=DIRECTION('',(0.836473129500683,0.0,-0.548007941204627));
#3039=AXIS2_PLACEMENT_3D('',#3036,#3037,#3038);
#3040=CIRCLE('',#3039,0.007874015748031);
#3041=EDGE_CURVE('',#3027,#3035,#3040,.T.);
#3042=ORIENTED_EDGE('',*,*,#3041,.T.);
#3043=CARTESIAN_POINT('',(0.15218459576276,-0.102362204724409,-0.149370235063083));
#3044=VERTEX_POINT('',#3043);
#3045=CARTESIAN_POINT('',(0.135145880870074,-0.102362204724409,-0.175377936954457));
#3046=DIRECTION('',(0.548007941204627,0.0,0.836473129500683));
#3047=VECTOR('',#3046,0.031092094861312);
#3048=LINE('',#3045,#3047);
#3049=EDGE_CURVE('',#3035,#3044,#3048,.T.);
#3050=ORIENTED_EDGE('',*,*,#3049,.T.);
#3051=CARTESIAN_POINT('',(0.15218459576276,-0.102362204724409,-0.127795119267625));
#3052=VERTEX_POINT('',#3051);
#3053=CARTESIAN_POINT('',(0.135718589276526,-0.102362204724409,-0.138582677165354));
#3054=DIRECTION('',(0.0,-1.0,0.0));
#3055=DIRECTION('',(0.836473129500681,0.0,-0.548007941204629));
#3056=AXIS2_PLACEMENT_3D('',#3053,#3054,#3055);
#3057=CIRCLE('',#3056,0.019685039370079);
#3058=EDGE_CURVE('',#3044,#3052,#3057,.T.);
#3059=ORIENTED_EDGE('',*,*,#3058,.T.);
#3060=CARTESIAN_POINT('',(0.135145880870074,-0.102362204724409,-0.101787417376252));
#3061=VERTEX_POINT('',#3060);
#3062=CARTESIAN_POINT('',(0.15218459576276,-0.102362204724409,-0.127795119267625));
#3063=DIRECTION('',(-0.548007941204627,0.0,0.836473129500683));
#3064=VECTOR('',#3063,0.031092094861311);
#3065=LINE('',#3062,#3064);
#3066=EDGE_CURVE('',#3052,#3061,#3065,.T.);
#3067=ORIENTED_EDGE('',*,*,#3066,.T.);
#3068=CARTESIAN_POINT('',(0.133858267716536,-0.102362204724409,-0.09747239421716));
#3069=VERTEX_POINT('',#3068);
#3070=CARTESIAN_POINT('',(0.141732283464567,-0.102362204724409,-0.09747239421716));
#3071=DIRECTION('',(0.0,1.0,0.0));
#3072=DIRECTION('',(1.0,0.0,0.0));
#3073=AXIS2_PLACEMENT_3D('',#3070,#3071,#3072);
#3074=CIRCLE('',#3073,0.007874015748031);
#3075=EDGE_CURVE('',#3061,#3069,#3074,.T.);
#3076=ORIENTED_EDGE('',*,*,#3075,.T.);
#3077=CARTESIAN_POINT('',(0.133858267716536,-0.102362204724409,-0.035826771653543));
#3078=VERTEX_POINT('',#3077);
#3079=CARTESIAN_POINT('',(0.133858267716536,-0.102362204724409,-0.09747239421716));
#3080=DIRECTION('',(0.0,0.0,1.0));
#3081=VECTOR('',#3080,0.061645622563617);
#3082=LINE('',#3079,#3081);
#3083=EDGE_CURVE('',#3069,#3078,#3082,.T.);
#3084=ORIENTED_EDGE('',*,*,#3083,.T.);
#3085=CARTESIAN_POINT('',(0.11771251765971,-0.102362204724409,-0.020083763175256));
#3086=VERTEX_POINT('',#3085);
#3087=CARTESIAN_POINT('',(0.118110236220473,-0.102362204724409,-0.035826771653543));
#3088=DIRECTION('',(0.0,-1.0,0.0));
#3089=DIRECTION('',(1.0,0.0,0.0));
#3090=AXIS2_PLACEMENT_3D('',#3087,#3088,#3089);
#3091=CIRCLE('',#3090,0.015748031496063);
#3092=EDGE_CURVE('',#3078,#3086,#3091,.T.);
#3093=ORIENTED_EDGE('',*,*,#3092,.T.);
#3094=CARTESIAN_POINT('',(0.117712517677789,-0.102362204689446,-0.031909904160381));
#3095=VERTEX_POINT('',#3094);
#3096=CARTESIAN_POINT('',(0.117712517686313,-0.102362204659245,-0.031909904160381));
#3097=DIRECTION('',(-2.249508E-009,-5.510144E-009,1.0));
#3098=VECTOR('',#3097,0.011826140985125);
#3099=LINE('',#3096,#3098);
#3100=EDGE_CURVE('',#3095,#3086,#3099,.T.);
#3101=ORIENTED_EDGE('',*,*,#3100,.F.);
#3102=CARTESIAN_POINT('',(0.122047244094488,-0.102362204724409,-0.035826771653543));
#3103=VERTEX_POINT('',#3102);
#3104=CARTESIAN_POINT('',(0.118110236220473,-0.102362204724409,-0.035826771653543));
#3105=DIRECTION('',(0.0,-1.0,0.0));
#3106=DIRECTION('',(-1.0,0.0,0.0));
#3107=AXIS2_PLACEMENT_3D('',#3104,#3105,#3106);
#3108=CIRCLE('',#3107,0.003937007874016);
#3109=EDGE_CURVE('',#3103,#3095,#3108,.T.);
#3110=ORIENTED_EDGE('',*,*,#3109,.F.);
#3111=CARTESIAN_POINT('',(0.122047244094488,-0.102362204724409,-0.09747239421716));
#3112=VERTEX_POINT('',#3111);
#3113=CARTESIAN_POINT('',(0.122047244094488,-0.102362204724409,-0.035826771653543));
#3114=DIRECTION('',(0.0,0.0,-1.0));
#3115=VECTOR('',#3114,0.061645622563617);
#3116=LINE('',#3113,#3115);
#3117=EDGE_CURVE('',#3103,#3112,#3116,.T.);
#3118=ORIENTED_EDGE('',*,*,#3117,.T.);
#3119=CARTESIAN_POINT('',(0.125266276978333,-0.102362204724409,-0.108259952114889));
#3120=VERTEX_POINT('',#3119);
#3121=CARTESIAN_POINT('',(0.141732283464567,-0.102362204724409,-0.09747239421716));
#3122=DIRECTION('',(0.0,-1.0,0.0));
#3123=DIRECTION('',(-1.0,0.0,0.0));
#3124=AXIS2_PLACEMENT_3D('',#3121,#3122,#3123);
#3125=CIRCLE('',#3124,0.019685039370079);
#3126=EDGE_CURVE('',#3112,#3120,#3125,.T.);
#3127=ORIENTED_EDGE('',*,*,#3126,.T.);
#3128=CARTESIAN_POINT('',(0.14230499187102,-0.102362204724409,-0.134267654006263));
#3129=VERTEX_POINT('',#3128);
#3130=CARTESIAN_POINT('',(0.125266276978333,-0.102362204724409,-0.108259952114889));
#3131=DIRECTION('',(0.548007941204631,0.0,-0.83647312950068));
#3132=VECTOR('',#3131,0.031092094861312);
#3133=LINE('',#3130,#3132);
#3134=EDGE_CURVE('',#3120,#3129,#3133,.T.);
#3135=ORIENTED_EDGE('',*,*,#3134,.T.);
#3136=CARTESIAN_POINT('',(0.14230499187102,-0.102362204724409,-0.142897700324446));
#3137=VERTEX_POINT('',#3136);
#3138=CARTESIAN_POINT('',(0.135718589276526,-0.102362204724409,-0.138582677165354));
#3139=DIRECTION('',(0.0,1.0,0.0));
#3140=DIRECTION('',(-0.836473129500681,0.0,0.54800794120463));
#3141=AXIS2_PLACEMENT_3D('',#3138,#3139,#3140);
#3142=CIRCLE('',#3141,0.007874015748031);
#3143=EDGE_CURVE('',#3129,#3137,#3142,.T.);
#3144=ORIENTED_EDGE('',*,*,#3143,.T.);
#3145=CARTESIAN_POINT('',(0.125266276978333,-0.102362204724409,-0.168905402215819));
#3146=VERTEX_POINT('',#3145);
#3147=CARTESIAN_POINT('',(0.14230499187102,-0.102362204724409,-0.142897700324446));
#3148=DIRECTION('',(-0.54800794120463,0.0,-0.836473129500681));
#3149=VECTOR('',#3148,0.031092094861312);
#3150=LINE('',#3147,#3149);
#3151=EDGE_CURVE('',#3137,#3146,#3150,.T.);
#3152=ORIENTED_EDGE('',*,*,#3151,.T.);
#3153=CARTESIAN_POINT('',(0.141732283464567,-0.102362204724409,-0.179692960113548));
#3154=DIRECTION('',(0.0,-1.0,0.0));
#3155=DIRECTION('',(-0.836473129500681,0.0,0.54800794120463));
#3156=AXIS2_PLACEMENT_3D('',#3153,#3154,#3155);
#3157=CIRCLE('',#3156,0.019685039370079);
#3158=EDGE_CURVE('',#3146,#3025,#3157,.T.);
#3159=ORIENTED_EDGE('',*,*,#3158,.T.);
#3160=EDGE_LOOP('',(#3033,#3042,#3050,#3059,#3067,#3076,#3084,#3093,#3101,#3110,#3118,#3127,#3135,#3144,#3152,#3159));
#3161=FACE_OUTER_BOUND('',#3160,.T.);
#3162=ADVANCED_FACE('',(#3161),#3023,.F.);
#3163=CARTESIAN_POINT('',(0.116247609598975,-0.074803149606299,-0.187673671111351));
#3164=DIRECTION('',(0.0,1.0,0.0));
#3165=DIRECTION('',(0.0,0.0,1.0));
#3166=AXIS2_PLACEMENT_3D('',#3163,#3164,#3165);
#3167=PLANE('',#3166);
#3168=CARTESIAN_POINT('',(0.133858267716536,-0.074803149606299,-0.179692960113548));
#3169=VERTEX_POINT('',#3168);
#3170=CARTESIAN_POINT('',(0.122047244094488,-0.074803149606299,-0.179692960113548));
#3171=VERTEX_POINT('',#3170);
#3172=CARTESIAN_POINT('',(0.133858267716536,-0.074803149606299,-0.179692960113548));
#3173=DIRECTION('',(-1.0,0.0,0.0));
#3174=VECTOR('',#3173,0.011811023622048);
#3175=LINE('',#3172,#3174);
#3176=EDGE_CURVE('',#3169,#3171,#3175,.T.);
#3177=ORIENTED_EDGE('',*,*,#3176,.T.);
#3178=CARTESIAN_POINT('',(0.125266276978333,-0.074803149606299,-0.168905402215819));
#3179=VERTEX_POINT('',#3178);
#3180=CARTESIAN_POINT('',(0.141732283464567,-0.074803149606299,-0.179692960113548));
#3181=DIRECTION('',(0.0,-1.0,0.0));
#3182=DIRECTION('',(-0.836473129500681,0.0,0.54800794120463));
#3183=AXIS2_PLACEMENT_3D('',#3180,#3181,#3182);
#3184=CIRCLE('',#3183,0.019685039370079);
#3185=EDGE_CURVE('',#3179,#3171,#3184,.T.);
#3186=ORIENTED_EDGE('',*,*,#3185,.F.);
#3187=CARTESIAN_POINT('',(0.14230499187102,-0.074803149606299,-0.142897700324446));
#3188=VERTEX_POINT('',#3187);
#3189=CARTESIAN_POINT('',(0.14230499187102,-0.074803149606299,-0.142897700324446));
#3190=DIRECTION('',(-0.54800794120463,0.0,-0.836473129500681));
#3191=VECTOR('',#3190,0.031092094861312);
#3192=LINE('',#3189,#3191);
#3193=EDGE_CURVE('',#3188,#3179,#3192,.T.);
#3194=ORIENTED_EDGE('',*,*,#3193,.F.);
#3195=CARTESIAN_POINT('',(0.14230499187102,-0.074803149606299,-0.134267654006263));
#3196=VERTEX_POINT('',#3195);
#3197=CARTESIAN_POINT('',(0.135718589276526,-0.074803149606299,-0.138582677165354));
#3198=DIRECTION('',(0.0,1.0,0.0));
#3199=DIRECTION('',(-0.836473129500681,0.0,0.54800794120463));
#3200=AXIS2_PLACEMENT_3D('',#3197,#3198,#3199);
#3201=CIRCLE('',#3200,0.007874015748031);
#3202=EDGE_CURVE('',#3196,#3188,#3201,.T.);
#3203=ORIENTED_EDGE('',*,*,#3202,.F.);
#3204=CARTESIAN_POINT('',(0.125266276978333,-0.074803149606299,-0.108259952114889));
#3205=VERTEX_POINT('',#3204);
#3206=CARTESIAN_POINT('',(0.125266276978333,-0.074803149606299,-0.108259952114889));
#3207=DIRECTION('',(0.548007941204631,0.0,-0.83647312950068));
#3208=VECTOR('',#3207,0.031092094861312);
#3209=LINE('',#3206,#3208);
#3210=EDGE_CURVE('',#3205,#3196,#3209,.T.);
#3211=ORIENTED_EDGE('',*,*,#3210,.F.);
#3212=CARTESIAN_POINT('',(0.122047244094488,-0.074803149606299,-0.09747239421716));
#3213=VERTEX_POINT('',#3212);
#3214=CARTESIAN_POINT('',(0.141732283464567,-0.074803149606299,-0.09747239421716));
#3215=DIRECTION('',(0.0,-1.0,0.0));
#3216=DIRECTION('',(-1.0,0.0,0.0));
#3217=AXIS2_PLACEMENT_3D('',#3214,#3215,#3216);
#3218=CIRCLE('',#3217,0.019685039370079);
#3219=EDGE_CURVE('',#3213,#3205,#3218,.T.);
#3220=ORIENTED_EDGE('',*,*,#3219,.F.);
#3221=CARTESIAN_POINT('',(0.122047244094488,-0.074803149606299,-0.035826771653543));
#3222=VERTEX_POINT('',#3221);
#3223=CARTESIAN_POINT('',(0.122047244094488,-0.074803149606299,-0.035826771653543));
#3224=DIRECTION('',(0.0,0.0,-1.0));
#3225=VECTOR('',#3224,0.061645622563617);
#3226=LINE('',#3223,#3225);
#3227=EDGE_CURVE('',#3222,#3213,#3226,.T.);
#3228=ORIENTED_EDGE('',*,*,#3227,.F.);
#3229=CARTESIAN_POINT('',(0.118110236220473,-0.074803149606299,-0.031889763779528));
#3230=VERTEX_POINT('',#3229);
#3231=CARTESIAN_POINT('',(0.118110236220473,-0.074803149606299,-0.035826771653543));
#3232=DIRECTION('',(0.0,1.0,0.0));
#3233=DIRECTION('',(-1.0,0.0,0.0));
#3234=AXIS2_PLACEMENT_3D('',#3231,#3232,#3233);
#3235=CIRCLE('',#3234,0.003937007874016);
#3236=EDGE_CURVE('',#3230,#3222,#3235,.T.);
#3237=ORIENTED_EDGE('',*,*,#3236,.F.);
#3238=CARTESIAN_POINT('',(0.118110236220473,-0.074803149606299,-0.02007874015748));
#3239=VERTEX_POINT('',#3238);
#3240=CARTESIAN_POINT('',(0.118110236220473,-0.074803149606299,-0.02007874015748));
#3241=DIRECTION('',(0.0,0.0,-1.0));
#3242=VECTOR('',#3241,0.011811023622048);
#3243=LINE('',#3240,#3242);
#3244=EDGE_CURVE('',#3239,#3230,#3243,.T.);
#3245=ORIENTED_EDGE('',*,*,#3244,.F.);
#3246=CARTESIAN_POINT('',(0.133858267716536,-0.074803149606299,-0.035826771653543));
#3247=VERTEX_POINT('',#3246);
#3248=CARTESIAN_POINT('',(0.118110236220473,-0.074803149606299,-0.035826771653543));
#3249=DIRECTION('',(0.0,-1.0,0.0));
#3250=DIRECTION('',(1.0,0.0,0.0));
#3251=AXIS2_PLACEMENT_3D('',#3248,#3249,#3250);
#3252=CIRCLE('',#3251,0.015748031496063);
#3253=EDGE_CURVE('',#3247,#3239,#3252,.T.);
#3254=ORIENTED_EDGE('',*,*,#3253,.F.);
#3255=CARTESIAN_POINT('',(0.133858267716536,-0.074803149606299,-0.09747239421716));
#3256=VERTEX_POINT('',#3255);
#3257=CARTESIAN_POINT('',(0.133858267716536,-0.074803149606299,-0.09747239421716));
#3258=DIRECTION('',(0.0,0.0,1.0));
#3259=VECTOR('',#3258,0.061645622563617);
#3260=LINE('',#3257,#3259);
#3261=EDGE_CURVE('',#3256,#3247,#3260,.T.);
#3262=ORIENTED_EDGE('',*,*,#3261,.F.);
#3263=CARTESIAN_POINT('',(0.135145880870074,-0.074803149606299,-0.101787417376252));
#3264=VERTEX_POINT('',#3263);
#3265=CARTESIAN_POINT('',(0.141732283464567,-0.074803149606299,-0.09747239421716));
#3266=DIRECTION('',(0.0,1.0,0.0));
#3267=DIRECTION('',(1.0,0.0,0.0));
#3268=AXIS2_PLACEMENT_3D('',#3265,#3266,#3267);
#3269=CIRCLE('',#3268,0.007874015748031);
#3270=EDGE_CURVE('',#3264,#3256,#3269,.T.);
#3271=ORIENTED_EDGE('',*,*,#3270,.F.);
#3272=CARTESIAN_POINT('',(0.15218459576276,-0.074803149606299,-0.127795119267625));
#3273=VERTEX_POINT('',#3272);
#3274=CARTESIAN_POINT('',(0.15218459576276,-0.074803149606299,-0.127795119267625));
#3275=DIRECTION('',(-0.548007941204627,0.0,0.836473129500683));
#3276=VECTOR('',#3275,0.031092094861311);
#3277=LINE('',#3274,#3276);
#3278=EDGE_CURVE('',#3273,#3264,#3277,.T.);
#3279=ORIENTED_EDGE('',*,*,#3278,.F.);
#3280=CARTESIAN_POINT('',(0.15218459576276,-0.074803149606299,-0.149370235063083));
#3281=VERTEX_POINT('',#3280);
#3282=CARTESIAN_POINT('',(0.135718589276526,-0.074803149606299,-0.138582677165354));
#3283=DIRECTION('',(0.0,-1.0,0.0));
#3284=DIRECTION('',(0.836473129500681,0.0,-0.548007941204629));
#3285=AXIS2_PLACEMENT_3D('',#3282,#3283,#3284);
#3286=CIRCLE('',#3285,0.019685039370079);
#3287=EDGE_CURVE('',#3281,#3273,#3286,.T.);
#3288=ORIENTED_EDGE('',*,*,#3287,.F.);
#3289=CARTESIAN_POINT('',(0.135145880870074,-0.074803149606299,-0.175377936954457));
#3290=VERTEX_POINT('',#3289);
#3291=CARTESIAN_POINT('',(0.135145880870074,-0.074803149606299,-0.175377936954457));
#3292=DIRECTION('',(0.548007941204627,0.0,0.836473129500683));
#3293=VECTOR('',#3292,0.031092094861312);
#3294=LINE('',#3291,#3293);
#3295=EDGE_CURVE('',#3290,#3281,#3294,.T.);
#3296=ORIENTED_EDGE('',*,*,#3295,.F.);
#3297=CARTESIAN_POINT('',(0.141732283464567,-0.074803149606299,-0.179692960113548));
#3298=DIRECTION('',(0.0,1.0,0.0));
#3299=DIRECTION('',(0.836473129500683,0.0,-0.548007941204627));
#3300=AXIS2_PLACEMENT_3D('',#3297,#3298,#3299);
#3301=CIRCLE('',#3300,0.007874015748031);
#3302=EDGE_CURVE('',#3169,#3290,#3301,.T.);
#3303=ORIENTED_EDGE('',*,*,#3302,.F.);
#3304=EDGE_LOOP('',(#3177,#3186,#3194,#3203,#3211,#3220,#3228,#3237,#3245,#3254,#3262,#3271,#3279,#3288,#3296,#3303));
#3305=FACE_OUTER_BOUND('',#3304,.T.);
#3306=ADVANCED_FACE('',(#3305),#3167,.T.);
#3307=CARTESIAN_POINT('',(0.118110236220473,-0.103740157480315,-0.035826771653543));
#3308=DIRECTION('',(0.0,1.0,0.0));
#3309=DIRECTION('',(-1.0,0.0,0.0));
#3310=AXIS2_PLACEMENT_3D('',#3307,#3308,#3309);
#3311=CYLINDRICAL_SURFACE('',#3310,0.003937007874016);
#3312=ORIENTED_EDGE('',*,*,#3236,.T.);
#3313=CARTESIAN_POINT('',(0.122047244094488,-0.102362204724409,-0.035826771653543));
#3314=DIRECTION('',(0.0,1.0,0.0));
#3315=VECTOR('',#3314,0.02755905511811);
#3316=LINE('',#3313,#3315);
#3317=EDGE_CURVE('',#3103,#3222,#3316,.T.);
#3318=ORIENTED_EDGE('',*,*,#3317,.F.);
#3319=ORIENTED_EDGE('',*,*,#3109,.T.);
#3320=CARTESIAN_POINT('',(0.118110236220473,-0.098425196850394,-0.031889763779528));
#3321=VERTEX_POINT('',#3320);
#3322=CARTESIAN_POINT('',(0.117712517667289,-0.102362204687285,-0.031909904161207));
#3323=CARTESIAN_POINT('',(0.117979393792446,-0.101054784012112,-0.031882805571177));
#3324=CARTESIAN_POINT('',(0.118110236220473,-0.099712324933076,-0.031889763779527));
#3325=CARTESIAN_POINT('',(0.118110236220473,-0.098425196850394,-0.031889763779527));
#3326=B_SPLINE_CURVE_WITH_KNOTS('',3,(#3322,#3323,#3324,#3325),.UNSPECIFIED.,.F.,.U.,(4,4),(0.024674799915315,0.028536184163361),.UNSPECIFIED.);
#3327=EDGE_CURVE('',#3095,#3321,#3326,.T.);
#3328=ORIENTED_EDGE('',*,*,#3327,.T.);
#3329=CARTESIAN_POINT('',(0.118110236220473,-0.074803149606299,-0.031889763779528));
#3330=DIRECTION('',(0.0,-1.0,0.0));
#3331=VECTOR('',#3330,0.023622047244095);
#3332=LINE('',#3329,#3331);
#3333=EDGE_CURVE('',#3230,#3321,#3332,.T.);
#3334=ORIENTED_EDGE('',*,*,#3333,.F.);
#3335=EDGE_LOOP('',(#3312,#3318,#3319,#3328,#3334));
#3336=FACE_OUTER_BOUND('',#3335,.T.);
#3337=ADVANCED_FACE('',(#3336),#3311,.F.);
#3338=CARTESIAN_POINT('',(0.118110236220473,-0.103740157480315,-0.035826771653543));
#3339=DIRECTION('',(0.0,1.0,0.0));
#3340=DIRECTION('',(-0.698120645516071,0.0,-0.715980142395182));
#3341=AXIS2_PLACEMENT_3D('',#3338,#3339,#3340);
#3342=CYLINDRICAL_SURFACE('',#3341,0.015748031496063);
#3343=ORIENTED_EDGE('',*,*,#3253,.T.);
#3344=CARTESIAN_POINT('',(0.118110236220473,-0.098425196850394,-0.02007874015748));
#3345=VERTEX_POINT('',#3344);
#3346=CARTESIAN_POINT('',(0.118110236220473,-0.098425196850394,-0.02007874015748));
#3347=DIRECTION('',(0.0,1.0,0.0));
#3348=VECTOR('',#3347,0.023622047244095);
#3349=LINE('',#3346,#3348);
#3350=EDGE_CURVE('',#3345,#3239,#3349,.T.);
#3351=ORIENTED_EDGE('',*,*,#3350,.F.);
#3352=CARTESIAN_POINT('',(0.118110236220473,-0.098425196850394,-0.02007874015748));
#3353=CARTESIAN_POINT('',(0.118110236220473,-0.099717335506524,-0.02007874015748));
#3354=CARTESIAN_POINT('',(0.11798101541522,-0.10104683972825,-0.020076980066358));
#3355=CARTESIAN_POINT('',(0.117712517659711,-0.102362204724409,-0.020083763175256));
#3356=B_SPLINE_CURVE_WITH_KNOTS('',3,(#3352,#3353,#3354,#3355),.UNSPECIFIED.,.F.,.U.,(4,4),(-0.068599857887185,-0.064723441918796),.UNSPECIFIED.);
#3357=EDGE_CURVE('',#3345,#3086,#3356,.T.);
#3358=ORIENTED_EDGE('',*,*,#3357,.T.);
#3359=ORIENTED_EDGE('',*,*,#3092,.F.);
#3360=CARTESIAN_POINT('',(0.133858267716536,-0.102362204724409,-0.035826771653543));
#3361=DIRECTION('',(0.0,1.0,0.0));
#3362=VECTOR('',#3361,0.02755905511811);
#3363=LINE('',#3360,#3362);
#3364=EDGE_CURVE('',#3078,#3247,#3363,.T.);
#3365=ORIENTED_EDGE('',*,*,#3364,.T.);
#3366=EDGE_LOOP('',(#3343,#3351,#3358,#3359,#3365));
#3367=FACE_OUTER_BOUND('',#3366,.T.);
#3368=ADVANCED_FACE('',(#3367),#3342,.T.);
#3369=CARTESIAN_POINT('',(0.133858267716536,-0.103740157480315,-0.032744490525362));
#3370=DIRECTION('',(1.0,0.0,0.0));
#3371=DIRECTION('',(0.0,0.0,-1.0));
#3372=AXIS2_PLACEMENT_3D('',#3369,#3370,#3371);
#3373=PLANE('',#3372);
#3374=ORIENTED_EDGE('',*,*,#3261,.T.);
#3375=ORIENTED_EDGE('',*,*,#3364,.F.);
#3376=ORIENTED_EDGE('',*,*,#3083,.F.);
#3377=CARTESIAN_POINT('',(0.133858267716536,-0.102362204724409,-0.09747239421716));
#3378=DIRECTION('',(0.0,1.0,0.0));
#3379=VECTOR('',#3378,0.02755905511811);
#3380=LINE('',#3377,#3379);
#3381=EDGE_CURVE('',#3069,#3256,#3380,.T.);
#3382=ORIENTED_EDGE('',*,*,#3381,.T.);
#3383=EDGE_LOOP('',(#3374,#3375,#3376,#3382));
#3384=FACE_OUTER_BOUND('',#3383,.T.);
#3385=ADVANCED_FACE('',(#3384),#3373,.T.);
#3386=CARTESIAN_POINT('',(0.141732283464567,-0.103740157480315,-0.09747239421716));
#3387=DIRECTION('',(0.0,1.0,0.0));
#3388=DIRECTION('',(1.0,0.0,0.0));
#3389=AXIS2_PLACEMENT_3D('',#3386,#3387,#3388);
#3390=CYLINDRICAL_SURFACE('',#3389,0.007874015748031);
#3391=ORIENTED_EDGE('',*,*,#3270,.T.);
#3392=ORIENTED_EDGE('',*,*,#3381,.F.);
#3393=ORIENTED_EDGE('',*,*,#3075,.F.);
#3394=CARTESIAN_POINT('',(0.135145880870074,-0.102362204724409,-0.101787417376252));
#3395=DIRECTION('',(0.0,1.0,0.0));
#3396=VECTOR('',#3395,0.02755905511811);
#3397=LINE('',#3394,#3396);
#3398=EDGE_CURVE('',#3061,#3264,#3397,.T.);
#3399=ORIENTED_EDGE('',*,*,#3398,.T.);
#3400=EDGE_LOOP('',(#3391,#3392,#3393,#3399));
#3401=FACE_OUTER_BOUND('',#3400,.T.);
#3402=ADVANCED_FACE('',(#3401),#3390,.F.);
#3403=CARTESIAN_POINT('',(0.13429394512544,-0.103740157480315,-0.100487032281683));
#3404=DIRECTION('',(0.836473129500683,0.0,0.548007941204628));
#3405=DIRECTION('',(0.548007941204628,0.0,-0.836473129500682));
#3406=AXIS2_PLACEMENT_3D('',#3403,#3404,#3405);
#3407=PLANE('',#3406);
#3408=ORIENTED_EDGE('',*,*,#3278,.T.);
#3409=ORIENTED_EDGE('',*,*,#3398,.F.);
#3410=ORIENTED_EDGE('',*,*,#3066,.F.);
#3411=CARTESIAN_POINT('',(0.15218459576276,-0.102362204724409,-0.127795119267625));
#3412=DIRECTION('',(0.0,1.0,0.0));
#3413=VECTOR('',#3412,0.02755905511811);
#3414=LINE('',#3411,#3413);
#3415=EDGE_CURVE('',#3052,#3273,#3414,.T.);
#3416=ORIENTED_EDGE('',*,*,#3415,.T.);
#3417=EDGE_LOOP('',(#3408,#3409,#3410,#3416));
#3418=FACE_OUTER_BOUND('',#3417,.T.);
#3419=ADVANCED_FACE('',(#3418),#3407,.T.);
#3420=CARTESIAN_POINT('',(0.135718589276526,-0.103740157480315,-0.138582677165354));
#3421=DIRECTION('',(0.0,1.0,0.0));
#3422=DIRECTION('',(-1.0,0.0,0.0));
#3423=AXIS2_PLACEMENT_3D('',#3420,#3421,#3422);
#3424=CYLINDRICAL_SURFACE('',#3423,0.019685039370079);
#3425=ORIENTED_EDGE('',*,*,#3287,.T.);
#3426=ORIENTED_EDGE('',*,*,#3415,.F.);
#3427=ORIENTED_EDGE('',*,*,#3058,.F.);
#3428=CARTESIAN_POINT('',(0.15218459576276,-0.102362204724409,-0.149370235063083));
#3429=DIRECTION('',(0.0,1.0,0.0));
#3430=VECTOR('',#3429,0.02755905511811);
#3431=LINE('',#3428,#3430);
#3432=EDGE_CURVE('',#3044,#3281,#3431,.T.);
#3433=ORIENTED_EDGE('',*,*,#3432,.T.);
#3434=EDGE_LOOP('',(#3425,#3426,#3427,#3433));
#3435=FACE_OUTER_BOUND('',#3434,.T.);
#3436=ADVANCED_FACE('',(#3435),#3424,.T.);
#3437=CARTESIAN_POINT('',(0.153036531507395,-0.103740157480315,-0.148069849968515));
#3438=DIRECTION('',(0.836473129500683,0.0,-0.548007941204627));
#3439=DIRECTION('',(-0.548007941204627,0.0,-0.836473129500683));
#3440=AXIS2_PLACEMENT_3D('',#3437,#3438,#3439);
#3441=PLANE('',#3440);
#3442=ORIENTED_EDGE('',*,*,#3295,.T.);
#3443=ORIENTED_EDGE('',*,*,#3432,.F.);
#3444=ORIENTED_EDGE('',*,*,#3049,.F.);
#3445=CARTESIAN_POINT('',(0.135145880870074,-0.102362204724409,-0.175377936954457));
#3446=DIRECTION('',(0.0,1.0,0.0));
#3447=VECTOR('',#3446,0.02755905511811);
#3448=LINE('',#3445,#3447);
#3449=EDGE_CURVE('',#3035,#3290,#3448,.T.);
#3450=ORIENTED_EDGE('',*,*,#3449,.T.);
#3451=EDGE_LOOP('',(#3442,#3443,#3444,#3450));
#3452=FACE_OUTER_BOUND('',#3451,.T.);
#3453=ADVANCED_FACE('',(#3452),#3441,.T.);
#3454=CARTESIAN_POINT('',(0.141732283464567,-0.103740157480315,-0.179692960113548));
#3455=DIRECTION('',(0.0,1.0,0.0));
#3456=DIRECTION('',(0.836473129500683,0.0,-0.548007941204627));
#3457=AXIS2_PLACEMENT_3D('',#3454,#3455,#3456);
#3458=CYLINDRICAL_SURFACE('',#3457,0.007874015748031);
#3459=ORIENTED_EDGE('',*,*,#3302,.T.);
#3460=ORIENTED_EDGE('',*,*,#3449,.F.);
#3461=ORIENTED_EDGE('',*,*,#3041,.F.);
#3462=CARTESIAN_POINT('',(0.133858267716536,-0.102362204724409,-0.179692960113548));
#3463=DIRECTION('',(0.0,1.0,0.0));
#3464=VECTOR('',#3463,0.02755905511811);
#3465=LINE('',#3462,#3464);
#3466=EDGE_CURVE('',#3027,#3169,#3465,.T.);
#3467=ORIENTED_EDGE('',*,*,#3466,.T.);
#3468=EDGE_LOOP('',(#3459,#3460,#3461,#3467));
#3469=FACE_OUTER_BOUND('',#3468,.T.);
#3470=ADVANCED_FACE('',(#3469),#3458,.F.);
#3471=CARTESIAN_POINT('',(0.133858267716536,-0.103740157480315,-0.178165797095603));
#3472=DIRECTION('',(1.0,0.0,0.0));
#3473=DIRECTION('',(0.0,0.0,-1.0));
#3474=AXIS2_PLACEMENT_3D('',#3471,#3472,#3473);
#3475=PLANE('',#3474);
#3476=CARTESIAN_POINT('',(0.133858267716536,-0.081740815905119,-0.210236220472441));
#3477=VERTEX_POINT('',#3476);
#3478=CARTESIAN_POINT('',(0.133858267716536,-0.081740815905119,-0.210236220472441));
#3479=DIRECTION('',(-1.772315E-015,0.221500158014824,0.97516033553432));
#3480=VECTOR('',#3479,0.031321270201333);
#3481=LINE('',#3478,#3480);
#3482=EDGE_CURVE('',#3477,#3169,#3481,.T.);
#3483=ORIENTED_EDGE('',*,*,#3482,.T.);
#3484=ORIENTED_EDGE('',*,*,#3466,.F.);
#3485=CARTESIAN_POINT('',(0.133858267716536,-0.095424538425589,-0.210236220472441));
#3486=VERTEX_POINT('',#3485);
#3487=CARTESIAN_POINT('',(0.133858267716536,-0.102362204724409,-0.179692960113548));
#3488=DIRECTION('',(1.772315E-015,0.221500158014824,-0.97516033553432));
#3489=VECTOR('',#3488,0.031321270201333);
#3490=LINE('',#3487,#3489);
#3491=EDGE_CURVE('',#3027,#3486,#3490,.T.);
#3492=ORIENTED_EDGE('',*,*,#3491,.T.);
#3493=CARTESIAN_POINT('',(0.133858267716536,-0.095424538425589,-0.210236220472441));
#3494=DIRECTION('',(0.0,1.0,0.0));
#3495=VECTOR('',#3494,0.01368372252047);
#3496=LINE('',#3493,#3495);
#3497=EDGE_CURVE('',#3486,#3477,#3496,.T.);
#3498=ORIENTED_EDGE('',*,*,#3497,.T.);
#3499=EDGE_LOOP('',(#3483,#3484,#3492,#3498));
#3500=FACE_OUTER_BOUND('',#3499,.T.);
#3501=ADVANCED_FACE('',(#3500),#3475,.T.);
#3502=CARTESIAN_POINT('',(0.141732283464567,-0.103740157480315,-0.179692960113548));
#3503=DIRECTION('',(0.0,1.0,0.0));
#3504=DIRECTION('',(0.958246609568925,0.0,-0.285943062950755));
#3505=AXIS2_PLACEMENT_3D('',#3502,#3503,#3504);
#3506=CYLINDRICAL_SURFACE('',#3505,0.019685039370079);
#3507=ORIENTED_EDGE('',*,*,#3185,.T.);
#3508=CARTESIAN_POINT('',(0.122047244094488,-0.102362204724409,-0.179692960113548));
#3509=DIRECTION('',(0.0,1.0,0.0));
#3510=VECTOR('',#3509,0.02755905511811);
#3511=LINE('',#3508,#3510);
#3512=EDGE_CURVE('',#3025,#3171,#3511,.T.);
#3513=ORIENTED_EDGE('',*,*,#3512,.F.);
#3514=ORIENTED_EDGE('',*,*,#3158,.F.);
#3515=CARTESIAN_POINT('',(0.125266276978333,-0.102362204724409,-0.168905402215819));
#3516=DIRECTION('',(0.0,1.0,0.0));
#3517=VECTOR('',#3516,0.02755905511811);
#3518=LINE('',#3515,#3517);
#3519=EDGE_CURVE('',#3146,#3179,#3518,.T.);
#3520=ORIENTED_EDGE('',*,*,#3519,.T.);
#3521=EDGE_LOOP('',(#3507,#3513,#3514,#3520));
#3522=FACE_OUTER_BOUND('',#3521,.T.);
#3523=ADVANCED_FACE('',(#3522),#3506,.T.);
#3524=CARTESIAN_POINT('',(0.124414341233699,-0.103740157480315,-0.170205787310388));
#3525=DIRECTION('',(-0.836473129500681,0.0,0.54800794120463));
#3526=DIRECTION('',(0.54800794120463,0.0,0.836473129500681));
#3527=AXIS2_PLACEMENT_3D('',#3524,#3525,#3526);
#3528=PLANE('',#3527);
#3529=ORIENTED_EDGE('',*,*,#3193,.T.);
#3530=ORIENTED_EDGE('',*,*,#3519,.F.);
#3531=ORIENTED_EDGE('',*,*,#3151,.F.);
#3532=CARTESIAN_POINT('',(0.14230499187102,-0.102362204724409,-0.142897700324446));
#3533=DIRECTION('',(0.0,1.0,0.0));
#3534=VECTOR('',#3533,0.02755905511811);
#3535=LINE('',#3532,#3534);
#3536=EDGE_CURVE('',#3137,#3188,#3535,.T.);
#3537=ORIENTED_EDGE('',*,*,#3536,.T.);
#3538=EDGE_LOOP('',(#3529,#3530,#3531,#3537));
#3539=FACE_OUTER_BOUND('',#3538,.T.);
#3540=ADVANCED_FACE('',(#3539),#3528,.T.);
#3541=CARTESIAN_POINT('',(0.135718589276526,-0.103740157480315,-0.138582677165354));
#3542=DIRECTION('',(0.0,1.0,0.0));
#3543=DIRECTION('',(-0.836473129500681,0.0,0.54800794120463));
#3544=AXIS2_PLACEMENT_3D('',#3541,#3542,#3543);
#3545=CYLINDRICAL_SURFACE('',#3544,0.007874015748031);
#3546=ORIENTED_EDGE('',*,*,#3202,.T.);
#3547=ORIENTED_EDGE('',*,*,#3536,.F.);
#3548=ORIENTED_EDGE('',*,*,#3143,.F.);
#3549=CARTESIAN_POINT('',(0.14230499187102,-0.102362204724409,-0.134267654006263));
#3550=DIRECTION('',(0.0,1.0,0.0));
#3551=VECTOR('',#3550,0.02755905511811);
#3552=LINE('',#3549,#3551);
#3553=EDGE_CURVE('',#3129,#3196,#3552,.T.);
#3554=ORIENTED_EDGE('',*,*,#3553,.T.);
#3555=EDGE_LOOP('',(#3546,#3547,#3548,#3554));
#3556=FACE_OUTER_BOUND('',#3555,.T.);
#3557=ADVANCED_FACE('',(#3556),#3545,.F.);
#3558=CARTESIAN_POINT('',(0.143156927615654,-0.103740157480315,-0.135568039100832));
#3559=DIRECTION('',(-0.83647312950068,0.0,-0.548007941204631));
#3560=DIRECTION('',(-0.548007941204631,0.0,0.83647312950068));
#3561=AXIS2_PLACEMENT_3D('',#3558,#3559,#3560);
#3562=PLANE('',#3561);
#3563=ORIENTED_EDGE('',*,*,#3210,.T.);
#3564=ORIENTED_EDGE('',*,*,#3553,.F.);
#3565=ORIENTED_EDGE('',*,*,#3134,.F.);
#3566=CARTESIAN_POINT('',(0.125266276978333,-0.102362204724409,-0.108259952114889));
#3567=DIRECTION('',(0.0,1.0,0.0));
#3568=VECTOR('',#3567,0.02755905511811);
#3569=LINE('',#3566,#3568);
#3570=EDGE_CURVE('',#3120,#3205,#3569,.T.);
#3571=ORIENTED_EDGE('',*,*,#3570,.T.);
#3572=EDGE_LOOP('',(#3563,#3564,#3565,#3571));
#3573=FACE_OUTER_BOUND('',#3572,.T.);
#3574=ADVANCED_FACE('',(#3573),#3562,.T.);
#3575=CARTESIAN_POINT('',(0.141732283464567,-0.103740157480315,-0.09747239421716));
#3576=DIRECTION('',(0.0,1.0,0.0));
#3577=DIRECTION('',(0.958246609568925,0.0,0.285943062950755));
#3578=AXIS2_PLACEMENT_3D('',#3575,#3576,#3577);
#3579=CYLINDRICAL_SURFACE('',#3578,0.019685039370079);
#3580=ORIENTED_EDGE('',*,*,#3219,.T.);
#3581=ORIENTED_EDGE('',*,*,#3570,.F.);
#3582=ORIENTED_EDGE('',*,*,#3126,.F.);
#3583=CARTESIAN_POINT('',(0.122047244094488,-0.102362204724409,-0.09747239421716));
#3584=DIRECTION('',(0.0,1.0,0.0));
#3585=VECTOR('',#3584,0.02755905511811);
#3586=LINE('',#3583,#3585);
#3587=EDGE_CURVE('',#3112,#3213,#3586,.T.);
#3588=ORIENTED_EDGE('',*,*,#3587,.T.);
#3589=EDGE_LOOP('',(#3580,#3581,#3582,#3588));
#3590=FACE_OUTER_BOUND('',#3589,.T.);
#3591=ADVANCED_FACE('',(#3590),#3579,.T.);
#3592=CARTESIAN_POINT('',(0.122047244094488,-0.103740157480315,-0.100554675345341));
#3593=DIRECTION('',(-1.0,0.0,0.0));
#3594=DIRECTION('',(0.0,0.0,1.0));
#3595=AXIS2_PLACEMENT_3D('',#3592,#3593,#3594);
#3596=PLANE('',#3595);
#3597=ORIENTED_EDGE('',*,*,#3227,.T.);
#3598=ORIENTED_EDGE('',*,*,#3587,.F.);
#3599=ORIENTED_EDGE('',*,*,#3117,.F.);
#3600=ORIENTED_EDGE('',*,*,#3317,.T.);
#3601=EDGE_LOOP('',(#3597,#3598,#3599,#3600));
#3602=FACE_OUTER_BOUND('',#3601,.T.);
#3603=ADVANCED_FACE('',(#3602),#3596,.T.);
#3604=CARTESIAN_POINT('',(0.122047244094488,-0.103740157480315,-0.211763383490386));
#3605=DIRECTION('',(-1.0,0.0,0.0));
#3606=DIRECTION('',(0.0,0.0,1.0));
#3607=AXIS2_PLACEMENT_3D('',#3604,#3605,#3606);
#3608=PLANE('',#3607);
#3609=CARTESIAN_POINT('',(0.122047244094488,-0.081740815905119,-0.210236220472441));
#3610=VERTEX_POINT('',#3609);
#3611=CARTESIAN_POINT('',(0.122047244094488,-0.074803149606299,-0.179692960113548));
#3612=DIRECTION('',(0.0,-0.221500158014824,-0.97516033553432));
#3613=VECTOR('',#3612,0.031321270201333);
#3614=LINE('',#3611,#3613);
#3615=EDGE_CURVE('',#3171,#3610,#3614,.T.);
#3616=ORIENTED_EDGE('',*,*,#3615,.T.);
#3617=CARTESIAN_POINT('',(0.122047244094488,-0.095424538425589,-0.210236220472441));
#3618=VERTEX_POINT('',#3617);
#3619=CARTESIAN_POINT('',(0.122047244094488,-0.095424538425589,-0.210236220472441));
#3620=DIRECTION('',(0.0,1.0,0.0));
#3621=VECTOR('',#3620,0.01368372252047);
#3622=LINE('',#3619,#3621);
#3623=EDGE_CURVE('',#3618,#3610,#3622,.T.);
#3624=ORIENTED_EDGE('',*,*,#3623,.F.);
#3625=CARTESIAN_POINT('',(0.122047244094488,-0.095424538425589,-0.210236220472441));
#3626=DIRECTION('',(0.0,-0.221500158014824,0.97516033553432));
#3627=VECTOR('',#3626,0.031321270201333);
#3628=LINE('',#3625,#3627);
#3629=EDGE_CURVE('',#3618,#3025,#3628,.T.);
#3630=ORIENTED_EDGE('',*,*,#3629,.T.);
#3631=ORIENTED_EDGE('',*,*,#3512,.T.);
#3632=EDGE_LOOP('',(#3616,#3624,#3630,#3631));
#3633=FACE_OUTER_BOUND('',#3632,.T.);
#3634=ADVANCED_FACE('',(#3633),#3608,.T.);
#3635=CARTESIAN_POINT('',(0.134448818897638,-0.096108724551613,-0.210236220472441));
#3636=DIRECTION('',(0.0,0.0,-1.0));
#3637=DIRECTION('',(-1.0,0.0,0.0));
#3638=AXIS2_PLACEMENT_3D('',#3635,#3636,#3637);
#3639=PLANE('',#3638);
#3640=CARTESIAN_POINT('',(0.122047244094488,-0.081740815905119,-0.210236220472441));
#3641=DIRECTION('',(1.0,0.0,0.0));
#3642=VECTOR('',#3641,0.011811023622048);
#3643=LINE('',#3640,#3642);
#3644=EDGE_CURVE('',#3610,#3477,#3643,.T.);
#3645=ORIENTED_EDGE('',*,*,#3644,.T.);
#3646=ORIENTED_EDGE('',*,*,#3497,.F.);
#3647=CARTESIAN_POINT('',(0.133858267716536,-0.095424538425589,-0.210236220472441));
#3648=DIRECTION('',(-1.0,0.0,0.0));
#3649=VECTOR('',#3648,0.011811023622048);
#3650=LINE('',#3647,#3649);
#3651=EDGE_CURVE('',#3486,#3618,#3650,.T.);
#3652=ORIENTED_EDGE('',*,*,#3651,.T.);
#3653=ORIENTED_EDGE('',*,*,#3623,.T.);
#3654=EDGE_LOOP('',(#3645,#3646,#3652,#3653));
#3655=FACE_OUTER_BOUND('',#3654,.T.);
#3656=ADVANCED_FACE('',(#3655),#3639,.T.);
#3657=CARTESIAN_POINT('',(0.121456692913386,-0.095077655110648,-0.211763383490386));
#3658=DIRECTION('',(-3.202013E-016,0.97516033553432,0.221500158014824));
#3659=DIRECTION('',(8.887371E-033,-0.221500158014824,0.97516033553432));
#3660=AXIS2_PLACEMENT_3D('',#3657,#3658,#3659);
#3661=PLANE('',#3660);
#3662=ORIENTED_EDGE('',*,*,#3629,.F.);
#3663=ORIENTED_EDGE('',*,*,#3651,.F.);
#3664=ORIENTED_EDGE('',*,*,#3491,.F.);
#3665=ORIENTED_EDGE('',*,*,#3032,.F.);
#3666=EDGE_LOOP('',(#3662,#3663,#3664,#3665));
#3667=FACE_OUTER_BOUND('',#3666,.T.);
#3668=ADVANCED_FACE('',(#3667),#3661,.F.);
#3669=CARTESIAN_POINT('',(0.121456692913386,-0.074456266291358,-0.178165797095603));
#3670=DIRECTION('',(-3.202013E-016,-0.97516033553432,0.221500158014824));
#3671=DIRECTION('',(-8.887371E-033,-0.221500158014824,-0.97516033553432));
#3672=AXIS2_PLACEMENT_3D('',#3669,#3670,#3671);
#3673=PLANE('',#3672);
#3674=ORIENTED_EDGE('',*,*,#3615,.F.);
#3675=ORIENTED_EDGE('',*,*,#3176,.F.);
#3676=ORIENTED_EDGE('',*,*,#3482,.F.);
#3677=ORIENTED_EDGE('',*,*,#3644,.F.);
#3678=EDGE_LOOP('',(#3674,#3675,#3676,#3677));
#3679=FACE_OUTER_BOUND('',#3678,.T.);
#3680=ADVANCED_FACE('',(#3679),#3673,.F.);
#3681=CARTESIAN_POINT('',(0.116247609598975,0.074803149606299,-0.012098029159677));
#3682=DIRECTION('',(0.0,-1.0,0.0));
#3683=DIRECTION('',(0.0,0.0,-1.0));
#3684=AXIS2_PLACEMENT_3D('',#3681,#3682,#3683);
#3685=PLANE('',#3684);
#3686=CARTESIAN_POINT('',(0.122047244094488,0.074803149606299,-0.179692960113548));
#3687=VERTEX_POINT('',#3686);
#3688=CARTESIAN_POINT('',(0.133858267716536,0.074803149606299,-0.179692960113548));
#3689=VERTEX_POINT('',#3688);
#3690=CARTESIAN_POINT('',(0.122047244094488,0.074803149606299,-0.179692960113548));
#3691=DIRECTION('',(1.0,0.0,0.0));
#3692=VECTOR('',#3691,0.011811023622048);
#3693=LINE('',#3690,#3692);
#3694=EDGE_CURVE('',#3687,#3689,#3693,.T.);
#3695=ORIENTED_EDGE('',*,*,#3694,.T.);
#3696=CARTESIAN_POINT('',(0.135145880870074,0.074803149606299,-0.175377936954457));
#3697=VERTEX_POINT('',#3696);
#3698=CARTESIAN_POINT('',(0.141732283464567,0.074803149606299,-0.179692960113548));
#3699=DIRECTION('',(0.0,1.0,0.0));
#3700=DIRECTION('',(0.836473129500683,0.0,-0.548007941204627));
#3701=AXIS2_PLACEMENT_3D('',#3698,#3699,#3700);
#3702=CIRCLE('',#3701,0.007874015748031);
#3703=EDGE_CURVE('',#3689,#3697,#3702,.T.);
#3704=ORIENTED_EDGE('',*,*,#3703,.T.);
#3705=CARTESIAN_POINT('',(0.15218459576276,0.074803149606299,-0.149370235063083));
#3706=VERTEX_POINT('',#3705);
#3707=CARTESIAN_POINT('',(0.135145880870074,0.074803149606299,-0.175377936954457));
#3708=DIRECTION('',(0.548007941204627,0.0,0.836473129500683));
#3709=VECTOR('',#3708,0.031092094861312);
#3710=LINE('',#3707,#3709);
#3711=EDGE_CURVE('',#3697,#3706,#3710,.T.);
#3712=ORIENTED_EDGE('',*,*,#3711,.T.);
#3713=CARTESIAN_POINT('',(0.15218459576276,0.074803149606299,-0.127795119267625));
#3714=VERTEX_POINT('',#3713);
#3715=CARTESIAN_POINT('',(0.135718589276526,0.074803149606299,-0.138582677165354));
#3716=DIRECTION('',(0.0,-1.0,0.0));
#3717=DIRECTION('',(0.836473129500681,0.0,-0.548007941204629));
#3718=AXIS2_PLACEMENT_3D('',#3715,#3716,#3717);
#3719=CIRCLE('',#3718,0.019685039370079);
#3720=EDGE_CURVE('',#3706,#3714,#3719,.T.);
#3721=ORIENTED_EDGE('',*,*,#3720,.T.);
#3722=CARTESIAN_POINT('',(0.135145880870074,0.074803149606299,-0.101787417376252));
#3723=VERTEX_POINT('',#3722);
#3724=CARTESIAN_POINT('',(0.15218459576276,0.074803149606299,-0.127795119267625));
#3725=DIRECTION('',(-0.548007941204627,0.0,0.836473129500683));
#3726=VECTOR('',#3725,0.031092094861311);
#3727=LINE('',#3724,#3726);
#3728=EDGE_CURVE('',#3714,#3723,#3727,.T.);
#3729=ORIENTED_EDGE('',*,*,#3728,.T.);
#3730=CARTESIAN_POINT('',(0.133858267716536,0.074803149606299,-0.09747239421716));
#3731=VERTEX_POINT('',#3730);
#3732=CARTESIAN_POINT('',(0.141732283464567,0.074803149606299,-0.09747239421716));
#3733=DIRECTION('',(0.0,1.0,0.0));
#3734=DIRECTION('',(1.0,0.0,0.0));
#3735=AXIS2_PLACEMENT_3D('',#3732,#3733,#3734);
#3736=CIRCLE('',#3735,0.007874015748031);
#3737=EDGE_CURVE('',#3723,#3731,#3736,.T.);
#3738=ORIENTED_EDGE('',*,*,#3737,.T.);
#3739=CARTESIAN_POINT('',(0.133858267716536,0.074803149606299,-0.035826771653543));
#3740=VERTEX_POINT('',#3739);
#3741=CARTESIAN_POINT('',(0.133858267716536,0.074803149606299,-0.09747239421716));
#3742=DIRECTION('',(0.0,0.0,1.0));
#3743=VECTOR('',#3742,0.061645622563617);
#3744=LINE('',#3741,#3743);
#3745=EDGE_CURVE('',#3731,#3740,#3744,.T.);
#3746=ORIENTED_EDGE('',*,*,#3745,.T.);
#3747=CARTESIAN_POINT('',(0.118110236220473,0.074803149606299,-0.02007874015748));
#3748=VERTEX_POINT('',#3747);
#3749=CARTESIAN_POINT('',(0.118110236220473,0.074803149606299,-0.035826771653543));
#3750=DIRECTION('',(0.0,-1.0,0.0));
#3751=DIRECTION('',(1.0,0.0,0.0));
#3752=AXIS2_PLACEMENT_3D('',#3749,#3750,#3751);
#3753=CIRCLE('',#3752,0.015748031496063);
#3754=EDGE_CURVE('',#3740,#3748,#3753,.T.);
#3755=ORIENTED_EDGE('',*,*,#3754,.T.);
#3756=CARTESIAN_POINT('',(0.118110236220473,0.074803149606299,-0.031889763779528));
#3757=VERTEX_POINT('',#3756);
#3758=CARTESIAN_POINT('',(0.118110236220473,0.074803149606299,-0.031889763779528));
#3759=DIRECTION('',(0.0,0.0,1.0));
#3760=VECTOR('',#3759,0.011811023622048);
#3761=LINE('',#3758,#3760);
#3762=EDGE_CURVE('',#3757,#3748,#3761,.T.);
#3763=ORIENTED_EDGE('',*,*,#3762,.F.);
#3764=CARTESIAN_POINT('',(0.122047244094488,0.074803149606299,-0.035826771653543));
#3765=VERTEX_POINT('',#3764);
#3766=CARTESIAN_POINT('',(0.118110236220473,0.074803149606299,-0.035826771653543));
#3767=DIRECTION('',(0.0,1.0,0.0));
#3768=DIRECTION('',(-1.0,0.0,0.0));
#3769=AXIS2_PLACEMENT_3D('',#3766,#3767,#3768);
#3770=CIRCLE('',#3769,0.003937007874016);
#3771=EDGE_CURVE('',#3757,#3765,#3770,.T.);
#3772=ORIENTED_EDGE('',*,*,#3771,.T.);
#3773=CARTESIAN_POINT('',(0.122047244094488,0.074803149606299,-0.09747239421716));
#3774=VERTEX_POINT('',#3773);
#3775=CARTESIAN_POINT('',(0.122047244094488,0.074803149606299,-0.035826771653543));
#3776=DIRECTION('',(0.0,0.0,-1.0));
#3777=VECTOR('',#3776,0.061645622563617);
#3778=LINE('',#3775,#3777);
#3779=EDGE_CURVE('',#3765,#3774,#3778,.T.);
#3780=ORIENTED_EDGE('',*,*,#3779,.T.);
#3781=CARTESIAN_POINT('',(0.125266276978333,0.074803149606299,-0.108259952114889));
#3782=VERTEX_POINT('',#3781);
#3783=CARTESIAN_POINT('',(0.141732283464567,0.074803149606299,-0.09747239421716));
#3784=DIRECTION('',(0.0,-1.0,0.0));
#3785=DIRECTION('',(-1.0,0.0,0.0));
#3786=AXIS2_PLACEMENT_3D('',#3783,#3784,#3785);
#3787=CIRCLE('',#3786,0.019685039370079);
#3788=EDGE_CURVE('',#3774,#3782,#3787,.T.);
#3789=ORIENTED_EDGE('',*,*,#3788,.T.);
#3790=CARTESIAN_POINT('',(0.14230499187102,0.074803149606299,-0.134267654006263));
#3791=VERTEX_POINT('',#3790);
#3792=CARTESIAN_POINT('',(0.125266276978333,0.074803149606299,-0.108259952114889));
#3793=DIRECTION('',(0.548007941204631,0.0,-0.83647312950068));
#3794=VECTOR('',#3793,0.031092094861312);
#3795=LINE('',#3792,#3794);
#3796=EDGE_CURVE('',#3782,#3791,#3795,.T.);
#3797=ORIENTED_EDGE('',*,*,#3796,.T.);
#3798=CARTESIAN_POINT('',(0.14230499187102,0.074803149606299,-0.142897700324446));
#3799=VERTEX_POINT('',#3798);
#3800=CARTESIAN_POINT('',(0.135718589276526,0.074803149606299,-0.138582677165354));
#3801=DIRECTION('',(0.0,1.0,0.0));
#3802=DIRECTION('',(-0.836473129500681,0.0,0.54800794120463));
#3803=AXIS2_PLACEMENT_3D('',#3800,#3801,#3802);
#3804=CIRCLE('',#3803,0.007874015748031);
#3805=EDGE_CURVE('',#3791,#3799,#3804,.T.);
#3806=ORIENTED_EDGE('',*,*,#3805,.T.);
#3807=CARTESIAN_POINT('',(0.125266276978333,0.074803149606299,-0.168905402215819));
#3808=VERTEX_POINT('',#3807);
#3809=CARTESIAN_POINT('',(0.14230499187102,0.074803149606299,-0.142897700324446));
#3810=DIRECTION('',(-0.54800794120463,0.0,-0.836473129500681));
#3811=VECTOR('',#3810,0.031092094861312);
#3812=LINE('',#3809,#3811);
#3813=EDGE_CURVE('',#3799,#3808,#3812,.T.);
#3814=ORIENTED_EDGE('',*,*,#3813,.T.);
#3815=CARTESIAN_POINT('',(0.141732283464567,0.074803149606299,-0.179692960113548));
#3816=DIRECTION('',(0.0,-1.0,0.0));
#3817=DIRECTION('',(-0.836473129500681,0.0,0.54800794120463));
#3818=AXIS2_PLACEMENT_3D('',#3815,#3816,#3817);
#3819=CIRCLE('',#3818,0.019685039370079);
#3820=EDGE_CURVE('',#3808,#3687,#3819,.T.);
#3821=ORIENTED_EDGE('',*,*,#3820,.T.);
#3822=EDGE_LOOP('',(#3695,#3704,#3712,#3721,#3729,#3738,#3746,#3755,#3763,#3772,#3780,#3789,#3797,#3806,#3814,#3821));
#3823=FACE_OUTER_BOUND('',#3822,.T.);
#3824=ADVANCED_FACE('',(#3823),#3685,.T.);
#3825=CARTESIAN_POINT('',(0.118110236220473,0.073425196850393,-0.035826771653543));
#3826=DIRECTION('',(0.0,1.0,0.0));
#3827=DIRECTION('',(-0.670439962101828,0.0,-0.741963784302778));
#3828=AXIS2_PLACEMENT_3D('',#3825,#3826,#3827);
#3829=CYLINDRICAL_SURFACE('',#3828,0.003937007874016);
#3830=ORIENTED_EDGE('',*,*,#3771,.F.);
#3831=CARTESIAN_POINT('',(0.118110236220473,0.098425196850394,-0.031889763779528));
#3832=VERTEX_POINT('',#3831);
#3833=CARTESIAN_POINT('',(0.118110236220473,0.098425196850394,-0.031889763779528));
#3834=DIRECTION('',(0.0,-1.0,0.0));
#3835=VECTOR('',#3834,0.023622047244095);
#3836=LINE('',#3833,#3835);
#3837=EDGE_CURVE('',#3832,#3757,#3836,.T.);
#3838=ORIENTED_EDGE('',*,*,#3837,.F.);
#3839=CARTESIAN_POINT('',(0.11771251765971,0.102362204724409,-0.031909904161977));
#3840=VERTEX_POINT('',#3839);
#3841=CARTESIAN_POINT('',(0.118110236220473,0.098425196850394,-0.031889763779527));
#3842=CARTESIAN_POINT('',(0.118110236220473,0.099712324945257,-0.031889763779527));
#3843=CARTESIAN_POINT('',(0.117979393789882,0.101054784037514,-0.031882805570916));
#3844=CARTESIAN_POINT('',(0.117712517659711,0.102362204724409,-0.031909904161977));
#3845=B_SPLINE_CURVE_WITH_KNOTS('',3,(#3841,#3842,#3843,#3844),.UNSPECIFIED.,.F.,.U.,(4,4),(0.028536184163361,0.032397568447951),.UNSPECIFIED.);
#3846=EDGE_CURVE('',#3832,#3840,#3845,.T.);
#3847=ORIENTED_EDGE('',*,*,#3846,.T.);
#3848=CARTESIAN_POINT('',(0.122047244094488,0.102362204724409,-0.035826771653543));
#3849=VERTEX_POINT('',#3848);
#3850=CARTESIAN_POINT('',(0.118110236220473,0.102362204724409,-0.035826771653543));
#3851=DIRECTION('',(0.0,1.0,0.0));
#3852=DIRECTION('',(-1.0,0.0,0.0));
#3853=AXIS2_PLACEMENT_3D('',#3850,#3851,#3852);
#3854=CIRCLE('',#3853,0.003937007874016);
#3855=EDGE_CURVE('',#3840,#3849,#3854,.T.);
#3856=ORIENTED_EDGE('',*,*,#3855,.T.);
#3857=CARTESIAN_POINT('',(0.122047244094488,0.102362204724409,-0.035826771653543));
#3858=DIRECTION('',(0.0,-1.0,0.0));
#3859=VECTOR('',#3858,0.02755905511811);
#3860=LINE('',#3857,#3859);
#3861=EDGE_CURVE('',#3849,#3765,#3860,.T.);
#3862=ORIENTED_EDGE('',*,*,#3861,.T.);
#3863=EDGE_LOOP('',(#3830,#3838,#3847,#3856,#3862));
#3864=FACE_OUTER_BOUND('',#3863,.T.);
#3865=ADVANCED_FACE('',(#3864),#3829,.F.);
#3866=CARTESIAN_POINT('',(0.118110236220473,0.073425196850394,-0.035826771653543));
#3867=DIRECTION('',(0.0,1.0,0.0));
#3868=DIRECTION('',(-1.0,0.0,0.0));
#3869=AXIS2_PLACEMENT_3D('',#3866,#3867,#3868);
#3870=CYLINDRICAL_SURFACE('',#3869,0.015748031496063);
#3871=ORIENTED_EDGE('',*,*,#3754,.F.);
#3872=CARTESIAN_POINT('',(0.133858267716536,0.102362204724409,-0.035826771653543));
#3873=VERTEX_POINT('',#3872);
#3874=CARTESIAN_POINT('',(0.133858267716536,0.102362204724409,-0.035826771653543));
#3875=DIRECTION('',(0.0,-1.0,0.0));
#3876=VECTOR('',#3875,0.02755905511811);
#3877=LINE('',#3874,#3876);
#3878=EDGE_CURVE('',#3873,#3740,#3877,.T.);
#3879=ORIENTED_EDGE('',*,*,#3878,.F.);
#3880=CARTESIAN_POINT('',(0.117712517659964,0.102362204723907,-0.02008376317525));
#3881=VERTEX_POINT('',#3880);
#3882=CARTESIAN_POINT('',(0.118110236220473,0.102362204724409,-0.035826771653543));
#3883=DIRECTION('',(0.0,1.0,0.0));
#3884=DIRECTION('',(1.0,0.0,0.0));
#3885=AXIS2_PLACEMENT_3D('',#3882,#3883,#3884);
#3886=CIRCLE('',#3885,0.015748031496063);
#3887=EDGE_CURVE('',#3881,#3873,#3886,.T.);
#3888=ORIENTED_EDGE('',*,*,#3887,.F.);
#3889=CARTESIAN_POINT('',(0.118110236220473,0.098425196850394,-0.02007874015748));
#3890=VERTEX_POINT('',#3889);
#3891=CARTESIAN_POINT('',(0.117712517659819,0.102362204723877,-0.020083763175253));
#3892=CARTESIAN_POINT('',(0.117981015415255,0.101046839727891,-0.020076980066359));
#3893=CARTESIAN_POINT('',(0.118110236220473,0.099717335506349,-0.02007874015748));
#3894=CARTESIAN_POINT('',(0.118110236220473,0.098425196850394,-0.02007874015748));
#3895=B_SPLINE_CURVE_WITH_KNOTS('',3,(#3891,#3892,#3893,#3894),.UNSPECIFIED.,.F.,.U.,(4,4),(-0.072476273855052,-0.068599857887185),.UNSPECIFIED.);
#3896=EDGE_CURVE('',#3881,#3890,#3895,.T.);
#3897=ORIENTED_EDGE('',*,*,#3896,.T.);
#3898=CARTESIAN_POINT('',(0.118110236220473,0.074803149606299,-0.02007874015748));
#3899=DIRECTION('',(0.0,1.0,0.0));
#3900=VECTOR('',#3899,0.023622047244095);
#3901=LINE('',#3898,#3900);
#3902=EDGE_CURVE('',#3748,#3890,#3901,.T.);
#3903=ORIENTED_EDGE('',*,*,#3902,.F.);
#3904=EDGE_LOOP('',(#3871,#3879,#3888,#3897,#3903));
#3905=FACE_OUTER_BOUND('',#3904,.T.);
#3906=ADVANCED_FACE('',(#3905),#3870,.T.);
#3907=CARTESIAN_POINT('',(0.133858267716536,0.073425196850393,-0.032744490525362));
#3908=DIRECTION('',(1.0,0.0,0.0));
#3909=DIRECTION('',(0.0,0.0,-1.0));
#3910=AXIS2_PLACEMENT_3D('',#3907,#3908,#3909);
#3911=PLANE('',#3910);
#3912=ORIENTED_EDGE('',*,*,#3745,.F.);
#3913=CARTESIAN_POINT('',(0.133858267716536,0.102362204724409,-0.09747239421716));
#3914=VERTEX_POINT('',#3913);
#3915=CARTESIAN_POINT('',(0.133858267716536,0.102362204724409,-0.09747239421716));
#3916=DIRECTION('',(0.0,-1.0,0.0));
#3917=VECTOR('',#3916,0.02755905511811);
#3918=LINE('',#3915,#3917);
#3919=EDGE_CURVE('',#3914,#3731,#3918,.T.);
#3920=ORIENTED_EDGE('',*,*,#3919,.F.);
#3921=CARTESIAN_POINT('',(0.133858267716536,0.102362204724409,-0.09747239421716));
#3922=DIRECTION('',(0.0,0.0,1.0));
#3923=VECTOR('',#3922,0.061645622563617);
#3924=LINE('',#3921,#3923);
#3925=EDGE_CURVE('',#3914,#3873,#3924,.T.);
#3926=ORIENTED_EDGE('',*,*,#3925,.T.);
#3927=ORIENTED_EDGE('',*,*,#3878,.T.);
#3928=EDGE_LOOP('',(#3912,#3920,#3926,#3927));
#3929=FACE_OUTER_BOUND('',#3928,.T.);
#3930=ADVANCED_FACE('',(#3929),#3911,.T.);
#3931=CARTESIAN_POINT('',(0.141732283464567,0.073425196850394,-0.09747239421716));
#3932=DIRECTION('',(0.0,1.0,0.0));
#3933=DIRECTION('',(0.958246609568914,0.0,0.285943062950795));
#3934=AXIS2_PLACEMENT_3D('',#3931,#3932,#3933);
#3935=CYLINDRICAL_SURFACE('',#3934,0.007874015748032);
#3936=ORIENTED_EDGE('',*,*,#3737,.F.);
#3937=CARTESIAN_POINT('',(0.135145880870074,0.102362204724409,-0.101787417376252));
#3938=VERTEX_POINT('',#3937);
#3939=CARTESIAN_POINT('',(0.135145880870074,0.102362204724409,-0.101787417376252));
#3940=DIRECTION('',(0.0,-1.0,0.0));
#3941=VECTOR('',#3940,0.02755905511811);
#3942=LINE('',#3939,#3941);
#3943=EDGE_CURVE('',#3938,#3723,#3942,.T.);
#3944=ORIENTED_EDGE('',*,*,#3943,.F.);
#3945=CARTESIAN_POINT('',(0.141732283464567,0.102362204724409,-0.09747239421716));
#3946=DIRECTION('',(0.0,1.0,0.0));
#3947=DIRECTION('',(1.0,0.0,0.0));
#3948=AXIS2_PLACEMENT_3D('',#3945,#3946,#3947);
#3949=CIRCLE('',#3948,0.007874015748031);
#3950=EDGE_CURVE('',#3938,#3914,#3949,.T.);
#3951=ORIENTED_EDGE('',*,*,#3950,.T.);
#3952=ORIENTED_EDGE('',*,*,#3919,.T.);
#3953=EDGE_LOOP('',(#3936,#3944,#3951,#3952));
#3954=FACE_OUTER_BOUND('',#3953,.T.);
#3955=ADVANCED_FACE('',(#3954),#3935,.F.);
#3956=CARTESIAN_POINT('',(0.134293945125439,0.073425196850393,-0.100487032281684));
#3957=DIRECTION('',(0.836473129500684,-6.633369E-016,0.548007941204626));
#3958=DIRECTION('',(0.548007941204626,3.682259E-032,-0.836473129500684));
#3959=AXIS2_PLACEMENT_3D('',#3956,#3957,#3958);
#3960=PLANE('',#3959);
#3961=ORIENTED_EDGE('',*,*,#3728,.F.);
#3962=CARTESIAN_POINT('',(0.15218459576276,0.102362204724409,-0.127795119267625));
#3963=VERTEX_POINT('',#3962);
#3964=CARTESIAN_POINT('',(0.15218459576276,0.102362204724409,-0.127795119267625));
#3965=DIRECTION('',(0.0,-1.0,0.0));
#3966=VECTOR('',#3965,0.02755905511811);
#3967=LINE('',#3964,#3966);
#3968=EDGE_CURVE('',#3963,#3714,#3967,.T.);
#3969=ORIENTED_EDGE('',*,*,#3968,.F.);
#3970=CARTESIAN_POINT('',(0.15218459576276,0.102362204724409,-0.127795119267625));
#3971=DIRECTION('',(-0.548007941204627,0.0,0.836473129500683));
#3972=VECTOR('',#3971,0.031092094861311);
#3973=LINE('',#3970,#3972);
#3974=EDGE_CURVE('',#3963,#3938,#3973,.T.);
#3975=ORIENTED_EDGE('',*,*,#3974,.T.);
#3976=ORIENTED_EDGE('',*,*,#3943,.T.);
#3977=EDGE_LOOP('',(#3961,#3969,#3975,#3976));
#3978=FACE_OUTER_BOUND('',#3977,.T.);
#3979=ADVANCED_FACE('',(#3978),#3960,.T.);
#3980=CARTESIAN_POINT('',(0.135718589276526,0.073425196850394,-0.138582677165354));
#3981=DIRECTION('',(0.0,1.0,0.0));
#3982=DIRECTION('',(-0.836473129500682,0.0,0.548007941204628));
#3983=AXIS2_PLACEMENT_3D('',#3980,#3981,#3982);
#3984=CYLINDRICAL_SURFACE('',#3983,0.019685039370079);
#3985=ORIENTED_EDGE('',*,*,#3720,.F.);
#3986=CARTESIAN_POINT('',(0.15218459576276,0.102362204724409,-0.149370235063083));
#3987=VERTEX_POINT('',#3986);
#3988=CARTESIAN_POINT('',(0.15218459576276,0.102362204724409,-0.149370235063083));
#3989=DIRECTION('',(0.0,-1.0,0.0));
#3990=VECTOR('',#3989,0.02755905511811);
#3991=LINE('',#3988,#3990);
#3992=EDGE_CURVE('',#3987,#3706,#3991,.T.);
#3993=ORIENTED_EDGE('',*,*,#3992,.F.);
#3994=CARTESIAN_POINT('',(0.135718589276526,0.102362204724409,-0.138582677165354));
#3995=DIRECTION('',(0.0,-1.0,0.0));
#3996=DIRECTION('',(0.836473129500681,0.0,-0.548007941204629));
#3997=AXIS2_PLACEMENT_3D('',#3994,#3995,#3996);
#3998=CIRCLE('',#3997,0.019685039370079);
#3999=EDGE_CURVE('',#3987,#3963,#3998,.T.);
#4000=ORIENTED_EDGE('',*,*,#3999,.T.);
#4001=ORIENTED_EDGE('',*,*,#3968,.T.);
#4002=EDGE_LOOP('',(#3985,#3993,#4000,#4001));
#4003=FACE_OUTER_BOUND('',#4002,.T.);
#4004=ADVANCED_FACE('',(#4003),#3984,.T.);
#4005=CARTESIAN_POINT('',(0.153036531507394,0.073425196850393,-0.148069849968514));
#4006=DIRECTION('',(0.836473129500684,0.0,-0.548007941204625));
#4007=DIRECTION('',(-0.548007941204625,0.0,-0.836473129500684));
#4008=AXIS2_PLACEMENT_3D('',#4005,#4006,#4007);
#4009=PLANE('',#4008);
#4010=ORIENTED_EDGE('',*,*,#3711,.F.);
#4011=CARTESIAN_POINT('',(0.135145880870074,0.102362204724409,-0.175377936954457));
#4012=VERTEX_POINT('',#4011);
#4013=CARTESIAN_POINT('',(0.135145880870074,0.102362204724409,-0.175377936954457));
#4014=DIRECTION('',(0.0,-1.0,0.0));
#4015=VECTOR('',#4014,0.02755905511811);
#4016=LINE('',#4013,#4015);
#4017=EDGE_CURVE('',#4012,#3697,#4016,.T.);
#4018=ORIENTED_EDGE('',*,*,#4017,.F.);
#4019=CARTESIAN_POINT('',(0.135145880870074,0.102362204724409,-0.175377936954457));
#4020=DIRECTION('',(0.548007941204627,0.0,0.836473129500683));
#4021=VECTOR('',#4020,0.031092094861312);
#4022=LINE('',#4019,#4021);
#4023=EDGE_CURVE('',#4012,#3987,#4022,.T.);
#4024=ORIENTED_EDGE('',*,*,#4023,.T.);
#4025=ORIENTED_EDGE('',*,*,#3992,.T.);
#4026=EDGE_LOOP('',(#4010,#4018,#4024,#4025));
#4027=FACE_OUTER_BOUND('',#4026,.T.);
#4028=ADVANCED_FACE('',(#4027),#4009,.T.);
#4029=CARTESIAN_POINT('',(0.141732283464567,0.073425196850394,-0.179692960113548));
#4030=DIRECTION('',(0.0,1.0,0.0));
#4031=DIRECTION('',(0.958246609568926,0.0,-0.285943062950752));
#4032=AXIS2_PLACEMENT_3D('',#4029,#4030,#4031);
#4033=CYLINDRICAL_SURFACE('',#4032,0.007874015748031);
#4034=ORIENTED_EDGE('',*,*,#3703,.F.);
#4035=CARTESIAN_POINT('',(0.133858267716536,0.102362204724409,-0.179692960113548));
#4036=VERTEX_POINT('',#4035);
#4037=CARTESIAN_POINT('',(0.133858267716536,0.102362204724409,-0.179692960113548));
#4038=DIRECTION('',(0.0,-1.0,0.0));
#4039=VECTOR('',#4038,0.02755905511811);
#4040=LINE('',#4037,#4039);
#4041=EDGE_CURVE('',#4036,#3689,#4040,.T.);
#4042=ORIENTED_EDGE('',*,*,#4041,.F.);
#4043=CARTESIAN_POINT('',(0.141732283464567,0.102362204724409,-0.179692960113548));
#4044=DIRECTION('',(0.0,1.0,0.0));
#4045=DIRECTION('',(0.836473129500683,0.0,-0.548007941204627));
#4046=AXIS2_PLACEMENT_3D('',#4043,#4044,#4045);
#4047=CIRCLE('',#4046,0.007874015748031);
#4048=EDGE_CURVE('',#4036,#4012,#4047,.T.);
#4049=ORIENTED_EDGE('',*,*,#4048,.T.);
#4050=ORIENTED_EDGE('',*,*,#4017,.T.);
#4051=EDGE_LOOP('',(#4034,#4042,#4049,#4050));
#4052=FACE_OUTER_BOUND('',#4051,.T.);
#4053=ADVANCED_FACE('',(#4052),#4033,.F.);
#4054=CARTESIAN_POINT('',(0.122047244094488,0.073425196850393,-0.211763383490386));
#4055=DIRECTION('',(-1.0,0.0,0.0));
#4056=DIRECTION('',(0.0,0.0,1.0));
#4057=AXIS2_PLACEMENT_3D('',#4054,#4055,#4056);
#4058=PLANE('',#4057);
#4059=CARTESIAN_POINT('',(0.122047244094488,0.081740815905119,-0.210236220472441));
#4060=VERTEX_POINT('',#4059);
#4061=CARTESIAN_POINT('',(0.122047244094488,0.081740815905119,-0.210236220472441));
#4062=DIRECTION('',(0.0,-0.221500158014824,0.97516033553432));
#4063=VECTOR('',#4062,0.031321270201333);
#4064=LINE('',#4061,#4063);
#4065=EDGE_CURVE('',#4060,#3687,#4064,.T.);
#4066=ORIENTED_EDGE('',*,*,#4065,.T.);
#4067=CARTESIAN_POINT('',(0.122047244094488,0.102362204724409,-0.179692960113548));
#4068=VERTEX_POINT('',#4067);
#4069=CARTESIAN_POINT('',(0.122047244094488,0.102362204724409,-0.179692960113548));
#4070=DIRECTION('',(0.0,-1.0,0.0));
#4071=VECTOR('',#4070,0.02755905511811);
#4072=LINE('',#4069,#4071);
#4073=EDGE_CURVE('',#4068,#3687,#4072,.T.);
#4074=ORIENTED_EDGE('',*,*,#4073,.F.);
#4075=CARTESIAN_POINT('',(0.122047244094488,0.095424538425589,-0.210236220472441));
#4076=VERTEX_POINT('',#4075);
#4077=CARTESIAN_POINT('',(0.122047244094488,0.102362204724409,-0.179692960113548));
#4078=DIRECTION('',(0.0,-0.221500158014824,-0.97516033553432));
#4079=VECTOR('',#4078,0.031321270201333);
#4080=LINE('',#4077,#4079);
#4081=EDGE_CURVE('',#4068,#4076,#4080,.T.);
#4082=ORIENTED_EDGE('',*,*,#4081,.T.);
#4083=CARTESIAN_POINT('',(0.122047244094488,0.095424538425589,-0.210236220472441));
#4084=DIRECTION('',(0.0,-1.0,0.0));
#4085=VECTOR('',#4084,0.01368372252047);
#4086=LINE('',#4083,#4085);
#4087=EDGE_CURVE('',#4076,#4060,#4086,.T.);
#4088=ORIENTED_EDGE('',*,*,#4087,.T.);
#4089=EDGE_LOOP('',(#4066,#4074,#4082,#4088));
#4090=FACE_OUTER_BOUND('',#4089,.T.);
#4091=ADVANCED_FACE('',(#4090),#4058,.T.);
#4092=CARTESIAN_POINT('',(0.141732283464567,0.073425196850394,-0.179692960113548));
#4093=DIRECTION('',(0.0,1.0,0.0));
#4094=DIRECTION('',(0.836473129500682,0.0,-0.548007941204628));
#4095=AXIS2_PLACEMENT_3D('',#4092,#4093,#4094);
#4096=CYLINDRICAL_SURFACE('',#4095,0.019685039370079);
#4097=ORIENTED_EDGE('',*,*,#3820,.F.);
#4098=CARTESIAN_POINT('',(0.125266276978333,0.102362204724409,-0.168905402215819));
#4099=VERTEX_POINT('',#4098);
#4100=CARTESIAN_POINT('',(0.125266276978333,0.102362204724409,-0.168905402215819));
#4101=DIRECTION('',(0.0,-1.0,0.0));
#4102=VECTOR('',#4101,0.02755905511811);
#4103=LINE('',#4100,#4102);
#4104=EDGE_CURVE('',#4099,#3808,#4103,.T.);
#4105=ORIENTED_EDGE('',*,*,#4104,.F.);
#4106=CARTESIAN_POINT('',(0.141732283464567,0.102362204724409,-0.179692960113548));
#4107=DIRECTION('',(0.0,-1.0,0.0));
#4108=DIRECTION('',(-0.836473129500681,0.0,0.54800794120463));
#4109=AXIS2_PLACEMENT_3D('',#4106,#4107,#4108);
#4110=CIRCLE('',#4109,0.019685039370079);
#4111=EDGE_CURVE('',#4099,#4068,#4110,.T.);
#4112=ORIENTED_EDGE('',*,*,#4111,.T.);
#4113=ORIENTED_EDGE('',*,*,#4073,.T.);
#4114=EDGE_LOOP('',(#4097,#4105,#4112,#4113));
#4115=FACE_OUTER_BOUND('',#4114,.T.);
#4116=ADVANCED_FACE('',(#4115),#4096,.T.);
#4117=CARTESIAN_POINT('',(0.1244143412337,0.073425196850393,-0.170205787310388));
#4118=DIRECTION('',(-0.83647312950068,-4.345793E-016,0.548007941204631));
#4119=DIRECTION('',(0.548007941204631,-2.412400E-032,0.83647312950068));
#4120=AXIS2_PLACEMENT_3D('',#4117,#4118,#4119);
#4121=PLANE('',#4120);
#4122=ORIENTED_EDGE('',*,*,#3813,.F.);
#4123=CARTESIAN_POINT('',(0.14230499187102,0.102362204724409,-0.142897700324446));
#4124=VERTEX_POINT('',#4123);
#4125=CARTESIAN_POINT('',(0.14230499187102,0.102362204724409,-0.142897700324446));
#4126=DIRECTION('',(0.0,-1.0,0.0));
#4127=VECTOR('',#4126,0.02755905511811);
#4128=LINE('',#4125,#4127);
#4129=EDGE_CURVE('',#4124,#3799,#4128,.T.);
#4130=ORIENTED_EDGE('',*,*,#4129,.F.);
#4131=CARTESIAN_POINT('',(0.14230499187102,0.102362204724409,-0.142897700324446));
#4132=DIRECTION('',(-0.548007941204631,0.0,-0.83647312950068));
#4133=VECTOR('',#4132,0.031092094861312);
#4134=LINE('',#4131,#4133);
#4135=EDGE_CURVE('',#4124,#4099,#4134,.T.);
#4136=ORIENTED_EDGE('',*,*,#4135,.T.);
#4137=ORIENTED_EDGE('',*,*,#4104,.T.);
#4138=EDGE_LOOP('',(#4122,#4130,#4136,#4137));
#4139=FACE_OUTER_BOUND('',#4138,.T.);
#4140=ADVANCED_FACE('',(#4139),#4121,.T.);
#4141=CARTESIAN_POINT('',(0.135718589276526,0.073425196850394,-0.138582677165354));
#4142=DIRECTION('',(0.0,1.0,0.0));
#4143=DIRECTION('',(-1.0,0.0,0.0));
#4144=AXIS2_PLACEMENT_3D('',#4141,#4142,#4143);
#4145=CYLINDRICAL_SURFACE('',#4144,0.007874015748032);
#4146=ORIENTED_EDGE('',*,*,#3805,.F.);
#4147=CARTESIAN_POINT('',(0.14230499187102,0.102362204724409,-0.134267654006263));
#4148=VERTEX_POINT('',#4147);
#4149=CARTESIAN_POINT('',(0.14230499187102,0.102362204724409,-0.134267654006263));
#4150=DIRECTION('',(0.0,-1.0,0.0));
#4151=VECTOR('',#4150,0.02755905511811);
#4152=LINE('',#4149,#4151);
#4153=EDGE_CURVE('',#4148,#3791,#4152,.T.);
#4154=ORIENTED_EDGE('',*,*,#4153,.F.);
#4155=CARTESIAN_POINT('',(0.135718589276526,0.102362204724409,-0.138582677165354));
#4156=DIRECTION('',(0.0,1.0,0.0));
#4157=DIRECTION('',(-0.836473129500681,0.0,0.54800794120463));
#4158=AXIS2_PLACEMENT_3D('',#4155,#4156,#4157);
#4159=CIRCLE('',#4158,0.007874015748031);
#4160=EDGE_CURVE('',#4148,#4124,#4159,.T.);
#4161=ORIENTED_EDGE('',*,*,#4160,.T.);
#4162=ORIENTED_EDGE('',*,*,#4129,.T.);
#4163=EDGE_LOOP('',(#4146,#4154,#4161,#4162));
#4164=FACE_OUTER_BOUND('',#4163,.T.);
#4165=ADVANCED_FACE('',(#4164),#4145,.F.);
#4166=CARTESIAN_POINT('',(0.143156927615655,0.073425196850393,-0.135568039100832));
#4167=DIRECTION('',(-0.83647312950068,-9.950054E-016,-0.548007941204631));
#4168=DIRECTION('',(-0.548007941204631,5.523390E-032,0.83647312950068));
#4169=AXIS2_PLACEMENT_3D('',#4166,#4167,#4168);
#4170=PLANE('',#4169);
#4171=ORIENTED_EDGE('',*,*,#3796,.F.);
#4172=CARTESIAN_POINT('',(0.125266276978333,0.102362204724409,-0.108259952114889));
#4173=VERTEX_POINT('',#4172);
#4174=CARTESIAN_POINT('',(0.125266276978333,0.102362204724409,-0.108259952114889));
#4175=DIRECTION('',(0.0,-1.0,0.0));
#4176=VECTOR('',#4175,0.02755905511811);
#4177=LINE('',#4174,#4176);
#4178=EDGE_CURVE('',#4173,#3782,#4177,.T.);
#4179=ORIENTED_EDGE('',*,*,#4178,.F.);
#4180=CARTESIAN_POINT('',(0.125266276978333,0.102362204724409,-0.108259952114889));
#4181=DIRECTION('',(0.548007941204631,0.0,-0.83647312950068));
#4182=VECTOR('',#4181,0.031092094861312);
#4183=LINE('',#4180,#4182);
#4184=EDGE_CURVE('',#4173,#4148,#4183,.T.);
#4185=ORIENTED_EDGE('',*,*,#4184,.T.);
#4186=ORIENTED_EDGE('',*,*,#4153,.T.);
#4187=EDGE_LOOP('',(#4171,#4179,#4185,#4186));
#4188=FACE_OUTER_BOUND('',#4187,.T.);
#4189=ADVANCED_FACE('',(#4188),#4170,.T.);
#4190=CARTESIAN_POINT('',(0.141732283464567,0.073425196850394,-0.09747239421716));
#4191=DIRECTION('',(0.0,1.0,0.0));
#4192=DIRECTION('',(1.0,0.0,0.0));
#4193=AXIS2_PLACEMENT_3D('',#4190,#4191,#4192);
#4194=CYLINDRICAL_SURFACE('',#4193,0.019685039370079);
#4195=ORIENTED_EDGE('',*,*,#3788,.F.);
#4196=CARTESIAN_POINT('',(0.122047244094488,0.102362204724409,-0.09747239421716));
#4197=VERTEX_POINT('',#4196);
#4198=CARTESIAN_POINT('',(0.122047244094488,0.102362204724409,-0.09747239421716));
#4199=DIRECTION('',(0.0,-1.0,0.0));
#4200=VECTOR('',#4199,0.02755905511811);
#4201=LINE('',#4198,#4200);
#4202=EDGE_CURVE('',#4197,#3774,#4201,.T.);
#4203=ORIENTED_EDGE('',*,*,#4202,.F.);
#4204=CARTESIAN_POINT('',(0.141732283464567,0.102362204724409,-0.09747239421716));
#4205=DIRECTION('',(0.0,-1.0,0.0));
#4206=DIRECTION('',(-1.0,0.0,0.0));
#4207=AXIS2_PLACEMENT_3D('',#4204,#4205,#4206);
#4208=CIRCLE('',#4207,0.019685039370079);
#4209=EDGE_CURVE('',#4197,#4173,#4208,.T.);
#4210=ORIENTED_EDGE('',*,*,#4209,.T.);
#4211=ORIENTED_EDGE('',*,*,#4178,.T.);
#4212=EDGE_LOOP('',(#4195,#4203,#4210,#4211));
#4213=FACE_OUTER_BOUND('',#4212,.T.);
#4214=ADVANCED_FACE('',(#4213),#4194,.T.);
#4215=CARTESIAN_POINT('',(0.122047244094488,0.073425196850393,-0.100554675345341));
#4216=DIRECTION('',(-1.0,0.0,0.0));
#4217=DIRECTION('',(0.0,0.0,1.0));
#4218=AXIS2_PLACEMENT_3D('',#4215,#4216,#4217);
#4219=PLANE('',#4218);
#4220=ORIENTED_EDGE('',*,*,#3779,.F.);
#4221=ORIENTED_EDGE('',*,*,#3861,.F.);
#4222=CARTESIAN_POINT('',(0.122047244094488,0.102362204724409,-0.035826771653543));
#4223=DIRECTION('',(0.0,0.0,-1.0));
#4224=VECTOR('',#4223,0.061645622563617);
#4225=LINE('',#4222,#4224);
#4226=EDGE_CURVE('',#3849,#4197,#4225,.T.);
#4227=ORIENTED_EDGE('',*,*,#4226,.T.);
#4228=ORIENTED_EDGE('',*,*,#4202,.T.);
#4229=EDGE_LOOP('',(#4220,#4221,#4227,#4228));
#4230=FACE_OUTER_BOUND('',#4229,.T.);
#4231=ADVANCED_FACE('',(#4230),#4219,.T.);
#4232=CARTESIAN_POINT('',(0.134448818897638,0.081056629779096,-0.210236220472441));
#4233=DIRECTION('',(0.0,0.0,-1.0));
#4234=DIRECTION('',(-1.0,0.0,0.0));
#4235=AXIS2_PLACEMENT_3D('',#4232,#4233,#4234);
#4236=PLANE('',#4235);
#4237=CARTESIAN_POINT('',(0.133858267716536,0.081740815905119,-0.210236220472441));
#4238=VERTEX_POINT('',#4237);
#4239=CARTESIAN_POINT('',(0.133858267716536,0.081740815905119,-0.210236220472441));
#4240=DIRECTION('',(-1.0,0.0,0.0));
#4241=VECTOR('',#4240,0.011811023622048);
#4242=LINE('',#4239,#4241);
#4243=EDGE_CURVE('',#4238,#4060,#4242,.T.);
#4244=ORIENTED_EDGE('',*,*,#4243,.T.);
#4245=ORIENTED_EDGE('',*,*,#4087,.F.);
#4246=CARTESIAN_POINT('',(0.133858267716536,0.095424538425589,-0.210236220472441));
#4247=VERTEX_POINT('',#4246);
#4248=CARTESIAN_POINT('',(0.122047244094488,0.095424538425589,-0.210236220472441));
#4249=DIRECTION('',(1.0,0.0,0.0));
#4250=VECTOR('',#4249,0.011811023622048);
#4251=LINE('',#4248,#4250);
#4252=EDGE_CURVE('',#4076,#4247,#4251,.T.);
#4253=ORIENTED_EDGE('',*,*,#4252,.T.);
#4254=CARTESIAN_POINT('',(0.133858267716536,0.095424538425589,-0.210236220472441));
#4255=DIRECTION('',(0.0,-1.0,0.0));
#4256=VECTOR('',#4255,0.01368372252047);
#4257=LINE('',#4254,#4256);
#4258=EDGE_CURVE('',#4247,#4238,#4257,.T.);
#4259=ORIENTED_EDGE('',*,*,#4258,.T.);
#4260=EDGE_LOOP('',(#4244,#4245,#4253,#4259));
#4261=FACE_OUTER_BOUND('',#4260,.T.);
#4262=ADVANCED_FACE('',(#4261),#4236,.T.);
#4263=CARTESIAN_POINT('',(0.115830005110174,0.102362204724409,-0.012103303328333));
#4264=DIRECTION('',(0.0,-1.0,0.0));
#4265=DIRECTION('',(0.0,0.0,-1.0));
#4266=AXIS2_PLACEMENT_3D('',#4263,#4264,#4265);
#4267=PLANE('',#4266);
#4268=CARTESIAN_POINT('',(0.133858267716536,0.102362204724409,-0.179692960113548));
#4269=DIRECTION('',(-1.0,0.0,0.0));
#4270=VECTOR('',#4269,0.011811023622048);
#4271=LINE('',#4268,#4270);
#4272=EDGE_CURVE('',#4036,#4068,#4271,.T.);
#4273=ORIENTED_EDGE('',*,*,#4272,.T.);
#4274=ORIENTED_EDGE('',*,*,#4111,.F.);
#4275=ORIENTED_EDGE('',*,*,#4135,.F.);
#4276=ORIENTED_EDGE('',*,*,#4160,.F.);
#4277=ORIENTED_EDGE('',*,*,#4184,.F.);
#4278=ORIENTED_EDGE('',*,*,#4209,.F.);
#4279=ORIENTED_EDGE('',*,*,#4226,.F.);
#4280=ORIENTED_EDGE('',*,*,#3855,.F.);
#4281=CARTESIAN_POINT('',(0.11771251765971,0.102362204724409,-0.031909904161977));
#4282=DIRECTION('',(2.551037E-011,-6.248685E-011,1.0));
#4283=VECTOR('',#4282,0.011826140986727);
#4284=LINE('',#4281,#4283);
#4285=EDGE_CURVE('',#3840,#3881,#4284,.T.);
#4286=ORIENTED_EDGE('',*,*,#4285,.T.);
#4287=ORIENTED_EDGE('',*,*,#3887,.T.);
#4288=ORIENTED_EDGE('',*,*,#3925,.F.);
#4289=ORIENTED_EDGE('',*,*,#3950,.F.);
#4290=ORIENTED_EDGE('',*,*,#3974,.F.);
#4291=ORIENTED_EDGE('',*,*,#3999,.F.);
#4292=ORIENTED_EDGE('',*,*,#4023,.F.);
#4293=ORIENTED_EDGE('',*,*,#4048,.F.);
#4294=EDGE_LOOP('',(#4273,#4274,#4275,#4276,#4277,#4278,#4279,#4280,#4286,#4287,#4288,#4289,#4290,#4291,#4292,#4293));
#4295=FACE_OUTER_BOUND('',#4294,.T.);
#4296=ADVANCED_FACE('',(#4295),#4267,.F.);
#4297=CARTESIAN_POINT('',(0.133858267716536,0.073425196850393,-0.178165797095603));
#4298=DIRECTION('',(1.0,0.0,0.0));
#4299=DIRECTION('',(0.0,0.0,-1.0));
#4300=AXIS2_PLACEMENT_3D('',#4297,#4298,#4299);
#4301=PLANE('',#4300);
#4302=CARTESIAN_POINT('',(0.133858267716536,0.074803149606299,-0.179692960113548));
#4303=DIRECTION('',(1.772315E-015,0.221500158014824,-0.97516033553432));
#4304=VECTOR('',#4303,0.031321270201333);
#4305=LINE('',#4302,#4304);
#4306=EDGE_CURVE('',#3689,#4238,#4305,.T.);
#4307=ORIENTED_EDGE('',*,*,#4306,.T.);
#4308=ORIENTED_EDGE('',*,*,#4258,.F.);
#4309=CARTESIAN_POINT('',(0.133858267716536,0.095424538425589,-0.210236220472441));
#4310=DIRECTION('',(-1.772315E-015,0.221500158014824,0.97516033553432));
#4311=VECTOR('',#4310,0.031321270201333);
#4312=LINE('',#4309,#4311);
#4313=EDGE_CURVE('',#4247,#4036,#4312,.T.);
#4314=ORIENTED_EDGE('',*,*,#4313,.T.);
#4315=ORIENTED_EDGE('',*,*,#4041,.T.);
#4316=EDGE_LOOP('',(#4307,#4308,#4314,#4315));
#4317=FACE_OUTER_BOUND('',#4316,.T.);
#4318=ADVANCED_FACE('',(#4317),#4301,.T.);
#4319=CARTESIAN_POINT('',(0.121456692913386,0.10270908803935,-0.178165797095603));
#4320=DIRECTION('',(0.0,-0.975160335534321,0.221500158014823));
#4321=DIRECTION('',(0.0,-0.221500158014823,-0.975160335534321));
#4322=AXIS2_PLACEMENT_3D('',#4319,#4320,#4321);
#4323=PLANE('',#4322);
#4324=ORIENTED_EDGE('',*,*,#4081,.F.);
#4325=ORIENTED_EDGE('',*,*,#4272,.F.);
#4326=ORIENTED_EDGE('',*,*,#4313,.F.);
#4327=ORIENTED_EDGE('',*,*,#4252,.F.);
#4328=EDGE_LOOP('',(#4324,#4325,#4326,#4327));
#4329=FACE_OUTER_BOUND('',#4328,.T.);
#4330=ADVANCED_FACE('',(#4329),#4323,.F.);
#4331=CARTESIAN_POINT('',(0.121456692913386,0.08208769922006,-0.211763383490386));
#4332=DIRECTION('',(-8.197153E-016,0.97516033553432,0.221500158014823));
#4333=DIRECTION('',(0.0,-0.221500158014823,0.97516033553432));
#4334=AXIS2_PLACEMENT_3D('',#4331,#4332,#4333);
#4335=PLANE('',#4334);
#4336=ORIENTED_EDGE('',*,*,#4065,.F.);
#4337=ORIENTED_EDGE('',*,*,#4243,.F.);
#4338=ORIENTED_EDGE('',*,*,#4306,.F.);
#4339=ORIENTED_EDGE('',*,*,#3694,.F.);
#4340=EDGE_LOOP('',(#4336,#4337,#4338,#4339));
#4341=FACE_OUTER_BOUND('',#4340,.T.);
#4342=ADVANCED_FACE('',(#4341),#4335,.F.);
#4343=CARTESIAN_POINT('',(-0.15722539527193,-0.074803149606299,-0.187673671111348));
#4344=DIRECTION('',(0.0,1.0,0.0));
#4345=DIRECTION('',(0.0,0.0,1.0));
#4346=AXIS2_PLACEMENT_3D('',#4343,#4344,#4345);
#4347=PLANE('',#4346);
#4348=CARTESIAN_POINT('',(-0.122047244094495,-0.074803149606299,-0.179692960113545));
#4349=VERTEX_POINT('',#4348);
#4350=CARTESIAN_POINT('',(-0.133858267716542,-0.074803149606299,-0.179692960113544));
#4351=VERTEX_POINT('',#4350);
#4352=CARTESIAN_POINT('',(-0.122047244094495,-0.074803149606299,-0.179692960113545));
#4353=DIRECTION('',(-1.0,0.0,0.0));
#4354=VECTOR('',#4353,0.011811023622047);
#4355=LINE('',#4352,#4354);
#4356=EDGE_CURVE('',#4349,#4351,#4355,.T.);
#4357=ORIENTED_EDGE('',*,*,#4356,.T.);
#4358=CARTESIAN_POINT('',(-0.13514588087008,-0.074803149606299,-0.175377936954453));
#4359=VERTEX_POINT('',#4358);
#4360=CARTESIAN_POINT('',(-0.141732283464574,-0.074803149606299,-0.179692960113544));
#4361=DIRECTION('',(0.0,-1.0,0.0));
#4362=DIRECTION('',(-0.8364731295007,0.0,-0.548007941204601));
#4363=AXIS2_PLACEMENT_3D('',#4360,#4361,#4362);
#4364=CIRCLE('',#4363,0.007874015748031);
#4365=EDGE_CURVE('',#4351,#4359,#4364,.T.);
#4366=ORIENTED_EDGE('',*,*,#4365,.T.);
#4367=CARTESIAN_POINT('',(-0.152184595762766,-0.074803149606299,-0.149370235063079));
#4368=VERTEX_POINT('',#4367);
#4369=CARTESIAN_POINT('',(-0.13514588087008,-0.074803149606299,-0.175377936954453));
#4370=DIRECTION('',(-0.5480079412046,1.339034E-015,0.8364731295007));
#4371=VECTOR('',#4370,0.031092094861312);
#4372=LINE('',#4369,#4371);
#4373=EDGE_CURVE('',#4359,#4368,#4372,.T.);
#4374=ORIENTED_EDGE('',*,*,#4373,.T.);
#4375=CARTESIAN_POINT('',(-0.152184595762765,-0.074803149606299,-0.127795119267621));
#4376=VERTEX_POINT('',#4375);
#4377=CARTESIAN_POINT('',(-0.135718589276532,-0.074803149606299,-0.13858267716535));
#4378=DIRECTION('',(0.0,1.0,0.0));
#4379=DIRECTION('',(-0.836473129500698,0.0,-0.548007941204604));
#4380=AXIS2_PLACEMENT_3D('',#4377,#4378,#4379);
#4381=CIRCLE('',#4380,0.019685039370079);
#4382=EDGE_CURVE('',#4368,#4376,#4381,.T.);
#4383=ORIENTED_EDGE('',*,*,#4382,.T.);
#4384=CARTESIAN_POINT('',(-0.135145880870078,-0.074803149606299,-0.101787417376248));
#4385=VERTEX_POINT('',#4384);
#4386=CARTESIAN_POINT('',(-0.152184595762765,-0.074803149606299,-0.127795119267621));
#4387=DIRECTION('',(0.548007941204652,-1.339034E-015,0.836473129500666));
#4388=VECTOR('',#4387,0.031092094861312);
#4389=LINE('',#4386,#4388);
#4390=EDGE_CURVE('',#4376,#4385,#4389,.T.);
#4391=ORIENTED_EDGE('',*,*,#4390,.T.);
#4392=CARTESIAN_POINT('',(-0.13385826771654,-0.074803149606299,-0.097472394217156));
#4393=VERTEX_POINT('',#4392);
#4394=CARTESIAN_POINT('',(-0.141732283464571,-0.074803149606299,-0.097472394217156));
#4395=DIRECTION('',(0.0,-1.0,0.0));
#4396=DIRECTION('',(-1.0,0.0,0.0));
#4397=AXIS2_PLACEMENT_3D('',#4394,#4395,#4396);
#4398=CIRCLE('',#4397,0.007874015748031);
#4399=EDGE_CURVE('',#4385,#4393,#4398,.T.);
#4400=ORIENTED_EDGE('',*,*,#4399,.T.);
#4401=CARTESIAN_POINT('',(-0.133858267716539,-0.074803149606299,-0.035826771653539));
#4402=VERTEX_POINT('',#4401);
#4403=CARTESIAN_POINT('',(-0.13385826771654,-0.074803149606299,-0.097472394217156));
#4404=DIRECTION('',(0.0,0.0,1.0));
#4405=VECTOR('',#4404,0.061645622563617);
#4406=LINE('',#4403,#4405);
#4407=EDGE_CURVE('',#4393,#4402,#4406,.T.);
#4408=ORIENTED_EDGE('',*,*,#4407,.T.);
#4409=CARTESIAN_POINT('',(-0.118110236220475,-0.074803149606299,-0.020078740157477));
#4410=VERTEX_POINT('',#4409);
#4411=CARTESIAN_POINT('',(-0.118110236220475,-0.074803149606299,-0.03582677165354));
#4412=DIRECTION('',(0.0,1.0,0.0));
#4413=DIRECTION('',(-1.0,0.0,0.0));
#4414=AXIS2_PLACEMENT_3D('',#4411,#4412,#4413);
#4415=CIRCLE('',#4414,0.015748031496063);
#4416=EDGE_CURVE('',#4402,#4410,#4415,.T.);
#4417=ORIENTED_EDGE('',*,*,#4416,.T.);
#4418=CARTESIAN_POINT('',(-0.118110236220475,-0.074803149606299,-0.031889763779524));
#4419=VERTEX_POINT('',#4418);
#4420=CARTESIAN_POINT('',(-0.118110236220475,-0.074803149606299,-0.031889763779524));
#4421=DIRECTION('',(0.0,0.0,1.0));
#4422=VECTOR('',#4421,0.011811023622047);
#4423=LINE('',#4420,#4422);
#4424=EDGE_CURVE('',#4419,#4410,#4423,.T.);
#4425=ORIENTED_EDGE('',*,*,#4424,.F.);
#4426=CARTESIAN_POINT('',(-0.122047244094491,-0.074803149606299,-0.03582677165354));
#4427=VERTEX_POINT('',#4426);
#4428=CARTESIAN_POINT('',(-0.118110236220475,-0.074803149606299,-0.03582677165354));
#4429=DIRECTION('',(0.0,-1.0,0.0));
#4430=DIRECTION('',(1.0,0.0,0.0));
#4431=AXIS2_PLACEMENT_3D('',#4428,#4429,#4430);
#4432=CIRCLE('',#4431,0.003937007874016);
#4433=EDGE_CURVE('',#4419,#4427,#4432,.T.);
#4434=ORIENTED_EDGE('',*,*,#4433,.T.);
#4435=CARTESIAN_POINT('',(-0.122047244094492,-0.074803149606299,-0.097472394217156));
#4436=VERTEX_POINT('',#4435);
#4437=CARTESIAN_POINT('',(-0.122047244094491,-0.074803149606299,-0.03582677165354));
#4438=DIRECTION('',(0.0,0.0,-1.0));
#4439=VECTOR('',#4438,0.061645622563616);
#4440=LINE('',#4437,#4439);
#4441=EDGE_CURVE('',#4427,#4436,#4440,.T.);
#4442=ORIENTED_EDGE('',*,*,#4441,.T.);
#4443=CARTESIAN_POINT('',(-0.125266276978338,-0.074803149606299,-0.108259952114885));
#4444=VERTEX_POINT('',#4443);
#4445=CARTESIAN_POINT('',(-0.141732283464571,-0.074803149606299,-0.097472394217156));
#4446=DIRECTION('',(0.0,1.0,0.0));
#4447=DIRECTION('',(1.0,0.0,0.0));
#4448=AXIS2_PLACEMENT_3D('',#4445,#4446,#4447);
#4449=CIRCLE('',#4448,0.019685039370079);
#4450=EDGE_CURVE('',#4436,#4444,#4449,.T.);
#4451=ORIENTED_EDGE('',*,*,#4450,.T.);
#4452=CARTESIAN_POINT('',(-0.142304991871025,-0.074803149606299,-0.134267654006258));
#4453=VERTEX_POINT('',#4452);
#4454=CARTESIAN_POINT('',(-0.125266276978338,-0.074803149606299,-0.108259952114885));
#4455=DIRECTION('',(-0.548007941204657,1.339034E-015,-0.836473129500663));
#4456=VECTOR('',#4455,0.031092094861312);
#4457=LINE('',#4454,#4456);
#4458=EDGE_CURVE('',#4444,#4453,#4457,.T.);
#4459=ORIENTED_EDGE('',*,*,#4458,.T.);
#4460=CARTESIAN_POINT('',(-0.142304991871025,-0.074803149606299,-0.142897700324442));
#4461=VERTEX_POINT('',#4460);
#4462=CARTESIAN_POINT('',(-0.135718589276532,-0.074803149606299,-0.13858267716535));
#4463=DIRECTION('',(0.0,-1.0,0.0));
#4464=DIRECTION('',(0.836473129500697,0.0,0.548007941204605));
#4465=AXIS2_PLACEMENT_3D('',#4462,#4463,#4464);
#4466=CIRCLE('',#4465,0.007874015748031);
#4467=EDGE_CURVE('',#4453,#4461,#4466,.T.);
#4468=ORIENTED_EDGE('',*,*,#4467,.T.);
#4469=CARTESIAN_POINT('',(-0.12526627697834,-0.074803149606299,-0.168905402215816));
#4470=VERTEX_POINT('',#4469);
#4471=CARTESIAN_POINT('',(-0.142304991871025,-0.074803149606299,-0.142897700324442));
#4472=DIRECTION('',(0.548007941204604,-1.339034E-015,-0.836473129500698));
#4473=VECTOR('',#4472,0.031092094861311);
#4474=LINE('',#4471,#4473);
#4475=EDGE_CURVE('',#4461,#4470,#4474,.T.);
#4476=ORIENTED_EDGE('',*,*,#4475,.T.);
#4477=CARTESIAN_POINT('',(-0.141732283464574,-0.074803149606299,-0.179692960113544));
#4478=DIRECTION('',(0.0,1.0,0.0));
#4479=DIRECTION('',(0.836473129500698,0.0,0.548007941204604));
#4480=AXIS2_PLACEMENT_3D('',#4477,#4478,#4479);
#4481=CIRCLE('',#4480,0.019685039370079);
#4482=EDGE_CURVE('',#4470,#4349,#4481,.T.);
#4483=ORIENTED_EDGE('',*,*,#4482,.T.);
#4484=EDGE_LOOP('',(#4357,#4366,#4374,#4383,#4391,#4400,#4408,#4417,#4425,#4434,#4442,#4451,#4459,#4468,#4476,#4483));
#4485=FACE_OUTER_BOUND('',#4484,.T.);
#4486=ADVANCED_FACE('',(#4485),#4347,.T.);
#4487=CARTESIAN_POINT('',(-0.118110236220475,-0.073425196850394,-0.03582677165354));
#4488=DIRECTION('',(0.0,-1.0,0.0));
#4489=DIRECTION('',(0.670439962101641,0.0,-0.741963784302947));
#4490=AXIS2_PLACEMENT_3D('',#4487,#4488,#4489);
#4491=CYLINDRICAL_SURFACE('',#4490,0.003937007874016);
#4492=ORIENTED_EDGE('',*,*,#4433,.F.);
#4493=CARTESIAN_POINT('',(-0.118110236220472,-0.098425196850394,-0.031889763779524));
#4494=VERTEX_POINT('',#4493);
#4495=CARTESIAN_POINT('',(-0.118110236220472,-0.098425196850394,-0.031889763779524));
#4496=DIRECTION('',(-1.092737E-013,1.0,4.993691E-015));
#4497=VECTOR('',#4496,0.023622047244095);
#4498=LINE('',#4495,#4497);
#4499=EDGE_CURVE('',#4494,#4419,#4498,.T.);
#4500=ORIENTED_EDGE('',*,*,#4499,.F.);
#4501=CARTESIAN_POINT('',(-0.11771251765971,-0.102362204724409,-0.031909904161974));
#4502=VERTEX_POINT('',#4501);
#4503=CARTESIAN_POINT('',(-0.118110236220473,-0.098425196850394,-0.031889763779524));
#4504=CARTESIAN_POINT('',(-0.118110236220473,-0.099712324945257,-0.031889763779524));
#4505=CARTESIAN_POINT('',(-0.117979393789882,-0.101054784037513,-0.031882805570913));
#4506=CARTESIAN_POINT('',(-0.117712517659711,-0.102362204724409,-0.031909904161974));
#4507=B_SPLINE_CURVE_WITH_KNOTS('',3,(#4503,#4504,#4505,#4506),.UNSPECIFIED.,.F.,.U.,(4,4),(0.028536184163353,0.032397568447943),.UNSPECIFIED.);
#4508=EDGE_CURVE('',#4494,#4502,#4507,.T.);
#4509=ORIENTED_EDGE('',*,*,#4508,.T.);
#4510=CARTESIAN_POINT('',(-0.122047244094491,-0.102362204724409,-0.03582677165354));
#4511=VERTEX_POINT('',#4510);
#4512=CARTESIAN_POINT('',(-0.118110236220475,-0.102362204724409,-0.03582677165354));
#4513=DIRECTION('',(0.0,-1.0,0.0));
#4514=DIRECTION('',(1.0,0.0,0.0));
#4515=AXIS2_PLACEMENT_3D('',#4512,#4513,#4514);
#4516=CIRCLE('',#4515,0.003937007874016);
#4517=EDGE_CURVE('',#4502,#4511,#4516,.T.);
#4518=ORIENTED_EDGE('',*,*,#4517,.T.);
#4519=CARTESIAN_POINT('',(-0.122047244094491,-0.102362204724409,-0.03582677165354));
#4520=DIRECTION('',(0.0,1.0,0.0));
#4521=VECTOR('',#4520,0.02755905511811);
#4522=LINE('',#4519,#4521);
#4523=EDGE_CURVE('',#4511,#4427,#4522,.T.);
#4524=ORIENTED_EDGE('',*,*,#4523,.T.);
#4525=EDGE_LOOP('',(#4492,#4500,#4509,#4518,#4524));
#4526=FACE_OUTER_BOUND('',#4525,.T.);
#4527=ADVANCED_FACE('',(#4526),#4491,.F.);
#4528=CARTESIAN_POINT('',(-0.118110236220475,-0.073425196850394,-0.03582677165354));
#4529=DIRECTION('',(0.0,-1.0,0.0));
#4530=DIRECTION('',(1.0,0.0,0.0));
#4531=AXIS2_PLACEMENT_3D('',#4528,#4529,#4530);
#4532=CYLINDRICAL_SURFACE('',#4531,0.015748031496063);
#4533=ORIENTED_EDGE('',*,*,#4416,.F.);
#4534=CARTESIAN_POINT('',(-0.133858267716539,-0.102362204724409,-0.035826771653539));
#4535=VERTEX_POINT('',#4534);
#4536=CARTESIAN_POINT('',(-0.133858267716538,-0.102362204724409,-0.035826771653539));
#4537=DIRECTION('',(0.0,1.0,0.0));
#4538=VECTOR('',#4537,0.02755905511811);
#4539=LINE('',#4536,#4538);
#4540=EDGE_CURVE('',#4535,#4402,#4539,.T.);
#4541=ORIENTED_EDGE('',*,*,#4540,.F.);
#4542=CARTESIAN_POINT('',(-0.117712517659964,-0.102362204723907,-0.020083763175246));
#4543=VERTEX_POINT('',#4542);
#4544=CARTESIAN_POINT('',(-0.118110236220475,-0.102362204724409,-0.03582677165354));
#4545=DIRECTION('',(0.0,-1.0,0.0));
#4546=DIRECTION('',(-1.0,0.0,0.0));
#4547=AXIS2_PLACEMENT_3D('',#4544,#4545,#4546);
#4548=CIRCLE('',#4547,0.015748031496063);
#4549=EDGE_CURVE('',#4543,#4535,#4548,.T.);
#4550=ORIENTED_EDGE('',*,*,#4549,.F.);
#4551=CARTESIAN_POINT('',(-0.118110236220473,-0.098425196850394,-0.020078740157477));
#4552=VERTEX_POINT('',#4551);
#4553=CARTESIAN_POINT('',(-0.117712517659819,-0.102362204723877,-0.02008376317525));
#4554=CARTESIAN_POINT('',(-0.117981015415255,-0.101046839727891,-0.020076980066356));
#4555=CARTESIAN_POINT('',(-0.118110236220473,-0.099717335506349,-0.020078740157477));
#4556=CARTESIAN_POINT('',(-0.118110236220473,-0.098425196850394,-0.020078740157477));
#4557=B_SPLINE_CURVE_WITH_KNOTS('',3,(#4553,#4554,#4555,#4556),.UNSPECIFIED.,.F.,.U.,(4,4),(-0.072476273855047,-0.068599857887181),.UNSPECIFIED.);
#4558=EDGE_CURVE('',#4543,#4552,#4557,.T.);
#4559=ORIENTED_EDGE('',*,*,#4558,.T.);
#4560=CARTESIAN_POINT('',(-0.118110236220474,-0.074803149606299,-0.020078740157477));
#4561=DIRECTION('',(0.0,-1.0,0.0));
#4562=VECTOR('',#4561,0.023622047244095);
#4563=LINE('',#4560,#4562);
#4564=EDGE_CURVE('',#4410,#4552,#4563,.T.);
#4565=ORIENTED_EDGE('',*,*,#4564,.F.);
#4566=EDGE_LOOP('',(#4533,#4541,#4550,#4559,#4565));
#4567=FACE_OUTER_BOUND('',#4566,.T.);
#4568=ADVANCED_FACE('',(#4567),#4532,.T.);
#4569=CARTESIAN_POINT('',(-0.133858267716539,-0.103740157480315,-0.100554675345337));
#4570=DIRECTION('',(-1.0,0.0,0.0));
#4571=DIRECTION('',(0.0,0.0,1.0));
#4572=AXIS2_PLACEMENT_3D('',#4569,#4570,#4571);
#4573=PLANE('',#4572);
#4574=ORIENTED_EDGE('',*,*,#4407,.F.);
#4575=CARTESIAN_POINT('',(-0.13385826771654,-0.102362204724409,-0.097472394217156));
#4576=VERTEX_POINT('',#4575);
#4577=CARTESIAN_POINT('',(-0.13385826771654,-0.102362204724409,-0.097472394217156));
#4578=DIRECTION('',(0.0,1.0,0.0));
#4579=VECTOR('',#4578,0.02755905511811);
#4580=LINE('',#4577,#4579);
#4581=EDGE_CURVE('',#4576,#4393,#4580,.T.);
#4582=ORIENTED_EDGE('',*,*,#4581,.F.);
#4583=CARTESIAN_POINT('',(-0.13385826771654,-0.102362204724409,-0.097472394217156));
#4584=DIRECTION('',(0.0,0.0,1.0));
#4585=VECTOR('',#4584,0.061645622563617);
#4586=LINE('',#4583,#4585);
#4587=EDGE_CURVE('',#4576,#4535,#4586,.T.);
#4588=ORIENTED_EDGE('',*,*,#4587,.T.);
#4589=ORIENTED_EDGE('',*,*,#4540,.T.);
#4590=EDGE_LOOP('',(#4574,#4582,#4588,#4589));
#4591=FACE_OUTER_BOUND('',#4590,.T.);
#4592=ADVANCED_FACE('',(#4591),#4573,.T.);
#4593=CARTESIAN_POINT('',(-0.141732283464571,-0.073425196850394,-0.097472394217156));
#4594=DIRECTION('',(0.0,-1.0,0.0));
#4595=DIRECTION('',(-0.958246609568914,0.0,0.285943062950795));
#4596=AXIS2_PLACEMENT_3D('',#4593,#4594,#4595);
#4597=CYLINDRICAL_SURFACE('',#4596,0.007874015748032);
#4598=ORIENTED_EDGE('',*,*,#4399,.F.);
#4599=CARTESIAN_POINT('',(-0.135145880870078,-0.102362204724409,-0.101787417376248));
#4600=VERTEX_POINT('',#4599);
#4601=CARTESIAN_POINT('',(-0.135145880870078,-0.102362204724409,-0.101787417376248));
#4602=DIRECTION('',(0.0,1.0,0.0));
#4603=VECTOR('',#4602,0.02755905511811);
#4604=LINE('',#4601,#4603);
#4605=EDGE_CURVE('',#4600,#4385,#4604,.T.);
#4606=ORIENTED_EDGE('',*,*,#4605,.F.);
#4607=CARTESIAN_POINT('',(-0.141732283464571,-0.102362204724409,-0.097472394217156));
#4608=DIRECTION('',(0.0,-1.0,0.0));
#4609=DIRECTION('',(-1.0,0.0,0.0));
#4610=AXIS2_PLACEMENT_3D('',#4607,#4608,#4609);
#4611=CIRCLE('',#4610,0.007874015748031);
#4612=EDGE_CURVE('',#4600,#4576,#4611,.T.);
#4613=ORIENTED_EDGE('',*,*,#4612,.T.);
#4614=ORIENTED_EDGE('',*,*,#4581,.T.);
#4615=EDGE_LOOP('',(#4598,#4606,#4613,#4614));
#4616=FACE_OUTER_BOUND('',#4615,.T.);
#4617=ADVANCED_FACE('',(#4616),#4597,.F.);
#4618=CARTESIAN_POINT('',(-0.1530365315074,-0.103740157480315,-0.129095504362189));
#4619=DIRECTION('',(-0.836473129500666,2.653348E-015,0.548007941204653));
#4620=DIRECTION('',(0.548007941204653,2.945808E-031,0.836473129500666));
#4621=AXIS2_PLACEMENT_3D('',#4618,#4619,#4620);
#4622=PLANE('',#4621);
#4623=ORIENTED_EDGE('',*,*,#4390,.F.);
#4624=CARTESIAN_POINT('',(-0.152184595762765,-0.102362204724409,-0.127795119267621));
#4625=VERTEX_POINT('',#4624);
#4626=CARTESIAN_POINT('',(-0.152184595762765,-0.102362204724409,-0.127795119267621));
#4627=DIRECTION('',(0.0,1.0,0.0));
#4628=VECTOR('',#4627,0.02755905511811);
#4629=LINE('',#4626,#4628);
#4630=EDGE_CURVE('',#4625,#4376,#4629,.T.);
#4631=ORIENTED_EDGE('',*,*,#4630,.F.);
#4632=CARTESIAN_POINT('',(-0.152184595762765,-0.102362204724409,-0.127795119267621));
#4633=DIRECTION('',(0.548007941204653,-8.926891E-016,0.836473129500666));
#4634=VECTOR('',#4633,0.031092094861312);
#4635=LINE('',#4632,#4634);
#4636=EDGE_CURVE('',#4625,#4600,#4635,.T.);
#4637=ORIENTED_EDGE('',*,*,#4636,.T.);
#4638=ORIENTED_EDGE('',*,*,#4605,.T.);
#4639=EDGE_LOOP('',(#4623,#4631,#4637,#4638));
#4640=FACE_OUTER_BOUND('',#4639,.T.);
#4641=ADVANCED_FACE('',(#4640),#4622,.T.);
#4642=CARTESIAN_POINT('',(-0.135718589276532,-0.073425196850394,-0.13858267716535));
#4643=DIRECTION('',(0.0,-1.0,0.0));
#4644=DIRECTION('',(0.836473129500697,0.0,0.548007941204605));
#4645=AXIS2_PLACEMENT_3D('',#4642,#4643,#4644);
#4646=CYLINDRICAL_SURFACE('',#4645,0.019685039370079);
#4647=ORIENTED_EDGE('',*,*,#4382,.F.);
#4648=CARTESIAN_POINT('',(-0.152184595762766,-0.102362204724409,-0.149370235063079));
#4649=VERTEX_POINT('',#4648);
#4650=CARTESIAN_POINT('',(-0.152184595762766,-0.102362204724409,-0.149370235063079));
#4651=DIRECTION('',(0.0,1.0,0.0));
#4652=VECTOR('',#4651,0.02755905511811);
#4653=LINE('',#4650,#4652);
#4654=EDGE_CURVE('',#4649,#4368,#4653,.T.);
#4655=ORIENTED_EDGE('',*,*,#4654,.F.);
#4656=CARTESIAN_POINT('',(-0.135718589276532,-0.102362204724409,-0.13858267716535));
#4657=DIRECTION('',(0.0,1.0,0.0));
#4658=DIRECTION('',(-0.836473129500698,0.0,-0.548007941204604));
#4659=AXIS2_PLACEMENT_3D('',#4656,#4657,#4658);
#4660=CIRCLE('',#4659,0.019685039370079);
#4661=EDGE_CURVE('',#4649,#4625,#4660,.T.);
#4662=ORIENTED_EDGE('',*,*,#4661,.T.);
#4663=ORIENTED_EDGE('',*,*,#4630,.T.);
#4664=EDGE_LOOP('',(#4647,#4655,#4662,#4663));
#4665=FACE_OUTER_BOUND('',#4664,.T.);
#4666=ADVANCED_FACE('',(#4665),#4646,.T.);
#4667=CARTESIAN_POINT('',(-0.134293945125446,-0.103740157480315,-0.176678322049022));
#4668=DIRECTION('',(-0.8364731295007,2.538969E-015,-0.548007941204601));
#4669=DIRECTION('',(-0.548007941204601,1.409411E-031,0.8364731295007));
#4670=AXIS2_PLACEMENT_3D('',#4667,#4668,#4669);
#4671=PLANE('',#4670);
#4672=ORIENTED_EDGE('',*,*,#4373,.F.);
#4673=CARTESIAN_POINT('',(-0.13514588087008,-0.102362204724409,-0.175377936954453));
#4674=VERTEX_POINT('',#4673);
#4675=CARTESIAN_POINT('',(-0.13514588087008,-0.102362204724409,-0.175377936954453));
#4676=DIRECTION('',(0.0,1.0,0.0));
#4677=VECTOR('',#4676,0.02755905511811);
#4678=LINE('',#4675,#4677);
#4679=EDGE_CURVE('',#4674,#4359,#4678,.T.);
#4680=ORIENTED_EDGE('',*,*,#4679,.F.);
#4681=CARTESIAN_POINT('',(-0.13514588087008,-0.102362204724409,-0.175377936954453));
#4682=DIRECTION('',(-0.548007941204601,8.926891E-016,0.8364731295007));
#4683=VECTOR('',#4682,0.031092094861312);
#4684=LINE('',#4681,#4683);
#4685=EDGE_CURVE('',#4674,#4649,#4684,.T.);
#4686=ORIENTED_EDGE('',*,*,#4685,.T.);
#4687=ORIENTED_EDGE('',*,*,#4654,.T.);
#4688=EDGE_LOOP('',(#4672,#4680,#4686,#4687));
#4689=FACE_OUTER_BOUND('',#4688,.T.);
#4690=ADVANCED_FACE('',(#4689),#4671,.T.);
#4691=CARTESIAN_POINT('',(-0.141732283464574,-0.073425196850394,-0.179692960113544));
#4692=DIRECTION('',(0.0,-1.0,0.0));
#4693=DIRECTION('',(-0.95824660956893,0.0,-0.28594306295074));
#4694=AXIS2_PLACEMENT_3D('',#4691,#4692,#4693);
#4695=CYLINDRICAL_SURFACE('',#4694,0.007874015748031);
#4696=ORIENTED_EDGE('',*,*,#4365,.F.);
#4697=CARTESIAN_POINT('',(-0.133858267716542,-0.102362204724409,-0.179692960113544));
#4698=VERTEX_POINT('',#4697);
#4699=CARTESIAN_POINT('',(-0.133858267716542,-0.102362204724409,-0.179692960113544));
#4700=DIRECTION('',(0.0,1.0,0.0));
#4701=VECTOR('',#4700,0.02755905511811);
#4702=LINE('',#4699,#4701);
#4703=EDGE_CURVE('',#4698,#4351,#4702,.T.);
#4704=ORIENTED_EDGE('',*,*,#4703,.F.);
#4705=CARTESIAN_POINT('',(-0.141732283464574,-0.102362204724409,-0.179692960113544));
#4706=DIRECTION('',(0.0,-1.0,0.0));
#4707=DIRECTION('',(-0.8364731295007,0.0,-0.548007941204601));
#4708=AXIS2_PLACEMENT_3D('',#4705,#4706,#4707);
#4709=CIRCLE('',#4708,0.007874015748031);
#4710=EDGE_CURVE('',#4698,#4674,#4709,.T.);
#4711=ORIENTED_EDGE('',*,*,#4710,.T.);
#4712=ORIENTED_EDGE('',*,*,#4679,.T.);
#4713=EDGE_LOOP('',(#4696,#4704,#4711,#4712));
#4714=FACE_OUTER_BOUND('',#4713,.T.);
#4715=ADVANCED_FACE('',(#4714),#4695,.F.);
#4716=CARTESIAN_POINT('',(-0.122047244094496,-0.103740157480315,-0.1781657970956));
#4717=DIRECTION('',(1.0,0.0,0.0));
#4718=DIRECTION('',(0.0,0.0,-1.0));
#4719=AXIS2_PLACEMENT_3D('',#4716,#4717,#4718);
#4720=PLANE('',#4719);
#4721=CARTESIAN_POINT('',(-0.122047244094496,-0.081740815905119,-0.210236220472437));
#4722=VERTEX_POINT('',#4721);
#4723=CARTESIAN_POINT('',(-0.122047244094496,-0.081740815905119,-0.210236220472437));
#4724=DIRECTION('',(3.057243E-014,0.221500158014824,0.97516033553432));
#4725=VECTOR('',#4724,0.031321270201332);
#4726=LINE('',#4723,#4725);
#4727=EDGE_CURVE('',#4722,#4349,#4726,.T.);
#4728=ORIENTED_EDGE('',*,*,#4727,.T.);
#4729=CARTESIAN_POINT('',(-0.122047244094495,-0.102362204724409,-0.179692960113545));
#4730=VERTEX_POINT('',#4729);
#4731=CARTESIAN_POINT('',(-0.122047244094495,-0.102362204724409,-0.179692960113545));
#4732=DIRECTION('',(0.0,1.0,0.0));
#4733=VECTOR('',#4732,0.02755905511811);
#4734=LINE('',#4731,#4733);
#4735=EDGE_CURVE('',#4730,#4349,#4734,.T.);
#4736=ORIENTED_EDGE('',*,*,#4735,.F.);
#4737=CARTESIAN_POINT('',(-0.122047244094496,-0.095424538425589,-0.210236220472437));
#4738=VERTEX_POINT('',#4737);
#4739=CARTESIAN_POINT('',(-0.122047244094495,-0.102362204724409,-0.179692960113545));
#4740=DIRECTION('',(-2.924319E-014,0.221500158014824,-0.97516033553432));
#4741=VECTOR('',#4740,0.031321270201332);
#4742=LINE('',#4739,#4741);
#4743=EDGE_CURVE('',#4730,#4738,#4742,.T.);
#4744=ORIENTED_EDGE('',*,*,#4743,.T.);
#4745=CARTESIAN_POINT('',(-0.122047244094496,-0.095424538425589,-0.210236220472437));
#4746=DIRECTION('',(0.0,1.0,0.0));
#4747=VECTOR('',#4746,0.01368372252047);
#4748=LINE('',#4745,#4747);
#4749=EDGE_CURVE('',#4738,#4722,#4748,.T.);
#4750=ORIENTED_EDGE('',*,*,#4749,.T.);
#4751=EDGE_LOOP('',(#4728,#4736,#4744,#4750));
#4752=FACE_OUTER_BOUND('',#4751,.T.);
#4753=ADVANCED_FACE('',(#4752),#4720,.T.);
#4754=CARTESIAN_POINT('',(-0.141732283464574,-0.073425196850394,-0.179692960113544));
#4755=DIRECTION('',(0.0,-1.0,0.0));
#4756=DIRECTION('',(-0.836473129500698,0.0,-0.548007941204604));
#4757=AXIS2_PLACEMENT_3D('',#4754,#4755,#4756);
#4758=CYLINDRICAL_SURFACE('',#4757,0.019685039370079);
#4759=ORIENTED_EDGE('',*,*,#4482,.F.);
#4760=CARTESIAN_POINT('',(-0.12526627697834,-0.102362204724409,-0.168905402215816));
#4761=VERTEX_POINT('',#4760);
#4762=CARTESIAN_POINT('',(-0.12526627697834,-0.102362204724409,-0.168905402215816));
#4763=DIRECTION('',(0.0,1.0,0.0));
#4764=VECTOR('',#4763,0.02755905511811);
#4765=LINE('',#4762,#4764);
#4766=EDGE_CURVE('',#4761,#4470,#4765,.T.);
#4767=ORIENTED_EDGE('',*,*,#4766,.F.);
#4768=CARTESIAN_POINT('',(-0.141732283464574,-0.102362204724409,-0.179692960113544));
#4769=DIRECTION('',(0.0,1.0,0.0));
#4770=DIRECTION('',(0.836473129500698,0.0,0.548007941204604));
#4771=AXIS2_PLACEMENT_3D('',#4768,#4769,#4770);
#4772=CIRCLE('',#4771,0.019685039370079);
#4773=EDGE_CURVE('',#4761,#4730,#4772,.T.);
#4774=ORIENTED_EDGE('',*,*,#4773,.T.);
#4775=ORIENTED_EDGE('',*,*,#4735,.T.);
#4776=EDGE_LOOP('',(#4759,#4767,#4774,#4775));
#4777=FACE_OUTER_BOUND('',#4776,.T.);
#4778=ADVANCED_FACE('',(#4777),#4758,.T.);
#4779=CARTESIAN_POINT('',(-0.14315692761566,-0.103740157480315,-0.141597315229874));
#4780=DIRECTION('',(0.836473129500699,-1.658342E-015,0.548007941204603));
#4781=DIRECTION('',(0.548007941204603,1.841129E-031,-0.836473129500699));
#4782=AXIS2_PLACEMENT_3D('',#4779,#4780,#4781);
#4783=PLANE('',#4782);
#4784=ORIENTED_EDGE('',*,*,#4475,.F.);
#4785=CARTESIAN_POINT('',(-0.142304991871025,-0.102362204724409,-0.142897700324442));
#4786=VERTEX_POINT('',#4785);
#4787=CARTESIAN_POINT('',(-0.142304991871025,-0.102362204724409,-0.142897700324442));
#4788=DIRECTION('',(0.0,1.0,0.0));
#4789=VECTOR('',#4788,0.02755905511811);
#4790=LINE('',#4787,#4789);
#4791=EDGE_CURVE('',#4786,#4461,#4790,.T.);
#4792=ORIENTED_EDGE('',*,*,#4791,.F.);
#4793=CARTESIAN_POINT('',(-0.142304991871025,-0.102362204724409,-0.142897700324442));
#4794=DIRECTION('',(0.548007941204604,-8.926891E-016,-0.836473129500698));
#4795=VECTOR('',#4794,0.031092094861311);
#4796=LINE('',#4793,#4795);
#4797=EDGE_CURVE('',#4786,#4761,#4796,.T.);
#4798=ORIENTED_EDGE('',*,*,#4797,.T.);
#4799=ORIENTED_EDGE('',*,*,#4766,.T.);
#4800=EDGE_LOOP('',(#4784,#4792,#4798,#4799));
#4801=FACE_OUTER_BOUND('',#4800,.T.);
#4802=ADVANCED_FACE('',(#4801),#4783,.T.);
#4803=CARTESIAN_POINT('',(-0.135718589276532,-0.073425196850394,-0.13858267716535));
#4804=DIRECTION('',(0.0,-1.0,0.0));
#4805=DIRECTION('',(1.0,0.0,0.0));
#4806=AXIS2_PLACEMENT_3D('',#4803,#4804,#4805);
#4807=CYLINDRICAL_SURFACE('',#4806,0.007874015748032);
#4808=ORIENTED_EDGE('',*,*,#4467,.F.);
#4809=CARTESIAN_POINT('',(-0.142304991871025,-0.102362204724409,-0.134267654006258));
#4810=VERTEX_POINT('',#4809);
#4811=CARTESIAN_POINT('',(-0.142304991871025,-0.102362204724409,-0.134267654006258));
#4812=DIRECTION('',(0.0,1.0,0.0));
#4813=VECTOR('',#4812,0.02755905511811);
#4814=LINE('',#4811,#4813);
#4815=EDGE_CURVE('',#4810,#4453,#4814,.T.);
#4816=ORIENTED_EDGE('',*,*,#4815,.F.);
#4817=CARTESIAN_POINT('',(-0.135718589276532,-0.102362204724409,-0.13858267716535));
#4818=DIRECTION('',(0.0,-1.0,0.0));
#4819=DIRECTION('',(0.836473129500697,0.0,0.548007941204605));
#4820=AXIS2_PLACEMENT_3D('',#4817,#4818,#4819);
#4821=CIRCLE('',#4820,0.007874015748031);
#4822=EDGE_CURVE('',#4810,#4786,#4821,.T.);
#4823=ORIENTED_EDGE('',*,*,#4822,.T.);
#4824=ORIENTED_EDGE('',*,*,#4791,.T.);
#4825=EDGE_LOOP('',(#4808,#4816,#4823,#4824));
#4826=FACE_OUTER_BOUND('',#4825,.T.);
#4827=ADVANCED_FACE('',(#4826),#4807,.F.);
#4828=CARTESIAN_POINT('',(-0.124414341233704,-0.103740157480315,-0.106959567020316));
#4829=DIRECTION('',(0.836473129500664,-2.985016E-015,-0.548007941204655));
#4830=DIRECTION('',(-0.548007941204655,0.0,-0.836473129500664));
#4831=AXIS2_PLACEMENT_3D('',#4828,#4829,#4830);
#4832=PLANE('',#4831);
#4833=ORIENTED_EDGE('',*,*,#4458,.F.);
#4834=CARTESIAN_POINT('',(-0.125266276978338,-0.102362204724409,-0.108259952114885));
#4835=VERTEX_POINT('',#4834);
#4836=CARTESIAN_POINT('',(-0.125266276978338,-0.102362204724409,-0.108259952114885));
#4837=DIRECTION('',(0.0,1.0,0.0));
#4838=VECTOR('',#4837,0.02755905511811);
#4839=LINE('',#4836,#4838);
#4840=EDGE_CURVE('',#4835,#4444,#4839,.T.);
#4841=ORIENTED_EDGE('',*,*,#4840,.F.);
#4842=CARTESIAN_POINT('',(-0.125266276978338,-0.102362204724409,-0.108259952114885));
#4843=DIRECTION('',(-0.548007941204657,8.926891E-016,-0.836473129500663));
#4844=VECTOR('',#4843,0.031092094861312);
#4845=LINE('',#4842,#4844);
#4846=EDGE_CURVE('',#4835,#4810,#4845,.T.);
#4847=ORIENTED_EDGE('',*,*,#4846,.T.);
#4848=ORIENTED_EDGE('',*,*,#4815,.T.);
#4849=EDGE_LOOP('',(#4833,#4841,#4847,#4848));
#4850=FACE_OUTER_BOUND('',#4849,.T.);
#4851=ADVANCED_FACE('',(#4850),#4832,.T.);
#4852=CARTESIAN_POINT('',(-0.141732283464571,-0.073425196850394,-0.097472394217156));
#4853=DIRECTION('',(0.0,-1.0,0.0));
#4854=DIRECTION('',(-1.0,0.0,0.0));
#4855=AXIS2_PLACEMENT_3D('',#4852,#4853,#4854);
#4856=CYLINDRICAL_SURFACE('',#4855,0.019685039370079);
#4857=ORIENTED_EDGE('',*,*,#4450,.F.);
#4858=CARTESIAN_POINT('',(-0.122047244094492,-0.102362204724409,-0.097472394217156));
#4859=VERTEX_POINT('',#4858);
#4860=CARTESIAN_POINT('',(-0.122047244094493,-0.102362204724409,-0.097472394217156));
#4861=DIRECTION('',(0.0,1.0,0.0));
#4862=VECTOR('',#4861,0.02755905511811);
#4863=LINE('',#4860,#4862);
#4864=EDGE_CURVE('',#4859,#4436,#4863,.T.);
#4865=ORIENTED_EDGE('',*,*,#4864,.F.);
#4866=CARTESIAN_POINT('',(-0.141732283464571,-0.102362204724409,-0.097472394217156));
#4867=DIRECTION('',(0.0,1.0,0.0));
#4868=DIRECTION('',(1.0,0.0,0.0));
#4869=AXIS2_PLACEMENT_3D('',#4866,#4867,#4868);
#4870=CIRCLE('',#4869,0.019685039370079);
#4871=EDGE_CURVE('',#4859,#4835,#4870,.T.);
#4872=ORIENTED_EDGE('',*,*,#4871,.T.);
#4873=ORIENTED_EDGE('',*,*,#4840,.T.);
#4874=EDGE_LOOP('',(#4857,#4865,#4872,#4873));
#4875=FACE_OUTER_BOUND('',#4874,.T.);
#4876=ADVANCED_FACE('',(#4875),#4856,.T.);
#4877=CARTESIAN_POINT('',(-0.122047244094492,-0.103740157480315,-0.032744490525359));
#4878=DIRECTION('',(1.0,0.0,0.0));
#4879=DIRECTION('',(0.0,0.0,-1.0));
#4880=AXIS2_PLACEMENT_3D('',#4877,#4878,#4879);
#4881=PLANE('',#4880);
#4882=ORIENTED_EDGE('',*,*,#4441,.F.);
#4883=ORIENTED_EDGE('',*,*,#4523,.F.);
#4884=CARTESIAN_POINT('',(-0.122047244094491,-0.102362204724409,-0.03582677165354));
#4885=DIRECTION('',(0.0,0.0,-1.0));
#4886=VECTOR('',#4885,0.061645622563616);
#4887=LINE('',#4884,#4886);
#4888=EDGE_CURVE('',#4511,#4859,#4887,.T.);
#4889=ORIENTED_EDGE('',*,*,#4888,.T.);
#4890=ORIENTED_EDGE('',*,*,#4864,.T.);
#4891=EDGE_LOOP('',(#4882,#4883,#4889,#4890));
#4892=FACE_OUTER_BOUND('',#4891,.T.);
#4893=ADVANCED_FACE('',(#4892),#4881,.T.);
#4894=CARTESIAN_POINT('',(-0.121456692913394,-0.096108724551613,-0.210236220472437));
#4895=DIRECTION('',(0.0,0.0,-1.0));
#4896=DIRECTION('',(-1.0,0.0,0.0));
#4897=AXIS2_PLACEMENT_3D('',#4894,#4895,#4896);
#4898=PLANE('',#4897);
#4899=CARTESIAN_POINT('',(-0.133858267716543,-0.081740815905119,-0.210236220472437));
#4900=VERTEX_POINT('',#4899);
#4901=CARTESIAN_POINT('',(-0.133858267716543,-0.081740815905119,-0.210236220472437));
#4902=DIRECTION('',(1.0,0.0,0.0));
#4903=VECTOR('',#4902,0.011811023622047);
#4904=LINE('',#4901,#4903);
#4905=EDGE_CURVE('',#4900,#4722,#4904,.T.);
#4906=ORIENTED_EDGE('',*,*,#4905,.T.);
#4907=ORIENTED_EDGE('',*,*,#4749,.F.);
#4908=CARTESIAN_POINT('',(-0.133858267716543,-0.095424538425589,-0.210236220472437));
#4909=VERTEX_POINT('',#4908);
#4910=CARTESIAN_POINT('',(-0.122047244094496,-0.095424538425589,-0.210236220472437));
#4911=DIRECTION('',(-1.0,0.0,0.0));
#4912=VECTOR('',#4911,0.011811023622047);
#4913=LINE('',#4910,#4912);
#4914=EDGE_CURVE('',#4738,#4909,#4913,.T.);
#4915=ORIENTED_EDGE('',*,*,#4914,.T.);
#4916=CARTESIAN_POINT('',(-0.133858267716543,-0.095424538425589,-0.210236220472437));
#4917=DIRECTION('',(0.0,1.0,0.0));
#4918=VECTOR('',#4917,0.01368372252047);
#4919=LINE('',#4916,#4918);
#4920=EDGE_CURVE('',#4909,#4900,#4919,.T.);
#4921=ORIENTED_EDGE('',*,*,#4920,.T.);
#4922=EDGE_LOOP('',(#4906,#4907,#4915,#4921));
#4923=FACE_OUTER_BOUND('',#4922,.T.);
#4924=ADVANCED_FACE('',(#4923),#4898,.T.);
#4925=CARTESIAN_POINT('',(-0.157245281199968,-0.102362204724409,-0.18767341996046));
#4926=DIRECTION('',(0.0,1.0,0.0));
#4927=DIRECTION('',(0.0,0.0,1.0));
#4928=AXIS2_PLACEMENT_3D('',#4925,#4926,#4927);
#4929=PLANE('',#4928);
#4930=CARTESIAN_POINT('',(-0.133858267716542,-0.102362204724409,-0.179692960113544));
#4931=DIRECTION('',(1.0,0.0,0.0));
#4932=VECTOR('',#4931,0.011811023622047);
#4933=LINE('',#4930,#4932);
#4934=EDGE_CURVE('',#4698,#4730,#4933,.T.);
#4935=ORIENTED_EDGE('',*,*,#4934,.T.);
#4936=ORIENTED_EDGE('',*,*,#4773,.F.);
#4937=ORIENTED_EDGE('',*,*,#4797,.F.);
#4938=ORIENTED_EDGE('',*,*,#4822,.F.);
#4939=ORIENTED_EDGE('',*,*,#4846,.F.);
#4940=ORIENTED_EDGE('',*,*,#4871,.F.);
#4941=ORIENTED_EDGE('',*,*,#4888,.F.);
#4942=ORIENTED_EDGE('',*,*,#4517,.F.);
#4943=CARTESIAN_POINT('',(-0.11771251765971,-0.102362204724409,-0.031909904161974));
#4944=DIRECTION('',(-2.551037E-011,6.248685E-011,1.0));
#4945=VECTOR('',#4944,0.011826140986728);
#4946=LINE('',#4943,#4945);
#4947=EDGE_CURVE('',#4502,#4543,#4946,.T.);
#4948=ORIENTED_EDGE('',*,*,#4947,.T.);
#4949=ORIENTED_EDGE('',*,*,#4549,.T.);
#4950=ORIENTED_EDGE('',*,*,#4587,.F.);
#4951=ORIENTED_EDGE('',*,*,#4612,.F.);
#4952=ORIENTED_EDGE('',*,*,#4636,.F.);
#4953=ORIENTED_EDGE('',*,*,#4661,.F.);
#4954=ORIENTED_EDGE('',*,*,#4685,.F.);
#4955=ORIENTED_EDGE('',*,*,#4710,.F.);
#4956=EDGE_LOOP('',(#4935,#4936,#4937,#4938,#4939,#4940,#4941,#4942,#4948,#4949,#4950,#4951,#4952,#4953,#4954,#4955));
#4957=FACE_OUTER_BOUND('',#4956,.T.);
#4958=ADVANCED_FACE('',(#4957),#4929,.F.);
#4959=CARTESIAN_POINT('',(-0.133858267716543,-0.103740157480315,-0.211763383490382));
#4960=DIRECTION('',(-1.0,0.0,0.0));
#4961=DIRECTION('',(0.0,0.0,1.0));
#4962=AXIS2_PLACEMENT_3D('',#4959,#4960,#4961);
#4963=PLANE('',#4962);
#4964=CARTESIAN_POINT('',(-0.133858267716542,-0.074803149606299,-0.179692960113544));
#4965=DIRECTION('',(-3.101551E-014,-0.221500158014823,-0.97516033553432));
#4966=VECTOR('',#4965,0.031321270201333);
#4967=LINE('',#4964,#4966);
#4968=EDGE_CURVE('',#4351,#4900,#4967,.T.);
#4969=ORIENTED_EDGE('',*,*,#4968,.T.);
#4970=ORIENTED_EDGE('',*,*,#4920,.F.);
#4971=CARTESIAN_POINT('',(-0.133858267716543,-0.095424538425589,-0.210236220472437));
#4972=DIRECTION('',(3.101551E-014,-0.221500158014824,0.97516033553432));
#4973=VECTOR('',#4972,0.031321270201333);
#4974=LINE('',#4971,#4973);
#4975=EDGE_CURVE('',#4909,#4698,#4974,.T.);
#4976=ORIENTED_EDGE('',*,*,#4975,.T.);
#4977=ORIENTED_EDGE('',*,*,#4703,.T.);
#4978=EDGE_LOOP('',(#4969,#4970,#4976,#4977));
#4979=FACE_OUTER_BOUND('',#4978,.T.);
#4980=ADVANCED_FACE('',(#4979),#4963,.T.);
#4981=CARTESIAN_POINT('',(-0.134448818897645,-0.095077655110648,-0.211763383490382));
#4982=DIRECTION('',(8.403376E-015,0.97516033553432,0.221500158014824));
#4983=DIRECTION('',(-2.332405E-031,-0.221500158014824,0.97516033553432));
#4984=AXIS2_PLACEMENT_3D('',#4981,#4982,#4983);
#4985=PLANE('',#4984);
#4986=ORIENTED_EDGE('',*,*,#4743,.F.);
#4987=ORIENTED_EDGE('',*,*,#4934,.F.);
#4988=ORIENTED_EDGE('',*,*,#4975,.F.);
#4989=ORIENTED_EDGE('',*,*,#4914,.F.);
#4990=EDGE_LOOP('',(#4986,#4987,#4988,#4989));
#4991=FACE_OUTER_BOUND('',#4990,.T.);
#4992=ADVANCED_FACE('',(#4991),#4985,.F.);
#4993=CARTESIAN_POINT('',(-0.134448818897645,-0.074456266291358,-0.178165797095599));
#4994=DIRECTION('',(3.400006E-015,-0.97516033553432,0.221500158014823));
#4995=DIRECTION('',(0.0,-0.221500158014823,-0.97516033553432));
#4996=AXIS2_PLACEMENT_3D('',#4993,#4994,#4995);
#4997=PLANE('',#4996);
#4998=ORIENTED_EDGE('',*,*,#4727,.F.);
#4999=ORIENTED_EDGE('',*,*,#4905,.F.);
#5000=ORIENTED_EDGE('',*,*,#4968,.F.);
#5001=ORIENTED_EDGE('',*,*,#4356,.F.);
#5002=EDGE_LOOP('',(#4998,#4999,#5000,#5001));
#5003=FACE_OUTER_BOUND('',#5002,.T.);
#5004=ADVANCED_FACE('',(#5003),#4997,.F.);
#5005=CARTESIAN_POINT('',(-0.157245281199967,0.10236220472441,-0.012103303328338));
#5006=DIRECTION('',(0.0,-1.0,0.0));
#5007=DIRECTION('',(0.0,0.0,-1.0));
#5008=AXIS2_PLACEMENT_3D('',#5005,#5006,#5007);
#5009=PLANE('',#5008);
#5010=CARTESIAN_POINT('',(-0.122047244094495,0.10236220472441,-0.179692960113545));
#5011=VERTEX_POINT('',#5010);
#5012=CARTESIAN_POINT('',(-0.133858267716542,0.10236220472441,-0.179692960113544));
#5013=VERTEX_POINT('',#5012);
#5014=CARTESIAN_POINT('',(-0.122047244094495,0.10236220472441,-0.179692960113545));
#5015=DIRECTION('',(-1.0,0.0,0.0));
#5016=VECTOR('',#5015,0.011811023622047);
#5017=LINE('',#5014,#5016);
#5018=EDGE_CURVE('',#5011,#5013,#5017,.T.);
#5019=ORIENTED_EDGE('',*,*,#5018,.T.);
#5020=CARTESIAN_POINT('',(-0.13514588087008,0.10236220472441,-0.175377936954453));
#5021=VERTEX_POINT('',#5020);
#5022=CARTESIAN_POINT('',(-0.141732283464574,0.10236220472441,-0.179692960113544));
#5023=DIRECTION('',(0.0,-1.0,0.0));
#5024=DIRECTION('',(-0.8364731295007,0.0,-0.548007941204601));
#5025=AXIS2_PLACEMENT_3D('',#5022,#5023,#5024);
#5026=CIRCLE('',#5025,0.007874015748031);
#5027=EDGE_CURVE('',#5013,#5021,#5026,.T.);
#5028=ORIENTED_EDGE('',*,*,#5027,.T.);
#5029=CARTESIAN_POINT('',(-0.152184595762766,0.10236220472441,-0.149370235063079));
#5030=VERTEX_POINT('',#5029);
#5031=CARTESIAN_POINT('',(-0.13514588087008,0.10236220472441,-0.175377936954453));
#5032=DIRECTION('',(-0.548007941204601,8.926891E-016,0.8364731295007));
#5033=VECTOR('',#5032,0.031092094861312);
#5034=LINE('',#5031,#5033);
#5035=EDGE_CURVE('',#5021,#5030,#5034,.T.);
#5036=ORIENTED_EDGE('',*,*,#5035,.T.);
#5037=CARTESIAN_POINT('',(-0.152184595762765,0.10236220472441,-0.127795119267621));
#5038=VERTEX_POINT('',#5037);
#5039=CARTESIAN_POINT('',(-0.135718589276531,0.10236220472441,-0.13858267716535));
#5040=DIRECTION('',(0.0,1.0,0.0));
#5041=DIRECTION('',(-0.836473129500698,0.0,-0.548007941204604));
#5042=AXIS2_PLACEMENT_3D('',#5039,#5040,#5041);
#5043=CIRCLE('',#5042,0.019685039370079);
#5044=EDGE_CURVE('',#5030,#5038,#5043,.T.);
#5045=ORIENTED_EDGE('',*,*,#5044,.T.);
#5046=CARTESIAN_POINT('',(-0.135145880870078,0.10236220472441,-0.101787417376248));
#5047=VERTEX_POINT('',#5046);
#5048=CARTESIAN_POINT('',(-0.152184595762765,0.10236220472441,-0.127795119267621));
#5049=DIRECTION('',(0.548007941204652,0.0,0.836473129500666));
#5050=VECTOR('',#5049,0.031092094861312);
#5051=LINE('',#5048,#5050);
#5052=EDGE_CURVE('',#5038,#5047,#5051,.T.);
#5053=ORIENTED_EDGE('',*,*,#5052,.T.);
#5054=CARTESIAN_POINT('',(-0.13385826771654,0.10236220472441,-0.097472394217156));
#5055=VERTEX_POINT('',#5054);
#5056=CARTESIAN_POINT('',(-0.141732283464571,0.10236220472441,-0.097472394217156));
#5057=DIRECTION('',(0.0,-1.0,0.0));
#5058=DIRECTION('',(-1.0,0.0,0.0));
#5059=AXIS2_PLACEMENT_3D('',#5056,#5057,#5058);
#5060=CIRCLE('',#5059,0.007874015748031);
#5061=EDGE_CURVE('',#5047,#5055,#5060,.T.);
#5062=ORIENTED_EDGE('',*,*,#5061,.T.);
#5063=CARTESIAN_POINT('',(-0.133858267716539,0.10236220472441,-0.035826771653539));
#5064=VERTEX_POINT('',#5063);
#5065=CARTESIAN_POINT('',(-0.13385826771654,0.10236220472441,-0.097472394217156));
#5066=DIRECTION('',(0.0,0.0,1.0));
#5067=VECTOR('',#5066,0.061645622563617);
#5068=LINE('',#5065,#5067);
#5069=EDGE_CURVE('',#5055,#5064,#5068,.T.);
#5070=ORIENTED_EDGE('',*,*,#5069,.T.);
#5071=CARTESIAN_POINT('',(-0.11771251765971,0.10236220472441,-0.020083763175253));
#5072=VERTEX_POINT('',#5071);
#5073=CARTESIAN_POINT('',(-0.118110236220475,0.10236220472441,-0.03582677165354));
#5074=DIRECTION('',(0.0,1.0,0.0));
#5075=DIRECTION('',(-1.0,0.0,0.0));
#5076=AXIS2_PLACEMENT_3D('',#5073,#5074,#5075);
#5077=CIRCLE('',#5076,0.015748031496063);
#5078=EDGE_CURVE('',#5064,#5072,#5077,.T.);
#5079=ORIENTED_EDGE('',*,*,#5078,.T.);
#5080=CARTESIAN_POINT('',(-0.117712517677789,0.102362204689446,-0.031909904160378));
#5081=VERTEX_POINT('',#5080);
#5082=CARTESIAN_POINT('',(-0.117712517686313,0.102362204659246,-0.031909904160378));
#5083=DIRECTION('',(2.249508E-009,5.510144E-009,1.0));
#5084=VECTOR('',#5083,0.011826140985125);
#5085=LINE('',#5082,#5084);
#5086=EDGE_CURVE('',#5081,#5072,#5085,.T.);
#5087=ORIENTED_EDGE('',*,*,#5086,.F.);
#5088=CARTESIAN_POINT('',(-0.12204724409449,0.10236220472441,-0.03582677165354));
#5089=VERTEX_POINT('',#5088);
#5090=CARTESIAN_POINT('',(-0.118110236220475,0.10236220472441,-0.03582677165354));
#5091=DIRECTION('',(0.0,1.0,0.0));
#5092=DIRECTION('',(1.0,0.0,0.0));
#5093=AXIS2_PLACEMENT_3D('',#5090,#5091,#5092);
#5094=CIRCLE('',#5093,0.003937007874016);
#5095=EDGE_CURVE('',#5089,#5081,#5094,.T.);
#5096=ORIENTED_EDGE('',*,*,#5095,.F.);
#5097=CARTESIAN_POINT('',(-0.122047244094491,0.10236220472441,-0.097472394217156));
#5098=VERTEX_POINT('',#5097);
#5099=CARTESIAN_POINT('',(-0.12204724409449,0.10236220472441,-0.03582677165354));
#5100=DIRECTION('',(0.0,0.0,-1.0));
#5101=VECTOR('',#5100,0.061645622563616);
#5102=LINE('',#5099,#5101);
#5103=EDGE_CURVE('',#5089,#5098,#5102,.T.);
#5104=ORIENTED_EDGE('',*,*,#5103,.T.);
#5105=CARTESIAN_POINT('',(-0.125266276978337,0.10236220472441,-0.108259952114885));
#5106=VERTEX_POINT('',#5105);
#5107=CARTESIAN_POINT('',(-0.141732283464571,0.10236220472441,-0.097472394217156));
#5108=DIRECTION('',(0.0,1.0,0.0));
#5109=DIRECTION('',(1.0,0.0,0.0));
#5110=AXIS2_PLACEMENT_3D('',#5107,#5108,#5109);
#5111=CIRCLE('',#5110,0.019685039370079);
#5112=EDGE_CURVE('',#5098,#5106,#5111,.T.);
#5113=ORIENTED_EDGE('',*,*,#5112,.T.);
#5114=CARTESIAN_POINT('',(-0.142304991871025,0.10236220472441,-0.134267654006258));
#5115=VERTEX_POINT('',#5114);
#5116=CARTESIAN_POINT('',(-0.125266276978337,0.10236220472441,-0.108259952114885));
#5117=DIRECTION('',(-0.548007941204655,1.339034E-015,-0.836473129500664));
#5118=VECTOR('',#5117,0.031092094861312);
#5119=LINE('',#5116,#5118);
#5120=EDGE_CURVE('',#5106,#5115,#5119,.T.);
#5121=ORIENTED_EDGE('',*,*,#5120,.T.);
#5122=CARTESIAN_POINT('',(-0.142304991871025,0.10236220472441,-0.142897700324442));
#5123=VERTEX_POINT('',#5122);
#5124=CARTESIAN_POINT('',(-0.135718589276531,0.10236220472441,-0.13858267716535));
#5125=DIRECTION('',(0.0,-1.0,0.0));
#5126=DIRECTION('',(0.836473129500697,0.0,0.548007941204605));
#5127=AXIS2_PLACEMENT_3D('',#5124,#5125,#5126);
#5128=CIRCLE('',#5127,0.007874015748031);
#5129=EDGE_CURVE('',#5115,#5123,#5128,.T.);
#5130=ORIENTED_EDGE('',*,*,#5129,.T.);
#5131=CARTESIAN_POINT('',(-0.125266276978339,0.10236220472441,-0.168905402215816));
#5132=VERTEX_POINT('',#5131);
#5133=CARTESIAN_POINT('',(-0.142304991871025,0.10236220472441,-0.142897700324442));
#5134=DIRECTION('',(0.548007941204604,-8.926891E-016,-0.836473129500698));
#5135=VECTOR('',#5134,0.031092094861312);
#5136=LINE('',#5133,#5135);
#5137=EDGE_CURVE('',#5123,#5132,#5136,.T.);
#5138=ORIENTED_EDGE('',*,*,#5137,.T.);
#5139=CARTESIAN_POINT('',(-0.141732283464574,0.10236220472441,-0.179692960113544));
#5140=DIRECTION('',(0.0,1.0,0.0));
#5141=DIRECTION('',(0.836473129500698,0.0,0.548007941204604));
#5142=AXIS2_PLACEMENT_3D('',#5139,#5140,#5141);
#5143=CIRCLE('',#5142,0.019685039370079);
#5144=EDGE_CURVE('',#5132,#5011,#5143,.T.);
#5145=ORIENTED_EDGE('',*,*,#5144,.T.);
#5146=EDGE_LOOP('',(#5019,#5028,#5036,#5045,#5053,#5062,#5070,#5079,#5087,#5096,#5104,#5113,#5121,#5130,#5138,#5145));
#5147=FACE_OUTER_BOUND('',#5146,.T.);
#5148=ADVANCED_FACE('',(#5147),#5009,.F.);
#5149=CARTESIAN_POINT('',(-0.118110236220475,0.103740157480316,-0.03582677165354));
#5150=DIRECTION('',(0.0,-1.0,0.0));
#5151=DIRECTION('',(1.0,0.0,0.0));
#5152=AXIS2_PLACEMENT_3D('',#5149,#5150,#5151);
#5153=CYLINDRICAL_SURFACE('',#5152,0.003937007874016);
#5154=CARTESIAN_POINT('',(-0.118110236220474,0.074803149606299,-0.031889763779524));
#5155=VERTEX_POINT('',#5154);
#5156=CARTESIAN_POINT('',(-0.12204724409449,0.074803149606299,-0.03582677165354));
#5157=VERTEX_POINT('',#5156);
#5158=CARTESIAN_POINT('',(-0.118110236220475,0.074803149606299,-0.03582677165354));
#5159=DIRECTION('',(0.0,-1.0,0.0));
#5160=DIRECTION('',(1.0,0.0,0.0));
#5161=AXIS2_PLACEMENT_3D('',#5158,#5159,#5160);
#5162=CIRCLE('',#5161,0.003937007874016);
#5163=EDGE_CURVE('',#5155,#5157,#5162,.T.);
#5164=ORIENTED_EDGE('',*,*,#5163,.T.);
#5165=CARTESIAN_POINT('',(-0.12204724409449,0.10236220472441,-0.03582677165354));
#5166=DIRECTION('',(0.0,-1.0,0.0));
#5167=VECTOR('',#5166,0.027559055118111);
#5168=LINE('',#5165,#5167);
#5169=EDGE_CURVE('',#5089,#5157,#5168,.T.);
#5170=ORIENTED_EDGE('',*,*,#5169,.F.);
#5171=ORIENTED_EDGE('',*,*,#5095,.T.);
#5172=CARTESIAN_POINT('',(-0.118110236220473,0.098425196850394,-0.031889763779524));
#5173=VERTEX_POINT('',#5172);
#5174=CARTESIAN_POINT('',(-0.117712517667289,0.102362204687286,-0.031909904161204));
#5175=CARTESIAN_POINT('',(-0.117979393792446,0.101054784012112,-0.031882805571174));
#5176=CARTESIAN_POINT('',(-0.118110236220473,0.099712324933076,-0.031889763779524));
#5177=CARTESIAN_POINT('',(-0.118110236220473,0.098425196850394,-0.031889763779524));
#5178=B_SPLINE_CURVE_WITH_KNOTS('',3,(#5174,#5175,#5176,#5177),.UNSPECIFIED.,.F.,.U.,(4,4),(0.024674799915307,0.028536184163353),.UNSPECIFIED.);
#5179=EDGE_CURVE('',#5081,#5173,#5178,.T.);
#5180=ORIENTED_EDGE('',*,*,#5179,.T.);
#5181=CARTESIAN_POINT('',(-0.118110236220474,0.074803149606299,-0.031889763779524));
#5182=DIRECTION('',(0.0,1.0,0.0));
#5183=VECTOR('',#5182,0.023622047244095);
#5184=LINE('',#5181,#5183);
#5185=EDGE_CURVE('',#5155,#5173,#5184,.T.);
#5186=ORIENTED_EDGE('',*,*,#5185,.F.);
#5187=EDGE_LOOP('',(#5164,#5170,#5171,#5180,#5186));
#5188=FACE_OUTER_BOUND('',#5187,.T.);
#5189=ADVANCED_FACE('',(#5188),#5153,.F.);
#5190=CARTESIAN_POINT('',(-0.118110236220475,0.103740157480316,-0.03582677165354));
#5191=DIRECTION('',(0.0,-1.0,0.0));
#5192=DIRECTION('',(0.698120645516025,0.0,-0.715980142395226));
#5193=AXIS2_PLACEMENT_3D('',#5190,#5191,#5192);
#5194=CYLINDRICAL_SURFACE('',#5193,0.015748031496063);
#5195=CARTESIAN_POINT('',(-0.133858267716539,0.074803149606299,-0.035826771653539));
#5196=VERTEX_POINT('',#5195);
#5197=CARTESIAN_POINT('',(-0.118110236220474,0.074803149606299,-0.020078740157477));
#5198=VERTEX_POINT('',#5197);
#5199=CARTESIAN_POINT('',(-0.118110236220475,0.074803149606299,-0.03582677165354));
#5200=DIRECTION('',(0.0,1.0,0.0));
#5201=DIRECTION('',(-1.0,0.0,0.0));
#5202=AXIS2_PLACEMENT_3D('',#5199,#5200,#5201);
#5203=CIRCLE('',#5202,0.015748031496063);
#5204=EDGE_CURVE('',#5196,#5198,#5203,.T.);
#5205=ORIENTED_EDGE('',*,*,#5204,.T.);
#5206=CARTESIAN_POINT('',(-0.118110236220472,0.098425196850394,-0.020078740157477));
#5207=VERTEX_POINT('',#5206);
#5208=CARTESIAN_POINT('',(-0.118110236220472,0.098425196850394,-0.020078740157477));
#5209=DIRECTION('',(0.0,-1.0,0.0));
#5210=VECTOR('',#5209,0.023622047244095);
#5211=LINE('',#5208,#5210);
#5212=EDGE_CURVE('',#5207,#5198,#5211,.T.);
#5213=ORIENTED_EDGE('',*,*,#5212,.F.);
#5214=CARTESIAN_POINT('',(-0.118110236220473,0.098425196850394,-0.020078740157477));
#5215=CARTESIAN_POINT('',(-0.118110236220473,0.099717335506524,-0.020078740157477));
#5216=CARTESIAN_POINT('',(-0.11798101541522,0.10104683972825,-0.020076980066355));
#5217=CARTESIAN_POINT('',(-0.117712517659711,0.10236220472441,-0.020083763175253));
#5218=B_SPLINE_CURVE_WITH_KNOTS('',3,(#5214,#5215,#5216,#5217),.UNSPECIFIED.,.F.,.U.,(4,4),(-0.068599857887181,-0.064723441918791),.UNSPECIFIED.);
#5219=EDGE_CURVE('',#5207,#5072,#5218,.T.);
#5220=ORIENTED_EDGE('',*,*,#5219,.T.);
#5221=ORIENTED_EDGE('',*,*,#5078,.F.);
#5222=CARTESIAN_POINT('',(-0.133858267716538,0.10236220472441,-0.035826771653539));
#5223=DIRECTION('',(0.0,-1.0,0.0));
#5224=VECTOR('',#5223,0.027559055118111);
#5225=LINE('',#5222,#5224);
#5226=EDGE_CURVE('',#5064,#5196,#5225,.T.);
#5227=ORIENTED_EDGE('',*,*,#5226,.T.);
#5228=EDGE_LOOP('',(#5205,#5213,#5220,#5221,#5227));
#5229=FACE_OUTER_BOUND('',#5228,.T.);
#5230=ADVANCED_FACE('',(#5229),#5194,.T.);
#5231=CARTESIAN_POINT('',(-0.13385826771654,0.073425196850393,-0.100554675345337));
#5232=DIRECTION('',(-1.0,0.0,0.0));
#5233=DIRECTION('',(0.0,0.0,1.0));
#5234=AXIS2_PLACEMENT_3D('',#5231,#5232,#5233);
#5235=PLANE('',#5234);
#5236=CARTESIAN_POINT('',(-0.13385826771654,0.074803149606299,-0.097472394217156));
#5237=VERTEX_POINT('',#5236);
#5238=CARTESIAN_POINT('',(-0.13385826771654,0.074803149606299,-0.097472394217156));
#5239=DIRECTION('',(0.0,0.0,1.0));
#5240=VECTOR('',#5239,0.061645622563617);
#5241=LINE('',#5238,#5240);
#5242=EDGE_CURVE('',#5237,#5196,#5241,.T.);
#5243=ORIENTED_EDGE('',*,*,#5242,.T.);
#5244=ORIENTED_EDGE('',*,*,#5226,.F.);
#5245=ORIENTED_EDGE('',*,*,#5069,.F.);
#5246=CARTESIAN_POINT('',(-0.13385826771654,0.10236220472441,-0.097472394217156));
#5247=DIRECTION('',(0.0,-1.0,0.0));
#5248=VECTOR('',#5247,0.027559055118111);
#5249=LINE('',#5246,#5248);
#5250=EDGE_CURVE('',#5055,#5237,#5249,.T.);
#5251=ORIENTED_EDGE('',*,*,#5250,.T.);
#5252=EDGE_LOOP('',(#5243,#5244,#5245,#5251));
#5253=FACE_OUTER_BOUND('',#5252,.T.);
#5254=ADVANCED_FACE('',(#5253),#5235,.T.);
#5255=CARTESIAN_POINT('',(-0.141732283464571,0.103740157480316,-0.097472394217156));
#5256=DIRECTION('',(0.0,-1.0,0.0));
#5257=DIRECTION('',(-1.0,0.0,0.0));
#5258=AXIS2_PLACEMENT_3D('',#5255,#5256,#5257);
#5259=CYLINDRICAL_SURFACE('',#5258,0.007874015748031);
#5260=CARTESIAN_POINT('',(-0.135145880870078,0.074803149606299,-0.101787417376248));
#5261=VERTEX_POINT('',#5260);
#5262=CARTESIAN_POINT('',(-0.141732283464571,0.074803149606299,-0.097472394217156));
#5263=DIRECTION('',(0.0,-1.0,0.0));
#5264=DIRECTION('',(-1.0,0.0,0.0));
#5265=AXIS2_PLACEMENT_3D('',#5262,#5263,#5264);
#5266=CIRCLE('',#5265,0.007874015748031);
#5267=EDGE_CURVE('',#5261,#5237,#5266,.T.);
#5268=ORIENTED_EDGE('',*,*,#5267,.T.);
#5269=ORIENTED_EDGE('',*,*,#5250,.F.);
#5270=ORIENTED_EDGE('',*,*,#5061,.F.);
#5271=CARTESIAN_POINT('',(-0.135145880870078,0.10236220472441,-0.101787417376248));
#5272=DIRECTION('',(0.0,-1.0,0.0));
#5273=VECTOR('',#5272,0.027559055118111);
#5274=LINE('',#5271,#5273);
#5275=EDGE_CURVE('',#5047,#5261,#5274,.T.);
#5276=ORIENTED_EDGE('',*,*,#5275,.T.);
#5277=EDGE_LOOP('',(#5268,#5269,#5270,#5276));
#5278=FACE_OUTER_BOUND('',#5277,.T.);
#5279=ADVANCED_FACE('',(#5278),#5259,.F.);
#5280=CARTESIAN_POINT('',(-0.153036531507399,0.073425196850393,-0.12909550436219));
#5281=DIRECTION('',(-0.836473129500666,1.857343E-015,0.548007941204653));
#5282=DIRECTION('',(0.548007941204653,2.062065E-031,0.836473129500666));
#5283=AXIS2_PLACEMENT_3D('',#5280,#5281,#5282);
#5284=PLANE('',#5283);
#5285=CARTESIAN_POINT('',(-0.152184595762765,0.074803149606299,-0.127795119267621));
#5286=VERTEX_POINT('',#5285);
#5287=CARTESIAN_POINT('',(-0.152184595762765,0.074803149606299,-0.127795119267621));
#5288=DIRECTION('',(0.548007941204653,-1.339034E-015,0.836473129500666));
#5289=VECTOR('',#5288,0.031092094861312);
#5290=LINE('',#5287,#5289);
#5291=EDGE_CURVE('',#5286,#5261,#5290,.T.);
#5292=ORIENTED_EDGE('',*,*,#5291,.T.);
#5293=ORIENTED_EDGE('',*,*,#5275,.F.);
#5294=ORIENTED_EDGE('',*,*,#5052,.F.);
#5295=CARTESIAN_POINT('',(-0.152184595762765,0.10236220472441,-0.127795119267621));
#5296=DIRECTION('',(0.0,-1.0,0.0));
#5297=VECTOR('',#5296,0.027559055118111);
#5298=LINE('',#5295,#5297);
#5299=EDGE_CURVE('',#5038,#5286,#5298,.T.);
#5300=ORIENTED_EDGE('',*,*,#5299,.T.);
#5301=EDGE_LOOP('',(#5292,#5293,#5294,#5300));
#5302=FACE_OUTER_BOUND('',#5301,.T.);
#5303=ADVANCED_FACE('',(#5302),#5284,.T.);
#5304=CARTESIAN_POINT('',(-0.135718589276531,0.103740157480316,-0.13858267716535));
#5305=DIRECTION('',(0.0,-1.0,0.0));
#5306=DIRECTION('',(1.0,0.0,0.0));
#5307=AXIS2_PLACEMENT_3D('',#5304,#5305,#5306);
#5308=CYLINDRICAL_SURFACE('',#5307,0.019685039370079);
#5309=CARTESIAN_POINT('',(-0.152184595762766,0.074803149606299,-0.149370235063079));
#5310=VERTEX_POINT('',#5309);
#5311=CARTESIAN_POINT('',(-0.135718589276531,0.074803149606299,-0.13858267716535));
#5312=DIRECTION('',(0.0,1.0,0.0));
#5313=DIRECTION('',(-0.836473129500698,0.0,-0.548007941204604));
#5314=AXIS2_PLACEMENT_3D('',#5311,#5312,#5313);
#5315=CIRCLE('',#5314,0.019685039370079);
#5316=EDGE_CURVE('',#5310,#5286,#5315,.T.);
#5317=ORIENTED_EDGE('',*,*,#5316,.T.);
#5318=ORIENTED_EDGE('',*,*,#5299,.F.);
#5319=ORIENTED_EDGE('',*,*,#5044,.F.);
#5320=CARTESIAN_POINT('',(-0.152184595762766,0.10236220472441,-0.149370235063079));
#5321=DIRECTION('',(0.0,-1.0,0.0));
#5322=VECTOR('',#5321,0.027559055118111);
#5323=LINE('',#5320,#5322);
#5324=EDGE_CURVE('',#5030,#5310,#5323,.T.);
#5325=ORIENTED_EDGE('',*,*,#5324,.T.);
#5326=EDGE_LOOP('',(#5317,#5318,#5319,#5325));
#5327=FACE_OUTER_BOUND('',#5326,.T.);
#5328=ADVANCED_FACE('',(#5327),#5308,.T.);
#5329=CARTESIAN_POINT('',(-0.134293945125446,0.073425196850393,-0.176678322049022));
#5330=DIRECTION('',(-0.8364731295007,1.857343E-015,-0.548007941204601));
#5331=DIRECTION('',(-0.548007941204601,1.031032E-031,0.8364731295007));
#5332=AXIS2_PLACEMENT_3D('',#5329,#5330,#5331);
#5333=PLANE('',#5332);
#5334=CARTESIAN_POINT('',(-0.13514588087008,0.074803149606299,-0.175377936954453));
#5335=VERTEX_POINT('',#5334);
#5336=CARTESIAN_POINT('',(-0.13514588087008,0.074803149606299,-0.175377936954453));
#5337=DIRECTION('',(-0.5480079412046,1.339034E-015,0.836473129500701));
#5338=VECTOR('',#5337,0.031092094861312);
#5339=LINE('',#5336,#5338);
#5340=EDGE_CURVE('',#5335,#5310,#5339,.T.);
#5341=ORIENTED_EDGE('',*,*,#5340,.T.);
#5342=ORIENTED_EDGE('',*,*,#5324,.F.);
#5343=ORIENTED_EDGE('',*,*,#5035,.F.);
#5344=CARTESIAN_POINT('',(-0.13514588087008,0.10236220472441,-0.175377936954453));
#5345=DIRECTION('',(0.0,-1.0,0.0));
#5346=VECTOR('',#5345,0.027559055118111);
#5347=LINE('',#5344,#5346);
#5348=EDGE_CURVE('',#5021,#5335,#5347,.T.);
#5349=ORIENTED_EDGE('',*,*,#5348,.T.);
#5350=EDGE_LOOP('',(#5341,#5342,#5343,#5349));
#5351=FACE_OUTER_BOUND('',#5350,.T.);
#5352=ADVANCED_FACE('',(#5351),#5333,.T.);
#5353=CARTESIAN_POINT('',(-0.141732283464574,0.103740157480316,-0.179692960113544));
#5354=DIRECTION('',(0.0,-1.0,0.0));
#5355=DIRECTION('',(-0.8364731295007,0.0,-0.548007941204601));
#5356=AXIS2_PLACEMENT_3D('',#5353,#5354,#5355);
#5357=CYLINDRICAL_SURFACE('',#5356,0.007874015748031);
#5358=CARTESIAN_POINT('',(-0.133858267716542,0.074803149606299,-0.179692960113544));
#5359=VERTEX_POINT('',#5358);
#5360=CARTESIAN_POINT('',(-0.141732283464574,0.074803149606299,-0.179692960113544));
#5361=DIRECTION('',(0.0,-1.0,0.0));
#5362=DIRECTION('',(-0.8364731295007,0.0,-0.548007941204601));
#5363=AXIS2_PLACEMENT_3D('',#5360,#5361,#5362);
#5364=CIRCLE('',#5363,0.007874015748031);
#5365=EDGE_CURVE('',#5359,#5335,#5364,.T.);
#5366=ORIENTED_EDGE('',*,*,#5365,.T.);
#5367=ORIENTED_EDGE('',*,*,#5348,.F.);
#5368=ORIENTED_EDGE('',*,*,#5027,.F.);
#5369=CARTESIAN_POINT('',(-0.133858267716542,0.10236220472441,-0.179692960113544));
#5370=DIRECTION('',(0.0,-1.0,0.0));
#5371=VECTOR('',#5370,0.027559055118111);
#5372=LINE('',#5369,#5371);
#5373=EDGE_CURVE('',#5013,#5359,#5372,.T.);
#5374=ORIENTED_EDGE('',*,*,#5373,.T.);
#5375=EDGE_LOOP('',(#5366,#5367,#5368,#5374));
#5376=FACE_OUTER_BOUND('',#5375,.T.);
#5377=ADVANCED_FACE('',(#5376),#5357,.F.);
#5378=CARTESIAN_POINT('',(-0.121456692913394,0.081056629779096,-0.210236220472437));
#5379=DIRECTION('',(0.0,0.0,-1.0));
#5380=DIRECTION('',(-1.0,0.0,0.0));
#5381=AXIS2_PLACEMENT_3D('',#5378,#5379,#5380);
#5382=PLANE('',#5381);
#5383=CARTESIAN_POINT('',(-0.122047244094496,0.08174081590512,-0.210236220472437));
#5384=VERTEX_POINT('',#5383);
#5385=CARTESIAN_POINT('',(-0.133858267716543,0.08174081590512,-0.210236220472437));
#5386=VERTEX_POINT('',#5385);
#5387=CARTESIAN_POINT('',(-0.122047244094496,0.08174081590512,-0.210236220472437));
#5388=DIRECTION('',(-1.0,0.0,0.0));
#5389=VECTOR('',#5388,0.011811023622047);
#5390=LINE('',#5387,#5389);
#5391=EDGE_CURVE('',#5384,#5386,#5390,.T.);
#5392=ORIENTED_EDGE('',*,*,#5391,.T.);
#5393=CARTESIAN_POINT('',(-0.133858267716543,0.09542453842559,-0.210236220472437));
#5394=VERTEX_POINT('',#5393);
#5395=CARTESIAN_POINT('',(-0.133858267716543,0.09542453842559,-0.210236220472437));
#5396=DIRECTION('',(0.0,-1.0,0.0));
#5397=VECTOR('',#5396,0.01368372252047);
#5398=LINE('',#5395,#5397);
#5399=EDGE_CURVE('',#5394,#5386,#5398,.T.);
#5400=ORIENTED_EDGE('',*,*,#5399,.F.);
#5401=CARTESIAN_POINT('',(-0.122047244094496,0.09542453842559,-0.210236220472437));
#5402=VERTEX_POINT('',#5401);
#5403=CARTESIAN_POINT('',(-0.133858267716543,0.09542453842559,-0.210236220472437));
#5404=DIRECTION('',(1.0,0.0,0.0));
#5405=VECTOR('',#5404,0.011811023622047);
#5406=LINE('',#5403,#5405);
#5407=EDGE_CURVE('',#5394,#5402,#5406,.T.);
#5408=ORIENTED_EDGE('',*,*,#5407,.T.);
#5409=CARTESIAN_POINT('',(-0.122047244094496,0.09542453842559,-0.210236220472437));
#5410=DIRECTION('',(0.0,-1.0,0.0));
#5411=VECTOR('',#5410,0.01368372252047);
#5412=LINE('',#5409,#5411);
#5413=EDGE_CURVE('',#5402,#5384,#5412,.T.);
#5414=ORIENTED_EDGE('',*,*,#5413,.T.);
#5415=EDGE_LOOP('',(#5392,#5400,#5408,#5414));
#5416=FACE_OUTER_BOUND('',#5415,.T.);
#5417=ADVANCED_FACE('',(#5416),#5382,.T.);
#5418=CARTESIAN_POINT('',(-0.122047244094495,0.073425196850393,-0.1781657970956));
#5419=DIRECTION('',(1.0,0.0,0.0));
#5420=DIRECTION('',(0.0,0.0,-1.0));
#5421=AXIS2_PLACEMENT_3D('',#5418,#5419,#5420);
#5422=PLANE('',#5421);
#5423=CARTESIAN_POINT('',(-0.122047244094495,0.074803149606299,-0.179692960113545));
#5424=VERTEX_POINT('',#5423);
#5425=CARTESIAN_POINT('',(-0.122047244094495,0.074803149606299,-0.179692960113545));
#5426=DIRECTION('',(-2.924319E-014,0.221500158014824,-0.97516033553432));
#5427=VECTOR('',#5426,0.031321270201332);
#5428=LINE('',#5425,#5427);
#5429=EDGE_CURVE('',#5424,#5384,#5428,.T.);
#5430=ORIENTED_EDGE('',*,*,#5429,.T.);
#5431=ORIENTED_EDGE('',*,*,#5413,.F.);
#5432=CARTESIAN_POINT('',(-0.122047244094496,0.09542453842559,-0.210236220472437));
#5433=DIRECTION('',(3.145859E-014,0.221500158014824,0.97516033553432));
#5434=VECTOR('',#5433,0.031321270201332);
#5435=LINE('',#5432,#5434);
#5436=EDGE_CURVE('',#5402,#5011,#5435,.T.);
#5437=ORIENTED_EDGE('',*,*,#5436,.T.);
#5438=CARTESIAN_POINT('',(-0.122047244094495,0.10236220472441,-0.179692960113545));
#5439=DIRECTION('',(0.0,-1.0,0.0));
#5440=VECTOR('',#5439,0.027559055118111);
#5441=LINE('',#5438,#5440);
#5442=EDGE_CURVE('',#5011,#5424,#5441,.T.);
#5443=ORIENTED_EDGE('',*,*,#5442,.T.);
#5444=EDGE_LOOP('',(#5430,#5431,#5437,#5443));
#5445=FACE_OUTER_BOUND('',#5444,.T.);
#5446=ADVANCED_FACE('',(#5445),#5422,.T.);
#5447=CARTESIAN_POINT('',(-0.141732283464574,0.103740157480316,-0.179692960113544));
#5448=DIRECTION('',(0.0,-1.0,0.0));
#5449=DIRECTION('',(-0.958246609568937,0.0,-0.285943062950715));
#5450=AXIS2_PLACEMENT_3D('',#5447,#5448,#5449);
#5451=CYLINDRICAL_SURFACE('',#5450,0.019685039370079);
#5452=CARTESIAN_POINT('',(-0.125266276978339,0.074803149606299,-0.168905402215816));
#5453=VERTEX_POINT('',#5452);
#5454=CARTESIAN_POINT('',(-0.141732283464574,0.074803149606299,-0.179692960113544));
#5455=DIRECTION('',(0.0,1.0,0.0));
#5456=DIRECTION('',(0.836473129500698,0.0,0.548007941204604));
#5457=AXIS2_PLACEMENT_3D('',#5454,#5455,#5456);
#5458=CIRCLE('',#5457,0.019685039370079);
#5459=EDGE_CURVE('',#5453,#5424,#5458,.T.);
#5460=ORIENTED_EDGE('',*,*,#5459,.T.);
#5461=ORIENTED_EDGE('',*,*,#5442,.F.);
#5462=ORIENTED_EDGE('',*,*,#5144,.F.);
#5463=CARTESIAN_POINT('',(-0.125266276978339,0.10236220472441,-0.168905402215816));
#5464=DIRECTION('',(0.0,-1.0,0.0));
#5465=VECTOR('',#5464,0.027559055118111);
#5466=LINE('',#5463,#5465);
#5467=EDGE_CURVE('',#5132,#5453,#5466,.T.);
#5468=ORIENTED_EDGE('',*,*,#5467,.T.);
#5469=EDGE_LOOP('',(#5460,#5461,#5462,#5468));
#5470=FACE_OUTER_BOUND('',#5469,.T.);
#5471=ADVANCED_FACE('',(#5470),#5451,.T.);
#5472=CARTESIAN_POINT('',(-0.143156927615659,0.073425196850393,-0.141597315229873));
#5473=DIRECTION('',(0.836473129500697,-1.857343E-015,0.548007941204605));
#5474=DIRECTION('',(0.548007941204605,2.062065E-031,-0.836473129500697));
#5475=AXIS2_PLACEMENT_3D('',#5472,#5473,#5474);
#5476=PLANE('',#5475);
#5477=CARTESIAN_POINT('',(-0.142304991871025,0.074803149606299,-0.142897700324442));
#5478=VERTEX_POINT('',#5477);
#5479=CARTESIAN_POINT('',(-0.142304991871025,0.074803149606299,-0.142897700324442));
#5480=DIRECTION('',(0.548007941204604,-1.339034E-015,-0.836473129500698));
#5481=VECTOR('',#5480,0.031092094861312);
#5482=LINE('',#5479,#5481);
#5483=EDGE_CURVE('',#5478,#5453,#5482,.T.);
#5484=ORIENTED_EDGE('',*,*,#5483,.T.);
#5485=ORIENTED_EDGE('',*,*,#5467,.F.);
#5486=ORIENTED_EDGE('',*,*,#5137,.F.);
#5487=CARTESIAN_POINT('',(-0.142304991871025,0.10236220472441,-0.142897700324442));
#5488=DIRECTION('',(0.0,-1.0,0.0));
#5489=VECTOR('',#5488,0.027559055118111);
#5490=LINE('',#5487,#5489);
#5491=EDGE_CURVE('',#5123,#5478,#5490,.T.);
#5492=ORIENTED_EDGE('',*,*,#5491,.T.);
#5493=EDGE_LOOP('',(#5484,#5485,#5486,#5492));
#5494=FACE_OUTER_BOUND('',#5493,.T.);
#5495=ADVANCED_FACE('',(#5494),#5476,.T.);
#5496=CARTESIAN_POINT('',(-0.135718589276531,0.103740157480316,-0.13858267716535));
#5497=DIRECTION('',(0.0,-1.0,0.0));
#5498=DIRECTION('',(0.836473129500697,0.0,0.548007941204605));
#5499=AXIS2_PLACEMENT_3D('',#5496,#5497,#5498);
#5500=CYLINDRICAL_SURFACE('',#5499,0.007874015748031);
#5501=CARTESIAN_POINT('',(-0.142304991871025,0.074803149606299,-0.134267654006258));
#5502=VERTEX_POINT('',#5501);
#5503=CARTESIAN_POINT('',(-0.135718589276531,0.074803149606299,-0.13858267716535));
#5504=DIRECTION('',(0.0,-1.0,0.0));
#5505=DIRECTION('',(0.836473129500697,0.0,0.548007941204605));
#5506=AXIS2_PLACEMENT_3D('',#5503,#5504,#5505);
#5507=CIRCLE('',#5506,0.007874015748031);
#5508=EDGE_CURVE('',#5502,#5478,#5507,.T.);
#5509=ORIENTED_EDGE('',*,*,#5508,.T.);
#5510=ORIENTED_EDGE('',*,*,#5491,.F.);
#5511=ORIENTED_EDGE('',*,*,#5129,.F.);
#5512=CARTESIAN_POINT('',(-0.142304991871025,0.10236220472441,-0.134267654006258));
#5513=DIRECTION('',(0.0,-1.0,0.0));
#5514=VECTOR('',#5513,0.027559055118111);
#5515=LINE('',#5512,#5514);
#5516=EDGE_CURVE('',#5115,#5502,#5515,.T.);
#5517=ORIENTED_EDGE('',*,*,#5516,.T.);
#5518=EDGE_LOOP('',(#5509,#5510,#5511,#5517));
#5519=FACE_OUTER_BOUND('',#5518,.T.);
#5520=ADVANCED_FACE('',(#5519),#5500,.F.);
#5521=CARTESIAN_POINT('',(-0.124414341233703,0.073425196850393,-0.106959567020316));
#5522=DIRECTION('',(0.836473129500663,-1.857343E-015,-0.548007941204657));
#5523=DIRECTION('',(-0.548007941204657,0.0,-0.836473129500663));
#5524=AXIS2_PLACEMENT_3D('',#5521,#5522,#5523);
#5525=PLANE('',#5524);
#5526=CARTESIAN_POINT('',(-0.125266276978337,0.074803149606299,-0.108259952114885));
#5527=VERTEX_POINT('',#5526);
#5528=CARTESIAN_POINT('',(-0.125266276978337,0.074803149606299,-0.108259952114885));
#5529=DIRECTION('',(-0.548007941204657,1.339034E-015,-0.836473129500663));
#5530=VECTOR('',#5529,0.031092094861312);
#5531=LINE('',#5528,#5530);
#5532=EDGE_CURVE('',#5527,#5502,#5531,.T.);
#5533=ORIENTED_EDGE('',*,*,#5532,.T.);
#5534=ORIENTED_EDGE('',*,*,#5516,.F.);
#5535=ORIENTED_EDGE('',*,*,#5120,.F.);
#5536=CARTESIAN_POINT('',(-0.125266276978337,0.10236220472441,-0.108259952114885));
#5537=DIRECTION('',(0.0,-1.0,0.0));
#5538=VECTOR('',#5537,0.027559055118111);
#5539=LINE('',#5536,#5538);
#5540=EDGE_CURVE('',#5106,#5527,#5539,.T.);
#5541=ORIENTED_EDGE('',*,*,#5540,.T.);
#5542=EDGE_LOOP('',(#5533,#5534,#5535,#5541));
#5543=FACE_OUTER_BOUND('',#5542,.T.);
#5544=ADVANCED_FACE('',(#5543),#5525,.T.);
#5545=CARTESIAN_POINT('',(-0.141732283464571,0.103740157480316,-0.097472394217156));
#5546=DIRECTION('',(0.0,-1.0,0.0));
#5547=DIRECTION('',(-0.958246609568925,0.0,0.285943062950755));
#5548=AXIS2_PLACEMENT_3D('',#5545,#5546,#5547);
#5549=CYLINDRICAL_SURFACE('',#5548,0.019685039370079);
#5550=CARTESIAN_POINT('',(-0.122047244094491,0.074803149606299,-0.097472394217156));
#5551=VERTEX_POINT('',#5550);
#5552=CARTESIAN_POINT('',(-0.141732283464571,0.074803149606299,-0.097472394217156));
#5553=DIRECTION('',(0.0,1.0,0.0));
#5554=DIRECTION('',(1.0,0.0,0.0));
#5555=AXIS2_PLACEMENT_3D('',#5552,#5553,#5554);
#5556=CIRCLE('',#5555,0.019685039370079);
#5557=EDGE_CURVE('',#5551,#5527,#5556,.T.);
#5558=ORIENTED_EDGE('',*,*,#5557,.T.);
#5559=ORIENTED_EDGE('',*,*,#5540,.F.);
#5560=ORIENTED_EDGE('',*,*,#5112,.F.);
#5561=CARTESIAN_POINT('',(-0.122047244094492,0.10236220472441,-0.097472394217156));
#5562=DIRECTION('',(0.0,-1.0,0.0));
#5563=VECTOR('',#5562,0.027559055118111);
#5564=LINE('',#5561,#5563);
#5565=EDGE_CURVE('',#5098,#5551,#5564,.T.);
#5566=ORIENTED_EDGE('',*,*,#5565,.T.);
#5567=EDGE_LOOP('',(#5558,#5559,#5560,#5566));
#5568=FACE_OUTER_BOUND('',#5567,.T.);
#5569=ADVANCED_FACE('',(#5568),#5549,.T.);
#5570=CARTESIAN_POINT('',(-0.12204724409449,0.073425196850393,-0.032744490525359));
#5571=DIRECTION('',(1.0,0.0,0.0));
#5572=DIRECTION('',(0.0,0.0,-1.0));
#5573=AXIS2_PLACEMENT_3D('',#5570,#5571,#5572);
#5574=PLANE('',#5573);
#5575=CARTESIAN_POINT('',(-0.12204724409449,0.074803149606299,-0.03582677165354));
#5576=DIRECTION('',(0.0,0.0,-1.0));
#5577=VECTOR('',#5576,0.061645622563616);
#5578=LINE('',#5575,#5577);
#5579=EDGE_CURVE('',#5157,#5551,#5578,.T.);
#5580=ORIENTED_EDGE('',*,*,#5579,.T.);
#5581=ORIENTED_EDGE('',*,*,#5565,.F.);
#5582=ORIENTED_EDGE('',*,*,#5103,.F.);
#5583=ORIENTED_EDGE('',*,*,#5169,.T.);
#5584=EDGE_LOOP('',(#5580,#5581,#5582,#5583));
#5585=FACE_OUTER_BOUND('',#5584,.T.);
#5586=ADVANCED_FACE('',(#5585),#5574,.T.);
#5587=CARTESIAN_POINT('',(-0.133858267716543,0.073425196850393,-0.211763383490382));
#5588=DIRECTION('',(-1.0,0.0,0.0));
#5589=DIRECTION('',(0.0,0.0,1.0));
#5590=AXIS2_PLACEMENT_3D('',#5587,#5588,#5589);
#5591=PLANE('',#5590);
#5592=CARTESIAN_POINT('',(-0.133858267716543,0.08174081590512,-0.210236220472437));
#5593=DIRECTION('',(3.101551E-014,-0.221500158014824,0.97516033553432));
#5594=VECTOR('',#5593,0.031321270201333);
#5595=LINE('',#5592,#5594);
#5596=EDGE_CURVE('',#5386,#5359,#5595,.T.);
#5597=ORIENTED_EDGE('',*,*,#5596,.T.);
#5598=ORIENTED_EDGE('',*,*,#5373,.F.);
#5599=CARTESIAN_POINT('',(-0.133858267716542,0.10236220472441,-0.179692960113544));
#5600=DIRECTION('',(-3.101551E-014,-0.221500158014825,-0.97516033553432));
#5601=VECTOR('',#5600,0.031321270201333);
#5602=LINE('',#5599,#5601);
#5603=EDGE_CURVE('',#5013,#5394,#5602,.T.);
#5604=ORIENTED_EDGE('',*,*,#5603,.T.);
#5605=ORIENTED_EDGE('',*,*,#5399,.T.);
#5606=EDGE_LOOP('',(#5597,#5598,#5604,#5605));
#5607=FACE_OUTER_BOUND('',#5606,.T.);
#5608=ADVANCED_FACE('',(#5607),#5591,.T.);
#5609=CARTESIAN_POINT('',(-0.157225395271929,0.074803149606299,-0.012098029159674));
#5610=DIRECTION('',(0.0,-1.0,0.0));
#5611=DIRECTION('',(0.0,0.0,-1.0));
#5612=AXIS2_PLACEMENT_3D('',#5609,#5610,#5611);
#5613=PLANE('',#5612);
#5614=CARTESIAN_POINT('',(-0.133858267716542,0.074803149606299,-0.179692960113544));
#5615=DIRECTION('',(1.0,0.0,0.0));
#5616=VECTOR('',#5615,0.011811023622047);
#5617=LINE('',#5614,#5616);
#5618=EDGE_CURVE('',#5359,#5424,#5617,.T.);
#5619=ORIENTED_EDGE('',*,*,#5618,.T.);
#5620=ORIENTED_EDGE('',*,*,#5459,.F.);
#5621=ORIENTED_EDGE('',*,*,#5483,.F.);
#5622=ORIENTED_EDGE('',*,*,#5508,.F.);
#5623=ORIENTED_EDGE('',*,*,#5532,.F.);
#5624=ORIENTED_EDGE('',*,*,#5557,.F.);
#5625=ORIENTED_EDGE('',*,*,#5579,.F.);
#5626=ORIENTED_EDGE('',*,*,#5163,.F.);
#5627=CARTESIAN_POINT('',(-0.118110236220474,0.074803149606299,-0.020078740157477));
#5628=DIRECTION('',(0.0,0.0,-1.0));
#5629=VECTOR('',#5628,0.011811023622047);
#5630=LINE('',#5627,#5629);
#5631=EDGE_CURVE('',#5198,#5155,#5630,.T.);
#5632=ORIENTED_EDGE('',*,*,#5631,.F.);
#5633=ORIENTED_EDGE('',*,*,#5204,.F.);
#5634=ORIENTED_EDGE('',*,*,#5242,.F.);
#5635=ORIENTED_EDGE('',*,*,#5267,.F.);
#5636=ORIENTED_EDGE('',*,*,#5291,.F.);
#5637=ORIENTED_EDGE('',*,*,#5316,.F.);
#5638=ORIENTED_EDGE('',*,*,#5340,.F.);
#5639=ORIENTED_EDGE('',*,*,#5365,.F.);
#5640=EDGE_LOOP('',(#5619,#5620,#5621,#5622,#5623,#5624,#5625,#5626,#5632,#5633,#5634,#5635,#5636,#5637,#5638,#5639));
#5641=FACE_OUTER_BOUND('',#5640,.T.);
#5642=ADVANCED_FACE('',(#5641),#5613,.T.);
#5643=CARTESIAN_POINT('',(-0.134448818897645,0.102709088039351,-0.178165797095599));
#5644=DIRECTION('',(4.956803E-015,-0.97516033553432,0.221500158014824));
#5645=DIRECTION('',(1.375789E-031,-0.221500158014824,-0.97516033553432));
#5646=AXIS2_PLACEMENT_3D('',#5643,#5644,#5645);
#5647=PLANE('',#5646);
#5648=ORIENTED_EDGE('',*,*,#5436,.F.);
#5649=ORIENTED_EDGE('',*,*,#5407,.F.);
#5650=ORIENTED_EDGE('',*,*,#5603,.F.);
#5651=ORIENTED_EDGE('',*,*,#5018,.F.);
#5652=EDGE_LOOP('',(#5648,#5649,#5650,#5651));
#5653=FACE_OUTER_BOUND('',#5652,.T.);
#5654=ADVANCED_FACE('',(#5653),#5647,.F.);
#5655=CARTESIAN_POINT('',(-0.134448818897645,0.08208769922006,-0.211763383490382));
#5656=DIRECTION('',(9.287385E-015,0.97516033553432,0.221500158014824));
#5657=DIRECTION('',(-2.577767E-031,-0.221500158014824,0.97516033553432));
#5658=AXIS2_PLACEMENT_3D('',#5655,#5656,#5657);
#5659=PLANE('',#5658);
#5660=ORIENTED_EDGE('',*,*,#5429,.F.);
#5661=ORIENTED_EDGE('',*,*,#5618,.F.);
#5662=ORIENTED_EDGE('',*,*,#5596,.F.);
#5663=ORIENTED_EDGE('',*,*,#5391,.F.);
#5664=EDGE_LOOP('',(#5660,#5661,#5662,#5663));
#5665=FACE_OUTER_BOUND('',#5664,.T.);
#5666=ADVANCED_FACE('',(#5665),#5659,.F.);
#5667=CARTESIAN_POINT('',(-0.119094488188979,-0.121141732283465,-0.055511811023622));
#5668=DIRECTION('',(0.0,0.0,1.0));
#5669=DIRECTION('',(1.0,0.0,0.0));
#5670=AXIS2_PLACEMENT_3D('',#5667,#5668,#5669);
#5671=PLANE('',#5670);
#5672=CARTESIAN_POINT('',(-0.118110236220473,-0.098425196850394,-0.055511811023622));
#5673=VERTEX_POINT('',#5672);
#5674=CARTESIAN_POINT('',(-0.098425196850394,-0.098425196850394,-0.055511811023622));
#5675=DIRECTION('',(0.0,0.0,1.0));
#5676=DIRECTION('',(-0.707106781186547,-0.707106781186547,0.0));
#5677=AXIS2_PLACEMENT_3D('',#5674,#5675,#5676);
#5678=CIRCLE('',#5677,0.019685039370079);
#5679=EDGE_CURVE('',#5673,#2075,#5678,.T.);
#5680=ORIENTED_EDGE('',*,*,#5679,.F.);
#5681=CARTESIAN_POINT('',(-0.118110236220475,-0.05748031496063,-0.055511811023622));
#5682=DIRECTION('',(0.0,-1.0,0.0));
#5683=VECTOR('',#5682,0.040944881889764);
#5684=LINE('',#5681,#5683);
#5685=EDGE_CURVE('',#2114,#5673,#5684,.T.);
#5686=ORIENTED_EDGE('',*,*,#5685,.F.);
#5687=ORIENTED_EDGE('',*,*,#2119,.T.);
#5688=ORIENTED_EDGE('',*,*,#2088,.T.);
#5689=EDGE_LOOP('',(#5680,#5686,#5687,#5688));
#5690=FACE_OUTER_BOUND('',#5689,.T.);
#5691=ADVANCED_FACE('',(#5690),#5671,.F.);
#5692=CARTESIAN_POINT('',(-0.098425196850394,-0.098425196850394,0.07759842519685));
#5693=DIRECTION('',(0.0,0.0,-1.0));
#5694=DIRECTION('',(0.707106781186547,0.707106781186548,0.0));
#5695=AXIS2_PLACEMENT_3D('',#5692,#5693,#5694);
#5696=CYLINDRICAL_SURFACE('',#5695,0.019685039370079);
#5697=ORIENTED_EDGE('',*,*,#4558,.F.);
#5698=ORIENTED_EDGE('',*,*,#4947,.F.);
#5699=ORIENTED_EDGE('',*,*,#4508,.F.);
#5700=CARTESIAN_POINT('',(-0.118110236220472,-0.098425196850394,-0.031889763779524));
#5701=DIRECTION('',(0.0,0.0,-1.0));
#5702=VECTOR('',#5701,0.023622047244098);
#5703=LINE('',#5700,#5702);
#5704=EDGE_CURVE('',#4494,#5673,#5703,.T.);
#5705=ORIENTED_EDGE('',*,*,#5704,.T.);
#5706=ORIENTED_EDGE('',*,*,#5679,.T.);
#5707=CARTESIAN_POINT('',(-0.098425196850394,-0.118110236220473,0.071259842519685));
#5708=VERTEX_POINT('',#5707);
#5709=CARTESIAN_POINT('',(-0.098425196850394,-0.118110236220473,-0.055511811023622));
#5710=DIRECTION('',(0.0,0.0,1.0));
#5711=VECTOR('',#5710,0.126771653543307);
#5712=LINE('',#5709,#5711);
#5713=EDGE_CURVE('',#2075,#5708,#5712,.T.);
#5714=ORIENTED_EDGE('',*,*,#5713,.T.);
#5715=CARTESIAN_POINT('',(-0.118110236220473,-0.098425196850394,0.071259842519685));
#5716=VERTEX_POINT('',#5715);
#5717=CARTESIAN_POINT('',(-0.098425196850394,-0.098425196850394,0.071259842519685));
#5718=DIRECTION('',(0.0,0.0,-1.0));
#5719=DIRECTION('',(-0.707106781186548,-0.707106781186547,0.0));
#5720=AXIS2_PLACEMENT_3D('',#5717,#5718,#5719);
#5721=CIRCLE('',#5720,0.019685039370079);
#5722=EDGE_CURVE('',#5708,#5716,#5721,.T.);
#5723=ORIENTED_EDGE('',*,*,#5722,.T.);
#5724=CARTESIAN_POINT('',(-0.118110236220472,-0.098425196850394,0.071259842519685));
#5725=DIRECTION('',(0.0,0.0,-1.0));
#5726=VECTOR('',#5725,0.091338582677162);
#5727=LINE('',#5724,#5726);
#5728=EDGE_CURVE('',#5716,#4552,#5727,.T.);
#5729=ORIENTED_EDGE('',*,*,#5728,.T.);
#5730=EDGE_LOOP('',(#5697,#5698,#5699,#5705,#5706,#5714,#5723,#5729));
#5731=FACE_OUTER_BOUND('',#5730,.T.);
#5732=ADVANCED_FACE('',(#5731),#5696,.T.);
#5733=CARTESIAN_POINT('',(-0.108267716535437,-0.118110236220472,0.078346456692913));
#5734=DIRECTION('',(0.0,-1.0,0.0));
#5735=DIRECTION('',(0.0,0.0,-1.0));
#5736=AXIS2_PLACEMENT_3D('',#5733,#5734,#5735);
#5737=PLANE('',#5736);
#5738=CARTESIAN_POINT('',(0.098425196850394,-0.118110236220473,0.071259842519685));
#5739=VERTEX_POINT('',#5738);
#5740=CARTESIAN_POINT('',(0.098425196850394,-0.118110236220473,0.071259842519685));
#5741=DIRECTION('',(0.0,0.0,-1.0));
#5742=VECTOR('',#5741,0.126771653543307);
#5743=LINE('',#5740,#5742);
#5744=EDGE_CURVE('',#5739,#2414,#5743,.T.);
#5745=ORIENTED_EDGE('',*,*,#5744,.F.);
#5746=CARTESIAN_POINT('',(0.098425196850394,-0.118110236220473,0.071259842519685));
#5747=DIRECTION('',(-1.0,0.0,0.0));
#5748=VECTOR('',#5747,0.196850393700788);
#5749=LINE('',#5746,#5748);
#5750=EDGE_CURVE('',#5739,#5708,#5749,.T.);
#5751=ORIENTED_EDGE('',*,*,#5750,.T.);
#5752=ORIENTED_EDGE('',*,*,#5713,.F.);
#5753=ORIENTED_EDGE('',*,*,#2080,.T.);
#5754=ORIENTED_EDGE('',*,*,#2595,.T.);
#5755=ORIENTED_EDGE('',*,*,#2499,.F.);
#5756=ORIENTED_EDGE('',*,*,#2557,.T.);
#5757=ORIENTED_EDGE('',*,*,#2633,.T.);
#5758=ORIENTED_EDGE('',*,*,#2278,.T.);
#5759=ORIENTED_EDGE('',*,*,#2425,.F.);
#5760=EDGE_LOOP('',(#5745,#5751,#5752,#5753,#5754,#5755,#5756,#5757,#5758,#5759));
#5761=FACE_OUTER_BOUND('',#5760,.T.);
#5762=ADVANCED_FACE('',(#5761),#5737,.T.);
#5763=CARTESIAN_POINT('',(0.09744094488189,-0.121141732283465,-0.055511811023622));
#5764=DIRECTION('',(0.0,0.0,1.0));
#5765=DIRECTION('',(1.0,0.0,0.0));
#5766=AXIS2_PLACEMENT_3D('',#5763,#5764,#5765);
#5767=PLANE('',#5766);
#5768=CARTESIAN_POINT('',(0.118110236220473,-0.098425196850394,-0.055511811023622));
#5769=VERTEX_POINT('',#5768);
#5770=CARTESIAN_POINT('',(0.098425196850394,-0.098425196850394,-0.055511811023622));
#5771=DIRECTION('',(0.0,0.0,1.0));
#5772=DIRECTION('',(0.707106781186547,-0.707106781186548,0.0));
#5773=AXIS2_PLACEMENT_3D('',#5770,#5771,#5772);
#5774=CIRCLE('',#5773,0.019685039370079);
#5775=EDGE_CURVE('',#2414,#5769,#5774,.T.);
#5776=ORIENTED_EDGE('',*,*,#5775,.F.);
#5777=ORIENTED_EDGE('',*,*,#2419,.T.);
#5778=ORIENTED_EDGE('',*,*,#2395,.T.);
#5779=CARTESIAN_POINT('',(0.118110236220473,-0.098425196850394,-0.055511811023622));
#5780=DIRECTION('',(0.0,1.0,0.0));
#5781=VECTOR('',#5780,0.040944881889764);
#5782=LINE('',#5779,#5781);
#5783=EDGE_CURVE('',#5769,#2382,#5782,.T.);
#5784=ORIENTED_EDGE('',*,*,#5783,.F.);
#5785=EDGE_LOOP('',(#5776,#5777,#5778,#5784));
#5786=FACE_OUTER_BOUND('',#5785,.T.);
#5787=ADVANCED_FACE('',(#5786),#5767,.F.);
#5788=CARTESIAN_POINT('',(0.098425196850394,-0.098425196850394,-0.061850393700787));
#5789=DIRECTION('',(0.0,0.0,1.0));
#5790=DIRECTION('',(-0.707106781186548,0.707106781186547,0.0));
#5791=AXIS2_PLACEMENT_3D('',#5788,#5789,#5790);
#5792=CYLINDRICAL_SURFACE('',#5791,0.019685039370079);
#5793=ORIENTED_EDGE('',*,*,#5744,.T.);
#5794=ORIENTED_EDGE('',*,*,#5775,.T.);
#5795=CARTESIAN_POINT('',(0.118110236220473,-0.098425196850394,-0.055511811023622));
#5796=DIRECTION('',(0.0,0.0,1.0));
#5797=VECTOR('',#5796,0.023622047244094);
#5798=LINE('',#5795,#5797);
#5799=EDGE_CURVE('',#5769,#3321,#5798,.T.);
#5800=ORIENTED_EDGE('',*,*,#5799,.T.);
#5801=ORIENTED_EDGE('',*,*,#3327,.F.);
#5802=ORIENTED_EDGE('',*,*,#3100,.T.);
#5803=ORIENTED_EDGE('',*,*,#3357,.F.);
#5804=CARTESIAN_POINT('',(0.118110236220472,-0.098425196850394,0.071259842519685));
#5805=VERTEX_POINT('',#5804);
#5806=CARTESIAN_POINT('',(0.118110236220472,-0.098425196850394,-0.02007874015748));
#5807=DIRECTION('',(0.0,0.0,1.0));
#5808=VECTOR('',#5807,0.091338582677165);
#5809=LINE('',#5806,#5808);
#5810=EDGE_CURVE('',#3345,#5805,#5809,.T.);
#5811=ORIENTED_EDGE('',*,*,#5810,.T.);
#5812=CARTESIAN_POINT('',(0.098425196850394,-0.098425196850394,0.071259842519685));
#5813=DIRECTION('',(0.0,0.0,-1.0));
#5814=DIRECTION('',(0.707106781186548,-0.707106781186547,0.0));
#5815=AXIS2_PLACEMENT_3D('',#5812,#5813,#5814);
#5816=CIRCLE('',#5815,0.019685039370079);
#5817=EDGE_CURVE('',#5805,#5739,#5816,.T.);
#5818=ORIENTED_EDGE('',*,*,#5817,.T.);
#5819=EDGE_LOOP('',(#5793,#5794,#5800,#5801,#5802,#5803,#5811,#5818));
#5820=FACE_OUTER_BOUND('',#5819,.T.);
#5821=ADVANCED_FACE('',(#5820),#5792,.T.);
#5822=CARTESIAN_POINT('',(0.118110236220473,-0.108267716535433,0.078346456692913));
#5823=DIRECTION('',(1.0,0.0,0.0));
#5824=DIRECTION('',(0.0,0.0,-1.0));
#5825=AXIS2_PLACEMENT_3D('',#5822,#5823,#5824);
#5826=PLANE('',#5825);
#5827=CARTESIAN_POINT('',(0.118110236220473,0.098425196850394,-0.031889763779528));
#5828=DIRECTION('',(0.0,0.0,-1.0));
#5829=VECTOR('',#5828,0.023622047244094);
#5830=LINE('',#5827,#5829);
#5831=EDGE_CURVE('',#3832,#2024,#5830,.T.);
#5832=ORIENTED_EDGE('',*,*,#5831,.F.);
#5833=ORIENTED_EDGE('',*,*,#3837,.T.);
#5834=ORIENTED_EDGE('',*,*,#3762,.T.);
#5835=ORIENTED_EDGE('',*,*,#3902,.T.);
#5836=CARTESIAN_POINT('',(0.118110236220472,0.098425196850393,0.071259842519685));
#5837=VERTEX_POINT('',#5836);
#5838=CARTESIAN_POINT('',(0.118110236220472,0.098425196850393,0.071259842519685));
#5839=DIRECTION('',(0.0,0.0,-1.0));
#5840=VECTOR('',#5839,0.091338582677165);
#5841=LINE('',#5838,#5840);
#5842=EDGE_CURVE('',#5837,#3890,#5841,.T.);
#5843=ORIENTED_EDGE('',*,*,#5842,.F.);
#5844=CARTESIAN_POINT('',(0.118110236220472,0.098425196850393,0.071259842519685));
#5845=DIRECTION('',(0.0,-1.0,0.0));
#5846=VECTOR('',#5845,0.196850393700787);
#5847=LINE('',#5844,#5846);
#5848=EDGE_CURVE('',#5837,#5805,#5847,.T.);
#5849=ORIENTED_EDGE('',*,*,#5848,.T.);
#5850=ORIENTED_EDGE('',*,*,#5810,.F.);
#5851=ORIENTED_EDGE('',*,*,#3350,.T.);
#5852=ORIENTED_EDGE('',*,*,#3244,.T.);
#5853=ORIENTED_EDGE('',*,*,#3333,.T.);
#5854=ORIENTED_EDGE('',*,*,#5799,.F.);
#5855=ORIENTED_EDGE('',*,*,#5783,.T.);
#5856=ORIENTED_EDGE('',*,*,#2387,.T.);
#5857=ORIENTED_EDGE('',*,*,#2254,.T.);
#5858=ORIENTED_EDGE('',*,*,#2370,.F.);
#5859=ORIENTED_EDGE('',*,*,#2040,.T.);
#5860=EDGE_LOOP('',(#5832,#5833,#5834,#5835,#5843,#5849,#5850,#5851,#5852,#5853,#5854,#5855,#5856,#5857,#5858,#5859));
#5861=FACE_OUTER_BOUND('',#5860,.T.);
#5862=ADVANCED_FACE('',(#5861),#5826,.T.);
#5863=CARTESIAN_POINT('',(0.098425196850394,0.098425196850394,-0.061850393700787));
#5864=DIRECTION('',(0.0,0.0,1.0));
#5865=DIRECTION('',(-0.707106781186547,-0.707106781186548,0.0));
#5866=AXIS2_PLACEMENT_3D('',#5863,#5864,#5865);
#5867=CYLINDRICAL_SURFACE('',#5866,0.019685039370079);
#5868=ORIENTED_EDGE('',*,*,#3896,.F.);
#5869=ORIENTED_EDGE('',*,*,#4285,.F.);
#5870=ORIENTED_EDGE('',*,*,#3846,.F.);
#5871=ORIENTED_EDGE('',*,*,#5831,.T.);
#5872=ORIENTED_EDGE('',*,*,#2032,.T.);
#5873=CARTESIAN_POINT('',(0.098425196850394,0.118110236220472,0.071259842519685));
#5874=VERTEX_POINT('',#5873);
#5875=CARTESIAN_POINT('',(0.098425196850394,0.118110236220473,-0.055511811023622));
#5876=DIRECTION('',(0.0,0.0,1.0));
#5877=VECTOR('',#5876,0.126771653543307);
#5878=LINE('',#5875,#5877);
#5879=EDGE_CURVE('',#2026,#5874,#5878,.T.);
#5880=ORIENTED_EDGE('',*,*,#5879,.T.);
#5881=CARTESIAN_POINT('',(0.098425196850394,0.098425196850393,0.071259842519685));
#5882=DIRECTION('',(0.0,0.0,-1.0));
#5883=DIRECTION('',(0.707106781186548,0.707106781186547,0.0));
#5884=AXIS2_PLACEMENT_3D('',#5881,#5882,#5883);
#5885=CIRCLE('',#5884,0.019685039370079);
#5886=EDGE_CURVE('',#5874,#5837,#5885,.T.);
#5887=ORIENTED_EDGE('',*,*,#5886,.T.);
#5888=ORIENTED_EDGE('',*,*,#5842,.T.);
#5889=EDGE_LOOP('',(#5868,#5869,#5870,#5871,#5872,#5880,#5887,#5888));
#5890=FACE_OUTER_BOUND('',#5889,.T.);
#5891=ADVANCED_FACE('',(#5890),#5867,.T.);
#5892=CARTESIAN_POINT('',(0.086614173228347,0.086614173228347,0.054872047244094));
#5893=DIRECTION('',(0.0,0.0,1.0));
#5894=DIRECTION('',(1.0,0.0,0.0));
#5895=AXIS2_PLACEMENT_3D('',#5892,#5893,#5894);
#5896=CYLINDRICAL_SURFACE('',#5895,0.014763779527559);
#5897=CARTESIAN_POINT('',(0.101377952755906,0.086614173228347,0.068307086614173));
#5898=VERTEX_POINT('',#5897);
#5899=CARTESIAN_POINT('',(0.086614173228347,0.086614173228347,0.068307086614173));
#5900=DIRECTION('',(0.0,0.0,1.0));
#5901=DIRECTION('',(-1.0,0.0,0.0));
#5902=AXIS2_PLACEMENT_3D('',#5899,#5900,#5901);
#5903=CIRCLE('',#5902,0.014763779527559);
#5904=EDGE_CURVE('',#5898,#5898,#5903,.T.);
#5905=ORIENTED_EDGE('',*,*,#5904,.F.);
#5906=EDGE_LOOP('',(#5905));
#5907=FACE_OUTER_BOUND('',#5906,.T.);
#5908=CARTESIAN_POINT('',(0.101377952755906,0.086614173228347,0.055511811023622));
#5909=VERTEX_POINT('',#5908);
#5910=CARTESIAN_POINT('',(0.086614173228347,0.086614173228347,0.055511811023622));
#5911=DIRECTION('',(0.0,0.0,-1.0));
#5912=DIRECTION('',(-1.0,0.0,0.0));
#5913=AXIS2_PLACEMENT_3D('',#5910,#5911,#5912);
#5914=CIRCLE('',#5913,0.014763779527559);
#5915=EDGE_CURVE('',#5909,#5909,#5914,.T.);
#5916=ORIENTED_EDGE('',*,*,#5915,.F.);
#5917=EDGE_LOOP('',(#5916));
#5918=FACE_BOUND('',#5917,.T.);
#5919=ADVANCED_FACE('',(#5907,#5918),#5896,.T.);
#5920=CARTESIAN_POINT('',(0.086614173228347,0.086614173228347,0.068307086614173));
#5921=DIRECTION('',(0.0,0.0,1.0));
#5922=DIRECTION('',(1.0,0.0,0.0));
#5923=AXIS2_PLACEMENT_3D('',#5920,#5921,#5922);
#5924=SPHERICAL_SURFACE('',#5923,0.014763779527559);
#5925=ORIENTED_EDGE('',*,*,#5904,.T.);
#5926=EDGE_LOOP('',(#5925));
#5927=FACE_OUTER_BOUND('',#5926,.T.);
#5928=ADVANCED_FACE('',(#5927),#5924,.T.);
#5929=CARTESIAN_POINT('',(-0.086614173228346,0.086614173228347,0.054872047244094));
#5930=DIRECTION('',(0.0,0.0,1.0));
#5931=DIRECTION('',(1.0,0.0,0.0));
#5932=AXIS2_PLACEMENT_3D('',#5929,#5930,#5931);
#5933=CYLINDRICAL_SURFACE('',#5932,0.014763779527559);
#5934=CARTESIAN_POINT('',(-0.071850393700787,0.086614173228347,0.068307086614173));
#5935=VERTEX_POINT('',#5934);
#5936=CARTESIAN_POINT('',(-0.086614173228346,0.086614173228347,0.068307086614173));
#5937=DIRECTION('',(0.0,0.0,1.0));
#5938=DIRECTION('',(-1.0,0.0,0.0));
#5939=AXIS2_PLACEMENT_3D('',#5936,#5937,#5938);
#5940=CIRCLE('',#5939,0.014763779527559);
#5941=EDGE_CURVE('',#5935,#5935,#5940,.T.);
#5942=ORIENTED_EDGE('',*,*,#5941,.F.);
#5943=EDGE_LOOP('',(#5942));
#5944=FACE_OUTER_BOUND('',#5943,.T.);
#5945=CARTESIAN_POINT('',(-0.071850393700787,0.086614173228347,0.055511811023622));
#5946=VERTEX_POINT('',#5945);
#5947=CARTESIAN_POINT('',(-0.086614173228346,0.086614173228347,0.055511811023622));
#5948=DIRECTION('',(0.0,0.0,-1.0));
#5949=DIRECTION('',(-1.0,0.0,0.0));
#5950=AXIS2_PLACEMENT_3D('',#5947,#5948,#5949);
#5951=CIRCLE('',#5950,0.014763779527559);
#5952=EDGE_CURVE('',#5946,#5946,#5951,.T.);
#5953=ORIENTED_EDGE('',*,*,#5952,.F.);
#5954=EDGE_LOOP('',(#5953));
#5955=FACE_BOUND('',#5954,.T.);
#5956=ADVANCED_FACE('',(#5944,#5955),#5933,.T.);
#5957=CARTESIAN_POINT('',(-0.086614173228346,0.086614173228347,0.068307086614173));
#5958=DIRECTION('',(0.0,0.0,1.0));
#5959=DIRECTION('',(1.0,0.0,0.0));
#5960=AXIS2_PLACEMENT_3D('',#5957,#5958,#5959);
#5961=SPHERICAL_SURFACE('',#5960,0.014763779527559);
#5962=ORIENTED_EDGE('',*,*,#5941,.T.);
#5963=EDGE_LOOP('',(#5962));
#5964=FACE_OUTER_BOUND('',#5963,.T.);
#5965=ADVANCED_FACE('',(#5964),#5961,.T.);
#5966=CARTESIAN_POINT('',(-0.086614173228346,-0.086614173228346,0.054872047244094));
#5967=DIRECTION('',(0.0,0.0,1.0));
#5968=DIRECTION('',(1.0,0.0,0.0));
#5969=AXIS2_PLACEMENT_3D('',#5966,#5967,#5968);
#5970=CYLINDRICAL_SURFACE('',#5969,0.014763779527559);
#5971=CARTESIAN_POINT('',(-0.071850393700787,-0.086614173228346,0.068307086614173));
#5972=VERTEX_POINT('',#5971);
#5973=CARTESIAN_POINT('',(-0.086614173228346,-0.086614173228346,0.068307086614173));
#5974=DIRECTION('',(0.0,0.0,1.0));
#5975=DIRECTION('',(-1.0,0.0,0.0));
#5976=AXIS2_PLACEMENT_3D('',#5973,#5974,#5975);
#5977=CIRCLE('',#5976,0.014763779527559);
#5978=EDGE_CURVE('',#5972,#5972,#5977,.T.);
#5979=ORIENTED_EDGE('',*,*,#5978,.F.);
#5980=EDGE_LOOP('',(#5979));
#5981=FACE_OUTER_BOUND('',#5980,.T.);
#5982=CARTESIAN_POINT('',(-0.071850393700787,-0.086614173228346,0.055511811023622));
#5983=VERTEX_POINT('',#5982);
#5984=CARTESIAN_POINT('',(-0.086614173228346,-0.086614173228346,0.055511811023622));
#5985=DIRECTION('',(0.0,0.0,-1.0));
#5986=DIRECTION('',(-1.0,0.0,0.0));
#5987=AXIS2_PLACEMENT_3D('',#5984,#5985,#5986);
#5988=CIRCLE('',#5987,0.014763779527559);
#5989=EDGE_CURVE('',#5983,#5983,#5988,.T.);
#5990=ORIENTED_EDGE('',*,*,#5989,.F.);
#5991=EDGE_LOOP('',(#5990));
#5992=FACE_BOUND('',#5991,.T.);
#5993=ADVANCED_FACE('',(#5981,#5992),#5970,.T.);
#5994=CARTESIAN_POINT('',(-0.086614173228346,-0.086614173228346,0.068307086614173));
#5995=DIRECTION('',(0.0,0.0,1.0));
#5996=DIRECTION('',(1.0,0.0,0.0));
#5997=AXIS2_PLACEMENT_3D('',#5994,#5995,#5996);
#5998=SPHERICAL_SURFACE('',#5997,0.014763779527559);
#5999=ORIENTED_EDGE('',*,*,#5978,.T.);
#6000=EDGE_LOOP('',(#5999));
#6001=FACE_OUTER_BOUND('',#6000,.T.);
#6002=ADVANCED_FACE('',(#6001),#5998,.T.);
#6003=CARTESIAN_POINT('',(0.086614173228347,-0.086614173228346,0.054872047244094));
#6004=DIRECTION('',(0.0,0.0,1.0));
#6005=DIRECTION('',(1.0,0.0,0.0));
#6006=AXIS2_PLACEMENT_3D('',#6003,#6004,#6005);
#6007=CYLINDRICAL_SURFACE('',#6006,0.014763779527559);
#6008=CARTESIAN_POINT('',(0.101377952755906,-0.086614173228346,0.068307086614173));
#6009=VERTEX_POINT('',#6008);
#6010=CARTESIAN_POINT('',(0.086614173228347,-0.086614173228346,0.068307086614173));
#6011=DIRECTION('',(0.0,0.0,1.0));
#6012=DIRECTION('',(-1.0,0.0,0.0));
#6013=AXIS2_PLACEMENT_3D('',#6010,#6011,#6012);
#6014=CIRCLE('',#6013,0.014763779527559);
#6015=EDGE_CURVE('',#6009,#6009,#6014,.T.);
#6016=ORIENTED_EDGE('',*,*,#6015,.F.);
#6017=EDGE_LOOP('',(#6016));
#6018=FACE_OUTER_BOUND('',#6017,.T.);
#6019=CARTESIAN_POINT('',(0.101377952755906,-0.086614173228346,0.055511811023622));
#6020=VERTEX_POINT('',#6019);
#6021=CARTESIAN_POINT('',(0.086614173228347,-0.086614173228346,0.055511811023622));
#6022=DIRECTION('',(0.0,0.0,-1.0));
#6023=DIRECTION('',(-1.0,0.0,0.0));
#6024=AXIS2_PLACEMENT_3D('',#6021,#6022,#6023);
#6025=CIRCLE('',#6024,0.014763779527559);
#6026=EDGE_CURVE('',#6020,#6020,#6025,.T.);
#6027=ORIENTED_EDGE('',*,*,#6026,.F.);
#6028=EDGE_LOOP('',(#6027));
#6029=FACE_BOUND('',#6028,.T.);
#6030=ADVANCED_FACE('',(#6018,#6029),#6007,.T.);
#6031=CARTESIAN_POINT('',(0.086614173228347,-0.086614173228346,0.068307086614173));
#6032=DIRECTION('',(0.0,0.0,1.0));
#6033=DIRECTION('',(1.0,0.0,0.0));
#6034=AXIS2_PLACEMENT_3D('',#6031,#6032,#6033);
#6035=SPHERICAL_SURFACE('',#6034,0.014763779527559);
#6036=ORIENTED_EDGE('',*,*,#6015,.T.);
#6037=EDGE_LOOP('',(#6036));
#6038=FACE_OUTER_BOUND('',#6037,.T.);
#6039=ADVANCED_FACE('',(#6038),#6035,.T.);
#6040=CARTESIAN_POINT('',(0.069291338582677,-0.103937007874016,0.055511811023622));
#6041=DIRECTION('',(0.0,0.0,1.0));
#6042=DIRECTION('',(1.0,0.0,0.0));
#6043=AXIS2_PLACEMENT_3D('',#6040,#6041,#6042);
#6044=PLANE('',#6043);
#6045=CARTESIAN_POINT('',(0.102362204724409,-0.086614173228347,0.055511811023622));
#6046=VERTEX_POINT('',#6045);
#6047=CARTESIAN_POINT('',(0.086614173228346,-0.086614173228347,0.055511811023622));
#6048=DIRECTION('',(0.0,0.0,1.0));
#6049=DIRECTION('',(-1.0,0.0,0.0));
#6050=AXIS2_PLACEMENT_3D('',#6047,#6048,#6049);
#6051=CIRCLE('',#6050,0.015748031496063);
#6052=EDGE_CURVE('',#6046,#6046,#6051,.T.);
#6053=ORIENTED_EDGE('',*,*,#6052,.T.);
#6054=EDGE_LOOP('',(#6053));
#6055=FACE_OUTER_BOUND('',#6054,.T.);
#6056=ORIENTED_EDGE('',*,*,#6026,.T.);
#6057=EDGE_LOOP('',(#6056));
#6058=FACE_BOUND('',#6057,.T.);
#6059=ADVANCED_FACE('',(#6055,#6058),#6044,.T.);
#6060=CARTESIAN_POINT('',(-0.118110236220472,-0.108267716535433,-0.07755905511811));
#6061=DIRECTION('',(-1.0,0.0,0.0));
#6062=DIRECTION('',(0.0,0.0,1.0));
#6063=AXIS2_PLACEMENT_3D('',#6060,#6061,#6062);
#6064=PLANE('',#6063);
#6065=CARTESIAN_POINT('',(-0.118110236220472,0.098425196850394,-0.055511811023622));
#6066=VERTEX_POINT('',#6065);
#6067=CARTESIAN_POINT('',(-0.118110236220472,0.098425196850394,-0.055511811023622));
#6068=DIRECTION('',(0.0,0.0,1.0));
#6069=VECTOR('',#6068,0.023622047244098);
#6070=LINE('',#6067,#6069);
#6071=EDGE_CURVE('',#6066,#5173,#6070,.T.);
#6072=ORIENTED_EDGE('',*,*,#6071,.F.);
#6073=CARTESIAN_POINT('',(-0.118110236220472,0.098425196850394,-0.055511811023622));
#6074=DIRECTION('',(0.0,-1.0,0.0));
#6075=VECTOR('',#6074,0.041732283464567);
#6076=LINE('',#6073,#6075);
#6077=EDGE_CURVE('',#6066,#2146,#6076,.T.);
#6078=ORIENTED_EDGE('',*,*,#6077,.T.);
#6079=ORIENTED_EDGE('',*,*,#2151,.T.);
#6080=ORIENTED_EDGE('',*,*,#2603,.T.);
#6081=ORIENTED_EDGE('',*,*,#2125,.F.);
#6082=ORIENTED_EDGE('',*,*,#5685,.T.);
#6083=ORIENTED_EDGE('',*,*,#5704,.F.);
#6084=ORIENTED_EDGE('',*,*,#4499,.T.);
#6085=ORIENTED_EDGE('',*,*,#4424,.T.);
#6086=ORIENTED_EDGE('',*,*,#4564,.T.);
#6087=ORIENTED_EDGE('',*,*,#5728,.F.);
#6088=CARTESIAN_POINT('',(-0.118110236220473,0.098425196850393,0.071259842519685));
#6089=VERTEX_POINT('',#6088);
#6090=CARTESIAN_POINT('',(-0.118110236220473,-0.098425196850394,0.071259842519685));
#6091=DIRECTION('',(0.0,1.0,0.0));
#6092=VECTOR('',#6091,0.196850393700787);
#6093=LINE('',#6090,#6092);
#6094=EDGE_CURVE('',#5716,#6089,#6093,.T.);
#6095=ORIENTED_EDGE('',*,*,#6094,.T.);
#6096=CARTESIAN_POINT('',(-0.118110236220473,0.098425196850393,-0.020078740157477));
#6097=DIRECTION('',(0.0,0.0,1.0));
#6098=VECTOR('',#6097,0.091338582677162);
#6099=LINE('',#6096,#6098);
#6100=EDGE_CURVE('',#5207,#6089,#6099,.T.);
#6101=ORIENTED_EDGE('',*,*,#6100,.F.);
#6102=ORIENTED_EDGE('',*,*,#5212,.T.);
#6103=ORIENTED_EDGE('',*,*,#5631,.T.);
#6104=ORIENTED_EDGE('',*,*,#5185,.T.);
#6105=EDGE_LOOP('',(#6072,#6078,#6079,#6080,#6081,#6082,#6083,#6084,#6085,#6086,#6087,#6095,#6101,#6102,#6103,#6104));
#6106=FACE_OUTER_BOUND('',#6105,.T.);
#6107=ADVANCED_FACE('',(#6106),#6064,.T.);
#6108=CARTESIAN_POINT('',(-0.108267716535436,0.118110236220473,-0.07755905511811));
#6109=DIRECTION('',(0.0,1.0,0.0));
#6110=DIRECTION('',(0.0,0.0,1.0));
#6111=AXIS2_PLACEMENT_3D('',#6108,#6109,#6110);
#6112=PLANE('',#6111);
#6113=CARTESIAN_POINT('',(-0.098425196850394,0.118110236220472,0.071259842519685));
#6114=VERTEX_POINT('',#6113);
#6115=CARTESIAN_POINT('',(-0.098425196850394,0.118110236220473,0.071259842519685));
#6116=DIRECTION('',(0.0,0.0,-1.0));
#6117=VECTOR('',#6116,0.126771653543307);
#6118=LINE('',#6115,#6117);
#6119=EDGE_CURVE('',#6114,#2185,#6118,.T.);
#6120=ORIENTED_EDGE('',*,*,#6119,.F.);
#6121=CARTESIAN_POINT('',(-0.098425196850394,0.118110236220472,0.071259842519685));
#6122=DIRECTION('',(1.0,0.0,0.0));
#6123=VECTOR('',#6122,0.196850393700788);
#6124=LINE('',#6121,#6123);
#6125=EDGE_CURVE('',#6114,#5874,#6124,.T.);
#6126=ORIENTED_EDGE('',*,*,#6125,.T.);
#6127=ORIENTED_EDGE('',*,*,#5879,.F.);
#6128=ORIENTED_EDGE('',*,*,#2346,.T.);
#6129=ORIENTED_EDGE('',*,*,#2230,.T.);
#6130=ORIENTED_EDGE('',*,*,#2330,.F.);
#6131=ORIENTED_EDGE('',*,*,#2526,.T.);
#6132=ORIENTED_EDGE('',*,*,#2459,.T.);
#6133=ORIENTED_EDGE('',*,*,#2611,.T.);
#6134=ORIENTED_EDGE('',*,*,#2196,.F.);
#6135=EDGE_LOOP('',(#6120,#6126,#6127,#6128,#6129,#6130,#6131,#6132,#6133,#6134));
#6136=FACE_OUTER_BOUND('',#6135,.T.);
#6137=ADVANCED_FACE('',(#6136),#6112,.T.);
#6138=CARTESIAN_POINT('',(-0.119094488188979,0.053622047244095,-0.055511811023622));
#6139=DIRECTION('',(0.0,0.0,1.0));
#6140=DIRECTION('',(1.0,0.0,0.0));
#6141=AXIS2_PLACEMENT_3D('',#6138,#6139,#6140);
#6142=PLANE('',#6141);
#6143=CARTESIAN_POINT('',(-0.098425196850394,0.098425196850394,-0.055511811023622));
#6144=DIRECTION('',(0.0,0.0,1.0));
#6145=DIRECTION('',(-0.707106781186547,0.707106781186548,0.0));
#6146=AXIS2_PLACEMENT_3D('',#6143,#6144,#6145);
#6147=CIRCLE('',#6146,0.019685039370079);
#6148=EDGE_CURVE('',#2185,#6066,#6147,.T.);
#6149=ORIENTED_EDGE('',*,*,#6148,.F.);
#6150=ORIENTED_EDGE('',*,*,#2190,.T.);
#6151=ORIENTED_EDGE('',*,*,#2159,.T.);
#6152=ORIENTED_EDGE('',*,*,#6077,.F.);
#6153=EDGE_LOOP('',(#6149,#6150,#6151,#6152));
#6154=FACE_OUTER_BOUND('',#6153,.T.);
#6155=ADVANCED_FACE('',(#6154),#6142,.F.);
#6156=CARTESIAN_POINT('',(-0.098425196850394,0.098425196850394,-0.061850393700787));
#6157=DIRECTION('',(0.0,0.0,1.0));
#6158=DIRECTION('',(0.707106781186565,-0.70710678118653,0.0));
#6159=AXIS2_PLACEMENT_3D('',#6156,#6157,#6158);
#6160=CYLINDRICAL_SURFACE('',#6159,0.019685039370079);
#6161=ORIENTED_EDGE('',*,*,#6119,.T.);
#6162=ORIENTED_EDGE('',*,*,#6148,.T.);
#6163=ORIENTED_EDGE('',*,*,#6071,.T.);
#6164=ORIENTED_EDGE('',*,*,#5179,.F.);
#6165=ORIENTED_EDGE('',*,*,#5086,.T.);
#6166=ORIENTED_EDGE('',*,*,#5219,.F.);
#6167=ORIENTED_EDGE('',*,*,#6100,.T.);
#6168=CARTESIAN_POINT('',(-0.098425196850394,0.098425196850393,0.071259842519685));
#6169=DIRECTION('',(0.0,0.0,-1.0));
#6170=DIRECTION('',(-0.707106781186547,0.707106781186547,0.0));
#6171=AXIS2_PLACEMENT_3D('',#6168,#6169,#6170);
#6172=CIRCLE('',#6171,0.019685039370079);
#6173=EDGE_CURVE('',#6089,#6114,#6172,.T.);
#6174=ORIENTED_EDGE('',*,*,#6173,.T.);
#6175=EDGE_LOOP('',(#6161,#6162,#6163,#6164,#6165,#6166,#6167,#6174));
#6176=FACE_OUTER_BOUND('',#6175,.T.);
#6177=ADVANCED_FACE('',(#6176),#6160,.T.);
#6178=CARTESIAN_POINT('',(-0.103937007874016,-0.103937007874016,0.055511811023622));
#6179=DIRECTION('',(0.0,0.0,1.0));
#6180=DIRECTION('',(1.0,0.0,0.0));
#6181=AXIS2_PLACEMENT_3D('',#6178,#6179,#6180);
#6182=PLANE('',#6181);
#6183=CARTESIAN_POINT('',(-0.070866141732284,-0.086614173228347,0.055511811023622));
#6184=VERTEX_POINT('',#6183);
#6185=CARTESIAN_POINT('',(-0.086614173228347,-0.086614173228347,0.055511811023622));
#6186=DIRECTION('',(0.0,0.0,1.0));
#6187=DIRECTION('',(-1.0,0.0,0.0));
#6188=AXIS2_PLACEMENT_3D('',#6185,#6186,#6187);
#6189=CIRCLE('',#6188,0.015748031496063);
#6190=EDGE_CURVE('',#6184,#6184,#6189,.T.);
#6191=ORIENTED_EDGE('',*,*,#6190,.T.);
#6192=EDGE_LOOP('',(#6191));
#6193=FACE_OUTER_BOUND('',#6192,.T.);
#6194=ORIENTED_EDGE('',*,*,#5989,.T.);
#6195=EDGE_LOOP('',(#6194));
#6196=FACE_BOUND('',#6195,.T.);
#6197=ADVANCED_FACE('',(#6193,#6196),#6182,.T.);
#6198=CARTESIAN_POINT('',(2.130841E-016,6.904126E-017,0.055511811023622));
#6199=DIRECTION('',(0.0,0.0,1.0));
#6200=DIRECTION('',(1.0,0.0,0.0));
#6201=AXIS2_PLACEMENT_3D('',#6198,#6199,#6200);
#6202=PLANE('',#6201);
#6203=CARTESIAN_POINT('',(0.102362204724409,0.086614173228346,0.055511811023622));
#6204=VERTEX_POINT('',#6203);
#6205=CARTESIAN_POINT('',(0.086614173228346,0.086614173228346,0.055511811023622));
#6206=DIRECTION('',(0.0,0.0,1.0));
#6207=DIRECTION('',(-1.0,0.0,0.0));
#6208=AXIS2_PLACEMENT_3D('',#6205,#6206,#6207);
#6209=CIRCLE('',#6208,0.015748031496063);
#6210=EDGE_CURVE('',#6204,#6204,#6209,.T.);
#6211=ORIENTED_EDGE('',*,*,#6210,.T.);
#6212=EDGE_LOOP('',(#6211));
#6213=FACE_OUTER_BOUND('',#6212,.T.);
#6214=ORIENTED_EDGE('',*,*,#5915,.T.);
#6215=EDGE_LOOP('',(#6214));
#6216=FACE_BOUND('',#6215,.T.);
#6217=ADVANCED_FACE('',(#6213,#6216),#6202,.T.);
#6218=CARTESIAN_POINT('',(-0.103937007874016,0.069291338582677,0.055511811023622));
#6219=DIRECTION('',(0.0,0.0,1.0));
#6220=DIRECTION('',(1.0,0.0,0.0));
#6221=AXIS2_PLACEMENT_3D('',#6218,#6219,#6220);
#6222=PLANE('',#6221);
#6223=CARTESIAN_POINT('',(-0.070866141732284,0.086614173228346,0.055511811023622));
#6224=VERTEX_POINT('',#6223);
#6225=CARTESIAN_POINT('',(-0.086614173228347,0.086614173228346,0.055511811023622));
#6226=DIRECTION('',(0.0,0.0,1.0));
#6227=DIRECTION('',(-1.0,0.0,0.0));
#6228=AXIS2_PLACEMENT_3D('',#6225,#6226,#6227);
#6229=CIRCLE('',#6228,0.015748031496063);
#6230=EDGE_CURVE('',#6224,#6224,#6229,.T.);
#6231=ORIENTED_EDGE('',*,*,#6230,.T.);
#6232=EDGE_LOOP('',(#6231));
#6233=FACE_OUTER_BOUND('',#6232,.T.);
#6234=ORIENTED_EDGE('',*,*,#5952,.T.);
#6235=EDGE_LOOP('',(#6234));
#6236=FACE_BOUND('',#6235,.T.);
#6237=ADVANCED_FACE('',(#6233,#6236),#6222,.T.);
#6238=CARTESIAN_POINT('',(-0.12992125984252,-0.12992125984252,0.071259842519685));
#6239=DIRECTION('',(0.0,0.0,1.0));
#6240=DIRECTION('',(1.0,0.0,0.0));
#6241=AXIS2_PLACEMENT_3D('',#6238,#6239,#6240);
#6242=PLANE('',#6241);
#6243=ORIENTED_EDGE('',*,*,#5722,.F.);
#6244=ORIENTED_EDGE('',*,*,#5750,.F.);
#6245=ORIENTED_EDGE('',*,*,#5817,.F.);
#6246=ORIENTED_EDGE('',*,*,#5848,.F.);
#6247=ORIENTED_EDGE('',*,*,#5886,.F.);
#6248=ORIENTED_EDGE('',*,*,#6125,.F.);
#6249=ORIENTED_EDGE('',*,*,#6173,.F.);
#6250=ORIENTED_EDGE('',*,*,#6094,.F.);
#6251=EDGE_LOOP('',(#6243,#6244,#6245,#6246,#6247,#6248,#6249,#6250));
#6252=FACE_OUTER_BOUND('',#6251,.T.);
#6253=CARTESIAN_POINT('',(0.070866141732283,-2.555110E-016,0.071259842519685));
#6254=VERTEX_POINT('',#6253);
#6255=CARTESIAN_POINT('',(-7.102803E-017,-2.294752E-016,0.071259842519685));
#6256=DIRECTION('',(0.0,0.0,-1.0));
#6257=DIRECTION('',(-1.0,0.0,0.0));
#6258=AXIS2_PLACEMENT_3D('',#6255,#6256,#6257);
#6259=CIRCLE('',#6258,0.070866141732283);
#6260=EDGE_CURVE('',#6254,#6254,#6259,.T.);
#6261=ORIENTED_EDGE('',*,*,#6260,.T.);
#6262=EDGE_LOOP('',(#6261));
#6263=FACE_BOUND('',#6262,.T.);
#6264=CARTESIAN_POINT('',(0.102362204724409,-0.086614173228347,0.071259842519685));
#6265=VERTEX_POINT('',#6264);
#6266=CARTESIAN_POINT('',(0.086614173228346,-0.086614173228347,0.071259842519685));
#6267=DIRECTION('',(0.0,0.0,-1.0));
#6268=DIRECTION('',(-1.0,0.0,0.0));
#6269=AXIS2_PLACEMENT_3D('',#6266,#6267,#6268);
#6270=CIRCLE('',#6269,0.015748031496063);
#6271=EDGE_CURVE('',#6265,#6265,#6270,.T.);
#6272=ORIENTED_EDGE('',*,*,#6271,.T.);
#6273=EDGE_LOOP('',(#6272));
#6274=FACE_BOUND('',#6273,.T.);
#6275=CARTESIAN_POINT('',(-0.070866141732284,-0.086614173228347,0.071259842519685));
#6276=VERTEX_POINT('',#6275);
#6277=CARTESIAN_POINT('',(-0.086614173228347,-0.086614173228347,0.071259842519685));
#6278=DIRECTION('',(0.0,0.0,-1.0));
#6279=DIRECTION('',(-1.0,0.0,0.0));
#6280=AXIS2_PLACEMENT_3D('',#6277,#6278,#6279);
#6281=CIRCLE('',#6280,0.015748031496063);
#6282=EDGE_CURVE('',#6276,#6276,#6281,.T.);
#6283=ORIENTED_EDGE('',*,*,#6282,.T.);
#6284=EDGE_LOOP('',(#6283));
#6285=FACE_BOUND('',#6284,.T.);
#6286=CARTESIAN_POINT('',(0.102362204724409,0.086614173228346,0.071259842519685));
#6287=VERTEX_POINT('',#6286);
#6288=CARTESIAN_POINT('',(0.086614173228346,0.086614173228346,0.071259842519685));
#6289=DIRECTION('',(0.0,0.0,-1.0));
#6290=DIRECTION('',(-1.0,0.0,0.0));
#6291=AXIS2_PLACEMENT_3D('',#6288,#6289,#6290);
#6292=CIRCLE('',#6291,0.015748031496063);
#6293=EDGE_CURVE('',#6287,#6287,#6292,.T.);
#6294=ORIENTED_EDGE('',*,*,#6293,.T.);
#6295=EDGE_LOOP('',(#6294));
#6296=FACE_BOUND('',#6295,.T.);
#6297=CARTESIAN_POINT('',(-0.070866141732284,0.086614173228346,0.071259842519685));
#6298=VERTEX_POINT('',#6297);
#6299=CARTESIAN_POINT('',(-0.086614173228347,0.086614173228346,0.071259842519685));
#6300=DIRECTION('',(0.0,0.0,-1.0));
#6301=DIRECTION('',(-1.0,0.0,0.0));
#6302=AXIS2_PLACEMENT_3D('',#6299,#6300,#6301);
#6303=CIRCLE('',#6302,0.015748031496063);
#6304=EDGE_CURVE('',#6298,#6298,#6303,.T.);
#6305=ORIENTED_EDGE('',*,*,#6304,.T.);
#6306=EDGE_LOOP('',(#6305));
#6307=FACE_BOUND('',#6306,.T.);
#6308=ADVANCED_FACE('',(#6252,#6263,#6274,#6285,#6296,#6307),#6242,.T.);
#6309=CARTESIAN_POINT('',(-0.086614173228347,0.086614173228346,0.054724409448819));
#6310=DIRECTION('',(0.0,0.0,1.0));
#6311=DIRECTION('',(1.0,0.0,0.0));
#6312=AXIS2_PLACEMENT_3D('',#6309,#6310,#6311);
#6313=CYLINDRICAL_SURFACE('',#6312,0.015748031496063);
#6314=ORIENTED_EDGE('',*,*,#6304,.F.);
#6315=EDGE_LOOP('',(#6314));
#6316=FACE_OUTER_BOUND('',#6315,.T.);
#6317=ORIENTED_EDGE('',*,*,#6230,.F.);
#6318=EDGE_LOOP('',(#6317));
#6319=FACE_BOUND('',#6318,.T.);
#6320=ADVANCED_FACE('',(#6316,#6319),#6313,.F.);
#6321=CARTESIAN_POINT('',(0.086614173228346,0.086614173228346,0.054724409448819));
#6322=DIRECTION('',(0.0,0.0,1.0));
#6323=DIRECTION('',(1.0,0.0,0.0));
#6324=AXIS2_PLACEMENT_3D('',#6321,#6322,#6323);
#6325=CYLINDRICAL_SURFACE('',#6324,0.015748031496063);
#6326=ORIENTED_EDGE('',*,*,#6293,.F.);
#6327=EDGE_LOOP('',(#6326));
#6328=FACE_OUTER_BOUND('',#6327,.T.);
#6329=ORIENTED_EDGE('',*,*,#6210,.F.);
#6330=EDGE_LOOP('',(#6329));
#6331=FACE_BOUND('',#6330,.T.);
#6332=ADVANCED_FACE('',(#6328,#6331),#6325,.F.);
#6333=CARTESIAN_POINT('',(-0.086614173228347,-0.086614173228347,0.054724409448819));
#6334=DIRECTION('',(0.0,0.0,1.0));
#6335=DIRECTION('',(1.0,0.0,0.0));
#6336=AXIS2_PLACEMENT_3D('',#6333,#6334,#6335);
#6337=CYLINDRICAL_SURFACE('',#6336,0.015748031496063);
#6338=ORIENTED_EDGE('',*,*,#6282,.F.);
#6339=EDGE_LOOP('',(#6338));
#6340=FACE_OUTER_BOUND('',#6339,.T.);
#6341=ORIENTED_EDGE('',*,*,#6190,.F.);
#6342=EDGE_LOOP('',(#6341));
#6343=FACE_BOUND('',#6342,.T.);
#6344=ADVANCED_FACE('',(#6340,#6343),#6337,.F.);
#6345=CARTESIAN_POINT('',(0.086614173228346,-0.086614173228347,0.054724409448819));
#6346=DIRECTION('',(0.0,0.0,1.0));
#6347=DIRECTION('',(1.0,0.0,0.0));
#6348=AXIS2_PLACEMENT_3D('',#6345,#6346,#6347);
#6349=CYLINDRICAL_SURFACE('',#6348,0.015748031496063);
#6350=ORIENTED_EDGE('',*,*,#6271,.F.);
#6351=EDGE_LOOP('',(#6350));
#6352=FACE_OUTER_BOUND('',#6351,.T.);
#6353=ORIENTED_EDGE('',*,*,#6052,.F.);
#6354=EDGE_LOOP('',(#6353));
#6355=FACE_BOUND('',#6354,.T.);
#6356=ADVANCED_FACE('',(#6352,#6355),#6349,.F.);
#6357=CARTESIAN_POINT('',(-7.102803E-017,-2.294752E-016,0.055511811023622));
#6358=DIRECTION('',(0.0,0.0,1.0));
#6359=DIRECTION('',(1.0,0.0,0.0));
#6360=AXIS2_PLACEMENT_3D('',#6357,#6358,#6359);
#6361=CYLINDRICAL_SURFACE('',#6360,0.070866141732283);
#6362=ORIENTED_EDGE('',*,*,#6260,.F.);
#6363=EDGE_LOOP('',(#6362));
#6364=FACE_OUTER_BOUND('',#6363,.T.);
#6365=CARTESIAN_POINT('',(0.070866141732283,-2.555110E-016,0.059448818897638));
#6366=VERTEX_POINT('',#6365);
#6367=CARTESIAN_POINT('',(-7.102803E-017,-2.294752E-016,0.059448818897638));
#6368=DIRECTION('',(0.0,0.0,-1.0));
#6369=DIRECTION('',(-1.0,0.0,0.0));
#6370=AXIS2_PLACEMENT_3D('',#6367,#6368,#6369);
#6371=CIRCLE('',#6370,0.070866141732283);
#6372=EDGE_CURVE('',#6366,#6366,#6371,.T.);
#6373=ORIENTED_EDGE('',*,*,#6372,.T.);
#6374=EDGE_LOOP('',(#6373));
#6375=FACE_BOUND('',#6374,.T.);
#6376=ADVANCED_FACE('',(#6364,#6375),#6361,.F.);
#6377=CARTESIAN_POINT('',(-0.065696736227875,0.0616,0.110629921259843));
#6378=DIRECTION('',(0.0,0.0,-1.0));
#6379=DIRECTION('',(-1.0,0.0,0.0));
#6380=AXIS2_PLACEMENT_3D('',#6377,#6378,#6379);
#6381=PLANE('',#6380);
#6382=ORIENTED_EDGE('',*,*,#972,.T.);
#6383=CARTESIAN_POINT('',(-7.269953E-017,-2.540337E-016,0.110629921259843));
#6384=DIRECTION('',(0.0,0.0,-1.0));
#6385=DIRECTION('',(1.0,0.0,0.0));
#6386=AXIS2_PLACEMENT_3D('',#6383,#6384,#6385);
#6387=CIRCLE('',#6386,0.059732844619331);
#6388=EDGE_CURVE('',#1681,#959,#6387,.T.);
#6389=ORIENTED_EDGE('',*,*,#6388,.F.);
#6390=ORIENTED_EDGE('',*,*,#1686,.T.);
#6391=ORIENTED_EDGE('',*,*,#1498,.T.);
#6392=CARTESIAN_POINT('',(-7.269953E-017,-2.540337E-016,0.110629921259843));
#6393=DIRECTION('',(0.0,0.0,-1.0));
#6394=DIRECTION('',(1.0,0.0,0.0));
#6395=AXIS2_PLACEMENT_3D('',#6392,#6393,#6394);
#6396=CIRCLE('',#6395,0.059732844619331);
#6397=EDGE_CURVE('',#1453,#1485,#6396,.T.);
#6398=ORIENTED_EDGE('',*,*,#6397,.F.);
#6399=ORIENTED_EDGE('',*,*,#1458,.T.);
#6400=ORIENTED_EDGE('',*,*,#1675,.T.);
#6401=CARTESIAN_POINT('',(-7.269953E-017,-2.540337E-016,0.110629921259843));
#6402=DIRECTION('',(0.0,0.0,-1.0));
#6403=DIRECTION('',(1.0,0.0,0.0));
#6404=AXIS2_PLACEMENT_3D('',#6401,#6402,#6403);
#6405=CIRCLE('',#6404,0.059732844619331);
#6406=EDGE_CURVE('',#1014,#1664,#6405,.T.);
#6407=ORIENTED_EDGE('',*,*,#6406,.F.);
#6408=ORIENTED_EDGE('',*,*,#1019,.T.);
#6409=CARTESIAN_POINT('',(-7.269953E-017,-2.540337E-016,0.110629921259843));
#6410=DIRECTION('',(0.0,0.0,-1.0));
#6411=DIRECTION('',(1.0,0.0,0.0));
#6412=AXIS2_PLACEMENT_3D('',#6409,#6410,#6411);
#6413=CIRCLE('',#6412,0.059732844619331);
#6414=EDGE_CURVE('',#1088,#1006,#6413,.T.);
#6415=ORIENTED_EDGE('',*,*,#6414,.F.);
#6416=ORIENTED_EDGE('',*,*,#1093,.T.);
#6417=ORIENTED_EDGE('',*,*,#1567,.T.);
#6418=CARTESIAN_POINT('',(-7.269953E-017,-2.540337E-016,0.110629921259843));
#6419=DIRECTION('',(0.0,0.0,-1.0));
#6420=DIRECTION('',(1.0,0.0,0.0));
#6421=AXIS2_PLACEMENT_3D('',#6418,#6419,#6420);
#6422=CIRCLE('',#6421,0.059732844619331);
#6423=EDGE_CURVE('',#1620,#1556,#6422,.T.);
#6424=ORIENTED_EDGE('',*,*,#6423,.F.);
#6425=ORIENTED_EDGE('',*,*,#1625,.T.);
#6426=ORIENTED_EDGE('',*,*,#1061,.T.);
#6427=CARTESIAN_POINT('',(-7.269953E-017,-2.540337E-016,0.110629921259843));
#6428=DIRECTION('',(0.0,0.0,-1.0));
#6429=DIRECTION('',(1.0,0.0,0.0));
#6430=AXIS2_PLACEMENT_3D('',#6427,#6428,#6429);
#6431=CIRCLE('',#6430,0.059732844619331);
#6432=EDGE_CURVE('',#967,#1048,#6431,.T.);
#6433=ORIENTED_EDGE('',*,*,#6432,.F.);
#6434=EDGE_LOOP('',(#6382,#6389,#6390,#6391,#6398,#6399,#6400,#6407,#6408,#6415,#6416,#6417,#6424,#6425,#6426,#6433));
#6435=FACE_OUTER_BOUND('',#6434,.T.);
#6436=CARTESIAN_POINT('',(0.033464566929134,0.033464566929134,0.110629921259843));
#6437=VERTEX_POINT('',#6436);
#6438=CARTESIAN_POINT('',(0.033464566929134,-0.033464566929134,0.110629921259843));
#6439=VERTEX_POINT('',#6438);
#6440=CARTESIAN_POINT('',(0.033464566929134,0.033464566929134,0.110629921259843));
#6441=DIRECTION('',(0.0,-1.0,0.0));
#6442=VECTOR('',#6441,0.066929133858268);
#6443=LINE('',#6440,#6442);
#6444=EDGE_CURVE('',#6437,#6439,#6443,.T.);
#6445=ORIENTED_EDGE('',*,*,#6444,.T.);
#6446=CARTESIAN_POINT('',(-0.033464566929134,-0.033464566929134,0.110629921259843));
#6447=VERTEX_POINT('',#6446);
#6448=CARTESIAN_POINT('',(0.033464566929134,-0.033464566929134,0.110629921259843));
#6449=DIRECTION('',(-1.0,0.0,0.0));
#6450=VECTOR('',#6449,0.066929133858268);
#6451=LINE('',#6448,#6450);
#6452=EDGE_CURVE('',#6439,#6447,#6451,.T.);
#6453=ORIENTED_EDGE('',*,*,#6452,.T.);
#6454=CARTESIAN_POINT('',(-0.033464566929134,0.033464566929134,0.110629921259843));
#6455=VERTEX_POINT('',#6454);
#6456=CARTESIAN_POINT('',(-0.033464566929134,-0.033464566929134,0.110629921259843));
#6457=DIRECTION('',(0.0,1.0,0.0));
#6458=VECTOR('',#6457,0.066929133858268);
#6459=LINE('',#6456,#6458);
#6460=EDGE_CURVE('',#6447,#6455,#6459,.T.);
#6461=ORIENTED_EDGE('',*,*,#6460,.T.);
#6462=CARTESIAN_POINT('',(-0.033464566929134,0.033464566929134,0.110629921259843));
#6463=DIRECTION('',(1.0,0.0,0.0));
#6464=VECTOR('',#6463,0.066929133858268);
#6465=LINE('',#6462,#6464);
#6466=EDGE_CURVE('',#6455,#6437,#6465,.T.);
#6467=ORIENTED_EDGE('',*,*,#6466,.T.);
#6468=EDGE_LOOP('',(#6445,#6453,#6461,#6467));
#6469=FACE_BOUND('',#6468,.T.);
#6470=ADVANCED_FACE('',(#6435,#6469),#6381,.F.);
#6471=CARTESIAN_POINT('',(-7.269953E-017,-2.540337E-016,-32.729875818430671));
#6472=DIRECTION('',(0.0,0.0,-1.0));
#6473=DIRECTION('',(-1.0,0.0,0.0));
#6474=AXIS2_PLACEMENT_3D('',#6471,#6472,#6473);
#6475=CONICAL_SURFACE('',#6474,1.0,1.63);
#6476=CARTESIAN_POINT('',(-0.066929133858268,-2.622302E-016,0.059448818897638));
#6477=VERTEX_POINT('',#6476);
#6478=CARTESIAN_POINT('',(-7.269953E-017,-2.540337E-016,0.059448818897638));
#6479=DIRECTION('',(0.0,0.0,-1.0));
#6480=DIRECTION('',(1.0,0.0,0.0));
#6481=AXIS2_PLACEMENT_3D('',#6478,#6479,#6480);
#6482=CIRCLE('',#6481,0.066929133858268);
#6483=EDGE_CURVE('',#6477,#6477,#6482,.T.);
#6484=ORIENTED_EDGE('',*,*,#6483,.F.);
#6485=EDGE_LOOP('',(#6484));
#6486=FACE_OUTER_BOUND('',#6485,.T.);
#6487=CARTESIAN_POINT('',(0.065635966813903,-2.540337E-016,0.104892391906523));
#6488=VERTEX_POINT('',#6487);
#6489=CARTESIAN_POINT('',(-7.269953E-017,-2.580526E-016,0.104892391906523));
#6490=DIRECTION('',(0.0,0.0,1.0));
#6491=DIRECTION('',(1.0,0.0,0.0));
#6492=AXIS2_PLACEMENT_3D('',#6489,#6490,#6491);
#6493=CIRCLE('',#6492,0.065635966813903);
#6494=EDGE_CURVE('',#6488,#6488,#6493,.T.);
#6495=ORIENTED_EDGE('',*,*,#6494,.F.);
#6496=EDGE_LOOP('',(#6495));
#6497=FACE_BOUND('',#6496,.T.);
#6498=ADVANCED_FACE('',(#6486,#6497),#6475,.T.);
#6499=CARTESIAN_POINT('',(-7.269953E-017,-2.540337E-016,0.10472440944882));
#6500=DIRECTION('',(0.0,0.0,-1.0));
#6501=DIRECTION('',(-1.0,0.0,0.0));
#6502=AXIS2_PLACEMENT_3D('',#6499,#6500,#6501);
#6503=TOROIDAL_SURFACE('',#6502,0.059732844619331,0.005905511811024);
#6504=ORIENTED_EDGE('',*,*,#6494,.T.);
#6505=EDGE_LOOP('',(#6504));
#6506=FACE_OUTER_BOUND('',#6505,.T.);
#6507=ORIENTED_EDGE('',*,*,#6423,.T.);
#6508=ORIENTED_EDGE('',*,*,#1761,.T.);
#6509=ORIENTED_EDGE('',*,*,#6414,.T.);
#6510=ORIENTED_EDGE('',*,*,#1752,.T.);
#6511=ORIENTED_EDGE('',*,*,#6406,.T.);
#6512=ORIENTED_EDGE('',*,*,#1777,.T.);
#6513=ORIENTED_EDGE('',*,*,#6397,.T.);
#6514=ORIENTED_EDGE('',*,*,#1719,.T.);
#6515=ORIENTED_EDGE('',*,*,#6388,.T.);
#6516=ORIENTED_EDGE('',*,*,#1710,.T.);
#6517=ORIENTED_EDGE('',*,*,#6432,.T.);
#6518=ORIENTED_EDGE('',*,*,#1735,.T.);
#6519=EDGE_LOOP('',(#6507,#6508,#6509,#6510,#6511,#6512,#6513,#6514,#6515,#6516,#6517,#6518));
#6520=FACE_BOUND('',#6519,.T.);
#6521=ADVANCED_FACE('',(#6506,#6520),#6503,.T.);
#6522=CARTESIAN_POINT('',(0.036811023622047,0.033464566929134,0.156102362204725));
#6523=DIRECTION('',(0.0,1.0,0.0));
#6524=DIRECTION('',(0.0,0.0,1.0));
#6525=AXIS2_PLACEMENT_3D('',#6522,#6523,#6524);
#6526=PLANE('',#6525);
#6527=CARTESIAN_POINT('',(-0.033464566929134,0.033464566929134,0.153937007874016));
#6528=VERTEX_POINT('',#6527);
#6529=CARTESIAN_POINT('',(0.033464566929134,0.033464566929134,0.153937007874016));
#6530=VERTEX_POINT('',#6529);
#6531=CARTESIAN_POINT('',(-0.033464566929134,0.033464566929134,0.153937007874016));
#6532=DIRECTION('',(1.0,0.0,0.0));
#6533=VECTOR('',#6532,0.066929133858268);
#6534=LINE('',#6531,#6533);
#6535=EDGE_CURVE('',#6528,#6530,#6534,.T.);
#6536=ORIENTED_EDGE('',*,*,#6535,.T.);
#6537=CARTESIAN_POINT('',(0.033464566929134,0.033464566929134,0.110629921259843));
#6538=DIRECTION('',(0.0,0.0,1.0));
#6539=VECTOR('',#6538,0.043307086614173);
#6540=LINE('',#6537,#6539);
#6541=EDGE_CURVE('',#6437,#6530,#6540,.T.);
#6542=ORIENTED_EDGE('',*,*,#6541,.F.);
#6543=ORIENTED_EDGE('',*,*,#6466,.F.);
#6544=CARTESIAN_POINT('',(-0.033464566929134,0.033464566929134,0.110629921259843));
#6545=DIRECTION('',(0.0,0.0,1.0));
#6546=VECTOR('',#6545,0.043307086614173);
#6547=LINE('',#6544,#6546);
#6548=EDGE_CURVE('',#6455,#6528,#6547,.T.);
#6549=ORIENTED_EDGE('',*,*,#6548,.T.);
#6550=EDGE_LOOP('',(#6536,#6542,#6543,#6549));
#6551=FACE_OUTER_BOUND('',#6550,.T.);
#6552=ADVANCED_FACE('',(#6551),#6526,.T.);
#6553=CARTESIAN_POINT('',(-0.033464566929134,0.036811023622047,0.156102362204725));
#6554=DIRECTION('',(-1.0,0.0,0.0));
#6555=DIRECTION('',(0.0,0.0,1.0));
#6556=AXIS2_PLACEMENT_3D('',#6553,#6554,#6555);
#6557=PLANE('',#6556);
#6558=CARTESIAN_POINT('',(-0.033464566929134,-0.033464566929134,0.153937007874016));
#6559=VERTEX_POINT('',#6558);
#6560=CARTESIAN_POINT('',(-0.033464566929134,-0.033464566929134,0.153937007874016));
#6561=DIRECTION('',(0.0,1.0,0.0));
#6562=VECTOR('',#6561,0.066929133858268);
#6563=LINE('',#6560,#6562);
#6564=EDGE_CURVE('',#6559,#6528,#6563,.T.);
#6565=ORIENTED_EDGE('',*,*,#6564,.T.);
#6566=ORIENTED_EDGE('',*,*,#6548,.F.);
#6567=ORIENTED_EDGE('',*,*,#6460,.F.);
#6568=CARTESIAN_POINT('',(-0.033464566929134,-0.033464566929134,0.110629921259843));
#6569=DIRECTION('',(0.0,0.0,1.0));
#6570=VECTOR('',#6569,0.043307086614173);
#6571=LINE('',#6568,#6570);
#6572=EDGE_CURVE('',#6447,#6559,#6571,.T.);
#6573=ORIENTED_EDGE('',*,*,#6572,.T.);
#6574=EDGE_LOOP('',(#6565,#6566,#6567,#6573));
#6575=FACE_OUTER_BOUND('',#6574,.T.);
#6576=ADVANCED_FACE('',(#6575),#6557,.T.);
#6577=CARTESIAN_POINT('',(0.036811023622047,-0.033464566929134,0.108464566929134));
#6578=DIRECTION('',(0.0,-1.0,0.0));
#6579=DIRECTION('',(0.0,0.0,-1.0));
#6580=AXIS2_PLACEMENT_3D('',#6577,#6578,#6579);
#6581=PLANE('',#6580);
#6582=CARTESIAN_POINT('',(0.033464566929134,-0.033464566929134,0.153937007874016));
#6583=VERTEX_POINT('',#6582);
#6584=CARTESIAN_POINT('',(0.033464566929134,-0.033464566929134,0.153937007874016));
#6585=DIRECTION('',(-1.0,0.0,0.0));
#6586=VECTOR('',#6585,0.066929133858268);
#6587=LINE('',#6584,#6586);
#6588=EDGE_CURVE('',#6583,#6559,#6587,.T.);
#6589=ORIENTED_EDGE('',*,*,#6588,.T.);
#6590=ORIENTED_EDGE('',*,*,#6572,.F.);
#6591=ORIENTED_EDGE('',*,*,#6452,.F.);
#6592=CARTESIAN_POINT('',(0.033464566929134,-0.033464566929134,0.110629921259843));
#6593=DIRECTION('',(0.0,0.0,1.0));
#6594=VECTOR('',#6593,0.043307086614173);
#6595=LINE('',#6592,#6594);
#6596=EDGE_CURVE('',#6439,#6583,#6595,.T.);
#6597=ORIENTED_EDGE('',*,*,#6596,.T.);
#6598=EDGE_LOOP('',(#6589,#6590,#6591,#6597));
#6599=FACE_OUTER_BOUND('',#6598,.T.);
#6600=ADVANCED_FACE('',(#6599),#6581,.T.);
#6601=CARTESIAN_POINT('',(0.033464566929134,0.036811023622047,0.108464566929134));
#6602=DIRECTION('',(1.0,0.0,0.0));
#6603=DIRECTION('',(0.0,0.0,-1.0));
#6604=AXIS2_PLACEMENT_3D('',#6601,#6602,#6603);
#6605=PLANE('',#6604);
#6606=CARTESIAN_POINT('',(0.033464566929134,0.033464566929134,0.153937007874016));
#6607=DIRECTION('',(0.0,-1.0,0.0));
#6608=VECTOR('',#6607,0.066929133858268);
#6609=LINE('',#6606,#6608);
#6610=EDGE_CURVE('',#6530,#6583,#6609,.T.);
#6611=ORIENTED_EDGE('',*,*,#6610,.T.);
#6612=ORIENTED_EDGE('',*,*,#6596,.F.);
#6613=ORIENTED_EDGE('',*,*,#6444,.F.);
#6614=ORIENTED_EDGE('',*,*,#6541,.T.);
#6615=EDGE_LOOP('',(#6611,#6612,#6613,#6614));
#6616=FACE_OUTER_BOUND('',#6615,.T.);
#6617=ADVANCED_FACE('',(#6616),#6605,.T.);
#6618=CARTESIAN_POINT('',(0.060629921259842,0.060629921259842,0.153937007874016));
#6619=DIRECTION('',(0.0,0.0,1.0));
#6620=DIRECTION('',(1.0,0.0,0.0));
#6621=AXIS2_PLACEMENT_3D('',#6618,#6619,#6620);
#6622=PLANE('',#6621);
#6623=ORIENTED_EDGE('',*,*,#1915,.F.);
#6624=ORIENTED_EDGE('',*,*,#1964,.F.);
#6625=ORIENTED_EDGE('',*,*,#1988,.F.);
#6626=CARTESIAN_POINT('',(-0.055118110236221,0.05511811023622,0.153937007874016));
#6627=DIRECTION('',(0.0,-1.0,0.0));
#6628=VECTOR('',#6627,0.110236220472441);
#6629=LINE('',#6626,#6628);
#6630=EDGE_CURVE('',#1910,#1977,#6629,.T.);
#6631=ORIENTED_EDGE('',*,*,#6630,.F.);
#6632=EDGE_LOOP('',(#6623,#6624,#6625,#6631));
#6633=FACE_OUTER_BOUND('',#6632,.T.);
#6634=ORIENTED_EDGE('',*,*,#6610,.F.);
#6635=ORIENTED_EDGE('',*,*,#6535,.F.);
#6636=ORIENTED_EDGE('',*,*,#6564,.F.);
#6637=ORIENTED_EDGE('',*,*,#6588,.F.);
#6638=EDGE_LOOP('',(#6634,#6635,#6636,#6637));
#6639=FACE_BOUND('',#6638,.T.);
#6640=ADVANCED_FACE('',(#6633,#6639),#6622,.F.);
#6641=CARTESIAN_POINT('',(0.038976377952756,0.038976377952755,0.2248031496063));
#6642=DIRECTION('',(0.0,0.0,1.0));
#6643=DIRECTION('',(1.0,0.0,0.0));
#6644=AXIS2_PLACEMENT_3D('',#6641,#6642,#6643);
#6645=PLANE('',#6644);
#6646=CARTESIAN_POINT('',(-0.035433070866142,0.035433070866141,0.2248031496063));
#6647=VERTEX_POINT('',#6646);
#6648=CARTESIAN_POINT('',(0.035433070866142,0.035433070866141,0.2248031496063));
#6649=VERTEX_POINT('',#6648);
#6650=CARTESIAN_POINT('',(-0.035433070866142,0.035433070866141,0.2248031496063));
#6651=DIRECTION('',(1.0,0.0,0.0));
#6652=VECTOR('',#6651,0.070866141732284);
#6653=LINE('',#6650,#6652);
#6654=EDGE_CURVE('',#6647,#6649,#6653,.T.);
#6655=ORIENTED_EDGE('',*,*,#6654,.F.);
#6656=CARTESIAN_POINT('',(-0.035433070866142,-0.035433070866142,0.2248031496063));
#6657=VERTEX_POINT('',#6656);
#6658=CARTESIAN_POINT('',(-0.035433070866142,-0.035433070866142,0.2248031496063));
#6659=DIRECTION('',(0.0,1.0,0.0));
#6660=VECTOR('',#6659,0.070866141732283);
#6661=LINE('',#6658,#6660);
#6662=EDGE_CURVE('',#6657,#6647,#6661,.T.);
#6663=ORIENTED_EDGE('',*,*,#6662,.F.);
#6664=CARTESIAN_POINT('',(0.035433070866142,-0.035433070866142,0.2248031496063));
#6665=VERTEX_POINT('',#6664);
#6666=CARTESIAN_POINT('',(0.035433070866142,-0.035433070866142,0.2248031496063));
#6667=DIRECTION('',(-1.0,0.0,0.0));
#6668=VECTOR('',#6667,0.070866141732284);
#6669=LINE('',#6666,#6668);
#6670=EDGE_CURVE('',#6665,#6657,#6669,.T.);
#6671=ORIENTED_EDGE('',*,*,#6670,.F.);
#6672=CARTESIAN_POINT('',(0.035433070866142,0.035433070866141,0.2248031496063));
#6673=DIRECTION('',(0.0,-1.0,0.0));
#6674=VECTOR('',#6673,0.070866141732283);
#6675=LINE('',#6672,#6674);
#6676=EDGE_CURVE('',#6649,#6665,#6675,.T.);
#6677=ORIENTED_EDGE('',*,*,#6676,.F.);
#6678=EDGE_LOOP('',(#6655,#6663,#6671,#6677));
#6679=FACE_OUTER_BOUND('',#6678,.T.);
#6680=ADVANCED_FACE('',(#6679),#6645,.T.);
#6681=CARTESIAN_POINT('',(-0.055118110236221,0.060629921259842,0.207677165354331));
#6682=DIRECTION('',(-1.0,0.0,0.0));
#6683=DIRECTION('',(0.0,0.0,1.0));
#6684=AXIS2_PLACEMENT_3D('',#6681,#6682,#6683);
#6685=PLANE('',#6684);
#6686=ORIENTED_EDGE('',*,*,#847,.T.);
#6687=ORIENTED_EDGE('',*,*,#1921,.F.);
#6688=ORIENTED_EDGE('',*,*,#6630,.T.);
#6689=ORIENTED_EDGE('',*,*,#1982,.T.);
#6690=ORIENTED_EDGE('',*,*,#793,.T.);
#6691=ORIENTED_EDGE('',*,*,#755,.T.);
#6692=ORIENTED_EDGE('',*,*,#901,.T.);
#6693=ORIENTED_EDGE('',*,*,#2013,.T.);
#6694=CARTESIAN_POINT('',(-0.055118110236221,0.05511811023622,0.205118110236221));
#6695=DIRECTION('',(0.0,-1.0,0.0));
#6696=VECTOR('',#6695,0.110236220472441);
#6697=LINE('',#6694,#6696);
#6698=EDGE_CURVE('',#1871,#2002,#6697,.T.);
#6699=ORIENTED_EDGE('',*,*,#6698,.F.);
#6700=ORIENTED_EDGE('',*,*,#1876,.F.);
#6701=ORIENTED_EDGE('',*,*,#581,.T.);
#6702=ORIENTED_EDGE('',*,*,#682,.T.);
#6703=EDGE_LOOP('',(#6686,#6687,#6688,#6689,#6690,#6691,#6692,#6693,#6699,#6700,#6701,#6702));
#6704=FACE_OUTER_BOUND('',#6703,.T.);
#6705=ADVANCED_FACE('',(#6704),#6685,.T.);
#6706=CARTESIAN_POINT('',(-0.035433070866142,-0.060629921259843,0.205118110236221));
#6707=DIRECTION('',(0.0,1.0,0.0));
#6708=DIRECTION('',(0.707106781186547,0.0,-0.707106781186547));
#6709=AXIS2_PLACEMENT_3D('',#6706,#6707,#6708);
#6710=CYLINDRICAL_SURFACE('',#6709,0.019685039370079);
#6711=ORIENTED_EDGE('',*,*,#6662,.T.);
#6712=CARTESIAN_POINT('',(-0.035433070866142,0.035433070866141,0.205118110236221));
#6713=DIRECTION('',(-0.707106781186548,-0.707106781186547,1.962616E-016));
#6714=DIRECTION('',(0.707106781186547,-0.707106781186548,-1.962616E-016));
#6715=AXIS2_PLACEMENT_3D('',#6712,#6713,#6714);
#6716=ELLIPSE('',#6715,0.027838849653014,0.019685039370079);
#6717=EDGE_CURVE('',#6647,#1871,#6716,.T.);
#6718=ORIENTED_EDGE('',*,*,#6717,.T.);
#6719=ORIENTED_EDGE('',*,*,#6698,.T.);
#6720=CARTESIAN_POINT('',(-0.035433070866142,-0.035433070866142,0.205118110236221));
#6721=DIRECTION('',(0.707106781186548,-0.707106781186547,-1.962616E-016));
#6722=DIRECTION('',(0.707106781186547,0.707106781186548,1.962616E-016));
#6723=AXIS2_PLACEMENT_3D('',#6720,#6721,#6722);
#6724=ELLIPSE('',#6723,0.027838849653014,0.019685039370079);
#6725=EDGE_CURVE('',#6657,#2002,#6724,.T.);
#6726=ORIENTED_EDGE('',*,*,#6725,.F.);
#6727=EDGE_LOOP('',(#6711,#6718,#6719,#6726));
#6728=FACE_OUTER_BOUND('',#6727,.T.);
#6729=ADVANCED_FACE('',(#6728),#6710,.T.);
#6730=CARTESIAN_POINT('',(0.060629921259843,-0.035433070866142,0.205118110236221));
#6731=DIRECTION('',(-1.0,0.0,0.0));
#6732=DIRECTION('',(0.0,0.707106781186547,-0.707106781186547));
#6733=AXIS2_PLACEMENT_3D('',#6730,#6731,#6732);
#6734=CYLINDRICAL_SURFACE('',#6733,0.019685039370079);
#6735=ORIENTED_EDGE('',*,*,#6670,.T.);
#6736=ORIENTED_EDGE('',*,*,#6725,.T.);
#6737=ORIENTED_EDGE('',*,*,#2007,.T.);
#6738=CARTESIAN_POINT('',(0.035433070866142,-0.035433070866142,0.205118110236221));
#6739=DIRECTION('',(0.707106781186547,0.707106781186548,1.962616E-016));
#6740=DIRECTION('',(-0.707106781186548,0.707106781186547,-1.962616E-016));
#6741=AXIS2_PLACEMENT_3D('',#6738,#6739,#6740);
#6742=ELLIPSE('',#6741,0.027838849653014,0.019685039370079);
#6743=EDGE_CURVE('',#6665,#1936,#6742,.T.);
#6744=ORIENTED_EDGE('',*,*,#6743,.F.);
#6745=EDGE_LOOP('',(#6735,#6736,#6737,#6744));
#6746=FACE_OUTER_BOUND('',#6745,.T.);
#6747=ADVANCED_FACE('',(#6746),#6734,.T.);
#6748=CARTESIAN_POINT('',(0.035433070866142,0.060629921259842,0.205118110236221));
#6749=DIRECTION('',(0.0,-1.0,0.0));
#6750=DIRECTION('',(-0.707106781186547,0.0,-0.707106781186547));
#6751=AXIS2_PLACEMENT_3D('',#6748,#6749,#6750);
#6752=CYLINDRICAL_SURFACE('',#6751,0.019685039370079);
#6753=ORIENTED_EDGE('',*,*,#6676,.T.);
#6754=ORIENTED_EDGE('',*,*,#6743,.T.);
#6755=ORIENTED_EDGE('',*,*,#1941,.T.);
#6756=CARTESIAN_POINT('',(0.035433070866142,0.035433070866141,0.205118110236221));
#6757=DIRECTION('',(-0.707106781186548,0.707106781186548,1.962616E-016));
#6758=DIRECTION('',(-0.707106781186548,-0.707106781186548,-1.962616E-016));
#6759=AXIS2_PLACEMENT_3D('',#6756,#6757,#6758);
#6760=ELLIPSE('',#6759,0.027838849653014,0.019685039370079);
#6761=EDGE_CURVE('',#6649,#1879,#6760,.T.);
#6762=ORIENTED_EDGE('',*,*,#6761,.F.);
#6763=EDGE_LOOP('',(#6753,#6754,#6755,#6762));
#6764=FACE_OUTER_BOUND('',#6763,.T.);
#6765=ADVANCED_FACE('',(#6764),#6752,.T.);
#6766=CARTESIAN_POINT('',(-0.060629921259843,0.035433070866141,0.205118110236221));
#6767=DIRECTION('',(1.0,0.0,0.0));
#6768=DIRECTION('',(0.0,-0.707106781186548,-0.707106781186547));
#6769=AXIS2_PLACEMENT_3D('',#6766,#6767,#6768);
#6770=CYLINDRICAL_SURFACE('',#6769,0.019685039370079);
#6771=ORIENTED_EDGE('',*,*,#6654,.T.);
#6772=ORIENTED_EDGE('',*,*,#6761,.T.);
#6773=ORIENTED_EDGE('',*,*,#1884,.T.);
#6774=ORIENTED_EDGE('',*,*,#6717,.F.);
#6775=EDGE_LOOP('',(#6771,#6772,#6773,#6774));
#6776=FACE_OUTER_BOUND('',#6775,.T.);
#6777=ADVANCED_FACE('',(#6776),#6770,.T.);
#6778=CARTESIAN_POINT('',(-0.077952755905511,0.077952755905511,0.059448818897638));
#6779=DIRECTION('',(0.0,0.0,-1.0));
#6780=DIRECTION('',(-1.0,0.0,0.0));
#6781=AXIS2_PLACEMENT_3D('',#6778,#6779,#6780);
#6782=PLANE('',#6781);
#6783=ORIENTED_EDGE('',*,*,#6372,.F.);
#6784=EDGE_LOOP('',(#6783));
#6785=FACE_OUTER_BOUND('',#6784,.T.);
#6786=ORIENTED_EDGE('',*,*,#6483,.T.);
#6787=EDGE_LOOP('',(#6786));
#6788=FACE_BOUND('',#6787,.T.);
#6789=ADVANCED_FACE('',(#6785,#6788),#6782,.F.);
#6790=CLOSED_SHELL('',(#639,#670,#701,#741,#781,#835,#889,#943,#990,#1037,#1161,#1192,#1223,#1245,#1257,#1297,#1328,#1359,#1376,#1420,#1468,#1516,#1539,#1578,#1603,#1635,#1699,#1741,#1783,#1795,#1807,#1835,#1854,#1863,#1894,#1925,#1969,#1993,#2017,#2058,#2098,#2129,#2169,#2200,#2304,#2335,#2357,#2374,#2405,#2429,#2469,#2509,#2531,#2562,#2616,#2638,#2678,#2768,#2792,#2816,#2892,#2914,#2936,#2948,#2960,#2977,#2989,#3006,#3018,#3162,#3306,#3337,#3368,#3385,#3402,#3419,#3436,#3453,#3470,#3501,#3523,#3540,#3557,#3574,#3591,#3603,#3634,#3656,#3668,#3680,#3824,#3865,#3906,#3930,#3955,#3979,#4004,#4028,#4053,#4091,#4116,#4140,#4165,#4189,#4214,#4231,#4262,#4296,#4318,#4330,#4342,#4486,#4527,#4568,#4592,#4617,#4641,#4666,#4690,#4715,#4753,#4778,#4802,#4827,#4851,#4876,#4893,#4924,#4958,#4980,#4992,#5004,#5148,#5189,#5230,#5254,#5279,#5303,#5328,#5352,#5377,#5417,#5446,#5471,#5495,#5520,#5544,#5569,#5586,#5608,#5642,#5654,#5666,#5691,#5732,#5762,#5787,#5821,#5862,#5891,#5919,#5928,#5956,#5965,#5993,#6002,#6030,#6039,#6059,#6107,#6137,#6155,#6177,#6197,#6217,#6237,#6308,#6320,#6332,#6344,#6356,#6376,#6470,#6498,#6521,#6552,#6576,#6600,#6617,#6640,#6680,#6705,#6729,#6747,#6765,#6777,#6789));
#6791=CARTESIAN_POINT('',(-7.269953E-017,-2.540337E-016,0.036496062992126));
#6792=DIRECTION('',(0.0,0.0,1.0));
#6793=DIRECTION('',(-1.0,0.0,0.0));
#6794=AXIS2_PLACEMENT_3D('',#6791,#6792,#6793);
#6795=CYLINDRICAL_SURFACE('',#6794,0.098425196850394);
#6796=CARTESIAN_POINT('',(-0.098425196850394,-2.178729E-016,0.03740157480315));
#6797=VERTEX_POINT('',#6796);
#6798=CARTESIAN_POINT('',(-7.269953E-017,-2.540337E-016,0.03740157480315));
#6799=DIRECTION('',(0.0,0.0,-1.0));
#6800=DIRECTION('',(1.0,0.0,0.0));
#6801=AXIS2_PLACEMENT_3D('',#6798,#6799,#6800);
#6802=CIRCLE('',#6801,0.098425196850394);
#6803=EDGE_CURVE('',#6797,#6797,#6802,.T.);
#6804=ORIENTED_EDGE('',*,*,#6803,.F.);
#6805=EDGE_LOOP('',(#6804));
#6806=FACE_OUTER_BOUND('',#6805,.T.);
#6807=CARTESIAN_POINT('',(-0.098425196850394,-2.178729E-016,0.055511811023622));
#6808=VERTEX_POINT('',#6807);
#6809=CARTESIAN_POINT('',(-7.269953E-017,-2.540337E-016,0.055511811023622));
#6810=DIRECTION('',(0.0,0.0,1.0));
#6811=DIRECTION('',(1.0,0.0,0.0));
#6812=AXIS2_PLACEMENT_3D('',#6809,#6810,#6811);
#6813=CIRCLE('',#6812,0.098425196850394);
#6814=EDGE_CURVE('',#6808,#6808,#6813,.T.);
#6815=ORIENTED_EDGE('',*,*,#6814,.F.);
#6816=EDGE_LOOP('',(#6815));
#6817=FACE_BOUND('',#6816,.T.);
#6818=ADVANCED_FACE('',(#6806,#6817),#6795,.T.);
#6819=CARTESIAN_POINT('',(0.0325624403943,-5.370723E-015,0.037401574803186));
#6820=CARTESIAN_POINT('',(0.025544673067964,-1.064240E-014,0.012800854801426));
#6821=CARTESIAN_POINT('',(1.280226E-014,-1.094196E-014,0.011417322834646));
#6822=CARTESIAN_POINT('',(0.0325624403943,0.032562440394292,0.037401574803179));
#6823=CARTESIAN_POINT('',(0.025544673067964,0.025544673067941,0.012800854801421));
#6824=CARTESIAN_POINT('',(1.280226E-014,-1.094417E-014,0.011417322834646));
#6825=CARTESIAN_POINT('',(2.177016E-015,0.032562440394292,0.037401574803166));
#6826=CARTESIAN_POINT('',(1.223569E-014,0.025544673067941,0.01280085480141));
#6827=CARTESIAN_POINT('',(1.280447E-014,-1.094417E-014,0.011417322834646));
#6828=CARTESIAN_POINT('',(-0.032562440394295,0.032562440394292,0.037401574803153));
#6829=CARTESIAN_POINT('',(-0.025544673067939,0.025544673067941,0.0128008548014));
#6830=CARTESIAN_POINT('',(1.280667E-014,-1.094417E-014,0.011417322834646));
#6831=CARTESIAN_POINT('',(-0.032562440394295,-5.378699E-015,0.03740157480316));
#6832=CARTESIAN_POINT('',(-0.025544673067939,-1.064866E-014,0.012800854801405));
#6833=CARTESIAN_POINT('',(1.280667E-014,-1.094196E-014,0.011417322834646));
#6834=CARTESIAN_POINT('',(-0.032562440394295,-0.032562440394303,0.037401574803167));
#6835=CARTESIAN_POINT('',(-0.025544673067939,-0.025544673067962,0.012800854801411));
#6836=CARTESIAN_POINT('',(1.280667E-014,-1.093975E-014,0.011417322834646));
#6837=CARTESIAN_POINT('',(2.184991E-015,-0.032562440394303,0.03740157480318));
#6838=CARTESIAN_POINT('',(1.224195E-014,-0.025544673067962,0.012800854801421));
#6839=CARTESIAN_POINT('',(1.280447E-014,-1.093975E-014,0.011417322834646));
#6840=CARTESIAN_POINT('',(0.0325624403943,-0.032562440394303,0.037401574803193));
#6841=CARTESIAN_POINT('',(0.025544673067964,-0.025544673067962,0.012800854801432));
#6842=CARTESIAN_POINT('',(1.280226E-014,-1.093975E-014,0.011417322834646));
#6843=CARTESIAN_POINT('',(0.0325624403943,-5.370723E-015,0.037401574803186));
#6844=CARTESIAN_POINT('',(0.025544673067964,-1.064240E-014,0.012800854801426));
#6845=CARTESIAN_POINT('',(1.280226E-014,-1.094196E-014,0.011417322834646));
#6853=(BOUNDED_SURFACE()B_SPLINE_SURFACE(2,2,((#6819,#6822,#6825,#6828,#6831,#6834,#6837,#6840,#6843),(#6820,#6823,#6826,#6829,#6832,#6835,#6838,#6841,#6844),(#6821,#6824,#6827,#6830,#6833,#6836,#6839,#6842,#6845)),.UNSPECIFIED.,.F.,.T.,.U.)B_SPLINE_SURFACE_WITH_KNOTS((3,3),(3,2,2,2,3),(0.27788584630705,1.516687922210034),(0.0,1.570796326794897,3.141592653589793,4.71238898038469,6.283185307179586),.UNSPECIFIED.)GEOMETRIC_REPRESENTATION_ITEM()RATIONAL_B_SPLINE_SURFACE(((1.0,0.707106781186548,1.0,0.707106781186548,1.0,0.707106781186548,1.0,0.707106781186548,1.0),(0.81422632866004,0.57574495841614,0.81422632866004,0.57574495841614,0.81422632866004,0.57574495841614,0.81422632866004,0.57574495841614,0.81422632866004),(1.0,0.707106781186548,1.0,0.707106781186548,1.0,0.707106781186548,1.0,0.707106781186548,1.0)))REPRESENTATION_ITEM('')SURFACE());
#6854=CARTESIAN_POINT('',(-0.03256244039429,-1.008630E-016,0.037401574803153));
#6855=VERTEX_POINT('',#6854);
#6856=CARTESIAN_POINT('',(-7.194902E-017,-2.540337E-016,0.03740157480315));
#6857=DIRECTION('',(0.0,0.0,1.0));
#6858=DIRECTION('',(1.0,0.0,0.0));
#6859=AXIS2_PLACEMENT_3D('',#6856,#6857,#6858);
#6860=CIRCLE('',#6859,0.03256244039429);
#6861=EDGE_CURVE('',#6855,#6855,#6860,.T.);
#6862=ORIENTED_EDGE('',*,*,#6861,.F.);
#6863=EDGE_LOOP('',(#6862));
#6864=FACE_OUTER_BOUND('',#6863,.T.);
#6865=ADVANCED_FACE('',(#6864),#6853,.T.);
#6866=CARTESIAN_POINT('',(-7.269953E-017,-2.540337E-016,0.036909448818898));
#6867=DIRECTION('',(0.0,0.0,1.0));
#6868=DIRECTION('',(-0.116731517509728,-0.993163507595741,0.0));
#6869=AXIS2_PLACEMENT_3D('',#6866,#6867,#6868);
#6870=CYLINDRICAL_SURFACE('',#6869,0.050590551181102);
#6871=CARTESIAN_POINT('',(0.005905511811024,0.050244689262225,0.04724409448819));
#6872=VERTEX_POINT('',#6871);
#6873=CARTESIAN_POINT('',(0.050244689262225,0.005905511811023,0.04724409448819));
#6874=VERTEX_POINT('',#6873);
#6875=CARTESIAN_POINT('',(-7.269953E-017,-2.540337E-016,0.04724409448819));
#6876=DIRECTION('',(0.0,0.0,-1.0));
#6877=DIRECTION('',(-0.116731517509728,-0.993163507595741,0.0));
#6878=AXIS2_PLACEMENT_3D('',#6875,#6876,#6877);
#6879=CIRCLE('',#6878,0.050590551181102);
#6880=EDGE_CURVE('',#6872,#6874,#6879,.T.);
#6881=ORIENTED_EDGE('',*,*,#6880,.F.);
#6882=CARTESIAN_POINT('',(0.005905511811024,0.050244689262225,0.03740157480315));
#6883=VERTEX_POINT('',#6882);
#6884=CARTESIAN_POINT('',(0.005905511811024,0.050244689262225,0.03740157480315));
#6885=DIRECTION('',(0.0,0.0,1.0));
#6886=VECTOR('',#6885,0.00984251968504);
#6887=LINE('',#6884,#6886);
#6888=EDGE_CURVE('',#6883,#6872,#6887,.T.);
#6889=ORIENTED_EDGE('',*,*,#6888,.F.);
#6890=CARTESIAN_POINT('',(0.050244689262225,0.005905511811023,0.03740157480315));
#6891=VERTEX_POINT('',#6890);
#6892=CARTESIAN_POINT('',(-7.269953E-017,-2.540337E-016,0.03740157480315));
#6893=DIRECTION('',(0.0,0.0,1.0));
#6894=DIRECTION('',(-0.116731517509728,-0.993163507595741,0.0));
#6895=AXIS2_PLACEMENT_3D('',#6892,#6893,#6894);
#6896=CIRCLE('',#6895,0.050590551181102);
#6897=EDGE_CURVE('',#6891,#6883,#6896,.T.);
#6898=ORIENTED_EDGE('',*,*,#6897,.F.);
#6899=CARTESIAN_POINT('',(0.050244689262225,0.005905511811023,0.03740157480315));
#6900=DIRECTION('',(0.0,0.0,1.0));
#6901=VECTOR('',#6900,0.00984251968504);
#6902=LINE('',#6899,#6901);
#6903=EDGE_CURVE('',#6891,#6874,#6902,.T.);
#6904=ORIENTED_EDGE('',*,*,#6903,.T.);
#6905=EDGE_LOOP('',(#6881,#6889,#6898,#6904));
#6906=FACE_OUTER_BOUND('',#6905,.T.);
#6907=ADVANCED_FACE('',(#6906),#6870,.F.);
#6908=CARTESIAN_POINT('',(0.051059980846442,0.005905511811023,0.036909448818898));
#6909=DIRECTION('',(0.0,-1.0,0.0));
#6910=DIRECTION('',(0.0,0.0,-1.0));
#6911=AXIS2_PLACEMENT_3D('',#6908,#6909,#6910);
#6912=PLANE('',#6911);
#6913=CARTESIAN_POINT('',(0.033938857577887,0.005905511811023,0.04724409448819));
#6914=VERTEX_POINT('',#6913);
#6915=CARTESIAN_POINT('',(0.050244689262225,0.005905511811023,0.04724409448819));
#6916=DIRECTION('',(-1.0,0.0,0.0));
#6917=VECTOR('',#6916,0.016305831684338);
#6918=LINE('',#6915,#6917);
#6919=EDGE_CURVE('',#6874,#6914,#6918,.T.);
#6920=ORIENTED_EDGE('',*,*,#6919,.F.);
#6921=ORIENTED_EDGE('',*,*,#6903,.F.);
#6922=CARTESIAN_POINT('',(0.033938857577887,0.005905511811023,0.03740157480315));
#6923=VERTEX_POINT('',#6922);
#6924=CARTESIAN_POINT('',(0.033938857577887,0.005905511811023,0.03740157480315));
#6925=DIRECTION('',(1.0,0.0,0.0));
#6926=VECTOR('',#6925,0.016305831684338);
#6927=LINE('',#6924,#6926);
#6928=EDGE_CURVE('',#6923,#6891,#6927,.T.);
#6929=ORIENTED_EDGE('',*,*,#6928,.F.);
#6930=CARTESIAN_POINT('',(0.033938857577887,0.005905511811023,0.03740157480315));
#6931=DIRECTION('',(0.0,0.0,1.0));
#6932=VECTOR('',#6931,0.00984251968504);
#6933=LINE('',#6930,#6932);
#6934=EDGE_CURVE('',#6923,#6914,#6933,.T.);
#6935=ORIENTED_EDGE('',*,*,#6934,.T.);
#6936=EDGE_LOOP('',(#6920,#6921,#6929,#6935));
#6937=FACE_OUTER_BOUND('',#6936,.T.);
#6938=ADVANCED_FACE('',(#6937),#6912,.F.);
#6939=CARTESIAN_POINT('',(-7.269953E-017,-2.540337E-016,0.036909448818898));
#6940=DIRECTION('',(0.0,0.0,1.0));
#6941=DIRECTION('',(-0.707106781186551,-0.707106781186544,0.0));
#6942=AXIS2_PLACEMENT_3D('',#6939,#6940,#6941);
#6943=CYLINDRICAL_SURFACE('',#6942,0.034448818897638);
#6944=CARTESIAN_POINT('',(0.005905511811024,0.033938857577887,0.04724409448819));
#6945=VERTEX_POINT('',#6944);
#6946=CARTESIAN_POINT('',(-7.269953E-017,-2.540337E-016,0.04724409448819));
#6947=DIRECTION('',(0.0,0.0,1.0));
#6948=DIRECTION('',(0.171428571428571,0.98519655140381,0.0));
#6949=AXIS2_PLACEMENT_3D('',#6946,#6947,#6948);
#6950=CIRCLE('',#6949,0.034448818897638);
#6951=EDGE_CURVE('',#6914,#6945,#6950,.T.);
#6952=ORIENTED_EDGE('',*,*,#6951,.F.);
#6953=ORIENTED_EDGE('',*,*,#6934,.F.);
#6954=CARTESIAN_POINT('',(0.005905511811024,0.033938857577887,0.03740157480315));
#6955=VERTEX_POINT('',#6954);
#6956=CARTESIAN_POINT('',(-7.269953E-017,-2.540337E-016,0.03740157480315));
#6957=DIRECTION('',(0.0,0.0,-1.0));
#6958=DIRECTION('',(0.171428571428571,0.98519655140381,0.0));
#6959=AXIS2_PLACEMENT_3D('',#6956,#6957,#6958);
#6960=CIRCLE('',#6959,0.034448818897638);
#6961=EDGE_CURVE('',#6955,#6923,#6960,.T.);
#6962=ORIENTED_EDGE('',*,*,#6961,.F.);
#6963=CARTESIAN_POINT('',(0.005905511811024,0.033938857577887,0.03740157480315));
#6964=DIRECTION('',(0.0,0.0,1.0));
#6965=VECTOR('',#6964,0.00984251968504);
#6966=LINE('',#6963,#6965);
#6967=EDGE_CURVE('',#6955,#6945,#6966,.T.);
#6968=ORIENTED_EDGE('',*,*,#6967,.T.);
#6969=EDGE_LOOP('',(#6952,#6953,#6962,#6968));
#6970=FACE_OUTER_BOUND('',#6969,.T.);
#6971=ADVANCED_FACE('',(#6970),#6943,.T.);
#6972=CARTESIAN_POINT('',(0.005905511811024,0.051059980846442,0.047736220472442));
#6973=DIRECTION('',(-1.0,0.0,0.0));
#6974=DIRECTION('',(0.0,0.0,1.0));
#6975=AXIS2_PLACEMENT_3D('',#6972,#6973,#6974);
#6976=PLANE('',#6975);
#6977=CARTESIAN_POINT('',(0.005905511811024,0.033938857577887,0.04724409448819));
#6978=DIRECTION('',(0.0,1.0,0.0));
#6979=VECTOR('',#6978,0.016305831684338);
#6980=LINE('',#6977,#6979);
#6981=EDGE_CURVE('',#6945,#6872,#6980,.T.);
#6982=ORIENTED_EDGE('',*,*,#6981,.F.);
#6983=ORIENTED_EDGE('',*,*,#6967,.F.);
#6984=CARTESIAN_POINT('',(0.005905511811024,0.050244689262225,0.03740157480315));
#6985=DIRECTION('',(0.0,-1.0,0.0));
#6986=VECTOR('',#6985,0.016305831684338);
#6987=LINE('',#6984,#6986);
#6988=EDGE_CURVE('',#6883,#6955,#6987,.T.);
#6989=ORIENTED_EDGE('',*,*,#6988,.F.);
#6990=ORIENTED_EDGE('',*,*,#6888,.T.);
#6991=EDGE_LOOP('',(#6982,#6983,#6989,#6990));
#6992=FACE_OUTER_BOUND('',#6991,.T.);
#6993=ADVANCED_FACE('',(#6992),#6976,.F.);
#6994=CARTESIAN_POINT('',(0.052461648134785,0.052461648134785,0.04724409448819));
#6995=DIRECTION('',(0.0,0.0,1.0));
#6996=DIRECTION('',(1.0,0.0,0.0));
#6997=AXIS2_PLACEMENT_3D('',#6994,#6995,#6996);
#6998=PLANE('',#6997);
#6999=ORIENTED_EDGE('',*,*,#6880,.T.);
#7000=ORIENTED_EDGE('',*,*,#6919,.T.);
#7001=ORIENTED_EDGE('',*,*,#6951,.T.);
#7002=ORIENTED_EDGE('',*,*,#6981,.T.);
#7003=EDGE_LOOP('',(#6999,#7000,#7001,#7002));
#7004=FACE_OUTER_BOUND('',#7003,.T.);
#7005=ADVANCED_FACE('',(#7004),#6998,.F.);
#7006=CARTESIAN_POINT('',(-7.269953E-017,-2.540337E-016,0.036909448818898));
#7007=DIRECTION('',(0.0,0.0,1.0));
#7008=DIRECTION('',(0.98519655140381,-0.171428571428571,0.0));
#7009=AXIS2_PLACEMENT_3D('',#7006,#7007,#7008);
#7010=CYLINDRICAL_SURFACE('',#7009,0.034448818897638);
#7011=CARTESIAN_POINT('',(-0.005905511811024,0.033938857577887,0.04724409448819));
#7012=VERTEX_POINT('',#7011);
#7013=CARTESIAN_POINT('',(-0.033938857577887,0.005905511811023,0.04724409448819));
#7014=VERTEX_POINT('',#7013);
#7015=CARTESIAN_POINT('',(-7.269953E-017,-2.540337E-016,0.04724409448819));
#7016=DIRECTION('',(0.0,0.0,1.0));
#7017=DIRECTION('',(0.98519655140381,-0.171428571428571,0.0));
#7018=AXIS2_PLACEMENT_3D('',#7015,#7016,#7017);
#7019=CIRCLE('',#7018,0.034448818897638);
#7020=EDGE_CURVE('',#7012,#7014,#7019,.T.);
#7021=ORIENTED_EDGE('',*,*,#7020,.F.);
#7022=CARTESIAN_POINT('',(-0.005905511811024,0.033938857577887,0.03740157480315));
#7023=VERTEX_POINT('',#7022);
#7024=CARTESIAN_POINT('',(-0.005905511811024,0.033938857577887,0.03740157480315));
#7025=DIRECTION('',(0.0,0.0,1.0));
#7026=VECTOR('',#7025,0.00984251968504);
#7027=LINE('',#7024,#7026);
#7028=EDGE_CURVE('',#7023,#7012,#7027,.T.);
#7029=ORIENTED_EDGE('',*,*,#7028,.F.);
#7030=CARTESIAN_POINT('',(-0.033938857577887,0.005905511811023,0.03740157480315));
#7031=VERTEX_POINT('',#7030);
#7032=CARTESIAN_POINT('',(-7.269953E-017,-2.540337E-016,0.03740157480315));
#7033=DIRECTION('',(0.0,0.0,-1.0));
#7034=DIRECTION('',(0.98519655140381,-0.171428571428571,0.0));
#7035=AXIS2_PLACEMENT_3D('',#7032,#7033,#7034);
#7036=CIRCLE('',#7035,0.034448818897638);
#7037=EDGE_CURVE('',#7031,#7023,#7036,.T.);
#7038=ORIENTED_EDGE('',*,*,#7037,.F.);
#7039=CARTESIAN_POINT('',(-0.033938857577887,0.005905511811023,0.03740157480315));
#7040=DIRECTION('',(0.0,0.0,1.0));
#7041=VECTOR('',#7040,0.00984251968504);
#7042=LINE('',#7039,#7041);
#7043=EDGE_CURVE('',#7031,#7014,#7042,.T.);
#7044=ORIENTED_EDGE('',*,*,#7043,.T.);
#7045=EDGE_LOOP('',(#7021,#7029,#7038,#7044));
#7046=FACE_OUTER_BOUND('',#7045,.T.);
#7047=ADVANCED_FACE('',(#7046),#7010,.T.);
#7048=CARTESIAN_POINT('',(-0.03312356599367,0.005905511811023,0.036909448818898));
#7049=DIRECTION('',(0.0,-1.0,0.0));
#7050=DIRECTION('',(0.0,0.0,-1.0));
#7051=AXIS2_PLACEMENT_3D('',#7048,#7049,#7050);
#7052=PLANE('',#7051);
#7053=CARTESIAN_POINT('',(-0.050244689262226,0.005905511811023,0.04724409448819));
#7054=VERTEX_POINT('',#7053);
#7055=CARTESIAN_POINT('',(-0.033938857577887,0.005905511811023,0.04724409448819));
#7056=DIRECTION('',(-1.0,0.0,0.0));
#7057=VECTOR('',#7056,0.016305831684339);
#7058=LINE('',#7055,#7057);
#7059=EDGE_CURVE('',#7014,#7054,#7058,.T.);
#7060=ORIENTED_EDGE('',*,*,#7059,.F.);
#7061=ORIENTED_EDGE('',*,*,#7043,.F.);
#7062=CARTESIAN_POINT('',(-0.050244689262226,0.005905511811023,0.03740157480315));
#7063=VERTEX_POINT('',#7062);
#7064=CARTESIAN_POINT('',(-0.050244689262226,0.005905511811023,0.03740157480315));
#7065=DIRECTION('',(1.0,0.0,0.0));
#7066=VECTOR('',#7065,0.016305831684339);
#7067=LINE('',#7064,#7066);
#7068=EDGE_CURVE('',#7063,#7031,#7067,.T.);
#7069=ORIENTED_EDGE('',*,*,#7068,.F.);
#7070=CARTESIAN_POINT('',(-0.050244689262226,0.005905511811023,0.03740157480315));
#7071=DIRECTION('',(0.0,0.0,1.0));
#7072=VECTOR('',#7071,0.00984251968504);
#7073=LINE('',#7070,#7072);
#7074=EDGE_CURVE('',#7063,#7054,#7073,.T.);
#7075=ORIENTED_EDGE('',*,*,#7074,.T.);
#7076=EDGE_LOOP('',(#7060,#7061,#7069,#7075));
#7077=FACE_OUTER_BOUND('',#7076,.T.);
#7078=ADVANCED_FACE('',(#7077),#7052,.F.);
#7079=CARTESIAN_POINT('',(-7.269953E-017,-2.540337E-016,0.036909448818898));
#7080=DIRECTION('',(0.0,0.0,1.0));
#7081=DIRECTION('',(0.70710678118655,-0.707106781186546,0.0));
#7082=AXIS2_PLACEMENT_3D('',#7079,#7080,#7081);
#7083=CYLINDRICAL_SURFACE('',#7082,0.050590551181102);
#7084=CARTESIAN_POINT('',(-0.005905511811024,0.050244689262225,0.04724409448819));
#7085=VERTEX_POINT('',#7084);
#7086=CARTESIAN_POINT('',(-7.269953E-017,-2.540337E-016,0.04724409448819));
#7087=DIRECTION('',(0.0,0.0,-1.0));
#7088=DIRECTION('',(-0.993163507595741,0.116731517509728,0.0));
#7089=AXIS2_PLACEMENT_3D('',#7086,#7087,#7088);
#7090=CIRCLE('',#7089,0.050590551181102);
#7091=EDGE_CURVE('',#7054,#7085,#7090,.T.);
#7092=ORIENTED_EDGE('',*,*,#7091,.F.);
#7093=ORIENTED_EDGE('',*,*,#7074,.F.);
#7094=CARTESIAN_POINT('',(-0.005905511811024,0.050244689262225,0.03740157480315));
#7095=VERTEX_POINT('',#7094);
#7096=CARTESIAN_POINT('',(-7.269953E-017,-2.540337E-016,0.03740157480315));
#7097=DIRECTION('',(0.0,0.0,1.0));
#7098=DIRECTION('',(-0.993163507595741,0.116731517509728,0.0));
#7099=AXIS2_PLACEMENT_3D('',#7096,#7097,#7098);
#7100=CIRCLE('',#7099,0.050590551181102);
#7101=EDGE_CURVE('',#7095,#7063,#7100,.T.);
#7102=ORIENTED_EDGE('',*,*,#7101,.F.);
#7103=CARTESIAN_POINT('',(-0.005905511811024,0.050244689262225,0.03740157480315));
#7104=DIRECTION('',(0.0,0.0,1.0));
#7105=VECTOR('',#7104,0.00984251968504);
#7106=LINE('',#7103,#7105);
#7107=EDGE_CURVE('',#7095,#7085,#7106,.T.);
#7108=ORIENTED_EDGE('',*,*,#7107,.T.);
#7109=EDGE_LOOP('',(#7092,#7093,#7102,#7108));
#7110=FACE_OUTER_BOUND('',#7109,.T.);
#7111=ADVANCED_FACE('',(#7110),#7083,.F.);
#7112=CARTESIAN_POINT('',(-0.005905511811024,0.051059980846442,0.036909448818898));
#7113=DIRECTION('',(1.0,0.0,0.0));
#7114=DIRECTION('',(0.0,0.0,-1.0));
#7115=AXIS2_PLACEMENT_3D('',#7112,#7113,#7114);
#7116=PLANE('',#7115);
#7117=CARTESIAN_POINT('',(-0.005905511811024,0.050244689262225,0.04724409448819));
#7118=DIRECTION('',(0.0,-1.0,0.0));
#7119=VECTOR('',#7118,0.016305831684338);
#7120=LINE('',#7117,#7119);
#7121=EDGE_CURVE('',#7085,#7012,#7120,.T.);
#7122=ORIENTED_EDGE('',*,*,#7121,.F.);
#7123=ORIENTED_EDGE('',*,*,#7107,.F.);
#7124=CARTESIAN_POINT('',(-0.005905511811024,0.033938857577887,0.03740157480315));
#7125=DIRECTION('',(0.0,1.0,0.0));
#7126=VECTOR('',#7125,0.016305831684338);
#7127=LINE('',#7124,#7126);
#7128=EDGE_CURVE('',#7023,#7095,#7127,.T.);
#7129=ORIENTED_EDGE('',*,*,#7128,.F.);
#7130=ORIENTED_EDGE('',*,*,#7028,.T.);
#7131=EDGE_LOOP('',(#7122,#7123,#7129,#7130));
#7132=FACE_OUTER_BOUND('',#7131,.T.);
#7133=ADVANCED_FACE('',(#7132),#7116,.F.);
#7134=CARTESIAN_POINT('',(-0.003688552938464,0.052461648134785,0.04724409448819));
#7135=DIRECTION('',(0.0,0.0,1.0));
#7136=DIRECTION('',(1.0,0.0,0.0));
#7137=AXIS2_PLACEMENT_3D('',#7134,#7135,#7136);
#7138=PLANE('',#7137);
#7139=ORIENTED_EDGE('',*,*,#7020,.T.);
#7140=ORIENTED_EDGE('',*,*,#7059,.T.);
#7141=ORIENTED_EDGE('',*,*,#7091,.T.);
#7142=ORIENTED_EDGE('',*,*,#7121,.T.);
#7143=EDGE_LOOP('',(#7139,#7140,#7141,#7142));
#7144=FACE_OUTER_BOUND('',#7143,.T.);
#7145=ADVANCED_FACE('',(#7144),#7138,.F.);
#7146=CARTESIAN_POINT('',(-7.269953E-017,-2.540337E-016,0.036909448818898));
#7147=DIRECTION('',(0.0,0.0,1.0));
#7148=DIRECTION('',(0.116731517509728,0.993163507595741,0.0));
#7149=AXIS2_PLACEMENT_3D('',#7146,#7147,#7148);
#7150=CYLINDRICAL_SURFACE('',#7149,0.050590551181102);
#7151=CARTESIAN_POINT('',(-0.005905511811024,-0.050244689262226,0.04724409448819));
#7152=VERTEX_POINT('',#7151);
#7153=CARTESIAN_POINT('',(-0.050244689262226,-0.005905511811024,0.04724409448819));
#7154=VERTEX_POINT('',#7153);
#7155=CARTESIAN_POINT('',(-7.269953E-017,-2.540337E-016,0.04724409448819));
#7156=DIRECTION('',(0.0,0.0,-1.0));
#7157=DIRECTION('',(0.116731517509728,0.993163507595741,0.0));
#7158=AXIS2_PLACEMENT_3D('',#7155,#7156,#7157);
#7159=CIRCLE('',#7158,0.050590551181102);
#7160=EDGE_CURVE('',#7152,#7154,#7159,.T.);
#7161=ORIENTED_EDGE('',*,*,#7160,.F.);
#7162=CARTESIAN_POINT('',(-0.005905511811024,-0.050244689262226,0.03740157480315));
#7163=VERTEX_POINT('',#7162);
#7164=CARTESIAN_POINT('',(-0.005905511811024,-0.050244689262226,0.03740157480315));
#7165=DIRECTION('',(0.0,0.0,1.0));
#7166=VECTOR('',#7165,0.00984251968504);
#7167=LINE('',#7164,#7166);
#7168=EDGE_CURVE('',#7163,#7152,#7167,.T.);
#7169=ORIENTED_EDGE('',*,*,#7168,.F.);
#7170=CARTESIAN_POINT('',(-0.050244689262226,-0.005905511811024,0.03740157480315));
#7171=VERTEX_POINT('',#7170);
#7172=CARTESIAN_POINT('',(-7.269953E-017,-2.540337E-016,0.03740157480315));
#7173=DIRECTION('',(0.0,0.0,1.0));
#7174=DIRECTION('',(0.116731517509728,0.993163507595741,0.0));
#7175=AXIS2_PLACEMENT_3D('',#7172,#7173,#7174);
#7176=CIRCLE('',#7175,0.050590551181102);
#7177=EDGE_CURVE('',#7171,#7163,#7176,.T.);
#7178=ORIENTED_EDGE('',*,*,#7177,.F.);
#7179=CARTESIAN_POINT('',(-0.050244689262226,-0.005905511811024,0.03740157480315));
#7180=DIRECTION('',(0.0,0.0,1.0));
#7181=VECTOR('',#7180,0.00984251968504);
#7182=LINE('',#7179,#7181);
#7183=EDGE_CURVE('',#7171,#7154,#7182,.T.);
#7184=ORIENTED_EDGE('',*,*,#7183,.T.);
#7185=EDGE_LOOP('',(#7161,#7169,#7178,#7184));
#7186=FACE_OUTER_BOUND('',#7185,.T.);
#7187=ADVANCED_FACE('',(#7186),#7150,.F.);
#7188=CARTESIAN_POINT('',(-0.03312356599367,-0.005905511811024,0.047736220472442));
#7189=DIRECTION('',(0.0,1.0,0.0));
#7190=DIRECTION('',(0.0,0.0,1.0));
#7191=AXIS2_PLACEMENT_3D('',#7188,#7189,#7190);
#7192=PLANE('',#7191);
#7193=CARTESIAN_POINT('',(-0.033938857577887,-0.005905511811024,0.04724409448819));
#7194=VERTEX_POINT('',#7193);
#7195=CARTESIAN_POINT('',(-0.050244689262226,-0.005905511811024,0.04724409448819));
#7196=DIRECTION('',(1.0,0.0,0.0));
#7197=VECTOR('',#7196,0.016305831684339);
#7198=LINE('',#7195,#7197);
#7199=EDGE_CURVE('',#7154,#7194,#7198,.T.);
#7200=ORIENTED_EDGE('',*,*,#7199,.F.);
#7201=ORIENTED_EDGE('',*,*,#7183,.F.);
#7202=CARTESIAN_POINT('',(-0.033938857577887,-0.005905511811024,0.03740157480315));
#7203=VERTEX_POINT('',#7202);
#7204=CARTESIAN_POINT('',(-0.033938857577887,-0.005905511811024,0.03740157480315));
#7205=DIRECTION('',(-1.0,0.0,0.0));
#7206=VECTOR('',#7205,0.016305831684339);
#7207=LINE('',#7204,#7206);
#7208=EDGE_CURVE('',#7203,#7171,#7207,.T.);
#7209=ORIENTED_EDGE('',*,*,#7208,.F.);
#7210=CARTESIAN_POINT('',(-0.033938857577887,-0.005905511811024,0.03740157480315));
#7211=DIRECTION('',(0.0,0.0,1.0));
#7212=VECTOR('',#7211,0.00984251968504);
#7213=LINE('',#7210,#7212);
#7214=EDGE_CURVE('',#7203,#7194,#7213,.T.);
#7215=ORIENTED_EDGE('',*,*,#7214,.T.);
#7216=EDGE_LOOP('',(#7200,#7201,#7209,#7215));
#7217=FACE_OUTER_BOUND('',#7216,.T.);
#7218=ADVANCED_FACE('',(#7217),#7192,.F.);
#7219=CARTESIAN_POINT('',(-7.269953E-017,-2.540337E-016,0.036909448818898));
#7220=DIRECTION('',(0.0,0.0,1.0));
#7221=DIRECTION('',(0.707106781186546,0.707106781186549,0.0));
#7222=AXIS2_PLACEMENT_3D('',#7219,#7220,#7221);
#7223=CYLINDRICAL_SURFACE('',#7222,0.034448818897638);
#7224=CARTESIAN_POINT('',(-0.005905511811024,-0.033938857577887,0.04724409448819));
#7225=VERTEX_POINT('',#7224);
#7226=CARTESIAN_POINT('',(-7.269953E-017,-2.540337E-016,0.04724409448819));
#7227=DIRECTION('',(0.0,0.0,1.0));
#7228=DIRECTION('',(-0.171428571428571,-0.98519655140381,0.0));
#7229=AXIS2_PLACEMENT_3D('',#7226,#7227,#7228);
#7230=CIRCLE('',#7229,0.034448818897638);
#7231=EDGE_CURVE('',#7194,#7225,#7230,.T.);
#7232=ORIENTED_EDGE('',*,*,#7231,.F.);
#7233=ORIENTED_EDGE('',*,*,#7214,.F.);
#7234=CARTESIAN_POINT('',(-0.005905511811024,-0.033938857577887,0.03740157480315));
#7235=VERTEX_POINT('',#7234);
#7236=CARTESIAN_POINT('',(-7.269953E-017,-2.540337E-016,0.03740157480315));
#7237=DIRECTION('',(0.0,0.0,-1.0));
#7238=DIRECTION('',(-0.171428571428571,-0.98519655140381,0.0));
#7239=AXIS2_PLACEMENT_3D('',#7236,#7237,#7238);
#7240=CIRCLE('',#7239,0.034448818897638);
#7241=EDGE_CURVE('',#7235,#7203,#7240,.T.);
#7242=ORIENTED_EDGE('',*,*,#7241,.F.);
#7243=CARTESIAN_POINT('',(-0.005905511811024,-0.033938857577887,0.03740157480315));
#7244=DIRECTION('',(0.0,0.0,1.0));
#7245=VECTOR('',#7244,0.00984251968504);
#7246=LINE('',#7243,#7245);
#7247=EDGE_CURVE('',#7235,#7225,#7246,.T.);
#7248=ORIENTED_EDGE('',*,*,#7247,.T.);
#7249=EDGE_LOOP('',(#7232,#7233,#7242,#7248));
#7250=FACE_OUTER_BOUND('',#7249,.T.);
#7251=ADVANCED_FACE('',(#7250),#7223,.T.);
#7252=CARTESIAN_POINT('',(-0.005905511811024,-0.03312356599367,0.036909448818898));
#7253=DIRECTION('',(1.0,0.0,0.0));
#7254=DIRECTION('',(0.0,0.0,-1.0));
#7255=AXIS2_PLACEMENT_3D('',#7252,#7253,#7254);
#7256=PLANE('',#7255);
#7257=CARTESIAN_POINT('',(-0.005905511811024,-0.033938857577887,0.04724409448819));
#7258=DIRECTION('',(0.0,-1.0,0.0));
#7259=VECTOR('',#7258,0.016305831684339);
#7260=LINE('',#7257,#7259);
#7261=EDGE_CURVE('',#7225,#7152,#7260,.T.);
#7262=ORIENTED_EDGE('',*,*,#7261,.F.);
#7263=ORIENTED_EDGE('',*,*,#7247,.F.);
#7264=CARTESIAN_POINT('',(-0.005905511811024,-0.050244689262226,0.03740157480315));
#7265=DIRECTION('',(0.0,1.0,0.0));
#7266=VECTOR('',#7265,0.016305831684339);
#7267=LINE('',#7264,#7266);
#7268=EDGE_CURVE('',#7163,#7235,#7267,.T.);
#7269=ORIENTED_EDGE('',*,*,#7268,.F.);
#7270=ORIENTED_EDGE('',*,*,#7168,.T.);
#7271=EDGE_LOOP('',(#7262,#7263,#7269,#7270));
#7272=FACE_OUTER_BOUND('',#7271,.T.);
#7273=ADVANCED_FACE('',(#7272),#7256,.F.);
#7274=CARTESIAN_POINT('',(-0.003688552938464,-0.003688552938464,0.04724409448819));
#7275=DIRECTION('',(0.0,0.0,1.0));
#7276=DIRECTION('',(1.0,0.0,0.0));
#7277=AXIS2_PLACEMENT_3D('',#7274,#7275,#7276);
#7278=PLANE('',#7277);
#7279=ORIENTED_EDGE('',*,*,#7160,.T.);
#7280=ORIENTED_EDGE('',*,*,#7199,.T.);
#7281=ORIENTED_EDGE('',*,*,#7231,.T.);
#7282=ORIENTED_EDGE('',*,*,#7261,.T.);
#7283=EDGE_LOOP('',(#7279,#7280,#7281,#7282));
#7284=FACE_OUTER_BOUND('',#7283,.T.);
#7285=ADVANCED_FACE('',(#7284),#7278,.F.);
#7286=CARTESIAN_POINT('',(-7.269953E-017,-2.540337E-016,0.036909448818898));
#7287=DIRECTION('',(0.0,0.0,1.0));
#7288=DIRECTION('',(-0.98519655140381,0.171428571428571,0.0));
#7289=AXIS2_PLACEMENT_3D('',#7286,#7287,#7288);
#7290=CYLINDRICAL_SURFACE('',#7289,0.034448818897638);
#7291=CARTESIAN_POINT('',(0.005905511811024,-0.033938857577887,0.04724409448819));
#7292=VERTEX_POINT('',#7291);
#7293=CARTESIAN_POINT('',(0.033938857577887,-0.005905511811024,0.04724409448819));
#7294=VERTEX_POINT('',#7293);
#7295=CARTESIAN_POINT('',(-7.269953E-017,-2.540337E-016,0.04724409448819));
#7296=DIRECTION('',(0.0,0.0,1.0));
#7297=DIRECTION('',(-0.98519655140381,0.171428571428571,0.0));
#7298=AXIS2_PLACEMENT_3D('',#7295,#7296,#7297);
#7299=CIRCLE('',#7298,0.034448818897638);
#7300=EDGE_CURVE('',#7292,#7294,#7299,.T.);
#7301=ORIENTED_EDGE('',*,*,#7300,.F.);
#7302=CARTESIAN_POINT('',(0.005905511811024,-0.033938857577887,0.03740157480315));
#7303=VERTEX_POINT('',#7302);
#7304=CARTESIAN_POINT('',(0.005905511811024,-0.033938857577887,0.03740157480315));
#7305=DIRECTION('',(0.0,0.0,1.0));
#7306=VECTOR('',#7305,0.00984251968504);
#7307=LINE('',#7304,#7306);
#7308=EDGE_CURVE('',#7303,#7292,#7307,.T.);
#7309=ORIENTED_EDGE('',*,*,#7308,.F.);
#7310=CARTESIAN_POINT('',(0.033938857577887,-0.005905511811024,0.03740157480315));
#7311=VERTEX_POINT('',#7310);
#7312=CARTESIAN_POINT('',(-7.269953E-017,-2.540337E-016,0.03740157480315));
#7313=DIRECTION('',(0.0,0.0,-1.0));
#7314=DIRECTION('',(-0.98519655140381,0.171428571428571,0.0));
#7315=AXIS2_PLACEMENT_3D('',#7312,#7313,#7314);
#7316=CIRCLE('',#7315,0.034448818897638);
#7317=EDGE_CURVE('',#7311,#7303,#7316,.T.);
#7318=ORIENTED_EDGE('',*,*,#7317,.F.);
#7319=CARTESIAN_POINT('',(0.033938857577887,-0.005905511811024,0.03740157480315));
#7320=DIRECTION('',(0.0,0.0,1.0));
#7321=VECTOR('',#7320,0.00984251968504);
#7322=LINE('',#7319,#7321);
#7323=EDGE_CURVE('',#7311,#7294,#7322,.T.);
#7324=ORIENTED_EDGE('',*,*,#7323,.T.);
#7325=EDGE_LOOP('',(#7301,#7309,#7318,#7324));
#7326=FACE_OUTER_BOUND('',#7325,.T.);
#7327=ADVANCED_FACE('',(#7326),#7290,.T.);
#7328=CARTESIAN_POINT('',(0.051059980846442,-0.005905511811024,0.047736220472442));
#7329=DIRECTION('',(0.0,1.0,0.0));
#7330=DIRECTION('',(0.0,0.0,1.0));
#7331=AXIS2_PLACEMENT_3D('',#7328,#7329,#7330);
#7332=PLANE('',#7331);
#7333=CARTESIAN_POINT('',(0.050244689262225,-0.005905511811024,0.04724409448819));
#7334=VERTEX_POINT('',#7333);
#7335=CARTESIAN_POINT('',(0.033938857577887,-0.005905511811024,0.04724409448819));
#7336=DIRECTION('',(1.0,0.0,0.0));
#7337=VECTOR('',#7336,0.016305831684338);
#7338=LINE('',#7335,#7337);
#7339=EDGE_CURVE('',#7294,#7334,#7338,.T.);
#7340=ORIENTED_EDGE('',*,*,#7339,.F.);
#7341=ORIENTED_EDGE('',*,*,#7323,.F.);
#7342=CARTESIAN_POINT('',(0.050244689262225,-0.005905511811024,0.03740157480315));
#7343=VERTEX_POINT('',#7342);
#7344=CARTESIAN_POINT('',(0.050244689262225,-0.005905511811024,0.03740157480315));
#7345=DIRECTION('',(-1.0,0.0,0.0));
#7346=VECTOR('',#7345,0.016305831684338);
#7347=LINE('',#7344,#7346);
#7348=EDGE_CURVE('',#7343,#7311,#7347,.T.);
#7349=ORIENTED_EDGE('',*,*,#7348,.F.);
#7350=CARTESIAN_POINT('',(0.050244689262225,-0.005905511811024,0.03740157480315));
#7351=DIRECTION('',(0.0,0.0,1.0));
#7352=VECTOR('',#7351,0.00984251968504);
#7353=LINE('',#7350,#7352);
#7354=EDGE_CURVE('',#7343,#7334,#7353,.T.);
#7355=ORIENTED_EDGE('',*,*,#7354,.T.);
#7356=EDGE_LOOP('',(#7340,#7341,#7349,#7355));
#7357=FACE_OUTER_BOUND('',#7356,.T.);
#7358=ADVANCED_FACE('',(#7357),#7332,.F.);
#7359=CARTESIAN_POINT('',(-7.269953E-017,-2.540337E-016,0.036909448818898));
#7360=DIRECTION('',(0.0,0.0,1.0));
#7361=DIRECTION('',(-0.70710678118655,0.707106781186545,0.0));
#7362=AXIS2_PLACEMENT_3D('',#7359,#7360,#7361);
#7363=CYLINDRICAL_SURFACE('',#7362,0.050590551181102);
#7364=CARTESIAN_POINT('',(0.005905511811024,-0.050244689262226,0.04724409448819));
#7365=VERTEX_POINT('',#7364);
#7366=CARTESIAN_POINT('',(-7.269953E-017,-2.540337E-016,0.04724409448819));
#7367=DIRECTION('',(0.0,0.0,-1.0));
#7368=DIRECTION('',(0.993163507595741,-0.116731517509728,0.0));
#7369=AXIS2_PLACEMENT_3D('',#7366,#7367,#7368);
#7370=CIRCLE('',#7369,0.050590551181102);
#7371=EDGE_CURVE('',#7334,#7365,#7370,.T.);
#7372=ORIENTED_EDGE('',*,*,#7371,.F.);
#7373=ORIENTED_EDGE('',*,*,#7354,.F.);
#7374=CARTESIAN_POINT('',(0.005905511811024,-0.050244689262226,0.03740157480315));
#7375=VERTEX_POINT('',#7374);
#7376=CARTESIAN_POINT('',(-7.269953E-017,-2.540337E-016,0.03740157480315));
#7377=DIRECTION('',(0.0,0.0,1.0));
#7378=DIRECTION('',(0.993163507595741,-0.116731517509728,0.0));
#7379=AXIS2_PLACEMENT_3D('',#7376,#7377,#7378);
#7380=CIRCLE('',#7379,0.050590551181102);
#7381=EDGE_CURVE('',#7375,#7343,#7380,.T.);
#7382=ORIENTED_EDGE('',*,*,#7381,.F.);
#7383=CARTESIAN_POINT('',(0.005905511811024,-0.050244689262226,0.03740157480315));
#7384=DIRECTION('',(0.0,0.0,1.0));
#7385=VECTOR('',#7384,0.00984251968504);
#7386=LINE('',#7383,#7385);
#7387=EDGE_CURVE('',#7375,#7365,#7386,.T.);
#7388=ORIENTED_EDGE('',*,*,#7387,.T.);
#7389=EDGE_LOOP('',(#7372,#7373,#7382,#7388));
#7390=FACE_OUTER_BOUND('',#7389,.T.);
#7391=ADVANCED_FACE('',(#7390),#7363,.F.);
#7392=CARTESIAN_POINT('',(0.005905511811024,-0.03312356599367,0.047736220472442));
#7393=DIRECTION('',(-1.0,0.0,0.0));
#7394=DIRECTION('',(0.0,0.0,1.0));
#7395=AXIS2_PLACEMENT_3D('',#7392,#7393,#7394);
#7396=PLANE('',#7395);
#7397=CARTESIAN_POINT('',(0.005905511811024,-0.050244689262226,0.04724409448819));
#7398=DIRECTION('',(0.0,1.0,0.0));
#7399=VECTOR('',#7398,0.016305831684339);
#7400=LINE('',#7397,#7399);
#7401=EDGE_CURVE('',#7365,#7292,#7400,.T.);
#7402=ORIENTED_EDGE('',*,*,#7401,.F.);
#7403=ORIENTED_EDGE('',*,*,#7387,.F.);
#7404=CARTESIAN_POINT('',(0.005905511811024,-0.033938857577887,0.03740157480315));
#7405=DIRECTION('',(0.0,-1.0,0.0));
#7406=VECTOR('',#7405,0.016305831684339);
#7407=LINE('',#7404,#7406);
#7408=EDGE_CURVE('',#7303,#7375,#7407,.T.);
#7409=ORIENTED_EDGE('',*,*,#7408,.F.);
#7410=ORIENTED_EDGE('',*,*,#7308,.T.);
#7411=EDGE_LOOP('',(#7402,#7403,#7409,#7410));
#7412=FACE_OUTER_BOUND('',#7411,.T.);
#7413=ADVANCED_FACE('',(#7412),#7396,.F.);
#7414=CARTESIAN_POINT('',(0.052461648134785,-0.003688552938464,0.04724409448819));
#7415=DIRECTION('',(0.0,0.0,1.0));
#7416=DIRECTION('',(1.0,0.0,0.0));
#7417=AXIS2_PLACEMENT_3D('',#7414,#7415,#7416);
#7418=PLANE('',#7417);
#7419=ORIENTED_EDGE('',*,*,#7300,.T.);
#7420=ORIENTED_EDGE('',*,*,#7339,.T.);
#7421=ORIENTED_EDGE('',*,*,#7371,.T.);
#7422=ORIENTED_EDGE('',*,*,#7401,.T.);
#7423=EDGE_LOOP('',(#7419,#7420,#7421,#7422));
#7424=FACE_OUTER_BOUND('',#7423,.T.);
#7425=ADVANCED_FACE('',(#7424),#7418,.F.);
#7426=CARTESIAN_POINT('',(-0.108267716535433,0.108267716535433,0.03740157480315));
#7427=DIRECTION('',(0.0,0.0,-1.0));
#7428=DIRECTION('',(-1.0,0.0,0.0));
#7429=AXIS2_PLACEMENT_3D('',#7426,#7427,#7428);
#7430=PLANE('',#7429);
#7431=ORIENTED_EDGE('',*,*,#6803,.T.);
#7432=EDGE_LOOP('',(#7431));
#7433=FACE_OUTER_BOUND('',#7432,.T.);
#7434=ORIENTED_EDGE('',*,*,#6861,.T.);
#7435=EDGE_LOOP('',(#7434));
#7436=FACE_BOUND('',#7435,.T.);
#7437=ORIENTED_EDGE('',*,*,#6897,.T.);
#7438=ORIENTED_EDGE('',*,*,#6988,.T.);
#7439=ORIENTED_EDGE('',*,*,#6961,.T.);
#7440=ORIENTED_EDGE('',*,*,#6928,.T.);
#7441=EDGE_LOOP('',(#7437,#7438,#7439,#7440));
#7442=FACE_BOUND('',#7441,.T.);
#7443=ORIENTED_EDGE('',*,*,#7037,.T.);
#7444=ORIENTED_EDGE('',*,*,#7128,.T.);
#7445=ORIENTED_EDGE('',*,*,#7101,.T.);
#7446=ORIENTED_EDGE('',*,*,#7068,.T.);
#7447=EDGE_LOOP('',(#7443,#7444,#7445,#7446));
#7448=FACE_BOUND('',#7447,.T.);
#7449=ORIENTED_EDGE('',*,*,#7177,.T.);
#7450=ORIENTED_EDGE('',*,*,#7268,.T.);
#7451=ORIENTED_EDGE('',*,*,#7241,.T.);
#7452=ORIENTED_EDGE('',*,*,#7208,.T.);
#7453=EDGE_LOOP('',(#7449,#7450,#7451,#7452));
#7454=FACE_BOUND('',#7453,.T.);
#7455=ORIENTED_EDGE('',*,*,#7317,.T.);
#7456=ORIENTED_EDGE('',*,*,#7408,.T.);
#7457=ORIENTED_EDGE('',*,*,#7381,.T.);
#7458=ORIENTED_EDGE('',*,*,#7348,.T.);
#7459=EDGE_LOOP('',(#7455,#7456,#7457,#7458));
#7460=FACE_BOUND('',#7459,.T.);
#7461=ADVANCED_FACE('',(#7433,#7436,#7442,#7448,#7454,#7460),#7430,.T.);
#7462=CARTESIAN_POINT('',(-0.116929133858267,-0.116929133858267,0.055511811023622));
#7463=DIRECTION('',(0.0,0.0,1.0));
#7464=DIRECTION('',(1.0,0.0,0.0));
#7465=AXIS2_PLACEMENT_3D('',#7462,#7463,#7464);
#7466=PLANE('',#7465);
#7467=CARTESIAN_POINT('',(0.051181102362205,0.106299212598425,0.055511811023622));
#7468=VERTEX_POINT('',#7467);
#7469=CARTESIAN_POINT('',(0.051181102362205,0.088648269678722,0.055511811023622));
#7470=VERTEX_POINT('',#7469);
#7471=CARTESIAN_POINT('',(0.051181102362205,0.106299212598425,0.055511811023622));
#7472=DIRECTION('',(0.0,-1.0,0.0));
#7473=VECTOR('',#7472,0.017650942919703);
#7474=LINE('',#7471,#7473);
#7475=EDGE_CURVE('',#7468,#7470,#7474,.T.);
#7476=ORIENTED_EDGE('',*,*,#7475,.T.);
#7477=CARTESIAN_POINT('',(0.089539019619784,0.049606299212598,0.055511811023622));
#7478=VERTEX_POINT('',#7477);
#7479=CARTESIAN_POINT('',(0.0,0.0,0.055511811023622));
#7480=DIRECTION('',(0.0,0.0,-1.0));
#7481=DIRECTION('',(-0.874727345516352,-0.484615384615384,0.0));
#7482=AXIS2_PLACEMENT_3D('',#7479,#7480,#7481);
#7483=CIRCLE('',#7482,0.102362204724409);
#7484=EDGE_CURVE('',#7470,#7478,#7483,.T.);
#7485=ORIENTED_EDGE('',*,*,#7484,.T.);
#7486=CARTESIAN_POINT('',(0.106299212598425,0.049606299212598,0.055511811023622));
#7487=VERTEX_POINT('',#7486);
#7488=CARTESIAN_POINT('',(0.089539019619784,0.049606299212598,0.055511811023622));
#7489=DIRECTION('',(1.0,0.0,0.0));
#7490=VECTOR('',#7489,0.016760192978641);
#7491=LINE('',#7488,#7490);
#7492=EDGE_CURVE('',#7478,#7487,#7491,.T.);
#7493=ORIENTED_EDGE('',*,*,#7492,.T.);
#7494=CARTESIAN_POINT('',(0.106299212598425,-0.049606299212598,0.055511811023622));
#7495=VERTEX_POINT('',#7494);
#7496=CARTESIAN_POINT('',(0.106299212598425,0.049606299212598,0.055511811023622));
#7497=DIRECTION('',(0.0,-1.0,0.0));
#7498=VECTOR('',#7497,0.099212598425196);
#7499=LINE('',#7496,#7498);
#7500=EDGE_CURVE('',#7487,#7495,#7499,.T.);
#7501=ORIENTED_EDGE('',*,*,#7500,.T.);
#7502=CARTESIAN_POINT('',(0.089539019619784,-0.049606299212598,0.055511811023622));
#7503=VERTEX_POINT('',#7502);
#7504=CARTESIAN_POINT('',(0.106299212598425,-0.049606299212598,0.055511811023622));
#7505=DIRECTION('',(-1.0,0.0,0.0));
#7506=VECTOR('',#7505,0.016760192978641);
#7507=LINE('',#7504,#7506);
#7508=EDGE_CURVE('',#7495,#7503,#7507,.T.);
#7509=ORIENTED_EDGE('',*,*,#7508,.T.);
#7510=CARTESIAN_POINT('',(0.051181102362205,-0.088648269678722,0.055511811023622));
#7511=VERTEX_POINT('',#7510);
#7512=CARTESIAN_POINT('',(0.0,0.0,0.055511811023622));
#7513=DIRECTION('',(0.0,0.0,-1.0));
#7514=DIRECTION('',(-0.5,0.866025403784439,0.0));
#7515=AXIS2_PLACEMENT_3D('',#7512,#7513,#7514);
#7516=CIRCLE('',#7515,0.102362204724409);
#7517=EDGE_CURVE('',#7503,#7511,#7516,.T.);
#7518=ORIENTED_EDGE('',*,*,#7517,.T.);
#7519=CARTESIAN_POINT('',(0.051181102362205,-0.106299212598425,0.055511811023622));
#7520=VERTEX_POINT('',#7519);
#7521=CARTESIAN_POINT('',(0.051181102362205,-0.088648269678722,0.055511811023622));
#7522=DIRECTION('',(0.0,-1.0,0.0));
#7523=VECTOR('',#7522,0.017650942919703);
#7524=LINE('',#7521,#7523);
#7525=EDGE_CURVE('',#7511,#7520,#7524,.T.);
#7526=ORIENTED_EDGE('',*,*,#7525,.T.);
#7527=CARTESIAN_POINT('',(-0.051181102362205,-0.106299212598425,0.055511811023622));
#7528=VERTEX_POINT('',#7527);
#7529=CARTESIAN_POINT('',(0.051181102362205,-0.106299212598425,0.055511811023622));
#7530=DIRECTION('',(-1.0,0.0,0.0));
#7531=VECTOR('',#7530,0.10236220472441);
#7532=LINE('',#7529,#7531);
#7533=EDGE_CURVE('',#7520,#7528,#7532,.T.);
#7534=ORIENTED_EDGE('',*,*,#7533,.T.);
#7535=CARTESIAN_POINT('',(-0.051181102362205,-0.088648269678722,0.055511811023622));
#7536=VERTEX_POINT('',#7535);
#7537=CARTESIAN_POINT('',(-0.051181102362205,-0.106299212598425,0.055511811023622));
#7538=DIRECTION('',(0.0,1.0,0.0));
#7539=VECTOR('',#7538,0.017650942919703);
#7540=LINE('',#7537,#7539);
#7541=EDGE_CURVE('',#7528,#7536,#7540,.T.);
#7542=ORIENTED_EDGE('',*,*,#7541,.T.);
#7543=CARTESIAN_POINT('',(-0.089539019619784,-0.049606299212598,0.055511811023622));
#7544=VERTEX_POINT('',#7543);
#7545=CARTESIAN_POINT('',(0.0,0.0,0.055511811023622));
#7546=DIRECTION('',(0.0,0.0,-1.0));
#7547=DIRECTION('',(0.874727345516351,0.484615384615385,0.0));
#7548=AXIS2_PLACEMENT_3D('',#7545,#7546,#7547);
#7549=CIRCLE('',#7548,0.102362204724409);
#7550=EDGE_CURVE('',#7536,#7544,#7549,.T.);
#7551=ORIENTED_EDGE('',*,*,#7550,.T.);
#7552=CARTESIAN_POINT('',(-0.106299212598425,-0.049606299212598,0.055511811023622));
#7553=VERTEX_POINT('',#7552);
#7554=CARTESIAN_POINT('',(-0.089539019619784,-0.049606299212598,0.055511811023622));
#7555=DIRECTION('',(-1.0,0.0,0.0));
#7556=VECTOR('',#7555,0.016760192978641);
#7557=LINE('',#7554,#7556);
#7558=EDGE_CURVE('',#7544,#7553,#7557,.T.);
#7559=ORIENTED_EDGE('',*,*,#7558,.T.);
#7560=CARTESIAN_POINT('',(-0.106299212598425,0.049606299212598,0.055511811023622));
#7561=VERTEX_POINT('',#7560);
#7562=CARTESIAN_POINT('',(-0.106299212598425,-0.049606299212598,0.055511811023622));
#7563=DIRECTION('',(0.0,1.0,0.0));
#7564=VECTOR('',#7563,0.099212598425196);
#7565=LINE('',#7562,#7564);
#7566=EDGE_CURVE('',#7553,#7561,#7565,.T.);
#7567=ORIENTED_EDGE('',*,*,#7566,.T.);
#7568=CARTESIAN_POINT('',(-0.089539019619784,0.049606299212598,0.055511811023622));
#7569=VERTEX_POINT('',#7568);
#7570=CARTESIAN_POINT('',(-0.106299212598425,0.049606299212598,0.055511811023622));
#7571=DIRECTION('',(1.0,0.0,0.0));
#7572=VECTOR('',#7571,0.016760192978641);
#7573=LINE('',#7570,#7572);
#7574=EDGE_CURVE('',#7561,#7569,#7573,.T.);
#7575=ORIENTED_EDGE('',*,*,#7574,.T.);
#7576=CARTESIAN_POINT('',(-0.051181102362205,0.088648269678722,0.055511811023622));
#7577=VERTEX_POINT('',#7576);
#7578=CARTESIAN_POINT('',(0.0,0.0,0.055511811023622));
#7579=DIRECTION('',(0.0,0.0,-1.0));
#7580=DIRECTION('',(0.5,-0.866025403784439,0.0));
#7581=AXIS2_PLACEMENT_3D('',#7578,#7579,#7580);
#7582=CIRCLE('',#7581,0.102362204724409);
#7583=EDGE_CURVE('',#7569,#7577,#7582,.T.);
#7584=ORIENTED_EDGE('',*,*,#7583,.T.);
#7585=CARTESIAN_POINT('',(-0.051181102362205,0.106299212598425,0.055511811023622));
#7586=VERTEX_POINT('',#7585);
#7587=CARTESIAN_POINT('',(-0.051181102362205,0.088648269678722,0.055511811023622));
#7588=DIRECTION('',(0.0,1.0,0.0));
#7589=VECTOR('',#7588,0.017650942919703);
#7590=LINE('',#7587,#7589);
#7591=EDGE_CURVE('',#7577,#7586,#7590,.T.);
#7592=ORIENTED_EDGE('',*,*,#7591,.T.);
#7593=CARTESIAN_POINT('',(-0.051181102362205,0.106299212598425,0.055511811023622));
#7594=DIRECTION('',(1.0,0.0,0.0));
#7595=VECTOR('',#7594,0.10236220472441);
#7596=LINE('',#7593,#7595);
#7597=EDGE_CURVE('',#7586,#7468,#7596,.T.);
#7598=ORIENTED_EDGE('',*,*,#7597,.T.);
#7599=EDGE_LOOP('',(#7476,#7485,#7493,#7501,#7509,#7518,#7526,#7534,#7542,#7551,#7559,#7567,#7575,#7584,#7592,#7598));
#7600=FACE_OUTER_BOUND('',#7599,.T.);
#7601=ORIENTED_EDGE('',*,*,#6814,.T.);
#7602=EDGE_LOOP('',(#7601));
#7603=FACE_BOUND('',#7602,.T.);
#7604=ADVANCED_FACE('',(#7600,#7603),#7466,.F.);
#7605=CARTESIAN_POINT('',(-0.108858267716535,0.045905511811024,-0.006102362204724));
#7606=DIRECTION('',(1.0,0.0,0.0));
#7607=DIRECTION('',(0.0,-0.707106781186544,-0.707106781186551));
#7608=AXIS2_PLACEMENT_3D('',#7605,#7606,#7607);
#7609=CYLINDRICAL_SURFACE('',#7608,0.000984251968504);
#7610=CARTESIAN_POINT('',(-0.106299212598425,0.046889763779528,-0.006102362204724));
#7611=VERTEX_POINT('',#7610);
#7612=CARTESIAN_POINT('',(-0.106299212598425,0.045905511811024,-0.00511811023622));
#7613=VERTEX_POINT('',#7612);
#7614=CARTESIAN_POINT('',(-0.106299212598425,0.045905511811024,-0.006102362204724));
#7615=DIRECTION('',(1.0,0.0,0.0));
#7616=DIRECTION('',(0.0,0.707106781186548,0.707106781186547));
#7617=AXIS2_PLACEMENT_3D('',#7614,#7615,#7616);
#7618=CIRCLE('',#7617,0.000984251968504);
#7619=EDGE_CURVE('',#7611,#7613,#7618,.T.);
#7620=ORIENTED_EDGE('',*,*,#7619,.T.);
#7621=CARTESIAN_POINT('',(-0.056102362204725,0.045905511811024,-0.00511811023622));
#7622=VERTEX_POINT('',#7621);
#7623=CARTESIAN_POINT('',(-0.106299212598425,0.045905511811024,-0.00511811023622));
#7624=DIRECTION('',(1.0,0.0,0.0));
#7625=VECTOR('',#7624,0.0501968503937);
#7626=LINE('',#7623,#7625);
#7627=EDGE_CURVE('',#7613,#7622,#7626,.T.);
#7628=ORIENTED_EDGE('',*,*,#7627,.T.);
#7629=CARTESIAN_POINT('',(-0.055118110236221,0.046889763779528,-0.006102362028045));
#7630=VERTEX_POINT('',#7629);
#7631=CARTESIAN_POINT('',(-0.056102362204725,0.045905511811024,-0.006102362204724));
#7632=DIRECTION('',(-0.707106781186553,0.707106781186542,-7.850462E-015));
#7633=DIRECTION('',(-0.707106781186542,-0.707106781186553,7.850462E-015));
#7634=AXIS2_PLACEMENT_3D('',#7631,#7632,#7633);
#7635=ELLIPSE('',#7634,0.001391942482651,0.000984251968504);
#7636=EDGE_CURVE('',#7622,#7630,#7635,.T.);
#7637=ORIENTED_EDGE('',*,*,#7636,.T.);
#7638=CARTESIAN_POINT('',(-0.055118110236221,0.046889763779528,-0.006102362204724));
#7639=DIRECTION('',(-1.0,0.0,0.0));
#7640=VECTOR('',#7639,0.051181102362204);
#7641=LINE('',#7638,#7640);
#7642=EDGE_CURVE('',#7630,#7611,#7641,.T.);
#7643=ORIENTED_EDGE('',*,*,#7642,.T.);
#7644=EDGE_LOOP('',(#7620,#7628,#7637,#7643));
#7645=FACE_OUTER_BOUND('',#7644,.T.);
#7646=ADVANCED_FACE('',(#7645),#7609,.T.);
#7647=CARTESIAN_POINT('',(-0.056102362204725,0.051220472440945,-0.006102362204724));
#7648=DIRECTION('',(0.0,-1.0,0.0));
#7649=DIRECTION('',(-0.707106781186546,0.0,-0.707106781186549));
#7650=AXIS2_PLACEMENT_3D('',#7647,#7648,#7649);
#7651=CYLINDRICAL_SURFACE('',#7650,0.000984251968504);
#7652=CARTESIAN_POINT('',(-0.056102362204725,-0.038740157480315,-0.00511811023622));
#7653=VERTEX_POINT('',#7652);
#7654=CARTESIAN_POINT('',(-0.056102362204725,0.045905511811024,-0.00511811023622));
#7655=DIRECTION('',(0.0,-1.0,0.0));
#7656=VECTOR('',#7655,0.084645669291339);
#7657=LINE('',#7654,#7656);
#7658=EDGE_CURVE('',#7622,#7653,#7657,.T.);
#7659=ORIENTED_EDGE('',*,*,#7658,.T.);
#7660=CARTESIAN_POINT('',(-0.055118110236221,-0.039724409448819,-0.006102362027985));
#7661=VERTEX_POINT('',#7660);
#7662=CARTESIAN_POINT('',(-0.056102362204725,-0.038740157480315,-0.006102362204724));
#7663=DIRECTION('',(0.707106781186547,0.707106781186547,0.0));
#7664=DIRECTION('',(-0.707106781186547,0.707106781186547,2.519745E-033));
#7665=AXIS2_PLACEMENT_3D('',#7662,#7663,#7664);
#7666=ELLIPSE('',#7665,0.001391942482651,0.000984251968504);
#7667=EDGE_CURVE('',#7653,#7661,#7666,.T.);
#7668=ORIENTED_EDGE('',*,*,#7667,.T.);
#7669=CARTESIAN_POINT('',(-0.055118110236221,-0.039724409448819,-0.006102362204724));
#7670=DIRECTION('',(0.0,1.0,0.0));
#7671=VECTOR('',#7670,0.086614173228347);
#7672=LINE('',#7669,#7671);
#7673=EDGE_CURVE('',#7661,#7630,#7672,.T.);
#7674=ORIENTED_EDGE('',*,*,#7673,.T.);
#7675=ORIENTED_EDGE('',*,*,#7636,.F.);
#7676=EDGE_LOOP('',(#7659,#7668,#7674,#7675));
#7677=FACE_OUTER_BOUND('',#7676,.T.);
#7678=ADVANCED_FACE('',(#7677),#7651,.T.);
#7679=CARTESIAN_POINT('',(-0.052559055118111,-0.038740157480315,-0.006102362204724));
#7680=DIRECTION('',(-1.0,0.0,0.0));
#7681=DIRECTION('',(0.0,0.707106781186545,-0.70710678118655));
#7682=AXIS2_PLACEMENT_3D('',#7679,#7680,#7681);
#7683=CYLINDRICAL_SURFACE('',#7682,0.000984251968504);
#7684=CARTESIAN_POINT('',(-0.106299212598425,-0.038740157480315,-0.00511811023622));
#7685=VERTEX_POINT('',#7684);
#7686=CARTESIAN_POINT('',(-0.056102362204725,-0.038740157480315,-0.00511811023622));
#7687=DIRECTION('',(-1.0,0.0,0.0));
#7688=VECTOR('',#7687,0.0501968503937);
#7689=LINE('',#7686,#7688);
#7690=EDGE_CURVE('',#7653,#7685,#7689,.T.);
#7691=ORIENTED_EDGE('',*,*,#7690,.T.);
#7692=CARTESIAN_POINT('',(-0.106299212598425,-0.039724409448819,-0.006102362204724));
#7693=VERTEX_POINT('',#7692);
#7694=CARTESIAN_POINT('',(-0.106299212598425,-0.038740157480315,-0.006102362204724));
#7695=DIRECTION('',(1.0,0.0,0.0));
#7696=DIRECTION('',(0.0,-0.707106781186548,0.707106781186547));
#7697=AXIS2_PLACEMENT_3D('',#7694,#7695,#7696);
#7698=CIRCLE('',#7697,0.000984251968504);
#7699=EDGE_CURVE('',#7685,#7693,#7698,.T.);
#7700=ORIENTED_EDGE('',*,*,#7699,.T.);
#7701=CARTESIAN_POINT('',(-0.106299212598425,-0.039724409448819,-0.006102362204724));
#7702=DIRECTION('',(1.0,0.0,0.0));
#7703=VECTOR('',#7702,0.051181102362204);
#7704=LINE('',#7701,#7703);
#7705=EDGE_CURVE('',#7693,#7661,#7704,.T.);
#7706=ORIENTED_EDGE('',*,*,#7705,.T.);
#7707=ORIENTED_EDGE('',*,*,#7667,.F.);
#7708=EDGE_LOOP('',(#7691,#7700,#7706,#7707));
#7709=FACE_OUTER_BOUND('',#7708,.T.);
#7710=ADVANCED_FACE('',(#7709),#7683,.T.);
#7711=CARTESIAN_POINT('',(-0.108858267716535,0.046889763779528,-0.007135826771653));
#7712=DIRECTION('',(0.0,1.0,0.0));
#7713=DIRECTION('',(0.0,0.0,1.0));
#7714=AXIS2_PLACEMENT_3D('',#7711,#7712,#7713);
#7715=PLANE('',#7714);
#7716=ORIENTED_EDGE('',*,*,#7642,.F.);
#7717=CARTESIAN_POINT('',(-0.055118110236221,0.046889763779528,-0.007086614173228));
#7718=VERTEX_POINT('',#7717);
#7719=CARTESIAN_POINT('',(-0.055118110236221,0.046889763779528,-0.007086614173228));
#7720=DIRECTION('',(0.0,0.0,1.0));
#7721=VECTOR('',#7720,0.000984252145183);
#7722=LINE('',#7719,#7721);
#7723=EDGE_CURVE('',#7718,#7630,#7722,.T.);
#7724=ORIENTED_EDGE('',*,*,#7723,.F.);
#7725=CARTESIAN_POINT('',(-0.106299212598425,0.046889763779528,-0.007086614173228));
#7726=VERTEX_POINT('',#7725);
#7727=CARTESIAN_POINT('',(-0.106299212598425,0.046889763779528,-0.007086614173228));
#7728=DIRECTION('',(1.0,0.0,0.0));
#7729=VECTOR('',#7728,0.051181102362204);
#7730=LINE('',#7727,#7729);
#7731=EDGE_CURVE('',#7726,#7718,#7730,.T.);
#7732=ORIENTED_EDGE('',*,*,#7731,.F.);
#7733=CARTESIAN_POINT('',(-0.106299212598425,0.046889763779528,-0.006102362204724));
#7734=DIRECTION('',(-2.678968E-013,0.0,-1.0));
#7735=VECTOR('',#7734,0.000984251968504);
#7736=LINE('',#7733,#7735);
#7737=EDGE_CURVE('',#7611,#7726,#7736,.T.);
#7738=ORIENTED_EDGE('',*,*,#7737,.F.);
#7739=EDGE_LOOP('',(#7716,#7724,#7732,#7738));
#7740=FACE_OUTER_BOUND('',#7739,.T.);
#7741=ADVANCED_FACE('',(#7740),#7715,.T.);
#7742=CARTESIAN_POINT('',(-0.055118110236221,-0.044055118110236,-0.006053149606299));
#7743=DIRECTION('',(1.0,0.0,0.0));
#7744=DIRECTION('',(0.0,0.0,-1.0));
#7745=AXIS2_PLACEMENT_3D('',#7742,#7743,#7744);
#7746=PLANE('',#7745);
#7747=ORIENTED_EDGE('',*,*,#7673,.F.);
#7748=CARTESIAN_POINT('',(-0.055118110236221,-0.039724409448819,-0.007086614173228));
#7749=VERTEX_POINT('',#7748);
#7750=CARTESIAN_POINT('',(-0.055118110236221,-0.039724409448819,-0.007086614173228));
#7751=DIRECTION('',(0.0,0.0,1.0));
#7752=VECTOR('',#7751,0.000984252145243);
#7753=LINE('',#7750,#7752);
#7754=EDGE_CURVE('',#7749,#7661,#7753,.T.);
#7755=ORIENTED_EDGE('',*,*,#7754,.F.);
#7756=CARTESIAN_POINT('',(-0.055118110236221,0.046889763779528,-0.007086614173228));
#7757=DIRECTION('',(0.0,-1.0,0.0));
#7758=VECTOR('',#7757,0.086614173228347);
#7759=LINE('',#7756,#7758);
#7760=EDGE_CURVE('',#7718,#7749,#7759,.T.);
#7761=ORIENTED_EDGE('',*,*,#7760,.F.);
#7762=ORIENTED_EDGE('',*,*,#7723,.T.);
#7763=EDGE_LOOP('',(#7747,#7755,#7761,#7762));
#7764=FACE_OUTER_BOUND('',#7763,.T.);
#7765=ADVANCED_FACE('',(#7764),#7746,.T.);
#7766=CARTESIAN_POINT('',(-0.108858267716535,-0.039724409448819,-0.006053149606299));
#7767=DIRECTION('',(0.0,-1.0,0.0));
#7768=DIRECTION('',(0.0,0.0,-1.0));
#7769=AXIS2_PLACEMENT_3D('',#7766,#7767,#7768);
#7770=PLANE('',#7769);
#7771=ORIENTED_EDGE('',*,*,#7705,.F.);
#7772=CARTESIAN_POINT('',(-0.106299212598425,-0.039724409448819,-0.007086614173228));
#7773=VERTEX_POINT('',#7772);
#7774=CARTESIAN_POINT('',(-0.106299212598425,-0.039724409448819,-0.007086614173228));
#7775=DIRECTION('',(4.370948E-013,7.049916E-015,1.0));
#7776=VECTOR('',#7775,0.000984251968504);
#7777=LINE('',#7774,#7776);
#7778=EDGE_CURVE('',#7773,#7693,#7777,.T.);
#7779=ORIENTED_EDGE('',*,*,#7778,.F.);
#7780=CARTESIAN_POINT('',(-0.055118110236221,-0.039724409448819,-0.007086614173228));
#7781=DIRECTION('',(-1.0,0.0,0.0));
#7782=VECTOR('',#7781,0.051181102362204);
#7783=LINE('',#7780,#7782);
#7784=EDGE_CURVE('',#7749,#7773,#7783,.T.);
#7785=ORIENTED_EDGE('',*,*,#7784,.F.);
#7786=ORIENTED_EDGE('',*,*,#7754,.T.);
#7787=EDGE_LOOP('',(#7771,#7779,#7785,#7786));
#7788=FACE_OUTER_BOUND('',#7787,.T.);
#7789=ADVANCED_FACE('',(#7788),#7770,.T.);
#7790=CARTESIAN_POINT('',(-0.009123740380143,0.019025191133638,-0.006102362204724));
#7791=DIRECTION('',(0.0,1.0,0.0));
#7792=DIRECTION('',(0.70710678118583,0.0,-0.707106781187266));
#7793=AXIS2_PLACEMENT_3D('',#7790,#7791,#7792);
#7794=CYLINDRICAL_SURFACE('',#7793,0.000984251968504);
#7795=CARTESIAN_POINT('',(-0.010107992348646,0.038050382267277,-0.006102362204724));
#7796=VERTEX_POINT('',#7795);
#7797=CARTESIAN_POINT('',(-0.009123740380142,0.038298308859295,-0.00511811023622));
#7798=VERTEX_POINT('',#7797);
#7799=CARTESIAN_POINT('',(-0.010107992348647,0.038050382267276,-0.006102362204724));
#7800=CARTESIAN_POINT('',(-0.010107992348647,0.038050382267276,-0.005978913461625));
#7801=CARTESIAN_POINT('',(-0.010083315314422,0.038056969085906,-0.005847558805985));
#7802=CARTESIAN_POINT('',(-0.009983962283033,0.038083144044846,-0.005606600975074));
#7803=CARTESIAN_POINT('',(-0.009909265813192,0.038102720689824,-0.00549700499311));
#7804=CARTESIAN_POINT('',(-0.009735684126911,0.038147448820954,-0.005321319810772));
#7805=CARTESIAN_POINT('',(-0.009624136380474,0.038175846621497,-0.005244574611889));
#7806=CARTESIAN_POINT('',(-0.009380204411694,0.038236504734044,-0.005142962230978));
#7807=CARTESIAN_POINT('',(-0.009247810576861,0.038268751829298,-0.00511811023622));
#7808=CARTESIAN_POINT('',(-0.009123740380143,0.038298308859294,-0.00511811023622));
#7809=B_SPLINE_CURVE_WITH_KNOTS('',3,(#7799,#7800,#7801,#7802,#7803,#7804,#7805,#7806,#7807,#7808),.UNSPECIFIED.,.F.,.U.,(4,2,2,2,4),(-0.006015725665824,-0.005645379436525,-0.005275033207227,-0.004892406384299,-0.004509779561372),.UNSPECIFIED.);
#7810=EDGE_CURVE('',#7796,#7798,#7809,.T.);
#7811=ORIENTED_EDGE('',*,*,#7810,.T.);
#7812=CARTESIAN_POINT('',(-0.009123740380141,0.047834645669292,-0.00511811023622));
#7813=VERTEX_POINT('',#7812);
#7814=CARTESIAN_POINT('',(-0.009123740380142,0.038298308859295,-0.00511811023622));
#7815=DIRECTION('',(0.0,1.0,0.0));
#7816=VECTOR('',#7815,0.009536336809997);
#7817=LINE('',#7814,#7816);
#7818=EDGE_CURVE('',#7798,#7813,#7817,.T.);
#7819=ORIENTED_EDGE('',*,*,#7818,.T.);
#7820=CARTESIAN_POINT('',(-0.010107992348645,0.048818897637796,-0.006102362028402));
#7821=VERTEX_POINT('',#7820);
#7822=CARTESIAN_POINT('',(-0.009123740380141,0.047834645669292,-0.006102362204724));
#7823=DIRECTION('',(-0.707106781186577,-0.707106781186518,0.0));
#7824=DIRECTION('',(0.707106781186518,-0.707106781186577,-2.582819E-032));
#7825=AXIS2_PLACEMENT_3D('',#7822,#7823,#7824);
#7826=ELLIPSE('',#7825,0.001391942482651,0.000984251968504);
#7827=EDGE_CURVE('',#7813,#7821,#7826,.T.);
#7828=ORIENTED_EDGE('',*,*,#7827,.T.);
#7829=CARTESIAN_POINT('',(-0.010107992348645,0.048818897637796,-0.006102362204724));
#7830=DIRECTION('',(0.0,-1.0,0.0));
#7831=VECTOR('',#7830,0.010768515370519);
#7832=LINE('',#7829,#7831);
#7833=EDGE_CURVE('',#7821,#7796,#7832,.T.);
#7834=ORIENTED_EDGE('',*,*,#7833,.T.);
#7835=EDGE_LOOP('',(#7811,#7819,#7828,#7834));
#7836=FACE_OUTER_BOUND('',#7835,.T.);
#7837=ADVANCED_FACE('',(#7836),#7794,.T.);
#7838=CARTESIAN_POINT('',(-0.011489356193399,0.047834645669292,-0.006102362204724));
#7839=DIRECTION('',(1.0,0.0,0.0));
#7840=DIRECTION('',(0.0,-0.707106781186546,-0.707106781186549));
#7841=AXIS2_PLACEMENT_3D('',#7838,#7839,#7840);
#7842=CYLINDRICAL_SURFACE('',#7841,0.000984251968504);
#7843=CARTESIAN_POINT('',(0.009123740380142,0.047834645669292,-0.00511811023622));
#7844=VERTEX_POINT('',#7843);
#7845=CARTESIAN_POINT('',(-0.009123740380141,0.047834645669292,-0.00511811023622));
#7846=DIRECTION('',(1.0,0.0,0.0));
#7847=VECTOR('',#7846,0.018247480760283);
#7848=LINE('',#7845,#7847);
#7849=EDGE_CURVE('',#7813,#7844,#7848,.T.);
#7850=ORIENTED_EDGE('',*,*,#7849,.T.);
#7851=CARTESIAN_POINT('',(0.010107992348646,0.048818897637795,-0.006102362110282));
#7852=VERTEX_POINT('',#7851);
#7853=CARTESIAN_POINT('',(0.009123740380142,0.047834645669292,-0.006102362204724));
#7854=DIRECTION('',(-0.707106781186571,0.707106781186524,9.813078E-016));
#7855=DIRECTION('',(-0.707106781186524,-0.707106781186571,-9.813078E-016));
#7856=AXIS2_PLACEMENT_3D('',#7853,#7854,#7855);
#7857=ELLIPSE('',#7856,0.001391942482651,0.000984251968504);
#7858=EDGE_CURVE('',#7844,#7852,#7857,.T.);
#7859=ORIENTED_EDGE('',*,*,#7858,.T.);
#7860=CARTESIAN_POINT('',(0.010107992348646,0.048818897637795,-0.006102362204724));
#7861=DIRECTION('',(-1.0,0.0,0.0));
#7862=VECTOR('',#7861,0.020215984697291);
#7863=LINE('',#7860,#7862);
#7864=EDGE_CURVE('',#7852,#7821,#7863,.T.);
#7865=ORIENTED_EDGE('',*,*,#7864,.T.);
#7866=ORIENTED_EDGE('',*,*,#7827,.F.);
#7867=EDGE_LOOP('',(#7850,#7859,#7865,#7866));
#7868=FACE_OUTER_BOUND('',#7867,.T.);
#7869=ADVANCED_FACE('',(#7868),#7842,.T.);
#7870=CARTESIAN_POINT('',(0.009123740380143,0.049357323406321,-0.006102362204724));
#7871=DIRECTION('',(0.0,-1.0,0.0));
#7872=DIRECTION('',(-0.707106781186188,0.0,-0.707106781186907));
#7873=AXIS2_PLACEMENT_3D('',#7870,#7871,#7872);
#7874=CYLINDRICAL_SURFACE('',#7873,0.000984251968504);
#7875=CARTESIAN_POINT('',(0.009123740380142,0.038298308859295,-0.00511811023622));
#7876=VERTEX_POINT('',#7875);
#7877=CARTESIAN_POINT('',(0.010107992348646,0.038050382267277,-0.006102362204724));
#7878=VERTEX_POINT('',#7877);
#7879=CARTESIAN_POINT('',(0.009123740380143,0.038298308859294,-0.00511811023622));
#7880=CARTESIAN_POINT('',(0.009247810576861,0.038268751829298,-0.00511811023622));
#7881=CARTESIAN_POINT('',(0.009380204411694,0.038236504734044,-0.005142962230978));
#7882=CARTESIAN_POINT('',(0.009624136380474,0.038175846621497,-0.005244574611889));
#7883=CARTESIAN_POINT('',(0.009735684126911,0.038147448820954,-0.005321319810772));
#7884=CARTESIAN_POINT('',(0.009909265813192,0.038102720689824,-0.00549700499311));
#7885=CARTESIAN_POINT('',(0.009983962283033,0.038083144044846,-0.005606600975074));
#7886=CARTESIAN_POINT('',(0.010083315314422,0.038056969085906,-0.005847558805985));
#7887=CARTESIAN_POINT('',(0.010107992348647,0.038050382267276,-0.005978913461625));
#7888=CARTESIAN_POINT('',(0.010107992348647,0.038050382267276,-0.006102362204724));
#7889=B_SPLINE_CURVE_WITH_KNOTS('',3,(#7879,#7880,#7881,#7882,#7883,#7884,#7885,#7886,#7887,#7888),.UNSPECIFIED.,.F.,.U.,(4,2,2,2,4),(-0.001505946104452,-0.001123319281524,-0.000740692458596,-0.000370346229298,0.0),.UNSPECIFIED.);
#7890=EDGE_CURVE('',#7876,#7878,#7889,.T.);
#7891=ORIENTED_EDGE('',*,*,#7890,.T.);
#7892=CARTESIAN_POINT('',(0.010107992348646,0.038050382267277,-0.006102362204724));
#7893=DIRECTION('',(0.0,1.0,0.0));
#7894=VECTOR('',#7893,0.010768515370518);
#7895=LINE('',#7892,#7894);
#7896=EDGE_CURVE('',#7878,#7852,#7895,.T.);
#7897=ORIENTED_EDGE('',*,*,#7896,.T.);
#7898=ORIENTED_EDGE('',*,*,#7858,.F.);
#7899=CARTESIAN_POINT('',(0.009123740380142,0.047834645669292,-0.00511811023622));
#7900=DIRECTION('',(0.0,-1.0,0.0));
#7901=VECTOR('',#7900,0.009536336809997);
#7902=LINE('',#7899,#7901);
#7903=EDGE_CURVE('',#7844,#7876,#7902,.T.);
#7904=ORIENTED_EDGE('',*,*,#7903,.T.);
#7905=EDGE_LOOP('',(#7891,#7897,#7898,#7904));
#7906=FACE_OUTER_BOUND('',#7905,.T.);
#7907=ADVANCED_FACE('',(#7906),#7874,.T.);
#7908=CARTESIAN_POINT('',(-0.010107992348646,0.037511956498751,-0.007135826771653));
#7909=DIRECTION('',(-1.0,0.0,0.0));
#7910=DIRECTION('',(0.0,0.0,1.0));
#7911=AXIS2_PLACEMENT_3D('',#7908,#7909,#7910);
#7912=PLANE('',#7911);
#7913=ORIENTED_EDGE('',*,*,#7833,.F.);
#7914=CARTESIAN_POINT('',(-0.010107992348645,0.048818897637796,-0.007086614173228));
#7915=VERTEX_POINT('',#7914);
#7916=CARTESIAN_POINT('',(-0.010107992348645,0.048818897637796,-0.007086614173228));
#7917=DIRECTION('',(0.0,0.0,1.0));
#7918=VECTOR('',#7917,0.000984252144826);
#7919=LINE('',#7916,#7918);
#7920=EDGE_CURVE('',#7915,#7821,#7919,.T.);
#7921=ORIENTED_EDGE('',*,*,#7920,.F.);
#7922=CARTESIAN_POINT('',(-0.010107992348646,0.038050382267277,-0.007086614173228));
#7923=VERTEX_POINT('',#7922);
#7924=CARTESIAN_POINT('',(-0.010107992348646,0.038050382267277,-0.007086614173228));
#7925=DIRECTION('',(0.0,1.0,0.0));
#7926=VECTOR('',#7925,0.010768515370519);
#7927=LINE('',#7924,#7926);
#7928=EDGE_CURVE('',#7923,#7915,#7927,.T.);
#7929=ORIENTED_EDGE('',*,*,#7928,.F.);
#7930=CARTESIAN_POINT('',(-0.010107992348646,0.038050382267277,-0.007086614173228));
#7931=DIRECTION('',(0.0,0.0,1.0));
#7932=VECTOR('',#7931,0.000984251968504);
#7933=LINE('',#7930,#7932);
#7934=EDGE_CURVE('',#7923,#7796,#7933,.T.);
#7935=ORIENTED_EDGE('',*,*,#7934,.T.);
#7936=EDGE_LOOP('',(#7913,#7921,#7929,#7935));
#7937=FACE_OUTER_BOUND('',#7936,.T.);
#7938=ADVANCED_FACE('',(#7937),#7912,.T.);
#7939=CARTESIAN_POINT('',(-0.01111879158351,0.048818897637796,-0.007135826771653));
#7940=DIRECTION('',(0.0,1.0,0.0));
#7941=DIRECTION('',(0.0,0.0,1.0));
#7942=AXIS2_PLACEMENT_3D('',#7939,#7940,#7941);
#7943=PLANE('',#7942);
#7944=ORIENTED_EDGE('',*,*,#7864,.F.);
#7945=CARTESIAN_POINT('',(0.010107992348645,0.048818897637795,-0.007086614173228));
#7946=VERTEX_POINT('',#7945);
#7947=CARTESIAN_POINT('',(0.010107992348645,0.048818897637795,-0.007086614173228));
#7948=DIRECTION('',(0.0,0.0,1.0));
#7949=VECTOR('',#7948,0.000984252062946);
#7950=LINE('',#7947,#7949);
#7951=EDGE_CURVE('',#7946,#7852,#7950,.T.);
#7952=ORIENTED_EDGE('',*,*,#7951,.F.);
#7953=CARTESIAN_POINT('',(-0.010107992348645,0.048818897637796,-0.007086614173228));
#7954=DIRECTION('',(1.0,0.0,0.0));
#7955=VECTOR('',#7954,0.02021598469729);
#7956=LINE('',#7953,#7955);
#7957=EDGE_CURVE('',#7915,#7946,#7956,.T.);
#7958=ORIENTED_EDGE('',*,*,#7957,.F.);
#7959=ORIENTED_EDGE('',*,*,#7920,.T.);
#7960=EDGE_LOOP('',(#7944,#7952,#7958,#7959));
#7961=FACE_OUTER_BOUND('',#7960,.T.);
#7962=ADVANCED_FACE('',(#7961),#7943,.T.);
#7963=CARTESIAN_POINT('',(0.010107992348645,0.037511956498751,-0.006053149606299));
#7964=DIRECTION('',(1.0,0.0,0.0));
#7965=DIRECTION('',(0.0,0.0,-1.0));
#7966=AXIS2_PLACEMENT_3D('',#7963,#7964,#7965);
#7967=PLANE('',#7966);
#7968=ORIENTED_EDGE('',*,*,#7896,.F.);
#7969=CARTESIAN_POINT('',(0.010107992348646,0.038050382267277,-0.007086614173228));
#7970=VERTEX_POINT('',#7969);
#7971=CARTESIAN_POINT('',(0.010107992348646,0.038050382267277,-0.007086614173228));
#7972=DIRECTION('',(0.0,0.0,1.0));
#7973=VECTOR('',#7972,0.000984251968504);
#7974=LINE('',#7971,#7973);
#7975=EDGE_CURVE('',#7970,#7878,#7974,.T.);
#7976=ORIENTED_EDGE('',*,*,#7975,.F.);
#7977=CARTESIAN_POINT('',(0.010107992348645,0.048818897637795,-0.007086614173228));
#7978=DIRECTION('',(0.0,-1.0,0.0));
#7979=VECTOR('',#7978,0.010768515370518);
#7980=LINE('',#7977,#7979);
#7981=EDGE_CURVE('',#7946,#7970,#7980,.T.);
#7982=ORIENTED_EDGE('',*,*,#7981,.F.);
#7983=ORIENTED_EDGE('',*,*,#7951,.T.);
#7984=EDGE_LOOP('',(#7968,#7976,#7982,#7983));
#7985=FACE_OUTER_BOUND('',#7984,.T.);
#7986=ADVANCED_FACE('',(#7985),#7967,.T.);
#7987=CARTESIAN_POINT('',(0.108858267716535,-0.038740157480316,-0.006102362204724));
#7988=DIRECTION('',(-1.0,0.0,0.0));
#7989=DIRECTION('',(0.0,0.707106781186191,-0.707106781186904));
#7990=AXIS2_PLACEMENT_3D('',#7987,#7988,#7989);
#7991=CYLINDRICAL_SURFACE('',#7990,0.000984251968504);
#7992=CARTESIAN_POINT('',(0.106299212598425,-0.03972440944882,-0.006102362204724));
#7993=VERTEX_POINT('',#7992);
#7994=CARTESIAN_POINT('',(0.106299212598425,-0.038740157480316,-0.00511811023622));
#7995=VERTEX_POINT('',#7994);
#7996=CARTESIAN_POINT('',(0.106299212598424,-0.038740157480316,-0.006102362204724));
#7997=DIRECTION('',(-1.0,0.0,0.0));
#7998=DIRECTION('',(0.0,-0.707106781186548,0.707106781186547));
#7999=AXIS2_PLACEMENT_3D('',#7996,#7997,#7998);
#8000=CIRCLE('',#7999,0.000984251968504);
#8001=EDGE_CURVE('',#7993,#7995,#8000,.T.);
#8002=ORIENTED_EDGE('',*,*,#8001,.T.);
#8003=CARTESIAN_POINT('',(0.056102362204724,-0.038740157480315,-0.00511811023622));
#8004=VERTEX_POINT('',#8003);
#8005=CARTESIAN_POINT('',(0.106299212598425,-0.038740157480316,-0.00511811023622));
#8006=DIRECTION('',(-1.0,0.0,0.0));
#8007=VECTOR('',#8006,0.050196850393701);
#8008=LINE('',#8005,#8007);
#8009=EDGE_CURVE('',#7995,#8004,#8008,.T.);
#8010=ORIENTED_EDGE('',*,*,#8009,.T.);
#8011=CARTESIAN_POINT('',(0.05511811023622,-0.039724409448819,-0.006102362027985));
#8012=VERTEX_POINT('',#8011);
#8013=CARTESIAN_POINT('',(0.056102362204724,-0.038740157480315,-0.006102362204724));
#8014=DIRECTION('',(0.70710678118654,-0.707106781186555,7.850462E-015));
#8015=DIRECTION('',(0.707106781186555,0.70710678118654,-7.850462E-015));
#8016=AXIS2_PLACEMENT_3D('',#8013,#8014,#8015);
#8017=ELLIPSE('',#8016,0.001391942482651,0.000984251968504);
#8018=EDGE_CURVE('',#8004,#8012,#8017,.T.);
#8019=ORIENTED_EDGE('',*,*,#8018,.T.);
#8020=CARTESIAN_POINT('',(0.05511811023622,-0.039724409448819,-0.006102362204724));
#8021=DIRECTION('',(1.0,0.0,0.0));
#8022=VECTOR('',#8021,0.051181102362204);
#8023=LINE('',#8020,#8022);
#8024=EDGE_CURVE('',#8012,#7993,#8023,.T.);
#8025=ORIENTED_EDGE('',*,*,#8024,.T.);
#8026=EDGE_LOOP('',(#8002,#8010,#8019,#8025));
#8027=FACE_OUTER_BOUND('',#8026,.T.);
#8028=ADVANCED_FACE('',(#8027),#7991,.T.);
#8029=CARTESIAN_POINT('',(0.056102362204725,-0.044055118110236,-0.006102362204724));
#8030=DIRECTION('',(0.0,1.0,0.0));
#8031=DIRECTION('',(0.707106781186906,0.0,-0.707106781186189));
#8032=AXIS2_PLACEMENT_3D('',#8029,#8030,#8031);
#8033=CYLINDRICAL_SURFACE('',#8032,0.000984251968504);
#8034=CARTESIAN_POINT('',(0.056102362204725,0.045905511811023,-0.00511811023622));
#8035=VERTEX_POINT('',#8034);
#8036=CARTESIAN_POINT('',(0.056102362204724,-0.038740157480315,-0.00511811023622));
#8037=DIRECTION('',(0.0,1.0,0.0));
#8038=VECTOR('',#8037,0.084645669291338);
#8039=LINE('',#8036,#8038);
#8040=EDGE_CURVE('',#8004,#8035,#8039,.T.);
#8041=ORIENTED_EDGE('',*,*,#8040,.T.);
#8042=CARTESIAN_POINT('',(0.055118110236221,0.046889763779527,-0.006102362027832));
#8043=VERTEX_POINT('',#8042);
#8044=CARTESIAN_POINT('',(0.056102362204725,0.045905511811023,-0.006102362204724));
#8045=DIRECTION('',(-0.707106781186559,-0.707106781186536,1.026342E-048));
#8046=DIRECTION('',(0.707106781186536,-0.707106781186559,3.359660E-033));
#8047=AXIS2_PLACEMENT_3D('',#8044,#8045,#8046);
#8048=ELLIPSE('',#8047,0.001391942482651,0.000984251968504);
#8049=EDGE_CURVE('',#8035,#8043,#8048,.T.);
#8050=ORIENTED_EDGE('',*,*,#8049,.T.);
#8051=CARTESIAN_POINT('',(0.055118110236221,0.046889763779527,-0.006102362204724));
#8052=DIRECTION('',(0.0,-1.0,0.0));
#8053=VECTOR('',#8052,0.086614173228346);
#8054=LINE('',#8051,#8053);
#8055=EDGE_CURVE('',#8043,#8012,#8054,.T.);
#8056=ORIENTED_EDGE('',*,*,#8055,.T.);
#8057=ORIENTED_EDGE('',*,*,#8018,.F.);
#8058=EDGE_LOOP('',(#8041,#8050,#8056,#8057));
#8059=FACE_OUTER_BOUND('',#8058,.T.);
#8060=ADVANCED_FACE('',(#8059),#8033,.T.);
#8061=CARTESIAN_POINT('',(0.052559055118111,0.045905511811023,-0.006102362204724));
#8062=DIRECTION('',(1.0,0.0,0.0));
#8063=DIRECTION('',(0.0,-0.707106758553062,-0.707106803820032));
#8064=AXIS2_PLACEMENT_3D('',#8061,#8062,#8063);
#8065=CYLINDRICAL_SURFACE('',#8064,0.000984251968504);
#8066=CARTESIAN_POINT('',(0.106299212598425,0.045905511811023,-0.00511811023622));
#8067=VERTEX_POINT('',#8066);
#8068=CARTESIAN_POINT('',(0.056102362204725,0.045905511811023,-0.00511811023622));
#8069=DIRECTION('',(1.0,0.0,0.0));
#8070=VECTOR('',#8069,0.0501968503937);
#8071=LINE('',#8068,#8070);
#8072=EDGE_CURVE('',#8035,#8067,#8071,.T.);
#8073=ORIENTED_EDGE('',*,*,#8072,.T.);
#8074=CARTESIAN_POINT('',(0.106299212598425,0.046889763779527,-0.006102362204724));
#8075=VERTEX_POINT('',#8074);
#8076=CARTESIAN_POINT('',(0.106299212598425,0.045905511811023,-0.006102362204724));
#8077=DIRECTION('',(-1.0,0.0,0.0));
#8078=DIRECTION('',(0.0,0.707106781186548,0.707106781186547));
#8079=AXIS2_PLACEMENT_3D('',#8076,#8077,#8078);
#8080=CIRCLE('',#8079,0.000984251968504);
#8081=EDGE_CURVE('',#8067,#8075,#8080,.T.);
#8082=ORIENTED_EDGE('',*,*,#8081,.T.);
#8083=CARTESIAN_POINT('',(0.106299212598425,0.046889763779527,-0.006102362204724));
#8084=DIRECTION('',(-1.0,0.0,0.0));
#8085=VECTOR('',#8084,0.051181102362204);
#8086=LINE('',#8083,#8085);
#8087=EDGE_CURVE('',#8075,#8043,#8086,.T.);
#8088=ORIENTED_EDGE('',*,*,#8087,.T.);
#8089=ORIENTED_EDGE('',*,*,#8049,.F.);
#8090=EDGE_LOOP('',(#8073,#8082,#8088,#8089));
#8091=FACE_OUTER_BOUND('',#8090,.T.);
#8092=ADVANCED_FACE('',(#8091),#8065,.T.);
#8093=CARTESIAN_POINT('',(0.05255905511811,-0.03972440944882,-0.006053149606299));
#8094=DIRECTION('',(0.0,-1.0,0.0));
#8095=DIRECTION('',(0.0,0.0,-1.0));
#8096=AXIS2_PLACEMENT_3D('',#8093,#8094,#8095);
#8097=PLANE('',#8096);
#8098=ORIENTED_EDGE('',*,*,#8024,.F.);
#8099=CARTESIAN_POINT('',(0.05511811023622,-0.039724409448819,-0.007086614173228));
#8100=VERTEX_POINT('',#8099);
#8101=CARTESIAN_POINT('',(0.05511811023622,-0.039724409448819,-0.007086614173228));
#8102=DIRECTION('',(0.0,0.0,1.0));
#8103=VECTOR('',#8102,0.000984252145243);
#8104=LINE('',#8101,#8103);
#8105=EDGE_CURVE('',#8100,#8012,#8104,.T.);
#8106=ORIENTED_EDGE('',*,*,#8105,.F.);
#8107=CARTESIAN_POINT('',(0.106299212598425,-0.03972440944882,-0.007086614173228));
#8108=VERTEX_POINT('',#8107);
#8109=CARTESIAN_POINT('',(0.106299212598425,-0.03972440944882,-0.007086614173228));
#8110=DIRECTION('',(-1.0,0.0,0.0));
#8111=VECTOR('',#8110,0.051181102362205);
#8112=LINE('',#8109,#8111);
#8113=EDGE_CURVE('',#8108,#8100,#8112,.T.);
#8114=ORIENTED_EDGE('',*,*,#8113,.F.);
#8115=CARTESIAN_POINT('',(0.106299212598425,-0.03972440944882,-0.006102362204724));
#8116=DIRECTION('',(-2.819966E-013,0.0,-1.0));
#8117=VECTOR('',#8116,0.000984251968504);
#8118=LINE('',#8115,#8117);
#8119=EDGE_CURVE('',#7993,#8108,#8118,.T.);
#8120=ORIENTED_EDGE('',*,*,#8119,.F.);
#8121=EDGE_LOOP('',(#8098,#8106,#8114,#8120));
#8122=FACE_OUTER_BOUND('',#8121,.T.);
#8123=ADVANCED_FACE('',(#8122),#8097,.T.);
#8124=CARTESIAN_POINT('',(0.05511811023622,-0.044055118110236,-0.007135826774804));
#8125=DIRECTION('',(-1.0,0.0,0.0));
#8126=DIRECTION('',(0.0,0.0,1.0));
#8127=AXIS2_PLACEMENT_3D('',#8124,#8125,#8126);
#8128=PLANE('',#8127);
#8129=ORIENTED_EDGE('',*,*,#8055,.F.);
#8130=CARTESIAN_POINT('',(0.055118110236221,0.046889763779527,-0.007086614173228));
#8131=VERTEX_POINT('',#8130);
#8132=CARTESIAN_POINT('',(0.055118110236221,0.046889763779527,-0.007086614173228));
#8133=DIRECTION('',(0.0,0.0,1.0));
#8134=VECTOR('',#8133,0.000984252145396);
#8135=LINE('',#8132,#8134);
#8136=EDGE_CURVE('',#8131,#8043,#8135,.T.);
#8137=ORIENTED_EDGE('',*,*,#8136,.F.);
#8138=CARTESIAN_POINT('',(0.05511811023622,-0.039724409448819,-0.007086614173228));
#8139=DIRECTION('',(0.0,1.0,0.0));
#8140=VECTOR('',#8139,0.086614173228346);
#8141=LINE('',#8138,#8140);
#8142=EDGE_CURVE('',#8100,#8131,#8141,.T.);
#8143=ORIENTED_EDGE('',*,*,#8142,.F.);
#8144=ORIENTED_EDGE('',*,*,#8105,.T.);
#8145=EDGE_LOOP('',(#8129,#8137,#8143,#8144));
#8146=FACE_OUTER_BOUND('',#8145,.T.);
#8147=ADVANCED_FACE('',(#8146),#8128,.T.);
#8148=CARTESIAN_POINT('',(0.052559055118111,0.046889763779527,-0.007135826774804));
#8149=DIRECTION('',(0.0,1.0,0.0));
#8150=DIRECTION('',(0.0,0.0,1.0));
#8151=AXIS2_PLACEMENT_3D('',#8148,#8149,#8150);
#8152=PLANE('',#8151);
#8153=ORIENTED_EDGE('',*,*,#8087,.F.);
#8154=CARTESIAN_POINT('',(0.106299212598426,0.046889763779527,-0.007086614173228));
#8155=VERTEX_POINT('',#8154);
#8156=CARTESIAN_POINT('',(0.106299212598426,0.046889763779527,-0.007086614173228));
#8157=DIRECTION('',(-5.075940E-013,1.409983E-014,1.0));
#8158=VECTOR('',#8157,0.000984251968504);
#8159=LINE('',#8156,#8158);
#8160=EDGE_CURVE('',#8155,#8075,#8159,.T.);
#8161=ORIENTED_EDGE('',*,*,#8160,.F.);
#8162=CARTESIAN_POINT('',(0.055118110236221,0.046889763779527,-0.007086614173228));
#8163=DIRECTION('',(1.0,0.0,0.0));
#8164=VECTOR('',#8163,0.051181102362205);
#8165=LINE('',#8162,#8164);
#8166=EDGE_CURVE('',#8131,#8155,#8165,.T.);
#8167=ORIENTED_EDGE('',*,*,#8166,.F.);
#8168=ORIENTED_EDGE('',*,*,#8136,.T.);
#8169=EDGE_LOOP('',(#8153,#8161,#8167,#8168));
#8170=FACE_OUTER_BOUND('',#8169,.T.);
#8171=ADVANCED_FACE('',(#8170),#8152,.T.);
#8172=CARTESIAN_POINT('',(-0.089566929133858,-0.028149606299213,-0.004133858267717));
#8173=DIRECTION('',(0.0,1.0,0.0));
#8174=DIRECTION('',(0.707106781186173,0.0,-0.707106781186923));
#8175=AXIS2_PLACEMENT_3D('',#8172,#8173,#8174);
#8176=CYLINDRICAL_SURFACE('',#8175,0.000984251968504);
#8177=CARTESIAN_POINT('',(-0.089566929133857,0.025590551181102,-0.003149606299213));
#8178=VERTEX_POINT('',#8177);
#8179=CARTESIAN_POINT('',(-0.090551181102361,0.025590551181102,-0.004133858267717));
#8180=VERTEX_POINT('',#8179);
#8181=CARTESIAN_POINT('',(-0.089566929133857,0.025590551181102,-0.004133858267717));
#8182=DIRECTION('',(0.0,-1.0,0.0));
#8183=DIRECTION('',(-0.707106781186548,0.0,0.707106781186547));
#8184=AXIS2_PLACEMENT_3D('',#8181,#8182,#8183);
#8185=CIRCLE('',#8184,0.000984251968504);
#8186=EDGE_CURVE('',#8178,#8180,#8185,.T.);
#8187=ORIENTED_EDGE('',*,*,#8186,.T.);
#8188=CARTESIAN_POINT('',(-0.090551181102362,-0.025590551181103,-0.004133858267717));
#8189=VERTEX_POINT('',#8188);
#8190=CARTESIAN_POINT('',(-0.090551181102361,0.025590551181102,-0.004133858267717));
#8191=DIRECTION('',(0.0,-1.0,0.0));
#8192=VECTOR('',#8191,0.051181102362205);
#8193=LINE('',#8190,#8192);
#8194=EDGE_CURVE('',#8180,#8189,#8193,.T.);
#8195=ORIENTED_EDGE('',*,*,#8194,.T.);
#8196=CARTESIAN_POINT('',(-0.089566929133858,-0.025590551181103,-0.003149606299213));
#8197=VERTEX_POINT('',#8196);
#8198=CARTESIAN_POINT('',(-0.089566929133858,-0.025590551181103,-0.004133858267717));
#8199=DIRECTION('',(0.0,1.0,0.0));
#8200=DIRECTION('',(-0.707106781186548,0.0,0.707106781186547));
#8201=AXIS2_PLACEMENT_3D('',#8198,#8199,#8200);
#8202=CIRCLE('',#8201,0.000984251968504);
#8203=EDGE_CURVE('',#8189,#8197,#8202,.T.);
#8204=ORIENTED_EDGE('',*,*,#8203,.T.);
#8205=CARTESIAN_POINT('',(-0.089566929133858,-0.025590551181103,-0.003149606299213));
#8206=DIRECTION('',(0.0,1.0,0.0));
#8207=VECTOR('',#8206,0.051181102362205);
#8208=LINE('',#8205,#8207);
#8209=EDGE_CURVE('',#8197,#8178,#8208,.T.);
#8210=ORIENTED_EDGE('',*,*,#8209,.T.);
#8211=EDGE_LOOP('',(#8187,#8195,#8204,#8210));
#8212=FACE_OUTER_BOUND('',#8211,.T.);
#8213=ADVANCED_FACE('',(#8212),#8176,.T.);
#8214=CARTESIAN_POINT('',(-0.091535433070866,-0.025590551181103,-0.003051181102363));
#8215=DIRECTION('',(0.0,-1.0,0.0));
#8216=DIRECTION('',(0.0,0.0,-1.0));
#8217=AXIS2_PLACEMENT_3D('',#8214,#8215,#8216);
#8218=PLANE('',#8217);
#8219=ORIENTED_EDGE('',*,*,#8203,.F.);
#8220=CARTESIAN_POINT('',(-0.090551181102362,-0.025590551181103,-0.00511811023622));
#8221=VERTEX_POINT('',#8220);
#8222=CARTESIAN_POINT('',(-0.090551181102362,-0.025590551181103,-0.00511811023622));
#8223=DIRECTION('',(0.0,0.0,1.0));
#8224=VECTOR('',#8223,0.000984251968503);
#8225=LINE('',#8222,#8224);
#8226=EDGE_CURVE('',#8221,#8189,#8225,.T.);
#8227=ORIENTED_EDGE('',*,*,#8226,.F.);
#8228=CARTESIAN_POINT('',(-0.070866141732282,-0.025590551181103,-0.00511811023622));
#8229=VERTEX_POINT('',#8228);
#8230=CARTESIAN_POINT('',(-0.070866141732282,-0.025590551181103,-0.00511811023622));
#8231=DIRECTION('',(-1.0,0.0,0.0));
#8232=VECTOR('',#8231,0.01968503937008);
#8233=LINE('',#8230,#8232);
#8234=EDGE_CURVE('',#8229,#8221,#8233,.T.);
#8235=ORIENTED_EDGE('',*,*,#8234,.F.);
#8236=CARTESIAN_POINT('',(-0.070866141732282,-0.025590551181103,-0.003149606299213));
#8237=VERTEX_POINT('',#8236);
#8238=CARTESIAN_POINT('',(-0.070866141732282,-0.025590551181103,-0.00511811023622));
#8239=DIRECTION('',(0.0,0.0,1.0));
#8240=VECTOR('',#8239,0.001968503937007);
#8241=LINE('',#8238,#8240);
#8242=EDGE_CURVE('',#8229,#8237,#8241,.T.);
#8243=ORIENTED_EDGE('',*,*,#8242,.T.);
#8244=CARTESIAN_POINT('',(-0.070866141732282,-0.025590551181103,-0.003149606299213));
#8245=DIRECTION('',(-1.0,0.0,0.0));
#8246=VECTOR('',#8245,0.018700787401576);
#8247=LINE('',#8244,#8246);
#8248=EDGE_CURVE('',#8237,#8197,#8247,.T.);
#8249=ORIENTED_EDGE('',*,*,#8248,.T.);
#8250=EDGE_LOOP('',(#8219,#8227,#8235,#8243,#8249));
#8251=FACE_OUTER_BOUND('',#8250,.T.);
#8252=ADVANCED_FACE('',(#8251),#8218,.T.);
#8253=CARTESIAN_POINT('',(-0.090551181102362,-0.028149606299213,-0.005167322834645));
#8254=DIRECTION('',(-1.0,0.0,0.0));
#8255=DIRECTION('',(0.0,0.0,1.0));
#8256=AXIS2_PLACEMENT_3D('',#8253,#8254,#8255);
#8257=PLANE('',#8256);
#8258=ORIENTED_EDGE('',*,*,#8194,.F.);
#8259=CARTESIAN_POINT('',(-0.090551181102361,0.025590551181102,-0.00511811023622));
#8260=VERTEX_POINT('',#8259);
#8261=CARTESIAN_POINT('',(-0.090551181102361,0.025590551181102,-0.00511811023622));
#8262=DIRECTION('',(0.0,0.0,1.0));
#8263=VECTOR('',#8262,0.000984251968503);
#8264=LINE('',#8261,#8263);
#8265=EDGE_CURVE('',#8260,#8180,#8264,.T.);
#8266=ORIENTED_EDGE('',*,*,#8265,.F.);
#8267=CARTESIAN_POINT('',(-0.090551181102362,-0.025590551181103,-0.00511811023622));
#8268=DIRECTION('',(0.0,1.0,0.0));
#8269=VECTOR('',#8268,0.051181102362205);
#8270=LINE('',#8267,#8269);
#8271=EDGE_CURVE('',#8221,#8260,#8270,.T.);
#8272=ORIENTED_EDGE('',*,*,#8271,.F.);
#8273=ORIENTED_EDGE('',*,*,#8226,.T.);
#8274=EDGE_LOOP('',(#8258,#8266,#8272,#8273));
#8275=FACE_OUTER_BOUND('',#8274,.T.);
#8276=ADVANCED_FACE('',(#8275),#8257,.T.);
#8277=CARTESIAN_POINT('',(0.0,-2.185478E-017,-0.00521653543307));
#8278=DIRECTION('',(0.0,0.0,1.0));
#8279=DIRECTION('',(1.0,0.0,0.0));
#8280=AXIS2_PLACEMENT_3D('',#8277,#8278,#8279);
#8281=CYLINDRICAL_SURFACE('',#8280,0.019685039370079);
#8282=CARTESIAN_POINT('',(0.019685039370079,-2.908695E-017,-0.00511811023622));
#8283=VERTEX_POINT('',#8282);
#8284=CARTESIAN_POINT('',(0.0,-2.185478E-017,-0.00511811023622));
#8285=DIRECTION('',(0.0,0.0,-1.0));
#8286=DIRECTION('',(-1.0,0.0,0.0));
#8287=AXIS2_PLACEMENT_3D('',#8284,#8285,#8286);
#8288=CIRCLE('',#8287,0.019685039370079);
#8289=EDGE_CURVE('',#8283,#8283,#8288,.T.);
#8290=ORIENTED_EDGE('',*,*,#8289,.F.);
#8291=EDGE_LOOP('',(#8290));
#8292=FACE_OUTER_BOUND('',#8291,.T.);
#8293=CARTESIAN_POINT('',(0.019685039370079,-2.908695E-017,-0.003149606299213));
#8294=VERTEX_POINT('',#8293);
#8295=CARTESIAN_POINT('',(0.0,-2.185478E-017,-0.003149606299213));
#8296=DIRECTION('',(0.0,0.0,-1.0));
#8297=DIRECTION('',(-1.0,0.0,0.0));
#8298=AXIS2_PLACEMENT_3D('',#8295,#8296,#8297);
#8299=CIRCLE('',#8298,0.019685039370079);
#8300=EDGE_CURVE('',#8294,#8294,#8299,.T.);
#8301=ORIENTED_EDGE('',*,*,#8300,.T.);
#8302=EDGE_LOOP('',(#8301));
#8303=FACE_BOUND('',#8302,.T.);
#8304=ADVANCED_FACE('',(#8292,#8303),#8281,.T.);
#8305=CARTESIAN_POINT('',(0.021653543307087,-0.021653543307087,-0.003149606299213));
#8306=DIRECTION('',(0.0,0.0,-1.0));
#8307=DIRECTION('',(-1.0,0.0,0.0));
#8308=AXIS2_PLACEMENT_3D('',#8305,#8306,#8307);
#8309=PLANE('',#8308);
#8310=ORIENTED_EDGE('',*,*,#8300,.F.);
#8311=EDGE_LOOP('',(#8310));
#8312=FACE_OUTER_BOUND('',#8311,.T.);
#8313=ADVANCED_FACE('',(#8312),#8309,.F.);
#8314=CARTESIAN_POINT('',(0.070866141732282,-0.028149606299213,-0.00521653543307));
#8315=DIRECTION('',(-1.0,0.0,0.0));
#8316=DIRECTION('',(0.0,0.0,1.0));
#8317=AXIS2_PLACEMENT_3D('',#8314,#8315,#8316);
#8318=PLANE('',#8317);
#8319=CARTESIAN_POINT('',(0.070866141732282,-0.025590551181103,-0.003149606299213));
#8320=VERTEX_POINT('',#8319);
#8321=CARTESIAN_POINT('',(0.070866141732282,0.025590551181102,-0.003149606299213));
#8322=VERTEX_POINT('',#8321);
#8323=CARTESIAN_POINT('',(0.070866141732282,-0.025590551181103,-0.003149606299213));
#8324=DIRECTION('',(0.0,1.0,0.0));
#8325=VECTOR('',#8324,0.051181102362205);
#8326=LINE('',#8323,#8325);
#8327=EDGE_CURVE('',#8320,#8322,#8326,.T.);
#8328=ORIENTED_EDGE('',*,*,#8327,.T.);
#8329=CARTESIAN_POINT('',(0.070866141732282,0.025590551181102,-0.00511811023622));
#8330=VERTEX_POINT('',#8329);
#8331=CARTESIAN_POINT('',(0.070866141732282,0.025590551181102,-0.00511811023622));
#8332=DIRECTION('',(0.0,0.0,1.0));
#8333=VECTOR('',#8332,0.001968503937007);
#8334=LINE('',#8331,#8333);
#8335=EDGE_CURVE('',#8330,#8322,#8334,.T.);
#8336=ORIENTED_EDGE('',*,*,#8335,.F.);
#8337=CARTESIAN_POINT('',(0.070866141732282,-0.025590551181103,-0.00511811023622));
#8338=VERTEX_POINT('',#8337);
#8339=CARTESIAN_POINT('',(0.070866141732282,-0.025590551181103,-0.00511811023622));
#8340=DIRECTION('',(0.0,1.0,0.0));
#8341=VECTOR('',#8340,0.051181102362205);
#8342=LINE('',#8339,#8341);
#8343=EDGE_CURVE('',#8338,#8330,#8342,.T.);
#8344=ORIENTED_EDGE('',*,*,#8343,.F.);
#8345=CARTESIAN_POINT('',(0.070866141732282,-0.025590551181103,-0.00511811023622));
#8346=DIRECTION('',(0.0,0.0,1.0));
#8347=VECTOR('',#8346,0.001968503937007);
#8348=LINE('',#8345,#8347);
#8349=EDGE_CURVE('',#8338,#8320,#8348,.T.);
#8350=ORIENTED_EDGE('',*,*,#8349,.T.);
#8351=EDGE_LOOP('',(#8328,#8336,#8344,#8350));
#8352=FACE_OUTER_BOUND('',#8351,.T.);
#8353=ADVANCED_FACE('',(#8352),#8318,.T.);
#8354=CARTESIAN_POINT('',(0.069881889763778,0.025590551181102,-0.00521653543307));
#8355=DIRECTION('',(0.0,1.0,0.0));
#8356=DIRECTION('',(0.0,0.0,1.0));
#8357=AXIS2_PLACEMENT_3D('',#8354,#8355,#8356);
#8358=PLANE('',#8357);
#8359=CARTESIAN_POINT('',(0.090551181102362,0.025590551181101,-0.003149606299213));
#8360=VERTEX_POINT('',#8359);
#8361=CARTESIAN_POINT('',(0.070866141732282,0.025590551181102,-0.003149606299213));
#8362=DIRECTION('',(1.0,0.0,0.0));
#8363=VECTOR('',#8362,0.01968503937008);
#8364=LINE('',#8361,#8363);
#8365=EDGE_CURVE('',#8322,#8360,#8364,.T.);
#8366=ORIENTED_EDGE('',*,*,#8365,.T.);
#8367=CARTESIAN_POINT('',(0.090551181102362,0.025590551181101,-0.00511811023622));
#8368=VERTEX_POINT('',#8367);
#8369=CARTESIAN_POINT('',(0.090551181102362,0.025590551181101,-0.00511811023622));
#8370=DIRECTION('',(0.0,0.0,1.0));
#8371=VECTOR('',#8370,0.001968503937007);
#8372=LINE('',#8369,#8371);
#8373=EDGE_CURVE('',#8368,#8360,#8372,.T.);
#8374=ORIENTED_EDGE('',*,*,#8373,.F.);
#8375=CARTESIAN_POINT('',(0.070866141732282,0.025590551181102,-0.00511811023622));
#8376=DIRECTION('',(1.0,0.0,0.0));
#8377=VECTOR('',#8376,0.01968503937008);
#8378=LINE('',#8375,#8377);
#8379=EDGE_CURVE('',#8330,#8368,#8378,.T.);
#8380=ORIENTED_EDGE('',*,*,#8379,.F.);
#8381=ORIENTED_EDGE('',*,*,#8335,.T.);
#8382=EDGE_LOOP('',(#8366,#8374,#8380,#8381));
#8383=FACE_OUTER_BOUND('',#8382,.T.);
#8384=ADVANCED_FACE('',(#8383),#8358,.T.);
#8385=CARTESIAN_POINT('',(0.090551181102362,-0.028149606299213,-0.003051181102363));
#8386=DIRECTION('',(1.0,0.0,0.0));
#8387=DIRECTION('',(0.0,0.0,-1.0));
#8388=AXIS2_PLACEMENT_3D('',#8385,#8386,#8387);
#8389=PLANE('',#8388);
#8390=CARTESIAN_POINT('',(0.090551181102361,-0.025590551181103,-0.003149606299213));
#8391=VERTEX_POINT('',#8390);
#8392=CARTESIAN_POINT('',(0.090551181102362,0.025590551181101,-0.003149606299213));
#8393=DIRECTION('',(0.0,-1.0,0.0));
#8394=VECTOR('',#8393,0.051181102362204);
#8395=LINE('',#8392,#8394);
#8396=EDGE_CURVE('',#8360,#8391,#8395,.T.);
#8397=ORIENTED_EDGE('',*,*,#8396,.T.);
#8398=CARTESIAN_POINT('',(0.090551181102361,-0.025590551181103,-0.00511811023622));
#8399=VERTEX_POINT('',#8398);
#8400=CARTESIAN_POINT('',(0.090551181102361,-0.025590551181103,-0.00511811023622));
#8401=DIRECTION('',(0.0,0.0,1.0));
#8402=VECTOR('',#8401,0.001968503937007);
#8403=LINE('',#8400,#8402);
#8404=EDGE_CURVE('',#8399,#8391,#8403,.T.);
#8405=ORIENTED_EDGE('',*,*,#8404,.F.);
#8406=CARTESIAN_POINT('',(0.090551181102362,0.025590551181101,-0.00511811023622));
#8407=DIRECTION('',(0.0,-1.0,0.0));
#8408=VECTOR('',#8407,0.051181102362204);
#8409=LINE('',#8406,#8408);
#8410=EDGE_CURVE('',#8368,#8399,#8409,.T.);
#8411=ORIENTED_EDGE('',*,*,#8410,.F.);
#8412=ORIENTED_EDGE('',*,*,#8373,.T.);
#8413=EDGE_LOOP('',(#8397,#8405,#8411,#8412));
#8414=FACE_OUTER_BOUND('',#8413,.T.);
#8415=ADVANCED_FACE('',(#8414),#8389,.T.);
#8416=CARTESIAN_POINT('',(0.069881889763778,-0.025590551181103,-0.003051181102363));
#8417=DIRECTION('',(0.0,-1.0,0.0));
#8418=DIRECTION('',(0.0,0.0,-1.0));
#8419=AXIS2_PLACEMENT_3D('',#8416,#8417,#8418);
#8420=PLANE('',#8419);
#8421=CARTESIAN_POINT('',(0.090551181102361,-0.025590551181103,-0.003149606299213));
#8422=DIRECTION('',(-1.0,0.0,0.0));
#8423=VECTOR('',#8422,0.019685039370079);
#8424=LINE('',#8421,#8423);
#8425=EDGE_CURVE('',#8391,#8320,#8424,.T.);
#8426=ORIENTED_EDGE('',*,*,#8425,.T.);
#8427=ORIENTED_EDGE('',*,*,#8349,.F.);
#8428=CARTESIAN_POINT('',(0.090551181102361,-0.025590551181103,-0.00511811023622));
#8429=DIRECTION('',(-1.0,0.0,0.0));
#8430=VECTOR('',#8429,0.019685039370079);
#8431=LINE('',#8428,#8430);
#8432=EDGE_CURVE('',#8399,#8338,#8431,.T.);
#8433=ORIENTED_EDGE('',*,*,#8432,.F.);
#8434=ORIENTED_EDGE('',*,*,#8404,.T.);
#8435=EDGE_LOOP('',(#8426,#8427,#8433,#8434));
#8436=FACE_OUTER_BOUND('',#8435,.T.);
#8437=ADVANCED_FACE('',(#8436),#8420,.T.);
#8438=CARTESIAN_POINT('',(0.069881889763778,-0.028149606299213,-0.003149606299213));
#8439=DIRECTION('',(0.0,0.0,1.0));
#8440=DIRECTION('',(1.0,0.0,0.0));
#8441=AXIS2_PLACEMENT_3D('',#8438,#8439,#8440);
#8442=PLANE('',#8441);
#8443=ORIENTED_EDGE('',*,*,#8327,.F.);
#8444=ORIENTED_EDGE('',*,*,#8425,.F.);
#8445=ORIENTED_EDGE('',*,*,#8396,.F.);
#8446=ORIENTED_EDGE('',*,*,#8365,.F.);
#8447=EDGE_LOOP('',(#8443,#8444,#8445,#8446));
#8448=FACE_OUTER_BOUND('',#8447,.T.);
#8449=ADVANCED_FACE('',(#8448),#8442,.T.);
#8450=CARTESIAN_POINT('',(-0.091535433070865,0.025590551181102,-0.00521653543307));
#8451=DIRECTION('',(0.0,1.0,0.0));
#8452=DIRECTION('',(0.0,0.0,1.0));
#8453=AXIS2_PLACEMENT_3D('',#8450,#8451,#8452);
#8454=PLANE('',#8453);
#8455=ORIENTED_EDGE('',*,*,#8186,.F.);
#8456=CARTESIAN_POINT('',(-0.070866141732282,0.025590551181102,-0.003149606299213));
#8457=VERTEX_POINT('',#8456);
#8458=CARTESIAN_POINT('',(-0.089566929133857,0.025590551181102,-0.003149606299213));
#8459=DIRECTION('',(1.0,0.0,0.0));
#8460=VECTOR('',#8459,0.018700787401575);
#8461=LINE('',#8458,#8460);
#8462=EDGE_CURVE('',#8178,#8457,#8461,.T.);
#8463=ORIENTED_EDGE('',*,*,#8462,.T.);
#8464=CARTESIAN_POINT('',(-0.070866141732282,0.025590551181102,-0.00511811023622));
#8465=VERTEX_POINT('',#8464);
#8466=CARTESIAN_POINT('',(-0.070866141732282,0.025590551181102,-0.00511811023622));
#8467=DIRECTION('',(0.0,0.0,1.0));
#8468=VECTOR('',#8467,0.001968503937007);
#8469=LINE('',#8466,#8468);
#8470=EDGE_CURVE('',#8465,#8457,#8469,.T.);
#8471=ORIENTED_EDGE('',*,*,#8470,.F.);
#8472=CARTESIAN_POINT('',(-0.090551181102361,0.025590551181102,-0.00511811023622));
#8473=DIRECTION('',(1.0,0.0,0.0));
#8474=VECTOR('',#8473,0.019685039370079);
#8475=LINE('',#8472,#8474);
#8476=EDGE_CURVE('',#8260,#8465,#8475,.T.);
#8477=ORIENTED_EDGE('',*,*,#8476,.F.);
#8478=ORIENTED_EDGE('',*,*,#8265,.T.);
#8479=EDGE_LOOP('',(#8455,#8463,#8471,#8477,#8478));
#8480=FACE_OUTER_BOUND('',#8479,.T.);
#8481=ADVANCED_FACE('',(#8480),#8454,.T.);
#8482=CARTESIAN_POINT('',(-0.070866141732282,-0.028149606299213,-0.003051181102363));
#8483=DIRECTION('',(1.0,0.0,0.0));
#8484=DIRECTION('',(0.0,0.0,-1.0));
#8485=AXIS2_PLACEMENT_3D('',#8482,#8483,#8484);
#8486=PLANE('',#8485);
#8487=CARTESIAN_POINT('',(-0.070866141732282,0.025590551181102,-0.003149606299213));
#8488=DIRECTION('',(0.0,-1.0,0.0));
#8489=VECTOR('',#8488,0.051181102362205);
#8490=LINE('',#8487,#8489);
#8491=EDGE_CURVE('',#8457,#8237,#8490,.T.);
#8492=ORIENTED_EDGE('',*,*,#8491,.T.);
#8493=ORIENTED_EDGE('',*,*,#8242,.F.);
#8494=CARTESIAN_POINT('',(-0.070866141732282,0.025590551181102,-0.00511811023622));
#8495=DIRECTION('',(0.0,-1.0,0.0));
#8496=VECTOR('',#8495,0.051181102362205);
#8497=LINE('',#8494,#8496);
#8498=EDGE_CURVE('',#8465,#8229,#8497,.T.);
#8499=ORIENTED_EDGE('',*,*,#8498,.F.);
#8500=ORIENTED_EDGE('',*,*,#8470,.T.);
#8501=EDGE_LOOP('',(#8492,#8493,#8499,#8500));
#8502=FACE_OUTER_BOUND('',#8501,.T.);
#8503=ADVANCED_FACE('',(#8502),#8486,.T.);
#8504=CARTESIAN_POINT('',(-0.090501968503937,-0.028149606299213,-0.003149606299213));
#8505=DIRECTION('',(0.0,0.0,1.0));
#8506=DIRECTION('',(1.0,0.0,0.0));
#8507=AXIS2_PLACEMENT_3D('',#8504,#8505,#8506);
#8508=PLANE('',#8507);
#8509=ORIENTED_EDGE('',*,*,#8209,.F.);
#8510=ORIENTED_EDGE('',*,*,#8248,.F.);
#8511=ORIENTED_EDGE('',*,*,#8491,.F.);
#8512=ORIENTED_EDGE('',*,*,#8462,.F.);
#8513=EDGE_LOOP('',(#8509,#8510,#8511,#8512));
#8514=FACE_OUTER_BOUND('',#8513,.T.);
#8515=ADVANCED_FACE('',(#8514),#8508,.T.);
#8516=CARTESIAN_POINT('',(0.053592519685039,-0.042972440944883,-0.00511811023622));
#8517=DIRECTION('',(0.0,0.0,1.0));
#8518=DIRECTION('',(1.0,0.0,0.0));
#8519=AXIS2_PLACEMENT_3D('',#8516,#8517,#8518);
#8520=PLANE('',#8519);
#8521=ORIENTED_EDGE('',*,*,#8009,.F.);
#8522=CARTESIAN_POINT('',(0.106299212598425,0.045905511811023,-0.00511811023622));
#8523=DIRECTION('',(0.0,-1.0,0.0));
#8524=VECTOR('',#8523,0.084645669291339);
#8525=LINE('',#8522,#8524);
#8526=EDGE_CURVE('',#8067,#7995,#8525,.T.);
#8527=ORIENTED_EDGE('',*,*,#8526,.F.);
#8528=ORIENTED_EDGE('',*,*,#8072,.F.);
#8529=ORIENTED_EDGE('',*,*,#8040,.F.);
#8530=EDGE_LOOP('',(#8521,#8527,#8528,#8529));
#8531=FACE_OUTER_BOUND('',#8530,.T.);
#8532=ORIENTED_EDGE('',*,*,#8343,.T.);
#8533=ORIENTED_EDGE('',*,*,#8379,.T.);
#8534=ORIENTED_EDGE('',*,*,#8410,.T.);
#8535=ORIENTED_EDGE('',*,*,#8432,.T.);
#8536=EDGE_LOOP('',(#8532,#8533,#8534,#8535));
#8537=FACE_BOUND('',#8536,.T.);
#8538=ADVANCED_FACE('',(#8531,#8537),#8520,.T.);
#8539=CARTESIAN_POINT('',(3.278218E-017,0.0,-0.007185039370078));
#8540=DIRECTION('',(0.0,0.0,1.0));
#8541=DIRECTION('',(-0.999916914494198,-0.012890465794616,0.0));
#8542=AXIS2_PLACEMENT_3D('',#8539,#8540,#8541);
#8543=CYLINDRICAL_SURFACE('',#8542,0.039370078740157);
#8544=CARTESIAN_POINT('',(0.010107992348645,-0.038050382267277,-0.00511811023622));
#8545=VERTEX_POINT('',#8544);
#8546=CARTESIAN_POINT('',(3.278218E-017,0.0,-0.00511811023622));
#8547=DIRECTION('',(0.0,0.0,-1.0));
#8548=DIRECTION('',(0.256743005655594,-0.966479709588842,0.0));
#8549=AXIS2_PLACEMENT_3D('',#8546,#8547,#8548);
#8550=CIRCLE('',#8549,0.039370078740157);
#8551=EDGE_CURVE('',#7876,#8545,#8550,.T.);
#8552=ORIENTED_EDGE('',*,*,#8551,.T.);
#8553=CARTESIAN_POINT('',(0.010107992348645,-0.038050382267277,-0.007086614173228));
#8554=VERTEX_POINT('',#8553);
#8555=CARTESIAN_POINT('',(0.010107992348645,-0.038050382267277,-0.007086614173228));
#8556=DIRECTION('',(0.0,0.0,1.0));
#8557=VECTOR('',#8556,0.001968503937008);
#8558=LINE('',#8555,#8557);
#8559=EDGE_CURVE('',#8554,#8545,#8558,.T.);
#8560=ORIENTED_EDGE('',*,*,#8559,.F.);
#8561=CARTESIAN_POINT('',(3.278218E-017,0.0,-0.007086614173228));
#8562=DIRECTION('',(0.0,0.0,-1.0));
#8563=DIRECTION('',(0.256743005655594,-0.966479709588842,0.0));
#8564=AXIS2_PLACEMENT_3D('',#8561,#8562,#8563);
#8565=CIRCLE('',#8564,0.039370078740157);
#8566=EDGE_CURVE('',#7970,#8554,#8565,.T.);
#8567=ORIENTED_EDGE('',*,*,#8566,.F.);
#8568=ORIENTED_EDGE('',*,*,#7975,.T.);
#8569=ORIENTED_EDGE('',*,*,#7890,.F.);
#8570=EDGE_LOOP('',(#8552,#8560,#8567,#8568,#8569));
#8571=FACE_OUTER_BOUND('',#8570,.T.);
#8572=ADVANCED_FACE('',(#8571),#8543,.T.);
#8573=CARTESIAN_POINT('',(0.010107992348645,-0.049357323406321,-0.00501968503937));
#8574=DIRECTION('',(1.0,0.0,0.0));
#8575=DIRECTION('',(0.0,0.0,-1.0));
#8576=AXIS2_PLACEMENT_3D('',#8573,#8574,#8575);
#8577=PLANE('',#8576);
#8578=CARTESIAN_POINT('',(0.010107992348645,-0.048818897637795,-0.00511811023622));
#8579=VERTEX_POINT('',#8578);
#8580=CARTESIAN_POINT('',(0.010107992348645,-0.038050382267277,-0.00511811023622));
#8581=DIRECTION('',(0.0,-1.0,0.0));
#8582=VECTOR('',#8581,0.010768515370518);
#8583=LINE('',#8580,#8582);
#8584=EDGE_CURVE('',#8545,#8579,#8583,.T.);
#8585=ORIENTED_EDGE('',*,*,#8584,.T.);
#8586=CARTESIAN_POINT('',(0.010107992348645,-0.048818897637795,-0.007086614173228));
#8587=VERTEX_POINT('',#8586);
#8588=CARTESIAN_POINT('',(0.010107992348645,-0.048818897637795,-0.007086614173228));
#8589=DIRECTION('',(0.0,0.0,1.0));
#8590=VECTOR('',#8589,0.001968503937008);
#8591=LINE('',#8588,#8590);
#8592=EDGE_CURVE('',#8587,#8579,#8591,.T.);
#8593=ORIENTED_EDGE('',*,*,#8592,.F.);
#8594=CARTESIAN_POINT('',(0.010107992348645,-0.038050382267277,-0.007086614173228));
#8595=DIRECTION('',(0.0,-1.0,0.0));
#8596=VECTOR('',#8595,0.010768515370518);
#8597=LINE('',#8594,#8596);
#8598=EDGE_CURVE('',#8554,#8587,#8597,.T.);
#8599=ORIENTED_EDGE('',*,*,#8598,.F.);
#8600=ORIENTED_EDGE('',*,*,#8559,.T.);
#8601=EDGE_LOOP('',(#8585,#8593,#8599,#8600));
#8602=FACE_OUTER_BOUND('',#8601,.T.);
#8603=ADVANCED_FACE('',(#8602),#8577,.T.);
#8604=CARTESIAN_POINT('',(-0.011118791583511,-0.048818897637796,-0.00501968503937));
#8605=DIRECTION('',(0.0,-1.0,0.0));
#8606=DIRECTION('',(0.0,0.0,-1.0));
#8607=AXIS2_PLACEMENT_3D('',#8604,#8605,#8606);
#8608=PLANE('',#8607);
#8609=CARTESIAN_POINT('',(-0.010107992348646,-0.048818897637795,-0.00511811023622));
#8610=VERTEX_POINT('',#8609);
#8611=CARTESIAN_POINT('',(0.010107992348645,-0.048818897637795,-0.00511811023622));
#8612=DIRECTION('',(-1.0,0.0,0.0));
#8613=VECTOR('',#8612,0.020215984697291);
#8614=LINE('',#8611,#8613);
#8615=EDGE_CURVE('',#8579,#8610,#8614,.T.);
#8616=ORIENTED_EDGE('',*,*,#8615,.T.);
#8617=CARTESIAN_POINT('',(-0.010107992348646,-0.048818897637795,-0.007086614173228));
#8618=VERTEX_POINT('',#8617);
#8619=CARTESIAN_POINT('',(-0.010107992348646,-0.048818897637795,-0.007086614173228));
#8620=DIRECTION('',(0.0,0.0,1.0));
#8621=VECTOR('',#8620,0.001968503937008);
#8622=LINE('',#8619,#8621);
#8623=EDGE_CURVE('',#8618,#8610,#8622,.T.);
#8624=ORIENTED_EDGE('',*,*,#8623,.F.);
#8625=CARTESIAN_POINT('',(0.010107992348645,-0.048818897637795,-0.007086614173228));
#8626=DIRECTION('',(-1.0,0.0,0.0));
#8627=VECTOR('',#8626,0.020215984697291);
#8628=LINE('',#8625,#8627);
#8629=EDGE_CURVE('',#8587,#8618,#8628,.T.);
#8630=ORIENTED_EDGE('',*,*,#8629,.F.);
#8631=ORIENTED_EDGE('',*,*,#8592,.T.);
#8632=EDGE_LOOP('',(#8616,#8624,#8630,#8631));
#8633=FACE_OUTER_BOUND('',#8632,.T.);
#8634=ADVANCED_FACE('',(#8633),#8608,.T.);
#8635=CARTESIAN_POINT('',(-0.010107992348646,-0.049357323406321,-0.007185039370078));
#8636=DIRECTION('',(-1.0,0.0,0.0));
#8637=DIRECTION('',(0.0,0.0,1.0));
#8638=AXIS2_PLACEMENT_3D('',#8635,#8636,#8637);
#8639=PLANE('',#8638);
#8640=CARTESIAN_POINT('',(-0.010107992348646,-0.038050382267277,-0.00511811023622));
#8641=VERTEX_POINT('',#8640);
#8642=CARTESIAN_POINT('',(-0.010107992348646,-0.048818897637795,-0.00511811023622));
#8643=DIRECTION('',(0.0,1.0,0.0));
#8644=VECTOR('',#8643,0.010768515370518);
#8645=LINE('',#8642,#8644);
#8646=EDGE_CURVE('',#8610,#8641,#8645,.T.);
#8647=ORIENTED_EDGE('',*,*,#8646,.T.);
#8648=CARTESIAN_POINT('',(-0.010107992348646,-0.038050382267277,-0.007086614173228));
#8649=VERTEX_POINT('',#8648);
#8650=CARTESIAN_POINT('',(-0.010107992348646,-0.038050382267277,-0.007086614173228));
#8651=DIRECTION('',(0.0,0.0,1.0));
#8652=VECTOR('',#8651,0.001968503937008);
#8653=LINE('',#8650,#8652);
#8654=EDGE_CURVE('',#8649,#8641,#8653,.T.);
#8655=ORIENTED_EDGE('',*,*,#8654,.F.);
#8656=CARTESIAN_POINT('',(-0.010107992348646,-0.048818897637795,-0.007086614173228));
#8657=DIRECTION('',(0.0,1.0,0.0));
#8658=VECTOR('',#8657,0.010768515370518);
#8659=LINE('',#8656,#8658);
#8660=EDGE_CURVE('',#8618,#8649,#8659,.T.);
#8661=ORIENTED_EDGE('',*,*,#8660,.F.);
#8662=ORIENTED_EDGE('',*,*,#8623,.T.);
#8663=EDGE_LOOP('',(#8647,#8655,#8661,#8662));
#8664=FACE_OUTER_BOUND('',#8663,.T.);
#8665=ADVANCED_FACE('',(#8664),#8639,.T.);
#8666=CARTESIAN_POINT('',(3.278218E-017,0.0,-0.007185039370078));
#8667=DIRECTION('',(0.0,0.0,1.0));
#8668=DIRECTION('',(0.999916914494198,-0.012890465794624,0.0));
#8669=AXIS2_PLACEMENT_3D('',#8666,#8667,#8668);
#8670=CYLINDRICAL_SURFACE('',#8669,0.039370078740157);
#8671=CARTESIAN_POINT('',(3.278218E-017,0.0,-0.00511811023622));
#8672=DIRECTION('',(0.0,0.0,-1.0));
#8673=DIRECTION('',(-0.256743005655603,0.966479709588839,0.0));
#8674=AXIS2_PLACEMENT_3D('',#8671,#8672,#8673);
#8675=CIRCLE('',#8674,0.039370078740157);
#8676=EDGE_CURVE('',#8641,#7798,#8675,.T.);
#8677=ORIENTED_EDGE('',*,*,#8676,.T.);
#8678=ORIENTED_EDGE('',*,*,#7810,.F.);
#8679=ORIENTED_EDGE('',*,*,#7934,.F.);
#8680=CARTESIAN_POINT('',(3.278218E-017,0.0,-0.007086614173228));
#8681=DIRECTION('',(0.0,0.0,-1.0));
#8682=DIRECTION('',(-0.256743005655603,0.966479709588839,0.0));
#8683=AXIS2_PLACEMENT_3D('',#8680,#8681,#8682);
#8684=CIRCLE('',#8683,0.039370078740157);
#8685=EDGE_CURVE('',#8649,#7923,#8684,.T.);
#8686=ORIENTED_EDGE('',*,*,#8685,.F.);
#8687=ORIENTED_EDGE('',*,*,#8654,.T.);
#8688=EDGE_LOOP('',(#8677,#8678,#8679,#8686,#8687));
#8689=FACE_OUTER_BOUND('',#8688,.T.);
#8690=ADVANCED_FACE('',(#8689),#8670,.T.);
#8691=CARTESIAN_POINT('',(-0.043303488422977,-0.053651574803149,-0.00511811023622));
#8692=DIRECTION('',(0.0,0.0,1.0));
#8693=DIRECTION('',(1.0,0.0,0.0));
#8694=AXIS2_PLACEMENT_3D('',#8691,#8692,#8693);
#8695=PLANE('',#8694);
#8696=ORIENTED_EDGE('',*,*,#8676,.F.);
#8697=ORIENTED_EDGE('',*,*,#8646,.F.);
#8698=ORIENTED_EDGE('',*,*,#8615,.F.);
#8699=ORIENTED_EDGE('',*,*,#8584,.F.);
#8700=ORIENTED_EDGE('',*,*,#8551,.F.);
#8701=ORIENTED_EDGE('',*,*,#7903,.F.);
#8702=ORIENTED_EDGE('',*,*,#7849,.F.);
#8703=ORIENTED_EDGE('',*,*,#7818,.F.);
#8704=EDGE_LOOP('',(#8696,#8697,#8698,#8699,#8700,#8701,#8702,#8703));
#8705=FACE_OUTER_BOUND('',#8704,.T.);
#8706=ORIENTED_EDGE('',*,*,#8289,.T.);
#8707=EDGE_LOOP('',(#8706));
#8708=FACE_BOUND('',#8707,.T.);
#8709=ADVANCED_FACE('',(#8705,#8708),#8695,.T.);
#8710=CARTESIAN_POINT('',(-0.10880905511811,-0.042972440944882,-0.00511811023622));
#8711=DIRECTION('',(0.0,0.0,1.0));
#8712=DIRECTION('',(1.0,0.0,0.0));
#8713=AXIS2_PLACEMENT_3D('',#8710,#8711,#8712);
#8714=PLANE('',#8713);
#8715=ORIENTED_EDGE('',*,*,#7627,.F.);
#8716=CARTESIAN_POINT('',(-0.106299212598425,-0.038740157480315,-0.00511811023622));
#8717=DIRECTION('',(0.0,1.0,0.0));
#8718=VECTOR('',#8717,0.084645669291339);
#8719=LINE('',#8716,#8718);
#8720=EDGE_CURVE('',#7685,#7613,#8719,.T.);
#8721=ORIENTED_EDGE('',*,*,#8720,.F.);
#8722=ORIENTED_EDGE('',*,*,#7690,.F.);
#8723=ORIENTED_EDGE('',*,*,#7658,.F.);
#8724=EDGE_LOOP('',(#8715,#8721,#8722,#8723));
#8725=FACE_OUTER_BOUND('',#8724,.T.);
#8726=ORIENTED_EDGE('',*,*,#8271,.T.);
#8727=ORIENTED_EDGE('',*,*,#8476,.T.);
#8728=ORIENTED_EDGE('',*,*,#8498,.T.);
#8729=ORIENTED_EDGE('',*,*,#8234,.T.);
#8730=EDGE_LOOP('',(#8726,#8727,#8728,#8729));
#8731=FACE_BOUND('',#8730,.T.);
#8732=ADVANCED_FACE('',(#8725,#8731),#8714,.T.);
#8733=CARTESIAN_POINT('',(0.106299212598425,-0.054566929133858,0.058641732283464));
#8734=DIRECTION('',(1.0,0.0,0.0));
#8735=DIRECTION('',(0.0,0.0,-1.0));
#8736=AXIS2_PLACEMENT_3D('',#8733,#8734,#8735);
#8737=PLANE('',#8736);
#8738=ORIENTED_EDGE('',*,*,#8160,.T.);
#8739=ORIENTED_EDGE('',*,*,#8081,.F.);
#8740=ORIENTED_EDGE('',*,*,#8526,.T.);
#8741=ORIENTED_EDGE('',*,*,#8001,.F.);
#8742=ORIENTED_EDGE('',*,*,#8119,.T.);
#8743=CARTESIAN_POINT('',(0.106299212598425,-0.049606299212598,-0.007086614173228));
#8744=VERTEX_POINT('',#8743);
#8745=CARTESIAN_POINT('',(0.106299212598425,-0.049606299212598,-0.007086614173228));
#8746=DIRECTION('',(0.0,1.0,0.0));
#8747=VECTOR('',#8746,0.009881889763778);
#8748=LINE('',#8745,#8747);
#8749=EDGE_CURVE('',#8744,#8108,#8748,.T.);
#8750=ORIENTED_EDGE('',*,*,#8749,.F.);
#8751=CARTESIAN_POINT('',(0.106299212598425,-0.049606299212598,-0.007086614173228));
#8752=DIRECTION('',(0.0,0.0,1.0));
#8753=VECTOR('',#8752,0.06259842519685);
#8754=LINE('',#8751,#8753);
#8755=EDGE_CURVE('',#8744,#7495,#8754,.T.);
#8756=ORIENTED_EDGE('',*,*,#8755,.T.);
#8757=ORIENTED_EDGE('',*,*,#7500,.F.);
#8758=CARTESIAN_POINT('',(0.106299212598425,0.049606299212598,-0.007086614173228));
#8759=VERTEX_POINT('',#8758);
#8760=CARTESIAN_POINT('',(0.106299212598425,0.049606299212598,0.055511811023622));
#8761=DIRECTION('',(0.0,0.0,-1.0));
#8762=VECTOR('',#8761,0.06259842519685);
#8763=LINE('',#8760,#8762);
#8764=EDGE_CURVE('',#7487,#8759,#8763,.T.);
#8765=ORIENTED_EDGE('',*,*,#8764,.T.);
#8766=CARTESIAN_POINT('',(0.106299212598425,0.046889763779527,-0.007086614173228));
#8767=DIRECTION('',(-1.788022E-013,1.0,0.0));
#8768=VECTOR('',#8767,0.002716535433071);
#8769=LINE('',#8766,#8768);
#8770=EDGE_CURVE('',#8155,#8759,#8769,.T.);
#8771=ORIENTED_EDGE('',*,*,#8770,.F.);
#8772=EDGE_LOOP('',(#8738,#8739,#8740,#8741,#8742,#8750,#8756,#8757,#8765,#8771));
#8773=FACE_OUTER_BOUND('',#8772,.T.);
#8774=ADVANCED_FACE('',(#8773),#8737,.F.);
#8775=CARTESIAN_POINT('',(0.088701009970852,-0.049606299212598,-0.01021653543307));
#8776=DIRECTION('',(0.0,1.0,0.0));
#8777=DIRECTION('',(0.0,0.0,1.0));
#8778=AXIS2_PLACEMENT_3D('',#8775,#8776,#8777);
#8779=PLANE('',#8778);
#8780=CARTESIAN_POINT('',(0.089539019619784,-0.049606299212598,-0.007086614173228));
#8781=VERTEX_POINT('',#8780);
#8782=CARTESIAN_POINT('',(0.089539019619784,-0.049606299212598,-0.007086614173228));
#8783=DIRECTION('',(1.0,0.0,0.0));
#8784=VECTOR('',#8783,0.016760192978641);
#8785=LINE('',#8782,#8784);
#8786=EDGE_CURVE('',#8781,#8744,#8785,.T.);
#8787=ORIENTED_EDGE('',*,*,#8786,.F.);
#8788=CARTESIAN_POINT('',(0.089539019619784,-0.049606299212598,0.055511811023622));
#8789=DIRECTION('',(0.0,0.0,-1.0));
#8790=VECTOR('',#8789,0.06259842519685);
#8791=LINE('',#8788,#8790);
#8792=EDGE_CURVE('',#7503,#8781,#8791,.T.);
#8793=ORIENTED_EDGE('',*,*,#8792,.F.);
#8794=ORIENTED_EDGE('',*,*,#7508,.F.);
#8795=ORIENTED_EDGE('',*,*,#8755,.F.);
#8796=EDGE_LOOP('',(#8787,#8793,#8794,#8795));
#8797=FACE_OUTER_BOUND('',#8796,.T.);
#8798=ADVANCED_FACE('',(#8797),#8779,.T.);
#8799=CARTESIAN_POINT('',(0.0,0.0,0.058641732283464));
#8800=DIRECTION('',(0.0,0.0,-1.0));
#8801=DIRECTION('',(-0.5,0.866025403784439,0.0));
#8802=AXIS2_PLACEMENT_3D('',#8799,#8800,#8801);
#8803=CYLINDRICAL_SURFACE('',#8802,0.102362204724409);
#8804=CARTESIAN_POINT('',(0.051181102362205,-0.088648269678722,-0.007086614173228));
#8805=VERTEX_POINT('',#8804);
#8806=CARTESIAN_POINT('',(0.0,0.0,-0.007086614173228));
#8807=DIRECTION('',(0.0,0.0,1.0));
#8808=DIRECTION('',(-0.5,0.866025403784439,0.0));
#8809=AXIS2_PLACEMENT_3D('',#8806,#8807,#8808);
#8810=CIRCLE('',#8809,0.102362204724409);
#8811=EDGE_CURVE('',#8805,#8781,#8810,.T.);
#8812=ORIENTED_EDGE('',*,*,#8811,.F.);
#8813=CARTESIAN_POINT('',(0.051181102362205,-0.088648269678722,0.055511811023622));
#8814=DIRECTION('',(0.0,0.0,-1.0));
#8815=VECTOR('',#8814,0.06259842519685);
#8816=LINE('',#8813,#8815);
#8817=EDGE_CURVE('',#7511,#8805,#8816,.T.);
#8818=ORIENTED_EDGE('',*,*,#8817,.F.);
#8819=ORIENTED_EDGE('',*,*,#7517,.F.);
#8820=ORIENTED_EDGE('',*,*,#8792,.T.);
#8821=EDGE_LOOP('',(#8812,#8818,#8819,#8820));
#8822=FACE_OUTER_BOUND('',#8821,.T.);
#8823=ADVANCED_FACE('',(#8822),#8803,.F.);
#8824=CARTESIAN_POINT('',(0.051181102362205,-0.10718175974441,-0.01021653543307));
#8825=DIRECTION('',(-1.0,0.0,0.0));
#8826=DIRECTION('',(0.0,0.0,1.0));
#8827=AXIS2_PLACEMENT_3D('',#8824,#8825,#8826);
#8828=PLANE('',#8827);
#8829=CARTESIAN_POINT('',(0.051181102362205,-0.106299212598425,-0.007086614173228));
#8830=VERTEX_POINT('',#8829);
#8831=CARTESIAN_POINT('',(0.051181102362205,-0.106299212598425,-0.007086614173228));
#8832=DIRECTION('',(0.0,1.0,0.0));
#8833=VECTOR('',#8832,0.017650942919703);
#8834=LINE('',#8831,#8833);
#8835=EDGE_CURVE('',#8830,#8805,#8834,.T.);
#8836=ORIENTED_EDGE('',*,*,#8835,.F.);
#8837=CARTESIAN_POINT('',(0.051181102362205,-0.106299212598425,0.055511811023622));
#8838=DIRECTION('',(0.0,0.0,-1.0));
#8839=VECTOR('',#8838,0.06259842519685);
#8840=LINE('',#8837,#8839);
#8841=EDGE_CURVE('',#7520,#8830,#8840,.T.);
#8842=ORIENTED_EDGE('',*,*,#8841,.F.);
#8843=ORIENTED_EDGE('',*,*,#7525,.F.);
#8844=ORIENTED_EDGE('',*,*,#8817,.T.);
#8845=EDGE_LOOP('',(#8836,#8842,#8843,#8844));
#8846=FACE_OUTER_BOUND('',#8845,.T.);
#8847=ADVANCED_FACE('',(#8846),#8828,.T.);
#8848=CARTESIAN_POINT('',(-0.051181102362205,-0.10718175974441,0.058641732283464));
#8849=DIRECTION('',(1.0,0.0,0.0));
#8850=DIRECTION('',(0.0,0.0,-1.0));
#8851=AXIS2_PLACEMENT_3D('',#8848,#8849,#8850);
#8852=PLANE('',#8851);
#8853=CARTESIAN_POINT('',(-0.051181102362205,-0.088648269678722,-0.007086614173228));
#8854=VERTEX_POINT('',#8853);
#8855=CARTESIAN_POINT('',(-0.051181102362205,-0.106299212598425,-0.007086614173228));
#8856=VERTEX_POINT('',#8855);
#8857=CARTESIAN_POINT('',(-0.051181102362205,-0.088648269678722,-0.007086614173228));
#8858=DIRECTION('',(0.0,-1.0,0.0));
#8859=VECTOR('',#8858,0.017650942919703);
#8860=LINE('',#8857,#8859);
#8861=EDGE_CURVE('',#8854,#8856,#8860,.T.);
#8862=ORIENTED_EDGE('',*,*,#8861,.F.);
#8863=CARTESIAN_POINT('',(-0.051181102362205,-0.088648269678722,0.055511811023622));
#8864=DIRECTION('',(0.0,0.0,-1.0));
#8865=VECTOR('',#8864,0.06259842519685);
#8866=LINE('',#8863,#8865);
#8867=EDGE_CURVE('',#7536,#8854,#8866,.T.);
#8868=ORIENTED_EDGE('',*,*,#8867,.F.);
#8869=ORIENTED_EDGE('',*,*,#7541,.F.);
#8870=CARTESIAN_POINT('',(-0.051181102362205,-0.106299212598425,-0.007086614173228));
#8871=DIRECTION('',(0.0,0.0,1.0));
#8872=VECTOR('',#8871,0.06259842519685);
#8873=LINE('',#8870,#8872);
#8874=EDGE_CURVE('',#8856,#7528,#8873,.T.);
#8875=ORIENTED_EDGE('',*,*,#8874,.F.);
#8876=EDGE_LOOP('',(#8862,#8868,#8869,#8875));
#8877=FACE_OUTER_BOUND('',#8876,.T.);
#8878=ADVANCED_FACE('',(#8877),#8852,.T.);
#8879=CARTESIAN_POINT('',(0.0,0.0,0.058641732283464));
#8880=DIRECTION('',(0.0,0.0,-1.0));
#8881=DIRECTION('',(0.874727345516351,0.484615384615385,0.0));
#8882=AXIS2_PLACEMENT_3D('',#8879,#8880,#8881);
#8883=CYLINDRICAL_SURFACE('',#8882,0.102362204724409);
#8884=CARTESIAN_POINT('',(-0.089539019619784,-0.049606299212598,-0.007086614173228));
#8885=VERTEX_POINT('',#8884);
#8886=CARTESIAN_POINT('',(0.0,0.0,-0.007086614173228));
#8887=DIRECTION('',(0.0,0.0,1.0));
#8888=DIRECTION('',(0.874727345516351,0.484615384615385,0.0));
#8889=AXIS2_PLACEMENT_3D('',#8886,#8887,#8888);
#8890=CIRCLE('',#8889,0.102362204724409);
#8891=EDGE_CURVE('',#8885,#8854,#8890,.T.);
#8892=ORIENTED_EDGE('',*,*,#8891,.F.);
#8893=CARTESIAN_POINT('',(-0.089539019619784,-0.049606299212598,0.055511811023622));
#8894=DIRECTION('',(0.0,0.0,-1.0));
#8895=VECTOR('',#8894,0.06259842519685);
#8896=LINE('',#8893,#8895);
#8897=EDGE_CURVE('',#7544,#8885,#8896,.T.);
#8898=ORIENTED_EDGE('',*,*,#8897,.F.);
#8899=ORIENTED_EDGE('',*,*,#7550,.F.);
#8900=ORIENTED_EDGE('',*,*,#8867,.T.);
#8901=EDGE_LOOP('',(#8892,#8898,#8899,#8900));
#8902=FACE_OUTER_BOUND('',#8901,.T.);
#8903=ADVANCED_FACE('',(#8902),#8883,.F.);
#8904=CARTESIAN_POINT('',(-0.107137222247357,-0.049606299212598,-0.01021653543307));
#8905=DIRECTION('',(0.0,1.0,0.0));
#8906=DIRECTION('',(0.0,0.0,1.0));
#8907=AXIS2_PLACEMENT_3D('',#8904,#8905,#8906);
#8908=PLANE('',#8907);
#8909=CARTESIAN_POINT('',(-0.106299212598425,-0.049606299212598,-0.007086614173228));
#8910=VERTEX_POINT('',#8909);
#8911=CARTESIAN_POINT('',(-0.106299212598425,-0.049606299212598,-0.007086614173228));
#8912=DIRECTION('',(1.0,0.0,0.0));
#8913=VECTOR('',#8912,0.016760192978641);
#8914=LINE('',#8911,#8913);
#8915=EDGE_CURVE('',#8910,#8885,#8914,.T.);
#8916=ORIENTED_EDGE('',*,*,#8915,.F.);
#8917=CARTESIAN_POINT('',(-0.106299212598425,-0.049606299212598,0.055511811023622));
#8918=DIRECTION('',(0.0,0.0,-1.0));
#8919=VECTOR('',#8918,0.06259842519685);
#8920=LINE('',#8917,#8919);
#8921=EDGE_CURVE('',#7553,#8910,#8920,.T.);
#8922=ORIENTED_EDGE('',*,*,#8921,.F.);
#8923=ORIENTED_EDGE('',*,*,#7558,.F.);
#8924=ORIENTED_EDGE('',*,*,#8897,.T.);
#8925=EDGE_LOOP('',(#8916,#8922,#8923,#8924));
#8926=FACE_OUTER_BOUND('',#8925,.T.);
#8927=ADVANCED_FACE('',(#8926),#8908,.T.);
#8928=CARTESIAN_POINT('',(-0.107137222247357,0.049606299212598,0.058641732283464));
#8929=DIRECTION('',(0.0,-1.0,0.0));
#8930=DIRECTION('',(0.0,0.0,-1.0));
#8931=AXIS2_PLACEMENT_3D('',#8928,#8929,#8930);
#8932=PLANE('',#8931);
#8933=CARTESIAN_POINT('',(-0.089539019619784,0.049606299212598,-0.007086614173228));
#8934=VERTEX_POINT('',#8933);
#8935=CARTESIAN_POINT('',(-0.106299212598425,0.049606299212598,-0.007086614173228));
#8936=VERTEX_POINT('',#8935);
#8937=CARTESIAN_POINT('',(-0.089539019619784,0.049606299212598,-0.007086614173228));
#8938=DIRECTION('',(-1.0,0.0,0.0));
#8939=VECTOR('',#8938,0.016760192978641);
#8940=LINE('',#8937,#8939);
#8941=EDGE_CURVE('',#8934,#8936,#8940,.T.);
#8942=ORIENTED_EDGE('',*,*,#8941,.F.);
#8943=CARTESIAN_POINT('',(-0.089539019619784,0.049606299212598,0.055511811023622));
#8944=DIRECTION('',(0.0,0.0,-1.0));
#8945=VECTOR('',#8944,0.06259842519685);
#8946=LINE('',#8943,#8945);
#8947=EDGE_CURVE('',#7569,#8934,#8946,.T.);
#8948=ORIENTED_EDGE('',*,*,#8947,.F.);
#8949=ORIENTED_EDGE('',*,*,#7574,.F.);
#8950=CARTESIAN_POINT('',(-0.106299212598425,0.049606299212598,-0.007086614173228));
#8951=DIRECTION('',(0.0,0.0,1.0));
#8952=VECTOR('',#8951,0.06259842519685);
#8953=LINE('',#8950,#8952);
#8954=EDGE_CURVE('',#8936,#7561,#8953,.T.);
#8955=ORIENTED_EDGE('',*,*,#8954,.F.);
#8956=EDGE_LOOP('',(#8942,#8948,#8949,#8955));
#8957=FACE_OUTER_BOUND('',#8956,.T.);
#8958=ADVANCED_FACE('',(#8957),#8932,.T.);
#8959=CARTESIAN_POINT('',(0.0,0.0,0.058641732283464));
#8960=DIRECTION('',(0.0,0.0,-1.0));
#8961=DIRECTION('',(0.5,-0.866025403784439,0.0));
#8962=AXIS2_PLACEMENT_3D('',#8959,#8960,#8961);
#8963=CYLINDRICAL_SURFACE('',#8962,0.102362204724409);
#8964=CARTESIAN_POINT('',(-0.051181102362205,0.088648269678722,-0.007086614173228));
#8965=VERTEX_POINT('',#8964);
#8966=CARTESIAN_POINT('',(0.0,0.0,-0.007086614173228));
#8967=DIRECTION('',(0.0,0.0,1.0));
#8968=DIRECTION('',(0.5,-0.866025403784439,0.0));
#8969=AXIS2_PLACEMENT_3D('',#8966,#8967,#8968);
#8970=CIRCLE('',#8969,0.102362204724409);
#8971=EDGE_CURVE('',#8965,#8934,#8970,.T.);
#8972=ORIENTED_EDGE('',*,*,#8971,.F.);
#8973=CARTESIAN_POINT('',(-0.051181102362205,0.088648269678722,0.055511811023622));
#8974=DIRECTION('',(0.0,0.0,-1.0));
#8975=VECTOR('',#8974,0.06259842519685);
#8976=LINE('',#8973,#8975);
#8977=EDGE_CURVE('',#7577,#8965,#8976,.T.);
#8978=ORIENTED_EDGE('',*,*,#8977,.F.);
#8979=ORIENTED_EDGE('',*,*,#7583,.F.);
#8980=ORIENTED_EDGE('',*,*,#8947,.T.);
#8981=EDGE_LOOP('',(#8972,#8978,#8979,#8980));
#8982=FACE_OUTER_BOUND('',#8981,.T.);
#8983=ADVANCED_FACE('',(#8982),#8963,.F.);
#8984=CARTESIAN_POINT('',(-0.051181102362205,0.087765722532737,0.058641732283464));
#8985=DIRECTION('',(1.0,0.0,0.0));
#8986=DIRECTION('',(0.0,0.0,-1.0));
#8987=AXIS2_PLACEMENT_3D('',#8984,#8985,#8986);
#8988=PLANE('',#8987);
#8989=CARTESIAN_POINT('',(-0.051181102362205,0.106299212598425,-0.007086614173228));
#8990=VERTEX_POINT('',#8989);
#8991=CARTESIAN_POINT('',(-0.051181102362205,0.106299212598425,-0.007086614173228));
#8992=DIRECTION('',(0.0,-1.0,0.0));
#8993=VECTOR('',#8992,0.017650942919703);
#8994=LINE('',#8991,#8993);
#8995=EDGE_CURVE('',#8990,#8965,#8994,.T.);
#8996=ORIENTED_EDGE('',*,*,#8995,.F.);
#8997=CARTESIAN_POINT('',(-0.051181102362205,0.106299212598425,0.055511811023622));
#8998=DIRECTION('',(0.0,0.0,-1.0));
#8999=VECTOR('',#8998,0.06259842519685);
#9000=LINE('',#8997,#8999);
#9001=EDGE_CURVE('',#7586,#8990,#9000,.T.);
#9002=ORIENTED_EDGE('',*,*,#9001,.F.);
#9003=ORIENTED_EDGE('',*,*,#7591,.F.);
#9004=ORIENTED_EDGE('',*,*,#8977,.T.);
#9005=EDGE_LOOP('',(#8996,#9002,#9003,#9004));
#9006=FACE_OUTER_BOUND('',#9005,.T.);
#9007=ADVANCED_FACE('',(#9006),#8988,.T.);
#9008=CARTESIAN_POINT('',(0.051181102362205,0.087765722532737,-0.01021653543307));
#9009=DIRECTION('',(-1.0,0.0,0.0));
#9010=DIRECTION('',(0.0,0.0,1.0));
#9011=AXIS2_PLACEMENT_3D('',#9008,#9009,#9010);
#9012=PLANE('',#9011);
#9013=CARTESIAN_POINT('',(0.051181102362205,0.088648269678722,-0.007086614173228));
#9014=VERTEX_POINT('',#9013);
#9015=CARTESIAN_POINT('',(0.051181102362205,0.106299212598425,-0.007086614173228));
#9016=VERTEX_POINT('',#9015);
#9017=CARTESIAN_POINT('',(0.051181102362205,0.088648269678722,-0.007086614173228));
#9018=DIRECTION('',(0.0,1.0,0.0));
#9019=VECTOR('',#9018,0.017650942919703);
#9020=LINE('',#9017,#9019);
#9021=EDGE_CURVE('',#9014,#9016,#9020,.T.);
#9022=ORIENTED_EDGE('',*,*,#9021,.F.);
#9023=CARTESIAN_POINT('',(0.051181102362205,0.088648269678722,0.055511811023622));
#9024=DIRECTION('',(0.0,0.0,-1.0));
#9025=VECTOR('',#9024,0.06259842519685);
#9026=LINE('',#9023,#9025);
#9027=EDGE_CURVE('',#7470,#9014,#9026,.T.);
#9028=ORIENTED_EDGE('',*,*,#9027,.F.);
#9029=ORIENTED_EDGE('',*,*,#7475,.F.);
#9030=CARTESIAN_POINT('',(0.051181102362205,0.106299212598425,-0.007086614173228));
#9031=DIRECTION('',(0.0,0.0,1.0));
#9032=VECTOR('',#9031,0.06259842519685);
#9033=LINE('',#9030,#9032);
#9034=EDGE_CURVE('',#9016,#7468,#9033,.T.);
#9035=ORIENTED_EDGE('',*,*,#9034,.F.);
#9036=EDGE_LOOP('',(#9022,#9028,#9029,#9035));
#9037=FACE_OUTER_BOUND('',#9036,.T.);
#9038=ADVANCED_FACE('',(#9037),#9012,.T.);
#9039=CARTESIAN_POINT('',(0.0,0.0,0.058641732283464));
#9040=DIRECTION('',(0.0,0.0,-1.0));
#9041=DIRECTION('',(-0.874727345516352,-0.484615384615384,0.0));
#9042=AXIS2_PLACEMENT_3D('',#9039,#9040,#9041);
#9043=CYLINDRICAL_SURFACE('',#9042,0.102362204724409);
#9044=CARTESIAN_POINT('',(0.089539019619784,0.049606299212598,-0.007086614173228));
#9045=VERTEX_POINT('',#9044);
#9046=CARTESIAN_POINT('',(0.0,0.0,-0.007086614173228));
#9047=DIRECTION('',(0.0,0.0,1.0));
#9048=DIRECTION('',(-0.874727345516352,-0.484615384615384,0.0));
#9049=AXIS2_PLACEMENT_3D('',#9046,#9047,#9048);
#9050=CIRCLE('',#9049,0.102362204724409);
#9051=EDGE_CURVE('',#9045,#9014,#9050,.T.);
#9052=ORIENTED_EDGE('',*,*,#9051,.F.);
#9053=CARTESIAN_POINT('',(0.089539019619784,0.049606299212598,0.055511811023622));
#9054=DIRECTION('',(0.0,0.0,-1.0));
#9055=VECTOR('',#9054,0.06259842519685);
#9056=LINE('',#9053,#9055);
#9057=EDGE_CURVE('',#7478,#9045,#9056,.T.);
#9058=ORIENTED_EDGE('',*,*,#9057,.F.);
#9059=ORIENTED_EDGE('',*,*,#7484,.F.);
#9060=ORIENTED_EDGE('',*,*,#9027,.T.);
#9061=EDGE_LOOP('',(#9052,#9058,#9059,#9060));
#9062=FACE_OUTER_BOUND('',#9061,.T.);
#9063=ADVANCED_FACE('',(#9062),#9043,.F.);
#9064=CARTESIAN_POINT('',(0.088701009970852,0.049606299212598,0.058641732283464));
#9065=DIRECTION('',(0.0,-1.0,0.0));
#9066=DIRECTION('',(0.0,0.0,-1.0));
#9067=AXIS2_PLACEMENT_3D('',#9064,#9065,#9066);
#9068=PLANE('',#9067);
#9069=CARTESIAN_POINT('',(0.106299212598425,0.049606299212598,-0.007086614173228));
#9070=DIRECTION('',(-1.0,0.0,0.0));
#9071=VECTOR('',#9070,0.016760192978641);
#9072=LINE('',#9069,#9071);
#9073=EDGE_CURVE('',#8759,#9045,#9072,.T.);
#9074=ORIENTED_EDGE('',*,*,#9073,.F.);
#9075=ORIENTED_EDGE('',*,*,#8764,.F.);
#9076=ORIENTED_EDGE('',*,*,#7492,.F.);
#9077=ORIENTED_EDGE('',*,*,#9057,.T.);
#9078=EDGE_LOOP('',(#9074,#9075,#9076,#9077));
#9079=FACE_OUTER_BOUND('',#9078,.T.);
#9080=ADVANCED_FACE('',(#9079),#9068,.T.);
#9081=CARTESIAN_POINT('',(-0.056299212598426,-0.106299212598425,0.058641732283464));
#9082=DIRECTION('',(0.0,-1.0,0.0));
#9083=DIRECTION('',(0.0,0.0,-1.0));
#9084=AXIS2_PLACEMENT_3D('',#9081,#9082,#9083);
#9085=PLANE('',#9084);
#9086=ORIENTED_EDGE('',*,*,#8841,.T.);
#9087=CARTESIAN_POINT('',(-0.051181102362205,-0.106299212598425,-0.007086614173228));
#9088=DIRECTION('',(1.0,0.0,0.0));
#9089=VECTOR('',#9088,0.10236220472441);
#9090=LINE('',#9087,#9089);
#9091=EDGE_CURVE('',#8856,#8830,#9090,.T.);
#9092=ORIENTED_EDGE('',*,*,#9091,.F.);
#9093=ORIENTED_EDGE('',*,*,#8874,.T.);
#9094=ORIENTED_EDGE('',*,*,#7533,.F.);
#9095=EDGE_LOOP('',(#9086,#9092,#9093,#9094));
#9096=FACE_OUTER_BOUND('',#9095,.T.);
#9097=ADVANCED_FACE('',(#9096),#9085,.F.);
#9098=CARTESIAN_POINT('',(-0.106299212598425,-0.054566929133858,-0.01021653543307));
#9099=DIRECTION('',(-1.0,0.0,0.0));
#9100=DIRECTION('',(0.0,0.0,1.0));
#9101=AXIS2_PLACEMENT_3D('',#9098,#9099,#9100);
#9102=PLANE('',#9101);
#9103=ORIENTED_EDGE('',*,*,#7737,.T.);
#9104=CARTESIAN_POINT('',(-0.106299212598425,0.049606299212598,-0.007086614173228));
#9105=DIRECTION('',(0.0,-1.0,0.0));
#9106=VECTOR('',#9105,0.00271653543307);
#9107=LINE('',#9104,#9106);
#9108=EDGE_CURVE('',#8936,#7726,#9107,.T.);
#9109=ORIENTED_EDGE('',*,*,#9108,.F.);
#9110=ORIENTED_EDGE('',*,*,#8954,.T.);
#9111=ORIENTED_EDGE('',*,*,#7566,.F.);
#9112=ORIENTED_EDGE('',*,*,#8921,.T.);
#9113=CARTESIAN_POINT('',(-0.106299212598425,-0.039724409448819,-0.007086614173228));
#9114=DIRECTION('',(0.0,-1.0,0.0));
#9115=VECTOR('',#9114,0.009881889763779);
#9116=LINE('',#9113,#9115);
#9117=EDGE_CURVE('',#7773,#8910,#9116,.T.);
#9118=ORIENTED_EDGE('',*,*,#9117,.F.);
#9119=ORIENTED_EDGE('',*,*,#7778,.T.);
#9120=ORIENTED_EDGE('',*,*,#7699,.F.);
#9121=ORIENTED_EDGE('',*,*,#8720,.T.);
#9122=ORIENTED_EDGE('',*,*,#7619,.F.);
#9123=EDGE_LOOP('',(#9103,#9109,#9110,#9111,#9112,#9118,#9119,#9120,#9121,#9122));
#9124=FACE_OUTER_BOUND('',#9123,.T.);
#9125=ADVANCED_FACE('',(#9124),#9102,.F.);
#9126=CARTESIAN_POINT('',(-0.116929133858268,-0.116929133858267,-0.007086614173228));
#9127=DIRECTION('',(0.0,0.0,1.0));
#9128=DIRECTION('',(1.0,0.0,0.0));
#9129=AXIS2_PLACEMENT_3D('',#9126,#9127,#9128);
#9130=PLANE('',#9129);
#9131=ORIENTED_EDGE('',*,*,#8166,.T.);
#9132=ORIENTED_EDGE('',*,*,#8770,.T.);
#9133=ORIENTED_EDGE('',*,*,#9073,.T.);
#9134=ORIENTED_EDGE('',*,*,#9051,.T.);
#9135=ORIENTED_EDGE('',*,*,#9021,.T.);
#9136=CARTESIAN_POINT('',(0.051181102362205,0.106299212598425,-0.007086614173228));
#9137=DIRECTION('',(-1.0,0.0,0.0));
#9138=VECTOR('',#9137,0.10236220472441);
#9139=LINE('',#9136,#9138);
#9140=EDGE_CURVE('',#9016,#8990,#9139,.T.);
#9141=ORIENTED_EDGE('',*,*,#9140,.T.);
#9142=ORIENTED_EDGE('',*,*,#8995,.T.);
#9143=ORIENTED_EDGE('',*,*,#8971,.T.);
#9144=ORIENTED_EDGE('',*,*,#8941,.T.);
#9145=ORIENTED_EDGE('',*,*,#9108,.T.);
#9146=ORIENTED_EDGE('',*,*,#7731,.T.);
#9147=ORIENTED_EDGE('',*,*,#7760,.T.);
#9148=ORIENTED_EDGE('',*,*,#7784,.T.);
#9149=ORIENTED_EDGE('',*,*,#9117,.T.);
#9150=ORIENTED_EDGE('',*,*,#8915,.T.);
#9151=ORIENTED_EDGE('',*,*,#8891,.T.);
#9152=ORIENTED_EDGE('',*,*,#8861,.T.);
#9153=ORIENTED_EDGE('',*,*,#9091,.T.);
#9154=ORIENTED_EDGE('',*,*,#8835,.T.);
#9155=ORIENTED_EDGE('',*,*,#8811,.T.);
#9156=ORIENTED_EDGE('',*,*,#8786,.T.);
#9157=ORIENTED_EDGE('',*,*,#8749,.T.);
#9158=ORIENTED_EDGE('',*,*,#8113,.T.);
#9159=ORIENTED_EDGE('',*,*,#8142,.T.);
#9160=EDGE_LOOP('',(#9131,#9132,#9133,#9134,#9135,#9141,#9142,#9143,#9144,#9145,#9146,#9147,#9148,#9149,#9150,#9151,#9152,#9153,#9154,#9155,#9156,#9157,#9158,#9159));
#9161=FACE_OUTER_BOUND('',#9160,.T.);
#9162=ORIENTED_EDGE('',*,*,#7981,.T.);
#9163=ORIENTED_EDGE('',*,*,#8566,.T.);
#9164=ORIENTED_EDGE('',*,*,#8598,.T.);
#9165=ORIENTED_EDGE('',*,*,#8629,.T.);
#9166=ORIENTED_EDGE('',*,*,#8660,.T.);
#9167=ORIENTED_EDGE('',*,*,#8685,.T.);
#9168=ORIENTED_EDGE('',*,*,#7928,.T.);
#9169=ORIENTED_EDGE('',*,*,#7957,.T.);
#9170=EDGE_LOOP('',(#9162,#9163,#9164,#9165,#9166,#9167,#9168,#9169));
#9171=FACE_BOUND('',#9170,.T.);
#9172=ADVANCED_FACE('',(#9161,#9171),#9130,.T.);
#9173=CARTESIAN_POINT('',(-0.056299212598426,0.106299212598425,-0.01021653543307));
#9174=DIRECTION('',(0.0,1.0,0.0));
#9175=DIRECTION('',(0.0,0.0,1.0));
#9176=AXIS2_PLACEMENT_3D('',#9173,#9174,#9175);
#9177=PLANE('',#9176);
#9178=ORIENTED_EDGE('',*,*,#9001,.T.);
#9179=ORIENTED_EDGE('',*,*,#9140,.F.);
#9180=ORIENTED_EDGE('',*,*,#9034,.T.);
#9181=ORIENTED_EDGE('',*,*,#7597,.F.);
#9182=EDGE_LOOP('',(#9178,#9179,#9180,#9181));
#9183=FACE_OUTER_BOUND('',#9182,.T.);
#9184=ADVANCED_FACE('',(#9183),#9177,.F.);
#9185=CLOSED_SHELL('',(#6818,#6865,#6907,#6938,#6971,#6993,#7005,#7047,#7078,#7111,#7133,#7145,#7187,#7218,#7251,#7273,#7285,#7327,#7358,#7391,#7413,#7425,#7461,#7604,#7646,#7678,#7710,#7741,#7765,#7789,#7837,#7869,#7907,#7938,#7962,#7986,#8028,#8060,#8092,#8123,#8147,#8171,#8213,#8252,#8276,#8304,#8313,#8353,#8384,#8415,#8437,#8449,#8481,#8503,#8515,#8538,#8572,#8603,#8634,#8665,#8690,#8709,#8732,#8774,#8798,#8823,#8847,#8878,#8903,#8927,#8958,#8983,#9007,#9038,#9063,#9080,#9097,#9125,#9172,#9184));
#9186=ORIENTED_CLOSED_SHELL('',*,#9185,.F.);
#9187=BREP_WITH_VOIDS('',#6790,(#9186));
#9188=COLOUR_RGB('',0.75,0.75,0.75);
#9189=FILL_AREA_STYLE_COLOUR('',#9188);
#9190=FILL_AREA_STYLE('',(#9189));
#9191=SURFACE_STYLE_FILL_AREA(#9190);
#9192=SURFACE_SIDE_STYLE('',(#9191));
#9193=SURFACE_STYLE_USAGE(.BOTH.,#9192);
#9194=PRESENTATION_STYLE_ASSIGNMENT((#9193));
#9195=STYLED_ITEM('',(#9194),#9187);
#9196=ADVANCED_BREP_SHAPE_REPRESENTATION('ABSR',(#9187),#497);
#9197=SHAPE_REPRESENTATION_RELATIONSHIP('SRR','None',#9196,#502);
ENDSEC;
END-ISO-10303-21;
