ISO-10303-21;
HEADER;
/****************************************************************
 * Generated by software with PDElib inside                    *
 * PDElib Version v51a, created Fri 09/10/2010                  *
 * ITI Transcendata (http://www.transcendata.com/)              *
 ****************************************************************/
FILE_DESCRIPTION((' '),'2;1');
FILE_NAME('P:\\E-Switch Secure\\3D_MODELS_STP_FORMAT\\TL1105JAFxxxx1Rxxx.stp','2017-07-26T14:49:16',(' '),(' '),' ','ACIS',' ');
FILE_SCHEMA(('CONFIG_CONTROL_DESIGN'));
ENDSEC;
DATA;
#5=APPLICATION_CONTEXT('configuration controlled 3D designs of mechanical parts and assemblies');
#6=APPLICATION_PROTOCOL_DEFINITION('International Standard','config_control_design',1995,#5);
#7=MECHANICAL_CONTEXT('None',#5,'mechanical');
#8=PRODUCT('P:\\E-Switch Secure\\3D_MODELS_STP_FORMAT\\TL1105JAFxxxx1Rxxx.stp','P:\\E-Switch Secure\\3D_MODELS_STP_FORMAT\\TL1105JAFxxxx1Rxxx.stp','None',(#7));
#9=PRODUCT_RELATED_PRODUCT_CATEGORY('detail',$,(#8));
#10=PRODUCT_CATEGORY('part',$);
#11=PRODUCT_CATEGORY_RELATIONSHIP('None','None',#10,#9);
#12=PERSON('PERSON1','None','None',$,$,$);
#13=ORGANIZATION('','None','None');
#14=PERSON_AND_ORGANIZATION(#12,#13);
#15=PERSON_AND_ORGANIZATION_ROLE('design_owner');
#16=CC_DESIGN_PERSON_AND_ORGANIZATION_ASSIGNMENT(#14,#15,(#8));
#17=PRODUCT_DEFINITION_FORMATION_WITH_SPECIFIED_SOURCE('None','None',#8,.NOT_KNOWN.);
#18=PERSON('PERSON2','None','None',$,$,$);
#19=ORGANIZATION('','None','None');
#20=PERSON_AND_ORGANIZATION(#18,#19);
#21=PERSON_AND_ORGANIZATION_ROLE('creator');
#22=CC_DESIGN_PERSON_AND_ORGANIZATION_ASSIGNMENT(#20,#21,(#17));
#23=PERSON('PERSON3','None','None',$,$,$);
#24=ORGANIZATION('','None','None');
#25=PERSON_AND_ORGANIZATION(#23,#24);
#26=PERSON_AND_ORGANIZATION_ROLE('part_supplier');
#27=CC_DESIGN_PERSON_AND_ORGANIZATION_ASSIGNMENT(#25,#26,(#17));
#28=APPROVAL_STATUS('approved');
#29=APPROVAL(#28,'None');
#30=PERSON('PERSON4','None','None',$,$,$);
#31=ORGANIZATION('','None','None');
#32=PERSON_AND_ORGANIZATION(#30,#31);
#33=APPROVAL_ROLE('None');
#34=APPROVAL_PERSON_ORGANIZATION(#32,#29,#33);
#35=CALENDAR_DATE(2017,26,7);
#36=COORDINATED_UNIVERSAL_TIME_OFFSET(0,0,.AHEAD.);
#37=LOCAL_TIME(14,49,16.0,#36);
#38=DATE_AND_TIME(#35,#37);
#39=APPROVAL_DATE_TIME(#38,#29);
#40=CC_DESIGN_APPROVAL(#29,(#17));
#41=SECURITY_CLASSIFICATION_LEVEL('unclassified');
#42=SECURITY_CLASSIFICATION('None','None',#41);
#43=CC_DESIGN_SECURITY_CLASSIFICATION(#42,(#17));
#44=APPROVAL_STATUS('approved');
#45=APPROVAL(#44,'None');
#46=PERSON('PERSON5','None','None',$,$,$);
#47=ORGANIZATION('','None','None');
#48=PERSON_AND_ORGANIZATION(#46,#47);
#49=APPROVAL_ROLE('None');
#50=APPROVAL_PERSON_ORGANIZATION(#48,#45,#49);
#51=CALENDAR_DATE(2017,26,7);
#52=COORDINATED_UNIVERSAL_TIME_OFFSET(0,0,.AHEAD.);
#53=LOCAL_TIME(14,49,16.0,#52);
#54=DATE_AND_TIME(#51,#53);
#55=APPROVAL_DATE_TIME(#54,#45);
#56=CC_DESIGN_APPROVAL(#45,(#42));
#57=PERSON('PERSON6','None','None',$,$,$);
#58=ORGANIZATION('','None','None');
#59=PERSON_AND_ORGANIZATION(#57,#58);
#60=PERSON_AND_ORGANIZATION_ROLE('classification_officer');
#61=CC_DESIGN_PERSON_AND_ORGANIZATION_ASSIGNMENT(#59,#60,(#42));
#62=DATE_TIME_ROLE('classification_date');
#63=CALENDAR_DATE(2017,26,7);
#64=COORDINATED_UNIVERSAL_TIME_OFFSET(0,0,.AHEAD.);
#65=LOCAL_TIME(14,49,16.0,#64);
#66=DATE_AND_TIME(#63,#65);
#67=CC_DESIGN_DATE_AND_TIME_ASSIGNMENT(#66,#62,(#42));
#68=DESIGN_CONTEXT('part definition',#5,'design');
#69=PRODUCT_DEFINITION('None','None',#17,#68);
#70=PERSON('PERSON7','None','None',$,$,$);
#71=ORGANIZATION('','None','None');
#72=PERSON_AND_ORGANIZATION(#70,#71);
#73=PERSON_AND_ORGANIZATION_ROLE('creator');
#74=CC_DESIGN_PERSON_AND_ORGANIZATION_ASSIGNMENT(#72,#73,(#69));
#75=DATE_TIME_ROLE('creation_date');
#76=CALENDAR_DATE(2017,26,7);
#77=COORDINATED_UNIVERSAL_TIME_OFFSET(0,0,.AHEAD.);
#78=LOCAL_TIME(14,49,16.0,#77);
#79=DATE_AND_TIME(#76,#78);
#80=CC_DESIGN_DATE_AND_TIME_ASSIGNMENT(#79,#75,(#69));
#81=APPROVAL_STATUS('approved');
#82=APPROVAL(#81,'None');
#83=PERSON('PERSON8','None','None',$,$,$);
#84=ORGANIZATION('','None','None');
#85=PERSON_AND_ORGANIZATION(#83,#84);
#86=APPROVAL_ROLE('None');
#87=APPROVAL_PERSON_ORGANIZATION(#85,#82,#86);
#88=CALENDAR_DATE(2017,26,7);
#89=COORDINATED_UNIVERSAL_TIME_OFFSET(0,0,.AHEAD.);
#90=LOCAL_TIME(14,49,16.0,#89);
#91=DATE_AND_TIME(#88,#90);
#92=APPROVAL_DATE_TIME(#91,#82);
#93=CC_DESIGN_APPROVAL(#82,(#69));
#99=(NAMED_UNIT(*)PLANE_ANGLE_UNIT()SI_UNIT($,.RADIAN.));
#100=DIMENSIONAL_EXPONENTS(0.0,0.0,0.0,0.0,0.0,0.0,0.0);
#101=PLANE_ANGLE_MEASURE_WITH_UNIT(PLANE_ANGLE_MEASURE(0.0174532925),#99);
#105=(CONVERSION_BASED_UNIT('DEGREE',#101)NAMED_UNIT(#100)PLANE_ANGLE_UNIT());
#109=(NAMED_UNIT(*)SI_UNIT($,.STERADIAN.)SOLID_ANGLE_UNIT());
#113=(LENGTH_UNIT()NAMED_UNIT(*)SI_UNIT(.CENTI.,.METRE.));
#114=DIMENSIONAL_EXPONENTS(1.0,0.0,0.0,0.0,0.0,0.0,0.0);
#115=LENGTH_MEASURE_WITH_UNIT(LENGTH_MEASURE(2.54),#113);
#119=(CONVERSION_BASED_UNIT('INCH',#115)LENGTH_UNIT()NAMED_UNIT(#114));
#121=UNCERTAINTY_MEASURE_WITH_UNIT(LENGTH_MEASURE(0.001),#119,'DISTANCE_ACCURACY_VALUE','');
#123=(GEOMETRIC_REPRESENTATION_CONTEXT(3)GLOBAL_UNCERTAINTY_ASSIGNED_CONTEXT((#121))GLOBAL_UNIT_ASSIGNED_CONTEXT((#105,#109,#119))REPRESENTATION_CONTEXT('None','None'));
#124=AXIS2_PLACEMENT_3D('',#125,#126,#127);
#125=CARTESIAN_POINT('',(0.0,0.0,0.0));
#126=DIRECTION('',(0.0,0.0,1.0));
#127=DIRECTION('',(1.0,0.0,0.0));
#128=SHAPE_REPRESENTATION('',(#124),#123);
#129=PRODUCT_DEFINITION_SHAPE('','',#69);
#130=SHAPE_DEFINITION_REPRESENTATION(#129,#128);
#136=(NAMED_UNIT(*)PLANE_ANGLE_UNIT()SI_UNIT($,.RADIAN.));
#137=DIMENSIONAL_EXPONENTS(0.0,0.0,0.0,0.0,0.0,0.0,0.0);
#138=PLANE_ANGLE_MEASURE_WITH_UNIT(PLANE_ANGLE_MEASURE(0.0174532925),#136);
#142=(CONVERSION_BASED_UNIT('DEGREE',#138)NAMED_UNIT(#137)PLANE_ANGLE_UNIT());
#146=(NAMED_UNIT(*)SI_UNIT($,.STERADIAN.)SOLID_ANGLE_UNIT());
#150=(LENGTH_UNIT()NAMED_UNIT(*)SI_UNIT(.CENTI.,.METRE.));
#152=UNCERTAINTY_MEASURE_WITH_UNIT(LENGTH_MEASURE(0.000001),#150,'DISTANCE_ACCURACY_VALUE','');
#154=(GEOMETRIC_REPRESENTATION_CONTEXT(3)GLOBAL_UNCERTAINTY_ASSIGNED_CONTEXT((#152))GLOBAL_UNIT_ASSIGNED_CONTEXT((#142,#146,#150))REPRESENTATION_CONTEXT('','3D'));
#155=CARTESIAN_POINT('',(-0.056044094488189,-0.0525,0.214929133858268));
#156=DIRECTION('',(0.0,1.0,0.0));
#157=DIRECTION('',(0.0,0.0,1.0));
#158=AXIS2_PLACEMENT_3D('',#155,#156,#157);
#159=PLANE('',#158);
#160=CARTESIAN_POINT('',(-0.055118110236221,-0.0525,0.215929133858268));
#161=VERTEX_POINT('',#160);
#162=CARTESIAN_POINT('',(-0.055118110236221,-0.0525,0.235929133858268));
#163=VERTEX_POINT('',#162);
#164=CARTESIAN_POINT('',(-0.055118110236221,-0.0525,0.215929133858268));
#165=DIRECTION('',(0.0,0.0,1.0));
#166=VECTOR('',#165,0.02);
#167=LINE('',#164,#166);
#168=EDGE_CURVE('',#161,#163,#167,.T.);
#169=ORIENTED_EDGE('',*,*,#168,.F.);
#170=CARTESIAN_POINT('',(-0.056,-0.0525,0.215929133858268));
#171=VERTEX_POINT('',#170);
#172=CARTESIAN_POINT('',(-0.055118110236221,-0.0525,0.215929133858268));
#173=DIRECTION('',(-1.0,0.0,0.0));
#174=VECTOR('',#173,0.000881889763779);
#175=LINE('',#172,#174);
#176=EDGE_CURVE('',#161,#171,#175,.T.);
#177=ORIENTED_EDGE('',*,*,#176,.T.);
#178=CARTESIAN_POINT('',(-0.056,-0.0525,0.235929133858268));
#179=VERTEX_POINT('',#178);
#180=CARTESIAN_POINT('',(-0.056,-0.0525,0.235929133858268));
#181=DIRECTION('',(0.0,0.0,-1.0));
#182=VECTOR('',#181,0.02);
#183=LINE('',#180,#182);
#184=EDGE_CURVE('',#179,#171,#183,.T.);
#185=ORIENTED_EDGE('',*,*,#184,.F.);
#186=CARTESIAN_POINT('',(-0.056,-0.0525,0.235929133858268));
#187=DIRECTION('',(1.0,0.0,0.0));
#188=VECTOR('',#187,0.000881889763779);
#189=LINE('',#186,#188);
#190=EDGE_CURVE('',#179,#163,#189,.T.);
#191=ORIENTED_EDGE('',*,*,#190,.T.);
#192=EDGE_LOOP('',(#169,#177,#185,#191));
#193=FACE_OUTER_BOUND('',#192,.T.);
#194=ADVANCED_FACE('',(#193),#159,.T.);
#195=CARTESIAN_POINT('',(0.055074015748031,-0.0525,0.214929133858268));
#196=DIRECTION('',(0.0,1.0,0.0));
#197=DIRECTION('',(0.0,0.0,1.0));
#198=AXIS2_PLACEMENT_3D('',#195,#196,#197);
#199=PLANE('',#198);
#200=CARTESIAN_POINT('',(0.05511811023622,-0.0525,0.235929133858268));
#201=VERTEX_POINT('',#200);
#202=CARTESIAN_POINT('',(0.05511811023622,-0.0525,0.215929133858268));
#203=VERTEX_POINT('',#202);
#204=CARTESIAN_POINT('',(0.05511811023622,-0.0525,0.235929133858268));
#205=DIRECTION('',(0.0,0.0,-1.0));
#206=VECTOR('',#205,0.02);
#207=LINE('',#204,#206);
#208=EDGE_CURVE('',#201,#203,#207,.T.);
#209=ORIENTED_EDGE('',*,*,#208,.F.);
#210=CARTESIAN_POINT('',(0.056,-0.0525,0.235929133858268));
#211=VERTEX_POINT('',#210);
#212=CARTESIAN_POINT('',(0.05511811023622,-0.0525,0.235929133858268));
#213=DIRECTION('',(1.0,0.0,0.0));
#214=VECTOR('',#213,0.00088188976378);
#215=LINE('',#212,#214);
#216=EDGE_CURVE('',#201,#211,#215,.T.);
#217=ORIENTED_EDGE('',*,*,#216,.T.);
#218=CARTESIAN_POINT('',(0.056,-0.0525,0.215929133858268));
#219=VERTEX_POINT('',#218);
#220=CARTESIAN_POINT('',(0.056,-0.0525,0.215929133858268));
#221=DIRECTION('',(0.0,0.0,1.0));
#222=VECTOR('',#221,0.02);
#223=LINE('',#220,#222);
#224=EDGE_CURVE('',#219,#211,#223,.T.);
#225=ORIENTED_EDGE('',*,*,#224,.F.);
#226=CARTESIAN_POINT('',(0.056,-0.0525,0.215929133858268));
#227=DIRECTION('',(-1.0,0.0,0.0));
#228=VECTOR('',#227,0.00088188976378);
#229=LINE('',#226,#228);
#230=EDGE_CURVE('',#219,#203,#229,.T.);
#231=ORIENTED_EDGE('',*,*,#230,.T.);
#232=EDGE_LOOP('',(#209,#217,#225,#231));
#233=FACE_OUTER_BOUND('',#232,.T.);
#234=ADVANCED_FACE('',(#233),#199,.T.);
#235=CARTESIAN_POINT('',(-0.0616,-0.056175,0.237266724469197));
#236=DIRECTION('',(0.0,0.342020143325668,0.939692620785909));
#237=DIRECTION('',(1.0,0.0,0.0));
#238=AXIS2_PLACEMENT_3D('',#235,#236,#237);
#239=PLANE('',#238);
#240=CARTESIAN_POINT('',(0.05511811023622,-0.05511811023622,0.23688204805428));
#241=VERTEX_POINT('',#240);
#242=CARTESIAN_POINT('',(0.05511811023622,-0.05511811023622,0.23688204805428));
#243=DIRECTION('',(0.0,0.939692620785906,-0.342020143325676));
#244=VECTOR('',#243,0.002786134719277);
#245=LINE('',#242,#244);
#246=EDGE_CURVE('',#241,#201,#245,.T.);
#247=ORIENTED_EDGE('',*,*,#246,.F.);
#248=CARTESIAN_POINT('',(-0.055118110236221,-0.05511811023622,0.23688204805428));
#249=VERTEX_POINT('',#248);
#250=CARTESIAN_POINT('',(-0.055118110236221,-0.05511811023622,0.23688204805428));
#251=DIRECTION('',(1.0,0.0,0.0));
#252=VECTOR('',#251,0.110236220472441);
#253=LINE('',#250,#252);
#254=EDGE_CURVE('',#249,#241,#253,.T.);
#255=ORIENTED_EDGE('',*,*,#254,.F.);
#256=CARTESIAN_POINT('',(-0.055118110236221,-0.0525,0.235929133858268));
#257=DIRECTION('',(0.0,-0.939692620785905,0.342020143325677));
#258=VECTOR('',#257,0.002786134719277);
#259=LINE('',#256,#258);
#260=EDGE_CURVE('',#163,#249,#259,.T.);
#261=ORIENTED_EDGE('',*,*,#260,.F.);
#262=ORIENTED_EDGE('',*,*,#190,.F.);
#263=CARTESIAN_POINT('',(-0.056,-0.056,0.2372030296782));
#264=VERTEX_POINT('',#263);
#265=CARTESIAN_POINT('',(-0.056,-0.056,0.2372030296782));
#266=DIRECTION('',(0.0,0.939692620785907,-0.342020143325673));
#267=VECTOR('',#266,0.003724622203666);
#268=LINE('',#265,#267);
#269=EDGE_CURVE('',#264,#179,#268,.T.);
#270=ORIENTED_EDGE('',*,*,#269,.F.);
#271=CARTESIAN_POINT('',(0.056,-0.056,0.2372030296782));
#272=VERTEX_POINT('',#271);
#273=CARTESIAN_POINT('',(0.056,-0.056,0.2372030296782));
#274=DIRECTION('',(-1.0,0.0,0.0));
#275=VECTOR('',#274,0.112);
#276=LINE('',#273,#275);
#277=EDGE_CURVE('',#272,#264,#276,.T.);
#278=ORIENTED_EDGE('',*,*,#277,.F.);
#279=CARTESIAN_POINT('',(0.056,-0.0525,0.235929133858268));
#280=DIRECTION('',(0.0,-0.93969262078591,0.342020143325665));
#281=VECTOR('',#280,0.003724622203666);
#282=LINE('',#279,#281);
#283=EDGE_CURVE('',#211,#272,#282,.T.);
#284=ORIENTED_EDGE('',*,*,#283,.F.);
#285=ORIENTED_EDGE('',*,*,#216,.F.);
#286=EDGE_LOOP('',(#247,#255,#261,#262,#270,#278,#284,#285));
#287=FACE_OUTER_BOUND('',#286,.T.);
#288=ADVANCED_FACE('',(#287),#239,.T.);
#289=CARTESIAN_POINT('',(0.0616,0.052325,0.215992828649264));
#290=DIRECTION('',(0.0,-0.342020143325667,-0.939692620785909));
#291=DIRECTION('',(-1.0,0.0,0.0));
#292=AXIS2_PLACEMENT_3D('',#289,#290,#291);
#293=PLANE('',#292);
#294=CARTESIAN_POINT('',(0.05511811023622,0.05511811023622,0.214976219662256));
#295=VERTEX_POINT('',#294);
#296=CARTESIAN_POINT('',(0.05511811023622,0.0525,0.215929133858268));
#297=VERTEX_POINT('',#296);
#298=CARTESIAN_POINT('',(0.05511811023622,0.05511811023622,0.214976219662256));
#299=DIRECTION('',(0.0,-0.93969262078591,0.342020143325665));
#300=VECTOR('',#299,0.002786134719277);
#301=LINE('',#298,#300);
#302=EDGE_CURVE('',#295,#297,#301,.T.);
#303=ORIENTED_EDGE('',*,*,#302,.F.);
#304=CARTESIAN_POINT('',(-0.055118110236221,0.05511811023622,0.214976219662256));
#305=VERTEX_POINT('',#304);
#306=CARTESIAN_POINT('',(-0.055118110236221,0.05511811023622,0.214976219662256));
#307=DIRECTION('',(1.0,0.0,0.0));
#308=VECTOR('',#307,0.110236220472441);
#309=LINE('',#306,#308);
#310=EDGE_CURVE('',#305,#295,#309,.T.);
#311=ORIENTED_EDGE('',*,*,#310,.F.);
#312=CARTESIAN_POINT('',(-0.055118110236221,0.0525,0.215929133858268));
#313=VERTEX_POINT('',#312);
#314=CARTESIAN_POINT('',(-0.05511811023622,0.0525,0.215929133858268));
#315=DIRECTION('',(0.0,0.939692620785909,-0.342020143325667));
#316=VECTOR('',#315,0.002786134719277);
#317=LINE('',#314,#316);
#318=EDGE_CURVE('',#313,#305,#317,.T.);
#319=ORIENTED_EDGE('',*,*,#318,.F.);
#320=CARTESIAN_POINT('',(-0.056,0.0525,0.215929133858268));
#321=VERTEX_POINT('',#320);
#322=CARTESIAN_POINT('',(-0.055118110236221,0.0525,0.215929133858268));
#323=DIRECTION('',(-1.0,0.0,0.0));
#324=VECTOR('',#323,0.000881889763779);
#325=LINE('',#322,#324);
#326=EDGE_CURVE('',#313,#321,#325,.T.);
#327=ORIENTED_EDGE('',*,*,#326,.T.);
#328=CARTESIAN_POINT('',(-0.056,0.056,0.214655238038336));
#329=VERTEX_POINT('',#328);
#330=CARTESIAN_POINT('',(-0.056,0.056,0.214655238038336));
#331=DIRECTION('',(0.0,-0.939692620785907,0.342020143325671));
#332=VECTOR('',#331,0.003724622203666);
#333=LINE('',#330,#332);
#334=EDGE_CURVE('',#329,#321,#333,.T.);
#335=ORIENTED_EDGE('',*,*,#334,.F.);
#336=CARTESIAN_POINT('',(0.056,0.056,0.214655238038336));
#337=VERTEX_POINT('',#336);
#338=CARTESIAN_POINT('',(0.056,0.056,0.214655238038336));
#339=DIRECTION('',(-1.0,0.0,0.0));
#340=VECTOR('',#339,0.112);
#341=LINE('',#338,#340);
#342=EDGE_CURVE('',#337,#329,#341,.T.);
#343=ORIENTED_EDGE('',*,*,#342,.F.);
#344=CARTESIAN_POINT('',(0.056,0.0525,0.215929133858268));
#345=VERTEX_POINT('',#344);
#346=CARTESIAN_POINT('',(0.056,0.0525,0.215929133858268));
#347=DIRECTION('',(0.0,0.939692620785907,-0.342020143325672));
#348=VECTOR('',#347,0.003724622203666);
#349=LINE('',#346,#348);
#350=EDGE_CURVE('',#345,#337,#349,.T.);
#351=ORIENTED_EDGE('',*,*,#350,.F.);
#352=CARTESIAN_POINT('',(0.056,0.0525,0.215929133858268));
#353=DIRECTION('',(-1.0,0.0,0.0));
#354=VECTOR('',#353,0.00088188976378);
#355=LINE('',#352,#354);
#356=EDGE_CURVE('',#345,#297,#355,.T.);
#357=ORIENTED_EDGE('',*,*,#356,.T.);
#358=EDGE_LOOP('',(#303,#311,#319,#327,#335,#343,#351,#357));
#359=FACE_OUTER_BOUND('',#358,.T.);
#360=ADVANCED_FACE('',(#359),#293,.T.);
#361=CARTESIAN_POINT('',(-0.056044094488189,0.0525,0.236929133858268));
#362=DIRECTION('',(0.0,-1.0,0.0));
#363=DIRECTION('',(0.0,0.0,-1.0));
#364=AXIS2_PLACEMENT_3D('',#361,#362,#363);
#365=PLANE('',#364);
#366=CARTESIAN_POINT('',(-0.055118110236221,0.0525,0.235929133858268));
#367=VERTEX_POINT('',#366);
#368=CARTESIAN_POINT('',(-0.055118110236221,0.0525,0.235929133858268));
#369=DIRECTION('',(0.0,0.0,-1.0));
#370=VECTOR('',#369,0.02);
#371=LINE('',#368,#370);
#372=EDGE_CURVE('',#367,#313,#371,.T.);
#373=ORIENTED_EDGE('',*,*,#372,.F.);
#374=CARTESIAN_POINT('',(-0.056,0.0525,0.235929133858268));
#375=VERTEX_POINT('',#374);
#376=CARTESIAN_POINT('',(-0.056,0.0525,0.235929133858268));
#377=DIRECTION('',(1.0,0.0,0.0));
#378=VECTOR('',#377,0.000881889763779);
#379=LINE('',#376,#378);
#380=EDGE_CURVE('',#375,#367,#379,.T.);
#381=ORIENTED_EDGE('',*,*,#380,.F.);
#382=CARTESIAN_POINT('',(-0.056,0.0525,0.215929133858268));
#383=DIRECTION('',(0.0,0.0,1.0));
#384=VECTOR('',#383,0.02);
#385=LINE('',#382,#384);
#386=EDGE_CURVE('',#321,#375,#385,.T.);
#387=ORIENTED_EDGE('',*,*,#386,.F.);
#388=ORIENTED_EDGE('',*,*,#326,.F.);
#389=EDGE_LOOP('',(#373,#381,#387,#388));
#390=FACE_OUTER_BOUND('',#389,.T.);
#391=ADVANCED_FACE('',(#390),#365,.T.);
#392=CARTESIAN_POINT('',(0.0616,-0.056175,0.21459154324734));
#393=DIRECTION('',(0.0,0.342020143325671,-0.939692620785908));
#394=DIRECTION('',(-1.0,0.0,0.0));
#395=AXIS2_PLACEMENT_3D('',#392,#393,#394);
#396=PLANE('',#395);
#397=CARTESIAN_POINT('',(0.05511811023622,-0.05511811023622,0.214976219662256));
#398=VERTEX_POINT('',#397);
#399=CARTESIAN_POINT('',(0.05511811023622,-0.0525,0.215929133858268));
#400=DIRECTION('',(0.0,-0.939692620785905,-0.342020143325677));
#401=VECTOR('',#400,0.002786134719277);
#402=LINE('',#399,#401);
#403=EDGE_CURVE('',#203,#398,#402,.T.);
#404=ORIENTED_EDGE('',*,*,#403,.F.);
#405=ORIENTED_EDGE('',*,*,#230,.F.);
#406=CARTESIAN_POINT('',(0.056,-0.056,0.214655238038336));
#407=VERTEX_POINT('',#406);
#408=CARTESIAN_POINT('',(0.056,-0.056,0.214655238038336));
#409=DIRECTION('',(0.0,0.939692620785907,0.342020143325671));
#410=VECTOR('',#409,0.003724622203666);
#411=LINE('',#408,#410);
#412=EDGE_CURVE('',#407,#219,#411,.T.);
#413=ORIENTED_EDGE('',*,*,#412,.F.);
#414=CARTESIAN_POINT('',(-0.056,-0.056,0.214655238038336));
#415=VERTEX_POINT('',#414);
#416=CARTESIAN_POINT('',(-0.056,-0.056,0.214655238038336));
#417=DIRECTION('',(1.0,0.0,0.0));
#418=VECTOR('',#417,0.112);
#419=LINE('',#416,#418);
#420=EDGE_CURVE('',#415,#407,#419,.T.);
#421=ORIENTED_EDGE('',*,*,#420,.F.);
#422=CARTESIAN_POINT('',(-0.056,-0.0525,0.215929133858268));
#423=DIRECTION('',(0.0,-0.939692620785905,-0.342020143325679));
#424=VECTOR('',#423,0.003724622203666);
#425=LINE('',#422,#424);
#426=EDGE_CURVE('',#171,#415,#425,.T.);
#427=ORIENTED_EDGE('',*,*,#426,.F.);
#428=ORIENTED_EDGE('',*,*,#176,.F.);
#429=CARTESIAN_POINT('',(-0.055118110236221,-0.05511811023622,0.214976219662256));
#430=VERTEX_POINT('',#429);
#431=CARTESIAN_POINT('',(-0.055118110236221,-0.05511811023622,0.214976219662256));
#432=DIRECTION('',(0.0,0.93969262078591,0.342020143325665));
#433=VECTOR('',#432,0.002786134719277);
#434=LINE('',#431,#433);
#435=EDGE_CURVE('',#430,#161,#434,.T.);
#436=ORIENTED_EDGE('',*,*,#435,.F.);
#437=CARTESIAN_POINT('',(0.05511811023622,-0.05511811023622,0.214976219662256));
#438=DIRECTION('',(-1.0,0.0,0.0));
#439=VECTOR('',#438,0.110236220472441);
#440=LINE('',#437,#439);
#441=EDGE_CURVE('',#398,#430,#440,.T.);
#442=ORIENTED_EDGE('',*,*,#441,.F.);
#443=EDGE_LOOP('',(#404,#405,#413,#421,#427,#428,#436,#442));
#444=FACE_OUTER_BOUND('',#443,.T.);
#445=ADVANCED_FACE('',(#444),#396,.T.);
#446=CARTESIAN_POINT('',(0.055074015748031,0.0525,0.236929133858268));
#447=DIRECTION('',(0.0,-1.0,0.0));
#448=DIRECTION('',(0.0,0.0,-1.0));
#449=AXIS2_PLACEMENT_3D('',#446,#447,#448);
#450=PLANE('',#449);
#451=CARTESIAN_POINT('',(0.05511811023622,0.0525,0.235929133858268));
#452=VERTEX_POINT('',#451);
#453=CARTESIAN_POINT('',(0.05511811023622,0.0525,0.215929133858268));
#454=DIRECTION('',(0.0,0.0,1.0));
#455=VECTOR('',#454,0.02);
#456=LINE('',#453,#455);
#457=EDGE_CURVE('',#297,#452,#456,.T.);
#458=ORIENTED_EDGE('',*,*,#457,.F.);
#459=ORIENTED_EDGE('',*,*,#356,.F.);
#460=CARTESIAN_POINT('',(0.056,0.0525,0.235929133858268));
#461=VERTEX_POINT('',#460);
#462=CARTESIAN_POINT('',(0.056,0.0525,0.235929133858268));
#463=DIRECTION('',(0.0,0.0,-1.0));
#464=VECTOR('',#463,0.02);
#465=LINE('',#462,#464);
#466=EDGE_CURVE('',#461,#345,#465,.T.);
#467=ORIENTED_EDGE('',*,*,#466,.F.);
#468=CARTESIAN_POINT('',(0.05511811023622,0.0525,0.235929133858268));
#469=DIRECTION('',(1.0,0.0,0.0));
#470=VECTOR('',#469,0.00088188976378);
#471=LINE('',#468,#470);
#472=EDGE_CURVE('',#452,#461,#471,.T.);
#473=ORIENTED_EDGE('',*,*,#472,.F.);
#474=EDGE_LOOP('',(#458,#459,#467,#473));
#475=FACE_OUTER_BOUND('',#474,.T.);
#476=ADVANCED_FACE('',(#475),#450,.T.);
#477=CARTESIAN_POINT('',(-0.0616,0.052325,0.235865439067271));
#478=DIRECTION('',(0.0,-0.342020143325671,0.939692620785908));
#479=DIRECTION('',(1.0,0.0,0.0));
#480=AXIS2_PLACEMENT_3D('',#477,#478,#479);
#481=PLANE('',#480);
#482=CARTESIAN_POINT('',(0.05511811023622,0.05511811023622,0.23688204805428));
#483=VERTEX_POINT('',#482);
#484=CARTESIAN_POINT('',(0.05511811023622,0.0525,0.235929133858268));
#485=DIRECTION('',(0.0,0.939692620785905,0.342020143325677));
#486=VECTOR('',#485,0.002786134719277);
#487=LINE('',#484,#486);
#488=EDGE_CURVE('',#452,#483,#487,.T.);
#489=ORIENTED_EDGE('',*,*,#488,.F.);
#490=ORIENTED_EDGE('',*,*,#472,.T.);
#491=CARTESIAN_POINT('',(0.056,0.056,0.2372030296782));
#492=VERTEX_POINT('',#491);
#493=CARTESIAN_POINT('',(0.056,0.056,0.2372030296782));
#494=DIRECTION('',(0.0,-0.939692620785907,-0.342020143325673));
#495=VECTOR('',#494,0.003724622203666);
#496=LINE('',#493,#495);
#497=EDGE_CURVE('',#492,#461,#496,.T.);
#498=ORIENTED_EDGE('',*,*,#497,.F.);
#499=CARTESIAN_POINT('',(-0.056,0.056,0.2372030296782));
#500=VERTEX_POINT('',#499);
#501=CARTESIAN_POINT('',(-0.056,0.056,0.2372030296782));
#502=DIRECTION('',(1.0,0.0,0.0));
#503=VECTOR('',#502,0.112);
#504=LINE('',#501,#503);
#505=EDGE_CURVE('',#500,#492,#504,.T.);
#506=ORIENTED_EDGE('',*,*,#505,.F.);
#507=CARTESIAN_POINT('',(-0.056,0.0525,0.235929133858268));
#508=DIRECTION('',(0.0,0.939692620785907,0.342020143325673));
#509=VECTOR('',#508,0.003724622203666);
#510=LINE('',#507,#509);
#511=EDGE_CURVE('',#375,#500,#510,.T.);
#512=ORIENTED_EDGE('',*,*,#511,.F.);
#513=ORIENTED_EDGE('',*,*,#380,.T.);
#514=CARTESIAN_POINT('',(-0.055118110236221,0.05511811023622,0.23688204805428));
#515=VERTEX_POINT('',#514);
#516=CARTESIAN_POINT('',(-0.055118110236221,0.05511811023622,0.23688204805428));
#517=DIRECTION('',(0.0,-0.93969262078591,-0.342020143325665));
#518=VECTOR('',#517,0.002786134719277);
#519=LINE('',#516,#518);
#520=EDGE_CURVE('',#515,#367,#519,.T.);
#521=ORIENTED_EDGE('',*,*,#520,.F.);
#522=CARTESIAN_POINT('',(0.05511811023622,0.05511811023622,0.23688204805428));
#523=DIRECTION('',(-1.0,0.0,0.0));
#524=VECTOR('',#523,0.110236220472441);
#525=LINE('',#522,#524);
#526=EDGE_CURVE('',#483,#515,#525,.T.);
#527=ORIENTED_EDGE('',*,*,#526,.F.);
#528=EDGE_LOOP('',(#489,#490,#498,#506,#512,#513,#521,#527));
#529=FACE_OUTER_BOUND('',#528,.T.);
#530=ADVANCED_FACE('',(#529),#481,.T.);
#531=CARTESIAN_POINT('',(-0.0616,-0.056,0.217041543247339));
#532=DIRECTION('',(0.0,-1.0,0.0));
#533=DIRECTION('',(0.0,0.0,-1.0));
#534=AXIS2_PLACEMENT_3D('',#531,#532,#533);
#535=PLANE('',#534);
#536=ORIENTED_EDGE('',*,*,#420,.T.);
#537=CARTESIAN_POINT('',(0.056,-0.056,0.166929133858268));
#538=VERTEX_POINT('',#537);
#539=CARTESIAN_POINT('',(0.056,-0.056,0.166929133858268));
#540=DIRECTION('',(0.0,0.0,1.0));
#541=VECTOR('',#540,0.047726104180068);
#542=LINE('',#539,#541);
#543=EDGE_CURVE('',#538,#407,#542,.T.);
#544=ORIENTED_EDGE('',*,*,#543,.F.);
#545=CARTESIAN_POINT('',(0.020784915836182,-0.056,0.166929133858268));
#546=VERTEX_POINT('',#545);
#547=CARTESIAN_POINT('',(0.020784915836182,-0.056,0.166929133858268));
#548=DIRECTION('',(1.0,0.0,0.0));
#549=VECTOR('',#548,0.035215084163818);
#550=LINE('',#547,#549);
#551=EDGE_CURVE('',#546,#538,#550,.T.);
#552=ORIENTED_EDGE('',*,*,#551,.F.);
#553=CARTESIAN_POINT('',(-0.020784915836182,-0.056,0.166929133858268));
#554=VERTEX_POINT('',#553);
#555=CARTESIAN_POINT('',(-0.020784915836182,-0.056,0.166929133858268));
#556=DIRECTION('',(1.0,0.0,0.0));
#557=VECTOR('',#556,0.041569831672364);
#558=LINE('',#555,#557);
#559=EDGE_CURVE('',#554,#546,#558,.T.);
#560=ORIENTED_EDGE('',*,*,#559,.F.);
#561=CARTESIAN_POINT('',(-0.056,-0.056,0.166929133858268));
#562=VERTEX_POINT('',#561);
#563=CARTESIAN_POINT('',(-0.056,-0.056,0.166929133858268));
#564=DIRECTION('',(1.0,0.0,0.0));
#565=VECTOR('',#564,0.035215084163818);
#566=LINE('',#563,#565);
#567=EDGE_CURVE('',#562,#554,#566,.T.);
#568=ORIENTED_EDGE('',*,*,#567,.F.);
#569=CARTESIAN_POINT('',(-0.056,-0.056,0.166929133858268));
#570=DIRECTION('',(0.0,0.0,1.0));
#571=VECTOR('',#570,0.047726104180068);
#572=LINE('',#569,#571);
#573=EDGE_CURVE('',#562,#415,#572,.T.);
#574=ORIENTED_EDGE('',*,*,#573,.T.);
#575=EDGE_LOOP('',(#536,#544,#552,#560,#568,#574));
#576=FACE_OUTER_BOUND('',#575,.T.);
#577=ADVANCED_FACE('',(#576),#535,.F.);
#578=CARTESIAN_POINT('',(-0.0616,0.056,0.164542828649265));
#579=DIRECTION('',(0.0,1.0,0.0));
#580=DIRECTION('',(0.0,0.0,1.0));
#581=AXIS2_PLACEMENT_3D('',#578,#579,#580);
#582=PLANE('',#581);
#583=ORIENTED_EDGE('',*,*,#342,.T.);
#584=CARTESIAN_POINT('',(-0.056,0.056,0.166929133858268));
#585=VERTEX_POINT('',#584);
#586=CARTESIAN_POINT('',(-0.056,0.056,0.166929133858268));
#587=DIRECTION('',(0.0,0.0,1.0));
#588=VECTOR('',#587,0.047726104180068);
#589=LINE('',#586,#588);
#590=EDGE_CURVE('',#585,#329,#589,.T.);
#591=ORIENTED_EDGE('',*,*,#590,.F.);
#592=CARTESIAN_POINT('',(-0.020784915836182,0.056,0.166929133858268));
#593=VERTEX_POINT('',#592);
#594=CARTESIAN_POINT('',(-0.020784915836182,0.056,0.166929133858268));
#595=DIRECTION('',(-1.0,0.0,0.0));
#596=VECTOR('',#595,0.035215084163818);
#597=LINE('',#594,#596);
#598=EDGE_CURVE('',#593,#585,#597,.T.);
#599=ORIENTED_EDGE('',*,*,#598,.F.);
#600=CARTESIAN_POINT('',(0.020784915836182,0.056,0.166929133858268));
#601=VERTEX_POINT('',#600);
#602=CARTESIAN_POINT('',(0.020784915836182,0.056,0.166929133858268));
#603=DIRECTION('',(-1.0,0.0,0.0));
#604=VECTOR('',#603,0.041569831672364);
#605=LINE('',#602,#604);
#606=EDGE_CURVE('',#601,#593,#605,.T.);
#607=ORIENTED_EDGE('',*,*,#606,.F.);
#608=CARTESIAN_POINT('',(0.056,0.056,0.166929133858268));
#609=VERTEX_POINT('',#608);
#610=CARTESIAN_POINT('',(0.056,0.056,0.166929133858268));
#611=DIRECTION('',(-1.0,0.0,0.0));
#612=VECTOR('',#611,0.035215084163818);
#613=LINE('',#610,#612);
#614=EDGE_CURVE('',#609,#601,#613,.T.);
#615=ORIENTED_EDGE('',*,*,#614,.F.);
#616=CARTESIAN_POINT('',(0.056,0.056,0.166929133858268));
#617=DIRECTION('',(0.0,0.0,1.0));
#618=VECTOR('',#617,0.047726104180068);
#619=LINE('',#616,#618);
#620=EDGE_CURVE('',#609,#337,#619,.T.);
#621=ORIENTED_EDGE('',*,*,#620,.T.);
#622=EDGE_LOOP('',(#583,#591,#599,#607,#615,#621));
#623=FACE_OUTER_BOUND('',#622,.T.);
#624=ADVANCED_FACE('',(#623),#582,.F.);
#625=CARTESIAN_POINT('',(-0.056,-0.0616,0.150334645669292));
#626=DIRECTION('',(-1.0,0.0,0.0));
#627=DIRECTION('',(0.0,0.0,1.0));
#628=AXIS2_PLACEMENT_3D('',#625,#626,#627);
#629=PLANE('',#628);
#630=ORIENTED_EDGE('',*,*,#269,.T.);
#631=ORIENTED_EDGE('',*,*,#184,.T.);
#632=ORIENTED_EDGE('',*,*,#426,.T.);
#633=ORIENTED_EDGE('',*,*,#573,.F.);
#634=CARTESIAN_POINT('',(-0.056,-0.020784915836182,0.166929133858268));
#635=VERTEX_POINT('',#634);
#636=CARTESIAN_POINT('',(-0.056,-0.020784915836182,0.166929133858268));
#637=DIRECTION('',(0.0,-1.0,0.0));
#638=VECTOR('',#637,0.035215084163818);
#639=LINE('',#636,#638);
#640=EDGE_CURVE('',#635,#562,#639,.T.);
#641=ORIENTED_EDGE('',*,*,#640,.F.);
#642=CARTESIAN_POINT('',(-0.056,-0.009055118110236,0.166929133858268));
#643=VERTEX_POINT('',#642);
#644=CARTESIAN_POINT('',(-0.056,-0.009055118110236,0.166929133858268));
#645=DIRECTION('',(0.0,-1.0,0.0));
#646=VECTOR('',#645,0.011729797725946);
#647=LINE('',#644,#646);
#648=EDGE_CURVE('',#643,#635,#647,.T.);
#649=ORIENTED_EDGE('',*,*,#648,.F.);
#650=CARTESIAN_POINT('',(-0.056,-0.009055118110236,0.283070866141732));
#651=VERTEX_POINT('',#650);
#652=CARTESIAN_POINT('',(-0.056,-0.009055118110236,0.166929133858268));
#653=DIRECTION('',(0.0,0.0,1.0));
#654=VECTOR('',#653,0.116141732283464);
#655=LINE('',#652,#654);
#656=EDGE_CURVE('',#643,#651,#655,.T.);
#657=ORIENTED_EDGE('',*,*,#656,.T.);
#658=CARTESIAN_POINT('',(-0.056,0.009055118110236,0.283070866141732));
#659=VERTEX_POINT('',#658);
#660=CARTESIAN_POINT('',(-0.056,-0.009055118110236,0.283070866141732));
#661=DIRECTION('',(0.0,1.0,0.0));
#662=VECTOR('',#661,0.018110236220472);
#663=LINE('',#660,#662);
#664=EDGE_CURVE('',#651,#659,#663,.T.);
#665=ORIENTED_EDGE('',*,*,#664,.T.);
#666=CARTESIAN_POINT('',(-0.056,0.009055118110236,0.166929133858268));
#667=VERTEX_POINT('',#666);
#668=CARTESIAN_POINT('',(-0.056,0.009055118110236,0.283070866141732));
#669=DIRECTION('',(0.0,0.0,-1.0));
#670=VECTOR('',#669,0.116141732283464);
#671=LINE('',#668,#670);
#672=EDGE_CURVE('',#659,#667,#671,.T.);
#673=ORIENTED_EDGE('',*,*,#672,.T.);
#674=CARTESIAN_POINT('',(-0.056,0.020784915836182,0.166929133858268));
#675=VERTEX_POINT('',#674);
#676=CARTESIAN_POINT('',(-0.056,0.020784915836182,0.166929133858268));
#677=DIRECTION('',(0.0,-1.0,0.0));
#678=VECTOR('',#677,0.011729797725946);
#679=LINE('',#676,#678);
#680=EDGE_CURVE('',#675,#667,#679,.T.);
#681=ORIENTED_EDGE('',*,*,#680,.F.);
#682=CARTESIAN_POINT('',(-0.056,0.056,0.166929133858268));
#683=DIRECTION('',(0.0,-1.0,0.0));
#684=VECTOR('',#683,0.035215084163818);
#685=LINE('',#682,#684);
#686=EDGE_CURVE('',#585,#675,#685,.T.);
#687=ORIENTED_EDGE('',*,*,#686,.F.);
#688=ORIENTED_EDGE('',*,*,#590,.T.);
#689=ORIENTED_EDGE('',*,*,#334,.T.);
#690=ORIENTED_EDGE('',*,*,#386,.T.);
#691=ORIENTED_EDGE('',*,*,#511,.T.);
#692=CARTESIAN_POINT('',(-0.056,0.056,0.498818897637795));
#693=VERTEX_POINT('',#692);
#694=CARTESIAN_POINT('',(-0.056,0.056,0.2372030296782));
#695=DIRECTION('',(0.0,0.0,1.0));
#696=VECTOR('',#695,0.261615867959595);
#697=LINE('',#694,#696);
#698=EDGE_CURVE('',#500,#693,#697,.T.);
#699=ORIENTED_EDGE('',*,*,#698,.T.);
#700=CARTESIAN_POINT('',(-0.056,0.0195,0.498818897637795));
#701=VERTEX_POINT('',#700);
#702=CARTESIAN_POINT('',(-0.056,0.0195,0.498818897637795));
#703=DIRECTION('',(0.0,1.0,0.0));
#704=VECTOR('',#703,0.0365);
#705=LINE('',#702,#704);
#706=EDGE_CURVE('',#701,#693,#705,.T.);
#707=ORIENTED_EDGE('',*,*,#706,.F.);
#708=CARTESIAN_POINT('',(-0.056,0.0195,0.320866141732284));
#709=VERTEX_POINT('',#708);
#710=CARTESIAN_POINT('',(-0.056,0.0195,0.498818897637795));
#711=DIRECTION('',(0.0,0.0,-1.0));
#712=VECTOR('',#711,0.177952755905511);
#713=LINE('',#710,#712);
#714=EDGE_CURVE('',#701,#709,#713,.T.);
#715=ORIENTED_EDGE('',*,*,#714,.T.);
#716=CARTESIAN_POINT('',(-0.056,-0.0195,0.320866141732284));
#717=VERTEX_POINT('',#716);
#718=CARTESIAN_POINT('',(-0.056,0.0195,0.320866141732284));
#719=DIRECTION('',(0.0,-1.0,0.0));
#720=VECTOR('',#719,0.039);
#721=LINE('',#718,#720);
#722=EDGE_CURVE('',#709,#717,#721,.T.);
#723=ORIENTED_EDGE('',*,*,#722,.T.);
#724=CARTESIAN_POINT('',(-0.056,-0.0195,0.498818897637795));
#725=VERTEX_POINT('',#724);
#726=CARTESIAN_POINT('',(-0.056,-0.0195,0.320866141732284));
#727=DIRECTION('',(0.0,0.0,1.0));
#728=VECTOR('',#727,0.177952755905511);
#729=LINE('',#726,#728);
#730=EDGE_CURVE('',#717,#725,#729,.T.);
#731=ORIENTED_EDGE('',*,*,#730,.T.);
#732=CARTESIAN_POINT('',(-0.056,-0.056,0.498818897637795));
#733=VERTEX_POINT('',#732);
#734=CARTESIAN_POINT('',(-0.056,-0.056,0.498818897637795));
#735=DIRECTION('',(0.0,1.0,0.0));
#736=VECTOR('',#735,0.0365);
#737=LINE('',#734,#736);
#738=EDGE_CURVE('',#733,#725,#737,.T.);
#739=ORIENTED_EDGE('',*,*,#738,.F.);
#740=CARTESIAN_POINT('',(-0.056,-0.056,0.2372030296782));
#741=DIRECTION('',(0.0,0.0,1.0));
#742=VECTOR('',#741,0.261615867959595);
#743=LINE('',#740,#742);
#744=EDGE_CURVE('',#264,#733,#743,.T.);
#745=ORIENTED_EDGE('',*,*,#744,.F.);
#746=EDGE_LOOP('',(#630,#631,#632,#633,#641,#649,#657,#665,#673,#681,#687,#688,#689,#690,#691,#699,#707,#715,#723,#731,#739,#745));
#747=FACE_OUTER_BOUND('',#746,.T.);
#748=ADVANCED_FACE('',(#747),#629,.F.);
#749=CARTESIAN_POINT('',(-0.057220472440945,-0.0195,0.507716535433071));
#750=DIRECTION('',(0.0,-1.0,0.0));
#751=DIRECTION('',(0.0,0.0,-1.0));
#752=AXIS2_PLACEMENT_3D('',#749,#750,#751);
#753=PLANE('',#752);
#754=CARTESIAN_POINT('',(-0.031590551181102,-0.0195,0.320866141732284));
#755=VERTEX_POINT('',#754);
#756=CARTESIAN_POINT('',(-0.056,-0.0195,0.320866141732284));
#757=DIRECTION('',(1.0,0.0,0.0));
#758=VECTOR('',#757,0.024409448818898);
#759=LINE('',#756,#758);
#760=EDGE_CURVE('',#717,#755,#759,.T.);
#761=ORIENTED_EDGE('',*,*,#760,.T.);
#762=CARTESIAN_POINT('',(-0.031590551181102,-0.0195,0.498818897637795));
#763=VERTEX_POINT('',#762);
#764=CARTESIAN_POINT('',(-0.031590551181102,-0.0195,0.498818897637795));
#765=DIRECTION('',(0.0,0.0,-1.0));
#766=VECTOR('',#765,0.177952755905511);
#767=LINE('',#764,#766);
#768=EDGE_CURVE('',#763,#755,#767,.T.);
#769=ORIENTED_EDGE('',*,*,#768,.F.);
#770=CARTESIAN_POINT('',(-0.056,-0.0195,0.498818897637795));
#771=DIRECTION('',(1.0,0.0,0.0));
#772=VECTOR('',#771,0.024409448818898);
#773=LINE('',#770,#772);
#774=EDGE_CURVE('',#725,#763,#773,.T.);
#775=ORIENTED_EDGE('',*,*,#774,.F.);
#776=ORIENTED_EDGE('',*,*,#730,.F.);
#777=EDGE_LOOP('',(#761,#769,#775,#776));
#778=FACE_OUTER_BOUND('',#777,.T.);
#779=ADVANCED_FACE('',(#778),#753,.T.);
#780=CARTESIAN_POINT('',(-0.031590551181102,-0.02145,0.507716535433071));
#781=DIRECTION('',(1.0,0.0,0.0));
#782=DIRECTION('',(0.0,0.0,-1.0));
#783=AXIS2_PLACEMENT_3D('',#780,#781,#782);
#784=PLANE('',#783);
#785=CARTESIAN_POINT('',(-0.031590551181102,0.0195,0.320866141732284));
#786=VERTEX_POINT('',#785);
#787=CARTESIAN_POINT('',(-0.031590551181102,-0.0195,0.320866141732284));
#788=DIRECTION('',(0.0,1.0,0.0));
#789=VECTOR('',#788,0.039);
#790=LINE('',#787,#789);
#791=EDGE_CURVE('',#755,#786,#790,.T.);
#792=ORIENTED_EDGE('',*,*,#791,.T.);
#793=CARTESIAN_POINT('',(-0.031590551181102,0.0195,0.498818897637795));
#794=VERTEX_POINT('',#793);
#795=CARTESIAN_POINT('',(-0.031590551181102,0.0195,0.498818897637795));
#796=DIRECTION('',(0.0,0.0,-1.0));
#797=VECTOR('',#796,0.177952755905511);
#798=LINE('',#795,#797);
#799=EDGE_CURVE('',#794,#786,#798,.T.);
#800=ORIENTED_EDGE('',*,*,#799,.F.);
#801=CARTESIAN_POINT('',(-0.031590551181102,-0.0195,0.498818897637795));
#802=DIRECTION('',(0.0,1.0,0.0));
#803=VECTOR('',#802,0.039);
#804=LINE('',#801,#803);
#805=EDGE_CURVE('',#763,#794,#804,.T.);
#806=ORIENTED_EDGE('',*,*,#805,.F.);
#807=ORIENTED_EDGE('',*,*,#768,.T.);
#808=EDGE_LOOP('',(#792,#800,#806,#807));
#809=FACE_OUTER_BOUND('',#808,.T.);
#810=ADVANCED_FACE('',(#809),#784,.T.);
#811=CARTESIAN_POINT('',(-0.057220472440945,0.0195,0.311968503937008));
#812=DIRECTION('',(0.0,1.0,0.0));
#813=DIRECTION('',(0.0,0.0,1.0));
#814=AXIS2_PLACEMENT_3D('',#811,#812,#813);
#815=PLANE('',#814);
#816=CARTESIAN_POINT('',(-0.031590551181102,0.0195,0.320866141732284));
#817=DIRECTION('',(-1.0,0.0,0.0));
#818=VECTOR('',#817,0.024409448818898);
#819=LINE('',#816,#818);
#820=EDGE_CURVE('',#786,#709,#819,.T.);
#821=ORIENTED_EDGE('',*,*,#820,.T.);
#822=ORIENTED_EDGE('',*,*,#714,.F.);
#823=CARTESIAN_POINT('',(-0.031590551181102,0.0195,0.498818897637795));
#824=DIRECTION('',(-1.0,0.0,0.0));
#825=VECTOR('',#824,0.024409448818898);
#826=LINE('',#823,#825);
#827=EDGE_CURVE('',#794,#701,#826,.T.);
#828=ORIENTED_EDGE('',*,*,#827,.F.);
#829=ORIENTED_EDGE('',*,*,#799,.T.);
#830=EDGE_LOOP('',(#821,#822,#828,#829));
#831=FACE_OUTER_BOUND('',#830,.T.);
#832=ADVANCED_FACE('',(#831),#815,.T.);
#833=CARTESIAN_POINT('',(-0.057220472440945,-0.02145,0.320866141732284));
#834=DIRECTION('',(0.0,0.0,1.0));
#835=DIRECTION('',(1.0,0.0,0.0));
#836=AXIS2_PLACEMENT_3D('',#833,#834,#835);
#837=PLANE('',#836);
#838=ORIENTED_EDGE('',*,*,#760,.F.);
#839=ORIENTED_EDGE('',*,*,#722,.F.);
#840=ORIENTED_EDGE('',*,*,#820,.F.);
#841=ORIENTED_EDGE('',*,*,#791,.F.);
#842=EDGE_LOOP('',(#838,#839,#840,#841));
#843=FACE_OUTER_BOUND('',#842,.T.);
#844=ADVANCED_FACE('',(#843),#837,.F.);
#845=CARTESIAN_POINT('',(0.030370078740157,0.0195,0.311968503937008));
#846=DIRECTION('',(0.0,1.0,0.0));
#847=DIRECTION('',(0.0,0.0,1.0));
#848=AXIS2_PLACEMENT_3D('',#845,#846,#847);
#849=PLANE('',#848);
#850=CARTESIAN_POINT('',(0.056,0.0195,0.320866141732284));
#851=VERTEX_POINT('',#850);
#852=CARTESIAN_POINT('',(0.031590551181102,0.0195,0.320866141732284));
#853=VERTEX_POINT('',#852);
#854=CARTESIAN_POINT('',(0.056,0.0195,0.320866141732284));
#855=DIRECTION('',(-1.0,0.0,0.0));
#856=VECTOR('',#855,0.024409448818898);
#857=LINE('',#854,#856);
#858=EDGE_CURVE('',#851,#853,#857,.T.);
#859=ORIENTED_EDGE('',*,*,#858,.T.);
#860=CARTESIAN_POINT('',(0.031590551181102,0.0195,0.498818897637795));
#861=VERTEX_POINT('',#860);
#862=CARTESIAN_POINT('',(0.031590551181102,0.0195,0.498818897637795));
#863=DIRECTION('',(0.0,0.0,-1.0));
#864=VECTOR('',#863,0.177952755905511);
#865=LINE('',#862,#864);
#866=EDGE_CURVE('',#861,#853,#865,.T.);
#867=ORIENTED_EDGE('',*,*,#866,.F.);
#868=CARTESIAN_POINT('',(0.056,0.0195,0.498818897637795));
#869=VERTEX_POINT('',#868);
#870=CARTESIAN_POINT('',(0.056,0.0195,0.498818897637795));
#871=DIRECTION('',(-1.0,0.0,0.0));
#872=VECTOR('',#871,0.024409448818898);
#873=LINE('',#870,#872);
#874=EDGE_CURVE('',#869,#861,#873,.T.);
#875=ORIENTED_EDGE('',*,*,#874,.F.);
#876=CARTESIAN_POINT('',(0.056,0.0195,0.320866141732284));
#877=DIRECTION('',(0.0,0.0,1.0));
#878=VECTOR('',#877,0.177952755905511);
#879=LINE('',#876,#878);
#880=EDGE_CURVE('',#851,#869,#879,.T.);
#881=ORIENTED_EDGE('',*,*,#880,.F.);
#882=EDGE_LOOP('',(#859,#867,#875,#881));
#883=FACE_OUTER_BOUND('',#882,.T.);
#884=ADVANCED_FACE('',(#883),#849,.T.);
#885=CARTESIAN_POINT('',(0.031590551181102,-0.02145,0.311968503937008));
#886=DIRECTION('',(-1.0,0.0,0.0));
#887=DIRECTION('',(0.0,0.0,1.0));
#888=AXIS2_PLACEMENT_3D('',#885,#886,#887);
#889=PLANE('',#888);
#890=CARTESIAN_POINT('',(0.031590551181102,-0.0195,0.320866141732284));
#891=VERTEX_POINT('',#890);
#892=CARTESIAN_POINT('',(0.031590551181102,0.0195,0.320866141732284));
#893=DIRECTION('',(0.0,-1.0,0.0));
#894=VECTOR('',#893,0.039);
#895=LINE('',#892,#894);
#896=EDGE_CURVE('',#853,#891,#895,.T.);
#897=ORIENTED_EDGE('',*,*,#896,.T.);
#898=CARTESIAN_POINT('',(0.031590551181102,-0.0195,0.498818897637795));
#899=VERTEX_POINT('',#898);
#900=CARTESIAN_POINT('',(0.031590551181102,-0.0195,0.498818897637795));
#901=DIRECTION('',(0.0,0.0,-1.0));
#902=VECTOR('',#901,0.177952755905511);
#903=LINE('',#900,#902);
#904=EDGE_CURVE('',#899,#891,#903,.T.);
#905=ORIENTED_EDGE('',*,*,#904,.F.);
#906=CARTESIAN_POINT('',(0.031590551181102,0.0195,0.498818897637795));
#907=DIRECTION('',(0.0,-1.0,0.0));
#908=VECTOR('',#907,0.039);
#909=LINE('',#906,#908);
#910=EDGE_CURVE('',#861,#899,#909,.T.);
#911=ORIENTED_EDGE('',*,*,#910,.F.);
#912=ORIENTED_EDGE('',*,*,#866,.T.);
#913=EDGE_LOOP('',(#897,#905,#911,#912));
#914=FACE_OUTER_BOUND('',#913,.T.);
#915=ADVANCED_FACE('',(#914),#889,.T.);
#916=CARTESIAN_POINT('',(0.030370078740157,-0.0195,0.507716535433071));
#917=DIRECTION('',(0.0,-1.0,0.0));
#918=DIRECTION('',(0.0,0.0,-1.0));
#919=AXIS2_PLACEMENT_3D('',#916,#917,#918);
#920=PLANE('',#919);
#921=CARTESIAN_POINT('',(0.056,-0.0195,0.320866141732284));
#922=VERTEX_POINT('',#921);
#923=CARTESIAN_POINT('',(0.031590551181102,-0.0195,0.320866141732284));
#924=DIRECTION('',(1.0,0.0,0.0));
#925=VECTOR('',#924,0.024409448818898);
#926=LINE('',#923,#925);
#927=EDGE_CURVE('',#891,#922,#926,.T.);
#928=ORIENTED_EDGE('',*,*,#927,.T.);
#929=CARTESIAN_POINT('',(0.056,-0.0195,0.498818897637795));
#930=VERTEX_POINT('',#929);
#931=CARTESIAN_POINT('',(0.056,-0.0195,0.498818897637795));
#932=DIRECTION('',(0.0,0.0,-1.0));
#933=VECTOR('',#932,0.177952755905511);
#934=LINE('',#931,#933);
#935=EDGE_CURVE('',#930,#922,#934,.T.);
#936=ORIENTED_EDGE('',*,*,#935,.F.);
#937=CARTESIAN_POINT('',(0.031590551181102,-0.0195,0.498818897637795));
#938=DIRECTION('',(1.0,0.0,0.0));
#939=VECTOR('',#938,0.024409448818898);
#940=LINE('',#937,#939);
#941=EDGE_CURVE('',#899,#930,#940,.T.);
#942=ORIENTED_EDGE('',*,*,#941,.F.);
#943=ORIENTED_EDGE('',*,*,#904,.T.);
#944=EDGE_LOOP('',(#928,#936,#942,#943));
#945=FACE_OUTER_BOUND('',#944,.T.);
#946=ADVANCED_FACE('',(#945),#920,.T.);
#947=CARTESIAN_POINT('',(0.030370078740157,-0.02145,0.320866141732284));
#948=DIRECTION('',(0.0,0.0,1.0));
#949=DIRECTION('',(1.0,0.0,0.0));
#950=AXIS2_PLACEMENT_3D('',#947,#948,#949);
#951=PLANE('',#950);
#952=CARTESIAN_POINT('',(0.056,-0.0195,0.320866141732284));
#953=DIRECTION('',(0.0,1.0,0.0));
#954=VECTOR('',#953,0.039);
#955=LINE('',#952,#954);
#956=EDGE_CURVE('',#922,#851,#955,.T.);
#957=ORIENTED_EDGE('',*,*,#956,.F.);
#958=ORIENTED_EDGE('',*,*,#927,.F.);
#959=ORIENTED_EDGE('',*,*,#896,.F.);
#960=ORIENTED_EDGE('',*,*,#858,.F.);
#961=EDGE_LOOP('',(#957,#958,#959,#960));
#962=FACE_OUTER_BOUND('',#961,.T.);
#963=ADVANCED_FACE('',(#962),#951,.F.);
#964=CARTESIAN_POINT('',(-0.0616,-0.0616,0.498818897637795));
#965=DIRECTION('',(0.0,0.0,1.0));
#966=DIRECTION('',(1.0,0.0,0.0));
#967=AXIS2_PLACEMENT_3D('',#964,#965,#966);
#968=PLANE('',#967);
#969=ORIENTED_EDGE('',*,*,#774,.T.);
#970=ORIENTED_EDGE('',*,*,#805,.T.);
#971=ORIENTED_EDGE('',*,*,#827,.T.);
#972=ORIENTED_EDGE('',*,*,#706,.T.);
#973=CARTESIAN_POINT('',(0.056,0.056,0.498818897637795));
#974=VERTEX_POINT('',#973);
#975=CARTESIAN_POINT('',(-0.056,0.056,0.498818897637795));
#976=DIRECTION('',(1.0,0.0,0.0));
#977=VECTOR('',#976,0.112);
#978=LINE('',#975,#977);
#979=EDGE_CURVE('',#693,#974,#978,.T.);
#980=ORIENTED_EDGE('',*,*,#979,.T.);
#981=CARTESIAN_POINT('',(0.056,0.056,0.498818897637795));
#982=DIRECTION('',(0.0,-1.0,0.0));
#983=VECTOR('',#982,0.0365);
#984=LINE('',#981,#983);
#985=EDGE_CURVE('',#974,#869,#984,.T.);
#986=ORIENTED_EDGE('',*,*,#985,.T.);
#987=ORIENTED_EDGE('',*,*,#874,.T.);
#988=ORIENTED_EDGE('',*,*,#910,.T.);
#989=ORIENTED_EDGE('',*,*,#941,.T.);
#990=CARTESIAN_POINT('',(0.056,-0.056,0.498818897637795));
#991=VERTEX_POINT('',#990);
#992=CARTESIAN_POINT('',(0.056,-0.0195,0.498818897637795));
#993=DIRECTION('',(0.0,-1.0,0.0));
#994=VECTOR('',#993,0.0365);
#995=LINE('',#992,#994);
#996=EDGE_CURVE('',#930,#991,#995,.T.);
#997=ORIENTED_EDGE('',*,*,#996,.T.);
#998=CARTESIAN_POINT('',(0.056,-0.056,0.498818897637795));
#999=DIRECTION('',(-1.0,0.0,0.0));
#1000=VECTOR('',#999,0.112);
#1001=LINE('',#998,#1000);
#1002=EDGE_CURVE('',#991,#733,#1001,.T.);
#1003=ORIENTED_EDGE('',*,*,#1002,.T.);
#1004=ORIENTED_EDGE('',*,*,#738,.T.);
#1005=EDGE_LOOP('',(#969,#970,#971,#972,#980,#986,#987,#988,#989,#997,#1003,#1004));
#1006=FACE_OUTER_BOUND('',#1005,.T.);
#1007=ADVANCED_FACE('',(#1006),#968,.F.);
#1008=CARTESIAN_POINT('',(0.053820540984201,0.009055118110236,0.161122047244095));
#1009=DIRECTION('',(0.0,1.0,0.0));
#1010=DIRECTION('',(0.0,0.0,1.0));
#1011=AXIS2_PLACEMENT_3D('',#1008,#1009,#1010);
#1012=PLANE('',#1011);
#1013=CARTESIAN_POINT('',(0.097940879313176,0.009055118110236,0.283070866141732));
#1014=VERTEX_POINT('',#1013);
#1015=CARTESIAN_POINT('',(0.099589180315985,0.009055118110236,0.166929133858268));
#1016=VERTEX_POINT('',#1015);
#1017=CARTESIAN_POINT('',(0.097940879313176,0.009055118110236,0.283070866141732));
#1018=DIRECTION('',(0.014190721951801,-2.986952E-017,-0.999899306635667));
#1019=VECTOR('',#1018,0.116153428162925);
#1020=LINE('',#1017,#1019);
#1021=EDGE_CURVE('',#1014,#1016,#1020,.T.);
#1022=ORIENTED_EDGE('',*,*,#1021,.F.);
#1023=CARTESIAN_POINT('',(0.056,0.009055118110236,0.283070866141732));
#1024=VERTEX_POINT('',#1023);
#1025=CARTESIAN_POINT('',(0.056,0.009055118110236,0.283070866141732));
#1026=DIRECTION('',(1.0,0.0,0.0));
#1027=VECTOR('',#1026,0.041940879313176);
#1028=LINE('',#1025,#1027);
#1029=EDGE_CURVE('',#1024,#1014,#1028,.T.);
#1030=ORIENTED_EDGE('',*,*,#1029,.F.);
#1031=CARTESIAN_POINT('',(0.056,0.009055118110236,0.166929133858268));
#1032=VERTEX_POINT('',#1031);
#1033=CARTESIAN_POINT('',(0.056,0.009055118110236,0.166929133858268));
#1034=DIRECTION('',(0.0,0.0,1.0));
#1035=VECTOR('',#1034,0.116141732283464);
#1036=LINE('',#1033,#1035);
#1037=EDGE_CURVE('',#1032,#1024,#1036,.T.);
#1038=ORIENTED_EDGE('',*,*,#1037,.F.);
#1039=CARTESIAN_POINT('',(0.059042506402818,0.009055118110236,0.166929133858268));
#1040=VERTEX_POINT('',#1039);
#1041=CARTESIAN_POINT('',(0.059042506402818,0.009055118110236,0.166929133858268));
#1042=DIRECTION('',(-1.0,0.0,0.0));
#1043=VECTOR('',#1042,0.003042506402818);
#1044=LINE('',#1041,#1043);
#1045=EDGE_CURVE('',#1040,#1032,#1044,.T.);
#1046=ORIENTED_EDGE('',*,*,#1045,.F.);
#1047=CARTESIAN_POINT('',(0.099589180315985,0.009055118110236,0.166929133858268));
#1048=DIRECTION('',(-1.0,0.0,0.0));
#1049=VECTOR('',#1048,0.040546673913167);
#1050=LINE('',#1047,#1049);
#1051=EDGE_CURVE('',#1016,#1040,#1050,.T.);
#1052=ORIENTED_EDGE('',*,*,#1051,.F.);
#1053=EDGE_LOOP('',(#1022,#1030,#1038,#1046,#1052));
#1054=FACE_OUTER_BOUND('',#1053,.T.);
#1055=ADVANCED_FACE('',(#1054),#1012,.F.);
#1056=CARTESIAN_POINT('',(0.053820540984201,-0.009055118110236,0.288877952755905));
#1057=DIRECTION('',(0.0,-1.0,0.0));
#1058=DIRECTION('',(0.0,0.0,-1.0));
#1059=AXIS2_PLACEMENT_3D('',#1056,#1057,#1058);
#1060=PLANE('',#1059);
#1061=CARTESIAN_POINT('',(0.099589180315985,-0.009055118110236,0.166929133858268));
#1062=VERTEX_POINT('',#1061);
#1063=CARTESIAN_POINT('',(0.097940879313176,-0.009055118110236,0.283070866141732));
#1064=VERTEX_POINT('',#1063);
#1065=CARTESIAN_POINT('',(0.099589180315985,-0.009055118110236,0.166929133858268));
#1066=DIRECTION('',(-0.014190721951801,0.0,0.999899306635667));
#1067=VECTOR('',#1066,0.116153428162925);
#1068=LINE('',#1065,#1067);
#1069=EDGE_CURVE('',#1062,#1064,#1068,.T.);
#1070=ORIENTED_EDGE('',*,*,#1069,.F.);
#1071=CARTESIAN_POINT('',(0.059042506402818,-0.009055118110236,0.166929133858268));
#1072=VERTEX_POINT('',#1071);
#1073=CARTESIAN_POINT('',(0.059042506402818,-0.009055118110236,0.166929133858268));
#1074=DIRECTION('',(1.0,0.0,0.0));
#1075=VECTOR('',#1074,0.040546673913167);
#1076=LINE('',#1073,#1075);
#1077=EDGE_CURVE('',#1072,#1062,#1076,.T.);
#1078=ORIENTED_EDGE('',*,*,#1077,.F.);
#1079=CARTESIAN_POINT('',(0.056,-0.009055118110236,0.166929133858268));
#1080=VERTEX_POINT('',#1079);
#1081=CARTESIAN_POINT('',(0.056,-0.009055118110236,0.166929133858268));
#1082=DIRECTION('',(1.0,0.0,0.0));
#1083=VECTOR('',#1082,0.003042506402818);
#1084=LINE('',#1081,#1083);
#1085=EDGE_CURVE('',#1080,#1072,#1084,.T.);
#1086=ORIENTED_EDGE('',*,*,#1085,.F.);
#1087=CARTESIAN_POINT('',(0.056,-0.009055118110236,0.283070866141732));
#1088=VERTEX_POINT('',#1087);
#1089=CARTESIAN_POINT('',(0.056,-0.009055118110236,0.283070866141732));
#1090=DIRECTION('',(0.0,0.0,-1.0));
#1091=VECTOR('',#1090,0.116141732283464);
#1092=LINE('',#1089,#1091);
#1093=EDGE_CURVE('',#1088,#1080,#1092,.T.);
#1094=ORIENTED_EDGE('',*,*,#1093,.F.);
#1095=CARTESIAN_POINT('',(0.097940879313176,-0.009055118110236,0.283070866141732));
#1096=DIRECTION('',(-1.0,0.0,0.0));
#1097=VECTOR('',#1096,0.041940879313176);
#1098=LINE('',#1095,#1097);
#1099=EDGE_CURVE('',#1064,#1088,#1098,.T.);
#1100=ORIENTED_EDGE('',*,*,#1099,.F.);
#1101=EDGE_LOOP('',(#1070,#1078,#1086,#1094,#1100));
#1102=FACE_OUTER_BOUND('',#1101,.T.);
#1103=ADVANCED_FACE('',(#1102),#1060,.F.);
#1104=CARTESIAN_POINT('',(0.053882328833356,-0.00996062992126,0.283070866141732));
#1105=DIRECTION('',(0.0,0.0,1.0));
#1106=DIRECTION('',(1.0,0.0,0.0));
#1107=AXIS2_PLACEMENT_3D('',#1104,#1105,#1106);
#1108=PLANE('',#1107);
#1109=CARTESIAN_POINT('',(3.510294E-019,8.304646E-018,0.283070866141732));
#1110=DIRECTION('',(0.0,0.0,1.0));
#1111=DIRECTION('',(-1.0,0.0,0.0));
#1112=AXIS2_PLACEMENT_3D('',#1109,#1110,#1111);
#1113=CIRCLE('',#1112,0.098358583787224);
#1114=EDGE_CURVE('',#1064,#1014,#1113,.T.);
#1115=ORIENTED_EDGE('',*,*,#1114,.F.);
#1116=ORIENTED_EDGE('',*,*,#1099,.T.);
#1117=CARTESIAN_POINT('',(0.056,0.009055118110236,0.283070866141732));
#1118=DIRECTION('',(0.0,-1.0,0.0));
#1119=VECTOR('',#1118,0.018110236220472);
#1120=LINE('',#1117,#1119);
#1121=EDGE_CURVE('',#1024,#1088,#1120,.T.);
#1122=ORIENTED_EDGE('',*,*,#1121,.F.);
#1123=ORIENTED_EDGE('',*,*,#1029,.T.);
#1124=EDGE_LOOP('',(#1115,#1116,#1122,#1123));
#1125=FACE_OUTER_BOUND('',#1124,.T.);
#1126=ADVANCED_FACE('',(#1125),#1108,.F.);
#1127=CARTESIAN_POINT('',(-0.101768639331784,0.009055118110236,0.161122047244095));
#1128=DIRECTION('',(0.0,1.0,0.0));
#1129=DIRECTION('',(0.0,0.0,1.0));
#1130=AXIS2_PLACEMENT_3D('',#1127,#1128,#1129);
#1131=PLANE('',#1130);
#1132=CARTESIAN_POINT('',(-0.099589180315985,0.009055118110236,0.166929133858268));
#1133=VERTEX_POINT('',#1132);
#1134=CARTESIAN_POINT('',(-0.097940879313176,0.009055118110236,0.283070866141732));
#1135=VERTEX_POINT('',#1134);
#1136=CARTESIAN_POINT('',(-0.099589180315985,0.009055118110236,0.166929133858268));
#1137=DIRECTION('',(0.014190721951801,0.0,0.999899306635667));
#1138=VECTOR('',#1137,0.116153428162925);
#1139=LINE('',#1136,#1138);
#1140=EDGE_CURVE('',#1133,#1135,#1139,.T.);
#1141=ORIENTED_EDGE('',*,*,#1140,.F.);
#1142=CARTESIAN_POINT('',(-0.059042506402818,0.009055118110236,0.166929133858268));
#1143=VERTEX_POINT('',#1142);
#1144=CARTESIAN_POINT('',(-0.059042506402818,0.009055118110236,0.166929133858268));
#1145=DIRECTION('',(-1.0,0.0,0.0));
#1146=VECTOR('',#1145,0.040546673913167);
#1147=LINE('',#1144,#1146);
#1148=EDGE_CURVE('',#1143,#1133,#1147,.T.);
#1149=ORIENTED_EDGE('',*,*,#1148,.F.);
#1150=CARTESIAN_POINT('',(-0.056,0.009055118110236,0.166929133858268));
#1151=DIRECTION('',(-1.0,0.0,0.0));
#1152=VECTOR('',#1151,0.003042506402818);
#1153=LINE('',#1150,#1152);
#1154=EDGE_CURVE('',#667,#1143,#1153,.T.);
#1155=ORIENTED_EDGE('',*,*,#1154,.F.);
#1156=ORIENTED_EDGE('',*,*,#672,.F.);
#1157=CARTESIAN_POINT('',(-0.097940879313176,0.009055118110236,0.283070866141732));
#1158=DIRECTION('',(1.0,0.0,0.0));
#1159=VECTOR('',#1158,0.041940879313176);
#1160=LINE('',#1157,#1159);
#1161=EDGE_CURVE('',#1135,#659,#1160,.T.);
#1162=ORIENTED_EDGE('',*,*,#1161,.F.);
#1163=EDGE_LOOP('',(#1141,#1149,#1155,#1156,#1162));
#1164=FACE_OUTER_BOUND('',#1163,.T.);
#1165=ADVANCED_FACE('',(#1164),#1131,.F.);
#1166=CARTESIAN_POINT('',(-0.100471094499522,-0.00996062992126,0.283070866141732));
#1167=DIRECTION('',(0.0,0.0,1.0));
#1168=DIRECTION('',(1.0,0.0,0.0));
#1169=AXIS2_PLACEMENT_3D('',#1166,#1167,#1168);
#1170=PLANE('',#1169);
#1171=CARTESIAN_POINT('',(-0.097940879313176,-0.009055118110236,0.283070866141732));
#1172=VERTEX_POINT('',#1171);
#1173=CARTESIAN_POINT('',(3.510294E-019,8.304646E-018,0.283070866141732));
#1174=DIRECTION('',(0.0,0.0,1.0));
#1175=DIRECTION('',(-1.0,0.0,0.0));
#1176=AXIS2_PLACEMENT_3D('',#1173,#1174,#1175);
#1177=CIRCLE('',#1176,0.098358583787224);
#1178=EDGE_CURVE('',#1135,#1172,#1177,.T.);
#1179=ORIENTED_EDGE('',*,*,#1178,.F.);
#1180=ORIENTED_EDGE('',*,*,#1161,.T.);
#1181=ORIENTED_EDGE('',*,*,#664,.F.);
#1182=CARTESIAN_POINT('',(-0.056,-0.009055118110236,0.283070866141732));
#1183=DIRECTION('',(-1.0,0.0,0.0));
#1184=VECTOR('',#1183,0.041940879313176);
#1185=LINE('',#1182,#1184);
#1186=EDGE_CURVE('',#651,#1172,#1185,.T.);
#1187=ORIENTED_EDGE('',*,*,#1186,.T.);
#1188=EDGE_LOOP('',(#1179,#1180,#1181,#1187));
#1189=FACE_OUTER_BOUND('',#1188,.T.);
#1190=ADVANCED_FACE('',(#1189),#1170,.F.);
#1191=CARTESIAN_POINT('',(-0.101768639331784,-0.009055118110236,0.288877952755905));
#1192=DIRECTION('',(0.0,-1.0,0.0));
#1193=DIRECTION('',(0.0,0.0,-1.0));
#1194=AXIS2_PLACEMENT_3D('',#1191,#1192,#1193);
#1195=PLANE('',#1194);
#1196=CARTESIAN_POINT('',(-0.099589180315985,-0.009055118110236,0.166929133858268));
#1197=VERTEX_POINT('',#1196);
#1198=CARTESIAN_POINT('',(-0.097940879313176,-0.009055118110236,0.283070866141732));
#1199=DIRECTION('',(-0.014190721951801,2.986952E-017,-0.999899306635667));
#1200=VECTOR('',#1199,0.116153428162925);
#1201=LINE('',#1198,#1200);
#1202=EDGE_CURVE('',#1172,#1197,#1201,.T.);
#1203=ORIENTED_EDGE('',*,*,#1202,.F.);
#1204=ORIENTED_EDGE('',*,*,#1186,.F.);
#1205=ORIENTED_EDGE('',*,*,#656,.F.);
#1206=CARTESIAN_POINT('',(-0.059042506402818,-0.009055118110236,0.166929133858268));
#1207=VERTEX_POINT('',#1206);
#1208=CARTESIAN_POINT('',(-0.059042506402818,-0.009055118110236,0.166929133858268));
#1209=DIRECTION('',(1.0,0.0,0.0));
#1210=VECTOR('',#1209,0.003042506402818);
#1211=LINE('',#1208,#1210);
#1212=EDGE_CURVE('',#1207,#643,#1211,.T.);
#1213=ORIENTED_EDGE('',*,*,#1212,.F.);
#1214=CARTESIAN_POINT('',(-0.099589180315985,-0.009055118110236,0.166929133858268));
#1215=DIRECTION('',(1.0,0.0,0.0));
#1216=VECTOR('',#1215,0.040546673913167);
#1217=LINE('',#1214,#1216);
#1218=EDGE_CURVE('',#1197,#1207,#1217,.T.);
#1219=ORIENTED_EDGE('',*,*,#1218,.F.);
#1220=EDGE_LOOP('',(#1203,#1204,#1205,#1213,#1219));
#1221=FACE_OUTER_BOUND('',#1220,.T.);
#1222=ADVANCED_FACE('',(#1221),#1195,.F.);
#1223=CARTESIAN_POINT('',(0.056,-0.0616,0.515413385826771));
#1224=DIRECTION('',(1.0,0.0,0.0));
#1225=DIRECTION('',(0.0,0.0,-1.0));
#1226=AXIS2_PLACEMENT_3D('',#1223,#1224,#1225);
#1227=PLANE('',#1226);
#1228=ORIENTED_EDGE('',*,*,#283,.T.);
#1229=CARTESIAN_POINT('',(0.056,-0.056,0.2372030296782));
#1230=DIRECTION('',(0.0,0.0,1.0));
#1231=VECTOR('',#1230,0.261615867959595);
#1232=LINE('',#1229,#1231);
#1233=EDGE_CURVE('',#272,#991,#1232,.T.);
#1234=ORIENTED_EDGE('',*,*,#1233,.T.);
#1235=ORIENTED_EDGE('',*,*,#996,.F.);
#1236=ORIENTED_EDGE('',*,*,#935,.T.);
#1237=ORIENTED_EDGE('',*,*,#956,.T.);
#1238=ORIENTED_EDGE('',*,*,#880,.T.);
#1239=ORIENTED_EDGE('',*,*,#985,.F.);
#1240=CARTESIAN_POINT('',(0.056,0.056,0.2372030296782));
#1241=DIRECTION('',(0.0,0.0,1.0));
#1242=VECTOR('',#1241,0.261615867959595);
#1243=LINE('',#1240,#1242);
#1244=EDGE_CURVE('',#492,#974,#1243,.T.);
#1245=ORIENTED_EDGE('',*,*,#1244,.F.);
#1246=ORIENTED_EDGE('',*,*,#497,.T.);
#1247=ORIENTED_EDGE('',*,*,#466,.T.);
#1248=ORIENTED_EDGE('',*,*,#350,.T.);
#1249=ORIENTED_EDGE('',*,*,#620,.F.);
#1250=CARTESIAN_POINT('',(0.056,0.020784915836182,0.166929133858268));
#1251=VERTEX_POINT('',#1250);
#1252=CARTESIAN_POINT('',(0.056,0.020784915836182,0.166929133858268));
#1253=DIRECTION('',(0.0,1.0,0.0));
#1254=VECTOR('',#1253,0.035215084163818);
#1255=LINE('',#1252,#1254);
#1256=EDGE_CURVE('',#1251,#609,#1255,.T.);
#1257=ORIENTED_EDGE('',*,*,#1256,.F.);
#1258=CARTESIAN_POINT('',(0.056,0.009055118110236,0.166929133858268));
#1259=DIRECTION('',(0.0,1.0,0.0));
#1260=VECTOR('',#1259,0.011729797725946);
#1261=LINE('',#1258,#1260);
#1262=EDGE_CURVE('',#1032,#1251,#1261,.T.);
#1263=ORIENTED_EDGE('',*,*,#1262,.F.);
#1264=ORIENTED_EDGE('',*,*,#1037,.T.);
#1265=ORIENTED_EDGE('',*,*,#1121,.T.);
#1266=ORIENTED_EDGE('',*,*,#1093,.T.);
#1267=CARTESIAN_POINT('',(0.056,-0.020784915836182,0.166929133858268));
#1268=VERTEX_POINT('',#1267);
#1269=CARTESIAN_POINT('',(0.056,-0.020784915836182,0.166929133858268));
#1270=DIRECTION('',(0.0,1.0,0.0));
#1271=VECTOR('',#1270,0.011729797725946);
#1272=LINE('',#1269,#1271);
#1273=EDGE_CURVE('',#1268,#1080,#1272,.T.);
#1274=ORIENTED_EDGE('',*,*,#1273,.F.);
#1275=CARTESIAN_POINT('',(0.056,-0.056,0.166929133858268));
#1276=DIRECTION('',(0.0,1.0,0.0));
#1277=VECTOR('',#1276,0.035215084163818);
#1278=LINE('',#1275,#1277);
#1279=EDGE_CURVE('',#538,#1268,#1278,.T.);
#1280=ORIENTED_EDGE('',*,*,#1279,.F.);
#1281=ORIENTED_EDGE('',*,*,#543,.T.);
#1282=ORIENTED_EDGE('',*,*,#412,.T.);
#1283=ORIENTED_EDGE('',*,*,#224,.T.);
#1284=EDGE_LOOP('',(#1228,#1234,#1235,#1236,#1237,#1238,#1239,#1245,#1246,#1247,#1248,#1249,#1257,#1263,#1264,#1265,#1266,#1274,#1280,#1281,#1282,#1283));
#1285=FACE_OUTER_BOUND('',#1284,.T.);
#1286=ADVANCED_FACE('',(#1285),#1227,.F.);
#1287=CARTESIAN_POINT('',(0.109548098347583,-0.104547244094488,0.166929133858268));
#1288=DIRECTION('',(0.0,0.0,-1.0));
#1289=DIRECTION('',(-1.0,0.0,0.0));
#1290=AXIS2_PLACEMENT_3D('',#1287,#1288,#1289);
#1291=PLANE('',#1290);
#1292=CARTESIAN_POINT('',(-8.249654E-035,1.873156E-033,0.166929133858268));
#1293=DIRECTION('',(0.0,0.0,-1.0));
#1294=DIRECTION('',(1.0,0.0,0.0));
#1295=AXIS2_PLACEMENT_3D('',#1292,#1293,#1294);
#1296=CIRCLE('',#1295,0.059732844619331);
#1297=EDGE_CURVE('',#546,#554,#1296,.T.);
#1298=ORIENTED_EDGE('',*,*,#1297,.F.);
#1299=ORIENTED_EDGE('',*,*,#551,.T.);
#1300=ORIENTED_EDGE('',*,*,#1279,.T.);
#1301=CARTESIAN_POINT('',(-8.249654E-035,1.873156E-033,0.166929133858268));
#1302=DIRECTION('',(0.0,0.0,-1.0));
#1303=DIRECTION('',(1.0,0.0,0.0));
#1304=AXIS2_PLACEMENT_3D('',#1301,#1302,#1303);
#1305=CIRCLE('',#1304,0.059732844619331);
#1306=EDGE_CURVE('',#1072,#1268,#1305,.T.);
#1307=ORIENTED_EDGE('',*,*,#1306,.F.);
#1308=ORIENTED_EDGE('',*,*,#1077,.T.);
#1309=CARTESIAN_POINT('',(3.510294E-019,8.304646E-018,0.166929133858268));
#1310=DIRECTION('',(0.0,0.0,-1.0));
#1311=DIRECTION('',(-1.0,0.0,0.0));
#1312=AXIS2_PLACEMENT_3D('',#1309,#1310,#1311);
#1313=CIRCLE('',#1312,0.1);
#1314=EDGE_CURVE('',#1062,#1197,#1313,.T.);
#1315=ORIENTED_EDGE('',*,*,#1314,.T.);
#1316=ORIENTED_EDGE('',*,*,#1218,.T.);
#1317=CARTESIAN_POINT('',(-8.249654E-035,1.873156E-033,0.166929133858268));
#1318=DIRECTION('',(0.0,0.0,-1.0));
#1319=DIRECTION('',(1.0,0.0,0.0));
#1320=AXIS2_PLACEMENT_3D('',#1317,#1318,#1319);
#1321=CIRCLE('',#1320,0.059732844619331);
#1322=EDGE_CURVE('',#635,#1207,#1321,.T.);
#1323=ORIENTED_EDGE('',*,*,#1322,.F.);
#1324=ORIENTED_EDGE('',*,*,#640,.T.);
#1325=ORIENTED_EDGE('',*,*,#567,.T.);
#1326=EDGE_LOOP('',(#1298,#1299,#1300,#1307,#1308,#1315,#1316,#1323,#1324,#1325));
#1327=FACE_OUTER_BOUND('',#1326,.T.);
#1328=ADVANCED_FACE('',(#1327),#1291,.T.);
#1329=CARTESIAN_POINT('',(0.109548098347583,0.004507874015748,0.166929133858268));
#1330=DIRECTION('',(0.0,0.0,-1.0));
#1331=DIRECTION('',(-1.0,0.0,0.0));
#1332=AXIS2_PLACEMENT_3D('',#1329,#1330,#1331);
#1333=PLANE('',#1332);
#1334=CARTESIAN_POINT('',(-8.249654E-035,1.873156E-033,0.166929133858268));
#1335=DIRECTION('',(0.0,0.0,-1.0));
#1336=DIRECTION('',(1.0,0.0,0.0));
#1337=AXIS2_PLACEMENT_3D('',#1334,#1335,#1336);
#1338=CIRCLE('',#1337,0.059732844619331);
#1339=EDGE_CURVE('',#593,#601,#1338,.T.);
#1340=ORIENTED_EDGE('',*,*,#1339,.F.);
#1341=ORIENTED_EDGE('',*,*,#598,.T.);
#1342=ORIENTED_EDGE('',*,*,#686,.T.);
#1343=CARTESIAN_POINT('',(-8.249654E-035,1.873156E-033,0.166929133858268));
#1344=DIRECTION('',(0.0,0.0,-1.0));
#1345=DIRECTION('',(1.0,0.0,0.0));
#1346=AXIS2_PLACEMENT_3D('',#1343,#1344,#1345);
#1347=CIRCLE('',#1346,0.059732844619331);
#1348=EDGE_CURVE('',#1143,#675,#1347,.T.);
#1349=ORIENTED_EDGE('',*,*,#1348,.F.);
#1350=ORIENTED_EDGE('',*,*,#1148,.T.);
#1351=CARTESIAN_POINT('',(3.510294E-019,8.304646E-018,0.166929133858268));
#1352=DIRECTION('',(0.0,0.0,-1.0));
#1353=DIRECTION('',(-1.0,0.0,0.0));
#1354=AXIS2_PLACEMENT_3D('',#1351,#1352,#1353);
#1355=CIRCLE('',#1354,0.1);
#1356=EDGE_CURVE('',#1133,#1016,#1355,.T.);
#1357=ORIENTED_EDGE('',*,*,#1356,.T.);
#1358=ORIENTED_EDGE('',*,*,#1051,.T.);
#1359=CARTESIAN_POINT('',(-8.249654E-035,1.873156E-033,0.166929133858268));
#1360=DIRECTION('',(0.0,0.0,-1.0));
#1361=DIRECTION('',(1.0,0.0,0.0));
#1362=AXIS2_PLACEMENT_3D('',#1359,#1360,#1361);
#1363=CIRCLE('',#1362,0.059732844619331);
#1364=EDGE_CURVE('',#1251,#1040,#1363,.T.);
#1365=ORIENTED_EDGE('',*,*,#1364,.F.);
#1366=ORIENTED_EDGE('',*,*,#1256,.T.);
#1367=ORIENTED_EDGE('',*,*,#614,.T.);
#1368=EDGE_LOOP('',(#1340,#1341,#1342,#1349,#1350,#1357,#1358,#1365,#1366,#1367));
#1369=FACE_OUTER_BOUND('',#1368,.T.);
#1370=ADVANCED_FACE('',(#1369),#1333,.T.);
#1371=CARTESIAN_POINT('',(-0.0616,0.056,0.22412223628022));
#1372=DIRECTION('',(0.0,1.0,0.0));
#1373=DIRECTION('',(0.0,0.0,1.0));
#1374=AXIS2_PLACEMENT_3D('',#1371,#1372,#1373);
#1375=PLANE('',#1374);
#1376=ORIENTED_EDGE('',*,*,#505,.T.);
#1377=ORIENTED_EDGE('',*,*,#1244,.T.);
#1378=ORIENTED_EDGE('',*,*,#979,.F.);
#1379=ORIENTED_EDGE('',*,*,#698,.F.);
#1380=EDGE_LOOP('',(#1376,#1377,#1378,#1379));
#1381=FACE_OUTER_BOUND('',#1380,.T.);
#1382=ADVANCED_FACE('',(#1381),#1375,.F.);
#1383=CARTESIAN_POINT('',(-0.0616,-0.056,0.511899691035775));
#1384=DIRECTION('',(0.0,-1.0,0.0));
#1385=DIRECTION('',(0.0,0.0,-1.0));
#1386=AXIS2_PLACEMENT_3D('',#1383,#1384,#1385);
#1387=PLANE('',#1386);
#1388=ORIENTED_EDGE('',*,*,#277,.T.);
#1389=ORIENTED_EDGE('',*,*,#744,.T.);
#1390=ORIENTED_EDGE('',*,*,#1002,.F.);
#1391=ORIENTED_EDGE('',*,*,#1233,.F.);
#1392=EDGE_LOOP('',(#1388,#1389,#1390,#1391));
#1393=FACE_OUTER_BOUND('',#1392,.T.);
#1394=ADVANCED_FACE('',(#1393),#1387,.F.);
#1395=CARTESIAN_POINT('',(3.510294E-019,8.304646E-018,0.501574803149606));
#1396=DIRECTION('',(0.0,0.0,-1.0));
#1397=DIRECTION('',(-1.0,0.0,0.0));
#1398=AXIS2_PLACEMENT_3D('',#1395,#1396,#1397);
#1399=TOROIDAL_SURFACE('',#1398,0.075583490460344,0.019685039370079);
#1400=CARTESIAN_POINT('',(0.095266564199037,1.413785E-017,0.501852981507348));
#1401=VERTEX_POINT('',#1400);
#1402=CARTESIAN_POINT('',(3.510294E-019,1.413785E-017,0.501852981507348));
#1403=DIRECTION('',(0.0,0.0,1.0));
#1404=DIRECTION('',(-1.0,0.0,0.0));
#1405=AXIS2_PLACEMENT_3D('',#1402,#1403,#1404);
#1406=CIRCLE('',#1405,0.095266564199037);
#1407=EDGE_CURVE('',#1401,#1401,#1406,.T.);
#1408=ORIENTED_EDGE('',*,*,#1407,.T.);
#1409=EDGE_LOOP('',(#1408));
#1410=FACE_OUTER_BOUND('',#1409,.T.);
#1411=CARTESIAN_POINT('',(0.075583490460344,8.304646E-018,0.521259842519685));
#1412=VERTEX_POINT('',#1411);
#1413=CARTESIAN_POINT('',(3.510294E-019,8.304646E-018,0.521259842519685));
#1414=DIRECTION('',(0.0,0.0,-1.0));
#1415=DIRECTION('',(-1.0,0.0,0.0));
#1416=AXIS2_PLACEMENT_3D('',#1413,#1414,#1415);
#1417=CIRCLE('',#1416,0.075583490460344);
#1418=EDGE_CURVE('',#1412,#1412,#1417,.T.);
#1419=ORIENTED_EDGE('',*,*,#1418,.T.);
#1420=EDGE_LOOP('',(#1419));
#1421=FACE_BOUND('',#1420,.T.);
#1422=ADVANCED_FACE('',(#1410,#1421),#1399,.T.);
#1423=CARTESIAN_POINT('',(3.510294E-019,8.304646E-018,-63.514395713271362));
#1424=DIRECTION('',(0.0,0.0,-1.0));
#1425=DIRECTION('',(-1.0,0.0,0.0));
#1426=AXIS2_PLACEMENT_3D('',#1423,#1424,#1425);
#1427=CONICAL_SURFACE('',#1426,1.0,0.8097);
#1428=ORIENTED_EDGE('',*,*,#1178,.T.);
#1429=ORIENTED_EDGE('',*,*,#1202,.T.);
#1430=ORIENTED_EDGE('',*,*,#1314,.F.);
#1431=ORIENTED_EDGE('',*,*,#1069,.T.);
#1432=ORIENTED_EDGE('',*,*,#1114,.T.);
#1433=ORIENTED_EDGE('',*,*,#1021,.T.);
#1434=ORIENTED_EDGE('',*,*,#1356,.F.);
#1435=ORIENTED_EDGE('',*,*,#1140,.T.);
#1436=EDGE_LOOP('',(#1428,#1429,#1430,#1431,#1432,#1433,#1434,#1435));
#1437=FACE_OUTER_BOUND('',#1436,.T.);
#1438=ORIENTED_EDGE('',*,*,#1407,.F.);
#1439=EDGE_LOOP('',(#1438));
#1440=FACE_BOUND('',#1439,.T.);
#1441=ADVANCED_FACE('',(#1437,#1440),#1427,.T.);
#1442=CARTESIAN_POINT('',(0.083141839506378,-0.083141839506378,0.521259842519685));
#1443=DIRECTION('',(0.0,0.0,-1.0));
#1444=DIRECTION('',(-1.0,0.0,0.0));
#1445=AXIS2_PLACEMENT_3D('',#1442,#1443,#1444);
#1446=PLANE('',#1445);
#1447=ORIENTED_EDGE('',*,*,#1418,.F.);
#1448=EDGE_LOOP('',(#1447));
#1449=FACE_OUTER_BOUND('',#1448,.T.);
#1450=ADVANCED_FACE('',(#1449),#1446,.F.);
#1451=CARTESIAN_POINT('',(0.060629921259842,-0.05511811023622,0.235655284315262));
#1452=DIRECTION('',(0.0,-1.0,0.0));
#1453=DIRECTION('',(0.0,0.0,-1.0));
#1454=AXIS2_PLACEMENT_3D('',#1451,#1452,#1453);
#1455=PLANE('',#1454);
#1456=ORIENTED_EDGE('',*,*,#254,.T.);
#1457=CARTESIAN_POINT('',(0.05511811023622,-0.05511811023622,0.261417322931113));
#1458=VERTEX_POINT('',#1457);
#1459=CARTESIAN_POINT('',(0.05511811023622,-0.05511811023622,0.23688204805428));
#1460=DIRECTION('',(0.0,0.0,1.0));
#1461=VECTOR('',#1460,0.024535274876833);
#1462=LINE('',#1459,#1461);
#1463=EDGE_CURVE('',#241,#1458,#1462,.T.);
#1464=ORIENTED_EDGE('',*,*,#1463,.T.);
#1465=CARTESIAN_POINT('',(-0.055118110236221,-0.05511811023622,0.261417322901694));
#1466=VERTEX_POINT('',#1465);
#1467=CARTESIAN_POINT('',(-0.055118110236221,-0.05511811023622,0.261417322834646));
#1468=DIRECTION('',(1.0,0.0,0.0));
#1469=VECTOR('',#1468,0.110236220472441);
#1470=LINE('',#1467,#1469);
#1471=EDGE_CURVE('',#1466,#1458,#1470,.T.);
#1472=ORIENTED_EDGE('',*,*,#1471,.F.);
#1473=CARTESIAN_POINT('',(-0.055118110236221,-0.05511811023622,0.23688204805428));
#1474=DIRECTION('',(0.0,0.0,1.0));
#1475=VECTOR('',#1474,0.024535274847414);
#1476=LINE('',#1473,#1475);
#1477=EDGE_CURVE('',#249,#1466,#1476,.T.);
#1478=ORIENTED_EDGE('',*,*,#1477,.F.);
#1479=EDGE_LOOP('',(#1456,#1464,#1472,#1478));
#1480=FACE_OUTER_BOUND('',#1479,.T.);
#1481=ADVANCED_FACE('',(#1480),#1455,.T.);
#1482=CARTESIAN_POINT('',(0.060629921259842,-0.05511811023622,0.20999922051295));
#1483=DIRECTION('',(0.0,-1.0,0.0));
#1484=DIRECTION('',(0.0,0.0,-1.0));
#1485=AXIS2_PLACEMENT_3D('',#1482,#1483,#1484);
#1486=PLANE('',#1485);
#1487=ORIENTED_EDGE('',*,*,#441,.T.);
#1488=CARTESIAN_POINT('',(-0.055118110236221,-0.05511811023622,0.210236220472441));
#1489=VERTEX_POINT('',#1488);
#1490=CARTESIAN_POINT('',(-0.055118110236221,-0.05511811023622,0.210236220472441));
#1491=DIRECTION('',(0.0,0.0,1.0));
#1492=VECTOR('',#1491,0.004739999189815);
#1493=LINE('',#1490,#1492);
#1494=EDGE_CURVE('',#1489,#430,#1493,.T.);
#1495=ORIENTED_EDGE('',*,*,#1494,.F.);
#1496=CARTESIAN_POINT('',(0.05511811023622,-0.05511811023622,0.210236220472441));
#1497=VERTEX_POINT('',#1496);
#1498=CARTESIAN_POINT('',(-0.055118110236221,-0.05511811023622,0.210236220472441));
#1499=DIRECTION('',(1.0,0.0,0.0));
#1500=VECTOR('',#1499,0.110236220472441);
#1501=LINE('',#1498,#1500);
#1502=EDGE_CURVE('',#1489,#1497,#1501,.T.);
#1503=ORIENTED_EDGE('',*,*,#1502,.T.);
#1504=CARTESIAN_POINT('',(0.05511811023622,-0.05511811023622,0.210236220472441));
#1505=DIRECTION('',(0.0,0.0,1.0));
#1506=VECTOR('',#1505,0.004739999189815);
#1507=LINE('',#1504,#1506);
#1508=EDGE_CURVE('',#1497,#398,#1507,.T.);
#1509=ORIENTED_EDGE('',*,*,#1508,.T.);
#1510=EDGE_LOOP('',(#1487,#1495,#1503,#1509));
#1511=FACE_OUTER_BOUND('',#1510,.T.);
#1512=ADVANCED_FACE('',(#1511),#1486,.T.);
#1513=CARTESIAN_POINT('',(0.060629921259842,0.05511811023622,0.262644086573664));
#1514=DIRECTION('',(0.0,1.0,0.0));
#1515=DIRECTION('',(0.0,0.0,1.0));
#1516=AXIS2_PLACEMENT_3D('',#1513,#1514,#1515);
#1517=PLANE('',#1516);
#1518=ORIENTED_EDGE('',*,*,#526,.T.);
#1519=CARTESIAN_POINT('',(-0.055118110236221,0.05511811023622,0.261417322901694));
#1520=VERTEX_POINT('',#1519);
#1521=CARTESIAN_POINT('',(-0.055118110236221,0.05511811023622,0.23688204805428));
#1522=DIRECTION('',(0.0,0.0,1.0));
#1523=VECTOR('',#1522,0.024535274847414);
#1524=LINE('',#1521,#1523);
#1525=EDGE_CURVE('',#515,#1520,#1524,.T.);
#1526=ORIENTED_EDGE('',*,*,#1525,.T.);
#1527=CARTESIAN_POINT('',(0.05511811023622,0.05511811023622,0.261417322931113));
#1528=VERTEX_POINT('',#1527);
#1529=CARTESIAN_POINT('',(0.05511811023622,0.05511811023622,0.261417322834646));
#1530=DIRECTION('',(-1.0,0.0,0.0));
#1531=VECTOR('',#1530,0.110236220472441);
#1532=LINE('',#1529,#1531);
#1533=EDGE_CURVE('',#1528,#1520,#1532,.T.);
#1534=ORIENTED_EDGE('',*,*,#1533,.F.);
#1535=CARTESIAN_POINT('',(0.05511811023622,0.05511811023622,0.23688204805428));
#1536=DIRECTION('',(0.0,0.0,1.0));
#1537=VECTOR('',#1536,0.024535274876833);
#1538=LINE('',#1535,#1537);
#1539=EDGE_CURVE('',#483,#1528,#1538,.T.);
#1540=ORIENTED_EDGE('',*,*,#1539,.F.);
#1541=EDGE_LOOP('',(#1518,#1526,#1534,#1540));
#1542=FACE_OUTER_BOUND('',#1541,.T.);
#1543=ADVANCED_FACE('',(#1542),#1517,.T.);
#1544=CARTESIAN_POINT('',(-0.055118110236221,0.060629921259842,0.263976377952756));
#1545=DIRECTION('',(-1.0,0.0,0.0));
#1546=DIRECTION('',(0.0,0.0,1.0));
#1547=AXIS2_PLACEMENT_3D('',#1544,#1545,#1546);
#1548=PLANE('',#1547);
#1549=ORIENTED_EDGE('',*,*,#435,.T.);
#1550=ORIENTED_EDGE('',*,*,#168,.T.);
#1551=ORIENTED_EDGE('',*,*,#260,.T.);
#1552=ORIENTED_EDGE('',*,*,#1477,.T.);
#1553=CARTESIAN_POINT('',(-0.055118110236221,0.05511811023622,0.261417322834646));
#1554=DIRECTION('',(0.0,-1.0,0.0));
#1555=VECTOR('',#1554,0.110236220472441);
#1556=LINE('',#1553,#1555);
#1557=EDGE_CURVE('',#1520,#1466,#1556,.T.);
#1558=ORIENTED_EDGE('',*,*,#1557,.F.);
#1559=ORIENTED_EDGE('',*,*,#1525,.F.);
#1560=ORIENTED_EDGE('',*,*,#520,.T.);
#1561=ORIENTED_EDGE('',*,*,#372,.T.);
#1562=ORIENTED_EDGE('',*,*,#318,.T.);
#1563=CARTESIAN_POINT('',(-0.055118110236221,0.05511811023622,0.210236220472441));
#1564=VERTEX_POINT('',#1563);
#1565=CARTESIAN_POINT('',(-0.055118110236221,0.05511811023622,0.210236220472441));
#1566=DIRECTION('',(0.0,0.0,1.0));
#1567=VECTOR('',#1566,0.004739999189815);
#1568=LINE('',#1565,#1567);
#1569=EDGE_CURVE('',#1564,#305,#1568,.T.);
#1570=ORIENTED_EDGE('',*,*,#1569,.F.);
#1571=CARTESIAN_POINT('',(-0.055118110236221,0.05511811023622,0.210236220472441));
#1572=DIRECTION('',(0.0,-1.0,0.0));
#1573=VECTOR('',#1572,0.11023622047244);
#1574=LINE('',#1571,#1573);
#1575=EDGE_CURVE('',#1564,#1489,#1574,.T.);
#1576=ORIENTED_EDGE('',*,*,#1575,.T.);
#1577=ORIENTED_EDGE('',*,*,#1494,.T.);
#1578=EDGE_LOOP('',(#1549,#1550,#1551,#1552,#1558,#1559,#1560,#1561,#1562,#1570,#1576,#1577));
#1579=FACE_OUTER_BOUND('',#1578,.T.);
#1580=ADVANCED_FACE('',(#1579),#1548,.T.);
#1581=CARTESIAN_POINT('',(1.311287E-016,5.662374E-017,0.0));
#1582=DIRECTION('',(0.0,0.0,1.0));
#1583=DIRECTION('',(1.0,0.0,0.0));
#1584=AXIS2_PLACEMENT_3D('',#1581,#1582,#1583);
#1585=PLANE('',#1584);
#1586=CARTESIAN_POINT('',(0.098425196850394,0.056692913385827,0.0));
#1587=VERTEX_POINT('',#1586);
#1588=CARTESIAN_POINT('',(0.098425196850394,0.118110236220473,0.0));
#1589=VERTEX_POINT('',#1588);
#1590=CARTESIAN_POINT('',(0.098425196850394,0.056692913385827,0.0));
#1591=DIRECTION('',(0.0,1.0,0.0));
#1592=VECTOR('',#1591,0.061417322834646);
#1593=LINE('',#1590,#1592);
#1594=EDGE_CURVE('',#1587,#1589,#1593,.T.);
#1595=ORIENTED_EDGE('',*,*,#1594,.T.);
#1596=CARTESIAN_POINT('',(0.118110236220473,0.118110236220473,0.0));
#1597=VERTEX_POINT('',#1596);
#1598=CARTESIAN_POINT('',(0.118110236220473,0.118110236220473,0.0));
#1599=DIRECTION('',(-1.0,0.0,0.0));
#1600=VECTOR('',#1599,0.019685039370079);
#1601=LINE('',#1598,#1600);
#1602=EDGE_CURVE('',#1597,#1589,#1601,.T.);
#1603=ORIENTED_EDGE('',*,*,#1602,.F.);
#1604=CARTESIAN_POINT('',(0.118110236220473,0.056692913385827,0.0));
#1605=VERTEX_POINT('',#1604);
#1606=CARTESIAN_POINT('',(0.118110236220473,0.056692913385827,0.0));
#1607=DIRECTION('',(0.0,1.0,0.0));
#1608=VECTOR('',#1607,0.061417322834646);
#1609=LINE('',#1606,#1608);
#1610=EDGE_CURVE('',#1605,#1597,#1609,.T.);
#1611=ORIENTED_EDGE('',*,*,#1610,.F.);
#1612=CARTESIAN_POINT('',(0.118110236220473,0.056692913385827,0.0));
#1613=DIRECTION('',(-1.0,0.0,0.0));
#1614=VECTOR('',#1613,0.019685039370079);
#1615=LINE('',#1612,#1614);
#1616=EDGE_CURVE('',#1605,#1587,#1615,.T.);
#1617=ORIENTED_EDGE('',*,*,#1616,.T.);
#1618=EDGE_LOOP('',(#1595,#1603,#1611,#1617));
#1619=FACE_OUTER_BOUND('',#1618,.T.);
#1620=ADVANCED_FACE('',(#1619),#1585,.F.);
#1621=CARTESIAN_POINT('',(-0.160925196850394,-0.118110236220472,0.136751968503937));
#1622=DIRECTION('',(0.0,-1.0,0.0));
#1623=DIRECTION('',(0.0,0.0,-1.0));
#1624=AXIS2_PLACEMENT_3D('',#1621,#1622,#1623);
#1625=PLANE('',#1624);
#1626=CARTESIAN_POINT('',(0.043307086614173,-0.118110236220472,0.113779527559055));
#1627=VERTEX_POINT('',#1626);
#1628=CARTESIAN_POINT('',(-0.082677165354331,-0.118110236220473,0.113779527559055));
#1629=VERTEX_POINT('',#1628);
#1630=CARTESIAN_POINT('',(0.043307086614173,-0.118110236220472,0.113779527559055));
#1631=DIRECTION('',(-1.0,0.0,0.0));
#1632=VECTOR('',#1631,0.125984251968504);
#1633=LINE('',#1630,#1632);
#1634=EDGE_CURVE('',#1627,#1629,#1633,.T.);
#1635=ORIENTED_EDGE('',*,*,#1634,.T.);
#1636=CARTESIAN_POINT('',(-0.082677165354331,-0.118110236220473,0.129527559055118));
#1637=VERTEX_POINT('',#1636);
#1638=CARTESIAN_POINT('',(-0.082677165354331,-0.118110236220473,0.113779527559055));
#1639=DIRECTION('',(0.0,0.0,1.0));
#1640=VECTOR('',#1639,0.015748031496063);
#1641=LINE('',#1638,#1640);
#1642=EDGE_CURVE('',#1629,#1637,#1641,.T.);
#1643=ORIENTED_EDGE('',*,*,#1642,.T.);
#1644=CARTESIAN_POINT('',(-0.147637795275591,-0.118110236220473,0.129527559055118));
#1645=VERTEX_POINT('',#1644);
#1646=CARTESIAN_POINT('',(-0.082677165354331,-0.118110236220473,0.129527559055118));
#1647=DIRECTION('',(-1.0,0.0,0.0));
#1648=VECTOR('',#1647,0.06496062992126);
#1649=LINE('',#1646,#1648);
#1650=EDGE_CURVE('',#1637,#1645,#1649,.T.);
#1651=ORIENTED_EDGE('',*,*,#1650,.T.);
#1652=CARTESIAN_POINT('',(-0.147637795275591,-0.118110236220473,0.113779527559055));
#1653=VERTEX_POINT('',#1652);
#1654=CARTESIAN_POINT('',(-0.147637795275591,-0.118110236220473,0.113779527559055));
#1655=DIRECTION('',(0.0,0.0,1.0));
#1656=VECTOR('',#1655,0.015748031496063);
#1657=LINE('',#1654,#1656);
#1658=EDGE_CURVE('',#1653,#1645,#1657,.T.);
#1659=ORIENTED_EDGE('',*,*,#1658,.F.);
#1660=CARTESIAN_POINT('',(-0.118110236220472,-0.118110236220472,0.113779527559055));
#1661=VERTEX_POINT('',#1660);
#1662=CARTESIAN_POINT('',(-0.118110236220472,-0.118110236220473,0.113779527559055));
#1663=DIRECTION('',(-1.0,0.0,0.0));
#1664=VECTOR('',#1663,0.029527559055119);
#1665=LINE('',#1662,#1664);
#1666=EDGE_CURVE('',#1661,#1653,#1665,.T.);
#1667=ORIENTED_EDGE('',*,*,#1666,.F.);
#1668=CARTESIAN_POINT('',(-0.118110236220472,-0.118110236220472,0.0));
#1669=VERTEX_POINT('',#1668);
#1670=CARTESIAN_POINT('',(-0.118110236220472,-0.118110236220472,0.0));
#1671=DIRECTION('',(0.0,0.0,1.0));
#1672=VECTOR('',#1671,0.113779527559055);
#1673=LINE('',#1670,#1672);
#1674=EDGE_CURVE('',#1669,#1661,#1673,.T.);
#1675=ORIENTED_EDGE('',*,*,#1674,.F.);
#1676=CARTESIAN_POINT('',(-0.098425196850394,-0.118110236220472,0.0));
#1677=VERTEX_POINT('',#1676);
#1678=CARTESIAN_POINT('',(-0.118110236220472,-0.118110236220472,0.0));
#1679=DIRECTION('',(1.0,0.0,0.0));
#1680=VECTOR('',#1679,0.019685039370078);
#1681=LINE('',#1678,#1680);
#1682=EDGE_CURVE('',#1669,#1677,#1681,.T.);
#1683=ORIENTED_EDGE('',*,*,#1682,.T.);
#1684=CARTESIAN_POINT('',(-0.098425196850394,-0.118110236220472,-0.01496062992126));
#1685=VERTEX_POINT('',#1684);
#1686=CARTESIAN_POINT('',(-0.098425196850394,-0.118110236220472,0.0));
#1687=DIRECTION('',(0.0,0.0,-1.0));
#1688=VECTOR('',#1687,0.01496062992126);
#1689=LINE('',#1686,#1688);
#1690=EDGE_CURVE('',#1677,#1685,#1689,.T.);
#1691=ORIENTED_EDGE('',*,*,#1690,.T.);
#1692=CARTESIAN_POINT('',(-0.052755905511811,-0.118110236220472,-0.01496062992126));
#1693=VERTEX_POINT('',#1692);
#1694=CARTESIAN_POINT('',(-0.098425196850394,-0.118110236220472,-0.01496062992126));
#1695=DIRECTION('',(1.0,0.0,0.0));
#1696=VECTOR('',#1695,0.045669291338583);
#1697=LINE('',#1694,#1696);
#1698=EDGE_CURVE('',#1685,#1693,#1697,.T.);
#1699=ORIENTED_EDGE('',*,*,#1698,.T.);
#1700=CARTESIAN_POINT('',(-0.052755905511811,-0.118110236220472,0.0));
#1701=VERTEX_POINT('',#1700);
#1702=CARTESIAN_POINT('',(-0.052755905511811,-0.118110236220472,0.0));
#1703=DIRECTION('',(0.0,0.0,-1.0));
#1704=VECTOR('',#1703,0.01496062992126);
#1705=LINE('',#1702,#1704);
#1706=EDGE_CURVE('',#1701,#1693,#1705,.T.);
#1707=ORIENTED_EDGE('',*,*,#1706,.F.);
#1708=CARTESIAN_POINT('',(-0.003937007874016,-0.118110236220472,2.731848E-017));
#1709=VERTEX_POINT('',#1708);
#1710=CARTESIAN_POINT('',(-0.052755905511811,-0.118110236220472,0.0));
#1711=DIRECTION('',(1.0,0.0,0.0));
#1712=VECTOR('',#1711,0.048818897637795);
#1713=LINE('',#1710,#1712);
#1714=EDGE_CURVE('',#1701,#1709,#1713,.T.);
#1715=ORIENTED_EDGE('',*,*,#1714,.T.);
#1716=CARTESIAN_POINT('',(0.043307086614173,-0.118110236220472,2.731848E-017));
#1717=VERTEX_POINT('',#1716);
#1718=CARTESIAN_POINT('',(-0.003937007874016,-0.118110236220472,0.0));
#1719=DIRECTION('',(1.0,0.0,0.0));
#1720=VECTOR('',#1719,0.047244094488189);
#1721=LINE('',#1718,#1720);
#1722=EDGE_CURVE('',#1709,#1717,#1721,.T.);
#1723=ORIENTED_EDGE('',*,*,#1722,.T.);
#1724=CARTESIAN_POINT('',(0.052755905511811,-0.118110236220473,0.0));
#1725=VERTEX_POINT('',#1724);
#1726=CARTESIAN_POINT('',(0.043307086614173,-0.118110236220472,0.0));
#1727=DIRECTION('',(1.0,0.0,0.0));
#1728=VECTOR('',#1727,0.009448818897638);
#1729=LINE('',#1726,#1728);
#1730=EDGE_CURVE('',#1717,#1725,#1729,.T.);
#1731=ORIENTED_EDGE('',*,*,#1730,.T.);
#1732=CARTESIAN_POINT('',(0.052755905511811,-0.118110236220473,-0.01496062992126));
#1733=VERTEX_POINT('',#1732);
#1734=CARTESIAN_POINT('',(0.052755905511811,-0.118110236220473,0.0));
#1735=DIRECTION('',(0.0,0.0,-1.0));
#1736=VECTOR('',#1735,0.01496062992126);
#1737=LINE('',#1734,#1736);
#1738=EDGE_CURVE('',#1725,#1733,#1737,.T.);
#1739=ORIENTED_EDGE('',*,*,#1738,.T.);
#1740=CARTESIAN_POINT('',(0.098425196850394,-0.118110236220473,-0.01496062992126));
#1741=VERTEX_POINT('',#1740);
#1742=CARTESIAN_POINT('',(0.052755905511811,-0.118110236220473,-0.01496062992126));
#1743=DIRECTION('',(1.0,0.0,0.0));
#1744=VECTOR('',#1743,0.045669291338583);
#1745=LINE('',#1742,#1744);
#1746=EDGE_CURVE('',#1733,#1741,#1745,.T.);
#1747=ORIENTED_EDGE('',*,*,#1746,.T.);
#1748=CARTESIAN_POINT('',(0.098425196850394,-0.118110236220473,0.0));
#1749=VERTEX_POINT('',#1748);
#1750=CARTESIAN_POINT('',(0.098425196850394,-0.118110236220473,0.0));
#1751=DIRECTION('',(0.0,0.0,-1.0));
#1752=VECTOR('',#1751,0.01496062992126);
#1753=LINE('',#1750,#1752);
#1754=EDGE_CURVE('',#1749,#1741,#1753,.T.);
#1755=ORIENTED_EDGE('',*,*,#1754,.F.);
#1756=CARTESIAN_POINT('',(0.118110236220473,-0.118110236220472,0.0));
#1757=VERTEX_POINT('',#1756);
#1758=CARTESIAN_POINT('',(0.098425196850394,-0.118110236220473,0.0));
#1759=DIRECTION('',(1.0,0.0,0.0));
#1760=VECTOR('',#1759,0.019685039370079);
#1761=LINE('',#1758,#1760);
#1762=EDGE_CURVE('',#1749,#1757,#1761,.T.);
#1763=ORIENTED_EDGE('',*,*,#1762,.T.);
#1764=CARTESIAN_POINT('',(0.118110236220473,-0.118110236220472,0.129527559055118));
#1765=VERTEX_POINT('',#1764);
#1766=CARTESIAN_POINT('',(0.118110236220473,-0.118110236220472,0.0));
#1767=DIRECTION('',(0.0,0.0,1.0));
#1768=VECTOR('',#1767,0.129527559055118);
#1769=LINE('',#1766,#1768);
#1770=EDGE_CURVE('',#1757,#1765,#1769,.T.);
#1771=ORIENTED_EDGE('',*,*,#1770,.T.);
#1772=CARTESIAN_POINT('',(0.043307086614173,-0.118110236220472,0.129527559055118));
#1773=VERTEX_POINT('',#1772);
#1774=CARTESIAN_POINT('',(0.118110236220473,-0.118110236220472,0.129527559055118));
#1775=DIRECTION('',(-1.0,0.0,0.0));
#1776=VECTOR('',#1775,0.0748031496063);
#1777=LINE('',#1774,#1776);
#1778=EDGE_CURVE('',#1765,#1773,#1777,.T.);
#1779=ORIENTED_EDGE('',*,*,#1778,.T.);
#1780=CARTESIAN_POINT('',(0.043307086614173,-0.118110236220472,0.113779527559055));
#1781=DIRECTION('',(0.0,0.0,1.0));
#1782=VECTOR('',#1781,0.015748031496063);
#1783=LINE('',#1780,#1782);
#1784=EDGE_CURVE('',#1627,#1773,#1783,.T.);
#1785=ORIENTED_EDGE('',*,*,#1784,.F.);
#1786=EDGE_LOOP('',(#1635,#1643,#1651,#1659,#1667,#1675,#1683,#1691,#1699,#1707,#1715,#1723,#1731,#1739,#1747,#1755,#1763,#1771,#1779,#1785));
#1787=FACE_OUTER_BOUND('',#1786,.T.);
#1788=ADVANCED_FACE('',(#1787),#1625,.T.);
#1789=CARTESIAN_POINT('',(0.118110236220473,-0.129921259842519,0.136751968503937));
#1790=DIRECTION('',(1.0,0.0,0.0));
#1791=DIRECTION('',(0.0,0.0,-1.0));
#1792=AXIS2_PLACEMENT_3D('',#1789,#1790,#1791);
#1793=PLANE('',#1792);
#1794=ORIENTED_EDGE('',*,*,#1770,.F.);
#1795=CARTESIAN_POINT('',(0.118110236220473,-0.05748031496063,0.0));
#1796=VERTEX_POINT('',#1795);
#1797=CARTESIAN_POINT('',(0.118110236220473,-0.118110236220472,0.0));
#1798=DIRECTION('',(0.0,1.0,0.0));
#1799=VECTOR('',#1798,0.060629921259842);
#1800=LINE('',#1797,#1799);
#1801=EDGE_CURVE('',#1757,#1796,#1800,.T.);
#1802=ORIENTED_EDGE('',*,*,#1801,.T.);
#1803=CARTESIAN_POINT('',(0.118110236220473,-0.05748031496063,-0.01496062992126));
#1804=VERTEX_POINT('',#1803);
#1805=CARTESIAN_POINT('',(0.118110236220473,-0.05748031496063,0.0));
#1806=DIRECTION('',(0.0,0.0,-1.0));
#1807=VECTOR('',#1806,0.01496062992126);
#1808=LINE('',#1805,#1807);
#1809=EDGE_CURVE('',#1796,#1804,#1808,.T.);
#1810=ORIENTED_EDGE('',*,*,#1809,.T.);
#1811=CARTESIAN_POINT('',(0.118110236220473,0.056692913385827,-0.01496062992126));
#1812=VERTEX_POINT('',#1811);
#1813=CARTESIAN_POINT('',(0.118110236220473,-0.05748031496063,-0.01496062992126));
#1814=DIRECTION('',(0.0,1.0,0.0));
#1815=VECTOR('',#1814,0.114173228346457);
#1816=LINE('',#1813,#1815);
#1817=EDGE_CURVE('',#1804,#1812,#1816,.T.);
#1818=ORIENTED_EDGE('',*,*,#1817,.T.);
#1819=CARTESIAN_POINT('',(0.118110236220473,0.056692913385827,0.0));
#1820=DIRECTION('',(0.0,0.0,-1.0));
#1821=VECTOR('',#1820,0.01496062992126);
#1822=LINE('',#1819,#1821);
#1823=EDGE_CURVE('',#1605,#1812,#1822,.T.);
#1824=ORIENTED_EDGE('',*,*,#1823,.F.);
#1825=ORIENTED_EDGE('',*,*,#1610,.T.);
#1826=CARTESIAN_POINT('',(0.118110236220472,0.118110236220472,0.129527559055118));
#1827=VERTEX_POINT('',#1826);
#1828=CARTESIAN_POINT('',(0.118110236220473,0.118110236220473,0.0));
#1829=DIRECTION('',(0.0,0.0,1.0));
#1830=VECTOR('',#1829,0.129527559055118);
#1831=LINE('',#1828,#1830);
#1832=EDGE_CURVE('',#1597,#1827,#1831,.T.);
#1833=ORIENTED_EDGE('',*,*,#1832,.T.);
#1834=CARTESIAN_POINT('',(0.118110236220472,0.118110236220472,0.129527559055118));
#1835=DIRECTION('',(0.0,-1.0,0.0));
#1836=VECTOR('',#1835,0.236220472440944);
#1837=LINE('',#1834,#1836);
#1838=EDGE_CURVE('',#1827,#1765,#1837,.T.);
#1839=ORIENTED_EDGE('',*,*,#1838,.T.);
#1840=EDGE_LOOP('',(#1794,#1802,#1810,#1818,#1824,#1825,#1833,#1839));
#1841=FACE_OUTER_BOUND('',#1840,.T.);
#1842=CARTESIAN_POINT('',(0.118110236220473,0.074803149606299,0.037007874015748));
#1843=VERTEX_POINT('',#1842);
#1844=CARTESIAN_POINT('',(0.118110236220473,0.102362204724409,0.037007874015748));
#1845=VERTEX_POINT('',#1844);
#1846=CARTESIAN_POINT('',(0.118110236220473,0.074803149606299,0.037007874015748));
#1847=DIRECTION('',(0.0,1.0,0.0));
#1848=VECTOR('',#1847,0.02755905511811);
#1849=LINE('',#1846,#1848);
#1850=EDGE_CURVE('',#1843,#1845,#1849,.T.);
#1851=ORIENTED_EDGE('',*,*,#1850,.T.);
#1852=CARTESIAN_POINT('',(0.118110236220473,0.102362204724409,0.025196850393701));
#1853=VERTEX_POINT('',#1852);
#1854=CARTESIAN_POINT('',(0.118110236220473,0.102362204724409,0.037007874015748));
#1855=DIRECTION('',(0.0,0.0,-1.0));
#1856=VECTOR('',#1855,0.011811023622047);
#1857=LINE('',#1854,#1856);
#1858=EDGE_CURVE('',#1845,#1853,#1857,.T.);
#1859=ORIENTED_EDGE('',*,*,#1858,.T.);
#1860=CARTESIAN_POINT('',(0.118110236220473,0.074803149606299,0.025196850393701));
#1861=VERTEX_POINT('',#1860);
#1862=CARTESIAN_POINT('',(0.118110236220473,0.102362204724409,0.025196850393701));
#1863=DIRECTION('',(0.0,-1.0,0.0));
#1864=VECTOR('',#1863,0.02755905511811);
#1865=LINE('',#1862,#1864);
#1866=EDGE_CURVE('',#1853,#1861,#1865,.T.);
#1867=ORIENTED_EDGE('',*,*,#1866,.T.);
#1868=CARTESIAN_POINT('',(0.118110236220473,0.074803149606299,0.025196850393701));
#1869=DIRECTION('',(0.0,0.0,1.0));
#1870=VECTOR('',#1869,0.011811023622047);
#1871=LINE('',#1868,#1870);
#1872=EDGE_CURVE('',#1861,#1843,#1871,.T.);
#1873=ORIENTED_EDGE('',*,*,#1872,.T.);
#1874=EDGE_LOOP('',(#1851,#1859,#1867,#1873));
#1875=FACE_BOUND('',#1874,.T.);
#1876=CARTESIAN_POINT('',(0.118110236220473,-0.102362204724409,0.037007874015748));
#1877=VERTEX_POINT('',#1876);
#1878=CARTESIAN_POINT('',(0.118110236220473,-0.074803149606299,0.037007874015748));
#1879=VERTEX_POINT('',#1878);
#1880=CARTESIAN_POINT('',(0.118110236220473,-0.102362204724409,0.037007874015748));
#1881=DIRECTION('',(0.0,1.0,0.0));
#1882=VECTOR('',#1881,0.02755905511811);
#1883=LINE('',#1880,#1882);
#1884=EDGE_CURVE('',#1877,#1879,#1883,.T.);
#1885=ORIENTED_EDGE('',*,*,#1884,.T.);
#1886=CARTESIAN_POINT('',(0.118110236220473,-0.074803149606299,0.025196850393701));
#1887=VERTEX_POINT('',#1886);
#1888=CARTESIAN_POINT('',(0.118110236220473,-0.074803149606299,0.037007874015748));
#1889=DIRECTION('',(0.0,0.0,-1.0));
#1890=VECTOR('',#1889,0.011811023622047);
#1891=LINE('',#1888,#1890);
#1892=EDGE_CURVE('',#1879,#1887,#1891,.T.);
#1893=ORIENTED_EDGE('',*,*,#1892,.T.);
#1894=CARTESIAN_POINT('',(0.118110236220473,-0.102362204724409,0.025196850393701));
#1895=VERTEX_POINT('',#1894);
#1896=CARTESIAN_POINT('',(0.118110236220473,-0.074803149606299,0.025196850393701));
#1897=DIRECTION('',(0.0,-1.0,0.0));
#1898=VECTOR('',#1897,0.02755905511811);
#1899=LINE('',#1896,#1898);
#1900=EDGE_CURVE('',#1887,#1895,#1899,.T.);
#1901=ORIENTED_EDGE('',*,*,#1900,.T.);
#1902=CARTESIAN_POINT('',(0.118110236220473,-0.102362204724409,0.025196850393701));
#1903=DIRECTION('',(0.0,0.0,1.0));
#1904=VECTOR('',#1903,0.011811023622047);
#1905=LINE('',#1902,#1904);
#1906=EDGE_CURVE('',#1895,#1877,#1905,.T.);
#1907=ORIENTED_EDGE('',*,*,#1906,.T.);
#1908=EDGE_LOOP('',(#1885,#1893,#1901,#1907));
#1909=FACE_BOUND('',#1908,.T.);
#1910=ADVANCED_FACE('',(#1841,#1875,#1909),#1793,.T.);
#1911=CARTESIAN_POINT('',(-0.160925196850394,0.118110236220473,-0.022185039370079));
#1912=DIRECTION('',(0.0,1.0,0.0));
#1913=DIRECTION('',(0.0,0.0,1.0));
#1914=AXIS2_PLACEMENT_3D('',#1911,#1912,#1913);
#1915=PLANE('',#1914);
#1916=CARTESIAN_POINT('',(-0.082677165354331,0.118110236220472,0.113779527559055));
#1917=VERTEX_POINT('',#1916);
#1918=CARTESIAN_POINT('',(0.043307086614173,0.118110236220472,0.113779527559055));
#1919=VERTEX_POINT('',#1918);
#1920=CARTESIAN_POINT('',(-0.082677165354331,0.118110236220473,0.113779527559055));
#1921=DIRECTION('',(1.0,0.0,0.0));
#1922=VECTOR('',#1921,0.125984251968504);
#1923=LINE('',#1920,#1922);
#1924=EDGE_CURVE('',#1917,#1919,#1923,.T.);
#1925=ORIENTED_EDGE('',*,*,#1924,.T.);
#1926=CARTESIAN_POINT('',(0.043307086614173,0.118110236220472,0.129527559055118));
#1927=VERTEX_POINT('',#1926);
#1928=CARTESIAN_POINT('',(0.043307086614173,0.118110236220472,0.113779527559055));
#1929=DIRECTION('',(0.0,0.0,1.0));
#1930=VECTOR('',#1929,0.015748031496063);
#1931=LINE('',#1928,#1930);
#1932=EDGE_CURVE('',#1919,#1927,#1931,.T.);
#1933=ORIENTED_EDGE('',*,*,#1932,.T.);
#1934=CARTESIAN_POINT('',(0.043307086614173,0.118110236220472,0.129527559055118));
#1935=DIRECTION('',(1.0,0.0,0.0));
#1936=VECTOR('',#1935,0.074803149606299);
#1937=LINE('',#1934,#1936);
#1938=EDGE_CURVE('',#1927,#1827,#1937,.T.);
#1939=ORIENTED_EDGE('',*,*,#1938,.T.);
#1940=ORIENTED_EDGE('',*,*,#1832,.F.);
#1941=ORIENTED_EDGE('',*,*,#1602,.T.);
#1942=CARTESIAN_POINT('',(0.098425196850394,0.118110236220473,-0.01496062992126));
#1943=VERTEX_POINT('',#1942);
#1944=CARTESIAN_POINT('',(0.098425196850394,0.118110236220473,0.0));
#1945=DIRECTION('',(0.0,0.0,-1.0));
#1946=VECTOR('',#1945,0.01496062992126);
#1947=LINE('',#1944,#1946);
#1948=EDGE_CURVE('',#1589,#1943,#1947,.T.);
#1949=ORIENTED_EDGE('',*,*,#1948,.T.);
#1950=CARTESIAN_POINT('',(0.052755905511811,0.118110236220473,-0.01496062992126));
#1951=VERTEX_POINT('',#1950);
#1952=CARTESIAN_POINT('',(0.098425196850394,0.118110236220473,-0.01496062992126));
#1953=DIRECTION('',(-1.0,0.0,0.0));
#1954=VECTOR('',#1953,0.045669291338583);
#1955=LINE('',#1952,#1954);
#1956=EDGE_CURVE('',#1943,#1951,#1955,.T.);
#1957=ORIENTED_EDGE('',*,*,#1956,.T.);
#1958=CARTESIAN_POINT('',(0.052755905511811,0.118110236220473,0.0));
#1959=VERTEX_POINT('',#1958);
#1960=CARTESIAN_POINT('',(0.052755905511811,0.118110236220473,0.0));
#1961=DIRECTION('',(0.0,0.0,-1.0));
#1962=VECTOR('',#1961,0.01496062992126);
#1963=LINE('',#1960,#1962);
#1964=EDGE_CURVE('',#1959,#1951,#1963,.T.);
#1965=ORIENTED_EDGE('',*,*,#1964,.F.);
#1966=CARTESIAN_POINT('',(0.043307086614173,0.118110236220473,2.731848E-017));
#1967=VERTEX_POINT('',#1966);
#1968=CARTESIAN_POINT('',(0.052755905511811,0.118110236220473,0.0));
#1969=DIRECTION('',(-1.0,0.0,0.0));
#1970=VECTOR('',#1969,0.009448818897638);
#1971=LINE('',#1968,#1970);
#1972=EDGE_CURVE('',#1959,#1967,#1971,.T.);
#1973=ORIENTED_EDGE('',*,*,#1972,.T.);
#1974=CARTESIAN_POINT('',(-0.003937007874016,0.118110236220473,2.731848E-017));
#1975=VERTEX_POINT('',#1974);
#1976=CARTESIAN_POINT('',(0.043307086614173,0.118110236220473,0.0));
#1977=DIRECTION('',(-1.0,0.0,0.0));
#1978=VECTOR('',#1977,0.047244094488189);
#1979=LINE('',#1976,#1978);
#1980=EDGE_CURVE('',#1967,#1975,#1979,.T.);
#1981=ORIENTED_EDGE('',*,*,#1980,.T.);
#1982=CARTESIAN_POINT('',(-0.05275590551181,0.118110236220473,0.0));
#1983=VERTEX_POINT('',#1982);
#1984=CARTESIAN_POINT('',(-0.003937007874016,0.118110236220473,0.0));
#1985=DIRECTION('',(-1.0,0.0,0.0));
#1986=VECTOR('',#1985,0.048818897637794);
#1987=LINE('',#1984,#1986);
#1988=EDGE_CURVE('',#1975,#1983,#1987,.T.);
#1989=ORIENTED_EDGE('',*,*,#1988,.T.);
#1990=CARTESIAN_POINT('',(-0.05275590551181,0.118110236220473,-0.01496062992126));
#1991=VERTEX_POINT('',#1990);
#1992=CARTESIAN_POINT('',(-0.05275590551181,0.118110236220473,0.0));
#1993=DIRECTION('',(0.0,0.0,-1.0));
#1994=VECTOR('',#1993,0.01496062992126);
#1995=LINE('',#1992,#1994);
#1996=EDGE_CURVE('',#1983,#1991,#1995,.T.);
#1997=ORIENTED_EDGE('',*,*,#1996,.T.);
#1998=CARTESIAN_POINT('',(-0.098425196850393,0.118110236220473,-0.01496062992126));
#1999=VERTEX_POINT('',#1998);
#2000=CARTESIAN_POINT('',(-0.05275590551181,0.118110236220473,-0.01496062992126));
#2001=DIRECTION('',(-1.0,0.0,0.0));
#2002=VECTOR('',#2001,0.045669291338583);
#2003=LINE('',#2000,#2002);
#2004=EDGE_CURVE('',#1991,#1999,#2003,.T.);
#2005=ORIENTED_EDGE('',*,*,#2004,.T.);
#2006=CARTESIAN_POINT('',(-0.098425196850393,0.118110236220473,0.0));
#2007=VERTEX_POINT('',#2006);
#2008=CARTESIAN_POINT('',(-0.098425196850393,0.118110236220473,0.0));
#2009=DIRECTION('',(0.0,0.0,-1.0));
#2010=VECTOR('',#2009,0.01496062992126);
#2011=LINE('',#2008,#2010);
#2012=EDGE_CURVE('',#2007,#1999,#2011,.T.);
#2013=ORIENTED_EDGE('',*,*,#2012,.F.);
#2014=CARTESIAN_POINT('',(-0.118110236220472,0.118110236220473,0.0));
#2015=VERTEX_POINT('',#2014);
#2016=CARTESIAN_POINT('',(-0.098425196850393,0.118110236220473,0.0));
#2017=DIRECTION('',(-1.0,0.0,0.0));
#2018=VECTOR('',#2017,0.019685039370079);
#2019=LINE('',#2016,#2018);
#2020=EDGE_CURVE('',#2007,#2015,#2019,.T.);
#2021=ORIENTED_EDGE('',*,*,#2020,.T.);
#2022=CARTESIAN_POINT('',(-0.118110236220472,0.118110236220473,0.113779527559055));
#2023=VERTEX_POINT('',#2022);
#2024=CARTESIAN_POINT('',(-0.118110236220472,0.118110236220473,0.0));
#2025=DIRECTION('',(0.0,0.0,1.0));
#2026=VECTOR('',#2025,0.113779527559055);
#2027=LINE('',#2024,#2026);
#2028=EDGE_CURVE('',#2015,#2023,#2027,.T.);
#2029=ORIENTED_EDGE('',*,*,#2028,.T.);
#2030=CARTESIAN_POINT('',(-0.147637795275591,0.118110236220472,0.113779527559055));
#2031=VERTEX_POINT('',#2030);
#2032=CARTESIAN_POINT('',(-0.147637795275591,0.118110236220472,0.113779527559055));
#2033=DIRECTION('',(1.0,0.0,0.0));
#2034=VECTOR('',#2033,0.029527559055119);
#2035=LINE('',#2032,#2034);
#2036=EDGE_CURVE('',#2031,#2023,#2035,.T.);
#2037=ORIENTED_EDGE('',*,*,#2036,.F.);
#2038=CARTESIAN_POINT('',(-0.147637795275591,0.118110236220472,0.129527559055118));
#2039=VERTEX_POINT('',#2038);
#2040=CARTESIAN_POINT('',(-0.147637795275591,0.118110236220472,0.113779527559055));
#2041=DIRECTION('',(0.0,0.0,1.0));
#2042=VECTOR('',#2041,0.015748031496063);
#2043=LINE('',#2040,#2042);
#2044=EDGE_CURVE('',#2031,#2039,#2043,.T.);
#2045=ORIENTED_EDGE('',*,*,#2044,.T.);
#2046=CARTESIAN_POINT('',(-0.082677165354331,0.118110236220472,0.129527559055118));
#2047=VERTEX_POINT('',#2046);
#2048=CARTESIAN_POINT('',(-0.147637795275591,0.118110236220472,0.129527559055118));
#2049=DIRECTION('',(1.0,0.0,0.0));
#2050=VECTOR('',#2049,0.06496062992126);
#2051=LINE('',#2048,#2050);
#2052=EDGE_CURVE('',#2039,#2047,#2051,.T.);
#2053=ORIENTED_EDGE('',*,*,#2052,.T.);
#2054=CARTESIAN_POINT('',(-0.082677165354331,0.118110236220472,0.113779527559055));
#2055=DIRECTION('',(0.0,0.0,1.0));
#2056=VECTOR('',#2055,0.015748031496063);
#2057=LINE('',#2054,#2056);
#2058=EDGE_CURVE('',#1917,#2047,#2057,.T.);
#2059=ORIENTED_EDGE('',*,*,#2058,.F.);
#2060=EDGE_LOOP('',(#1925,#1933,#1939,#1940,#1941,#1949,#1957,#1965,#1973,#1981,#1989,#1997,#2005,#2013,#2021,#2029,#2037,#2045,#2053,#2059));
#2061=FACE_OUTER_BOUND('',#2060,.T.);
#2062=ADVANCED_FACE('',(#2061),#1915,.T.);
#2063=CARTESIAN_POINT('',(-0.118110236220472,-0.129921259842519,-0.021397637795276));
#2064=DIRECTION('',(-1.0,0.0,0.0));
#2065=DIRECTION('',(0.0,0.0,1.0));
#2066=AXIS2_PLACEMENT_3D('',#2063,#2064,#2065);
#2067=PLANE('',#2066);
#2068=CARTESIAN_POINT('',(-0.118110236220472,-0.118110236220472,0.113779527559055));
#2069=DIRECTION('',(0.0,1.0,0.0));
#2070=VECTOR('',#2069,0.236220472440945);
#2071=LINE('',#2068,#2070);
#2072=EDGE_CURVE('',#1661,#2023,#2071,.T.);
#2073=ORIENTED_EDGE('',*,*,#2072,.T.);
#2074=ORIENTED_EDGE('',*,*,#2028,.F.);
#2075=CARTESIAN_POINT('',(-0.118110236220472,0.056692913385827,0.0));
#2076=VERTEX_POINT('',#2075);
#2077=CARTESIAN_POINT('',(-0.118110236220472,0.118110236220473,0.0));
#2078=DIRECTION('',(0.0,-1.0,0.0));
#2079=VECTOR('',#2078,0.061417322834646);
#2080=LINE('',#2077,#2079);
#2081=EDGE_CURVE('',#2015,#2076,#2080,.T.);
#2082=ORIENTED_EDGE('',*,*,#2081,.T.);
#2083=CARTESIAN_POINT('',(-0.118110236220472,0.056692913385827,-0.01496062992126));
#2084=VERTEX_POINT('',#2083);
#2085=CARTESIAN_POINT('',(-0.118110236220472,0.056692913385827,0.0));
#2086=DIRECTION('',(0.0,0.0,-1.0));
#2087=VECTOR('',#2086,0.01496062992126);
#2088=LINE('',#2085,#2087);
#2089=EDGE_CURVE('',#2076,#2084,#2088,.T.);
#2090=ORIENTED_EDGE('',*,*,#2089,.T.);
#2091=CARTESIAN_POINT('',(-0.118110236220472,-0.05748031496063,-0.01496062992126));
#2092=VERTEX_POINT('',#2091);
#2093=CARTESIAN_POINT('',(-0.118110236220472,0.056692913385827,-0.01496062992126));
#2094=DIRECTION('',(0.0,-1.0,0.0));
#2095=VECTOR('',#2094,0.114173228346457);
#2096=LINE('',#2093,#2095);
#2097=EDGE_CURVE('',#2084,#2092,#2096,.T.);
#2098=ORIENTED_EDGE('',*,*,#2097,.T.);
#2099=CARTESIAN_POINT('',(-0.118110236220472,-0.05748031496063,0.0));
#2100=VERTEX_POINT('',#2099);
#2101=CARTESIAN_POINT('',(-0.118110236220472,-0.05748031496063,0.0));
#2102=DIRECTION('',(0.0,0.0,-1.0));
#2103=VECTOR('',#2102,0.01496062992126);
#2104=LINE('',#2101,#2103);
#2105=EDGE_CURVE('',#2100,#2092,#2104,.T.);
#2106=ORIENTED_EDGE('',*,*,#2105,.F.);
#2107=CARTESIAN_POINT('',(-0.118110236220472,-0.05748031496063,0.0));
#2108=DIRECTION('',(0.0,-1.0,0.0));
#2109=VECTOR('',#2108,0.060629921259842);
#2110=LINE('',#2107,#2109);
#2111=EDGE_CURVE('',#2100,#1669,#2110,.T.);
#2112=ORIENTED_EDGE('',*,*,#2111,.T.);
#2113=ORIENTED_EDGE('',*,*,#1674,.T.);
#2114=EDGE_LOOP('',(#2073,#2074,#2082,#2090,#2098,#2106,#2112,#2113));
#2115=FACE_OUTER_BOUND('',#2114,.T.);
#2116=CARTESIAN_POINT('',(-0.118110236220472,0.10236220472441,0.037007874015748));
#2117=VERTEX_POINT('',#2116);
#2118=CARTESIAN_POINT('',(-0.118110236220472,0.074803149606299,0.037007874015748));
#2119=VERTEX_POINT('',#2118);
#2120=CARTESIAN_POINT('',(-0.118110236220472,0.10236220472441,0.037007874015748));
#2121=DIRECTION('',(0.0,-1.0,0.0));
#2122=VECTOR('',#2121,0.027559055118111);
#2123=LINE('',#2120,#2122);
#2124=EDGE_CURVE('',#2117,#2119,#2123,.T.);
#2125=ORIENTED_EDGE('',*,*,#2124,.T.);
#2126=CARTESIAN_POINT('',(-0.118110236220472,0.074803149606299,0.025196850393701));
#2127=VERTEX_POINT('',#2126);
#2128=CARTESIAN_POINT('',(-0.118110236220472,0.074803149606299,0.037007874015748));
#2129=DIRECTION('',(0.0,0.0,-1.0));
#2130=VECTOR('',#2129,0.011811023622047);
#2131=LINE('',#2128,#2130);
#2132=EDGE_CURVE('',#2119,#2127,#2131,.T.);
#2133=ORIENTED_EDGE('',*,*,#2132,.T.);
#2134=CARTESIAN_POINT('',(-0.118110236220472,0.10236220472441,0.025196850393701));
#2135=VERTEX_POINT('',#2134);
#2136=CARTESIAN_POINT('',(-0.118110236220472,0.074803149606299,0.025196850393701));
#2137=DIRECTION('',(0.0,1.0,0.0));
#2138=VECTOR('',#2137,0.027559055118111);
#2139=LINE('',#2136,#2138);
#2140=EDGE_CURVE('',#2127,#2135,#2139,.T.);
#2141=ORIENTED_EDGE('',*,*,#2140,.T.);
#2142=CARTESIAN_POINT('',(-0.118110236220472,0.10236220472441,0.025196850393701));
#2143=DIRECTION('',(0.0,0.0,1.0));
#2144=VECTOR('',#2143,0.011811023622047);
#2145=LINE('',#2142,#2144);
#2146=EDGE_CURVE('',#2135,#2117,#2145,.T.);
#2147=ORIENTED_EDGE('',*,*,#2146,.T.);
#2148=EDGE_LOOP('',(#2125,#2133,#2141,#2147));
#2149=FACE_BOUND('',#2148,.T.);
#2150=CARTESIAN_POINT('',(-0.118110236220472,-0.074803149606299,0.037007874015748));
#2151=VERTEX_POINT('',#2150);
#2152=CARTESIAN_POINT('',(-0.118110236220472,-0.102362204724409,0.037007874015748));
#2153=VERTEX_POINT('',#2152);
#2154=CARTESIAN_POINT('',(-0.118110236220472,-0.074803149606299,0.037007874015748));
#2155=DIRECTION('',(0.0,-1.0,0.0));
#2156=VECTOR('',#2155,0.02755905511811);
#2157=LINE('',#2154,#2156);
#2158=EDGE_CURVE('',#2151,#2153,#2157,.T.);
#2159=ORIENTED_EDGE('',*,*,#2158,.T.);
#2160=CARTESIAN_POINT('',(-0.118110236220472,-0.102362204724409,0.025196850393701));
#2161=VERTEX_POINT('',#2160);
#2162=CARTESIAN_POINT('',(-0.118110236220472,-0.102362204724409,0.037007874015748));
#2163=DIRECTION('',(0.0,0.0,-1.0));
#2164=VECTOR('',#2163,0.011811023622047);
#2165=LINE('',#2162,#2164);
#2166=EDGE_CURVE('',#2153,#2161,#2165,.T.);
#2167=ORIENTED_EDGE('',*,*,#2166,.T.);
#2168=CARTESIAN_POINT('',(-0.118110236220472,-0.074803149606299,0.025196850393701));
#2169=VERTEX_POINT('',#2168);
#2170=CARTESIAN_POINT('',(-0.118110236220472,-0.102362204724409,0.025196850393701));
#2171=DIRECTION('',(0.0,1.0,0.0));
#2172=VECTOR('',#2171,0.02755905511811);
#2173=LINE('',#2170,#2172);
#2174=EDGE_CURVE('',#2161,#2169,#2173,.T.);
#2175=ORIENTED_EDGE('',*,*,#2174,.T.);
#2176=CARTESIAN_POINT('',(-0.118110236220472,-0.074803149606299,0.025196850393701));
#2177=DIRECTION('',(0.0,0.0,1.0));
#2178=VECTOR('',#2177,0.011811023622047);
#2179=LINE('',#2176,#2178);
#2180=EDGE_CURVE('',#2169,#2151,#2179,.T.);
#2181=ORIENTED_EDGE('',*,*,#2180,.T.);
#2182=EDGE_LOOP('',(#2159,#2167,#2175,#2181));
#2183=FACE_BOUND('',#2182,.T.);
#2184=ADVANCED_FACE('',(#2115,#2149,#2183),#2067,.T.);
#2185=CARTESIAN_POINT('',(0.09744094488189,-0.121141732283465,0.0));
#2186=DIRECTION('',(0.0,0.0,1.0));
#2187=DIRECTION('',(1.0,0.0,0.0));
#2188=AXIS2_PLACEMENT_3D('',#2185,#2186,#2187);
#2189=PLANE('',#2188);
#2190=CARTESIAN_POINT('',(0.098425196850394,-0.05748031496063,0.0));
#2191=VERTEX_POINT('',#2190);
#2192=CARTESIAN_POINT('',(0.098425196850394,-0.05748031496063,0.0));
#2193=DIRECTION('',(1.0,0.0,0.0));
#2194=VECTOR('',#2193,0.019685039370079);
#2195=LINE('',#2192,#2194);
#2196=EDGE_CURVE('',#2191,#1796,#2195,.T.);
#2197=ORIENTED_EDGE('',*,*,#2196,.T.);
#2198=ORIENTED_EDGE('',*,*,#1801,.F.);
#2199=ORIENTED_EDGE('',*,*,#1762,.F.);
#2200=CARTESIAN_POINT('',(0.098425196850394,-0.118110236220473,0.0));
#2201=DIRECTION('',(0.0,1.0,0.0));
#2202=VECTOR('',#2201,0.060629921259843);
#2203=LINE('',#2200,#2202);
#2204=EDGE_CURVE('',#1749,#2191,#2203,.T.);
#2205=ORIENTED_EDGE('',*,*,#2204,.T.);
#2206=EDGE_LOOP('',(#2197,#2198,#2199,#2205));
#2207=FACE_OUTER_BOUND('',#2206,.T.);
#2208=ADVANCED_FACE('',(#2207),#2189,.F.);
#2209=CARTESIAN_POINT('',(-0.119094488188976,0.053622047244095,0.0));
#2210=DIRECTION('',(0.0,0.0,1.0));
#2211=DIRECTION('',(1.0,0.0,0.0));
#2212=AXIS2_PLACEMENT_3D('',#2209,#2210,#2211);
#2213=PLANE('',#2212);
#2214=CARTESIAN_POINT('',(-0.098425196850393,0.056692913385827,0.0));
#2215=VERTEX_POINT('',#2214);
#2216=CARTESIAN_POINT('',(-0.098425196850393,0.056692913385827,0.0));
#2217=DIRECTION('',(-1.0,0.0,0.0));
#2218=VECTOR('',#2217,0.019685039370079);
#2219=LINE('',#2216,#2218);
#2220=EDGE_CURVE('',#2215,#2076,#2219,.T.);
#2221=ORIENTED_EDGE('',*,*,#2220,.T.);
#2222=ORIENTED_EDGE('',*,*,#2081,.F.);
#2223=ORIENTED_EDGE('',*,*,#2020,.F.);
#2224=CARTESIAN_POINT('',(-0.098425196850393,0.118110236220473,0.0));
#2225=DIRECTION('',(0.0,-1.0,0.0));
#2226=VECTOR('',#2225,0.061417322834646);
#2227=LINE('',#2224,#2226);
#2228=EDGE_CURVE('',#2007,#2215,#2227,.T.);
#2229=ORIENTED_EDGE('',*,*,#2228,.T.);
#2230=EDGE_LOOP('',(#2221,#2222,#2223,#2229));
#2231=FACE_OUTER_BOUND('',#2230,.T.);
#2232=ADVANCED_FACE('',(#2231),#2213,.F.);
#2233=CARTESIAN_POINT('',(-0.119094488188976,-0.121141732283464,0.0));
#2234=DIRECTION('',(0.0,0.0,1.0));
#2235=DIRECTION('',(1.0,0.0,0.0));
#2236=AXIS2_PLACEMENT_3D('',#2233,#2234,#2235);
#2237=PLANE('',#2236);
#2238=CARTESIAN_POINT('',(-0.098425196850394,-0.05748031496063,0.0));
#2239=VERTEX_POINT('',#2238);
#2240=CARTESIAN_POINT('',(-0.118110236220472,-0.05748031496063,0.0));
#2241=DIRECTION('',(1.0,0.0,0.0));
#2242=VECTOR('',#2241,0.019685039370078);
#2243=LINE('',#2240,#2242);
#2244=EDGE_CURVE('',#2100,#2239,#2243,.T.);
#2245=ORIENTED_EDGE('',*,*,#2244,.T.);
#2246=CARTESIAN_POINT('',(-0.098425196850394,-0.05748031496063,0.0));
#2247=DIRECTION('',(0.0,-1.0,0.0));
#2248=VECTOR('',#2247,0.060629921259842);
#2249=LINE('',#2246,#2248);
#2250=EDGE_CURVE('',#2239,#1677,#2249,.T.);
#2251=ORIENTED_EDGE('',*,*,#2250,.T.);
#2252=ORIENTED_EDGE('',*,*,#1682,.F.);
#2253=ORIENTED_EDGE('',*,*,#2111,.F.);
#2254=EDGE_LOOP('',(#2245,#2251,#2252,#2253));
#2255=FACE_OUTER_BOUND('',#2254,.T.);
#2256=ADVANCED_FACE('',(#2255),#2237,.F.);
#2257=CARTESIAN_POINT('',(-0.119094488188976,-0.05748031496063,0.000748031496063));
#2258=DIRECTION('',(0.0,-1.0,0.0));
#2259=DIRECTION('',(0.0,0.0,-1.0));
#2260=AXIS2_PLACEMENT_3D('',#2257,#2258,#2259);
#2261=PLANE('',#2260);
#2262=CARTESIAN_POINT('',(-0.098425196850394,-0.05748031496063,-0.01496062992126));
#2263=VERTEX_POINT('',#2262);
#2264=CARTESIAN_POINT('',(-0.118110236220472,-0.05748031496063,-0.01496062992126));
#2265=DIRECTION('',(1.0,0.0,0.0));
#2266=VECTOR('',#2265,0.019685039370078);
#2267=LINE('',#2264,#2266);
#2268=EDGE_CURVE('',#2092,#2263,#2267,.T.);
#2269=ORIENTED_EDGE('',*,*,#2268,.T.);
#2270=CARTESIAN_POINT('',(-0.098425196850394,-0.05748031496063,0.0));
#2271=DIRECTION('',(0.0,0.0,-1.0));
#2272=VECTOR('',#2271,0.01496062992126);
#2273=LINE('',#2270,#2272);
#2274=EDGE_CURVE('',#2239,#2263,#2273,.T.);
#2275=ORIENTED_EDGE('',*,*,#2274,.F.);
#2276=ORIENTED_EDGE('',*,*,#2244,.F.);
#2277=ORIENTED_EDGE('',*,*,#2105,.T.);
#2278=EDGE_LOOP('',(#2269,#2275,#2276,#2277));
#2279=FACE_OUTER_BOUND('',#2278,.T.);
#2280=ADVANCED_FACE('',(#2279),#2261,.T.);
#2281=CARTESIAN_POINT('',(-0.119094488188976,0.056692913385827,-0.015708661417323));
#2282=DIRECTION('',(0.0,1.0,0.0));
#2283=DIRECTION('',(0.0,0.0,1.0));
#2284=AXIS2_PLACEMENT_3D('',#2281,#2282,#2283);
#2285=PLANE('',#2284);
#2286=CARTESIAN_POINT('',(-0.098425196850393,0.056692913385827,-0.01496062992126));
#2287=VERTEX_POINT('',#2286);
#2288=CARTESIAN_POINT('',(-0.098425196850393,0.056692913385827,-0.01496062992126));
#2289=DIRECTION('',(-1.0,0.0,0.0));
#2290=VECTOR('',#2289,0.019685039370079);
#2291=LINE('',#2288,#2290);
#2292=EDGE_CURVE('',#2287,#2084,#2291,.T.);
#2293=ORIENTED_EDGE('',*,*,#2292,.T.);
#2294=ORIENTED_EDGE('',*,*,#2089,.F.);
#2295=ORIENTED_EDGE('',*,*,#2220,.F.);
#2296=CARTESIAN_POINT('',(-0.098425196850393,0.056692913385827,0.0));
#2297=DIRECTION('',(0.0,0.0,-1.0));
#2298=VECTOR('',#2297,0.01496062992126);
#2299=LINE('',#2296,#2298);
#2300=EDGE_CURVE('',#2215,#2287,#2299,.T.);
#2301=ORIENTED_EDGE('',*,*,#2300,.T.);
#2302=EDGE_LOOP('',(#2293,#2294,#2295,#2301));
#2303=FACE_OUTER_BOUND('',#2302,.T.);
#2304=ADVANCED_FACE('',(#2303),#2285,.T.);
#2305=CARTESIAN_POINT('',(-0.098425196850393,0.053622047244095,-0.015708661417323));
#2306=DIRECTION('',(-1.0,0.0,0.0));
#2307=DIRECTION('',(0.0,0.0,1.0));
#2308=AXIS2_PLACEMENT_3D('',#2305,#2306,#2307);
#2309=PLANE('',#2308);
#2310=ORIENTED_EDGE('',*,*,#2300,.F.);
#2311=ORIENTED_EDGE('',*,*,#2228,.F.);
#2312=ORIENTED_EDGE('',*,*,#2012,.T.);
#2313=CARTESIAN_POINT('',(-0.098425196850393,0.118110236220473,-0.01496062992126));
#2314=DIRECTION('',(0.0,-1.0,0.0));
#2315=VECTOR('',#2314,0.061417322834646);
#2316=LINE('',#2313,#2315);
#2317=EDGE_CURVE('',#1999,#2287,#2316,.T.);
#2318=ORIENTED_EDGE('',*,*,#2317,.T.);
#2319=EDGE_LOOP('',(#2310,#2311,#2312,#2318));
#2320=FACE_OUTER_BOUND('',#2319,.T.);
#2321=ADVANCED_FACE('',(#2320),#2309,.T.);
#2322=CARTESIAN_POINT('',(-0.098425196850393,-0.121141732283464,-0.015708661417323));
#2323=DIRECTION('',(-1.0,0.0,0.0));
#2324=DIRECTION('',(0.0,0.0,1.0));
#2325=AXIS2_PLACEMENT_3D('',#2322,#2323,#2324);
#2326=PLANE('',#2325);
#2327=ORIENTED_EDGE('',*,*,#2274,.T.);
#2328=CARTESIAN_POINT('',(-0.098425196850394,-0.05748031496063,-0.01496062992126));
#2329=DIRECTION('',(0.0,-1.0,0.0));
#2330=VECTOR('',#2329,0.060629921259842);
#2331=LINE('',#2328,#2330);
#2332=EDGE_CURVE('',#2263,#1685,#2331,.T.);
#2333=ORIENTED_EDGE('',*,*,#2332,.T.);
#2334=ORIENTED_EDGE('',*,*,#1690,.F.);
#2335=ORIENTED_EDGE('',*,*,#2250,.F.);
#2336=EDGE_LOOP('',(#2327,#2333,#2334,#2335));
#2337=FACE_OUTER_BOUND('',#2336,.T.);
#2338=ADVANCED_FACE('',(#2337),#2326,.T.);
#2339=CARTESIAN_POINT('',(0.049488188976378,-0.12992125984252,-0.01496062992126));
#2340=DIRECTION('',(0.0,0.0,1.0));
#2341=DIRECTION('',(1.0,0.0,0.0));
#2342=AXIS2_PLACEMENT_3D('',#2339,#2340,#2341);
#2343=PLANE('',#2342);
#2344=CARTESIAN_POINT('',(0.096850393700788,0.02007874015748,-0.01496062992126));
#2345=VERTEX_POINT('',#2344);
#2346=CARTESIAN_POINT('',(0.052755905511811,0.02007874015748,-0.01496062992126));
#2347=VERTEX_POINT('',#2346);
#2348=CARTESIAN_POINT('',(0.096850393700788,0.02007874015748,-0.01496062992126));
#2349=DIRECTION('',(-1.0,0.0,0.0));
#2350=VECTOR('',#2349,0.044094488188977);
#2351=LINE('',#2348,#2350);
#2352=EDGE_CURVE('',#2345,#2347,#2351,.T.);
#2353=ORIENTED_EDGE('',*,*,#2352,.T.);
#2354=CARTESIAN_POINT('',(0.052755905511811,0.118110236220473,-0.01496062992126));
#2355=DIRECTION('',(0.0,-1.0,0.0));
#2356=VECTOR('',#2355,0.098031496062993);
#2357=LINE('',#2354,#2356);
#2358=EDGE_CURVE('',#1951,#2347,#2357,.T.);
#2359=ORIENTED_EDGE('',*,*,#2358,.F.);
#2360=ORIENTED_EDGE('',*,*,#1956,.F.);
#2361=CARTESIAN_POINT('',(0.098425196850394,0.056692913385827,-0.01496062992126));
#2362=VERTEX_POINT('',#2361);
#2363=CARTESIAN_POINT('',(0.098425196850394,0.056692913385827,-0.01496062992126));
#2364=DIRECTION('',(0.0,1.0,0.0));
#2365=VECTOR('',#2364,0.061417322834646);
#2366=LINE('',#2363,#2365);
#2367=EDGE_CURVE('',#2362,#1943,#2366,.T.);
#2368=ORIENTED_EDGE('',*,*,#2367,.F.);
#2369=CARTESIAN_POINT('',(0.118110236220473,0.056692913385827,-0.01496062992126));
#2370=DIRECTION('',(-1.0,0.0,0.0));
#2371=VECTOR('',#2370,0.019685039370079);
#2372=LINE('',#2369,#2371);
#2373=EDGE_CURVE('',#1812,#2362,#2372,.T.);
#2374=ORIENTED_EDGE('',*,*,#2373,.F.);
#2375=ORIENTED_EDGE('',*,*,#1817,.F.);
#2376=CARTESIAN_POINT('',(0.098425196850394,-0.05748031496063,-0.01496062992126));
#2377=VERTEX_POINT('',#2376);
#2378=CARTESIAN_POINT('',(0.098425196850394,-0.05748031496063,-0.01496062992126));
#2379=DIRECTION('',(1.0,0.0,0.0));
#2380=VECTOR('',#2379,0.019685039370079);
#2381=LINE('',#2378,#2380);
#2382=EDGE_CURVE('',#2377,#1804,#2381,.T.);
#2383=ORIENTED_EDGE('',*,*,#2382,.F.);
#2384=CARTESIAN_POINT('',(0.098425196850394,-0.118110236220473,-0.01496062992126));
#2385=DIRECTION('',(0.0,1.0,0.0));
#2386=VECTOR('',#2385,0.060629921259843);
#2387=LINE('',#2384,#2386);
#2388=EDGE_CURVE('',#1741,#2377,#2387,.T.);
#2389=ORIENTED_EDGE('',*,*,#2388,.F.);
#2390=ORIENTED_EDGE('',*,*,#1746,.F.);
#2391=CARTESIAN_POINT('',(0.052755905511811,-0.019291338582677,-0.01496062992126));
#2392=VERTEX_POINT('',#2391);
#2393=CARTESIAN_POINT('',(0.052755905511811,-0.019291338582677,-0.01496062992126));
#2394=DIRECTION('',(0.0,-1.0,0.0));
#2395=VECTOR('',#2394,0.098818897637796);
#2396=LINE('',#2393,#2395);
#2397=EDGE_CURVE('',#2392,#1733,#2396,.T.);
#2398=ORIENTED_EDGE('',*,*,#2397,.F.);
#2399=CARTESIAN_POINT('',(0.096850393700788,-0.019291338582677,-0.01496062992126));
#2400=VERTEX_POINT('',#2399);
#2401=CARTESIAN_POINT('',(0.052755905511811,-0.019291338582677,-0.01496062992126));
#2402=DIRECTION('',(1.0,0.0,0.0));
#2403=VECTOR('',#2402,0.044094488188977);
#2404=LINE('',#2401,#2403);
#2405=EDGE_CURVE('',#2392,#2400,#2404,.T.);
#2406=ORIENTED_EDGE('',*,*,#2405,.T.);
#2407=CARTESIAN_POINT('',(0.096850393700788,-0.019291338582677,-0.01496062992126));
#2408=DIRECTION('',(0.0,1.0,0.0));
#2409=VECTOR('',#2408,0.039370078740157);
#2410=LINE('',#2407,#2409);
#2411=EDGE_CURVE('',#2400,#2345,#2410,.T.);
#2412=ORIENTED_EDGE('',*,*,#2411,.T.);
#2413=EDGE_LOOP('',(#2353,#2359,#2360,#2368,#2374,#2375,#2383,#2389,#2390,#2398,#2406,#2412));
#2414=FACE_OUTER_BOUND('',#2413,.T.);
#2415=ADVANCED_FACE('',(#2414),#2343,.F.);
#2416=CARTESIAN_POINT('',(0.09744094488189,0.056692913385827,-0.015708661417323));
#2417=DIRECTION('',(0.0,1.0,0.0));
#2418=DIRECTION('',(0.0,0.0,1.0));
#2419=AXIS2_PLACEMENT_3D('',#2416,#2417,#2418);
#2420=PLANE('',#2419);
#2421=ORIENTED_EDGE('',*,*,#2373,.T.);
#2422=CARTESIAN_POINT('',(0.098425196850394,0.056692913385827,0.0));
#2423=DIRECTION('',(0.0,0.0,-1.0));
#2424=VECTOR('',#2423,0.01496062992126);
#2425=LINE('',#2422,#2424);
#2426=EDGE_CURVE('',#1587,#2362,#2425,.T.);
#2427=ORIENTED_EDGE('',*,*,#2426,.F.);
#2428=ORIENTED_EDGE('',*,*,#1616,.F.);
#2429=ORIENTED_EDGE('',*,*,#1823,.T.);
#2430=EDGE_LOOP('',(#2421,#2427,#2428,#2429));
#2431=FACE_OUTER_BOUND('',#2430,.T.);
#2432=ADVANCED_FACE('',(#2431),#2420,.T.);
#2433=CARTESIAN_POINT('',(0.09744094488189,-0.05748031496063,0.000748031496063));
#2434=DIRECTION('',(0.0,-1.0,0.0));
#2435=DIRECTION('',(0.0,0.0,-1.0));
#2436=AXIS2_PLACEMENT_3D('',#2433,#2434,#2435);
#2437=PLANE('',#2436);
#2438=ORIENTED_EDGE('',*,*,#2382,.T.);
#2439=ORIENTED_EDGE('',*,*,#1809,.F.);
#2440=ORIENTED_EDGE('',*,*,#2196,.F.);
#2441=CARTESIAN_POINT('',(0.098425196850394,-0.05748031496063,0.0));
#2442=DIRECTION('',(0.0,0.0,-1.0));
#2443=VECTOR('',#2442,0.01496062992126);
#2444=LINE('',#2441,#2443);
#2445=EDGE_CURVE('',#2191,#2377,#2444,.T.);
#2446=ORIENTED_EDGE('',*,*,#2445,.T.);
#2447=EDGE_LOOP('',(#2438,#2439,#2440,#2446));
#2448=FACE_OUTER_BOUND('',#2447,.T.);
#2449=ADVANCED_FACE('',(#2448),#2437,.T.);
#2450=CARTESIAN_POINT('',(0.052755905511811,0.01517716535433,-0.015708661417323));
#2451=DIRECTION('',(-1.0,0.0,0.0));
#2452=DIRECTION('',(0.0,0.0,1.0));
#2453=AXIS2_PLACEMENT_3D('',#2450,#2451,#2452);
#2454=PLANE('',#2453);
#2455=CARTESIAN_POINT('',(0.052755905511811,0.02007874015748,0.0));
#2456=VERTEX_POINT('',#2455);
#2457=CARTESIAN_POINT('',(0.052755905511811,0.02007874015748,-0.01496062992126));
#2458=DIRECTION('',(0.0,0.0,1.0));
#2459=VECTOR('',#2458,0.01496062992126);
#2460=LINE('',#2457,#2459);
#2461=EDGE_CURVE('',#2347,#2456,#2460,.T.);
#2462=ORIENTED_EDGE('',*,*,#2461,.T.);
#2463=CARTESIAN_POINT('',(0.052755905511811,0.118110236220473,0.0));
#2464=DIRECTION('',(0.0,-1.0,0.0));
#2465=VECTOR('',#2464,0.098031496062993);
#2466=LINE('',#2463,#2465);
#2467=EDGE_CURVE('',#1959,#2456,#2466,.T.);
#2468=ORIENTED_EDGE('',*,*,#2467,.F.);
#2469=ORIENTED_EDGE('',*,*,#1964,.T.);
#2470=ORIENTED_EDGE('',*,*,#2358,.T.);
#2471=EDGE_LOOP('',(#2462,#2468,#2469,#2470));
#2472=FACE_OUTER_BOUND('',#2471,.T.);
#2473=ADVANCED_FACE('',(#2472),#2454,.T.);
#2474=CARTESIAN_POINT('',(0.098425196850394,-0.121141732283465,0.000748031496063));
#2475=DIRECTION('',(1.0,0.0,0.0));
#2476=DIRECTION('',(0.0,0.0,-1.0));
#2477=AXIS2_PLACEMENT_3D('',#2474,#2475,#2476);
#2478=PLANE('',#2477);
#2479=ORIENTED_EDGE('',*,*,#2445,.F.);
#2480=ORIENTED_EDGE('',*,*,#2204,.F.);
#2481=ORIENTED_EDGE('',*,*,#1754,.T.);
#2482=ORIENTED_EDGE('',*,*,#2388,.T.);
#2483=EDGE_LOOP('',(#2479,#2480,#2481,#2482));
#2484=FACE_OUTER_BOUND('',#2483,.T.);
#2485=ADVANCED_FACE('',(#2484),#2478,.T.);
#2486=CARTESIAN_POINT('',(0.098425196850394,0.053622047244095,0.000748031496063));
#2487=DIRECTION('',(1.0,0.0,0.0));
#2488=DIRECTION('',(0.0,0.0,-1.0));
#2489=AXIS2_PLACEMENT_3D('',#2486,#2487,#2488);
#2490=PLANE('',#2489);
#2491=ORIENTED_EDGE('',*,*,#2426,.T.);
#2492=ORIENTED_EDGE('',*,*,#2367,.T.);
#2493=ORIENTED_EDGE('',*,*,#1948,.F.);
#2494=ORIENTED_EDGE('',*,*,#1594,.F.);
#2495=EDGE_LOOP('',(#2491,#2492,#2493,#2494));
#2496=FACE_OUTER_BOUND('',#2495,.T.);
#2497=ADVANCED_FACE('',(#2496),#2490,.T.);
#2498=CARTESIAN_POINT('',(-0.052755905511811,0.01517716535433,0.000748031496063));
#2499=DIRECTION('',(1.0,0.0,0.0));
#2500=DIRECTION('',(0.0,0.0,-1.0));
#2501=AXIS2_PLACEMENT_3D('',#2498,#2499,#2500);
#2502=PLANE('',#2501);
#2503=CARTESIAN_POINT('',(-0.052755905511811,0.02007874015748,0.0));
#2504=VERTEX_POINT('',#2503);
#2505=CARTESIAN_POINT('',(-0.052755905511811,0.02007874015748,-0.01496062992126));
#2506=VERTEX_POINT('',#2505);
#2507=CARTESIAN_POINT('',(-0.052755905511811,0.02007874015748,0.0));
#2508=DIRECTION('',(0.0,0.0,-1.0));
#2509=VECTOR('',#2508,0.01496062992126);
#2510=LINE('',#2507,#2509);
#2511=EDGE_CURVE('',#2504,#2506,#2510,.T.);
#2512=ORIENTED_EDGE('',*,*,#2511,.T.);
#2513=CARTESIAN_POINT('',(-0.052755905511811,0.02007874015748,-0.01496062992126));
#2514=DIRECTION('',(0.0,1.0,0.0));
#2515=VECTOR('',#2514,0.098031496062993);
#2516=LINE('',#2513,#2515);
#2517=EDGE_CURVE('',#2506,#1991,#2516,.T.);
#2518=ORIENTED_EDGE('',*,*,#2517,.T.);
#2519=ORIENTED_EDGE('',*,*,#1996,.F.);
#2520=CARTESIAN_POINT('',(-0.052755905511811,0.02007874015748,0.0));
#2521=DIRECTION('',(0.0,1.0,0.0));
#2522=VECTOR('',#2521,0.098031496062993);
#2523=LINE('',#2520,#2522);
#2524=EDGE_CURVE('',#2504,#1983,#2523,.T.);
#2525=ORIENTED_EDGE('',*,*,#2524,.F.);
#2526=EDGE_LOOP('',(#2512,#2518,#2519,#2525));
#2527=FACE_OUTER_BOUND('',#2526,.T.);
#2528=ADVANCED_FACE('',(#2527),#2502,.T.);
#2529=CARTESIAN_POINT('',(-0.052755905511811,-0.123051181102362,0.000748031496063));
#2530=DIRECTION('',(1.0,0.0,0.0));
#2531=DIRECTION('',(0.0,0.0,-1.0));
#2532=AXIS2_PLACEMENT_3D('',#2529,#2530,#2531);
#2533=PLANE('',#2532);
#2534=CARTESIAN_POINT('',(-0.052755905511811,-0.019291338582677,-0.01496062992126));
#2535=VERTEX_POINT('',#2534);
#2536=CARTESIAN_POINT('',(-0.052755905511811,-0.019291338582677,0.0));
#2537=VERTEX_POINT('',#2536);
#2538=CARTESIAN_POINT('',(-0.052755905511811,-0.019291338582677,-0.01496062992126));
#2539=DIRECTION('',(0.0,0.0,1.0));
#2540=VECTOR('',#2539,0.01496062992126);
#2541=LINE('',#2538,#2540);
#2542=EDGE_CURVE('',#2535,#2537,#2541,.T.);
#2543=ORIENTED_EDGE('',*,*,#2542,.T.);
#2544=CARTESIAN_POINT('',(-0.052755905511811,-0.118110236220472,0.0));
#2545=DIRECTION('',(0.0,1.0,0.0));
#2546=VECTOR('',#2545,0.098818897637795);
#2547=LINE('',#2544,#2546);
#2548=EDGE_CURVE('',#1701,#2537,#2547,.T.);
#2549=ORIENTED_EDGE('',*,*,#2548,.F.);
#2550=ORIENTED_EDGE('',*,*,#1706,.T.);
#2551=CARTESIAN_POINT('',(-0.052755905511811,-0.118110236220472,-0.01496062992126));
#2552=DIRECTION('',(0.0,1.0,0.0));
#2553=VECTOR('',#2552,0.098818897637795);
#2554=LINE('',#2551,#2553);
#2555=EDGE_CURVE('',#1693,#2535,#2554,.T.);
#2556=ORIENTED_EDGE('',*,*,#2555,.T.);
#2557=EDGE_LOOP('',(#2543,#2549,#2550,#2556));
#2558=FACE_OUTER_BOUND('',#2557,.T.);
#2559=ADVANCED_FACE('',(#2558),#2533,.T.);
#2560=CARTESIAN_POINT('',(-0.058031496062992,0.01517716535433,0.0));
#2561=DIRECTION('',(0.0,0.0,1.0));
#2562=DIRECTION('',(1.0,0.0,0.0));
#2563=AXIS2_PLACEMENT_3D('',#2560,#2561,#2562);
#2564=PLANE('',#2563);
#2565=CARTESIAN_POINT('',(0.043307086614173,0.086614173228346,3.700743E-017));
#2566=VERTEX_POINT('',#2565);
#2567=CARTESIAN_POINT('',(0.043307086614173,0.086614173228346,0.0));
#2568=DIRECTION('',(0.0,1.0,0.0));
#2569=VECTOR('',#2568,0.031496062992127);
#2570=LINE('',#2567,#2569);
#2571=EDGE_CURVE('',#2566,#1967,#2570,.T.);
#2572=ORIENTED_EDGE('',*,*,#2571,.T.);
#2573=ORIENTED_EDGE('',*,*,#1972,.F.);
#2574=ORIENTED_EDGE('',*,*,#2467,.T.);
#2575=CARTESIAN_POINT('',(0.052755905511811,0.02007874015748,0.0));
#2576=DIRECTION('',(-1.0,0.0,0.0));
#2577=VECTOR('',#2576,0.105511811023622);
#2578=LINE('',#2575,#2577);
#2579=EDGE_CURVE('',#2456,#2504,#2578,.T.);
#2580=ORIENTED_EDGE('',*,*,#2579,.T.);
#2581=ORIENTED_EDGE('',*,*,#2524,.T.);
#2582=ORIENTED_EDGE('',*,*,#1988,.F.);
#2583=CARTESIAN_POINT('',(-0.003937007874016,0.086614173228346,3.700743E-017));
#2584=VERTEX_POINT('',#2583);
#2585=CARTESIAN_POINT('',(-0.003937007874016,0.118110236220473,0.0));
#2586=DIRECTION('',(0.0,-1.0,0.0));
#2587=VECTOR('',#2586,0.031496062992127);
#2588=LINE('',#2585,#2587);
#2589=EDGE_CURVE('',#1975,#2584,#2588,.T.);
#2590=ORIENTED_EDGE('',*,*,#2589,.T.);
#2591=CARTESIAN_POINT('',(-0.003937007874016,0.086614173228346,0.0));
#2592=DIRECTION('',(1.0,0.0,0.0));
#2593=VECTOR('',#2592,0.047244094488189);
#2594=LINE('',#2591,#2593);
#2595=EDGE_CURVE('',#2584,#2566,#2594,.T.);
#2596=ORIENTED_EDGE('',*,*,#2595,.T.);
#2597=EDGE_LOOP('',(#2572,#2573,#2574,#2580,#2581,#2582,#2590,#2596));
#2598=FACE_OUTER_BOUND('',#2597,.T.);
#2599=ADVANCED_FACE('',(#2598),#2564,.F.);
#2600=CARTESIAN_POINT('',(-0.121377952755905,-0.129921259842519,-0.01496062992126));
#2601=DIRECTION('',(0.0,0.0,1.0));
#2602=DIRECTION('',(1.0,0.0,0.0));
#2603=AXIS2_PLACEMENT_3D('',#2600,#2601,#2602);
#2604=PLANE('',#2603);
#2605=CARTESIAN_POINT('',(-0.09763779527559,0.02007874015748,-0.01496062992126));
#2606=VERTEX_POINT('',#2605);
#2607=CARTESIAN_POINT('',(-0.052755905511811,0.02007874015748,-0.01496062992126));
#2608=DIRECTION('',(-1.0,0.0,0.0));
#2609=VECTOR('',#2608,0.044881889763779);
#2610=LINE('',#2607,#2609);
#2611=EDGE_CURVE('',#2506,#2606,#2610,.T.);
#2612=ORIENTED_EDGE('',*,*,#2611,.T.);
#2613=CARTESIAN_POINT('',(-0.09763779527559,-0.019291338582677,-0.01496062992126));
#2614=VERTEX_POINT('',#2613);
#2615=CARTESIAN_POINT('',(-0.09763779527559,0.02007874015748,-0.01496062992126));
#2616=DIRECTION('',(0.0,-1.0,0.0));
#2617=VECTOR('',#2616,0.039370078740157);
#2618=LINE('',#2615,#2617);
#2619=EDGE_CURVE('',#2606,#2614,#2618,.T.);
#2620=ORIENTED_EDGE('',*,*,#2619,.T.);
#2621=CARTESIAN_POINT('',(-0.09763779527559,-0.019291338582677,-0.01496062992126));
#2622=DIRECTION('',(1.0,0.0,0.0));
#2623=VECTOR('',#2622,0.044881889763779);
#2624=LINE('',#2621,#2623);
#2625=EDGE_CURVE('',#2614,#2535,#2624,.T.);
#2626=ORIENTED_EDGE('',*,*,#2625,.T.);
#2627=ORIENTED_EDGE('',*,*,#2555,.F.);
#2628=ORIENTED_EDGE('',*,*,#1698,.F.);
#2629=ORIENTED_EDGE('',*,*,#2332,.F.);
#2630=ORIENTED_EDGE('',*,*,#2268,.F.);
#2631=ORIENTED_EDGE('',*,*,#2097,.F.);
#2632=ORIENTED_EDGE('',*,*,#2292,.F.);
#2633=ORIENTED_EDGE('',*,*,#2317,.F.);
#2634=ORIENTED_EDGE('',*,*,#2004,.F.);
#2635=ORIENTED_EDGE('',*,*,#2517,.F.);
#2636=EDGE_LOOP('',(#2612,#2620,#2626,#2627,#2628,#2629,#2630,#2631,#2632,#2633,#2634,#2635));
#2637=FACE_OUTER_BOUND('',#2636,.T.);
#2638=ADVANCED_FACE('',(#2637),#2604,.F.);
#2639=CARTESIAN_POINT('',(0.052755905511811,-0.123051181102363,-0.015708661417323));
#2640=DIRECTION('',(-1.0,0.0,0.0));
#2641=DIRECTION('',(0.0,0.0,1.0));
#2642=AXIS2_PLACEMENT_3D('',#2639,#2640,#2641);
#2643=PLANE('',#2642);
#2644=CARTESIAN_POINT('',(0.052755905511811,-0.019291338582677,0.0));
#2645=VERTEX_POINT('',#2644);
#2646=CARTESIAN_POINT('',(0.052755905511811,-0.019291338582677,0.0));
#2647=DIRECTION('',(0.0,0.0,-1.0));
#2648=VECTOR('',#2647,0.01496062992126);
#2649=LINE('',#2646,#2648);
#2650=EDGE_CURVE('',#2645,#2392,#2649,.T.);
#2651=ORIENTED_EDGE('',*,*,#2650,.T.);
#2652=ORIENTED_EDGE('',*,*,#2397,.T.);
#2653=ORIENTED_EDGE('',*,*,#1738,.F.);
#2654=CARTESIAN_POINT('',(0.052755905511811,-0.019291338582677,0.0));
#2655=DIRECTION('',(0.0,-1.0,0.0));
#2656=VECTOR('',#2655,0.098818897637796);
#2657=LINE('',#2654,#2656);
#2658=EDGE_CURVE('',#2645,#1725,#2657,.T.);
#2659=ORIENTED_EDGE('',*,*,#2658,.F.);
#2660=EDGE_LOOP('',(#2651,#2652,#2653,#2659));
#2661=FACE_OUTER_BOUND('',#2660,.T.);
#2662=ADVANCED_FACE('',(#2661),#2643,.T.);
#2663=CARTESIAN_POINT('',(0.006968503937008,-0.021259842519685,0.002755905511811));
#2664=DIRECTION('',(0.0,0.0,1.0));
#2665=DIRECTION('',(1.0,0.0,0.0));
#2666=AXIS2_PLACEMENT_3D('',#2663,#2664,#2665);
#2667=PLANE('',#2666);
#2668=CARTESIAN_POINT('',(0.075590551181103,0.02007874015748,0.002755905511811));
#2669=VERTEX_POINT('',#2668);
#2670=CARTESIAN_POINT('',(0.075590551181103,-0.019291338582677,0.002755905511811));
#2671=VERTEX_POINT('',#2670);
#2672=CARTESIAN_POINT('',(0.075590551181103,0.02007874015748,0.002755905511811));
#2673=DIRECTION('',(0.0,-1.0,0.0));
#2674=VECTOR('',#2673,0.039370078740157);
#2675=LINE('',#2672,#2674);
#2676=EDGE_CURVE('',#2669,#2671,#2675,.T.);
#2677=ORIENTED_EDGE('',*,*,#2676,.T.);
#2678=CARTESIAN_POINT('',(0.010236220472441,-0.019291338582677,0.002755905511811));
#2679=VERTEX_POINT('',#2678);
#2680=CARTESIAN_POINT('',(0.075590551181103,-0.019291338582677,0.002755905511811));
#2681=DIRECTION('',(-1.0,0.0,0.0));
#2682=VECTOR('',#2681,0.065354330708662);
#2683=LINE('',#2680,#2682);
#2684=EDGE_CURVE('',#2671,#2679,#2683,.T.);
#2685=ORIENTED_EDGE('',*,*,#2684,.T.);
#2686=CARTESIAN_POINT('',(0.010236220472441,0.02007874015748,0.002755905511811));
#2687=VERTEX_POINT('',#2686);
#2688=CARTESIAN_POINT('',(0.010236220472441,-0.019291338582677,0.002755905511811));
#2689=DIRECTION('',(0.0,1.0,0.0));
#2690=VECTOR('',#2689,0.039370078740157);
#2691=LINE('',#2688,#2690);
#2692=EDGE_CURVE('',#2679,#2687,#2691,.T.);
#2693=ORIENTED_EDGE('',*,*,#2692,.T.);
#2694=CARTESIAN_POINT('',(0.010236220472441,0.02007874015748,0.002755905511811));
#2695=DIRECTION('',(1.0,0.0,0.0));
#2696=VECTOR('',#2695,0.065354330708662);
#2697=LINE('',#2694,#2696);
#2698=EDGE_CURVE('',#2687,#2669,#2697,.T.);
#2699=ORIENTED_EDGE('',*,*,#2698,.T.);
#2700=EDGE_LOOP('',(#2677,#2685,#2693,#2699));
#2701=FACE_OUTER_BOUND('',#2700,.T.);
#2702=ADVANCED_FACE('',(#2701),#2667,.F.);
#2703=CARTESIAN_POINT('',(-0.107362204724409,-0.019291338582677,0.020177165354331));
#2704=DIRECTION('',(0.0,-1.0,0.0));
#2705=DIRECTION('',(0.0,0.0,-1.0));
#2706=AXIS2_PLACEMENT_3D('',#2703,#2704,#2705);
#2707=PLANE('',#2706);
#2708=ORIENTED_EDGE('',*,*,#2650,.F.);
#2709=CARTESIAN_POINT('',(-0.052755905511811,-0.019291338582677,0.0));
#2710=DIRECTION('',(1.0,0.0,0.0));
#2711=VECTOR('',#2710,0.105511811023622);
#2712=LINE('',#2709,#2711);
#2713=EDGE_CURVE('',#2537,#2645,#2712,.T.);
#2714=ORIENTED_EDGE('',*,*,#2713,.F.);
#2715=ORIENTED_EDGE('',*,*,#2542,.F.);
#2716=ORIENTED_EDGE('',*,*,#2625,.F.);
#2717=CARTESIAN_POINT('',(-0.09763779527559,-0.019291338582677,0.018503937007874));
#2718=VERTEX_POINT('',#2717);
#2719=CARTESIAN_POINT('',(-0.09763779527559,-0.019291338582677,-0.01496062992126));
#2720=DIRECTION('',(0.0,0.0,1.0));
#2721=VECTOR('',#2720,0.033464566929134);
#2722=LINE('',#2719,#2721);
#2723=EDGE_CURVE('',#2614,#2718,#2722,.T.);
#2724=ORIENTED_EDGE('',*,*,#2723,.T.);
#2725=CARTESIAN_POINT('',(-0.076377952755905,-0.019291338582677,0.018503937007874));
#2726=VERTEX_POINT('',#2725);
#2727=CARTESIAN_POINT('',(-0.076377952755905,-0.019291338582677,0.018503937007874));
#2728=DIRECTION('',(-1.0,0.0,0.0));
#2729=VECTOR('',#2728,0.021259842519685);
#2730=LINE('',#2727,#2729);
#2731=EDGE_CURVE('',#2726,#2718,#2730,.T.);
#2732=ORIENTED_EDGE('',*,*,#2731,.F.);
#2733=CARTESIAN_POINT('',(-0.076377952755905,-0.019291338582677,0.002755905511811));
#2734=VERTEX_POINT('',#2733);
#2735=CARTESIAN_POINT('',(-0.076377952755905,-0.019291338582677,0.002755905511811));
#2736=DIRECTION('',(0.0,0.0,1.0));
#2737=VECTOR('',#2736,0.015748031496063);
#2738=LINE('',#2735,#2737);
#2739=EDGE_CURVE('',#2734,#2726,#2738,.T.);
#2740=ORIENTED_EDGE('',*,*,#2739,.F.);
#2741=CARTESIAN_POINT('',(-0.011023622047244,-0.019291338582677,0.002755905511811));
#2742=VERTEX_POINT('',#2741);
#2743=CARTESIAN_POINT('',(-0.011023622047244,-0.019291338582677,0.002755905511811));
#2744=DIRECTION('',(-1.0,0.0,0.0));
#2745=VECTOR('',#2744,0.065354330708661);
#2746=LINE('',#2743,#2745);
#2747=EDGE_CURVE('',#2742,#2734,#2746,.T.);
#2748=ORIENTED_EDGE('',*,*,#2747,.F.);
#2749=CARTESIAN_POINT('',(-0.011023622047244,-0.019291338582677,0.018503937007874));
#2750=VERTEX_POINT('',#2749);
#2751=CARTESIAN_POINT('',(-0.011023622047244,-0.019291338582677,0.002755905511811));
#2752=DIRECTION('',(0.0,0.0,1.0));
#2753=VECTOR('',#2752,0.015748031496063);
#2754=LINE('',#2751,#2753);
#2755=EDGE_CURVE('',#2742,#2750,#2754,.T.);
#2756=ORIENTED_EDGE('',*,*,#2755,.T.);
#2757=CARTESIAN_POINT('',(0.010236220472441,-0.019291338582677,0.018503937007874));
#2758=VERTEX_POINT('',#2757);
#2759=CARTESIAN_POINT('',(0.010236220472441,-0.019291338582677,0.018503937007874));
#2760=DIRECTION('',(-1.0,0.0,0.0));
#2761=VECTOR('',#2760,0.021259842519685);
#2762=LINE('',#2759,#2761);
#2763=EDGE_CURVE('',#2758,#2750,#2762,.T.);
#2764=ORIENTED_EDGE('',*,*,#2763,.F.);
#2765=CARTESIAN_POINT('',(0.010236220472441,-0.019291338582677,0.002755905511811));
#2766=DIRECTION('',(0.0,0.0,1.0));
#2767=VECTOR('',#2766,0.015748031496063);
#2768=LINE('',#2765,#2767);
#2769=EDGE_CURVE('',#2679,#2758,#2768,.T.);
#2770=ORIENTED_EDGE('',*,*,#2769,.F.);
#2771=ORIENTED_EDGE('',*,*,#2684,.F.);
#2772=CARTESIAN_POINT('',(0.075590551181103,-0.019291338582677,0.018503937007874));
#2773=VERTEX_POINT('',#2772);
#2774=CARTESIAN_POINT('',(0.075590551181103,-0.019291338582677,0.002755905511811));
#2775=DIRECTION('',(0.0,0.0,1.0));
#2776=VECTOR('',#2775,0.015748031496063);
#2777=LINE('',#2774,#2776);
#2778=EDGE_CURVE('',#2671,#2773,#2777,.T.);
#2779=ORIENTED_EDGE('',*,*,#2778,.T.);
#2780=CARTESIAN_POINT('',(0.096850393700788,-0.019291338582677,0.018503937007874));
#2781=VERTEX_POINT('',#2780);
#2782=CARTESIAN_POINT('',(0.096850393700788,-0.019291338582677,0.018503937007874));
#2783=DIRECTION('',(-1.0,0.0,0.0));
#2784=VECTOR('',#2783,0.021259842519685);
#2785=LINE('',#2782,#2784);
#2786=EDGE_CURVE('',#2781,#2773,#2785,.T.);
#2787=ORIENTED_EDGE('',*,*,#2786,.F.);
#2788=CARTESIAN_POINT('',(0.096850393700788,-0.019291338582677,-0.01496062992126));
#2789=DIRECTION('',(0.0,0.0,1.0));
#2790=VECTOR('',#2789,0.033464566929134);
#2791=LINE('',#2788,#2790);
#2792=EDGE_CURVE('',#2400,#2781,#2791,.T.);
#2793=ORIENTED_EDGE('',*,*,#2792,.F.);
#2794=ORIENTED_EDGE('',*,*,#2405,.F.);
#2795=EDGE_LOOP('',(#2708,#2714,#2715,#2716,#2724,#2732,#2740,#2748,#2756,#2764,#2770,#2771,#2779,#2787,#2793,#2794));
#2796=FACE_OUTER_BOUND('',#2795,.T.);
#2797=ADVANCED_FACE('',(#2796),#2707,.F.);
#2798=CARTESIAN_POINT('',(0.096850393700788,-0.021259842519685,0.020177165354331));
#2799=DIRECTION('',(1.0,0.0,0.0));
#2800=DIRECTION('',(0.0,0.0,-1.0));
#2801=AXIS2_PLACEMENT_3D('',#2798,#2799,#2800);
#2802=PLANE('',#2801);
#2803=CARTESIAN_POINT('',(0.096850393700788,0.02007874015748,0.018503937007874));
#2804=VERTEX_POINT('',#2803);
#2805=CARTESIAN_POINT('',(0.096850393700788,0.02007874015748,-0.01496062992126));
#2806=DIRECTION('',(0.0,0.0,1.0));
#2807=VECTOR('',#2806,0.033464566929134);
#2808=LINE('',#2805,#2807);
#2809=EDGE_CURVE('',#2345,#2804,#2808,.T.);
#2810=ORIENTED_EDGE('',*,*,#2809,.F.);
#2811=ORIENTED_EDGE('',*,*,#2411,.F.);
#2812=ORIENTED_EDGE('',*,*,#2792,.T.);
#2813=CARTESIAN_POINT('',(0.096850393700788,0.02007874015748,0.018503937007874));
#2814=DIRECTION('',(0.0,-1.0,0.0));
#2815=VECTOR('',#2814,0.039370078740157);
#2816=LINE('',#2813,#2815);
#2817=EDGE_CURVE('',#2804,#2781,#2816,.T.);
#2818=ORIENTED_EDGE('',*,*,#2817,.F.);
#2819=EDGE_LOOP('',(#2810,#2811,#2812,#2818));
#2820=FACE_OUTER_BOUND('',#2819,.T.);
#2821=ADVANCED_FACE('',(#2820),#2802,.F.);
#2822=CARTESIAN_POINT('',(-0.09763779527559,-0.021259842519685,-0.016633858267717));
#2823=DIRECTION('',(-1.0,0.0,0.0));
#2824=DIRECTION('',(0.0,0.0,1.0));
#2825=AXIS2_PLACEMENT_3D('',#2822,#2823,#2824);
#2826=PLANE('',#2825);
#2827=ORIENTED_EDGE('',*,*,#2723,.F.);
#2828=ORIENTED_EDGE('',*,*,#2619,.F.);
#2829=CARTESIAN_POINT('',(-0.09763779527559,0.02007874015748,0.018503937007874));
#2830=VERTEX_POINT('',#2829);
#2831=CARTESIAN_POINT('',(-0.09763779527559,0.02007874015748,-0.01496062992126));
#2832=DIRECTION('',(0.0,0.0,1.0));
#2833=VECTOR('',#2832,0.033464566929134);
#2834=LINE('',#2831,#2833);
#2835=EDGE_CURVE('',#2606,#2830,#2834,.T.);
#2836=ORIENTED_EDGE('',*,*,#2835,.T.);
#2837=CARTESIAN_POINT('',(-0.09763779527559,-0.019291338582677,0.018503937007874));
#2838=DIRECTION('',(0.0,1.0,0.0));
#2839=VECTOR('',#2838,0.039370078740157);
#2840=LINE('',#2837,#2839);
#2841=EDGE_CURVE('',#2718,#2830,#2840,.T.);
#2842=ORIENTED_EDGE('',*,*,#2841,.F.);
#2843=EDGE_LOOP('',(#2827,#2828,#2836,#2842));
#2844=FACE_OUTER_BOUND('',#2843,.T.);
#2845=ADVANCED_FACE('',(#2844),#2826,.F.);
#2846=CARTESIAN_POINT('',(-0.107362204724409,0.02007874015748,-0.016633858267717));
#2847=DIRECTION('',(0.0,1.0,0.0));
#2848=DIRECTION('',(0.0,0.0,1.0));
#2849=AXIS2_PLACEMENT_3D('',#2846,#2847,#2848);
#2850=PLANE('',#2849);
#2851=ORIENTED_EDGE('',*,*,#2461,.F.);
#2852=ORIENTED_EDGE('',*,*,#2352,.F.);
#2853=ORIENTED_EDGE('',*,*,#2809,.T.);
#2854=CARTESIAN_POINT('',(0.075590551181103,0.02007874015748,0.018503937007874));
#2855=VERTEX_POINT('',#2854);
#2856=CARTESIAN_POINT('',(0.075590551181103,0.02007874015748,0.018503937007874));
#2857=DIRECTION('',(1.0,0.0,0.0));
#2858=VECTOR('',#2857,0.021259842519685);
#2859=LINE('',#2856,#2858);
#2860=EDGE_CURVE('',#2855,#2804,#2859,.T.);
#2861=ORIENTED_EDGE('',*,*,#2860,.F.);
#2862=CARTESIAN_POINT('',(0.075590551181103,0.02007874015748,0.002755905511811));
#2863=DIRECTION('',(0.0,0.0,1.0));
#2864=VECTOR('',#2863,0.015748031496063);
#2865=LINE('',#2862,#2864);
#2866=EDGE_CURVE('',#2669,#2855,#2865,.T.);
#2867=ORIENTED_EDGE('',*,*,#2866,.F.);
#2868=ORIENTED_EDGE('',*,*,#2698,.F.);
#2869=CARTESIAN_POINT('',(0.010236220472441,0.02007874015748,0.018503937007874));
#2870=VERTEX_POINT('',#2869);
#2871=CARTESIAN_POINT('',(0.010236220472441,0.02007874015748,0.002755905511811));
#2872=DIRECTION('',(0.0,0.0,1.0));
#2873=VECTOR('',#2872,0.015748031496063);
#2874=LINE('',#2871,#2873);
#2875=EDGE_CURVE('',#2687,#2870,#2874,.T.);
#2876=ORIENTED_EDGE('',*,*,#2875,.T.);
#2877=CARTESIAN_POINT('',(-0.011023622047244,0.02007874015748,0.018503937007874));
#2878=VERTEX_POINT('',#2877);
#2879=CARTESIAN_POINT('',(-0.011023622047244,0.02007874015748,0.018503937007874));
#2880=DIRECTION('',(1.0,0.0,0.0));
#2881=VECTOR('',#2880,0.021259842519685);
#2882=LINE('',#2879,#2881);
#2883=EDGE_CURVE('',#2878,#2870,#2882,.T.);
#2884=ORIENTED_EDGE('',*,*,#2883,.F.);
#2885=CARTESIAN_POINT('',(-0.011023622047244,0.02007874015748,0.002755905511811));
#2886=VERTEX_POINT('',#2885);
#2887=CARTESIAN_POINT('',(-0.011023622047244,0.02007874015748,0.002755905511811));
#2888=DIRECTION('',(0.0,0.0,1.0));
#2889=VECTOR('',#2888,0.015748031496063);
#2890=LINE('',#2887,#2889);
#2891=EDGE_CURVE('',#2886,#2878,#2890,.T.);
#2892=ORIENTED_EDGE('',*,*,#2891,.F.);
#2893=CARTESIAN_POINT('',(-0.076377952755905,0.02007874015748,0.002755905511811));
#2894=VERTEX_POINT('',#2893);
#2895=CARTESIAN_POINT('',(-0.076377952755905,0.02007874015748,0.002755905511811));
#2896=DIRECTION('',(1.0,0.0,0.0));
#2897=VECTOR('',#2896,0.065354330708661);
#2898=LINE('',#2895,#2897);
#2899=EDGE_CURVE('',#2894,#2886,#2898,.T.);
#2900=ORIENTED_EDGE('',*,*,#2899,.F.);
#2901=CARTESIAN_POINT('',(-0.076377952755905,0.02007874015748,0.018503937007874));
#2902=VERTEX_POINT('',#2901);
#2903=CARTESIAN_POINT('',(-0.076377952755905,0.02007874015748,0.002755905511811));
#2904=DIRECTION('',(0.0,0.0,1.0));
#2905=VECTOR('',#2904,0.015748031496063);
#2906=LINE('',#2903,#2905);
#2907=EDGE_CURVE('',#2894,#2902,#2906,.T.);
#2908=ORIENTED_EDGE('',*,*,#2907,.T.);
#2909=CARTESIAN_POINT('',(-0.09763779527559,0.02007874015748,0.018503937007874));
#2910=DIRECTION('',(1.0,0.0,0.0));
#2911=VECTOR('',#2910,0.021259842519685);
#2912=LINE('',#2909,#2911);
#2913=EDGE_CURVE('',#2830,#2902,#2912,.T.);
#2914=ORIENTED_EDGE('',*,*,#2913,.F.);
#2915=ORIENTED_EDGE('',*,*,#2835,.F.);
#2916=ORIENTED_EDGE('',*,*,#2611,.F.);
#2917=ORIENTED_EDGE('',*,*,#2511,.F.);
#2918=ORIENTED_EDGE('',*,*,#2579,.F.);
#2919=EDGE_LOOP('',(#2851,#2852,#2853,#2861,#2867,#2868,#2876,#2884,#2892,#2900,#2908,#2914,#2915,#2916,#2917,#2918));
#2920=FACE_OUTER_BOUND('',#2919,.T.);
#2921=ADVANCED_FACE('',(#2920),#2850,.F.);
#2922=CARTESIAN_POINT('',(-0.079645669291338,-0.021259842519685,0.002755905511811));
#2923=DIRECTION('',(0.0,0.0,1.0));
#2924=DIRECTION('',(1.0,0.0,0.0));
#2925=AXIS2_PLACEMENT_3D('',#2922,#2923,#2924);
#2926=PLANE('',#2925);
#2927=CARTESIAN_POINT('',(-0.076377952755905,-0.019291338582677,0.002755905511811));
#2928=DIRECTION('',(0.0,1.0,0.0));
#2929=VECTOR('',#2928,0.039370078740157);
#2930=LINE('',#2927,#2929);
#2931=EDGE_CURVE('',#2734,#2894,#2930,.T.);
#2932=ORIENTED_EDGE('',*,*,#2931,.T.);
#2933=ORIENTED_EDGE('',*,*,#2899,.T.);
#2934=CARTESIAN_POINT('',(-0.011023622047244,0.02007874015748,0.002755905511811));
#2935=DIRECTION('',(0.0,-1.0,0.0));
#2936=VECTOR('',#2935,0.039370078740157);
#2937=LINE('',#2934,#2936);
#2938=EDGE_CURVE('',#2886,#2742,#2937,.T.);
#2939=ORIENTED_EDGE('',*,*,#2938,.T.);
#2940=ORIENTED_EDGE('',*,*,#2747,.T.);
#2941=EDGE_LOOP('',(#2932,#2933,#2939,#2940));
#2942=FACE_OUTER_BOUND('',#2941,.T.);
#2943=ADVANCED_FACE('',(#2942),#2926,.F.);
#2944=CARTESIAN_POINT('',(-0.012086614173228,-0.021259842519685,0.018503937007874));
#2945=DIRECTION('',(0.0,0.0,1.0));
#2946=DIRECTION('',(1.0,0.0,0.0));
#2947=AXIS2_PLACEMENT_3D('',#2944,#2945,#2946);
#2948=PLANE('',#2947);
#2949=CARTESIAN_POINT('',(0.010236220472441,0.02007874015748,0.018503937007874));
#2950=DIRECTION('',(0.0,-1.0,0.0));
#2951=VECTOR('',#2950,0.039370078740157);
#2952=LINE('',#2949,#2951);
#2953=EDGE_CURVE('',#2870,#2758,#2952,.T.);
#2954=ORIENTED_EDGE('',*,*,#2953,.T.);
#2955=ORIENTED_EDGE('',*,*,#2763,.T.);
#2956=CARTESIAN_POINT('',(-0.011023622047244,-0.019291338582677,0.018503937007874));
#2957=DIRECTION('',(0.0,1.0,0.0));
#2958=VECTOR('',#2957,0.039370078740157);
#2959=LINE('',#2956,#2958);
#2960=EDGE_CURVE('',#2750,#2878,#2959,.T.);
#2961=ORIENTED_EDGE('',*,*,#2960,.T.);
#2962=ORIENTED_EDGE('',*,*,#2883,.T.);
#2963=EDGE_LOOP('',(#2954,#2955,#2961,#2962));
#2964=FACE_OUTER_BOUND('',#2963,.T.);
#2965=ADVANCED_FACE('',(#2964),#2948,.F.);
#2966=CARTESIAN_POINT('',(-0.011023622047244,-0.021259842519685,0.001968503937008));
#2967=DIRECTION('',(-1.0,0.0,0.0));
#2968=DIRECTION('',(0.0,0.0,1.0));
#2969=AXIS2_PLACEMENT_3D('',#2966,#2967,#2968);
#2970=PLANE('',#2969);
#2971=ORIENTED_EDGE('',*,*,#2960,.F.);
#2972=ORIENTED_EDGE('',*,*,#2755,.F.);
#2973=ORIENTED_EDGE('',*,*,#2938,.F.);
#2974=ORIENTED_EDGE('',*,*,#2891,.T.);
#2975=EDGE_LOOP('',(#2971,#2972,#2973,#2974));
#2976=FACE_OUTER_BOUND('',#2975,.T.);
#2977=ADVANCED_FACE('',(#2976),#2970,.F.);
#2978=CARTESIAN_POINT('',(0.010236220472441,-0.021259842519685,0.019291338582677));
#2979=DIRECTION('',(1.0,0.0,0.0));
#2980=DIRECTION('',(0.0,0.0,-1.0));
#2981=AXIS2_PLACEMENT_3D('',#2978,#2979,#2980);
#2982=PLANE('',#2981);
#2983=ORIENTED_EDGE('',*,*,#2953,.F.);
#2984=ORIENTED_EDGE('',*,*,#2875,.F.);
#2985=ORIENTED_EDGE('',*,*,#2692,.F.);
#2986=ORIENTED_EDGE('',*,*,#2769,.T.);
#2987=EDGE_LOOP('',(#2983,#2984,#2985,#2986));
#2988=FACE_OUTER_BOUND('',#2987,.T.);
#2989=ADVANCED_FACE('',(#2988),#2982,.F.);
#2990=CARTESIAN_POINT('',(-0.098700787401574,-0.021259842519685,0.018503937007874));
#2991=DIRECTION('',(0.0,0.0,1.0));
#2992=DIRECTION('',(1.0,0.0,0.0));
#2993=AXIS2_PLACEMENT_3D('',#2990,#2991,#2992);
#2994=PLANE('',#2993);
#2995=CARTESIAN_POINT('',(-0.076377952755905,0.02007874015748,0.018503937007874));
#2996=DIRECTION('',(0.0,-1.0,0.0));
#2997=VECTOR('',#2996,0.039370078740157);
#2998=LINE('',#2995,#2997);
#2999=EDGE_CURVE('',#2902,#2726,#2998,.T.);
#3000=ORIENTED_EDGE('',*,*,#2999,.T.);
#3001=ORIENTED_EDGE('',*,*,#2731,.T.);
#3002=ORIENTED_EDGE('',*,*,#2841,.T.);
#3003=ORIENTED_EDGE('',*,*,#2913,.T.);
#3004=EDGE_LOOP('',(#3000,#3001,#3002,#3003));
#3005=FACE_OUTER_BOUND('',#3004,.T.);
#3006=ADVANCED_FACE('',(#3005),#2994,.F.);
#3007=CARTESIAN_POINT('',(-0.076377952755905,-0.021259842519685,0.019291338582677));
#3008=DIRECTION('',(1.0,0.0,0.0));
#3009=DIRECTION('',(0.0,0.0,-1.0));
#3010=AXIS2_PLACEMENT_3D('',#3007,#3008,#3009);
#3011=PLANE('',#3010);
#3012=ORIENTED_EDGE('',*,*,#2999,.F.);
#3013=ORIENTED_EDGE('',*,*,#2907,.F.);
#3014=ORIENTED_EDGE('',*,*,#2931,.F.);
#3015=ORIENTED_EDGE('',*,*,#2739,.T.);
#3016=EDGE_LOOP('',(#3012,#3013,#3014,#3015));
#3017=FACE_OUTER_BOUND('',#3016,.T.);
#3018=ADVANCED_FACE('',(#3017),#3011,.F.);
#3019=CARTESIAN_POINT('',(0.074527559055119,-0.021259842519685,0.018503937007874));
#3020=DIRECTION('',(0.0,0.0,1.0));
#3021=DIRECTION('',(1.0,0.0,0.0));
#3022=AXIS2_PLACEMENT_3D('',#3019,#3020,#3021);
#3023=PLANE('',#3022);
#3024=CARTESIAN_POINT('',(0.075590551181103,-0.019291338582677,0.018503937007874));
#3025=DIRECTION('',(0.0,1.0,0.0));
#3026=VECTOR('',#3025,0.039370078740157);
#3027=LINE('',#3024,#3026);
#3028=EDGE_CURVE('',#2773,#2855,#3027,.T.);
#3029=ORIENTED_EDGE('',*,*,#3028,.T.);
#3030=ORIENTED_EDGE('',*,*,#2860,.T.);
#3031=ORIENTED_EDGE('',*,*,#2817,.T.);
#3032=ORIENTED_EDGE('',*,*,#2786,.T.);
#3033=EDGE_LOOP('',(#3029,#3030,#3031,#3032));
#3034=FACE_OUTER_BOUND('',#3033,.T.);
#3035=ADVANCED_FACE('',(#3034),#3023,.F.);
#3036=CARTESIAN_POINT('',(0.075590551181103,-0.021259842519685,0.001968503937008));
#3037=DIRECTION('',(-1.0,0.0,0.0));
#3038=DIRECTION('',(0.0,0.0,1.0));
#3039=AXIS2_PLACEMENT_3D('',#3036,#3037,#3038);
#3040=PLANE('',#3039);
#3041=ORIENTED_EDGE('',*,*,#3028,.F.);
#3042=ORIENTED_EDGE('',*,*,#2778,.F.);
#3043=ORIENTED_EDGE('',*,*,#2676,.F.);
#3044=ORIENTED_EDGE('',*,*,#2866,.T.);
#3045=EDGE_LOOP('',(#3041,#3042,#3043,#3044));
#3046=FACE_OUTER_BOUND('',#3045,.T.);
#3047=ADVANCED_FACE('',(#3046),#3040,.F.);
#3048=CARTESIAN_POINT('',(0.117519685039371,-0.074803149606299,0.024606299212599));
#3049=DIRECTION('',(0.0,1.0,0.0));
#3050=DIRECTION('',(0.0,0.0,1.0));
#3051=AXIS2_PLACEMENT_3D('',#3048,#3049,#3050);
#3052=PLANE('',#3051);
#3053=CARTESIAN_POINT('',(0.12992125984252,-0.074803149606299,0.025196850393701));
#3054=VERTEX_POINT('',#3053);
#3055=CARTESIAN_POINT('',(0.118110236220473,-0.074803149606299,0.025196850393701));
#3056=DIRECTION('',(1.0,0.0,0.0));
#3057=VECTOR('',#3056,0.011811023622047);
#3058=LINE('',#3055,#3057);
#3059=EDGE_CURVE('',#1887,#3054,#3058,.T.);
#3060=ORIENTED_EDGE('',*,*,#3059,.F.);
#3061=ORIENTED_EDGE('',*,*,#1892,.F.);
#3062=CARTESIAN_POINT('',(0.12992125984252,-0.074803149606299,0.037007874015748));
#3063=VERTEX_POINT('',#3062);
#3064=CARTESIAN_POINT('',(0.12992125984252,-0.074803149606299,0.037007874015748));
#3065=DIRECTION('',(-1.0,0.0,0.0));
#3066=VECTOR('',#3065,0.011811023622047);
#3067=LINE('',#3064,#3066);
#3068=EDGE_CURVE('',#3063,#1879,#3067,.T.);
#3069=ORIENTED_EDGE('',*,*,#3068,.F.);
#3070=CARTESIAN_POINT('',(0.12992125984252,-0.074803149606299,0.025196850393701));
#3071=DIRECTION('',(0.0,0.0,1.0));
#3072=VECTOR('',#3071,0.011811023622047);
#3073=LINE('',#3070,#3072);
#3074=EDGE_CURVE('',#3054,#3063,#3073,.T.);
#3075=ORIENTED_EDGE('',*,*,#3074,.F.);
#3076=EDGE_LOOP('',(#3060,#3061,#3069,#3075));
#3077=FACE_OUTER_BOUND('',#3076,.T.);
#3078=ADVANCED_FACE('',(#3077),#3052,.T.);
#3079=CARTESIAN_POINT('',(0.117519685039371,-0.102362204724409,0.024606299212599));
#3080=DIRECTION('',(0.0,1.0,0.0));
#3081=DIRECTION('',(0.0,0.0,1.0));
#3082=AXIS2_PLACEMENT_3D('',#3079,#3080,#3081);
#3083=PLANE('',#3082);
#3084=ORIENTED_EDGE('',*,*,#1906,.F.);
#3085=CARTESIAN_POINT('',(0.12992125984252,-0.102362204724409,0.025196850393701));
#3086=VERTEX_POINT('',#3085);
#3087=CARTESIAN_POINT('',(0.12992125984252,-0.102362204724409,0.025196850393701));
#3088=DIRECTION('',(-1.0,0.0,0.0));
#3089=VECTOR('',#3088,0.011811023622047);
#3090=LINE('',#3087,#3089);
#3091=EDGE_CURVE('',#3086,#1895,#3090,.T.);
#3092=ORIENTED_EDGE('',*,*,#3091,.F.);
#3093=CARTESIAN_POINT('',(0.12992125984252,-0.102362204724409,0.037007874015748));
#3094=VERTEX_POINT('',#3093);
#3095=CARTESIAN_POINT('',(0.12992125984252,-0.102362204724409,0.037007874015748));
#3096=DIRECTION('',(0.0,0.0,-1.0));
#3097=VECTOR('',#3096,0.011811023622047);
#3098=LINE('',#3095,#3097);
#3099=EDGE_CURVE('',#3094,#3086,#3098,.T.);
#3100=ORIENTED_EDGE('',*,*,#3099,.F.);
#3101=CARTESIAN_POINT('',(0.118110236220473,-0.102362204724409,0.037007874015748));
#3102=DIRECTION('',(1.0,0.0,0.0));
#3103=VECTOR('',#3102,0.011811023622047);
#3104=LINE('',#3101,#3103);
#3105=EDGE_CURVE('',#1877,#3094,#3104,.T.);
#3106=ORIENTED_EDGE('',*,*,#3105,.F.);
#3107=EDGE_LOOP('',(#3084,#3092,#3100,#3106));
#3108=FACE_OUTER_BOUND('',#3107,.T.);
#3109=ADVANCED_FACE('',(#3108),#3083,.F.);
#3110=CARTESIAN_POINT('',(0.117519685039371,-0.103740157480315,0.037007874015748));
#3111=DIRECTION('',(0.0,0.0,1.0));
#3112=DIRECTION('',(1.0,0.0,0.0));
#3113=AXIS2_PLACEMENT_3D('',#3110,#3111,#3112);
#3114=PLANE('',#3113);
#3115=ORIENTED_EDGE('',*,*,#3068,.T.);
#3116=ORIENTED_EDGE('',*,*,#1884,.F.);
#3117=ORIENTED_EDGE('',*,*,#3105,.T.);
#3118=CARTESIAN_POINT('',(0.12992125984252,-0.102362204724409,0.037007874015748));
#3119=DIRECTION('',(0.0,1.0,0.0));
#3120=VECTOR('',#3119,0.02755905511811);
#3121=LINE('',#3118,#3120);
#3122=EDGE_CURVE('',#3094,#3063,#3121,.T.);
#3123=ORIENTED_EDGE('',*,*,#3122,.T.);
#3124=EDGE_LOOP('',(#3115,#3116,#3117,#3123));
#3125=FACE_OUTER_BOUND('',#3124,.T.);
#3126=ADVANCED_FACE('',(#3125),#3114,.T.);
#3127=CARTESIAN_POINT('',(0.12992125984252,-0.103740157480315,0.03759842519685));
#3128=DIRECTION('',(1.0,0.0,0.0));
#3129=DIRECTION('',(0.0,0.0,-1.0));
#3130=AXIS2_PLACEMENT_3D('',#3127,#3128,#3129);
#3131=PLANE('',#3130);
#3132=ORIENTED_EDGE('',*,*,#3074,.T.);
#3133=ORIENTED_EDGE('',*,*,#3122,.F.);
#3134=ORIENTED_EDGE('',*,*,#3099,.T.);
#3135=CARTESIAN_POINT('',(0.12992125984252,-0.102362204724409,0.025196850393701));
#3136=DIRECTION('',(0.0,1.0,0.0));
#3137=VECTOR('',#3136,0.02755905511811);
#3138=LINE('',#3135,#3137);
#3139=EDGE_CURVE('',#3086,#3054,#3138,.T.);
#3140=ORIENTED_EDGE('',*,*,#3139,.T.);
#3141=EDGE_LOOP('',(#3132,#3133,#3134,#3140));
#3142=FACE_OUTER_BOUND('',#3141,.T.);
#3143=ADVANCED_FACE('',(#3142),#3131,.T.);
#3144=CARTESIAN_POINT('',(0.130511811023622,-0.103740157480315,0.025196850393701));
#3145=DIRECTION('',(0.0,0.0,-1.0));
#3146=DIRECTION('',(-1.0,0.0,0.0));
#3147=AXIS2_PLACEMENT_3D('',#3144,#3145,#3146);
#3148=PLANE('',#3147);
#3149=ORIENTED_EDGE('',*,*,#3059,.T.);
#3150=ORIENTED_EDGE('',*,*,#3139,.F.);
#3151=ORIENTED_EDGE('',*,*,#3091,.T.);
#3152=ORIENTED_EDGE('',*,*,#1900,.F.);
#3153=EDGE_LOOP('',(#3149,#3150,#3151,#3152));
#3154=FACE_OUTER_BOUND('',#3153,.T.);
#3155=ADVANCED_FACE('',(#3154),#3148,.T.);
#3156=CARTESIAN_POINT('',(0.117519685039371,0.074803149606299,0.03759842519685));
#3157=DIRECTION('',(0.0,-1.0,0.0));
#3158=DIRECTION('',(0.0,0.0,-1.0));
#3159=AXIS2_PLACEMENT_3D('',#3156,#3157,#3158);
#3160=PLANE('',#3159);
#3161=CARTESIAN_POINT('',(0.12992125984252,0.074803149606299,0.025196850393701));
#3162=VERTEX_POINT('',#3161);
#3163=CARTESIAN_POINT('',(0.118110236220473,0.074803149606299,0.025196850393701));
#3164=DIRECTION('',(1.0,0.0,0.0));
#3165=VECTOR('',#3164,0.011811023622047);
#3166=LINE('',#3163,#3165);
#3167=EDGE_CURVE('',#1861,#3162,#3166,.T.);
#3168=ORIENTED_EDGE('',*,*,#3167,.T.);
#3169=CARTESIAN_POINT('',(0.12992125984252,0.074803149606299,0.037007874015748));
#3170=VERTEX_POINT('',#3169);
#3171=CARTESIAN_POINT('',(0.12992125984252,0.074803149606299,0.025196850393701));
#3172=DIRECTION('',(0.0,0.0,1.0));
#3173=VECTOR('',#3172,0.011811023622047);
#3174=LINE('',#3171,#3173);
#3175=EDGE_CURVE('',#3162,#3170,#3174,.T.);
#3176=ORIENTED_EDGE('',*,*,#3175,.T.);
#3177=CARTESIAN_POINT('',(0.12992125984252,0.074803149606299,0.037007874015748));
#3178=DIRECTION('',(-1.0,0.0,0.0));
#3179=VECTOR('',#3178,0.011811023622047);
#3180=LINE('',#3177,#3179);
#3181=EDGE_CURVE('',#3170,#1843,#3180,.T.);
#3182=ORIENTED_EDGE('',*,*,#3181,.T.);
#3183=ORIENTED_EDGE('',*,*,#1872,.F.);
#3184=EDGE_LOOP('',(#3168,#3176,#3182,#3183));
#3185=FACE_OUTER_BOUND('',#3184,.T.);
#3186=ADVANCED_FACE('',(#3185),#3160,.T.);
#3187=CARTESIAN_POINT('',(0.117519685039371,0.102362204724409,0.03759842519685));
#3188=DIRECTION('',(0.0,-1.0,0.0));
#3189=DIRECTION('',(0.0,0.0,-1.0));
#3190=AXIS2_PLACEMENT_3D('',#3187,#3188,#3189);
#3191=PLANE('',#3190);
#3192=ORIENTED_EDGE('',*,*,#1858,.F.);
#3193=CARTESIAN_POINT('',(0.12992125984252,0.102362204724409,0.037007874015748));
#3194=VERTEX_POINT('',#3193);
#3195=CARTESIAN_POINT('',(0.118110236220473,0.102362204724409,0.037007874015748));
#3196=DIRECTION('',(1.0,0.0,0.0));
#3197=VECTOR('',#3196,0.011811023622047);
#3198=LINE('',#3195,#3197);
#3199=EDGE_CURVE('',#1845,#3194,#3198,.T.);
#3200=ORIENTED_EDGE('',*,*,#3199,.T.);
#3201=CARTESIAN_POINT('',(0.12992125984252,0.102362204724409,0.025196850393701));
#3202=VERTEX_POINT('',#3201);
#3203=CARTESIAN_POINT('',(0.12992125984252,0.102362204724409,0.037007874015748));
#3204=DIRECTION('',(0.0,0.0,-1.0));
#3205=VECTOR('',#3204,0.011811023622047);
#3206=LINE('',#3203,#3205);
#3207=EDGE_CURVE('',#3194,#3202,#3206,.T.);
#3208=ORIENTED_EDGE('',*,*,#3207,.T.);
#3209=CARTESIAN_POINT('',(0.12992125984252,0.102362204724409,0.025196850393701));
#3210=DIRECTION('',(-1.0,0.0,0.0));
#3211=VECTOR('',#3210,0.011811023622047);
#3212=LINE('',#3209,#3211);
#3213=EDGE_CURVE('',#3202,#1853,#3212,.T.);
#3214=ORIENTED_EDGE('',*,*,#3213,.T.);
#3215=EDGE_LOOP('',(#3192,#3200,#3208,#3214));
#3216=FACE_OUTER_BOUND('',#3215,.T.);
#3217=ADVANCED_FACE('',(#3216),#3191,.F.);
#3218=CARTESIAN_POINT('',(0.117519685039371,0.073425196850393,0.037007874015748));
#3219=DIRECTION('',(0.0,0.0,1.0));
#3220=DIRECTION('',(1.0,0.0,0.0));
#3221=AXIS2_PLACEMENT_3D('',#3218,#3219,#3220);
#3222=PLANE('',#3221);
#3223=ORIENTED_EDGE('',*,*,#3181,.F.);
#3224=CARTESIAN_POINT('',(0.12992125984252,0.102362204724409,0.037007874015748));
#3225=DIRECTION('',(0.0,-1.0,0.0));
#3226=VECTOR('',#3225,0.02755905511811);
#3227=LINE('',#3224,#3226);
#3228=EDGE_CURVE('',#3194,#3170,#3227,.T.);
#3229=ORIENTED_EDGE('',*,*,#3228,.F.);
#3230=ORIENTED_EDGE('',*,*,#3199,.F.);
#3231=ORIENTED_EDGE('',*,*,#1850,.F.);
#3232=EDGE_LOOP('',(#3223,#3229,#3230,#3231));
#3233=FACE_OUTER_BOUND('',#3232,.T.);
#3234=ADVANCED_FACE('',(#3233),#3222,.T.);
#3235=CARTESIAN_POINT('',(0.12992125984252,0.073425196850393,0.03759842519685));
#3236=DIRECTION('',(1.0,0.0,0.0));
#3237=DIRECTION('',(0.0,0.0,-1.0));
#3238=AXIS2_PLACEMENT_3D('',#3235,#3236,#3237);
#3239=PLANE('',#3238);
#3240=ORIENTED_EDGE('',*,*,#3175,.F.);
#3241=CARTESIAN_POINT('',(0.12992125984252,0.102362204724409,0.025196850393701));
#3242=DIRECTION('',(0.0,-1.0,0.0));
#3243=VECTOR('',#3242,0.02755905511811);
#3244=LINE('',#3241,#3243);
#3245=EDGE_CURVE('',#3202,#3162,#3244,.T.);
#3246=ORIENTED_EDGE('',*,*,#3245,.F.);
#3247=ORIENTED_EDGE('',*,*,#3207,.F.);
#3248=ORIENTED_EDGE('',*,*,#3228,.T.);
#3249=EDGE_LOOP('',(#3240,#3246,#3247,#3248));
#3250=FACE_OUTER_BOUND('',#3249,.T.);
#3251=ADVANCED_FACE('',(#3250),#3239,.T.);
#3252=CARTESIAN_POINT('',(0.130511811023622,0.073425196850393,0.025196850393701));
#3253=DIRECTION('',(0.0,0.0,-1.0));
#3254=DIRECTION('',(-1.0,0.0,0.0));
#3255=AXIS2_PLACEMENT_3D('',#3252,#3253,#3254);
#3256=PLANE('',#3255);
#3257=ORIENTED_EDGE('',*,*,#3167,.F.);
#3258=ORIENTED_EDGE('',*,*,#1866,.F.);
#3259=ORIENTED_EDGE('',*,*,#3213,.F.);
#3260=ORIENTED_EDGE('',*,*,#3245,.T.);
#3261=EDGE_LOOP('',(#3257,#3258,#3259,#3260));
#3262=FACE_OUTER_BOUND('',#3261,.T.);
#3263=ADVANCED_FACE('',(#3262),#3256,.T.);
#3264=CARTESIAN_POINT('',(-0.271062992125984,-0.074803149606299,0.024606299212599));
#3265=DIRECTION('',(0.0,1.0,0.0));
#3266=DIRECTION('',(0.0,0.0,1.0));
#3267=AXIS2_PLACEMENT_3D('',#3264,#3265,#3266);
#3268=PLANE('',#3267);
#3269=CARTESIAN_POINT('',(-0.263779527559055,-0.074803149606299,0.025196850393701));
#3270=VERTEX_POINT('',#3269);
#3271=CARTESIAN_POINT('',(-0.263779527559055,-0.074803149606299,0.037007874015748));
#3272=VERTEX_POINT('',#3271);
#3273=CARTESIAN_POINT('',(-0.263779527559055,-0.074803149606299,0.025196850393701));
#3274=DIRECTION('',(0.0,0.0,1.0));
#3275=VECTOR('',#3274,0.011811023622047);
#3276=LINE('',#3273,#3275);
#3277=EDGE_CURVE('',#3270,#3272,#3276,.T.);
#3278=ORIENTED_EDGE('',*,*,#3277,.T.);
#3279=CARTESIAN_POINT('',(-0.118110236220472,-0.074803149606299,0.037007874015748));
#3280=DIRECTION('',(-1.0,0.0,0.0));
#3281=VECTOR('',#3280,0.145669291338583);
#3282=LINE('',#3279,#3281);
#3283=EDGE_CURVE('',#2151,#3272,#3282,.T.);
#3284=ORIENTED_EDGE('',*,*,#3283,.F.);
#3285=ORIENTED_EDGE('',*,*,#2180,.F.);
#3286=CARTESIAN_POINT('',(-0.118110236220472,-0.074803149606299,0.025196850393701));
#3287=DIRECTION('',(-1.0,0.0,0.0));
#3288=VECTOR('',#3287,0.145669291338583);
#3289=LINE('',#3286,#3288);
#3290=EDGE_CURVE('',#2169,#3270,#3289,.T.);
#3291=ORIENTED_EDGE('',*,*,#3290,.T.);
#3292=EDGE_LOOP('',(#3278,#3284,#3285,#3291));
#3293=FACE_OUTER_BOUND('',#3292,.T.);
#3294=ADVANCED_FACE('',(#3293),#3268,.T.);
#3295=CARTESIAN_POINT('',(-0.271062992125984,0.10236220472441,0.03759842519685));
#3296=DIRECTION('',(0.0,-1.0,0.0));
#3297=DIRECTION('',(0.0,0.0,-1.0));
#3298=AXIS2_PLACEMENT_3D('',#3295,#3296,#3297);
#3299=PLANE('',#3298);
#3300=CARTESIAN_POINT('',(-0.263779527559055,0.10236220472441,0.025196850393701));
#3301=VERTEX_POINT('',#3300);
#3302=CARTESIAN_POINT('',(-0.263779527559055,0.10236220472441,0.037007874015748));
#3303=VERTEX_POINT('',#3302);
#3304=CARTESIAN_POINT('',(-0.263779527559055,0.10236220472441,0.025196850393701));
#3305=DIRECTION('',(0.0,0.0,1.0));
#3306=VECTOR('',#3305,0.011811023622047);
#3307=LINE('',#3304,#3306);
#3308=EDGE_CURVE('',#3301,#3303,#3307,.T.);
#3309=ORIENTED_EDGE('',*,*,#3308,.T.);
#3310=CARTESIAN_POINT('',(-0.118110236220472,0.10236220472441,0.037007874015748));
#3311=DIRECTION('',(-1.0,0.0,0.0));
#3312=VECTOR('',#3311,0.145669291338583);
#3313=LINE('',#3310,#3312);
#3314=EDGE_CURVE('',#2117,#3303,#3313,.T.);
#3315=ORIENTED_EDGE('',*,*,#3314,.F.);
#3316=ORIENTED_EDGE('',*,*,#2146,.F.);
#3317=CARTESIAN_POINT('',(-0.118110236220472,0.10236220472441,0.025196850393701));
#3318=DIRECTION('',(-1.0,0.0,0.0));
#3319=VECTOR('',#3318,0.145669291338583);
#3320=LINE('',#3317,#3319);
#3321=EDGE_CURVE('',#2135,#3301,#3320,.T.);
#3322=ORIENTED_EDGE('',*,*,#3321,.T.);
#3323=EDGE_LOOP('',(#3309,#3315,#3316,#3322));
#3324=FACE_OUTER_BOUND('',#3323,.T.);
#3325=ADVANCED_FACE('',(#3324),#3299,.F.);
#3326=CARTESIAN_POINT('',(-0.312401574803149,0.073425196850393,0.037007874015748));
#3327=DIRECTION('',(0.0,0.0,1.0));
#3328=DIRECTION('',(1.0,0.0,0.0));
#3329=AXIS2_PLACEMENT_3D('',#3326,#3327,#3328);
#3330=PLANE('',#3329);
#3331=CARTESIAN_POINT('',(-0.303149606299212,0.080708661417323,0.037007874015749));
#3332=VERTEX_POINT('',#3331);
#3333=CARTESIAN_POINT('',(-0.263779527559055,0.0748031496063,0.037007874015748));
#3334=VERTEX_POINT('',#3333);
#3335=CARTESIAN_POINT('',(-0.303149606299212,0.080708661417323,0.037007874015749));
#3336=DIRECTION('',(0.988936352868297,-0.148340452930247,-1.394384E-015));
#3337=VECTOR('',#3336,0.039810528378261);
#3338=LINE('',#3335,#3337);
#3339=EDGE_CURVE('',#3332,#3334,#3338,.T.);
#3340=ORIENTED_EDGE('',*,*,#3339,.T.);
#3341=CARTESIAN_POINT('',(-0.263779527559055,0.0748031496063,0.037007874015748));
#3342=DIRECTION('',(1.0,0.0,0.0));
#3343=VECTOR('',#3342,0.145669291338583);
#3344=LINE('',#3341,#3343);
#3345=EDGE_CURVE('',#3334,#2119,#3344,.T.);
#3346=ORIENTED_EDGE('',*,*,#3345,.T.);
#3347=ORIENTED_EDGE('',*,*,#2124,.F.);
#3348=ORIENTED_EDGE('',*,*,#3314,.T.);
#3349=CARTESIAN_POINT('',(-0.303149606299212,0.096456692913386,0.037007874015749));
#3350=VERTEX_POINT('',#3349);
#3351=CARTESIAN_POINT('',(-0.263779527559055,0.10236220472441,0.037007874015748));
#3352=DIRECTION('',(-0.988936352868298,-0.148340452930243,1.394384E-015));
#3353=VECTOR('',#3352,0.039810528378261);
#3354=LINE('',#3351,#3353);
#3355=EDGE_CURVE('',#3303,#3350,#3354,.T.);
#3356=ORIENTED_EDGE('',*,*,#3355,.T.);
#3357=CARTESIAN_POINT('',(-0.303149606299212,0.096456692913386,0.037007874015749));
#3358=DIRECTION('',(0.0,-1.0,0.0));
#3359=VECTOR('',#3358,0.015748031496063);
#3360=LINE('',#3357,#3359);
#3361=EDGE_CURVE('',#3350,#3332,#3360,.T.);
#3362=ORIENTED_EDGE('',*,*,#3361,.T.);
#3363=EDGE_LOOP('',(#3340,#3346,#3347,#3348,#3356,#3362));
#3364=FACE_OUTER_BOUND('',#3363,.T.);
#3365=ADVANCED_FACE('',(#3364),#3330,.T.);
#3366=CARTESIAN_POINT('',(-0.303149606299213,-0.097244094488188,0.037598425196851));
#3367=DIRECTION('',(1.0,0.0,0.0));
#3368=DIRECTION('',(0.0,0.0,-1.0));
#3369=AXIS2_PLACEMENT_3D('',#3366,#3367,#3368);
#3370=PLANE('',#3369);
#3371=CARTESIAN_POINT('',(-0.303149606299213,-0.080708661417322,0.037007874015749));
#3372=VERTEX_POINT('',#3371);
#3373=CARTESIAN_POINT('',(-0.303149606299213,-0.080708661417322,0.025196850393701));
#3374=VERTEX_POINT('',#3373);
#3375=CARTESIAN_POINT('',(-0.303149606299213,-0.080708661417322,0.037007874015749));
#3376=DIRECTION('',(0.0,0.0,-1.0));
#3377=VECTOR('',#3376,0.011811023622048);
#3378=LINE('',#3375,#3377);
#3379=EDGE_CURVE('',#3372,#3374,#3378,.T.);
#3380=ORIENTED_EDGE('',*,*,#3379,.T.);
#3381=CARTESIAN_POINT('',(-0.303149606299213,-0.096456692913385,0.025196850393701));
#3382=VERTEX_POINT('',#3381);
#3383=CARTESIAN_POINT('',(-0.303149606299213,-0.096456692913385,0.025196850393701));
#3384=DIRECTION('',(0.0,1.0,0.0));
#3385=VECTOR('',#3384,0.015748031496063);
#3386=LINE('',#3383,#3385);
#3387=EDGE_CURVE('',#3382,#3374,#3386,.T.);
#3388=ORIENTED_EDGE('',*,*,#3387,.F.);
#3389=CARTESIAN_POINT('',(-0.303149606299213,-0.096456692913385,0.037007874015749));
#3390=VERTEX_POINT('',#3389);
#3391=CARTESIAN_POINT('',(-0.303149606299213,-0.096456692913385,0.025196850393701));
#3392=DIRECTION('',(0.0,0.0,1.0));
#3393=VECTOR('',#3392,0.011811023622048);
#3394=LINE('',#3391,#3393);
#3395=EDGE_CURVE('',#3382,#3390,#3394,.T.);
#3396=ORIENTED_EDGE('',*,*,#3395,.T.);
#3397=CARTESIAN_POINT('',(-0.303149606299213,-0.080708661417322,0.037007874015749));
#3398=DIRECTION('',(0.0,-1.0,0.0));
#3399=VECTOR('',#3398,0.015748031496063);
#3400=LINE('',#3397,#3399);
#3401=EDGE_CURVE('',#3372,#3390,#3400,.T.);
#3402=ORIENTED_EDGE('',*,*,#3401,.F.);
#3403=EDGE_LOOP('',(#3380,#3388,#3396,#3402));
#3404=FACE_OUTER_BOUND('',#3403,.T.);
#3405=ADVANCED_FACE('',(#3404),#3370,.F.);
#3406=CARTESIAN_POINT('',(-0.303149606299212,0.07992125984252,0.037598425196851));
#3407=DIRECTION('',(1.0,0.0,0.0));
#3408=DIRECTION('',(0.0,0.0,-1.0));
#3409=AXIS2_PLACEMENT_3D('',#3406,#3407,#3408);
#3410=PLANE('',#3409);
#3411=CARTESIAN_POINT('',(-0.303149606299212,0.080708661417323,0.025196850393701));
#3412=VERTEX_POINT('',#3411);
#3413=CARTESIAN_POINT('',(-0.303149606299212,0.080708661417323,0.025196850393701));
#3414=DIRECTION('',(0.0,0.0,1.0));
#3415=VECTOR('',#3414,0.011811023622048);
#3416=LINE('',#3413,#3415);
#3417=EDGE_CURVE('',#3412,#3332,#3416,.T.);
#3418=ORIENTED_EDGE('',*,*,#3417,.T.);
#3419=ORIENTED_EDGE('',*,*,#3361,.F.);
#3420=CARTESIAN_POINT('',(-0.303149606299212,0.096456692913386,0.025196850393701));
#3421=VERTEX_POINT('',#3420);
#3422=CARTESIAN_POINT('',(-0.303149606299212,0.096456692913386,0.037007874015749));
#3423=DIRECTION('',(0.0,0.0,-1.0));
#3424=VECTOR('',#3423,0.011811023622048);
#3425=LINE('',#3422,#3424);
#3426=EDGE_CURVE('',#3350,#3421,#3425,.T.);
#3427=ORIENTED_EDGE('',*,*,#3426,.T.);
#3428=CARTESIAN_POINT('',(-0.303149606299212,0.080708661417323,0.025196850393701));
#3429=DIRECTION('',(0.0,1.0,0.0));
#3430=VECTOR('',#3429,0.015748031496063);
#3431=LINE('',#3428,#3430);
#3432=EDGE_CURVE('',#3412,#3421,#3431,.T.);
#3433=ORIENTED_EDGE('',*,*,#3432,.F.);
#3434=EDGE_LOOP('',(#3418,#3419,#3427,#3433));
#3435=FACE_OUTER_BOUND('',#3434,.T.);
#3436=ADVANCED_FACE('',(#3435),#3410,.F.);
#3437=CARTESIAN_POINT('',(-0.108858267716535,0.073425196850393,0.025196850393701));
#3438=DIRECTION('',(0.0,0.0,-1.0));
#3439=DIRECTION('',(-1.0,0.0,0.0));
#3440=AXIS2_PLACEMENT_3D('',#3437,#3438,#3439);
#3441=PLANE('',#3440);
#3442=CARTESIAN_POINT('',(-0.263779527559055,0.0748031496063,0.025196850393701));
#3443=VERTEX_POINT('',#3442);
#3444=CARTESIAN_POINT('',(-0.263779527559055,0.0748031496063,0.025196850393701));
#3445=DIRECTION('',(-0.988936352868297,0.148340452930247,1.481533E-015));
#3446=VECTOR('',#3445,0.039810528378261);
#3447=LINE('',#3444,#3446);
#3448=EDGE_CURVE('',#3443,#3412,#3447,.T.);
#3449=ORIENTED_EDGE('',*,*,#3448,.T.);
#3450=ORIENTED_EDGE('',*,*,#3432,.T.);
#3451=CARTESIAN_POINT('',(-0.303149606299212,0.096456692913386,0.025196850393701));
#3452=DIRECTION('',(0.988936352868298,0.148340452930243,-1.481533E-015));
#3453=VECTOR('',#3452,0.039810528378261);
#3454=LINE('',#3451,#3453);
#3455=EDGE_CURVE('',#3421,#3301,#3454,.T.);
#3456=ORIENTED_EDGE('',*,*,#3455,.T.);
#3457=ORIENTED_EDGE('',*,*,#3321,.F.);
#3458=ORIENTED_EDGE('',*,*,#2140,.F.);
#3459=CARTESIAN_POINT('',(-0.118110236220472,0.074803149606299,0.025196850393701));
#3460=DIRECTION('',(-1.0,0.0,0.0));
#3461=VECTOR('',#3460,0.145669291338583);
#3462=LINE('',#3459,#3461);
#3463=EDGE_CURVE('',#2127,#3443,#3462,.T.);
#3464=ORIENTED_EDGE('',*,*,#3463,.T.);
#3465=EDGE_LOOP('',(#3449,#3450,#3456,#3457,#3458,#3464));
#3466=FACE_OUTER_BOUND('',#3465,.T.);
#3467=ADVANCED_FACE('',(#3466),#3441,.T.);
#3468=CARTESIAN_POINT('',(-0.108858267716535,-0.103740157480315,0.025196850393701));
#3469=DIRECTION('',(0.0,0.0,-1.0));
#3470=DIRECTION('',(-1.0,0.0,0.0));
#3471=AXIS2_PLACEMENT_3D('',#3468,#3469,#3470);
#3472=PLANE('',#3471);
#3473=CARTESIAN_POINT('',(-0.303149606299213,-0.080708661417322,0.025196850393701));
#3474=DIRECTION('',(0.988936352868298,0.148340452930242,-1.481533E-015));
#3475=VECTOR('',#3474,0.039810528378262);
#3476=LINE('',#3473,#3475);
#3477=EDGE_CURVE('',#3374,#3270,#3476,.T.);
#3478=ORIENTED_EDGE('',*,*,#3477,.T.);
#3479=ORIENTED_EDGE('',*,*,#3290,.F.);
#3480=ORIENTED_EDGE('',*,*,#2174,.F.);
#3481=CARTESIAN_POINT('',(-0.263779527559055,-0.102362204724409,0.025196850393701));
#3482=VERTEX_POINT('',#3481);
#3483=CARTESIAN_POINT('',(-0.263779527559055,-0.102362204724409,0.025196850393701));
#3484=DIRECTION('',(1.0,0.0,0.0));
#3485=VECTOR('',#3484,0.145669291338583);
#3486=LINE('',#3483,#3485);
#3487=EDGE_CURVE('',#3482,#2161,#3486,.T.);
#3488=ORIENTED_EDGE('',*,*,#3487,.F.);
#3489=CARTESIAN_POINT('',(-0.263779527559055,-0.102362204724409,0.025196850393701));
#3490=DIRECTION('',(-0.988936352868297,0.148340452930247,1.481533E-015));
#3491=VECTOR('',#3490,0.039810528378262);
#3492=LINE('',#3489,#3491);
#3493=EDGE_CURVE('',#3482,#3382,#3492,.T.);
#3494=ORIENTED_EDGE('',*,*,#3493,.T.);
#3495=ORIENTED_EDGE('',*,*,#3387,.T.);
#3496=EDGE_LOOP('',(#3478,#3479,#3480,#3488,#3494,#3495));
#3497=FACE_OUTER_BOUND('',#3496,.T.);
#3498=ADVANCED_FACE('',(#3497),#3472,.T.);
#3499=CARTESIAN_POINT('',(-0.31240157480315,-0.103740157480315,0.037007874015748));
#3500=DIRECTION('',(0.0,0.0,1.0));
#3501=DIRECTION('',(1.0,0.0,0.0));
#3502=AXIS2_PLACEMENT_3D('',#3499,#3500,#3501);
#3503=PLANE('',#3502);
#3504=CARTESIAN_POINT('',(-0.263779527559055,-0.074803149606299,0.037007874015748));
#3505=DIRECTION('',(-0.988936352868298,-0.148340452930242,1.394384E-015));
#3506=VECTOR('',#3505,0.039810528378262);
#3507=LINE('',#3504,#3506);
#3508=EDGE_CURVE('',#3272,#3372,#3507,.T.);
#3509=ORIENTED_EDGE('',*,*,#3508,.T.);
#3510=ORIENTED_EDGE('',*,*,#3401,.T.);
#3511=CARTESIAN_POINT('',(-0.263779527559055,-0.102362204724409,0.037007874015748));
#3512=VERTEX_POINT('',#3511);
#3513=CARTESIAN_POINT('',(-0.303149606299213,-0.096456692913385,0.037007874015749));
#3514=DIRECTION('',(0.988936352868297,-0.148340452930246,-1.394384E-015));
#3515=VECTOR('',#3514,0.039810528378262);
#3516=LINE('',#3513,#3515);
#3517=EDGE_CURVE('',#3390,#3512,#3516,.T.);
#3518=ORIENTED_EDGE('',*,*,#3517,.T.);
#3519=CARTESIAN_POINT('',(-0.118110236220472,-0.102362204724409,0.037007874015748));
#3520=DIRECTION('',(-1.0,0.0,0.0));
#3521=VECTOR('',#3520,0.145669291338583);
#3522=LINE('',#3519,#3521);
#3523=EDGE_CURVE('',#2153,#3512,#3522,.T.);
#3524=ORIENTED_EDGE('',*,*,#3523,.F.);
#3525=ORIENTED_EDGE('',*,*,#2158,.F.);
#3526=ORIENTED_EDGE('',*,*,#3283,.T.);
#3527=EDGE_LOOP('',(#3509,#3510,#3518,#3524,#3525,#3526));
#3528=FACE_OUTER_BOUND('',#3527,.T.);
#3529=ADVANCED_FACE('',(#3528),#3503,.T.);
#3530=CARTESIAN_POINT('',(-0.271062992125984,-0.102362204724409,0.024606299212599));
#3531=DIRECTION('',(0.0,1.0,0.0));
#3532=DIRECTION('',(0.0,0.0,1.0));
#3533=AXIS2_PLACEMENT_3D('',#3530,#3531,#3532);
#3534=PLANE('',#3533);
#3535=CARTESIAN_POINT('',(-0.263779527559055,-0.102362204724409,0.037007874015748));
#3536=DIRECTION('',(0.0,0.0,-1.0));
#3537=VECTOR('',#3536,0.011811023622047);
#3538=LINE('',#3535,#3537);
#3539=EDGE_CURVE('',#3512,#3482,#3538,.T.);
#3540=ORIENTED_EDGE('',*,*,#3539,.T.);
#3541=ORIENTED_EDGE('',*,*,#3487,.T.);
#3542=ORIENTED_EDGE('',*,*,#2166,.F.);
#3543=ORIENTED_EDGE('',*,*,#3523,.T.);
#3544=EDGE_LOOP('',(#3540,#3541,#3542,#3543));
#3545=FACE_OUTER_BOUND('',#3544,.T.);
#3546=ADVANCED_FACE('',(#3545),#3534,.F.);
#3547=CARTESIAN_POINT('',(-0.271062992125984,0.074803149606299,0.03759842519685));
#3548=DIRECTION('',(0.0,-1.0,0.0));
#3549=DIRECTION('',(0.0,0.0,-1.0));
#3550=AXIS2_PLACEMENT_3D('',#3547,#3548,#3549);
#3551=PLANE('',#3550);
#3552=CARTESIAN_POINT('',(-0.263779527559055,0.0748031496063,0.037007874015748));
#3553=DIRECTION('',(0.0,0.0,-1.0));
#3554=VECTOR('',#3553,0.011811023622047);
#3555=LINE('',#3552,#3554);
#3556=EDGE_CURVE('',#3334,#3443,#3555,.T.);
#3557=ORIENTED_EDGE('',*,*,#3556,.T.);
#3558=ORIENTED_EDGE('',*,*,#3463,.F.);
#3559=ORIENTED_EDGE('',*,*,#2132,.F.);
#3560=ORIENTED_EDGE('',*,*,#3345,.F.);
#3561=EDGE_LOOP('',(#3557,#3558,#3559,#3560));
#3562=FACE_OUTER_BOUND('',#3561,.T.);
#3563=ADVANCED_FACE('',(#3562),#3551,.T.);
#3564=CARTESIAN_POINT('',(-0.30511811023622,0.096161417322835,0.037598425196851));
#3565=DIRECTION('',(0.148340452930242,-0.988936352868298,-4.117275E-016));
#3566=DIRECTION('',(0.0,0.0,-1.0));
#3567=AXIS2_PLACEMENT_3D('',#3564,#3565,#3566);
#3568=PLANE('',#3567);
#3569=ORIENTED_EDGE('',*,*,#3455,.F.);
#3570=ORIENTED_EDGE('',*,*,#3426,.F.);
#3571=ORIENTED_EDGE('',*,*,#3355,.F.);
#3572=ORIENTED_EDGE('',*,*,#3308,.F.);
#3573=EDGE_LOOP('',(#3569,#3570,#3571,#3572));
#3574=FACE_OUTER_BOUND('',#3573,.T.);
#3575=ADVANCED_FACE('',(#3574),#3568,.F.);
#3576=CARTESIAN_POINT('',(-0.305118110236221,-0.096161417322834,0.024606299212599));
#3577=DIRECTION('',(0.148340452930247,0.988936352868297,-4.117275E-016));
#3578=DIRECTION('',(0.0,0.0,1.0));
#3579=AXIS2_PLACEMENT_3D('',#3576,#3577,#3578);
#3580=PLANE('',#3579);
#3581=ORIENTED_EDGE('',*,*,#3493,.F.);
#3582=ORIENTED_EDGE('',*,*,#3539,.F.);
#3583=ORIENTED_EDGE('',*,*,#3517,.F.);
#3584=ORIENTED_EDGE('',*,*,#3395,.F.);
#3585=EDGE_LOOP('',(#3581,#3582,#3583,#3584));
#3586=FACE_OUTER_BOUND('',#3585,.T.);
#3587=ADVANCED_FACE('',(#3586),#3580,.F.);
#3588=CARTESIAN_POINT('',(-0.30511811023622,0.081003937007875,0.024606299212599));
#3589=DIRECTION('',(0.148340452930247,0.988936352868297,-4.117275E-016));
#3590=DIRECTION('',(0.0,0.0,1.0));
#3591=AXIS2_PLACEMENT_3D('',#3588,#3589,#3590);
#3592=PLANE('',#3591);
#3593=ORIENTED_EDGE('',*,*,#3448,.F.);
#3594=ORIENTED_EDGE('',*,*,#3556,.F.);
#3595=ORIENTED_EDGE('',*,*,#3339,.F.);
#3596=ORIENTED_EDGE('',*,*,#3417,.F.);
#3597=EDGE_LOOP('',(#3593,#3594,#3595,#3596));
#3598=FACE_OUTER_BOUND('',#3597,.T.);
#3599=ADVANCED_FACE('',(#3598),#3592,.F.);
#3600=CARTESIAN_POINT('',(-0.305118110236221,-0.081003937007873,0.037598425196851));
#3601=DIRECTION('',(0.148340452930242,-0.988936352868298,-4.117275E-016));
#3602=DIRECTION('',(0.0,0.0,-1.0));
#3603=AXIS2_PLACEMENT_3D('',#3600,#3601,#3602);
#3604=PLANE('',#3603);
#3605=ORIENTED_EDGE('',*,*,#3477,.F.);
#3606=ORIENTED_EDGE('',*,*,#3379,.F.);
#3607=ORIENTED_EDGE('',*,*,#3508,.F.);
#3608=ORIENTED_EDGE('',*,*,#3277,.F.);
#3609=EDGE_LOOP('',(#3605,#3606,#3607,#3608));
#3610=FACE_OUTER_BOUND('',#3609,.T.);
#3611=ADVANCED_FACE('',(#3610),#3604,.F.);
#3612=CARTESIAN_POINT('',(0.08661417322835,0.086614173228346,0.145275590551181));
#3613=CARTESIAN_POINT('',(0.101659763935435,0.086614173228346,0.143202451001765));
#3614=CARTESIAN_POINT('',(0.108267716535435,0.086614173228346,0.129527559055112));
#3615=CARTESIAN_POINT('',(0.08661417322835,0.086614173228346,0.145275590551181));
#3616=CARTESIAN_POINT('',(0.101659763935435,0.101659763935432,0.143202451001765));
#3617=CARTESIAN_POINT('',(0.108267716535435,0.108267716535434,0.129527559055112));
#3618=CARTESIAN_POINT('',(0.08661417322835,0.086614173228346,0.145275590551181));
#3619=CARTESIAN_POINT('',(0.086614173228349,0.101659763935432,0.143202451001767));
#3620=CARTESIAN_POINT('',(0.086614173228348,0.108267716535434,0.129527559055115));
#3621=CARTESIAN_POINT('',(0.08661417322835,0.086614173228346,0.145275590551181));
#3622=CARTESIAN_POINT('',(0.071568582521264,0.101659763935432,0.143202451001769));
#3623=CARTESIAN_POINT('',(0.06496062992126,0.108267716535434,0.129527559055118));
#3624=CARTESIAN_POINT('',(0.08661417322835,0.086614173228346,0.145275590551181));
#3625=CARTESIAN_POINT('',(0.071568582521264,0.086614173228346,0.143202451001769));
#3626=CARTESIAN_POINT('',(0.06496062992126,0.086614173228346,0.129527559055118));
#3627=CARTESIAN_POINT('',(0.08661417322835,0.086614173228346,0.145275590551181));
#3628=CARTESIAN_POINT('',(0.071568582521264,0.071568582521261,0.143202451001769));
#3629=CARTESIAN_POINT('',(0.06496062992126,0.064960629921259,0.129527559055118));
#3630=CARTESIAN_POINT('',(0.08661417322835,0.086614173228346,0.145275590551181));
#3631=CARTESIAN_POINT('',(0.086614173228349,0.071568582521261,0.143202451001767));
#3632=CARTESIAN_POINT('',(0.086614173228348,0.064960629921259,0.129527559055115));
#3633=CARTESIAN_POINT('',(0.08661417322835,0.086614173228346,0.145275590551181));
#3634=CARTESIAN_POINT('',(0.101659763935435,0.071568582521261,0.143202451001765));
#3635=CARTESIAN_POINT('',(0.108267716535435,0.064960629921259,0.129527559055112));
#3636=CARTESIAN_POINT('',(0.08661417322835,0.086614173228346,0.145275590551181));
#3637=CARTESIAN_POINT('',(0.101659763935435,0.086614173228346,0.143202451001765));
#3638=CARTESIAN_POINT('',(0.108267716535435,0.086614173228346,0.129527559055112));
#3646=(BOUNDED_SURFACE()B_SPLINE_SURFACE(2,2,((#3612,#3615,#3618,#3621,#3624,#3627,#3630,#3633,#3636),(#3613,#3616,#3619,#3622,#3625,#3628,#3631,#3634,#3637),(#3614,#3617,#3620,#3623,#3626,#3629,#3632,#3635,#3638)),.UNSPECIFIED.,.F.,.T.,.U.)B_SPLINE_SURFACE_WITH_KNOTS((3,3),(3,2,2,2,3),(-1.433868060422771,-0.450132020336026),(0.0,1.570796326794897,3.141592653589793,4.71238898038469,6.283185307179586),.UNSPECIFIED.)GEOMETRIC_REPRESENTATION_ITEM()RATIONAL_B_SPLINE_SURFACE(((1.0,0.707106781186548,1.0,0.707106781186548,1.0,0.707106781186548,1.0,0.707106781186548,1.0),(0.881452181080071,0.623280814533391,0.881452181080071,0.623280814533391,0.881452181080071,0.623280814533391,0.881452181080071,0.623280814533391,0.881452181080071),(1.0,0.707106781186548,1.0,0.707106781186548,1.0,0.707106781186548,1.0,0.707106781186548,1.0)))REPRESENTATION_ITEM('')SURFACE());
#3647=CARTESIAN_POINT('',(0.06496062992126,0.086614173228346,0.129527559055118));
#3648=VERTEX_POINT('',#3647);
#3649=CARTESIAN_POINT('',(0.086614173228347,0.086614173228346,0.129527559055118));
#3650=DIRECTION('',(0.0,0.0,-1.0));
#3651=DIRECTION('',(-1.0,0.0,0.0));
#3652=AXIS2_PLACEMENT_3D('',#3649,#3650,#3651);
#3653=CIRCLE('',#3652,0.021653543307087);
#3654=EDGE_CURVE('',#3648,#3648,#3653,.T.);
#3655=ORIENTED_EDGE('',*,*,#3654,.F.);
#3656=EDGE_LOOP('',(#3655));
#3657=FACE_OUTER_BOUND('',#3656,.T.);
#3658=ADVANCED_FACE('',(#3657),#3646,.T.);
#3659=CARTESIAN_POINT('',(-0.086614173228344,0.086614173228348,0.145275590551181));
#3660=CARTESIAN_POINT('',(-0.071568582521258,0.086614173228348,0.143202451001766));
#3661=CARTESIAN_POINT('',(-0.064960629921258,0.086614173228347,0.129527559055113));
#3662=CARTESIAN_POINT('',(-0.086614173228344,0.086614173228348,0.145275590551181));
#3663=CARTESIAN_POINT('',(-0.071568582521258,0.101659763935434,0.143202451001765));
#3664=CARTESIAN_POINT('',(-0.064960629921258,0.108267716535435,0.129527559055111));
#3665=CARTESIAN_POINT('',(-0.086614173228344,0.086614173228348,0.145275590551181));
#3666=CARTESIAN_POINT('',(-0.086614173228344,0.101659763935434,0.143202451001766));
#3667=CARTESIAN_POINT('',(-0.086614173228345,0.108267716535435,0.129527559055113));
#3668=CARTESIAN_POINT('',(-0.086614173228344,0.086614173228348,0.145275590551181));
#3669=CARTESIAN_POINT('',(-0.10165976393543,0.101659763935434,0.143202451001768));
#3670=CARTESIAN_POINT('',(-0.108267716535433,0.108267716535435,0.129527559055115));
#3671=CARTESIAN_POINT('',(-0.086614173228344,0.086614173228348,0.145275590551181));
#3672=CARTESIAN_POINT('',(-0.10165976393543,0.086614173228348,0.143202451001769));
#3673=CARTESIAN_POINT('',(-0.108267716535433,0.086614173228347,0.129527559055117));
#3674=CARTESIAN_POINT('',(-0.086614173228344,0.086614173228348,0.145275590551181));
#3675=CARTESIAN_POINT('',(-0.10165976393543,0.071568582521262,0.14320245100177));
#3676=CARTESIAN_POINT('',(-0.108267716535433,0.064960629921259,0.129527559055118));
#3677=CARTESIAN_POINT('',(-0.086614173228344,0.086614173228348,0.145275590551181));
#3678=CARTESIAN_POINT('',(-0.086614173228344,0.071568582521262,0.143202451001768));
#3679=CARTESIAN_POINT('',(-0.086614173228345,0.064960629921259,0.129527559055116));
#3680=CARTESIAN_POINT('',(-0.086614173228344,0.086614173228348,0.145275590551181));
#3681=CARTESIAN_POINT('',(-0.071568582521258,0.071568582521262,0.143202451001767));
#3682=CARTESIAN_POINT('',(-0.064960629921258,0.064960629921259,0.129527559055114));
#3683=CARTESIAN_POINT('',(-0.086614173228344,0.086614173228348,0.145275590551181));
#3684=CARTESIAN_POINT('',(-0.071568582521258,0.086614173228348,0.143202451001766));
#3685=CARTESIAN_POINT('',(-0.064960629921258,0.086614173228347,0.129527559055113));
#3693=(BOUNDED_SURFACE()B_SPLINE_SURFACE(2,2,((#3659,#3662,#3665,#3668,#3671,#3674,#3677,#3680,#3683),(#3660,#3663,#3666,#3669,#3672,#3675,#3678,#3681,#3684),(#3661,#3664,#3667,#3670,#3673,#3676,#3679,#3682,#3685)),.UNSPECIFIED.,.F.,.T.,.U.)B_SPLINE_SURFACE_WITH_KNOTS((3,3),(3,2,2,2,3),(-1.433868060422803,-0.45013202033599),(0.0,1.570796326794897,3.141592653589793,4.71238898038469,6.283185307179586),.UNSPECIFIED.)GEOMETRIC_REPRESENTATION_ITEM()RATIONAL_B_SPLINE_SURFACE(((1.0,0.707106781186548,1.0,0.707106781186548,1.0,0.707106781186548,1.0,0.707106781186548,1.0),(0.88145218108005,0.623280814533376,0.88145218108005,0.623280814533376,0.88145218108005,0.623280814533376,0.88145218108005,0.623280814533376,0.88145218108005),(1.0,0.707106781186548,1.0,0.707106781186548,1.0,0.707106781186548,1.0,0.707106781186548,1.0)))REPRESENTATION_ITEM('')SURFACE());
#3694=CARTESIAN_POINT('',(-0.108267716535433,0.086614173228346,0.129527559055118));
#3695=VERTEX_POINT('',#3694);
#3696=CARTESIAN_POINT('',(-0.086614173228346,0.086614173228346,0.129527559055118));
#3697=DIRECTION('',(0.0,0.0,-1.0));
#3698=DIRECTION('',(-1.0,0.0,0.0));
#3699=AXIS2_PLACEMENT_3D('',#3696,#3697,#3698);
#3700=CIRCLE('',#3699,0.021653543307087);
#3701=EDGE_CURVE('',#3695,#3695,#3700,.T.);
#3702=ORIENTED_EDGE('',*,*,#3701,.F.);
#3703=EDGE_LOOP('',(#3702));
#3704=FACE_OUTER_BOUND('',#3703,.T.);
#3705=ADVANCED_FACE('',(#3704),#3693,.T.);
#3706=CARTESIAN_POINT('',(0.064960629921259,-0.086614173228347,0.129527559055115));
#3707=CARTESIAN_POINT('',(0.071568582521262,-0.086614173228347,0.143202451001768));
#3708=CARTESIAN_POINT('',(0.086614173228348,-0.086614173228347,0.145275590551181));
#3709=CARTESIAN_POINT('',(0.064960629921259,-0.064960629921258,0.129527559055116));
#3710=CARTESIAN_POINT('',(0.071568582521262,-0.071568582521261,0.143202451001768));
#3711=CARTESIAN_POINT('',(0.086614173228348,-0.086614173228347,0.145275590551181));
#3712=CARTESIAN_POINT('',(0.086614173228347,-0.064960629921258,0.129527559055115));
#3713=CARTESIAN_POINT('',(0.086614173228348,-0.071568582521261,0.143202451001767));
#3714=CARTESIAN_POINT('',(0.086614173228348,-0.086614173228347,0.145275590551181));
#3715=CARTESIAN_POINT('',(0.108267716535436,-0.064960629921258,0.129527559055113));
#3716=CARTESIAN_POINT('',(0.101659763935435,-0.071568582521261,0.143202451001767));
#3717=CARTESIAN_POINT('',(0.086614173228348,-0.086614173228347,0.145275590551181));
#3718=CARTESIAN_POINT('',(0.108267716535436,-0.086614173228347,0.129527559055113));
#3719=CARTESIAN_POINT('',(0.101659763935435,-0.086614173228347,0.143202451001766));
#3720=CARTESIAN_POINT('',(0.086614173228348,-0.086614173228347,0.145275590551181));
#3721=CARTESIAN_POINT('',(0.108267716535436,-0.108267716535436,0.129527559055112));
#3722=CARTESIAN_POINT('',(0.101659763935435,-0.101659763935434,0.143202451001766));
#3723=CARTESIAN_POINT('',(0.086614173228348,-0.086614173228347,0.145275590551181));
#3724=CARTESIAN_POINT('',(0.086614173228347,-0.108267716535436,0.129527559055113));
#3725=CARTESIAN_POINT('',(0.086614173228348,-0.101659763935434,0.143202451001766));
#3726=CARTESIAN_POINT('',(0.086614173228348,-0.086614173228347,0.145275590551181));
#3727=CARTESIAN_POINT('',(0.064960629921259,-0.108267716535436,0.129527559055115));
#3728=CARTESIAN_POINT('',(0.071568582521262,-0.101659763935434,0.143202451001767));
#3729=CARTESIAN_POINT('',(0.086614173228348,-0.086614173228347,0.145275590551181));
#3730=CARTESIAN_POINT('',(0.064960629921259,-0.086614173228347,0.129527559055115));
#3731=CARTESIAN_POINT('',(0.071568582521262,-0.086614173228347,0.143202451001768));
#3732=CARTESIAN_POINT('',(0.086614173228348,-0.086614173228347,0.145275590551181));
#3740=(BOUNDED_SURFACE()B_SPLINE_SURFACE(2,2,((#3706,#3709,#3712,#3715,#3718,#3721,#3724,#3727,#3730),(#3707,#3710,#3713,#3716,#3719,#3722,#3725,#3728,#3731),(#3708,#3711,#3714,#3717,#3720,#3723,#3726,#3729,#3732)),.UNSPECIFIED.,.F.,.T.,.U.)B_SPLINE_SURFACE_WITH_KNOTS((3,3),(3,2,2,2,3),(0.450132020336015,1.433868060422771),(0.0,1.570796326794897,3.141592653589793,4.71238898038469,6.283185307179586),.UNSPECIFIED.)GEOMETRIC_REPRESENTATION_ITEM()RATIONAL_B_SPLINE_SURFACE(((1.0,0.707106781186548,1.0,0.707106781186548,1.0,0.707106781186548,1.0,0.707106781186548,1.0),(0.881452181080056,0.62328081453338,0.881452181080056,0.62328081453338,0.881452181080056,0.62328081453338,0.881452181080056,0.62328081453338,0.881452181080056),(1.0,0.707106781186548,1.0,0.707106781186548,1.0,0.707106781186548,1.0,0.707106781186548,1.0)))REPRESENTATION_ITEM('')SURFACE());
#3741=CARTESIAN_POINT('',(0.108267716535434,-0.086614173228347,0.129527559055116));
#3742=VERTEX_POINT('',#3741);
#3743=CARTESIAN_POINT('',(0.086614173228346,-0.086614173228346,0.129527559055118));
#3744=DIRECTION('',(0.0,0.0,1.0));
#3745=DIRECTION('',(1.0,0.0,0.0));
#3746=AXIS2_PLACEMENT_3D('',#3743,#3744,#3745);
#3747=CIRCLE('',#3746,0.021653543307087);
#3748=EDGE_CURVE('',#3742,#3742,#3747,.T.);
#3749=ORIENTED_EDGE('',*,*,#3748,.T.);
#3750=EDGE_LOOP('',(#3749));
#3751=FACE_OUTER_BOUND('',#3750,.T.);
#3752=ADVANCED_FACE('',(#3751),#3740,.T.);
#3753=CARTESIAN_POINT('',(-0.108267716535433,-0.086614173228346,0.129527559055117));
#3754=CARTESIAN_POINT('',(-0.10165976393543,-0.086614173228346,0.143202451001767));
#3755=CARTESIAN_POINT('',(-0.086614173228345,-0.086614173228346,0.145275590551181));
#3756=CARTESIAN_POINT('',(-0.108267716535433,-0.064960629921259,0.129527559055117));
#3757=CARTESIAN_POINT('',(-0.10165976393543,-0.071568582521261,0.143202451001767));
#3758=CARTESIAN_POINT('',(-0.086614173228345,-0.086614173228346,0.145275590551181));
#3759=CARTESIAN_POINT('',(-0.086614173228346,-0.064960629921259,0.129527559055116));
#3760=CARTESIAN_POINT('',(-0.086614173228345,-0.071568582521261,0.143202451001767));
#3761=CARTESIAN_POINT('',(-0.086614173228345,-0.086614173228346,0.145275590551181));
#3762=CARTESIAN_POINT('',(-0.064960629921259,-0.064960629921259,0.129527559055115));
#3763=CARTESIAN_POINT('',(-0.071568582521261,-0.071568582521261,0.143202451001766));
#3764=CARTESIAN_POINT('',(-0.086614173228345,-0.086614173228346,0.145275590551181));
#3765=CARTESIAN_POINT('',(-0.064960629921259,-0.086614173228346,0.129527559055116));
#3766=CARTESIAN_POINT('',(-0.071568582521261,-0.086614173228346,0.143202451001766));
#3767=CARTESIAN_POINT('',(-0.086614173228345,-0.086614173228346,0.145275590551181));
#3768=CARTESIAN_POINT('',(-0.064960629921259,-0.108267716535433,0.129527559055116));
#3769=CARTESIAN_POINT('',(-0.071568582521261,-0.10165976393543,0.143202451001767));
#3770=CARTESIAN_POINT('',(-0.086614173228345,-0.086614173228346,0.145275590551181));
#3771=CARTESIAN_POINT('',(-0.086614173228346,-0.108267716535433,0.129527559055117));
#3772=CARTESIAN_POINT('',(-0.086614173228345,-0.10165976393543,0.143202451001767));
#3773=CARTESIAN_POINT('',(-0.086614173228345,-0.086614173228346,0.145275590551181));
#3774=CARTESIAN_POINT('',(-0.108267716535433,-0.108267716535433,0.129527559055118));
#3775=CARTESIAN_POINT('',(-0.10165976393543,-0.10165976393543,0.143202451001768));
#3776=CARTESIAN_POINT('',(-0.086614173228345,-0.086614173228346,0.145275590551181));
#3777=CARTESIAN_POINT('',(-0.108267716535433,-0.086614173228346,0.129527559055117));
#3778=CARTESIAN_POINT('',(-0.10165976393543,-0.086614173228346,0.143202451001767));
#3779=CARTESIAN_POINT('',(-0.086614173228345,-0.086614173228346,0.145275590551181));
#3787=(BOUNDED_SURFACE()B_SPLINE_SURFACE(2,2,((#3753,#3756,#3759,#3762,#3765,#3768,#3771,#3774,#3777),(#3754,#3757,#3760,#3763,#3766,#3769,#3772,#3775,#3778),(#3755,#3758,#3761,#3764,#3767,#3770,#3773,#3776,#3779)),.UNSPECIFIED.,.F.,.T.,.U.)B_SPLINE_SURFACE_WITH_KNOTS((3,3),(3,2,2,2,3),(0.450132020336108,1.433868060422758),(0.0,1.570796326794897,3.141592653589793,4.71238898038469,6.283185307179586),.UNSPECIFIED.)GEOMETRIC_REPRESENTATION_ITEM()RATIONAL_B_SPLINE_SURFACE(((1.0,0.707106781186548,1.0,0.707106781186548,1.0,0.707106781186548,1.0,0.707106781186548,1.0),(0.881452181080096,0.623280814533408,0.881452181080096,0.623280814533408,0.881452181080096,0.623280814533408,0.881452181080096,0.623280814533408,0.881452181080096),(1.0,0.707106781186548,1.0,0.707106781186548,1.0,0.707106781186548,1.0,0.707106781186548,1.0)))REPRESENTATION_ITEM('')SURFACE());
#3788=CARTESIAN_POINT('',(-0.06496062992126,-0.086614173228346,0.129527559055118));
#3789=VERTEX_POINT('',#3788);
#3790=CARTESIAN_POINT('',(-0.086614173228347,-0.086614173228346,0.129527559055118));
#3791=DIRECTION('',(0.0,0.0,1.0));
#3792=DIRECTION('',(1.0,0.0,0.0));
#3793=AXIS2_PLACEMENT_3D('',#3790,#3791,#3792);
#3794=CIRCLE('',#3793,0.021653543307087);
#3795=EDGE_CURVE('',#3789,#3789,#3794,.T.);
#3796=ORIENTED_EDGE('',*,*,#3795,.T.);
#3797=EDGE_LOOP('',(#3796));
#3798=FACE_OUTER_BOUND('',#3797,.T.);
#3799=ADVANCED_FACE('',(#3798),#3787,.T.);
#3800=CARTESIAN_POINT('',(-0.058031496062992,-0.123051181102363,0.0));
#3801=DIRECTION('',(0.0,0.0,1.0));
#3802=DIRECTION('',(1.0,0.0,0.0));
#3803=AXIS2_PLACEMENT_3D('',#3800,#3801,#3802);
#3804=PLANE('',#3803);
#3805=CARTESIAN_POINT('',(0.043307086614173,-0.086614173228346,3.700743E-017));
#3806=VERTEX_POINT('',#3805);
#3807=CARTESIAN_POINT('',(0.043307086614173,-0.118110236220472,0.0));
#3808=DIRECTION('',(0.0,1.0,0.0));
#3809=VECTOR('',#3808,0.031496062992126);
#3810=LINE('',#3807,#3809);
#3811=EDGE_CURVE('',#1717,#3806,#3810,.T.);
#3812=ORIENTED_EDGE('',*,*,#3811,.T.);
#3813=CARTESIAN_POINT('',(-0.003937007874016,-0.086614173228346,3.700743E-017));
#3814=VERTEX_POINT('',#3813);
#3815=CARTESIAN_POINT('',(0.043307086614173,-0.086614173228346,0.0));
#3816=DIRECTION('',(-1.0,0.0,0.0));
#3817=VECTOR('',#3816,0.047244094488189);
#3818=LINE('',#3815,#3817);
#3819=EDGE_CURVE('',#3806,#3814,#3818,.T.);
#3820=ORIENTED_EDGE('',*,*,#3819,.T.);
#3821=CARTESIAN_POINT('',(-0.003937007874016,-0.086614173228346,0.0));
#3822=DIRECTION('',(0.0,-1.0,0.0));
#3823=VECTOR('',#3822,0.031496062992126);
#3824=LINE('',#3821,#3823);
#3825=EDGE_CURVE('',#3814,#1709,#3824,.T.);
#3826=ORIENTED_EDGE('',*,*,#3825,.T.);
#3827=ORIENTED_EDGE('',*,*,#1714,.F.);
#3828=ORIENTED_EDGE('',*,*,#2548,.T.);
#3829=ORIENTED_EDGE('',*,*,#2713,.T.);
#3830=ORIENTED_EDGE('',*,*,#2658,.T.);
#3831=ORIENTED_EDGE('',*,*,#1730,.F.);
#3832=EDGE_LOOP('',(#3812,#3820,#3826,#3827,#3828,#3829,#3830,#3831));
#3833=FACE_OUTER_BOUND('',#3832,.T.);
#3834=ADVANCED_FACE('',(#3833),#3804,.F.);
#3835=CARTESIAN_POINT('',(-0.147637795275591,-0.12992125984252,0.112992125984252));
#3836=DIRECTION('',(-1.0,0.0,0.0));
#3837=DIRECTION('',(0.0,0.0,1.0));
#3838=AXIS2_PLACEMENT_3D('',#3835,#3836,#3837);
#3839=PLANE('',#3838);
#3840=CARTESIAN_POINT('',(-0.147637795275591,-0.118110236220473,0.129527559055118));
#3841=DIRECTION('',(0.0,1.0,0.0));
#3842=VECTOR('',#3841,0.236220472440945);
#3843=LINE('',#3840,#3842);
#3844=EDGE_CURVE('',#1645,#2039,#3843,.T.);
#3845=ORIENTED_EDGE('',*,*,#3844,.T.);
#3846=ORIENTED_EDGE('',*,*,#2044,.F.);
#3847=CARTESIAN_POINT('',(-0.147637795275591,-0.118110236220473,0.113779527559055));
#3848=DIRECTION('',(0.0,1.0,0.0));
#3849=VECTOR('',#3848,0.236220472440945);
#3850=LINE('',#3847,#3849);
#3851=EDGE_CURVE('',#1653,#2031,#3850,.T.);
#3852=ORIENTED_EDGE('',*,*,#3851,.F.);
#3853=ORIENTED_EDGE('',*,*,#1658,.T.);
#3854=EDGE_LOOP('',(#3845,#3846,#3852,#3853));
#3855=FACE_OUTER_BOUND('',#3854,.T.);
#3856=ADVANCED_FACE('',(#3855),#3839,.T.);
#3857=CARTESIAN_POINT('',(1.402441E-033,1.402441E-033,0.113779527559055));
#3858=DIRECTION('',(0.0,0.0,1.0));
#3859=DIRECTION('',(1.0,0.0,0.0));
#3860=AXIS2_PLACEMENT_3D('',#3857,#3858,#3859);
#3861=CYLINDRICAL_SURFACE('',#3860,0.068897637795276);
#3862=CARTESIAN_POINT('',(0.068897637795276,-2.531258E-017,0.129527559055118));
#3863=VERTEX_POINT('',#3862);
#3864=CARTESIAN_POINT('',(1.402441E-033,1.402441E-033,0.129527559055118));
#3865=DIRECTION('',(0.0,0.0,-1.0));
#3866=DIRECTION('',(-1.0,0.0,0.0));
#3867=AXIS2_PLACEMENT_3D('',#3864,#3865,#3866);
#3868=CIRCLE('',#3867,0.068897637795276);
#3869=EDGE_CURVE('',#3863,#3863,#3868,.T.);
#3870=ORIENTED_EDGE('',*,*,#3869,.F.);
#3871=EDGE_LOOP('',(#3870));
#3872=FACE_OUTER_BOUND('',#3871,.T.);
#3873=CARTESIAN_POINT('',(0.068897637795276,-2.531258E-017,0.115748031496063));
#3874=VERTEX_POINT('',#3873);
#3875=CARTESIAN_POINT('',(1.402441E-033,1.402441E-033,0.115748031496063));
#3876=DIRECTION('',(0.0,0.0,-1.0));
#3877=DIRECTION('',(-1.0,0.0,0.0));
#3878=AXIS2_PLACEMENT_3D('',#3875,#3876,#3877);
#3879=CIRCLE('',#3878,0.068897637795276);
#3880=EDGE_CURVE('',#3874,#3874,#3879,.T.);
#3881=ORIENTED_EDGE('',*,*,#3880,.T.);
#3882=EDGE_LOOP('',(#3881));
#3883=FACE_BOUND('',#3882,.T.);
#3884=ADVANCED_FACE('',(#3872,#3883),#3861,.F.);
#3885=CARTESIAN_POINT('',(-0.021653543307087,-0.140551181102362,-0.08503937007874));
#3886=DIRECTION('',(0.707106781186548,0.0,-0.707106781186547));
#3887=DIRECTION('',(-0.707106781186547,0.0,-0.707106781186548));
#3888=AXIS2_PLACEMENT_3D('',#3885,#3886,#3887);
#3889=PLANE('',#3888);
#3890=CARTESIAN_POINT('',(-0.062992125984252,-0.124015748031496,-0.126377952755905));
#3891=VERTEX_POINT('',#3890);
#3892=CARTESIAN_POINT('',(-0.023622047244094,-0.124015748031496,-0.087007874015748));
#3893=VERTEX_POINT('',#3892);
#3894=CARTESIAN_POINT('',(-0.062992125984252,-0.124015748031496,-0.126377952755905));
#3895=DIRECTION('',(0.707106781186547,0.0,0.707106781186548));
#3896=VECTOR('',#3895,0.055677699306027);
#3897=LINE('',#3894,#3896);
#3898=EDGE_CURVE('',#3891,#3893,#3897,.T.);
#3899=ORIENTED_EDGE('',*,*,#3898,.T.);
#3900=CARTESIAN_POINT('',(-0.023622047244094,-0.139763779527559,-0.087007874015748));
#3901=VERTEX_POINT('',#3900);
#3902=CARTESIAN_POINT('',(-0.023622047244094,-0.139763779527559,-0.087007874015748));
#3903=DIRECTION('',(0.0,1.0,0.0));
#3904=VECTOR('',#3903,0.015748031496063);
#3905=LINE('',#3902,#3904);
#3906=EDGE_CURVE('',#3901,#3893,#3905,.T.);
#3907=ORIENTED_EDGE('',*,*,#3906,.F.);
#3908=CARTESIAN_POINT('',(-0.062992125984252,-0.139763779527559,-0.126377952755905));
#3909=VERTEX_POINT('',#3908);
#3910=CARTESIAN_POINT('',(-0.062992125984252,-0.139763779527559,-0.126377952755905));
#3911=DIRECTION('',(0.707106781186547,0.0,0.707106781186548));
#3912=VECTOR('',#3911,0.055677699306027);
#3913=LINE('',#3910,#3912);
#3914=EDGE_CURVE('',#3909,#3901,#3913,.T.);
#3915=ORIENTED_EDGE('',*,*,#3914,.F.);
#3916=CARTESIAN_POINT('',(-0.062992125984252,-0.139763779527559,-0.126377952755905));
#3917=DIRECTION('',(0.0,1.0,0.0));
#3918=VECTOR('',#3917,0.015748031496063);
#3919=LINE('',#3916,#3918);
#3920=EDGE_CURVE('',#3909,#3891,#3919,.T.);
#3921=ORIENTED_EDGE('',*,*,#3920,.T.);
#3922=EDGE_LOOP('',(#3899,#3907,#3915,#3921));
#3923=FACE_OUTER_BOUND('',#3922,.T.);
#3924=ADVANCED_FACE('',(#3923),#3889,.T.);
#3925=CARTESIAN_POINT('',(-0.059251968503937,-0.140551181102362,-0.126377952755905));
#3926=DIRECTION('',(0.0,0.0,-1.0));
#3927=DIRECTION('',(-1.0,0.0,0.0));
#3928=AXIS2_PLACEMENT_3D('',#3925,#3926,#3927);
#3929=PLANE('',#3928);
#3930=CARTESIAN_POINT('',(-0.137795275590551,-0.124015748031496,-0.126377952755905));
#3931=VERTEX_POINT('',#3930);
#3932=CARTESIAN_POINT('',(-0.137795275590551,-0.124015748031496,-0.126377952755905));
#3933=DIRECTION('',(1.0,0.0,0.0));
#3934=VECTOR('',#3933,0.074803149606299);
#3935=LINE('',#3932,#3934);
#3936=EDGE_CURVE('',#3931,#3891,#3935,.T.);
#3937=ORIENTED_EDGE('',*,*,#3936,.T.);
#3938=ORIENTED_EDGE('',*,*,#3920,.F.);
#3939=CARTESIAN_POINT('',(-0.137795275590551,-0.139763779527559,-0.126377952755905));
#3940=VERTEX_POINT('',#3939);
#3941=CARTESIAN_POINT('',(-0.137795275590551,-0.139763779527559,-0.126377952755905));
#3942=DIRECTION('',(1.0,0.0,0.0));
#3943=VECTOR('',#3942,0.074803149606299);
#3944=LINE('',#3941,#3943);
#3945=EDGE_CURVE('',#3940,#3909,#3944,.T.);
#3946=ORIENTED_EDGE('',*,*,#3945,.F.);
#3947=CARTESIAN_POINT('',(-0.137795275590551,-0.139763779527559,-0.126377952755905));
#3948=DIRECTION('',(0.0,1.0,0.0));
#3949=VECTOR('',#3948,0.015748031496063);
#3950=LINE('',#3947,#3949);
#3951=EDGE_CURVE('',#3940,#3931,#3950,.T.);
#3952=ORIENTED_EDGE('',*,*,#3951,.T.);
#3953=EDGE_LOOP('',(#3937,#3938,#3946,#3952));
#3954=FACE_OUTER_BOUND('',#3953,.T.);
#3955=ADVANCED_FACE('',(#3954),#3929,.T.);
#3956=CARTESIAN_POINT('',(-0.137795275590551,-0.140551181102362,-0.127854330708661));
#3957=DIRECTION('',(-1.0,0.0,0.0));
#3958=DIRECTION('',(0.0,0.0,1.0));
#3959=AXIS2_PLACEMENT_3D('',#3956,#3957,#3958);
#3960=PLANE('',#3959);
#3961=CARTESIAN_POINT('',(-0.137795275590551,-0.124015748031496,-0.096850393700787));
#3962=VERTEX_POINT('',#3961);
#3963=CARTESIAN_POINT('',(-0.137795275590551,-0.139763779527559,-0.096850393700787));
#3964=VERTEX_POINT('',#3963);
#3965=CARTESIAN_POINT('',(-0.137795275590551,-0.124015748031496,-0.096850393700787));
#3966=DIRECTION('',(0.0,-1.0,0.0));
#3967=VECTOR('',#3966,0.015748031496063);
#3968=LINE('',#3965,#3967);
#3969=EDGE_CURVE('',#3962,#3964,#3968,.T.);
#3970=ORIENTED_EDGE('',*,*,#3969,.F.);
#3971=CARTESIAN_POINT('',(-0.137795275590551,-0.124015748031496,-0.096850393700787));
#3972=DIRECTION('',(0.0,0.0,-1.0));
#3973=VECTOR('',#3972,0.029527559055118);
#3974=LINE('',#3971,#3973);
#3975=EDGE_CURVE('',#3962,#3931,#3974,.T.);
#3976=ORIENTED_EDGE('',*,*,#3975,.T.);
#3977=ORIENTED_EDGE('',*,*,#3951,.F.);
#3978=CARTESIAN_POINT('',(-0.137795275590551,-0.139763779527559,-0.096850393700787));
#3979=DIRECTION('',(0.0,0.0,-1.0));
#3980=VECTOR('',#3979,0.029527559055118);
#3981=LINE('',#3978,#3980);
#3982=EDGE_CURVE('',#3964,#3940,#3981,.T.);
#3983=ORIENTED_EDGE('',*,*,#3982,.F.);
#3984=EDGE_LOOP('',(#3970,#3976,#3977,#3983));
#3985=FACE_OUTER_BOUND('',#3984,.T.);
#3986=ADVANCED_FACE('',(#3985),#3960,.T.);
#3987=CARTESIAN_POINT('',(-0.293208661417323,-0.167426455331236,-0.04763779527559));
#3988=DIRECTION('',(0.0,0.0,1.0));
#3989=DIRECTION('',(1.0,0.0,0.0));
#3990=AXIS2_PLACEMENT_3D('',#3987,#3988,#3989);
#3991=PLANE('',#3990);
#3992=CARTESIAN_POINT('',(-0.285433070866142,-0.145706960629921,-0.047637795275591));
#3993=VERTEX_POINT('',#3992);
#3994=CARTESIAN_POINT('',(-0.285433070866142,-0.129958929133858,-0.047637795275591));
#3995=VERTEX_POINT('',#3994);
#3996=CARTESIAN_POINT('',(-0.285433070866142,-0.145706960629921,-0.047637795275591));
#3997=DIRECTION('',(0.0,1.0,0.0));
#3998=VECTOR('',#3997,0.015748031496063);
#3999=LINE('',#3996,#3998);
#4000=EDGE_CURVE('',#3993,#3995,#3999,.T.);
#4001=ORIENTED_EDGE('',*,*,#4000,.F.);
#4002=CARTESIAN_POINT('',(-0.275590551181102,-0.145706960629921,-0.047637795275591));
#4003=VERTEX_POINT('',#4002);
#4004=CARTESIAN_POINT('',(-0.275590551181102,-0.145706960629921,-0.047637795275591));
#4005=DIRECTION('',(-1.0,0.0,0.0));
#4006=VECTOR('',#4005,0.00984251968504);
#4007=LINE('',#4004,#4006);
#4008=EDGE_CURVE('',#4003,#3993,#4007,.T.);
#4009=ORIENTED_EDGE('',*,*,#4008,.F.);
#4010=CARTESIAN_POINT('',(-0.236548556430446,-0.163601829584376,-0.047637795275591));
#4011=VERTEX_POINT('',#4010);
#4012=CARTESIAN_POINT('',(-0.236548556430446,-0.163601829584376,-0.047637795275591));
#4013=DIRECTION('',(-0.90905934288631,0.416666666666666,0.0));
#4014=VECTOR('',#4013,0.042947685490692);
#4015=LINE('',#4012,#4014);
#4016=EDGE_CURVE('',#4011,#4003,#4015,.T.);
#4017=ORIENTED_EDGE('',*,*,#4016,.F.);
#4018=CARTESIAN_POINT('',(-0.216169156301777,-0.161173509378287,-0.047637795275591));
#4019=VERTEX_POINT('',#4018);
#4020=CARTESIAN_POINT('',(-0.228346456692913,-0.145706960629921,-0.047637795275591));
#4021=DIRECTION('',(0.0,0.0,-1.0));
#4022=DIRECTION('',(0.618606859869742,-0.785700676416978,0.0));
#4023=AXIS2_PLACEMENT_3D('',#4020,#4021,#4022);
#4024=CIRCLE('',#4023,0.019685039370079);
#4025=EDGE_CURVE('',#4019,#4011,#4024,.T.);
#4026=ORIENTED_EDGE('',*,*,#4025,.F.);
#4027=CARTESIAN_POINT('',(-0.188976377952756,-0.139763779527559,-0.047637795275591));
#4028=VERTEX_POINT('',#4027);
#4029=CARTESIAN_POINT('',(-0.188976377952756,-0.139763779527559,-0.047637795275591));
#4030=DIRECTION('',(-0.785700676416978,-0.618606859869743,0.0));
#4031=VECTOR('',#4030,0.034609590096101);
#4032=LINE('',#4029,#4031);
#4033=EDGE_CURVE('',#4028,#4019,#4032,.T.);
#4034=ORIENTED_EDGE('',*,*,#4033,.F.);
#4035=CARTESIAN_POINT('',(-0.12992125984252,-0.139763779527559,-0.04763779527559));
#4036=VERTEX_POINT('',#4035);
#4037=CARTESIAN_POINT('',(-0.12992125984252,-0.139763779527559,-0.04763779527559));
#4038=DIRECTION('',(-1.0,0.0,0.0));
#4039=VECTOR('',#4038,0.059055118110236);
#4040=LINE('',#4037,#4039);
#4041=EDGE_CURVE('',#4036,#4028,#4040,.T.);
#4042=ORIENTED_EDGE('',*,*,#4041,.F.);
#4043=CARTESIAN_POINT('',(-0.12992125984252,-0.124015748031496,-0.04763779527559));
#4044=VERTEX_POINT('',#4043);
#4045=CARTESIAN_POINT('',(-0.12992125984252,-0.139763779527559,-0.04763779527559));
#4046=DIRECTION('',(0.0,1.0,0.0));
#4047=VECTOR('',#4046,0.015748031496063);
#4048=LINE('',#4045,#4047);
#4049=EDGE_CURVE('',#4036,#4044,#4048,.T.);
#4050=ORIENTED_EDGE('',*,*,#4049,.T.);
#4051=CARTESIAN_POINT('',(-0.188976377952756,-0.124015748031496,-0.047637795275591));
#4052=VERTEX_POINT('',#4051);
#4053=CARTESIAN_POINT('',(-0.12992125984252,-0.124015748031496,-0.04763779527559));
#4054=DIRECTION('',(-1.0,0.0,0.0));
#4055=VECTOR('',#4054,0.059055118110236);
#4056=LINE('',#4053,#4055);
#4057=EDGE_CURVE('',#4044,#4052,#4056,.T.);
#4058=ORIENTED_EDGE('',*,*,#4057,.T.);
#4059=CARTESIAN_POINT('',(-0.198718218265665,-0.127390540528866,-0.047637795275591));
#4060=VERTEX_POINT('',#4059);
#4061=CARTESIAN_POINT('',(-0.188976377952756,-0.139763779527559,-0.047637795275591));
#4062=DIRECTION('',(0.0,0.0,-1.0));
#4063=DIRECTION('',(-0.618606859869734,0.785700676416985,0.0));
#4064=AXIS2_PLACEMENT_3D('',#4061,#4062,#4063);
#4065=CIRCLE('',#4064,0.015748031496063);
#4066=EDGE_CURVE('',#4060,#4052,#4065,.T.);
#4067=ORIENTED_EDGE('',*,*,#4066,.F.);
#4068=CARTESIAN_POINT('',(-0.225910996614686,-0.148800270379594,-0.047637795275591));
#4069=VERTEX_POINT('',#4068);
#4070=CARTESIAN_POINT('',(-0.225910996614686,-0.148800270379594,-0.047637795275591));
#4071=DIRECTION('',(0.785700676416978,0.618606859869742,0.0));
#4072=VECTOR('',#4071,0.034609590096101);
#4073=LINE('',#4070,#4072);
#4074=EDGE_CURVE('',#4069,#4060,#4073,.T.);
#4075=ORIENTED_EDGE('',*,*,#4074,.F.);
#4076=CARTESIAN_POINT('',(-0.22998687664042,-0.149285934420812,-0.047637795275591));
#4077=VERTEX_POINT('',#4076);
#4078=CARTESIAN_POINT('',(-0.228346456692913,-0.145706960629921,-0.047637795275591));
#4079=DIRECTION('',(0.0,0.0,1.0));
#4080=DIRECTION('',(-0.618606859869741,0.785700676416979,0.0));
#4081=AXIS2_PLACEMENT_3D('',#4078,#4079,#4080);
#4082=CIRCLE('',#4081,0.003937007874016);
#4083=EDGE_CURVE('',#4077,#4069,#4082,.T.);
#4084=ORIENTED_EDGE('',*,*,#4083,.F.);
#4085=CARTESIAN_POINT('',(-0.272153423983105,-0.129958929133858,-0.047637795275591));
#4086=VERTEX_POINT('',#4085);
#4087=CARTESIAN_POINT('',(-0.272153423983105,-0.129958929133858,-0.047637795275591));
#4088=DIRECTION('',(0.909059342886309,-0.416666666666667,0.0));
#4089=VECTOR('',#4088,0.04638481268869);
#4090=LINE('',#4087,#4089);
#4091=EDGE_CURVE('',#4086,#4077,#4090,.T.);
#4092=ORIENTED_EDGE('',*,*,#4091,.F.);
#4093=CARTESIAN_POINT('',(-0.285433070866142,-0.129958929133858,-0.047637795275591));
#4094=DIRECTION('',(1.0,0.0,0.0));
#4095=VECTOR('',#4094,0.013279646883037);
#4096=LINE('',#4093,#4095);
#4097=EDGE_CURVE('',#3995,#4086,#4096,.T.);
#4098=ORIENTED_EDGE('',*,*,#4097,.F.);
#4099=EDGE_LOOP('',(#4001,#4009,#4017,#4026,#4034,#4042,#4050,#4058,#4067,#4075,#4084,#4092,#4098));
#4100=FACE_OUTER_BOUND('',#4099,.T.);
#4101=ADVANCED_FACE('',(#4100),#3991,.T.);
#4102=CARTESIAN_POINT('',(-0.12992125984252,-0.140551181102362,-0.050590551181102));
#4103=DIRECTION('',(-1.0,0.0,0.0));
#4104=DIRECTION('',(0.0,0.0,1.0));
#4105=AXIS2_PLACEMENT_3D('',#4102,#4103,#4104);
#4106=PLANE('',#4105);
#4107=CARTESIAN_POINT('',(-0.12992125984252,-0.124015748031496,0.011417322834646));
#4108=VERTEX_POINT('',#4107);
#4109=CARTESIAN_POINT('',(-0.12992125984252,-0.124015748031496,0.011417322834646));
#4110=DIRECTION('',(0.0,0.0,-1.0));
#4111=VECTOR('',#4110,0.059055118110236);
#4112=LINE('',#4109,#4111);
#4113=EDGE_CURVE('',#4108,#4044,#4112,.T.);
#4114=ORIENTED_EDGE('',*,*,#4113,.T.);
#4115=ORIENTED_EDGE('',*,*,#4049,.F.);
#4116=CARTESIAN_POINT('',(-0.12992125984252,-0.139763779527559,0.011417322834646));
#4117=VERTEX_POINT('',#4116);
#4118=CARTESIAN_POINT('',(-0.12992125984252,-0.139763779527559,0.011417322834646));
#4119=DIRECTION('',(0.0,0.0,-1.0));
#4120=VECTOR('',#4119,0.059055118110236);
#4121=LINE('',#4118,#4120);
#4122=EDGE_CURVE('',#4117,#4036,#4121,.T.);
#4123=ORIENTED_EDGE('',*,*,#4122,.F.);
#4124=CARTESIAN_POINT('',(-0.12992125984252,-0.139763779527559,0.011417322834646));
#4125=DIRECTION('',(0.0,1.0,0.0));
#4126=VECTOR('',#4125,0.015748031496063);
#4127=LINE('',#4124,#4126);
#4128=EDGE_CURVE('',#4117,#4108,#4127,.T.);
#4129=ORIENTED_EDGE('',*,*,#4128,.T.);
#4130=EDGE_LOOP('',(#4114,#4115,#4123,#4129));
#4131=FACE_OUTER_BOUND('',#4130,.T.);
#4132=ADVANCED_FACE('',(#4131),#4106,.T.);
#4133=CARTESIAN_POINT('',(-0.129020535985371,-0.140551181102362,0.011031298324439));
#4134=DIRECTION('',(-0.393919298579167,0.0,-0.919145030018058));
#4135=DIRECTION('',(-0.919145030018058,0.0,0.393919298579167));
#4136=AXIS2_PLACEMENT_3D('',#4133,#4134,#4135);
#4137=PLANE('',#4136);
#4138=CARTESIAN_POINT('',(-0.147935736985499,-0.124015748031496,0.01913781303878));
#4139=VERTEX_POINT('',#4138);
#4140=CARTESIAN_POINT('',(-0.147935736985499,-0.139763779527559,0.01913781303878));
#4141=VERTEX_POINT('',#4140);
#4142=CARTESIAN_POINT('',(-0.147935736985499,-0.124015748031496,0.01913781303878));
#4143=DIRECTION('',(0.0,-1.0,0.0));
#4144=VECTOR('',#4143,0.015748031496063);
#4145=LINE('',#4142,#4144);
#4146=EDGE_CURVE('',#4139,#4141,#4145,.T.);
#4147=ORIENTED_EDGE('',*,*,#4146,.F.);
#4148=CARTESIAN_POINT('',(-0.147935736985499,-0.124015748031496,0.01913781303878));
#4149=DIRECTION('',(0.919145030018058,2.124241E-015,-0.393919298579167));
#4150=VECTOR('',#4149,0.019599167220243);
#4151=LINE('',#4148,#4150);
#4152=EDGE_CURVE('',#4139,#4108,#4151,.T.);
#4153=ORIENTED_EDGE('',*,*,#4152,.T.);
#4154=ORIENTED_EDGE('',*,*,#4128,.F.);
#4155=CARTESIAN_POINT('',(-0.147935736985499,-0.139763779527559,0.01913781303878));
#4156=DIRECTION('',(0.919145030018058,0.0,-0.393919298579167));
#4157=VECTOR('',#4156,0.019599167220243);
#4158=LINE('',#4155,#4157);
#4159=EDGE_CURVE('',#4141,#4117,#4158,.T.);
#4160=ORIENTED_EDGE('',*,*,#4159,.F.);
#4161=EDGE_LOOP('',(#4147,#4153,#4154,#4160));
#4162=FACE_OUTER_BOUND('',#4161,.T.);
#4163=ADVANCED_FACE('',(#4162),#4137,.T.);
#4164=CARTESIAN_POINT('',(-0.141893297149356,-0.140551181102362,0.101968503937008));
#4165=DIRECTION('',(0.0,0.0,1.0));
#4166=DIRECTION('',(1.0,0.0,0.0));
#4167=AXIS2_PLACEMENT_3D('',#4164,#4165,#4166);
#4168=PLANE('',#4167);
#4169=CARTESIAN_POINT('',(-0.138512009768778,-0.124015748031496,0.101968503937008));
#4170=VERTEX_POINT('',#4169);
#4171=CARTESIAN_POINT('',(-0.138512009768778,-0.139763779527559,0.101968503937008));
#4172=VERTEX_POINT('',#4171);
#4173=CARTESIAN_POINT('',(-0.138512009768778,-0.124015748031496,0.101968503937008));
#4174=DIRECTION('',(0.0,-1.0,0.0));
#4175=VECTOR('',#4174,0.015748031496063);
#4176=LINE('',#4173,#4175);
#4177=EDGE_CURVE('',#4170,#4172,#4176,.T.);
#4178=ORIENTED_EDGE('',*,*,#4177,.F.);
#4179=CARTESIAN_POINT('',(-0.141732283464567,-0.124015748031496,0.101968503937008));
#4180=VERTEX_POINT('',#4179);
#4181=CARTESIAN_POINT('',(-0.138512009768778,-0.124015748031496,0.101968503937008));
#4182=DIRECTION('',(-1.0,0.0,0.0));
#4183=VECTOR('',#4182,0.003220273695789);
#4184=LINE('',#4181,#4183);
#4185=EDGE_CURVE('',#4170,#4180,#4184,.T.);
#4186=ORIENTED_EDGE('',*,*,#4185,.T.);
#4187=CARTESIAN_POINT('',(-0.141732283464567,-0.139763779527559,0.101968503937008));
#4188=VERTEX_POINT('',#4187);
#4189=CARTESIAN_POINT('',(-0.141732283464567,-0.139763779527559,0.101968503937008));
#4190=DIRECTION('',(0.0,1.0,0.0));
#4191=VECTOR('',#4190,0.015748031496063);
#4192=LINE('',#4189,#4191);
#4193=EDGE_CURVE('',#4188,#4180,#4192,.T.);
#4194=ORIENTED_EDGE('',*,*,#4193,.F.);
#4195=CARTESIAN_POINT('',(-0.138512009768778,-0.139763779527559,0.101968503937008));
#4196=DIRECTION('',(-1.0,0.0,0.0));
#4197=VECTOR('',#4196,0.003220273695789);
#4198=LINE('',#4195,#4197);
#4199=EDGE_CURVE('',#4172,#4188,#4198,.T.);
#4200=ORIENTED_EDGE('',*,*,#4199,.F.);
#4201=EDGE_LOOP('',(#4178,#4186,#4194,#4200));
#4202=FACE_OUTER_BOUND('',#4201,.T.);
#4203=ADVANCED_FACE('',(#4202),#4168,.T.);
#4204=CARTESIAN_POINT('',(-0.023622047244094,-0.140551181102362,-0.002263779527559));
#4205=DIRECTION('',(1.0,0.0,0.0));
#4206=DIRECTION('',(0.0,0.0,-1.0));
#4207=AXIS2_PLACEMENT_3D('',#4204,#4205,#4206);
#4208=PLANE('',#4207);
#4209=CARTESIAN_POINT('',(-0.023622047244094,-0.139763779527559,-0.006299212598425));
#4210=VERTEX_POINT('',#4209);
#4211=CARTESIAN_POINT('',(-0.023622047244094,-0.124015748031496,-0.006299212598425));
#4212=VERTEX_POINT('',#4211);
#4213=CARTESIAN_POINT('',(-0.023622047244094,-0.139763779527559,-0.006299212598425));
#4214=DIRECTION('',(0.0,1.0,0.0));
#4215=VECTOR('',#4214,0.015748031496063);
#4216=LINE('',#4213,#4215);
#4217=EDGE_CURVE('',#4210,#4212,#4216,.T.);
#4218=ORIENTED_EDGE('',*,*,#4217,.F.);
#4219=CARTESIAN_POINT('',(-0.023622047244094,-0.139763779527559,-0.087007874015748));
#4220=DIRECTION('',(0.0,0.0,1.0));
#4221=VECTOR('',#4220,0.080708661417323);
#4222=LINE('',#4219,#4221);
#4223=EDGE_CURVE('',#3901,#4210,#4222,.T.);
#4224=ORIENTED_EDGE('',*,*,#4223,.F.);
#4225=ORIENTED_EDGE('',*,*,#3906,.T.);
#4226=CARTESIAN_POINT('',(-0.023622047244094,-0.124015748031496,-0.087007874015748));
#4227=DIRECTION('',(0.0,0.0,1.0));
#4228=VECTOR('',#4227,0.080708661417323);
#4229=LINE('',#4226,#4228);
#4230=EDGE_CURVE('',#3893,#4212,#4229,.T.);
#4231=ORIENTED_EDGE('',*,*,#4230,.T.);
#4232=EDGE_LOOP('',(#4218,#4224,#4225,#4231));
#4233=FACE_OUTER_BOUND('',#4232,.T.);
#4234=ADVANCED_FACE('',(#4233),#4208,.T.);
#4235=CARTESIAN_POINT('',(-0.140748031496063,-0.167426455331236,-0.087007874015748));
#4236=DIRECTION('',(0.0,0.0,-1.0));
#4237=DIRECTION('',(-1.0,0.0,0.0));
#4238=AXIS2_PLACEMENT_3D('',#4235,#4236,#4237);
#4239=PLANE('',#4238);
#4240=CARTESIAN_POINT('',(-0.285433070866142,-0.129958929133858,-0.087007874015748));
#4241=VERTEX_POINT('',#4240);
#4242=CARTESIAN_POINT('',(-0.285433070866142,-0.145706960629921,-0.087007874015748));
#4243=VERTEX_POINT('',#4242);
#4244=CARTESIAN_POINT('',(-0.285433070866142,-0.129958929133858,-0.087007874015748));
#4245=DIRECTION('',(0.0,-1.0,0.0));
#4246=VECTOR('',#4245,0.015748031496063);
#4247=LINE('',#4244,#4246);
#4248=EDGE_CURVE('',#4241,#4243,#4247,.T.);
#4249=ORIENTED_EDGE('',*,*,#4248,.F.);
#4250=CARTESIAN_POINT('',(-0.272153423983105,-0.129958929133858,-0.087007874015748));
#4251=VERTEX_POINT('',#4250);
#4252=CARTESIAN_POINT('',(-0.285433070866142,-0.129958929133858,-0.087007874015748));
#4253=DIRECTION('',(1.0,0.0,0.0));
#4254=VECTOR('',#4253,0.013279646883037);
#4255=LINE('',#4252,#4254);
#4256=EDGE_CURVE('',#4241,#4251,#4255,.T.);
#4257=ORIENTED_EDGE('',*,*,#4256,.T.);
#4258=CARTESIAN_POINT('',(-0.22998687664042,-0.149285934420812,-0.087007874015748));
#4259=VERTEX_POINT('',#4258);
#4260=CARTESIAN_POINT('',(-0.272153423983105,-0.129958929133858,-0.087007874015748));
#4261=DIRECTION('',(0.909059342886309,-0.416666666666667,0.0));
#4262=VECTOR('',#4261,0.04638481268869);
#4263=LINE('',#4260,#4262);
#4264=EDGE_CURVE('',#4251,#4259,#4263,.T.);
#4265=ORIENTED_EDGE('',*,*,#4264,.T.);
#4266=CARTESIAN_POINT('',(-0.225910996614686,-0.148800270379594,-0.087007874015748));
#4267=VERTEX_POINT('',#4266);
#4268=CARTESIAN_POINT('',(-0.228346456692913,-0.145706960629921,-0.087007874015748));
#4269=DIRECTION('',(0.0,0.0,1.0));
#4270=DIRECTION('',(-0.618606859869741,0.785700676416979,0.0));
#4271=AXIS2_PLACEMENT_3D('',#4268,#4269,#4270);
#4272=CIRCLE('',#4271,0.003937007874016);
#4273=EDGE_CURVE('',#4259,#4267,#4272,.T.);
#4274=ORIENTED_EDGE('',*,*,#4273,.T.);
#4275=CARTESIAN_POINT('',(-0.198718218265665,-0.127390540528866,-0.087007874015748));
#4276=VERTEX_POINT('',#4275);
#4277=CARTESIAN_POINT('',(-0.225910996614686,-0.148800270379594,-0.087007874015748));
#4278=DIRECTION('',(0.785700676416978,0.618606859869742,0.0));
#4279=VECTOR('',#4278,0.034609590096101);
#4280=LINE('',#4277,#4279);
#4281=EDGE_CURVE('',#4267,#4276,#4280,.T.);
#4282=ORIENTED_EDGE('',*,*,#4281,.T.);
#4283=CARTESIAN_POINT('',(-0.188976377952756,-0.124015748031496,-0.087007874015748));
#4284=VERTEX_POINT('',#4283);
#4285=CARTESIAN_POINT('',(-0.188976377952756,-0.139763779527559,-0.087007874015748));
#4286=DIRECTION('',(0.0,0.0,-1.0));
#4287=DIRECTION('',(-0.618606859869734,0.785700676416985,0.0));
#4288=AXIS2_PLACEMENT_3D('',#4285,#4286,#4287);
#4289=CIRCLE('',#4288,0.015748031496063);
#4290=EDGE_CURVE('',#4276,#4284,#4289,.T.);
#4291=ORIENTED_EDGE('',*,*,#4290,.T.);
#4292=CARTESIAN_POINT('',(-0.147637795275591,-0.124015748031496,-0.087007874015748));
#4293=VERTEX_POINT('',#4292);
#4294=CARTESIAN_POINT('',(-0.188976377952756,-0.124015748031496,-0.087007874015748));
#4295=DIRECTION('',(1.0,0.0,0.0));
#4296=VECTOR('',#4295,0.041338582677165);
#4297=LINE('',#4294,#4296);
#4298=EDGE_CURVE('',#4284,#4293,#4297,.T.);
#4299=ORIENTED_EDGE('',*,*,#4298,.T.);
#4300=CARTESIAN_POINT('',(-0.147637795275591,-0.139763779527559,-0.087007874015748));
#4301=VERTEX_POINT('',#4300);
#4302=CARTESIAN_POINT('',(-0.147637795275591,-0.139763779527559,-0.087007874015748));
#4303=DIRECTION('',(0.0,1.0,0.0));
#4304=VECTOR('',#4303,0.015748031496063);
#4305=LINE('',#4302,#4304);
#4306=EDGE_CURVE('',#4301,#4293,#4305,.T.);
#4307=ORIENTED_EDGE('',*,*,#4306,.F.);
#4308=CARTESIAN_POINT('',(-0.188976377952756,-0.139763779527559,-0.087007874015748));
#4309=VERTEX_POINT('',#4308);
#4310=CARTESIAN_POINT('',(-0.188976377952756,-0.139763779527559,-0.087007874015748));
#4311=DIRECTION('',(1.0,0.0,0.0));
#4312=VECTOR('',#4311,0.041338582677165);
#4313=LINE('',#4310,#4312);
#4314=EDGE_CURVE('',#4309,#4301,#4313,.T.);
#4315=ORIENTED_EDGE('',*,*,#4314,.F.);
#4316=CARTESIAN_POINT('',(-0.216169156301777,-0.161173509378287,-0.087007874015748));
#4317=VERTEX_POINT('',#4316);
#4318=CARTESIAN_POINT('',(-0.188976377952756,-0.139763779527559,-0.087007874015748));
#4319=DIRECTION('',(-0.785700676416978,-0.618606859869743,0.0));
#4320=VECTOR('',#4319,0.034609590096101);
#4321=LINE('',#4318,#4320);
#4322=EDGE_CURVE('',#4309,#4317,#4321,.T.);
#4323=ORIENTED_EDGE('',*,*,#4322,.T.);
#4324=CARTESIAN_POINT('',(-0.236548556430446,-0.163601829584376,-0.087007874015748));
#4325=VERTEX_POINT('',#4324);
#4326=CARTESIAN_POINT('',(-0.228346456692913,-0.145706960629921,-0.087007874015748));
#4327=DIRECTION('',(0.0,0.0,-1.0));
#4328=DIRECTION('',(0.618606859869742,-0.785700676416978,0.0));
#4329=AXIS2_PLACEMENT_3D('',#4326,#4327,#4328);
#4330=CIRCLE('',#4329,0.019685039370079);
#4331=EDGE_CURVE('',#4317,#4325,#4330,.T.);
#4332=ORIENTED_EDGE('',*,*,#4331,.T.);
#4333=CARTESIAN_POINT('',(-0.275590551181102,-0.145706960629921,-0.087007874015748));
#4334=VERTEX_POINT('',#4333);
#4335=CARTESIAN_POINT('',(-0.236548556430446,-0.163601829584376,-0.087007874015748));
#4336=DIRECTION('',(-0.90905934288631,0.416666666666666,0.0));
#4337=VECTOR('',#4336,0.042947685490692);
#4338=LINE('',#4335,#4337);
#4339=EDGE_CURVE('',#4325,#4334,#4338,.T.);
#4340=ORIENTED_EDGE('',*,*,#4339,.T.);
#4341=CARTESIAN_POINT('',(-0.275590551181102,-0.145706960629921,-0.087007874015748));
#4342=DIRECTION('',(-1.0,0.0,0.0));
#4343=VECTOR('',#4342,0.00984251968504);
#4344=LINE('',#4341,#4343);
#4345=EDGE_CURVE('',#4334,#4243,#4344,.T.);
#4346=ORIENTED_EDGE('',*,*,#4345,.T.);
#4347=EDGE_LOOP('',(#4249,#4257,#4265,#4274,#4282,#4291,#4299,#4307,#4315,#4323,#4332,#4340,#4346));
#4348=FACE_OUTER_BOUND('',#4347,.T.);
#4349=ADVANCED_FACE('',(#4348),#4239,.T.);
#4350=CARTESIAN_POINT('',(-0.147637795275591,-0.140551181102362,-0.096850393700787));
#4351=DIRECTION('',(0.0,1.0,0.0));
#4352=DIRECTION('',(-0.707106781186548,0.0,-0.707106781186547));
#4353=AXIS2_PLACEMENT_3D('',#4350,#4351,#4352);
#4354=CYLINDRICAL_SURFACE('',#4353,0.009842519685039);
#4355=CARTESIAN_POINT('',(-0.147637795275591,-0.139763779527559,-0.096850393700787));
#4356=DIRECTION('',(0.0,-1.0,0.0));
#4357=DIRECTION('',(0.707106781186546,0.0,0.707106781186549));
#4358=AXIS2_PLACEMENT_3D('',#4355,#4356,#4357);
#4359=CIRCLE('',#4358,0.009842519685039);
#4360=EDGE_CURVE('',#3964,#4301,#4359,.T.);
#4361=ORIENTED_EDGE('',*,*,#4360,.T.);
#4362=ORIENTED_EDGE('',*,*,#4306,.T.);
#4363=CARTESIAN_POINT('',(-0.147637795275591,-0.124015748031496,-0.096850393700787));
#4364=DIRECTION('',(0.0,1.0,0.0));
#4365=DIRECTION('',(0.707106781186546,0.0,0.707106781186549));
#4366=AXIS2_PLACEMENT_3D('',#4363,#4364,#4365);
#4367=CIRCLE('',#4366,0.009842519685039);
#4368=EDGE_CURVE('',#4293,#3962,#4367,.T.);
#4369=ORIENTED_EDGE('',*,*,#4368,.T.);
#4370=ORIENTED_EDGE('',*,*,#3969,.T.);
#4371=EDGE_LOOP('',(#4361,#4362,#4369,#4370));
#4372=FACE_OUTER_BOUND('',#4371,.T.);
#4373=ADVANCED_FACE('',(#4372),#4354,.F.);
#4374=CARTESIAN_POINT('',(-0.006299212598425,-0.086614173228346,-0.016535433070866));
#4375=DIRECTION('',(0.0,1.0,0.0));
#4376=DIRECTION('',(0.0,0.0,1.0));
#4377=AXIS2_PLACEMENT_3D('',#4374,#4375,#4376);
#4378=PLANE('',#4377);
#4379=ORIENTED_EDGE('',*,*,#3819,.F.);
#4380=CARTESIAN_POINT('',(0.043307086614173,-0.086614173228346,-0.015748031496063));
#4381=VERTEX_POINT('',#4380);
#4382=CARTESIAN_POINT('',(0.043307086614173,-0.086614173228346,-0.015748031496063));
#4383=DIRECTION('',(0.0,0.0,1.0));
#4384=VECTOR('',#4383,0.015748031496063);
#4385=LINE('',#4382,#4384);
#4386=EDGE_CURVE('',#4381,#3806,#4385,.T.);
#4387=ORIENTED_EDGE('',*,*,#4386,.F.);
#4388=CARTESIAN_POINT('',(-0.003937007874016,-0.086614173228346,-0.015748031496063));
#4389=VERTEX_POINT('',#4388);
#4390=CARTESIAN_POINT('',(-0.003937007874016,-0.086614173228346,-0.015748031496063));
#4391=DIRECTION('',(1.0,0.0,0.0));
#4392=VECTOR('',#4391,0.047244094488189);
#4393=LINE('',#4390,#4392);
#4394=EDGE_CURVE('',#4389,#4381,#4393,.T.);
#4395=ORIENTED_EDGE('',*,*,#4394,.F.);
#4396=CARTESIAN_POINT('',(-0.003937007874016,-0.086614173228346,-0.015748031496063));
#4397=DIRECTION('',(0.0,0.0,1.0));
#4398=VECTOR('',#4397,0.015748031496063);
#4399=LINE('',#4396,#4398);
#4400=EDGE_CURVE('',#4389,#3814,#4399,.T.);
#4401=ORIENTED_EDGE('',*,*,#4400,.T.);
#4402=EDGE_LOOP('',(#4379,#4387,#4395,#4401));
#4403=FACE_OUTER_BOUND('',#4402,.T.);
#4404=ADVANCED_FACE('',(#4403),#4378,.T.);
#4405=CARTESIAN_POINT('',(-0.003937007874016,-0.125885826771654,-0.016535433070866));
#4406=DIRECTION('',(-1.0,0.0,0.0));
#4407=DIRECTION('',(0.0,0.0,1.0));
#4408=AXIS2_PLACEMENT_3D('',#4405,#4406,#4407);
#4409=PLANE('',#4408);
#4410=CARTESIAN_POINT('',(-0.003937007874016,-0.124015748031496,1.098567E-016));
#4411=VERTEX_POINT('',#4410);
#4412=CARTESIAN_POINT('',(-0.003937007874016,-0.124015748031496,1.092739E-016));
#4413=DIRECTION('',(0.0,1.0,0.0));
#4414=VECTOR('',#4413,0.005905511811024);
#4415=LINE('',#4412,#4414);
#4416=EDGE_CURVE('',#4411,#1709,#4415,.T.);
#4417=ORIENTED_EDGE('',*,*,#4416,.T.);
#4418=ORIENTED_EDGE('',*,*,#3825,.F.);
#4419=ORIENTED_EDGE('',*,*,#4400,.F.);
#4420=CARTESIAN_POINT('',(-0.003937007874016,-0.124015748031496,-0.015748031496063));
#4421=VERTEX_POINT('',#4420);
#4422=CARTESIAN_POINT('',(-0.003937007874016,-0.124015748031496,-0.015748031496063));
#4423=DIRECTION('',(0.0,1.0,0.0));
#4424=VECTOR('',#4423,0.03740157480315);
#4425=LINE('',#4422,#4424);
#4426=EDGE_CURVE('',#4421,#4389,#4425,.T.);
#4427=ORIENTED_EDGE('',*,*,#4426,.F.);
#4428=CARTESIAN_POINT('',(-0.003937007874016,-0.124015748031496,-0.015748031496063));
#4429=DIRECTION('',(0.0,0.0,1.0));
#4430=VECTOR('',#4429,0.015748031496063);
#4431=LINE('',#4428,#4430);
#4432=EDGE_CURVE('',#4421,#4411,#4431,.T.);
#4433=ORIENTED_EDGE('',*,*,#4432,.T.);
#4434=EDGE_LOOP('',(#4417,#4418,#4419,#4427,#4433));
#4435=FACE_OUTER_BOUND('',#4434,.T.);
#4436=ADVANCED_FACE('',(#4435),#4409,.T.);
#4437=CARTESIAN_POINT('',(-0.004724409448819,-0.124015748031496,0.000787401574803));
#4438=DIRECTION('',(0.0,-1.0,0.0));
#4439=DIRECTION('',(0.0,0.0,-1.0));
#4440=AXIS2_PLACEMENT_3D('',#4437,#4438,#4439);
#4441=PLANE('',#4440);
#4442=CARTESIAN_POINT('',(0.011811023622047,-0.124015748031496,-0.006299212598425));
#4443=VERTEX_POINT('',#4442);
#4444=CARTESIAN_POINT('',(0.011811023622047,-0.124015748031496,-0.015748031496063));
#4445=VERTEX_POINT('',#4444);
#4446=CARTESIAN_POINT('',(0.011811023622047,-0.124015748031496,-0.006299212598425));
#4447=DIRECTION('',(0.0,0.0,-1.0));
#4448=VECTOR('',#4447,0.009448818897638);
#4449=LINE('',#4446,#4448);
#4450=EDGE_CURVE('',#4443,#4445,#4449,.T.);
#4451=ORIENTED_EDGE('',*,*,#4450,.F.);
#4452=CARTESIAN_POINT('',(0.010653339247884,-0.124015748031496,1.307479E-016));
#4453=VERTEX_POINT('',#4452);
#4454=CARTESIAN_POINT('',(-0.005905511811024,-0.124015748031496,-0.006299212598425));
#4455=DIRECTION('',(0.0,1.0,0.0));
#4456=DIRECTION('',(-0.707106781186547,0.0,0.707106781186548));
#4457=AXIS2_PLACEMENT_3D('',#4454,#4455,#4456);
#4458=CIRCLE('',#4457,0.017716535433071);
#4459=EDGE_CURVE('',#4453,#4443,#4458,.T.);
#4460=ORIENTED_EDGE('',*,*,#4459,.F.);
#4461=CARTESIAN_POINT('',(0.010653339247884,-0.124015748031496,1.092739E-016));
#4462=DIRECTION('',(-1.0,0.0,0.0));
#4463=VECTOR('',#4462,0.0145903471219);
#4464=LINE('',#4461,#4463);
#4465=EDGE_CURVE('',#4453,#4411,#4464,.T.);
#4466=ORIENTED_EDGE('',*,*,#4465,.T.);
#4467=ORIENTED_EDGE('',*,*,#4432,.F.);
#4468=CARTESIAN_POINT('',(0.011811023622047,-0.124015748031496,-0.015748031496063));
#4469=DIRECTION('',(-1.0,0.0,0.0));
#4470=VECTOR('',#4469,0.015748031496063);
#4471=LINE('',#4468,#4470);
#4472=EDGE_CURVE('',#4445,#4421,#4471,.T.);
#4473=ORIENTED_EDGE('',*,*,#4472,.F.);
#4474=EDGE_LOOP('',(#4451,#4460,#4466,#4467,#4473));
#4475=FACE_OUTER_BOUND('',#4474,.T.);
#4476=ADVANCED_FACE('',(#4475),#4441,.T.);
#4477=CARTESIAN_POINT('',(-0.005905511811024,-0.140551181102363,-0.006299212598425));
#4478=DIRECTION('',(0.0,1.0,0.0));
#4479=DIRECTION('',(0.0,0.0,-1.0));
#4480=AXIS2_PLACEMENT_3D('',#4477,#4478,#4479);
#4481=CYLINDRICAL_SURFACE('',#4480,0.017716535433071);
#4482=CARTESIAN_POINT('',(0.011806648628665,-0.139763779527559,-0.005905511811014));
#4483=VERTEX_POINT('',#4482);
#4484=CARTESIAN_POINT('',(0.011811023622047,-0.139755902359683,-0.006299212598425));
#4485=VERTEX_POINT('',#4484);
#4486=CARTESIAN_POINT('',(0.007894108470648,-0.132712157469114,-0.006004789259072));
#4487=DIRECTION('',(0.874140817540692,0.485284000423668,0.01942344053179));
#4488=DIRECTION('',(-0.011168097991305,-0.019897407110815,0.999739649497569));
#4489=AXIS2_PLACEMENT_3D('',#4486,#4487,#4488);
#4490=ELLIPSE('',#4489,0.008330847343576,0.008064786971614);
#4491=EDGE_CURVE('',#4483,#4485,#4490,.T.);
#4492=ORIENTED_EDGE('',*,*,#4491,.F.);
#4493=CARTESIAN_POINT('',(-0.005905511811024,-0.139763779527559,-0.006299212598425));
#4494=DIRECTION('',(0.0,-1.0,0.0));
#4495=DIRECTION('',(0.707106781186547,0.0,0.707106781186548));
#4496=AXIS2_PLACEMENT_3D('',#4493,#4494,#4495);
#4497=CIRCLE('',#4496,0.017716535433071);
#4498=EDGE_CURVE('',#4483,#4210,#4497,.T.);
#4499=ORIENTED_EDGE('',*,*,#4498,.T.);
#4500=ORIENTED_EDGE('',*,*,#4217,.T.);
#4501=CARTESIAN_POINT('',(-0.005905511811024,-0.124015748031496,-0.006299212598425));
#4502=DIRECTION('',(0.0,1.0,0.0));
#4503=DIRECTION('',(-0.707106781186547,0.0,0.707106781186548));
#4504=AXIS2_PLACEMENT_3D('',#4501,#4502,#4503);
#4505=CIRCLE('',#4504,0.017716535433071);
#4506=EDGE_CURVE('',#4212,#4453,#4505,.T.);
#4507=ORIENTED_EDGE('',*,*,#4506,.T.);
#4508=ORIENTED_EDGE('',*,*,#4459,.T.);
#4509=CARTESIAN_POINT('',(0.011811023622047,-0.124015748031496,-0.006299212598425));
#4510=DIRECTION('',(0.0,-1.0,0.0));
#4511=VECTOR('',#4510,0.015740154328187);
#4512=LINE('',#4509,#4511);
#4513=EDGE_CURVE('',#4443,#4485,#4512,.T.);
#4514=ORIENTED_EDGE('',*,*,#4513,.T.);
#4515=EDGE_LOOP('',(#4492,#4499,#4500,#4507,#4508,#4514));
#4516=FACE_OUTER_BOUND('',#4515,.T.);
#4517=ADVANCED_FACE('',(#4516),#4481,.F.);
#4518=CARTESIAN_POINT('',(0.011811023622047,-0.140542910076092,-0.016220472440945));
#4519=DIRECTION('',(-1.0,0.0,0.0));
#4520=DIRECTION('',(0.0,0.0,1.0));
#4521=AXIS2_PLACEMENT_3D('',#4518,#4519,#4520);
#4522=PLANE('',#4521);
#4523=CARTESIAN_POINT('',(0.011811023622047,-0.12992125984252,-0.015748031496063));
#4524=VERTEX_POINT('',#4523);
#4525=CARTESIAN_POINT('',(0.011811023622047,-0.12992125984252,-0.005905511811024));
#4526=DIRECTION('',(1.0,0.0,0.0));
#4527=DIRECTION('',(0.0,-0.707106781186547,-0.707106781186547));
#4528=AXIS2_PLACEMENT_3D('',#4525,#4526,#4527);
#4529=CIRCLE('',#4528,0.009842519685039);
#4530=EDGE_CURVE('',#4485,#4524,#4529,.T.);
#4531=ORIENTED_EDGE('',*,*,#4530,.F.);
#4532=ORIENTED_EDGE('',*,*,#4513,.F.);
#4533=ORIENTED_EDGE('',*,*,#4450,.T.);
#4534=CARTESIAN_POINT('',(0.011811023622047,-0.12992125984252,-0.015748031496063));
#4535=DIRECTION('',(0.0,1.0,0.0));
#4536=VECTOR('',#4535,0.005905511811024);
#4537=LINE('',#4534,#4536);
#4538=EDGE_CURVE('',#4524,#4445,#4537,.T.);
#4539=ORIENTED_EDGE('',*,*,#4538,.F.);
#4540=EDGE_LOOP('',(#4531,#4532,#4533,#4539));
#4541=FACE_OUTER_BOUND('',#4540,.T.);
#4542=ADVANCED_FACE('',(#4541),#4522,.T.);
#4543=CARTESIAN_POINT('',(0.045669291338582,-0.132086614173229,-0.015748031496063));
#4544=DIRECTION('',(0.0,0.0,-1.0));
#4545=DIRECTION('',(-1.0,0.0,0.0));
#4546=AXIS2_PLACEMENT_3D('',#4543,#4544,#4545);
#4547=PLANE('',#4546);
#4548=CARTESIAN_POINT('',(0.043307086614173,-0.12992125984252,-0.015748031496063));
#4549=VERTEX_POINT('',#4548);
#4550=CARTESIAN_POINT('',(0.011811023622047,-0.12992125984252,-0.015748031496063));
#4551=DIRECTION('',(1.0,0.0,0.0));
#4552=VECTOR('',#4551,0.031496062992126);
#4553=LINE('',#4550,#4552);
#4554=EDGE_CURVE('',#4524,#4549,#4553,.T.);
#4555=ORIENTED_EDGE('',*,*,#4554,.F.);
#4556=ORIENTED_EDGE('',*,*,#4538,.T.);
#4557=ORIENTED_EDGE('',*,*,#4472,.T.);
#4558=ORIENTED_EDGE('',*,*,#4426,.T.);
#4559=ORIENTED_EDGE('',*,*,#4394,.T.);
#4560=CARTESIAN_POINT('',(0.043307086614173,-0.12992125984252,-0.015748031496063));
#4561=DIRECTION('',(0.0,1.0,0.0));
#4562=VECTOR('',#4561,0.043307086614174);
#4563=LINE('',#4560,#4562);
#4564=EDGE_CURVE('',#4549,#4381,#4563,.T.);
#4565=ORIENTED_EDGE('',*,*,#4564,.F.);
#4566=EDGE_LOOP('',(#4555,#4556,#4557,#4558,#4559,#4565));
#4567=FACE_OUTER_BOUND('',#4566,.T.);
#4568=ADVANCED_FACE('',(#4567),#4547,.T.);
#4569=CARTESIAN_POINT('',(0.010231626729389,-0.12992125984252,-0.005905511811024));
#4570=DIRECTION('',(1.0,0.0,0.0));
#4571=DIRECTION('',(0.0,0.707106781187634,0.707106781185461));
#4572=AXIS2_PLACEMENT_3D('',#4569,#4570,#4571);
#4573=CYLINDRICAL_SURFACE('',#4572,0.009842519685039);
#4574=CARTESIAN_POINT('',(0.043307086614173,-0.139763779527559,-0.005905511811024));
#4575=VERTEX_POINT('',#4574);
#4576=CARTESIAN_POINT('',(0.043307086614173,-0.12992125984252,-0.005905511811024));
#4577=DIRECTION('',(-1.0,0.0,0.0));
#4578=DIRECTION('',(0.0,-0.707106781186547,-0.707106781186547));
#4579=AXIS2_PLACEMENT_3D('',#4576,#4577,#4578);
#4580=CIRCLE('',#4579,0.009842519685039);
#4581=EDGE_CURVE('',#4549,#4575,#4580,.T.);
#4582=ORIENTED_EDGE('',*,*,#4581,.T.);
#4583=CARTESIAN_POINT('',(0.043307086614173,-0.139763779527559,-0.005905511811024));
#4584=DIRECTION('',(-1.0,0.0,0.0));
#4585=VECTOR('',#4584,0.031500437985508);
#4586=LINE('',#4583,#4585);
#4587=EDGE_CURVE('',#4575,#4483,#4586,.T.);
#4588=ORIENTED_EDGE('',*,*,#4587,.T.);
#4589=ORIENTED_EDGE('',*,*,#4491,.T.);
#4590=ORIENTED_EDGE('',*,*,#4530,.T.);
#4591=ORIENTED_EDGE('',*,*,#4554,.T.);
#4592=EDGE_LOOP('',(#4582,#4588,#4589,#4590,#4591));
#4593=FACE_OUTER_BOUND('',#4592,.T.);
#4594=ADVANCED_FACE('',(#4593),#4573,.T.);
#4595=CARTESIAN_POINT('',(-0.217528795219228,-0.162243995870823,-0.045669291338583));
#4596=DIRECTION('',(0.618606859869742,-0.785700676416979,0.0));
#4597=DIRECTION('',(0.0,0.0,-1.0));
#4598=AXIS2_PLACEMENT_3D('',#4595,#4596,#4597);
#4599=PLANE('',#4598);
#4600=ORIENTED_EDGE('',*,*,#4033,.T.);
#4601=CARTESIAN_POINT('',(-0.216169156301777,-0.161173509378287,-0.087007874015748));
#4602=DIRECTION('',(0.0,0.0,1.0));
#4603=VECTOR('',#4602,0.039370078740157);
#4604=LINE('',#4601,#4603);
#4605=EDGE_CURVE('',#4317,#4019,#4604,.T.);
#4606=ORIENTED_EDGE('',*,*,#4605,.F.);
#4607=ORIENTED_EDGE('',*,*,#4322,.F.);
#4608=CARTESIAN_POINT('',(-0.188976377952756,-0.139763779527559,-0.047637795275591));
#4609=DIRECTION('',(0.0,0.0,-1.0));
#4610=VECTOR('',#4609,0.039370078740157);
#4611=LINE('',#4608,#4610);
#4612=EDGE_CURVE('',#4028,#4309,#4611,.T.);
#4613=ORIENTED_EDGE('',*,*,#4612,.F.);
#4614=EDGE_LOOP('',(#4600,#4606,#4607,#4613));
#4615=FACE_OUTER_BOUND('',#4614,.T.);
#4616=ADVANCED_FACE('',(#4615),#4599,.T.);
#4617=CARTESIAN_POINT('',(-0.188976377952756,-0.139763779527559,-0.088976377952756));
#4618=DIRECTION('',(0.0,0.0,1.0));
#4619=DIRECTION('',(0.327337229461465,-0.94490758183459,0.0));
#4620=AXIS2_PLACEMENT_3D('',#4617,#4618,#4619);
#4621=CYLINDRICAL_SURFACE('',#4620,0.015748031496063);
#4622=ORIENTED_EDGE('',*,*,#4066,.T.);
#4623=CARTESIAN_POINT('',(-0.188976377952756,-0.124015748031496,-0.047637795275591));
#4624=DIRECTION('',(0.0,0.0,-1.0));
#4625=VECTOR('',#4624,0.039370078740157);
#4626=LINE('',#4623,#4625);
#4627=EDGE_CURVE('',#4052,#4284,#4626,.T.);
#4628=ORIENTED_EDGE('',*,*,#4627,.T.);
#4629=ORIENTED_EDGE('',*,*,#4290,.F.);
#4630=CARTESIAN_POINT('',(-0.198718218265665,-0.127390540528866,-0.087007874015748));
#4631=DIRECTION('',(0.0,0.0,1.0));
#4632=VECTOR('',#4631,0.039370078740157);
#4633=LINE('',#4630,#4632);
#4634=EDGE_CURVE('',#4276,#4060,#4633,.T.);
#4635=ORIENTED_EDGE('',*,*,#4634,.T.);
#4636=EDGE_LOOP('',(#4622,#4628,#4629,#4635));
#4637=FACE_OUTER_BOUND('',#4636,.T.);
#4638=ADVANCED_FACE('',(#4637),#4621,.T.);
#4639=CARTESIAN_POINT('',(-0.227270635532137,-0.14987075687213,-0.088976377952756));
#4640=DIRECTION('',(-0.618606859869742,0.785700676416979,0.0));
#4641=DIRECTION('',(0.0,0.0,1.0));
#4642=AXIS2_PLACEMENT_3D('',#4639,#4640,#4641);
#4643=PLANE('',#4642);
#4644=ORIENTED_EDGE('',*,*,#4074,.T.);
#4645=ORIENTED_EDGE('',*,*,#4634,.F.);
#4646=ORIENTED_EDGE('',*,*,#4281,.F.);
#4647=CARTESIAN_POINT('',(-0.225910996614686,-0.148800270379594,-0.087007874015748));
#4648=DIRECTION('',(0.0,0.0,1.0));
#4649=VECTOR('',#4648,0.039370078740157);
#4650=LINE('',#4647,#4649);
#4651=EDGE_CURVE('',#4267,#4069,#4650,.T.);
#4652=ORIENTED_EDGE('',*,*,#4651,.T.);
#4653=EDGE_LOOP('',(#4644,#4645,#4646,#4652));
#4654=FACE_OUTER_BOUND('',#4653,.T.);
#4655=ADVANCED_FACE('',(#4654),#4643,.T.);
#4656=CARTESIAN_POINT('',(-0.228346456692913,-0.145706960629921,-0.088976377952756));
#4657=DIRECTION('',(0.0,0.0,1.0));
#4658=DIRECTION('',(-0.618606859869741,0.785700676416979,0.0));
#4659=AXIS2_PLACEMENT_3D('',#4656,#4657,#4658);
#4660=CYLINDRICAL_SURFACE('',#4659,0.003937007874016);
#4661=ORIENTED_EDGE('',*,*,#4083,.T.);
#4662=ORIENTED_EDGE('',*,*,#4651,.F.);
#4663=ORIENTED_EDGE('',*,*,#4273,.F.);
#4664=CARTESIAN_POINT('',(-0.22998687664042,-0.149285934420812,-0.087007874015748));
#4665=DIRECTION('',(0.0,0.0,1.0));
#4666=VECTOR('',#4665,0.039370078740157);
#4667=LINE('',#4664,#4666);
#4668=EDGE_CURVE('',#4259,#4077,#4667,.T.);
#4669=ORIENTED_EDGE('',*,*,#4668,.T.);
#4670=EDGE_LOOP('',(#4661,#4662,#4663,#4669));
#4671=FACE_OUTER_BOUND('',#4670,.T.);
#4672=ADVANCED_FACE('',(#4671),#4660,.F.);
#4673=CARTESIAN_POINT('',(-0.274261751350239,-0.12899257886951,-0.088976377952756));
#4674=DIRECTION('',(0.416666666666667,0.909059342886309,0.0));
#4675=DIRECTION('',(0.0,0.0,1.0));
#4676=AXIS2_PLACEMENT_3D('',#4673,#4674,#4675);
#4677=PLANE('',#4676);
#4678=ORIENTED_EDGE('',*,*,#4091,.T.);
#4679=ORIENTED_EDGE('',*,*,#4668,.F.);
#4680=ORIENTED_EDGE('',*,*,#4264,.F.);
#4681=CARTESIAN_POINT('',(-0.272153423983105,-0.129958929133858,-0.087007874015748));
#4682=DIRECTION('',(0.0,0.0,1.0));
#4683=VECTOR('',#4682,0.039370078740157);
#4684=LINE('',#4681,#4683);
#4685=EDGE_CURVE('',#4251,#4086,#4684,.T.);
#4686=ORIENTED_EDGE('',*,*,#4685,.T.);
#4687=EDGE_LOOP('',(#4678,#4679,#4680,#4686));
#4688=FACE_OUTER_BOUND('',#4687,.T.);
#4689=ADVANCED_FACE('',(#4688),#4677,.T.);
#4690=CARTESIAN_POINT('',(-0.296431698879585,-0.129958929133858,-0.088976377952756));
#4691=DIRECTION('',(0.0,1.0,0.0));
#4692=DIRECTION('',(0.0,0.0,1.0));
#4693=AXIS2_PLACEMENT_3D('',#4690,#4691,#4692);
#4694=PLANE('',#4693);
#4695=CARTESIAN_POINT('',(-0.295275590551181,-0.129958929133858,-0.05748031496063));
#4696=VERTEX_POINT('',#4695);
#4697=CARTESIAN_POINT('',(-0.285433070866142,-0.129958929133858,-0.05748031496063));
#4698=DIRECTION('',(0.0,-1.0,0.0));
#4699=DIRECTION('',(-0.707106781186549,0.0,0.707106781186546));
#4700=AXIS2_PLACEMENT_3D('',#4697,#4698,#4699);
#4701=CIRCLE('',#4700,0.009842519685039);
#4702=EDGE_CURVE('',#3995,#4696,#4701,.T.);
#4703=ORIENTED_EDGE('',*,*,#4702,.F.);
#4704=ORIENTED_EDGE('',*,*,#4097,.T.);
#4705=ORIENTED_EDGE('',*,*,#4685,.F.);
#4706=ORIENTED_EDGE('',*,*,#4256,.F.);
#4707=CARTESIAN_POINT('',(-0.295275590551181,-0.129958929133858,-0.077165354330709));
#4708=VERTEX_POINT('',#4707);
#4709=CARTESIAN_POINT('',(-0.285433070866142,-0.129958929133858,-0.077165354330709));
#4710=DIRECTION('',(0.0,-1.0,0.0));
#4711=DIRECTION('',(-0.707106781186549,0.0,-0.707106781186546));
#4712=AXIS2_PLACEMENT_3D('',#4709,#4710,#4711);
#4713=CIRCLE('',#4712,0.009842519685039);
#4714=EDGE_CURVE('',#4708,#4241,#4713,.T.);
#4715=ORIENTED_EDGE('',*,*,#4714,.F.);
#4716=CARTESIAN_POINT('',(-0.295275590551181,-0.129958929133858,-0.077165354330709));
#4717=DIRECTION('',(0.0,0.0,1.0));
#4718=VECTOR('',#4717,0.019685039370079);
#4719=LINE('',#4716,#4718);
#4720=EDGE_CURVE('',#4708,#4696,#4719,.T.);
#4721=ORIENTED_EDGE('',*,*,#4720,.T.);
#4722=EDGE_LOOP('',(#4703,#4704,#4705,#4706,#4715,#4721));
#4723=FACE_OUTER_BOUND('',#4722,.T.);
#4724=ADVANCED_FACE('',(#4723),#4694,.T.);
#4725=CARTESIAN_POINT('',(-0.277542650918635,-0.144812217182198,-0.045669291338583));
#4726=DIRECTION('',(-0.416666666666667,-0.90905934288631,0.0));
#4727=DIRECTION('',(0.0,0.0,-1.0));
#4728=AXIS2_PLACEMENT_3D('',#4725,#4726,#4727);
#4729=PLANE('',#4728);
#4730=ORIENTED_EDGE('',*,*,#4016,.T.);
#4731=CARTESIAN_POINT('',(-0.275590551181102,-0.145706960629921,-0.087007874015748));
#4732=DIRECTION('',(0.0,0.0,1.0));
#4733=VECTOR('',#4732,0.039370078740157);
#4734=LINE('',#4731,#4733);
#4735=EDGE_CURVE('',#4334,#4003,#4734,.T.);
#4736=ORIENTED_EDGE('',*,*,#4735,.F.);
#4737=ORIENTED_EDGE('',*,*,#4339,.F.);
#4738=CARTESIAN_POINT('',(-0.236548556430446,-0.163601829584376,-0.087007874015748));
#4739=DIRECTION('',(0.0,0.0,1.0));
#4740=VECTOR('',#4739,0.039370078740157);
#4741=LINE('',#4738,#4740);
#4742=EDGE_CURVE('',#4325,#4011,#4741,.T.);
#4743=ORIENTED_EDGE('',*,*,#4742,.T.);
#4744=EDGE_LOOP('',(#4730,#4736,#4737,#4743));
#4745=FACE_OUTER_BOUND('',#4744,.T.);
#4746=ADVANCED_FACE('',(#4745),#4729,.T.);
#4747=CARTESIAN_POINT('',(-0.228346456692913,-0.145706960629921,-0.088976377952756));
#4748=DIRECTION('',(0.0,0.0,1.0));
#4749=DIRECTION('',(-0.118318639934695,0.992975679180514,0.0));
#4750=AXIS2_PLACEMENT_3D('',#4747,#4748,#4749);
#4751=CYLINDRICAL_SURFACE('',#4750,0.019685039370079);
#4752=ORIENTED_EDGE('',*,*,#4025,.T.);
#4753=ORIENTED_EDGE('',*,*,#4742,.F.);
#4754=ORIENTED_EDGE('',*,*,#4331,.F.);
#4755=ORIENTED_EDGE('',*,*,#4605,.T.);
#4756=EDGE_LOOP('',(#4752,#4753,#4754,#4755));
#4757=FACE_OUTER_BOUND('',#4756,.T.);
#4758=ADVANCED_FACE('',(#4757),#4751,.T.);
#4759=CARTESIAN_POINT('',(-0.285433070866142,-0.146494362204724,-0.077165354330709));
#4760=DIRECTION('',(0.0,1.0,0.0));
#4761=DIRECTION('',(0.707106781186547,0.0,0.707106781186548));
#4762=AXIS2_PLACEMENT_3D('',#4759,#4760,#4761);
#4763=CYLINDRICAL_SURFACE('',#4762,0.009842519685039);
#4764=ORIENTED_EDGE('',*,*,#4714,.T.);
#4765=ORIENTED_EDGE('',*,*,#4248,.T.);
#4766=CARTESIAN_POINT('',(-0.295275590551181,-0.145706960629921,-0.077165354330709));
#4767=VERTEX_POINT('',#4766);
#4768=CARTESIAN_POINT('',(-0.285433070866142,-0.145706960629921,-0.077165354330709));
#4769=DIRECTION('',(0.0,1.0,0.0));
#4770=DIRECTION('',(-0.707106781186549,0.0,-0.707106781186546));
#4771=AXIS2_PLACEMENT_3D('',#4768,#4769,#4770);
#4772=CIRCLE('',#4771,0.009842519685039);
#4773=EDGE_CURVE('',#4243,#4767,#4772,.T.);
#4774=ORIENTED_EDGE('',*,*,#4773,.T.);
#4775=CARTESIAN_POINT('',(-0.295275590551181,-0.145706960629921,-0.077165354330709));
#4776=DIRECTION('',(0.0,1.0,0.0));
#4777=VECTOR('',#4776,0.015748031496063);
#4778=LINE('',#4775,#4777);
#4779=EDGE_CURVE('',#4767,#4708,#4778,.T.);
#4780=ORIENTED_EDGE('',*,*,#4779,.T.);
#4781=EDGE_LOOP('',(#4764,#4765,#4774,#4780));
#4782=FACE_OUTER_BOUND('',#4781,.T.);
#4783=ADVANCED_FACE('',(#4782),#4763,.T.);
#4784=CARTESIAN_POINT('',(-0.295275590551181,-0.146494362204724,-0.078149606299213));
#4785=DIRECTION('',(-1.0,0.0,0.0));
#4786=DIRECTION('',(0.0,0.0,1.0));
#4787=AXIS2_PLACEMENT_3D('',#4784,#4785,#4786);
#4788=PLANE('',#4787);
#4789=CARTESIAN_POINT('',(-0.295275590551181,-0.145706960629921,-0.05748031496063));
#4790=VERTEX_POINT('',#4789);
#4791=CARTESIAN_POINT('',(-0.295275590551181,-0.129958929133858,-0.05748031496063));
#4792=DIRECTION('',(0.0,-1.0,0.0));
#4793=VECTOR('',#4792,0.015748031496063);
#4794=LINE('',#4791,#4793);
#4795=EDGE_CURVE('',#4696,#4790,#4794,.T.);
#4796=ORIENTED_EDGE('',*,*,#4795,.F.);
#4797=ORIENTED_EDGE('',*,*,#4720,.F.);
#4798=ORIENTED_EDGE('',*,*,#4779,.F.);
#4799=CARTESIAN_POINT('',(-0.295275590551181,-0.145706960629921,-0.077165354330709));
#4800=DIRECTION('',(0.0,0.0,1.0));
#4801=VECTOR('',#4800,0.019685039370079);
#4802=LINE('',#4799,#4801);
#4803=EDGE_CURVE('',#4767,#4790,#4802,.T.);
#4804=ORIENTED_EDGE('',*,*,#4803,.T.);
#4805=EDGE_LOOP('',(#4796,#4797,#4798,#4804));
#4806=FACE_OUTER_BOUND('',#4805,.T.);
#4807=ADVANCED_FACE('',(#4806),#4788,.T.);
#4808=CARTESIAN_POINT('',(-0.296259842519685,-0.145706960629921,-0.045669291338583));
#4809=DIRECTION('',(0.0,-1.0,0.0));
#4810=DIRECTION('',(0.0,0.0,-1.0));
#4811=AXIS2_PLACEMENT_3D('',#4808,#4809,#4810);
#4812=PLANE('',#4811);
#4813=CARTESIAN_POINT('',(-0.285433070866142,-0.145706960629921,-0.05748031496063));
#4814=DIRECTION('',(0.0,1.0,0.0));
#4815=DIRECTION('',(-0.707106781186549,0.0,0.707106781186546));
#4816=AXIS2_PLACEMENT_3D('',#4813,#4814,#4815);
#4817=CIRCLE('',#4816,0.009842519685039);
#4818=EDGE_CURVE('',#4790,#3993,#4817,.T.);
#4819=ORIENTED_EDGE('',*,*,#4818,.F.);
#4820=ORIENTED_EDGE('',*,*,#4803,.F.);
#4821=ORIENTED_EDGE('',*,*,#4773,.F.);
#4822=ORIENTED_EDGE('',*,*,#4345,.F.);
#4823=ORIENTED_EDGE('',*,*,#4735,.T.);
#4824=ORIENTED_EDGE('',*,*,#4008,.T.);
#4825=EDGE_LOOP('',(#4819,#4820,#4821,#4822,#4823,#4824));
#4826=FACE_OUTER_BOUND('',#4825,.T.);
#4827=ADVANCED_FACE('',(#4826),#4812,.T.);
#4828=CARTESIAN_POINT('',(-0.285433070866142,-0.146494362204724,-0.05748031496063));
#4829=DIRECTION('',(0.0,1.0,0.0));
#4830=DIRECTION('',(0.707106781186549,0.0,-0.707106781186546));
#4831=AXIS2_PLACEMENT_3D('',#4828,#4829,#4830);
#4832=CYLINDRICAL_SURFACE('',#4831,0.009842519685039);
#4833=ORIENTED_EDGE('',*,*,#4702,.T.);
#4834=ORIENTED_EDGE('',*,*,#4795,.T.);
#4835=ORIENTED_EDGE('',*,*,#4818,.T.);
#4836=ORIENTED_EDGE('',*,*,#4000,.T.);
#4837=EDGE_LOOP('',(#4833,#4834,#4835,#4836));
#4838=FACE_OUTER_BOUND('',#4837,.T.);
#4839=ADVANCED_FACE('',(#4838),#4832,.T.);
#4840=CARTESIAN_POINT('',(-0.082677165354331,0.117027559055118,0.063385826771653));
#4841=DIRECTION('',(-1.0,0.0,0.0));
#4842=DIRECTION('',(0.0,0.0,1.0));
#4843=AXIS2_PLACEMENT_3D('',#4840,#4841,#4842);
#4844=PLANE('',#4843);
#4845=CARTESIAN_POINT('',(-0.082677165354331,0.124015748031496,0.066535433070866));
#4846=VERTEX_POINT('',#4845);
#4847=CARTESIAN_POINT('',(-0.082677165354331,0.139763779527559,0.066535433070866));
#4848=VERTEX_POINT('',#4847);
#4849=CARTESIAN_POINT('',(-0.082677165354331,0.124015748031496,0.066535433070866));
#4850=DIRECTION('',(0.0,1.0,0.0));
#4851=VECTOR('',#4850,0.015748031496063);
#4852=LINE('',#4849,#4851);
#4853=EDGE_CURVE('',#4846,#4848,#4852,.T.);
#4854=ORIENTED_EDGE('',*,*,#4853,.F.);
#4855=CARTESIAN_POINT('',(-0.082677165354331,0.124015748031496,0.113779527559055));
#4856=VERTEX_POINT('',#4855);
#4857=CARTESIAN_POINT('',(-0.082677165354331,0.124015748031496,0.113779527559055));
#4858=DIRECTION('',(0.0,0.0,-1.0));
#4859=VECTOR('',#4858,0.047244094488189);
#4860=LINE('',#4857,#4859);
#4861=EDGE_CURVE('',#4856,#4846,#4860,.T.);
#4862=ORIENTED_EDGE('',*,*,#4861,.F.);
#4863=CARTESIAN_POINT('',(-0.082677165354331,0.118110236220472,0.113779527559055));
#4864=DIRECTION('',(0.0,1.0,0.0));
#4865=VECTOR('',#4864,0.005905511811024);
#4866=LINE('',#4863,#4865);
#4867=EDGE_CURVE('',#1917,#4856,#4866,.T.);
#4868=ORIENTED_EDGE('',*,*,#4867,.F.);
#4869=ORIENTED_EDGE('',*,*,#2058,.T.);
#4870=CARTESIAN_POINT('',(-0.082677165354331,0.12992125984252,0.129527559055118));
#4871=VERTEX_POINT('',#4870);
#4872=CARTESIAN_POINT('',(-0.082677165354331,0.12992125984252,0.129527559055118));
#4873=DIRECTION('',(0.0,-1.0,0.0));
#4874=VECTOR('',#4873,0.011811023622048);
#4875=LINE('',#4872,#4874);
#4876=EDGE_CURVE('',#4871,#2047,#4875,.T.);
#4877=ORIENTED_EDGE('',*,*,#4876,.F.);
#4878=CARTESIAN_POINT('',(-0.082677165354331,0.139763779527559,0.119685039370079));
#4879=VERTEX_POINT('',#4878);
#4880=CARTESIAN_POINT('',(-0.082677165354331,0.12992125984252,0.119685039370079));
#4881=DIRECTION('',(1.0,0.0,0.0));
#4882=DIRECTION('',(0.0,0.707106781186549,0.707106781186546));
#4883=AXIS2_PLACEMENT_3D('',#4880,#4881,#4882);
#4884=CIRCLE('',#4883,0.009842519685039);
#4885=EDGE_CURVE('',#4879,#4871,#4884,.T.);
#4886=ORIENTED_EDGE('',*,*,#4885,.F.);
#4887=CARTESIAN_POINT('',(-0.082677165354331,0.139763779527559,0.119685039370079));
#4888=DIRECTION('',(0.0,0.0,-1.0));
#4889=VECTOR('',#4888,0.053149606299213);
#4890=LINE('',#4887,#4889);
#4891=EDGE_CURVE('',#4879,#4848,#4890,.T.);
#4892=ORIENTED_EDGE('',*,*,#4891,.T.);
#4893=EDGE_LOOP('',(#4854,#4862,#4868,#4869,#4877,#4886,#4892));
#4894=FACE_OUTER_BOUND('',#4893,.T.);
#4895=ADVANCED_FACE('',(#4894),#4844,.T.);
#4896=CARTESIAN_POINT('',(-0.200590551181102,0.124015748031496,0.125787401574803));
#4897=DIRECTION('',(0.0,-1.0,0.0));
#4898=DIRECTION('',(0.0,0.0,-1.0));
#4899=AXIS2_PLACEMENT_3D('',#4896,#4897,#4898);
#4900=PLANE('',#4899);
#4901=CARTESIAN_POINT('',(-0.147935736985499,0.124015748031496,0.01913781303878));
#4902=VERTEX_POINT('',#4901);
#4903=CARTESIAN_POINT('',(-0.15748031496063,0.124015748031496,0.033612537920954));
#4904=VERTEX_POINT('',#4903);
#4905=CARTESIAN_POINT('',(-0.141732283464567,0.124015748031496,0.033612537920954));
#4906=DIRECTION('',(0.0,1.0,0.0));
#4907=DIRECTION('',(-0.834841092238268,0.0,-0.550491008746207));
#4908=AXIS2_PLACEMENT_3D('',#4905,#4906,#4907);
#4909=CIRCLE('',#4908,0.015748031496063);
#4910=EDGE_CURVE('',#4902,#4904,#4909,.T.);
#4911=ORIENTED_EDGE('',*,*,#4910,.F.);
#4912=CARTESIAN_POINT('',(-0.12992125984252,0.124015748031496,0.011417322834646));
#4913=VERTEX_POINT('',#4912);
#4914=CARTESIAN_POINT('',(-0.147935736985499,0.124015748031496,0.01913781303878));
#4915=DIRECTION('',(0.919145030018058,-2.124241E-015,-0.393919298579167));
#4916=VECTOR('',#4915,0.019599167220243);
#4917=LINE('',#4914,#4916);
#4918=EDGE_CURVE('',#4902,#4913,#4917,.T.);
#4919=ORIENTED_EDGE('',*,*,#4918,.T.);
#4920=CARTESIAN_POINT('',(-0.12992125984252,0.124015748031496,-0.04763779527559));
#4921=VERTEX_POINT('',#4920);
#4922=CARTESIAN_POINT('',(-0.12992125984252,0.124015748031496,0.011417322834646));
#4923=DIRECTION('',(0.0,0.0,-1.0));
#4924=VECTOR('',#4923,0.059055118110236);
#4925=LINE('',#4922,#4924);
#4926=EDGE_CURVE('',#4913,#4921,#4925,.T.);
#4927=ORIENTED_EDGE('',*,*,#4926,.T.);
#4928=CARTESIAN_POINT('',(-0.188976377952756,0.124015748031496,-0.047637795275591));
#4929=VERTEX_POINT('',#4928);
#4930=CARTESIAN_POINT('',(-0.12992125984252,0.124015748031496,-0.04763779527559));
#4931=DIRECTION('',(-1.0,0.0,0.0));
#4932=VECTOR('',#4931,0.059055118110236);
#4933=LINE('',#4930,#4932);
#4934=EDGE_CURVE('',#4921,#4929,#4933,.T.);
#4935=ORIENTED_EDGE('',*,*,#4934,.T.);
#4936=CARTESIAN_POINT('',(-0.188976377952756,0.124015748031496,-0.087007874015748));
#4937=VERTEX_POINT('',#4936);
#4938=CARTESIAN_POINT('',(-0.188976377952756,0.124015748031496,-0.047637795275591));
#4939=DIRECTION('',(0.0,0.0,-1.0));
#4940=VECTOR('',#4939,0.039370078740157);
#4941=LINE('',#4938,#4940);
#4942=EDGE_CURVE('',#4929,#4937,#4941,.T.);
#4943=ORIENTED_EDGE('',*,*,#4942,.T.);
#4944=CARTESIAN_POINT('',(-0.147637795275591,0.124015748031496,-0.087007874015748));
#4945=VERTEX_POINT('',#4944);
#4946=CARTESIAN_POINT('',(-0.188976377952756,0.124015748031496,-0.087007874015748));
#4947=DIRECTION('',(1.0,0.0,0.0));
#4948=VECTOR('',#4947,0.041338582677165);
#4949=LINE('',#4946,#4948);
#4950=EDGE_CURVE('',#4937,#4945,#4949,.T.);
#4951=ORIENTED_EDGE('',*,*,#4950,.T.);
#4952=CARTESIAN_POINT('',(-0.137795275590551,0.124015748031496,-0.096850393700787));
#4953=VERTEX_POINT('',#4952);
#4954=CARTESIAN_POINT('',(-0.147637795275591,0.124015748031496,-0.096850393700787));
#4955=DIRECTION('',(0.0,-1.0,0.0));
#4956=DIRECTION('',(0.707106781186549,0.0,0.707106781186546));
#4957=AXIS2_PLACEMENT_3D('',#4954,#4955,#4956);
#4958=CIRCLE('',#4957,0.009842519685039);
#4959=EDGE_CURVE('',#4953,#4945,#4958,.T.);
#4960=ORIENTED_EDGE('',*,*,#4959,.F.);
#4961=CARTESIAN_POINT('',(-0.137795275590551,0.124015748031496,-0.126377952755905));
#4962=VERTEX_POINT('',#4961);
#4963=CARTESIAN_POINT('',(-0.137795275590551,0.124015748031496,-0.096850393700787));
#4964=DIRECTION('',(0.0,0.0,-1.0));
#4965=VECTOR('',#4964,0.029527559055118);
#4966=LINE('',#4963,#4965);
#4967=EDGE_CURVE('',#4953,#4962,#4966,.T.);
#4968=ORIENTED_EDGE('',*,*,#4967,.T.);
#4969=CARTESIAN_POINT('',(-0.062992125984252,0.124015748031496,-0.126377952755905));
#4970=VERTEX_POINT('',#4969);
#4971=CARTESIAN_POINT('',(-0.137795275590551,0.124015748031496,-0.126377952755905));
#4972=DIRECTION('',(1.0,0.0,0.0));
#4973=VECTOR('',#4972,0.074803149606299);
#4974=LINE('',#4971,#4973);
#4975=EDGE_CURVE('',#4962,#4970,#4974,.T.);
#4976=ORIENTED_EDGE('',*,*,#4975,.T.);
#4977=CARTESIAN_POINT('',(-0.023622047244094,0.124015748031496,-0.087007874015748));
#4978=VERTEX_POINT('',#4977);
#4979=CARTESIAN_POINT('',(-0.062992125984252,0.124015748031496,-0.126377952755905));
#4980=DIRECTION('',(0.707106781186547,0.0,0.707106781186548));
#4981=VECTOR('',#4980,0.055677699306027);
#4982=LINE('',#4979,#4981);
#4983=EDGE_CURVE('',#4970,#4978,#4982,.T.);
#4984=ORIENTED_EDGE('',*,*,#4983,.T.);
#4985=CARTESIAN_POINT('',(-0.023622047244094,0.124015748031496,-0.006299212598425));
#4986=VERTEX_POINT('',#4985);
#4987=CARTESIAN_POINT('',(-0.023622047244094,0.124015748031496,-0.087007874015748));
#4988=DIRECTION('',(0.0,0.0,1.0));
#4989=VECTOR('',#4988,0.080708661417323);
#4990=LINE('',#4987,#4989);
#4991=EDGE_CURVE('',#4978,#4986,#4990,.T.);
#4992=ORIENTED_EDGE('',*,*,#4991,.T.);
#4993=CARTESIAN_POINT('',(0.010653339247884,0.124015748031496,1.248933E-016));
#4994=VERTEX_POINT('',#4993);
#4995=CARTESIAN_POINT('',(-0.005905511811024,0.124015748031496,-0.006299212598425));
#4996=DIRECTION('',(0.0,-1.0,0.0));
#4997=DIRECTION('',(0.707106781186548,0.0,0.707106781186547));
#4998=AXIS2_PLACEMENT_3D('',#4995,#4996,#4997);
#4999=CIRCLE('',#4998,0.017716535433071);
#5000=EDGE_CURVE('',#4994,#4986,#4999,.T.);
#5001=ORIENTED_EDGE('',*,*,#5000,.F.);
#5002=CARTESIAN_POINT('',(0.043307086614173,0.124015748031496,1.092739E-016));
#5003=VERTEX_POINT('',#5002);
#5004=CARTESIAN_POINT('',(0.010653339247884,0.124015748031496,1.092739E-016));
#5005=DIRECTION('',(1.0,0.0,0.0));
#5006=VECTOR('',#5005,0.032653747366289);
#5007=LINE('',#5004,#5006);
#5008=EDGE_CURVE('',#4994,#5003,#5007,.T.);
#5009=ORIENTED_EDGE('',*,*,#5008,.T.);
#5010=CARTESIAN_POINT('',(0.043307086614173,0.124015748031496,0.113779527559055));
#5011=VERTEX_POINT('',#5010);
#5012=CARTESIAN_POINT('',(0.043307086614173,0.124015748031496,1.092739E-016));
#5013=DIRECTION('',(0.0,0.0,1.0));
#5014=VECTOR('',#5013,0.113779527559055);
#5015=LINE('',#5012,#5014);
#5016=EDGE_CURVE('',#5003,#5011,#5015,.T.);
#5017=ORIENTED_EDGE('',*,*,#5016,.T.);
#5018=CARTESIAN_POINT('',(-0.082677165354331,0.124015748031496,0.113779527559055));
#5019=DIRECTION('',(1.0,0.0,0.0));
#5020=VECTOR('',#5019,0.125984251968504);
#5021=LINE('',#5018,#5020);
#5022=EDGE_CURVE('',#4856,#5011,#5021,.T.);
#5023=ORIENTED_EDGE('',*,*,#5022,.F.);
#5024=ORIENTED_EDGE('',*,*,#4861,.T.);
#5025=CARTESIAN_POINT('',(-0.098425196850394,0.124015748031496,0.050787401574803));
#5026=VERTEX_POINT('',#5025);
#5027=CARTESIAN_POINT('',(-0.098425196850394,0.124015748031496,0.066535433070866));
#5028=DIRECTION('',(0.0,-1.0,0.0));
#5029=DIRECTION('',(0.707106781186548,0.0,-0.707106781186547));
#5030=AXIS2_PLACEMENT_3D('',#5027,#5028,#5029);
#5031=CIRCLE('',#5030,0.015748031496063);
#5032=EDGE_CURVE('',#5026,#4846,#5031,.T.);
#5033=ORIENTED_EDGE('',*,*,#5032,.F.);
#5034=CARTESIAN_POINT('',(-0.101645470546182,0.124015748031496,0.050787401574803));
#5035=VERTEX_POINT('',#5034);
#5036=CARTESIAN_POINT('',(-0.098425196850394,0.124015748031496,0.050787401574803));
#5037=DIRECTION('',(-1.0,0.0,0.0));
#5038=VECTOR('',#5037,0.003220273695788);
#5039=LINE('',#5036,#5038);
#5040=EDGE_CURVE('',#5026,#5035,#5039,.T.);
#5041=ORIENTED_EDGE('',*,*,#5040,.T.);
#5042=CARTESIAN_POINT('',(-0.116990213785468,0.124015748031496,0.062994338477185));
#5043=VERTEX_POINT('',#5042);
#5044=CARTESIAN_POINT('',(-0.101645470546182,0.124015748031496,0.066535433070866));
#5045=DIRECTION('',(0.0,-1.0,0.0));
#5046=DIRECTION('',(-0.622551400810103,0.0,-0.782578911899227));
#5047=AXIS2_PLACEMENT_3D('',#5044,#5045,#5046);
#5048=CIRCLE('',#5047,0.015748031496063);
#5049=EDGE_CURVE('',#5043,#5035,#5048,.T.);
#5050=ORIENTED_EDGE('',*,*,#5049,.F.);
#5051=CARTESIAN_POINT('',(-0.123167266529493,0.124015748031496,0.089761567034626));
#5052=VERTEX_POINT('',#5051);
#5053=CARTESIAN_POINT('',(-0.116990213785468,0.124015748031496,0.062994338477185));
#5054=DIRECTION('',(-0.22485950669876,0.0,0.97439119569462));
#5055=VECTOR('',#5054,0.02747072087239);
#5056=LINE('',#5053,#5055);
#5057=EDGE_CURVE('',#5043,#5052,#5056,.T.);
#5058=ORIENTED_EDGE('',*,*,#5057,.T.);
#5059=CARTESIAN_POINT('',(-0.138512009768778,0.124015748031496,0.101968503937008));
#5060=VERTEX_POINT('',#5059);
#5061=CARTESIAN_POINT('',(-0.138512009768778,0.124015748031496,0.086220472440945));
#5062=DIRECTION('',(0.0,1.0,0.0));
#5063=DIRECTION('',(0.622551400810101,0.0,0.782578911899229));
#5064=AXIS2_PLACEMENT_3D('',#5061,#5062,#5063);
#5065=CIRCLE('',#5064,0.015748031496063);
#5066=EDGE_CURVE('',#5060,#5052,#5065,.T.);
#5067=ORIENTED_EDGE('',*,*,#5066,.F.);
#5068=CARTESIAN_POINT('',(-0.141732283464567,0.124015748031496,0.101968503937008));
#5069=VERTEX_POINT('',#5068);
#5070=CARTESIAN_POINT('',(-0.138512009768778,0.124015748031496,0.101968503937008));
#5071=DIRECTION('',(-1.0,0.0,0.0));
#5072=VECTOR('',#5071,0.003220273695789);
#5073=LINE('',#5070,#5072);
#5074=EDGE_CURVE('',#5060,#5069,#5073,.T.);
#5075=ORIENTED_EDGE('',*,*,#5074,.T.);
#5076=CARTESIAN_POINT('',(-0.15748031496063,0.124015748031496,0.086220472440945));
#5077=VERTEX_POINT('',#5076);
#5078=CARTESIAN_POINT('',(-0.141732283464567,0.124015748031496,0.086220472440945));
#5079=DIRECTION('',(0.0,1.0,0.0));
#5080=DIRECTION('',(-0.707106781186548,0.0,0.707106781186547));
#5081=AXIS2_PLACEMENT_3D('',#5078,#5079,#5080);
#5082=CIRCLE('',#5081,0.015748031496063);
#5083=EDGE_CURVE('',#5077,#5069,#5082,.T.);
#5084=ORIENTED_EDGE('',*,*,#5083,.F.);
#5085=CARTESIAN_POINT('',(-0.15748031496063,0.124015748031496,0.086220472440945));
#5086=DIRECTION('',(0.0,0.0,-1.0));
#5087=VECTOR('',#5086,0.052607934519991);
#5088=LINE('',#5085,#5087);
#5089=EDGE_CURVE('',#5077,#4904,#5088,.T.);
#5090=ORIENTED_EDGE('',*,*,#5089,.T.);
#5091=EDGE_LOOP('',(#4911,#4919,#4927,#4935,#4943,#4951,#4960,#4968,#4976,#4984,#4992,#5001,#5009,#5017,#5023,#5024,#5033,#5041,#5050,#5058,#5067,#5075,#5084,#5090));
#5092=FACE_OUTER_BOUND('',#5091,.T.);
#5093=ADVANCED_FACE('',(#5092),#4900,.T.);
#5094=CARTESIAN_POINT('',(0.045669291338582,0.084448818897637,-0.015748031496063));
#5095=DIRECTION('',(0.0,0.0,-1.0));
#5096=DIRECTION('',(-1.0,0.0,0.0));
#5097=AXIS2_PLACEMENT_3D('',#5094,#5095,#5096);
#5098=PLANE('',#5097);
#5099=CARTESIAN_POINT('',(0.043307086614173,0.12992125984252,-0.015748031496063));
#5100=VERTEX_POINT('',#5099);
#5101=CARTESIAN_POINT('',(0.011811023622047,0.12992125984252,-0.015748031496063));
#5102=VERTEX_POINT('',#5101);
#5103=CARTESIAN_POINT('',(0.043307086614173,0.12992125984252,-0.015748031496063));
#5104=DIRECTION('',(-1.0,0.0,0.0));
#5105=VECTOR('',#5104,0.031496062992126);
#5106=LINE('',#5103,#5105);
#5107=EDGE_CURVE('',#5100,#5102,#5106,.T.);
#5108=ORIENTED_EDGE('',*,*,#5107,.F.);
#5109=CARTESIAN_POINT('',(0.043307086614173,0.086614173228346,-0.015748031496063));
#5110=VERTEX_POINT('',#5109);
#5111=CARTESIAN_POINT('',(0.043307086614173,0.12992125984252,-0.015748031496063));
#5112=DIRECTION('',(0.0,-1.0,0.0));
#5113=VECTOR('',#5112,0.043307086614174);
#5114=LINE('',#5111,#5113);
#5115=EDGE_CURVE('',#5100,#5110,#5114,.T.);
#5116=ORIENTED_EDGE('',*,*,#5115,.T.);
#5117=CARTESIAN_POINT('',(-0.003937007874016,0.086614173228346,-0.015748031496063));
#5118=VERTEX_POINT('',#5117);
#5119=CARTESIAN_POINT('',(-0.003937007874016,0.086614173228346,-0.015748031496063));
#5120=DIRECTION('',(1.0,0.0,0.0));
#5121=VECTOR('',#5120,0.047244094488189);
#5122=LINE('',#5119,#5121);
#5123=EDGE_CURVE('',#5118,#5110,#5122,.T.);
#5124=ORIENTED_EDGE('',*,*,#5123,.F.);
#5125=CARTESIAN_POINT('',(-0.003937007874016,0.124015748031496,-0.015748031496063));
#5126=VERTEX_POINT('',#5125);
#5127=CARTESIAN_POINT('',(-0.003937007874016,0.124015748031496,-0.015748031496063));
#5128=DIRECTION('',(0.0,-1.0,0.0));
#5129=VECTOR('',#5128,0.03740157480315);
#5130=LINE('',#5127,#5129);
#5131=EDGE_CURVE('',#5126,#5118,#5130,.T.);
#5132=ORIENTED_EDGE('',*,*,#5131,.F.);
#5133=CARTESIAN_POINT('',(0.011811023622047,0.124015748031496,-0.015748031496063));
#5134=VERTEX_POINT('',#5133);
#5135=CARTESIAN_POINT('',(0.011811023622047,0.124015748031496,-0.015748031496063));
#5136=DIRECTION('',(-1.0,0.0,0.0));
#5137=VECTOR('',#5136,0.015748031496063);
#5138=LINE('',#5135,#5137);
#5139=EDGE_CURVE('',#5134,#5126,#5138,.T.);
#5140=ORIENTED_EDGE('',*,*,#5139,.F.);
#5141=CARTESIAN_POINT('',(0.011811023622047,0.12992125984252,-0.015748031496063));
#5142=DIRECTION('',(0.0,-1.0,0.0));
#5143=VECTOR('',#5142,0.005905511811024);
#5144=LINE('',#5141,#5143);
#5145=EDGE_CURVE('',#5102,#5134,#5144,.T.);
#5146=ORIENTED_EDGE('',*,*,#5145,.F.);
#5147=EDGE_LOOP('',(#5108,#5116,#5124,#5132,#5140,#5146));
#5148=FACE_OUTER_BOUND('',#5147,.T.);
#5149=ADVANCED_FACE('',(#5148),#5098,.T.);
#5150=CARTESIAN_POINT('',(-0.023622047244094,0.123228346456693,-0.002263779527559));
#5151=DIRECTION('',(1.0,0.0,0.0));
#5152=DIRECTION('',(0.0,0.0,-1.0));
#5153=AXIS2_PLACEMENT_3D('',#5150,#5151,#5152);
#5154=PLANE('',#5153);
#5155=CARTESIAN_POINT('',(-0.023622047244094,0.139763779527559,-0.006299212598425));
#5156=VERTEX_POINT('',#5155);
#5157=CARTESIAN_POINT('',(-0.023622047244094,0.124015748031496,-0.006299212598425));
#5158=DIRECTION('',(0.0,1.0,0.0));
#5159=VECTOR('',#5158,0.015748031496063);
#5160=LINE('',#5157,#5159);
#5161=EDGE_CURVE('',#4986,#5156,#5160,.T.);
#5162=ORIENTED_EDGE('',*,*,#5161,.F.);
#5163=ORIENTED_EDGE('',*,*,#4991,.F.);
#5164=CARTESIAN_POINT('',(-0.023622047244094,0.139763779527559,-0.087007874015748));
#5165=VERTEX_POINT('',#5164);
#5166=CARTESIAN_POINT('',(-0.023622047244094,0.139763779527559,-0.087007874015748));
#5167=DIRECTION('',(0.0,-1.0,0.0));
#5168=VECTOR('',#5167,0.015748031496063);
#5169=LINE('',#5166,#5168);
#5170=EDGE_CURVE('',#5165,#4978,#5169,.T.);
#5171=ORIENTED_EDGE('',*,*,#5170,.F.);
#5172=CARTESIAN_POINT('',(-0.023622047244094,0.139763779527559,-0.087007874015748));
#5173=DIRECTION('',(0.0,0.0,1.0));
#5174=VECTOR('',#5173,0.080708661417323);
#5175=LINE('',#5172,#5174);
#5176=EDGE_CURVE('',#5165,#5156,#5175,.T.);
#5177=ORIENTED_EDGE('',*,*,#5176,.T.);
#5178=EDGE_LOOP('',(#5162,#5163,#5171,#5177));
#5179=FACE_OUTER_BOUND('',#5178,.T.);
#5180=ADVANCED_FACE('',(#5179),#5154,.T.);
#5181=CARTESIAN_POINT('',(-0.021653543307086,0.123228346456693,-0.08503937007874));
#5182=DIRECTION('',(0.707106781186548,-2.943923E-015,-0.707106781186547));
#5183=DIRECTION('',(-0.707106781186547,0.0,-0.707106781186548));
#5184=AXIS2_PLACEMENT_3D('',#5181,#5182,#5183);
#5185=PLANE('',#5184);
#5186=ORIENTED_EDGE('',*,*,#4983,.F.);
#5187=CARTESIAN_POINT('',(-0.062992125984252,0.139763779527559,-0.126377952755905));
#5188=VERTEX_POINT('',#5187);
#5189=CARTESIAN_POINT('',(-0.062992125984252,0.139763779527559,-0.126377952755905));
#5190=DIRECTION('',(0.0,-1.0,0.0));
#5191=VECTOR('',#5190,0.015748031496063);
#5192=LINE('',#5189,#5191);
#5193=EDGE_CURVE('',#5188,#4970,#5192,.T.);
#5194=ORIENTED_EDGE('',*,*,#5193,.F.);
#5195=CARTESIAN_POINT('',(-0.062992125984252,0.139763779527559,-0.126377952755905));
#5196=DIRECTION('',(0.707106781186547,0.0,0.707106781186548));
#5197=VECTOR('',#5196,0.055677699306027);
#5198=LINE('',#5195,#5197);
#5199=EDGE_CURVE('',#5188,#5165,#5198,.T.);
#5200=ORIENTED_EDGE('',*,*,#5199,.T.);
#5201=ORIENTED_EDGE('',*,*,#5170,.T.);
#5202=EDGE_LOOP('',(#5186,#5194,#5200,#5201));
#5203=FACE_OUTER_BOUND('',#5202,.T.);
#5204=ADVANCED_FACE('',(#5203),#5185,.T.);
#5205=CARTESIAN_POINT('',(-0.059251968503937,0.123228346456693,-0.126377952755905));
#5206=DIRECTION('',(0.0,0.0,-1.0));
#5207=DIRECTION('',(-1.0,0.0,0.0));
#5208=AXIS2_PLACEMENT_3D('',#5205,#5206,#5207);
#5209=PLANE('',#5208);
#5210=ORIENTED_EDGE('',*,*,#4975,.F.);
#5211=CARTESIAN_POINT('',(-0.137795275590551,0.139763779527559,-0.126377952755905));
#5212=VERTEX_POINT('',#5211);
#5213=CARTESIAN_POINT('',(-0.137795275590551,0.139763779527559,-0.126377952755905));
#5214=DIRECTION('',(0.0,-1.0,0.0));
#5215=VECTOR('',#5214,0.015748031496063);
#5216=LINE('',#5213,#5215);
#5217=EDGE_CURVE('',#5212,#4962,#5216,.T.);
#5218=ORIENTED_EDGE('',*,*,#5217,.F.);
#5219=CARTESIAN_POINT('',(-0.137795275590551,0.139763779527559,-0.126377952755905));
#5220=DIRECTION('',(1.0,0.0,0.0));
#5221=VECTOR('',#5220,0.074803149606299);
#5222=LINE('',#5219,#5221);
#5223=EDGE_CURVE('',#5212,#5188,#5222,.T.);
#5224=ORIENTED_EDGE('',*,*,#5223,.T.);
#5225=ORIENTED_EDGE('',*,*,#5193,.T.);
#5226=EDGE_LOOP('',(#5210,#5218,#5224,#5225));
#5227=FACE_OUTER_BOUND('',#5226,.T.);
#5228=ADVANCED_FACE('',(#5227),#5209,.T.);
#5229=CARTESIAN_POINT('',(-0.293208661417323,0.121948571493413,-0.047637795275591));
#5230=DIRECTION('',(0.0,0.0,1.0));
#5231=DIRECTION('',(1.0,0.0,0.0));
#5232=AXIS2_PLACEMENT_3D('',#5229,#5230,#5231);
#5233=PLANE('',#5232);
#5234=CARTESIAN_POINT('',(-0.285433070866142,0.129958929133858,-0.047637795275591));
#5235=VERTEX_POINT('',#5234);
#5236=CARTESIAN_POINT('',(-0.285433070866142,0.145706960629921,-0.047637795275591));
#5237=VERTEX_POINT('',#5236);
#5238=CARTESIAN_POINT('',(-0.285433070866142,0.129958929133858,-0.047637795275591));
#5239=DIRECTION('',(0.0,1.0,0.0));
#5240=VECTOR('',#5239,0.015748031496063);
#5241=LINE('',#5238,#5240);
#5242=EDGE_CURVE('',#5235,#5237,#5241,.T.);
#5243=ORIENTED_EDGE('',*,*,#5242,.F.);
#5244=CARTESIAN_POINT('',(-0.272153423983105,0.129958929133858,-0.047637795275591));
#5245=VERTEX_POINT('',#5244);
#5246=CARTESIAN_POINT('',(-0.285433070866142,0.129958929133858,-0.047637795275591));
#5247=DIRECTION('',(1.0,0.0,0.0));
#5248=VECTOR('',#5247,0.013279646883037);
#5249=LINE('',#5246,#5248);
#5250=EDGE_CURVE('',#5235,#5245,#5249,.T.);
#5251=ORIENTED_EDGE('',*,*,#5250,.T.);
#5252=CARTESIAN_POINT('',(-0.22998687664042,0.149285934420812,-0.047637795275591));
#5253=VERTEX_POINT('',#5252);
#5254=CARTESIAN_POINT('',(-0.272153423983105,0.129958929133858,-0.047637795275591));
#5255=DIRECTION('',(0.909059342886309,0.416666666666667,0.0));
#5256=VECTOR('',#5255,0.04638481268869);
#5257=LINE('',#5254,#5256);
#5258=EDGE_CURVE('',#5245,#5253,#5257,.T.);
#5259=ORIENTED_EDGE('',*,*,#5258,.T.);
#5260=CARTESIAN_POINT('',(-0.225910996614686,0.148800270379594,-0.047637795275591));
#5261=VERTEX_POINT('',#5260);
#5262=CARTESIAN_POINT('',(-0.228346456692913,0.145706960629921,-0.047637795275591));
#5263=DIRECTION('',(0.0,0.0,-1.0));
#5264=DIRECTION('',(-0.618606859869741,-0.785700676416979,0.0));
#5265=AXIS2_PLACEMENT_3D('',#5262,#5263,#5264);
#5266=CIRCLE('',#5265,0.003937007874016);
#5267=EDGE_CURVE('',#5253,#5261,#5266,.T.);
#5268=ORIENTED_EDGE('',*,*,#5267,.T.);
#5269=CARTESIAN_POINT('',(-0.198718218265665,0.127390540528866,-0.047637795275591));
#5270=VERTEX_POINT('',#5269);
#5271=CARTESIAN_POINT('',(-0.225910996614686,0.148800270379594,-0.047637795275591));
#5272=DIRECTION('',(0.785700676416978,-0.618606859869742,0.0));
#5273=VECTOR('',#5272,0.034609590096101);
#5274=LINE('',#5271,#5273);
#5275=EDGE_CURVE('',#5261,#5270,#5274,.T.);
#5276=ORIENTED_EDGE('',*,*,#5275,.T.);
#5277=CARTESIAN_POINT('',(-0.188976377952756,0.139763779527559,-0.047637795275591));
#5278=DIRECTION('',(0.0,0.0,1.0));
#5279=DIRECTION('',(-0.618606859869734,-0.785700676416985,0.0));
#5280=AXIS2_PLACEMENT_3D('',#5277,#5278,#5279);
#5281=CIRCLE('',#5280,0.015748031496063);
#5282=EDGE_CURVE('',#5270,#4929,#5281,.T.);
#5283=ORIENTED_EDGE('',*,*,#5282,.T.);
#5284=ORIENTED_EDGE('',*,*,#4934,.F.);
#5285=CARTESIAN_POINT('',(-0.12992125984252,0.139763779527559,-0.04763779527559));
#5286=VERTEX_POINT('',#5285);
#5287=CARTESIAN_POINT('',(-0.12992125984252,0.139763779527559,-0.04763779527559));
#5288=DIRECTION('',(0.0,-1.0,0.0));
#5289=VECTOR('',#5288,0.015748031496063);
#5290=LINE('',#5287,#5289);
#5291=EDGE_CURVE('',#5286,#4921,#5290,.T.);
#5292=ORIENTED_EDGE('',*,*,#5291,.F.);
#5293=CARTESIAN_POINT('',(-0.188976377952756,0.139763779527559,-0.047637795275591));
#5294=VERTEX_POINT('',#5293);
#5295=CARTESIAN_POINT('',(-0.12992125984252,0.139763779527559,-0.04763779527559));
#5296=DIRECTION('',(-1.0,0.0,0.0));
#5297=VECTOR('',#5296,0.059055118110236);
#5298=LINE('',#5295,#5297);
#5299=EDGE_CURVE('',#5286,#5294,#5298,.T.);
#5300=ORIENTED_EDGE('',*,*,#5299,.T.);
#5301=CARTESIAN_POINT('',(-0.216169156301777,0.161173509378287,-0.047637795275591));
#5302=VERTEX_POINT('',#5301);
#5303=CARTESIAN_POINT('',(-0.188976377952756,0.139763779527559,-0.047637795275591));
#5304=DIRECTION('',(-0.785700676416978,0.618606859869743,0.0));
#5305=VECTOR('',#5304,0.034609590096101);
#5306=LINE('',#5303,#5305);
#5307=EDGE_CURVE('',#5294,#5302,#5306,.T.);
#5308=ORIENTED_EDGE('',*,*,#5307,.T.);
#5309=CARTESIAN_POINT('',(-0.236548556430446,0.163601829584376,-0.047637795275591));
#5310=VERTEX_POINT('',#5309);
#5311=CARTESIAN_POINT('',(-0.228346456692913,0.145706960629921,-0.047637795275591));
#5312=DIRECTION('',(0.0,0.0,1.0));
#5313=DIRECTION('',(0.618606859869742,0.785700676416978,0.0));
#5314=AXIS2_PLACEMENT_3D('',#5311,#5312,#5313);
#5315=CIRCLE('',#5314,0.019685039370079);
#5316=EDGE_CURVE('',#5302,#5310,#5315,.T.);
#5317=ORIENTED_EDGE('',*,*,#5316,.T.);
#5318=CARTESIAN_POINT('',(-0.275590551181102,0.145706960629921,-0.047637795275591));
#5319=VERTEX_POINT('',#5318);
#5320=CARTESIAN_POINT('',(-0.236548556430446,0.163601829584376,-0.047637795275591));
#5321=DIRECTION('',(-0.90905934288631,-0.416666666666666,0.0));
#5322=VECTOR('',#5321,0.042947685490692);
#5323=LINE('',#5320,#5322);
#5324=EDGE_CURVE('',#5310,#5319,#5323,.T.);
#5325=ORIENTED_EDGE('',*,*,#5324,.T.);
#5326=CARTESIAN_POINT('',(-0.275590551181102,0.145706960629921,-0.047637795275591));
#5327=DIRECTION('',(-1.0,0.0,0.0));
#5328=VECTOR('',#5327,0.00984251968504);
#5329=LINE('',#5326,#5328);
#5330=EDGE_CURVE('',#5319,#5237,#5329,.T.);
#5331=ORIENTED_EDGE('',*,*,#5330,.T.);
#5332=EDGE_LOOP('',(#5243,#5251,#5259,#5268,#5276,#5283,#5284,#5292,#5300,#5308,#5317,#5325,#5331));
#5333=FACE_OUTER_BOUND('',#5332,.T.);
#5334=ADVANCED_FACE('',(#5333),#5233,.T.);
#5335=CARTESIAN_POINT('',(-0.12992125984252,0.123228346456693,-0.050590551181102));
#5336=DIRECTION('',(-1.0,0.0,0.0));
#5337=DIRECTION('',(0.0,0.0,1.0));
#5338=AXIS2_PLACEMENT_3D('',#5335,#5336,#5337);
#5339=PLANE('',#5338);
#5340=ORIENTED_EDGE('',*,*,#4926,.F.);
#5341=CARTESIAN_POINT('',(-0.12992125984252,0.139763779527559,0.011417322834646));
#5342=VERTEX_POINT('',#5341);
#5343=CARTESIAN_POINT('',(-0.12992125984252,0.139763779527559,0.011417322834646));
#5344=DIRECTION('',(0.0,-1.0,0.0));
#5345=VECTOR('',#5344,0.015748031496063);
#5346=LINE('',#5343,#5345);
#5347=EDGE_CURVE('',#5342,#4913,#5346,.T.);
#5348=ORIENTED_EDGE('',*,*,#5347,.F.);
#5349=CARTESIAN_POINT('',(-0.12992125984252,0.139763779527559,0.011417322834646));
#5350=DIRECTION('',(0.0,0.0,-1.0));
#5351=VECTOR('',#5350,0.059055118110236);
#5352=LINE('',#5349,#5351);
#5353=EDGE_CURVE('',#5342,#5286,#5352,.T.);
#5354=ORIENTED_EDGE('',*,*,#5353,.T.);
#5355=ORIENTED_EDGE('',*,*,#5291,.T.);
#5356=EDGE_LOOP('',(#5340,#5348,#5354,#5355));
#5357=FACE_OUTER_BOUND('',#5356,.T.);
#5358=ADVANCED_FACE('',(#5357),#5339,.T.);
#5359=CARTESIAN_POINT('',(-0.129020535985371,0.123228346456693,0.01103129832444));
#5360=DIRECTION('',(-0.393919298579166,0.0,-0.919145030018059));
#5361=DIRECTION('',(-0.919145030018059,0.0,0.393919298579166));
#5362=AXIS2_PLACEMENT_3D('',#5359,#5360,#5361);
#5363=PLANE('',#5362);
#5364=CARTESIAN_POINT('',(-0.147935736985499,0.139763779527559,0.01913781303878));
#5365=VERTEX_POINT('',#5364);
#5366=CARTESIAN_POINT('',(-0.147935736985499,0.139763779527559,0.01913781303878));
#5367=DIRECTION('',(0.0,-1.0,0.0));
#5368=VECTOR('',#5367,0.015748031496063);
#5369=LINE('',#5366,#5368);
#5370=EDGE_CURVE('',#5365,#4902,#5369,.T.);
#5371=ORIENTED_EDGE('',*,*,#5370,.F.);
#5372=CARTESIAN_POINT('',(-0.147935736985499,0.139763779527559,0.01913781303878));
#5373=DIRECTION('',(0.919145030018058,0.0,-0.393919298579167));
#5374=VECTOR('',#5373,0.019599167220243);
#5375=LINE('',#5372,#5374);
#5376=EDGE_CURVE('',#5365,#5342,#5375,.T.);
#5377=ORIENTED_EDGE('',*,*,#5376,.T.);
#5378=ORIENTED_EDGE('',*,*,#5347,.T.);
#5379=ORIENTED_EDGE('',*,*,#4918,.F.);
#5380=EDGE_LOOP('',(#5371,#5377,#5378,#5379));
#5381=FACE_OUTER_BOUND('',#5380,.T.);
#5382=ADVANCED_FACE('',(#5381),#5363,.T.);
#5383=CARTESIAN_POINT('',(-0.141893297149356,0.123228346456693,0.101968503937008));
#5384=DIRECTION('',(0.0,0.0,1.0));
#5385=DIRECTION('',(1.0,0.0,0.0));
#5386=AXIS2_PLACEMENT_3D('',#5383,#5384,#5385);
#5387=PLANE('',#5386);
#5388=CARTESIAN_POINT('',(-0.141732283464567,0.139763779527559,0.101968503937008));
#5389=VERTEX_POINT('',#5388);
#5390=CARTESIAN_POINT('',(-0.141732283464567,0.124015748031496,0.101968503937008));
#5391=DIRECTION('',(0.0,1.0,0.0));
#5392=VECTOR('',#5391,0.015748031496063);
#5393=LINE('',#5390,#5392);
#5394=EDGE_CURVE('',#5069,#5389,#5393,.T.);
#5395=ORIENTED_EDGE('',*,*,#5394,.F.);
#5396=ORIENTED_EDGE('',*,*,#5074,.F.);
#5397=CARTESIAN_POINT('',(-0.138512009768778,0.139763779527559,0.101968503937008));
#5398=VERTEX_POINT('',#5397);
#5399=CARTESIAN_POINT('',(-0.138512009768778,0.139763779527559,0.101968503937008));
#5400=DIRECTION('',(0.0,-1.0,0.0));
#5401=VECTOR('',#5400,0.015748031496063);
#5402=LINE('',#5399,#5401);
#5403=EDGE_CURVE('',#5398,#5060,#5402,.T.);
#5404=ORIENTED_EDGE('',*,*,#5403,.F.);
#5405=CARTESIAN_POINT('',(-0.138512009768778,0.139763779527559,0.101968503937008));
#5406=DIRECTION('',(-1.0,0.0,0.0));
#5407=VECTOR('',#5406,0.003220273695789);
#5408=LINE('',#5405,#5407);
#5409=EDGE_CURVE('',#5398,#5389,#5408,.T.);
#5410=ORIENTED_EDGE('',*,*,#5409,.T.);
#5411=EDGE_LOOP('',(#5395,#5396,#5404,#5410));
#5412=FACE_OUTER_BOUND('',#5411,.T.);
#5413=ADVANCED_FACE('',(#5412),#5387,.T.);
#5414=CARTESIAN_POINT('',(0.011811023622047,0.123228740315087,-0.016220472440945));
#5415=DIRECTION('',(-1.0,0.0,0.0));
#5416=DIRECTION('',(0.0,0.0,1.0));
#5417=AXIS2_PLACEMENT_3D('',#5414,#5415,#5416);
#5418=PLANE('',#5417);
#5419=CARTESIAN_POINT('',(0.011811023622047,0.139755902359683,-0.006299212598425));
#5420=VERTEX_POINT('',#5419);
#5421=CARTESIAN_POINT('',(0.011811023622047,0.12992125984252,-0.005905511811024));
#5422=DIRECTION('',(1.0,0.0,0.0));
#5423=DIRECTION('',(0.0,0.707106781186547,-0.707106781186547));
#5424=AXIS2_PLACEMENT_3D('',#5421,#5422,#5423);
#5425=CIRCLE('',#5424,0.009842519685039);
#5426=EDGE_CURVE('',#5102,#5420,#5425,.T.);
#5427=ORIENTED_EDGE('',*,*,#5426,.F.);
#5428=ORIENTED_EDGE('',*,*,#5145,.T.);
#5429=CARTESIAN_POINT('',(0.011811023622047,0.124015748031496,-0.006299212598425));
#5430=VERTEX_POINT('',#5429);
#5431=CARTESIAN_POINT('',(0.011811023622047,0.124015748031496,-0.006299212598425));
#5432=DIRECTION('',(0.0,0.0,-1.0));
#5433=VECTOR('',#5432,0.009448818897638);
#5434=LINE('',#5431,#5433);
#5435=EDGE_CURVE('',#5430,#5134,#5434,.T.);
#5436=ORIENTED_EDGE('',*,*,#5435,.F.);
#5437=CARTESIAN_POINT('',(0.011811023622047,0.139755902359683,-0.006299212598425));
#5438=DIRECTION('',(0.0,-1.0,0.0));
#5439=VECTOR('',#5438,0.015740154328187);
#5440=LINE('',#5437,#5439);
#5441=EDGE_CURVE('',#5420,#5430,#5440,.T.);
#5442=ORIENTED_EDGE('',*,*,#5441,.F.);
#5443=EDGE_LOOP('',(#5427,#5428,#5436,#5442));
#5444=FACE_OUTER_BOUND('',#5443,.T.);
#5445=ADVANCED_FACE('',(#5444),#5418,.T.);
#5446=CARTESIAN_POINT('',(-0.137795275590551,0.123228346456693,-0.127854330708661));
#5447=DIRECTION('',(-1.0,0.0,0.0));
#5448=DIRECTION('',(0.0,0.0,1.0));
#5449=AXIS2_PLACEMENT_3D('',#5446,#5447,#5448);
#5450=PLANE('',#5449);
#5451=CARTESIAN_POINT('',(-0.137795275590551,0.139763779527559,-0.096850393700787));
#5452=VERTEX_POINT('',#5451);
#5453=CARTESIAN_POINT('',(-0.137795275590551,0.139763779527559,-0.096850393700787));
#5454=DIRECTION('',(0.0,-1.0,0.0));
#5455=VECTOR('',#5454,0.015748031496063);
#5456=LINE('',#5453,#5455);
#5457=EDGE_CURVE('',#5452,#4953,#5456,.T.);
#5458=ORIENTED_EDGE('',*,*,#5457,.F.);
#5459=CARTESIAN_POINT('',(-0.137795275590551,0.139763779527559,-0.096850393700787));
#5460=DIRECTION('',(0.0,0.0,-1.0));
#5461=VECTOR('',#5460,0.029527559055118);
#5462=LINE('',#5459,#5461);
#5463=EDGE_CURVE('',#5452,#5212,#5462,.T.);
#5464=ORIENTED_EDGE('',*,*,#5463,.T.);
#5465=ORIENTED_EDGE('',*,*,#5217,.T.);
#5466=ORIENTED_EDGE('',*,*,#4967,.F.);
#5467=EDGE_LOOP('',(#5458,#5464,#5465,#5466));
#5468=FACE_OUTER_BOUND('',#5467,.T.);
#5469=ADVANCED_FACE('',(#5468),#5450,.T.);
#5470=CARTESIAN_POINT('',(-0.147637795275591,0.140551181102362,-0.096850393700787));
#5471=DIRECTION('',(0.0,-1.0,0.0));
#5472=DIRECTION('',(-0.707106781186547,0.0,-0.707106781186548));
#5473=AXIS2_PLACEMENT_3D('',#5470,#5471,#5472);
#5474=CYLINDRICAL_SURFACE('',#5473,0.009842519685039);
#5475=CARTESIAN_POINT('',(-0.147637795275591,0.139763779527559,-0.087007874015748));
#5476=VERTEX_POINT('',#5475);
#5477=CARTESIAN_POINT('',(-0.147637795275591,0.139763779527559,-0.096850393700787));
#5478=DIRECTION('',(0.0,1.0,0.0));
#5479=DIRECTION('',(0.707106781186549,0.0,0.707106781186546));
#5480=AXIS2_PLACEMENT_3D('',#5477,#5478,#5479);
#5481=CIRCLE('',#5480,0.009842519685039);
#5482=EDGE_CURVE('',#5476,#5452,#5481,.T.);
#5483=ORIENTED_EDGE('',*,*,#5482,.T.);
#5484=ORIENTED_EDGE('',*,*,#5457,.T.);
#5485=ORIENTED_EDGE('',*,*,#4959,.T.);
#5486=CARTESIAN_POINT('',(-0.147637795275591,0.124015748031496,-0.087007874015748));
#5487=DIRECTION('',(0.0,1.0,0.0));
#5488=VECTOR('',#5487,0.015748031496063);
#5489=LINE('',#5486,#5488);
#5490=EDGE_CURVE('',#4945,#5476,#5489,.T.);
#5491=ORIENTED_EDGE('',*,*,#5490,.T.);
#5492=EDGE_LOOP('',(#5483,#5484,#5485,#5491));
#5493=FACE_OUTER_BOUND('',#5492,.T.);
#5494=ADVANCED_FACE('',(#5493),#5474,.F.);
#5495=CARTESIAN_POINT('',(-0.006299212598425,0.117814960629922,1.092739E-016));
#5496=DIRECTION('',(0.0,0.0,1.0));
#5497=DIRECTION('',(1.0,0.0,0.0));
#5498=AXIS2_PLACEMENT_3D('',#5495,#5496,#5497);
#5499=PLANE('',#5498);
#5500=ORIENTED_EDGE('',*,*,#1980,.F.);
#5501=CARTESIAN_POINT('',(0.043307086614173,0.118110236220473,1.092739E-016));
#5502=DIRECTION('',(0.0,1.0,0.0));
#5503=VECTOR('',#5502,0.005905511811023);
#5504=LINE('',#5501,#5503);
#5505=EDGE_CURVE('',#1967,#5003,#5504,.T.);
#5506=ORIENTED_EDGE('',*,*,#5505,.T.);
#5507=ORIENTED_EDGE('',*,*,#5008,.F.);
#5508=CARTESIAN_POINT('',(-0.003937007874016,0.124015748031496,1.098567E-016));
#5509=VERTEX_POINT('',#5508);
#5510=CARTESIAN_POINT('',(0.010653339247884,0.124015748031496,1.092739E-016));
#5511=DIRECTION('',(-1.0,0.0,0.0));
#5512=VECTOR('',#5511,0.0145903471219);
#5513=LINE('',#5510,#5512);
#5514=EDGE_CURVE('',#4994,#5509,#5513,.T.);
#5515=ORIENTED_EDGE('',*,*,#5514,.T.);
#5516=CARTESIAN_POINT('',(-0.003937007874016,0.124015748031496,1.092739E-016));
#5517=DIRECTION('',(0.0,-1.0,0.0));
#5518=VECTOR('',#5517,0.005905511811023);
#5519=LINE('',#5516,#5518);
#5520=EDGE_CURVE('',#5509,#1975,#5519,.T.);
#5521=ORIENTED_EDGE('',*,*,#5520,.T.);
#5522=EDGE_LOOP('',(#5500,#5506,#5507,#5515,#5521));
#5523=FACE_OUTER_BOUND('',#5522,.T.);
#5524=ADVANCED_FACE('',(#5523),#5499,.T.);
#5525=CARTESIAN_POINT('',(-0.004724409448819,0.124015748031496,-0.016535433070866));
#5526=DIRECTION('',(0.0,1.0,0.0));
#5527=DIRECTION('',(0.0,0.0,1.0));
#5528=AXIS2_PLACEMENT_3D('',#5525,#5526,#5527);
#5529=PLANE('',#5528);
#5530=ORIENTED_EDGE('',*,*,#5435,.T.);
#5531=ORIENTED_EDGE('',*,*,#5139,.T.);
#5532=CARTESIAN_POINT('',(-0.003937007874016,0.124015748031496,-0.015748031496063));
#5533=DIRECTION('',(0.0,0.0,1.0));
#5534=VECTOR('',#5533,0.015748031496063);
#5535=LINE('',#5532,#5534);
#5536=EDGE_CURVE('',#5126,#5509,#5535,.T.);
#5537=ORIENTED_EDGE('',*,*,#5536,.T.);
#5538=ORIENTED_EDGE('',*,*,#5514,.F.);
#5539=CARTESIAN_POINT('',(-0.005905511811024,0.124015748031496,-0.006299212598425));
#5540=DIRECTION('',(0.0,-1.0,0.0));
#5541=DIRECTION('',(0.707106781186548,0.0,0.707106781186547));
#5542=AXIS2_PLACEMENT_3D('',#5539,#5540,#5541);
#5543=CIRCLE('',#5542,0.017716535433071);
#5544=EDGE_CURVE('',#5430,#4994,#5543,.T.);
#5545=ORIENTED_EDGE('',*,*,#5544,.F.);
#5546=EDGE_LOOP('',(#5530,#5531,#5537,#5538,#5545));
#5547=FACE_OUTER_BOUND('',#5546,.T.);
#5548=ADVANCED_FACE('',(#5547),#5529,.T.);
#5549=CARTESIAN_POINT('',(-0.006299212598425,0.086614173228346,0.000787401574803));
#5550=DIRECTION('',(0.0,-1.0,0.0));
#5551=DIRECTION('',(0.0,0.0,-1.0));
#5552=AXIS2_PLACEMENT_3D('',#5549,#5550,#5551);
#5553=PLANE('',#5552);
#5554=ORIENTED_EDGE('',*,*,#2595,.F.);
#5555=CARTESIAN_POINT('',(-0.003937007874016,0.086614173228346,-0.015748031496063));
#5556=DIRECTION('',(0.0,0.0,1.0));
#5557=VECTOR('',#5556,0.015748031496063);
#5558=LINE('',#5555,#5557);
#5559=EDGE_CURVE('',#5118,#2584,#5558,.T.);
#5560=ORIENTED_EDGE('',*,*,#5559,.F.);
#5561=ORIENTED_EDGE('',*,*,#5123,.T.);
#5562=CARTESIAN_POINT('',(0.043307086614173,0.086614173228346,-0.015748031496063));
#5563=DIRECTION('',(0.0,0.0,1.0));
#5564=VECTOR('',#5563,0.015748031496063);
#5565=LINE('',#5562,#5564);
#5566=EDGE_CURVE('',#5110,#2566,#5565,.T.);
#5567=ORIENTED_EDGE('',*,*,#5566,.T.);
#5568=EDGE_LOOP('',(#5554,#5560,#5561,#5567));
#5569=FACE_OUTER_BOUND('',#5568,.T.);
#5570=ADVANCED_FACE('',(#5569),#5553,.T.);
#5571=CARTESIAN_POINT('',(-0.003937007874016,0.084744094488188,-0.016535433070866));
#5572=DIRECTION('',(-1.0,0.0,0.0));
#5573=DIRECTION('',(0.0,0.0,1.0));
#5574=AXIS2_PLACEMENT_3D('',#5571,#5572,#5573);
#5575=PLANE('',#5574);
#5576=ORIENTED_EDGE('',*,*,#5520,.F.);
#5577=ORIENTED_EDGE('',*,*,#5536,.F.);
#5578=ORIENTED_EDGE('',*,*,#5131,.T.);
#5579=ORIENTED_EDGE('',*,*,#5559,.T.);
#5580=ORIENTED_EDGE('',*,*,#2589,.F.);
#5581=EDGE_LOOP('',(#5576,#5577,#5578,#5579,#5580));
#5582=FACE_OUTER_BOUND('',#5581,.T.);
#5583=ADVANCED_FACE('',(#5582),#5575,.T.);
#5584=CARTESIAN_POINT('',(-0.005905511811024,0.140551181102362,-0.006299212598425));
#5585=DIRECTION('',(0.0,-1.0,0.0));
#5586=DIRECTION('',(0.0,0.0,-1.0));
#5587=AXIS2_PLACEMENT_3D('',#5584,#5585,#5586);
#5588=CYLINDRICAL_SURFACE('',#5587,0.017716535433071);
#5589=CARTESIAN_POINT('',(0.011806648628665,0.139763779527559,-0.005905511811028));
#5590=VERTEX_POINT('',#5589);
#5591=CARTESIAN_POINT('',(0.007894107748454,0.132712156168773,-0.006004789245493));
#5592=DIRECTION('',(0.874140817540646,-0.485284000423751,0.019423440531792));
#5593=DIRECTION('',(0.011168094191463,-0.019897413951712,-0.999739649403866));
#5594=AXIS2_PLACEMENT_3D('',#5591,#5592,#5593);
#5595=ELLIPSE('',#5594,0.008330848111748,0.0080647884591);
#5596=EDGE_CURVE('',#5420,#5590,#5595,.T.);
#5597=ORIENTED_EDGE('',*,*,#5596,.F.);
#5598=ORIENTED_EDGE('',*,*,#5441,.T.);
#5599=ORIENTED_EDGE('',*,*,#5544,.T.);
#5600=ORIENTED_EDGE('',*,*,#5000,.T.);
#5601=ORIENTED_EDGE('',*,*,#5161,.T.);
#5602=CARTESIAN_POINT('',(-0.005905511811024,0.139763779527559,-0.006299212598425));
#5603=DIRECTION('',(0.0,1.0,0.0));
#5604=DIRECTION('',(-0.707106781186547,0.0,0.707106781186548));
#5605=AXIS2_PLACEMENT_3D('',#5602,#5603,#5604);
#5606=CIRCLE('',#5605,0.017716535433071);
#5607=EDGE_CURVE('',#5156,#5590,#5606,.T.);
#5608=ORIENTED_EDGE('',*,*,#5607,.T.);
#5609=EDGE_LOOP('',(#5597,#5598,#5599,#5600,#5601,#5608));
#5610=FACE_OUTER_BOUND('',#5609,.T.);
#5611=ADVANCED_FACE('',(#5610),#5588,.F.);
#5612=CARTESIAN_POINT('',(-0.035433070866142,0.12992125984252,-0.005905511811024));
#5613=DIRECTION('',(1.0,0.0,0.0));
#5614=DIRECTION('',(0.0,-0.707106781186547,0.707106781186548));
#5615=AXIS2_PLACEMENT_3D('',#5612,#5613,#5614);
#5616=CYLINDRICAL_SURFACE('',#5615,0.009842519685039);
#5617=CARTESIAN_POINT('',(0.043307086614173,0.139763779527559,-0.005905511811024));
#5618=VERTEX_POINT('',#5617);
#5619=CARTESIAN_POINT('',(0.043307086614173,0.12992125984252,-0.005905511811024));
#5620=DIRECTION('',(-1.0,0.0,0.0));
#5621=DIRECTION('',(0.0,0.707106781186547,-0.707106781186547));
#5622=AXIS2_PLACEMENT_3D('',#5619,#5620,#5621);
#5623=CIRCLE('',#5622,0.009842519685039);
#5624=EDGE_CURVE('',#5618,#5100,#5623,.T.);
#5625=ORIENTED_EDGE('',*,*,#5624,.T.);
#5626=ORIENTED_EDGE('',*,*,#5107,.T.);
#5627=ORIENTED_EDGE('',*,*,#5426,.T.);
#5628=ORIENTED_EDGE('',*,*,#5596,.T.);
#5629=CARTESIAN_POINT('',(0.011806648628665,0.139763779527559,-0.005905511811024));
#5630=DIRECTION('',(1.0,0.0,0.0));
#5631=VECTOR('',#5630,0.031500437985508);
#5632=LINE('',#5629,#5631);
#5633=EDGE_CURVE('',#5590,#5618,#5632,.T.);
#5634=ORIENTED_EDGE('',*,*,#5633,.T.);
#5635=EDGE_LOOP('',(#5625,#5626,#5627,#5628,#5634));
#5636=FACE_OUTER_BOUND('',#5635,.T.);
#5637=ADVANCED_FACE('',(#5636),#5616,.T.);
#5638=CARTESIAN_POINT('',(-0.187616739035305,0.138693293035023,-0.045669291338583));
#5639=DIRECTION('',(0.618606859869741,0.785700676416979,0.0));
#5640=DIRECTION('',(0.0,0.0,-1.0));
#5641=AXIS2_PLACEMENT_3D('',#5638,#5639,#5640);
#5642=PLANE('',#5641);
#5643=ORIENTED_EDGE('',*,*,#5307,.F.);
#5644=CARTESIAN_POINT('',(-0.188976377952756,0.139763779527559,-0.087007874015748));
#5645=VERTEX_POINT('',#5644);
#5646=CARTESIAN_POINT('',(-0.188976377952756,0.139763779527559,-0.047637795275591));
#5647=DIRECTION('',(0.0,0.0,-1.0));
#5648=VECTOR('',#5647,0.039370078740157);
#5649=LINE('',#5646,#5648);
#5650=EDGE_CURVE('',#5294,#5645,#5649,.T.);
#5651=ORIENTED_EDGE('',*,*,#5650,.T.);
#5652=CARTESIAN_POINT('',(-0.216169156301777,0.161173509378287,-0.087007874015748));
#5653=VERTEX_POINT('',#5652);
#5654=CARTESIAN_POINT('',(-0.188976377952756,0.139763779527559,-0.087007874015748));
#5655=DIRECTION('',(-0.785700676416978,0.618606859869743,0.0));
#5656=VECTOR('',#5655,0.034609590096101);
#5657=LINE('',#5654,#5656);
#5658=EDGE_CURVE('',#5645,#5653,#5657,.T.);
#5659=ORIENTED_EDGE('',*,*,#5658,.T.);
#5660=CARTESIAN_POINT('',(-0.216169156301777,0.161173509378287,-0.087007874015748));
#5661=DIRECTION('',(0.0,0.0,1.0));
#5662=VECTOR('',#5661,0.039370078740157);
#5663=LINE('',#5660,#5662);
#5664=EDGE_CURVE('',#5653,#5302,#5663,.T.);
#5665=ORIENTED_EDGE('',*,*,#5664,.T.);
#5666=EDGE_LOOP('',(#5643,#5651,#5659,#5665));
#5667=FACE_OUTER_BOUND('',#5666,.T.);
#5668=ADVANCED_FACE('',(#5667),#5642,.T.);
#5669=CARTESIAN_POINT('',(-0.188976377952756,0.139763779527559,-0.045669291338583));
#5670=DIRECTION('',(0.0,0.0,-1.0));
#5671=DIRECTION('',(0.618606859869736,0.785700676416983,0.0));
#5672=AXIS2_PLACEMENT_3D('',#5669,#5670,#5671);
#5673=CYLINDRICAL_SURFACE('',#5672,0.015748031496063);
#5674=ORIENTED_EDGE('',*,*,#5282,.F.);
#5675=CARTESIAN_POINT('',(-0.198718218265665,0.127390540528866,-0.087007874015748));
#5676=VERTEX_POINT('',#5675);
#5677=CARTESIAN_POINT('',(-0.198718218265665,0.127390540528866,-0.087007874015748));
#5678=DIRECTION('',(0.0,0.0,1.0));
#5679=VECTOR('',#5678,0.039370078740157);
#5680=LINE('',#5677,#5679);
#5681=EDGE_CURVE('',#5676,#5270,#5680,.T.);
#5682=ORIENTED_EDGE('',*,*,#5681,.F.);
#5683=CARTESIAN_POINT('',(-0.188976377952756,0.139763779527559,-0.087007874015748));
#5684=DIRECTION('',(0.0,0.0,1.0));
#5685=DIRECTION('',(-0.618606859869734,-0.785700676416985,0.0));
#5686=AXIS2_PLACEMENT_3D('',#5683,#5684,#5685);
#5687=CIRCLE('',#5686,0.015748031496063);
#5688=EDGE_CURVE('',#5676,#4937,#5687,.T.);
#5689=ORIENTED_EDGE('',*,*,#5688,.T.);
#5690=ORIENTED_EDGE('',*,*,#4942,.F.);
#5691=EDGE_LOOP('',(#5674,#5682,#5689,#5690));
#5692=FACE_OUTER_BOUND('',#5691,.T.);
#5693=ADVANCED_FACE('',(#5692),#5673,.T.);
#5694=CARTESIAN_POINT('',(-0.197358579348214,0.12632005403633,-0.088976377952756));
#5695=DIRECTION('',(-0.618606859869742,-0.785700676416978,0.0));
#5696=DIRECTION('',(0.0,0.0,1.0));
#5697=AXIS2_PLACEMENT_3D('',#5694,#5695,#5696);
#5698=PLANE('',#5697);
#5699=ORIENTED_EDGE('',*,*,#5275,.F.);
#5700=CARTESIAN_POINT('',(-0.225910996614686,0.148800270379594,-0.087007874015748));
#5701=VERTEX_POINT('',#5700);
#5702=CARTESIAN_POINT('',(-0.225910996614686,0.148800270379594,-0.087007874015748));
#5703=DIRECTION('',(0.0,0.0,1.0));
#5704=VECTOR('',#5703,0.039370078740157);
#5705=LINE('',#5702,#5704);
#5706=EDGE_CURVE('',#5701,#5261,#5705,.T.);
#5707=ORIENTED_EDGE('',*,*,#5706,.F.);
#5708=CARTESIAN_POINT('',(-0.225910996614686,0.148800270379594,-0.087007874015748));
#5709=DIRECTION('',(0.785700676416978,-0.618606859869742,0.0));
#5710=VECTOR('',#5709,0.034609590096101);
#5711=LINE('',#5708,#5710);
#5712=EDGE_CURVE('',#5701,#5676,#5711,.T.);
#5713=ORIENTED_EDGE('',*,*,#5712,.T.);
#5714=ORIENTED_EDGE('',*,*,#5681,.T.);
#5715=EDGE_LOOP('',(#5699,#5707,#5713,#5714));
#5716=FACE_OUTER_BOUND('',#5715,.T.);
#5717=ADVANCED_FACE('',(#5716),#5698,.T.);
#5718=CARTESIAN_POINT('',(-0.228346456692913,0.145706960629921,-0.045669291338583));
#5719=DIRECTION('',(0.0,0.0,-1.0));
#5720=DIRECTION('',(-0.118318639934655,-0.992975679180519,0.0));
#5721=AXIS2_PLACEMENT_3D('',#5718,#5719,#5720);
#5722=CYLINDRICAL_SURFACE('',#5721,0.003937007874016);
#5723=ORIENTED_EDGE('',*,*,#5267,.F.);
#5724=CARTESIAN_POINT('',(-0.22998687664042,0.149285934420812,-0.087007874015748));
#5725=VERTEX_POINT('',#5724);
#5726=CARTESIAN_POINT('',(-0.22998687664042,0.149285934420812,-0.087007874015748));
#5727=DIRECTION('',(0.0,0.0,1.0));
#5728=VECTOR('',#5727,0.039370078740157);
#5729=LINE('',#5726,#5728);
#5730=EDGE_CURVE('',#5725,#5253,#5729,.T.);
#5731=ORIENTED_EDGE('',*,*,#5730,.F.);
#5732=CARTESIAN_POINT('',(-0.228346456692913,0.145706960629921,-0.087007874015748));
#5733=DIRECTION('',(0.0,0.0,-1.0));
#5734=DIRECTION('',(-0.618606859869741,-0.785700676416979,0.0));
#5735=AXIS2_PLACEMENT_3D('',#5732,#5733,#5734);
#5736=CIRCLE('',#5735,0.003937007874016);
#5737=EDGE_CURVE('',#5725,#5701,#5736,.T.);
#5738=ORIENTED_EDGE('',*,*,#5737,.T.);
#5739=ORIENTED_EDGE('',*,*,#5706,.T.);
#5740=EDGE_LOOP('',(#5723,#5731,#5738,#5739));
#5741=FACE_OUTER_BOUND('',#5740,.T.);
#5742=ADVANCED_FACE('',(#5741),#5722,.F.);
#5743=CARTESIAN_POINT('',(-0.274261751350239,0.12899257886951,-0.045669291338583));
#5744=DIRECTION('',(0.416666666666668,-0.909059342886309,0.0));
#5745=DIRECTION('',(0.0,0.0,-1.0));
#5746=AXIS2_PLACEMENT_3D('',#5743,#5744,#5745);
#5747=PLANE('',#5746);
#5748=ORIENTED_EDGE('',*,*,#5258,.F.);
#5749=CARTESIAN_POINT('',(-0.272153423983105,0.129958929133858,-0.087007874015748));
#5750=VERTEX_POINT('',#5749);
#5751=CARTESIAN_POINT('',(-0.272153423983105,0.129958929133858,-0.087007874015748));
#5752=DIRECTION('',(0.0,0.0,1.0));
#5753=VECTOR('',#5752,0.039370078740157);
#5754=LINE('',#5751,#5753);
#5755=EDGE_CURVE('',#5750,#5245,#5754,.T.);
#5756=ORIENTED_EDGE('',*,*,#5755,.F.);
#5757=CARTESIAN_POINT('',(-0.272153423983105,0.129958929133858,-0.087007874015748));
#5758=DIRECTION('',(0.909059342886309,0.416666666666667,0.0));
#5759=VECTOR('',#5758,0.04638481268869);
#5760=LINE('',#5757,#5759);
#5761=EDGE_CURVE('',#5750,#5725,#5760,.T.);
#5762=ORIENTED_EDGE('',*,*,#5761,.T.);
#5763=ORIENTED_EDGE('',*,*,#5730,.T.);
#5764=EDGE_LOOP('',(#5748,#5756,#5762,#5763));
#5765=FACE_OUTER_BOUND('',#5764,.T.);
#5766=ADVANCED_FACE('',(#5765),#5747,.T.);
#5767=CARTESIAN_POINT('',(-0.296431698879585,0.129958929133858,-0.045669291338583));
#5768=DIRECTION('',(0.0,-1.0,0.0));
#5769=DIRECTION('',(0.0,0.0,-1.0));
#5770=AXIS2_PLACEMENT_3D('',#5767,#5768,#5769);
#5771=PLANE('',#5770);
#5772=CARTESIAN_POINT('',(-0.295275590551181,0.129958929133858,-0.05748031496063));
#5773=VERTEX_POINT('',#5772);
#5774=CARTESIAN_POINT('',(-0.285433070866142,0.129958929133858,-0.05748031496063));
#5775=DIRECTION('',(0.0,1.0,0.0));
#5776=DIRECTION('',(-0.707106781186549,0.0,0.707106781186546));
#5777=AXIS2_PLACEMENT_3D('',#5774,#5775,#5776);
#5778=CIRCLE('',#5777,0.009842519685039);
#5779=EDGE_CURVE('',#5773,#5235,#5778,.T.);
#5780=ORIENTED_EDGE('',*,*,#5779,.F.);
#5781=CARTESIAN_POINT('',(-0.295275590551181,0.129958929133858,-0.077165354330709));
#5782=VERTEX_POINT('',#5781);
#5783=CARTESIAN_POINT('',(-0.295275590551181,0.129958929133858,-0.077165354330709));
#5784=DIRECTION('',(0.0,0.0,1.0));
#5785=VECTOR('',#5784,0.019685039370079);
#5786=LINE('',#5783,#5785);
#5787=EDGE_CURVE('',#5782,#5773,#5786,.T.);
#5788=ORIENTED_EDGE('',*,*,#5787,.F.);
#5789=CARTESIAN_POINT('',(-0.285433070866142,0.129958929133858,-0.087007874015748));
#5790=VERTEX_POINT('',#5789);
#5791=CARTESIAN_POINT('',(-0.285433070866142,0.129958929133858,-0.077165354330709));
#5792=DIRECTION('',(0.0,1.0,0.0));
#5793=DIRECTION('',(-0.707106781186549,0.0,-0.707106781186546));
#5794=AXIS2_PLACEMENT_3D('',#5791,#5792,#5793);
#5795=CIRCLE('',#5794,0.009842519685039);
#5796=EDGE_CURVE('',#5790,#5782,#5795,.T.);
#5797=ORIENTED_EDGE('',*,*,#5796,.F.);
#5798=CARTESIAN_POINT('',(-0.285433070866142,0.129958929133858,-0.087007874015748));
#5799=DIRECTION('',(1.0,0.0,0.0));
#5800=VECTOR('',#5799,0.013279646883037);
#5801=LINE('',#5798,#5800);
#5802=EDGE_CURVE('',#5790,#5750,#5801,.T.);
#5803=ORIENTED_EDGE('',*,*,#5802,.T.);
#5804=ORIENTED_EDGE('',*,*,#5755,.T.);
#5805=ORIENTED_EDGE('',*,*,#5250,.F.);
#5806=EDGE_LOOP('',(#5780,#5788,#5797,#5803,#5804,#5805));
#5807=FACE_OUTER_BOUND('',#5806,.T.);
#5808=ADVANCED_FACE('',(#5807),#5771,.T.);
#5809=CARTESIAN_POINT('',(-0.277542650918635,0.144812217182198,-0.088976377952756));
#5810=DIRECTION('',(-0.416666666666667,0.909059342886309,0.0));
#5811=DIRECTION('',(0.0,0.0,1.0));
#5812=AXIS2_PLACEMENT_3D('',#5809,#5810,#5811);
#5813=PLANE('',#5812);
#5814=ORIENTED_EDGE('',*,*,#5324,.F.);
#5815=CARTESIAN_POINT('',(-0.236548556430446,0.163601829584376,-0.087007874015748));
#5816=VERTEX_POINT('',#5815);
#5817=CARTESIAN_POINT('',(-0.236548556430446,0.163601829584376,-0.087007874015748));
#5818=DIRECTION('',(0.0,0.0,1.0));
#5819=VECTOR('',#5818,0.039370078740157);
#5820=LINE('',#5817,#5819);
#5821=EDGE_CURVE('',#5816,#5310,#5820,.T.);
#5822=ORIENTED_EDGE('',*,*,#5821,.F.);
#5823=CARTESIAN_POINT('',(-0.275590551181102,0.145706960629921,-0.087007874015748));
#5824=VERTEX_POINT('',#5823);
#5825=CARTESIAN_POINT('',(-0.236548556430446,0.163601829584376,-0.087007874015748));
#5826=DIRECTION('',(-0.90905934288631,-0.416666666666666,0.0));
#5827=VECTOR('',#5826,0.042947685490692);
#5828=LINE('',#5825,#5827);
#5829=EDGE_CURVE('',#5816,#5824,#5828,.T.);
#5830=ORIENTED_EDGE('',*,*,#5829,.T.);
#5831=CARTESIAN_POINT('',(-0.275590551181102,0.145706960629921,-0.087007874015748));
#5832=DIRECTION('',(0.0,0.0,1.0));
#5833=VECTOR('',#5832,0.039370078740157);
#5834=LINE('',#5831,#5833);
#5835=EDGE_CURVE('',#5824,#5319,#5834,.T.);
#5836=ORIENTED_EDGE('',*,*,#5835,.T.);
#5837=EDGE_LOOP('',(#5814,#5822,#5830,#5836));
#5838=FACE_OUTER_BOUND('',#5837,.T.);
#5839=ADVANCED_FACE('',(#5838),#5813,.T.);
#5840=CARTESIAN_POINT('',(-0.228346456692913,0.145706960629921,-0.045669291338583));
#5841=DIRECTION('',(0.0,0.0,-1.0));
#5842=DIRECTION('',(-0.618606859869742,-0.785700676416978,0.0));
#5843=AXIS2_PLACEMENT_3D('',#5840,#5841,#5842);
#5844=CYLINDRICAL_SURFACE('',#5843,0.019685039370079);
#5845=ORIENTED_EDGE('',*,*,#5316,.F.);
#5846=ORIENTED_EDGE('',*,*,#5664,.F.);
#5847=CARTESIAN_POINT('',(-0.228346456692913,0.145706960629921,-0.087007874015748));
#5848=DIRECTION('',(0.0,0.0,1.0));
#5849=DIRECTION('',(0.618606859869742,0.785700676416978,0.0));
#5850=AXIS2_PLACEMENT_3D('',#5847,#5848,#5849);
#5851=CIRCLE('',#5850,0.019685039370079);
#5852=EDGE_CURVE('',#5653,#5816,#5851,.T.);
#5853=ORIENTED_EDGE('',*,*,#5852,.T.);
#5854=ORIENTED_EDGE('',*,*,#5821,.T.);
#5855=EDGE_LOOP('',(#5845,#5846,#5853,#5854));
#5856=FACE_OUTER_BOUND('',#5855,.T.);
#5857=ADVANCED_FACE('',(#5856),#5844,.T.);
#5858=CARTESIAN_POINT('',(-0.140748031496063,0.121948571493413,-0.087007874015748));
#5859=DIRECTION('',(0.0,0.0,-1.0));
#5860=DIRECTION('',(-1.0,0.0,0.0));
#5861=AXIS2_PLACEMENT_3D('',#5858,#5859,#5860);
#5862=PLANE('',#5861);
#5863=CARTESIAN_POINT('',(-0.285433070866142,0.145706960629921,-0.087007874015748));
#5864=VERTEX_POINT('',#5863);
#5865=CARTESIAN_POINT('',(-0.285433070866142,0.145706960629921,-0.087007874015748));
#5866=DIRECTION('',(0.0,-1.0,0.0));
#5867=VECTOR('',#5866,0.015748031496063);
#5868=LINE('',#5865,#5867);
#5869=EDGE_CURVE('',#5864,#5790,#5868,.T.);
#5870=ORIENTED_EDGE('',*,*,#5869,.F.);
#5871=CARTESIAN_POINT('',(-0.275590551181102,0.145706960629921,-0.087007874015748));
#5872=DIRECTION('',(-1.0,0.0,0.0));
#5873=VECTOR('',#5872,0.00984251968504);
#5874=LINE('',#5871,#5873);
#5875=EDGE_CURVE('',#5824,#5864,#5874,.T.);
#5876=ORIENTED_EDGE('',*,*,#5875,.F.);
#5877=ORIENTED_EDGE('',*,*,#5829,.F.);
#5878=ORIENTED_EDGE('',*,*,#5852,.F.);
#5879=ORIENTED_EDGE('',*,*,#5658,.F.);
#5880=CARTESIAN_POINT('',(-0.188976377952756,0.139763779527559,-0.087007874015748));
#5881=DIRECTION('',(1.0,0.0,0.0));
#5882=VECTOR('',#5881,0.041338582677165);
#5883=LINE('',#5880,#5882);
#5884=EDGE_CURVE('',#5645,#5476,#5883,.T.);
#5885=ORIENTED_EDGE('',*,*,#5884,.T.);
#5886=ORIENTED_EDGE('',*,*,#5490,.F.);
#5887=ORIENTED_EDGE('',*,*,#4950,.F.);
#5888=ORIENTED_EDGE('',*,*,#5688,.F.);
#5889=ORIENTED_EDGE('',*,*,#5712,.F.);
#5890=ORIENTED_EDGE('',*,*,#5737,.F.);
#5891=ORIENTED_EDGE('',*,*,#5761,.F.);
#5892=ORIENTED_EDGE('',*,*,#5802,.F.);
#5893=EDGE_LOOP('',(#5870,#5876,#5877,#5878,#5879,#5885,#5886,#5887,#5888,#5889,#5890,#5891,#5892));
#5894=FACE_OUTER_BOUND('',#5893,.T.);
#5895=ADVANCED_FACE('',(#5894),#5862,.T.);
#5896=CARTESIAN_POINT('',(-0.285433070866142,0.146494362204724,-0.077165354330709));
#5897=DIRECTION('',(0.0,-1.0,0.0));
#5898=DIRECTION('',(0.707106781186547,0.0,0.707106781186548));
#5899=AXIS2_PLACEMENT_3D('',#5896,#5897,#5898);
#5900=CYLINDRICAL_SURFACE('',#5899,0.009842519685039);
#5901=ORIENTED_EDGE('',*,*,#5796,.T.);
#5902=CARTESIAN_POINT('',(-0.295275590551181,0.145706960629921,-0.077165354330709));
#5903=VERTEX_POINT('',#5902);
#5904=CARTESIAN_POINT('',(-0.295275590551181,0.129958929133858,-0.077165354330709));
#5905=DIRECTION('',(0.0,1.0,0.0));
#5906=VECTOR('',#5905,0.015748031496063);
#5907=LINE('',#5904,#5906);
#5908=EDGE_CURVE('',#5782,#5903,#5907,.T.);
#5909=ORIENTED_EDGE('',*,*,#5908,.T.);
#5910=CARTESIAN_POINT('',(-0.285433070866142,0.145706960629921,-0.077165354330709));
#5911=DIRECTION('',(0.0,-1.0,0.0));
#5912=DIRECTION('',(-0.707106781186549,0.0,-0.707106781186546));
#5913=AXIS2_PLACEMENT_3D('',#5910,#5911,#5912);
#5914=CIRCLE('',#5913,0.009842519685039);
#5915=EDGE_CURVE('',#5903,#5864,#5914,.T.);
#5916=ORIENTED_EDGE('',*,*,#5915,.T.);
#5917=ORIENTED_EDGE('',*,*,#5869,.T.);
#5918=EDGE_LOOP('',(#5901,#5909,#5916,#5917));
#5919=FACE_OUTER_BOUND('',#5918,.T.);
#5920=ADVANCED_FACE('',(#5919),#5900,.T.);
#5921=CARTESIAN_POINT('',(-0.296259842519685,0.145706960629921,-0.088976377952756));
#5922=DIRECTION('',(0.0,1.0,0.0));
#5923=DIRECTION('',(0.0,0.0,1.0));
#5924=AXIS2_PLACEMENT_3D('',#5921,#5922,#5923);
#5925=PLANE('',#5924);
#5926=CARTESIAN_POINT('',(-0.295275590551181,0.145706960629921,-0.05748031496063));
#5927=VERTEX_POINT('',#5926);
#5928=CARTESIAN_POINT('',(-0.285433070866142,0.145706960629921,-0.05748031496063));
#5929=DIRECTION('',(0.0,-1.0,0.0));
#5930=DIRECTION('',(-0.707106781186549,0.0,0.707106781186546));
#5931=AXIS2_PLACEMENT_3D('',#5928,#5929,#5930);
#5932=CIRCLE('',#5931,0.009842519685039);
#5933=EDGE_CURVE('',#5237,#5927,#5932,.T.);
#5934=ORIENTED_EDGE('',*,*,#5933,.F.);
#5935=ORIENTED_EDGE('',*,*,#5330,.F.);
#5936=ORIENTED_EDGE('',*,*,#5835,.F.);
#5937=ORIENTED_EDGE('',*,*,#5875,.T.);
#5938=ORIENTED_EDGE('',*,*,#5915,.F.);
#5939=CARTESIAN_POINT('',(-0.295275590551181,0.145706960629921,-0.077165354330709));
#5940=DIRECTION('',(0.0,0.0,1.0));
#5941=VECTOR('',#5940,0.019685039370079);
#5942=LINE('',#5939,#5941);
#5943=EDGE_CURVE('',#5903,#5927,#5942,.T.);
#5944=ORIENTED_EDGE('',*,*,#5943,.T.);
#5945=EDGE_LOOP('',(#5934,#5935,#5936,#5937,#5938,#5944));
#5946=FACE_OUTER_BOUND('',#5945,.T.);
#5947=ADVANCED_FACE('',(#5946),#5925,.T.);
#5948=CARTESIAN_POINT('',(-0.295275590551181,0.129171527559055,-0.078149606299213));
#5949=DIRECTION('',(-1.0,0.0,0.0));
#5950=DIRECTION('',(0.0,0.0,1.0));
#5951=AXIS2_PLACEMENT_3D('',#5948,#5949,#5950);
#5952=PLANE('',#5951);
#5953=CARTESIAN_POINT('',(-0.295275590551181,0.145706960629921,-0.05748031496063));
#5954=DIRECTION('',(0.0,-1.0,0.0));
#5955=VECTOR('',#5954,0.015748031496063);
#5956=LINE('',#5953,#5955);
#5957=EDGE_CURVE('',#5927,#5773,#5956,.T.);
#5958=ORIENTED_EDGE('',*,*,#5957,.F.);
#5959=ORIENTED_EDGE('',*,*,#5943,.F.);
#5960=ORIENTED_EDGE('',*,*,#5908,.F.);
#5961=ORIENTED_EDGE('',*,*,#5787,.T.);
#5962=EDGE_LOOP('',(#5958,#5959,#5960,#5961));
#5963=FACE_OUTER_BOUND('',#5962,.T.);
#5964=ADVANCED_FACE('',(#5963),#5952,.T.);
#5965=CARTESIAN_POINT('',(-0.285433070866142,0.146494362204724,-0.05748031496063));
#5966=DIRECTION('',(0.0,-1.0,0.0));
#5967=DIRECTION('',(0.70710678118655,0.0,-0.707106781186545));
#5968=AXIS2_PLACEMENT_3D('',#5965,#5966,#5967);
#5969=CYLINDRICAL_SURFACE('',#5968,0.009842519685039);
#5970=ORIENTED_EDGE('',*,*,#5779,.T.);
#5971=ORIENTED_EDGE('',*,*,#5242,.T.);
#5972=ORIENTED_EDGE('',*,*,#5933,.T.);
#5973=ORIENTED_EDGE('',*,*,#5957,.T.);
#5974=EDGE_LOOP('',(#5970,#5971,#5972,#5973));
#5975=FACE_OUTER_BOUND('',#5974,.T.);
#5976=ADVANCED_FACE('',(#5975),#5969,.T.);
#5977=CARTESIAN_POINT('',(0.043307086614173,0.083956692913385,0.136791338582677));
#5978=DIRECTION('',(1.0,0.0,0.0));
#5979=DIRECTION('',(0.0,0.0,-1.0));
#5980=AXIS2_PLACEMENT_3D('',#5977,#5978,#5979);
#5981=PLANE('',#5980);
#5982=CARTESIAN_POINT('',(0.043307086614173,0.12992125984252,0.129527559055118));
#5983=VERTEX_POINT('',#5982);
#5984=CARTESIAN_POINT('',(0.043307086614173,0.139763779527559,0.119685039370079));
#5985=VERTEX_POINT('',#5984);
#5986=CARTESIAN_POINT('',(0.043307086614173,0.12992125984252,0.119685039370079));
#5987=DIRECTION('',(-1.0,0.0,0.0));
#5988=DIRECTION('',(0.0,0.707106781186549,0.707106781186546));
#5989=AXIS2_PLACEMENT_3D('',#5986,#5987,#5988);
#5990=CIRCLE('',#5989,0.009842519685039);
#5991=EDGE_CURVE('',#5983,#5985,#5990,.T.);
#5992=ORIENTED_EDGE('',*,*,#5991,.F.);
#5993=CARTESIAN_POINT('',(0.043307086614173,0.12992125984252,0.129527559055118));
#5994=DIRECTION('',(0.0,-1.0,0.0));
#5995=VECTOR('',#5994,0.011811023622048);
#5996=LINE('',#5993,#5995);
#5997=EDGE_CURVE('',#5983,#1927,#5996,.T.);
#5998=ORIENTED_EDGE('',*,*,#5997,.T.);
#5999=ORIENTED_EDGE('',*,*,#1932,.F.);
#6000=CARTESIAN_POINT('',(0.043307086614173,0.124015748031496,0.113779527559055));
#6001=DIRECTION('',(0.0,-1.0,0.0));
#6002=VECTOR('',#6001,0.005905511811024);
#6003=LINE('',#6000,#6002);
#6004=EDGE_CURVE('',#5011,#1919,#6003,.T.);
#6005=ORIENTED_EDGE('',*,*,#6004,.F.);
#6006=ORIENTED_EDGE('',*,*,#5016,.F.);
#6007=ORIENTED_EDGE('',*,*,#5505,.F.);
#6008=ORIENTED_EDGE('',*,*,#2571,.F.);
#6009=ORIENTED_EDGE('',*,*,#5566,.F.);
#6010=ORIENTED_EDGE('',*,*,#5115,.F.);
#6011=ORIENTED_EDGE('',*,*,#5624,.F.);
#6012=CARTESIAN_POINT('',(0.043307086614173,0.139763779527559,-0.005905511811024));
#6013=DIRECTION('',(0.0,0.0,1.0));
#6014=VECTOR('',#6013,0.125590551181103);
#6015=LINE('',#6012,#6014);
#6016=EDGE_CURVE('',#5618,#5985,#6015,.T.);
#6017=ORIENTED_EDGE('',*,*,#6016,.T.);
#6018=EDGE_LOOP('',(#5992,#5998,#5999,#6005,#6006,#6007,#6008,#6009,#6010,#6011,#6017));
#6019=FACE_OUTER_BOUND('',#6018,.T.);
#6020=ADVANCED_FACE('',(#6019),#5981,.T.);
#6021=CARTESIAN_POINT('',(0.049606299212598,0.12992125984252,0.119685039370079));
#6022=DIRECTION('',(-1.0,0.0,0.0));
#6023=DIRECTION('',(0.0,-0.707106781186548,-0.707106781186547));
#6024=AXIS2_PLACEMENT_3D('',#6021,#6022,#6023);
#6025=CYLINDRICAL_SURFACE('',#6024,0.009842519685039);
#6026=ORIENTED_EDGE('',*,*,#4885,.T.);
#6027=CARTESIAN_POINT('',(-0.082677165354331,0.12992125984252,0.129527559055118));
#6028=DIRECTION('',(1.0,0.0,0.0));
#6029=VECTOR('',#6028,0.125984251968504);
#6030=LINE('',#6027,#6029);
#6031=EDGE_CURVE('',#4871,#5983,#6030,.T.);
#6032=ORIENTED_EDGE('',*,*,#6031,.T.);
#6033=ORIENTED_EDGE('',*,*,#5991,.T.);
#6034=CARTESIAN_POINT('',(0.043307086614173,0.139763779527559,0.119685039370079));
#6035=DIRECTION('',(-1.0,0.0,0.0));
#6036=VECTOR('',#6035,0.125984251968504);
#6037=LINE('',#6034,#6036);
#6038=EDGE_CURVE('',#5985,#4879,#6037,.T.);
#6039=ORIENTED_EDGE('',*,*,#6038,.T.);
#6040=EDGE_LOOP('',(#6026,#6032,#6033,#6039));
#6041=FACE_OUTER_BOUND('',#6040,.T.);
#6042=ADVANCED_FACE('',(#6041),#6025,.T.);
#6043=CARTESIAN_POINT('',(0.043307086614173,-0.14242125984252,0.136791338582677));
#6044=DIRECTION('',(1.0,0.0,0.0));
#6045=DIRECTION('',(0.0,0.0,-1.0));
#6046=AXIS2_PLACEMENT_3D('',#6043,#6044,#6045);
#6047=PLANE('',#6046);
#6048=CARTESIAN_POINT('',(0.043307086614173,-0.139763779527559,0.119685039370079));
#6049=VERTEX_POINT('',#6048);
#6050=CARTESIAN_POINT('',(0.043307086614173,-0.12992125984252,0.129527559055118));
#6051=VERTEX_POINT('',#6050);
#6052=CARTESIAN_POINT('',(0.043307086614173,-0.12992125984252,0.119685039370079));
#6053=DIRECTION('',(-1.0,0.0,0.0));
#6054=DIRECTION('',(0.0,-0.707106781186548,0.707106781186547));
#6055=AXIS2_PLACEMENT_3D('',#6052,#6053,#6054);
#6056=CIRCLE('',#6055,0.009842519685039);
#6057=EDGE_CURVE('',#6049,#6051,#6056,.T.);
#6058=ORIENTED_EDGE('',*,*,#6057,.F.);
#6059=CARTESIAN_POINT('',(0.043307086614173,-0.139763779527559,-0.005905511811024));
#6060=DIRECTION('',(0.0,0.0,1.0));
#6061=VECTOR('',#6060,0.125590551181103);
#6062=LINE('',#6059,#6061);
#6063=EDGE_CURVE('',#4575,#6049,#6062,.T.);
#6064=ORIENTED_EDGE('',*,*,#6063,.F.);
#6065=ORIENTED_EDGE('',*,*,#4581,.F.);
#6066=ORIENTED_EDGE('',*,*,#4564,.T.);
#6067=ORIENTED_EDGE('',*,*,#4386,.T.);
#6068=ORIENTED_EDGE('',*,*,#3811,.F.);
#6069=CARTESIAN_POINT('',(0.043307086614173,-0.124015748031496,1.092739E-016));
#6070=VERTEX_POINT('',#6069);
#6071=CARTESIAN_POINT('',(0.043307086614173,-0.118110236220472,1.092739E-016));
#6072=DIRECTION('',(0.0,-1.0,0.0));
#6073=VECTOR('',#6072,0.005905511811024);
#6074=LINE('',#6071,#6073);
#6075=EDGE_CURVE('',#1717,#6070,#6074,.T.);
#6076=ORIENTED_EDGE('',*,*,#6075,.T.);
#6077=CARTESIAN_POINT('',(0.043307086614173,-0.124015748031496,0.113779527559055));
#6078=VERTEX_POINT('',#6077);
#6079=CARTESIAN_POINT('',(0.043307086614173,-0.124015748031496,1.092739E-016));
#6080=DIRECTION('',(0.0,0.0,1.0));
#6081=VECTOR('',#6080,0.113779527559055);
#6082=LINE('',#6079,#6081);
#6083=EDGE_CURVE('',#6070,#6078,#6082,.T.);
#6084=ORIENTED_EDGE('',*,*,#6083,.T.);
#6085=CARTESIAN_POINT('',(0.043307086614173,-0.118110236220472,0.113779527559055));
#6086=DIRECTION('',(0.0,-1.0,0.0));
#6087=VECTOR('',#6086,0.005905511811024);
#6088=LINE('',#6085,#6087);
#6089=EDGE_CURVE('',#1627,#6078,#6088,.T.);
#6090=ORIENTED_EDGE('',*,*,#6089,.F.);
#6091=ORIENTED_EDGE('',*,*,#1784,.T.);
#6092=CARTESIAN_POINT('',(0.043307086614173,-0.118110236220472,0.129527559055118));
#6093=DIRECTION('',(0.0,-1.0,0.0));
#6094=VECTOR('',#6093,0.011811023622048);
#6095=LINE('',#6092,#6094);
#6096=EDGE_CURVE('',#1773,#6051,#6095,.T.);
#6097=ORIENTED_EDGE('',*,*,#6096,.T.);
#6098=EDGE_LOOP('',(#6058,#6064,#6065,#6066,#6067,#6068,#6076,#6084,#6090,#6091,#6097));
#6099=FACE_OUTER_BOUND('',#6098,.T.);
#6100=ADVANCED_FACE('',(#6099),#6047,.T.);
#6101=CARTESIAN_POINT('',(-0.088976377952756,-0.12992125984252,0.119685039370079));
#6102=DIRECTION('',(1.0,0.0,0.0));
#6103=DIRECTION('',(0.0,0.707106781186547,-0.707106781186547));
#6104=AXIS2_PLACEMENT_3D('',#6101,#6102,#6103);
#6105=CYLINDRICAL_SURFACE('',#6104,0.009842519685039);
#6106=ORIENTED_EDGE('',*,*,#6057,.T.);
#6107=CARTESIAN_POINT('',(-0.082677165354331,-0.12992125984252,0.129527559055118));
#6108=VERTEX_POINT('',#6107);
#6109=CARTESIAN_POINT('',(0.043307086614173,-0.12992125984252,0.129527559055118));
#6110=DIRECTION('',(-1.0,0.0,0.0));
#6111=VECTOR('',#6110,0.125984251968504);
#6112=LINE('',#6109,#6111);
#6113=EDGE_CURVE('',#6051,#6108,#6112,.T.);
#6114=ORIENTED_EDGE('',*,*,#6113,.T.);
#6115=CARTESIAN_POINT('',(-0.082677165354331,-0.139763779527559,0.119685039370079));
#6116=VERTEX_POINT('',#6115);
#6117=CARTESIAN_POINT('',(-0.082677165354331,-0.12992125984252,0.119685039370079));
#6118=DIRECTION('',(1.0,0.0,0.0));
#6119=DIRECTION('',(0.0,-0.707106781186548,0.707106781186547));
#6120=AXIS2_PLACEMENT_3D('',#6117,#6118,#6119);
#6121=CIRCLE('',#6120,0.009842519685039);
#6122=EDGE_CURVE('',#6108,#6116,#6121,.T.);
#6123=ORIENTED_EDGE('',*,*,#6122,.T.);
#6124=CARTESIAN_POINT('',(-0.082677165354331,-0.139763779527559,0.119685039370079));
#6125=DIRECTION('',(1.0,0.0,0.0));
#6126=VECTOR('',#6125,0.125984251968504);
#6127=LINE('',#6124,#6126);
#6128=EDGE_CURVE('',#6116,#6049,#6127,.T.);
#6129=ORIENTED_EDGE('',*,*,#6128,.T.);
#6130=EDGE_LOOP('',(#6106,#6114,#6123,#6129));
#6131=FACE_OUTER_BOUND('',#6130,.T.);
#6132=ADVANCED_FACE('',(#6131),#6105,.T.);
#6133=CARTESIAN_POINT('',(-0.200590551181102,-0.124015748031496,-0.138385826771653));
#6134=DIRECTION('',(0.0,1.0,0.0));
#6135=DIRECTION('',(0.0,0.0,1.0));
#6136=AXIS2_PLACEMENT_3D('',#6133,#6134,#6135);
#6137=PLANE('',#6136);
#6138=CARTESIAN_POINT('',(-0.15748031496063,-0.124015748031496,0.033612537920954));
#6139=VERTEX_POINT('',#6138);
#6140=CARTESIAN_POINT('',(-0.141732283464567,-0.124015748031496,0.033612537920954));
#6141=DIRECTION('',(0.0,-1.0,0.0));
#6142=DIRECTION('',(-0.834841092238268,0.0,-0.550491008746207));
#6143=AXIS2_PLACEMENT_3D('',#6140,#6141,#6142);
#6144=CIRCLE('',#6143,0.015748031496063);
#6145=EDGE_CURVE('',#6139,#4139,#6144,.T.);
#6146=ORIENTED_EDGE('',*,*,#6145,.F.);
#6147=CARTESIAN_POINT('',(-0.15748031496063,-0.124015748031496,0.086220472440945));
#6148=VERTEX_POINT('',#6147);
#6149=CARTESIAN_POINT('',(-0.15748031496063,-0.124015748031496,0.086220472440945));
#6150=DIRECTION('',(0.0,0.0,-1.0));
#6151=VECTOR('',#6150,0.052607934519991);
#6152=LINE('',#6149,#6151);
#6153=EDGE_CURVE('',#6148,#6139,#6152,.T.);
#6154=ORIENTED_EDGE('',*,*,#6153,.F.);
#6155=CARTESIAN_POINT('',(-0.141732283464567,-0.124015748031496,0.086220472440945));
#6156=DIRECTION('',(0.0,-1.0,0.0));
#6157=DIRECTION('',(-0.707106781186549,0.0,0.707106781186546));
#6158=AXIS2_PLACEMENT_3D('',#6155,#6156,#6157);
#6159=CIRCLE('',#6158,0.015748031496063);
#6160=EDGE_CURVE('',#4180,#6148,#6159,.T.);
#6161=ORIENTED_EDGE('',*,*,#6160,.F.);
#6162=ORIENTED_EDGE('',*,*,#4185,.F.);
#6163=CARTESIAN_POINT('',(-0.123167266529493,-0.124015748031496,0.089761567034626));
#6164=VERTEX_POINT('',#6163);
#6165=CARTESIAN_POINT('',(-0.138512009768778,-0.124015748031496,0.086220472440945));
#6166=DIRECTION('',(0.0,-1.0,0.0));
#6167=DIRECTION('',(0.622551400810103,0.0,0.782578911899227));
#6168=AXIS2_PLACEMENT_3D('',#6165,#6166,#6167);
#6169=CIRCLE('',#6168,0.015748031496063);
#6170=EDGE_CURVE('',#6164,#4170,#6169,.T.);
#6171=ORIENTED_EDGE('',*,*,#6170,.F.);
#6172=CARTESIAN_POINT('',(-0.116990213785468,-0.124015748031496,0.062994338477185));
#6173=VERTEX_POINT('',#6172);
#6174=CARTESIAN_POINT('',(-0.116990213785468,-0.124015748031496,0.062994338477185));
#6175=DIRECTION('',(-0.224859506698759,0.0,0.97439119569462));
#6176=VECTOR('',#6175,0.02747072087239);
#6177=LINE('',#6174,#6176);
#6178=EDGE_CURVE('',#6173,#6164,#6177,.T.);
#6179=ORIENTED_EDGE('',*,*,#6178,.F.);
#6180=CARTESIAN_POINT('',(-0.101645470546182,-0.124015748031496,0.050787401574803));
#6181=VERTEX_POINT('',#6180);
#6182=CARTESIAN_POINT('',(-0.101645470546182,-0.124015748031496,0.066535433070866));
#6183=DIRECTION('',(0.0,1.0,0.0));
#6184=DIRECTION('',(-0.622551400810103,0.0,-0.782578911899227));
#6185=AXIS2_PLACEMENT_3D('',#6182,#6183,#6184);
#6186=CIRCLE('',#6185,0.015748031496063);
#6187=EDGE_CURVE('',#6181,#6173,#6186,.T.);
#6188=ORIENTED_EDGE('',*,*,#6187,.F.);
#6189=CARTESIAN_POINT('',(-0.098425196850394,-0.124015748031496,0.050787401574803));
#6190=VERTEX_POINT('',#6189);
#6191=CARTESIAN_POINT('',(-0.098425196850394,-0.124015748031496,0.050787401574803));
#6192=DIRECTION('',(-1.0,0.0,0.0));
#6193=VECTOR('',#6192,0.003220273695788);
#6194=LINE('',#6191,#6193);
#6195=EDGE_CURVE('',#6190,#6181,#6194,.T.);
#6196=ORIENTED_EDGE('',*,*,#6195,.F.);
#6197=CARTESIAN_POINT('',(-0.082677165354331,-0.124015748031496,0.066535433070866));
#6198=VERTEX_POINT('',#6197);
#6199=CARTESIAN_POINT('',(-0.098425196850394,-0.124015748031496,0.066535433070866));
#6200=DIRECTION('',(0.0,1.0,0.0));
#6201=DIRECTION('',(0.707106781186548,0.0,-0.707106781186547));
#6202=AXIS2_PLACEMENT_3D('',#6199,#6200,#6201);
#6203=CIRCLE('',#6202,0.015748031496063);
#6204=EDGE_CURVE('',#6198,#6190,#6203,.T.);
#6205=ORIENTED_EDGE('',*,*,#6204,.F.);
#6206=CARTESIAN_POINT('',(-0.082677165354331,-0.124015748031496,0.113779527559055));
#6207=VERTEX_POINT('',#6206);
#6208=CARTESIAN_POINT('',(-0.082677165354331,-0.124015748031496,0.113779527559055));
#6209=DIRECTION('',(0.0,0.0,-1.0));
#6210=VECTOR('',#6209,0.047244094488189);
#6211=LINE('',#6208,#6210);
#6212=EDGE_CURVE('',#6207,#6198,#6211,.T.);
#6213=ORIENTED_EDGE('',*,*,#6212,.F.);
#6214=CARTESIAN_POINT('',(0.043307086614173,-0.124015748031496,0.113779527559055));
#6215=DIRECTION('',(-1.0,0.0,0.0));
#6216=VECTOR('',#6215,0.125984251968504);
#6217=LINE('',#6214,#6216);
#6218=EDGE_CURVE('',#6078,#6207,#6217,.T.);
#6219=ORIENTED_EDGE('',*,*,#6218,.F.);
#6220=ORIENTED_EDGE('',*,*,#6083,.F.);
#6221=CARTESIAN_POINT('',(0.043307086614173,-0.124015748031496,1.092739E-016));
#6222=DIRECTION('',(-1.0,0.0,0.0));
#6223=VECTOR('',#6222,0.032653747366289);
#6224=LINE('',#6221,#6223);
#6225=EDGE_CURVE('',#6070,#4453,#6224,.T.);
#6226=ORIENTED_EDGE('',*,*,#6225,.T.);
#6227=ORIENTED_EDGE('',*,*,#4506,.F.);
#6228=ORIENTED_EDGE('',*,*,#4230,.F.);
#6229=ORIENTED_EDGE('',*,*,#3898,.F.);
#6230=ORIENTED_EDGE('',*,*,#3936,.F.);
#6231=ORIENTED_EDGE('',*,*,#3975,.F.);
#6232=ORIENTED_EDGE('',*,*,#4368,.F.);
#6233=ORIENTED_EDGE('',*,*,#4298,.F.);
#6234=ORIENTED_EDGE('',*,*,#4627,.F.);
#6235=ORIENTED_EDGE('',*,*,#4057,.F.);
#6236=ORIENTED_EDGE('',*,*,#4113,.F.);
#6237=ORIENTED_EDGE('',*,*,#4152,.F.);
#6238=EDGE_LOOP('',(#6146,#6154,#6161,#6162,#6171,#6179,#6188,#6196,#6205,#6213,#6219,#6220,#6226,#6227,#6228,#6229,#6230,#6231,#6232,#6233,#6234,#6235,#6236,#6237));
#6239=FACE_OUTER_BOUND('',#6238,.T.);
#6240=ADVANCED_FACE('',(#6239),#6137,.T.);
#6241=CARTESIAN_POINT('',(-0.141732283464567,-0.140551181102362,0.086220472440945));
#6242=DIRECTION('',(0.0,1.0,0.0));
#6243=DIRECTION('',(0.707106781186548,0.0,-0.707106781186547));
#6244=AXIS2_PLACEMENT_3D('',#6241,#6242,#6243);
#6245=CYLINDRICAL_SURFACE('',#6244,0.015748031496063);
#6246=ORIENTED_EDGE('',*,*,#6160,.T.);
#6247=CARTESIAN_POINT('',(-0.15748031496063,-0.139763779527559,0.086220472440945));
#6248=VERTEX_POINT('',#6247);
#6249=CARTESIAN_POINT('',(-0.15748031496063,-0.124015748031496,0.086220472440945));
#6250=DIRECTION('',(0.0,-1.0,0.0));
#6251=VECTOR('',#6250,0.015748031496063);
#6252=LINE('',#6249,#6251);
#6253=EDGE_CURVE('',#6148,#6248,#6252,.T.);
#6254=ORIENTED_EDGE('',*,*,#6253,.T.);
#6255=CARTESIAN_POINT('',(-0.141732283464567,-0.139763779527559,0.086220472440945));
#6256=DIRECTION('',(0.0,1.0,0.0));
#6257=DIRECTION('',(-0.707106781186549,0.0,0.707106781186546));
#6258=AXIS2_PLACEMENT_3D('',#6255,#6256,#6257);
#6259=CIRCLE('',#6258,0.015748031496063);
#6260=EDGE_CURVE('',#6248,#4188,#6259,.T.);
#6261=ORIENTED_EDGE('',*,*,#6260,.T.);
#6262=ORIENTED_EDGE('',*,*,#4193,.T.);
#6263=EDGE_LOOP('',(#6246,#6254,#6261,#6262));
#6264=FACE_OUTER_BOUND('',#6263,.T.);
#6265=ADVANCED_FACE('',(#6264),#6245,.T.);
#6266=CARTESIAN_POINT('',(-0.123476119166694,-0.140551181102362,0.091099928462498));
#6267=DIRECTION('',(0.97439119569462,0.0,0.224859506698759));
#6268=DIRECTION('',(0.224859506698759,0.0,-0.97439119569462));
#6269=AXIS2_PLACEMENT_3D('',#6266,#6267,#6268);
#6270=PLANE('',#6269);
#6271=CARTESIAN_POINT('',(-0.116990213785468,-0.139763779527559,0.062994338477185));
#6272=VERTEX_POINT('',#6271);
#6273=CARTESIAN_POINT('',(-0.116990213785468,-0.124015748031496,0.062994338477185));
#6274=DIRECTION('',(0.0,-1.0,0.0));
#6275=VECTOR('',#6274,0.015748031496063);
#6276=LINE('',#6273,#6275);
#6277=EDGE_CURVE('',#6173,#6272,#6276,.T.);
#6278=ORIENTED_EDGE('',*,*,#6277,.F.);
#6279=ORIENTED_EDGE('',*,*,#6178,.T.);
#6280=CARTESIAN_POINT('',(-0.123167266529493,-0.139763779527559,0.089761567034626));
#6281=VERTEX_POINT('',#6280);
#6282=CARTESIAN_POINT('',(-0.123167266529493,-0.139763779527559,0.089761567034626));
#6283=DIRECTION('',(0.0,1.0,0.0));
#6284=VECTOR('',#6283,0.015748031496063);
#6285=LINE('',#6282,#6284);
#6286=EDGE_CURVE('',#6281,#6164,#6285,.T.);
#6287=ORIENTED_EDGE('',*,*,#6286,.F.);
#6288=CARTESIAN_POINT('',(-0.116990213785468,-0.139763779527559,0.062994338477185));
#6289=DIRECTION('',(-0.224859506698759,0.0,0.97439119569462));
#6290=VECTOR('',#6289,0.02747072087239);
#6291=LINE('',#6288,#6290);
#6292=EDGE_CURVE('',#6272,#6281,#6291,.T.);
#6293=ORIENTED_EDGE('',*,*,#6292,.F.);
#6294=EDGE_LOOP('',(#6278,#6279,#6287,#6293));
#6295=FACE_OUTER_BOUND('',#6294,.T.);
#6296=ADVANCED_FACE('',(#6295),#6270,.T.);
#6297=CARTESIAN_POINT('',(-0.138512009768778,-0.140551181102362,0.086220472440945));
#6298=DIRECTION('',(0.0,1.0,0.0));
#6299=DIRECTION('',(-0.622551400810107,0.0,-0.782578911899224));
#6300=AXIS2_PLACEMENT_3D('',#6297,#6298,#6299);
#6301=CYLINDRICAL_SURFACE('',#6300,0.015748031496063);
#6302=ORIENTED_EDGE('',*,*,#6170,.T.);
#6303=ORIENTED_EDGE('',*,*,#4177,.T.);
#6304=CARTESIAN_POINT('',(-0.138512009768778,-0.139763779527559,0.086220472440945));
#6305=DIRECTION('',(0.0,1.0,0.0));
#6306=DIRECTION('',(0.622551400810103,0.0,0.782578911899227));
#6307=AXIS2_PLACEMENT_3D('',#6304,#6305,#6306);
#6308=CIRCLE('',#6307,0.015748031496063);
#6309=EDGE_CURVE('',#4172,#6281,#6308,.T.);
#6310=ORIENTED_EDGE('',*,*,#6309,.T.);
#6311=ORIENTED_EDGE('',*,*,#6286,.T.);
#6312=EDGE_LOOP('',(#6302,#6303,#6310,#6311));
#6313=FACE_OUTER_BOUND('',#6312,.T.);
#6314=ADVANCED_FACE('',(#6313),#6301,.T.);
#6315=CARTESIAN_POINT('',(-0.101806484230971,-0.140551181102362,0.050787401574803));
#6316=DIRECTION('',(0.0,0.0,1.0));
#6317=DIRECTION('',(1.0,0.0,0.0));
#6318=AXIS2_PLACEMENT_3D('',#6315,#6316,#6317);
#6319=PLANE('',#6318);
#6320=CARTESIAN_POINT('',(-0.098425196850394,-0.139763779527559,0.050787401574803));
#6321=VERTEX_POINT('',#6320);
#6322=CARTESIAN_POINT('',(-0.098425196850394,-0.124015748031496,0.050787401574803));
#6323=DIRECTION('',(0.0,-1.0,0.0));
#6324=VECTOR('',#6323,0.015748031496063);
#6325=LINE('',#6322,#6324);
#6326=EDGE_CURVE('',#6190,#6321,#6325,.T.);
#6327=ORIENTED_EDGE('',*,*,#6326,.F.);
#6328=ORIENTED_EDGE('',*,*,#6195,.T.);
#6329=CARTESIAN_POINT('',(-0.101645470546182,-0.139763779527559,0.050787401574803));
#6330=VERTEX_POINT('',#6329);
#6331=CARTESIAN_POINT('',(-0.101645470546182,-0.139763779527559,0.050787401574803));
#6332=DIRECTION('',(0.0,1.0,0.0));
#6333=VECTOR('',#6332,0.015748031496063);
#6334=LINE('',#6331,#6333);
#6335=EDGE_CURVE('',#6330,#6181,#6334,.T.);
#6336=ORIENTED_EDGE('',*,*,#6335,.F.);
#6337=CARTESIAN_POINT('',(-0.098425196850394,-0.139763779527559,0.050787401574803));
#6338=DIRECTION('',(-1.0,0.0,0.0));
#6339=VECTOR('',#6338,0.003220273695788);
#6340=LINE('',#6337,#6339);
#6341=EDGE_CURVE('',#6321,#6330,#6340,.T.);
#6342=ORIENTED_EDGE('',*,*,#6341,.F.);
#6343=EDGE_LOOP('',(#6327,#6328,#6336,#6342));
#6344=FACE_OUTER_BOUND('',#6343,.T.);
#6345=ADVANCED_FACE('',(#6344),#6319,.T.);
#6346=CARTESIAN_POINT('',(-0.101645470546182,-0.140551181102362,0.066535433070866));
#6347=DIRECTION('',(0.0,1.0,0.0));
#6348=DIRECTION('',(0.622551400810111,0.0,0.782578911899221));
#6349=AXIS2_PLACEMENT_3D('',#6346,#6347,#6348);
#6350=CYLINDRICAL_SURFACE('',#6349,0.015748031496063);
#6351=CARTESIAN_POINT('',(-0.101645470546182,-0.139763779527559,0.066535433070866));
#6352=DIRECTION('',(0.0,-1.0,0.0));
#6353=DIRECTION('',(-0.622551400810103,0.0,-0.782578911899227));
#6354=AXIS2_PLACEMENT_3D('',#6351,#6352,#6353);
#6355=CIRCLE('',#6354,0.015748031496063);
#6356=EDGE_CURVE('',#6272,#6330,#6355,.T.);
#6357=ORIENTED_EDGE('',*,*,#6356,.T.);
#6358=ORIENTED_EDGE('',*,*,#6335,.T.);
#6359=ORIENTED_EDGE('',*,*,#6187,.T.);
#6360=ORIENTED_EDGE('',*,*,#6277,.T.);
#6361=EDGE_LOOP('',(#6357,#6358,#6359,#6360));
#6362=FACE_OUTER_BOUND('',#6361,.T.);
#6363=ADVANCED_FACE('',(#6362),#6350,.F.);
#6364=CARTESIAN_POINT('',(-0.082677165354331,-0.140846456692913,0.063385826771653));
#6365=DIRECTION('',(-1.0,0.0,0.0));
#6366=DIRECTION('',(0.0,0.0,1.0));
#6367=AXIS2_PLACEMENT_3D('',#6364,#6365,#6366);
#6368=PLANE('',#6367);
#6369=CARTESIAN_POINT('',(-0.082677165354331,-0.139763779527559,0.066535433070866));
#6370=VERTEX_POINT('',#6369);
#6371=CARTESIAN_POINT('',(-0.082677165354331,-0.139763779527559,0.066535433070866));
#6372=DIRECTION('',(0.0,1.0,0.0));
#6373=VECTOR('',#6372,0.015748031496063);
#6374=LINE('',#6371,#6373);
#6375=EDGE_CURVE('',#6370,#6198,#6374,.T.);
#6376=ORIENTED_EDGE('',*,*,#6375,.F.);
#6377=CARTESIAN_POINT('',(-0.082677165354331,-0.139763779527559,0.119685039370079));
#6378=DIRECTION('',(0.0,0.0,-1.0));
#6379=VECTOR('',#6378,0.053149606299213);
#6380=LINE('',#6377,#6379);
#6381=EDGE_CURVE('',#6116,#6370,#6380,.T.);
#6382=ORIENTED_EDGE('',*,*,#6381,.F.);
#6383=ORIENTED_EDGE('',*,*,#6122,.F.);
#6384=CARTESIAN_POINT('',(-0.082677165354331,-0.12992125984252,0.129527559055118));
#6385=DIRECTION('',(0.0,1.0,0.0));
#6386=VECTOR('',#6385,0.011811023622047);
#6387=LINE('',#6384,#6386);
#6388=EDGE_CURVE('',#6108,#1637,#6387,.T.);
#6389=ORIENTED_EDGE('',*,*,#6388,.T.);
#6390=ORIENTED_EDGE('',*,*,#1642,.F.);
#6391=CARTESIAN_POINT('',(-0.082677165354331,-0.124015748031496,0.113779527559055));
#6392=DIRECTION('',(0.0,1.0,0.0));
#6393=VECTOR('',#6392,0.005905511811023);
#6394=LINE('',#6391,#6393);
#6395=EDGE_CURVE('',#6207,#1629,#6394,.T.);
#6396=ORIENTED_EDGE('',*,*,#6395,.F.);
#6397=ORIENTED_EDGE('',*,*,#6212,.T.);
#6398=EDGE_LOOP('',(#6376,#6382,#6383,#6389,#6390,#6396,#6397));
#6399=FACE_OUTER_BOUND('',#6398,.T.);
#6400=ADVANCED_FACE('',(#6399),#6368,.T.);
#6401=CARTESIAN_POINT('',(-0.098425196850394,-0.140551181102362,0.066535433070866));
#6402=DIRECTION('',(0.0,1.0,0.0));
#6403=DIRECTION('',(-0.707106781186547,0.0,0.707106781186548));
#6404=AXIS2_PLACEMENT_3D('',#6401,#6402,#6403);
#6405=CYLINDRICAL_SURFACE('',#6404,0.015748031496063);
#6406=CARTESIAN_POINT('',(-0.098425196850394,-0.139763779527559,0.066535433070866));
#6407=DIRECTION('',(0.0,-1.0,0.0));
#6408=DIRECTION('',(0.707106781186548,0.0,-0.707106781186547));
#6409=AXIS2_PLACEMENT_3D('',#6406,#6407,#6408);
#6410=CIRCLE('',#6409,0.015748031496063);
#6411=EDGE_CURVE('',#6321,#6370,#6410,.T.);
#6412=ORIENTED_EDGE('',*,*,#6411,.T.);
#6413=ORIENTED_EDGE('',*,*,#6375,.T.);
#6414=ORIENTED_EDGE('',*,*,#6204,.T.);
#6415=ORIENTED_EDGE('',*,*,#6326,.T.);
#6416=EDGE_LOOP('',(#6412,#6413,#6414,#6415));
#6417=FACE_OUTER_BOUND('',#6416,.T.);
#6418=ADVANCED_FACE('',(#6417),#6405,.F.);
#6419=CARTESIAN_POINT('',(-0.200590551181102,-0.139763779527559,0.131988188976378));
#6420=DIRECTION('',(0.0,-1.0,0.0));
#6421=DIRECTION('',(0.0,0.0,-1.0));
#6422=AXIS2_PLACEMENT_3D('',#6419,#6420,#6421);
#6423=PLANE('',#6422);
#6424=CARTESIAN_POINT('',(-0.15748031496063,-0.139763779527559,0.033612537920954));
#6425=VERTEX_POINT('',#6424);
#6426=CARTESIAN_POINT('',(-0.141732283464567,-0.139763779527559,0.033612537920954));
#6427=DIRECTION('',(0.0,1.0,0.0));
#6428=DIRECTION('',(-0.834841092238268,0.0,-0.550491008746207));
#6429=AXIS2_PLACEMENT_3D('',#6426,#6427,#6428);
#6430=CIRCLE('',#6429,0.015748031496063);
#6431=EDGE_CURVE('',#4141,#6425,#6430,.T.);
#6432=ORIENTED_EDGE('',*,*,#6431,.F.);
#6433=ORIENTED_EDGE('',*,*,#4159,.T.);
#6434=ORIENTED_EDGE('',*,*,#4122,.T.);
#6435=ORIENTED_EDGE('',*,*,#4041,.T.);
#6436=ORIENTED_EDGE('',*,*,#4612,.T.);
#6437=ORIENTED_EDGE('',*,*,#4314,.T.);
#6438=ORIENTED_EDGE('',*,*,#4360,.F.);
#6439=ORIENTED_EDGE('',*,*,#3982,.T.);
#6440=ORIENTED_EDGE('',*,*,#3945,.T.);
#6441=ORIENTED_EDGE('',*,*,#3914,.T.);
#6442=ORIENTED_EDGE('',*,*,#4223,.T.);
#6443=ORIENTED_EDGE('',*,*,#4498,.F.);
#6444=ORIENTED_EDGE('',*,*,#4587,.F.);
#6445=ORIENTED_EDGE('',*,*,#6063,.T.);
#6446=ORIENTED_EDGE('',*,*,#6128,.F.);
#6447=ORIENTED_EDGE('',*,*,#6381,.T.);
#6448=ORIENTED_EDGE('',*,*,#6411,.F.);
#6449=ORIENTED_EDGE('',*,*,#6341,.T.);
#6450=ORIENTED_EDGE('',*,*,#6356,.F.);
#6451=ORIENTED_EDGE('',*,*,#6292,.T.);
#6452=ORIENTED_EDGE('',*,*,#6309,.F.);
#6453=ORIENTED_EDGE('',*,*,#4199,.T.);
#6454=ORIENTED_EDGE('',*,*,#6260,.F.);
#6455=CARTESIAN_POINT('',(-0.15748031496063,-0.139763779527559,0.086220472440945));
#6456=DIRECTION('',(0.0,0.0,-1.0));
#6457=VECTOR('',#6456,0.052607934519991);
#6458=LINE('',#6455,#6457);
#6459=EDGE_CURVE('',#6248,#6425,#6458,.T.);
#6460=ORIENTED_EDGE('',*,*,#6459,.T.);
#6461=EDGE_LOOP('',(#6432,#6433,#6434,#6435,#6436,#6437,#6438,#6439,#6440,#6441,#6442,#6443,#6444,#6445,#6446,#6447,#6448,#6449,#6450,#6451,#6452,#6453,#6454,#6460));
#6462=FACE_OUTER_BOUND('',#6461,.T.);
#6463=ADVANCED_FACE('',(#6462),#6423,.T.);
#6464=CARTESIAN_POINT('',(-0.15748031496063,-0.140551181102362,0.030982141194954));
#6465=DIRECTION('',(-1.0,0.0,0.0));
#6466=DIRECTION('',(0.0,0.0,1.0));
#6467=AXIS2_PLACEMENT_3D('',#6464,#6465,#6466);
#6468=PLANE('',#6467);
#6469=CARTESIAN_POINT('',(-0.15748031496063,-0.139763779527559,0.033612537920954));
#6470=DIRECTION('',(0.0,1.0,0.0));
#6471=VECTOR('',#6470,0.015748031496063);
#6472=LINE('',#6469,#6471);
#6473=EDGE_CURVE('',#6425,#6139,#6472,.T.);
#6474=ORIENTED_EDGE('',*,*,#6473,.F.);
#6475=ORIENTED_EDGE('',*,*,#6459,.F.);
#6476=ORIENTED_EDGE('',*,*,#6253,.F.);
#6477=ORIENTED_EDGE('',*,*,#6153,.T.);
#6478=EDGE_LOOP('',(#6474,#6475,#6476,#6477));
#6479=FACE_OUTER_BOUND('',#6478,.T.);
#6480=ADVANCED_FACE('',(#6479),#6468,.T.);
#6481=CARTESIAN_POINT('',(-0.141732283464567,-0.140551181102362,0.033612537920954));
#6482=DIRECTION('',(0.0,1.0,0.0));
#6483=DIRECTION('',(0.834841092238272,0.0,0.550491008746199));
#6484=AXIS2_PLACEMENT_3D('',#6481,#6482,#6483);
#6485=CYLINDRICAL_SURFACE('',#6484,0.015748031496063);
#6486=ORIENTED_EDGE('',*,*,#6145,.T.);
#6487=ORIENTED_EDGE('',*,*,#4146,.T.);
#6488=ORIENTED_EDGE('',*,*,#6431,.T.);
#6489=ORIENTED_EDGE('',*,*,#6473,.T.);
#6490=EDGE_LOOP('',(#6486,#6487,#6488,#6489));
#6491=FACE_OUTER_BOUND('',#6490,.T.);
#6492=ADVANCED_FACE('',(#6491),#6485,.T.);
#6493=CARTESIAN_POINT('',(-0.101645470546182,0.140551181102362,0.066535433070866));
#6494=DIRECTION('',(0.0,-1.0,0.0));
#6495=DIRECTION('',(0.622551400810111,0.0,0.782578911899221));
#6496=AXIS2_PLACEMENT_3D('',#6493,#6494,#6495);
#6497=CYLINDRICAL_SURFACE('',#6496,0.015748031496063);
#6498=CARTESIAN_POINT('',(-0.101645470546182,0.139763779527559,0.050787401574803));
#6499=VERTEX_POINT('',#6498);
#6500=CARTESIAN_POINT('',(-0.116990213785468,0.139763779527559,0.062994338477185));
#6501=VERTEX_POINT('',#6500);
#6502=CARTESIAN_POINT('',(-0.101645470546182,0.139763779527559,0.066535433070866));
#6503=DIRECTION('',(0.0,1.0,0.0));
#6504=DIRECTION('',(-0.622551400810103,0.0,-0.782578911899227));
#6505=AXIS2_PLACEMENT_3D('',#6502,#6503,#6504);
#6506=CIRCLE('',#6505,0.015748031496063);
#6507=EDGE_CURVE('',#6499,#6501,#6506,.T.);
#6508=ORIENTED_EDGE('',*,*,#6507,.T.);
#6509=CARTESIAN_POINT('',(-0.116990213785468,0.139763779527559,0.062994338477185));
#6510=DIRECTION('',(0.0,-1.0,0.0));
#6511=VECTOR('',#6510,0.015748031496063);
#6512=LINE('',#6509,#6511);
#6513=EDGE_CURVE('',#6501,#5043,#6512,.T.);
#6514=ORIENTED_EDGE('',*,*,#6513,.T.);
#6515=ORIENTED_EDGE('',*,*,#5049,.T.);
#6516=CARTESIAN_POINT('',(-0.101645470546182,0.124015748031496,0.050787401574803));
#6517=DIRECTION('',(0.0,1.0,0.0));
#6518=VECTOR('',#6517,0.015748031496063);
#6519=LINE('',#6516,#6518);
#6520=EDGE_CURVE('',#5035,#6499,#6519,.T.);
#6521=ORIENTED_EDGE('',*,*,#6520,.T.);
#6522=EDGE_LOOP('',(#6508,#6514,#6515,#6521));
#6523=FACE_OUTER_BOUND('',#6522,.T.);
#6524=ADVANCED_FACE('',(#6523),#6497,.F.);
#6525=CARTESIAN_POINT('',(-0.101806484230971,0.123228346456693,0.050787401574803));
#6526=DIRECTION('',(0.0,0.0,1.0));
#6527=DIRECTION('',(1.0,0.0,0.0));
#6528=AXIS2_PLACEMENT_3D('',#6525,#6526,#6527);
#6529=PLANE('',#6528);
#6530=CARTESIAN_POINT('',(-0.098425196850394,0.139763779527559,0.050787401574803));
#6531=VERTEX_POINT('',#6530);
#6532=CARTESIAN_POINT('',(-0.098425196850394,0.139763779527559,0.050787401574803));
#6533=DIRECTION('',(0.0,-1.0,0.0));
#6534=VECTOR('',#6533,0.015748031496063);
#6535=LINE('',#6532,#6534);
#6536=EDGE_CURVE('',#6531,#5026,#6535,.T.);
#6537=ORIENTED_EDGE('',*,*,#6536,.F.);
#6538=CARTESIAN_POINT('',(-0.098425196850394,0.139763779527559,0.050787401574803));
#6539=DIRECTION('',(-1.0,0.0,0.0));
#6540=VECTOR('',#6539,0.003220273695788);
#6541=LINE('',#6538,#6540);
#6542=EDGE_CURVE('',#6531,#6499,#6541,.T.);
#6543=ORIENTED_EDGE('',*,*,#6542,.T.);
#6544=ORIENTED_EDGE('',*,*,#6520,.F.);
#6545=ORIENTED_EDGE('',*,*,#5040,.F.);
#6546=EDGE_LOOP('',(#6537,#6543,#6544,#6545));
#6547=FACE_OUTER_BOUND('',#6546,.T.);
#6548=ADVANCED_FACE('',(#6547),#6529,.T.);
#6549=CARTESIAN_POINT('',(-0.098425196850394,0.140551181102362,0.066535433070866));
#6550=DIRECTION('',(0.0,-1.0,0.0));
#6551=DIRECTION('',(-0.707106781186548,0.0,0.707106781186548));
#6552=AXIS2_PLACEMENT_3D('',#6549,#6550,#6551);
#6553=CYLINDRICAL_SURFACE('',#6552,0.015748031496063);
#6554=CARTESIAN_POINT('',(-0.098425196850394,0.139763779527559,0.066535433070866));
#6555=DIRECTION('',(0.0,1.0,0.0));
#6556=DIRECTION('',(0.707106781186548,0.0,-0.707106781186547));
#6557=AXIS2_PLACEMENT_3D('',#6554,#6555,#6556);
#6558=CIRCLE('',#6557,0.015748031496063);
#6559=EDGE_CURVE('',#4848,#6531,#6558,.T.);
#6560=ORIENTED_EDGE('',*,*,#6559,.T.);
#6561=ORIENTED_EDGE('',*,*,#6536,.T.);
#6562=ORIENTED_EDGE('',*,*,#5032,.T.);
#6563=ORIENTED_EDGE('',*,*,#4853,.T.);
#6564=EDGE_LOOP('',(#6560,#6561,#6562,#6563));
#6565=FACE_OUTER_BOUND('',#6564,.T.);
#6566=ADVANCED_FACE('',(#6565),#6553,.F.);
#6567=CARTESIAN_POINT('',(-0.123476119166694,0.123228346456693,0.091099928462498));
#6568=DIRECTION('',(0.97439119569462,0.0,0.22485950669876));
#6569=DIRECTION('',(0.22485950669876,0.0,-0.97439119569462));
#6570=AXIS2_PLACEMENT_3D('',#6567,#6568,#6569);
#6571=PLANE('',#6570);
#6572=CARTESIAN_POINT('',(-0.123167266529493,0.139763779527559,0.089761567034626));
#6573=VERTEX_POINT('',#6572);
#6574=CARTESIAN_POINT('',(-0.123167266529493,0.124015748031496,0.089761567034626));
#6575=DIRECTION('',(0.0,1.0,0.0));
#6576=VECTOR('',#6575,0.015748031496063);
#6577=LINE('',#6574,#6576);
#6578=EDGE_CURVE('',#5052,#6573,#6577,.T.);
#6579=ORIENTED_EDGE('',*,*,#6578,.F.);
#6580=ORIENTED_EDGE('',*,*,#5057,.F.);
#6581=ORIENTED_EDGE('',*,*,#6513,.F.);
#6582=CARTESIAN_POINT('',(-0.116990213785468,0.139763779527559,0.062994338477185));
#6583=DIRECTION('',(-0.22485950669876,0.0,0.97439119569462));
#6584=VECTOR('',#6583,0.02747072087239);
#6585=LINE('',#6582,#6584);
#6586=EDGE_CURVE('',#6501,#6573,#6585,.T.);
#6587=ORIENTED_EDGE('',*,*,#6586,.T.);
#6588=EDGE_LOOP('',(#6579,#6580,#6581,#6587));
#6589=FACE_OUTER_BOUND('',#6588,.T.);
#6590=ADVANCED_FACE('',(#6589),#6571,.T.);
#6591=CARTESIAN_POINT('',(-0.138512009768778,0.140551181102362,0.086220472440945));
#6592=DIRECTION('',(0.0,-1.0,0.0));
#6593=DIRECTION('',(-0.622551400810106,0.0,-0.782578911899225));
#6594=AXIS2_PLACEMENT_3D('',#6591,#6592,#6593);
#6595=CYLINDRICAL_SURFACE('',#6594,0.015748031496063);
#6596=ORIENTED_EDGE('',*,*,#5066,.T.);
#6597=ORIENTED_EDGE('',*,*,#6578,.T.);
#6598=CARTESIAN_POINT('',(-0.138512009768778,0.139763779527559,0.086220472440945));
#6599=DIRECTION('',(0.0,-1.0,0.0));
#6600=DIRECTION('',(0.622551400810101,0.0,0.782578911899229));
#6601=AXIS2_PLACEMENT_3D('',#6598,#6599,#6600);
#6602=CIRCLE('',#6601,0.015748031496063);
#6603=EDGE_CURVE('',#6573,#5398,#6602,.T.);
#6604=ORIENTED_EDGE('',*,*,#6603,.T.);
#6605=ORIENTED_EDGE('',*,*,#5403,.T.);
#6606=EDGE_LOOP('',(#6596,#6597,#6604,#6605));
#6607=FACE_OUTER_BOUND('',#6606,.T.);
#6608=ADVANCED_FACE('',(#6607),#6595,.T.);
#6609=CARTESIAN_POINT('',(-0.141732283464567,0.140551181102362,0.086220472440945));
#6610=DIRECTION('',(0.0,-1.0,0.0));
#6611=DIRECTION('',(0.707106781186548,0.0,-0.707106781186547));
#6612=AXIS2_PLACEMENT_3D('',#6609,#6610,#6611);
#6613=CYLINDRICAL_SURFACE('',#6612,0.015748031496063);
#6614=ORIENTED_EDGE('',*,*,#5083,.T.);
#6615=ORIENTED_EDGE('',*,*,#5394,.T.);
#6616=CARTESIAN_POINT('',(-0.15748031496063,0.139763779527559,0.086220472440945));
#6617=VERTEX_POINT('',#6616);
#6618=CARTESIAN_POINT('',(-0.141732283464567,0.139763779527559,0.086220472440945));
#6619=DIRECTION('',(0.0,-1.0,0.0));
#6620=DIRECTION('',(-0.707106781186548,0.0,0.707106781186547));
#6621=AXIS2_PLACEMENT_3D('',#6618,#6619,#6620);
#6622=CIRCLE('',#6621,0.015748031496063);
#6623=EDGE_CURVE('',#5389,#6617,#6622,.T.);
#6624=ORIENTED_EDGE('',*,*,#6623,.T.);
#6625=CARTESIAN_POINT('',(-0.15748031496063,0.139763779527559,0.086220472440945));
#6626=DIRECTION('',(0.0,-1.0,0.0));
#6627=VECTOR('',#6626,0.015748031496063);
#6628=LINE('',#6625,#6627);
#6629=EDGE_CURVE('',#6617,#5077,#6628,.T.);
#6630=ORIENTED_EDGE('',*,*,#6629,.T.);
#6631=EDGE_LOOP('',(#6614,#6615,#6624,#6630));
#6632=FACE_OUTER_BOUND('',#6631,.T.);
#6633=ADVANCED_FACE('',(#6632),#6613,.T.);
#6634=CARTESIAN_POINT('',(-0.15748031496063,0.123228346456693,0.030982141194954));
#6635=DIRECTION('',(-1.0,0.0,0.0));
#6636=DIRECTION('',(0.0,0.0,1.0));
#6637=AXIS2_PLACEMENT_3D('',#6634,#6635,#6636);
#6638=PLANE('',#6637);
#6639=CARTESIAN_POINT('',(-0.15748031496063,0.139763779527559,0.033612537920954));
#6640=VERTEX_POINT('',#6639);
#6641=CARTESIAN_POINT('',(-0.15748031496063,0.124015748031496,0.033612537920954));
#6642=DIRECTION('',(0.0,1.0,0.0));
#6643=VECTOR('',#6642,0.015748031496063);
#6644=LINE('',#6641,#6643);
#6645=EDGE_CURVE('',#4904,#6640,#6644,.T.);
#6646=ORIENTED_EDGE('',*,*,#6645,.F.);
#6647=ORIENTED_EDGE('',*,*,#5089,.F.);
#6648=ORIENTED_EDGE('',*,*,#6629,.F.);
#6649=CARTESIAN_POINT('',(-0.15748031496063,0.139763779527559,0.086220472440945));
#6650=DIRECTION('',(0.0,0.0,-1.0));
#6651=VECTOR('',#6650,0.052607934519991);
#6652=LINE('',#6649,#6651);
#6653=EDGE_CURVE('',#6617,#6640,#6652,.T.);
#6654=ORIENTED_EDGE('',*,*,#6653,.T.);
#6655=EDGE_LOOP('',(#6646,#6647,#6648,#6654));
#6656=FACE_OUTER_BOUND('',#6655,.T.);
#6657=ADVANCED_FACE('',(#6656),#6638,.T.);
#6658=CARTESIAN_POINT('',(-0.200590551181102,0.139763779527559,-0.138681102362204));
#6659=DIRECTION('',(0.0,1.0,0.0));
#6660=DIRECTION('',(0.0,0.0,1.0));
#6661=AXIS2_PLACEMENT_3D('',#6658,#6659,#6660);
#6662=PLANE('',#6661);
#6663=CARTESIAN_POINT('',(-0.141732283464567,0.139763779527559,0.033612537920954));
#6664=DIRECTION('',(0.0,-1.0,0.0));
#6665=DIRECTION('',(-0.834841092238268,0.0,-0.550491008746207));
#6666=AXIS2_PLACEMENT_3D('',#6663,#6664,#6665);
#6667=CIRCLE('',#6666,0.015748031496063);
#6668=EDGE_CURVE('',#6640,#5365,#6667,.T.);
#6669=ORIENTED_EDGE('',*,*,#6668,.F.);
#6670=ORIENTED_EDGE('',*,*,#6653,.F.);
#6671=ORIENTED_EDGE('',*,*,#6623,.F.);
#6672=ORIENTED_EDGE('',*,*,#5409,.F.);
#6673=ORIENTED_EDGE('',*,*,#6603,.F.);
#6674=ORIENTED_EDGE('',*,*,#6586,.F.);
#6675=ORIENTED_EDGE('',*,*,#6507,.F.);
#6676=ORIENTED_EDGE('',*,*,#6542,.F.);
#6677=ORIENTED_EDGE('',*,*,#6559,.F.);
#6678=ORIENTED_EDGE('',*,*,#4891,.F.);
#6679=ORIENTED_EDGE('',*,*,#6038,.F.);
#6680=ORIENTED_EDGE('',*,*,#6016,.F.);
#6681=ORIENTED_EDGE('',*,*,#5633,.F.);
#6682=ORIENTED_EDGE('',*,*,#5607,.F.);
#6683=ORIENTED_EDGE('',*,*,#5176,.F.);
#6684=ORIENTED_EDGE('',*,*,#5199,.F.);
#6685=ORIENTED_EDGE('',*,*,#5223,.F.);
#6686=ORIENTED_EDGE('',*,*,#5463,.F.);
#6687=ORIENTED_EDGE('',*,*,#5482,.F.);
#6688=ORIENTED_EDGE('',*,*,#5884,.F.);
#6689=ORIENTED_EDGE('',*,*,#5650,.F.);
#6690=ORIENTED_EDGE('',*,*,#5299,.F.);
#6691=ORIENTED_EDGE('',*,*,#5353,.F.);
#6692=ORIENTED_EDGE('',*,*,#5376,.F.);
#6693=EDGE_LOOP('',(#6669,#6670,#6671,#6672,#6673,#6674,#6675,#6676,#6677,#6678,#6679,#6680,#6681,#6682,#6683,#6684,#6685,#6686,#6687,#6688,#6689,#6690,#6691,#6692));
#6694=FACE_OUTER_BOUND('',#6693,.T.);
#6695=ADVANCED_FACE('',(#6694),#6662,.T.);
#6696=CARTESIAN_POINT('',(-0.141732283464567,0.140551181102362,0.033612537920954));
#6697=DIRECTION('',(0.0,-1.0,0.0));
#6698=DIRECTION('',(0.834841092238273,0.0,0.550491008746199));
#6699=AXIS2_PLACEMENT_3D('',#6696,#6697,#6698);
#6700=CYLINDRICAL_SURFACE('',#6699,0.015748031496063);
#6701=ORIENTED_EDGE('',*,*,#4910,.T.);
#6702=ORIENTED_EDGE('',*,*,#6645,.T.);
#6703=ORIENTED_EDGE('',*,*,#6668,.T.);
#6704=ORIENTED_EDGE('',*,*,#5370,.T.);
#6705=EDGE_LOOP('',(#6701,#6702,#6703,#6704));
#6706=FACE_OUTER_BOUND('',#6705,.T.);
#6707=ADVANCED_FACE('',(#6706),#6700,.T.);
#6708=CARTESIAN_POINT('',(-0.088976377952756,0.117814960629921,0.113779527559055));
#6709=DIRECTION('',(0.0,0.0,1.0));
#6710=DIRECTION('',(1.0,0.0,0.0));
#6711=AXIS2_PLACEMENT_3D('',#6708,#6709,#6710);
#6712=PLANE('',#6711);
#6713=ORIENTED_EDGE('',*,*,#1924,.F.);
#6714=ORIENTED_EDGE('',*,*,#4867,.T.);
#6715=ORIENTED_EDGE('',*,*,#5022,.T.);
#6716=ORIENTED_EDGE('',*,*,#6004,.T.);
#6717=EDGE_LOOP('',(#6713,#6714,#6715,#6716));
#6718=FACE_OUTER_BOUND('',#6717,.T.);
#6719=ADVANCED_FACE('',(#6718),#6712,.F.);
#6720=CARTESIAN_POINT('',(-0.088976377952756,-0.124311023622047,0.113779527559055));
#6721=DIRECTION('',(0.0,0.0,1.0));
#6722=DIRECTION('',(1.0,0.0,0.0));
#6723=AXIS2_PLACEMENT_3D('',#6720,#6721,#6722);
#6724=PLANE('',#6723);
#6725=ORIENTED_EDGE('',*,*,#1634,.F.);
#6726=ORIENTED_EDGE('',*,*,#6089,.T.);
#6727=ORIENTED_EDGE('',*,*,#6218,.T.);
#6728=ORIENTED_EDGE('',*,*,#6395,.T.);
#6729=EDGE_LOOP('',(#6725,#6726,#6727,#6728));
#6730=FACE_OUTER_BOUND('',#6729,.T.);
#6731=ADVANCED_FACE('',(#6730),#6724,.F.);
#6732=CARTESIAN_POINT('',(-0.149114173228347,-0.12992125984252,0.113779527559055));
#6733=DIRECTION('',(0.0,0.0,1.0));
#6734=DIRECTION('',(1.0,0.0,0.0));
#6735=AXIS2_PLACEMENT_3D('',#6732,#6733,#6734);
#6736=PLANE('',#6735);
#6737=ORIENTED_EDGE('',*,*,#2072,.F.);
#6738=ORIENTED_EDGE('',*,*,#1666,.T.);
#6739=ORIENTED_EDGE('',*,*,#3851,.T.);
#6740=ORIENTED_EDGE('',*,*,#2036,.T.);
#6741=EDGE_LOOP('',(#6737,#6738,#6739,#6740));
#6742=FACE_OUTER_BOUND('',#6741,.T.);
#6743=ADVANCED_FACE('',(#6742),#6736,.F.);
#6744=CARTESIAN_POINT('',(-0.160925196850394,-0.142913385826772,0.129527559055118));
#6745=DIRECTION('',(0.0,0.0,1.0));
#6746=DIRECTION('',(1.0,0.0,0.0));
#6747=AXIS2_PLACEMENT_3D('',#6744,#6745,#6746);
#6748=PLANE('',#6747);
#6749=ORIENTED_EDGE('',*,*,#6113,.F.);
#6750=ORIENTED_EDGE('',*,*,#6096,.F.);
#6751=ORIENTED_EDGE('',*,*,#1778,.F.);
#6752=ORIENTED_EDGE('',*,*,#1838,.F.);
#6753=ORIENTED_EDGE('',*,*,#1938,.F.);
#6754=ORIENTED_EDGE('',*,*,#5997,.F.);
#6755=ORIENTED_EDGE('',*,*,#6031,.F.);
#6756=ORIENTED_EDGE('',*,*,#4876,.T.);
#6757=ORIENTED_EDGE('',*,*,#2052,.F.);
#6758=ORIENTED_EDGE('',*,*,#3844,.F.);
#6759=ORIENTED_EDGE('',*,*,#1650,.F.);
#6760=ORIENTED_EDGE('',*,*,#6388,.F.);
#6761=EDGE_LOOP('',(#6749,#6750,#6751,#6752,#6753,#6754,#6755,#6756,#6757,#6758,#6759,#6760));
#6762=FACE_OUTER_BOUND('',#6761,.T.);
#6763=ORIENTED_EDGE('',*,*,#3795,.F.);
#6764=EDGE_LOOP('',(#6763));
#6765=FACE_BOUND('',#6764,.T.);
#6766=ORIENTED_EDGE('',*,*,#3748,.F.);
#6767=EDGE_LOOP('',(#6766));
#6768=FACE_BOUND('',#6767,.T.);
#6769=ORIENTED_EDGE('',*,*,#3701,.T.);
#6770=EDGE_LOOP('',(#6769));
#6771=FACE_BOUND('',#6770,.T.);
#6772=ORIENTED_EDGE('',*,*,#3654,.T.);
#6773=EDGE_LOOP('',(#6772));
#6774=FACE_BOUND('',#6773,.T.);
#6775=ORIENTED_EDGE('',*,*,#3869,.T.);
#6776=EDGE_LOOP('',(#6775));
#6777=FACE_BOUND('',#6776,.T.);
#6778=ADVANCED_FACE('',(#6762,#6765,#6768,#6771,#6774,#6777),#6748,.T.);
#6779=CARTESIAN_POINT('',(-0.006299212598425,-0.124311023622047,1.092739E-016));
#6780=DIRECTION('',(0.0,0.0,1.0));
#6781=DIRECTION('',(1.0,0.0,0.0));
#6782=AXIS2_PLACEMENT_3D('',#6779,#6780,#6781);
#6783=PLANE('',#6782);
#6784=ORIENTED_EDGE('',*,*,#1722,.F.);
#6785=ORIENTED_EDGE('',*,*,#4416,.F.);
#6786=ORIENTED_EDGE('',*,*,#4465,.F.);
#6787=ORIENTED_EDGE('',*,*,#6225,.F.);
#6788=ORIENTED_EDGE('',*,*,#6075,.F.);
#6789=EDGE_LOOP('',(#6784,#6785,#6786,#6787,#6788));
#6790=FACE_OUTER_BOUND('',#6789,.T.);
#6791=ADVANCED_FACE('',(#6790),#6783,.T.);
#6792=CARTESIAN_POINT('',(-0.065696736227875,0.0616,0.166929133858268));
#6793=DIRECTION('',(0.0,0.0,-1.0));
#6794=DIRECTION('',(-1.0,0.0,0.0));
#6795=AXIS2_PLACEMENT_3D('',#6792,#6793,#6794);
#6796=PLANE('',#6795);
#6797=ORIENTED_EDGE('',*,*,#559,.T.);
#6798=CARTESIAN_POINT('',(-8.249654E-035,1.873156E-033,0.166929133858268));
#6799=DIRECTION('',(0.0,0.0,-1.0));
#6800=DIRECTION('',(1.0,0.0,0.0));
#6801=AXIS2_PLACEMENT_3D('',#6798,#6799,#6800);
#6802=CIRCLE('',#6801,0.059732844619331);
#6803=EDGE_CURVE('',#1268,#546,#6802,.T.);
#6804=ORIENTED_EDGE('',*,*,#6803,.F.);
#6805=ORIENTED_EDGE('',*,*,#1273,.T.);
#6806=ORIENTED_EDGE('',*,*,#1085,.T.);
#6807=CARTESIAN_POINT('',(-8.249654E-035,1.873156E-033,0.166929133858268));
#6808=DIRECTION('',(0.0,0.0,-1.0));
#6809=DIRECTION('',(1.0,0.0,0.0));
#6810=AXIS2_PLACEMENT_3D('',#6807,#6808,#6809);
#6811=CIRCLE('',#6810,0.059732844619331);
#6812=EDGE_CURVE('',#1040,#1072,#6811,.T.);
#6813=ORIENTED_EDGE('',*,*,#6812,.F.);
#6814=ORIENTED_EDGE('',*,*,#1045,.T.);
#6815=ORIENTED_EDGE('',*,*,#1262,.T.);
#6816=CARTESIAN_POINT('',(-8.249654E-035,1.873156E-033,0.166929133858268));
#6817=DIRECTION('',(0.0,0.0,-1.0));
#6818=DIRECTION('',(1.0,0.0,0.0));
#6819=AXIS2_PLACEMENT_3D('',#6816,#6817,#6818);
#6820=CIRCLE('',#6819,0.059732844619331);
#6821=EDGE_CURVE('',#601,#1251,#6820,.T.);
#6822=ORIENTED_EDGE('',*,*,#6821,.F.);
#6823=ORIENTED_EDGE('',*,*,#606,.T.);
#6824=CARTESIAN_POINT('',(-8.249654E-035,1.873156E-033,0.166929133858268));
#6825=DIRECTION('',(0.0,0.0,-1.0));
#6826=DIRECTION('',(1.0,0.0,0.0));
#6827=AXIS2_PLACEMENT_3D('',#6824,#6825,#6826);
#6828=CIRCLE('',#6827,0.059732844619331);
#6829=EDGE_CURVE('',#675,#593,#6828,.T.);
#6830=ORIENTED_EDGE('',*,*,#6829,.F.);
#6831=ORIENTED_EDGE('',*,*,#680,.T.);
#6832=ORIENTED_EDGE('',*,*,#1154,.T.);
#6833=CARTESIAN_POINT('',(-8.249654E-035,1.873156E-033,0.166929133858268));
#6834=DIRECTION('',(0.0,0.0,-1.0));
#6835=DIRECTION('',(1.0,0.0,0.0));
#6836=AXIS2_PLACEMENT_3D('',#6833,#6834,#6835);
#6837=CIRCLE('',#6836,0.059732844619331);
#6838=EDGE_CURVE('',#1207,#1143,#6837,.T.);
#6839=ORIENTED_EDGE('',*,*,#6838,.F.);
#6840=ORIENTED_EDGE('',*,*,#1212,.T.);
#6841=ORIENTED_EDGE('',*,*,#648,.T.);
#6842=CARTESIAN_POINT('',(-8.249654E-035,1.873156E-033,0.166929133858268));
#6843=DIRECTION('',(0.0,0.0,-1.0));
#6844=DIRECTION('',(1.0,0.0,0.0));
#6845=AXIS2_PLACEMENT_3D('',#6842,#6843,#6844);
#6846=CIRCLE('',#6845,0.059732844619331);
#6847=EDGE_CURVE('',#554,#635,#6846,.T.);
#6848=ORIENTED_EDGE('',*,*,#6847,.F.);
#6849=EDGE_LOOP('',(#6797,#6804,#6805,#6806,#6813,#6814,#6815,#6822,#6823,#6830,#6831,#6832,#6839,#6840,#6841,#6848));
#6850=FACE_OUTER_BOUND('',#6849,.T.);
#6851=CARTESIAN_POINT('',(0.033464566929134,0.033464566929134,0.166929133858268));
#6852=VERTEX_POINT('',#6851);
#6853=CARTESIAN_POINT('',(0.033464566929134,-0.033464566929134,0.166929133858268));
#6854=VERTEX_POINT('',#6853);
#6855=CARTESIAN_POINT('',(0.033464566929134,0.033464566929134,0.166929133858268));
#6856=DIRECTION('',(0.0,-1.0,0.0));
#6857=VECTOR('',#6856,0.066929133858268);
#6858=LINE('',#6855,#6857);
#6859=EDGE_CURVE('',#6852,#6854,#6858,.T.);
#6860=ORIENTED_EDGE('',*,*,#6859,.T.);
#6861=CARTESIAN_POINT('',(-0.033464566929134,-0.033464566929134,0.166929133858268));
#6862=VERTEX_POINT('',#6861);
#6863=CARTESIAN_POINT('',(0.033464566929134,-0.033464566929134,0.166929133858268));
#6864=DIRECTION('',(-1.0,0.0,0.0));
#6865=VECTOR('',#6864,0.066929133858268);
#6866=LINE('',#6863,#6865);
#6867=EDGE_CURVE('',#6854,#6862,#6866,.T.);
#6868=ORIENTED_EDGE('',*,*,#6867,.T.);
#6869=CARTESIAN_POINT('',(-0.033464566929134,0.033464566929134,0.166929133858268));
#6870=VERTEX_POINT('',#6869);
#6871=CARTESIAN_POINT('',(-0.033464566929134,-0.033464566929134,0.166929133858268));
#6872=DIRECTION('',(0.0,1.0,0.0));
#6873=VECTOR('',#6872,0.066929133858268);
#6874=LINE('',#6871,#6873);
#6875=EDGE_CURVE('',#6862,#6870,#6874,.T.);
#6876=ORIENTED_EDGE('',*,*,#6875,.T.);
#6877=CARTESIAN_POINT('',(-0.033464566929134,0.033464566929134,0.166929133858268));
#6878=DIRECTION('',(1.0,0.0,0.0));
#6879=VECTOR('',#6878,0.066929133858268);
#6880=LINE('',#6877,#6879);
#6881=EDGE_CURVE('',#6870,#6852,#6880,.T.);
#6882=ORIENTED_EDGE('',*,*,#6881,.T.);
#6883=EDGE_LOOP('',(#6860,#6868,#6876,#6882));
#6884=FACE_BOUND('',#6883,.T.);
#6885=ADVANCED_FACE('',(#6850,#6884),#6796,.F.);
#6886=CARTESIAN_POINT('',(-8.249654E-035,1.873156E-033,-32.673576605832245));
#6887=DIRECTION('',(0.0,0.0,-1.0));
#6888=DIRECTION('',(-1.0,0.0,0.0));
#6889=AXIS2_PLACEMENT_3D('',#6886,#6887,#6888);
#6890=CONICAL_SURFACE('',#6889,1.0,1.63);
#6891=CARTESIAN_POINT('',(-0.066929133858268,-8.196455E-018,0.115748031496063));
#6892=VERTEX_POINT('',#6891);
#6893=CARTESIAN_POINT('',(-8.249654E-035,1.873156E-033,0.115748031496063));
#6894=DIRECTION('',(0.0,0.0,-1.0));
#6895=DIRECTION('',(1.0,0.0,0.0));
#6896=AXIS2_PLACEMENT_3D('',#6893,#6894,#6895);
#6897=CIRCLE('',#6896,0.066929133858268);
#6898=EDGE_CURVE('',#6892,#6892,#6897,.T.);
#6899=ORIENTED_EDGE('',*,*,#6898,.F.);
#6900=EDGE_LOOP('',(#6899));
#6901=FACE_OUTER_BOUND('',#6900,.T.);
#6902=CARTESIAN_POINT('',(0.065635966813903,1.873156E-033,0.161191604504948));
#6903=VERTEX_POINT('',#6902);
#6904=CARTESIAN_POINT('',(-8.249654E-035,-4.018909E-018,0.161191604504948));
#6905=DIRECTION('',(0.0,0.0,1.0));
#6906=DIRECTION('',(1.0,0.0,0.0));
#6907=AXIS2_PLACEMENT_3D('',#6904,#6905,#6906);
#6908=CIRCLE('',#6907,0.065635966813903);
#6909=EDGE_CURVE('',#6903,#6903,#6908,.T.);
#6910=ORIENTED_EDGE('',*,*,#6909,.F.);
#6911=EDGE_LOOP('',(#6910));
#6912=FACE_BOUND('',#6911,.T.);
#6913=ADVANCED_FACE('',(#6901,#6912),#6890,.T.);
#6914=CARTESIAN_POINT('',(-8.249654E-035,1.873156E-033,0.161023622047244));
#6915=DIRECTION('',(0.0,0.0,-1.0));
#6916=DIRECTION('',(-1.0,0.0,0.0));
#6917=AXIS2_PLACEMENT_3D('',#6914,#6915,#6916);
#6918=TOROIDAL_SURFACE('',#6917,0.059732844619331,0.005905511811024);
#6919=ORIENTED_EDGE('',*,*,#6909,.T.);
#6920=EDGE_LOOP('',(#6919));
#6921=FACE_OUTER_BOUND('',#6920,.T.);
#6922=ORIENTED_EDGE('',*,*,#6812,.T.);
#6923=ORIENTED_EDGE('',*,*,#1306,.T.);
#6924=ORIENTED_EDGE('',*,*,#6803,.T.);
#6925=ORIENTED_EDGE('',*,*,#1297,.T.);
#6926=ORIENTED_EDGE('',*,*,#6847,.T.);
#6927=ORIENTED_EDGE('',*,*,#1322,.T.);
#6928=ORIENTED_EDGE('',*,*,#6838,.T.);
#6929=ORIENTED_EDGE('',*,*,#1348,.T.);
#6930=ORIENTED_EDGE('',*,*,#6829,.T.);
#6931=ORIENTED_EDGE('',*,*,#1339,.T.);
#6932=ORIENTED_EDGE('',*,*,#6821,.T.);
#6933=ORIENTED_EDGE('',*,*,#1364,.T.);
#6934=EDGE_LOOP('',(#6922,#6923,#6924,#6925,#6926,#6927,#6928,#6929,#6930,#6931,#6932,#6933));
#6935=FACE_BOUND('',#6934,.T.);
#6936=ADVANCED_FACE('',(#6921,#6935),#6918,.T.);
#6937=CARTESIAN_POINT('',(0.036811023622047,0.033464566929134,0.21240157480315));
#6938=DIRECTION('',(0.0,1.0,0.0));
#6939=DIRECTION('',(0.0,0.0,1.0));
#6940=AXIS2_PLACEMENT_3D('',#6937,#6938,#6939);
#6941=PLANE('',#6940);
#6942=CARTESIAN_POINT('',(-0.033464566929134,0.033464566929134,0.210236220472441));
#6943=VERTEX_POINT('',#6942);
#6944=CARTESIAN_POINT('',(0.033464566929134,0.033464566929134,0.210236220472441));
#6945=VERTEX_POINT('',#6944);
#6946=CARTESIAN_POINT('',(-0.033464566929134,0.033464566929134,0.210236220472441));
#6947=DIRECTION('',(1.0,0.0,0.0));
#6948=VECTOR('',#6947,0.066929133858268);
#6949=LINE('',#6946,#6948);
#6950=EDGE_CURVE('',#6943,#6945,#6949,.T.);
#6951=ORIENTED_EDGE('',*,*,#6950,.T.);
#6952=CARTESIAN_POINT('',(0.033464566929134,0.033464566929134,0.166929133858268));
#6953=DIRECTION('',(0.0,0.0,1.0));
#6954=VECTOR('',#6953,0.043307086614173);
#6955=LINE('',#6952,#6954);
#6956=EDGE_CURVE('',#6852,#6945,#6955,.T.);
#6957=ORIENTED_EDGE('',*,*,#6956,.F.);
#6958=ORIENTED_EDGE('',*,*,#6881,.F.);
#6959=CARTESIAN_POINT('',(-0.033464566929134,0.033464566929134,0.166929133858268));
#6960=DIRECTION('',(0.0,0.0,1.0));
#6961=VECTOR('',#6960,0.043307086614173);
#6962=LINE('',#6959,#6961);
#6963=EDGE_CURVE('',#6870,#6943,#6962,.T.);
#6964=ORIENTED_EDGE('',*,*,#6963,.T.);
#6965=EDGE_LOOP('',(#6951,#6957,#6958,#6964));
#6966=FACE_OUTER_BOUND('',#6965,.T.);
#6967=ADVANCED_FACE('',(#6966),#6941,.T.);
#6968=CARTESIAN_POINT('',(-0.033464566929134,0.036811023622047,0.21240157480315));
#6969=DIRECTION('',(-1.0,0.0,0.0));
#6970=DIRECTION('',(0.0,0.0,1.0));
#6971=AXIS2_PLACEMENT_3D('',#6968,#6969,#6970);
#6972=PLANE('',#6971);
#6973=CARTESIAN_POINT('',(-0.033464566929134,-0.033464566929134,0.210236220472441));
#6974=VERTEX_POINT('',#6973);
#6975=CARTESIAN_POINT('',(-0.033464566929134,-0.033464566929134,0.210236220472441));
#6976=DIRECTION('',(0.0,1.0,0.0));
#6977=VECTOR('',#6976,0.066929133858268);
#6978=LINE('',#6975,#6977);
#6979=EDGE_CURVE('',#6974,#6943,#6978,.T.);
#6980=ORIENTED_EDGE('',*,*,#6979,.T.);
#6981=ORIENTED_EDGE('',*,*,#6963,.F.);
#6982=ORIENTED_EDGE('',*,*,#6875,.F.);
#6983=CARTESIAN_POINT('',(-0.033464566929134,-0.033464566929134,0.166929133858268));
#6984=DIRECTION('',(0.0,0.0,1.0));
#6985=VECTOR('',#6984,0.043307086614173);
#6986=LINE('',#6983,#6985);
#6987=EDGE_CURVE('',#6862,#6974,#6986,.T.);
#6988=ORIENTED_EDGE('',*,*,#6987,.T.);
#6989=EDGE_LOOP('',(#6980,#6981,#6982,#6988));
#6990=FACE_OUTER_BOUND('',#6989,.T.);
#6991=ADVANCED_FACE('',(#6990),#6972,.T.);
#6992=CARTESIAN_POINT('',(0.036811023622047,-0.033464566929134,0.164763779527559));
#6993=DIRECTION('',(0.0,-1.0,0.0));
#6994=DIRECTION('',(0.0,0.0,-1.0));
#6995=AXIS2_PLACEMENT_3D('',#6992,#6993,#6994);
#6996=PLANE('',#6995);
#6997=CARTESIAN_POINT('',(0.033464566929134,-0.033464566929134,0.210236220472441));
#6998=VERTEX_POINT('',#6997);
#6999=CARTESIAN_POINT('',(0.033464566929134,-0.033464566929134,0.210236220472441));
#7000=DIRECTION('',(-1.0,0.0,0.0));
#7001=VECTOR('',#7000,0.066929133858268);
#7002=LINE('',#6999,#7001);
#7003=EDGE_CURVE('',#6998,#6974,#7002,.T.);
#7004=ORIENTED_EDGE('',*,*,#7003,.T.);
#7005=ORIENTED_EDGE('',*,*,#6987,.F.);
#7006=ORIENTED_EDGE('',*,*,#6867,.F.);
#7007=CARTESIAN_POINT('',(0.033464566929134,-0.033464566929134,0.166929133858268));
#7008=DIRECTION('',(0.0,0.0,1.0));
#7009=VECTOR('',#7008,0.043307086614173);
#7010=LINE('',#7007,#7009);
#7011=EDGE_CURVE('',#6854,#6998,#7010,.T.);
#7012=ORIENTED_EDGE('',*,*,#7011,.T.);
#7013=EDGE_LOOP('',(#7004,#7005,#7006,#7012));
#7014=FACE_OUTER_BOUND('',#7013,.T.);
#7015=ADVANCED_FACE('',(#7014),#6996,.T.);
#7016=CARTESIAN_POINT('',(0.033464566929134,0.036811023622047,0.164763779527559));
#7017=DIRECTION('',(1.0,0.0,0.0));
#7018=DIRECTION('',(0.0,0.0,-1.0));
#7019=AXIS2_PLACEMENT_3D('',#7016,#7017,#7018);
#7020=PLANE('',#7019);
#7021=CARTESIAN_POINT('',(0.033464566929134,0.033464566929134,0.210236220472441));
#7022=DIRECTION('',(0.0,-1.0,0.0));
#7023=VECTOR('',#7022,0.066929133858268);
#7024=LINE('',#7021,#7023);
#7025=EDGE_CURVE('',#6945,#6998,#7024,.T.);
#7026=ORIENTED_EDGE('',*,*,#7025,.T.);
#7027=ORIENTED_EDGE('',*,*,#7011,.F.);
#7028=ORIENTED_EDGE('',*,*,#6859,.F.);
#7029=ORIENTED_EDGE('',*,*,#6956,.T.);
#7030=EDGE_LOOP('',(#7026,#7027,#7028,#7029));
#7031=FACE_OUTER_BOUND('',#7030,.T.);
#7032=ADVANCED_FACE('',(#7031),#7020,.T.);
#7033=CARTESIAN_POINT('',(0.05511811023622,0.060629921259842,0.207677165354331));
#7034=DIRECTION('',(1.0,0.0,0.0));
#7035=DIRECTION('',(0.0,0.0,-1.0));
#7036=AXIS2_PLACEMENT_3D('',#7033,#7034,#7035);
#7037=PLANE('',#7036);
#7038=ORIENTED_EDGE('',*,*,#403,.T.);
#7039=ORIENTED_EDGE('',*,*,#1508,.F.);
#7040=CARTESIAN_POINT('',(0.05511811023622,0.05511811023622,0.210236220472441));
#7041=VERTEX_POINT('',#7040);
#7042=CARTESIAN_POINT('',(0.05511811023622,-0.05511811023622,0.210236220472441));
#7043=DIRECTION('',(0.0,1.0,0.0));
#7044=VECTOR('',#7043,0.11023622047244);
#7045=LINE('',#7042,#7044);
#7046=EDGE_CURVE('',#1497,#7041,#7045,.T.);
#7047=ORIENTED_EDGE('',*,*,#7046,.T.);
#7048=CARTESIAN_POINT('',(0.05511811023622,0.05511811023622,0.210236220472441));
#7049=DIRECTION('',(0.0,0.0,1.0));
#7050=VECTOR('',#7049,0.004739999189815);
#7051=LINE('',#7048,#7050);
#7052=EDGE_CURVE('',#7041,#295,#7051,.T.);
#7053=ORIENTED_EDGE('',*,*,#7052,.T.);
#7054=ORIENTED_EDGE('',*,*,#302,.T.);
#7055=ORIENTED_EDGE('',*,*,#457,.T.);
#7056=ORIENTED_EDGE('',*,*,#488,.T.);
#7057=ORIENTED_EDGE('',*,*,#1539,.T.);
#7058=CARTESIAN_POINT('',(0.05511811023622,-0.05511811023622,0.261417322834646));
#7059=DIRECTION('',(0.0,1.0,0.0));
#7060=VECTOR('',#7059,0.110236220472441);
#7061=LINE('',#7058,#7060);
#7062=EDGE_CURVE('',#1458,#1528,#7061,.T.);
#7063=ORIENTED_EDGE('',*,*,#7062,.F.);
#7064=ORIENTED_EDGE('',*,*,#1463,.F.);
#7065=ORIENTED_EDGE('',*,*,#246,.T.);
#7066=ORIENTED_EDGE('',*,*,#208,.T.);
#7067=EDGE_LOOP('',(#7038,#7039,#7047,#7053,#7054,#7055,#7056,#7057,#7063,#7064,#7065,#7066));
#7068=FACE_OUTER_BOUND('',#7067,.T.);
#7069=ADVANCED_FACE('',(#7068),#7037,.T.);
#7070=CARTESIAN_POINT('',(0.060629921259842,0.060629921259842,0.210236220472441));
#7071=DIRECTION('',(0.0,0.0,1.0));
#7072=DIRECTION('',(1.0,0.0,0.0));
#7073=AXIS2_PLACEMENT_3D('',#7070,#7071,#7072);
#7074=PLANE('',#7073);
#7075=CARTESIAN_POINT('',(0.05511811023622,0.05511811023622,0.210236220472441));
#7076=DIRECTION('',(-1.0,0.0,0.0));
#7077=VECTOR('',#7076,0.110236220472441);
#7078=LINE('',#7075,#7077);
#7079=EDGE_CURVE('',#7041,#1564,#7078,.T.);
#7080=ORIENTED_EDGE('',*,*,#7079,.F.);
#7081=ORIENTED_EDGE('',*,*,#7046,.F.);
#7082=ORIENTED_EDGE('',*,*,#1502,.F.);
#7083=ORIENTED_EDGE('',*,*,#1575,.F.);
#7084=EDGE_LOOP('',(#7080,#7081,#7082,#7083));
#7085=FACE_OUTER_BOUND('',#7084,.T.);
#7086=ORIENTED_EDGE('',*,*,#7025,.F.);
#7087=ORIENTED_EDGE('',*,*,#6950,.F.);
#7088=ORIENTED_EDGE('',*,*,#6979,.F.);
#7089=ORIENTED_EDGE('',*,*,#7003,.F.);
#7090=EDGE_LOOP('',(#7086,#7087,#7088,#7089));
#7091=FACE_BOUND('',#7090,.T.);
#7092=ADVANCED_FACE('',(#7085,#7091),#7074,.F.);
#7093=CARTESIAN_POINT('',(0.038976377952756,0.038976377952756,0.281102362204724));
#7094=DIRECTION('',(0.0,0.0,1.0));
#7095=DIRECTION('',(1.0,0.0,0.0));
#7096=AXIS2_PLACEMENT_3D('',#7093,#7094,#7095);
#7097=PLANE('',#7096);
#7098=CARTESIAN_POINT('',(-0.035433070866142,0.035433070866142,0.281102362204724));
#7099=VERTEX_POINT('',#7098);
#7100=CARTESIAN_POINT('',(0.035433070866142,0.035433070866142,0.281102362204724));
#7101=VERTEX_POINT('',#7100);
#7102=CARTESIAN_POINT('',(-0.035433070866142,0.035433070866142,0.281102362204724));
#7103=DIRECTION('',(1.0,0.0,0.0));
#7104=VECTOR('',#7103,0.070866141732284);
#7105=LINE('',#7102,#7104);
#7106=EDGE_CURVE('',#7099,#7101,#7105,.T.);
#7107=ORIENTED_EDGE('',*,*,#7106,.F.);
#7108=CARTESIAN_POINT('',(-0.035433070716093,-0.035433070716093,0.281102362204724));
#7109=VERTEX_POINT('',#7108);
#7110=CARTESIAN_POINT('',(-0.035433070866142,-0.035433070716093,0.281102362204724));
#7111=DIRECTION('',(0.0,1.0,0.0));
#7112=VECTOR('',#7111,0.070866141582235);
#7113=LINE('',#7110,#7112);
#7114=EDGE_CURVE('',#7109,#7099,#7113,.T.);
#7115=ORIENTED_EDGE('',*,*,#7114,.F.);
#7116=CARTESIAN_POINT('',(0.035433070866142,-0.035433070866142,0.281102362204724));
#7117=VERTEX_POINT('',#7116);
#7118=CARTESIAN_POINT('',(0.035433070866142,-0.035433070866142,0.281102362204724));
#7119=DIRECTION('',(-1.0,0.0,0.0));
#7120=VECTOR('',#7119,0.070866141582235);
#7121=LINE('',#7118,#7120);
#7122=EDGE_CURVE('',#7117,#7109,#7121,.T.);
#7123=ORIENTED_EDGE('',*,*,#7122,.F.);
#7124=CARTESIAN_POINT('',(0.035433070866142,0.035433070866142,0.281102362204724));
#7125=DIRECTION('',(0.0,-1.0,0.0));
#7126=VECTOR('',#7125,0.070866141732284);
#7127=LINE('',#7124,#7126);
#7128=EDGE_CURVE('',#7101,#7117,#7127,.T.);
#7129=ORIENTED_EDGE('',*,*,#7128,.F.);
#7130=EDGE_LOOP('',(#7107,#7115,#7123,#7129));
#7131=FACE_OUTER_BOUND('',#7130,.T.);
#7132=ADVANCED_FACE('',(#7131),#7097,.T.);
#7133=CARTESIAN_POINT('',(0.060629921259842,0.05511811023622,0.215213219621747));
#7134=DIRECTION('',(0.0,1.0,0.0));
#7135=DIRECTION('',(0.0,0.0,1.0));
#7136=AXIS2_PLACEMENT_3D('',#7133,#7134,#7135);
#7137=PLANE('',#7136);
#7138=ORIENTED_EDGE('',*,*,#310,.T.);
#7139=ORIENTED_EDGE('',*,*,#7052,.F.);
#7140=ORIENTED_EDGE('',*,*,#7079,.T.);
#7141=ORIENTED_EDGE('',*,*,#1569,.T.);
#7142=EDGE_LOOP('',(#7138,#7139,#7140,#7141));
#7143=FACE_OUTER_BOUND('',#7142,.T.);
#7144=ADVANCED_FACE('',(#7143),#7137,.T.);
#7145=CARTESIAN_POINT('',(-0.035433070866142,-0.060629921259843,0.261417322834646));
#7146=DIRECTION('',(0.0,1.0,0.0));
#7147=DIRECTION('',(0.70710667067657,0.0,-0.707106891696508));
#7148=AXIS2_PLACEMENT_3D('',#7145,#7146,#7147);
#7149=CYLINDRICAL_SURFACE('',#7148,0.019685039370079);
#7150=ORIENTED_EDGE('',*,*,#7114,.T.);
#7151=CARTESIAN_POINT('',(-0.035433070866142,0.035433070866142,0.261417322834646));
#7152=DIRECTION('',(-0.707106781186548,-0.707106781186547,1.962616E-016));
#7153=DIRECTION('',(0.707106781186547,-0.707106781186548,-1.962616E-016));
#7154=AXIS2_PLACEMENT_3D('',#7151,#7152,#7153);
#7155=ELLIPSE('',#7154,0.027838849653014,0.019685039370079);
#7156=EDGE_CURVE('',#7099,#1520,#7155,.T.);
#7157=ORIENTED_EDGE('',*,*,#7156,.T.);
#7158=ORIENTED_EDGE('',*,*,#1557,.T.);
#7159=CARTESIAN_POINT('',(-0.035433070866142,-0.035433070866142,0.261417322834646));
#7160=DIRECTION('',(0.707106781186548,-0.707106781186547,-1.962616E-016));
#7161=DIRECTION('',(0.707106781186547,0.707106781186548,1.962616E-016));
#7162=AXIS2_PLACEMENT_3D('',#7159,#7160,#7161);
#7163=ELLIPSE('',#7162,0.027838849653014,0.019685039370079);
#7164=EDGE_CURVE('',#7109,#1466,#7163,.T.);
#7165=ORIENTED_EDGE('',*,*,#7164,.F.);
#7166=EDGE_LOOP('',(#7150,#7157,#7158,#7165));
#7167=FACE_OUTER_BOUND('',#7166,.T.);
#7168=ADVANCED_FACE('',(#7167),#7149,.T.);
#7169=CARTESIAN_POINT('',(0.060629921259842,-0.035433070866142,0.261417322834646));
#7170=DIRECTION('',(-1.0,0.0,0.0));
#7171=DIRECTION('',(0.0,0.70710667067657,-0.707106891696508));
#7172=AXIS2_PLACEMENT_3D('',#7169,#7170,#7171);
#7173=CYLINDRICAL_SURFACE('',#7172,0.019685039370079);
#7174=ORIENTED_EDGE('',*,*,#7122,.T.);
#7175=ORIENTED_EDGE('',*,*,#7164,.T.);
#7176=ORIENTED_EDGE('',*,*,#1471,.T.);
#7177=CARTESIAN_POINT('',(0.035433070866142,-0.035433070866142,0.261417322834646));
#7178=DIRECTION('',(0.707106781186547,0.707106781186548,1.962616E-016));
#7179=DIRECTION('',(-0.707106781186548,0.707106781186547,-1.962616E-016));
#7180=AXIS2_PLACEMENT_3D('',#7177,#7178,#7179);
#7181=ELLIPSE('',#7180,0.027838849653014,0.019685039370079);
#7182=EDGE_CURVE('',#7117,#1458,#7181,.T.);
#7183=ORIENTED_EDGE('',*,*,#7182,.F.);
#7184=EDGE_LOOP('',(#7174,#7175,#7176,#7183));
#7185=FACE_OUTER_BOUND('',#7184,.T.);
#7186=ADVANCED_FACE('',(#7185),#7173,.T.);
#7187=CARTESIAN_POINT('',(0.035433070866142,0.060629921259842,0.261417322834646));
#7188=DIRECTION('',(0.0,-1.0,0.0));
#7189=DIRECTION('',(-0.707106781186547,0.0,-0.707106781186548));
#7190=AXIS2_PLACEMENT_3D('',#7187,#7188,#7189);
#7191=CYLINDRICAL_SURFACE('',#7190,0.019685039370079);
#7192=ORIENTED_EDGE('',*,*,#7128,.T.);
#7193=ORIENTED_EDGE('',*,*,#7182,.T.);
#7194=ORIENTED_EDGE('',*,*,#7062,.T.);
#7195=CARTESIAN_POINT('',(0.035433070866142,0.035433070866142,0.261417322834646));
#7196=DIRECTION('',(-0.707106781186548,0.707106781186548,1.962616E-016));
#7197=DIRECTION('',(-0.707106781186548,-0.707106781186548,-1.962616E-016));
#7198=AXIS2_PLACEMENT_3D('',#7195,#7196,#7197);
#7199=ELLIPSE('',#7198,0.027838849653014,0.019685039370079);
#7200=EDGE_CURVE('',#7101,#1528,#7199,.T.);
#7201=ORIENTED_EDGE('',*,*,#7200,.F.);
#7202=EDGE_LOOP('',(#7192,#7193,#7194,#7201));
#7203=FACE_OUTER_BOUND('',#7202,.T.);
#7204=ADVANCED_FACE('',(#7203),#7191,.T.);
#7205=CARTESIAN_POINT('',(-0.060629921259843,0.035433070866142,0.261417322834646));
#7206=DIRECTION('',(1.0,0.0,0.0));
#7207=DIRECTION('',(0.0,-0.707106781186547,-0.707106781186548));
#7208=AXIS2_PLACEMENT_3D('',#7205,#7206,#7207);
#7209=CYLINDRICAL_SURFACE('',#7208,0.019685039370079);
#7210=ORIENTED_EDGE('',*,*,#7106,.T.);
#7211=ORIENTED_EDGE('',*,*,#7200,.T.);
#7212=ORIENTED_EDGE('',*,*,#1533,.T.);
#7213=ORIENTED_EDGE('',*,*,#7156,.F.);
#7214=EDGE_LOOP('',(#7210,#7211,#7212,#7213));
#7215=FACE_OUTER_BOUND('',#7214,.T.);
#7216=ADVANCED_FACE('',(#7215),#7209,.T.);
#7217=CARTESIAN_POINT('',(-0.075787401574804,0.075787401574804,0.115748031496063));
#7218=DIRECTION('',(0.0,0.0,-1.0));
#7219=DIRECTION('',(-1.0,0.0,0.0));
#7220=AXIS2_PLACEMENT_3D('',#7217,#7218,#7219);
#7221=PLANE('',#7220);
#7222=ORIENTED_EDGE('',*,*,#3880,.F.);
#7223=EDGE_LOOP('',(#7222));
#7224=FACE_OUTER_BOUND('',#7223,.T.);
#7225=ORIENTED_EDGE('',*,*,#6898,.T.);
#7226=EDGE_LOOP('',(#7225));
#7227=FACE_BOUND('',#7226,.T.);
#7228=ADVANCED_FACE('',(#7224,#7227),#7221,.F.);
#7229=CLOSED_SHELL('',(#194,#234,#288,#360,#391,#445,#476,#530,#577,#624,#748,#779,#810,#832,#844,#884,#915,#946,#963,#1007,#1055,#1103,#1126,#1165,#1190,#1222,#1286,#1328,#1370,#1382,#1394,#1422,#1441,#1450,#1481,#1512,#1543,#1580,#1620,#1788,#1910,#2062,#2184,#2208,#2232,#2256,#2280,#2304,#2321,#2338,#2415,#2432,#2449,#2473,#2485,#2497,#2528,#2559,#2599,#2638,#2662,#2702,#2797,#2821,#2845,#2921,#2943,#2965,#2977,#2989,#3006,#3018,#3035,#3047,#3078,#3109,#3126,#3143,#3155,#3186,#3217,#3234,#3251,#3263,#3294,#3325,#3365,#3405,#3436,#3467,#3498,#3529,#3546,#3563,#3575,#3587,#3599,#3611,#3658,#3705,#3752,#3799,#3834,#3856,#3884,#3924,#3955,#3986,#4101,#4132,#4163,#4203,#4234,#4349,#4373,#4404,#4436,#4476,#4517,#4542,#4568,#4594,#4616,#4638,#4655,#4672,#4689,#4724,#4746,#4758,#4783,#4807,#4827,#4839,#4895,#5093,#5149,#5180,#5204,#5228,#5334,#5358,#5382,#5413,#5445,#5469,#5494,#5524,#5548,#5570,#5583,#5611,#5637,#5668,#5693,#5717,#5742,#5766,#5808,#5839,#5857,#5895,#5920,#5947,#5964,#5976,#6020,#6042,#6100,#6132,#6240,#6265,#6296,#6314,#6345,#6363,#6400,#6418,#6463,#6480,#6492,#6524,#6548,#6566,#6590,#6608,#6633,#6657,#6695,#6707,#6719,#6731,#6743,#6778,#6791,#6885,#6913,#6936,#6967,#6991,#7015,#7032,#7069,#7092,#7132,#7144,#7168,#7186,#7204,#7216,#7228));
#7230=CARTESIAN_POINT('',(-8.249654E-035,1.873156E-033,0.092696850393701));
#7231=DIRECTION('',(0.0,0.0,1.0));
#7232=DIRECTION('',(-1.0,0.0,0.0));
#7233=AXIS2_PLACEMENT_3D('',#7230,#7231,#7232);
#7234=CYLINDRICAL_SURFACE('',#7233,0.098425196850394);
#7235=CARTESIAN_POINT('',(-0.098425196850394,3.616083E-017,0.093700787401575));
#7236=VERTEX_POINT('',#7235);
#7237=CARTESIAN_POINT('',(-8.249654E-035,1.873156E-033,0.093700787401575));
#7238=DIRECTION('',(0.0,0.0,-1.0));
#7239=DIRECTION('',(1.0,0.0,0.0));
#7240=AXIS2_PLACEMENT_3D('',#7237,#7238,#7239);
#7241=CIRCLE('',#7240,0.098425196850394);
#7242=EDGE_CURVE('',#7236,#7236,#7241,.T.);
#7243=ORIENTED_EDGE('',*,*,#7242,.F.);
#7244=EDGE_LOOP('',(#7243));
#7245=FACE_OUTER_BOUND('',#7244,.T.);
#7246=CARTESIAN_POINT('',(-0.098425196850394,3.616083E-017,0.113779527559055));
#7247=VERTEX_POINT('',#7246);
#7248=CARTESIAN_POINT('',(-8.249654E-035,1.873156E-033,0.113779527559055));
#7249=DIRECTION('',(0.0,0.0,1.0));
#7250=DIRECTION('',(1.0,0.0,0.0));
#7251=AXIS2_PLACEMENT_3D('',#7248,#7249,#7250);
#7252=CIRCLE('',#7251,0.098425196850394);
#7253=EDGE_CURVE('',#7247,#7247,#7252,.T.);
#7254=ORIENTED_EDGE('',*,*,#7253,.F.);
#7255=EDGE_LOOP('',(#7254));
#7256=FACE_BOUND('',#7255,.T.);
#7257=ADVANCED_FACE('',(#7245,#7256),#7234,.T.);
#7258=CARTESIAN_POINT('',(0.032562440394303,-3.682727E-015,0.093700787401623));
#7259=CARTESIAN_POINT('',(0.025544673067975,-4.374905E-015,0.069100067399858));
#7260=CARTESIAN_POINT('',(2.216304E-014,-4.416912E-015,0.06771653543307));
#7261=CARTESIAN_POINT('',(0.032562440394303,0.032562440394295,0.093700787401622));
#7262=CARTESIAN_POINT('',(0.025544673067975,0.025544673067949,0.069100067399857));
#7263=CARTESIAN_POINT('',(2.216304E-014,-4.415780E-015,0.06771653543307));
#7264=CARTESIAN_POINT('',(4.477908E-015,0.032562440394295,0.0937007874016));
#7265=CARTESIAN_POINT('',(2.121741E-014,0.025544673067949,0.06910006739984));
#7266=CARTESIAN_POINT('',(2.216191E-014,-4.415780E-015,0.06771653543307));
#7267=CARTESIAN_POINT('',(-0.032562440394294,0.032562440394295,0.093700787401577));
#7268=CARTESIAN_POINT('',(-0.025544673067932,0.025544673067949,0.069100067399823));
#7269=CARTESIAN_POINT('',(2.216078E-014,-4.415780E-015,0.06771653543307));
#7270=CARTESIAN_POINT('',(-0.032562440394294,-3.690702E-015,0.093700787401578));
#7271=CARTESIAN_POINT('',(-0.025544673067932,-4.381161E-015,0.069100067399823));
#7272=CARTESIAN_POINT('',(2.216078E-014,-4.416912E-015,0.06771653543307));
#7273=CARTESIAN_POINT('',(-0.032562440394294,-0.032562440394302,0.093700787401579));
#7274=CARTESIAN_POINT('',(-0.025544673067932,-0.025544673067958,0.069100067399824));
#7275=CARTESIAN_POINT('',(2.216078E-014,-4.418045E-015,0.06771653543307));
#7276=CARTESIAN_POINT('',(4.485884E-015,-0.032562440394302,0.093700787401601));
#7277=CARTESIAN_POINT('',(2.122367E-014,-0.025544673067958,0.069100067399841));
#7278=CARTESIAN_POINT('',(2.216191E-014,-4.418045E-015,0.06771653543307));
#7279=CARTESIAN_POINT('',(0.032562440394303,-0.032562440394302,0.093700787401624));
#7280=CARTESIAN_POINT('',(0.025544673067975,-0.025544673067958,0.069100067399859));
#7281=CARTESIAN_POINT('',(2.216304E-014,-4.418045E-015,0.06771653543307));
#7282=CARTESIAN_POINT('',(0.032562440394303,-3.682727E-015,0.093700787401623));
#7283=CARTESIAN_POINT('',(0.025544673067975,-4.374905E-015,0.069100067399858));
#7284=CARTESIAN_POINT('',(2.216304E-014,-4.416912E-015,0.06771653543307));
#7292=(BOUNDED_SURFACE()B_SPLINE_SURFACE(2,2,((#7258,#7261,#7264,#7267,#7270,#7273,#7276,#7279,#7282),(#7259,#7262,#7265,#7268,#7271,#7274,#7277,#7280,#7283),(#7260,#7263,#7266,#7269,#7272,#7275,#7278,#7281,#7284)),.UNSPECIFIED.,.F.,.T.,.U.)B_SPLINE_SURFACE_WITH_KNOTS((3,3),(3,2,2,2,3),(0.27788584630697,1.516687922210041),(0.0,1.570796326794897,3.141592653589793,4.71238898038469,6.283185307179586),.UNSPECIFIED.)GEOMETRIC_REPRESENTATION_ITEM()RATIONAL_B_SPLINE_SURFACE(((1.0,0.707106781186548,1.0,0.707106781186548,1.0,0.707106781186548,1.0,0.707106781186548,1.0),(0.814226328660014,0.575744958416123,0.814226328660014,0.575744958416123,0.814226328660014,0.575744958416123,0.814226328660014,0.575744958416123,0.814226328660014),(1.0,0.707106781186548,1.0,0.707106781186548,1.0,0.707106781186548,1.0,0.707106781186548,1.0)))REPRESENTATION_ITEM('')SURFACE());
#7293=CARTESIAN_POINT('',(-0.03256244039429,-6.187073E-017,0.093700787401577));
#7294=VERTEX_POINT('',#7293);
#7295=CARTESIAN_POINT('',(7.505079E-019,1.827202E-033,0.093700787401575));
#7296=DIRECTION('',(0.0,0.0,1.0));
#7297=DIRECTION('',(1.0,0.0,0.0));
#7298=AXIS2_PLACEMENT_3D('',#7295,#7296,#7297);
#7299=CIRCLE('',#7298,0.03256244039429);
#7300=EDGE_CURVE('',#7294,#7294,#7299,.T.);
#7301=ORIENTED_EDGE('',*,*,#7300,.F.);
#7302=EDGE_LOOP('',(#7301));
#7303=FACE_OUTER_BOUND('',#7302,.T.);
#7304=ADVANCED_FACE('',(#7303),#7292,.T.);
#7305=CARTESIAN_POINT('',(-8.249654E-035,1.873156E-033,0.093208661417323));
#7306=DIRECTION('',(0.0,0.0,1.0));
#7307=DIRECTION('',(-0.116731517509728,-0.993163507595741,0.0));
#7308=AXIS2_PLACEMENT_3D('',#7305,#7306,#7307);
#7309=CYLINDRICAL_SURFACE('',#7308,0.050590551181102);
#7310=CARTESIAN_POINT('',(0.005905511811024,0.050244689262226,0.103543307086614));
#7311=VERTEX_POINT('',#7310);
#7312=CARTESIAN_POINT('',(0.050244689262226,0.005905511811024,0.103543307086614));
#7313=VERTEX_POINT('',#7312);
#7314=CARTESIAN_POINT('',(-8.249654E-035,1.873156E-033,0.103543307086614));
#7315=DIRECTION('',(0.0,0.0,-1.0));
#7316=DIRECTION('',(-0.116731517509728,-0.993163507595741,0.0));
#7317=AXIS2_PLACEMENT_3D('',#7314,#7315,#7316);
#7318=CIRCLE('',#7317,0.050590551181102);
#7319=EDGE_CURVE('',#7311,#7313,#7318,.T.);
#7320=ORIENTED_EDGE('',*,*,#7319,.F.);
#7321=CARTESIAN_POINT('',(0.005905511811024,0.050244689262226,0.093700787401575));
#7322=VERTEX_POINT('',#7321);
#7323=CARTESIAN_POINT('',(0.005905511811024,0.050244689262226,0.093700787401575));
#7324=DIRECTION('',(0.0,0.0,1.0));
#7325=VECTOR('',#7324,0.009842519685039);
#7326=LINE('',#7323,#7325);
#7327=EDGE_CURVE('',#7322,#7311,#7326,.T.);
#7328=ORIENTED_EDGE('',*,*,#7327,.F.);
#7329=CARTESIAN_POINT('',(0.050244689262226,0.005905511811024,0.093700787401575));
#7330=VERTEX_POINT('',#7329);
#7331=CARTESIAN_POINT('',(-8.249654E-035,1.873156E-033,0.093700787401575));
#7332=DIRECTION('',(0.0,0.0,1.0));
#7333=DIRECTION('',(-0.116731517509728,-0.993163507595741,0.0));
#7334=AXIS2_PLACEMENT_3D('',#7331,#7332,#7333);
#7335=CIRCLE('',#7334,0.050590551181102);
#7336=EDGE_CURVE('',#7330,#7322,#7335,.T.);
#7337=ORIENTED_EDGE('',*,*,#7336,.F.);
#7338=CARTESIAN_POINT('',(0.050244689262226,0.005905511811024,0.093700787401575));
#7339=DIRECTION('',(0.0,0.0,1.0));
#7340=VECTOR('',#7339,0.009842519685039);
#7341=LINE('',#7338,#7340);
#7342=EDGE_CURVE('',#7330,#7313,#7341,.T.);
#7343=ORIENTED_EDGE('',*,*,#7342,.T.);
#7344=EDGE_LOOP('',(#7320,#7328,#7337,#7343));
#7345=FACE_OUTER_BOUND('',#7344,.T.);
#7346=ADVANCED_FACE('',(#7345),#7309,.F.);
#7347=CARTESIAN_POINT('',(0.051059980846443,0.005905511811024,0.093208661417323));
#7348=DIRECTION('',(0.0,-1.0,0.0));
#7349=DIRECTION('',(0.0,0.0,-1.0));
#7350=AXIS2_PLACEMENT_3D('',#7347,#7348,#7349);
#7351=PLANE('',#7350);
#7352=CARTESIAN_POINT('',(0.033938857577887,0.005905511811024,0.103543307086614));
#7353=VERTEX_POINT('',#7352);
#7354=CARTESIAN_POINT('',(0.050244689262226,0.005905511811024,0.103543307086614));
#7355=DIRECTION('',(-1.0,0.0,0.0));
#7356=VECTOR('',#7355,0.016305831684339);
#7357=LINE('',#7354,#7356);
#7358=EDGE_CURVE('',#7313,#7353,#7357,.T.);
#7359=ORIENTED_EDGE('',*,*,#7358,.F.);
#7360=ORIENTED_EDGE('',*,*,#7342,.F.);
#7361=CARTESIAN_POINT('',(0.033938857577887,0.005905511811024,0.093700787401575));
#7362=VERTEX_POINT('',#7361);
#7363=CARTESIAN_POINT('',(0.033938857577887,0.005905511811024,0.093700787401575));
#7364=DIRECTION('',(1.0,0.0,0.0));
#7365=VECTOR('',#7364,0.016305831684339);
#7366=LINE('',#7363,#7365);
#7367=EDGE_CURVE('',#7362,#7330,#7366,.T.);
#7368=ORIENTED_EDGE('',*,*,#7367,.F.);
#7369=CARTESIAN_POINT('',(0.033938857577887,0.005905511811024,0.093700787401575));
#7370=DIRECTION('',(0.0,0.0,1.0));
#7371=VECTOR('',#7370,0.009842519685039);
#7372=LINE('',#7369,#7371);
#7373=EDGE_CURVE('',#7362,#7353,#7372,.T.);
#7374=ORIENTED_EDGE('',*,*,#7373,.T.);
#7375=EDGE_LOOP('',(#7359,#7360,#7368,#7374));
#7376=FACE_OUTER_BOUND('',#7375,.T.);
#7377=ADVANCED_FACE('',(#7376),#7351,.F.);
#7378=CARTESIAN_POINT('',(-8.249654E-035,1.873156E-033,0.093208661417323));
#7379=DIRECTION('',(0.0,0.0,1.0));
#7380=DIRECTION('',(-0.707106781186543,-0.707106781186552,0.0));
#7381=AXIS2_PLACEMENT_3D('',#7378,#7379,#7380);
#7382=CYLINDRICAL_SURFACE('',#7381,0.034448818897638);
#7383=CARTESIAN_POINT('',(0.005905511811024,0.033938857577887,0.103543307086614));
#7384=VERTEX_POINT('',#7383);
#7385=CARTESIAN_POINT('',(-8.249654E-035,1.873156E-033,0.103543307086614));
#7386=DIRECTION('',(0.0,0.0,1.0));
#7387=DIRECTION('',(0.171428571428571,0.98519655140381,0.0));
#7388=AXIS2_PLACEMENT_3D('',#7385,#7386,#7387);
#7389=CIRCLE('',#7388,0.034448818897638);
#7390=EDGE_CURVE('',#7353,#7384,#7389,.T.);
#7391=ORIENTED_EDGE('',*,*,#7390,.F.);
#7392=ORIENTED_EDGE('',*,*,#7373,.F.);
#7393=CARTESIAN_POINT('',(0.005905511811024,0.033938857577887,0.093700787401575));
#7394=VERTEX_POINT('',#7393);
#7395=CARTESIAN_POINT('',(-8.249654E-035,1.873156E-033,0.093700787401575));
#7396=DIRECTION('',(0.0,0.0,-1.0));
#7397=DIRECTION('',(0.171428571428571,0.98519655140381,0.0));
#7398=AXIS2_PLACEMENT_3D('',#7395,#7396,#7397);
#7399=CIRCLE('',#7398,0.034448818897638);
#7400=EDGE_CURVE('',#7394,#7362,#7399,.T.);
#7401=ORIENTED_EDGE('',*,*,#7400,.F.);
#7402=CARTESIAN_POINT('',(0.005905511811024,0.033938857577887,0.093700787401575));
#7403=DIRECTION('',(0.0,0.0,1.0));
#7404=VECTOR('',#7403,0.009842519685039);
#7405=LINE('',#7402,#7404);
#7406=EDGE_CURVE('',#7394,#7384,#7405,.T.);
#7407=ORIENTED_EDGE('',*,*,#7406,.T.);
#7408=EDGE_LOOP('',(#7391,#7392,#7401,#7407));
#7409=FACE_OUTER_BOUND('',#7408,.T.);
#7410=ADVANCED_FACE('',(#7409),#7382,.T.);
#7411=CARTESIAN_POINT('',(0.005905511811024,0.051059980846443,0.104035433070866));
#7412=DIRECTION('',(-1.0,0.0,0.0));
#7413=DIRECTION('',(0.0,0.0,1.0));
#7414=AXIS2_PLACEMENT_3D('',#7411,#7412,#7413);
#7415=PLANE('',#7414);
#7416=CARTESIAN_POINT('',(0.005905511811024,0.033938857577887,0.103543307086614));
#7417=DIRECTION('',(0.0,1.0,0.0));
#7418=VECTOR('',#7417,0.016305831684339);
#7419=LINE('',#7416,#7418);
#7420=EDGE_CURVE('',#7384,#7311,#7419,.T.);
#7421=ORIENTED_EDGE('',*,*,#7420,.F.);
#7422=ORIENTED_EDGE('',*,*,#7406,.F.);
#7423=CARTESIAN_POINT('',(0.005905511811024,0.050244689262226,0.093700787401575));
#7424=DIRECTION('',(0.0,-1.0,0.0));
#7425=VECTOR('',#7424,0.016305831684339);
#7426=LINE('',#7423,#7425);
#7427=EDGE_CURVE('',#7322,#7394,#7426,.T.);
#7428=ORIENTED_EDGE('',*,*,#7427,.F.);
#7429=ORIENTED_EDGE('',*,*,#7327,.T.);
#7430=EDGE_LOOP('',(#7421,#7422,#7428,#7429));
#7431=FACE_OUTER_BOUND('',#7430,.T.);
#7432=ADVANCED_FACE('',(#7431),#7415,.F.);
#7433=CARTESIAN_POINT('',(0.052461648134786,0.052461648134786,0.103543307086614));
#7434=DIRECTION('',(0.0,0.0,1.0));
#7435=DIRECTION('',(1.0,0.0,0.0));
#7436=AXIS2_PLACEMENT_3D('',#7433,#7434,#7435);
#7437=PLANE('',#7436);
#7438=ORIENTED_EDGE('',*,*,#7319,.T.);
#7439=ORIENTED_EDGE('',*,*,#7358,.T.);
#7440=ORIENTED_EDGE('',*,*,#7390,.T.);
#7441=ORIENTED_EDGE('',*,*,#7420,.T.);
#7442=EDGE_LOOP('',(#7438,#7439,#7440,#7441));
#7443=FACE_OUTER_BOUND('',#7442,.T.);
#7444=ADVANCED_FACE('',(#7443),#7437,.F.);
#7445=CARTESIAN_POINT('',(-8.249654E-035,1.873156E-033,0.093208661417323));
#7446=DIRECTION('',(0.0,0.0,1.0));
#7447=DIRECTION('',(0.98519655140381,-0.171428571428571,0.0));
#7448=AXIS2_PLACEMENT_3D('',#7445,#7446,#7447);
#7449=CYLINDRICAL_SURFACE('',#7448,0.034448818897638);
#7450=CARTESIAN_POINT('',(-0.005905511811024,0.033938857577887,0.103543307086614));
#7451=VERTEX_POINT('',#7450);
#7452=CARTESIAN_POINT('',(-0.033938857577887,0.005905511811024,0.103543307086614));
#7453=VERTEX_POINT('',#7452);
#7454=CARTESIAN_POINT('',(-8.249654E-035,1.873156E-033,0.103543307086614));
#7455=DIRECTION('',(0.0,0.0,1.0));
#7456=DIRECTION('',(0.98519655140381,-0.171428571428571,0.0));
#7457=AXIS2_PLACEMENT_3D('',#7454,#7455,#7456);
#7458=CIRCLE('',#7457,0.034448818897638);
#7459=EDGE_CURVE('',#7451,#7453,#7458,.T.);
#7460=ORIENTED_EDGE('',*,*,#7459,.F.);
#7461=CARTESIAN_POINT('',(-0.005905511811024,0.033938857577887,0.093700787401575));
#7462=VERTEX_POINT('',#7461);
#7463=CARTESIAN_POINT('',(-0.005905511811024,0.033938857577887,0.093700787401575));
#7464=DIRECTION('',(0.0,0.0,1.0));
#7465=VECTOR('',#7464,0.009842519685039);
#7466=LINE('',#7463,#7465);
#7467=EDGE_CURVE('',#7462,#7451,#7466,.T.);
#7468=ORIENTED_EDGE('',*,*,#7467,.F.);
#7469=CARTESIAN_POINT('',(-0.033938857577887,0.005905511811024,0.093700787401575));
#7470=VERTEX_POINT('',#7469);
#7471=CARTESIAN_POINT('',(-8.249654E-035,1.873156E-033,0.093700787401575));
#7472=DIRECTION('',(0.0,0.0,-1.0));
#7473=DIRECTION('',(0.98519655140381,-0.171428571428571,0.0));
#7474=AXIS2_PLACEMENT_3D('',#7471,#7472,#7473);
#7475=CIRCLE('',#7474,0.034448818897638);
#7476=EDGE_CURVE('',#7470,#7462,#7475,.T.);
#7477=ORIENTED_EDGE('',*,*,#7476,.F.);
#7478=CARTESIAN_POINT('',(-0.033938857577887,0.005905511811024,0.093700787401575));
#7479=DIRECTION('',(0.0,0.0,1.0));
#7480=VECTOR('',#7479,0.009842519685039);
#7481=LINE('',#7478,#7480);
#7482=EDGE_CURVE('',#7470,#7453,#7481,.T.);
#7483=ORIENTED_EDGE('',*,*,#7482,.T.);
#7484=EDGE_LOOP('',(#7460,#7468,#7477,#7483));
#7485=FACE_OUTER_BOUND('',#7484,.T.);
#7486=ADVANCED_FACE('',(#7485),#7449,.T.);
#7487=CARTESIAN_POINT('',(-0.03312356599367,0.005905511811024,0.093208661417323));
#7488=DIRECTION('',(0.0,-1.0,0.0));
#7489=DIRECTION('',(0.0,0.0,-1.0));
#7490=AXIS2_PLACEMENT_3D('',#7487,#7488,#7489);
#7491=PLANE('',#7490);
#7492=CARTESIAN_POINT('',(-0.050244689262226,0.005905511811024,0.103543307086614));
#7493=VERTEX_POINT('',#7492);
#7494=CARTESIAN_POINT('',(-0.033938857577887,0.005905511811024,0.103543307086614));
#7495=DIRECTION('',(-1.0,0.0,0.0));
#7496=VECTOR('',#7495,0.016305831684339);
#7497=LINE('',#7494,#7496);
#7498=EDGE_CURVE('',#7453,#7493,#7497,.T.);
#7499=ORIENTED_EDGE('',*,*,#7498,.F.);
#7500=ORIENTED_EDGE('',*,*,#7482,.F.);
#7501=CARTESIAN_POINT('',(-0.050244689262226,0.005905511811024,0.093700787401575));
#7502=VERTEX_POINT('',#7501);
#7503=CARTESIAN_POINT('',(-0.050244689262226,0.005905511811024,0.093700787401575));
#7504=DIRECTION('',(1.0,0.0,0.0));
#7505=VECTOR('',#7504,0.016305831684339);
#7506=LINE('',#7503,#7505);
#7507=EDGE_CURVE('',#7502,#7470,#7506,.T.);
#7508=ORIENTED_EDGE('',*,*,#7507,.F.);
#7509=CARTESIAN_POINT('',(-0.050244689262226,0.005905511811024,0.093700787401575));
#7510=DIRECTION('',(0.0,0.0,1.0));
#7511=VECTOR('',#7510,0.009842519685039);
#7512=LINE('',#7509,#7511);
#7513=EDGE_CURVE('',#7502,#7493,#7512,.T.);
#7514=ORIENTED_EDGE('',*,*,#7513,.T.);
#7515=EDGE_LOOP('',(#7499,#7500,#7508,#7514));
#7516=FACE_OUTER_BOUND('',#7515,.T.);
#7517=ADVANCED_FACE('',(#7516),#7491,.F.);
#7518=CARTESIAN_POINT('',(-8.249654E-035,1.873156E-033,0.093208661417323));
#7519=DIRECTION('',(0.0,0.0,1.0));
#7520=DIRECTION('',(0.70710678118655,-0.707106781186546,0.0));
#7521=AXIS2_PLACEMENT_3D('',#7518,#7519,#7520);
#7522=CYLINDRICAL_SURFACE('',#7521,0.050590551181102);
#7523=CARTESIAN_POINT('',(-0.005905511811024,0.050244689262226,0.103543307086614));
#7524=VERTEX_POINT('',#7523);
#7525=CARTESIAN_POINT('',(-8.249654E-035,1.873156E-033,0.103543307086614));
#7526=DIRECTION('',(0.0,0.0,-1.0));
#7527=DIRECTION('',(-0.993163507595741,0.116731517509728,0.0));
#7528=AXIS2_PLACEMENT_3D('',#7525,#7526,#7527);
#7529=CIRCLE('',#7528,0.050590551181102);
#7530=EDGE_CURVE('',#7493,#7524,#7529,.T.);
#7531=ORIENTED_EDGE('',*,*,#7530,.F.);
#7532=ORIENTED_EDGE('',*,*,#7513,.F.);
#7533=CARTESIAN_POINT('',(-0.005905511811024,0.050244689262226,0.093700787401575));
#7534=VERTEX_POINT('',#7533);
#7535=CARTESIAN_POINT('',(-8.249654E-035,1.873156E-033,0.093700787401575));
#7536=DIRECTION('',(0.0,0.0,1.0));
#7537=DIRECTION('',(-0.993163507595741,0.116731517509728,0.0));
#7538=AXIS2_PLACEMENT_3D('',#7535,#7536,#7537);
#7539=CIRCLE('',#7538,0.050590551181102);
#7540=EDGE_CURVE('',#7534,#7502,#7539,.T.);
#7541=ORIENTED_EDGE('',*,*,#7540,.F.);
#7542=CARTESIAN_POINT('',(-0.005905511811024,0.050244689262226,0.093700787401575));
#7543=DIRECTION('',(0.0,0.0,1.0));
#7544=VECTOR('',#7543,0.009842519685039);
#7545=LINE('',#7542,#7544);
#7546=EDGE_CURVE('',#7534,#7524,#7545,.T.);
#7547=ORIENTED_EDGE('',*,*,#7546,.T.);
#7548=EDGE_LOOP('',(#7531,#7532,#7541,#7547));
#7549=FACE_OUTER_BOUND('',#7548,.T.);
#7550=ADVANCED_FACE('',(#7549),#7522,.F.);
#7551=CARTESIAN_POINT('',(-0.005905511811024,0.051059980846443,0.093208661417323));
#7552=DIRECTION('',(1.0,0.0,0.0));
#7553=DIRECTION('',(0.0,0.0,-1.0));
#7554=AXIS2_PLACEMENT_3D('',#7551,#7552,#7553);
#7555=PLANE('',#7554);
#7556=CARTESIAN_POINT('',(-0.005905511811024,0.050244689262226,0.103543307086614));
#7557=DIRECTION('',(0.0,-1.0,0.0));
#7558=VECTOR('',#7557,0.016305831684339);
#7559=LINE('',#7556,#7558);
#7560=EDGE_CURVE('',#7524,#7451,#7559,.T.);
#7561=ORIENTED_EDGE('',*,*,#7560,.F.);
#7562=ORIENTED_EDGE('',*,*,#7546,.F.);
#7563=CARTESIAN_POINT('',(-0.005905511811024,0.033938857577887,0.093700787401575));
#7564=DIRECTION('',(0.0,1.0,0.0));
#7565=VECTOR('',#7564,0.016305831684339);
#7566=LINE('',#7563,#7565);
#7567=EDGE_CURVE('',#7462,#7534,#7566,.T.);
#7568=ORIENTED_EDGE('',*,*,#7567,.F.);
#7569=ORIENTED_EDGE('',*,*,#7467,.T.);
#7570=EDGE_LOOP('',(#7561,#7562,#7568,#7569));
#7571=FACE_OUTER_BOUND('',#7570,.T.);
#7572=ADVANCED_FACE('',(#7571),#7555,.F.);
#7573=CARTESIAN_POINT('',(-0.003688552938464,0.052461648134786,0.103543307086614));
#7574=DIRECTION('',(0.0,0.0,1.0));
#7575=DIRECTION('',(1.0,0.0,0.0));
#7576=AXIS2_PLACEMENT_3D('',#7573,#7574,#7575);
#7577=PLANE('',#7576);
#7578=ORIENTED_EDGE('',*,*,#7459,.T.);
#7579=ORIENTED_EDGE('',*,*,#7498,.T.);
#7580=ORIENTED_EDGE('',*,*,#7530,.T.);
#7581=ORIENTED_EDGE('',*,*,#7560,.T.);
#7582=EDGE_LOOP('',(#7578,#7579,#7580,#7581));
#7583=FACE_OUTER_BOUND('',#7582,.T.);
#7584=ADVANCED_FACE('',(#7583),#7577,.F.);
#7585=CARTESIAN_POINT('',(-8.249654E-035,1.873156E-033,0.093208661417323));
#7586=DIRECTION('',(0.0,0.0,1.0));
#7587=DIRECTION('',(0.116731517509728,0.993163507595741,0.0));
#7588=AXIS2_PLACEMENT_3D('',#7585,#7586,#7587);
#7589=CYLINDRICAL_SURFACE('',#7588,0.050590551181102);
#7590=CARTESIAN_POINT('',(-0.005905511811024,-0.050244689262226,0.103543307086614));
#7591=VERTEX_POINT('',#7590);
#7592=CARTESIAN_POINT('',(-0.050244689262226,-0.005905511811024,0.103543307086614));
#7593=VERTEX_POINT('',#7592);
#7594=CARTESIAN_POINT('',(-8.249654E-035,1.873156E-033,0.103543307086614));
#7595=DIRECTION('',(0.0,0.0,-1.0));
#7596=DIRECTION('',(0.116731517509728,0.993163507595741,0.0));
#7597=AXIS2_PLACEMENT_3D('',#7594,#7595,#7596);
#7598=CIRCLE('',#7597,0.050590551181102);
#7599=EDGE_CURVE('',#7591,#7593,#7598,.T.);
#7600=ORIENTED_EDGE('',*,*,#7599,.F.);
#7601=CARTESIAN_POINT('',(-0.005905511811024,-0.050244689262226,0.093700787401575));
#7602=VERTEX_POINT('',#7601);
#7603=CARTESIAN_POINT('',(-0.005905511811024,-0.050244689262226,0.093700787401575));
#7604=DIRECTION('',(0.0,0.0,1.0));
#7605=VECTOR('',#7604,0.009842519685039);
#7606=LINE('',#7603,#7605);
#7607=EDGE_CURVE('',#7602,#7591,#7606,.T.);
#7608=ORIENTED_EDGE('',*,*,#7607,.F.);
#7609=CARTESIAN_POINT('',(-0.050244689262226,-0.005905511811024,0.093700787401575));
#7610=VERTEX_POINT('',#7609);
#7611=CARTESIAN_POINT('',(-8.249654E-035,1.873156E-033,0.093700787401575));
#7612=DIRECTION('',(0.0,0.0,1.0));
#7613=DIRECTION('',(0.116731517509728,0.993163507595741,0.0));
#7614=AXIS2_PLACEMENT_3D('',#7611,#7612,#7613);
#7615=CIRCLE('',#7614,0.050590551181102);
#7616=EDGE_CURVE('',#7610,#7602,#7615,.T.);
#7617=ORIENTED_EDGE('',*,*,#7616,.F.);
#7618=CARTESIAN_POINT('',(-0.050244689262226,-0.005905511811024,0.093700787401575));
#7619=DIRECTION('',(0.0,0.0,1.0));
#7620=VECTOR('',#7619,0.009842519685039);
#7621=LINE('',#7618,#7620);
#7622=EDGE_CURVE('',#7610,#7593,#7621,.T.);
#7623=ORIENTED_EDGE('',*,*,#7622,.T.);
#7624=EDGE_LOOP('',(#7600,#7608,#7617,#7623));
#7625=FACE_OUTER_BOUND('',#7624,.T.);
#7626=ADVANCED_FACE('',(#7625),#7589,.F.);
#7627=CARTESIAN_POINT('',(-0.03312356599367,-0.005905511811024,0.104035433070866));
#7628=DIRECTION('',(0.0,1.0,0.0));
#7629=DIRECTION('',(0.0,0.0,1.0));
#7630=AXIS2_PLACEMENT_3D('',#7627,#7628,#7629);
#7631=PLANE('',#7630);
#7632=CARTESIAN_POINT('',(-0.033938857577887,-0.005905511811024,0.103543307086614));
#7633=VERTEX_POINT('',#7632);
#7634=CARTESIAN_POINT('',(-0.050244689262226,-0.005905511811024,0.103543307086614));
#7635=DIRECTION('',(1.0,0.0,0.0));
#7636=VECTOR('',#7635,0.016305831684339);
#7637=LINE('',#7634,#7636);
#7638=EDGE_CURVE('',#7593,#7633,#7637,.T.);
#7639=ORIENTED_EDGE('',*,*,#7638,.F.);
#7640=ORIENTED_EDGE('',*,*,#7622,.F.);
#7641=CARTESIAN_POINT('',(-0.033938857577887,-0.005905511811024,0.093700787401575));
#7642=VERTEX_POINT('',#7641);
#7643=CARTESIAN_POINT('',(-0.033938857577887,-0.005905511811024,0.093700787401575));
#7644=DIRECTION('',(-1.0,0.0,0.0));
#7645=VECTOR('',#7644,0.016305831684339);
#7646=LINE('',#7643,#7645);
#7647=EDGE_CURVE('',#7642,#7610,#7646,.T.);
#7648=ORIENTED_EDGE('',*,*,#7647,.F.);
#7649=CARTESIAN_POINT('',(-0.033938857577887,-0.005905511811024,0.093700787401575));
#7650=DIRECTION('',(0.0,0.0,1.0));
#7651=VECTOR('',#7650,0.009842519685039);
#7652=LINE('',#7649,#7651);
#7653=EDGE_CURVE('',#7642,#7633,#7652,.T.);
#7654=ORIENTED_EDGE('',*,*,#7653,.T.);
#7655=EDGE_LOOP('',(#7639,#7640,#7648,#7654));
#7656=FACE_OUTER_BOUND('',#7655,.T.);
#7657=ADVANCED_FACE('',(#7656),#7631,.F.);
#7658=CARTESIAN_POINT('',(-8.249654E-035,1.873156E-033,0.093208661417323));
#7659=DIRECTION('',(0.0,0.0,1.0));
#7660=DIRECTION('',(0.707106781186543,0.707106781186552,0.0));
#7661=AXIS2_PLACEMENT_3D('',#7658,#7659,#7660);
#7662=CYLINDRICAL_SURFACE('',#7661,0.034448818897638);
#7663=CARTESIAN_POINT('',(-0.005905511811024,-0.033938857577887,0.103543307086614));
#7664=VERTEX_POINT('',#7663);
#7665=CARTESIAN_POINT('',(-8.249654E-035,1.873156E-033,0.103543307086614));
#7666=DIRECTION('',(0.0,0.0,1.0));
#7667=DIRECTION('',(-0.171428571428571,-0.98519655140381,0.0));
#7668=AXIS2_PLACEMENT_3D('',#7665,#7666,#7667);
#7669=CIRCLE('',#7668,0.034448818897638);
#7670=EDGE_CURVE('',#7633,#7664,#7669,.T.);
#7671=ORIENTED_EDGE('',*,*,#7670,.F.);
#7672=ORIENTED_EDGE('',*,*,#7653,.F.);
#7673=CARTESIAN_POINT('',(-0.005905511811024,-0.033938857577887,0.093700787401575));
#7674=VERTEX_POINT('',#7673);
#7675=CARTESIAN_POINT('',(-8.249654E-035,1.873156E-033,0.093700787401575));
#7676=DIRECTION('',(0.0,0.0,-1.0));
#7677=DIRECTION('',(-0.171428571428571,-0.98519655140381,0.0));
#7678=AXIS2_PLACEMENT_3D('',#7675,#7676,#7677);
#7679=CIRCLE('',#7678,0.034448818897638);
#7680=EDGE_CURVE('',#7674,#7642,#7679,.T.);
#7681=ORIENTED_EDGE('',*,*,#7680,.F.);
#7682=CARTESIAN_POINT('',(-0.005905511811024,-0.033938857577887,0.093700787401575));
#7683=DIRECTION('',(0.0,0.0,1.0));
#7684=VECTOR('',#7683,0.009842519685039);
#7685=LINE('',#7682,#7684);
#7686=EDGE_CURVE('',#7674,#7664,#7685,.T.);
#7687=ORIENTED_EDGE('',*,*,#7686,.T.);
#7688=EDGE_LOOP('',(#7671,#7672,#7681,#7687));
#7689=FACE_OUTER_BOUND('',#7688,.T.);
#7690=ADVANCED_FACE('',(#7689),#7662,.T.);
#7691=CARTESIAN_POINT('',(-0.005905511811024,-0.03312356599367,0.093208661417323));
#7692=DIRECTION('',(1.0,0.0,0.0));
#7693=DIRECTION('',(0.0,0.0,-1.0));
#7694=AXIS2_PLACEMENT_3D('',#7691,#7692,#7693);
#7695=PLANE('',#7694);
#7696=CARTESIAN_POINT('',(-0.005905511811024,-0.033938857577887,0.103543307086614));
#7697=DIRECTION('',(0.0,-1.0,0.0));
#7698=VECTOR('',#7697,0.016305831684339);
#7699=LINE('',#7696,#7698);
#7700=EDGE_CURVE('',#7664,#7591,#7699,.T.);
#7701=ORIENTED_EDGE('',*,*,#7700,.F.);
#7702=ORIENTED_EDGE('',*,*,#7686,.F.);
#7703=CARTESIAN_POINT('',(-0.005905511811024,-0.050244689262226,0.093700787401575));
#7704=DIRECTION('',(0.0,1.0,0.0));
#7705=VECTOR('',#7704,0.016305831684339);
#7706=LINE('',#7703,#7705);
#7707=EDGE_CURVE('',#7602,#7674,#7706,.T.);
#7708=ORIENTED_EDGE('',*,*,#7707,.F.);
#7709=ORIENTED_EDGE('',*,*,#7607,.T.);
#7710=EDGE_LOOP('',(#7701,#7702,#7708,#7709));
#7711=FACE_OUTER_BOUND('',#7710,.T.);
#7712=ADVANCED_FACE('',(#7711),#7695,.F.);
#7713=CARTESIAN_POINT('',(-0.003688552938463,-0.003688552938464,0.103543307086614));
#7714=DIRECTION('',(0.0,0.0,1.0));
#7715=DIRECTION('',(1.0,0.0,0.0));
#7716=AXIS2_PLACEMENT_3D('',#7713,#7714,#7715);
#7717=PLANE('',#7716);
#7718=ORIENTED_EDGE('',*,*,#7599,.T.);
#7719=ORIENTED_EDGE('',*,*,#7638,.T.);
#7720=ORIENTED_EDGE('',*,*,#7670,.T.);
#7721=ORIENTED_EDGE('',*,*,#7700,.T.);
#7722=EDGE_LOOP('',(#7718,#7719,#7720,#7721));
#7723=FACE_OUTER_BOUND('',#7722,.T.);
#7724=ADVANCED_FACE('',(#7723),#7717,.F.);
#7725=CARTESIAN_POINT('',(-8.249654E-035,1.873156E-033,0.093208661417323));
#7726=DIRECTION('',(0.0,0.0,1.0));
#7727=DIRECTION('',(-0.98519655140381,0.171428571428571,0.0));
#7728=AXIS2_PLACEMENT_3D('',#7725,#7726,#7727);
#7729=CYLINDRICAL_SURFACE('',#7728,0.034448818897638);
#7730=CARTESIAN_POINT('',(0.005905511811024,-0.033938857577887,0.103543307086614));
#7731=VERTEX_POINT('',#7730);
#7732=CARTESIAN_POINT('',(0.033938857577887,-0.005905511811024,0.103543307086614));
#7733=VERTEX_POINT('',#7732);
#7734=CARTESIAN_POINT('',(-8.249654E-035,1.873156E-033,0.103543307086614));
#7735=DIRECTION('',(0.0,0.0,1.0));
#7736=DIRECTION('',(-0.98519655140381,0.171428571428571,0.0));
#7737=AXIS2_PLACEMENT_3D('',#7734,#7735,#7736);
#7738=CIRCLE('',#7737,0.034448818897638);
#7739=EDGE_CURVE('',#7731,#7733,#7738,.T.);
#7740=ORIENTED_EDGE('',*,*,#7739,.F.);
#7741=CARTESIAN_POINT('',(0.005905511811024,-0.033938857577887,0.093700787401575));
#7742=VERTEX_POINT('',#7741);
#7743=CARTESIAN_POINT('',(0.005905511811024,-0.033938857577887,0.093700787401575));
#7744=DIRECTION('',(0.0,0.0,1.0));
#7745=VECTOR('',#7744,0.009842519685039);
#7746=LINE('',#7743,#7745);
#7747=EDGE_CURVE('',#7742,#7731,#7746,.T.);
#7748=ORIENTED_EDGE('',*,*,#7747,.F.);
#7749=CARTESIAN_POINT('',(0.033938857577887,-0.005905511811024,0.093700787401575));
#7750=VERTEX_POINT('',#7749);
#7751=CARTESIAN_POINT('',(-8.249654E-035,1.873156E-033,0.093700787401575));
#7752=DIRECTION('',(0.0,0.0,-1.0));
#7753=DIRECTION('',(-0.98519655140381,0.171428571428571,0.0));
#7754=AXIS2_PLACEMENT_3D('',#7751,#7752,#7753);
#7755=CIRCLE('',#7754,0.034448818897638);
#7756=EDGE_CURVE('',#7750,#7742,#7755,.T.);
#7757=ORIENTED_EDGE('',*,*,#7756,.F.);
#7758=CARTESIAN_POINT('',(0.033938857577887,-0.005905511811024,0.093700787401575));
#7759=DIRECTION('',(0.0,0.0,1.0));
#7760=VECTOR('',#7759,0.009842519685039);
#7761=LINE('',#7758,#7760);
#7762=EDGE_CURVE('',#7750,#7733,#7761,.T.);
#7763=ORIENTED_EDGE('',*,*,#7762,.T.);
#7764=EDGE_LOOP('',(#7740,#7748,#7757,#7763));
#7765=FACE_OUTER_BOUND('',#7764,.T.);
#7766=ADVANCED_FACE('',(#7765),#7729,.T.);
#7767=CARTESIAN_POINT('',(0.051059980846443,-0.005905511811024,0.104035433070866));
#7768=DIRECTION('',(0.0,1.0,0.0));
#7769=DIRECTION('',(0.0,0.0,1.0));
#7770=AXIS2_PLACEMENT_3D('',#7767,#7768,#7769);
#7771=PLANE('',#7770);
#7772=CARTESIAN_POINT('',(0.050244689262226,-0.005905511811024,0.103543307086614));
#7773=VERTEX_POINT('',#7772);
#7774=CARTESIAN_POINT('',(0.033938857577887,-0.005905511811024,0.103543307086614));
#7775=DIRECTION('',(1.0,0.0,0.0));
#7776=VECTOR('',#7775,0.016305831684339);
#7777=LINE('',#7774,#7776);
#7778=EDGE_CURVE('',#7733,#7773,#7777,.T.);
#7779=ORIENTED_EDGE('',*,*,#7778,.F.);
#7780=ORIENTED_EDGE('',*,*,#7762,.F.);
#7781=CARTESIAN_POINT('',(0.050244689262226,-0.005905511811024,0.093700787401575));
#7782=VERTEX_POINT('',#7781);
#7783=CARTESIAN_POINT('',(0.050244689262226,-0.005905511811024,0.093700787401575));
#7784=DIRECTION('',(-1.0,0.0,0.0));
#7785=VECTOR('',#7784,0.016305831684339);
#7786=LINE('',#7783,#7785);
#7787=EDGE_CURVE('',#7782,#7750,#7786,.T.);
#7788=ORIENTED_EDGE('',*,*,#7787,.F.);
#7789=CARTESIAN_POINT('',(0.050244689262226,-0.005905511811024,0.093700787401575));
#7790=DIRECTION('',(0.0,0.0,1.0));
#7791=VECTOR('',#7790,0.009842519685039);
#7792=LINE('',#7789,#7791);
#7793=EDGE_CURVE('',#7782,#7773,#7792,.T.);
#7794=ORIENTED_EDGE('',*,*,#7793,.T.);
#7795=EDGE_LOOP('',(#7779,#7780,#7788,#7794));
#7796=FACE_OUTER_BOUND('',#7795,.T.);
#7797=ADVANCED_FACE('',(#7796),#7771,.F.);
#7798=CARTESIAN_POINT('',(-8.249654E-035,1.873156E-033,0.093208661417323));
#7799=DIRECTION('',(0.0,0.0,1.0));
#7800=DIRECTION('',(-0.70710678118655,0.707106781186546,0.0));
#7801=AXIS2_PLACEMENT_3D('',#7798,#7799,#7800);
#7802=CYLINDRICAL_SURFACE('',#7801,0.050590551181102);
#7803=CARTESIAN_POINT('',(0.005905511811024,-0.050244689262226,0.103543307086614));
#7804=VERTEX_POINT('',#7803);
#7805=CARTESIAN_POINT('',(-8.249654E-035,1.873156E-033,0.103543307086614));
#7806=DIRECTION('',(0.0,0.0,-1.0));
#7807=DIRECTION('',(0.993163507595741,-0.116731517509728,0.0));
#7808=AXIS2_PLACEMENT_3D('',#7805,#7806,#7807);
#7809=CIRCLE('',#7808,0.050590551181102);
#7810=EDGE_CURVE('',#7773,#7804,#7809,.T.);
#7811=ORIENTED_EDGE('',*,*,#7810,.F.);
#7812=ORIENTED_EDGE('',*,*,#7793,.F.);
#7813=CARTESIAN_POINT('',(0.005905511811024,-0.050244689262226,0.093700787401575));
#7814=VERTEX_POINT('',#7813);
#7815=CARTESIAN_POINT('',(-8.249654E-035,1.873156E-033,0.093700787401575));
#7816=DIRECTION('',(0.0,0.0,1.0));
#7817=DIRECTION('',(0.993163507595741,-0.116731517509728,0.0));
#7818=AXIS2_PLACEMENT_3D('',#7815,#7816,#7817);
#7819=CIRCLE('',#7818,0.050590551181102);
#7820=EDGE_CURVE('',#7814,#7782,#7819,.T.);
#7821=ORIENTED_EDGE('',*,*,#7820,.F.);
#7822=CARTESIAN_POINT('',(0.005905511811024,-0.050244689262226,0.093700787401575));
#7823=DIRECTION('',(0.0,0.0,1.0));
#7824=VECTOR('',#7823,0.009842519685039);
#7825=LINE('',#7822,#7824);
#7826=EDGE_CURVE('',#7814,#7804,#7825,.T.);
#7827=ORIENTED_EDGE('',*,*,#7826,.T.);
#7828=EDGE_LOOP('',(#7811,#7812,#7821,#7827));
#7829=FACE_OUTER_BOUND('',#7828,.T.);
#7830=ADVANCED_FACE('',(#7829),#7802,.F.);
#7831=CARTESIAN_POINT('',(0.005905511811024,-0.03312356599367,0.104035433070866));
#7832=DIRECTION('',(-1.0,0.0,0.0));
#7833=DIRECTION('',(0.0,0.0,1.0));
#7834=AXIS2_PLACEMENT_3D('',#7831,#7832,#7833);
#7835=PLANE('',#7834);
#7836=CARTESIAN_POINT('',(0.005905511811024,-0.050244689262226,0.103543307086614));
#7837=DIRECTION('',(0.0,1.0,0.0));
#7838=VECTOR('',#7837,0.016305831684339);
#7839=LINE('',#7836,#7838);
#7840=EDGE_CURVE('',#7804,#7731,#7839,.T.);
#7841=ORIENTED_EDGE('',*,*,#7840,.F.);
#7842=ORIENTED_EDGE('',*,*,#7826,.F.);
#7843=CARTESIAN_POINT('',(0.005905511811024,-0.033938857577887,0.093700787401575));
#7844=DIRECTION('',(0.0,-1.0,0.0));
#7845=VECTOR('',#7844,0.016305831684339);
#7846=LINE('',#7843,#7845);
#7847=EDGE_CURVE('',#7742,#7814,#7846,.T.);
#7848=ORIENTED_EDGE('',*,*,#7847,.F.);
#7849=ORIENTED_EDGE('',*,*,#7747,.T.);
#7850=EDGE_LOOP('',(#7841,#7842,#7848,#7849));
#7851=FACE_OUTER_BOUND('',#7850,.T.);
#7852=ADVANCED_FACE('',(#7851),#7835,.F.);
#7853=CARTESIAN_POINT('',(0.052461648134786,-0.003688552938463,0.103543307086614));
#7854=DIRECTION('',(0.0,0.0,1.0));
#7855=DIRECTION('',(1.0,0.0,0.0));
#7856=AXIS2_PLACEMENT_3D('',#7853,#7854,#7855);
#7857=PLANE('',#7856);
#7858=ORIENTED_EDGE('',*,*,#7739,.T.);
#7859=ORIENTED_EDGE('',*,*,#7778,.T.);
#7860=ORIENTED_EDGE('',*,*,#7810,.T.);
#7861=ORIENTED_EDGE('',*,*,#7840,.T.);
#7862=EDGE_LOOP('',(#7858,#7859,#7860,#7861));
#7863=FACE_OUTER_BOUND('',#7862,.T.);
#7864=ADVANCED_FACE('',(#7863),#7857,.F.);
#7865=CARTESIAN_POINT('',(-0.108267716535433,0.108267716535433,0.093700787401575));
#7866=DIRECTION('',(0.0,0.0,-1.0));
#7867=DIRECTION('',(-1.0,0.0,0.0));
#7868=AXIS2_PLACEMENT_3D('',#7865,#7866,#7867);
#7869=PLANE('',#7868);
#7870=ORIENTED_EDGE('',*,*,#7242,.T.);
#7871=EDGE_LOOP('',(#7870));
#7872=FACE_OUTER_BOUND('',#7871,.T.);
#7873=ORIENTED_EDGE('',*,*,#7300,.T.);
#7874=EDGE_LOOP('',(#7873));
#7875=FACE_BOUND('',#7874,.T.);
#7876=ORIENTED_EDGE('',*,*,#7336,.T.);
#7877=ORIENTED_EDGE('',*,*,#7427,.T.);
#7878=ORIENTED_EDGE('',*,*,#7400,.T.);
#7879=ORIENTED_EDGE('',*,*,#7367,.T.);
#7880=EDGE_LOOP('',(#7876,#7877,#7878,#7879));
#7881=FACE_BOUND('',#7880,.T.);
#7882=ORIENTED_EDGE('',*,*,#7476,.T.);
#7883=ORIENTED_EDGE('',*,*,#7567,.T.);
#7884=ORIENTED_EDGE('',*,*,#7540,.T.);
#7885=ORIENTED_EDGE('',*,*,#7507,.T.);
#7886=EDGE_LOOP('',(#7882,#7883,#7884,#7885));
#7887=FACE_BOUND('',#7886,.T.);
#7888=ORIENTED_EDGE('',*,*,#7616,.T.);
#7889=ORIENTED_EDGE('',*,*,#7707,.T.);
#7890=ORIENTED_EDGE('',*,*,#7680,.T.);
#7891=ORIENTED_EDGE('',*,*,#7647,.T.);
#7892=EDGE_LOOP('',(#7888,#7889,#7890,#7891));
#7893=FACE_BOUND('',#7892,.T.);
#7894=ORIENTED_EDGE('',*,*,#7756,.T.);
#7895=ORIENTED_EDGE('',*,*,#7847,.T.);
#7896=ORIENTED_EDGE('',*,*,#7820,.T.);
#7897=ORIENTED_EDGE('',*,*,#7787,.T.);
#7898=EDGE_LOOP('',(#7894,#7895,#7896,#7897));
#7899=FACE_BOUND('',#7898,.T.);
#7900=ADVANCED_FACE('',(#7872,#7875,#7881,#7887,#7893,#7899),#7869,.T.);
#7901=CARTESIAN_POINT('',(-0.116929133858268,-0.116929133858268,0.113779527559055));
#7902=DIRECTION('',(0.0,0.0,1.0));
#7903=DIRECTION('',(1.0,0.0,0.0));
#7904=AXIS2_PLACEMENT_3D('',#7901,#7902,#7903);
#7905=PLANE('',#7904);
#7906=CARTESIAN_POINT('',(-0.053449661708033,-0.106299212598425,0.113779527559055));
#7907=VERTEX_POINT('',#7906);
#7908=CARTESIAN_POINT('',(-0.053449661708033,-0.085127327364904,0.113779527559055));
#7909=VERTEX_POINT('',#7908);
#7910=CARTESIAN_POINT('',(-0.053449661708033,-0.106299212598425,0.113779527559055));
#7911=DIRECTION('',(0.0,1.0,0.0));
#7912=VECTOR('',#7911,0.021171885233521);
#7913=LINE('',#7910,#7912);
#7914=EDGE_CURVE('',#7907,#7909,#7913,.T.);
#7915=ORIENTED_EDGE('',*,*,#7914,.T.);
#7916=CARTESIAN_POINT('',(-0.087067507709443,-0.049682971080861,0.113779527559055));
#7917=VERTEX_POINT('',#7916);
#7918=CARTESIAN_POINT('',(0.000393700787402,-0.000393700787402,0.113779527559055));
#7919=DIRECTION('',(0.0,0.0,-1.0));
#7920=DIRECTION('',(0.871182233654849,0.490959790374068,0.0));
#7921=AXIS2_PLACEMENT_3D('',#7918,#7919,#7920);
#7922=CIRCLE('',#7921,0.100393700787402);
#7923=EDGE_CURVE('',#7909,#7917,#7922,.T.);
#7924=ORIENTED_EDGE('',*,*,#7923,.T.);
#7925=CARTESIAN_POINT('',(-0.106299212598425,-0.049682971080861,0.113779527559055));
#7926=VERTEX_POINT('',#7925);
#7927=CARTESIAN_POINT('',(-0.087067507709443,-0.049682971080861,0.113779527559055));
#7928=DIRECTION('',(-1.0,0.0,0.0));
#7929=VECTOR('',#7928,0.019231704888982);
#7930=LINE('',#7927,#7929);
#7931=EDGE_CURVE('',#7917,#7926,#7930,.T.);
#7932=ORIENTED_EDGE('',*,*,#7931,.T.);
#7933=CARTESIAN_POINT('',(-0.106299212598425,0.054639861275514,0.113779527559055));
#7934=VERTEX_POINT('',#7933);
#7935=CARTESIAN_POINT('',(-0.106299212598425,-0.049682971080861,0.113779527559055));
#7936=DIRECTION('',(0.0,1.0,0.0));
#7937=VECTOR('',#7936,0.104322832356375);
#7938=LINE('',#7935,#7937);
#7939=EDGE_CURVE('',#7926,#7934,#7938,.T.);
#7940=ORIENTED_EDGE('',*,*,#7939,.T.);
#7941=CARTESIAN_POINT('',(-0.08357178143272,0.054639861275514,0.113779527559055));
#7942=VERTEX_POINT('',#7941);
#7943=CARTESIAN_POINT('',(-0.106299212598425,0.054639861275514,0.113779527559055));
#7944=DIRECTION('',(1.0,0.0,0.0));
#7945=VECTOR('',#7944,0.022727431165705);
#7946=LINE('',#7943,#7945);
#7947=EDGE_CURVE('',#7934,#7942,#7946,.T.);
#7948=ORIENTED_EDGE('',*,*,#7947,.T.);
#7949=CARTESIAN_POINT('',(-0.053449661708033,0.0843399257901,0.113779527559055));
#7950=VERTEX_POINT('',#7949);
#7951=CARTESIAN_POINT('',(0.000393700787402,-0.000393700787402,0.113779527559055));
#7952=DIRECTION('',(0.0,0.0,-1.0));
#7953=DIRECTION('',(0.536322120542761,-0.844013378458254,0.0));
#7954=AXIS2_PLACEMENT_3D('',#7951,#7952,#7953);
#7955=CIRCLE('',#7954,0.100393700787402);
#7956=EDGE_CURVE('',#7942,#7950,#7955,.T.);
#7957=ORIENTED_EDGE('',*,*,#7956,.T.);
#7958=CARTESIAN_POINT('',(-0.053449661708033,0.106299212598425,0.113779527559055));
#7959=VERTEX_POINT('',#7958);
#7960=CARTESIAN_POINT('',(-0.053449661708033,0.0843399257901,0.113779527559055));
#7961=DIRECTION('',(0.0,1.0,0.0));
#7962=VECTOR('',#7961,0.021959286808325);
#7963=LINE('',#7960,#7962);
#7964=EDGE_CURVE('',#7950,#7959,#7963,.T.);
#7965=ORIENTED_EDGE('',*,*,#7964,.T.);
#7966=CARTESIAN_POINT('',(0.050873170648342,0.106299212598426,0.113779527559055));
#7967=VERTEX_POINT('',#7966);
#7968=CARTESIAN_POINT('',(-0.053449661708033,0.106299212598425,0.113779527559055));
#7969=DIRECTION('',(1.0,0.0,0.0));
#7970=VECTOR('',#7969,0.104322832356375);
#7971=LINE('',#7968,#7970);
#7972=EDGE_CURVE('',#7959,#7967,#7971,.T.);
#7973=ORIENTED_EDGE('',*,*,#7972,.T.);
#7974=CARTESIAN_POINT('',(0.050873170648342,0.086386010437912,0.113779527559055));
#7975=VERTEX_POINT('',#7974);
#7976=CARTESIAN_POINT('',(0.050873170648342,0.106299212598426,0.113779527559055));
#7977=DIRECTION('',(0.0,-1.0,0.0));
#7978=VECTOR('',#7977,0.019913202160514);
#7979=LINE('',#7976,#7978);
#7980=EDGE_CURVE('',#7967,#7975,#7979,.T.);
#7981=ORIENTED_EDGE('',*,*,#7980,.T.);
#7982=CARTESIAN_POINT('',(0.084359183007523,0.054639861275514,0.113779527559055));
#7983=VERTEX_POINT('',#7982);
#7984=CARTESIAN_POINT('',(0.000393700787402,-0.000393700787402,0.113779527559055));
#7985=DIRECTION('',(0.0,0.0,-1.0));
#7986=DIRECTION('',(-0.836362058192583,-0.548177441724727,0.0));
#7987=AXIS2_PLACEMENT_3D('',#7984,#7985,#7986);
#7988=CIRCLE('',#7987,0.100393700787402);
#7989=EDGE_CURVE('',#7975,#7983,#7988,.T.);
#7990=ORIENTED_EDGE('',*,*,#7989,.T.);
#7991=CARTESIAN_POINT('',(0.106299212598425,0.054639861275514,0.113779527559055));
#7992=VERTEX_POINT('',#7991);
#7993=CARTESIAN_POINT('',(0.084359183007523,0.054639861275514,0.113779527559055));
#7994=DIRECTION('',(1.0,0.0,0.0));
#7995=VECTOR('',#7994,0.021940029590902);
#7996=LINE('',#7993,#7995);
#7997=EDGE_CURVE('',#7983,#7992,#7996,.T.);
#7998=ORIENTED_EDGE('',*,*,#7997,.T.);
#7999=CARTESIAN_POINT('',(0.106299212598426,-0.049682971080861,0.113779527559055));
#8000=VERTEX_POINT('',#7999);
#8001=CARTESIAN_POINT('',(0.106299212598425,0.054639861275514,0.113779527559055));
#8002=DIRECTION('',(0.0,-1.0,0.0));
#8003=VECTOR('',#8002,0.104322832356375);
#8004=LINE('',#8001,#8003);
#8005=EDGE_CURVE('',#7992,#8000,#8004,.T.);
#8006=ORIENTED_EDGE('',*,*,#8005,.T.);
#8007=CARTESIAN_POINT('',(0.087854909284247,-0.049682971080861,0.113779527559055));
#8008=VERTEX_POINT('',#8007);
#8009=CARTESIAN_POINT('',(0.106299212598426,-0.049682971080861,0.113779527559055));
#8010=DIRECTION('',(-1.0,0.0,0.0));
#8011=VECTOR('',#8010,0.018444303314178);
#8012=LINE('',#8009,#8011);
#8013=EDGE_CURVE('',#8000,#8008,#8012,.T.);
#8014=ORIENTED_EDGE('',*,*,#8013,.T.);
#8015=CARTESIAN_POINT('',(0.050873170648342,-0.087173412012715,0.113779527559055));
#8016=VERTEX_POINT('',#8015);
#8017=CARTESIAN_POINT('',(0.000393700787402,-0.000393700787402,0.113779527559055));
#8018=DIRECTION('',(0.0,0.0,-1.0));
#8019=DIRECTION('',(-0.502815111556033,0.864393986322727,0.0));
#8020=AXIS2_PLACEMENT_3D('',#8017,#8018,#8019);
#8021=CIRCLE('',#8020,0.100393700787402);
#8022=EDGE_CURVE('',#8008,#8016,#8021,.T.);
#8023=ORIENTED_EDGE('',*,*,#8022,.T.);
#8024=CARTESIAN_POINT('',(0.050873170648342,-0.106299212598425,0.113779527559055));
#8025=VERTEX_POINT('',#8024);
#8026=CARTESIAN_POINT('',(0.050873170648342,-0.087173412012715,0.113779527559055));
#8027=DIRECTION('',(0.0,-1.0,0.0));
#8028=VECTOR('',#8027,0.01912580058571);
#8029=LINE('',#8026,#8028);
#8030=EDGE_CURVE('',#8016,#8025,#8029,.T.);
#8031=ORIENTED_EDGE('',*,*,#8030,.T.);
#8032=CARTESIAN_POINT('',(0.050873170648342,-0.106299212598425,0.113779527559055));
#8033=DIRECTION('',(-1.0,0.0,0.0));
#8034=VECTOR('',#8033,0.104322832356375);
#8035=LINE('',#8032,#8034);
#8036=EDGE_CURVE('',#8025,#7907,#8035,.T.);
#8037=ORIENTED_EDGE('',*,*,#8036,.T.);
#8038=EDGE_LOOP('',(#7915,#7924,#7932,#7940,#7948,#7957,#7965,#7973,#7981,#7990,#7998,#8006,#8014,#8023,#8031,#8037));
#8039=FACE_OUTER_BOUND('',#8038,.T.);
#8040=ORIENTED_EDGE('',*,*,#7253,.T.);
#8041=EDGE_LOOP('',(#8040));
#8042=FACE_BOUND('',#8041,.T.);
#8043=ADVANCED_FACE('',(#8039,#8042),#7905,.F.);
#8044=CARTESIAN_POINT('',(-0.000265472663606,-0.000393700787401,0.051377952755906));
#8045=DIRECTION('',(0.0,0.0,-1.0));
#8046=DIRECTION('',(-1.0,0.0,0.0));
#8047=AXIS2_PLACEMENT_3D('',#8044,#8045,#8046);
#8048=TOROIDAL_SURFACE('',#8047,0.020669291338583,0.000984251968504);
#8049=CARTESIAN_POINT('',(0.020403818674977,-0.000393700787401,0.050393700787402));
#8050=VERTEX_POINT('',#8049);
#8051=CARTESIAN_POINT('',(-0.000265472663606,-0.000393700787401,0.050393700787402));
#8052=DIRECTION('',(0.0,0.0,1.0));
#8053=DIRECTION('',(-1.0,0.0,0.0));
#8054=AXIS2_PLACEMENT_3D('',#8051,#8052,#8053);
#8055=CIRCLE('',#8054,0.020669291338583);
#8056=EDGE_CURVE('',#8050,#8050,#8055,.T.);
#8057=ORIENTED_EDGE('',*,*,#8056,.T.);
#8058=EDGE_LOOP('',(#8057));
#8059=FACE_OUTER_BOUND('',#8058,.T.);
#8060=CARTESIAN_POINT('',(0.019419566706473,-0.000393700787401,0.051377952755906));
#8061=VERTEX_POINT('',#8060);
#8062=CARTESIAN_POINT('',(-0.000265472663606,-0.000393700787401,0.051377952755906));
#8063=DIRECTION('',(0.0,0.0,1.0));
#8064=DIRECTION('',(-1.0,0.0,0.0));
#8065=AXIS2_PLACEMENT_3D('',#8062,#8063,#8064);
#8066=CIRCLE('',#8065,0.019685039370079);
#8067=EDGE_CURVE('',#8061,#8061,#8066,.T.);
#8068=ORIENTED_EDGE('',*,*,#8067,.F.);
#8069=EDGE_LOOP('',(#8068));
#8070=FACE_BOUND('',#8069,.T.);
#8071=ADVANCED_FACE('',(#8059,#8070),#8048,.F.);
#8072=CARTESIAN_POINT('',(-0.042489882112425,-0.053444881889762,0.050393700787402));
#8073=DIRECTION('',(0.0,0.0,1.0));
#8074=DIRECTION('',(1.0,0.0,0.0));
#8075=AXIS2_PLACEMENT_3D('',#8072,#8073,#8074);
#8076=PLANE('',#8075);
#8077=CARTESIAN_POINT('',(-0.009123740335602,-0.048622047199554,0.050393700787402));
#8078=VERTEX_POINT('',#8077);
#8079=CARTESIAN_POINT('',(-0.009123740380141,-0.037743436931122,0.050393700787402));
#8080=VERTEX_POINT('',#8079);
#8081=CARTESIAN_POINT('',(-0.009123740380141,-0.048622047199554,0.050393700787402));
#8082=DIRECTION('',(0.0,1.0,0.0));
#8083=VECTOR('',#8082,0.010878610268431);
#8084=LINE('',#8081,#8083);
#8085=EDGE_CURVE('',#8078,#8080,#8084,.T.);
#8086=ORIENTED_EDGE('',*,*,#8085,.F.);
#8087=CARTESIAN_POINT('',(0.00859279500839,-0.048622047199554,0.050393700787402));
#8088=VERTEX_POINT('',#8087);
#8089=CARTESIAN_POINT('',(0.00859279500839,-0.048622047244093,0.050393700787402));
#8090=DIRECTION('',(-1.0,0.0,0.0));
#8091=VECTOR('',#8090,0.017716535343991);
#8092=LINE('',#8089,#8091);
#8093=EDGE_CURVE('',#8088,#8078,#8092,.T.);
#8094=ORIENTED_EDGE('',*,*,#8093,.F.);
#8095=CARTESIAN_POINT('',(0.008592795052929,-0.037743436931122,0.050393700787402));
#8096=VERTEX_POINT('',#8095);
#8097=CARTESIAN_POINT('',(0.008592795052929,-0.037743436931122,0.050393700787402));
#8098=DIRECTION('',(0.0,-1.0,0.0));
#8099=VECTOR('',#8098,0.010878610268431);
#8100=LINE('',#8097,#8099);
#8101=EDGE_CURVE('',#8096,#8088,#8100,.T.);
#8102=ORIENTED_EDGE('',*,*,#8101,.F.);
#8103=CARTESIAN_POINT('',(0.008592795052929,0.03695603535632,0.050393700787402));
#8104=VERTEX_POINT('',#8103);
#8105=CARTESIAN_POINT('',(-0.000265472663606,-0.000393700787401,0.050393700787402));
#8106=DIRECTION('',(0.0,0.0,-1.0));
#8107=DIRECTION('',(1.0,0.0,0.0));
#8108=AXIS2_PLACEMENT_3D('',#8105,#8106,#8107);
#8109=CIRCLE('',#8108,0.038385826771654);
#8110=EDGE_CURVE('',#8104,#8096,#8109,.T.);
#8111=ORIENTED_EDGE('',*,*,#8110,.F.);
#8112=CARTESIAN_POINT('',(0.008592795052929,0.047834645669292,0.050393700787402));
#8113=VERTEX_POINT('',#8112);
#8114=CARTESIAN_POINT('',(0.008592795052929,0.047834645669292,0.050393700787402));
#8115=DIRECTION('',(0.0,-1.0,0.0));
#8116=VECTOR('',#8115,0.010878610312972);
#8117=LINE('',#8114,#8116);
#8118=EDGE_CURVE('',#8113,#8104,#8117,.T.);
#8119=ORIENTED_EDGE('',*,*,#8118,.F.);
#8120=CARTESIAN_POINT('',(-0.009123740380142,0.047834645669292,0.050393700787402));
#8121=VERTEX_POINT('',#8120);
#8122=CARTESIAN_POINT('',(-0.009123740380142,0.047834645669292,0.050393700787402));
#8123=DIRECTION('',(1.0,0.0,0.0));
#8124=VECTOR('',#8123,0.017716535433071);
#8125=LINE('',#8122,#8124);
#8126=EDGE_CURVE('',#8121,#8113,#8125,.T.);
#8127=ORIENTED_EDGE('',*,*,#8126,.F.);
#8128=CARTESIAN_POINT('',(-0.009123740380142,0.03695603535632,0.050393700787402));
#8129=VERTEX_POINT('',#8128);
#8130=CARTESIAN_POINT('',(-0.009123740380142,0.03695603535632,0.050393700787402));
#8131=DIRECTION('',(0.0,1.0,0.0));
#8132=VECTOR('',#8131,0.010878610312972);
#8133=LINE('',#8130,#8132);
#8134=EDGE_CURVE('',#8129,#8121,#8133,.T.);
#8135=ORIENTED_EDGE('',*,*,#8134,.F.);
#8136=CARTESIAN_POINT('',(-0.000265472663606,-0.000393700787401,0.050393700787402));
#8137=DIRECTION('',(0.0,0.0,-1.0));
#8138=DIRECTION('',(-1.0,0.0,0.0));
#8139=AXIS2_PLACEMENT_3D('',#8136,#8137,#8138);
#8140=CIRCLE('',#8139,0.038385826771654);
#8141=EDGE_CURVE('',#8080,#8129,#8140,.T.);
#8142=ORIENTED_EDGE('',*,*,#8141,.F.);
#8143=EDGE_LOOP('',(#8086,#8094,#8102,#8111,#8119,#8127,#8135,#8142));
#8144=FACE_OUTER_BOUND('',#8143,.T.);
#8145=ORIENTED_EDGE('',*,*,#8056,.F.);
#8146=EDGE_LOOP('',(#8145));
#8147=FACE_BOUND('',#8146,.T.);
#8148=ADVANCED_FACE('',(#8144,#8147),#8076,.T.);
#8149=CARTESIAN_POINT('',(-0.009123740380142,-0.050199442326671,0.049409448818898));
#8150=DIRECTION('',(0.0,1.0,0.0));
#8151=DIRECTION('',(0.70710673318918,0.0,-0.707106829183911));
#8152=AXIS2_PLACEMENT_3D('',#8149,#8150,#8151);
#8153=CYLINDRICAL_SURFACE('',#8152,0.000984251968504);
#8154=CARTESIAN_POINT('',(-0.010107992348645,-0.038513615612277,0.049409448818898));
#8155=VERTEX_POINT('',#8154);
#8156=CARTESIAN_POINT('',(-0.010107992348645,-0.049606299212597,0.049409448998358));
#8157=VERTEX_POINT('',#8156);
#8158=CARTESIAN_POINT('',(-0.010107992348645,-0.038513615612277,0.049409448818898));
#8159=DIRECTION('',(0.0,-1.0,0.0));
#8160=VECTOR('',#8159,0.01109268360032);
#8161=LINE('',#8158,#8160);
#8162=EDGE_CURVE('',#8155,#8157,#8161,.T.);
#8163=ORIENTED_EDGE('',*,*,#8162,.T.);
#8164=CARTESIAN_POINT('',(-0.009123740380141,-0.048622047244093,0.049409448818898));
#8165=DIRECTION('',(0.707106781186557,-0.707106781186538,-1.094764E-047));
#8166=DIRECTION('',(0.707106781186538,0.707106781186557,5.366420E-032));
#8167=AXIS2_PLACEMENT_3D('',#8164,#8165,#8166);
#8168=ELLIPSE('',#8167,0.001391942482651,0.000984251968504);
#8169=EDGE_CURVE('',#8078,#8157,#8168,.T.);
#8170=ORIENTED_EDGE('',*,*,#8169,.F.);
#8171=ORIENTED_EDGE('',*,*,#8085,.T.);
#8172=CARTESIAN_POINT('',(-0.009123740380141,-0.037743436931122,0.050393700787402));
#8173=CARTESIAN_POINT('',(-0.009133016656823,-0.037750770471752,0.050393700787402));
#8174=CARTESIAN_POINT('',(-0.00914229423343,-0.037758102879745,0.05039356964825));
#8175=CARTESIAN_POINT('',(-0.009239213735591,-0.03783467937845,0.050390828131439));
#8176=CARTESIAN_POINT('',(-0.009326949813556,-0.03790380405778,0.05037662600868));
#8177=CARTESIAN_POINT('',(-0.009495133120415,-0.038035959838764,0.050325048107018));
#8178=CARTESIAN_POINT('',(-0.009576050942436,-0.038099371394796,0.050288273323293));
#8179=CARTESIAN_POINT('',(-0.009751207388311,-0.038236321086698,0.050176775034174));
#8180=CARTESIAN_POINT('',(-0.009842442961999,-0.038307409085965,0.050093855727172));
#8181=CARTESIAN_POINT('',(-0.009978619072614,-0.038413300984738,0.049908017669467));
#8182=CARTESIAN_POINT('',(-0.010028298908124,-0.038451844095044,0.049812794780066));
#8183=CARTESIAN_POINT('',(-0.010091983523271,-0.038501220437289,0.049612510130131));
#8184=CARTESIAN_POINT('',(-0.010107992348645,-0.038513615612277,0.049511979310561));
#8185=CARTESIAN_POINT('',(-0.010107992348645,-0.038513615612277,0.049409448818898));
#8186=B_SPLINE_CURVE_WITH_KNOTS('',3,(#8172,#8173,#8174,#8175,#8176,#8177,#8178,#8179,#8180,#8181,#8182,#8183,#8184,#8185),.UNSPECIFIED.,.F.,.U.,(4,2,2,2,2,2,4),(-0.000090106339624,0.0,0.000851352785072,0.00167716985002,0.002748897382641,0.003617465263613,0.004404135726195),.UNSPECIFIED.);
#8187=EDGE_CURVE('',#8080,#8155,#8186,.T.);
#8188=ORIENTED_EDGE('',*,*,#8187,.T.);
#8189=EDGE_LOOP('',(#8163,#8170,#8171,#8188));
#8190=FACE_OUTER_BOUND('',#8189,.T.);
#8191=ADVANCED_FACE('',(#8190),#8153,.T.);
#8192=CARTESIAN_POINT('',(-0.000265472663606,-0.000393700787401,0.049409448818898));
#8193=DIRECTION('',(0.0,0.0,-1.0));
#8194=DIRECTION('',(-1.0,0.0,0.0));
#8195=AXIS2_PLACEMENT_3D('',#8192,#8193,#8194);
#8196=TOROIDAL_SURFACE('',#8195,0.038385826771654,0.000984251968504);
#8197=ORIENTED_EDGE('',*,*,#8141,.T.);
#8198=CARTESIAN_POINT('',(-0.010107992348646,0.037726214037475,0.049409448818898));
#8199=VERTEX_POINT('',#8198);
#8200=CARTESIAN_POINT('',(-0.009123740380142,0.03695603535632,0.050393700787402));
#8201=CARTESIAN_POINT('',(-0.009133016656823,0.03696336889695,0.050393700787402));
#8202=CARTESIAN_POINT('',(-0.009142294233431,0.036970701304943,0.05039356964825));
#8203=CARTESIAN_POINT('',(-0.009239213735591,0.037047277803648,0.050390828131439));
#8204=CARTESIAN_POINT('',(-0.009326949813556,0.037116402482977,0.05037662600868));
#8205=CARTESIAN_POINT('',(-0.009495133120416,0.037248558263961,0.050325048107018));
#8206=CARTESIAN_POINT('',(-0.009576050942437,0.037311969819994,0.050288273323293));
#8207=CARTESIAN_POINT('',(-0.009751207388312,0.037448919511896,0.050176775034174));
#8208=CARTESIAN_POINT('',(-0.009842442961999,0.037520007511162,0.050093855727172));
#8209=CARTESIAN_POINT('',(-0.009978619072615,0.037625899409935,0.049908017669467));
#8210=CARTESIAN_POINT('',(-0.010028298908124,0.037664442520241,0.049812794780066));
#8211=CARTESIAN_POINT('',(-0.010091983523271,0.037713818862486,0.049612510130131));
#8212=CARTESIAN_POINT('',(-0.010107992348646,0.037726214037475,0.049511979310561));
#8213=CARTESIAN_POINT('',(-0.010107992348646,0.037726214037475,0.049409448818898));
#8214=B_SPLINE_CURVE_WITH_KNOTS('',3,(#8200,#8201,#8202,#8203,#8204,#8205,#8206,#8207,#8208,#8209,#8210,#8211,#8212,#8213),.UNSPECIFIED.,.F.,.U.,(4,2,2,2,2,2,4),(-0.004463459801585,-0.004373970624347,-0.003528448981878,-0.002708288158567,-0.001643901174054,-0.000781282346476,0.0),.UNSPECIFIED.);
#8215=EDGE_CURVE('',#8129,#8199,#8214,.T.);
#8216=ORIENTED_EDGE('',*,*,#8215,.T.);
#8217=CARTESIAN_POINT('',(-0.000265472663606,-0.000393700787401,0.049409448818898));
#8218=DIRECTION('',(0.0,0.0,1.0));
#8219=DIRECTION('',(-1.0,0.0,0.0));
#8220=AXIS2_PLACEMENT_3D('',#8217,#8218,#8219);
#8221=CIRCLE('',#8220,0.039370078740157);
#8222=EDGE_CURVE('',#8199,#8155,#8221,.T.);
#8223=ORIENTED_EDGE('',*,*,#8222,.T.);
#8224=ORIENTED_EDGE('',*,*,#8187,.F.);
#8225=EDGE_LOOP('',(#8197,#8216,#8223,#8224));
#8226=FACE_OUTER_BOUND('',#8225,.T.);
#8227=ADVANCED_FACE('',(#8226),#8196,.T.);
#8228=CARTESIAN_POINT('',(-0.009123740380142,0.018666256625037,0.049409448818898));
#8229=DIRECTION('',(0.0,1.0,0.0));
#8230=DIRECTION('',(0.707106781186548,0.0,-0.707106781186547));
#8231=AXIS2_PLACEMENT_3D('',#8228,#8229,#8230);
#8232=CYLINDRICAL_SURFACE('',#8231,0.000984251968504);
#8233=ORIENTED_EDGE('',*,*,#8134,.T.);
#8234=CARTESIAN_POINT('',(-0.010107992348646,0.048818897637796,0.049409448995756));
#8235=VERTEX_POINT('',#8234);
#8236=CARTESIAN_POINT('',(-0.009123740380142,0.047834645669292,0.049409448818898));
#8237=DIRECTION('',(-0.707106781186544,-0.707106781186551,5.473822E-048));
#8238=DIRECTION('',(0.707106781186551,-0.707106781186544,-2.266352E-032));
#8239=AXIS2_PLACEMENT_3D('',#8236,#8237,#8238);
#8240=ELLIPSE('',#8239,0.001391942482651,0.000984251968504);
#8241=EDGE_CURVE('',#8121,#8235,#8240,.T.);
#8242=ORIENTED_EDGE('',*,*,#8241,.T.);
#8243=CARTESIAN_POINT('',(-0.010107992348646,0.048818897637796,0.049409448818898));
#8244=DIRECTION('',(0.0,-1.0,0.0));
#8245=VECTOR('',#8244,0.011092683600321);
#8246=LINE('',#8243,#8245);
#8247=EDGE_CURVE('',#8235,#8199,#8246,.T.);
#8248=ORIENTED_EDGE('',*,*,#8247,.T.);
#8249=ORIENTED_EDGE('',*,*,#8215,.F.);
#8250=EDGE_LOOP('',(#8233,#8242,#8248,#8249));
#8251=FACE_OUTER_BOUND('',#8250,.T.);
#8252=ADVANCED_FACE('',(#8251),#8232,.T.);
#8253=CARTESIAN_POINT('',(-0.01109224431715,0.047834645669292,0.049409448818898));
#8254=DIRECTION('',(1.0,0.0,0.0));
#8255=DIRECTION('',(0.0,-0.707106781186546,-0.707106781186549));
#8256=AXIS2_PLACEMENT_3D('',#8253,#8254,#8255);
#8257=CYLINDRICAL_SURFACE('',#8256,0.000984251968504);
#8258=ORIENTED_EDGE('',*,*,#8126,.T.);
#8259=CARTESIAN_POINT('',(0.009577047021433,0.048818897637796,0.04940944899522));
#8260=VERTEX_POINT('',#8259);
#8261=CARTESIAN_POINT('',(0.008592795052929,0.047834645669292,0.049409448818898));
#8262=DIRECTION('',(-0.70710678118655,0.707106781186545,0.0));
#8263=DIRECTION('',(-0.707106781186545,-0.70710678118655,-5.366420E-032));
#8264=AXIS2_PLACEMENT_3D('',#8261,#8262,#8263);
#8265=ELLIPSE('',#8264,0.001391942482651,0.000984251968504);
#8266=EDGE_CURVE('',#8113,#8260,#8265,.T.);
#8267=ORIENTED_EDGE('',*,*,#8266,.T.);
#8268=CARTESIAN_POINT('',(0.009577047021433,0.048818897637796,0.049409448818898));
#8269=DIRECTION('',(-1.0,0.0,0.0));
#8270=VECTOR('',#8269,0.019685039370079);
#8271=LINE('',#8268,#8270);
#8272=EDGE_CURVE('',#8260,#8235,#8271,.T.);
#8273=ORIENTED_EDGE('',*,*,#8272,.T.);
#8274=ORIENTED_EDGE('',*,*,#8241,.F.);
#8275=EDGE_LOOP('',(#8258,#8267,#8273,#8274));
#8276=FACE_OUTER_BOUND('',#8275,.T.);
#8277=ADVANCED_FACE('',(#8276),#8257,.T.);
#8278=CARTESIAN_POINT('',(0.008592795052929,0.04941204075187,0.049409448818898));
#8279=DIRECTION('',(0.0,-1.0,0.0));
#8280=DIRECTION('',(-0.707106781186548,0.0,-0.707106781186547));
#8281=AXIS2_PLACEMENT_3D('',#8278,#8279,#8280);
#8282=CYLINDRICAL_SURFACE('',#8281,0.000984251968504);
#8283=CARTESIAN_POINT('',(0.009577047021433,0.037726214037475,0.049409448818898));
#8284=VERTEX_POINT('',#8283);
#8285=CARTESIAN_POINT('',(0.009577047021433,0.037726214037475,0.049409448818898));
#8286=DIRECTION('',(0.0,1.0,0.0));
#8287=VECTOR('',#8286,0.011092683600321);
#8288=LINE('',#8285,#8287);
#8289=EDGE_CURVE('',#8284,#8260,#8288,.T.);
#8290=ORIENTED_EDGE('',*,*,#8289,.T.);
#8291=ORIENTED_EDGE('',*,*,#8266,.F.);
#8292=ORIENTED_EDGE('',*,*,#8118,.T.);
#8293=CARTESIAN_POINT('',(0.008592795052929,0.03695603535632,0.050393700787402));
#8294=CARTESIAN_POINT('',(0.008602071329611,0.03696336889695,0.050393700787402));
#8295=CARTESIAN_POINT('',(0.008611348906218,0.036970701304943,0.05039356964825));
#8296=CARTESIAN_POINT('',(0.008708268408378,0.037047277803648,0.050390828131439));
#8297=CARTESIAN_POINT('',(0.008796004486344,0.037116402482977,0.05037662600868));
#8298=CARTESIAN_POINT('',(0.008964187793203,0.037248558263961,0.050325048107018));
#8299=CARTESIAN_POINT('',(0.009045105615224,0.037311969819994,0.050288273323293));
#8300=CARTESIAN_POINT('',(0.009220262061099,0.037448919511896,0.050176775034174));
#8301=CARTESIAN_POINT('',(0.009311497634787,0.037520007511162,0.050093855727172));
#8302=CARTESIAN_POINT('',(0.009447673745402,0.037625899409935,0.049908017669467));
#8303=CARTESIAN_POINT('',(0.009497353580912,0.037664442520241,0.049812794780066));
#8304=CARTESIAN_POINT('',(0.009561038196058,0.037713818862486,0.049612510130131));
#8305=CARTESIAN_POINT('',(0.009577047021433,0.037726214037475,0.049511979310561));
#8306=CARTESIAN_POINT('',(0.009577047021433,0.037726214037475,0.049409448818898));
#8307=B_SPLINE_CURVE_WITH_KNOTS('',3,(#8293,#8294,#8295,#8296,#8297,#8298,#8299,#8300,#8301,#8302,#8303,#8304,#8305,#8306),.UNSPECIFIED.,.F.,.U.,(4,2,2,2,2,2,4),(-0.000090106339624,0.0,0.000851352785072,0.001677169850019,0.002748897382638,0.003617465263609,0.004404135726185),.UNSPECIFIED.);
#8308=EDGE_CURVE('',#8104,#8284,#8307,.T.);
#8309=ORIENTED_EDGE('',*,*,#8308,.T.);
#8310=EDGE_LOOP('',(#8290,#8291,#8292,#8309));
#8311=FACE_OUTER_BOUND('',#8310,.T.);
#8312=ADVANCED_FACE('',(#8311),#8282,.T.);
#8313=CARTESIAN_POINT('',(-0.000265472663606,-0.000393700787401,0.049409448818898));
#8314=DIRECTION('',(0.0,0.0,-1.0));
#8315=DIRECTION('',(-1.0,0.0,0.0));
#8316=AXIS2_PLACEMENT_3D('',#8313,#8314,#8315);
#8317=TOROIDAL_SURFACE('',#8316,0.038385826771654,0.000984251968504);
#8318=ORIENTED_EDGE('',*,*,#8110,.T.);
#8319=CARTESIAN_POINT('',(0.009577047021433,-0.038513615612277,0.049409448818898));
#8320=VERTEX_POINT('',#8319);
#8321=CARTESIAN_POINT('',(0.008592795052929,-0.037743436931122,0.050393700787402));
#8322=CARTESIAN_POINT('',(0.008602071329611,-0.037750770471752,0.050393700787402));
#8323=CARTESIAN_POINT('',(0.008611348906219,-0.037758102879745,0.05039356964825));
#8324=CARTESIAN_POINT('',(0.008708268408379,-0.03783467937845,0.050390828131439));
#8325=CARTESIAN_POINT('',(0.008796004486344,-0.03790380405778,0.05037662600868));
#8326=CARTESIAN_POINT('',(0.008964187793204,-0.038035959838764,0.050325048107018));
#8327=CARTESIAN_POINT('',(0.009045105615224,-0.038099371394796,0.050288273323293));
#8328=CARTESIAN_POINT('',(0.0092202620611,-0.038236321086698,0.050176775034174));
#8329=CARTESIAN_POINT('',(0.009311497634787,-0.038307409085965,0.050093855727172));
#8330=CARTESIAN_POINT('',(0.009447673745402,-0.038413300984738,0.049908017669467));
#8331=CARTESIAN_POINT('',(0.009497353580912,-0.038451844095044,0.049812794780066));
#8332=CARTESIAN_POINT('',(0.009561038196059,-0.038501220437288,0.049612510130131));
#8333=CARTESIAN_POINT('',(0.009577047021433,-0.038513615612277,0.049511979310561));
#8334=CARTESIAN_POINT('',(0.009577047021433,-0.038513615612277,0.049409448818898));
#8335=B_SPLINE_CURVE_WITH_KNOTS('',3,(#8321,#8322,#8323,#8324,#8325,#8326,#8327,#8328,#8329,#8330,#8331,#8332,#8333,#8334),.UNSPECIFIED.,.F.,.U.,(4,2,2,2,2,2,4),(-0.004463459801554,-0.004373970624316,-0.003528448981854,-0.00270828815855,-0.001643901174045,-0.000781282346474,0.0),.UNSPECIFIED.);
#8336=EDGE_CURVE('',#8096,#8320,#8335,.T.);
#8337=ORIENTED_EDGE('',*,*,#8336,.T.);
#8338=CARTESIAN_POINT('',(-0.000265472663606,-0.000393700787401,0.049409448818898));
#8339=DIRECTION('',(0.0,0.0,1.0));
#8340=DIRECTION('',(1.0,0.0,0.0));
#8341=AXIS2_PLACEMENT_3D('',#8338,#8339,#8340);
#8342=CIRCLE('',#8341,0.039370078740157);
#8343=EDGE_CURVE('',#8320,#8284,#8342,.T.);
#8344=ORIENTED_EDGE('',*,*,#8343,.T.);
#8345=ORIENTED_EDGE('',*,*,#8308,.F.);
#8346=EDGE_LOOP('',(#8318,#8337,#8344,#8345));
#8347=FACE_OUTER_BOUND('',#8346,.T.);
#8348=ADVANCED_FACE('',(#8347),#8317,.T.);
#8349=CARTESIAN_POINT('',(0.00859279505293,-0.019453658199839,0.049409448818898));
#8350=DIRECTION('',(0.0,-1.0,0.0));
#8351=DIRECTION('',(-0.707106733189179,0.0,-0.707106829183913));
#8352=AXIS2_PLACEMENT_3D('',#8349,#8350,#8351);
#8353=CYLINDRICAL_SURFACE('',#8352,0.000984251968504);
#8354=ORIENTED_EDGE('',*,*,#8101,.T.);
#8355=CARTESIAN_POINT('',(0.009577047021433,-0.049606299212597,0.04940944899522));
#8356=VERTEX_POINT('',#8355);
#8357=CARTESIAN_POINT('',(0.008592795052929,-0.048622047244093,0.049409448818898));
#8358=DIRECTION('',(0.707106781186547,0.707106781186547,0.0));
#8359=DIRECTION('',(-0.707106781186547,0.707106781186547,2.266352E-032));
#8360=AXIS2_PLACEMENT_3D('',#8357,#8358,#8359);
#8361=ELLIPSE('',#8360,0.001391942482651,0.000984251968504);
#8362=EDGE_CURVE('',#8088,#8356,#8361,.T.);
#8363=ORIENTED_EDGE('',*,*,#8362,.T.);
#8364=CARTESIAN_POINT('',(0.009577047021433,-0.049606299212597,0.049409448818898));
#8365=DIRECTION('',(0.0,1.0,0.0));
#8366=VECTOR('',#8365,0.01109268360032);
#8367=LINE('',#8364,#8366);
#8368=EDGE_CURVE('',#8356,#8320,#8367,.T.);
#8369=ORIENTED_EDGE('',*,*,#8368,.T.);
#8370=ORIENTED_EDGE('',*,*,#8336,.F.);
#8371=EDGE_LOOP('',(#8354,#8363,#8369,#8370));
#8372=FACE_OUTER_BOUND('',#8371,.T.);
#8373=ADVANCED_FACE('',(#8372),#8353,.T.);
#8374=CARTESIAN_POINT('',(0.010561298989937,-0.048622047244093,0.049409448818898));
#8375=DIRECTION('',(-1.0,0.0,0.0));
#8376=DIRECTION('',(0.0,0.707106733189539,-0.707106829183553));
#8377=AXIS2_PLACEMENT_3D('',#8374,#8375,#8376);
#8378=CYLINDRICAL_SURFACE('',#8377,0.000984251968504);
#8379=ORIENTED_EDGE('',*,*,#8093,.T.);
#8380=ORIENTED_EDGE('',*,*,#8169,.T.);
#8381=CARTESIAN_POINT('',(-0.010107992348645,-0.049606299212597,0.049409448818898));
#8382=DIRECTION('',(1.0,0.0,0.0));
#8383=VECTOR('',#8382,0.019685039370078);
#8384=LINE('',#8381,#8383);
#8385=EDGE_CURVE('',#8157,#8356,#8384,.T.);
#8386=ORIENTED_EDGE('',*,*,#8385,.T.);
#8387=ORIENTED_EDGE('',*,*,#8362,.F.);
#8388=EDGE_LOOP('',(#8379,#8380,#8386,#8387));
#8389=FACE_OUTER_BOUND('',#8388,.T.);
#8390=ADVANCED_FACE('',(#8389),#8378,.T.);
#8391=CARTESIAN_POINT('',(-0.000265472663606,-0.000393700787401,0.048375984251969));
#8392=DIRECTION('',(0.0,0.0,1.0));
#8393=DIRECTION('',(-0.249999999999999,0.968245836551854,0.0));
#8394=AXIS2_PLACEMENT_3D('',#8391,#8392,#8393);
#8395=CYLINDRICAL_SURFACE('',#8394,0.039370078740157);
#8396=ORIENTED_EDGE('',*,*,#8343,.F.);
#8397=CARTESIAN_POINT('',(0.009577047021433,-0.038513615612278,0.048425196850394));
#8398=VERTEX_POINT('',#8397);
#8399=CARTESIAN_POINT('',(0.009577047021433,-0.038513615612278,0.048425196850394));
#8400=DIRECTION('',(0.0,0.0,1.0));
#8401=VECTOR('',#8400,0.000984251968504);
#8402=LINE('',#8399,#8401);
#8403=EDGE_CURVE('',#8398,#8320,#8402,.T.);
#8404=ORIENTED_EDGE('',*,*,#8403,.F.);
#8405=CARTESIAN_POINT('',(0.009577047021433,0.037726214037475,0.048425196850394));
#8406=VERTEX_POINT('',#8405);
#8407=CARTESIAN_POINT('',(-0.000265472663606,-0.000393700787401,0.048425196850394));
#8408=DIRECTION('',(0.0,0.0,-1.0));
#8409=DIRECTION('',(-0.249999999999999,0.968245836551854,0.0));
#8410=AXIS2_PLACEMENT_3D('',#8407,#8408,#8409);
#8411=CIRCLE('',#8410,0.039370078740157);
#8412=EDGE_CURVE('',#8406,#8398,#8411,.T.);
#8413=ORIENTED_EDGE('',*,*,#8412,.F.);
#8414=CARTESIAN_POINT('',(0.009577047021433,0.037726214037475,0.048425196850394));
#8415=DIRECTION('',(0.0,0.0,1.0));
#8416=VECTOR('',#8415,0.000984251968504);
#8417=LINE('',#8414,#8416);
#8418=EDGE_CURVE('',#8406,#8284,#8417,.T.);
#8419=ORIENTED_EDGE('',*,*,#8418,.T.);
#8420=EDGE_LOOP('',(#8396,#8404,#8413,#8419));
#8421=FACE_OUTER_BOUND('',#8420,.T.);
#8422=ADVANCED_FACE('',(#8421),#8395,.T.);
#8423=CARTESIAN_POINT('',(0.009577047021433,-0.050160933392613,0.049458661417323));
#8424=DIRECTION('',(1.0,0.0,0.0));
#8425=DIRECTION('',(0.0,0.0,-1.0));
#8426=AXIS2_PLACEMENT_3D('',#8423,#8424,#8425);
#8427=PLANE('',#8426);
#8428=ORIENTED_EDGE('',*,*,#8368,.F.);
#8429=CARTESIAN_POINT('',(0.009577047021433,-0.049606299212597,0.048425196850394));
#8430=VERTEX_POINT('',#8429);
#8431=CARTESIAN_POINT('',(0.009577047021433,-0.049606299212597,0.048425196850394));
#8432=DIRECTION('',(0.0,0.0,1.0));
#8433=VECTOR('',#8432,0.000984252144826);
#8434=LINE('',#8431,#8433);
#8435=EDGE_CURVE('',#8430,#8356,#8434,.T.);
#8436=ORIENTED_EDGE('',*,*,#8435,.F.);
#8437=CARTESIAN_POINT('',(0.009577047021433,-0.038513615612278,0.048425196850394));
#8438=DIRECTION('',(0.0,-1.0,0.0));
#8439=VECTOR('',#8438,0.011092683600319);
#8440=LINE('',#8437,#8439);
#8441=EDGE_CURVE('',#8398,#8430,#8440,.T.);
#8442=ORIENTED_EDGE('',*,*,#8441,.F.);
#8443=ORIENTED_EDGE('',*,*,#8403,.T.);
#8444=EDGE_LOOP('',(#8428,#8436,#8442,#8443));
#8445=FACE_OUTER_BOUND('',#8444,.T.);
#8446=ADVANCED_FACE('',(#8445),#8427,.T.);
#8447=CARTESIAN_POINT('',(-0.011092244317149,-0.049606299212597,0.049458661470041));
#8448=DIRECTION('',(0.0,-1.0,0.0));
#8449=DIRECTION('',(0.0,0.0,-1.0));
#8450=AXIS2_PLACEMENT_3D('',#8447,#8448,#8449);
#8451=PLANE('',#8450);
#8452=ORIENTED_EDGE('',*,*,#8385,.F.);
#8453=CARTESIAN_POINT('',(-0.010107992348645,-0.049606299212597,0.048425196850394));
#8454=VERTEX_POINT('',#8453);
#8455=CARTESIAN_POINT('',(-0.010107992348645,-0.049606299212597,0.048425196850394));
#8456=DIRECTION('',(0.0,0.0,1.0));
#8457=VECTOR('',#8456,0.000984252147964);
#8458=LINE('',#8455,#8457);
#8459=EDGE_CURVE('',#8454,#8157,#8458,.T.);
#8460=ORIENTED_EDGE('',*,*,#8459,.F.);
#8461=CARTESIAN_POINT('',(0.009577047021433,-0.049606299212597,0.048425196850394));
#8462=DIRECTION('',(-1.0,0.0,0.0));
#8463=VECTOR('',#8462,0.019685039370078);
#8464=LINE('',#8461,#8463);
#8465=EDGE_CURVE('',#8430,#8454,#8464,.T.);
#8466=ORIENTED_EDGE('',*,*,#8465,.F.);
#8467=ORIENTED_EDGE('',*,*,#8435,.T.);
#8468=EDGE_LOOP('',(#8452,#8460,#8466,#8467));
#8469=FACE_OUTER_BOUND('',#8468,.T.);
#8470=ADVANCED_FACE('',(#8469),#8451,.T.);
#8471=CARTESIAN_POINT('',(-0.010107992348645,-0.050160933392613,0.048375984249458));
#8472=DIRECTION('',(-1.0,0.0,0.0));
#8473=DIRECTION('',(0.0,0.0,1.0));
#8474=AXIS2_PLACEMENT_3D('',#8471,#8472,#8473);
#8475=PLANE('',#8474);
#8476=ORIENTED_EDGE('',*,*,#8162,.F.);
#8477=CARTESIAN_POINT('',(-0.010107992348645,-0.038513615612278,0.048425196850394));
#8478=VERTEX_POINT('',#8477);
#8479=CARTESIAN_POINT('',(-0.010107992348645,-0.038513615612278,0.048425196850394));
#8480=DIRECTION('',(0.0,0.0,1.0));
#8481=VECTOR('',#8480,0.000984251968504);
#8482=LINE('',#8479,#8481);
#8483=EDGE_CURVE('',#8478,#8155,#8482,.T.);
#8484=ORIENTED_EDGE('',*,*,#8483,.F.);
#8485=CARTESIAN_POINT('',(-0.010107992348645,-0.049606299212597,0.048425196850394));
#8486=DIRECTION('',(0.0,1.0,0.0));
#8487=VECTOR('',#8486,0.011092683600319);
#8488=LINE('',#8485,#8487);
#8489=EDGE_CURVE('',#8454,#8478,#8488,.T.);
#8490=ORIENTED_EDGE('',*,*,#8489,.F.);
#8491=ORIENTED_EDGE('',*,*,#8459,.T.);
#8492=EDGE_LOOP('',(#8476,#8484,#8490,#8491));
#8493=FACE_OUTER_BOUND('',#8492,.T.);
#8494=ADVANCED_FACE('',(#8493),#8475,.T.);
#8495=CARTESIAN_POINT('',(0.069350944436566,-0.023560923905637,0.051377952755906));
#8496=DIRECTION('',(0.0,1.0,0.0));
#8497=DIRECTION('',(-0.707106757625739,0.0,0.707106804747355));
#8498=AXIS2_PLACEMENT_3D('',#8495,#8496,#8497);
#8499=CYLINDRICAL_SURFACE('',#8498,0.000984251968504);
#8500=CARTESIAN_POINT('',(0.07033519640507,0.027128052541186,0.051377952898763));
#8501=VERTEX_POINT('',#8500);
#8502=CARTESIAN_POINT('',(0.07033519640507,-0.020116041947003,0.051377952899169));
#8503=VERTEX_POINT('',#8502);
#8504=CARTESIAN_POINT('',(0.07033519640507,0.027128052541186,0.051377952755906));
#8505=DIRECTION('',(0.0,-1.0,0.0));
#8506=VECTOR('',#8505,0.047244094488189);
#8507=LINE('',#8504,#8506);
#8508=EDGE_CURVE('',#8501,#8503,#8507,.T.);
#8509=ORIENTED_EDGE('',*,*,#8508,.F.);
#8510=CARTESIAN_POINT('',(0.069350944436566,0.02811230450969,0.050393700787402));
#8511=VERTEX_POINT('',#8510);
#8512=CARTESIAN_POINT('',(0.069350944436566,0.02811230450969,0.051377952755906));
#8513=DIRECTION('',(0.707106781186546,0.707106781186549,0.0));
#8514=DIRECTION('',(0.707106781186549,-0.707106781186546,1.209478E-031));
#8515=AXIS2_PLACEMENT_3D('',#8512,#8513,#8514);
#8516=ELLIPSE('',#8515,0.001391942482651,0.000984251968504);
#8517=EDGE_CURVE('',#8501,#8511,#8516,.T.);
#8518=ORIENTED_EDGE('',*,*,#8517,.T.);
#8519=CARTESIAN_POINT('',(0.069350944414702,-0.021100293937371,0.050393700787402));
#8520=VERTEX_POINT('',#8519);
#8521=CARTESIAN_POINT('',(0.069350944436566,0.02811230450969,0.050393700787402));
#8522=DIRECTION('',(0.0,-1.0,0.0));
#8523=VECTOR('',#8522,0.049212598447061);
#8524=LINE('',#8521,#8523);
#8525=EDGE_CURVE('',#8511,#8520,#8524,.T.);
#8526=ORIENTED_EDGE('',*,*,#8525,.T.);
#8527=CARTESIAN_POINT('',(0.069350944436566,-0.021100293915507,0.051377952755906));
#8528=DIRECTION('',(0.707106781186542,-0.707106781186553,1.962616E-015));
#8529=DIRECTION('',(-0.707106781186553,-0.707106781186542,-1.962616E-015));
#8530=AXIS2_PLACEMENT_3D('',#8527,#8528,#8529);
#8531=ELLIPSE('',#8530,0.001391942482651,0.000984251968504);
#8532=EDGE_CURVE('',#8520,#8503,#8531,.T.);
#8533=ORIENTED_EDGE('',*,*,#8532,.T.);
#8534=EDGE_LOOP('',(#8509,#8518,#8526,#8533));
#8535=FACE_OUTER_BOUND('',#8534,.T.);
#8536=ADVANCED_FACE('',(#8535),#8499,.F.);
#8537=CARTESIAN_POINT('',(0.092087164912286,-0.021100293915507,0.051377952755906));
#8538=DIRECTION('',(-1.0,0.0,0.0));
#8539=DIRECTION('',(0.0,-0.707106804747354,0.70710675762574));
#8540=AXIS2_PLACEMENT_3D('',#8537,#8538,#8539);
#8541=CYLINDRICAL_SURFACE('',#8540,0.000984251968504);
#8542=CARTESIAN_POINT('',(0.090020235775148,-0.020116041947003,0.051377952898857));
#8543=VERTEX_POINT('',#8542);
#8544=CARTESIAN_POINT('',(0.07033519640507,-0.020116041947003,0.051377952755906));
#8545=DIRECTION('',(1.0,0.0,0.0));
#8546=VECTOR('',#8545,0.019685039370078);
#8547=LINE('',#8544,#8546);
#8548=EDGE_CURVE('',#8503,#8543,#8547,.T.);
#8549=ORIENTED_EDGE('',*,*,#8548,.F.);
#8550=ORIENTED_EDGE('',*,*,#8532,.F.);
#8551=CARTESIAN_POINT('',(0.091004487721788,-0.021100293893643,0.050393700787402));
#8552=VERTEX_POINT('',#8551);
#8553=CARTESIAN_POINT('',(0.069350944414702,-0.021100293915507,0.050393700787402));
#8554=DIRECTION('',(1.0,0.0,0.0));
#8555=VECTOR('',#8554,0.021653543307086);
#8556=LINE('',#8553,#8555);
#8557=EDGE_CURVE('',#8520,#8552,#8556,.T.);
#8558=ORIENTED_EDGE('',*,*,#8557,.T.);
#8559=CARTESIAN_POINT('',(0.091004487743652,-0.021100293915507,0.051377952755906));
#8560=DIRECTION('',(-0.707106781186545,-0.70710678118655,-1.094764E-047));
#8561=DIRECTION('',(-0.70710678118655,0.707106781186545,-1.209478E-031));
#8562=AXIS2_PLACEMENT_3D('',#8559,#8560,#8561);
#8563=ELLIPSE('',#8562,0.001391942482651,0.000984251968504);
#8564=EDGE_CURVE('',#8543,#8552,#8563,.T.);
#8565=ORIENTED_EDGE('',*,*,#8564,.F.);
#8566=EDGE_LOOP('',(#8549,#8550,#8558,#8565));
#8567=FACE_OUTER_BOUND('',#8566,.T.);
#8568=ADVANCED_FACE('',(#8567),#8541,.F.);
#8569=CARTESIAN_POINT('',(0.068268267271212,0.02811230450969,0.051377952755906));
#8570=DIRECTION('',(1.0,0.0,0.0));
#8571=DIRECTION('',(0.0,0.707106781186548,0.707106781186547));
#8572=AXIS2_PLACEMENT_3D('',#8569,#8570,#8571);
#8573=CYLINDRICAL_SURFACE('',#8572,0.000984251968504);
#8574=CARTESIAN_POINT('',(0.090020235775148,0.027128052541186,0.051377953043543));
#8575=VERTEX_POINT('',#8574);
#8576=CARTESIAN_POINT('',(0.090020235775148,0.027128052541186,0.051377952755906));
#8577=DIRECTION('',(-1.0,0.0,0.0));
#8578=VECTOR('',#8577,0.019685039370078);
#8579=LINE('',#8576,#8578);
#8580=EDGE_CURVE('',#8575,#8501,#8579,.T.);
#8581=ORIENTED_EDGE('',*,*,#8580,.F.);
#8582=CARTESIAN_POINT('',(0.091004487721788,0.028112304487826,0.050393700787402));
#8583=VERTEX_POINT('',#8582);
#8584=CARTESIAN_POINT('',(0.091004487743652,0.02811230450969,0.051377952755906));
#8585=DIRECTION('',(0.707106781186542,-0.707106781186553,1.751623E-046));
#8586=DIRECTION('',(-0.707106781186553,-0.707106781186542,-1.924350E-030));
#8587=AXIS2_PLACEMENT_3D('',#8584,#8585,#8586);
#8588=ELLIPSE('',#8587,0.001391942482651,0.000984251968504);
#8589=EDGE_CURVE('',#8575,#8583,#8588,.T.);
#8590=ORIENTED_EDGE('',*,*,#8589,.T.);
#8591=CARTESIAN_POINT('',(0.091004487721788,0.02811230450969,0.050393700787402));
#8592=DIRECTION('',(-1.0,0.0,0.0));
#8593=VECTOR('',#8592,0.021653543285222);
#8594=LINE('',#8591,#8593);
#8595=EDGE_CURVE('',#8583,#8511,#8594,.T.);
#8596=ORIENTED_EDGE('',*,*,#8595,.T.);
#8597=ORIENTED_EDGE('',*,*,#8517,.F.);
#8598=EDGE_LOOP('',(#8581,#8590,#8596,#8597));
#8599=FACE_OUTER_BOUND('',#8598,.T.);
#8600=ADVANCED_FACE('',(#8599),#8573,.F.);
#8601=CARTESIAN_POINT('',(0.091004487743652,0.03057293443095,0.051377952755906));
#8602=DIRECTION('',(0.0,-1.0,0.0));
#8603=DIRECTION('',(0.70710680474735,0.0,0.707106757625745));
#8604=AXIS2_PLACEMENT_3D('',#8601,#8602,#8603);
#8605=CYLINDRICAL_SURFACE('',#8604,0.000984251968504);
#8606=CARTESIAN_POINT('',(0.090020235775148,-0.020116041947003,0.051377952755906));
#8607=DIRECTION('',(0.0,1.0,0.0));
#8608=VECTOR('',#8607,0.047244094488189);
#8609=LINE('',#8606,#8608);
#8610=EDGE_CURVE('',#8543,#8575,#8609,.T.);
#8611=ORIENTED_EDGE('',*,*,#8610,.F.);
#8612=ORIENTED_EDGE('',*,*,#8564,.T.);
#8613=CARTESIAN_POINT('',(0.091004487743652,-0.021100293893643,0.050393700787402));
#8614=DIRECTION('',(0.0,1.0,0.0));
#8615=VECTOR('',#8614,0.04921259838147);
#8616=LINE('',#8613,#8615);
#8617=EDGE_CURVE('',#8552,#8583,#8616,.T.);
#8618=ORIENTED_EDGE('',*,*,#8617,.T.);
#8619=ORIENTED_EDGE('',*,*,#8589,.F.);
#8620=EDGE_LOOP('',(#8611,#8612,#8618,#8619));
#8621=FACE_OUTER_BOUND('',#8620,.T.);
#8622=ADVANCED_FACE('',(#8621),#8605,.F.);
#8623=CARTESIAN_POINT('',(0.053061574357827,-0.043049112813144,0.050393700787402));
#8624=DIRECTION('',(0.0,0.0,1.0));
#8625=DIRECTION('',(1.0,0.0,0.0));
#8626=AXIS2_PLACEMENT_3D('',#8623,#8624,#8625);
#8627=PLANE('',#8626);
#8628=CARTESIAN_POINT('',(0.055571416922051,0.045828839898223,0.050393700787402));
#8629=VERTEX_POINT('',#8628);
#8630=CARTESIAN_POINT('',(0.105768267271213,0.045828839942762,0.050393700787402));
#8631=VERTEX_POINT('',#8630);
#8632=CARTESIAN_POINT('',(0.055571416922051,0.045828839942762,0.050393700787402));
#8633=DIRECTION('',(1.0,0.0,0.0));
#8634=VECTOR('',#8633,0.050196850349162);
#8635=LINE('',#8632,#8634);
#8636=EDGE_CURVE('',#8629,#8631,#8635,.T.);
#8637=ORIENTED_EDGE('',*,*,#8636,.F.);
#8638=CARTESIAN_POINT('',(0.055571416922051,-0.038816829304038,0.050393700787402));
#8639=VERTEX_POINT('',#8638);
#8640=CARTESIAN_POINT('',(0.055571416877512,-0.038816829304038,0.050393700787402));
#8641=DIRECTION('',(0.0,1.0,0.0));
#8642=VECTOR('',#8641,0.08464566920226);
#8643=LINE('',#8640,#8642);
#8644=EDGE_CURVE('',#8639,#8629,#8643,.T.);
#8645=ORIENTED_EDGE('',*,*,#8644,.F.);
#8646=CARTESIAN_POINT('',(0.105768267271213,-0.038816829348577,0.050393700787402));
#8647=VERTEX_POINT('',#8646);
#8648=CARTESIAN_POINT('',(0.105768267271213,-0.038816829348577,0.050393700787402));
#8649=DIRECTION('',(-1.0,0.0,0.0));
#8650=VECTOR('',#8649,0.050196850349162);
#8651=LINE('',#8648,#8650);
#8652=EDGE_CURVE('',#8647,#8639,#8651,.T.);
#8653=ORIENTED_EDGE('',*,*,#8652,.F.);
#8654=CARTESIAN_POINT('',(0.105768267271213,0.045828839942762,0.050393700787402));
#8655=DIRECTION('',(0.0,-1.0,0.0));
#8656=VECTOR('',#8655,0.084645669291339);
#8657=LINE('',#8654,#8656);
#8658=EDGE_CURVE('',#8631,#8647,#8657,.T.);
#8659=ORIENTED_EDGE('',*,*,#8658,.F.);
#8660=EDGE_LOOP('',(#8637,#8645,#8653,#8659));
#8661=FACE_OUTER_BOUND('',#8660,.T.);
#8662=ORIENTED_EDGE('',*,*,#8525,.F.);
#8663=ORIENTED_EDGE('',*,*,#8595,.F.);
#8664=ORIENTED_EDGE('',*,*,#8617,.F.);
#8665=ORIENTED_EDGE('',*,*,#8557,.F.);
#8666=EDGE_LOOP('',(#8662,#8663,#8664,#8665));
#8667=FACE_BOUND('',#8666,.T.);
#8668=ADVANCED_FACE('',(#8661,#8667),#8627,.T.);
#8669=CARTESIAN_POINT('',(0.108327322389323,-0.038816829348577,0.049409448818898));
#8670=DIRECTION('',(-1.0,0.0,0.0));
#8671=DIRECTION('',(0.0,0.707106733189539,-0.707106829183552));
#8672=AXIS2_PLACEMENT_3D('',#8669,#8670,#8671);
#8673=CYLINDRICAL_SURFACE('',#8672,0.000984251968504);
#8674=CARTESIAN_POINT('',(0.105768267271213,-0.039801081317081,0.049409448818898));
#8675=VERTEX_POINT('',#8674);
#8676=CARTESIAN_POINT('',(0.105768267271213,-0.038816829348577,0.049409448818898));
#8677=DIRECTION('',(-1.0,0.0,0.0));
#8678=DIRECTION('',(0.0,-0.707106781186548,0.707106781186548));
#8679=AXIS2_PLACEMENT_3D('',#8676,#8677,#8678);
#8680=CIRCLE('',#8679,0.000984251968504);
#8681=EDGE_CURVE('',#8675,#8647,#8680,.T.);
#8682=ORIENTED_EDGE('',*,*,#8681,.T.);
#8683=ORIENTED_EDGE('',*,*,#8652,.T.);
#8684=CARTESIAN_POINT('',(0.054587164909008,-0.039801081317081,0.049409449002285));
#8685=VERTEX_POINT('',#8684);
#8686=CARTESIAN_POINT('',(0.055571416877512,-0.038816829348577,0.049409448818898));
#8687=DIRECTION('',(0.707106781186545,-0.70710678118655,0.0));
#8688=DIRECTION('',(0.70710678118655,0.707106781186545,1.924350E-030));
#8689=AXIS2_PLACEMENT_3D('',#8686,#8687,#8688);
#8690=ELLIPSE('',#8689,0.001391942482651,0.000984251968504);
#8691=EDGE_CURVE('',#8639,#8685,#8690,.T.);
#8692=ORIENTED_EDGE('',*,*,#8691,.T.);
#8693=CARTESIAN_POINT('',(0.054587164909008,-0.039801081317081,0.049409448818898));
#8694=DIRECTION('',(1.0,0.0,0.0));
#8695=VECTOR('',#8694,0.051181102362205);
#8696=LINE('',#8693,#8695);
#8697=EDGE_CURVE('',#8685,#8675,#8696,.T.);
#8698=ORIENTED_EDGE('',*,*,#8697,.T.);
#8699=EDGE_LOOP('',(#8682,#8683,#8692,#8698));
#8700=FACE_OUTER_BOUND('',#8699,.T.);
#8701=ADVANCED_FACE('',(#8700),#8673,.T.);
#8702=CARTESIAN_POINT('',(0.055571416877512,-0.044131789978498,0.049409448818898));
#8703=DIRECTION('',(0.0,1.0,0.0));
#8704=DIRECTION('',(0.707106706187344,0.0,-0.707106856185743));
#8705=AXIS2_PLACEMENT_3D('',#8702,#8703,#8704);
#8706=CYLINDRICAL_SURFACE('',#8705,0.000984251968504);
#8707=ORIENTED_EDGE('',*,*,#8644,.T.);
#8708=CARTESIAN_POINT('',(0.054587164909008,0.046813091911266,0.049409449001723));
#8709=VERTEX_POINT('',#8708);
#8710=CARTESIAN_POINT('',(0.055571416877512,0.045828839942762,0.049409448818898));
#8711=DIRECTION('',(-0.70710678118655,-0.707106781186545,-3.925231E-015));
#8712=DIRECTION('',(0.707106781186545,-0.70710678118655,3.925231E-015));
#8713=AXIS2_PLACEMENT_3D('',#8710,#8711,#8712);
#8714=ELLIPSE('',#8713,0.001391942482651,0.000984251968504);
#8715=EDGE_CURVE('',#8629,#8709,#8714,.T.);
#8716=ORIENTED_EDGE('',*,*,#8715,.T.);
#8717=CARTESIAN_POINT('',(0.054587164909008,0.046813091911266,0.049409448818898));
#8718=DIRECTION('',(0.0,-1.0,0.0));
#8719=VECTOR('',#8718,0.086614173228347);
#8720=LINE('',#8717,#8719);
#8721=EDGE_CURVE('',#8709,#8685,#8720,.T.);
#8722=ORIENTED_EDGE('',*,*,#8721,.T.);
#8723=ORIENTED_EDGE('',*,*,#8691,.F.);
#8724=EDGE_LOOP('',(#8707,#8716,#8722,#8723));
#8725=FACE_OUTER_BOUND('',#8724,.T.);
#8726=ADVANCED_FACE('',(#8725),#8706,.T.);
#8727=CARTESIAN_POINT('',(0.052028109790898,0.045828839942762,0.049409448818898));
#8728=DIRECTION('',(1.0,0.0,0.0));
#8729=DIRECTION('',(0.0,-0.707106719502192,-0.707106842870898));
#8730=AXIS2_PLACEMENT_3D('',#8727,#8728,#8729);
#8731=CYLINDRICAL_SURFACE('',#8730,0.000984251968504);
#8732=CARTESIAN_POINT('',(0.105768267271213,0.046813091911266,0.049409448818898));
#8733=VERTEX_POINT('',#8732);
#8734=CARTESIAN_POINT('',(0.105768267271213,0.045828839942762,0.049409448818898));
#8735=DIRECTION('',(-1.0,0.0,0.0));
#8736=DIRECTION('',(0.0,0.707106781186548,0.707106781186548));
#8737=AXIS2_PLACEMENT_3D('',#8734,#8735,#8736);
#8738=CIRCLE('',#8737,0.000984251968504);
#8739=EDGE_CURVE('',#8631,#8733,#8738,.T.);
#8740=ORIENTED_EDGE('',*,*,#8739,.T.);
#8741=CARTESIAN_POINT('',(0.105768267271213,0.046813091911266,0.049409448818898));
#8742=DIRECTION('',(-1.0,0.0,0.0));
#8743=VECTOR('',#8742,0.051181102362205);
#8744=LINE('',#8741,#8743);
#8745=EDGE_CURVE('',#8733,#8709,#8744,.T.);
#8746=ORIENTED_EDGE('',*,*,#8745,.T.);
#8747=ORIENTED_EDGE('',*,*,#8715,.F.);
#8748=ORIENTED_EDGE('',*,*,#8636,.T.);
#8749=EDGE_LOOP('',(#8740,#8746,#8747,#8748));
#8750=FACE_OUTER_BOUND('',#8749,.T.);
#8751=ADVANCED_FACE('',(#8750),#8731,.T.);
#8752=CARTESIAN_POINT('',(-0.108858267716536,0.045828839942761,0.049409448818898));
#8753=DIRECTION('',(1.0,0.0,0.0));
#8754=DIRECTION('',(0.0,-0.707106733189537,-0.707106829183555));
#8755=AXIS2_PLACEMENT_3D('',#8752,#8753,#8754);
#8756=CYLINDRICAL_SURFACE('',#8755,0.000984251968504);
#8757=CARTESIAN_POINT('',(-0.106299212598425,0.046813091911265,0.049409448818898));
#8758=VERTEX_POINT('',#8757);
#8759=CARTESIAN_POINT('',(-0.106299212598425,0.045828839942761,0.050393700787402));
#8760=VERTEX_POINT('',#8759);
#8761=CARTESIAN_POINT('',(-0.106299212598426,0.045828839942761,0.049409448818898));
#8762=DIRECTION('',(1.0,0.0,0.0));
#8763=DIRECTION('',(0.0,0.707106781186548,0.707106781186548));
#8764=AXIS2_PLACEMENT_3D('',#8761,#8762,#8763);
#8765=CIRCLE('',#8764,0.000984251968504);
#8766=EDGE_CURVE('',#8758,#8760,#8765,.T.);
#8767=ORIENTED_EDGE('',*,*,#8766,.T.);
#8768=CARTESIAN_POINT('',(-0.056102362249263,0.045828839898222,0.050393700787402));
#8769=VERTEX_POINT('',#8768);
#8770=CARTESIAN_POINT('',(-0.106299212598425,0.045828839942761,0.050393700787402));
#8771=DIRECTION('',(1.0,0.0,0.0));
#8772=VECTOR('',#8771,0.050196850349162);
#8773=LINE('',#8770,#8772);
#8774=EDGE_CURVE('',#8760,#8769,#8773,.T.);
#8775=ORIENTED_EDGE('',*,*,#8774,.T.);
#8776=CARTESIAN_POINT('',(-0.05511811023622,0.046813091911265,0.049409448997859));
#8777=VERTEX_POINT('',#8776);
#8778=CARTESIAN_POINT('',(-0.056102362204724,0.045828839942761,0.049409448818898));
#8779=DIRECTION('',(-0.707106781186549,0.707106781186546,-7.850462E-015));
#8780=DIRECTION('',(-0.707106781186546,-0.707106781186549,7.850462E-015));
#8781=AXIS2_PLACEMENT_3D('',#8778,#8779,#8780);
#8782=ELLIPSE('',#8781,0.001391942482651,0.000984251968504);
#8783=EDGE_CURVE('',#8769,#8777,#8782,.T.);
#8784=ORIENTED_EDGE('',*,*,#8783,.T.);
#8785=CARTESIAN_POINT('',(-0.05511811023622,0.046813091911265,0.049409448818898));
#8786=DIRECTION('',(-1.0,0.0,0.0));
#8787=VECTOR('',#8786,0.051181102362205);
#8788=LINE('',#8785,#8787);
#8789=EDGE_CURVE('',#8777,#8758,#8788,.T.);
#8790=ORIENTED_EDGE('',*,*,#8789,.T.);
#8791=EDGE_LOOP('',(#8767,#8775,#8784,#8790));
#8792=FACE_OUTER_BOUND('',#8791,.T.);
#8793=ADVANCED_FACE('',(#8792),#8756,.T.);
#8794=CARTESIAN_POINT('',(-0.056102362204724,0.051143800572682,0.049409448818898));
#8795=DIRECTION('',(0.0,-1.0,0.0));
#8796=DIRECTION('',(-0.707106720419976,0.0,-0.707106841953114));
#8797=AXIS2_PLACEMENT_3D('',#8794,#8795,#8796);
#8798=CYLINDRICAL_SURFACE('',#8797,0.000984251968504);
#8799=CARTESIAN_POINT('',(-0.056102362204724,-0.038816829348577,0.050393700787402));
#8800=VERTEX_POINT('',#8799);
#8801=CARTESIAN_POINT('',(-0.056102362204724,0.045828839898222,0.050393700787402));
#8802=DIRECTION('',(0.0,-1.0,0.0));
#8803=VECTOR('',#8802,0.084645669246799);
#8804=LINE('',#8801,#8803);
#8805=EDGE_CURVE('',#8769,#8800,#8804,.T.);
#8806=ORIENTED_EDGE('',*,*,#8805,.T.);
#8807=CARTESIAN_POINT('',(-0.05511811023622,-0.039801081317081,0.049409448995637));
#8808=VERTEX_POINT('',#8807);
#8809=CARTESIAN_POINT('',(-0.056102362204724,-0.038816829348577,0.049409448818898));
#8810=DIRECTION('',(0.707106781186549,0.707106781186546,7.850462E-015));
#8811=DIRECTION('',(-0.707106781186546,0.707106781186549,-7.850462E-015));
#8812=AXIS2_PLACEMENT_3D('',#8809,#8810,#8811);
#8813=ELLIPSE('',#8812,0.001391942482651,0.000984251968504);
#8814=EDGE_CURVE('',#8800,#8808,#8813,.T.);
#8815=ORIENTED_EDGE('',*,*,#8814,.T.);
#8816=CARTESIAN_POINT('',(-0.05511811023622,-0.039801081317081,0.049409448818898));
#8817=DIRECTION('',(0.0,1.0,0.0));
#8818=VECTOR('',#8817,0.086614173228346);
#8819=LINE('',#8816,#8818);
#8820=EDGE_CURVE('',#8808,#8777,#8819,.T.);
#8821=ORIENTED_EDGE('',*,*,#8820,.T.);
#8822=ORIENTED_EDGE('',*,*,#8783,.F.);
#8823=EDGE_LOOP('',(#8806,#8815,#8821,#8822));
#8824=FACE_OUTER_BOUND('',#8823,.T.);
#8825=ADVANCED_FACE('',(#8824),#8798,.T.);
#8826=CARTESIAN_POINT('',(-0.05255905511811,-0.038816829348578,0.049409448818898));
#8827=DIRECTION('',(-1.0,0.0,0.0));
#8828=DIRECTION('',(0.0,0.707106781186193,-0.707106781186903));
#8829=AXIS2_PLACEMENT_3D('',#8826,#8827,#8828);
#8830=CYLINDRICAL_SURFACE('',#8829,0.000984251968504);
#8831=CARTESIAN_POINT('',(-0.106299212598425,-0.038816829348578,0.050393700787402));
#8832=VERTEX_POINT('',#8831);
#8833=CARTESIAN_POINT('',(-0.056102362204724,-0.038816829348577,0.050393700787402));
#8834=DIRECTION('',(-1.0,0.0,0.0));
#8835=VECTOR('',#8834,0.050196850393701);
#8836=LINE('',#8833,#8835);
#8837=EDGE_CURVE('',#8800,#8832,#8836,.T.);
#8838=ORIENTED_EDGE('',*,*,#8837,.T.);
#8839=CARTESIAN_POINT('',(-0.106299212598425,-0.039801081317082,0.049409448818898));
#8840=VERTEX_POINT('',#8839);
#8841=CARTESIAN_POINT('',(-0.106299212598425,-0.038816829348578,0.049409448818898));
#8842=DIRECTION('',(1.0,0.0,0.0));
#8843=DIRECTION('',(0.0,-0.707106781186548,0.707106781186548));
#8844=AXIS2_PLACEMENT_3D('',#8841,#8842,#8843);
#8845=CIRCLE('',#8844,0.000984251968504);
#8846=EDGE_CURVE('',#8832,#8840,#8845,.T.);
#8847=ORIENTED_EDGE('',*,*,#8846,.T.);
#8848=CARTESIAN_POINT('',(-0.106299212598425,-0.039801081317082,0.049409448818898));
#8849=DIRECTION('',(1.0,0.0,0.0));
#8850=VECTOR('',#8849,0.051181102362205);
#8851=LINE('',#8848,#8850);
#8852=EDGE_CURVE('',#8840,#8808,#8851,.T.);
#8853=ORIENTED_EDGE('',*,*,#8852,.T.);
#8854=ORIENTED_EDGE('',*,*,#8814,.F.);
#8855=EDGE_LOOP('',(#8838,#8847,#8853,#8854));
#8856=FACE_OUTER_BOUND('',#8855,.T.);
#8857=ADVANCED_FACE('',(#8856),#8830,.T.);
#8858=CARTESIAN_POINT('',(-0.108858267716535,0.046813091911265,0.048375984250191));
#8859=DIRECTION('',(0.0,1.0,0.0));
#8860=DIRECTION('',(0.0,0.0,1.0));
#8861=AXIS2_PLACEMENT_3D('',#8858,#8859,#8860);
#8862=PLANE('',#8861);
#8863=ORIENTED_EDGE('',*,*,#8789,.F.);
#8864=CARTESIAN_POINT('',(-0.05511811023622,0.046813091911265,0.048425196850394));
#8865=VERTEX_POINT('',#8864);
#8866=CARTESIAN_POINT('',(-0.05511811023622,0.046813091911265,0.048425196850394));
#8867=DIRECTION('',(0.0,0.0,1.0));
#8868=VECTOR('',#8867,0.000984252147465);
#8869=LINE('',#8866,#8868);
#8870=EDGE_CURVE('',#8865,#8777,#8869,.T.);
#8871=ORIENTED_EDGE('',*,*,#8870,.F.);
#8872=CARTESIAN_POINT('',(-0.106299212598425,0.046813091911265,0.048425196850394));
#8873=VERTEX_POINT('',#8872);
#8874=CARTESIAN_POINT('',(-0.106299212598425,0.046813091911265,0.048425196850394));
#8875=DIRECTION('',(1.0,0.0,0.0));
#8876=VECTOR('',#8875,0.051181102362205);
#8877=LINE('',#8874,#8876);
#8878=EDGE_CURVE('',#8873,#8865,#8877,.T.);
#8879=ORIENTED_EDGE('',*,*,#8878,.F.);
#8880=CARTESIAN_POINT('',(-0.106299212598425,0.046813091911265,0.049409448818898));
#8881=DIRECTION('',(0.0,0.0,-1.0));
#8882=VECTOR('',#8881,0.000984251968504);
#8883=LINE('',#8880,#8882);
#8884=EDGE_CURVE('',#8758,#8873,#8883,.T.);
#8885=ORIENTED_EDGE('',*,*,#8884,.F.);
#8886=EDGE_LOOP('',(#8863,#8871,#8879,#8885));
#8887=FACE_OUTER_BOUND('',#8886,.T.);
#8888=ADVANCED_FACE('',(#8887),#8862,.T.);
#8889=CARTESIAN_POINT('',(-0.05511811023622,-0.044131789978498,0.04945866145465));
#8890=DIRECTION('',(1.0,0.0,0.0));
#8891=DIRECTION('',(0.0,0.0,-1.0));
#8892=AXIS2_PLACEMENT_3D('',#8889,#8890,#8891);
#8893=PLANE('',#8892);
#8894=ORIENTED_EDGE('',*,*,#8820,.F.);
#8895=CARTESIAN_POINT('',(-0.05511811023622,-0.039801081317081,0.048425196850394));
#8896=VERTEX_POINT('',#8895);
#8897=CARTESIAN_POINT('',(-0.05511811023622,-0.039801081317081,0.048425196850394));
#8898=DIRECTION('',(0.0,0.0,1.0));
#8899=VECTOR('',#8898,0.000984252145243);
#8900=LINE('',#8897,#8899);
#8901=EDGE_CURVE('',#8896,#8808,#8900,.T.);
#8902=ORIENTED_EDGE('',*,*,#8901,.F.);
#8903=CARTESIAN_POINT('',(-0.05511811023622,0.046813091911265,0.048425196850394));
#8904=DIRECTION('',(0.0,-1.0,0.0));
#8905=VECTOR('',#8904,0.086614173228346);
#8906=LINE('',#8903,#8905);
#8907=EDGE_CURVE('',#8865,#8896,#8906,.T.);
#8908=ORIENTED_EDGE('',*,*,#8907,.F.);
#8909=ORIENTED_EDGE('',*,*,#8870,.T.);
#8910=EDGE_LOOP('',(#8894,#8902,#8908,#8909));
#8911=FACE_OUTER_BOUND('',#8910,.T.);
#8912=ADVANCED_FACE('',(#8911),#8893,.T.);
#8913=CARTESIAN_POINT('',(-0.108858267716536,-0.039801081317081,0.049458661417323));
#8914=DIRECTION('',(0.0,-1.0,0.0));
#8915=DIRECTION('',(0.0,0.0,-1.0));
#8916=AXIS2_PLACEMENT_3D('',#8913,#8914,#8915);
#8917=PLANE('',#8916);
#8918=ORIENTED_EDGE('',*,*,#8852,.F.);
#8919=CARTESIAN_POINT('',(-0.106299212598425,-0.039801081317082,0.048425196850394));
#8920=VERTEX_POINT('',#8919);
#8921=CARTESIAN_POINT('',(-0.106299212598425,-0.039801081317082,0.048425196850394));
#8922=DIRECTION('',(-3.947953E-013,0.0,1.0));
#8923=VECTOR('',#8922,0.000984251968504);
#8924=LINE('',#8921,#8923);
#8925=EDGE_CURVE('',#8920,#8840,#8924,.T.);
#8926=ORIENTED_EDGE('',*,*,#8925,.F.);
#8927=CARTESIAN_POINT('',(-0.05511811023622,-0.039801081317081,0.048425196850394));
#8928=DIRECTION('',(-1.0,0.0,0.0));
#8929=VECTOR('',#8928,0.051181102362205);
#8930=LINE('',#8927,#8929);
#8931=EDGE_CURVE('',#8896,#8920,#8930,.T.);
#8932=ORIENTED_EDGE('',*,*,#8931,.F.);
#8933=ORIENTED_EDGE('',*,*,#8901,.T.);
#8934=EDGE_LOOP('',(#8918,#8926,#8932,#8933));
#8935=FACE_OUTER_BOUND('',#8934,.T.);
#8936=ADVANCED_FACE('',(#8935),#8917,.T.);
#8937=CARTESIAN_POINT('',(0.091004487743652,-0.019131789978499,0.051377952755906));
#8938=DIRECTION('',(-1.0,0.0,0.0));
#8939=DIRECTION('',(0.0,0.707106278617229,-0.707107283755509));
#8940=AXIS2_PLACEMENT_3D('',#8937,#8938,#8939);
#8941=CYLINDRICAL_SURFACE('',#8940,0.000984251968504);
#8942=CARTESIAN_POINT('',(0.089035983547553,-0.019131789719407,0.052362204724409));
#8943=VERTEX_POINT('',#8942);
#8944=CARTESIAN_POINT('',(0.071319448373573,-0.019131789978499,0.052362204724409));
#8945=VERTEX_POINT('',#8944);
#8946=CARTESIAN_POINT('',(0.089035983547553,-0.019131789978499,0.052362204724409));
#8947=DIRECTION('',(-1.0,0.0,0.0));
#8948=VECTOR('',#8947,0.01771653517398);
#8949=LINE('',#8946,#8948);
#8950=EDGE_CURVE('',#8943,#8945,#8949,.T.);
#8951=ORIENTED_EDGE('',*,*,#8950,.T.);
#8952=CARTESIAN_POINT('',(0.071319448373573,-0.019131789978499,0.051377952755906));
#8953=DIRECTION('',(0.707106781186547,-0.707106781186548,1.401298E-045));
#8954=DIRECTION('',(0.707106781186548,0.707106781186547,-1.587050E-029));
#8955=AXIS2_PLACEMENT_3D('',#8952,#8953,#8954);
#8956=ELLIPSE('',#8955,0.001391942482651,0.000984251968504);
#8957=EDGE_CURVE('',#8945,#8503,#8956,.T.);
#8958=ORIENTED_EDGE('',*,*,#8957,.T.);
#8959=ORIENTED_EDGE('',*,*,#8548,.T.);
#8960=CARTESIAN_POINT('',(0.089035983806644,-0.019131789978499,0.051377952755906));
#8961=DIRECTION('',(0.707106781186551,0.707106781186544,-1.962616E-015));
#8962=DIRECTION('',(-0.707106781186544,0.707106781186551,1.962616E-015));
#8963=AXIS2_PLACEMENT_3D('',#8960,#8961,#8962);
#8964=ELLIPSE('',#8963,0.001391942482651,0.000984251968504);
#8965=EDGE_CURVE('',#8943,#8543,#8964,.T.);
#8966=ORIENTED_EDGE('',*,*,#8965,.F.);
#8967=EDGE_LOOP('',(#8951,#8958,#8959,#8966));
#8968=FACE_OUTER_BOUND('',#8967,.T.);
#8969=ADVANCED_FACE('',(#8968),#8941,.T.);
#8970=CARTESIAN_POINT('',(0.071319448373574,-0.022478246671412,0.051377952755906));
#8971=DIRECTION('',(0.0,1.0,0.0));
#8972=DIRECTION('',(0.707106781186902,0.0,-0.707106781186193));
#8973=AXIS2_PLACEMENT_3D('',#8970,#8971,#8972);
#8974=CYLINDRICAL_SURFACE('',#8973,0.000984251968504);
#8975=CARTESIAN_POINT('',(0.071319448373574,0.026143800572682,0.052362204724409));
#8976=VERTEX_POINT('',#8975);
#8977=CARTESIAN_POINT('',(0.071319448373573,-0.019131789978499,0.052362204724409));
#8978=DIRECTION('',(0.0,1.0,0.0));
#8979=VECTOR('',#8978,0.045275590551181);
#8980=LINE('',#8977,#8979);
#8981=EDGE_CURVE('',#8945,#8976,#8980,.T.);
#8982=ORIENTED_EDGE('',*,*,#8981,.T.);
#8983=CARTESIAN_POINT('',(0.071319448373574,0.026143800572682,0.051377952755906));
#8984=DIRECTION('',(-0.707106781186553,-0.707106781186542,2.736911E-048));
#8985=DIRECTION('',(0.707106781186542,-0.707106781186553,-2.258438E-032));
#8986=AXIS2_PLACEMENT_3D('',#8983,#8984,#8985);
#8987=ELLIPSE('',#8986,0.001391942482651,0.000984251968504);
#8988=EDGE_CURVE('',#8976,#8501,#8987,.T.);
#8989=ORIENTED_EDGE('',*,*,#8988,.T.);
#8990=ORIENTED_EDGE('',*,*,#8508,.T.);
#8991=ORIENTED_EDGE('',*,*,#8957,.F.);
#8992=EDGE_LOOP('',(#8982,#8989,#8990,#8991));
#8993=FACE_OUTER_BOUND('',#8992,.T.);
#8994=ADVANCED_FACE('',(#8993),#8974,.T.);
#8995=CARTESIAN_POINT('',(0.069350944436566,0.026143800572682,0.051377952755906));
#8996=DIRECTION('',(1.0,0.0,0.0));
#8997=DIRECTION('',(0.0,-0.707106278617233,-0.707107283755505));
#8998=AXIS2_PLACEMENT_3D('',#8995,#8996,#8997);
#8999=CYLINDRICAL_SURFACE('',#8998,0.000984251968504);
#9000=CARTESIAN_POINT('',(0.089035983547553,0.02614380031359,0.052362204724409));
#9001=VERTEX_POINT('',#9000);
#9002=CARTESIAN_POINT('',(0.071319448373574,0.026143800572682,0.052362204724409));
#9003=DIRECTION('',(1.0,0.0,0.0));
#9004=VECTOR('',#9003,0.01771653517398);
#9005=LINE('',#9002,#9004);
#9006=EDGE_CURVE('',#8976,#9001,#9005,.T.);
#9007=ORIENTED_EDGE('',*,*,#9006,.T.);
#9008=CARTESIAN_POINT('',(0.089035983806645,0.026143800572682,0.051377952755906));
#9009=DIRECTION('',(-0.707106781186546,0.707106781186549,-1.401298E-045));
#9010=DIRECTION('',(-0.707106781186549,-0.707106781186546,1.587050E-029));
#9011=AXIS2_PLACEMENT_3D('',#9008,#9009,#9010);
#9012=ELLIPSE('',#9011,0.001391942482651,0.000984251968504);
#9013=EDGE_CURVE('',#9001,#8575,#9012,.T.);
#9014=ORIENTED_EDGE('',*,*,#9013,.T.);
#9015=ORIENTED_EDGE('',*,*,#8580,.T.);
#9016=ORIENTED_EDGE('',*,*,#8988,.F.);
#9017=EDGE_LOOP('',(#9007,#9014,#9015,#9016));
#9018=FACE_OUTER_BOUND('',#9017,.T.);
#9019=ADVANCED_FACE('',(#9018),#8999,.T.);
#9020=CARTESIAN_POINT('',(0.089035983806645,0.029490257265595,0.051377952755906));
#9021=DIRECTION('',(0.0,-1.0,0.0));
#9022=DIRECTION('',(-0.707106278616872,0.0,-0.707107283755866));
#9023=AXIS2_PLACEMENT_3D('',#9020,#9021,#9022);
#9024=CYLINDRICAL_SURFACE('',#9023,0.000984251968504);
#9025=CARTESIAN_POINT('',(0.089035983806645,0.02614380031359,0.052362204724409));
#9026=DIRECTION('',(0.0,-1.0,0.0));
#9027=VECTOR('',#9026,0.045275590032998);
#9028=LINE('',#9025,#9027);
#9029=EDGE_CURVE('',#9001,#8943,#9028,.T.);
#9030=ORIENTED_EDGE('',*,*,#9029,.T.);
#9031=ORIENTED_EDGE('',*,*,#8965,.T.);
#9032=ORIENTED_EDGE('',*,*,#8610,.T.);
#9033=ORIENTED_EDGE('',*,*,#9013,.F.);
#9034=EDGE_LOOP('',(#9030,#9031,#9032,#9033));
#9035=FACE_OUTER_BOUND('',#9034,.T.);
#9036=ADVANCED_FACE('',(#9035),#9024,.T.);
#9037=CARTESIAN_POINT('',(0.070433621601919,-0.021395569506058,0.052362204724409));
#9038=DIRECTION('',(0.0,0.0,1.0));
#9039=DIRECTION('',(1.0,0.0,0.0));
#9040=AXIS2_PLACEMENT_3D('',#9037,#9038,#9039);
#9041=PLANE('',#9040);
#9042=ORIENTED_EDGE('',*,*,#8950,.F.);
#9043=ORIENTED_EDGE('',*,*,#9029,.F.);
#9044=ORIENTED_EDGE('',*,*,#9006,.F.);
#9045=ORIENTED_EDGE('',*,*,#8981,.F.);
#9046=EDGE_LOOP('',(#9042,#9043,#9044,#9045));
#9047=FACE_OUTER_BOUND('',#9046,.T.);
#9048=ADVANCED_FACE('',(#9047),#9041,.T.);
#9049=CARTESIAN_POINT('',(-0.000265472663606,-0.000393700787401,0.051377952755906));
#9050=DIRECTION('',(0.0,0.0,-1.0));
#9051=DIRECTION('',(-1.0,0.0,0.0));
#9052=AXIS2_PLACEMENT_3D('',#9049,#9050,#9051);
#9053=TOROIDAL_SURFACE('',#9052,0.018700787401575,0.000984251968504);
#9054=CARTESIAN_POINT('',(0.018435314737969,-0.000393700787401,0.052362204724409));
#9055=VERTEX_POINT('',#9054);
#9056=CARTESIAN_POINT('',(-0.000265472663606,-0.000393700787401,0.052362204724409));
#9057=DIRECTION('',(0.0,0.0,-1.0));
#9058=DIRECTION('',(-1.0,0.0,0.0));
#9059=AXIS2_PLACEMENT_3D('',#9056,#9057,#9058);
#9060=CIRCLE('',#9059,0.018700787401575);
#9061=EDGE_CURVE('',#9055,#9055,#9060,.T.);
#9062=ORIENTED_EDGE('',*,*,#9061,.T.);
#9063=EDGE_LOOP('',(#9062));
#9064=FACE_OUTER_BOUND('',#9063,.T.);
#9065=ORIENTED_EDGE('',*,*,#8067,.T.);
#9066=EDGE_LOOP('',(#9065));
#9067=FACE_BOUND('',#9066,.T.);
#9068=ADVANCED_FACE('',(#9064,#9067),#9053,.T.);
#9069=CARTESIAN_POINT('',(0.020305393478126,-0.020964566929134,0.052362204724409));
#9070=DIRECTION('',(0.0,0.0,-1.0));
#9071=DIRECTION('',(-1.0,0.0,0.0));
#9072=AXIS2_PLACEMENT_3D('',#9069,#9070,#9071);
#9073=PLANE('',#9072);
#9074=ORIENTED_EDGE('',*,*,#9061,.F.);
#9075=EDGE_LOOP('',(#9074));
#9076=FACE_OUTER_BOUND('',#9075,.T.);
#9077=ADVANCED_FACE('',(#9076),#9073,.F.);
#9078=CARTESIAN_POINT('',(-0.089566929133858,-0.022478246671413,0.051377952755906));
#9079=DIRECTION('',(0.0,1.0,0.0));
#9080=DIRECTION('',(0.70710679395648,0.0,-0.707106768416615));
#9081=AXIS2_PLACEMENT_3D('',#9078,#9079,#9080);
#9082=CYLINDRICAL_SURFACE('',#9081,0.000984251968504);
#9083=CARTESIAN_POINT('',(-0.089566929133858,-0.019131789978499,0.052362204724409));
#9084=VERTEX_POINT('',#9083);
#9085=CARTESIAN_POINT('',(-0.089566929133858,0.026143800572682,0.052362204724409));
#9086=VERTEX_POINT('',#9085);
#9087=CARTESIAN_POINT('',(-0.089566929133858,-0.019131789978499,0.052362204724409));
#9088=DIRECTION('',(0.0,1.0,0.0));
#9089=VECTOR('',#9088,0.045275590551181);
#9090=LINE('',#9087,#9089);
#9091=EDGE_CURVE('',#9084,#9086,#9090,.T.);
#9092=ORIENTED_EDGE('',*,*,#9091,.T.);
#9093=CARTESIAN_POINT('',(-0.090551181102362,0.027128052541186,0.051377952892706));
#9094=VERTEX_POINT('',#9093);
#9095=CARTESIAN_POINT('',(-0.089566929133858,0.026143800572682,0.051377952755906));
#9096=DIRECTION('',(-0.707106781186542,-0.707106781186553,-1.094764E-047));
#9097=DIRECTION('',(0.707106781186553,-0.707106781186542,-1.467985E-031));
#9098=AXIS2_PLACEMENT_3D('',#9095,#9096,#9097);
#9099=ELLIPSE('',#9098,0.001391942482651,0.000984251968504);
#9100=EDGE_CURVE('',#9086,#9094,#9099,.T.);
#9101=ORIENTED_EDGE('',*,*,#9100,.T.);
#9102=CARTESIAN_POINT('',(-0.090551181102362,-0.020116041947003,0.051377952602663));
#9103=VERTEX_POINT('',#9102);
#9104=CARTESIAN_POINT('',(-0.090551181102362,-0.020116041947003,0.051377952755906));
#9105=DIRECTION('',(0.0,1.0,0.0));
#9106=VECTOR('',#9105,0.047244094488189);
#9107=LINE('',#9104,#9106);
#9108=EDGE_CURVE('',#9103,#9094,#9107,.T.);
#9109=ORIENTED_EDGE('',*,*,#9108,.F.);
#9110=CARTESIAN_POINT('',(-0.089566929133858,-0.019131789978499,0.051377952755906));
#9111=DIRECTION('',(0.707106781186548,-0.707106781186547,0.0));
#9112=DIRECTION('',(0.707106781186547,0.707106781186548,-1.600058E-029));
#9113=AXIS2_PLACEMENT_3D('',#9110,#9111,#9112);
#9114=ELLIPSE('',#9113,0.001391942482651,0.000984251968504);
#9115=EDGE_CURVE('',#9084,#9103,#9114,.T.);
#9116=ORIENTED_EDGE('',*,*,#9115,.F.);
#9117=EDGE_LOOP('',(#9092,#9101,#9109,#9116));
#9118=FACE_OUTER_BOUND('',#9117,.T.);
#9119=ADVANCED_FACE('',(#9118),#9082,.T.);
#9120=CARTESIAN_POINT('',(-0.091535433070866,0.026143800572682,0.051377952755906));
#9121=DIRECTION('',(1.0,0.0,0.0));
#9122=DIRECTION('',(0.0,-0.707106278617233,-0.707107283755505));
#9123=AXIS2_PLACEMENT_3D('',#9120,#9121,#9122);
#9124=CYLINDRICAL_SURFACE('',#9123,0.000984251968504);
#9125=CARTESIAN_POINT('',(-0.071850393959879,0.02614380031359,0.052362204724409));
#9126=VERTEX_POINT('',#9125);
#9127=CARTESIAN_POINT('',(-0.089566929133858,0.026143800572682,0.052362204724409));
#9128=DIRECTION('',(1.0,0.0,0.0));
#9129=VECTOR('',#9128,0.017716535173979);
#9130=LINE('',#9127,#9129);
#9131=EDGE_CURVE('',#9086,#9126,#9130,.T.);
#9132=ORIENTED_EDGE('',*,*,#9131,.T.);
#9133=CARTESIAN_POINT('',(-0.070866141732283,0.027128052541186,0.051377953034906));
#9134=VERTEX_POINT('',#9133);
#9135=CARTESIAN_POINT('',(-0.071850393700787,0.026143800572682,0.051377952755906));
#9136=DIRECTION('',(-0.707106781186547,0.707106781186547,0.0));
#9137=DIRECTION('',(-0.707106781186547,-0.707106781186547,1.600058E-029));
#9138=AXIS2_PLACEMENT_3D('',#9135,#9136,#9137);
#9139=ELLIPSE('',#9138,0.001391942482651,0.000984251968504);
#9140=EDGE_CURVE('',#9126,#9134,#9139,.T.);
#9141=ORIENTED_EDGE('',*,*,#9140,.T.);
#9142=CARTESIAN_POINT('',(-0.090551181102362,0.027128052541186,0.051377952755906));
#9143=DIRECTION('',(1.0,0.0,0.0));
#9144=VECTOR('',#9143,0.019685039370079);
#9145=LINE('',#9142,#9144);
#9146=EDGE_CURVE('',#9094,#9134,#9145,.T.);
#9147=ORIENTED_EDGE('',*,*,#9146,.F.);
#9148=ORIENTED_EDGE('',*,*,#9100,.F.);
#9149=EDGE_LOOP('',(#9132,#9141,#9147,#9148));
#9150=FACE_OUTER_BOUND('',#9149,.T.);
#9151=ADVANCED_FACE('',(#9150),#9124,.T.);
#9152=CARTESIAN_POINT('',(-0.071850393700787,0.029490257265595,0.051377952755906));
#9153=DIRECTION('',(0.0,-1.0,0.0));
#9154=DIRECTION('',(-0.707106263658272,0.0,-0.707107298714445));
#9155=AXIS2_PLACEMENT_3D('',#9152,#9153,#9154);
#9156=CYLINDRICAL_SURFACE('',#9155,0.000984251968504);
#9157=CARTESIAN_POINT('',(-0.071850393700787,-0.019131789978499,0.052362204724409));
#9158=VERTEX_POINT('',#9157);
#9159=CARTESIAN_POINT('',(-0.071850393700787,0.02614380031359,0.052362204724409));
#9160=DIRECTION('',(0.0,-1.0,0.0));
#9161=VECTOR('',#9160,0.045275590292089);
#9162=LINE('',#9159,#9161);
#9163=EDGE_CURVE('',#9126,#9158,#9162,.T.);
#9164=ORIENTED_EDGE('',*,*,#9163,.T.);
#9165=CARTESIAN_POINT('',(-0.070866141732283,-0.020116041947003,0.051377953034131));
#9166=VERTEX_POINT('',#9165);
#9167=CARTESIAN_POINT('',(-0.071850393700787,-0.019131789978499,0.051377952755906));
#9168=DIRECTION('',(0.707106781186547,0.707106781186547,1.962616E-015));
#9169=DIRECTION('',(-0.707106781186547,0.707106781186547,-1.962616E-015));
#9170=AXIS2_PLACEMENT_3D('',#9167,#9168,#9169);
#9171=ELLIPSE('',#9170,0.001391942482651,0.000984251968504);
#9172=EDGE_CURVE('',#9158,#9166,#9171,.T.);
#9173=ORIENTED_EDGE('',*,*,#9172,.T.);
#9174=CARTESIAN_POINT('',(-0.070866141732283,0.027128052541186,0.051377952755906));
#9175=DIRECTION('',(0.0,-1.0,0.0));
#9176=VECTOR('',#9175,0.047244094488189);
#9177=LINE('',#9174,#9176);
#9178=EDGE_CURVE('',#9134,#9166,#9177,.T.);
#9179=ORIENTED_EDGE('',*,*,#9178,.F.);
#9180=ORIENTED_EDGE('',*,*,#9140,.F.);
#9181=EDGE_LOOP('',(#9164,#9173,#9179,#9180));
#9182=FACE_OUTER_BOUND('',#9181,.T.);
#9183=ADVANCED_FACE('',(#9182),#9156,.T.);
#9184=CARTESIAN_POINT('',(-0.069881889763779,-0.019131789978499,0.051377952755906));
#9185=DIRECTION('',(-1.0,0.0,0.0));
#9186=DIRECTION('',(0.0,0.707106761784881,-0.707106800588213));
#9187=AXIS2_PLACEMENT_3D('',#9184,#9185,#9186);
#9188=CYLINDRICAL_SURFACE('',#9187,0.000984251968504);
#9189=CARTESIAN_POINT('',(-0.071850393700787,-0.019131789978499,0.052362204724409));
#9190=DIRECTION('',(-1.0,0.0,0.0));
#9191=VECTOR('',#9190,0.017716535433071);
#9192=LINE('',#9189,#9191);
#9193=EDGE_CURVE('',#9158,#9084,#9192,.T.);
#9194=ORIENTED_EDGE('',*,*,#9193,.T.);
#9195=ORIENTED_EDGE('',*,*,#9115,.T.);
#9196=CARTESIAN_POINT('',(-0.070866141732283,-0.020116041947003,0.051377952755906));
#9197=DIRECTION('',(-1.0,0.0,0.0));
#9198=VECTOR('',#9197,0.019685039370079);
#9199=LINE('',#9196,#9198);
#9200=EDGE_CURVE('',#9166,#9103,#9199,.T.);
#9201=ORIENTED_EDGE('',*,*,#9200,.F.);
#9202=ORIENTED_EDGE('',*,*,#9172,.F.);
#9203=EDGE_LOOP('',(#9194,#9195,#9201,#9202));
#9204=FACE_OUTER_BOUND('',#9203,.T.);
#9205=ADVANCED_FACE('',(#9204),#9188,.T.);
#9206=CARTESIAN_POINT('',(-0.090452755905512,-0.021395569506058,0.052362204724409));
#9207=DIRECTION('',(0.0,0.0,1.0));
#9208=DIRECTION('',(1.0,0.0,0.0));
#9209=AXIS2_PLACEMENT_3D('',#9206,#9207,#9208);
#9210=PLANE('',#9209);
#9211=ORIENTED_EDGE('',*,*,#9091,.F.);
#9212=ORIENTED_EDGE('',*,*,#9193,.F.);
#9213=ORIENTED_EDGE('',*,*,#9163,.F.);
#9214=ORIENTED_EDGE('',*,*,#9131,.F.);
#9215=EDGE_LOOP('',(#9211,#9212,#9213,#9214));
#9216=FACE_OUTER_BOUND('',#9215,.T.);
#9217=ADVANCED_FACE('',(#9216),#9210,.T.);
#9218=CARTESIAN_POINT('',(-0.091535433070866,-0.023560923836767,0.051377952755906));
#9219=DIRECTION('',(0.0,1.0,0.0));
#9220=DIRECTION('',(-0.707106768416618,0.0,0.707106793956477));
#9221=AXIS2_PLACEMENT_3D('',#9218,#9219,#9220);
#9222=CYLINDRICAL_SURFACE('',#9221,0.000984251968504);
#9223=ORIENTED_EDGE('',*,*,#9108,.T.);
#9224=CARTESIAN_POINT('',(-0.091535433070866,0.02811230450969,0.050393700787402));
#9225=VERTEX_POINT('',#9224);
#9226=CARTESIAN_POINT('',(-0.091535433070866,0.02811230450969,0.051377952755906));
#9227=DIRECTION('',(0.707106781186547,0.707106781186547,0.0));
#9228=DIRECTION('',(0.707106781186547,-0.707106781186547,1.276671E-031));
#9229=AXIS2_PLACEMENT_3D('',#9226,#9227,#9228);
#9230=ELLIPSE('',#9229,0.001391942482651,0.000984251968504);
#9231=EDGE_CURVE('',#9094,#9225,#9230,.T.);
#9232=ORIENTED_EDGE('',*,*,#9231,.T.);
#9233=CARTESIAN_POINT('',(-0.091535433070866,-0.021100293915507,0.050393700787402));
#9234=VERTEX_POINT('',#9233);
#9235=CARTESIAN_POINT('',(-0.091535433070866,0.02811230450969,0.050393700787402));
#9236=DIRECTION('',(0.0,-1.0,0.0));
#9237=VECTOR('',#9236,0.049212598425197);
#9238=LINE('',#9235,#9237);
#9239=EDGE_CURVE('',#9225,#9234,#9238,.T.);
#9240=ORIENTED_EDGE('',*,*,#9239,.T.);
#9241=CARTESIAN_POINT('',(-0.091535433070866,-0.021100293915507,0.051377952755906));
#9242=DIRECTION('',(0.707106781186548,-0.707106781186546,-1.094764E-047));
#9243=DIRECTION('',(-0.707106781186546,-0.707106781186548,1.276671E-031));
#9244=AXIS2_PLACEMENT_3D('',#9241,#9242,#9243);
#9245=ELLIPSE('',#9244,0.001391942482651,0.000984251968504);
#9246=EDGE_CURVE('',#9234,#9103,#9245,.T.);
#9247=ORIENTED_EDGE('',*,*,#9246,.T.);
#9248=EDGE_LOOP('',(#9223,#9232,#9240,#9247));
#9249=FACE_OUTER_BOUND('',#9248,.T.);
#9250=ADVANCED_FACE('',(#9249),#9222,.F.);
#9251=CARTESIAN_POINT('',(-0.09261811023622,0.02811230450969,0.051377952755906));
#9252=DIRECTION('',(1.0,0.0,0.0));
#9253=DIRECTION('',(0.0,0.707106981106572,0.707106581266466));
#9254=AXIS2_PLACEMENT_3D('',#9251,#9252,#9253);
#9255=CYLINDRICAL_SURFACE('',#9254,0.000984251968504);
#9256=ORIENTED_EDGE('',*,*,#9146,.T.);
#9257=CARTESIAN_POINT('',(-0.069881889763779,0.02811230450969,0.050393700787402));
#9258=VERTEX_POINT('',#9257);
#9259=CARTESIAN_POINT('',(-0.069881889763779,0.02811230450969,0.051377952755906));
#9260=DIRECTION('',(0.70710678118655,-0.707106781186545,0.0));
#9261=DIRECTION('',(-0.707106781186545,-0.70710678118655,8.082268E-031));
#9262=AXIS2_PLACEMENT_3D('',#9259,#9260,#9261);
#9263=ELLIPSE('',#9262,0.001391942482651,0.000984251968504);
#9264=EDGE_CURVE('',#9134,#9258,#9263,.T.);
#9265=ORIENTED_EDGE('',*,*,#9264,.T.);
#9266=CARTESIAN_POINT('',(-0.069881889763779,0.02811230450969,0.050393700787402));
#9267=DIRECTION('',(-1.0,0.0,0.0));
#9268=VECTOR('',#9267,0.021653543307087);
#9269=LINE('',#9266,#9268);
#9270=EDGE_CURVE('',#9258,#9225,#9269,.T.);
#9271=ORIENTED_EDGE('',*,*,#9270,.T.);
#9272=ORIENTED_EDGE('',*,*,#9231,.F.);
#9273=EDGE_LOOP('',(#9256,#9265,#9271,#9272));
#9274=FACE_OUTER_BOUND('',#9273,.T.);
#9275=ADVANCED_FACE('',(#9274),#9255,.F.);
#9276=CARTESIAN_POINT('',(-0.069881889763779,0.03057293443095,0.051377952755906));
#9277=DIRECTION('',(0.0,-1.0,0.0));
#9278=DIRECTION('',(0.707106981106576,0.0,0.707106581266462));
#9279=AXIS2_PLACEMENT_3D('',#9276,#9277,#9278);
#9280=CYLINDRICAL_SURFACE('',#9279,0.000984251968504);
#9281=ORIENTED_EDGE('',*,*,#9178,.T.);
#9282=CARTESIAN_POINT('',(-0.069881889785643,-0.021100293893643,0.050393700787402));
#9283=VERTEX_POINT('',#9282);
#9284=CARTESIAN_POINT('',(-0.069881889763779,-0.021100293915507,0.051377952755906));
#9285=DIRECTION('',(-0.707106781186547,-0.707106781186547,-1.962616E-015));
#9286=DIRECTION('',(-0.707106781186547,0.707106781186547,-1.962616E-015));
#9287=AXIS2_PLACEMENT_3D('',#9284,#9285,#9286);
#9288=ELLIPSE('',#9287,0.001391942482651,0.000984251968504);
#9289=EDGE_CURVE('',#9166,#9283,#9288,.T.);
#9290=ORIENTED_EDGE('',*,*,#9289,.T.);
#9291=CARTESIAN_POINT('',(-0.069881889763779,-0.021100293893643,0.050393700787402));
#9292=DIRECTION('',(0.0,1.0,0.0));
#9293=VECTOR('',#9292,0.049212598403333);
#9294=LINE('',#9291,#9293);
#9295=EDGE_CURVE('',#9283,#9258,#9294,.T.);
#9296=ORIENTED_EDGE('',*,*,#9295,.T.);
#9297=ORIENTED_EDGE('',*,*,#9264,.F.);
#9298=EDGE_LOOP('',(#9281,#9290,#9296,#9297));
#9299=FACE_OUTER_BOUND('',#9298,.T.);
#9300=ADVANCED_FACE('',(#9299),#9280,.F.);
#9301=CARTESIAN_POINT('',(-0.068799212598425,-0.021100293915507,0.051377952755906));
#9302=DIRECTION('',(-1.0,0.0,0.0));
#9303=DIRECTION('',(0.0,-0.707107003553601,0.707106558819425));
#9304=AXIS2_PLACEMENT_3D('',#9301,#9302,#9303);
#9305=CYLINDRICAL_SURFACE('',#9304,0.000984251968504);
#9306=ORIENTED_EDGE('',*,*,#9200,.T.);
#9307=ORIENTED_EDGE('',*,*,#9246,.F.);
#9308=CARTESIAN_POINT('',(-0.091535433070866,-0.021100293915507,0.050393700787402));
#9309=DIRECTION('',(1.0,0.0,0.0));
#9310=VECTOR('',#9309,0.021653543285223);
#9311=LINE('',#9308,#9310);
#9312=EDGE_CURVE('',#9234,#9283,#9311,.T.);
#9313=ORIENTED_EDGE('',*,*,#9312,.T.);
#9314=ORIENTED_EDGE('',*,*,#9289,.F.);
#9315=EDGE_LOOP('',(#9306,#9307,#9313,#9314));
#9316=FACE_OUTER_BOUND('',#9315,.T.);
#9317=ADVANCED_FACE('',(#9316),#9305,.F.);
#9318=CARTESIAN_POINT('',(-0.10880905511811,-0.043049112813145,0.050393700787402));
#9319=DIRECTION('',(0.0,0.0,1.0));
#9320=DIRECTION('',(1.0,0.0,0.0));
#9321=AXIS2_PLACEMENT_3D('',#9318,#9319,#9320);
#9322=PLANE('',#9321);
#9323=ORIENTED_EDGE('',*,*,#8774,.F.);
#9324=CARTESIAN_POINT('',(-0.106299212598425,-0.038816829348578,0.050393700787402));
#9325=DIRECTION('',(0.0,1.0,0.0));
#9326=VECTOR('',#9325,0.084645669291339);
#9327=LINE('',#9324,#9326);
#9328=EDGE_CURVE('',#8832,#8760,#9327,.T.);
#9329=ORIENTED_EDGE('',*,*,#9328,.F.);
#9330=ORIENTED_EDGE('',*,*,#8837,.F.);
#9331=ORIENTED_EDGE('',*,*,#8805,.F.);
#9332=EDGE_LOOP('',(#9323,#9329,#9330,#9331));
#9333=FACE_OUTER_BOUND('',#9332,.T.);
#9334=ORIENTED_EDGE('',*,*,#9239,.F.);
#9335=ORIENTED_EDGE('',*,*,#9270,.F.);
#9336=ORIENTED_EDGE('',*,*,#9295,.F.);
#9337=ORIENTED_EDGE('',*,*,#9312,.F.);
#9338=EDGE_LOOP('',(#9334,#9335,#9336,#9337));
#9339=FACE_BOUND('',#9338,.T.);
#9340=ADVANCED_FACE('',(#9333,#9339),#9322,.T.);
#9341=CARTESIAN_POINT('',(0.054587164909008,-0.044131789978498,0.04837598424821));
#9342=DIRECTION('',(-1.0,0.0,0.0));
#9343=DIRECTION('',(0.0,0.0,1.0));
#9344=AXIS2_PLACEMENT_3D('',#9341,#9342,#9343);
#9345=PLANE('',#9344);
#9346=ORIENTED_EDGE('',*,*,#8721,.F.);
#9347=CARTESIAN_POINT('',(0.054587164909008,0.046813091911265,0.048425196850394));
#9348=VERTEX_POINT('',#9347);
#9349=CARTESIAN_POINT('',(0.054587164909008,0.046813091911265,0.048425196850394));
#9350=DIRECTION('',(0.0,0.0,1.0));
#9351=VECTOR('',#9350,0.000984252151329);
#9352=LINE('',#9349,#9351);
#9353=EDGE_CURVE('',#9348,#8709,#9352,.T.);
#9354=ORIENTED_EDGE('',*,*,#9353,.F.);
#9355=CARTESIAN_POINT('',(0.054587164909008,-0.039801081317081,0.048425196850394));
#9356=VERTEX_POINT('',#9355);
#9357=CARTESIAN_POINT('',(0.054587164909008,-0.039801081317081,0.048425196850394));
#9358=DIRECTION('',(0.0,1.0,0.0));
#9359=VECTOR('',#9358,0.086614173228346);
#9360=LINE('',#9357,#9359);
#9361=EDGE_CURVE('',#9356,#9348,#9360,.T.);
#9362=ORIENTED_EDGE('',*,*,#9361,.F.);
#9363=CARTESIAN_POINT('',(0.054587164909008,-0.039801081317081,0.048425196850394));
#9364=DIRECTION('',(0.0,0.0,1.0));
#9365=VECTOR('',#9364,0.000984252151891);
#9366=LINE('',#9363,#9365);
#9367=EDGE_CURVE('',#9356,#8685,#9366,.T.);
#9368=ORIENTED_EDGE('',*,*,#9367,.T.);
#9369=EDGE_LOOP('',(#9346,#9354,#9362,#9368));
#9370=FACE_OUTER_BOUND('',#9369,.T.);
#9371=ADVANCED_FACE('',(#9370),#9345,.T.);
#9372=CARTESIAN_POINT('',(0.052028109790898,0.046813091911265,0.048375984250064));
#9373=DIRECTION('',(0.0,1.0,0.0));
#9374=DIRECTION('',(0.0,0.0,1.0));
#9375=AXIS2_PLACEMENT_3D('',#9372,#9373,#9374);
#9376=PLANE('',#9375);
#9377=ORIENTED_EDGE('',*,*,#8745,.F.);
#9378=CARTESIAN_POINT('',(0.105768267271213,0.046813091911266,0.048425196850394));
#9379=VERTEX_POINT('',#9378);
#9380=CARTESIAN_POINT('',(0.105768267271213,0.046813091911266,0.048425196850394));
#9381=DIRECTION('',(0.0,0.0,1.0));
#9382=VECTOR('',#9381,0.000984251968504);
#9383=LINE('',#9380,#9382);
#9384=EDGE_CURVE('',#9379,#8733,#9383,.T.);
#9385=ORIENTED_EDGE('',*,*,#9384,.F.);
#9386=CARTESIAN_POINT('',(0.054587164909008,0.046813091911265,0.048425196850394));
#9387=DIRECTION('',(1.0,0.0,0.0));
#9388=VECTOR('',#9387,0.051181102362205);
#9389=LINE('',#9386,#9388);
#9390=EDGE_CURVE('',#9348,#9379,#9389,.T.);
#9391=ORIENTED_EDGE('',*,*,#9390,.F.);
#9392=ORIENTED_EDGE('',*,*,#9353,.T.);
#9393=EDGE_LOOP('',(#9377,#9385,#9391,#9392));
#9394=FACE_OUTER_BOUND('',#9393,.T.);
#9395=ADVANCED_FACE('',(#9394),#9376,.T.);
#9396=CARTESIAN_POINT('',(0.105768267271213,-0.044131789978498,0.050492125984252));
#9397=DIRECTION('',(1.0,0.0,0.0));
#9398=DIRECTION('',(0.0,0.0,-1.0));
#9399=AXIS2_PLACEMENT_3D('',#9396,#9397,#9398);
#9400=PLANE('',#9399);
#9401=ORIENTED_EDGE('',*,*,#8739,.F.);
#9402=ORIENTED_EDGE('',*,*,#8658,.T.);
#9403=ORIENTED_EDGE('',*,*,#8681,.F.);
#9404=CARTESIAN_POINT('',(0.105768267271213,-0.039801081317081,0.048425196850394));
#9405=VERTEX_POINT('',#9404);
#9406=CARTESIAN_POINT('',(0.105768267271213,-0.039801081317081,0.048425196850394));
#9407=DIRECTION('',(0.0,0.0,1.0));
#9408=VECTOR('',#9407,0.000984251968504);
#9409=LINE('',#9406,#9408);
#9410=EDGE_CURVE('',#9405,#8675,#9409,.T.);
#9411=ORIENTED_EDGE('',*,*,#9410,.F.);
#9412=CARTESIAN_POINT('',(0.105768267271213,0.046813091911266,0.048425196850394));
#9413=DIRECTION('',(0.0,-1.0,0.0));
#9414=VECTOR('',#9413,0.086614173228347);
#9415=LINE('',#9412,#9414);
#9416=EDGE_CURVE('',#9379,#9405,#9415,.T.);
#9417=ORIENTED_EDGE('',*,*,#9416,.F.);
#9418=ORIENTED_EDGE('',*,*,#9384,.T.);
#9419=EDGE_LOOP('',(#9401,#9402,#9403,#9411,#9417,#9418));
#9420=FACE_OUTER_BOUND('',#9419,.T.);
#9421=ADVANCED_FACE('',(#9420),#9400,.T.);
#9422=CARTESIAN_POINT('',(0.052028109790898,-0.039801081317081,0.049458661496253));
#9423=DIRECTION('',(0.0,-1.0,0.0));
#9424=DIRECTION('',(0.0,0.0,-1.0));
#9425=AXIS2_PLACEMENT_3D('',#9422,#9423,#9424);
#9426=PLANE('',#9425);
#9427=ORIENTED_EDGE('',*,*,#8697,.F.);
#9428=ORIENTED_EDGE('',*,*,#9367,.F.);
#9429=CARTESIAN_POINT('',(0.105768267271213,-0.039801081317081,0.048425196850394));
#9430=DIRECTION('',(-1.0,0.0,0.0));
#9431=VECTOR('',#9430,0.051181102362205);
#9432=LINE('',#9429,#9431);
#9433=EDGE_CURVE('',#9405,#9356,#9432,.T.);
#9434=ORIENTED_EDGE('',*,*,#9433,.F.);
#9435=ORIENTED_EDGE('',*,*,#9410,.T.);
#9436=EDGE_LOOP('',(#9427,#9428,#9434,#9435));
#9437=FACE_OUTER_BOUND('',#9436,.T.);
#9438=ADVANCED_FACE('',(#9437),#9426,.T.);
#9439=CARTESIAN_POINT('',(-0.01109224431715,0.048818897637796,0.048375984251969));
#9440=DIRECTION('',(0.0,1.0,0.0));
#9441=DIRECTION('',(0.0,0.0,1.0));
#9442=AXIS2_PLACEMENT_3D('',#9439,#9440,#9441);
#9443=PLANE('',#9442);
#9444=ORIENTED_EDGE('',*,*,#8272,.F.);
#9445=CARTESIAN_POINT('',(0.009577047021433,0.048818897637796,0.048425196850394));
#9446=VERTEX_POINT('',#9445);
#9447=CARTESIAN_POINT('',(0.009577047021433,0.048818897637796,0.048425196850394));
#9448=DIRECTION('',(0.0,0.0,1.0));
#9449=VECTOR('',#9448,0.000984252144826);
#9450=LINE('',#9447,#9449);
#9451=EDGE_CURVE('',#9446,#8260,#9450,.T.);
#9452=ORIENTED_EDGE('',*,*,#9451,.F.);
#9453=CARTESIAN_POINT('',(-0.010107992348646,0.048818897637796,0.048425196850394));
#9454=VERTEX_POINT('',#9453);
#9455=CARTESIAN_POINT('',(-0.010107992348646,0.048818897637796,0.048425196850394));
#9456=DIRECTION('',(1.0,0.0,0.0));
#9457=VECTOR('',#9456,0.019685039370079);
#9458=LINE('',#9455,#9457);
#9459=EDGE_CURVE('',#9454,#9446,#9458,.T.);
#9460=ORIENTED_EDGE('',*,*,#9459,.F.);
#9461=CARTESIAN_POINT('',(-0.010107992348646,0.048818897637796,0.048425196850394));
#9462=DIRECTION('',(0.0,0.0,1.0));
#9463=VECTOR('',#9462,0.000984252145362);
#9464=LINE('',#9461,#9463);
#9465=EDGE_CURVE('',#9454,#8235,#9464,.T.);
#9466=ORIENTED_EDGE('',*,*,#9465,.T.);
#9467=EDGE_LOOP('',(#9444,#9452,#9460,#9466));
#9468=FACE_OUTER_BOUND('',#9467,.T.);
#9469=ADVANCED_FACE('',(#9468),#9443,.T.);
#9470=CARTESIAN_POINT('',(0.009577047021433,0.037171579857459,0.049458661417323));
#9471=DIRECTION('',(1.0,0.0,0.0));
#9472=DIRECTION('',(0.0,0.0,-1.0));
#9473=AXIS2_PLACEMENT_3D('',#9470,#9471,#9472);
#9474=PLANE('',#9473);
#9475=ORIENTED_EDGE('',*,*,#8289,.F.);
#9476=ORIENTED_EDGE('',*,*,#8418,.F.);
#9477=CARTESIAN_POINT('',(0.009577047021433,0.048818897637796,0.048425196850394));
#9478=DIRECTION('',(0.0,-1.0,0.0));
#9479=VECTOR('',#9478,0.011092683600321);
#9480=LINE('',#9477,#9479);
#9481=EDGE_CURVE('',#9446,#8406,#9480,.T.);
#9482=ORIENTED_EDGE('',*,*,#9481,.F.);
#9483=ORIENTED_EDGE('',*,*,#9451,.T.);
#9484=EDGE_LOOP('',(#9475,#9476,#9482,#9483));
#9485=FACE_OUTER_BOUND('',#9484,.T.);
#9486=ADVANCED_FACE('',(#9485),#9474,.T.);
#9487=CARTESIAN_POINT('',(-0.000265472663606,-0.000393700787401,0.048375984251969));
#9488=DIRECTION('',(0.0,0.0,1.0));
#9489=DIRECTION('',(0.250000000000003,-0.968245836551853,0.0));
#9490=AXIS2_PLACEMENT_3D('',#9487,#9488,#9489);
#9491=CYLINDRICAL_SURFACE('',#9490,0.039370078740157);
#9492=ORIENTED_EDGE('',*,*,#8222,.F.);
#9493=CARTESIAN_POINT('',(-0.010107992348646,0.037726214037475,0.048425196850394));
#9494=VERTEX_POINT('',#9493);
#9495=CARTESIAN_POINT('',(-0.010107992348646,0.037726214037475,0.048425196850394));
#9496=DIRECTION('',(0.0,0.0,1.0));
#9497=VECTOR('',#9496,0.000984251968504);
#9498=LINE('',#9495,#9497);
#9499=EDGE_CURVE('',#9494,#8199,#9498,.T.);
#9500=ORIENTED_EDGE('',*,*,#9499,.F.);
#9501=CARTESIAN_POINT('',(-0.000265472663606,-0.000393700787401,0.048425196850394));
#9502=DIRECTION('',(0.0,0.0,-1.0));
#9503=DIRECTION('',(0.250000000000003,-0.968245836551853,0.0));
#9504=AXIS2_PLACEMENT_3D('',#9501,#9502,#9503);
#9505=CIRCLE('',#9504,0.039370078740157);
#9506=EDGE_CURVE('',#8478,#9494,#9505,.T.);
#9507=ORIENTED_EDGE('',*,*,#9506,.F.);
#9508=ORIENTED_EDGE('',*,*,#8483,.T.);
#9509=EDGE_LOOP('',(#9492,#9500,#9507,#9508));
#9510=FACE_OUTER_BOUND('',#9509,.T.);
#9511=ADVANCED_FACE('',(#9510),#9491,.T.);
#9512=CARTESIAN_POINT('',(-0.010107992348646,0.037171579857459,0.048375984251969));
#9513=DIRECTION('',(-1.0,0.0,0.0));
#9514=DIRECTION('',(0.0,0.0,1.0));
#9515=AXIS2_PLACEMENT_3D('',#9512,#9513,#9514);
#9516=PLANE('',#9515);
#9517=ORIENTED_EDGE('',*,*,#8247,.F.);
#9518=ORIENTED_EDGE('',*,*,#9465,.F.);
#9519=CARTESIAN_POINT('',(-0.010107992348646,0.037726214037475,0.048425196850394));
#9520=DIRECTION('',(0.0,1.0,0.0));
#9521=VECTOR('',#9520,0.011092683600321);
#9522=LINE('',#9519,#9521);
#9523=EDGE_CURVE('',#9494,#9454,#9522,.T.);
#9524=ORIENTED_EDGE('',*,*,#9523,.F.);
#9525=ORIENTED_EDGE('',*,*,#9499,.T.);
#9526=EDGE_LOOP('',(#9517,#9518,#9524,#9525));
#9527=FACE_OUTER_BOUND('',#9526,.T.);
#9528=ADVANCED_FACE('',(#9527),#9516,.T.);
#9529=CARTESIAN_POINT('',(-0.116929133858268,-0.116929133858268,0.048425196850394));
#9530=DIRECTION('',(0.0,0.0,1.0));
#9531=DIRECTION('',(1.0,0.0,0.0));
#9532=AXIS2_PLACEMENT_3D('',#9529,#9530,#9531);
#9533=PLANE('',#9532);
#9534=ORIENTED_EDGE('',*,*,#8878,.T.);
#9535=ORIENTED_EDGE('',*,*,#8907,.T.);
#9536=ORIENTED_EDGE('',*,*,#8931,.T.);
#9537=CARTESIAN_POINT('',(-0.106299212598425,-0.049682971080861,0.048425196850394));
#9538=VERTEX_POINT('',#9537);
#9539=CARTESIAN_POINT('',(-0.106299212598425,-0.039801081317082,0.048425196850394));
#9540=DIRECTION('',(0.0,-1.0,0.0));
#9541=VECTOR('',#9540,0.009881889763779);
#9542=LINE('',#9539,#9541);
#9543=EDGE_CURVE('',#8920,#9538,#9542,.T.);
#9544=ORIENTED_EDGE('',*,*,#9543,.T.);
#9545=CARTESIAN_POINT('',(-0.087067507709443,-0.049682971080861,0.048425196850394));
#9546=VERTEX_POINT('',#9545);
#9547=CARTESIAN_POINT('',(-0.106299212598425,-0.049682971080861,0.048425196850394));
#9548=DIRECTION('',(1.0,0.0,0.0));
#9549=VECTOR('',#9548,0.019231704888982);
#9550=LINE('',#9547,#9549);
#9551=EDGE_CURVE('',#9538,#9546,#9550,.T.);
#9552=ORIENTED_EDGE('',*,*,#9551,.T.);
#9553=CARTESIAN_POINT('',(-0.053449661708033,-0.085127327364904,0.048425196850394));
#9554=VERTEX_POINT('',#9553);
#9555=CARTESIAN_POINT('',(0.000393700787402,-0.000393700787402,0.048425196850394));
#9556=DIRECTION('',(0.0,0.0,1.0));
#9557=DIRECTION('',(0.871182233654849,0.490959790374068,0.0));
#9558=AXIS2_PLACEMENT_3D('',#9555,#9556,#9557);
#9559=CIRCLE('',#9558,0.100393700787402);
#9560=EDGE_CURVE('',#9546,#9554,#9559,.T.);
#9561=ORIENTED_EDGE('',*,*,#9560,.T.);
#9562=CARTESIAN_POINT('',(-0.053449661708033,-0.106299212598425,0.048425196850394));
#9563=VERTEX_POINT('',#9562);
#9564=CARTESIAN_POINT('',(-0.053449661708033,-0.085127327364904,0.048425196850394));
#9565=DIRECTION('',(0.0,-1.0,0.0));
#9566=VECTOR('',#9565,0.021171885233521);
#9567=LINE('',#9564,#9566);
#9568=EDGE_CURVE('',#9554,#9563,#9567,.T.);
#9569=ORIENTED_EDGE('',*,*,#9568,.T.);
#9570=CARTESIAN_POINT('',(0.050873170648342,-0.106299212598425,0.048425196850394));
#9571=VERTEX_POINT('',#9570);
#9572=CARTESIAN_POINT('',(-0.053449661708033,-0.106299212598425,0.048425196850394));
#9573=DIRECTION('',(1.0,0.0,0.0));
#9574=VECTOR('',#9573,0.104322832356375);
#9575=LINE('',#9572,#9574);
#9576=EDGE_CURVE('',#9563,#9571,#9575,.T.);
#9577=ORIENTED_EDGE('',*,*,#9576,.T.);
#9578=CARTESIAN_POINT('',(0.050873170648342,-0.087173412012715,0.048425196850394));
#9579=VERTEX_POINT('',#9578);
#9580=CARTESIAN_POINT('',(0.050873170648342,-0.106299212598425,0.048425196850394));
#9581=DIRECTION('',(0.0,1.0,0.0));
#9582=VECTOR('',#9581,0.01912580058571);
#9583=LINE('',#9580,#9582);
#9584=EDGE_CURVE('',#9571,#9579,#9583,.T.);
#9585=ORIENTED_EDGE('',*,*,#9584,.T.);
#9586=CARTESIAN_POINT('',(0.087854909284247,-0.049682971080861,0.048425196850394));
#9587=VERTEX_POINT('',#9586);
#9588=CARTESIAN_POINT('',(0.000393700787402,-0.000393700787402,0.048425196850394));
#9589=DIRECTION('',(0.0,0.0,1.0));
#9590=DIRECTION('',(-0.502815111556033,0.864393986322727,0.0));
#9591=AXIS2_PLACEMENT_3D('',#9588,#9589,#9590);
#9592=CIRCLE('',#9591,0.100393700787402);
#9593=EDGE_CURVE('',#9579,#9587,#9592,.T.);
#9594=ORIENTED_EDGE('',*,*,#9593,.T.);
#9595=CARTESIAN_POINT('',(0.106299212598426,-0.049682971080861,0.048425196850394));
#9596=VERTEX_POINT('',#9595);
#9597=CARTESIAN_POINT('',(0.087854909284247,-0.049682971080861,0.048425196850394));
#9598=DIRECTION('',(1.0,0.0,0.0));
#9599=VECTOR('',#9598,0.018444303314178);
#9600=LINE('',#9597,#9599);
#9601=EDGE_CURVE('',#9587,#9596,#9600,.T.);
#9602=ORIENTED_EDGE('',*,*,#9601,.T.);
#9603=CARTESIAN_POINT('',(0.106299212598425,0.054639861275514,0.048425196850394));
#9604=VERTEX_POINT('',#9603);
#9605=CARTESIAN_POINT('',(0.106299212598425,-0.049682971080861,0.048425196850394));
#9606=DIRECTION('',(0.0,1.0,0.0));
#9607=VECTOR('',#9606,0.104322832356375);
#9608=LINE('',#9605,#9607);
#9609=EDGE_CURVE('',#9596,#9604,#9608,.T.);
#9610=ORIENTED_EDGE('',*,*,#9609,.T.);
#9611=CARTESIAN_POINT('',(0.084359183007523,0.054639861275514,0.048425196850394));
#9612=VERTEX_POINT('',#9611);
#9613=CARTESIAN_POINT('',(0.106299212598425,0.054639861275514,0.048425196850394));
#9614=DIRECTION('',(-1.0,0.0,0.0));
#9615=VECTOR('',#9614,0.021940029590902);
#9616=LINE('',#9613,#9615);
#9617=EDGE_CURVE('',#9604,#9612,#9616,.T.);
#9618=ORIENTED_EDGE('',*,*,#9617,.T.);
#9619=CARTESIAN_POINT('',(0.050873170648342,0.086386010437912,0.048425196850394));
#9620=VERTEX_POINT('',#9619);
#9621=CARTESIAN_POINT('',(0.000393700787402,-0.000393700787402,0.048425196850394));
#9622=DIRECTION('',(0.0,0.0,1.0));
#9623=DIRECTION('',(-0.836362058192583,-0.548177441724727,0.0));
#9624=AXIS2_PLACEMENT_3D('',#9621,#9622,#9623);
#9625=CIRCLE('',#9624,0.100393700787402);
#9626=EDGE_CURVE('',#9612,#9620,#9625,.T.);
#9627=ORIENTED_EDGE('',*,*,#9626,.T.);
#9628=CARTESIAN_POINT('',(0.050873170648342,0.106299212598426,0.048425196850394));
#9629=VERTEX_POINT('',#9628);
#9630=CARTESIAN_POINT('',(0.050873170648342,0.086386010437912,0.048425196850394));
#9631=DIRECTION('',(0.0,1.0,0.0));
#9632=VECTOR('',#9631,0.019913202160514);
#9633=LINE('',#9630,#9632);
#9634=EDGE_CURVE('',#9620,#9629,#9633,.T.);
#9635=ORIENTED_EDGE('',*,*,#9634,.T.);
#9636=CARTESIAN_POINT('',(-0.053449661708033,0.106299212598425,0.048425196850394));
#9637=VERTEX_POINT('',#9636);
#9638=CARTESIAN_POINT('',(0.050873170648342,0.106299212598425,0.048425196850394));
#9639=DIRECTION('',(-1.0,0.0,0.0));
#9640=VECTOR('',#9639,0.104322832356375);
#9641=LINE('',#9638,#9640);
#9642=EDGE_CURVE('',#9629,#9637,#9641,.T.);
#9643=ORIENTED_EDGE('',*,*,#9642,.T.);
#9644=CARTESIAN_POINT('',(-0.053449661708033,0.0843399257901,0.048425196850394));
#9645=VERTEX_POINT('',#9644);
#9646=CARTESIAN_POINT('',(-0.053449661708033,0.106299212598425,0.048425196850394));
#9647=DIRECTION('',(0.0,-1.0,0.0));
#9648=VECTOR('',#9647,0.021959286808325);
#9649=LINE('',#9646,#9648);
#9650=EDGE_CURVE('',#9637,#9645,#9649,.T.);
#9651=ORIENTED_EDGE('',*,*,#9650,.T.);
#9652=CARTESIAN_POINT('',(-0.08357178143272,0.054639861275514,0.048425196850394));
#9653=VERTEX_POINT('',#9652);
#9654=CARTESIAN_POINT('',(0.000393700787402,-0.000393700787402,0.048425196850394));
#9655=DIRECTION('',(0.0,0.0,1.0));
#9656=DIRECTION('',(0.536322120542761,-0.844013378458254,0.0));
#9657=AXIS2_PLACEMENT_3D('',#9654,#9655,#9656);
#9658=CIRCLE('',#9657,0.100393700787402);
#9659=EDGE_CURVE('',#9645,#9653,#9658,.T.);
#9660=ORIENTED_EDGE('',*,*,#9659,.T.);
#9661=CARTESIAN_POINT('',(-0.106299212598425,0.054639861275514,0.048425196850394));
#9662=VERTEX_POINT('',#9661);
#9663=CARTESIAN_POINT('',(-0.08357178143272,0.054639861275514,0.048425196850394));
#9664=DIRECTION('',(-1.0,0.0,0.0));
#9665=VECTOR('',#9664,0.022727431165705);
#9666=LINE('',#9663,#9665);
#9667=EDGE_CURVE('',#9653,#9662,#9666,.T.);
#9668=ORIENTED_EDGE('',*,*,#9667,.T.);
#9669=CARTESIAN_POINT('',(-0.106299212598425,0.054639861275514,0.048425196850394));
#9670=DIRECTION('',(0.0,-1.0,0.0));
#9671=VECTOR('',#9670,0.007826769364249);
#9672=LINE('',#9669,#9671);
#9673=EDGE_CURVE('',#9662,#8873,#9672,.T.);
#9674=ORIENTED_EDGE('',*,*,#9673,.T.);
#9675=EDGE_LOOP('',(#9534,#9535,#9536,#9544,#9552,#9561,#9569,#9577,#9585,#9594,#9602,#9610,#9618,#9627,#9635,#9643,#9651,#9660,#9668,#9674));
#9676=FACE_OUTER_BOUND('',#9675,.T.);
#9677=ORIENTED_EDGE('',*,*,#9459,.T.);
#9678=ORIENTED_EDGE('',*,*,#9481,.T.);
#9679=ORIENTED_EDGE('',*,*,#8412,.T.);
#9680=ORIENTED_EDGE('',*,*,#8441,.T.);
#9681=ORIENTED_EDGE('',*,*,#8465,.T.);
#9682=ORIENTED_EDGE('',*,*,#8489,.T.);
#9683=ORIENTED_EDGE('',*,*,#9506,.T.);
#9684=ORIENTED_EDGE('',*,*,#9523,.T.);
#9685=EDGE_LOOP('',(#9677,#9678,#9679,#9680,#9681,#9682,#9683,#9684));
#9686=FACE_BOUND('',#9685,.T.);
#9687=ORIENTED_EDGE('',*,*,#9361,.T.);
#9688=ORIENTED_EDGE('',*,*,#9390,.T.);
#9689=ORIENTED_EDGE('',*,*,#9416,.T.);
#9690=ORIENTED_EDGE('',*,*,#9433,.T.);
#9691=EDGE_LOOP('',(#9687,#9688,#9689,#9690));
#9692=FACE_BOUND('',#9691,.T.);
#9693=ADVANCED_FACE('',(#9676,#9686,#9692),#9533,.T.);
#9694=CARTESIAN_POINT('',(0.086932694118538,-0.049682971080861,0.045157480314961));
#9695=DIRECTION('',(0.0,1.0,0.0));
#9696=DIRECTION('',(0.0,0.0,1.0));
#9697=AXIS2_PLACEMENT_3D('',#9694,#9695,#9696);
#9698=PLANE('',#9697);
#9699=ORIENTED_EDGE('',*,*,#9601,.F.);
#9700=CARTESIAN_POINT('',(0.087854909284247,-0.049682971080861,0.113779527559055));
#9701=DIRECTION('',(0.0,0.0,-1.0));
#9702=VECTOR('',#9701,0.065354330708661);
#9703=LINE('',#9700,#9702);
#9704=EDGE_CURVE('',#8008,#9587,#9703,.T.);
#9705=ORIENTED_EDGE('',*,*,#9704,.F.);
#9706=ORIENTED_EDGE('',*,*,#8013,.F.);
#9707=CARTESIAN_POINT('',(0.106299212598426,-0.049682971080861,0.048425196850394));
#9708=DIRECTION('',(0.0,0.0,1.0));
#9709=VECTOR('',#9708,0.065354330708661);
#9710=LINE('',#9707,#9709);
#9711=EDGE_CURVE('',#9596,#8000,#9710,.T.);
#9712=ORIENTED_EDGE('',*,*,#9711,.F.);
#9713=EDGE_LOOP('',(#9699,#9705,#9706,#9712));
#9714=FACE_OUTER_BOUND('',#9713,.T.);
#9715=ADVANCED_FACE('',(#9714),#9698,.T.);
#9716=CARTESIAN_POINT('',(0.000393700787402,-0.000393700787402,0.117047244094488));
#9717=DIRECTION('',(0.0,0.0,-1.0));
#9718=DIRECTION('',(-0.502815111556033,0.864393986322727,0.0));
#9719=AXIS2_PLACEMENT_3D('',#9716,#9717,#9718);
#9720=CYLINDRICAL_SURFACE('',#9719,0.100393700787402);
#9721=ORIENTED_EDGE('',*,*,#9593,.F.);
#9722=CARTESIAN_POINT('',(0.050873170648342,-0.087173412012715,0.113779527559055));
#9723=DIRECTION('',(0.0,0.0,-1.0));
#9724=VECTOR('',#9723,0.065354330708661);
#9725=LINE('',#9722,#9724);
#9726=EDGE_CURVE('',#8016,#9579,#9725,.T.);
#9727=ORIENTED_EDGE('',*,*,#9726,.F.);
#9728=ORIENTED_EDGE('',*,*,#8022,.F.);
#9729=ORIENTED_EDGE('',*,*,#9704,.T.);
#9730=EDGE_LOOP('',(#9721,#9727,#9728,#9729));
#9731=FACE_OUTER_BOUND('',#9730,.T.);
#9732=ADVANCED_FACE('',(#9731),#9720,.F.);
#9733=CARTESIAN_POINT('',(0.050873170648342,-0.10725550262771,0.045157480314961));
#9734=DIRECTION('',(-1.0,0.0,0.0));
#9735=DIRECTION('',(0.0,0.0,1.0));
#9736=AXIS2_PLACEMENT_3D('',#9733,#9734,#9735);
#9737=PLANE('',#9736);
#9738=ORIENTED_EDGE('',*,*,#9584,.F.);
#9739=CARTESIAN_POINT('',(0.050873170648342,-0.106299212598425,0.113779527559055));
#9740=DIRECTION('',(0.0,0.0,-1.0));
#9741=VECTOR('',#9740,0.065354330708661);
#9742=LINE('',#9739,#9741);
#9743=EDGE_CURVE('',#8025,#9571,#9742,.T.);
#9744=ORIENTED_EDGE('',*,*,#9743,.F.);
#9745=ORIENTED_EDGE('',*,*,#8030,.F.);
#9746=ORIENTED_EDGE('',*,*,#9726,.T.);
#9747=EDGE_LOOP('',(#9738,#9744,#9745,#9746));
#9748=FACE_OUTER_BOUND('',#9747,.T.);
#9749=ADVANCED_FACE('',(#9748),#9737,.T.);
#9750=CARTESIAN_POINT('',(-0.10743558415671,0.054639861275514,0.117047244094488));
#9751=DIRECTION('',(0.0,-1.0,0.0));
#9752=DIRECTION('',(0.0,0.0,-1.0));
#9753=AXIS2_PLACEMENT_3D('',#9750,#9751,#9752);
#9754=PLANE('',#9753);
#9755=ORIENTED_EDGE('',*,*,#9667,.F.);
#9756=CARTESIAN_POINT('',(-0.08357178143272,0.054639861275514,0.113779527559055));
#9757=DIRECTION('',(0.0,0.0,-1.0));
#9758=VECTOR('',#9757,0.065354330708661);
#9759=LINE('',#9756,#9758);
#9760=EDGE_CURVE('',#7942,#9653,#9759,.T.);
#9761=ORIENTED_EDGE('',*,*,#9760,.F.);
#9762=ORIENTED_EDGE('',*,*,#7947,.F.);
#9763=CARTESIAN_POINT('',(-0.106299212598425,0.054639861275514,0.048425196850394));
#9764=DIRECTION('',(0.0,0.0,1.0));
#9765=VECTOR('',#9764,0.065354330708661);
#9766=LINE('',#9763,#9765);
#9767=EDGE_CURVE('',#9662,#7934,#9766,.T.);
#9768=ORIENTED_EDGE('',*,*,#9767,.F.);
#9769=EDGE_LOOP('',(#9755,#9761,#9762,#9768));
#9770=FACE_OUTER_BOUND('',#9769,.T.);
#9771=ADVANCED_FACE('',(#9770),#9754,.T.);
#9772=CARTESIAN_POINT('',(0.000393700787402,-0.000393700787402,0.117047244094488));
#9773=DIRECTION('',(0.0,0.0,-1.0));
#9774=DIRECTION('',(0.536322120542761,-0.844013378458254,0.0));
#9775=AXIS2_PLACEMENT_3D('',#9772,#9773,#9774);
#9776=CYLINDRICAL_SURFACE('',#9775,0.100393700787402);
#9777=ORIENTED_EDGE('',*,*,#9659,.F.);
#9778=CARTESIAN_POINT('',(-0.053449661708033,0.0843399257901,0.113779527559055));
#9779=DIRECTION('',(0.0,0.0,-1.0));
#9780=VECTOR('',#9779,0.065354330708661);
#9781=LINE('',#9778,#9780);
#9782=EDGE_CURVE('',#7950,#9645,#9781,.T.);
#9783=ORIENTED_EDGE('',*,*,#9782,.F.);
#9784=ORIENTED_EDGE('',*,*,#7956,.F.);
#9785=ORIENTED_EDGE('',*,*,#9760,.T.);
#9786=EDGE_LOOP('',(#9777,#9783,#9784,#9785));
#9787=FACE_OUTER_BOUND('',#9786,.T.);
#9788=ADVANCED_FACE('',(#9787),#9776,.F.);
#9789=CARTESIAN_POINT('',(-0.053449661708033,0.083241961449684,0.117047244094488));
#9790=DIRECTION('',(1.0,0.0,0.0));
#9791=DIRECTION('',(0.0,0.0,-1.0));
#9792=AXIS2_PLACEMENT_3D('',#9789,#9790,#9791);
#9793=PLANE('',#9792);
#9794=ORIENTED_EDGE('',*,*,#9650,.F.);
#9795=CARTESIAN_POINT('',(-0.053449661708033,0.106299212598425,0.113779527559055));
#9796=DIRECTION('',(0.0,0.0,-1.0));
#9797=VECTOR('',#9796,0.065354330708661);
#9798=LINE('',#9795,#9797);
#9799=EDGE_CURVE('',#7959,#9637,#9798,.T.);
#9800=ORIENTED_EDGE('',*,*,#9799,.F.);
#9801=ORIENTED_EDGE('',*,*,#7964,.F.);
#9802=ORIENTED_EDGE('',*,*,#9782,.T.);
#9803=EDGE_LOOP('',(#9794,#9800,#9801,#9802));
#9804=FACE_OUTER_BOUND('',#9803,.T.);
#9805=ADVANCED_FACE('',(#9804),#9793,.T.);
#9806=CARTESIAN_POINT('',(0.050873170648342,0.085390350329886,0.045157480314961));
#9807=DIRECTION('',(-1.0,0.0,0.0));
#9808=DIRECTION('',(0.0,0.0,1.0));
#9809=AXIS2_PLACEMENT_3D('',#9806,#9807,#9808);
#9810=PLANE('',#9809);
#9811=ORIENTED_EDGE('',*,*,#9634,.F.);
#9812=CARTESIAN_POINT('',(0.050873170648342,0.086386010437912,0.113779527559055));
#9813=DIRECTION('',(0.0,0.0,-1.0));
#9814=VECTOR('',#9813,0.065354330708661);
#9815=LINE('',#9812,#9814);
#9816=EDGE_CURVE('',#7975,#9620,#9815,.T.);
#9817=ORIENTED_EDGE('',*,*,#9816,.F.);
#9818=ORIENTED_EDGE('',*,*,#7980,.F.);
#9819=CARTESIAN_POINT('',(0.050873170648342,0.106299212598426,0.048425196850394));
#9820=DIRECTION('',(0.0,0.0,1.0));
#9821=VECTOR('',#9820,0.065354330708661);
#9822=LINE('',#9819,#9821);
#9823=EDGE_CURVE('',#9629,#7967,#9822,.T.);
#9824=ORIENTED_EDGE('',*,*,#9823,.F.);
#9825=EDGE_LOOP('',(#9811,#9817,#9818,#9824));
#9826=FACE_OUTER_BOUND('',#9825,.T.);
#9827=ADVANCED_FACE('',(#9826),#9810,.T.);
#9828=CARTESIAN_POINT('',(0.000393700787402,-0.000393700787402,0.117047244094488));
#9829=DIRECTION('',(0.0,0.0,-1.0));
#9830=DIRECTION('',(-0.836362058192583,-0.548177441724727,0.0));
#9831=AXIS2_PLACEMENT_3D('',#9828,#9829,#9830);
#9832=CYLINDRICAL_SURFACE('',#9831,0.100393700787402);
#9833=ORIENTED_EDGE('',*,*,#9626,.F.);
#9834=CARTESIAN_POINT('',(0.084359183007523,0.054639861275514,0.113779527559055));
#9835=DIRECTION('',(0.0,0.0,-1.0));
#9836=VECTOR('',#9835,0.065354330708661);
#9837=LINE('',#9834,#9836);
#9838=EDGE_CURVE('',#7983,#9612,#9837,.T.);
#9839=ORIENTED_EDGE('',*,*,#9838,.F.);
#9840=ORIENTED_EDGE('',*,*,#7989,.F.);
#9841=ORIENTED_EDGE('',*,*,#9816,.T.);
#9842=EDGE_LOOP('',(#9833,#9839,#9840,#9841));
#9843=FACE_OUTER_BOUND('',#9842,.T.);
#9844=ADVANCED_FACE('',(#9843),#9832,.F.);
#9845=CARTESIAN_POINT('',(0.083262181527978,0.054639861275514,0.117047244094488));
#9846=DIRECTION('',(0.0,-1.0,0.0));
#9847=DIRECTION('',(0.0,0.0,-1.0));
#9848=AXIS2_PLACEMENT_3D('',#9845,#9846,#9847);
#9849=PLANE('',#9848);
#9850=ORIENTED_EDGE('',*,*,#9617,.F.);
#9851=CARTESIAN_POINT('',(0.106299212598425,0.054639861275514,0.113779527559055));
#9852=DIRECTION('',(0.0,0.0,-1.0));
#9853=VECTOR('',#9852,0.065354330708661);
#9854=LINE('',#9851,#9853);
#9855=EDGE_CURVE('',#7992,#9604,#9854,.T.);
#9856=ORIENTED_EDGE('',*,*,#9855,.F.);
#9857=ORIENTED_EDGE('',*,*,#7997,.F.);
#9858=ORIENTED_EDGE('',*,*,#9838,.T.);
#9859=EDGE_LOOP('',(#9850,#9856,#9857,#9858));
#9860=FACE_OUTER_BOUND('',#9859,.T.);
#9861=ADVANCED_FACE('',(#9860),#9849,.T.);
#9862=CARTESIAN_POINT('',(-0.053449661708033,-0.107357806860101,0.117047244094488));
#9863=DIRECTION('',(1.0,0.0,0.0));
#9864=DIRECTION('',(0.0,0.0,-1.0));
#9865=AXIS2_PLACEMENT_3D('',#9862,#9863,#9864);
#9866=PLANE('',#9865);
#9867=ORIENTED_EDGE('',*,*,#9568,.F.);
#9868=CARTESIAN_POINT('',(-0.053449661708033,-0.085127327364904,0.113779527559055));
#9869=DIRECTION('',(0.0,0.0,-1.0));
#9870=VECTOR('',#9869,0.065354330708661);
#9871=LINE('',#9868,#9870);
#9872=EDGE_CURVE('',#7909,#9554,#9871,.T.);
#9873=ORIENTED_EDGE('',*,*,#9872,.F.);
#9874=ORIENTED_EDGE('',*,*,#7914,.F.);
#9875=CARTESIAN_POINT('',(-0.053449661708033,-0.106299212598425,0.048425196850394));
#9876=DIRECTION('',(0.0,0.0,1.0));
#9877=VECTOR('',#9876,0.065354330708661);
#9878=LINE('',#9875,#9877);
#9879=EDGE_CURVE('',#9563,#7907,#9878,.T.);
#9880=ORIENTED_EDGE('',*,*,#9879,.F.);
#9881=EDGE_LOOP('',(#9867,#9873,#9874,#9880));
#9882=FACE_OUTER_BOUND('',#9881,.T.);
#9883=ADVANCED_FACE('',(#9882),#9866,.T.);
#9884=CARTESIAN_POINT('',(0.000393700787402,-0.000393700787402,0.117047244094488));
#9885=DIRECTION('',(0.0,0.0,-1.0));
#9886=DIRECTION('',(0.871182233654849,0.490959790374068,0.0));
#9887=AXIS2_PLACEMENT_3D('',#9884,#9885,#9886);
#9888=CYLINDRICAL_SURFACE('',#9887,0.100393700787402);
#9889=ORIENTED_EDGE('',*,*,#9560,.F.);
#9890=CARTESIAN_POINT('',(-0.087067507709443,-0.049682971080861,0.113779527559055));
#9891=DIRECTION('',(0.0,0.0,-1.0));
#9892=VECTOR('',#9891,0.065354330708661);
#9893=LINE('',#9890,#9892);
#9894=EDGE_CURVE('',#7917,#9546,#9893,.T.);
#9895=ORIENTED_EDGE('',*,*,#9894,.F.);
#9896=ORIENTED_EDGE('',*,*,#7923,.F.);
#9897=ORIENTED_EDGE('',*,*,#9872,.T.);
#9898=EDGE_LOOP('',(#9889,#9895,#9896,#9897));
#9899=FACE_OUTER_BOUND('',#9898,.T.);
#9900=ADVANCED_FACE('',(#9899),#9888,.F.);
#9901=CARTESIAN_POINT('',(-0.107260797842874,-0.049682971080861,0.045157480314961));
#9902=DIRECTION('',(0.0,1.0,0.0));
#9903=DIRECTION('',(0.0,0.0,1.0));
#9904=AXIS2_PLACEMENT_3D('',#9901,#9902,#9903);
#9905=PLANE('',#9904);
#9906=ORIENTED_EDGE('',*,*,#9551,.F.);
#9907=CARTESIAN_POINT('',(-0.106299212598425,-0.049682971080861,0.113779527559055));
#9908=DIRECTION('',(0.0,0.0,-1.0));
#9909=VECTOR('',#9908,0.065354330708661);
#9910=LINE('',#9907,#9909);
#9911=EDGE_CURVE('',#7926,#9538,#9910,.T.);
#9912=ORIENTED_EDGE('',*,*,#9911,.F.);
#9913=ORIENTED_EDGE('',*,*,#7931,.F.);
#9914=ORIENTED_EDGE('',*,*,#9894,.T.);
#9915=EDGE_LOOP('',(#9906,#9912,#9913,#9914));
#9916=FACE_OUTER_BOUND('',#9915,.T.);
#9917=ADVANCED_FACE('',(#9916),#9905,.T.);
#9918=CARTESIAN_POINT('',(-0.118110236220472,0.106299212598425,0.0));
#9919=DIRECTION('',(0.0,1.0,0.0));
#9920=DIRECTION('',(0.0,0.0,1.0));
#9921=AXIS2_PLACEMENT_3D('',#9918,#9919,#9920);
#9922=PLANE('',#9921);
#9923=ORIENTED_EDGE('',*,*,#9799,.T.);
#9924=ORIENTED_EDGE('',*,*,#9642,.F.);
#9925=ORIENTED_EDGE('',*,*,#9823,.T.);
#9926=ORIENTED_EDGE('',*,*,#7972,.F.);
#9927=EDGE_LOOP('',(#9923,#9924,#9925,#9926));
#9928=FACE_OUTER_BOUND('',#9927,.T.);
#9929=ADVANCED_FACE('',(#9928),#9922,.F.);
#9930=CARTESIAN_POINT('',(-0.058665803325852,-0.106299212598425,0.117047244094488));
#9931=DIRECTION('',(0.0,-1.0,0.0));
#9932=DIRECTION('',(0.0,0.0,-1.0));
#9933=AXIS2_PLACEMENT_3D('',#9930,#9931,#9932);
#9934=PLANE('',#9933);
#9935=ORIENTED_EDGE('',*,*,#9743,.T.);
#9936=ORIENTED_EDGE('',*,*,#9576,.F.);
#9937=ORIENTED_EDGE('',*,*,#9879,.T.);
#9938=ORIENTED_EDGE('',*,*,#8036,.F.);
#9939=EDGE_LOOP('',(#9935,#9936,#9937,#9938));
#9940=FACE_OUTER_BOUND('',#9939,.T.);
#9941=ADVANCED_FACE('',(#9940),#9934,.F.);
#9942=CARTESIAN_POINT('',(0.106299212598425,-0.05489911269868,0.117047244094488));
#9943=DIRECTION('',(1.0,0.0,0.0));
#9944=DIRECTION('',(0.0,0.0,-1.0));
#9945=AXIS2_PLACEMENT_3D('',#9942,#9943,#9944);
#9946=PLANE('',#9945);
#9947=ORIENTED_EDGE('',*,*,#9711,.T.);
#9948=ORIENTED_EDGE('',*,*,#8005,.F.);
#9949=ORIENTED_EDGE('',*,*,#9855,.T.);
#9950=ORIENTED_EDGE('',*,*,#9609,.F.);
#9951=EDGE_LOOP('',(#9947,#9948,#9949,#9950));
#9952=FACE_OUTER_BOUND('',#9951,.T.);
#9953=ADVANCED_FACE('',(#9952),#9946,.F.);
#9954=CARTESIAN_POINT('',(-0.106299212598425,-0.118110236220472,0.0));
#9955=DIRECTION('',(-1.0,0.0,0.0));
#9956=DIRECTION('',(0.0,0.0,1.0));
#9957=AXIS2_PLACEMENT_3D('',#9954,#9955,#9956);
#9958=PLANE('',#9957);
#9959=ORIENTED_EDGE('',*,*,#8884,.T.);
#9960=ORIENTED_EDGE('',*,*,#9673,.F.);
#9961=ORIENTED_EDGE('',*,*,#9767,.T.);
#9962=ORIENTED_EDGE('',*,*,#7939,.F.);
#9963=ORIENTED_EDGE('',*,*,#9911,.T.);
#9964=ORIENTED_EDGE('',*,*,#9543,.F.);
#9965=ORIENTED_EDGE('',*,*,#8925,.T.);
#9966=ORIENTED_EDGE('',*,*,#8846,.F.);
#9967=ORIENTED_EDGE('',*,*,#9328,.T.);
#9968=ORIENTED_EDGE('',*,*,#8766,.F.);
#9969=EDGE_LOOP('',(#9959,#9960,#9961,#9962,#9963,#9964,#9965,#9966,#9967,#9968));
#9970=FACE_OUTER_BOUND('',#9969,.T.);
#9971=ADVANCED_FACE('',(#9970),#9958,.F.);
#9972=CLOSED_SHELL('',(#7257,#7304,#7346,#7377,#7410,#7432,#7444,#7486,#7517,#7550,#7572,#7584,#7626,#7657,#7690,#7712,#7724,#7766,#7797,#7830,#7852,#7864,#7900,#8043,#8071,#8148,#8191,#8227,#8252,#8277,#8312,#8348,#8373,#8390,#8422,#8446,#8470,#8494,#8536,#8568,#8600,#8622,#8668,#8701,#8726,#8751,#8793,#8825,#8857,#8888,#8912,#8936,#8969,#8994,#9019,#9036,#9048,#9068,#9077,#9119,#9151,#9183,#9205,#9217,#9250,#9275,#9300,#9317,#9340,#9371,#9395,#9421,#9438,#9469,#9486,#9511,#9528,#9693,#9715,#9732,#9749,#9771,#9788,#9805,#9827,#9844,#9861,#9883,#9900,#9917,#9929,#9941,#9953,#9971));
#9973=ORIENTED_CLOSED_SHELL('',*,#9972,.F.);
#9974=BREP_WITH_VOIDS('',#7229,(#9973));
#9975=COLOUR_RGB('',0.75,0.75,0.75);
#9976=FILL_AREA_STYLE_COLOUR('',#9975);
#9977=FILL_AREA_STYLE('',(#9976));
#9978=SURFACE_STYLE_FILL_AREA(#9977);
#9979=SURFACE_SIDE_STYLE('',(#9978));
#9980=SURFACE_STYLE_USAGE(.BOTH.,#9979);
#9981=PRESENTATION_STYLE_ASSIGNMENT((#9980));
#9982=STYLED_ITEM('',(#9981),#9974);
#9983=MECHANICAL_DESIGN_GEOMETRIC_PRESENTATION_REPRESENTATION('',(#9982),#123);
#9984=ADVANCED_BREP_SHAPE_REPRESENTATION('ABSR',(#9974),#123);
#9985=SHAPE_REPRESENTATION_RELATIONSHIP('SRR','None',#9984,#128);
ENDSEC;
END-ISO-10303-21;
