ISO-10303-21;
HEADER;
FILE_DESCRIPTION((''),'2;1');
FILE_NAME('D6_BTN_CARRE7_7_H338Q_SW0002','2017-01-11T',('lb9412d'),(''),
'PRO/ENGINEER BY PARAMETRIC TECHNOLOGY CORPORATION, 2016010',
'PRO/ENGINEER BY PARAMETRIC TECHNOLOGY CORPORATION, 2016010','');
FILE_SCHEMA(('CONFIG_CONTROL_DESIGN'));
ENDSEC;
DATA;
#1=CARTESIAN_POINT('',(-4.45E0,-2.58E0,1.906669390342E0));
#2=CARTESIAN_POINT('',(-4.45E0,-2.756273347916E0,1.945827550625E0));
#3=CARTESIAN_POINT('',(-4.45E0,-3.117240590514E0,2.023976323577E0));
#4=CARTESIAN_POINT('',(-4.45E0,-3.683479799463E0,2.140835205622E0));
#5=CARTESIAN_POINT('',(-4.45E0,-4.078318702499E0,2.218789178348E0));
#6=CARTESIAN_POINT('',(-4.45E0,-4.28E0,2.257786526667E0));
#8=CARTESIAN_POINT('',(0.E0,-2.58E0,0.E0));
#9=DIRECTION('',(0.E0,1.E0,0.E0));
#10=DIRECTION('',(-9.191804359513E-1,0.E0,3.938366744786E-1));
#11=AXIS2_PLACEMENT_3D('',#8,#9,#10);
#13=CARTESIAN_POINT('',(-4.45E0,-4.28E0,-2.257786526667E0));
#14=CARTESIAN_POINT('',(-4.45E0,-4.078318603703E0,-2.218789159245E0));
#15=CARTESIAN_POINT('',(-4.45E0,-3.683479575414E0,-2.140835159543E0));
#16=CARTESIAN_POINT('',(-4.45E0,-3.117240875514E0,-2.023976382865E0));
#17=CARTESIAN_POINT('',(-4.45E0,-2.756273472235E0,-1.945827578242E0));
#18=CARTESIAN_POINT('',(-4.45E0,-2.58E0,-1.906669390342E0));
#20=DIRECTION('',(0.E0,0.E0,1.E0));
#21=VECTOR('',#20,4.807978869202E-1);
#22=CARTESIAN_POINT('',(-4.45E0,-2.58E0,1.906669390342E0));
#23=LINE('',#22,#21);
#24=DIRECTION('',(0.E0,1.E0,0.E0));
#25=VECTOR('',#24,5.E-1);
#26=CARTESIAN_POINT('',(-4.45E0,-4.78E0,2.257786526667E0));
#27=LINE('',#26,#25);
#28=CARTESIAN_POINT('',(0.E0,-4.28E0,0.E0));
#29=DIRECTION('',(0.E0,1.E0,0.E0));
#30=DIRECTION('',(-8.917835671343E-1,0.E0,4.524622297930E-1));
#31=AXIS2_PLACEMENT_3D('',#28,#29,#30);
#33=CARTESIAN_POINT('',(0.E0,-4.28E0,0.E0));
#34=DIRECTION('',(0.E0,1.E0,0.E0));
#35=DIRECTION('',(1.305261922201E-1,0.E0,9.914448613738E-1));
#36=AXIS2_PLACEMENT_3D('',#33,#34,#35);
#38=CARTESIAN_POINT('',(0.E0,-4.28E0,0.E0));
#39=DIRECTION('',(0.E0,-1.E0,0.E0));
#40=DIRECTION('',(-8.917835671343E-1,0.E0,-4.524622297930E-1));
#41=AXIS2_PLACEMENT_3D('',#38,#39,#40);
#43=DIRECTION('',(0.E0,1.E0,0.E0));
#44=VECTOR('',#43,5.E-1);
#45=CARTESIAN_POINT('',(-4.45E0,-4.78E0,-2.257786526667E0));
#46=LINE('',#45,#44);
#47=CARTESIAN_POINT('',(-4.45E0,-4.78E0,-2.257786526667E0));
#48=CARTESIAN_POINT('',(-4.466985613340E0,-4.796985613340E0,-2.224308614353E0));
#49=CARTESIAN_POINT('',(-4.483654685952E0,-4.813654685952E0,-2.190518495832E0));
#50=CARTESIAN_POINT('',(-4.5E0,-4.83E0,-2.156409052105E0));
#52=CARTESIAN_POINT('',(0.E0,-5.08E0,0.E0));
#53=DIRECTION('',(0.E0,-1.E0,0.E0));
#54=DIRECTION('',(-9.018036072144E-1,0.E0,-4.321461026262E-1));
#55=AXIS2_PLACEMENT_3D('',#52,#53,#54);
#57=CARTESIAN_POINT('',(-4.5E0,-4.83E0,2.156409052105E0));
#58=CARTESIAN_POINT('',(-4.483654685952E0,-4.813654685952E0,2.190518495832E0));
#59=CARTESIAN_POINT('',(-4.466985613340E0,-4.796985613340E0,2.224308614353E0));
#60=CARTESIAN_POINT('',(-4.45E0,-4.78E0,2.257786526667E0));
#62=CARTESIAN_POINT('',(0.E0,-4.28E0,0.E0));
#63=DIRECTION('',(0.E0,1.E0,0.E0));
#64=DIRECTION('',(-1.305261922201E-1,0.E0,9.914448613738E-1));
#65=AXIS2_PLACEMENT_3D('',#62,#63,#64);
#67=CARTESIAN_POINT('',(0.E0,-4.28E0,0.E0));
#68=DIRECTION('',(0.E0,1.E0,0.E0));
#69=DIRECTION('',(-1.305261922201E-1,0.E0,9.914448613738E-1));
#70=AXIS2_PLACEMENT_3D('',#67,#68,#69);
#72=CARTESIAN_POINT('',(0.E0,-2.58E0,0.E0));
#73=DIRECTION('',(0.E0,1.E0,0.E0));
#74=DIRECTION('',(-5.049504950495E-1,0.E0,8.631483056516E-1));
#75=AXIS2_PLACEMENT_3D('',#72,#73,#74);
#77=CARTESIAN_POINT('',(0.E0,-2.58E0,0.E0));
#78=DIRECTION('',(0.E0,1.E0,0.E0));
#79=DIRECTION('',(2.079207920792E-1,0.E0,9.781456661567E-1));
#80=AXIS2_PLACEMENT_3D('',#77,#78,#79);
#82=CARTESIAN_POINT('',(0.E0,-4.28E0,0.E0));
#83=DIRECTION('',(0.E0,1.E0,0.E0));
#84=DIRECTION('',(1.305261922201E-1,0.E0,9.914448613738E-1));
#85=AXIS2_PLACEMENT_3D('',#82,#83,#84);
#87=DIRECTION('',(0.E0,0.E0,-1.E0));
#88=VECTOR('',#87,9.677749861632E-1);
#89=CARTESIAN_POINT('',(1.05E0,-4.28E0,5.907410600255E0));
#90=LINE('',#89,#88);
#91=CARTESIAN_POINT('',(0.E0,-4.28E0,0.E0));
#92=DIRECTION('',(0.E0,1.E0,0.E0));
#93=DIRECTION('',(-1.75E-1,0.E0,9.845684333758E-1));
#94=AXIS2_PLACEMENT_3D('',#91,#92,#93);
#96=DIRECTION('',(0.E0,0.E0,1.E0));
#97=VECTOR('',#96,9.677749861632E-1);
#98=CARTESIAN_POINT('',(-1.05E0,-4.28E0,4.939635614091E0));
#99=LINE('',#98,#97);
#100=CARTESIAN_POINT('',(0.E0,-4.28E0,0.E0));
#101=DIRECTION('',(0.E0,1.E0,0.E0));
#102=DIRECTION('',(-2.079207920792E-1,0.E0,9.781456661567E-1));
#103=AXIS2_PLACEMENT_3D('',#100,#101,#102);
#105=DIRECTION('',(-1.305261922201E-1,0.E0,-9.914448613738E-1));
#106=VECTOR('',#105,4.5E-1);
#107=CARTESIAN_POINT('',(7.178940572103E-1,-4.28E0,5.452946737556E0));
#108=LINE('',#107,#106);
#109=DIRECTION('',(0.E0,1.E0,0.E0));
#110=VECTOR('',#109,2.E-1);
#111=CARTESIAN_POINT('',(7.178940572103E-1,-4.28E0,5.452946737556E0));
#112=LINE('',#111,#110);
#113=DIRECTION('',(-9.821706375748E-2,6.586263505844E-1,-7.460326659757E-1));
#114=VECTOR('',#113,7.591557786237E-1);
#115=CARTESIAN_POINT('',(7.178940572103E-1,-4.08E0,5.452946737556E0));
#116=LINE('',#115,#114);
#117=DIRECTION('',(-1.137610723096E-2,9.961946980917E-1,-8.641011328638E-2));
#118=VECTOR('',#117,7.026738862803E-1);
#119=CARTESIAN_POINT('',(6.513256991781E-1,-4.28E0,4.947309858255E0));
#120=LINE('',#119,#118);
#121=DIRECTION('',(1.305261922201E-1,4.440892098501E-14,9.914448613738E-1));
#122=VECTOR('',#121,6.E-2);
#123=CARTESIAN_POINT('',(6.513256991781E-1,-4.28E0,4.947309858255E0));
#124=LINE('',#123,#122);
#125=CARTESIAN_POINT('',(0.E0,-4.28E0,0.E0));
#126=DIRECTION('',(0.E0,-1.E0,0.E0));
#127=DIRECTION('',(1.305261922201E-1,0.E0,9.914448613738E-1));
#128=AXIS2_PLACEMENT_3D('',#125,#126,#127);
#130=DIRECTION('',(1.305261922201E-1,0.E0,-9.914448613738E-1));
#131=VECTOR('',#130,4.5E-1);
#132=CARTESIAN_POINT('',(-7.178940572103E-1,-4.28E0,5.452946737556E0));
#133=LINE('',#132,#131);
#134=DIRECTION('',(-1.305261922201E-1,4.440892098501E-14,9.914448613738E-1));
#135=VECTOR('',#134,6.E-2);
#136=CARTESIAN_POINT('',(-6.513256991781E-1,-4.28E0,4.947309858255E0));
#137=LINE('',#136,#135);
#138=DIRECTION('',(1.137610723096E-2,9.961946980917E-1,-8.641011328638E-2));
#139=VECTOR('',#138,7.026738862803E-1);
#140=CARTESIAN_POINT('',(-6.513256991781E-1,-4.28E0,4.947309858255E0));
#141=LINE('',#140,#139);
#142=DIRECTION('',(9.821706375748E-2,6.586263505844E-1,-7.460326659757E-1));
#143=VECTOR('',#142,7.591557786237E-1);
#144=CARTESIAN_POINT('',(-7.178940572103E-1,-4.08E0,5.452946737556E0));
#145=LINE('',#144,#143);
#146=DIRECTION('',(0.E0,1.E0,0.E0));
#147=VECTOR('',#146,2.E-1);
#148=CARTESIAN_POINT('',(-7.178940572103E-1,-4.28E0,5.452946737556E0));
#149=LINE('',#148,#147);
#150=CARTESIAN_POINT('',(0.E0,-3.58E0,0.E0));
#151=DIRECTION('',(0.E0,1.E0,0.E0));
#152=DIRECTION('',(-1.305261922201E-1,0.E0,9.914448613738E-1));
#153=AXIS2_PLACEMENT_3D('',#150,#151,#152);
#155=CARTESIAN_POINT('',(0.E0,-4.08E0,0.E0));
#156=DIRECTION('',(0.E0,-1.E0,0.E0));
#157=DIRECTION('',(1.305261922201E-1,0.E0,9.914448613738E-1));
#158=AXIS2_PLACEMENT_3D('',#155,#156,#157);
#160=CARTESIAN_POINT('',(1.05E0,-4.8E-1,4.939635614091E0));
#161=CARTESIAN_POINT('',(1.05E0,-4.071466377621E-1,4.926502587138E0));
#162=CARTESIAN_POINT('',(1.05E0,-2.618606680433E-1,4.900307852798E0));
#163=CARTESIAN_POINT('',(1.05E0,-4.519399297734E-2,4.861229622753E0));
#164=CARTESIAN_POINT('',(1.05E0,9.840892591643E-2,4.835319992077E0));
#165=CARTESIAN_POINT('',(1.05E0,1.7E-1,4.822400792696E0));
#167=DIRECTION('',(0.E0,1.E0,0.E0));
#168=VECTOR('',#167,4.45E0);
#169=CARTESIAN_POINT('',(1.05E0,-4.28E0,5.907410600255E0));
#170=LINE('',#169,#168);
#171=DIRECTION('',(0.E0,1.E0,0.E0));
#172=VECTOR('',#171,1.7E0);
#173=CARTESIAN_POINT('',(1.05E0,-4.28E0,4.939635614091E0));
#174=LINE('',#173,#172);
#175=CARTESIAN_POINT('',(0.E0,-2.58E0,0.E0));
#176=DIRECTION('',(0.E0,-1.E0,0.E0));
#177=DIRECTION('',(2.079207920792E-1,0.E0,9.781456661567E-1));
#178=AXIS2_PLACEMENT_3D('',#175,#176,#177);
#180=DIRECTION('',(0.E0,1.E0,0.E0));
#181=VECTOR('',#180,2.1E0);
#182=CARTESIAN_POINT('',(-1.05E0,-2.58E0,4.939635614091E0));
#183=LINE('',#182,#181);
#184=CARTESIAN_POINT('',(0.E0,-4.8E-1,0.E0));
#185=DIRECTION('',(0.E0,1.E0,0.E0));
#186=DIRECTION('',(-2.079207920792E-1,0.E0,9.781456661567E-1));
#187=AXIS2_PLACEMENT_3D('',#184,#185,#186);
#189=DIRECTION('',(0.E0,-1.E0,0.E0));
#190=VECTOR('',#189,2.1E0);
#191=CARTESIAN_POINT('',(1.05E0,-4.8E-1,4.939635614091E0));
#192=LINE('',#191,#190);
#193=CARTESIAN_POINT('',(0.E0,-2.58E0,0.E0));
#194=DIRECTION('',(0.E0,1.E0,0.E0));
#195=DIRECTION('',(-5.333333333333E-1,0.E0,8.459051693633E-1));
#196=AXIS2_PLACEMENT_3D('',#193,#194,#195);
#198=CARTESIAN_POINT('',(0.E0,-2.58E0,0.E0));
#199=DIRECTION('',(0.E0,1.E0,0.E0));
#200=DIRECTION('',(4.25E-1,0.E0,9.051933495116E-1));
#201=AXIS2_PLACEMENT_3D('',#198,#199,#200);
#203=CARTESIAN_POINT('',(0.E0,-2.58E0,0.E0));
#204=DIRECTION('',(0.E0,1.E0,0.E0));
#205=DIRECTION('',(5.333333333333E-1,0.E0,-8.459051693633E-1));
#206=AXIS2_PLACEMENT_3D('',#203,#204,#205);
#208=CARTESIAN_POINT('',(0.E0,-2.58E0,0.E0));
#209=DIRECTION('',(0.E0,1.E0,0.E0));
#210=DIRECTION('',(-4.25E-1,0.E0,-9.051933495116E-1));
#211=AXIS2_PLACEMENT_3D('',#208,#209,#210);
#213=CARTESIAN_POINT('',(0.E0,-2.58E0,0.E0));
#214=DIRECTION('',(0.E0,1.E0,0.E0));
#215=DIRECTION('',(-8.811881188119E-1,0.E0,4.727657974778E-1));
#216=AXIS2_PLACEMENT_3D('',#213,#214,#215);
#218=DIRECTION('',(0.E0,1.E0,0.E0));
#219=VECTOR('',#218,2.2E0);
#220=CARTESIAN_POINT('',(-4.45E0,-4.78E0,2.387467277263E0));
#221=LINE('',#220,#219);
#222=CARTESIAN_POINT('',(0.E0,-4.78E0,0.E0));
#223=DIRECTION('',(0.E0,1.E0,0.E0));
#224=DIRECTION('',(-8.811881188119E-1,0.E0,4.727657974778E-1));
#225=AXIS2_PLACEMENT_3D('',#222,#223,#224);
#227=CARTESIAN_POINT('',(0.E0,-5.28E0,0.E0));
#228=DIRECTION('',(0.E0,1.E0,0.E0));
#229=DIRECTION('',(-8.918918918919E-1,0.E0,4.522486629914E-1));
#230=AXIS2_PLACEMENT_3D('',#227,#228,#229);
#232=CARTESIAN_POINT('',(-3.5E0,-4.78E0,3.640398329853E0));
#233=CARTESIAN_POINT('',(-3.5E0,-4.829455635933E0,3.709003723777E0));
#234=CARTESIAN_POINT('',(-3.5E0,-4.932376327245E0,3.849908337468E0));
#235=CARTESIAN_POINT('',(-3.5E0,-5.098643251502E0,4.071814363190E0));
#236=CARTESIAN_POINT('',(-3.5E0,-5.218128178571E0,4.227538121538E0));
#237=CARTESIAN_POINT('',(-3.5E0,-5.28E0,4.307261310856E0));
#239=DIRECTION('',(0.E0,0.E0,1.E0));
#240=VECTOR('',#239,1.296807505955E-1);
#241=CARTESIAN_POINT('',(-4.45E0,-4.78E0,-2.387467277263E0));
#242=LINE('',#241,#240);
#243=DIRECTION('',(0.E0,0.E0,1.E0));
#244=VECTOR('',#243,5.019960159204E0);
#245=CARTESIAN_POINT('',(-4.95E0,-5.28E0,-2.509980079602E0));
#246=LINE('',#245,#244);
#247=CARTESIAN_POINT('',(-4.45E0,-4.78E0,2.387467277263E0));
#248=CARTESIAN_POINT('',(-4.503647425194E0,-4.833647425194E0,2.400949537490E0));
#249=CARTESIAN_POINT('',(-4.612213835224E0,-4.942213835224E0,2.428005188062E0));
#250=CARTESIAN_POINT('',(-4.778880522526E0,-5.108880522526E0,2.468849151310E0));
#251=CARTESIAN_POINT('',(-4.892535897441E0,-5.222535897441E0,2.496243531725E0));
#252=CARTESIAN_POINT('',(-4.95E0,-5.28E0,2.509980079602E0));
#254=DIRECTION('',(0.E0,0.E0,1.E0));
#255=VECTOR('',#254,1.296807505955E-1);
#256=CARTESIAN_POINT('',(-4.45E0,-4.78E0,2.257786526667E0));
#257=LINE('',#256,#255);
#258=DIRECTION('',(0.E0,0.E0,1.E0));
#259=VECTOR('',#258,4.312818104210E0);
#260=CARTESIAN_POINT('',(-4.5E0,-4.83E0,-2.156409052105E0));
#261=LINE('',#260,#259);
#262=DIRECTION('',(0.E0,1.E0,0.E0));
#263=VECTOR('',#262,2.5E-1);
#264=CARTESIAN_POINT('',(-4.5E0,-5.08E0,2.156409052105E0));
#265=LINE('',#264,#263);
#266=DIRECTION('',(0.E0,1.E0,0.E0));
#267=VECTOR('',#266,2.5E-1);
#268=CARTESIAN_POINT('',(-4.5E0,-5.08E0,-2.156409052105E0));
#269=LINE('',#268,#267);
#270=DIRECTION('',(0.E0,0.E0,1.E0));
#271=VECTOR('',#270,4.312818104210E0);
#272=CARTESIAN_POINT('',(-4.5E0,-5.08E0,-2.156409052105E0));
#273=LINE('',#272,#271);
#274=CARTESIAN_POINT('',(0.E0,-5.08E0,0.E0));
#275=DIRECTION('',(0.E0,1.E0,0.E0));
#276=DIRECTION('',(0.E0,0.E0,-1.E0));
#277=AXIS2_PLACEMENT_3D('',#274,#275,#276);
#279=CARTESIAN_POINT('',(0.E0,-5.08E0,0.E0));
#280=DIRECTION('',(0.E0,1.E0,0.E0));
#281=DIRECTION('',(0.E0,0.E0,1.E0));
#282=AXIS2_PLACEMENT_3D('',#279,#280,#281);
#284=CARTESIAN_POINT('',(0.E0,-5.08E0,0.E0));
#285=DIRECTION('',(0.E0,-1.E0,0.E0));
#286=DIRECTION('',(-4.055781550172E-1,0.E0,-9.140603700921E-1));
#287=AXIS2_PLACEMENT_3D('',#284,#285,#286);
#289=DIRECTION('',(0.E0,0.E0,1.E0));
#290=VECTOR('',#289,1.007443799844E0);
#291=CARTESIAN_POINT('',(2.E0,-5.08E0,-4.507443799844E0));
#292=LINE('',#291,#290);
#293=DIRECTION('',(-1.E0,0.E0,0.E0));
#294=VECTOR('',#293,4.E0);
#295=CARTESIAN_POINT('',(2.E0,-5.08E0,-3.5E0));
#296=LINE('',#295,#294);
#297=DIRECTION('',(0.E0,0.E0,-1.E0));
#298=VECTOR('',#297,1.007443799844E0);
#299=CARTESIAN_POINT('',(-2.E0,-5.08E0,-3.5E0));
#300=LINE('',#299,#298);
#301=CARTESIAN_POINT('',(0.E0,-5.08E0,0.E0));
#302=DIRECTION('',(0.E0,1.E0,0.E0));
#303=DIRECTION('',(-4.055781550172E-1,0.E0,9.140603700921E-1));
#304=AXIS2_PLACEMENT_3D('',#301,#302,#303);
#306=DIRECTION('',(0.E0,0.E0,1.E0));
#307=VECTOR('',#306,1.007443799844E0);
#308=CARTESIAN_POINT('',(-2.E0,-5.08E0,3.5E0));
#309=LINE('',#308,#307);
#310=DIRECTION('',(-1.E0,0.E0,0.E0));
#311=VECTOR('',#310,4.E0);
#312=CARTESIAN_POINT('',(2.E0,-5.08E0,3.5E0));
#313=LINE('',#312,#311);
#314=DIRECTION('',(0.E0,0.E0,-1.E0));
#315=VECTOR('',#314,1.007443799844E0);
#316=CARTESIAN_POINT('',(2.E0,-5.08E0,4.507443799844E0));
#317=LINE('',#316,#315);
#318=CARTESIAN_POINT('',(3.8E0,-5.08E0,0.E0));
#319=DIRECTION('',(0.E0,-1.E0,0.E0));
#320=DIRECTION('',(-1.E0,0.E0,0.E0));
#321=AXIS2_PLACEMENT_3D('',#318,#319,#320);
#323=CARTESIAN_POINT('',(3.8E0,-5.08E0,0.E0));
#324=DIRECTION('',(0.E0,-1.E0,0.E0));
#325=DIRECTION('',(1.E0,0.E0,0.E0));
#326=AXIS2_PLACEMENT_3D('',#323,#324,#325);
#328=CARTESIAN_POINT('',(-3.8E0,-5.08E0,0.E0));
#329=DIRECTION('',(0.E0,-1.E0,0.E0));
#330=DIRECTION('',(-1.E0,0.E0,0.E0));
#331=AXIS2_PLACEMENT_3D('',#328,#329,#330);
#333=CARTESIAN_POINT('',(-3.8E0,-5.08E0,0.E0));
#334=DIRECTION('',(0.E0,-1.E0,0.E0));
#335=DIRECTION('',(1.E0,0.E0,0.E0));
#336=AXIS2_PLACEMENT_3D('',#333,#334,#335);
#338=CARTESIAN_POINT('',(-2.5E0,-5.08E0,2.5E0));
#339=DIRECTION('',(0.E0,1.E0,0.E0));
#340=DIRECTION('',(1.E0,0.E0,0.E0));
#341=AXIS2_PLACEMENT_3D('',#338,#339,#340);
#343=CARTESIAN_POINT('',(-2.5E0,-5.08E0,2.5E0));
#344=DIRECTION('',(0.E0,1.E0,0.E0));
#345=DIRECTION('',(-1.E0,0.E0,0.E0));
#346=AXIS2_PLACEMENT_3D('',#343,#344,#345);
#348=CARTESIAN_POINT('',(2.5E0,-5.08E0,2.5E0));
#349=DIRECTION('',(0.E0,-1.E0,0.E0));
#350=DIRECTION('',(-1.E0,0.E0,0.E0));
#351=AXIS2_PLACEMENT_3D('',#348,#349,#350);
#353=CARTESIAN_POINT('',(2.5E0,-5.08E0,2.5E0));
#354=DIRECTION('',(0.E0,-1.E0,0.E0));
#355=DIRECTION('',(1.E0,0.E0,0.E0));
#356=AXIS2_PLACEMENT_3D('',#353,#354,#355);
#358=CARTESIAN_POINT('',(-2.5E0,-5.08E0,-2.5E0));
#359=DIRECTION('',(0.E0,1.E0,0.E0));
#360=DIRECTION('',(1.E0,0.E0,0.E0));
#361=AXIS2_PLACEMENT_3D('',#358,#359,#360);
#363=CARTESIAN_POINT('',(-2.5E0,-5.08E0,-2.5E0));
#364=DIRECTION('',(0.E0,1.E0,0.E0));
#365=DIRECTION('',(-1.E0,0.E0,0.E0));
#366=AXIS2_PLACEMENT_3D('',#363,#364,#365);
#368=CARTESIAN_POINT('',(2.5E0,-5.08E0,-2.5E0));
#369=DIRECTION('',(0.E0,-1.E0,0.E0));
#370=DIRECTION('',(-1.E0,0.E0,0.E0));
#371=AXIS2_PLACEMENT_3D('',#368,#369,#370);
#373=CARTESIAN_POINT('',(2.5E0,-5.08E0,-2.5E0));
#374=DIRECTION('',(0.E0,-1.E0,0.E0));
#375=DIRECTION('',(1.E0,0.E0,0.E0));
#376=AXIS2_PLACEMENT_3D('',#373,#374,#375);
#378=DIRECTION('',(0.E0,-9.953500135553E-1,9.632419486019E-2));
#379=VECTOR('',#378,1.557241150240E0);
#380=CARTESIAN_POINT('',(0.E0,-5.08E0,-1.75E0));
#381=LINE('',#380,#379);
#382=DIRECTION('',(0.E0,-9.953500135553E-1,-9.632419486019E-2));
#383=VECTOR('',#382,1.557241150240E0);
#384=CARTESIAN_POINT('',(0.E0,-5.08E0,1.75E0));
#385=LINE('',#384,#383);
#386=CARTESIAN_POINT('',(0.E0,-6.63E0,0.E0));
#387=DIRECTION('',(0.E0,-1.E0,0.E0));
#388=DIRECTION('',(0.E0,0.E0,-1.E0));
#389=AXIS2_PLACEMENT_3D('',#386,#387,#388);
#391=CARTESIAN_POINT('',(0.E0,-6.63E0,0.E0));
#392=DIRECTION('',(0.E0,1.E0,0.E0));
#393=DIRECTION('',(0.E0,0.E0,-1.E0));
#394=AXIS2_PLACEMENT_3D('',#391,#392,#393);
#396=CARTESIAN_POINT('',(-2.E0,-5.08E0,-4.507443799844E0));
#397=CARTESIAN_POINT('',(-2.E0,-5.253831489729E0,-4.497477147045E0));
#398=CARTESIAN_POINT('',(-2.E0,-5.600421625019E0,-4.477594477814E0));
#399=CARTESIAN_POINT('',(-2.E0,-6.117088294116E0,-4.447922339155E0));
#400=CARTESIAN_POINT('',(-2.E0,-6.459387047017E0,-4.428242129387E0));
#401=CARTESIAN_POINT('',(-2.E0,-6.63E0,-4.418427322023E0));
#403=DIRECTION('',(0.E0,-1.E0,0.E0));
#404=VECTOR('',#403,1.55E0);
#405=CARTESIAN_POINT('',(-2.E0,-5.08E0,-3.5E0));
#406=LINE('',#405,#404);
#407=DIRECTION('',(0.E0,-1.E0,0.E0));
#408=VECTOR('',#407,1.55E0);
#409=CARTESIAN_POINT('',(2.E0,-5.08E0,-3.5E0));
#410=LINE('',#409,#408);
#411=CARTESIAN_POINT('',(2.E0,-5.08E0,-4.507443799844E0));
#412=CARTESIAN_POINT('',(2.E0,-5.253831489729E0,-4.497477147045E0));
#413=CARTESIAN_POINT('',(2.E0,-5.600421625019E0,-4.477594477814E0));
#414=CARTESIAN_POINT('',(2.E0,-6.117088294116E0,-4.447922339155E0));
#415=CARTESIAN_POINT('',(2.E0,-6.459387047017E0,-4.428242129387E0));
#416=CARTESIAN_POINT('',(2.E0,-6.63E0,-4.418427322023E0));
#418=CARTESIAN_POINT('',(0.E0,-6.63E0,0.E0));
#419=DIRECTION('',(0.E0,-1.E0,0.E0));
#420=DIRECTION('',(-4.123711340206E-1,0.E0,-9.110159426852E-1));
#421=AXIS2_PLACEMENT_3D('',#418,#419,#420);
#423=DIRECTION('',(0.E0,0.E0,-1.E0));
#424=VECTOR('',#423,9.184273220231E-1);
#425=CARTESIAN_POINT('',(-2.E0,-6.63E0,-3.5E0));
#426=LINE('',#425,#424);
#427=DIRECTION('',(-1.E0,0.E0,0.E0));
#428=VECTOR('',#427,4.E0);
#429=CARTESIAN_POINT('',(2.E0,-6.63E0,-3.5E0));
#430=LINE('',#429,#428);
#431=DIRECTION('',(0.E0,0.E0,1.E0));
#432=VECTOR('',#431,9.184273220231E-1);
#433=CARTESIAN_POINT('',(2.E0,-6.63E0,-4.418427322023E0));
#434=LINE('',#433,#432);
#435=CARTESIAN_POINT('',(-2.E0,-5.08E0,4.507443799844E0));
#436=CARTESIAN_POINT('',(-2.E0,-5.253831489729E0,4.497477147045E0));
#437=CARTESIAN_POINT('',(-2.E0,-5.600421625019E0,4.477594477814E0));
#438=CARTESIAN_POINT('',(-2.E0,-6.117088294116E0,4.447922339155E0));
#439=CARTESIAN_POINT('',(-2.E0,-6.459387047017E0,4.428242129387E0));
#440=CARTESIAN_POINT('',(-2.E0,-6.63E0,4.418427322023E0));
#442=CARTESIAN_POINT('',(2.E0,-5.08E0,4.507443799844E0));
#443=CARTESIAN_POINT('',(2.E0,-5.253831489729E0,4.497477147045E0));
#444=CARTESIAN_POINT('',(2.E0,-5.600421625019E0,4.477594477814E0));
#445=CARTESIAN_POINT('',(2.E0,-6.117088294116E0,4.447922339155E0));
#446=CARTESIAN_POINT('',(2.E0,-6.459387047017E0,4.428242129387E0));
#447=CARTESIAN_POINT('',(2.E0,-6.63E0,4.418427322023E0));
#449=DIRECTION('',(0.E0,-1.E0,0.E0));
#450=VECTOR('',#449,1.55E0);
#451=CARTESIAN_POINT('',(2.E0,-5.08E0,3.5E0));
#452=LINE('',#451,#450);
#453=DIRECTION('',(0.E0,-1.E0,0.E0));
#454=VECTOR('',#453,1.55E0);
#455=CARTESIAN_POINT('',(-2.E0,-5.08E0,3.5E0));
#456=LINE('',#455,#454);
#457=CARTESIAN_POINT('',(0.E0,-6.63E0,0.E0));
#458=DIRECTION('',(0.E0,1.E0,0.E0));
#459=DIRECTION('',(-4.123711340206E-1,0.E0,9.110159426852E-1));
#460=AXIS2_PLACEMENT_3D('',#457,#458,#459);
#462=DIRECTION('',(0.E0,0.E0,-1.E0));
#463=VECTOR('',#462,9.184273220231E-1);
#464=CARTESIAN_POINT('',(2.E0,-6.63E0,4.418427322023E0));
#465=LINE('',#464,#463);
#466=DIRECTION('',(-1.E0,0.E0,0.E0));
#467=VECTOR('',#466,4.E0);
#468=CARTESIAN_POINT('',(2.E0,-6.63E0,3.5E0));
#469=LINE('',#468,#467);
#470=DIRECTION('',(0.E0,0.E0,1.E0));
#471=VECTOR('',#470,9.184273220231E-1);
#472=CARTESIAN_POINT('',(-2.E0,-6.63E0,3.5E0));
#473=LINE('',#472,#471);
#474=DIRECTION('',(5.233595624294E-2,-9.986295347546E-1,0.E0));
#475=VECTOR('',#474,1.552127136297E0);
#476=CARTESIAN_POINT('',(3.118767942111E0,-5.08E0,0.E0));
#477=LINE('',#476,#475);
#478=DIRECTION('',(-5.233595624294E-2,-9.986295347546E-1,0.E0));
#479=VECTOR('',#478,1.552127136297E0);
#480=CARTESIAN_POINT('',(4.481232057889E0,-5.08E0,0.E0));
#481=LINE('',#480,#479);
#482=CARTESIAN_POINT('',(3.8E0,-6.63E0,0.E0));
#483=DIRECTION('',(0.E0,-1.E0,0.E0));
#484=DIRECTION('',(-1.E0,0.E0,0.E0));
#485=AXIS2_PLACEMENT_3D('',#482,#483,#484);
#487=CARTESIAN_POINT('',(3.8E0,-6.63E0,0.E0));
#488=DIRECTION('',(0.E0,-1.E0,0.E0));
#489=DIRECTION('',(1.E0,0.E0,0.E0));
#490=AXIS2_PLACEMENT_3D('',#487,#488,#489);
#492=DIRECTION('',(5.233595624294E-2,-9.986295347546E-1,0.E0));
#493=VECTOR('',#492,1.552127136297E0);
#494=CARTESIAN_POINT('',(-4.481232057889E0,-5.08E0,0.E0));
#495=LINE('',#494,#493);
#496=DIRECTION('',(-5.233595624294E-2,-9.986295347546E-1,0.E0));
#497=VECTOR('',#496,1.552127136297E0);
#498=CARTESIAN_POINT('',(-3.118767942111E0,-5.08E0,0.E0));
#499=LINE('',#498,#497);
#500=CARTESIAN_POINT('',(-3.8E0,-6.63E0,0.E0));
#501=DIRECTION('',(0.E0,-1.E0,0.E0));
#502=DIRECTION('',(-1.E0,0.E0,0.E0));
#503=AXIS2_PLACEMENT_3D('',#500,#501,#502);
#505=CARTESIAN_POINT('',(-3.8E0,-6.63E0,0.E0));
#506=DIRECTION('',(0.E0,-1.E0,0.E0));
#507=DIRECTION('',(1.E0,0.E0,0.E0));
#508=AXIS2_PLACEMENT_3D('',#505,#506,#507);
#510=DIRECTION('',(0.E0,1.E0,0.E0));
#511=VECTOR('',#510,4.97E0);
#512=CARTESIAN_POINT('',(-2.1E0,-1.005E1,2.5E0));
#513=LINE('',#512,#511);
#514=DIRECTION('',(0.E0,1.E0,0.E0));
#515=VECTOR('',#514,4.97E0);
#516=CARTESIAN_POINT('',(-2.9E0,-1.005E1,2.5E0));
#517=LINE('',#516,#515);
#518=CARTESIAN_POINT('',(-2.5E0,-1.005E1,2.5E0));
#519=DIRECTION('',(0.E0,1.E0,0.E0));
#520=DIRECTION('',(1.E0,0.E0,0.E0));
#521=AXIS2_PLACEMENT_3D('',#518,#519,#520);
#523=CARTESIAN_POINT('',(-2.5E0,-1.005E1,2.5E0));
#524=DIRECTION('',(0.E0,1.E0,0.E0));
#525=DIRECTION('',(-1.E0,0.E0,0.E0));
#526=AXIS2_PLACEMENT_3D('',#523,#524,#525);
#528=DIRECTION('',(0.E0,-1.E0,0.E0));
#529=VECTOR('',#528,4.97E0);
#530=CARTESIAN_POINT('',(2.1E0,-5.08E0,2.5E0));
#531=LINE('',#530,#529);
#532=DIRECTION('',(0.E0,-1.E0,0.E0));
#533=VECTOR('',#532,4.97E0);
#534=CARTESIAN_POINT('',(2.9E0,-5.08E0,2.5E0));
#535=LINE('',#534,#533);
#536=CARTESIAN_POINT('',(2.5E0,-1.005E1,2.5E0));
#537=DIRECTION('',(0.E0,-1.E0,0.E0));
#538=DIRECTION('',(-1.E0,0.E0,0.E0));
#539=AXIS2_PLACEMENT_3D('',#536,#537,#538);
#541=CARTESIAN_POINT('',(2.5E0,-1.005E1,2.5E0));
#542=DIRECTION('',(0.E0,-1.E0,0.E0));
#543=DIRECTION('',(1.E0,0.E0,0.E0));
#544=AXIS2_PLACEMENT_3D('',#541,#542,#543);
#546=DIRECTION('',(0.E0,1.E0,0.E0));
#547=VECTOR('',#546,4.97E0);
#548=CARTESIAN_POINT('',(-2.1E0,-1.005E1,-2.5E0));
#549=LINE('',#548,#547);
#550=DIRECTION('',(0.E0,1.E0,0.E0));
#551=VECTOR('',#550,4.97E0);
#552=CARTESIAN_POINT('',(-2.9E0,-1.005E1,-2.5E0));
#553=LINE('',#552,#551);
#554=CARTESIAN_POINT('',(-2.5E0,-1.005E1,-2.5E0));
#555=DIRECTION('',(0.E0,1.E0,0.E0));
#556=DIRECTION('',(1.E0,0.E0,0.E0));
#557=AXIS2_PLACEMENT_3D('',#554,#555,#556);
#559=CARTESIAN_POINT('',(-2.5E0,-1.005E1,-2.5E0));
#560=DIRECTION('',(0.E0,1.E0,0.E0));
#561=DIRECTION('',(-1.E0,0.E0,0.E0));
#562=AXIS2_PLACEMENT_3D('',#559,#560,#561);
#564=DIRECTION('',(0.E0,-1.E0,0.E0));
#565=VECTOR('',#564,4.97E0);
#566=CARTESIAN_POINT('',(2.1E0,-5.08E0,-2.5E0));
#567=LINE('',#566,#565);
#568=DIRECTION('',(0.E0,-1.E0,0.E0));
#569=VECTOR('',#568,4.97E0);
#570=CARTESIAN_POINT('',(2.9E0,-5.08E0,-2.5E0));
#571=LINE('',#570,#569);
#572=CARTESIAN_POINT('',(2.5E0,-1.005E1,-2.5E0));
#573=DIRECTION('',(0.E0,-1.E0,0.E0));
#574=DIRECTION('',(-1.E0,0.E0,0.E0));
#575=AXIS2_PLACEMENT_3D('',#572,#573,#574);
#577=CARTESIAN_POINT('',(2.5E0,-1.005E1,-2.5E0));
#578=DIRECTION('',(0.E0,-1.E0,0.E0));
#579=DIRECTION('',(1.E0,0.E0,0.E0));
#580=AXIS2_PLACEMENT_3D('',#577,#578,#579);
#582=DIRECTION('',(0.E0,0.E0,1.E0));
#583=VECTOR('',#582,4.807978869202E-1);
#584=CARTESIAN_POINT('',(-4.45E0,-2.58E0,-2.387467277263E0));
#585=LINE('',#584,#583);
#586=CARTESIAN_POINT('',(0.E0,-2.58E0,0.E0));
#587=DIRECTION('',(0.E0,1.E0,0.E0));
#588=DIRECTION('',(-6.336633663366E-1,0.E0,-7.736089051730E-1));
#589=AXIS2_PLACEMENT_3D('',#586,#587,#588);
#591=DIRECTION('',(0.E0,1.E0,0.E0));
#592=VECTOR('',#591,2.2E0);
#593=CARTESIAN_POINT('',(-4.45E0,-4.78E0,-2.387467277263E0));
#594=LINE('',#593,#592);
#595=DIRECTION('',(0.E0,0.E0,1.E0));
#596=VECTOR('',#595,1.168706045056E0);
#597=CARTESIAN_POINT('',(-3.2E0,-2.58E0,-5.075431016180E0));
#598=LINE('',#597,#596);
#599=CARTESIAN_POINT('',(-3.2E0,-2.58E0,-5.075431016180E0));
#600=CARTESIAN_POINT('',(-3.221947949590E0,-2.58E0,-5.061593090206E0));
#601=CARTESIAN_POINT('',(-3.265238070348E0,-2.584765008267E0,
-5.033900758125E0));
#602=CARTESIAN_POINT('',(-3.327134822936E0,-2.605723764614E0,
-4.993178897391E0));
#603=CARTESIAN_POINT('',(-3.381519837156E0,-2.638471474430E0,
-4.956462828018E0));
#604=CARTESIAN_POINT('',(-3.426106670574E0,-2.679881219427E0,
-4.925702873585E0));
#605=CARTESIAN_POINT('',(-3.459997133167E0,-2.726831825918E0,
-4.901919825094E0));
#606=CARTESIAN_POINT('',(-3.483387067886E0,-2.776764898980E0,
-4.885302118169E0));
#607=CARTESIAN_POINT('',(-3.497023318979E0,-2.828065383486E0,
-4.875537060680E0));
#608=CARTESIAN_POINT('',(-3.5E0,-2.862819826879E0,-4.873397172404E0));
#609=CARTESIAN_POINT('',(-3.5E0,-2.88E0,-4.873397172404E0));
#611=DIRECTION('',(0.E0,0.E0,1.E0));
#612=VECTOR('',#611,1.232998842551E0);
#613=CARTESIAN_POINT('',(-3.5E0,-2.88E0,-4.873397172404E0));
#614=LINE('',#613,#612);
#615=CARTESIAN_POINT('',(-3.5E0,-2.88E0,-3.640398329853E0));
#616=CARTESIAN_POINT('',(-3.5E0,-2.864086024817E0,-3.640398329853E0));
#617=CARTESIAN_POINT('',(-3.497438855735E0,-2.831681329330E0,
-3.642863318373E0));
#618=CARTESIAN_POINT('',(-3.485489628377E0,-2.783233468494E0,
-3.654315667145E0));
#619=CARTESIAN_POINT('',(-3.464391773946E0,-2.734779461240E0,
-3.674358266324E0));
#620=CARTESIAN_POINT('',(-3.432781401394E0,-2.687743977941E0,
-3.703965950627E0));
#621=CARTESIAN_POINT('',(-3.389461435113E0,-2.644534366532E0,
-3.743730508275E0));
#622=CARTESIAN_POINT('',(-3.334109563117E0,-2.608783242025E0,
-3.793207554380E0));
#623=CARTESIAN_POINT('',(-3.268882274375E0,-2.585302748324E0,
-3.849613618915E0));
#624=CARTESIAN_POINT('',(-3.223277212696E0,-2.58E0,-3.887658596813E0));
#625=CARTESIAN_POINT('',(-3.2E0,-2.58E0,-3.906724971124E0));
#627=DIRECTION('',(0.E0,-1.E0,0.E0));
#628=VECTOR('',#627,5.95E0);
#629=CARTESIAN_POINT('',(-5.4E0,6.7E-1,-2.615339366124E0));
#630=LINE('',#629,#628);
#631=DIRECTION('',(0.E0,1.E0,0.E0));
#632=VECTOR('',#631,5.95E0);
#633=CARTESIAN_POINT('',(-5.4E0,-5.28E0,2.615339366124E0));
#634=LINE('',#633,#632);
#635=DIRECTION('',(0.E0,0.E0,-1.E0));
#636=VECTOR('',#635,1.648829963146E0);
#637=CARTESIAN_POINT('',(-1.55E0,6.7E-1,-4.147505085831E0));
#638=LINE('',#637,#636);
#639=CARTESIAN_POINT('',(-1.55E0,6.7E-1,-5.796335048977E0));
#640=CARTESIAN_POINT('',(-1.520339416016E0,6.7E-1,-5.804266596202E0));
#641=CARTESIAN_POINT('',(-1.461260038824E0,6.647066876738E-1,
-5.819572098644E0));
#642=CARTESIAN_POINT('',(-1.376048377990E0,6.415123296207E-1,
-5.840282518583E0));
#643=CARTESIAN_POINT('',(-1.296446936506E0,6.039108305591E-1,
-5.858433095154E0));
#644=CARTESIAN_POINT('',(-1.224937938140E0,5.532395421294E-1,
-5.873760986410E0));
#645=CARTESIAN_POINT('',(-1.163601808326E0,4.912800105113E-1,
-5.886178698707E0));
#646=CARTESIAN_POINT('',(-1.113889673396E0,4.196692265933E-1,
-5.895751753918E0));
#647=CARTESIAN_POINT('',(-1.077346623965E0,3.406217809293E-1,
-5.902509075565E0));
#648=CARTESIAN_POINT('',(-1.055029174594E0,2.566857706598E-1,
-5.906519971846E0));
#649=CARTESIAN_POINT('',(-1.05E0,1.988988774182E-1,-5.907410600255E0));
#650=CARTESIAN_POINT('',(-1.05E0,1.7E-1,-5.907410600255E0));
#652=DIRECTION('',(0.E0,-4.445968145532E-14,-1.E0));
#653=VECTOR('',#652,1.085009807559E0);
#654=CARTESIAN_POINT('',(-1.05E0,1.7E-1,-4.822400792696E0));
#655=LINE('',#654,#653);
#656=CARTESIAN_POINT('',(-1.057596123494E0,2.568240888335E-1,
-4.805065898756E0));
#657=CARTESIAN_POINT('',(-1.055911776571E0,2.472716827535E-1,
-4.807161286683E0));
#658=CARTESIAN_POINT('',(-1.053099699128E0,2.280720993118E-1,
-4.811243969524E0));
#659=CARTESIAN_POINT('',(-1.050563852758E0,1.990806918873E-1,
-4.817030138038E0));
#660=CARTESIAN_POINT('',(-1.05E0,1.796931738497E-1,-4.820651579582E0));
#661=CARTESIAN_POINT('',(-1.05E0,1.7E-1,-4.822400792696E0));
#663=CARTESIAN_POINT('',(0.E0,6.7E-1,0.E0));
#664=DIRECTION('',(0.E0,1.E0,0.E0));
#665=DIRECTION('',(2.583333333333E-1,0.E0,9.660558414962E-1));
#666=AXIS2_PLACEMENT_3D('',#663,#664,#665);
#668=CARTESIAN_POINT('',(0.E0,6.7E-1,0.E0));
#669=DIRECTION('',(0.E0,1.E0,0.E0));
#670=DIRECTION('',(-9.E-1,0.E0,4.358898943541E-1));
#671=AXIS2_PLACEMENT_3D('',#668,#669,#670);
#673=DIRECTION('',(0.E0,0.E0,1.E0));
#674=VECTOR('',#673,5.230678732249E0);
#675=CARTESIAN_POINT('',(-5.4E0,6.7E-1,-2.615339366124E0));
#676=LINE('',#675,#674);
#677=CARTESIAN_POINT('',(0.E0,6.7E-1,0.E0));
#678=DIRECTION('',(0.E0,1.E0,0.E0));
#679=DIRECTION('',(-2.583333333333E-1,0.E0,-9.660558414962E-1));
#680=AXIS2_PLACEMENT_3D('',#677,#678,#679);
#682=DIRECTION('',(0.E0,0.E0,1.E0));
#683=VECTOR('',#682,5.700304609687E0);
#684=CARTESIAN_POINT('',(-3.85E0,6.7E-1,-2.850152304844E0));
#685=LINE('',#684,#683);
#686=DIRECTION('',(1.E0,0.E0,0.E0));
#687=VECTOR('',#686,5.700304609687E0);
#688=CARTESIAN_POINT('',(-2.850152304844E0,6.7E-1,3.85E0));
#689=LINE('',#688,#687);
#690=DIRECTION('',(0.E0,0.E0,-1.E0));
#691=VECTOR('',#690,5.700304609687E0);
#692=CARTESIAN_POINT('',(3.85E0,6.7E-1,2.850152304844E0));
#693=LINE('',#692,#691);
#694=DIRECTION('',(-1.E0,0.E0,0.E0));
#695=VECTOR('',#694,5.700304609687E0);
#696=CARTESIAN_POINT('',(2.850152304844E0,6.7E-1,-3.85E0));
#697=LINE('',#696,#695);
#698=CARTESIAN_POINT('',(0.E0,6.7E-1,0.E0));
#699=DIRECTION('',(0.E0,1.E0,0.E0));
#700=DIRECTION('',(3.500709278009E-1,0.E0,-9.367231957780E-1));
#701=AXIS2_PLACEMENT_3D('',#698,#699,#700);
#703=CARTESIAN_POINT('',(-1.057596123494E0,2.568240888335E-1,
-4.805065898756E0));
#704=CARTESIAN_POINT('',(-1.061585159648E0,2.794470370521E-1,
-4.800103394843E0));
#705=CARTESIAN_POINT('',(-1.072967033512E0,3.256625395357E-1,
-4.785932197476E0));
#706=CARTESIAN_POINT('',(-1.101482613762E0,3.954599992583E-1,
-4.750220865229E0));
#707=CARTESIAN_POINT('',(-1.142677926028E0,4.638085824026E-1,
-4.698158219552E0));
#708=CARTESIAN_POINT('',(-1.197198057397E0,5.277557200709E-1,
-4.628360435750E0));
#709=CARTESIAN_POINT('',(-1.264968504488E0,5.841004411608E-1,
-4.540113404940E0));
#710=CARTESIAN_POINT('',(-1.346094574040E0,6.298588006506E-1,
-4.432173181324E0));
#711=CARTESIAN_POINT('',(-1.440251959238E0,6.614468403203E-1,
-4.303535774037E0));
#712=CARTESIAN_POINT('',(-1.512259850331E0,6.7E-1,-4.201898826809E0));
#713=CARTESIAN_POINT('',(-1.55E0,6.7E-1,-4.147505085831E0));
#715=CARTESIAN_POINT('',(1.057596123494E0,2.568240888335E-1,-4.805065898756E0));
#716=CARTESIAN_POINT('',(1.061585159648E0,2.794470370521E-1,-4.800103394843E0));
#717=CARTESIAN_POINT('',(1.072967033512E0,3.256625395357E-1,-4.785932197476E0));
#718=CARTESIAN_POINT('',(1.101482613762E0,3.954599992583E-1,-4.750220865229E0));
#719=CARTESIAN_POINT('',(1.142677926028E0,4.638085824026E-1,-4.698158219552E0));
#720=CARTESIAN_POINT('',(1.197198057397E0,5.277557200709E-1,-4.628360435750E0));
#721=CARTESIAN_POINT('',(1.264968504488E0,5.841004411608E-1,-4.540113404940E0));
#722=CARTESIAN_POINT('',(1.346094574040E0,6.298588006506E-1,-4.432173181324E0));
#723=CARTESIAN_POINT('',(1.440251959238E0,6.614468403203E-1,-4.303535774037E0));
#724=CARTESIAN_POINT('',(1.512259850331E0,6.7E-1,-4.201898826809E0));
#725=CARTESIAN_POINT('',(1.55E0,6.7E-1,-4.147505085831E0));
#727=CARTESIAN_POINT('',(0.E0,2.568240888335E-1,0.E0));
#728=DIRECTION('',(0.E0,1.E0,0.E0));
#729=DIRECTION('',(2.149551524139E-1,0.E0,-9.766239206832E-1));
#730=AXIS2_PLACEMENT_3D('',#727,#728,#729);
#732=CARTESIAN_POINT('',(0.E0,-4.8E-1,0.E0));
#733=DIRECTION('',(0.E0,-1.E0,0.E0));
#734=DIRECTION('',(-2.079207920792E-1,0.E0,-9.781456661567E-1));
#735=AXIS2_PLACEMENT_3D('',#732,#733,#734);
#737=DIRECTION('',(0.E0,1.E0,0.E0));
#738=VECTOR('',#737,1.7E0);
#739=CARTESIAN_POINT('',(1.05E0,-4.28E0,-4.939635614091E0));
#740=LINE('',#739,#738);
#741=DIRECTION('',(0.E0,1.E0,0.E0));
#742=VECTOR('',#741,4.45E0);
#743=CARTESIAN_POINT('',(1.05E0,-4.28E0,-5.907410600255E0));
#744=LINE('',#743,#742);
#745=CARTESIAN_POINT('',(1.05E0,1.7E-1,-4.822400792696E0));
#746=CARTESIAN_POINT('',(1.05E0,9.840892591641E-2,-4.835319992077E0));
#747=CARTESIAN_POINT('',(1.05E0,-4.519399297734E-2,-4.861229622753E0));
#748=CARTESIAN_POINT('',(1.05E0,-2.618606680433E-1,-4.900307852798E0));
#749=CARTESIAN_POINT('',(1.05E0,-4.071466377621E-1,-4.926502587138E0));
#750=CARTESIAN_POINT('',(1.05E0,-4.8E-1,-4.939635614091E0));
#752=DIRECTION('',(0.E0,1.E0,0.E0));
#753=VECTOR('',#752,2.1E0);
#754=CARTESIAN_POINT('',(1.05E0,-2.58E0,-4.939635614091E0));
#755=LINE('',#754,#753);
#756=DIRECTION('',(0.E0,-1.E0,0.E0));
#757=VECTOR('',#756,2.1E0);
#758=CARTESIAN_POINT('',(-1.05E0,-4.8E-1,-4.939635614091E0));
#759=LINE('',#758,#757);
#760=CARTESIAN_POINT('',(0.E0,-2.58E0,0.E0));
#761=DIRECTION('',(0.E0,-1.E0,0.E0));
#762=DIRECTION('',(-2.079207920792E-1,0.E0,-9.781456661567E-1));
#763=AXIS2_PLACEMENT_3D('',#760,#761,#762);
#765=CARTESIAN_POINT('',(-1.05E0,-4.8E-1,-4.939635614091E0));
#766=CARTESIAN_POINT('',(-1.05E0,-4.071466377621E-1,-4.926502587138E0));
#767=CARTESIAN_POINT('',(-1.05E0,-2.618606680433E-1,-4.900307852798E0));
#768=CARTESIAN_POINT('',(-1.05E0,-4.519399297733E-2,-4.861229622753E0));
#769=CARTESIAN_POINT('',(-1.05E0,9.840892591650E-2,-4.835319992077E0));
#770=CARTESIAN_POINT('',(-1.05E0,1.7E-1,-4.822400792696E0));
#772=DIRECTION('',(0.E0,1.E0,0.E0));
#773=VECTOR('',#772,4.45E0);
#774=CARTESIAN_POINT('',(-1.05E0,-4.28E0,-5.907410600255E0));
#775=LINE('',#774,#773);
#776=DIRECTION('',(0.E0,1.E0,0.E0));
#777=VECTOR('',#776,1.7E0);
#778=CARTESIAN_POINT('',(-1.05E0,-4.28E0,-4.939635614091E0));
#779=LINE('',#778,#777);
#780=CARTESIAN_POINT('',(0.E0,-4.28E0,0.E0));
#781=DIRECTION('',(0.E0,1.E0,0.E0));
#782=DIRECTION('',(-1.305261922201E-1,0.E0,-9.914448613738E-1));
#783=AXIS2_PLACEMENT_3D('',#780,#781,#782);
#785=DIRECTION('',(0.E0,0.E0,1.E0));
#786=VECTOR('',#785,9.677749861632E-1);
#787=CARTESIAN_POINT('',(-1.05E0,-4.28E0,-5.907410600255E0));
#788=LINE('',#787,#786);
#789=CARTESIAN_POINT('',(0.E0,-4.28E0,0.E0));
#790=DIRECTION('',(0.E0,1.E0,0.E0));
#791=DIRECTION('',(1.75E-1,0.E0,-9.845684333758E-1));
#792=AXIS2_PLACEMENT_3D('',#789,#790,#791);
#794=DIRECTION('',(0.E0,0.E0,-1.E0));
#795=VECTOR('',#794,9.677749861632E-1);
#796=CARTESIAN_POINT('',(1.05E0,-4.28E0,-4.939635614091E0));
#797=LINE('',#796,#795);
#798=CARTESIAN_POINT('',(0.E0,-4.28E0,0.E0));
#799=DIRECTION('',(0.E0,1.E0,0.E0));
#800=DIRECTION('',(2.079207920792E-1,0.E0,-9.781456661567E-1));
#801=AXIS2_PLACEMENT_3D('',#798,#799,#800);
#803=DIRECTION('',(-1.305261922201E-1,-2.368475785867E-14,9.914448613738E-1));
#804=VECTOR('',#803,4.5E-1);
#805=CARTESIAN_POINT('',(7.178940572103E-1,-4.28E0,-5.452946737556E0));
#806=LINE('',#805,#804);
#807=DIRECTION('',(1.305261922201E-1,1.332267629550E-13,-9.914448613738E-1));
#808=VECTOR('',#807,6.E-2);
#809=CARTESIAN_POINT('',(6.513256991781E-1,-4.28E0,-4.947309858255E0));
#810=LINE('',#809,#808);
#811=DIRECTION('',(-1.137610723096E-2,9.961946980917E-1,8.641011328639E-2));
#812=VECTOR('',#811,7.026738862803E-1);
#813=CARTESIAN_POINT('',(6.513256991781E-1,-4.28E0,-4.947309858255E0));
#814=LINE('',#813,#812);
#815=DIRECTION('',(-9.821706375748E-2,6.586263505844E-1,7.460326659757E-1));
#816=VECTOR('',#815,7.591557786237E-1);
#817=CARTESIAN_POINT('',(7.178940572103E-1,-4.08E0,-5.452946737556E0));
#818=LINE('',#817,#816);
#819=DIRECTION('',(0.E0,1.E0,0.E0));
#820=VECTOR('',#819,2.E-1);
#821=CARTESIAN_POINT('',(7.178940572103E-1,-4.28E0,-5.452946737556E0));
#822=LINE('',#821,#820);
#823=CARTESIAN_POINT('',(0.E0,-4.28E0,0.E0));
#824=DIRECTION('',(0.E0,1.E0,0.E0));
#825=DIRECTION('',(1.305261922201E-1,0.E0,-9.914448613738E-1));
#826=AXIS2_PLACEMENT_3D('',#823,#824,#825);
#828=CARTESIAN_POINT('',(0.E0,-4.28E0,0.E0));
#829=DIRECTION('',(0.E0,1.E0,0.E0));
#830=DIRECTION('',(1.305261922201E-1,0.E0,-9.914448613738E-1));
#831=AXIS2_PLACEMENT_3D('',#828,#829,#830);
#833=CARTESIAN_POINT('',(0.E0,-2.58E0,0.E0));
#834=DIRECTION('',(0.E0,1.E0,0.E0));
#835=DIRECTION('',(5.049504950495E-1,0.E0,-8.631483056516E-1));
#836=AXIS2_PLACEMENT_3D('',#833,#834,#835);
#838=CARTESIAN_POINT('',(0.E0,-2.58E0,0.E0));
#839=DIRECTION('',(0.E0,1.E0,0.E0));
#840=DIRECTION('',(-2.079207920792E-1,0.E0,-9.781456661567E-1));
#841=AXIS2_PLACEMENT_3D('',#838,#839,#840);
#843=DIRECTION('',(0.E0,0.E0,1.E0));
#844=VECTOR('',#843,1.072261153529E0);
#845=CARTESIAN_POINT('',(2.55E0,-2.58E0,-5.431160097070E0));
#846=LINE('',#845,#844);
#847=CARTESIAN_POINT('',(2.55E0,-2.58E0,-5.431160097070E0));
#848=CARTESIAN_POINT('',(2.529102543765E0,-2.58E0,-5.440971723397E0));
#849=CARTESIAN_POINT('',(2.487771753162E0,-2.584361101030E0,-5.460080058539E0));
#850=CARTESIAN_POINT('',(2.429129025118E0,-2.603177704959E0,-5.486399801332E0));
#851=CARTESIAN_POINT('',(2.376410096468E0,-2.632896394285E0,-5.509412218429E0));
#852=CARTESIAN_POINT('',(2.331443983363E0,-2.671708552585E0,-5.528563254825E0));
#853=CARTESIAN_POINT('',(2.295481257359E0,-2.717719796615E0,-5.543567244264E0));
#854=CARTESIAN_POINT('',(2.269376513674E0,-2.768939823266E0,-5.554286190382E0));
#855=CARTESIAN_POINT('',(2.253541125713E0,-2.823578280526E0,-5.560718376691E0));
#856=CARTESIAN_POINT('',(2.25E0,-2.861226722276E0,-5.562148865322E0));
#857=CARTESIAN_POINT('',(2.25E0,-2.88E0,-5.562148865322E0));
#859=DIRECTION('',(0.E0,0.E0,1.E0));
#860=VECTOR('',#859,1.041087043139E0);
#861=CARTESIAN_POINT('',(2.25E0,-2.88E0,-5.562148865322E0));
#862=LINE('',#861,#860);
#863=CARTESIAN_POINT('',(2.25E0,-2.88E0,-4.521061822183E0));
#864=CARTESIAN_POINT('',(2.25E0,-2.861615491677E0,-4.521061822183E0));
#865=CARTESIAN_POINT('',(2.253398229847E0,-2.824696985737E0,-4.519373013186E0));
#866=CARTESIAN_POINT('',(2.268648647879E0,-2.770955563914E0,-4.511751105013E0));
#867=CARTESIAN_POINT('',(2.293964753075E0,-2.720194632536E0,-4.498955962828E0));
#868=CARTESIAN_POINT('',(2.329184218100E0,-2.674125707873E0,-4.480856121492E0));
#869=CARTESIAN_POINT('',(2.373723988151E0,-2.634781460077E0,-4.457460329321E0));
#870=CARTESIAN_POINT('',(2.426634347186E0,-2.604216408742E0,-4.428919905713E0));
#871=CARTESIAN_POINT('',(2.486180035239E0,-2.584609677391E0,-4.395804034874E0));
#872=CARTESIAN_POINT('',(2.528497510935E0,-2.58E0,-4.371478117279E0));
#873=CARTESIAN_POINT('',(2.55E0,-2.58E0,-4.358898943541E0));
#875=DIRECTION('',(0.E0,1.E0,0.E0));
#876=VECTOR('',#875,1.709838732264E0);
#877=CARTESIAN_POINT('',(2.25E0,-4.589838732264E0,-4.521061822183E0));
#878=LINE('',#877,#876);
#879=DIRECTION('',(0.E0,1.E0,0.E0));
#880=VECTOR('',#879,2.4E0);
#881=CARTESIAN_POINT('',(2.25E0,-5.28E0,-5.562148865322E0));
#882=LINE('',#881,#880);
#883=CARTESIAN_POINT('',(0.E0,-5.023960303327E0,0.E0));
#884=DIRECTION('',(0.E0,1.E0,0.E0));
#885=DIRECTION('',(4.243737232919E-1,0.E0,-9.054871302119E-1));
#886=AXIS2_PLACEMENT_3D('',#883,#884,#885);
#888=CARTESIAN_POINT('',(-2.25E0,-5.023960303327E0,-4.800829860936E0));
#889=CARTESIAN_POINT('',(-2.25E0,-5.008345100180E0,-4.770650960989E0));
#890=CARTESIAN_POINT('',(-2.25E0,-4.972951570645E0,-4.715129303387E0));
#891=CARTESIAN_POINT('',(-2.25E0,-4.907916541076E0,-4.644469672786E0));
#892=CARTESIAN_POINT('',(-2.25E0,-4.834681991072E0,-4.589289416334E0));
#893=CARTESIAN_POINT('',(-2.25E0,-4.755821853841E0,-4.549836012973E0));
#894=CARTESIAN_POINT('',(-2.25E0,-4.673500266391E0,-4.526280073391E0));
#895=CARTESIAN_POINT('',(-2.25E0,-4.617930624270E0,-4.521061822183E0));
#896=CARTESIAN_POINT('',(-2.25E0,-4.589838732264E0,-4.521061822183E0));
#898=CARTESIAN_POINT('',(0.E0,-4.589838732264E0,0.E0));
#899=DIRECTION('',(0.E0,1.E0,0.E0));
#900=DIRECTION('',(4.455445544554E-1,0.E0,-8.952597667689E-1));
#901=AXIS2_PLACEMENT_3D('',#898,#899,#900);
#903=CARTESIAN_POINT('',(2.25E0,-4.589838732264E0,-4.521061822183E0));
#904=CARTESIAN_POINT('',(2.25E0,-4.617930633945E0,-4.521061822183E0));
#905=CARTESIAN_POINT('',(2.25E0,-4.673500312416E0,-4.526280074809E0));
#906=CARTESIAN_POINT('',(2.25E0,-4.755822054837E0,-4.549836079229E0));
#907=CARTESIAN_POINT('',(2.25E0,-4.834682299192E0,-4.589289602752E0));
#908=CARTESIAN_POINT('',(2.25E0,-4.907916759486E0,-4.644469888802E0));
#909=CARTESIAN_POINT('',(2.25E0,-4.972951584382E0,-4.715129340189E0));
#910=CARTESIAN_POINT('',(2.25E0,-5.008345103222E0,-4.770650966868E0));
#911=CARTESIAN_POINT('',(2.25E0,-5.023960303327E0,-4.800829860936E0));
#913=CARTESIAN_POINT('',(2.25E0,-5.023960303327E0,-4.800829860936E0));
#914=CARTESIAN_POINT('',(2.25E0,-5.050852169183E0,-4.852802731316E0));
#915=CARTESIAN_POINT('',(2.25E0,-5.105672084510E0,-4.958446966027E0));
#916=CARTESIAN_POINT('',(2.25E0,-5.191016685002E0,-5.122006181865E0));
#917=CARTESIAN_POINT('',(2.25E0,-5.249992038214E0,-5.234438469083E0));
#918=CARTESIAN_POINT('',(2.25E0,-5.28E0,-5.291502622129E0));
#920=CARTESIAN_POINT('',(0.E0,-5.28E0,0.E0));
#921=DIRECTION('',(0.E0,1.E0,0.E0));
#922=DIRECTION('',(3.913043478261E-1,0.E0,-9.202613255877E-1));
#923=AXIS2_PLACEMENT_3D('',#920,#921,#922);
#925=CARTESIAN_POINT('',(-2.25E0,-5.023960303327E0,-4.800829860936E0));
#926=CARTESIAN_POINT('',(-2.25E0,-5.050852169183E0,-4.852802731316E0));
#927=CARTESIAN_POINT('',(-2.25E0,-5.105672084510E0,-4.958446966027E0));
#928=CARTESIAN_POINT('',(-2.25E0,-5.191016685002E0,-5.122006181865E0));
#929=CARTESIAN_POINT('',(-2.25E0,-5.249992038214E0,-5.234438469083E0));
#930=CARTESIAN_POINT('',(-2.25E0,-5.28E0,-5.291502622129E0));
#932=DIRECTION('',(0.E0,0.E0,-1.E0));
#933=VECTOR('',#932,2.706462431926E-1);
#934=CARTESIAN_POINT('',(2.25E0,-5.28E0,-5.291502622129E0));
#935=LINE('',#934,#933);
#936=CARTESIAN_POINT('',(0.E0,-5.28E0,0.E0));
#937=DIRECTION('',(0.E0,1.E0,0.E0));
#938=DIRECTION('',(3.75E-1,0.E0,-9.270248108870E-1));
#939=AXIS2_PLACEMENT_3D('',#936,#937,#938);
#941=DIRECTION('',(0.E0,0.E0,1.E0));
#942=VECTOR('',#941,2.706462431926E-1);
#943=CARTESIAN_POINT('',(-2.25E0,-5.28E0,-5.562148865322E0));
#944=LINE('',#943,#942);
#945=DIRECTION('',(0.E0,1.E0,0.E0));
#946=VECTOR('',#945,2.4E0);
#947=CARTESIAN_POINT('',(-2.25E0,-5.28E0,-5.562148865322E0));
#948=LINE('',#947,#946);
#949=DIRECTION('',(0.E0,1.E0,0.E0));
#950=VECTOR('',#949,1.709838732264E0);
#951=CARTESIAN_POINT('',(-2.25E0,-4.589838732264E0,-4.521061822183E0));
#952=LINE('',#951,#950);
#953=DIRECTION('',(0.E0,0.E0,-1.E0));
#954=VECTOR('',#953,1.072261153529E0);
#955=CARTESIAN_POINT('',(-2.55E0,-2.58E0,-4.358898943541E0));
#956=LINE('',#955,#954);
#957=CARTESIAN_POINT('',(-2.55E0,-2.58E0,-4.358898943541E0));
#958=CARTESIAN_POINT('',(-2.528497510935E0,-2.58E0,-4.371478117279E0));
#959=CARTESIAN_POINT('',(-2.486180035239E0,-2.584609677391E0,
-4.395804034874E0));
#960=CARTESIAN_POINT('',(-2.426634347186E0,-2.604216408742E0,
-4.428919905713E0));
#961=CARTESIAN_POINT('',(-2.373723988151E0,-2.634781460077E0,
-4.457460329321E0));
#962=CARTESIAN_POINT('',(-2.329184218100E0,-2.674125707873E0,
-4.480856121492E0));
#963=CARTESIAN_POINT('',(-2.293964753075E0,-2.720194632536E0,
-4.498955962828E0));
#964=CARTESIAN_POINT('',(-2.268648647879E0,-2.770955563914E0,
-4.511751105013E0));
#965=CARTESIAN_POINT('',(-2.253398229847E0,-2.824696985737E0,
-4.519373013186E0));
#966=CARTESIAN_POINT('',(-2.25E0,-2.861615491677E0,-4.521061822183E0));
#967=CARTESIAN_POINT('',(-2.25E0,-2.88E0,-4.521061822183E0));
#969=DIRECTION('',(0.E0,0.E0,-1.E0));
#970=VECTOR('',#969,1.041087043139E0);
#971=CARTESIAN_POINT('',(-2.25E0,-2.88E0,-4.521061822183E0));
#972=LINE('',#971,#970);
#973=CARTESIAN_POINT('',(-2.25E0,-2.88E0,-5.562148865322E0));
#974=CARTESIAN_POINT('',(-2.25E0,-2.861226722276E0,-5.562148865322E0));
#975=CARTESIAN_POINT('',(-2.253541125713E0,-2.823578280526E0,
-5.560718376691E0));
#976=CARTESIAN_POINT('',(-2.269376513674E0,-2.768939823266E0,
-5.554286190382E0));
#977=CARTESIAN_POINT('',(-2.295481257359E0,-2.717719796615E0,
-5.543567244264E0));
#978=CARTESIAN_POINT('',(-2.331443983363E0,-2.671708552585E0,
-5.528563254825E0));
#979=CARTESIAN_POINT('',(-2.376410096468E0,-2.632896394285E0,
-5.509412218429E0));
#980=CARTESIAN_POINT('',(-2.429129025118E0,-2.603177704959E0,
-5.486399801332E0));
#981=CARTESIAN_POINT('',(-2.487771753162E0,-2.584361101030E0,
-5.460080058539E0));
#982=CARTESIAN_POINT('',(-2.529102543765E0,-2.58E0,-5.440971723397E0));
#983=CARTESIAN_POINT('',(-2.55E0,-2.58E0,-5.431160097070E0));
#985=DIRECTION('',(1.305261922201E-1,-2.368475785867E-14,9.914448613738E-1));
#986=VECTOR('',#985,4.5E-1);
#987=CARTESIAN_POINT('',(-7.178940572103E-1,-4.28E0,-5.452946737556E0));
#988=LINE('',#987,#986);
#989=DIRECTION('',(0.E0,1.E0,0.E0));
#990=VECTOR('',#989,2.E-1);
#991=CARTESIAN_POINT('',(-7.178940572103E-1,-4.28E0,-5.452946737556E0));
#992=LINE('',#991,#990);
#993=DIRECTION('',(9.821706375748E-2,6.586263505844E-1,7.460326659757E-1));
#994=VECTOR('',#993,7.591557786237E-1);
#995=CARTESIAN_POINT('',(-7.178940572103E-1,-4.08E0,-5.452946737556E0));
#996=LINE('',#995,#994);
#997=DIRECTION('',(1.137610723096E-2,9.961946980917E-1,8.641011328638E-2));
#998=VECTOR('',#997,7.026738862803E-1);
#999=CARTESIAN_POINT('',(-6.513256991781E-1,-4.28E0,-4.947309858255E0));
#1000=LINE('',#999,#998);
#1001=DIRECTION('',(-1.305261922201E-1,1.332267629550E-13,-9.914448613738E-1));
#1002=VECTOR('',#1001,6.E-2);
#1003=CARTESIAN_POINT('',(-6.513256991781E-1,-4.28E0,-4.947309858255E0));
#1004=LINE('',#1003,#1002);
#1005=CARTESIAN_POINT('',(0.E0,-4.28E0,0.E0));
#1006=DIRECTION('',(0.E0,1.E0,0.E0));
#1007=DIRECTION('',(1.305261922201E-1,0.E0,-9.914448613738E-1));
#1008=AXIS2_PLACEMENT_3D('',#1005,#1006,#1007);
#1010=CARTESIAN_POINT('',(0.E0,-3.58E0,0.E0));
#1011=DIRECTION('',(0.E0,1.E0,0.E0));
#1012=DIRECTION('',(1.305261922201E-1,0.E0,-9.914448613738E-1));
#1013=AXIS2_PLACEMENT_3D('',#1010,#1011,#1012);
#1015=CARTESIAN_POINT('',(0.E0,-4.08E0,0.E0));
#1016=DIRECTION('',(0.E0,1.E0,0.E0));
#1017=DIRECTION('',(1.305261922201E-1,0.E0,-9.914448613738E-1));
#1018=AXIS2_PLACEMENT_3D('',#1015,#1016,#1017);
#1020=DIRECTION('',(0.E0,0.E0,1.E0));
#1021=VECTOR('',#1020,1.648829963146E0);
#1022=CARTESIAN_POINT('',(1.55E0,6.7E-1,-5.796335048977E0));
#1023=LINE('',#1022,#1021);
#1024=CARTESIAN_POINT('',(1.057596123494E0,2.568240888335E-1,
-4.805065898756E0));
#1025=CARTESIAN_POINT('',(1.055911776571E0,2.472716827535E-1,
-4.807161286683E0));
#1026=CARTESIAN_POINT('',(1.053099699128E0,2.280720993118E-1,
-4.811243969524E0));
#1027=CARTESIAN_POINT('',(1.050563852758E0,1.990806918874E-1,
-4.817030138038E0));
#1028=CARTESIAN_POINT('',(1.05E0,1.796931738496E-1,-4.820651579582E0));
#1029=CARTESIAN_POINT('',(1.05E0,1.7E-1,-4.822400792696E0));
#1031=DIRECTION('',(0.E0,-2.210193600541E-14,1.E0));
#1032=VECTOR('',#1031,1.085009807559E0);
#1033=CARTESIAN_POINT('',(1.05E0,1.7E-1,-5.907410600255E0));
#1034=LINE('',#1033,#1032);
#1035=CARTESIAN_POINT('',(1.05E0,1.7E-1,-5.907410600255E0));
#1036=CARTESIAN_POINT('',(1.05E0,1.988988774182E-1,-5.907410600255E0));
#1037=CARTESIAN_POINT('',(1.055029174594E0,2.566857706598E-1,
-5.906519971846E0));
#1038=CARTESIAN_POINT('',(1.077346623965E0,3.406217809293E-1,
-5.902509075565E0));
#1039=CARTESIAN_POINT('',(1.113889673396E0,4.196692265933E-1,
-5.895751753918E0));
#1040=CARTESIAN_POINT('',(1.163601808326E0,4.912800105113E-1,
-5.886178698707E0));
#1041=CARTESIAN_POINT('',(1.224937938140E0,5.532395421294E-1,
-5.873760986410E0));
#1042=CARTESIAN_POINT('',(1.296446936506E0,6.039108305591E-1,
-5.858433095154E0));
#1043=CARTESIAN_POINT('',(1.376048377990E0,6.415123296207E-1,
-5.840282518583E0));
#1044=CARTESIAN_POINT('',(1.461260038824E0,6.647066876738E-1,
-5.819572098644E0));
#1045=CARTESIAN_POINT('',(1.520339416016E0,6.7E-1,-5.804266596202E0));
#1046=CARTESIAN_POINT('',(1.55E0,6.7E-1,-5.796335048977E0));
#1048=DIRECTION('',(0.E0,0.E0,1.E0));
#1049=VECTOR('',#1048,1.648829963146E0);
#1050=CARTESIAN_POINT('',(1.55E0,6.7E-1,4.147505085831E0));
#1051=LINE('',#1050,#1049);
#1052=CARTESIAN_POINT('',(1.55E0,6.7E-1,5.796335048977E0));
#1053=CARTESIAN_POINT('',(1.520339416016E0,6.7E-1,5.804266596202E0));
#1054=CARTESIAN_POINT('',(1.461260038824E0,6.647066876738E-1,5.819572098644E0));
#1055=CARTESIAN_POINT('',(1.376048377990E0,6.415123296207E-1,5.840282518583E0));
#1056=CARTESIAN_POINT('',(1.296446936506E0,6.039108305591E-1,5.858433095154E0));
#1057=CARTESIAN_POINT('',(1.224937938140E0,5.532395421294E-1,5.873760986410E0));
#1058=CARTESIAN_POINT('',(1.163601808326E0,4.912800105113E-1,5.886178698707E0));
#1059=CARTESIAN_POINT('',(1.113889673396E0,4.196692265932E-1,5.895751753918E0));
#1060=CARTESIAN_POINT('',(1.077346623965E0,3.406217809293E-1,5.902509075565E0));
#1061=CARTESIAN_POINT('',(1.055029174594E0,2.566857706598E-1,5.906519971846E0));
#1062=CARTESIAN_POINT('',(1.05E0,1.988988774182E-1,5.907410600255E0));
#1063=CARTESIAN_POINT('',(1.05E0,1.7E-1,5.907410600255E0));
#1065=DIRECTION('',(0.E0,0.E0,1.E0));
#1066=VECTOR('',#1065,1.085009807559E0);
#1067=CARTESIAN_POINT('',(1.05E0,1.7E-1,4.822400792696E0));
#1068=LINE('',#1067,#1066);
#1069=CARTESIAN_POINT('',(1.057596123494E0,2.568240888335E-1,4.805065898756E0));
#1070=CARTESIAN_POINT('',(1.055911776571E0,2.472716827535E-1,4.807161286683E0));
#1071=CARTESIAN_POINT('',(1.053099699128E0,2.280720993118E-1,4.811243969524E0));
#1072=CARTESIAN_POINT('',(1.050563852758E0,1.990806918874E-1,4.817030138038E0));
#1073=CARTESIAN_POINT('',(1.05E0,1.796931738496E-1,4.820651579582E0));
#1074=CARTESIAN_POINT('',(1.05E0,1.7E-1,4.822400792696E0));
#1076=CARTESIAN_POINT('',(0.E0,2.568240888335E-1,0.E0));
#1077=DIRECTION('',(0.E0,1.E0,0.E0));
#1078=DIRECTION('',(-2.149551524139E-1,0.E0,9.766239206832E-1));
#1079=AXIS2_PLACEMENT_3D('',#1076,#1077,#1078);
#1081=DIRECTION('',(0.E0,1.E0,0.E0));
#1082=VECTOR('',#1081,1.7E0);
#1083=CARTESIAN_POINT('',(-1.05E0,-4.28E0,4.939635614091E0));
#1084=LINE('',#1083,#1082);
#1085=DIRECTION('',(0.E0,1.E0,0.E0));
#1086=VECTOR('',#1085,4.45E0);
#1087=CARTESIAN_POINT('',(-1.05E0,-4.28E0,5.907410600255E0));
#1088=LINE('',#1087,#1086);
#1089=CARTESIAN_POINT('',(-1.05E0,1.7E-1,4.822400792696E0));
#1090=CARTESIAN_POINT('',(-1.05E0,9.840892591646E-2,4.835319992077E0));
#1091=CARTESIAN_POINT('',(-1.05E0,-4.519399297734E-2,4.861229622753E0));
#1092=CARTESIAN_POINT('',(-1.05E0,-2.618606680433E-1,4.900307852798E0));
#1093=CARTESIAN_POINT('',(-1.05E0,-4.071466377621E-1,4.926502587138E0));
#1094=CARTESIAN_POINT('',(-1.05E0,-4.8E-1,4.939635614091E0));
#1096=DIRECTION('',(0.E0,0.E0,-1.E0));
#1097=VECTOR('',#1096,1.648829963146E0);
#1098=CARTESIAN_POINT('',(-1.55E0,6.7E-1,5.796335048977E0));
#1099=LINE('',#1098,#1097);
#1100=CARTESIAN_POINT('',(-1.057596123494E0,2.568240888335E-1,
4.805065898756E0));
#1101=CARTESIAN_POINT('',(-1.055911776571E0,2.472716827535E-1,
4.807161286683E0));
#1102=CARTESIAN_POINT('',(-1.053099699128E0,2.280720993118E-1,
4.811243969524E0));
#1103=CARTESIAN_POINT('',(-1.050563852758E0,1.990806918874E-1,
4.817030138038E0));
#1104=CARTESIAN_POINT('',(-1.05E0,1.796931738496E-1,4.820651579582E0));
#1105=CARTESIAN_POINT('',(-1.05E0,1.7E-1,4.822400792696E0));
#1107=DIRECTION('',(0.E0,1.609041405949E-14,-1.E0));
#1108=VECTOR('',#1107,1.085009807559E0);
#1109=CARTESIAN_POINT('',(-1.05E0,1.7E-1,5.907410600255E0));
#1110=LINE('',#1109,#1108);
#1111=CARTESIAN_POINT('',(-1.05E0,1.7E-1,5.907410600255E0));
#1112=CARTESIAN_POINT('',(-1.05E0,1.988988774182E-1,5.907410600255E0));
#1113=CARTESIAN_POINT('',(-1.055029174594E0,2.566857706598E-1,
5.906519971846E0));
#1114=CARTESIAN_POINT('',(-1.077346623965E0,3.406217809293E-1,
5.902509075565E0));
#1115=CARTESIAN_POINT('',(-1.113889673396E0,4.196692265933E-1,
5.895751753918E0));
#1116=CARTESIAN_POINT('',(-1.163601808326E0,4.912800105113E-1,
5.886178698707E0));
#1117=CARTESIAN_POINT('',(-1.224937938140E0,5.532395421294E-1,
5.873760986410E0));
#1118=CARTESIAN_POINT('',(-1.296446936506E0,6.039108305591E-1,
5.858433095154E0));
#1119=CARTESIAN_POINT('',(-1.376048377990E0,6.415123296207E-1,
5.840282518583E0));
#1120=CARTESIAN_POINT('',(-1.461260038824E0,6.647066876738E-1,
5.819572098644E0));
#1121=CARTESIAN_POINT('',(-1.520339416016E0,6.7E-1,5.804266596202E0));
#1122=CARTESIAN_POINT('',(-1.55E0,6.7E-1,5.796335048977E0));
#1124=CARTESIAN_POINT('',(-1.057596123494E0,2.568240888335E-1,
4.805065898756E0));
#1125=CARTESIAN_POINT('',(-1.061585159648E0,2.794470370521E-1,
4.800103394843E0));
#1126=CARTESIAN_POINT('',(-1.072967033512E0,3.256625395357E-1,
4.785932197476E0));
#1127=CARTESIAN_POINT('',(-1.101482613762E0,3.954599992583E-1,
4.750220865229E0));
#1128=CARTESIAN_POINT('',(-1.142677926028E0,4.638085824026E-1,
4.698158219552E0));
#1129=CARTESIAN_POINT('',(-1.197198057397E0,5.277557200709E-1,
4.628360435750E0));
#1130=CARTESIAN_POINT('',(-1.264968504488E0,5.841004411608E-1,
4.540113404940E0));
#1131=CARTESIAN_POINT('',(-1.346094574040E0,6.298588006506E-1,
4.432173181324E0));
#1132=CARTESIAN_POINT('',(-1.440251959238E0,6.614468403203E-1,
4.303535774037E0));
#1133=CARTESIAN_POINT('',(-1.512259850331E0,6.7E-1,4.201898826809E0));
#1134=CARTESIAN_POINT('',(-1.55E0,6.7E-1,4.147505085831E0));
#1136=CARTESIAN_POINT('',(0.E0,6.7E-1,0.E0));
#1137=DIRECTION('',(0.E0,-1.E0,0.E0));
#1138=DIRECTION('',(3.500709278009E-1,0.E0,9.367231957780E-1));
#1139=AXIS2_PLACEMENT_3D('',#1136,#1137,#1138);
#1141=CARTESIAN_POINT('',(1.057596123494E0,2.568240888335E-1,4.805065898756E0));
#1142=CARTESIAN_POINT('',(1.061585159648E0,2.794470370521E-1,4.800103394843E0));
#1143=CARTESIAN_POINT('',(1.072967033512E0,3.256625395357E-1,4.785932197476E0));
#1144=CARTESIAN_POINT('',(1.101482613762E0,3.954599992583E-1,4.750220865229E0));
#1145=CARTESIAN_POINT('',(1.142677926028E0,4.638085824026E-1,4.698158219552E0));
#1146=CARTESIAN_POINT('',(1.197198057397E0,5.277557200709E-1,4.628360435750E0));
#1147=CARTESIAN_POINT('',(1.264968504488E0,5.841004411608E-1,4.540113404940E0));
#1148=CARTESIAN_POINT('',(1.346094574040E0,6.298588006506E-1,4.432173181324E0));
#1149=CARTESIAN_POINT('',(1.440251959238E0,6.614468403203E-1,4.303535774037E0));
#1150=CARTESIAN_POINT('',(1.512259850331E0,6.7E-1,4.201898826809E0));
#1151=CARTESIAN_POINT('',(1.55E0,6.7E-1,4.147505085831E0));
#1153=DIRECTION('',(0.E0,0.E0,-1.E0));
#1154=VECTOR('',#1153,5.661358615481E-1);
#1155=CARTESIAN_POINT('',(-3.5E0,-5.28E0,4.873397172404E0));
#1156=LINE('',#1155,#1154);
#1157=DIRECTION('',(0.E0,0.E0,-1.E0));
#1158=VECTOR('',#1157,5.661358615481E-1);
#1159=CARTESIAN_POINT('',(-3.5E0,-5.28E0,-4.307261310856E0));
#1160=LINE('',#1159,#1158);
#1161=CARTESIAN_POINT('',(0.E0,-5.28E0,0.E0));
#1162=DIRECTION('',(0.E0,1.E0,0.E0));
#1163=DIRECTION('',(-5.833333333333E-1,0.E0,-8.122328620674E-1));
#1164=AXIS2_PLACEMENT_3D('',#1161,#1162,#1163);
#1166=DIRECTION('',(0.E0,0.E0,1.E0));
#1167=VECTOR('',#1166,5.230678732249E0);
#1168=CARTESIAN_POINT('',(-5.4E0,-5.28E0,-2.615339366124E0));
#1169=LINE('',#1168,#1167);
#1170=CARTESIAN_POINT('',(0.E0,-5.28E0,0.E0));
#1171=DIRECTION('',(0.E0,1.E0,0.E0));
#1172=DIRECTION('',(-9.E-1,0.E0,4.358898943541E-1));
#1173=AXIS2_PLACEMENT_3D('',#1170,#1171,#1172);
#1175=DIRECTION('',(0.E0,1.E0,0.E0));
#1176=VECTOR('',#1175,1.9E0);
#1177=CARTESIAN_POINT('',(-3.5E0,-4.78E0,3.640398329853E0));
#1178=LINE('',#1177,#1176);
#1179=DIRECTION('',(0.E0,1.E0,0.E0));
#1180=VECTOR('',#1179,2.4E0);
#1181=CARTESIAN_POINT('',(-3.5E0,-5.28E0,4.873397172404E0));
#1182=LINE('',#1181,#1180);
#1183=DIRECTION('',(0.E0,0.E0,1.E0));
#1184=VECTOR('',#1183,1.168706045056E0);
#1185=CARTESIAN_POINT('',(-3.2E0,-2.58E0,3.906724971124E0));
#1186=LINE('',#1185,#1184);
#1187=CARTESIAN_POINT('',(-3.2E0,-2.58E0,3.906724971124E0));
#1188=CARTESIAN_POINT('',(-3.223277212696E0,-2.58E0,3.887658596813E0));
#1189=CARTESIAN_POINT('',(-3.268882274375E0,-2.585302748324E0,
3.849613618915E0));
#1190=CARTESIAN_POINT('',(-3.334109563117E0,-2.608783242025E0,
3.793207554380E0));
#1191=CARTESIAN_POINT('',(-3.389461435113E0,-2.644534366532E0,
3.743730508275E0));
#1192=CARTESIAN_POINT('',(-3.432781401394E0,-2.687743977941E0,
3.703965950627E0));
#1193=CARTESIAN_POINT('',(-3.464391773946E0,-2.734779461240E0,
3.674358266324E0));
#1194=CARTESIAN_POINT('',(-3.485489628377E0,-2.783233468494E0,
3.654315667145E0));
#1195=CARTESIAN_POINT('',(-3.497438855735E0,-2.831681329330E0,
3.642863318373E0));
#1196=CARTESIAN_POINT('',(-3.5E0,-2.864086024817E0,3.640398329853E0));
#1197=CARTESIAN_POINT('',(-3.5E0,-2.88E0,3.640398329853E0));
#1199=DIRECTION('',(0.E0,0.E0,1.E0));
#1200=VECTOR('',#1199,1.232998842551E0);
#1201=CARTESIAN_POINT('',(-3.5E0,-2.88E0,3.640398329853E0));
#1202=LINE('',#1201,#1200);
#1203=CARTESIAN_POINT('',(-3.5E0,-2.88E0,4.873397172404E0));
#1204=CARTESIAN_POINT('',(-3.5E0,-2.862819826879E0,4.873397172404E0));
#1205=CARTESIAN_POINT('',(-3.497023318979E0,-2.828065383486E0,
4.875537060680E0));
#1206=CARTESIAN_POINT('',(-3.483387067886E0,-2.776764898980E0,
4.885302118169E0));
#1207=CARTESIAN_POINT('',(-3.459997133167E0,-2.726831825918E0,
4.901919825094E0));
#1208=CARTESIAN_POINT('',(-3.426106670574E0,-2.679881219427E0,
4.925702873585E0));
#1209=CARTESIAN_POINT('',(-3.381519837156E0,-2.638471474430E0,
4.956462828018E0));
#1210=CARTESIAN_POINT('',(-3.327134822936E0,-2.605723764614E0,
4.993178897391E0));
#1211=CARTESIAN_POINT('',(-3.265238070348E0,-2.584765008267E0,
5.033900758125E0));
#1212=CARTESIAN_POINT('',(-3.221947949590E0,-2.58E0,5.061593090206E0));
#1213=CARTESIAN_POINT('',(-3.2E0,-2.58E0,5.075431016180E0));
#1215=CARTESIAN_POINT('',(0.E0,-4.78E0,0.E0));
#1216=DIRECTION('',(0.E0,1.E0,0.E0));
#1217=DIRECTION('',(-6.930693069307E-1,0.E0,-7.208709564066E-1));
#1218=AXIS2_PLACEMENT_3D('',#1215,#1216,#1217);
#1220=CARTESIAN_POINT('',(-3.5E0,-4.78E0,-3.640398329853E0));
#1221=CARTESIAN_POINT('',(-3.5E0,-4.829455635933E0,-3.709003723777E0));
#1222=CARTESIAN_POINT('',(-3.5E0,-4.932376327245E0,-3.849908337468E0));
#1223=CARTESIAN_POINT('',(-3.5E0,-5.098643251502E0,-4.071814363190E0));
#1224=CARTESIAN_POINT('',(-3.5E0,-5.218128178571E0,-4.227538121538E0));
#1225=CARTESIAN_POINT('',(-3.5E0,-5.28E0,-4.307261310856E0));
#1227=CARTESIAN_POINT('',(0.E0,-5.28E0,0.E0));
#1228=DIRECTION('',(0.E0,1.E0,0.E0));
#1229=DIRECTION('',(-6.306306306306E-1,0.E0,-7.760831190732E-1));
#1230=AXIS2_PLACEMENT_3D('',#1227,#1228,#1229);
#1232=CARTESIAN_POINT('',(-4.45E0,-4.78E0,-2.387467277263E0));
#1233=CARTESIAN_POINT('',(-4.503647425194E0,-4.833647425194E0,
-2.400949537490E0));
#1234=CARTESIAN_POINT('',(-4.612213835224E0,-4.942213835224E0,
-2.428005188062E0));
#1235=CARTESIAN_POINT('',(-4.778880522526E0,-5.108880522526E0,
-2.468849151310E0));
#1236=CARTESIAN_POINT('',(-4.892535897441E0,-5.222535897441E0,
-2.496243531725E0));
#1237=CARTESIAN_POINT('',(-4.95E0,-5.28E0,-2.509980079602E0));
#1239=DIRECTION('',(0.E0,1.E0,0.E0));
#1240=VECTOR('',#1239,2.4E0);
#1241=CARTESIAN_POINT('',(-3.5E0,-5.28E0,-4.873397172404E0));
#1242=LINE('',#1241,#1240);
#1243=DIRECTION('',(0.E0,1.E0,0.E0));
#1244=VECTOR('',#1243,1.9E0);
#1245=CARTESIAN_POINT('',(-3.5E0,-4.78E0,-3.640398329853E0));
#1246=LINE('',#1245,#1244);
#1247=DIRECTION('',(7.752990676030E-8,-1.353185503129E-9,1.E0));
#1248=VECTOR('',#1247,5.563972323107E0);
#1249=CARTESIAN_POINT('',(-3.781833160176E0,4.575235709770E0,
-2.781986161665E0));
#1250=LINE('',#1249,#1248);
#1251=CARTESIAN_POINT('',(-3.481879548367E0,4.57E0,-2.781986161672E0));
#1252=DIRECTION('',(0.E0,0.E0,1.E0));
#1253=DIRECTION('',(0.E0,1.E0,0.E0));
#1254=AXIS2_PLACEMENT_3D('',#1251,#1252,#1253);
#1256=CARTESIAN_POINT('',(-2.781986161757E0,4.869999999993E0,
-3.481879548367E0));
#1257=CARTESIAN_POINT('',(-2.818520413587E0,4.869999999993E0,
-3.481874131303E0));
#1258=CARTESIAN_POINT('',(-2.890815734162E0,4.870000000003E0,
-3.476259627774E0));
#1259=CARTESIAN_POINT('',(-2.998608969652E0,4.869999999999E0,
-3.450592127605E0));
#1260=CARTESIAN_POINT('',(-3.100743114163E0,4.87E0,-3.408327921326E0));
#1261=CARTESIAN_POINT('',(-3.194927500706E0,4.87E0,-3.350682725746E0));
#1262=CARTESIAN_POINT('',(-3.279014379125E0,4.87E0,-3.278884259694E0));
#1263=CARTESIAN_POINT('',(-3.350767318069E0,4.87E0,-3.194808882718E0));
#1264=CARTESIAN_POINT('',(-3.408381817646E0,4.87E0,-3.100634142355E0));
#1265=CARTESIAN_POINT('',(-3.450616145816E0,4.87E0,-2.998527072349E0));
#1266=CARTESIAN_POINT('',(-3.476260151692E0,4.870000000001E0,
-2.890783693083E0));
#1267=CARTESIAN_POINT('',(-3.481874271352E0,4.869999999997E0,
-2.818510161026E0));
#1268=CARTESIAN_POINT('',(-3.481879548367E0,4.869999999997E0,
-2.781986161757E0));
#1270=DIRECTION('',(-1.E0,-7.681408725803E-13,0.E0));
#1271=VECTOR('',#1270,5.563972323515E0);
#1272=CARTESIAN_POINT('',(2.781986161757E0,4.869999999997E0,-3.481879548367E0));
#1273=LINE('',#1272,#1271);
#1274=CARTESIAN_POINT('',(3.481879548367E0,4.869999999993E0,-2.781986161757E0));
#1275=CARTESIAN_POINT('',(3.481874131303E0,4.869999999993E0,-2.818520413587E0));
#1276=CARTESIAN_POINT('',(3.476259627774E0,4.870000000003E0,-2.890815734162E0));
#1277=CARTESIAN_POINT('',(3.450592127605E0,4.869999999999E0,-2.998608969652E0));
#1278=CARTESIAN_POINT('',(3.408327921326E0,4.87E0,-3.100743114163E0));
#1279=CARTESIAN_POINT('',(3.350682725746E0,4.87E0,-3.194927500706E0));
#1280=CARTESIAN_POINT('',(3.278884259694E0,4.87E0,-3.279014379125E0));
#1281=CARTESIAN_POINT('',(3.194808882718E0,4.87E0,-3.350767318069E0));
#1282=CARTESIAN_POINT('',(3.100634142355E0,4.87E0,-3.408381817646E0));
#1283=CARTESIAN_POINT('',(2.998527072349E0,4.87E0,-3.450616145816E0));
#1284=CARTESIAN_POINT('',(2.890783693083E0,4.870000000001E0,-3.476260151692E0));
#1285=CARTESIAN_POINT('',(2.818510161026E0,4.869999999997E0,-3.481874271352E0));
#1286=CARTESIAN_POINT('',(2.781986161757E0,4.869999999997E0,-3.481879548367E0));
#1288=DIRECTION('',(0.E0,-7.681408725803E-13,-1.E0));
#1289=VECTOR('',#1288,5.563972323515E0);
#1290=CARTESIAN_POINT('',(3.481879548367E0,4.869999999997E0,2.781986161757E0));
#1291=LINE('',#1290,#1289);
#1292=CARTESIAN_POINT('',(2.781986161757E0,4.869999999993E0,3.481879548367E0));
#1293=CARTESIAN_POINT('',(2.818520413587E0,4.869999999993E0,3.481874131303E0));
#1294=CARTESIAN_POINT('',(2.890815734162E0,4.870000000003E0,3.476259627774E0));
#1295=CARTESIAN_POINT('',(2.998608969652E0,4.869999999999E0,3.450592127605E0));
#1296=CARTESIAN_POINT('',(3.100743114163E0,4.87E0,3.408327921326E0));
#1297=CARTESIAN_POINT('',(3.194927500706E0,4.87E0,3.350682725746E0));
#1298=CARTESIAN_POINT('',(3.279014379125E0,4.87E0,3.278884259694E0));
#1299=CARTESIAN_POINT('',(3.350767318069E0,4.87E0,3.194808882718E0));
#1300=CARTESIAN_POINT('',(3.408381817646E0,4.87E0,3.100634142355E0));
#1301=CARTESIAN_POINT('',(3.450616145816E0,4.87E0,2.998527072349E0));
#1302=CARTESIAN_POINT('',(3.476260151692E0,4.870000000001E0,2.890783693083E0));
#1303=CARTESIAN_POINT('',(3.481874271352E0,4.869999999997E0,2.818510161026E0));
#1304=CARTESIAN_POINT('',(3.481879548367E0,4.869999999997E0,2.781986161757E0));
#1306=DIRECTION('',(1.E0,-7.681408725803E-13,0.E0));
#1307=VECTOR('',#1306,5.563972323515E0);
#1308=CARTESIAN_POINT('',(-2.781986161757E0,4.869999999997E0,3.481879548367E0));
#1309=LINE('',#1308,#1307);
#1310=CARTESIAN_POINT('',(-3.481879548367E0,4.869999999993E0,2.781986161757E0));
#1311=CARTESIAN_POINT('',(-3.481874131303E0,4.869999999993E0,2.818520413587E0));
#1312=CARTESIAN_POINT('',(-3.476259627774E0,4.870000000003E0,2.890815734162E0));
#1313=CARTESIAN_POINT('',(-3.450592127605E0,4.869999999999E0,2.998608969652E0));
#1314=CARTESIAN_POINT('',(-3.408327921326E0,4.87E0,3.100743114163E0));
#1315=CARTESIAN_POINT('',(-3.350682725746E0,4.87E0,3.194927500706E0));
#1316=CARTESIAN_POINT('',(-3.278884259694E0,4.87E0,3.279014379125E0));
#1317=CARTESIAN_POINT('',(-3.194808882718E0,4.87E0,3.350767318069E0));
#1318=CARTESIAN_POINT('',(-3.100634142355E0,4.87E0,3.408381817646E0));
#1319=CARTESIAN_POINT('',(-2.998527072349E0,4.87E0,3.450616145816E0));
#1320=CARTESIAN_POINT('',(-2.890783693083E0,4.870000000001E0,3.476260151692E0));
#1321=CARTESIAN_POINT('',(-2.818510161026E0,4.869999999997E0,3.481874271352E0));
#1322=CARTESIAN_POINT('',(-2.781986161757E0,4.869999999997E0,3.481879548367E0));
#1324=DIRECTION('',(0.E0,-7.681408725803E-13,1.E0));
#1325=VECTOR('',#1324,5.563972323515E0);
#1326=CARTESIAN_POINT('',(-3.481879548367E0,4.869999999997E0,
-2.781986161757E0));
#1327=LINE('',#1326,#1325);
#1328=CARTESIAN_POINT('',(-2.781986152929E0,4.57E0,-3.481875938044E0));
#1329=DIRECTION('',(-1.E0,0.E0,6.694761087691E-8));
#1330=DIRECTION('',(-8.052817671948E-13,9.999999999276E-1,-1.203440785395E-5));
#1331=AXIS2_PLACEMENT_3D('',#1328,#1329,#1330);
#1333=CARTESIAN_POINT('',(-2.781986161442E0,4.575235702241E0,
-3.781832728802E0));
#1334=CARTESIAN_POINT('',(-2.834391890448E0,4.575510056944E0,
-3.781824278227E0));
#1335=CARTESIAN_POINT('',(-2.939187907812E0,4.576015055472E0,
-3.773565875503E0));
#1336=CARTESIAN_POINT('',(-3.092456617956E0,4.576624675893E0,
-3.736724984682E0));
#1337=CARTESIAN_POINT('',(-3.238049398030E0,4.577071093840E0,
-3.676365791730E0));
#1338=CARTESIAN_POINT('',(-3.372366123080E0,4.577342793032E0,
-3.593987333796E0));
#1339=CARTESIAN_POINT('',(-3.492049304859E0,4.577433703874E0,
-3.491697036356E0));
#1340=CARTESIAN_POINT('',(-3.594229743633E0,4.577342212683E0,
-3.372021792983E0));
#1341=CARTESIAN_POINT('',(-3.676490295974E0,4.577070409027E0,
-3.237788710203E0));
#1342=CARTESIAN_POINT('',(-3.736764120972E0,4.576624167279E0,
-3.092314417320E0));
#1343=CARTESIAN_POINT('',(-3.773568001054E0,4.576014786851E0,
-2.939146464623E0));
#1344=CARTESIAN_POINT('',(-3.781824905345E0,4.575510126991E0,
-2.834383617473E0));
#1345=CARTESIAN_POINT('',(-3.781833160176E0,4.575235709770E0,
-2.781986161665E0));
#1347=DIRECTION('',(-1.744992751742E-2,-9.996954567682E-1,-1.744974918428E-2));
#1348=VECTOR('',#1347,3.906425385181E0);
#1349=CARTESIAN_POINT('',(-3.781833160176E0,4.575235709770E0,
-2.781986161665E0));
#1350=LINE('',#1349,#1348);
#1351=CARTESIAN_POINT('',(-3.85E0,6.7E-1,-2.850152304844E0));
#1352=CARTESIAN_POINT('',(-3.85E0,6.7E-1,-2.933472946107E0));
#1353=CARTESIAN_POINT('',(-3.830310673782E0,6.7E-1,-3.080424902414E0));
#1354=CARTESIAN_POINT('',(-3.744349460121E0,6.7E-1,-3.327746253806E0));
#1355=CARTESIAN_POINT('',(-3.571251197234E0,6.7E-1,-3.571251197234E0));
#1356=CARTESIAN_POINT('',(-3.327746253806E0,6.7E-1,-3.744349460121E0));
#1357=CARTESIAN_POINT('',(-3.080424902414E0,6.7E-1,-3.830310673782E0));
#1358=CARTESIAN_POINT('',(-2.933472946107E0,6.7E-1,-3.85E0));
#1359=CARTESIAN_POINT('',(-2.850152304844E0,6.7E-1,-3.85E0));
#1361=DIRECTION('',(-1.744974924137E-2,-9.996954548397E-1,-1.745003794425E-2));
#1362=VECTOR('',#1361,3.906425385186E0);
#1363=CARTESIAN_POINT('',(-2.781986161442E0,4.575235702241E0,
-3.781832728802E0));
#1364=LINE('',#1363,#1362);
#1365=DIRECTION('',(-1.E0,-1.353185503129E-9,7.752990676030E-8));
#1366=VECTOR('',#1365,5.563972323107E0);
#1367=CARTESIAN_POINT('',(2.781986161665E0,4.575235709770E0,-3.781833160176E0));
#1368=LINE('',#1367,#1366);
#1369=CARTESIAN_POINT('',(2.781986161672E0,4.57E0,-3.481879548367E0));
#1370=DIRECTION('',(-1.E0,0.E0,0.E0));
#1371=DIRECTION('',(0.E0,1.E0,0.E0));
#1372=AXIS2_PLACEMENT_3D('',#1369,#1370,#1371);
#1374=CARTESIAN_POINT('',(3.481875938044E0,4.57E0,-2.781986152929E0));
#1375=DIRECTION('',(-6.694761032960E-8,0.E0,-1.E0));
#1376=DIRECTION('',(1.203440785543E-5,9.999999999276E-1,-8.052817671948E-13));
#1377=AXIS2_PLACEMENT_3D('',#1374,#1375,#1376);
#1379=CARTESIAN_POINT('',(3.781832728802E0,4.575235702241E0,-2.781986161442E0));
#1380=CARTESIAN_POINT('',(3.781824278227E0,4.575510056944E0,-2.834391890448E0));
#1381=CARTESIAN_POINT('',(3.773565875503E0,4.576015055472E0,-2.939187907812E0));
#1382=CARTESIAN_POINT('',(3.736724984682E0,4.576624675893E0,-3.092456617956E0));
#1383=CARTESIAN_POINT('',(3.676365791730E0,4.577071093840E0,-3.238049398030E0));
#1384=CARTESIAN_POINT('',(3.593987333796E0,4.577342793032E0,-3.372366123080E0));
#1385=CARTESIAN_POINT('',(3.491697036356E0,4.577433703874E0,-3.492049304859E0));
#1386=CARTESIAN_POINT('',(3.372021792983E0,4.577342212683E0,-3.594229743633E0));
#1387=CARTESIAN_POINT('',(3.237788710203E0,4.577070409027E0,-3.676490295974E0));
#1388=CARTESIAN_POINT('',(3.092314417320E0,4.576624167279E0,-3.736764120972E0));
#1389=CARTESIAN_POINT('',(2.939146464623E0,4.576014786851E0,-3.773568001054E0));
#1390=CARTESIAN_POINT('',(2.834383617474E0,4.575510126991E0,-3.781824905345E0));
#1391=CARTESIAN_POINT('',(2.781986161665E0,4.575235709770E0,-3.781833160176E0));
#1393=DIRECTION('',(1.744974918427E-2,-9.996954567682E-1,-1.744992751742E-2));
#1394=VECTOR('',#1393,3.906425385181E0);
#1395=CARTESIAN_POINT('',(2.781986161665E0,4.575235709770E0,-3.781833160176E0));
#1396=LINE('',#1395,#1394);
#1397=CARTESIAN_POINT('',(2.850152304844E0,6.7E-1,-3.85E0));
#1398=CARTESIAN_POINT('',(2.933472946107E0,6.7E-1,-3.85E0));
#1399=CARTESIAN_POINT('',(3.080424902414E0,6.7E-1,-3.830310673782E0));
#1400=CARTESIAN_POINT('',(3.327746253806E0,6.7E-1,-3.744349460121E0));
#1401=CARTESIAN_POINT('',(3.571251197234E0,6.7E-1,-3.571251197234E0));
#1402=CARTESIAN_POINT('',(3.744349460121E0,6.7E-1,-3.327746253806E0));
#1403=CARTESIAN_POINT('',(3.830310673782E0,6.7E-1,-3.080424902414E0));
#1404=CARTESIAN_POINT('',(3.85E0,6.7E-1,-2.933472946107E0));
#1405=CARTESIAN_POINT('',(3.85E0,6.7E-1,-2.850152304844E0));
#1407=DIRECTION('',(1.745003794425E-2,-9.996954548397E-1,-1.744974924137E-2));
#1408=VECTOR('',#1407,3.906425385186E0);
#1409=CARTESIAN_POINT('',(3.781832728802E0,4.575235702241E0,-2.781986161442E0));
#1410=LINE('',#1409,#1408);
#1411=DIRECTION('',(-7.752990676030E-8,-1.353185503129E-9,-1.E0));
#1412=VECTOR('',#1411,5.563972323107E0);
#1413=CARTESIAN_POINT('',(3.781833160176E0,4.575235709770E0,2.781986161665E0));
#1414=LINE('',#1413,#1412);
#1415=CARTESIAN_POINT('',(3.481879548367E0,4.57E0,2.781986161672E0));
#1416=DIRECTION('',(0.E0,0.E0,-1.E0));
#1417=DIRECTION('',(0.E0,1.E0,0.E0));
#1418=AXIS2_PLACEMENT_3D('',#1415,#1416,#1417);
#1420=CARTESIAN_POINT('',(2.781986152929E0,4.57E0,3.481875938044E0));
#1421=DIRECTION('',(1.E0,0.E0,-6.694761087691E-8));
#1422=DIRECTION('',(8.052817671948E-13,9.999999999276E-1,1.203440785395E-5));
#1423=AXIS2_PLACEMENT_3D('',#1420,#1421,#1422);
#1425=CARTESIAN_POINT('',(2.781986161442E0,4.575235702241E0,3.781832728802E0));
#1426=CARTESIAN_POINT('',(2.834391890448E0,4.575510056944E0,3.781824278227E0));
#1427=CARTESIAN_POINT('',(2.939187907812E0,4.576015055472E0,3.773565875503E0));
#1428=CARTESIAN_POINT('',(3.092456617956E0,4.576624675893E0,3.736724984682E0));
#1429=CARTESIAN_POINT('',(3.238049398030E0,4.577071093840E0,3.676365791730E0));
#1430=CARTESIAN_POINT('',(3.372366123080E0,4.577342793032E0,3.593987333796E0));
#1431=CARTESIAN_POINT('',(3.492049304859E0,4.577433703874E0,3.491697036356E0));
#1432=CARTESIAN_POINT('',(3.594229743633E0,4.577342212683E0,3.372021792983E0));
#1433=CARTESIAN_POINT('',(3.676490295974E0,4.577070409027E0,3.237788710203E0));
#1434=CARTESIAN_POINT('',(3.736764120972E0,4.576624167279E0,3.092314417320E0));
#1435=CARTESIAN_POINT('',(3.773568001054E0,4.576014786851E0,2.939146464623E0));
#1436=CARTESIAN_POINT('',(3.781824905345E0,4.575510126991E0,2.834383617473E0));
#1437=CARTESIAN_POINT('',(3.781833160176E0,4.575235709770E0,2.781986161665E0));
#1439=DIRECTION('',(1.744992751742E-2,-9.996954567682E-1,1.744974918428E-2));
#1440=VECTOR('',#1439,3.906425385181E0);
#1441=CARTESIAN_POINT('',(3.781833160176E0,4.575235709770E0,2.781986161665E0));
#1442=LINE('',#1441,#1440);
#1443=CARTESIAN_POINT('',(3.85E0,6.7E-1,2.850152304844E0));
#1444=CARTESIAN_POINT('',(3.85E0,6.7E-1,2.933472946107E0));
#1445=CARTESIAN_POINT('',(3.830310673782E0,6.7E-1,3.080424902414E0));
#1446=CARTESIAN_POINT('',(3.744349460121E0,6.7E-1,3.327746253806E0));
#1447=CARTESIAN_POINT('',(3.571251197234E0,6.7E-1,3.571251197234E0));
#1448=CARTESIAN_POINT('',(3.327746253806E0,6.7E-1,3.744349460121E0));
#1449=CARTESIAN_POINT('',(3.080424902414E0,6.7E-1,3.830310673782E0));
#1450=CARTESIAN_POINT('',(2.933472946107E0,6.7E-1,3.85E0));
#1451=CARTESIAN_POINT('',(2.850152304844E0,6.7E-1,3.85E0));
#1453=DIRECTION('',(1.744974924137E-2,-9.996954548397E-1,1.745003794425E-2));
#1454=VECTOR('',#1453,3.906425385186E0);
#1455=CARTESIAN_POINT('',(2.781986161442E0,4.575235702241E0,3.781832728802E0));
#1456=LINE('',#1455,#1454);
#1457=DIRECTION('',(1.E0,-1.353185503129E-9,-7.752990676030E-8));
#1458=VECTOR('',#1457,5.563972323107E0);
#1459=CARTESIAN_POINT('',(-2.781986161665E0,4.575235709770E0,3.781833160176E0));
#1460=LINE('',#1459,#1458);
#1461=CARTESIAN_POINT('',(-2.781986161672E0,4.57E0,3.481879548367E0));
#1462=DIRECTION('',(1.E0,0.E0,0.E0));
#1463=DIRECTION('',(0.E0,1.E0,0.E0));
#1464=AXIS2_PLACEMENT_3D('',#1461,#1462,#1463);
#1466=CARTESIAN_POINT('',(-3.481875938044E0,4.57E0,2.781986152929E0));
#1467=DIRECTION('',(6.694761032960E-8,0.E0,1.E0));
#1468=DIRECTION('',(-1.203440785543E-5,9.999999999276E-1,8.052817671948E-13));
#1469=AXIS2_PLACEMENT_3D('',#1466,#1467,#1468);
#1471=CARTESIAN_POINT('',(-3.781832728802E0,4.575235702241E0,2.781986161442E0));
#1472=CARTESIAN_POINT('',(-3.781824278227E0,4.575510056944E0,2.834391890448E0));
#1473=CARTESIAN_POINT('',(-3.773565875503E0,4.576015055472E0,2.939187907812E0));
#1474=CARTESIAN_POINT('',(-3.736724984682E0,4.576624675893E0,3.092456617956E0));
#1475=CARTESIAN_POINT('',(-3.676365791730E0,4.577071093840E0,3.238049398030E0));
#1476=CARTESIAN_POINT('',(-3.593987333796E0,4.577342793032E0,3.372366123080E0));
#1477=CARTESIAN_POINT('',(-3.491697036356E0,4.577433703874E0,3.492049304859E0));
#1478=CARTESIAN_POINT('',(-3.372021792983E0,4.577342212683E0,3.594229743633E0));
#1479=CARTESIAN_POINT('',(-3.237788710203E0,4.577070409027E0,3.676490295974E0));
#1480=CARTESIAN_POINT('',(-3.092314417320E0,4.576624167279E0,3.736764120972E0));
#1481=CARTESIAN_POINT('',(-2.939146464623E0,4.576014786851E0,3.773568001054E0));
#1482=CARTESIAN_POINT('',(-2.834383617474E0,4.575510126991E0,3.781824905345E0));
#1483=CARTESIAN_POINT('',(-2.781986161665E0,4.575235709770E0,3.781833160176E0));
#1485=DIRECTION('',(-1.744974918427E-2,-9.996954567682E-1,1.744992751742E-2));
#1486=VECTOR('',#1485,3.906425385181E0);
#1487=CARTESIAN_POINT('',(-2.781986161665E0,4.575235709770E0,3.781833160176E0));
#1488=LINE('',#1487,#1486);
#1489=CARTESIAN_POINT('',(-2.850152304844E0,6.7E-1,3.85E0));
#1490=CARTESIAN_POINT('',(-2.933472946107E0,6.7E-1,3.85E0));
#1491=CARTESIAN_POINT('',(-3.080424902414E0,6.7E-1,3.830310673782E0));
#1492=CARTESIAN_POINT('',(-3.327746253806E0,6.7E-1,3.744349460121E0));
#1493=CARTESIAN_POINT('',(-3.571251197234E0,6.7E-1,3.571251197234E0));
#1494=CARTESIAN_POINT('',(-3.744349460121E0,6.7E-1,3.327746253806E0));
#1495=CARTESIAN_POINT('',(-3.830310673782E0,6.7E-1,3.080424902414E0));
#1496=CARTESIAN_POINT('',(-3.85E0,6.7E-1,2.933472946107E0));
#1497=CARTESIAN_POINT('',(-3.85E0,6.7E-1,2.850152304844E0));
#1499=DIRECTION('',(-1.745003794425E-2,-9.996954548397E-1,1.744974924137E-2));
#1500=VECTOR('',#1499,3.906425385186E0);
#1501=CARTESIAN_POINT('',(-3.781832728802E0,4.575235702241E0,2.781986161442E0));
#1502=LINE('',#1501,#1500);
#1503=DIRECTION('',(0.E0,0.E0,-1.E0));
#1504=VECTOR('',#1503,1.168706045056E0);
#1505=CARTESIAN_POINT('',(3.2E0,-2.58E0,-3.906724971124E0));
#1506=LINE('',#1505,#1504);
#1507=CARTESIAN_POINT('',(3.2E0,-2.58E0,-3.906724971124E0));
#1508=CARTESIAN_POINT('',(3.223277212696E0,-2.58E0,-3.887658596813E0));
#1509=CARTESIAN_POINT('',(3.268882274375E0,-2.585302748324E0,
-3.849613618915E0));
#1510=CARTESIAN_POINT('',(3.334109563117E0,-2.608783242025E0,
-3.793207554380E0));
#1511=CARTESIAN_POINT('',(3.389461435113E0,-2.644534366532E0,
-3.743730508275E0));
#1512=CARTESIAN_POINT('',(3.432781401394E0,-2.687743977941E0,
-3.703965950627E0));
#1513=CARTESIAN_POINT('',(3.464391773946E0,-2.734779461240E0,
-3.674358266324E0));
#1514=CARTESIAN_POINT('',(3.485489628377E0,-2.783233468494E0,
-3.654315667145E0));
#1515=CARTESIAN_POINT('',(3.497438855735E0,-2.831681329330E0,
-3.642863318373E0));
#1516=CARTESIAN_POINT('',(3.5E0,-2.864086024817E0,-3.640398329853E0));
#1517=CARTESIAN_POINT('',(3.5E0,-2.88E0,-3.640398329853E0));
#1519=DIRECTION('',(0.E0,0.E0,-1.E0));
#1520=VECTOR('',#1519,1.232998842551E0);
#1521=CARTESIAN_POINT('',(3.5E0,-2.88E0,-3.640398329853E0));
#1522=LINE('',#1521,#1520);
#1523=CARTESIAN_POINT('',(3.5E0,-2.88E0,-4.873397172404E0));
#1524=CARTESIAN_POINT('',(3.5E0,-2.862819826879E0,-4.873397172404E0));
#1525=CARTESIAN_POINT('',(3.497023318979E0,-2.828065383486E0,
-4.875537060680E0));
#1526=CARTESIAN_POINT('',(3.483387067886E0,-2.776764898980E0,
-4.885302118169E0));
#1527=CARTESIAN_POINT('',(3.459997133167E0,-2.726831825918E0,
-4.901919825094E0));
#1528=CARTESIAN_POINT('',(3.426106670574E0,-2.679881219427E0,
-4.925702873585E0));
#1529=CARTESIAN_POINT('',(3.381519837156E0,-2.638471474430E0,
-4.956462828018E0));
#1530=CARTESIAN_POINT('',(3.327134822936E0,-2.605723764614E0,
-4.993178897391E0));
#1531=CARTESIAN_POINT('',(3.265238070348E0,-2.584765008267E0,
-5.033900758125E0));
#1532=CARTESIAN_POINT('',(3.221947949590E0,-2.58E0,-5.061593090206E0));
#1533=CARTESIAN_POINT('',(3.2E0,-2.58E0,-5.075431016180E0));
#1535=CARTESIAN_POINT('',(0.E0,-2.58E0,0.E0));
#1536=DIRECTION('',(0.E0,1.E0,0.E0));
#1537=DIRECTION('',(6.336633663366E-1,0.E0,7.736089051730E-1));
#1538=AXIS2_PLACEMENT_3D('',#1535,#1536,#1537);
#1540=DIRECTION('',(0.E0,0.E0,-1.E0));
#1541=VECTOR('',#1540,1.168706045056E0);
#1542=CARTESIAN_POINT('',(3.2E0,-2.58E0,5.075431016180E0));
#1543=LINE('',#1542,#1541);
#1544=CARTESIAN_POINT('',(3.2E0,-2.58E0,5.075431016180E0));
#1545=CARTESIAN_POINT('',(3.221947949590E0,-2.58E0,5.061593090206E0));
#1546=CARTESIAN_POINT('',(3.265238070348E0,-2.584765008267E0,5.033900758125E0));
#1547=CARTESIAN_POINT('',(3.327134822936E0,-2.605723764614E0,4.993178897391E0));
#1548=CARTESIAN_POINT('',(3.381519837156E0,-2.638471474430E0,4.956462828018E0));
#1549=CARTESIAN_POINT('',(3.426106670574E0,-2.679881219427E0,4.925702873585E0));
#1550=CARTESIAN_POINT('',(3.459997133167E0,-2.726831825918E0,4.901919825094E0));
#1551=CARTESIAN_POINT('',(3.483387067886E0,-2.776764898980E0,4.885302118169E0));
#1552=CARTESIAN_POINT('',(3.497023318979E0,-2.828065383486E0,4.875537060680E0));
#1553=CARTESIAN_POINT('',(3.5E0,-2.862819826879E0,4.873397172404E0));
#1554=CARTESIAN_POINT('',(3.5E0,-2.88E0,4.873397172404E0));
#1556=DIRECTION('',(0.E0,0.E0,-1.E0));
#1557=VECTOR('',#1556,1.232998842551E0);
#1558=CARTESIAN_POINT('',(3.5E0,-2.88E0,4.873397172404E0));
#1559=LINE('',#1558,#1557);
#1560=CARTESIAN_POINT('',(3.5E0,-2.88E0,3.640398329853E0));
#1561=CARTESIAN_POINT('',(3.5E0,-2.864086024817E0,3.640398329853E0));
#1562=CARTESIAN_POINT('',(3.497438855735E0,-2.831681329330E0,3.642863318373E0));
#1563=CARTESIAN_POINT('',(3.485489628377E0,-2.783233468494E0,3.654315667145E0));
#1564=CARTESIAN_POINT('',(3.464391773946E0,-2.734779461240E0,3.674358266324E0));
#1565=CARTESIAN_POINT('',(3.432781401394E0,-2.687743977941E0,3.703965950627E0));
#1566=CARTESIAN_POINT('',(3.389461435113E0,-2.644534366532E0,3.743730508275E0));
#1567=CARTESIAN_POINT('',(3.334109563117E0,-2.608783242025E0,3.793207554380E0));
#1568=CARTESIAN_POINT('',(3.268882274375E0,-2.585302748324E0,3.849613618915E0));
#1569=CARTESIAN_POINT('',(3.223277212696E0,-2.58E0,3.887658596813E0));
#1570=CARTESIAN_POINT('',(3.2E0,-2.58E0,3.906724971124E0));
#1572=DIRECTION('',(0.E0,1.E0,0.E0));
#1573=VECTOR('',#1572,2.4E0);
#1574=CARTESIAN_POINT('',(3.5E0,-5.28E0,4.873397172404E0));
#1575=LINE('',#1574,#1573);
#1576=DIRECTION('',(0.E0,1.E0,0.E0));
#1577=VECTOR('',#1576,1.9E0);
#1578=CARTESIAN_POINT('',(3.5E0,-4.78E0,3.640398329853E0));
#1579=LINE('',#1578,#1577);
#1580=DIRECTION('',(0.E0,0.E0,1.E0));
#1581=VECTOR('',#1580,5.661358615481E-1);
#1582=CARTESIAN_POINT('',(3.5E0,-5.28E0,-4.873397172404E0));
#1583=LINE('',#1582,#1581);
#1584=DIRECTION('',(0.E0,0.E0,1.E0));
#1585=VECTOR('',#1584,5.661358615481E-1);
#1586=CARTESIAN_POINT('',(3.5E0,-5.28E0,4.307261310856E0));
#1587=LINE('',#1586,#1585);
#1588=CARTESIAN_POINT('',(0.E0,-5.28E0,0.E0));
#1589=DIRECTION('',(0.E0,1.E0,0.E0));
#1590=DIRECTION('',(5.833333333333E-1,0.E0,8.122328620674E-1));
#1591=AXIS2_PLACEMENT_3D('',#1588,#1589,#1590);
#1593=DIRECTION('',(0.E0,1.E0,0.E0));
#1594=VECTOR('',#1593,1.9E0);
#1595=CARTESIAN_POINT('',(3.5E0,-4.78E0,-3.640398329853E0));
#1596=LINE('',#1595,#1594);
#1597=DIRECTION('',(0.E0,1.E0,0.E0));
#1598=VECTOR('',#1597,2.4E0);
#1599=CARTESIAN_POINT('',(3.5E0,-5.28E0,-4.873397172404E0));
#1600=LINE('',#1599,#1598);
#1601=CARTESIAN_POINT('',(0.E0,-4.78E0,0.E0));
#1602=DIRECTION('',(0.E0,1.E0,0.E0));
#1603=DIRECTION('',(6.930693069307E-1,0.E0,7.208709564066E-1));
#1604=AXIS2_PLACEMENT_3D('',#1601,#1602,#1603);
#1606=CARTESIAN_POINT('',(3.5E0,-4.78E0,3.640398329853E0));
#1607=CARTESIAN_POINT('',(3.5E0,-4.829455635933E0,3.709003723777E0));
#1608=CARTESIAN_POINT('',(3.5E0,-4.932376327245E0,3.849908337468E0));
#1609=CARTESIAN_POINT('',(3.5E0,-5.098643251502E0,4.071814363190E0));
#1610=CARTESIAN_POINT('',(3.5E0,-5.218128178571E0,4.227538121538E0));
#1611=CARTESIAN_POINT('',(3.5E0,-5.28E0,4.307261310856E0));
#1613=CARTESIAN_POINT('',(0.E0,-5.28E0,0.E0));
#1614=DIRECTION('',(0.E0,1.E0,0.E0));
#1615=DIRECTION('',(6.306306306306E-1,0.E0,7.760831190732E-1));
#1616=AXIS2_PLACEMENT_3D('',#1613,#1614,#1615);
#1618=CARTESIAN_POINT('',(3.5E0,-4.78E0,-3.640398329853E0));
#1619=CARTESIAN_POINT('',(3.5E0,-4.829455635933E0,-3.709003723777E0));
#1620=CARTESIAN_POINT('',(3.5E0,-4.932376327245E0,-3.849908337468E0));
#1621=CARTESIAN_POINT('',(3.5E0,-5.098643251502E0,-4.071814363190E0));
#1622=CARTESIAN_POINT('',(3.5E0,-5.218128178571E0,-4.227538121538E0));
#1623=CARTESIAN_POINT('',(3.5E0,-5.28E0,-4.307261310856E0));
#1625=DIRECTION('',(0.E0,0.E0,1.E0));
#1626=VECTOR('',#1625,1.072261153529E0);
#1627=CARTESIAN_POINT('',(2.55E0,-2.58E0,4.358898943541E0));
#1628=LINE('',#1627,#1626);
#1629=CARTESIAN_POINT('',(2.55E0,-2.58E0,4.358898943541E0));
#1630=CARTESIAN_POINT('',(2.528497510935E0,-2.58E0,4.371478117279E0));
#1631=CARTESIAN_POINT('',(2.486180035239E0,-2.584609677391E0,4.395804034874E0));
#1632=CARTESIAN_POINT('',(2.426634347186E0,-2.604216408742E0,4.428919905713E0));
#1633=CARTESIAN_POINT('',(2.373723988151E0,-2.634781460077E0,4.457460329321E0));
#1634=CARTESIAN_POINT('',(2.329184218100E0,-2.674125707873E0,4.480856121492E0));
#1635=CARTESIAN_POINT('',(2.293964753075E0,-2.720194632536E0,4.498955962828E0));
#1636=CARTESIAN_POINT('',(2.268648647879E0,-2.770955563914E0,4.511751105013E0));
#1637=CARTESIAN_POINT('',(2.253398229847E0,-2.824696985737E0,4.519373013186E0));
#1638=CARTESIAN_POINT('',(2.25E0,-2.861615491677E0,4.521061822183E0));
#1639=CARTESIAN_POINT('',(2.25E0,-2.88E0,4.521061822183E0));
#1641=DIRECTION('',(0.E0,0.E0,1.E0));
#1642=VECTOR('',#1641,1.041087043139E0);
#1643=CARTESIAN_POINT('',(2.25E0,-2.88E0,4.521061822183E0));
#1644=LINE('',#1643,#1642);
#1645=CARTESIAN_POINT('',(2.25E0,-2.88E0,5.562148865322E0));
#1646=CARTESIAN_POINT('',(2.25E0,-2.861226722276E0,5.562148865322E0));
#1647=CARTESIAN_POINT('',(2.253541125713E0,-2.823578280526E0,5.560718376691E0));
#1648=CARTESIAN_POINT('',(2.269376513674E0,-2.768939823266E0,5.554286190382E0));
#1649=CARTESIAN_POINT('',(2.295481257359E0,-2.717719796615E0,5.543567244264E0));
#1650=CARTESIAN_POINT('',(2.331443983363E0,-2.671708552585E0,5.528563254825E0));
#1651=CARTESIAN_POINT('',(2.376410096468E0,-2.632896394285E0,5.509412218429E0));
#1652=CARTESIAN_POINT('',(2.429129025118E0,-2.603177704959E0,5.486399801332E0));
#1653=CARTESIAN_POINT('',(2.487771753162E0,-2.584361101030E0,5.460080058539E0));
#1654=CARTESIAN_POINT('',(2.529102543765E0,-2.58E0,5.440971723397E0));
#1655=CARTESIAN_POINT('',(2.55E0,-2.58E0,5.431160097070E0));
#1657=DIRECTION('',(0.E0,1.E0,0.E0));
#1658=VECTOR('',#1657,2.4E0);
#1659=CARTESIAN_POINT('',(2.25E0,-5.28E0,5.562148865322E0));
#1660=LINE('',#1659,#1658);
#1661=DIRECTION('',(0.E0,1.E0,0.E0));
#1662=VECTOR('',#1661,1.709838732264E0);
#1663=CARTESIAN_POINT('',(2.25E0,-4.589838732264E0,4.521061822183E0));
#1664=LINE('',#1663,#1662);
#1665=CARTESIAN_POINT('',(0.E0,-5.023960303327E0,0.E0));
#1666=DIRECTION('',(0.E0,1.E0,0.E0));
#1667=DIRECTION('',(-4.243737232919E-1,0.E0,9.054871302119E-1));
#1668=AXIS2_PLACEMENT_3D('',#1665,#1666,#1667);
#1670=CARTESIAN_POINT('',(2.25E0,-5.023960303327E0,4.800829860936E0));
#1671=CARTESIAN_POINT('',(2.25E0,-5.008345100180E0,4.770650960989E0));
#1672=CARTESIAN_POINT('',(2.25E0,-4.972951570645E0,4.715129303387E0));
#1673=CARTESIAN_POINT('',(2.25E0,-4.907916541076E0,4.644469672786E0));
#1674=CARTESIAN_POINT('',(2.25E0,-4.834681991072E0,4.589289416334E0));
#1675=CARTESIAN_POINT('',(2.25E0,-4.755821853841E0,4.549836012973E0));
#1676=CARTESIAN_POINT('',(2.25E0,-4.673500266391E0,4.526280073391E0));
#1677=CARTESIAN_POINT('',(2.25E0,-4.617930624270E0,4.521061822183E0));
#1678=CARTESIAN_POINT('',(2.25E0,-4.589838732264E0,4.521061822183E0));
#1680=CARTESIAN_POINT('',(0.E0,-4.589838732264E0,0.E0));
#1681=DIRECTION('',(0.E0,1.E0,0.E0));
#1682=DIRECTION('',(-4.455445544554E-1,0.E0,8.952597667689E-1));
#1683=AXIS2_PLACEMENT_3D('',#1680,#1681,#1682);
#1685=CARTESIAN_POINT('',(-2.25E0,-4.589838732264E0,4.521061822183E0));
#1686=CARTESIAN_POINT('',(-2.25E0,-4.617930633945E0,4.521061822183E0));
#1687=CARTESIAN_POINT('',(-2.25E0,-4.673500312416E0,4.526280074809E0));
#1688=CARTESIAN_POINT('',(-2.25E0,-4.755822054837E0,4.549836079229E0));
#1689=CARTESIAN_POINT('',(-2.25E0,-4.834682299192E0,4.589289602752E0));
#1690=CARTESIAN_POINT('',(-2.25E0,-4.907916759486E0,4.644469888802E0));
#1691=CARTESIAN_POINT('',(-2.25E0,-4.972951584382E0,4.715129340189E0));
#1692=CARTESIAN_POINT('',(-2.25E0,-5.008345103222E0,4.770650966868E0));
#1693=CARTESIAN_POINT('',(-2.25E0,-5.023960303327E0,4.800829860936E0));
#1695=CARTESIAN_POINT('',(-2.25E0,-5.023960303327E0,4.800829860936E0));
#1696=CARTESIAN_POINT('',(-2.25E0,-5.050852169183E0,4.852802731316E0));
#1697=CARTESIAN_POINT('',(-2.25E0,-5.105672084510E0,4.958446966027E0));
#1698=CARTESIAN_POINT('',(-2.25E0,-5.191016685002E0,5.122006181865E0));
#1699=CARTESIAN_POINT('',(-2.25E0,-5.249992038214E0,5.234438469083E0));
#1700=CARTESIAN_POINT('',(-2.25E0,-5.28E0,5.291502622129E0));
#1702=CARTESIAN_POINT('',(0.E0,-5.28E0,0.E0));
#1703=DIRECTION('',(0.E0,1.E0,0.E0));
#1704=DIRECTION('',(-3.913043478261E-1,0.E0,9.202613255877E-1));
#1705=AXIS2_PLACEMENT_3D('',#1702,#1703,#1704);
#1707=CARTESIAN_POINT('',(2.25E0,-5.023960303327E0,4.800829860936E0));
#1708=CARTESIAN_POINT('',(2.25E0,-5.050852169183E0,4.852802731316E0));
#1709=CARTESIAN_POINT('',(2.25E0,-5.105672084510E0,4.958446966027E0));
#1710=CARTESIAN_POINT('',(2.25E0,-5.191016685002E0,5.122006181865E0));
#1711=CARTESIAN_POINT('',(2.25E0,-5.249992038214E0,5.234438469083E0));
#1712=CARTESIAN_POINT('',(2.25E0,-5.28E0,5.291502622129E0));
#1714=DIRECTION('',(0.E0,1.E0,0.E0));
#1715=VECTOR('',#1714,1.709838732264E0);
#1716=CARTESIAN_POINT('',(-2.25E0,-4.589838732264E0,4.521061822183E0));
#1717=LINE('',#1716,#1715);
#1718=DIRECTION('',(0.E0,1.E0,0.E0));
#1719=VECTOR('',#1718,2.4E0);
#1720=CARTESIAN_POINT('',(-2.25E0,-5.28E0,5.562148865322E0));
#1721=LINE('',#1720,#1719);
#1722=DIRECTION('',(0.E0,0.E0,-1.E0));
#1723=VECTOR('',#1722,1.072261153529E0);
#1724=CARTESIAN_POINT('',(-2.55E0,-2.58E0,5.431160097070E0));
#1725=LINE('',#1724,#1723);
#1726=CARTESIAN_POINT('',(-2.55E0,-2.58E0,5.431160097070E0));
#1727=CARTESIAN_POINT('',(-2.529102543765E0,-2.58E0,5.440971723397E0));
#1728=CARTESIAN_POINT('',(-2.487771753162E0,-2.584361101030E0,
5.460080058539E0));
#1729=CARTESIAN_POINT('',(-2.429129025118E0,-2.603177704959E0,
5.486399801332E0));
#1730=CARTESIAN_POINT('',(-2.376410096468E0,-2.632896394285E0,
5.509412218429E0));
#1731=CARTESIAN_POINT('',(-2.331443983363E0,-2.671708552585E0,
5.528563254825E0));
#1732=CARTESIAN_POINT('',(-2.295481257359E0,-2.717719796615E0,
5.543567244264E0));
#1733=CARTESIAN_POINT('',(-2.269376513674E0,-2.768939823266E0,
5.554286190382E0));
#1734=CARTESIAN_POINT('',(-2.253541125713E0,-2.823578280526E0,
5.560718376691E0));
#1735=CARTESIAN_POINT('',(-2.25E0,-2.861226722276E0,5.562148865322E0));
#1736=CARTESIAN_POINT('',(-2.25E0,-2.88E0,5.562148865322E0));
#1738=DIRECTION('',(0.E0,-1.023751194162E-14,-1.E0));
#1739=VECTOR('',#1738,1.041087043139E0);
#1740=CARTESIAN_POINT('',(-2.25E0,-2.88E0,5.562148865322E0));
#1741=LINE('',#1740,#1739);
#1742=CARTESIAN_POINT('',(-2.25E0,-2.88E0,4.521061822183E0));
#1743=CARTESIAN_POINT('',(-2.25E0,-2.861615491677E0,4.521061822183E0));
#1744=CARTESIAN_POINT('',(-2.253398229847E0,-2.824696985737E0,
4.519373013186E0));
#1745=CARTESIAN_POINT('',(-2.268648647879E0,-2.770955563914E0,
4.511751105013E0));
#1746=CARTESIAN_POINT('',(-2.293964753075E0,-2.720194632536E0,
4.498955962828E0));
#1747=CARTESIAN_POINT('',(-2.329184218100E0,-2.674125707873E0,
4.480856121492E0));
#1748=CARTESIAN_POINT('',(-2.373723988151E0,-2.634781460077E0,
4.457460329321E0));
#1749=CARTESIAN_POINT('',(-2.426634347186E0,-2.604216408742E0,
4.428919905713E0));
#1750=CARTESIAN_POINT('',(-2.486180035239E0,-2.584609677391E0,
4.395804034874E0));
#1751=CARTESIAN_POINT('',(-2.528497510935E0,-2.58E0,4.371478117279E0));
#1752=CARTESIAN_POINT('',(-2.55E0,-2.58E0,4.358898943541E0));
#1754=DIRECTION('',(0.E0,0.E0,-1.E0));
#1755=VECTOR('',#1754,2.706462431926E-1);
#1756=CARTESIAN_POINT('',(2.25E0,-5.28E0,5.562148865322E0));
#1757=LINE('',#1756,#1755);
#1758=DIRECTION('',(0.E0,0.E0,1.E0));
#1759=VECTOR('',#1758,2.706462431926E-1);
#1760=CARTESIAN_POINT('',(-2.25E0,-5.28E0,5.291502622129E0));
#1761=LINE('',#1760,#1759);
#1762=CARTESIAN_POINT('',(0.E0,-5.28E0,0.E0));
#1763=DIRECTION('',(0.E0,1.E0,0.E0));
#1764=DIRECTION('',(-3.75E-1,0.E0,9.270248108870E-1));
#1765=AXIS2_PLACEMENT_3D('',#1762,#1763,#1764);
#1767=CARTESIAN_POINT('',(7.178940572103E-1,-4.08E0,5.452946737556E0));
#1768=CARTESIAN_POINT('',(-7.178940572103E-1,-4.08E0,5.452946737556E0));
#1769=VERTEX_POINT('',#1767);
#1770=VERTEX_POINT('',#1768);
#1771=CARTESIAN_POINT('',(6.513256991781E-1,-4.28E0,4.947309858255E0));
#1772=CARTESIAN_POINT('',(6.433320056993E-1,-3.58E0,4.886591728138E0));
#1773=VERTEX_POINT('',#1771);
#1774=VERTEX_POINT('',#1772);
#1775=CARTESIAN_POINT('',(-6.513256991781E-1,-4.28E0,4.947309858255E0));
#1776=CARTESIAN_POINT('',(-6.433320056993E-1,-3.58E0,4.886591728138E0));
#1777=VERTEX_POINT('',#1775);
#1778=VERTEX_POINT('',#1776);
#1779=CARTESIAN_POINT('',(7.178940572103E-1,-4.08E0,-5.452946737556E0));
#1780=CARTESIAN_POINT('',(-7.178940572103E-1,-4.08E0,-5.452946737556E0));
#1781=VERTEX_POINT('',#1779);
#1782=VERTEX_POINT('',#1780);
#1783=CARTESIAN_POINT('',(6.513256991781E-1,-4.28E0,-4.947309858255E0));
#1784=CARTESIAN_POINT('',(6.433320056993E-1,-3.58E0,-4.886591728138E0));
#1785=VERTEX_POINT('',#1783);
#1786=VERTEX_POINT('',#1784);
#1787=CARTESIAN_POINT('',(-6.513256991781E-1,-4.28E0,-4.947309858255E0));
#1788=CARTESIAN_POINT('',(-6.433320056993E-1,-3.58E0,-4.886591728138E0));
#1789=VERTEX_POINT('',#1787);
#1790=VERTEX_POINT('',#1788);
#1791=CARTESIAN_POINT('',(0.E0,-5.08E0,-1.75E0));
#1792=CARTESIAN_POINT('',(0.E0,-6.63E0,-1.6E0));
#1793=VERTEX_POINT('',#1791);
#1794=VERTEX_POINT('',#1792);
#1795=CARTESIAN_POINT('',(0.E0,-5.08E0,1.75E0));
#1796=CARTESIAN_POINT('',(0.E0,-6.63E0,1.6E0));
#1797=VERTEX_POINT('',#1795);
#1798=VERTEX_POINT('',#1796);
#1799=CARTESIAN_POINT('',(-4.5E0,-5.08E0,-2.156409052105E0));
#1800=CARTESIAN_POINT('',(-4.5E0,-5.08E0,2.156409052105E0));
#1801=VERTEX_POINT('',#1799);
#1802=VERTEX_POINT('',#1800);
#1803=CARTESIAN_POINT('',(2.E0,-6.63E0,-3.5E0));
#1804=CARTESIAN_POINT('',(-2.E0,-6.63E0,-3.5E0));
#1805=VERTEX_POINT('',#1803);
#1806=VERTEX_POINT('',#1804);
#1807=CARTESIAN_POINT('',(2.E0,-5.08E0,-3.5E0));
#1808=CARTESIAN_POINT('',(-2.E0,-5.08E0,-3.5E0));
#1809=VERTEX_POINT('',#1807);
#1810=VERTEX_POINT('',#1808);
#1811=CARTESIAN_POINT('',(-2.E0,-6.63E0,-4.418427322023E0));
#1812=CARTESIAN_POINT('',(2.E0,-6.63E0,-4.418427322023E0));
#1813=VERTEX_POINT('',#1811);
#1814=VERTEX_POINT('',#1812);
#1815=CARTESIAN_POINT('',(-2.E0,-5.08E0,-4.507443799844E0));
#1816=CARTESIAN_POINT('',(2.E0,-5.08E0,-4.507443799844E0));
#1817=VERTEX_POINT('',#1815);
#1818=VERTEX_POINT('',#1816);
#1819=CARTESIAN_POINT('',(2.E0,-6.63E0,3.5E0));
#1820=CARTESIAN_POINT('',(-2.E0,-6.63E0,3.5E0));
#1821=VERTEX_POINT('',#1819);
#1822=VERTEX_POINT('',#1820);
#1823=CARTESIAN_POINT('',(2.E0,-5.08E0,3.5E0));
#1824=CARTESIAN_POINT('',(-2.E0,-5.08E0,3.5E0));
#1825=VERTEX_POINT('',#1823);
#1826=VERTEX_POINT('',#1824);
#1827=CARTESIAN_POINT('',(-2.E0,-6.63E0,4.418427322023E0));
#1828=CARTESIAN_POINT('',(2.E0,-6.63E0,4.418427322023E0));
#1829=VERTEX_POINT('',#1827);
#1830=VERTEX_POINT('',#1828);
#1831=CARTESIAN_POINT('',(-2.E0,-5.08E0,4.507443799844E0));
#1832=CARTESIAN_POINT('',(2.E0,-5.08E0,4.507443799844E0));
#1833=VERTEX_POINT('',#1831);
#1834=VERTEX_POINT('',#1832);
#1835=CARTESIAN_POINT('',(-4.4E0,-6.63E0,0.E0));
#1836=CARTESIAN_POINT('',(-3.2E0,-6.63E0,0.E0));
#1837=VERTEX_POINT('',#1835);
#1838=VERTEX_POINT('',#1836);
#1839=CARTESIAN_POINT('',(-4.481232057889E0,-5.08E0,0.E0));
#1840=CARTESIAN_POINT('',(-3.118767942111E0,-5.08E0,0.E0));
#1841=VERTEX_POINT('',#1839);
#1842=VERTEX_POINT('',#1840);
#1843=CARTESIAN_POINT('',(3.2E0,-6.63E0,0.E0));
#1844=CARTESIAN_POINT('',(4.4E0,-6.63E0,0.E0));
#1845=VERTEX_POINT('',#1843);
#1846=VERTEX_POINT('',#1844);
#1847=CARTESIAN_POINT('',(3.118767942111E0,-5.08E0,0.E0));
#1848=CARTESIAN_POINT('',(4.481232057889E0,-5.08E0,0.E0));
#1849=VERTEX_POINT('',#1847);
#1850=VERTEX_POINT('',#1848);
#1851=CARTESIAN_POINT('',(-2.1E0,-1.005E1,2.5E0));
#1852=CARTESIAN_POINT('',(-2.9E0,-1.005E1,2.5E0));
#1853=VERTEX_POINT('',#1851);
#1854=VERTEX_POINT('',#1852);
#1855=CARTESIAN_POINT('',(2.1E0,-1.005E1,2.5E0));
#1856=CARTESIAN_POINT('',(2.9E0,-1.005E1,2.5E0));
#1857=VERTEX_POINT('',#1855);
#1858=VERTEX_POINT('',#1856);
#1859=CARTESIAN_POINT('',(-2.1E0,-5.08E0,2.5E0));
#1860=CARTESIAN_POINT('',(-2.9E0,-5.08E0,2.5E0));
#1861=VERTEX_POINT('',#1859);
#1862=VERTEX_POINT('',#1860);
#1863=CARTESIAN_POINT('',(2.1E0,-5.08E0,2.5E0));
#1864=CARTESIAN_POINT('',(2.9E0,-5.08E0,2.5E0));
#1865=VERTEX_POINT('',#1863);
#1866=VERTEX_POINT('',#1864);
#1867=CARTESIAN_POINT('',(-2.1E0,-1.005E1,-2.5E0));
#1868=CARTESIAN_POINT('',(-2.9E0,-1.005E1,-2.5E0));
#1869=VERTEX_POINT('',#1867);
#1870=VERTEX_POINT('',#1868);
#1871=CARTESIAN_POINT('',(2.1E0,-1.005E1,-2.5E0));
#1872=CARTESIAN_POINT('',(2.9E0,-1.005E1,-2.5E0));
#1873=VERTEX_POINT('',#1871);
#1874=VERTEX_POINT('',#1872);
#1875=CARTESIAN_POINT('',(-2.1E0,-5.08E0,-2.5E0));
#1876=CARTESIAN_POINT('',(-2.9E0,-5.08E0,-2.5E0));
#1877=VERTEX_POINT('',#1875);
#1878=VERTEX_POINT('',#1876);
#1879=CARTESIAN_POINT('',(2.1E0,-5.08E0,-2.5E0));
#1880=CARTESIAN_POINT('',(2.9E0,-5.08E0,-2.5E0));
#1881=VERTEX_POINT('',#1879);
#1882=VERTEX_POINT('',#1880);
#1883=CARTESIAN_POINT('',(-5.4E0,6.7E-1,-2.615339366124E0));
#1884=CARTESIAN_POINT('',(-5.4E0,6.7E-1,2.615339366124E0));
#1885=VERTEX_POINT('',#1883);
#1886=VERTEX_POINT('',#1884);
#1887=CARTESIAN_POINT('',(-5.4E0,-5.28E0,-2.615339366124E0));
#1888=CARTESIAN_POINT('',(-5.4E0,-5.28E0,2.615339366124E0));
#1889=VERTEX_POINT('',#1887);
#1890=VERTEX_POINT('',#1888);
#1891=CARTESIAN_POINT('',(-3.5E0,-5.28E0,4.873397172404E0));
#1892=VERTEX_POINT('',#1891);
#1893=CARTESIAN_POINT('',(-2.25E0,-5.28E0,5.562148865322E0));
#1894=CARTESIAN_POINT('',(2.25E0,-5.28E0,5.562148865322E0));
#1895=VERTEX_POINT('',#1893);
#1896=VERTEX_POINT('',#1894);
#1897=CARTESIAN_POINT('',(3.5E0,-5.28E0,4.873397172404E0));
#1898=CARTESIAN_POINT('',(3.5E0,-5.28E0,-4.873397172404E0));
#1899=VERTEX_POINT('',#1897);
#1900=VERTEX_POINT('',#1898);
#1901=CARTESIAN_POINT('',(2.25E0,-5.28E0,-5.562148865322E0));
#1902=CARTESIAN_POINT('',(-2.25E0,-5.28E0,-5.562148865322E0));
#1903=VERTEX_POINT('',#1901);
#1904=VERTEX_POINT('',#1902);
#1905=CARTESIAN_POINT('',(-3.5E0,-5.28E0,-4.873397172404E0));
#1906=VERTEX_POINT('',#1905);
#1907=CARTESIAN_POINT('',(-1.05E0,-4.28E0,5.907410600255E0));
#1908=CARTESIAN_POINT('',(1.05E0,-4.28E0,5.907410600255E0));
#1909=VERTEX_POINT('',#1907);
#1910=VERTEX_POINT('',#1908);
#1911=CARTESIAN_POINT('',(1.05E0,-4.28E0,-5.907410600255E0));
#1912=CARTESIAN_POINT('',(-1.05E0,-4.28E0,-5.907410600255E0));
#1913=VERTEX_POINT('',#1911);
#1914=VERTEX_POINT('',#1912);
#1915=CARTESIAN_POINT('',(1.05E0,-4.28E0,-4.939635614091E0));
#1916=VERTEX_POINT('',#1915);
#1917=CARTESIAN_POINT('',(-1.05E0,-4.28E0,-4.939635614091E0));
#1918=VERTEX_POINT('',#1917);
#1919=CARTESIAN_POINT('',(-1.05E0,-4.28E0,4.939635614091E0));
#1920=VERTEX_POINT('',#1919);
#1921=CARTESIAN_POINT('',(1.05E0,-4.28E0,4.939635614091E0));
#1922=VERTEX_POINT('',#1921);
#1923=CARTESIAN_POINT('',(-1.55E0,6.7E-1,-4.147505085831E0));
#1924=CARTESIAN_POINT('',(-1.55E0,6.7E-1,-5.796335048977E0));
#1925=VERTEX_POINT('',#1923);
#1926=VERTEX_POINT('',#1924);
#1927=VERTEX_POINT('',#650);
#1928=CARTESIAN_POINT('',(-1.05E0,1.7E-1,-4.822400792696E0));
#1929=VERTEX_POINT('',#1928);
#1930=CARTESIAN_POINT('',(1.55E0,6.7E-1,-5.796335048977E0));
#1931=CARTESIAN_POINT('',(1.55E0,6.7E-1,-4.147505085831E0));
#1932=VERTEX_POINT('',#1930);
#1933=VERTEX_POINT('',#1931);
#1934=CARTESIAN_POINT('',(1.05E0,1.7E-1,-5.907410600255E0));
#1935=CARTESIAN_POINT('',(1.05E0,1.7E-1,-4.822400792696E0));
#1936=VERTEX_POINT('',#1934);
#1937=VERTEX_POINT('',#1935);
#1938=CARTESIAN_POINT('',(1.55E0,6.7E-1,5.796335048977E0));
#1939=VERTEX_POINT('',#1938);
#1940=CARTESIAN_POINT('',(-2.25E0,-5.28E0,5.291502622129E0));
#1941=CARTESIAN_POINT('',(2.25E0,-5.28E0,5.291502622129E0));
#1942=VERTEX_POINT('',#1940);
#1943=VERTEX_POINT('',#1941);
#1944=CARTESIAN_POINT('',(2.25E0,-5.28E0,-5.291502622129E0));
#1945=CARTESIAN_POINT('',(-2.25E0,-5.28E0,-5.291502622129E0));
#1946=VERTEX_POINT('',#1944);
#1947=VERTEX_POINT('',#1945);
#1948=CARTESIAN_POINT('',(-4.45E0,-4.78E0,2.387467277263E0));
#1949=CARTESIAN_POINT('',(-3.5E0,-4.78E0,3.640398329853E0));
#1950=VERTEX_POINT('',#1948);
#1951=VERTEX_POINT('',#1949);
#1952=CARTESIAN_POINT('',(-4.95E0,-5.28E0,2.509980079602E0));
#1953=CARTESIAN_POINT('',(-3.5E0,-5.28E0,4.307261310856E0));
#1954=VERTEX_POINT('',#1952);
#1955=VERTEX_POINT('',#1953);
#1956=CARTESIAN_POINT('',(-4.95E0,-5.28E0,-2.509980079602E0));
#1957=VERTEX_POINT('',#1956);
#1958=CARTESIAN_POINT('',(-3.5E0,-4.78E0,-3.640398329853E0));
#1959=CARTESIAN_POINT('',(-4.45E0,-4.78E0,-2.387467277263E0));
#1960=VERTEX_POINT('',#1958);
#1961=VERTEX_POINT('',#1959);
#1962=CARTESIAN_POINT('',(-3.5E0,-5.28E0,-4.307261310856E0));
#1963=VERTEX_POINT('',#1962);
#1964=CARTESIAN_POINT('',(3.5E0,-4.78E0,3.640398329853E0));
#1965=CARTESIAN_POINT('',(3.5E0,-4.78E0,-3.640398329853E0));
#1966=VERTEX_POINT('',#1964);
#1967=VERTEX_POINT('',#1965);
#1968=CARTESIAN_POINT('',(3.5E0,-5.28E0,4.307261310856E0));
#1969=CARTESIAN_POINT('',(3.5E0,-5.28E0,-4.307261310856E0));
#1970=VERTEX_POINT('',#1968);
#1971=VERTEX_POINT('',#1969);
#1972=CARTESIAN_POINT('',(-2.25E0,-5.023960303327E0,4.800829860936E0));
#1973=CARTESIAN_POINT('',(2.25E0,-5.023960303327E0,4.800829860936E0));
#1974=VERTEX_POINT('',#1972);
#1975=VERTEX_POINT('',#1973);
#1976=VERTEX_POINT('',#1678);
#1977=CARTESIAN_POINT('',(-2.25E0,-4.589838732264E0,4.521061822183E0));
#1978=VERTEX_POINT('',#1977);
#1979=CARTESIAN_POINT('',(2.25E0,-5.023960303327E0,-4.800829860936E0));
#1980=CARTESIAN_POINT('',(-2.25E0,-5.023960303327E0,-4.800829860936E0));
#1981=VERTEX_POINT('',#1979);
#1982=VERTEX_POINT('',#1980);
#1983=VERTEX_POINT('',#896);
#1984=CARTESIAN_POINT('',(2.25E0,-4.589838732264E0,-4.521061822183E0));
#1985=VERTEX_POINT('',#1984);
#1986=CARTESIAN_POINT('',(3.5E0,-2.88E0,4.873397172404E0));
#1987=CARTESIAN_POINT('',(3.5E0,-2.88E0,3.640398329853E0));
#1988=VERTEX_POINT('',#1986);
#1989=VERTEX_POINT('',#1987);
#1990=CARTESIAN_POINT('',(2.25E0,-2.88E0,4.521061822183E0));
#1991=CARTESIAN_POINT('',(2.25E0,-2.88E0,5.562148865322E0));
#1992=VERTEX_POINT('',#1990);
#1993=VERTEX_POINT('',#1991);
#1994=CARTESIAN_POINT('',(-3.5E0,-2.88E0,3.640398329853E0));
#1995=CARTESIAN_POINT('',(-3.5E0,-2.88E0,4.873397172404E0));
#1996=VERTEX_POINT('',#1994);
#1997=VERTEX_POINT('',#1995);
#1998=CARTESIAN_POINT('',(-2.25E0,-2.88E0,5.562148865322E0));
#1999=CARTESIAN_POINT('',(-2.25E0,-2.88E0,4.521061822183E0));
#2000=VERTEX_POINT('',#1998);
#2001=VERTEX_POINT('',#1999);
#2002=CARTESIAN_POINT('',(3.5E0,-2.88E0,-3.640398329853E0));
#2003=CARTESIAN_POINT('',(3.5E0,-2.88E0,-4.873397172404E0));
#2004=VERTEX_POINT('',#2002);
#2005=VERTEX_POINT('',#2003);
#2006=CARTESIAN_POINT('',(-3.5E0,-2.88E0,-4.873397172404E0));
#2007=CARTESIAN_POINT('',(-3.5E0,-2.88E0,-3.640398329853E0));
#2008=VERTEX_POINT('',#2006);
#2009=VERTEX_POINT('',#2007);
#2010=CARTESIAN_POINT('',(-2.25E0,-2.88E0,-4.521061822183E0));
#2011=CARTESIAN_POINT('',(-2.25E0,-2.88E0,-5.562148865322E0));
#2012=VERTEX_POINT('',#2010);
#2013=VERTEX_POINT('',#2011);
#2014=CARTESIAN_POINT('',(2.25E0,-2.88E0,-5.562148865322E0));
#2015=CARTESIAN_POINT('',(2.25E0,-2.88E0,-4.521061822183E0));
#2016=VERTEX_POINT('',#2014);
#2017=VERTEX_POINT('',#2015);
#2018=CARTESIAN_POINT('',(-3.2E0,-2.58E0,5.075431016180E0));
#2019=CARTESIAN_POINT('',(-2.55E0,-2.58E0,5.431160097070E0));
#2020=VERTEX_POINT('',#2018);
#2021=VERTEX_POINT('',#2019);
#2022=CARTESIAN_POINT('',(2.55E0,-2.58E0,5.431160097070E0));
#2023=CARTESIAN_POINT('',(3.2E0,-2.58E0,5.075431016180E0));
#2024=VERTEX_POINT('',#2022);
#2025=VERTEX_POINT('',#2023);
#2026=CARTESIAN_POINT('',(3.2E0,-2.58E0,-5.075431016180E0));
#2027=CARTESIAN_POINT('',(2.55E0,-2.58E0,-5.431160097070E0));
#2028=VERTEX_POINT('',#2026);
#2029=VERTEX_POINT('',#2027);
#2030=CARTESIAN_POINT('',(-2.55E0,-2.58E0,-5.431160097070E0));
#2031=CARTESIAN_POINT('',(-3.2E0,-2.58E0,-5.075431016180E0));
#2032=VERTEX_POINT('',#2030);
#2033=VERTEX_POINT('',#2031);
#2034=CARTESIAN_POINT('',(-1.05E0,-4.8E-1,4.939635614091E0));
#2035=CARTESIAN_POINT('',(1.05E0,-4.8E-1,4.939635614091E0));
#2036=VERTEX_POINT('',#2034);
#2037=VERTEX_POINT('',#2035);
#2038=CARTESIAN_POINT('',(-1.05E0,-4.8E-1,-4.939635614091E0));
#2039=CARTESIAN_POINT('',(1.05E0,-4.8E-1,-4.939635614091E0));
#2040=VERTEX_POINT('',#2038);
#2041=VERTEX_POINT('',#2039);
#2042=CARTESIAN_POINT('',(1.55E0,6.7E-1,4.147505085831E0));
#2043=VERTEX_POINT('',#2042);
#2044=VERTEX_POINT('',#1063);
#2045=CARTESIAN_POINT('',(1.05E0,1.7E-1,4.822400792696E0));
#2046=VERTEX_POINT('',#2045);
#2047=CARTESIAN_POINT('',(-1.55E0,6.7E-1,4.147505085831E0));
#2048=VERTEX_POINT('',#2047);
#2049=CARTESIAN_POINT('',(-1.55E0,6.7E-1,5.796335048977E0));
#2050=VERTEX_POINT('',#2049);
#2051=CARTESIAN_POINT('',(-1.05E0,1.7E-1,5.907410600255E0));
#2052=CARTESIAN_POINT('',(-1.05E0,1.7E-1,4.822400792696E0));
#2053=VERTEX_POINT('',#2051);
#2054=VERTEX_POINT('',#2052);
#2055=VERTEX_POINT('',#703);
#2056=VERTEX_POINT('',#715);
#2057=VERTEX_POINT('',#1141);
#2058=VERTEX_POINT('',#1124);
#2059=CARTESIAN_POINT('',(-3.85E0,6.7E-1,-2.850152304844E0));
#2060=CARTESIAN_POINT('',(-3.85E0,6.7E-1,2.850152304844E0));
#2061=VERTEX_POINT('',#2059);
#2062=VERTEX_POINT('',#2060);
#2063=CARTESIAN_POINT('',(-2.850152304844E0,6.7E-1,3.85E0));
#2064=CARTESIAN_POINT('',(2.850152304844E0,6.7E-1,3.85E0));
#2065=VERTEX_POINT('',#2063);
#2066=VERTEX_POINT('',#2064);
#2067=CARTESIAN_POINT('',(3.85E0,6.7E-1,2.850152304844E0));
#2068=CARTESIAN_POINT('',(3.85E0,6.7E-1,-2.850152304844E0));
#2069=VERTEX_POINT('',#2067);
#2070=VERTEX_POINT('',#2068);
#2071=CARTESIAN_POINT('',(2.850152304844E0,6.7E-1,-3.85E0));
#2072=CARTESIAN_POINT('',(-2.850152304844E0,6.7E-1,-3.85E0));
#2073=VERTEX_POINT('',#2071);
#2074=VERTEX_POINT('',#2072);
#2075=VERTEX_POINT('',#1256);
#2076=VERTEX_POINT('',#1268);
#2077=VERTEX_POINT('',#1333);
#2078=VERTEX_POINT('',#1345);
#2079=CARTESIAN_POINT('',(-3.481879548367E0,4.869999999993E0,2.781986161757E0));
#2080=VERTEX_POINT('',#2079);
#2081=CARTESIAN_POINT('',(-3.781832728802E0,4.575235702241E0,2.781986161442E0));
#2082=VERTEX_POINT('',#2081);
#2083=VERTEX_POINT('',#1322);
#2084=VERTEX_POINT('',#1483);
#2085=CARTESIAN_POINT('',(2.781986161757E0,4.869999999993E0,3.481879548367E0));
#2086=VERTEX_POINT('',#2085);
#2087=CARTESIAN_POINT('',(2.781986161442E0,4.575235702241E0,3.781832728802E0));
#2088=VERTEX_POINT('',#2087);
#2089=VERTEX_POINT('',#1304);
#2090=VERTEX_POINT('',#1437);
#2091=CARTESIAN_POINT('',(3.481879548367E0,4.869999999993E0,-2.781986161757E0));
#2092=VERTEX_POINT('',#2091);
#2093=CARTESIAN_POINT('',(3.781832728802E0,4.575235702241E0,-2.781986161442E0));
#2094=VERTEX_POINT('',#2093);
#2095=VERTEX_POINT('',#1286);
#2096=VERTEX_POINT('',#1391);
#2097=CARTESIAN_POINT('',(-4.45E0,-2.58E0,2.387467277263E0));
#2098=CARTESIAN_POINT('',(-3.2E0,-2.58E0,3.906724971124E0));
#2099=VERTEX_POINT('',#2097);
#2100=VERTEX_POINT('',#2098);
#2101=CARTESIAN_POINT('',(-2.55E0,-2.58E0,4.358898943541E0));
#2102=CARTESIAN_POINT('',(-1.05E0,-2.58E0,4.939635614091E0));
#2103=VERTEX_POINT('',#2101);
#2104=VERTEX_POINT('',#2102);
#2105=CARTESIAN_POINT('',(1.05E0,-2.58E0,4.939635614091E0));
#2106=CARTESIAN_POINT('',(2.55E0,-2.58E0,4.358898943541E0));
#2107=VERTEX_POINT('',#2105);
#2108=VERTEX_POINT('',#2106);
#2109=CARTESIAN_POINT('',(3.2E0,-2.58E0,3.906724971124E0));
#2110=CARTESIAN_POINT('',(3.2E0,-2.58E0,-3.906724971124E0));
#2111=VERTEX_POINT('',#2109);
#2112=VERTEX_POINT('',#2110);
#2113=CARTESIAN_POINT('',(2.55E0,-2.58E0,-4.358898943541E0));
#2114=CARTESIAN_POINT('',(1.05E0,-2.58E0,-4.939635614091E0));
#2115=VERTEX_POINT('',#2113);
#2116=VERTEX_POINT('',#2114);
#2117=CARTESIAN_POINT('',(-1.05E0,-2.58E0,-4.939635614091E0));
#2118=CARTESIAN_POINT('',(-2.55E0,-2.58E0,-4.358898943541E0));
#2119=VERTEX_POINT('',#2117);
#2120=VERTEX_POINT('',#2118);
#2121=CARTESIAN_POINT('',(-3.2E0,-2.58E0,-3.906724971124E0));
#2122=CARTESIAN_POINT('',(-4.45E0,-2.58E0,-2.387467277263E0));
#2123=VERTEX_POINT('',#2121);
#2124=VERTEX_POINT('',#2122);
#2125=VERTEX_POINT('',#1);
#2126=VERTEX_POINT('',#6);
#2127=VERTEX_POINT('',#13);
#2128=VERTEX_POINT('',#18);
#2129=CARTESIAN_POINT('',(-4.45E0,-4.78E0,2.257786526667E0));
#2130=VERTEX_POINT('',#2129);
#2131=CARTESIAN_POINT('',(-4.45E0,-4.78E0,-2.257786526667E0));
#2132=VERTEX_POINT('',#2131);
#2133=VERTEX_POINT('',#57);
#2134=VERTEX_POINT('',#50);
#2135=CARTESIAN_POINT('',(7.178940572103E-1,-4.28E0,5.452946737556E0));
#2136=CARTESIAN_POINT('',(6.591572707113E-1,-4.28E0,5.006796549938E0));
#2137=VERTEX_POINT('',#2135);
#2138=VERTEX_POINT('',#2136);
#2139=CARTESIAN_POINT('',(-7.178940572103E-1,-4.28E0,5.452946737556E0));
#2140=CARTESIAN_POINT('',(-6.591572707113E-1,-4.28E0,5.006796549938E0));
#2141=VERTEX_POINT('',#2139);
#2142=VERTEX_POINT('',#2140);
#2143=CARTESIAN_POINT('',(7.178940572103E-1,-4.28E0,-5.452946737556E0));
#2144=CARTESIAN_POINT('',(6.591572707113E-1,-4.28E0,-5.006796549938E0));
#2145=VERTEX_POINT('',#2143);
#2146=VERTEX_POINT('',#2144);
#2147=CARTESIAN_POINT('',(-7.178940572103E-1,-4.28E0,-5.452946737556E0));
#2148=CARTESIAN_POINT('',(-6.591572707113E-1,-4.28E0,-5.006796549938E0));
#2149=VERTEX_POINT('',#2147);
#2150=VERTEX_POINT('',#2148);
#2151=CARTESIAN_POINT('',(0.E0,-3.43E0,0.E0));
#2152=DIRECTION('',(0.E0,-1.E0,0.E0));
#2153=DIRECTION('',(-1.E0,0.E0,0.E0));
#2154=AXIS2_PLACEMENT_3D('',#2151,#2152,#2153);
#2155=CONICAL_SURFACE('',#2154,4.915634636003E0,5.E0);
#2157=ORIENTED_EDGE('',*,*,#2156,.F.);
#2159=ORIENTED_EDGE('',*,*,#2158,.T.);
#2161=ORIENTED_EDGE('',*,*,#2160,.F.);
#2163=ORIENTED_EDGE('',*,*,#2162,.T.);
#2165=ORIENTED_EDGE('',*,*,#2164,.T.);
#2167=ORIENTED_EDGE('',*,*,#2166,.F.);
#2169=ORIENTED_EDGE('',*,*,#2168,.F.);
#2171=ORIENTED_EDGE('',*,*,#2170,.F.);
#2173=ORIENTED_EDGE('',*,*,#2172,.T.);
#2175=ORIENTED_EDGE('',*,*,#2174,.F.);
#2177=ORIENTED_EDGE('',*,*,#2176,.F.);
#2179=ORIENTED_EDGE('',*,*,#2178,.F.);
#2180=EDGE_LOOP('',(#2157,#2159,#2161,#2163,#2165,#2167,#2169,#2171,#2173,#2175,
#2177,#2179));
#2181=FACE_OUTER_BOUND('',#2180,.F.);
#2182=ADVANCED_FACE('',(#2181),#2155,.T.);
#2183=CARTESIAN_POINT('',(-4.45E0,-5.28E0,-2.615339366124E0));
#2184=DIRECTION('',(1.E0,0.E0,0.E0));
#2185=DIRECTION('',(0.E0,1.E0,0.E0));
#2186=AXIS2_PLACEMENT_3D('',#2183,#2184,#2185);
#2187=PLANE('',#2186);
#2188=ORIENTED_EDGE('',*,*,#2156,.T.);
#2190=ORIENTED_EDGE('',*,*,#2189,.F.);
#2192=ORIENTED_EDGE('',*,*,#2191,.T.);
#2194=ORIENTED_EDGE('',*,*,#2193,.T.);
#2196=ORIENTED_EDGE('',*,*,#2195,.F.);
#2197=EDGE_LOOP('',(#2188,#2190,#2192,#2194,#2196));
#2198=FACE_OUTER_BOUND('',#2197,.F.);
#2199=ADVANCED_FACE('',(#2198),#2187,.T.);
#2200=CARTESIAN_POINT('',(0.E0,-5.22E0,0.E0));
#2201=DIRECTION('',(0.E0,1.E0,0.E0));
#2202=DIRECTION('',(1.E0,0.E0,0.E0));
#2203=AXIS2_PLACEMENT_3D('',#2200,#2201,#2202);
#2204=CYLINDRICAL_SURFACE('',#2203,4.99E0);
#2205=ORIENTED_EDGE('',*,*,#2189,.T.);
#2206=ORIENTED_EDGE('',*,*,#2178,.T.);
#2208=ORIENTED_EDGE('',*,*,#2207,.T.);
#2209=ORIENTED_EDGE('',*,*,#2170,.T.);
#2211=ORIENTED_EDGE('',*,*,#2210,.T.);
#2212=ORIENTED_EDGE('',*,*,#2162,.F.);
#2214=ORIENTED_EDGE('',*,*,#2213,.F.);
#2216=ORIENTED_EDGE('',*,*,#2215,.T.);
#2218=ORIENTED_EDGE('',*,*,#2217,.F.);
#2220=ORIENTED_EDGE('',*,*,#2219,.T.);
#2222=ORIENTED_EDGE('',*,*,#2221,.T.);
#2224=ORIENTED_EDGE('',*,*,#2223,.T.);
#2225=EDGE_LOOP('',(#2205,#2206,#2208,#2209,#2211,#2212,#2214,#2216,#2218,#2220,
#2222,#2224));
#2226=FACE_OUTER_BOUND('',#2225,.F.);
#2227=ADVANCED_FACE('',(#2226),#2204,.T.);
#2228=CARTESIAN_POINT('',(0.E0,-4.28E0,0.E0));
#2229=DIRECTION('',(0.E0,-1.E0,0.E0));
#2230=DIRECTION('',(-1.305261922201E-1,0.E0,-9.914448613738E-1));
#2231=AXIS2_PLACEMENT_3D('',#2228,#2229,#2230);
#2232=PLANE('',#2231);
#2234=ORIENTED_EDGE('',*,*,#2233,.T.);
#2236=ORIENTED_EDGE('',*,*,#2235,.F.);
#2237=ORIENTED_EDGE('',*,*,#2207,.F.);
#2239=ORIENTED_EDGE('',*,*,#2238,.T.);
#2240=EDGE_LOOP('',(#2234,#2236,#2237,#2239));
#2241=FACE_OUTER_BOUND('',#2240,.F.);
#2242=ADVANCED_FACE('',(#2241),#2232,.T.);
#2243=CARTESIAN_POINT('',(0.E0,-1.08E0,0.E0));
#2244=DIRECTION('',(0.E0,1.E0,0.E0));
#2245=DIRECTION('',(9.E-1,0.E0,-4.358898943541E-1));
#2246=AXIS2_PLACEMENT_3D('',#2243,#2244,#2245);
#2247=CYLINDRICAL_SURFACE('',#2246,5.05E0);
#2249=ORIENTED_EDGE('',*,*,#2248,.F.);
#2251=ORIENTED_EDGE('',*,*,#2250,.T.);
#2253=ORIENTED_EDGE('',*,*,#2252,.F.);
#2255=ORIENTED_EDGE('',*,*,#2254,.F.);
#2257=ORIENTED_EDGE('',*,*,#2256,.F.);
#2259=ORIENTED_EDGE('',*,*,#2258,.T.);
#2261=ORIENTED_EDGE('',*,*,#2260,.T.);
#2263=ORIENTED_EDGE('',*,*,#2262,.F.);
#2265=ORIENTED_EDGE('',*,*,#2264,.F.);
#2267=ORIENTED_EDGE('',*,*,#2266,.F.);
#2269=ORIENTED_EDGE('',*,*,#2268,.F.);
#2270=ORIENTED_EDGE('',*,*,#2233,.F.);
#2271=EDGE_LOOP('',(#2249,#2251,#2253,#2255,#2257,#2259,#2261,#2263,#2265,#2267,
#2269,#2270));
#2272=FACE_OUTER_BOUND('',#2271,.F.);
#2273=ADVANCED_FACE('',(#2272),#2247,.F.);
#2274=CARTESIAN_POINT('',(0.E0,-4.28E0,0.E0));
#2275=DIRECTION('',(0.E0,1.E0,0.E0));
#2276=DIRECTION('',(1.E0,0.E0,0.E0));
#2277=AXIS2_PLACEMENT_3D('',#2274,#2275,#2276);
#2278=PLANE('',#2277);
#2280=ORIENTED_EDGE('',*,*,#2279,.T.);
#2281=ORIENTED_EDGE('',*,*,#2268,.T.);
#2283=ORIENTED_EDGE('',*,*,#2282,.F.);
#2285=ORIENTED_EDGE('',*,*,#2284,.F.);
#2287=ORIENTED_EDGE('',*,*,#2286,.F.);
#2288=ORIENTED_EDGE('',*,*,#2248,.T.);
#2290=ORIENTED_EDGE('',*,*,#2289,.F.);
#2292=ORIENTED_EDGE('',*,*,#2291,.F.);
#2293=EDGE_LOOP('',(#2280,#2281,#2283,#2285,#2287,#2288,#2290,#2292));
#2294=FACE_OUTER_BOUND('',#2293,.F.);
#2295=ADVANCED_FACE('',(#2294),#2278,.T.);
#2296=CARTESIAN_POINT('',(0.E0,-3.545E0,0.E0));
#2297=DIRECTION('',(-9.914448613738E-1,0.E0,1.305261922201E-1));
#2298=DIRECTION('',(-1.305261922201E-1,0.E0,-9.914448613738E-1));
#2299=AXIS2_PLACEMENT_3D('',#2296,#2297,#2298);
#2300=PLANE('',#2299);
#2301=ORIENTED_EDGE('',*,*,#2279,.F.);
#2303=ORIENTED_EDGE('',*,*,#2302,.T.);
#2305=ORIENTED_EDGE('',*,*,#2304,.T.);
#2306=ORIENTED_EDGE('',*,*,#2172,.F.);
#2307=ORIENTED_EDGE('',*,*,#2235,.T.);
#2308=EDGE_LOOP('',(#2301,#2303,#2305,#2306,#2307));
#2309=FACE_OUTER_BOUND('',#2308,.F.);
#2310=ADVANCED_FACE('',(#2309),#2300,.F.);
#2311=CARTESIAN_POINT('',(0.E0,-3.545E0,0.E0));
#2312=DIRECTION('',(0.E0,-1.E0,0.E0));
#2313=DIRECTION('',(-1.305261922201E-1,0.E0,-9.914448613738E-1));
#2314=AXIS2_PLACEMENT_3D('',#2311,#2312,#2313);
#2315=CYLINDRICAL_SURFACE('',#2314,5.5E0);
#2316=ORIENTED_EDGE('',*,*,#2291,.T.);
#2318=ORIENTED_EDGE('',*,*,#2317,.T.);
#2320=ORIENTED_EDGE('',*,*,#2319,.F.);
#2321=ORIENTED_EDGE('',*,*,#2302,.F.);
#2322=EDGE_LOOP('',(#2316,#2318,#2320,#2321));
#2323=FACE_OUTER_BOUND('',#2322,.F.);
#2324=ADVANCED_FACE('',(#2323),#2315,.T.);
#2325=CARTESIAN_POINT('',(0.E0,-3.545E0,0.E0));
#2326=DIRECTION('',(-9.914448613738E-1,0.E0,-1.305261922201E-1));
#2327=DIRECTION('',(1.305261922201E-1,0.E0,-9.914448613738E-1));
#2328=AXIS2_PLACEMENT_3D('',#2325,#2326,#2327);
#2329=PLANE('',#2328);
#2330=ORIENTED_EDGE('',*,*,#2289,.T.);
#2331=ORIENTED_EDGE('',*,*,#2238,.F.);
#2332=ORIENTED_EDGE('',*,*,#2176,.T.);
#2334=ORIENTED_EDGE('',*,*,#2333,.F.);
#2335=ORIENTED_EDGE('',*,*,#2317,.F.);
#2336=EDGE_LOOP('',(#2330,#2331,#2332,#2334,#2335));
#2337=FACE_OUTER_BOUND('',#2336,.F.);
#2338=ADVANCED_FACE('',(#2337),#2329,.T.);
#2339=CARTESIAN_POINT('',(0.E0,-3.83E0,0.E0));
#2340=DIRECTION('',(0.E0,-1.E0,0.E0));
#2341=DIRECTION('',(-1.305261922201E-1,0.E0,-9.914448613738E-1));
#2342=AXIS2_PLACEMENT_3D('',#2339,#2340,#2341);
#2343=CONICAL_SURFACE('',#2342,5.214378967766E0,4.880480556297E1);
#2344=ORIENTED_EDGE('',*,*,#2174,.T.);
#2345=ORIENTED_EDGE('',*,*,#2304,.F.);
#2346=ORIENTED_EDGE('',*,*,#2319,.T.);
#2347=ORIENTED_EDGE('',*,*,#2333,.T.);
#2348=EDGE_LOOP('',(#2344,#2345,#2346,#2347));
#2349=FACE_OUTER_BOUND('',#2348,.F.);
#2350=ADVANCED_FACE('',(#2349),#2343,.T.);
#2351=CARTESIAN_POINT('',(1.05E0,6.7E-1,5.907410600255E0));
#2352=DIRECTION('',(1.E0,0.E0,0.E0));
#2353=DIRECTION('',(0.E0,0.E0,-1.E0));
#2354=AXIS2_PLACEMENT_3D('',#2351,#2352,#2353);
#2355=PLANE('',#2354);
#2357=ORIENTED_EDGE('',*,*,#2356,.F.);
#2359=ORIENTED_EDGE('',*,*,#2358,.T.);
#2361=ORIENTED_EDGE('',*,*,#2360,.T.);
#2363=ORIENTED_EDGE('',*,*,#2362,.F.);
#2364=ORIENTED_EDGE('',*,*,#2282,.T.);
#2365=ORIENTED_EDGE('',*,*,#2266,.T.);
#2366=EDGE_LOOP('',(#2357,#2359,#2361,#2363,#2364,#2365));
#2367=FACE_OUTER_BOUND('',#2366,.F.);
#2368=ADVANCED_FACE('',(#2367),#2355,.F.);
#2369=CARTESIAN_POINT('',(0.E0,7.625E-1,0.E0));
#2370=DIRECTION('',(0.E0,-1.E0,0.E0));
#2371=DIRECTION('',(2.210526315789E-1,0.E0,9.752618797390E-1));
#2372=AXIS2_PLACEMENT_3D('',#2369,#2370,#2371);
#2373=CYLINDRICAL_SURFACE('',#2372,5.05E0);
#2375=ORIENTED_EDGE('',*,*,#2374,.T.);
#2377=ORIENTED_EDGE('',*,*,#2376,.T.);
#2379=ORIENTED_EDGE('',*,*,#2378,.T.);
#2380=ORIENTED_EDGE('',*,*,#2356,.T.);
#2381=EDGE_LOOP('',(#2375,#2377,#2379,#2380));
#2382=FACE_OUTER_BOUND('',#2381,.F.);
#2383=ADVANCED_FACE('',(#2382),#2373,.T.);
#2384=CARTESIAN_POINT('',(0.E0,-2.58E0,0.E0));
#2385=DIRECTION('',(0.E0,-1.E0,0.E0));
#2386=DIRECTION('',(1.E0,0.E0,0.E0));
#2387=AXIS2_PLACEMENT_3D('',#2384,#2385,#2386);
#2388=PLANE('',#2387);
#2389=ORIENTED_EDGE('',*,*,#2158,.F.);
#2390=ORIENTED_EDGE('',*,*,#2195,.T.);
#2392=ORIENTED_EDGE('',*,*,#2391,.T.);
#2394=ORIENTED_EDGE('',*,*,#2393,.T.);
#2396=ORIENTED_EDGE('',*,*,#2395,.T.);
#2398=ORIENTED_EDGE('',*,*,#2397,.T.);
#2399=ORIENTED_EDGE('',*,*,#2252,.T.);
#2400=ORIENTED_EDGE('',*,*,#2374,.F.);
#2401=ORIENTED_EDGE('',*,*,#2264,.T.);
#2403=ORIENTED_EDGE('',*,*,#2402,.T.);
#2405=ORIENTED_EDGE('',*,*,#2404,.T.);
#2407=ORIENTED_EDGE('',*,*,#2406,.T.);
#2409=ORIENTED_EDGE('',*,*,#2408,.T.);
#2411=ORIENTED_EDGE('',*,*,#2410,.T.);
#2413=ORIENTED_EDGE('',*,*,#2412,.T.);
#2415=ORIENTED_EDGE('',*,*,#2414,.T.);
#2417=ORIENTED_EDGE('',*,*,#2416,.T.);
#2419=ORIENTED_EDGE('',*,*,#2418,.F.);
#2421=ORIENTED_EDGE('',*,*,#2420,.T.);
#2423=ORIENTED_EDGE('',*,*,#2422,.T.);
#2425=ORIENTED_EDGE('',*,*,#2424,.T.);
#2427=ORIENTED_EDGE('',*,*,#2426,.T.);
#2429=ORIENTED_EDGE('',*,*,#2428,.T.);
#2431=ORIENTED_EDGE('',*,*,#2430,.T.);
#2432=EDGE_LOOP('',(#2389,#2390,#2392,#2394,#2396,#2398,#2399,#2400,#2401,#2403,
#2405,#2407,#2409,#2411,#2413,#2415,#2417,#2419,#2421,#2423,#2425,#2427,#2429,
#2431));
#2433=FACE_OUTER_BOUND('',#2432,.F.);
#2434=ADVANCED_FACE('',(#2433),#2388,.T.);
#2435=CARTESIAN_POINT('',(0.E0,-1.08E0,0.E0));
#2436=DIRECTION('',(0.E0,1.E0,0.E0));
#2437=DIRECTION('',(9.E-1,0.E0,-4.358898943541E-1));
#2438=AXIS2_PLACEMENT_3D('',#2435,#2436,#2437);
#2439=CYLINDRICAL_SURFACE('',#2438,5.05E0);
#2440=ORIENTED_EDGE('',*,*,#2391,.F.);
#2441=ORIENTED_EDGE('',*,*,#2193,.F.);
#2443=ORIENTED_EDGE('',*,*,#2442,.T.);
#2445=ORIENTED_EDGE('',*,*,#2444,.T.);
#2447=ORIENTED_EDGE('',*,*,#2446,.F.);
#2448=EDGE_LOOP('',(#2440,#2441,#2443,#2445,#2447));
#2449=FACE_OUTER_BOUND('',#2448,.F.);
#2450=ADVANCED_FACE('',(#2449),#2439,.F.);
#2451=CARTESIAN_POINT('',(0.E0,-5.03E0,0.E0));
#2452=DIRECTION('',(0.E0,-1.E0,0.E0));
#2453=DIRECTION('',(-9.E-1,0.E0,4.358898943541E-1));
#2454=AXIS2_PLACEMENT_3D('',#2451,#2452,#2453);
#2455=CONICAL_SURFACE('',#2454,5.3E0,4.5E1);
#2456=ORIENTED_EDGE('',*,*,#2442,.F.);
#2458=ORIENTED_EDGE('',*,*,#2457,.T.);
#2460=ORIENTED_EDGE('',*,*,#2459,.T.);
#2462=ORIENTED_EDGE('',*,*,#2461,.F.);
#2463=EDGE_LOOP('',(#2456,#2458,#2460,#2462));
#2464=FACE_OUTER_BOUND('',#2463,.F.);
#2465=ADVANCED_FACE('',(#2464),#2455,.F.);
#2466=CARTESIAN_POINT('',(-4.45E0,-4.78E0,-2.387467277263E0));
#2467=DIRECTION('',(7.071067811865E-1,-7.071067811865E-1,0.E0));
#2468=DIRECTION('',(0.E0,0.E0,1.E0));
#2469=AXIS2_PLACEMENT_3D('',#2466,#2467,#2468);
#2470=PLANE('',#2469);
#2471=ORIENTED_EDGE('',*,*,#2223,.F.);
#2473=ORIENTED_EDGE('',*,*,#2472,.F.);
#2474=ORIENTED_EDGE('',*,*,#2215,.F.);
#2476=ORIENTED_EDGE('',*,*,#2475,.F.);
#2478=ORIENTED_EDGE('',*,*,#2477,.T.);
#2480=ORIENTED_EDGE('',*,*,#2479,.T.);
#2481=ORIENTED_EDGE('',*,*,#2457,.F.);
#2482=ORIENTED_EDGE('',*,*,#2191,.F.);
#2483=EDGE_LOOP('',(#2471,#2473,#2474,#2476,#2478,#2480,#2481,#2482));
#2484=FACE_OUTER_BOUND('',#2483,.F.);
#2485=ADVANCED_FACE('',(#2484),#2470,.T.);
#2486=CARTESIAN_POINT('',(-4.5E0,-5.08E0,-2.156409052105E0));
#2487=DIRECTION('',(1.E0,0.E0,0.E0));
#2488=DIRECTION('',(0.E0,0.E0,1.E0));
#2489=AXIS2_PLACEMENT_3D('',#2486,#2487,#2488);
#2490=PLANE('',#2489);
#2491=ORIENTED_EDGE('',*,*,#2472,.T.);
#2492=ORIENTED_EDGE('',*,*,#2221,.F.);
#2494=ORIENTED_EDGE('',*,*,#2493,.F.);
#2495=ORIENTED_EDGE('',*,*,#2217,.T.);
#2496=EDGE_LOOP('',(#2491,#2492,#2494,#2495));
#2497=FACE_OUTER_BOUND('',#2496,.F.);
#2498=ADVANCED_FACE('',(#2497),#2490,.F.);
#2499=CARTESIAN_POINT('',(0.E0,-5.08E0,0.E0));
#2500=DIRECTION('',(0.E0,1.E0,0.E0));
#2501=DIRECTION('',(1.E0,0.E0,0.E0));
#2502=AXIS2_PLACEMENT_3D('',#2499,#2500,#2501);
#2503=PLANE('',#2502);
#2504=ORIENTED_EDGE('',*,*,#2493,.T.);
#2505=ORIENTED_EDGE('',*,*,#2219,.F.);
#2506=EDGE_LOOP('',(#2504,#2505));
#2507=FACE_OUTER_BOUND('',#2506,.F.);
#2509=ORIENTED_EDGE('',*,*,#2508,.F.);
#2511=ORIENTED_EDGE('',*,*,#2510,.F.);
#2512=EDGE_LOOP('',(#2509,#2511));
#2513=FACE_BOUND('',#2512,.F.);
#2515=ORIENTED_EDGE('',*,*,#2514,.T.);
#2517=ORIENTED_EDGE('',*,*,#2516,.T.);
#2519=ORIENTED_EDGE('',*,*,#2518,.T.);
#2521=ORIENTED_EDGE('',*,*,#2520,.T.);
#2522=EDGE_LOOP('',(#2515,#2517,#2519,#2521));
#2523=FACE_BOUND('',#2522,.F.);
#2525=ORIENTED_EDGE('',*,*,#2524,.F.);
#2527=ORIENTED_EDGE('',*,*,#2526,.F.);
#2529=ORIENTED_EDGE('',*,*,#2528,.F.);
#2531=ORIENTED_EDGE('',*,*,#2530,.F.);
#2532=EDGE_LOOP('',(#2525,#2527,#2529,#2531));
#2533=FACE_BOUND('',#2532,.F.);
#2535=ORIENTED_EDGE('',*,*,#2534,.T.);
#2537=ORIENTED_EDGE('',*,*,#2536,.T.);
#2538=EDGE_LOOP('',(#2535,#2537));
#2539=FACE_BOUND('',#2538,.F.);
#2541=ORIENTED_EDGE('',*,*,#2540,.T.);
#2543=ORIENTED_EDGE('',*,*,#2542,.T.);
#2544=EDGE_LOOP('',(#2541,#2543));
#2545=FACE_BOUND('',#2544,.F.);
#2547=ORIENTED_EDGE('',*,*,#2546,.F.);
#2549=ORIENTED_EDGE('',*,*,#2548,.F.);
#2550=EDGE_LOOP('',(#2547,#2549));
#2551=FACE_BOUND('',#2550,.F.);
#2553=ORIENTED_EDGE('',*,*,#2552,.T.);
#2555=ORIENTED_EDGE('',*,*,#2554,.T.);
#2556=EDGE_LOOP('',(#2553,#2555));
#2557=FACE_BOUND('',#2556,.F.);
#2559=ORIENTED_EDGE('',*,*,#2558,.F.);
#2561=ORIENTED_EDGE('',*,*,#2560,.F.);
#2562=EDGE_LOOP('',(#2559,#2561));
#2563=FACE_BOUND('',#2562,.F.);
#2565=ORIENTED_EDGE('',*,*,#2564,.T.);
#2567=ORIENTED_EDGE('',*,*,#2566,.T.);
#2568=EDGE_LOOP('',(#2565,#2567));
#2569=FACE_BOUND('',#2568,.F.);
#2570=ADVANCED_FACE('',(#2507,#2513,#2523,#2533,#2539,#2545,#2551,#2557,#2563,
#2569),#2503,.F.);
#2571=CARTESIAN_POINT('',(0.E0,-5.855E0,0.E0));
#2572=DIRECTION('',(0.E0,1.E0,0.E0));
#2573=DIRECTION('',(0.E0,0.E0,1.E0));
#2574=AXIS2_PLACEMENT_3D('',#2571,#2572,#2573);
#2575=CONICAL_SURFACE('',#2574,1.675E0,5.527540151656E0);
#2577=ORIENTED_EDGE('',*,*,#2576,.F.);
#2578=ORIENTED_EDGE('',*,*,#2508,.T.);
#2580=ORIENTED_EDGE('',*,*,#2579,.T.);
#2582=ORIENTED_EDGE('',*,*,#2581,.F.);
#2583=EDGE_LOOP('',(#2577,#2578,#2580,#2582));
#2584=FACE_OUTER_BOUND('',#2583,.F.);
#2585=ADVANCED_FACE('',(#2584),#2575,.T.);
#2586=CARTESIAN_POINT('',(0.E0,-5.855E0,0.E0));
#2587=DIRECTION('',(0.E0,1.E0,0.E0));
#2588=DIRECTION('',(0.E0,0.E0,1.E0));
#2589=AXIS2_PLACEMENT_3D('',#2586,#2587,#2588);
#2590=CONICAL_SURFACE('',#2589,1.675E0,5.527540151656E0);
#2591=ORIENTED_EDGE('',*,*,#2576,.T.);
#2593=ORIENTED_EDGE('',*,*,#2592,.T.);
#2594=ORIENTED_EDGE('',*,*,#2579,.F.);
#2595=ORIENTED_EDGE('',*,*,#2510,.T.);
#2596=EDGE_LOOP('',(#2591,#2593,#2594,#2595));
#2597=FACE_OUTER_BOUND('',#2596,.F.);
#2598=ADVANCED_FACE('',(#2597),#2590,.T.);
#2599=CARTESIAN_POINT('',(0.E0,-6.63E0,0.E0));
#2600=DIRECTION('',(0.E0,1.E0,0.E0));
#2601=DIRECTION('',(0.E0,0.E0,1.E0));
#2602=AXIS2_PLACEMENT_3D('',#2599,#2600,#2601);
#2603=PLANE('',#2602);
#2604=ORIENTED_EDGE('',*,*,#2592,.F.);
#2605=ORIENTED_EDGE('',*,*,#2581,.T.);
#2606=EDGE_LOOP('',(#2604,#2605));
#2607=FACE_OUTER_BOUND('',#2606,.F.);
#2608=ADVANCED_FACE('',(#2607),#2603,.F.);
#2609=CARTESIAN_POINT('',(0.E0,-5.855E0,0.E0));
#2610=DIRECTION('',(0.E0,1.E0,0.E0));
#2611=DIRECTION('',(1.E0,0.E0,0.E0));
#2612=AXIS2_PLACEMENT_3D('',#2609,#2610,#2611);
#2613=CONICAL_SURFACE('',#2612,4.890616028944E0,3.E0);
#2614=ORIENTED_EDGE('',*,*,#2514,.F.);
#2616=ORIENTED_EDGE('',*,*,#2615,.T.);
#2618=ORIENTED_EDGE('',*,*,#2617,.T.);
#2620=ORIENTED_EDGE('',*,*,#2619,.F.);
#2621=EDGE_LOOP('',(#2614,#2616,#2618,#2620));
#2622=FACE_OUTER_BOUND('',#2621,.F.);
#2623=ADVANCED_FACE('',(#2622),#2613,.T.);
#2624=CARTESIAN_POINT('',(-2.E0,-5.08E0,-3.5E0));
#2625=DIRECTION('',(-1.E0,0.E0,0.E0));
#2626=DIRECTION('',(0.E0,0.E0,-1.E0));
#2627=AXIS2_PLACEMENT_3D('',#2624,#2625,#2626);
#2628=PLANE('',#2627);
#2629=ORIENTED_EDGE('',*,*,#2520,.F.);
#2631=ORIENTED_EDGE('',*,*,#2630,.T.);
#2633=ORIENTED_EDGE('',*,*,#2632,.T.);
#2634=ORIENTED_EDGE('',*,*,#2615,.F.);
#2635=EDGE_LOOP('',(#2629,#2631,#2633,#2634));
#2636=FACE_OUTER_BOUND('',#2635,.F.);
#2637=ADVANCED_FACE('',(#2636),#2628,.T.);
#2638=CARTESIAN_POINT('',(2.E0,-5.08E0,-3.5E0));
#2639=DIRECTION('',(0.E0,0.E0,1.E0));
#2640=DIRECTION('',(-1.E0,0.E0,0.E0));
#2641=AXIS2_PLACEMENT_3D('',#2638,#2639,#2640);
#2642=PLANE('',#2641);
#2643=ORIENTED_EDGE('',*,*,#2518,.F.);
#2645=ORIENTED_EDGE('',*,*,#2644,.T.);
#2647=ORIENTED_EDGE('',*,*,#2646,.T.);
#2648=ORIENTED_EDGE('',*,*,#2630,.F.);
#2649=EDGE_LOOP('',(#2643,#2645,#2647,#2648));
#2650=FACE_OUTER_BOUND('',#2649,.F.);
#2651=ADVANCED_FACE('',(#2650),#2642,.T.);
#2652=CARTESIAN_POINT('',(2.E0,-5.08E0,-4.418427322023E0));
#2653=DIRECTION('',(1.E0,0.E0,0.E0));
#2654=DIRECTION('',(0.E0,0.E0,1.E0));
#2655=AXIS2_PLACEMENT_3D('',#2652,#2653,#2654);
#2656=PLANE('',#2655);
#2657=ORIENTED_EDGE('',*,*,#2516,.F.);
#2658=ORIENTED_EDGE('',*,*,#2619,.T.);
#2660=ORIENTED_EDGE('',*,*,#2659,.T.);
#2661=ORIENTED_EDGE('',*,*,#2644,.F.);
#2662=EDGE_LOOP('',(#2657,#2658,#2660,#2661));
#2663=FACE_OUTER_BOUND('',#2662,.F.);
#2664=ADVANCED_FACE('',(#2663),#2656,.T.);
#2665=CARTESIAN_POINT('',(0.E0,-6.63E0,0.E0));
#2666=DIRECTION('',(0.E0,-1.E0,0.E0));
#2667=DIRECTION('',(-1.E0,0.E0,0.E0));
#2668=AXIS2_PLACEMENT_3D('',#2665,#2666,#2667);
#2669=PLANE('',#2668);
#2670=ORIENTED_EDGE('',*,*,#2617,.F.);
#2671=ORIENTED_EDGE('',*,*,#2632,.F.);
#2672=ORIENTED_EDGE('',*,*,#2646,.F.);
#2673=ORIENTED_EDGE('',*,*,#2659,.F.);
#2674=EDGE_LOOP('',(#2670,#2671,#2672,#2673));
#2675=FACE_OUTER_BOUND('',#2674,.F.);
#2676=ADVANCED_FACE('',(#2675),#2669,.T.);
#2677=CARTESIAN_POINT('',(0.E0,-5.855E0,0.E0));
#2678=DIRECTION('',(0.E0,1.E0,0.E0));
#2679=DIRECTION('',(-1.E0,0.E0,0.E0));
#2680=AXIS2_PLACEMENT_3D('',#2677,#2678,#2679);
#2681=CONICAL_SURFACE('',#2680,4.890616028944E0,3.E0);
#2682=ORIENTED_EDGE('',*,*,#2524,.T.);
#2684=ORIENTED_EDGE('',*,*,#2683,.T.);
#2686=ORIENTED_EDGE('',*,*,#2685,.F.);
#2688=ORIENTED_EDGE('',*,*,#2687,.F.);
#2689=EDGE_LOOP('',(#2682,#2684,#2686,#2688));
#2690=FACE_OUTER_BOUND('',#2689,.F.);
#2691=ADVANCED_FACE('',(#2690),#2681,.T.);
#2692=CARTESIAN_POINT('',(2.E0,-5.08E0,4.418427322023E0));
#2693=DIRECTION('',(-1.E0,0.E0,0.E0));
#2694=DIRECTION('',(0.E0,0.E0,-1.E0));
#2695=AXIS2_PLACEMENT_3D('',#2692,#2693,#2694);
#2696=PLANE('',#2695);
#2697=ORIENTED_EDGE('',*,*,#2530,.T.);
#2699=ORIENTED_EDGE('',*,*,#2698,.T.);
#2701=ORIENTED_EDGE('',*,*,#2700,.F.);
#2702=ORIENTED_EDGE('',*,*,#2683,.F.);
#2703=EDGE_LOOP('',(#2697,#2699,#2701,#2702));
#2704=FACE_OUTER_BOUND('',#2703,.F.);
#2705=ADVANCED_FACE('',(#2704),#2696,.F.);
#2706=CARTESIAN_POINT('',(2.E0,-5.08E0,3.5E0));
#2707=DIRECTION('',(0.E0,0.E0,1.E0));
#2708=DIRECTION('',(-1.E0,0.E0,0.E0));
#2709=AXIS2_PLACEMENT_3D('',#2706,#2707,#2708);
#2710=PLANE('',#2709);
#2711=ORIENTED_EDGE('',*,*,#2528,.T.);
#2713=ORIENTED_EDGE('',*,*,#2712,.T.);
#2715=ORIENTED_EDGE('',*,*,#2714,.F.);
#2716=ORIENTED_EDGE('',*,*,#2698,.F.);
#2717=EDGE_LOOP('',(#2711,#2713,#2715,#2716));
#2718=FACE_OUTER_BOUND('',#2717,.F.);
#2719=ADVANCED_FACE('',(#2718),#2710,.F.);
#2720=CARTESIAN_POINT('',(-2.E0,-5.08E0,3.5E0));
#2721=DIRECTION('',(1.E0,0.E0,0.E0));
#2722=DIRECTION('',(0.E0,0.E0,1.E0));
#2723=AXIS2_PLACEMENT_3D('',#2720,#2721,#2722);
#2724=PLANE('',#2723);
#2725=ORIENTED_EDGE('',*,*,#2526,.T.);
#2726=ORIENTED_EDGE('',*,*,#2687,.T.);
#2728=ORIENTED_EDGE('',*,*,#2727,.F.);
#2729=ORIENTED_EDGE('',*,*,#2712,.F.);
#2730=EDGE_LOOP('',(#2725,#2726,#2728,#2729));
#2731=FACE_OUTER_BOUND('',#2730,.F.);
#2732=ADVANCED_FACE('',(#2731),#2724,.F.);
#2733=CARTESIAN_POINT('',(0.E0,-6.63E0,0.E0));
#2734=DIRECTION('',(0.E0,1.E0,0.E0));
#2735=DIRECTION('',(-1.E0,0.E0,0.E0));
#2736=AXIS2_PLACEMENT_3D('',#2733,#2734,#2735);
#2737=PLANE('',#2736);
#2738=ORIENTED_EDGE('',*,*,#2685,.T.);
#2739=ORIENTED_EDGE('',*,*,#2700,.T.);
#2740=ORIENTED_EDGE('',*,*,#2714,.T.);
#2741=ORIENTED_EDGE('',*,*,#2727,.T.);
#2742=EDGE_LOOP('',(#2738,#2739,#2740,#2741));
#2743=FACE_OUTER_BOUND('',#2742,.F.);
#2744=ADVANCED_FACE('',(#2743),#2737,.F.);
#2745=CARTESIAN_POINT('',(3.8E0,-5.855E0,0.E0));
#2746=DIRECTION('',(0.E0,1.E0,0.E0));
#2747=DIRECTION('',(1.E0,0.E0,0.E0));
#2748=AXIS2_PLACEMENT_3D('',#2745,#2746,#2747);
#2749=CONICAL_SURFACE('',#2748,6.406160289444E-1,3.E0);
#2750=ORIENTED_EDGE('',*,*,#2534,.F.);
#2752=ORIENTED_EDGE('',*,*,#2751,.T.);
#2754=ORIENTED_EDGE('',*,*,#2753,.T.);
#2756=ORIENTED_EDGE('',*,*,#2755,.F.);
#2757=EDGE_LOOP('',(#2750,#2752,#2754,#2756));
#2758=FACE_OUTER_BOUND('',#2757,.F.);
#2759=ADVANCED_FACE('',(#2758),#2749,.T.);
#2760=CARTESIAN_POINT('',(3.8E0,-5.855E0,0.E0));
#2761=DIRECTION('',(0.E0,1.E0,0.E0));
#2762=DIRECTION('',(1.E0,0.E0,0.E0));
#2763=AXIS2_PLACEMENT_3D('',#2760,#2761,#2762);
#2764=CONICAL_SURFACE('',#2763,6.406160289444E-1,3.E0);
#2765=ORIENTED_EDGE('',*,*,#2536,.F.);
#2766=ORIENTED_EDGE('',*,*,#2755,.T.);
#2768=ORIENTED_EDGE('',*,*,#2767,.T.);
#2769=ORIENTED_EDGE('',*,*,#2751,.F.);
#2770=EDGE_LOOP('',(#2765,#2766,#2768,#2769));
#2771=FACE_OUTER_BOUND('',#2770,.F.);
#2772=ADVANCED_FACE('',(#2771),#2764,.T.);
#2773=CARTESIAN_POINT('',(0.E0,-6.63E0,0.E0));
#2774=DIRECTION('',(0.E0,-1.E0,0.E0));
#2775=DIRECTION('',(-1.E0,0.E0,0.E0));
#2776=AXIS2_PLACEMENT_3D('',#2773,#2774,#2775);
#2777=PLANE('',#2776);
#2778=ORIENTED_EDGE('',*,*,#2753,.F.);
#2779=ORIENTED_EDGE('',*,*,#2767,.F.);
#2780=EDGE_LOOP('',(#2778,#2779));
#2781=FACE_OUTER_BOUND('',#2780,.F.);
#2782=ADVANCED_FACE('',(#2781),#2777,.T.);
#2783=CARTESIAN_POINT('',(-3.8E0,-5.855E0,0.E0));
#2784=DIRECTION('',(0.E0,1.E0,0.E0));
#2785=DIRECTION('',(1.E0,0.E0,0.E0));
#2786=AXIS2_PLACEMENT_3D('',#2783,#2784,#2785);
#2787=CONICAL_SURFACE('',#2786,6.406160289444E-1,3.E0);
#2788=ORIENTED_EDGE('',*,*,#2540,.F.);
#2790=ORIENTED_EDGE('',*,*,#2789,.T.);
#2792=ORIENTED_EDGE('',*,*,#2791,.T.);
#2794=ORIENTED_EDGE('',*,*,#2793,.F.);
#2795=EDGE_LOOP('',(#2788,#2790,#2792,#2794));
#2796=FACE_OUTER_BOUND('',#2795,.F.);
#2797=ADVANCED_FACE('',(#2796),#2787,.T.);
#2798=CARTESIAN_POINT('',(-3.8E0,-5.855E0,0.E0));
#2799=DIRECTION('',(0.E0,1.E0,0.E0));
#2800=DIRECTION('',(1.E0,0.E0,0.E0));
#2801=AXIS2_PLACEMENT_3D('',#2798,#2799,#2800);
#2802=CONICAL_SURFACE('',#2801,6.406160289444E-1,3.E0);
#2803=ORIENTED_EDGE('',*,*,#2542,.F.);
#2804=ORIENTED_EDGE('',*,*,#2793,.T.);
#2806=ORIENTED_EDGE('',*,*,#2805,.T.);
#2807=ORIENTED_EDGE('',*,*,#2789,.F.);
#2808=EDGE_LOOP('',(#2803,#2804,#2806,#2807));
#2809=FACE_OUTER_BOUND('',#2808,.F.);
#2810=ADVANCED_FACE('',(#2809),#2802,.T.);
#2811=CARTESIAN_POINT('',(0.E0,-6.63E0,0.E0));
#2812=DIRECTION('',(0.E0,-1.E0,0.E0));
#2813=DIRECTION('',(-1.E0,0.E0,0.E0));
#2814=AXIS2_PLACEMENT_3D('',#2811,#2812,#2813);
#2815=PLANE('',#2814);
#2816=ORIENTED_EDGE('',*,*,#2791,.F.);
#2817=ORIENTED_EDGE('',*,*,#2805,.F.);
#2818=EDGE_LOOP('',(#2816,#2817));
#2819=FACE_OUTER_BOUND('',#2818,.F.);
#2820=ADVANCED_FACE('',(#2819),#2815,.T.);
#2821=CARTESIAN_POINT('',(-2.5E0,-1.005E1,2.5E0));
#2822=DIRECTION('',(0.E0,1.E0,0.E0));
#2823=DIRECTION('',(1.E0,0.E0,0.E0));
#2824=AXIS2_PLACEMENT_3D('',#2821,#2822,#2823);
#2825=CYLINDRICAL_SURFACE('',#2824,4.E-1);
#2826=ORIENTED_EDGE('',*,*,#2546,.T.);
#2828=ORIENTED_EDGE('',*,*,#2827,.F.);
#2830=ORIENTED_EDGE('',*,*,#2829,.F.);
#2832=ORIENTED_EDGE('',*,*,#2831,.T.);
#2833=EDGE_LOOP('',(#2826,#2828,#2830,#2832));
#2834=FACE_OUTER_BOUND('',#2833,.F.);
#2835=ADVANCED_FACE('',(#2834),#2825,.T.);
#2836=CARTESIAN_POINT('',(-2.5E0,-1.005E1,2.5E0));
#2837=DIRECTION('',(0.E0,1.E0,0.E0));
#2838=DIRECTION('',(1.E0,0.E0,0.E0));
#2839=AXIS2_PLACEMENT_3D('',#2836,#2837,#2838);
#2840=CYLINDRICAL_SURFACE('',#2839,4.E-1);
#2841=ORIENTED_EDGE('',*,*,#2548,.T.);
#2842=ORIENTED_EDGE('',*,*,#2831,.F.);
#2844=ORIENTED_EDGE('',*,*,#2843,.F.);
#2845=ORIENTED_EDGE('',*,*,#2827,.T.);
#2846=EDGE_LOOP('',(#2841,#2842,#2844,#2845));
#2847=FACE_OUTER_BOUND('',#2846,.F.);
#2848=ADVANCED_FACE('',(#2847),#2840,.T.);
#2849=CARTESIAN_POINT('',(-2.5E0,-1.005E1,2.5E0));
#2850=DIRECTION('',(0.E0,1.E0,0.E0));
#2851=DIRECTION('',(1.E0,0.E0,0.E0));
#2852=AXIS2_PLACEMENT_3D('',#2849,#2850,#2851);
#2853=PLANE('',#2852);
#2854=ORIENTED_EDGE('',*,*,#2829,.T.);
#2855=ORIENTED_EDGE('',*,*,#2843,.T.);
#2856=EDGE_LOOP('',(#2854,#2855));
#2857=FACE_OUTER_BOUND('',#2856,.F.);
#2858=ADVANCED_FACE('',(#2857),#2853,.F.);
#2859=CARTESIAN_POINT('',(2.5E0,-2.262962610313E0,2.5E0));
#2860=DIRECTION('',(0.E0,-1.E0,0.E0));
#2861=DIRECTION('',(-1.E0,0.E0,0.E0));
#2862=AXIS2_PLACEMENT_3D('',#2859,#2860,#2861);
#2863=CYLINDRICAL_SURFACE('',#2862,4.E-1);
#2864=ORIENTED_EDGE('',*,*,#2552,.F.);
#2866=ORIENTED_EDGE('',*,*,#2865,.T.);
#2868=ORIENTED_EDGE('',*,*,#2867,.T.);
#2870=ORIENTED_EDGE('',*,*,#2869,.F.);
#2871=EDGE_LOOP('',(#2864,#2866,#2868,#2870));
#2872=FACE_OUTER_BOUND('',#2871,.F.);
#2873=ADVANCED_FACE('',(#2872),#2863,.T.);
#2874=CARTESIAN_POINT('',(2.5E0,-2.262962610313E0,2.5E0));
#2875=DIRECTION('',(0.E0,-1.E0,0.E0));
#2876=DIRECTION('',(-1.E0,0.E0,0.E0));
#2877=AXIS2_PLACEMENT_3D('',#2874,#2875,#2876);
#2878=CYLINDRICAL_SURFACE('',#2877,4.E-1);
#2879=ORIENTED_EDGE('',*,*,#2554,.F.);
#2880=ORIENTED_EDGE('',*,*,#2869,.T.);
#2882=ORIENTED_EDGE('',*,*,#2881,.T.);
#2883=ORIENTED_EDGE('',*,*,#2865,.F.);
#2884=EDGE_LOOP('',(#2879,#2880,#2882,#2883));
#2885=FACE_OUTER_BOUND('',#2884,.F.);
#2886=ADVANCED_FACE('',(#2885),#2878,.T.);
#2887=CARTESIAN_POINT('',(2.5E0,-1.005E1,2.5E0));
#2888=DIRECTION('',(0.E0,-1.E0,0.E0));
#2889=DIRECTION('',(-1.E0,0.E0,0.E0));
#2890=AXIS2_PLACEMENT_3D('',#2887,#2888,#2889);
#2891=PLANE('',#2890);
#2892=ORIENTED_EDGE('',*,*,#2867,.F.);
#2893=ORIENTED_EDGE('',*,*,#2881,.F.);
#2894=EDGE_LOOP('',(#2892,#2893));
#2895=FACE_OUTER_BOUND('',#2894,.F.);
#2896=ADVANCED_FACE('',(#2895),#2891,.T.);
#2897=CARTESIAN_POINT('',(-2.5E0,-1.005E1,-2.5E0));
#2898=DIRECTION('',(0.E0,1.E0,0.E0));
#2899=DIRECTION('',(1.E0,0.E0,0.E0));
#2900=AXIS2_PLACEMENT_3D('',#2897,#2898,#2899);
#2901=CYLINDRICAL_SURFACE('',#2900,4.E-1);
#2902=ORIENTED_EDGE('',*,*,#2558,.T.);
#2904=ORIENTED_EDGE('',*,*,#2903,.F.);
#2906=ORIENTED_EDGE('',*,*,#2905,.F.);
#2908=ORIENTED_EDGE('',*,*,#2907,.T.);
#2909=EDGE_LOOP('',(#2902,#2904,#2906,#2908));
#2910=FACE_OUTER_BOUND('',#2909,.F.);
#2911=ADVANCED_FACE('',(#2910),#2901,.T.);
#2912=CARTESIAN_POINT('',(-2.5E0,-1.005E1,-2.5E0));
#2913=DIRECTION('',(0.E0,1.E0,0.E0));
#2914=DIRECTION('',(1.E0,0.E0,0.E0));
#2915=AXIS2_PLACEMENT_3D('',#2912,#2913,#2914);
#2916=CYLINDRICAL_SURFACE('',#2915,4.E-1);
#2917=ORIENTED_EDGE('',*,*,#2560,.T.);
#2918=ORIENTED_EDGE('',*,*,#2907,.F.);
#2920=ORIENTED_EDGE('',*,*,#2919,.F.);
#2921=ORIENTED_EDGE('',*,*,#2903,.T.);
#2922=EDGE_LOOP('',(#2917,#2918,#2920,#2921));
#2923=FACE_OUTER_BOUND('',#2922,.F.);
#2924=ADVANCED_FACE('',(#2923),#2916,.T.);
#2925=CARTESIAN_POINT('',(-2.5E0,-1.005E1,-2.5E0));
#2926=DIRECTION('',(0.E0,1.E0,0.E0));
#2927=DIRECTION('',(1.E0,0.E0,0.E0));
#2928=AXIS2_PLACEMENT_3D('',#2925,#2926,#2927);
#2929=PLANE('',#2928);
#2930=ORIENTED_EDGE('',*,*,#2905,.T.);
#2931=ORIENTED_EDGE('',*,*,#2919,.T.);
#2932=EDGE_LOOP('',(#2930,#2931));
#2933=FACE_OUTER_BOUND('',#2932,.F.);
#2934=ADVANCED_FACE('',(#2933),#2929,.F.);
#2935=CARTESIAN_POINT('',(2.5E0,-2.262962610313E0,-2.5E0));
#2936=DIRECTION('',(0.E0,-1.E0,0.E0));
#2937=DIRECTION('',(-1.E0,0.E0,0.E0));
#2938=AXIS2_PLACEMENT_3D('',#2935,#2936,#2937);
#2939=CYLINDRICAL_SURFACE('',#2938,4.E-1);
#2940=ORIENTED_EDGE('',*,*,#2564,.F.);
#2942=ORIENTED_EDGE('',*,*,#2941,.T.);
#2944=ORIENTED_EDGE('',*,*,#2943,.T.);
#2946=ORIENTED_EDGE('',*,*,#2945,.F.);
#2947=EDGE_LOOP('',(#2940,#2942,#2944,#2946));
#2948=FACE_OUTER_BOUND('',#2947,.F.);
#2949=ADVANCED_FACE('',(#2948),#2939,.T.);
#2950=CARTESIAN_POINT('',(2.5E0,-2.262962610313E0,-2.5E0));
#2951=DIRECTION('',(0.E0,-1.E0,0.E0));
#2952=DIRECTION('',(-1.E0,0.E0,0.E0));
#2953=AXIS2_PLACEMENT_3D('',#2950,#2951,#2952);
#2954=CYLINDRICAL_SURFACE('',#2953,4.E-1);
#2955=ORIENTED_EDGE('',*,*,#2566,.F.);
#2956=ORIENTED_EDGE('',*,*,#2945,.T.);
#2958=ORIENTED_EDGE('',*,*,#2957,.T.);
#2959=ORIENTED_EDGE('',*,*,#2941,.F.);
#2960=EDGE_LOOP('',(#2955,#2956,#2958,#2959));
#2961=FACE_OUTER_BOUND('',#2960,.F.);
#2962=ADVANCED_FACE('',(#2961),#2954,.T.);
#2963=CARTESIAN_POINT('',(2.5E0,-1.005E1,-2.5E0));
#2964=DIRECTION('',(0.E0,-1.E0,0.E0));
#2965=DIRECTION('',(-1.E0,0.E0,0.E0));
#2966=AXIS2_PLACEMENT_3D('',#2963,#2964,#2965);
#2967=PLANE('',#2966);
#2968=ORIENTED_EDGE('',*,*,#2943,.F.);
#2969=ORIENTED_EDGE('',*,*,#2957,.F.);
#2970=EDGE_LOOP('',(#2968,#2969));
#2971=FACE_OUTER_BOUND('',#2970,.F.);
#2972=ADVANCED_FACE('',(#2971),#2967,.T.);
#2973=CARTESIAN_POINT('',(-4.45E0,-5.28E0,-2.615339366124E0));
#2974=DIRECTION('',(1.E0,0.E0,0.E0));
#2975=DIRECTION('',(0.E0,1.E0,0.E0));
#2976=AXIS2_PLACEMENT_3D('',#2973,#2974,#2975);
#2977=PLANE('',#2976);
#2978=ORIENTED_EDGE('',*,*,#2160,.T.);
#2979=ORIENTED_EDGE('',*,*,#2430,.F.);
#2981=ORIENTED_EDGE('',*,*,#2980,.F.);
#2982=ORIENTED_EDGE('',*,*,#2475,.T.);
#2983=ORIENTED_EDGE('',*,*,#2213,.T.);
#2984=EDGE_LOOP('',(#2978,#2979,#2981,#2982,#2983));
#2985=FACE_OUTER_BOUND('',#2984,.F.);
#2986=ADVANCED_FACE('',(#2985),#2977,.T.);
#2987=CARTESIAN_POINT('',(0.E0,-1.08E0,0.E0));
#2988=DIRECTION('',(0.E0,1.E0,0.E0));
#2989=DIRECTION('',(9.E-1,0.E0,-4.358898943541E-1));
#2990=AXIS2_PLACEMENT_3D('',#2987,#2988,#2989);
#2991=CYLINDRICAL_SURFACE('',#2990,5.05E0);
#2992=ORIENTED_EDGE('',*,*,#2428,.F.);
#2994=ORIENTED_EDGE('',*,*,#2993,.F.);
#2996=ORIENTED_EDGE('',*,*,#2995,.F.);
#2998=ORIENTED_EDGE('',*,*,#2997,.T.);
#2999=ORIENTED_EDGE('',*,*,#2980,.T.);
#3000=EDGE_LOOP('',(#2992,#2994,#2996,#2998,#2999));
#3001=FACE_OUTER_BOUND('',#3000,.F.);
#3002=ADVANCED_FACE('',(#3001),#2991,.F.);
#3003=CARTESIAN_POINT('',(-3.2E0,-2.88E0,-5.602613860860E0));
#3004=DIRECTION('',(0.E0,0.E0,1.E0));
#3005=DIRECTION('',(0.E0,1.E0,0.E0));
#3006=AXIS2_PLACEMENT_3D('',#3003,#3004,#3005);
#3007=CYLINDRICAL_SURFACE('',#3006,3.E-1);
#3008=ORIENTED_EDGE('',*,*,#2426,.F.);
#3010=ORIENTED_EDGE('',*,*,#3009,.T.);
#3012=ORIENTED_EDGE('',*,*,#3011,.T.);
#3013=ORIENTED_EDGE('',*,*,#2993,.T.);
#3014=EDGE_LOOP('',(#3008,#3010,#3012,#3013));
#3015=FACE_OUTER_BOUND('',#3014,.F.);
#3016=ADVANCED_FACE('',(#3015),#3007,.F.);
#3017=CARTESIAN_POINT('',(0.E0,-8.E-2,0.E0));
#3018=DIRECTION('',(0.E0,1.E0,0.E0));
#3019=DIRECTION('',(1.E0,0.E0,0.E0));
#3020=AXIS2_PLACEMENT_3D('',#3017,#3018,#3019);
#3021=CYLINDRICAL_SURFACE('',#3020,6.E0);
#3023=ORIENTED_EDGE('',*,*,#3022,.F.);
#3025=ORIENTED_EDGE('',*,*,#3024,.T.);
#3027=ORIENTED_EDGE('',*,*,#3026,.T.);
#3029=ORIENTED_EDGE('',*,*,#3028,.F.);
#3031=ORIENTED_EDGE('',*,*,#3030,.T.);
#3032=ORIENTED_EDGE('',*,*,#3009,.F.);
#3033=ORIENTED_EDGE('',*,*,#2424,.F.);
#3035=ORIENTED_EDGE('',*,*,#3034,.F.);
#3037=ORIENTED_EDGE('',*,*,#3036,.F.);
#3039=ORIENTED_EDGE('',*,*,#3038,.F.);
#3041=ORIENTED_EDGE('',*,*,#3040,.T.);
#3043=ORIENTED_EDGE('',*,*,#3042,.F.);
#3044=ORIENTED_EDGE('',*,*,#2412,.F.);
#3046=ORIENTED_EDGE('',*,*,#3045,.F.);
#3048=ORIENTED_EDGE('',*,*,#3047,.F.);
#3050=ORIENTED_EDGE('',*,*,#3049,.F.);
#3052=ORIENTED_EDGE('',*,*,#3051,.T.);
#3054=ORIENTED_EDGE('',*,*,#3053,.F.);
#3055=ORIENTED_EDGE('',*,*,#2404,.F.);
#3057=ORIENTED_EDGE('',*,*,#3056,.F.);
#3059=ORIENTED_EDGE('',*,*,#3058,.F.);
#3061=ORIENTED_EDGE('',*,*,#3060,.F.);
#3063=ORIENTED_EDGE('',*,*,#3062,.T.);
#3065=ORIENTED_EDGE('',*,*,#3064,.F.);
#3066=ORIENTED_EDGE('',*,*,#2395,.F.);
#3068=ORIENTED_EDGE('',*,*,#3067,.F.);
#3070=ORIENTED_EDGE('',*,*,#3069,.F.);
#3072=ORIENTED_EDGE('',*,*,#3071,.F.);
#3074=ORIENTED_EDGE('',*,*,#3073,.T.);
#3076=ORIENTED_EDGE('',*,*,#3075,.T.);
#3078=ORIENTED_EDGE('',*,*,#3077,.F.);
#3080=ORIENTED_EDGE('',*,*,#3079,.F.);
#3081=ORIENTED_EDGE('',*,*,#2284,.T.);
#3082=ORIENTED_EDGE('',*,*,#2362,.T.);
#3084=ORIENTED_EDGE('',*,*,#3083,.F.);
#3086=ORIENTED_EDGE('',*,*,#3085,.T.);
#3088=ORIENTED_EDGE('',*,*,#3087,.F.);
#3090=ORIENTED_EDGE('',*,*,#3089,.F.);
#3092=ORIENTED_EDGE('',*,*,#3091,.T.);
#3094=ORIENTED_EDGE('',*,*,#3093,.T.);
#3095=EDGE_LOOP('',(#3023,#3025,#3027,#3029,#3031,#3032,#3033,#3035,#3037,#3039,
#3041,#3043,#3044,#3046,#3048,#3050,#3052,#3054,#3055,#3057,#3059,#3061,#3063,
#3065,#3066,#3068,#3070,#3072,#3074,#3076,#3078,#3080,#3081,#3082,#3084,#3086,
#3088,#3090,#3092,#3094));
#3096=FACE_OUTER_BOUND('',#3095,.F.);
#3097=ADVANCED_FACE('',(#3096),#3021,.T.);
#3098=CARTESIAN_POINT('',(-1.55E0,1.7E-1,-4.145715320049E0));
#3099=DIRECTION('',(0.E0,0.E0,-1.E0));
#3100=DIRECTION('',(0.E0,1.E0,0.E0));
#3101=AXIS2_PLACEMENT_3D('',#3098,#3099,#3100);
#3102=CYLINDRICAL_SURFACE('',#3101,5.E-1);
#3104=ORIENTED_EDGE('',*,*,#3103,.T.);
#3105=ORIENTED_EDGE('',*,*,#3022,.T.);
#3107=ORIENTED_EDGE('',*,*,#3106,.F.);
#3109=ORIENTED_EDGE('',*,*,#3108,.F.);
#3111=ORIENTED_EDGE('',*,*,#3110,.T.);
#3112=EDGE_LOOP('',(#3104,#3105,#3107,#3109,#3111));
#3113=FACE_OUTER_BOUND('',#3112,.F.);
#3114=ADVANCED_FACE('',(#3113),#3102,.T.);
#3115=CARTESIAN_POINT('',(0.E0,6.7E-1,0.E0));
#3116=DIRECTION('',(0.E0,1.E0,0.E0));
#3117=DIRECTION('',(1.E0,0.E0,0.E0));
#3118=AXIS2_PLACEMENT_3D('',#3115,#3116,#3117);
#3119=PLANE('',#3118);
#3120=ORIENTED_EDGE('',*,*,#3103,.F.);
#3122=ORIENTED_EDGE('',*,*,#3121,.F.);
#3124=ORIENTED_EDGE('',*,*,#3123,.F.);
#3125=ORIENTED_EDGE('',*,*,#3085,.F.);
#3127=ORIENTED_EDGE('',*,*,#3126,.F.);
#3129=ORIENTED_EDGE('',*,*,#3128,.T.);
#3131=ORIENTED_EDGE('',*,*,#3130,.F.);
#3132=ORIENTED_EDGE('',*,*,#3075,.F.);
#3134=ORIENTED_EDGE('',*,*,#3133,.F.);
#3135=ORIENTED_EDGE('',*,*,#3024,.F.);
#3136=EDGE_LOOP('',(#3120,#3122,#3124,#3125,#3127,#3129,#3131,#3132,#3134,
#3135));
#3137=FACE_OUTER_BOUND('',#3136,.F.);
#3139=ORIENTED_EDGE('',*,*,#3138,.T.);
#3141=ORIENTED_EDGE('',*,*,#3140,.F.);
#3143=ORIENTED_EDGE('',*,*,#3142,.T.);
#3145=ORIENTED_EDGE('',*,*,#3144,.F.);
#3147=ORIENTED_EDGE('',*,*,#3146,.T.);
#3149=ORIENTED_EDGE('',*,*,#3148,.F.);
#3151=ORIENTED_EDGE('',*,*,#3150,.T.);
#3153=ORIENTED_EDGE('',*,*,#3152,.F.);
#3154=EDGE_LOOP('',(#3139,#3141,#3143,#3145,#3147,#3149,#3151,#3153));
#3155=FACE_BOUND('',#3154,.F.);
#3156=ADVANCED_FACE('',(#3137,#3155),#3119,.T.);
#3157=CARTESIAN_POINT('',(0.E0,1.7E-1,0.E0));
#3158=DIRECTION('',(0.E0,-1.E0,0.E0));
#3159=DIRECTION('',(3.507414170223E-1,0.E0,-9.364723479021E-1));
#3160=AXIS2_PLACEMENT_3D('',#3157,#3158,#3159);
#3161=TOROIDAL_SURFACE('',#3160,4.427674156597E0,5.E-1);
#3162=ORIENTED_EDGE('',*,*,#3121,.T.);
#3163=ORIENTED_EDGE('',*,*,#3110,.F.);
#3165=ORIENTED_EDGE('',*,*,#3164,.F.);
#3167=ORIENTED_EDGE('',*,*,#3166,.T.);
#3168=EDGE_LOOP('',(#3162,#3163,#3165,#3167));
#3169=FACE_OUTER_BOUND('',#3168,.F.);
#3170=ADVANCED_FACE('',(#3169),#3161,.T.);
#3171=CARTESIAN_POINT('',(0.E0,-1.115879555833E-1,0.E0));
#3172=DIRECTION('',(0.E0,-1.E0,0.E0));
#3173=DIRECTION('',(2.210526315789E-1,0.E0,9.752618797390E-1));
#3174=AXIS2_PLACEMENT_3D('',#3171,#3172,#3173);
#3175=CONICAL_SURFACE('',#3174,4.985039016551E0,1.E1);
#3177=ORIENTED_EDGE('',*,*,#3176,.F.);
#3179=ORIENTED_EDGE('',*,*,#3178,.F.);
#3180=ORIENTED_EDGE('',*,*,#3164,.T.);
#3181=ORIENTED_EDGE('',*,*,#3108,.T.);
#3183=ORIENTED_EDGE('',*,*,#3182,.F.);
#3185=ORIENTED_EDGE('',*,*,#3184,.T.);
#3186=EDGE_LOOP('',(#3177,#3179,#3180,#3181,#3183,#3185));
#3187=FACE_OUTER_BOUND('',#3186,.F.);
#3188=ADVANCED_FACE('',(#3187),#3175,.T.);
#3189=CARTESIAN_POINT('',(1.05E0,6.7E-1,-4.632493928760E0));
#3190=DIRECTION('',(1.E0,0.E0,0.E0));
#3191=DIRECTION('',(0.E0,0.E0,-1.E0));
#3192=AXIS2_PLACEMENT_3D('',#3189,#3190,#3191);
#3193=PLANE('',#3192);
#3195=ORIENTED_EDGE('',*,*,#3194,.F.);
#3197=ORIENTED_EDGE('',*,*,#3196,.F.);
#3199=ORIENTED_EDGE('',*,*,#3198,.T.);
#3200=ORIENTED_EDGE('',*,*,#3089,.T.);
#3202=ORIENTED_EDGE('',*,*,#3201,.T.);
#3203=ORIENTED_EDGE('',*,*,#3176,.T.);
#3204=EDGE_LOOP('',(#3195,#3197,#3199,#3200,#3202,#3203));
#3205=FACE_OUTER_BOUND('',#3204,.F.);
#3206=ADVANCED_FACE('',(#3205),#3193,.F.);
#3207=CARTESIAN_POINT('',(0.E0,7.625E-1,0.E0));
#3208=DIRECTION('',(0.E0,-1.E0,0.E0));
#3209=DIRECTION('',(2.210526315789E-1,0.E0,9.752618797390E-1));
#3210=AXIS2_PLACEMENT_3D('',#3207,#3208,#3209);
#3211=CYLINDRICAL_SURFACE('',#3210,5.05E0);
#3212=ORIENTED_EDGE('',*,*,#3194,.T.);
#3213=ORIENTED_EDGE('',*,*,#3184,.F.);
#3215=ORIENTED_EDGE('',*,*,#3214,.T.);
#3216=ORIENTED_EDGE('',*,*,#2418,.T.);
#3217=EDGE_LOOP('',(#3212,#3213,#3215,#3216));
#3218=FACE_OUTER_BOUND('',#3217,.F.);
#3219=ADVANCED_FACE('',(#3218),#3211,.T.);
#3220=CARTESIAN_POINT('',(-1.05E0,6.7E-1,-5.907410600255E0));
#3221=DIRECTION('',(-1.E0,0.E0,0.E0));
#3222=DIRECTION('',(0.E0,0.E0,1.E0));
#3223=AXIS2_PLACEMENT_3D('',#3220,#3221,#3222);
#3224=PLANE('',#3223);
#3225=ORIENTED_EDGE('',*,*,#3214,.F.);
#3226=ORIENTED_EDGE('',*,*,#3182,.T.);
#3227=ORIENTED_EDGE('',*,*,#3106,.T.);
#3228=ORIENTED_EDGE('',*,*,#3093,.F.);
#3230=ORIENTED_EDGE('',*,*,#3229,.T.);
#3232=ORIENTED_EDGE('',*,*,#3231,.T.);
#3233=EDGE_LOOP('',(#3225,#3226,#3227,#3228,#3230,#3232));
#3234=FACE_OUTER_BOUND('',#3233,.F.);
#3235=ADVANCED_FACE('',(#3234),#3224,.F.);
#3236=CARTESIAN_POINT('',(0.E0,-4.28E0,0.E0));
#3237=DIRECTION('',(0.E0,1.E0,0.E0));
#3238=DIRECTION('',(1.E0,0.E0,0.E0));
#3239=AXIS2_PLACEMENT_3D('',#3236,#3237,#3238);
#3240=PLANE('',#3239);
#3242=ORIENTED_EDGE('',*,*,#3241,.F.);
#3244=ORIENTED_EDGE('',*,*,#3243,.T.);
#3246=ORIENTED_EDGE('',*,*,#3245,.T.);
#3248=ORIENTED_EDGE('',*,*,#3247,.T.);
#3249=ORIENTED_EDGE('',*,*,#3229,.F.);
#3250=ORIENTED_EDGE('',*,*,#3091,.F.);
#3251=ORIENTED_EDGE('',*,*,#3198,.F.);
#3253=ORIENTED_EDGE('',*,*,#3252,.T.);
#3254=EDGE_LOOP('',(#3242,#3244,#3246,#3248,#3249,#3250,#3251,#3253));
#3255=FACE_OUTER_BOUND('',#3254,.F.);
#3256=ADVANCED_FACE('',(#3255),#3240,.T.);
#3257=CARTESIAN_POINT('',(0.E0,-3.545E0,0.E0));
#3258=DIRECTION('',(9.914448613738E-1,0.E0,1.305261922201E-1));
#3259=DIRECTION('',(-1.305261922201E-1,0.E0,9.914448613738E-1));
#3260=AXIS2_PLACEMENT_3D('',#3257,#3258,#3259);
#3261=PLANE('',#3260);
#3262=ORIENTED_EDGE('',*,*,#3241,.T.);
#3264=ORIENTED_EDGE('',*,*,#3263,.F.);
#3265=ORIENTED_EDGE('',*,*,#2168,.T.);
#3267=ORIENTED_EDGE('',*,*,#3266,.F.);
#3269=ORIENTED_EDGE('',*,*,#3268,.F.);
#3270=EDGE_LOOP('',(#3262,#3264,#3265,#3267,#3269));
#3271=FACE_OUTER_BOUND('',#3270,.F.);
#3272=ADVANCED_FACE('',(#3271),#3261,.T.);
#3273=CARTESIAN_POINT('',(0.E0,-4.28E0,0.E0));
#3274=DIRECTION('',(0.E0,1.E0,0.E0));
#3275=DIRECTION('',(-1.305261922201E-1,0.E0,9.914448613738E-1));
#3276=AXIS2_PLACEMENT_3D('',#3273,#3274,#3275);
#3277=PLANE('',#3276);
#3279=ORIENTED_EDGE('',*,*,#3278,.T.);
#3281=ORIENTED_EDGE('',*,*,#3280,.F.);
#3282=ORIENTED_EDGE('',*,*,#2210,.F.);
#3283=ORIENTED_EDGE('',*,*,#3263,.T.);
#3284=EDGE_LOOP('',(#3279,#3281,#3282,#3283));
#3285=FACE_OUTER_BOUND('',#3284,.F.);
#3286=ADVANCED_FACE('',(#3285),#3277,.F.);
#3287=CARTESIAN_POINT('',(0.E0,-1.08E0,0.E0));
#3288=DIRECTION('',(0.E0,1.E0,0.E0));
#3289=DIRECTION('',(9.E-1,0.E0,-4.358898943541E-1));
#3290=AXIS2_PLACEMENT_3D('',#3287,#3288,#3289);
#3291=CYLINDRICAL_SURFACE('',#3290,5.05E0);
#3292=ORIENTED_EDGE('',*,*,#3252,.F.);
#3293=ORIENTED_EDGE('',*,*,#3196,.T.);
#3294=ORIENTED_EDGE('',*,*,#2416,.F.);
#3296=ORIENTED_EDGE('',*,*,#3295,.F.);
#3298=ORIENTED_EDGE('',*,*,#3297,.F.);
#3300=ORIENTED_EDGE('',*,*,#3299,.T.);
#3302=ORIENTED_EDGE('',*,*,#3301,.T.);
#3304=ORIENTED_EDGE('',*,*,#3303,.F.);
#3305=ORIENTED_EDGE('',*,*,#2420,.F.);
#3306=ORIENTED_EDGE('',*,*,#3231,.F.);
#3307=ORIENTED_EDGE('',*,*,#3247,.F.);
#3308=ORIENTED_EDGE('',*,*,#3278,.F.);
#3309=EDGE_LOOP('',(#3292,#3293,#3294,#3296,#3298,#3300,#3302,#3304,#3305,#3306,
#3307,#3308));
#3310=FACE_OUTER_BOUND('',#3309,.F.);
#3311=ADVANCED_FACE('',(#3310),#3291,.F.);
#3312=CARTESIAN_POINT('',(2.55E0,-2.88E0,-5.591429898974E0));
#3313=DIRECTION('',(0.E0,0.E0,1.E0));
#3314=DIRECTION('',(0.E0,1.E0,0.E0));
#3315=AXIS2_PLACEMENT_3D('',#3312,#3313,#3314);
#3316=CYLINDRICAL_SURFACE('',#3315,3.E-1);
#3317=ORIENTED_EDGE('',*,*,#2414,.F.);
#3318=ORIENTED_EDGE('',*,*,#3042,.T.);
#3320=ORIENTED_EDGE('',*,*,#3319,.T.);
#3321=ORIENTED_EDGE('',*,*,#3295,.T.);
#3322=EDGE_LOOP('',(#3317,#3318,#3320,#3321));
#3323=FACE_OUTER_BOUND('',#3322,.F.);
#3324=ADVANCED_FACE('',(#3323),#3316,.F.);
#3325=CARTESIAN_POINT('',(2.25E0,-5.28E0,5.562148865322E0));
#3326=DIRECTION('',(-1.E0,0.E0,0.E0));
#3327=DIRECTION('',(0.E0,0.E0,-1.E0));
#3328=AXIS2_PLACEMENT_3D('',#3325,#3326,#3327);
#3329=PLANE('',#3328);
#3331=ORIENTED_EDGE('',*,*,#3330,.F.);
#3332=ORIENTED_EDGE('',*,*,#3297,.T.);
#3333=ORIENTED_EDGE('',*,*,#3319,.F.);
#3334=ORIENTED_EDGE('',*,*,#3040,.F.);
#3336=ORIENTED_EDGE('',*,*,#3335,.F.);
#3338=ORIENTED_EDGE('',*,*,#3337,.F.);
#3339=EDGE_LOOP('',(#3331,#3332,#3333,#3334,#3336,#3338));
#3340=FACE_OUTER_BOUND('',#3339,.F.);
#3341=ADVANCED_FACE('',(#3340),#3329,.F.);
#3342=CARTESIAN_POINT('',(0.E0,-4.589838732264E0,0.E0));
#3343=DIRECTION('',(0.E0,1.E0,0.E0));
#3344=DIRECTION('',(4.507265801869E-1,0.E0,-8.926620580673E-1));
#3345=AXIS2_PLACEMENT_3D('',#3342,#3343,#3344);
#3346=TOROIDAL_SURFACE('',#3345,5.55E0,5.E-1);
#3348=ORIENTED_EDGE('',*,*,#3347,.T.);
#3350=ORIENTED_EDGE('',*,*,#3349,.T.);
#3351=ORIENTED_EDGE('',*,*,#3299,.F.);
#3352=ORIENTED_EDGE('',*,*,#3330,.T.);
#3353=EDGE_LOOP('',(#3348,#3350,#3351,#3352));
#3354=FACE_OUTER_BOUND('',#3353,.F.);
#3355=ADVANCED_FACE('',(#3354),#3346,.T.);
#3356=CARTESIAN_POINT('',(0.E0,-5.151980151663E0,0.E0));
#3357=DIRECTION('',(0.E0,-1.E0,0.E0));
#3358=DIRECTION('',(-9.E-1,0.E0,4.358898943541E-1));
#3359=AXIS2_PLACEMENT_3D('',#3356,#3357,#3358);
#3360=CONICAL_SURFACE('',#3359,5.525965265411E0,6.025511870306E1);
#3361=ORIENTED_EDGE('',*,*,#3347,.F.);
#3362=ORIENTED_EDGE('',*,*,#3337,.T.);
#3364=ORIENTED_EDGE('',*,*,#3363,.T.);
#3366=ORIENTED_EDGE('',*,*,#3365,.F.);
#3367=EDGE_LOOP('',(#3361,#3362,#3364,#3366));
#3368=FACE_OUTER_BOUND('',#3367,.F.);
#3369=ADVANCED_FACE('',(#3368),#3360,.F.);
#3370=CARTESIAN_POINT('',(-5.4E0,-5.28E0,-2.615339366124E0));
#3371=DIRECTION('',(0.E0,-1.E0,0.E0));
#3372=DIRECTION('',(1.E0,0.E0,0.E0));
#3373=AXIS2_PLACEMENT_3D('',#3370,#3371,#3372);
#3374=PLANE('',#3373);
#3375=ORIENTED_EDGE('',*,*,#3335,.T.);
#3376=ORIENTED_EDGE('',*,*,#3038,.T.);
#3378=ORIENTED_EDGE('',*,*,#3377,.T.);
#3379=ORIENTED_EDGE('',*,*,#3363,.F.);
#3380=EDGE_LOOP('',(#3375,#3376,#3378,#3379));
#3381=FACE_OUTER_BOUND('',#3380,.F.);
#3382=ADVANCED_FACE('',(#3381),#3374,.T.);
#3383=CARTESIAN_POINT('',(-2.25E0,-5.28E0,-5.562148865322E0));
#3384=DIRECTION('',(1.E0,0.E0,0.E0));
#3385=DIRECTION('',(0.E0,0.E0,1.E0));
#3386=AXIS2_PLACEMENT_3D('',#3383,#3384,#3385);
#3387=PLANE('',#3386);
#3388=ORIENTED_EDGE('',*,*,#3349,.F.);
#3389=ORIENTED_EDGE('',*,*,#3365,.T.);
#3390=ORIENTED_EDGE('',*,*,#3377,.F.);
#3391=ORIENTED_EDGE('',*,*,#3036,.T.);
#3393=ORIENTED_EDGE('',*,*,#3392,.F.);
#3394=ORIENTED_EDGE('',*,*,#3301,.F.);
#3395=EDGE_LOOP('',(#3388,#3389,#3390,#3391,#3393,#3394));
#3396=FACE_OUTER_BOUND('',#3395,.F.);
#3397=ADVANCED_FACE('',(#3396),#3387,.F.);
#3398=CARTESIAN_POINT('',(-2.55E0,-2.88E0,5.592531986101E0));
#3399=DIRECTION('',(0.E0,0.E0,-1.E0));
#3400=DIRECTION('',(0.E0,1.E0,0.E0));
#3401=AXIS2_PLACEMENT_3D('',#3398,#3399,#3400);
#3402=CYLINDRICAL_SURFACE('',#3401,3.E-1);
#3403=ORIENTED_EDGE('',*,*,#2422,.F.);
#3404=ORIENTED_EDGE('',*,*,#3303,.T.);
#3405=ORIENTED_EDGE('',*,*,#3392,.T.);
#3406=ORIENTED_EDGE('',*,*,#3034,.T.);
#3407=EDGE_LOOP('',(#3403,#3404,#3405,#3406));
#3408=FACE_OUTER_BOUND('',#3407,.F.);
#3409=ADVANCED_FACE('',(#3408),#3402,.F.);
#3410=CARTESIAN_POINT('',(0.E0,-3.545E0,0.E0));
#3411=DIRECTION('',(9.914448613738E-1,0.E0,-1.305261922201E-1));
#3412=DIRECTION('',(1.305261922201E-1,0.E0,9.914448613738E-1));
#3413=AXIS2_PLACEMENT_3D('',#3410,#3411,#3412);
#3414=PLANE('',#3413);
#3415=ORIENTED_EDGE('',*,*,#3245,.F.);
#3417=ORIENTED_EDGE('',*,*,#3416,.T.);
#3419=ORIENTED_EDGE('',*,*,#3418,.T.);
#3420=ORIENTED_EDGE('',*,*,#2164,.F.);
#3421=ORIENTED_EDGE('',*,*,#3280,.T.);
#3422=EDGE_LOOP('',(#3415,#3417,#3419,#3420,#3421));
#3423=FACE_OUTER_BOUND('',#3422,.F.);
#3424=ADVANCED_FACE('',(#3423),#3414,.F.);
#3425=CARTESIAN_POINT('',(0.E0,-3.545E0,0.E0));
#3426=DIRECTION('',(0.E0,1.E0,0.E0));
#3427=DIRECTION('',(-1.305261922201E-1,0.E0,9.914448613738E-1));
#3428=AXIS2_PLACEMENT_3D('',#3425,#3426,#3427);
#3429=CYLINDRICAL_SURFACE('',#3428,5.5E0);
#3430=ORIENTED_EDGE('',*,*,#3243,.F.);
#3431=ORIENTED_EDGE('',*,*,#3268,.T.);
#3433=ORIENTED_EDGE('',*,*,#3432,.T.);
#3434=ORIENTED_EDGE('',*,*,#3416,.F.);
#3435=EDGE_LOOP('',(#3430,#3431,#3433,#3434));
#3436=FACE_OUTER_BOUND('',#3435,.F.);
#3437=ADVANCED_FACE('',(#3436),#3429,.T.);
#3438=CARTESIAN_POINT('',(0.E0,-3.83E0,0.E0));
#3439=DIRECTION('',(0.E0,-1.E0,0.E0));
#3440=DIRECTION('',(1.305261922201E-1,0.E0,-9.914448613738E-1));
#3441=AXIS2_PLACEMENT_3D('',#3438,#3439,#3440);
#3442=CONICAL_SURFACE('',#3441,5.214378967766E0,4.880480556297E1);
#3443=ORIENTED_EDGE('',*,*,#2166,.T.);
#3444=ORIENTED_EDGE('',*,*,#3418,.F.);
#3445=ORIENTED_EDGE('',*,*,#3432,.F.);
#3446=ORIENTED_EDGE('',*,*,#3266,.T.);
#3447=EDGE_LOOP('',(#3443,#3444,#3445,#3446));
#3448=FACE_OUTER_BOUND('',#3447,.F.);
#3449=ADVANCED_FACE('',(#3448),#3442,.T.);
#3450=CARTESIAN_POINT('',(1.55E0,1.7E-1,-5.949672004462E0));
#3451=DIRECTION('',(0.E0,0.E0,1.E0));
#3452=DIRECTION('',(0.E0,1.E0,0.E0));
#3453=AXIS2_PLACEMENT_3D('',#3450,#3451,#3452);
#3454=CYLINDRICAL_SURFACE('',#3453,5.E-1);
#3455=ORIENTED_EDGE('',*,*,#3123,.T.);
#3456=ORIENTED_EDGE('',*,*,#3166,.F.);
#3457=ORIENTED_EDGE('',*,*,#3178,.T.);
#3458=ORIENTED_EDGE('',*,*,#3201,.F.);
#3459=ORIENTED_EDGE('',*,*,#3087,.T.);
#3460=EDGE_LOOP('',(#3455,#3456,#3457,#3458,#3459));
#3461=FACE_OUTER_BOUND('',#3460,.F.);
#3462=ADVANCED_FACE('',(#3461),#3454,.T.);
#3463=CARTESIAN_POINT('',(1.55E0,1.7E-1,4.145715320049E0));
#3464=DIRECTION('',(0.E0,0.E0,1.E0));
#3465=DIRECTION('',(0.E0,1.E0,0.E0));
#3466=AXIS2_PLACEMENT_3D('',#3463,#3464,#3465);
#3467=CYLINDRICAL_SURFACE('',#3466,5.E-1);
#3468=ORIENTED_EDGE('',*,*,#3126,.T.);
#3469=ORIENTED_EDGE('',*,*,#3083,.T.);
#3470=ORIENTED_EDGE('',*,*,#2360,.F.);
#3472=ORIENTED_EDGE('',*,*,#3471,.F.);
#3474=ORIENTED_EDGE('',*,*,#3473,.T.);
#3475=EDGE_LOOP('',(#3468,#3469,#3470,#3472,#3474));
#3476=FACE_OUTER_BOUND('',#3475,.F.);
#3477=ADVANCED_FACE('',(#3476),#3467,.T.);
#3478=CARTESIAN_POINT('',(0.E0,-1.115879555833E-1,0.E0));
#3479=DIRECTION('',(0.E0,-1.E0,0.E0));
#3480=DIRECTION('',(2.210526315789E-1,0.E0,9.752618797390E-1));
#3481=AXIS2_PLACEMENT_3D('',#3478,#3479,#3480);
#3482=CONICAL_SURFACE('',#3481,4.985039016551E0,1.E1);
#3484=ORIENTED_EDGE('',*,*,#3483,.F.);
#3486=ORIENTED_EDGE('',*,*,#3485,.F.);
#3488=ORIENTED_EDGE('',*,*,#3487,.T.);
#3489=ORIENTED_EDGE('',*,*,#3471,.T.);
#3490=ORIENTED_EDGE('',*,*,#2358,.F.);
#3491=ORIENTED_EDGE('',*,*,#2378,.F.);
#3492=EDGE_LOOP('',(#3484,#3486,#3488,#3489,#3490,#3491));
#3493=FACE_OUTER_BOUND('',#3492,.F.);
#3494=ADVANCED_FACE('',(#3493),#3482,.T.);
#3495=CARTESIAN_POINT('',(-1.05E0,6.7E-1,4.632493928760E0));
#3496=DIRECTION('',(-1.E0,0.E0,0.E0));
#3497=DIRECTION('',(0.E0,0.E0,1.E0));
#3498=AXIS2_PLACEMENT_3D('',#3495,#3496,#3497);
#3499=PLANE('',#3498);
#3500=ORIENTED_EDGE('',*,*,#2376,.F.);
#3501=ORIENTED_EDGE('',*,*,#2250,.F.);
#3502=ORIENTED_EDGE('',*,*,#2286,.T.);
#3503=ORIENTED_EDGE('',*,*,#3079,.T.);
#3505=ORIENTED_EDGE('',*,*,#3504,.T.);
#3506=ORIENTED_EDGE('',*,*,#3483,.T.);
#3507=EDGE_LOOP('',(#3500,#3501,#3502,#3503,#3505,#3506));
#3508=FACE_OUTER_BOUND('',#3507,.F.);
#3509=ADVANCED_FACE('',(#3508),#3499,.F.);
#3510=CARTESIAN_POINT('',(-1.55E0,1.7E-1,5.948569779838E0));
#3511=DIRECTION('',(0.E0,0.E0,-1.E0));
#3512=DIRECTION('',(0.E0,1.E0,0.E0));
#3513=AXIS2_PLACEMENT_3D('',#3510,#3511,#3512);
#3514=CYLINDRICAL_SURFACE('',#3513,5.E-1);
#3515=ORIENTED_EDGE('',*,*,#3130,.T.);
#3517=ORIENTED_EDGE('',*,*,#3516,.F.);
#3518=ORIENTED_EDGE('',*,*,#3485,.T.);
#3519=ORIENTED_EDGE('',*,*,#3504,.F.);
#3520=ORIENTED_EDGE('',*,*,#3077,.T.);
#3521=EDGE_LOOP('',(#3515,#3517,#3518,#3519,#3520));
#3522=FACE_OUTER_BOUND('',#3521,.F.);
#3523=ADVANCED_FACE('',(#3522),#3514,.T.);
#3524=CARTESIAN_POINT('',(0.E0,1.7E-1,0.E0));
#3525=DIRECTION('',(0.E0,-1.E0,0.E0));
#3526=DIRECTION('',(3.512854483100E-1,0.E0,9.362684090610E-1));
#3527=AXIS2_PLACEMENT_3D('',#3524,#3525,#3526);
#3528=TOROIDAL_SURFACE('',#3527,4.427674156597E0,5.E-1);
#3529=ORIENTED_EDGE('',*,*,#3487,.F.);
#3530=ORIENTED_EDGE('',*,*,#3516,.T.);
#3531=ORIENTED_EDGE('',*,*,#3128,.F.);
#3532=ORIENTED_EDGE('',*,*,#3473,.F.);
#3533=EDGE_LOOP('',(#3529,#3530,#3531,#3532));
#3534=FACE_OUTER_BOUND('',#3533,.F.);
#3535=ADVANCED_FACE('',(#3534),#3528,.T.);
#3536=CARTESIAN_POINT('',(-5.4E0,-8.E-2,-2.615339366124E0));
#3537=DIRECTION('',(-1.E0,0.E0,0.E0));
#3538=DIRECTION('',(0.E0,0.E0,1.E0));
#3539=AXIS2_PLACEMENT_3D('',#3536,#3537,#3538);
#3540=PLANE('',#3539);
#3541=ORIENTED_EDGE('',*,*,#3073,.F.);
#3543=ORIENTED_EDGE('',*,*,#3542,.F.);
#3544=ORIENTED_EDGE('',*,*,#3026,.F.);
#3545=ORIENTED_EDGE('',*,*,#3133,.T.);
#3546=EDGE_LOOP('',(#3541,#3543,#3544,#3545));
#3547=FACE_OUTER_BOUND('',#3546,.F.);
#3548=ADVANCED_FACE('',(#3547),#3540,.T.);
#3549=CARTESIAN_POINT('',(-5.4E0,-5.28E0,-2.615339366124E0));
#3550=DIRECTION('',(0.E0,-1.E0,0.E0));
#3551=DIRECTION('',(1.E0,0.E0,0.E0));
#3552=AXIS2_PLACEMENT_3D('',#3549,#3550,#3551);
#3553=PLANE('',#3552);
#3555=ORIENTED_EDGE('',*,*,#3554,.T.);
#3556=ORIENTED_EDGE('',*,*,#2459,.F.);
#3557=ORIENTED_EDGE('',*,*,#2479,.F.);
#3559=ORIENTED_EDGE('',*,*,#3558,.F.);
#3561=ORIENTED_EDGE('',*,*,#3560,.T.);
#3562=ORIENTED_EDGE('',*,*,#3028,.T.);
#3563=ORIENTED_EDGE('',*,*,#3542,.T.);
#3564=ORIENTED_EDGE('',*,*,#3071,.T.);
#3565=EDGE_LOOP('',(#3555,#3556,#3557,#3559,#3561,#3562,#3563,#3564));
#3566=FACE_OUTER_BOUND('',#3565,.F.);
#3567=ADVANCED_FACE('',(#3566),#3553,.T.);
#3568=CARTESIAN_POINT('',(-3.5E0,-5.28E0,4.873397172404E0));
#3569=DIRECTION('',(-1.E0,0.E0,0.E0));
#3570=DIRECTION('',(0.E0,0.E0,-1.E0));
#3571=AXIS2_PLACEMENT_3D('',#3568,#3569,#3570);
#3572=PLANE('',#3571);
#3574=ORIENTED_EDGE('',*,*,#3573,.F.);
#3575=ORIENTED_EDGE('',*,*,#2444,.F.);
#3576=ORIENTED_EDGE('',*,*,#2461,.T.);
#3577=ORIENTED_EDGE('',*,*,#3554,.F.);
#3578=ORIENTED_EDGE('',*,*,#3069,.T.);
#3579=EDGE_LOOP('',(#3574,#3575,#3576,#3577,#3578));
#3580=FACE_OUTER_BOUND('',#3579,.F.);
#3581=ADVANCED_FACE('',(#3580),#3572,.F.);
#3582=CARTESIAN_POINT('',(-3.2E0,-2.88E0,-5.602613860860E0));
#3583=DIRECTION('',(0.E0,0.E0,1.E0));
#3584=DIRECTION('',(0.E0,1.E0,0.E0));
#3585=AXIS2_PLACEMENT_3D('',#3582,#3583,#3584);
#3586=CYLINDRICAL_SURFACE('',#3585,3.E-1);
#3587=ORIENTED_EDGE('',*,*,#2393,.F.);
#3588=ORIENTED_EDGE('',*,*,#2446,.T.);
#3589=ORIENTED_EDGE('',*,*,#3573,.T.);
#3590=ORIENTED_EDGE('',*,*,#3067,.T.);
#3591=EDGE_LOOP('',(#3587,#3588,#3589,#3590));
#3592=FACE_OUTER_BOUND('',#3591,.F.);
#3593=ADVANCED_FACE('',(#3592),#3586,.F.);
#3594=CARTESIAN_POINT('',(0.E0,-5.03E0,0.E0));
#3595=DIRECTION('',(0.E0,-1.E0,0.E0));
#3596=DIRECTION('',(-9.E-1,0.E0,4.358898943541E-1));
#3597=AXIS2_PLACEMENT_3D('',#3594,#3595,#3596);
#3598=CONICAL_SURFACE('',#3597,5.3E0,4.5E1);
#3599=ORIENTED_EDGE('',*,*,#2997,.F.);
#3601=ORIENTED_EDGE('',*,*,#3600,.T.);
#3602=ORIENTED_EDGE('',*,*,#3558,.T.);
#3603=ORIENTED_EDGE('',*,*,#2477,.F.);
#3604=EDGE_LOOP('',(#3599,#3601,#3602,#3603));
#3605=FACE_OUTER_BOUND('',#3604,.F.);
#3606=ADVANCED_FACE('',(#3605),#3598,.F.);
#3607=CARTESIAN_POINT('',(-3.5E0,-5.28E0,4.873397172404E0));
#3608=DIRECTION('',(-1.E0,0.E0,0.E0));
#3609=DIRECTION('',(0.E0,0.E0,-1.E0));
#3610=AXIS2_PLACEMENT_3D('',#3607,#3608,#3609);
#3611=PLANE('',#3610);
#3612=ORIENTED_EDGE('',*,*,#3011,.F.);
#3613=ORIENTED_EDGE('',*,*,#3030,.F.);
#3614=ORIENTED_EDGE('',*,*,#3560,.F.);
#3615=ORIENTED_EDGE('',*,*,#3600,.F.);
#3616=ORIENTED_EDGE('',*,*,#2995,.T.);
#3617=EDGE_LOOP('',(#3612,#3613,#3614,#3615,#3616));
#3618=FACE_OUTER_BOUND('',#3617,.F.);
#3619=ADVANCED_FACE('',(#3618),#3611,.F.);
#3620=CARTESIAN_POINT('',(-3.85E0,6.7E-1,-5.083008712826E0));
#3621=DIRECTION('',(-9.998476951564E-1,1.745240643728E-2,0.E0));
#3622=DIRECTION('',(0.E0,0.E0,1.E0));
#3623=AXIS2_PLACEMENT_3D('',#3620,#3621,#3622);
#3624=PLANE('',#3623);
#3626=ORIENTED_EDGE('',*,*,#3625,.T.);
#3628=ORIENTED_EDGE('',*,*,#3627,.T.);
#3629=ORIENTED_EDGE('',*,*,#3138,.F.);
#3631=ORIENTED_EDGE('',*,*,#3630,.F.);
#3632=EDGE_LOOP('',(#3626,#3628,#3629,#3631));
#3633=FACE_OUTER_BOUND('',#3632,.F.);
#3634=ADVANCED_FACE('',(#3633),#3624,.T.);
#3635=CARTESIAN_POINT('',(-3.481879548367E0,4.57E0,-2.880014217119E0));
#3636=DIRECTION('',(0.E0,0.E0,1.E0));
#3637=DIRECTION('',(0.E0,1.E0,0.E0));
#3638=AXIS2_PLACEMENT_3D('',#3635,#3636,#3637);
#3639=CYLINDRICAL_SURFACE('',#3638,3.E-1);
#3641=ORIENTED_EDGE('',*,*,#3640,.T.);
#3643=ORIENTED_EDGE('',*,*,#3642,.T.);
#3644=ORIENTED_EDGE('',*,*,#3625,.F.);
#3646=ORIENTED_EDGE('',*,*,#3645,.F.);
#3647=EDGE_LOOP('',(#3641,#3643,#3644,#3646));
#3648=FACE_OUTER_BOUND('',#3647,.F.);
#3649=ADVANCED_FACE('',(#3648),#3639,.T.);
#3650=CARTESIAN_POINT('',(0.E0,4.87E0,0.E0));
#3651=DIRECTION('',(0.E0,1.E0,0.E0));
#3652=DIRECTION('',(1.E0,0.E0,0.E0));
#3653=AXIS2_PLACEMENT_3D('',#3650,#3651,#3652);
#3654=PLANE('',#3653);
#3656=ORIENTED_EDGE('',*,*,#3655,.F.);
#3658=ORIENTED_EDGE('',*,*,#3657,.F.);
#3660=ORIENTED_EDGE('',*,*,#3659,.F.);
#3662=ORIENTED_EDGE('',*,*,#3661,.F.);
#3664=ORIENTED_EDGE('',*,*,#3663,.F.);
#3666=ORIENTED_EDGE('',*,*,#3665,.F.);
#3668=ORIENTED_EDGE('',*,*,#3667,.F.);
#3669=ORIENTED_EDGE('',*,*,#3640,.F.);
#3670=EDGE_LOOP('',(#3656,#3658,#3660,#3662,#3664,#3666,#3668,#3669));
#3671=FACE_OUTER_BOUND('',#3670,.F.);
#3672=ADVANCED_FACE('',(#3671),#3654,.T.);
#3673=CARTESIAN_POINT('',(-2.771184570236E0,4.869727548244E0,
-3.469010011539E0));
#3674=CARTESIAN_POINT('',(-2.812072214158E0,4.869727548244E0,
-3.469646865394E0));
#3675=CARTESIAN_POINT('',(-2.900228001356E0,4.869727548244E0,
-3.463163893332E0));
#3676=CARTESIAN_POINT('',(-3.031153915694E0,4.869727548244E0,
-3.427532591804E0));
#3677=CARTESIAN_POINT('',(-3.157581538511E0,4.869727548244E0,
-3.363155912078E0));
#3678=CARTESIAN_POINT('',(-3.268204904007E0,4.869727548244E0,
-3.274350021032E0));
#3679=CARTESIAN_POINT('',(-3.358393213423E0,4.869727548244E0,
-3.164851002109E0));
#3680=CARTESIAN_POINT('',(-3.424352579933E0,4.869727548244E0,
-3.039242387340E0));
#3681=CARTESIAN_POINT('',(-3.462419722674E0,4.869727548244E0,
-2.905994097729E0));
#3682=CARTESIAN_POINT('',(-3.469693481886E0,4.869727548244E0,
-2.814942933573E0));
#3683=CARTESIAN_POINT('',(-3.469011229671E0,4.869727548244E0,
-2.771190853383E0));
#3684=CARTESIAN_POINT('',(-2.768274677678E0,4.877624336687E0,
-3.654150400304E0));
#3685=CARTESIAN_POINT('',(-2.820177218616E0,4.877624336687E0,
-3.654959312608E0));
#3686=CARTESIAN_POINT('',(-2.932083584494E0,4.877624336687E0,
-3.646728681991E0));
#3687=CARTESIAN_POINT('',(-3.098289239547E0,4.877624336687E0,
-3.601496928464E0));
#3688=CARTESIAN_POINT('',(-3.258789365365E0,4.877624336687E0,
-3.519770696648E0));
#3689=CARTESIAN_POINT('',(-3.399228311369E0,4.877624336687E0,
-3.407029701797E0));
#3690=CARTESIAN_POINT('',(-3.513724385096E0,4.877624336687E0,
-3.268018072163E0));
#3691=CARTESIAN_POINT('',(-3.597459970627E0,4.877624336687E0,
-3.108557447600E0));
#3692=CARTESIAN_POINT('',(-3.645784026224E0,4.877624336687E0,
-2.939403245348E0));
#3693=CARTESIAN_POINT('',(-3.655018568030E0,4.877624336687E0,
-2.823821303160E0));
#3694=CARTESIAN_POINT('',(-3.654151826064E0,4.877624336687E0,
-2.768282651154E0));
#3695=CARTESIAN_POINT('',(-2.766197307980E0,4.747723617540E0,
-3.786321958478E0));
#3696=CARTESIAN_POINT('',(-2.825963374059E0,4.747723617540E0,
-3.787253703155E0));
#3697=CARTESIAN_POINT('',(-2.954825256844E0,4.747723617540E0,
-3.777775420657E0));
#3698=CARTESIAN_POINT('',(-3.146217087280E0,4.747723617540E0,
-3.725689913022E0));
#3699=CARTESIAN_POINT('',(-3.331041542558E0,4.747723617540E0,
-3.631577851467E0));
#3700=CARTESIAN_POINT('',(-3.492765804856E0,4.747723617540E0,
-3.501749607388E0));
#3701=CARTESIAN_POINT('',(-3.624615169813E0,4.747723617540E0,
-3.341668951326E0));
#3702=CARTESIAN_POINT('',(-3.721041182227E0,4.747723617540E0,
-3.158041407208E0));
#3703=CARTESIAN_POINT('',(-3.776687638750E0,4.747723617540E0,
-2.963254005993E0));
#3704=CARTESIAN_POINT('',(-3.787321981498E0,4.747723617540E0,
-2.830159563278E0));
#3705=CARTESIAN_POINT('',(-3.786323532464E0,4.747723617540E0,
-2.766206488181E0));
#3706=CARTESIAN_POINT('',(-2.766270601932E0,4.562450505956E0,
-3.781658669199E0));
#3707=CARTESIAN_POINT('',(-2.825759226382E0,4.562450505956E0,
-3.782586080092E0));
#3708=CARTESIAN_POINT('',(-2.954022883033E0,4.562450505956E0,
-3.773151817366E0));
#3709=CARTESIAN_POINT('',(-3.144526092473E0,4.562450505956E0,
-3.721308124524E0));
#3710=CARTESIAN_POINT('',(-3.328492334484E0,4.562450505956E0,
-3.627633060972E0));
#3711=CARTESIAN_POINT('',(-3.489465606261E0,4.562450505956E0,
-3.498407690819E0));
#3712=CARTESIAN_POINT('',(-3.620702710774E0,4.562450505956E0,
-3.339070394118E0));
#3713=CARTESIAN_POINT('',(-3.716680978359E0,4.562450505956E0,
-3.156295509516E0));
#3714=CARTESIAN_POINT('',(-3.772069085248E0,4.562450505956E0,
-2.962412501225E0));
#3715=CARTESIAN_POINT('',(-3.782654040089E0,4.562450505956E0,
-2.829935936192E0));
#3716=CARTESIAN_POINT('',(-3.781660237956E0,4.562450505956E0,
-2.766279739557E0));
#3717=(BOUNDED_SURFACE()B_SPLINE_SURFACE(3,3,((#3673,#3674,#3675,#3676,#3677,
#3678,#3679,#3680,#3681,#3682,#3683),(#3684,#3685,#3686,#3687,#3688,#3689,#3690,
#3691,#3692,#3693,#3694),(#3695,#3696,#3697,#3698,#3699,#3700,#3701,#3702,#3703,
#3704,#3705),(#3706,#3707,#3708,#3709,#3710,#3711,#3712,#3713,#3714,#3715,
#3716)),.UNSPECIFIED.,.F.,.F.,.F.)B_SPLINE_SURFACE_WITH_KNOTS((4,4),(4,1,1,1,1,
1,1,1,4),(0.E0,1.E0),(1.627344321444E-2,1.250123532927E-1,2.500150076986E-1,
3.750100893244E-1,5.000008384030E-1,6.249914575415E-1,7.499861712414E-1,
8.749882818731E-1,9.913729916589E-1),.UNSPECIFIED.)GEOMETRIC_REPRESENTATION_ITEM()RATIONAL_B_SPLINE_SURFACE(((1.188539130816E0,1.188539130816E0,1.188539130816E0,
1.188539130816E0,1.188539130816E0,1.188539130816E0,1.188539130816E0,
1.188539130816E0,1.188539130816E0,1.188539130816E0,1.188539130816E0),(
9.371536230614E-1,9.371536230614E-1,9.371536230614E-1,9.371536230614E-1,
9.371536230614E-1,9.371536230614E-1,9.371536230614E-1,9.371536230614E-1,
9.371536230614E-1,9.371536230614E-1,9.371536230614E-1),(9.371536230614E-1,
9.371536230614E-1,9.371536230614E-1,9.371536230614E-1,9.371536230614E-1,
9.371536230614E-1,9.371536230614E-1,9.371536230614E-1,9.371536230614E-1,
9.371536230614E-1,9.371536230614E-1),(1.188539130816E0,1.188539130816E0,
1.188539130816E0,1.188539130816E0,1.188539130816E0,1.188539130816E0,
1.188539130816E0,1.188539130816E0,1.188539130816E0,1.188539130816E0,
1.188539130816E0)))REPRESENTATION_ITEM('')SURFACE());
#3718=ORIENTED_EDGE('',*,*,#3655,.T.);
#3719=ORIENTED_EDGE('',*,*,#3645,.T.);
#3721=ORIENTED_EDGE('',*,*,#3720,.F.);
#3723=ORIENTED_EDGE('',*,*,#3722,.F.);
#3724=EDGE_LOOP('',(#3718,#3719,#3721,#3723));
#3725=FACE_OUTER_BOUND('',#3724,.F.);
#3726=ADVANCED_FACE('',(#3725),#3717,.T.);
#3727=CARTESIAN_POINT('',(-2.776310773572E0,4.882926086845E0,
-2.776310773572E0));
#3728=DIRECTION('',(-1.744974916068E-2,-9.996954598819E-1,-1.744974916068E-2));
#3729=DIRECTION('',(-9.998476951564E-1,1.745240643728E-2,0.E0));
#3730=AXIS2_PLACEMENT_3D('',#3727,#3728,#3729);
#3731=CYLINDRICAL_SURFACE('',#3730,1.E0);
#3732=ORIENTED_EDGE('',*,*,#3720,.T.);
#3733=ORIENTED_EDGE('',*,*,#3630,.T.);
#3734=ORIENTED_EDGE('',*,*,#3152,.T.);
#3736=ORIENTED_EDGE('',*,*,#3735,.F.);
#3737=EDGE_LOOP('',(#3732,#3733,#3734,#3736));
#3738=FACE_OUTER_BOUND('',#3737,.F.);
#3739=ADVANCED_FACE('',(#3738),#3731,.T.);
#3740=CARTESIAN_POINT('',(5.083008712826E0,6.7E-1,-3.85E0));
#3741=DIRECTION('',(0.E0,1.745240643728E-2,-9.998476951564E-1));
#3742=DIRECTION('',(-1.E0,0.E0,0.E0));
#3743=AXIS2_PLACEMENT_3D('',#3740,#3741,#3742);
#3744=PLANE('',#3743);
#3746=ORIENTED_EDGE('',*,*,#3745,.T.);
#3747=ORIENTED_EDGE('',*,*,#3735,.T.);
#3748=ORIENTED_EDGE('',*,*,#3150,.F.);
#3750=ORIENTED_EDGE('',*,*,#3749,.F.);
#3751=EDGE_LOOP('',(#3746,#3747,#3748,#3750));
#3752=FACE_OUTER_BOUND('',#3751,.F.);
#3753=ADVANCED_FACE('',(#3752),#3744,.T.);
#3754=CARTESIAN_POINT('',(2.880014217119E0,4.57E0,-3.481879548367E0));
#3755=DIRECTION('',(-1.E0,0.E0,0.E0));
#3756=DIRECTION('',(0.E0,1.E0,0.E0));
#3757=AXIS2_PLACEMENT_3D('',#3754,#3755,#3756);
#3758=CYLINDRICAL_SURFACE('',#3757,3.E-1);
#3759=ORIENTED_EDGE('',*,*,#3657,.T.);
#3760=ORIENTED_EDGE('',*,*,#3722,.T.);
#3761=ORIENTED_EDGE('',*,*,#3745,.F.);
#3763=ORIENTED_EDGE('',*,*,#3762,.F.);
#3764=EDGE_LOOP('',(#3759,#3760,#3761,#3763));
#3765=FACE_OUTER_BOUND('',#3764,.F.);
#3766=ADVANCED_FACE('',(#3765),#3758,.T.);
#3767=CARTESIAN_POINT('',(3.469010011539E0,4.869727548244E0,-2.771184570236E0));
#3768=CARTESIAN_POINT('',(3.469646865394E0,4.869727548244E0,-2.812072214158E0));
#3769=CARTESIAN_POINT('',(3.463163893332E0,4.869727548244E0,-2.900228001356E0));
#3770=CARTESIAN_POINT('',(3.427532591804E0,4.869727548244E0,-3.031153915694E0));
#3771=CARTESIAN_POINT('',(3.363155912078E0,4.869727548244E0,-3.157581538511E0));
#3772=CARTESIAN_POINT('',(3.274350021032E0,4.869727548244E0,-3.268204904007E0));
#3773=CARTESIAN_POINT('',(3.164851002109E0,4.869727548244E0,-3.358393213423E0));
#3774=CARTESIAN_POINT('',(3.039242387340E0,4.869727548244E0,-3.424352579933E0));
#3775=CARTESIAN_POINT('',(2.905994097729E0,4.869727548244E0,-3.462419722674E0));
#3776=CARTESIAN_POINT('',(2.814942933573E0,4.869727548244E0,-3.469693481886E0));
#3777=CARTESIAN_POINT('',(2.771190853383E0,4.869727548244E0,-3.469011229671E0));
#3778=CARTESIAN_POINT('',(3.654150400304E0,4.877624336687E0,-2.768274677678E0));
#3779=CARTESIAN_POINT('',(3.654959312608E0,4.877624336687E0,-2.820177218616E0));
#3780=CARTESIAN_POINT('',(3.646728681991E0,4.877624336687E0,-2.932083584494E0));
#3781=CARTESIAN_POINT('',(3.601496928464E0,4.877624336687E0,-3.098289239547E0));
#3782=CARTESIAN_POINT('',(3.519770696648E0,4.877624336687E0,-3.258789365365E0));
#3783=CARTESIAN_POINT('',(3.407029701797E0,4.877624336687E0,-3.399228311369E0));
#3784=CARTESIAN_POINT('',(3.268018072163E0,4.877624336687E0,-3.513724385096E0));
#3785=CARTESIAN_POINT('',(3.108557447600E0,4.877624336687E0,-3.597459970627E0));
#3786=CARTESIAN_POINT('',(2.939403245348E0,4.877624336687E0,-3.645784026224E0));
#3787=CARTESIAN_POINT('',(2.823821303160E0,4.877624336687E0,-3.655018568030E0));
#3788=CARTESIAN_POINT('',(2.768282651154E0,4.877624336687E0,-3.654151826064E0));
#3789=CARTESIAN_POINT('',(3.786321958478E0,4.747723617540E0,-2.766197307980E0));
#3790=CARTESIAN_POINT('',(3.787253703155E0,4.747723617540E0,-2.825963374059E0));
#3791=CARTESIAN_POINT('',(3.777775420657E0,4.747723617540E0,-2.954825256844E0));
#3792=CARTESIAN_POINT('',(3.725689913022E0,4.747723617540E0,-3.146217087280E0));
#3793=CARTESIAN_POINT('',(3.631577851467E0,4.747723617540E0,-3.331041542558E0));
#3794=CARTESIAN_POINT('',(3.501749607388E0,4.747723617540E0,-3.492765804856E0));
#3795=CARTESIAN_POINT('',(3.341668951326E0,4.747723617540E0,-3.624615169813E0));
#3796=CARTESIAN_POINT('',(3.158041407208E0,4.747723617540E0,-3.721041182227E0));
#3797=CARTESIAN_POINT('',(2.963254005993E0,4.747723617540E0,-3.776687638750E0));
#3798=CARTESIAN_POINT('',(2.830159563278E0,4.747723617540E0,-3.787321981498E0));
#3799=CARTESIAN_POINT('',(2.766206488181E0,4.747723617540E0,-3.786323532464E0));
#3800=CARTESIAN_POINT('',(3.781658669199E0,4.562450505956E0,-2.766270601932E0));
#3801=CARTESIAN_POINT('',(3.782586080092E0,4.562450505956E0,-2.825759226382E0));
#3802=CARTESIAN_POINT('',(3.773151817366E0,4.562450505956E0,-2.954022883033E0));
#3803=CARTESIAN_POINT('',(3.721308124524E0,4.562450505956E0,-3.144526092473E0));
#3804=CARTESIAN_POINT('',(3.627633060972E0,4.562450505956E0,-3.328492334484E0));
#3805=CARTESIAN_POINT('',(3.498407690819E0,4.562450505956E0,-3.489465606261E0));
#3806=CARTESIAN_POINT('',(3.339070394118E0,4.562450505956E0,-3.620702710774E0));
#3807=CARTESIAN_POINT('',(3.156295509516E0,4.562450505956E0,-3.716680978359E0));
#3808=CARTESIAN_POINT('',(2.962412501225E0,4.562450505956E0,-3.772069085248E0));
#3809=CARTESIAN_POINT('',(2.829935936192E0,4.562450505956E0,-3.782654040089E0));
#3810=CARTESIAN_POINT('',(2.766279739557E0,4.562450505956E0,-3.781660237956E0));
#3811=(BOUNDED_SURFACE()B_SPLINE_SURFACE(3,3,((#3767,#3768,#3769,#3770,#3771,
#3772,#3773,#3774,#3775,#3776,#3777),(#3778,#3779,#3780,#3781,#3782,#3783,#3784,
#3785,#3786,#3787,#3788),(#3789,#3790,#3791,#3792,#3793,#3794,#3795,#3796,#3797,
#3798,#3799),(#3800,#3801,#3802,#3803,#3804,#3805,#3806,#3807,#3808,#3809,
#3810)),.UNSPECIFIED.,.F.,.F.,.F.)B_SPLINE_SURFACE_WITH_KNOTS((4,4),(4,1,1,1,1,
1,1,1,4),(0.E0,1.E0),(1.627344321444E-2,1.250123532927E-1,2.500150076986E-1,
3.750100893244E-1,5.000008384030E-1,6.249914575415E-1,7.499861712414E-1,
8.749882818731E-1,9.913729916589E-1),.UNSPECIFIED.)GEOMETRIC_REPRESENTATION_ITEM()RATIONAL_B_SPLINE_SURFACE(((1.188539130816E0,1.188539130816E0,1.188539130816E0,
1.188539130816E0,1.188539130816E0,1.188539130816E0,1.188539130816E0,
1.188539130816E0,1.188539130816E0,1.188539130816E0,1.188539130816E0),(
9.371536230614E-1,9.371536230614E-1,9.371536230614E-1,9.371536230614E-1,
9.371536230614E-1,9.371536230614E-1,9.371536230614E-1,9.371536230614E-1,
9.371536230614E-1,9.371536230614E-1,9.371536230614E-1),(9.371536230614E-1,
9.371536230614E-1,9.371536230614E-1,9.371536230614E-1,9.371536230614E-1,
9.371536230614E-1,9.371536230614E-1,9.371536230614E-1,9.371536230614E-1,
9.371536230614E-1,9.371536230614E-1),(1.188539130816E0,1.188539130816E0,
1.188539130816E0,1.188539130816E0,1.188539130816E0,1.188539130816E0,
1.188539130816E0,1.188539130816E0,1.188539130816E0,1.188539130816E0,
1.188539130816E0)))REPRESENTATION_ITEM('')SURFACE());
#3812=ORIENTED_EDGE('',*,*,#3659,.T.);
#3813=ORIENTED_EDGE('',*,*,#3762,.T.);
#3815=ORIENTED_EDGE('',*,*,#3814,.F.);
#3817=ORIENTED_EDGE('',*,*,#3816,.F.);
#3818=EDGE_LOOP('',(#3812,#3813,#3815,#3817));
#3819=FACE_OUTER_BOUND('',#3818,.F.);
#3820=ADVANCED_FACE('',(#3819),#3811,.T.);
#3821=CARTESIAN_POINT('',(2.776310773572E0,4.882926086845E0,-2.776310773572E0));
#3822=DIRECTION('',(1.744974916068E-2,-9.996954598819E-1,-1.744974916068E-2));
#3823=DIRECTION('',(0.E0,1.745240643728E-2,-9.998476951564E-1));
#3824=AXIS2_PLACEMENT_3D('',#3821,#3822,#3823);
#3825=CYLINDRICAL_SURFACE('',#3824,1.E0);
#3826=ORIENTED_EDGE('',*,*,#3814,.T.);
#3827=ORIENTED_EDGE('',*,*,#3749,.T.);
#3828=ORIENTED_EDGE('',*,*,#3148,.T.);
#3830=ORIENTED_EDGE('',*,*,#3829,.F.);
#3831=EDGE_LOOP('',(#3826,#3827,#3828,#3830));
#3832=FACE_OUTER_BOUND('',#3831,.F.);
#3833=ADVANCED_FACE('',(#3832),#3825,.T.);
#3834=CARTESIAN_POINT('',(3.85E0,6.7E-1,5.083008712826E0));
#3835=DIRECTION('',(9.998476951564E-1,1.745240643728E-2,0.E0));
#3836=DIRECTION('',(0.E0,0.E0,-1.E0));
#3837=AXIS2_PLACEMENT_3D('',#3834,#3835,#3836);
#3838=PLANE('',#3837);
#3840=ORIENTED_EDGE('',*,*,#3839,.T.);
#3841=ORIENTED_EDGE('',*,*,#3829,.T.);
#3842=ORIENTED_EDGE('',*,*,#3146,.F.);
#3844=ORIENTED_EDGE('',*,*,#3843,.F.);
#3845=EDGE_LOOP('',(#3840,#3841,#3842,#3844));
#3846=FACE_OUTER_BOUND('',#3845,.F.);
#3847=ADVANCED_FACE('',(#3846),#3838,.T.);
#3848=CARTESIAN_POINT('',(3.481879548367E0,4.57E0,2.880014217119E0));
#3849=DIRECTION('',(0.E0,0.E0,-1.E0));
#3850=DIRECTION('',(0.E0,1.E0,0.E0));
#3851=AXIS2_PLACEMENT_3D('',#3848,#3849,#3850);
#3852=CYLINDRICAL_SURFACE('',#3851,3.E-1);
#3853=ORIENTED_EDGE('',*,*,#3661,.T.);
#3854=ORIENTED_EDGE('',*,*,#3816,.T.);
#3855=ORIENTED_EDGE('',*,*,#3839,.F.);
#3857=ORIENTED_EDGE('',*,*,#3856,.F.);
#3858=EDGE_LOOP('',(#3853,#3854,#3855,#3857));
#3859=FACE_OUTER_BOUND('',#3858,.F.);
#3860=ADVANCED_FACE('',(#3859),#3852,.T.);
#3861=CARTESIAN_POINT('',(2.771184570236E0,4.869727548244E0,3.469010011539E0));
#3862=CARTESIAN_POINT('',(2.812072214158E0,4.869727548244E0,3.469646865394E0));
#3863=CARTESIAN_POINT('',(2.900228001356E0,4.869727548244E0,3.463163893332E0));
#3864=CARTESIAN_POINT('',(3.031153915694E0,4.869727548244E0,3.427532591804E0));
#3865=CARTESIAN_POINT('',(3.157581538511E0,4.869727548244E0,3.363155912078E0));
#3866=CARTESIAN_POINT('',(3.268204904007E0,4.869727548244E0,3.274350021032E0));
#3867=CARTESIAN_POINT('',(3.358393213423E0,4.869727548244E0,3.164851002109E0));
#3868=CARTESIAN_POINT('',(3.424352579933E0,4.869727548244E0,3.039242387340E0));
#3869=CARTESIAN_POINT('',(3.462419722674E0,4.869727548244E0,2.905994097729E0));
#3870=CARTESIAN_POINT('',(3.469693481886E0,4.869727548244E0,2.814942933573E0));
#3871=CARTESIAN_POINT('',(3.469011229671E0,4.869727548244E0,2.771190853383E0));
#3872=CARTESIAN_POINT('',(2.768274677678E0,4.877624336687E0,3.654150400304E0));
#3873=CARTESIAN_POINT('',(2.820177218616E0,4.877624336687E0,3.654959312608E0));
#3874=CARTESIAN_POINT('',(2.932083584494E0,4.877624336687E0,3.646728681991E0));
#3875=CARTESIAN_POINT('',(3.098289239547E0,4.877624336687E0,3.601496928464E0));
#3876=CARTESIAN_POINT('',(3.258789365365E0,4.877624336687E0,3.519770696648E0));
#3877=CARTESIAN_POINT('',(3.399228311369E0,4.877624336687E0,3.407029701797E0));
#3878=CARTESIAN_POINT('',(3.513724385096E0,4.877624336687E0,3.268018072163E0));
#3879=CARTESIAN_POINT('',(3.597459970627E0,4.877624336687E0,3.108557447600E0));
#3880=CARTESIAN_POINT('',(3.645784026224E0,4.877624336687E0,2.939403245348E0));
#3881=CARTESIAN_POINT('',(3.655018568030E0,4.877624336687E0,2.823821303160E0));
#3882=CARTESIAN_POINT('',(3.654151826064E0,4.877624336687E0,2.768282651154E0));
#3883=CARTESIAN_POINT('',(2.766197307980E0,4.747723617540E0,3.786321958478E0));
#3884=CARTESIAN_POINT('',(2.825963374059E0,4.747723617540E0,3.787253703155E0));
#3885=CARTESIAN_POINT('',(2.954825256844E0,4.747723617540E0,3.777775420657E0));
#3886=CARTESIAN_POINT('',(3.146217087280E0,4.747723617540E0,3.725689913022E0));
#3887=CARTESIAN_POINT('',(3.331041542558E0,4.747723617540E0,3.631577851467E0));
#3888=CARTESIAN_POINT('',(3.492765804856E0,4.747723617540E0,3.501749607388E0));
#3889=CARTESIAN_POINT('',(3.624615169813E0,4.747723617540E0,3.341668951326E0));
#3890=CARTESIAN_POINT('',(3.721041182227E0,4.747723617540E0,3.158041407208E0));
#3891=CARTESIAN_POINT('',(3.776687638750E0,4.747723617540E0,2.963254005993E0));
#3892=CARTESIAN_POINT('',(3.787321981498E0,4.747723617540E0,2.830159563278E0));
#3893=CARTESIAN_POINT('',(3.786323532464E0,4.747723617540E0,2.766206488181E0));
#3894=CARTESIAN_POINT('',(2.766270601932E0,4.562450505956E0,3.781658669199E0));
#3895=CARTESIAN_POINT('',(2.825759226382E0,4.562450505956E0,3.782586080092E0));
#3896=CARTESIAN_POINT('',(2.954022883033E0,4.562450505956E0,3.773151817366E0));
#3897=CARTESIAN_POINT('',(3.144526092473E0,4.562450505956E0,3.721308124524E0));
#3898=CARTESIAN_POINT('',(3.328492334484E0,4.562450505956E0,3.627633060972E0));
#3899=CARTESIAN_POINT('',(3.489465606261E0,4.562450505956E0,3.498407690819E0));
#3900=CARTESIAN_POINT('',(3.620702710774E0,4.562450505956E0,3.339070394118E0));
#3901=CARTESIAN_POINT('',(3.716680978359E0,4.562450505956E0,3.156295509516E0));
#3902=CARTESIAN_POINT('',(3.772069085248E0,4.562450505956E0,2.962412501225E0));
#3903=CARTESIAN_POINT('',(3.782654040089E0,4.562450505956E0,2.829935936192E0));
#3904=CARTESIAN_POINT('',(3.781660237956E0,4.562450505956E0,2.766279739557E0));
#3905=(BOUNDED_SURFACE()B_SPLINE_SURFACE(3,3,((#3861,#3862,#3863,#3864,#3865,
#3866,#3867,#3868,#3869,#3870,#3871),(#3872,#3873,#3874,#3875,#3876,#3877,#3878,
#3879,#3880,#3881,#3882),(#3883,#3884,#3885,#3886,#3887,#3888,#3889,#3890,#3891,
#3892,#3893),(#3894,#3895,#3896,#3897,#3898,#3899,#3900,#3901,#3902,#3903,
#3904)),.UNSPECIFIED.,.F.,.F.,.F.)B_SPLINE_SURFACE_WITH_KNOTS((4,4),(4,1,1,1,1,
1,1,1,4),(0.E0,1.E0),(1.627344321444E-2,1.250123532927E-1,2.500150076986E-1,
3.750100893244E-1,5.000008384030E-1,6.249914575415E-1,7.499861712414E-1,
8.749882818731E-1,9.913729916589E-1),.UNSPECIFIED.)GEOMETRIC_REPRESENTATION_ITEM()RATIONAL_B_SPLINE_SURFACE(((1.188539130816E0,1.188539130816E0,1.188539130816E0,
1.188539130816E0,1.188539130816E0,1.188539130816E0,1.188539130816E0,
1.188539130816E0,1.188539130816E0,1.188539130816E0,1.188539130816E0),(
9.371536230614E-1,9.371536230614E-1,9.371536230614E-1,9.371536230614E-1,
9.371536230614E-1,9.371536230614E-1,9.371536230614E-1,9.371536230614E-1,
9.371536230614E-1,9.371536230614E-1,9.371536230614E-1),(9.371536230614E-1,
9.371536230614E-1,9.371536230614E-1,9.371536230614E-1,9.371536230614E-1,
9.371536230614E-1,9.371536230614E-1,9.371536230614E-1,9.371536230614E-1,
9.371536230614E-1,9.371536230614E-1),(1.188539130816E0,1.188539130816E0,
1.188539130816E0,1.188539130816E0,1.188539130816E0,1.188539130816E0,
1.188539130816E0,1.188539130816E0,1.188539130816E0,1.188539130816E0,
1.188539130816E0)))REPRESENTATION_ITEM('')SURFACE());
#3906=ORIENTED_EDGE('',*,*,#3663,.T.);
#3907=ORIENTED_EDGE('',*,*,#3856,.T.);
#3909=ORIENTED_EDGE('',*,*,#3908,.F.);
#3911=ORIENTED_EDGE('',*,*,#3910,.F.);
#3912=EDGE_LOOP('',(#3906,#3907,#3909,#3911));
#3913=FACE_OUTER_BOUND('',#3912,.F.);
#3914=ADVANCED_FACE('',(#3913),#3905,.T.);
#3915=CARTESIAN_POINT('',(2.776310773572E0,4.882926086845E0,2.776310773572E0));
#3916=DIRECTION('',(1.744974916068E-2,-9.996954598819E-1,1.744974916068E-2));
#3917=DIRECTION('',(9.998476951564E-1,1.745240643728E-2,0.E0));
#3918=AXIS2_PLACEMENT_3D('',#3915,#3916,#3917);
#3919=CYLINDRICAL_SURFACE('',#3918,1.E0);
#3920=ORIENTED_EDGE('',*,*,#3908,.T.);
#3921=ORIENTED_EDGE('',*,*,#3843,.T.);
#3922=ORIENTED_EDGE('',*,*,#3144,.T.);
#3924=ORIENTED_EDGE('',*,*,#3923,.F.);
#3925=EDGE_LOOP('',(#3920,#3921,#3922,#3924));
#3926=FACE_OUTER_BOUND('',#3925,.F.);
#3927=ADVANCED_FACE('',(#3926),#3919,.T.);
#3928=CARTESIAN_POINT('',(-5.083008712826E0,6.7E-1,3.85E0));
#3929=DIRECTION('',(0.E0,1.745240643728E-2,9.998476951564E-1));
#3930=DIRECTION('',(1.E0,0.E0,0.E0));
#3931=AXIS2_PLACEMENT_3D('',#3928,#3929,#3930);
#3932=PLANE('',#3931);
#3934=ORIENTED_EDGE('',*,*,#3933,.T.);
#3935=ORIENTED_EDGE('',*,*,#3923,.T.);
#3936=ORIENTED_EDGE('',*,*,#3142,.F.);
#3938=ORIENTED_EDGE('',*,*,#3937,.F.);
#3939=EDGE_LOOP('',(#3934,#3935,#3936,#3938));
#3940=FACE_OUTER_BOUND('',#3939,.F.);
#3941=ADVANCED_FACE('',(#3940),#3932,.T.);
#3942=CARTESIAN_POINT('',(-2.880014217119E0,4.57E0,3.481879548367E0));
#3943=DIRECTION('',(1.E0,0.E0,0.E0));
#3944=DIRECTION('',(0.E0,1.E0,0.E0));
#3945=AXIS2_PLACEMENT_3D('',#3942,#3943,#3944);
#3946=CYLINDRICAL_SURFACE('',#3945,3.E-1);
#3947=ORIENTED_EDGE('',*,*,#3665,.T.);
#3948=ORIENTED_EDGE('',*,*,#3910,.T.);
#3949=ORIENTED_EDGE('',*,*,#3933,.F.);
#3951=ORIENTED_EDGE('',*,*,#3950,.F.);
#3952=EDGE_LOOP('',(#3947,#3948,#3949,#3951));
#3953=FACE_OUTER_BOUND('',#3952,.F.);
#3954=ADVANCED_FACE('',(#3953),#3946,.T.);
#3955=CARTESIAN_POINT('',(-3.469010011539E0,4.869727548244E0,2.771184570236E0));
#3956=CARTESIAN_POINT('',(-3.469646865394E0,4.869727548244E0,2.812072214158E0));
#3957=CARTESIAN_POINT('',(-3.463163893332E0,4.869727548244E0,2.900228001356E0));
#3958=CARTESIAN_POINT('',(-3.427532591804E0,4.869727548244E0,3.031153915694E0));
#3959=CARTESIAN_POINT('',(-3.363155912078E0,4.869727548244E0,3.157581538511E0));
#3960=CARTESIAN_POINT('',(-3.274350021032E0,4.869727548244E0,3.268204904007E0));
#3961=CARTESIAN_POINT('',(-3.164851002109E0,4.869727548244E0,3.358393213423E0));
#3962=CARTESIAN_POINT('',(-3.039242387340E0,4.869727548244E0,3.424352579933E0));
#3963=CARTESIAN_POINT('',(-2.905994097729E0,4.869727548244E0,3.462419722674E0));
#3964=CARTESIAN_POINT('',(-2.814942933573E0,4.869727548244E0,3.469693481886E0));
#3965=CARTESIAN_POINT('',(-2.771190853383E0,4.869727548244E0,3.469011229671E0));
#3966=CARTESIAN_POINT('',(-3.654150400304E0,4.877624336687E0,2.768274677678E0));
#3967=CARTESIAN_POINT('',(-3.654959312608E0,4.877624336687E0,2.820177218616E0));
#3968=CARTESIAN_POINT('',(-3.646728681991E0,4.877624336687E0,2.932083584494E0));
#3969=CARTESIAN_POINT('',(-3.601496928464E0,4.877624336687E0,3.098289239547E0));
#3970=CARTESIAN_POINT('',(-3.519770696648E0,4.877624336687E0,3.258789365365E0));
#3971=CARTESIAN_POINT('',(-3.407029701797E0,4.877624336687E0,3.399228311369E0));
#3972=CARTESIAN_POINT('',(-3.268018072163E0,4.877624336687E0,3.513724385096E0));
#3973=CARTESIAN_POINT('',(-3.108557447600E0,4.877624336687E0,3.597459970627E0));
#3974=CARTESIAN_POINT('',(-2.939403245348E0,4.877624336687E0,3.645784026224E0));
#3975=CARTESIAN_POINT('',(-2.823821303160E0,4.877624336687E0,3.655018568030E0));
#3976=CARTESIAN_POINT('',(-2.768282651154E0,4.877624336687E0,3.654151826064E0));
#3977=CARTESIAN_POINT('',(-3.786321958478E0,4.747723617540E0,2.766197307980E0));
#3978=CARTESIAN_POINT('',(-3.787253703155E0,4.747723617540E0,2.825963374059E0));
#3979=CARTESIAN_POINT('',(-3.777775420657E0,4.747723617540E0,2.954825256844E0));
#3980=CARTESIAN_POINT('',(-3.725689913022E0,4.747723617540E0,3.146217087280E0));
#3981=CARTESIAN_POINT('',(-3.631577851467E0,4.747723617540E0,3.331041542558E0));
#3982=CARTESIAN_POINT('',(-3.501749607388E0,4.747723617540E0,3.492765804856E0));
#3983=CARTESIAN_POINT('',(-3.341668951326E0,4.747723617540E0,3.624615169813E0));
#3984=CARTESIAN_POINT('',(-3.158041407208E0,4.747723617540E0,3.721041182227E0));
#3985=CARTESIAN_POINT('',(-2.963254005993E0,4.747723617540E0,3.776687638750E0));
#3986=CARTESIAN_POINT('',(-2.830159563278E0,4.747723617540E0,3.787321981498E0));
#3987=CARTESIAN_POINT('',(-2.766206488181E0,4.747723617540E0,3.786323532464E0));
#3988=CARTESIAN_POINT('',(-3.781658669199E0,4.562450505956E0,2.766270601932E0));
#3989=CARTESIAN_POINT('',(-3.782586080092E0,4.562450505956E0,2.825759226382E0));
#3990=CARTESIAN_POINT('',(-3.773151817366E0,4.562450505956E0,2.954022883033E0));
#3991=CARTESIAN_POINT('',(-3.721308124524E0,4.562450505956E0,3.144526092473E0));
#3992=CARTESIAN_POINT('',(-3.627633060972E0,4.562450505956E0,3.328492334484E0));
#3993=CARTESIAN_POINT('',(-3.498407690819E0,4.562450505956E0,3.489465606261E0));
#3994=CARTESIAN_POINT('',(-3.339070394118E0,4.562450505956E0,3.620702710774E0));
#3995=CARTESIAN_POINT('',(-3.156295509516E0,4.562450505956E0,3.716680978359E0));
#3996=CARTESIAN_POINT('',(-2.962412501225E0,4.562450505956E0,3.772069085248E0));
#3997=CARTESIAN_POINT('',(-2.829935936192E0,4.562450505956E0,3.782654040089E0));
#3998=CARTESIAN_POINT('',(-2.766279739557E0,4.562450505956E0,3.781660237956E0));
#3999=(BOUNDED_SURFACE()B_SPLINE_SURFACE(3,3,((#3955,#3956,#3957,#3958,#3959,
#3960,#3961,#3962,#3963,#3964,#3965),(#3966,#3967,#3968,#3969,#3970,#3971,#3972,
#3973,#3974,#3975,#3976),(#3977,#3978,#3979,#3980,#3981,#3982,#3983,#3984,#3985,
#3986,#3987),(#3988,#3989,#3990,#3991,#3992,#3993,#3994,#3995,#3996,#3997,
#3998)),.UNSPECIFIED.,.F.,.F.,.F.)B_SPLINE_SURFACE_WITH_KNOTS((4,4),(4,1,1,1,1,
1,1,1,4),(0.E0,1.E0),(1.627344321444E-2,1.250123532927E-1,2.500150076986E-1,
3.750100893244E-1,5.000008384030E-1,6.249914575415E-1,7.499861712414E-1,
8.749882818731E-1,9.913729916589E-1),.UNSPECIFIED.)GEOMETRIC_REPRESENTATION_ITEM()RATIONAL_B_SPLINE_SURFACE(((1.188539130816E0,1.188539130816E0,1.188539130816E0,
1.188539130816E0,1.188539130816E0,1.188539130816E0,1.188539130816E0,
1.188539130816E0,1.188539130816E0,1.188539130816E0,1.188539130816E0),(
9.371536230614E-1,9.371536230614E-1,9.371536230614E-1,9.371536230614E-1,
9.371536230614E-1,9.371536230614E-1,9.371536230614E-1,9.371536230614E-1,
9.371536230614E-1,9.371536230614E-1,9.371536230614E-1),(9.371536230614E-1,
9.371536230614E-1,9.371536230614E-1,9.371536230614E-1,9.371536230614E-1,
9.371536230614E-1,9.371536230614E-1,9.371536230614E-1,9.371536230614E-1,
9.371536230614E-1,9.371536230614E-1),(1.188539130816E0,1.188539130816E0,
1.188539130816E0,1.188539130816E0,1.188539130816E0,1.188539130816E0,
1.188539130816E0,1.188539130816E0,1.188539130816E0,1.188539130816E0,
1.188539130816E0)))REPRESENTATION_ITEM('')SURFACE());
#4000=ORIENTED_EDGE('',*,*,#3667,.T.);
#4001=ORIENTED_EDGE('',*,*,#3950,.T.);
#4003=ORIENTED_EDGE('',*,*,#4002,.F.);
#4004=ORIENTED_EDGE('',*,*,#3642,.F.);
#4005=EDGE_LOOP('',(#4000,#4001,#4003,#4004));
#4006=FACE_OUTER_BOUND('',#4005,.F.);
#4007=ADVANCED_FACE('',(#4006),#3999,.T.);
#4008=CARTESIAN_POINT('',(-2.776310773572E0,4.882926086845E0,2.776310773572E0));
#4009=DIRECTION('',(-1.744974916068E-2,-9.996954598819E-1,1.744974916068E-2));
#4010=DIRECTION('',(0.E0,1.745240643728E-2,9.998476951564E-1));
#4011=AXIS2_PLACEMENT_3D('',#4008,#4009,#4010);
#4012=CYLINDRICAL_SURFACE('',#4011,1.E0);
#4013=ORIENTED_EDGE('',*,*,#4002,.T.);
#4014=ORIENTED_EDGE('',*,*,#3937,.T.);
#4015=ORIENTED_EDGE('',*,*,#3140,.T.);
#4016=ORIENTED_EDGE('',*,*,#3627,.F.);
#4017=EDGE_LOOP('',(#4013,#4014,#4015,#4016));
#4018=FACE_OUTER_BOUND('',#4017,.F.);
#4019=ADVANCED_FACE('',(#4018),#4012,.T.);
#4020=CARTESIAN_POINT('',(3.2E0,-2.88E0,5.603715947986E0));
#4021=DIRECTION('',(0.E0,0.E0,-1.E0));
#4022=DIRECTION('',(0.E0,1.E0,0.E0));
#4023=AXIS2_PLACEMENT_3D('',#4020,#4021,#4022);
#4024=CYLINDRICAL_SURFACE('',#4023,3.E-1);
#4025=ORIENTED_EDGE('',*,*,#2410,.F.);
#4027=ORIENTED_EDGE('',*,*,#4026,.T.);
#4029=ORIENTED_EDGE('',*,*,#4028,.T.);
#4030=ORIENTED_EDGE('',*,*,#3045,.T.);
#4031=EDGE_LOOP('',(#4025,#4027,#4029,#4030));
#4032=FACE_OUTER_BOUND('',#4031,.F.);
#4033=ADVANCED_FACE('',(#4032),#4024,.F.);
#4034=CARTESIAN_POINT('',(0.E0,-1.08E0,0.E0));
#4035=DIRECTION('',(0.E0,1.E0,0.E0));
#4036=DIRECTION('',(9.E-1,0.E0,-4.358898943541E-1));
#4037=AXIS2_PLACEMENT_3D('',#4034,#4035,#4036);
#4038=CYLINDRICAL_SURFACE('',#4037,5.05E0);
#4039=ORIENTED_EDGE('',*,*,#2408,.F.);
#4041=ORIENTED_EDGE('',*,*,#4040,.F.);
#4043=ORIENTED_EDGE('',*,*,#4042,.F.);
#4045=ORIENTED_EDGE('',*,*,#4044,.T.);
#4047=ORIENTED_EDGE('',*,*,#4046,.T.);
#4048=ORIENTED_EDGE('',*,*,#4026,.F.);
#4049=EDGE_LOOP('',(#4039,#4041,#4043,#4045,#4047,#4048));
#4050=FACE_OUTER_BOUND('',#4049,.F.);
#4051=ADVANCED_FACE('',(#4050),#4038,.F.);
#4052=CARTESIAN_POINT('',(3.2E0,-2.88E0,5.603715947986E0));
#4053=DIRECTION('',(0.E0,0.E0,-1.E0));
#4054=DIRECTION('',(0.E0,1.E0,0.E0));
#4055=AXIS2_PLACEMENT_3D('',#4052,#4053,#4054);
#4056=CYLINDRICAL_SURFACE('',#4055,3.E-1);
#4057=ORIENTED_EDGE('',*,*,#2406,.F.);
#4058=ORIENTED_EDGE('',*,*,#3053,.T.);
#4060=ORIENTED_EDGE('',*,*,#4059,.T.);
#4061=ORIENTED_EDGE('',*,*,#4040,.T.);
#4062=EDGE_LOOP('',(#4057,#4058,#4060,#4061));
#4063=FACE_OUTER_BOUND('',#4062,.F.);
#4064=ADVANCED_FACE('',(#4063),#4056,.F.);
#4065=CARTESIAN_POINT('',(3.5E0,-5.28E0,-4.873397172404E0));
#4066=DIRECTION('',(1.E0,0.E0,0.E0));
#4067=DIRECTION('',(0.E0,0.E0,1.E0));
#4068=AXIS2_PLACEMENT_3D('',#4065,#4066,#4067);
#4069=PLANE('',#4068);
#4070=ORIENTED_EDGE('',*,*,#4059,.F.);
#4071=ORIENTED_EDGE('',*,*,#3051,.F.);
#4073=ORIENTED_EDGE('',*,*,#4072,.F.);
#4075=ORIENTED_EDGE('',*,*,#4074,.F.);
#4076=ORIENTED_EDGE('',*,*,#4042,.T.);
#4077=EDGE_LOOP('',(#4070,#4071,#4073,#4075,#4076));
#4078=FACE_OUTER_BOUND('',#4077,.F.);
#4079=ADVANCED_FACE('',(#4078),#4069,.F.);
#4080=CARTESIAN_POINT('',(-5.4E0,-5.28E0,-2.615339366124E0));
#4081=DIRECTION('',(0.E0,-1.E0,0.E0));
#4082=DIRECTION('',(1.E0,0.E0,0.E0));
#4083=AXIS2_PLACEMENT_3D('',#4080,#4081,#4082);
#4084=PLANE('',#4083);
#4086=ORIENTED_EDGE('',*,*,#4085,.T.);
#4088=ORIENTED_EDGE('',*,*,#4087,.F.);
#4089=ORIENTED_EDGE('',*,*,#4072,.T.);
#4090=ORIENTED_EDGE('',*,*,#3049,.T.);
#4091=EDGE_LOOP('',(#4086,#4088,#4089,#4090));
#4092=FACE_OUTER_BOUND('',#4091,.F.);
#4093=ADVANCED_FACE('',(#4092),#4084,.T.);
#4094=CARTESIAN_POINT('',(3.5E0,-5.28E0,-4.873397172404E0));
#4095=DIRECTION('',(1.E0,0.E0,0.E0));
#4096=DIRECTION('',(0.E0,0.E0,1.E0));
#4097=AXIS2_PLACEMENT_3D('',#4094,#4095,#4096);
#4098=PLANE('',#4097);
#4099=ORIENTED_EDGE('',*,*,#4028,.F.);
#4100=ORIENTED_EDGE('',*,*,#4046,.F.);
#4102=ORIENTED_EDGE('',*,*,#4101,.T.);
#4103=ORIENTED_EDGE('',*,*,#4085,.F.);
#4104=ORIENTED_EDGE('',*,*,#3047,.T.);
#4105=EDGE_LOOP('',(#4099,#4100,#4102,#4103,#4104));
#4106=FACE_OUTER_BOUND('',#4105,.F.);
#4107=ADVANCED_FACE('',(#4106),#4098,.F.);
#4108=CARTESIAN_POINT('',(0.E0,-5.03E0,0.E0));
#4109=DIRECTION('',(0.E0,-1.E0,0.E0));
#4110=DIRECTION('',(-9.E-1,0.E0,4.358898943541E-1));
#4111=AXIS2_PLACEMENT_3D('',#4108,#4109,#4110);
#4112=CONICAL_SURFACE('',#4111,5.3E0,4.5E1);
#4113=ORIENTED_EDGE('',*,*,#4044,.F.);
#4114=ORIENTED_EDGE('',*,*,#4074,.T.);
#4115=ORIENTED_EDGE('',*,*,#4087,.T.);
#4116=ORIENTED_EDGE('',*,*,#4101,.F.);
#4117=EDGE_LOOP('',(#4113,#4114,#4115,#4116));
#4118=FACE_OUTER_BOUND('',#4117,.F.);
#4119=ADVANCED_FACE('',(#4118),#4112,.F.);
#4120=CARTESIAN_POINT('',(2.55E0,-2.88E0,-5.591429898974E0));
#4121=DIRECTION('',(0.E0,0.E0,1.E0));
#4122=DIRECTION('',(0.E0,1.E0,0.E0));
#4123=AXIS2_PLACEMENT_3D('',#4120,#4121,#4122);
#4124=CYLINDRICAL_SURFACE('',#4123,3.E-1);
#4125=ORIENTED_EDGE('',*,*,#2402,.F.);
#4126=ORIENTED_EDGE('',*,*,#2262,.T.);
#4128=ORIENTED_EDGE('',*,*,#4127,.T.);
#4129=ORIENTED_EDGE('',*,*,#3056,.T.);
#4130=EDGE_LOOP('',(#4125,#4126,#4128,#4129));
#4131=FACE_OUTER_BOUND('',#4130,.F.);
#4132=ADVANCED_FACE('',(#4131),#4124,.F.);
#4133=CARTESIAN_POINT('',(2.25E0,-5.28E0,5.562148865322E0));
#4134=DIRECTION('',(-1.E0,0.E0,0.E0));
#4135=DIRECTION('',(0.E0,0.E0,-1.E0));
#4136=AXIS2_PLACEMENT_3D('',#4133,#4134,#4135);
#4137=PLANE('',#4136);
#4139=ORIENTED_EDGE('',*,*,#4138,.F.);
#4141=ORIENTED_EDGE('',*,*,#4140,.T.);
#4143=ORIENTED_EDGE('',*,*,#4142,.F.);
#4144=ORIENTED_EDGE('',*,*,#3058,.T.);
#4145=ORIENTED_EDGE('',*,*,#4127,.F.);
#4146=ORIENTED_EDGE('',*,*,#2260,.F.);
#4147=EDGE_LOOP('',(#4139,#4141,#4143,#4144,#4145,#4146));
#4148=FACE_OUTER_BOUND('',#4147,.F.);
#4149=ADVANCED_FACE('',(#4148),#4137,.F.);
#4150=CARTESIAN_POINT('',(0.E0,-4.589838732264E0,0.E0));
#4151=DIRECTION('',(0.E0,1.E0,0.E0));
#4152=DIRECTION('',(-4.507265801869E-1,0.E0,8.926620580673E-1));
#4153=AXIS2_PLACEMENT_3D('',#4150,#4151,#4152);
#4154=TOROIDAL_SURFACE('',#4153,5.55E0,5.E-1);
#4156=ORIENTED_EDGE('',*,*,#4155,.T.);
#4157=ORIENTED_EDGE('',*,*,#4138,.T.);
#4158=ORIENTED_EDGE('',*,*,#2258,.F.);
#4160=ORIENTED_EDGE('',*,*,#4159,.T.);
#4161=EDGE_LOOP('',(#4156,#4157,#4158,#4160));
#4162=FACE_OUTER_BOUND('',#4161,.F.);
#4163=ADVANCED_FACE('',(#4162),#4154,.T.);
#4164=CARTESIAN_POINT('',(0.E0,-5.151980151663E0,0.E0));
#4165=DIRECTION('',(0.E0,-1.E0,0.E0));
#4166=DIRECTION('',(-9.E-1,0.E0,4.358898943541E-1));
#4167=AXIS2_PLACEMENT_3D('',#4164,#4165,#4166);
#4168=CONICAL_SURFACE('',#4167,5.525965265411E0,6.025511870306E1);
#4169=ORIENTED_EDGE('',*,*,#4155,.F.);
#4171=ORIENTED_EDGE('',*,*,#4170,.T.);
#4173=ORIENTED_EDGE('',*,*,#4172,.T.);
#4174=ORIENTED_EDGE('',*,*,#4140,.F.);
#4175=EDGE_LOOP('',(#4169,#4171,#4173,#4174));
#4176=FACE_OUTER_BOUND('',#4175,.F.);
#4177=ADVANCED_FACE('',(#4176),#4168,.F.);
#4178=CARTESIAN_POINT('',(-2.25E0,-5.28E0,-5.562148865322E0));
#4179=DIRECTION('',(1.E0,0.E0,0.E0));
#4180=DIRECTION('',(0.E0,0.E0,1.E0));
#4181=AXIS2_PLACEMENT_3D('',#4178,#4179,#4180);
#4182=PLANE('',#4181);
#4183=ORIENTED_EDGE('',*,*,#4159,.F.);
#4184=ORIENTED_EDGE('',*,*,#2256,.T.);
#4186=ORIENTED_EDGE('',*,*,#4185,.F.);
#4187=ORIENTED_EDGE('',*,*,#3062,.F.);
#4189=ORIENTED_EDGE('',*,*,#4188,.F.);
#4190=ORIENTED_EDGE('',*,*,#4170,.F.);
#4191=EDGE_LOOP('',(#4183,#4184,#4186,#4187,#4189,#4190));
#4192=FACE_OUTER_BOUND('',#4191,.F.);
#4193=ADVANCED_FACE('',(#4192),#4182,.F.);
#4194=CARTESIAN_POINT('',(-2.55E0,-2.88E0,5.592531986101E0));
#4195=DIRECTION('',(0.E0,0.E0,-1.E0));
#4196=DIRECTION('',(0.E0,1.E0,0.E0));
#4197=AXIS2_PLACEMENT_3D('',#4194,#4195,#4196);
#4198=CYLINDRICAL_SURFACE('',#4197,3.E-1);
#4199=ORIENTED_EDGE('',*,*,#2397,.F.);
#4200=ORIENTED_EDGE('',*,*,#3064,.T.);
#4201=ORIENTED_EDGE('',*,*,#4185,.T.);
#4202=ORIENTED_EDGE('',*,*,#2254,.T.);
#4203=EDGE_LOOP('',(#4199,#4200,#4201,#4202));
#4204=FACE_OUTER_BOUND('',#4203,.F.);
#4205=ADVANCED_FACE('',(#4204),#4198,.F.);
#4206=CARTESIAN_POINT('',(-5.4E0,-5.28E0,-2.615339366124E0));
#4207=DIRECTION('',(0.E0,-1.E0,0.E0));
#4208=DIRECTION('',(1.E0,0.E0,0.E0));
#4209=AXIS2_PLACEMENT_3D('',#4206,#4207,#4208);
#4210=PLANE('',#4209);
#4211=ORIENTED_EDGE('',*,*,#4142,.T.);
#4212=ORIENTED_EDGE('',*,*,#4172,.F.);
#4213=ORIENTED_EDGE('',*,*,#4188,.T.);
#4214=ORIENTED_EDGE('',*,*,#3060,.T.);
#4215=EDGE_LOOP('',(#4211,#4212,#4213,#4214));
#4216=FACE_OUTER_BOUND('',#4215,.F.);
#4217=ADVANCED_FACE('',(#4216),#4210,.T.);
#4218=CLOSED_SHELL('',(#2182,#2199,#2227,#2242,#2273,#2295,#2310,#2324,#2338,
#2350,#2368,#2383,#2434,#2450,#2465,#2485,#2498,#2570,#2585,#2598,#2608,#2623,
#2637,#2651,#2664,#2676,#2691,#2705,#2719,#2732,#2744,#2759,#2772,#2782,#2797,
#2810,#2820,#2835,#2848,#2858,#2873,#2886,#2896,#2911,#2924,#2934,#2949,#2962,
#2972,#2986,#3002,#3016,#3097,#3114,#3156,#3170,#3188,#3206,#3219,#3235,#3256,
#3272,#3286,#3311,#3324,#3341,#3355,#3369,#3382,#3397,#3409,#3424,#3437,#3449,
#3462,#3477,#3494,#3509,#3523,#3535,#3548,#3567,#3581,#3593,#3606,#3619,#3634,
#3649,#3672,#3726,#3739,#3753,#3766,#3820,#3833,#3847,#3860,#3914,#3927,#3941,
#3954,#4007,#4019,#4033,#4051,#4064,#4079,#4093,#4107,#4119,#4132,#4149,#4163,
#4177,#4193,#4205,#4217));
#4219=MANIFOLD_SOLID_BREP('',#4218);
#4221=DIMENSIONAL_EXPONENTS(0.E0,0.E0,0.E0,0.E0,0.E0,0.E0,0.E0);
#4223=PLANE_ANGLE_MEASURE_WITH_UNIT(PLANE_ANGLE_MEASURE(1.745329251994E-2),
#4222);
#4224=(CONVERSION_BASED_UNIT('DEGREE',#4223)NAMED_UNIT(*)PLANE_ANGLE_UNIT());
#4226=UNCERTAINTY_MEASURE_WITH_UNIT(LENGTH_MEASURE(1.065470842589E-3),#4220,
'closure',
'Maximum model space distance between geometric entities at asserted connectivities');
#4227=(GEOMETRIC_REPRESENTATION_CONTEXT(3)GLOBAL_UNCERTAINTY_ASSIGNED_CONTEXT((
#4226))GLOBAL_UNIT_ASSIGNED_CONTEXT((#4220,#4224,#4225))REPRESENTATION_CONTEXT(
'ID1','3'));
#4229=APPLICATION_CONTEXT(
'CONFIGURATION CONTROLLED 3D DESIGNS OF MECHANICAL PARTS AND ASSEMBLIES');
#4230=APPLICATION_PROTOCOL_DEFINITION('international standard',
'config_control_design',1994,#4229);
#4231=DESIGN_CONTEXT('',#4229,'design');
#4232=MECHANICAL_CONTEXT('',#4229,'mechanical');
#4233=PRODUCT('D6_BTN_CARRE7_7_H338Q_SW0002','D6_BTN_CARRE7_7_H338Q_SW0002',
'NOT SPECIFIED',(#4232));
#4234=PRODUCT_DEFINITION_FORMATION_WITH_SPECIFIED_SOURCE('1','LAST_VERSION',
#4233,.MADE.);
#4238=PRODUCT_CATEGORY('part','');
#4239=PRODUCT_RELATED_PRODUCT_CATEGORY('detail','',(#4233));
#4240=PRODUCT_CATEGORY_RELATIONSHIP('','',#4238,#4239);
#4241=SECURITY_CLASSIFICATION_LEVEL('unclassified');
#4242=SECURITY_CLASSIFICATION('','',#4241);
#4243=CC_DESIGN_SECURITY_CLASSIFICATION(#4242,(#4234));
#4244=APPROVAL_STATUS('approved');
#4245=APPROVAL(#4244,'');
#4246=CC_DESIGN_APPROVAL(#4245,(#4242,#4234,#4235));
#4247=CALENDAR_DATE(117,11,1);
#4248=COORDINATED_UNIVERSAL_TIME_OFFSET(1,0,.AHEAD.);
#4249=LOCAL_TIME(14,29,3.4E1,#4248);
#4250=DATE_AND_TIME(#4247,#4249);
#4251=APPROVAL_DATE_TIME(#4250,#4245);
#4252=DATE_TIME_ROLE('creation_date');
#4253=CC_DESIGN_DATE_AND_TIME_ASSIGNMENT(#4250,#4252,(#4235));
#4254=DATE_TIME_ROLE('classification_date');
#4255=CC_DESIGN_DATE_AND_TIME_ASSIGNMENT(#4250,#4254,(#4242));
#4256=PERSON('UNSPECIFIED','UNSPECIFIED',$,$,$,$);
#4257=ORGANIZATION('UNSPECIFIED','UNSPECIFIED','UNSPECIFIED');
#4258=PERSON_AND_ORGANIZATION(#4256,#4257);
#4259=APPROVAL_ROLE('approver');
#4260=APPROVAL_PERSON_ORGANIZATION(#4258,#4245,#4259);
#4261=PERSON_AND_ORGANIZATION_ROLE('creator');
#4262=CC_DESIGN_PERSON_AND_ORGANIZATION_ASSIGNMENT(#4258,#4261,(#4234,#4235));
#4263=PERSON_AND_ORGANIZATION_ROLE('design_supplier');
#4264=CC_DESIGN_PERSON_AND_ORGANIZATION_ASSIGNMENT(#4258,#4263,(#4234));
#4265=PERSON_AND_ORGANIZATION_ROLE('classification_officer');
#4266=CC_DESIGN_PERSON_AND_ORGANIZATION_ASSIGNMENT(#4258,#4265,(#4242));
#4267=PERSON_AND_ORGANIZATION_ROLE('design_owner');
#4268=CC_DESIGN_PERSON_AND_ORGANIZATION_ASSIGNMENT(#4258,#4267,(#4233));
#7=B_SPLINE_CURVE_WITH_KNOTS('',3,(#1,#2,#3,#4,#5,#6),.UNSPECIFIED.,.F.,.F.,(4,
1,1,4),(0.E0,3.333333333333E-1,6.666666666667E-1,1.E0),.UNSPECIFIED.);
#12=CIRCLE('',#11,4.841269272006E0);
#19=B_SPLINE_CURVE_WITH_KNOTS('',3,(#13,#14,#15,#16,#17,#18),.UNSPECIFIED.,.F.,
.F.,(4,1,1,4),(0.E0,3.333333333333E-1,6.666666666667E-1,1.E0),.UNSPECIFIED.);
#32=CIRCLE('',#31,4.99E0);
#37=CIRCLE('',#36,4.99E0);
#42=CIRCLE('',#41,4.99E0);
#51=B_SPLINE_CURVE_WITH_KNOTS('',3,(#47,#48,#49,#50),.UNSPECIFIED.,.F.,.F.,(4,
4),(0.E0,1.E0),.UNSPECIFIED.);
#56=CIRCLE('',#55,4.99E0);
#61=B_SPLINE_CURVE_WITH_KNOTS('',3,(#57,#58,#59,#60),.UNSPECIFIED.,.F.,.F.,(4,
4),(0.E0,1.E0),.UNSPECIFIED.);
#66=CIRCLE('',#65,5.05E0);
#71=CIRCLE('',#70,4.99E0);
#76=CIRCLE('',#75,5.05E0);
#81=CIRCLE('',#80,5.05E0);
#86=CIRCLE('',#85,5.05E0);
#95=CIRCLE('',#94,6.E0);
#104=CIRCLE('',#103,5.05E0);
#129=CIRCLE('',#128,5.5E0);
#154=CIRCLE('',#153,4.928757935532E0);
#159=CIRCLE('',#158,5.5E0);
#166=B_SPLINE_CURVE_WITH_KNOTS('',3,(#160,#161,#162,#163,#164,#165),
.UNSPECIFIED.,.F.,.F.,(4,1,1,4),(0.E0,3.333333333333E-1,6.666666666667E-1,1.E0),
.UNSPECIFIED.);
#179=CIRCLE('',#178,5.05E0);
#188=CIRCLE('',#187,5.05E0);
#197=CIRCLE('',#196,6.E0);
#202=CIRCLE('',#201,6.E0);
#207=CIRCLE('',#206,6.E0);
#212=CIRCLE('',#211,6.E0);
#217=CIRCLE('',#216,5.05E0);
#226=CIRCLE('',#225,5.05E0);
#231=CIRCLE('',#230,5.55E0);
#238=B_SPLINE_CURVE_WITH_KNOTS('',3,(#232,#233,#234,#235,#236,#237),
.UNSPECIFIED.,.F.,.F.,(4,1,1,4),(0.E0,3.333333333333E-1,6.666666666667E-1,1.E0),
.UNSPECIFIED.);
#253=B_SPLINE_CURVE_WITH_KNOTS('',3,(#247,#248,#249,#250,#251,#252),
.UNSPECIFIED.,.F.,.F.,(4,1,1,4),(0.E0,3.333333333333E-1,6.666666666667E-1,1.E0),
.UNSPECIFIED.);
#278=CIRCLE('',#277,1.75E0);
#283=CIRCLE('',#282,1.75E0);
#288=CIRCLE('',#287,4.931232057889E0);
#305=CIRCLE('',#304,4.931232057889E0);
#322=CIRCLE('',#321,6.812320578887E-1);
#327=CIRCLE('',#326,6.812320578887E-1);
#332=CIRCLE('',#331,6.812320578887E-1);
#337=CIRCLE('',#336,6.812320578887E-1);
#342=CIRCLE('',#341,4.E-1);
#347=CIRCLE('',#346,4.E-1);
#352=CIRCLE('',#351,4.E-1);
#357=CIRCLE('',#356,4.E-1);
#362=CIRCLE('',#361,4.E-1);
#367=CIRCLE('',#366,4.E-1);
#372=CIRCLE('',#371,4.E-1);
#377=CIRCLE('',#376,4.E-1);
#390=CIRCLE('',#389,1.6E0);
#395=CIRCLE('',#394,1.6E0);
#402=B_SPLINE_CURVE_WITH_KNOTS('',3,(#396,#397,#398,#399,#400,#401),
.UNSPECIFIED.,.F.,.F.,(4,1,1,4),(0.E0,3.333333333333E-1,6.666666666667E-1,1.E0),
.UNSPECIFIED.);
#417=B_SPLINE_CURVE_WITH_KNOTS('',3,(#411,#412,#413,#414,#415,#416),
.UNSPECIFIED.,.F.,.F.,(4,1,1,4),(0.E0,3.333333333333E-1,6.666666666667E-1,1.E0),
.UNSPECIFIED.);
#422=CIRCLE('',#421,4.85E0);
#441=B_SPLINE_CURVE_WITH_KNOTS('',3,(#435,#436,#437,#438,#439,#440),
.UNSPECIFIED.,.F.,.F.,(4,1,1,4),(0.E0,3.333333333333E-1,6.666666666667E-1,1.E0),
.UNSPECIFIED.);
#448=B_SPLINE_CURVE_WITH_KNOTS('',3,(#442,#443,#444,#445,#446,#447),
.UNSPECIFIED.,.F.,.F.,(4,1,1,4),(0.E0,3.333333333333E-1,6.666666666667E-1,1.E0),
.UNSPECIFIED.);
#461=CIRCLE('',#460,4.85E0);
#486=CIRCLE('',#485,6.E-1);
#491=CIRCLE('',#490,6.E-1);
#504=CIRCLE('',#503,6.E-1);
#509=CIRCLE('',#508,6.E-1);
#522=CIRCLE('',#521,4.E-1);
#527=CIRCLE('',#526,4.E-1);
#540=CIRCLE('',#539,4.E-1);
#545=CIRCLE('',#544,4.E-1);
#558=CIRCLE('',#557,4.E-1);
#563=CIRCLE('',#562,4.E-1);
#576=CIRCLE('',#575,4.E-1);
#581=CIRCLE('',#580,4.E-1);
#590=CIRCLE('',#589,5.05E0);
#610=B_SPLINE_CURVE_WITH_KNOTS('',3,(#599,#600,#601,#602,#603,#604,#605,#606,
#607,#608,#609),.UNSPECIFIED.,.F.,.F.,(4,1,1,1,1,1,1,1,4),(0.E0,1.25E-1,2.5E-1,
3.75E-1,5.E-1,6.25E-1,7.5E-1,8.75E-1,1.E0),.UNSPECIFIED.);
#626=B_SPLINE_CURVE_WITH_KNOTS('',3,(#615,#616,#617,#618,#619,#620,#621,#622,
#623,#624,#625),.UNSPECIFIED.,.F.,.F.,(4,1,1,1,1,1,1,1,4),(0.E0,1.25E-1,2.5E-1,
3.75E-1,5.E-1,6.25E-1,7.5E-1,8.75E-1,1.E0),.UNSPECIFIED.);
#651=B_SPLINE_CURVE_WITH_KNOTS('',3,(#639,#640,#641,#642,#643,#644,#645,#646,
#647,#648,#649,#650),.UNSPECIFIED.,.F.,.F.,(4,1,1,1,1,1,1,1,1,4),(0.E0,
1.111111111111E-1,2.222222222222E-1,3.333333333333E-1,4.444444444444E-1,
5.555555555556E-1,6.666666666667E-1,7.777777777778E-1,8.888888888889E-1,1.E0),
.UNSPECIFIED.);
#662=B_SPLINE_CURVE_WITH_KNOTS('',3,(#656,#657,#658,#659,#660,#661),
.UNSPECIFIED.,.F.,.F.,(4,1,1,4),(0.E0,3.333333333333E-1,6.666666666667E-1,1.E0),
.UNSPECIFIED.);
#667=CIRCLE('',#666,6.E0);
#672=CIRCLE('',#671,6.E0);
#681=CIRCLE('',#680,6.E0);
#702=CIRCLE('',#701,4.427674156597E0);
#714=B_SPLINE_CURVE_WITH_KNOTS('',3,(#703,#704,#705,#706,#707,#708,#709,#710,
#711,#712,#713),.UNSPECIFIED.,.F.,.F.,(4,1,1,1,1,1,1,1,4),(0.E0,1.25E-1,2.5E-1,
3.75E-1,5.E-1,6.25E-1,7.5E-1,8.75E-1,1.E0),.UNSPECIFIED.);
#726=B_SPLINE_CURVE_WITH_KNOTS('',3,(#715,#716,#717,#718,#719,#720,#721,#722,
#723,#724,#725),.UNSPECIFIED.,.F.,.F.,(4,1,1,1,1,1,1,1,4),(0.E0,1.25E-1,2.5E-1,
3.75E-1,5.E-1,6.25E-1,7.5E-1,8.75E-1,1.E0),.UNSPECIFIED.);
#731=CIRCLE('',#730,4.920078033103E0);
#736=CIRCLE('',#735,5.05E0);
#751=B_SPLINE_CURVE_WITH_KNOTS('',3,(#745,#746,#747,#748,#749,#750),
.UNSPECIFIED.,.F.,.F.,(4,1,1,4),(0.E0,3.333333333333E-1,6.666666666667E-1,1.E0),
.UNSPECIFIED.);
#764=CIRCLE('',#763,5.05E0);
#771=B_SPLINE_CURVE_WITH_KNOTS('',3,(#765,#766,#767,#768,#769,#770),
.UNSPECIFIED.,.F.,.F.,(4,1,1,4),(0.E0,3.333333333333E-1,6.666666666667E-1,1.E0),
.UNSPECIFIED.);
#784=CIRCLE('',#783,5.05E0);
#793=CIRCLE('',#792,6.E0);
#802=CIRCLE('',#801,5.05E0);
#827=CIRCLE('',#826,5.05E0);
#832=CIRCLE('',#831,4.99E0);
#837=CIRCLE('',#836,5.05E0);
#842=CIRCLE('',#841,5.05E0);
#858=B_SPLINE_CURVE_WITH_KNOTS('',3,(#847,#848,#849,#850,#851,#852,#853,#854,
#855,#856,#857),.UNSPECIFIED.,.F.,.F.,(4,1,1,1,1,1,1,1,4),(0.E0,1.25E-1,2.5E-1,
3.75E-1,5.E-1,6.25E-1,7.5E-1,8.75E-1,1.E0),.UNSPECIFIED.);
#874=B_SPLINE_CURVE_WITH_KNOTS('',3,(#863,#864,#865,#866,#867,#868,#869,#870,
#871,#872,#873),.UNSPECIFIED.,.F.,.F.,(4,1,1,1,1,1,1,1,4),(0.E0,1.25E-1,2.5E-1,
3.75E-1,5.E-1,6.25E-1,7.5E-1,8.75E-1,1.E0),.UNSPECIFIED.);
#887=CIRCLE('',#886,5.301930530822E0);
#897=B_SPLINE_CURVE_WITH_KNOTS('',3,(#888,#889,#890,#891,#892,#893,#894,#895,
#896),.UNSPECIFIED.,.F.,.F.,(4,1,1,1,1,1,4),(0.E0,1.666666666667E-1,
3.333333333333E-1,5.E-1,6.666666666667E-1,8.333333333333E-1,1.E0),
.UNSPECIFIED.);
#902=CIRCLE('',#901,5.05E0);
#912=B_SPLINE_CURVE_WITH_KNOTS('',3,(#903,#904,#905,#906,#907,#908,#909,#910,
#911),.UNSPECIFIED.,.F.,.F.,(4,1,1,1,1,1,4),(0.E0,1.666666666667E-1,
3.333333333333E-1,5.E-1,6.666666666667E-1,8.333333333333E-1,1.E0),
.UNSPECIFIED.);
#919=B_SPLINE_CURVE_WITH_KNOTS('',3,(#913,#914,#915,#916,#917,#918),
.UNSPECIFIED.,.F.,.F.,(4,1,1,4),(0.E0,3.333333333333E-1,6.666666666667E-1,1.E0),
.UNSPECIFIED.);
#924=CIRCLE('',#923,5.75E0);
#931=B_SPLINE_CURVE_WITH_KNOTS('',3,(#925,#926,#927,#928,#929,#930),
.UNSPECIFIED.,.F.,.F.,(4,1,1,4),(0.E0,3.333333333333E-1,6.666666666667E-1,1.E0),
.UNSPECIFIED.);
#940=CIRCLE('',#939,6.E0);
#968=B_SPLINE_CURVE_WITH_KNOTS('',3,(#957,#958,#959,#960,#961,#962,#963,#964,
#965,#966,#967),.UNSPECIFIED.,.F.,.F.,(4,1,1,1,1,1,1,1,4),(0.E0,1.25E-1,2.5E-1,
3.75E-1,5.E-1,6.25E-1,7.5E-1,8.75E-1,1.E0),.UNSPECIFIED.);
#984=B_SPLINE_CURVE_WITH_KNOTS('',3,(#973,#974,#975,#976,#977,#978,#979,#980,
#981,#982,#983),.UNSPECIFIED.,.F.,.F.,(4,1,1,1,1,1,1,1,4),(0.E0,1.25E-1,2.5E-1,
3.75E-1,5.E-1,6.25E-1,7.5E-1,8.75E-1,1.E0),.UNSPECIFIED.);
#1009=CIRCLE('',#1008,5.5E0);
#1014=CIRCLE('',#1013,4.928757935532E0);
#1019=CIRCLE('',#1018,5.5E0);
#1030=B_SPLINE_CURVE_WITH_KNOTS('',3,(#1024,#1025,#1026,#1027,#1028,#1029),
.UNSPECIFIED.,.F.,.F.,(4,1,1,4),(0.E0,3.333333333333E-1,6.666666666667E-1,1.E0),
.UNSPECIFIED.);
#1047=B_SPLINE_CURVE_WITH_KNOTS('',3,(#1035,#1036,#1037,#1038,#1039,#1040,#1041,
#1042,#1043,#1044,#1045,#1046),.UNSPECIFIED.,.F.,.F.,(4,1,1,1,1,1,1,1,1,4),
(0.E0,1.111111111111E-1,2.222222222222E-1,3.333333333333E-1,4.444444444444E-1,
5.555555555556E-1,6.666666666667E-1,7.777777777778E-1,8.888888888889E-1,1.E0),
.UNSPECIFIED.);
#1064=B_SPLINE_CURVE_WITH_KNOTS('',3,(#1052,#1053,#1054,#1055,#1056,#1057,#1058,
#1059,#1060,#1061,#1062,#1063),.UNSPECIFIED.,.F.,.F.,(4,1,1,1,1,1,1,1,1,4),
(0.E0,1.111111111111E-1,2.222222222222E-1,3.333333333333E-1,4.444444444444E-1,
5.555555555556E-1,6.666666666667E-1,7.777777777778E-1,8.888888888889E-1,1.E0),
.UNSPECIFIED.);
#1075=B_SPLINE_CURVE_WITH_KNOTS('',3,(#1069,#1070,#1071,#1072,#1073,#1074),
.UNSPECIFIED.,.F.,.F.,(4,1,1,4),(0.E0,3.333333333333E-1,6.666666666667E-1,1.E0),
.UNSPECIFIED.);
#1080=CIRCLE('',#1079,4.920078033103E0);
#1095=B_SPLINE_CURVE_WITH_KNOTS('',3,(#1089,#1090,#1091,#1092,#1093,#1094),
.UNSPECIFIED.,.F.,.F.,(4,1,1,4),(0.E0,3.333333333333E-1,6.666666666667E-1,1.E0),
.UNSPECIFIED.);
#1106=B_SPLINE_CURVE_WITH_KNOTS('',3,(#1100,#1101,#1102,#1103,#1104,#1105),
.UNSPECIFIED.,.F.,.F.,(4,1,1,4),(0.E0,3.333333333333E-1,6.666666666667E-1,1.E0),
.UNSPECIFIED.);
#1123=B_SPLINE_CURVE_WITH_KNOTS('',3,(#1111,#1112,#1113,#1114,#1115,#1116,#1117,
#1118,#1119,#1120,#1121,#1122),.UNSPECIFIED.,.F.,.F.,(4,1,1,1,1,1,1,1,1,4),
(0.E0,1.111111111111E-1,2.222222222222E-1,3.333333333333E-1,4.444444444444E-1,
5.555555555556E-1,6.666666666667E-1,7.777777777778E-1,8.888888888889E-1,1.E0),
.UNSPECIFIED.);
#1135=B_SPLINE_CURVE_WITH_KNOTS('',3,(#1124,#1125,#1126,#1127,#1128,#1129,#1130,
#1131,#1132,#1133,#1134),.UNSPECIFIED.,.F.,.F.,(4,1,1,1,1,1,1,1,4),(0.E0,
1.25E-1,2.5E-1,3.75E-1,5.E-1,6.25E-1,7.5E-1,8.75E-1,1.E0),.UNSPECIFIED.);
#1140=CIRCLE('',#1139,4.427674156597E0);
#1152=B_SPLINE_CURVE_WITH_KNOTS('',3,(#1141,#1142,#1143,#1144,#1145,#1146,#1147,
#1148,#1149,#1150,#1151),.UNSPECIFIED.,.F.,.F.,(4,1,1,1,1,1,1,1,4),(0.E0,
1.25E-1,2.5E-1,3.75E-1,5.E-1,6.25E-1,7.5E-1,8.75E-1,1.E0),.UNSPECIFIED.);
#1165=CIRCLE('',#1164,6.E0);
#1174=CIRCLE('',#1173,6.E0);
#1198=B_SPLINE_CURVE_WITH_KNOTS('',3,(#1187,#1188,#1189,#1190,#1191,#1192,#1193,
#1194,#1195,#1196,#1197),.UNSPECIFIED.,.F.,.F.,(4,1,1,1,1,1,1,1,4),(0.E0,
1.25E-1,2.5E-1,3.75E-1,5.E-1,6.25E-1,7.5E-1,8.75E-1,1.E0),.UNSPECIFIED.);
#1214=B_SPLINE_CURVE_WITH_KNOTS('',3,(#1203,#1204,#1205,#1206,#1207,#1208,#1209,
#1210,#1211,#1212,#1213),.UNSPECIFIED.,.F.,.F.,(4,1,1,1,1,1,1,1,4),(0.E0,
1.25E-1,2.5E-1,3.75E-1,5.E-1,6.25E-1,7.5E-1,8.75E-1,1.E0),.UNSPECIFIED.);
#1219=CIRCLE('',#1218,5.05E0);
#1226=B_SPLINE_CURVE_WITH_KNOTS('',3,(#1220,#1221,#1222,#1223,#1224,#1225),
.UNSPECIFIED.,.F.,.F.,(4,1,1,4),(0.E0,3.333333333333E-1,6.666666666667E-1,1.E0),
.UNSPECIFIED.);
#1231=CIRCLE('',#1230,5.55E0);
#1238=B_SPLINE_CURVE_WITH_KNOTS('',3,(#1232,#1233,#1234,#1235,#1236,#1237),
.UNSPECIFIED.,.F.,.F.,(4,1,1,4),(0.E0,3.333333333333E-1,6.666666666667E-1,1.E0),
.UNSPECIFIED.);
#1255=CIRCLE('',#1254,3.E-1);
#1269=B_SPLINE_CURVE_WITH_KNOTS('',3,(#1256,#1257,#1258,#1259,#1260,#1261,#1262,
#1263,#1264,#1265,#1266,#1267,#1268),.UNSPECIFIED.,.F.,.F.,(4,1,1,1,1,1,1,1,1,1,
4),(0.E0,1.E-1,2.E-1,3.E-1,4.E-1,5.E-1,6.E-1,7.E-1,8.E-1,9.E-1,1.E0),
.UNSPECIFIED.);
#1287=B_SPLINE_CURVE_WITH_KNOTS('',3,(#1274,#1275,#1276,#1277,#1278,#1279,#1280,
#1281,#1282,#1283,#1284,#1285,#1286),.UNSPECIFIED.,.F.,.F.,(4,1,1,1,1,1,1,1,1,1,
4),(0.E0,1.E-1,2.E-1,3.E-1,4.E-1,5.E-1,6.E-1,7.E-1,8.E-1,9.E-1,1.E0),
.UNSPECIFIED.);
#1305=B_SPLINE_CURVE_WITH_KNOTS('',3,(#1292,#1293,#1294,#1295,#1296,#1297,#1298,
#1299,#1300,#1301,#1302,#1303,#1304),.UNSPECIFIED.,.F.,.F.,(4,1,1,1,1,1,1,1,1,1,
4),(0.E0,1.E-1,2.E-1,3.E-1,4.E-1,5.E-1,6.E-1,7.E-1,8.E-1,9.E-1,1.E0),
.UNSPECIFIED.);
#1323=B_SPLINE_CURVE_WITH_KNOTS('',3,(#1310,#1311,#1312,#1313,#1314,#1315,#1316,
#1317,#1318,#1319,#1320,#1321,#1322),.UNSPECIFIED.,.F.,.F.,(4,1,1,1,1,1,1,1,1,1,
4),(0.E0,1.E-1,2.E-1,3.E-1,4.E-1,5.E-1,6.E-1,7.E-1,8.E-1,9.E-1,1.E0),
.UNSPECIFIED.);
#1332=CIRCLE('',#1331,3.E-1);
#1346=B_SPLINE_CURVE_WITH_KNOTS('',3,(#1333,#1334,#1335,#1336,#1337,#1338,#1339,
#1340,#1341,#1342,#1343,#1344,#1345),.UNSPECIFIED.,.F.,.F.,(4,1,1,1,1,1,1,1,1,1,
4),(0.E0,1.E-1,2.E-1,3.E-1,4.E-1,5.E-1,6.E-1,7.E-1,8.E-1,9.E-1,1.E0),
.UNSPECIFIED.);
#1360=B_SPLINE_CURVE_WITH_KNOTS('',3,(#1351,#1352,#1353,#1354,#1355,#1356,#1357,
#1358,#1359),.UNSPECIFIED.,.F.,.F.,(4,1,1,1,1,1,4),(0.E0,1.25E-1,2.5E-1,5.E-1,
7.5E-1,8.75E-1,1.E0),.UNSPECIFIED.);
#1373=CIRCLE('',#1372,3.E-1);
#1378=CIRCLE('',#1377,3.E-1);
#1392=B_SPLINE_CURVE_WITH_KNOTS('',3,(#1379,#1380,#1381,#1382,#1383,#1384,#1385,
#1386,#1387,#1388,#1389,#1390,#1391),.UNSPECIFIED.,.F.,.F.,(4,1,1,1,1,1,1,1,1,1,
4),(0.E0,1.E-1,2.E-1,3.E-1,4.E-1,5.E-1,6.E-1,7.E-1,8.E-1,9.E-1,1.E0),
.UNSPECIFIED.);
#1406=B_SPLINE_CURVE_WITH_KNOTS('',3,(#1397,#1398,#1399,#1400,#1401,#1402,#1403,
#1404,#1405),.UNSPECIFIED.,.F.,.F.,(4,1,1,1,1,1,4),(0.E0,1.25E-1,2.5E-1,5.E-1,
7.5E-1,8.75E-1,1.E0),.UNSPECIFIED.);
#1419=CIRCLE('',#1418,3.E-1);
#1424=CIRCLE('',#1423,3.E-1);
#1438=B_SPLINE_CURVE_WITH_KNOTS('',3,(#1425,#1426,#1427,#1428,#1429,#1430,#1431,
#1432,#1433,#1434,#1435,#1436,#1437),.UNSPECIFIED.,.F.,.F.,(4,1,1,1,1,1,1,1,1,1,
4),(0.E0,1.E-1,2.E-1,3.E-1,4.E-1,5.E-1,6.E-1,7.E-1,8.E-1,9.E-1,1.E0),
.UNSPECIFIED.);
#1452=B_SPLINE_CURVE_WITH_KNOTS('',3,(#1443,#1444,#1445,#1446,#1447,#1448,#1449,
#1450,#1451),.UNSPECIFIED.,.F.,.F.,(4,1,1,1,1,1,4),(0.E0,1.25E-1,2.5E-1,5.E-1,
7.5E-1,8.75E-1,1.E0),.UNSPECIFIED.);
#1465=CIRCLE('',#1464,3.E-1);
#1470=CIRCLE('',#1469,3.E-1);
#1484=B_SPLINE_CURVE_WITH_KNOTS('',3,(#1471,#1472,#1473,#1474,#1475,#1476,#1477,
#1478,#1479,#1480,#1481,#1482,#1483),.UNSPECIFIED.,.F.,.F.,(4,1,1,1,1,1,1,1,1,1,
4),(0.E0,1.E-1,2.E-1,3.E-1,4.E-1,5.E-1,6.E-1,7.E-1,8.E-1,9.E-1,1.E0),
.UNSPECIFIED.);
#1498=B_SPLINE_CURVE_WITH_KNOTS('',3,(#1489,#1490,#1491,#1492,#1493,#1494,#1495,
#1496,#1497),.UNSPECIFIED.,.F.,.F.,(4,1,1,1,1,1,4),(0.E0,1.25E-1,2.5E-1,5.E-1,
7.5E-1,8.75E-1,1.E0),.UNSPECIFIED.);
#1518=B_SPLINE_CURVE_WITH_KNOTS('',3,(#1507,#1508,#1509,#1510,#1511,#1512,#1513,
#1514,#1515,#1516,#1517),.UNSPECIFIED.,.F.,.F.,(4,1,1,1,1,1,1,1,4),(0.E0,
1.25E-1,2.5E-1,3.75E-1,5.E-1,6.25E-1,7.5E-1,8.75E-1,1.E0),.UNSPECIFIED.);
#1534=B_SPLINE_CURVE_WITH_KNOTS('',3,(#1523,#1524,#1525,#1526,#1527,#1528,#1529,
#1530,#1531,#1532,#1533),.UNSPECIFIED.,.F.,.F.,(4,1,1,1,1,1,1,1,4),(0.E0,
1.25E-1,2.5E-1,3.75E-1,5.E-1,6.25E-1,7.5E-1,8.75E-1,1.E0),.UNSPECIFIED.);
#1539=CIRCLE('',#1538,5.05E0);
#1555=B_SPLINE_CURVE_WITH_KNOTS('',3,(#1544,#1545,#1546,#1547,#1548,#1549,#1550,
#1551,#1552,#1553,#1554),.UNSPECIFIED.,.F.,.F.,(4,1,1,1,1,1,1,1,4),(0.E0,
1.25E-1,2.5E-1,3.75E-1,5.E-1,6.25E-1,7.5E-1,8.75E-1,1.E0),.UNSPECIFIED.);
#1571=B_SPLINE_CURVE_WITH_KNOTS('',3,(#1560,#1561,#1562,#1563,#1564,#1565,#1566,
#1567,#1568,#1569,#1570),.UNSPECIFIED.,.F.,.F.,(4,1,1,1,1,1,1,1,4),(0.E0,
1.25E-1,2.5E-1,3.75E-1,5.E-1,6.25E-1,7.5E-1,8.75E-1,1.E0),.UNSPECIFIED.);
#1592=CIRCLE('',#1591,6.E0);
#1605=CIRCLE('',#1604,5.05E0);
#1612=B_SPLINE_CURVE_WITH_KNOTS('',3,(#1606,#1607,#1608,#1609,#1610,#1611),
.UNSPECIFIED.,.F.,.F.,(4,1,1,4),(0.E0,3.333333333333E-1,6.666666666667E-1,1.E0),
.UNSPECIFIED.);
#1617=CIRCLE('',#1616,5.55E0);
#1624=B_SPLINE_CURVE_WITH_KNOTS('',3,(#1618,#1619,#1620,#1621,#1622,#1623),
.UNSPECIFIED.,.F.,.F.,(4,1,1,4),(0.E0,3.333333333333E-1,6.666666666667E-1,1.E0),
.UNSPECIFIED.);
#1640=B_SPLINE_CURVE_WITH_KNOTS('',3,(#1629,#1630,#1631,#1632,#1633,#1634,#1635,
#1636,#1637,#1638,#1639),.UNSPECIFIED.,.F.,.F.,(4,1,1,1,1,1,1,1,4),(0.E0,
1.25E-1,2.5E-1,3.75E-1,5.E-1,6.25E-1,7.5E-1,8.75E-1,1.E0),.UNSPECIFIED.);
#1656=B_SPLINE_CURVE_WITH_KNOTS('',3,(#1645,#1646,#1647,#1648,#1649,#1650,#1651,
#1652,#1653,#1654,#1655),.UNSPECIFIED.,.F.,.F.,(4,1,1,1,1,1,1,1,4),(0.E0,
1.25E-1,2.5E-1,3.75E-1,5.E-1,6.25E-1,7.5E-1,8.75E-1,1.E0),.UNSPECIFIED.);
#1669=CIRCLE('',#1668,5.301930530822E0);
#1679=B_SPLINE_CURVE_WITH_KNOTS('',3,(#1670,#1671,#1672,#1673,#1674,#1675,#1676,
#1677,#1678),.UNSPECIFIED.,.F.,.F.,(4,1,1,1,1,1,4),(0.E0,1.666666666667E-1,
3.333333333333E-1,5.E-1,6.666666666667E-1,8.333333333333E-1,1.E0),
.UNSPECIFIED.);
#1684=CIRCLE('',#1683,5.05E0);
#1694=B_SPLINE_CURVE_WITH_KNOTS('',3,(#1685,#1686,#1687,#1688,#1689,#1690,#1691,
#1692,#1693),.UNSPECIFIED.,.F.,.F.,(4,1,1,1,1,1,4),(0.E0,1.666666666667E-1,
3.333333333333E-1,5.E-1,6.666666666667E-1,8.333333333333E-1,1.E0),
.UNSPECIFIED.);
#1701=B_SPLINE_CURVE_WITH_KNOTS('',3,(#1695,#1696,#1697,#1698,#1699,#1700),
.UNSPECIFIED.,.F.,.F.,(4,1,1,4),(0.E0,3.333333333333E-1,6.666666666667E-1,1.E0),
.UNSPECIFIED.);
#1706=CIRCLE('',#1705,5.75E0);
#1713=B_SPLINE_CURVE_WITH_KNOTS('',3,(#1707,#1708,#1709,#1710,#1711,#1712),
.UNSPECIFIED.,.F.,.F.,(4,1,1,4),(0.E0,3.333333333333E-1,6.666666666667E-1,1.E0),
.UNSPECIFIED.);
#1737=B_SPLINE_CURVE_WITH_KNOTS('',3,(#1726,#1727,#1728,#1729,#1730,#1731,#1732,
#1733,#1734,#1735,#1736),.UNSPECIFIED.,.F.,.F.,(4,1,1,1,1,1,1,1,4),(0.E0,
1.25E-1,2.5E-1,3.75E-1,5.E-1,6.25E-1,7.5E-1,8.75E-1,1.E0),.UNSPECIFIED.);
#1753=B_SPLINE_CURVE_WITH_KNOTS('',3,(#1742,#1743,#1744,#1745,#1746,#1747,#1748,
#1749,#1750,#1751,#1752),.UNSPECIFIED.,.F.,.F.,(4,1,1,1,1,1,1,1,4),(0.E0,
1.25E-1,2.5E-1,3.75E-1,5.E-1,6.25E-1,7.5E-1,8.75E-1,1.E0),.UNSPECIFIED.);
#1766=CIRCLE('',#1765,6.E0);
#2156=EDGE_CURVE('',#2125,#2126,#7,.T.);
#2158=EDGE_CURVE('',#2125,#2128,#12,.T.);
#2160=EDGE_CURVE('',#2127,#2128,#19,.T.);
#2162=EDGE_CURVE('',#2127,#1789,#42,.T.);
#2164=EDGE_CURVE('',#1789,#1790,#1000,.T.);
#2166=EDGE_CURVE('',#1786,#1790,#1014,.T.);
#2168=EDGE_CURVE('',#1785,#1786,#814,.T.);
#2170=EDGE_CURVE('',#1773,#1785,#37,.T.);
#2172=EDGE_CURVE('',#1773,#1774,#120,.T.);
#2174=EDGE_CURVE('',#1778,#1774,#154,.T.);
#2176=EDGE_CURVE('',#1777,#1778,#141,.T.);
#2178=EDGE_CURVE('',#2126,#1777,#32,.T.);
#2189=EDGE_CURVE('',#2130,#2126,#27,.T.);
#2191=EDGE_CURVE('',#2130,#1950,#257,.T.);
#2193=EDGE_CURVE('',#1950,#2099,#221,.T.);
#2195=EDGE_CURVE('',#2125,#2099,#23,.T.);
#2207=EDGE_CURVE('',#1777,#1773,#71,.T.);
#2210=EDGE_CURVE('',#1785,#1789,#832,.T.);
#2213=EDGE_CURVE('',#2132,#2127,#46,.T.);
#2215=EDGE_CURVE('',#2132,#2134,#51,.T.);
#2217=EDGE_CURVE('',#1801,#2134,#269,.T.);
#2219=EDGE_CURVE('',#1801,#1802,#56,.T.);
#2221=EDGE_CURVE('',#1802,#2133,#265,.T.);
#2223=EDGE_CURVE('',#2133,#2130,#61,.T.);
#2233=EDGE_CURVE('',#2142,#2138,#66,.T.);
#2235=EDGE_CURVE('',#1773,#2138,#124,.T.);
#2238=EDGE_CURVE('',#1777,#2142,#137,.T.);
#2248=EDGE_CURVE('',#1920,#2142,#104,.T.);
#2250=EDGE_CURVE('',#1920,#2104,#1084,.T.);
#2252=EDGE_CURVE('',#2103,#2104,#76,.T.);
#2254=EDGE_CURVE('',#2001,#2103,#1753,.T.);
#2256=EDGE_CURVE('',#1978,#2001,#1717,.T.);
#2258=EDGE_CURVE('',#1978,#1976,#1684,.T.);
#2260=EDGE_CURVE('',#1976,#1992,#1664,.T.);
#2262=EDGE_CURVE('',#2108,#1992,#1640,.T.);
#2264=EDGE_CURVE('',#2107,#2108,#81,.T.);
#2266=EDGE_CURVE('',#1922,#2107,#174,.T.);
#2268=EDGE_CURVE('',#2138,#1922,#86,.T.);
#2279=EDGE_CURVE('',#2137,#2138,#108,.T.);
#2282=EDGE_CURVE('',#1910,#1922,#90,.T.);
#2284=EDGE_CURVE('',#1909,#1910,#95,.T.);
#2286=EDGE_CURVE('',#1920,#1909,#99,.T.);
#2289=EDGE_CURVE('',#2141,#2142,#133,.T.);
#2291=EDGE_CURVE('',#2137,#2141,#129,.T.);
#2302=EDGE_CURVE('',#2137,#1769,#112,.T.);
#2304=EDGE_CURVE('',#1769,#1774,#116,.T.);
#2317=EDGE_CURVE('',#2141,#1770,#149,.T.);
#2319=EDGE_CURVE('',#1769,#1770,#159,.T.);
#2333=EDGE_CURVE('',#1770,#1778,#145,.T.);
#2356=EDGE_CURVE('',#2037,#2107,#192,.T.);
#2358=EDGE_CURVE('',#2037,#2046,#166,.T.);
#2360=EDGE_CURVE('',#2046,#2044,#1068,.T.);
#2362=EDGE_CURVE('',#1910,#2044,#170,.T.);
#2374=EDGE_CURVE('',#2107,#2104,#179,.T.);
#2376=EDGE_CURVE('',#2104,#2036,#183,.T.);
#2378=EDGE_CURVE('',#2036,#2037,#188,.T.);
#2391=EDGE_CURVE('',#2099,#2100,#217,.T.);
#2393=EDGE_CURVE('',#2100,#2020,#1186,.T.);
#2395=EDGE_CURVE('',#2020,#2021,#197,.T.);
#2397=EDGE_CURVE('',#2021,#2103,#1725,.T.);
#2402=EDGE_CURVE('',#2108,#2024,#1628,.T.);
#2404=EDGE_CURVE('',#2024,#2025,#202,.T.);
#2406=EDGE_CURVE('',#2025,#2111,#1543,.T.);
#2408=EDGE_CURVE('',#2111,#2112,#1539,.T.);
#2410=EDGE_CURVE('',#2112,#2028,#1506,.T.);
#2412=EDGE_CURVE('',#2028,#2029,#207,.T.);
#2414=EDGE_CURVE('',#2029,#2115,#846,.T.);
#2416=EDGE_CURVE('',#2115,#2116,#837,.T.);
#2418=EDGE_CURVE('',#2119,#2116,#764,.T.);
#2420=EDGE_CURVE('',#2119,#2120,#842,.T.);
#2422=EDGE_CURVE('',#2120,#2032,#956,.T.);
#2424=EDGE_CURVE('',#2032,#2033,#212,.T.);
#2426=EDGE_CURVE('',#2033,#2123,#598,.T.);
#2428=EDGE_CURVE('',#2123,#2124,#590,.T.);
#2430=EDGE_CURVE('',#2124,#2128,#585,.T.);
#2442=EDGE_CURVE('',#1950,#1951,#226,.T.);
#2444=EDGE_CURVE('',#1951,#1996,#1178,.T.);
#2446=EDGE_CURVE('',#2100,#1996,#1198,.T.);
#2457=EDGE_CURVE('',#1950,#1954,#253,.T.);
#2459=EDGE_CURVE('',#1954,#1955,#231,.T.);
#2461=EDGE_CURVE('',#1951,#1955,#238,.T.);
#2472=EDGE_CURVE('',#2134,#2133,#261,.T.);
#2475=EDGE_CURVE('',#1961,#2132,#242,.T.);
#2477=EDGE_CURVE('',#1961,#1957,#1238,.T.);
#2479=EDGE_CURVE('',#1957,#1954,#246,.T.);
#2493=EDGE_CURVE('',#1801,#1802,#273,.T.);
#2508=EDGE_CURVE('',#1793,#1797,#278,.T.);
#2510=EDGE_CURVE('',#1797,#1793,#283,.T.);
#2514=EDGE_CURVE('',#1817,#1818,#288,.T.);
#2516=EDGE_CURVE('',#1818,#1809,#292,.T.);
#2518=EDGE_CURVE('',#1809,#1810,#296,.T.);
#2520=EDGE_CURVE('',#1810,#1817,#300,.T.);
#2524=EDGE_CURVE('',#1833,#1834,#305,.T.);
#2526=EDGE_CURVE('',#1826,#1833,#309,.T.);
#2528=EDGE_CURVE('',#1825,#1826,#313,.T.);
#2530=EDGE_CURVE('',#1834,#1825,#317,.T.);
#2534=EDGE_CURVE('',#1849,#1850,#322,.T.);
#2536=EDGE_CURVE('',#1850,#1849,#327,.T.);
#2540=EDGE_CURVE('',#1841,#1842,#332,.T.);
#2542=EDGE_CURVE('',#1842,#1841,#337,.T.);
#2546=EDGE_CURVE('',#1861,#1862,#342,.T.);
#2548=EDGE_CURVE('',#1862,#1861,#347,.T.);
#2552=EDGE_CURVE('',#1865,#1866,#352,.T.);
#2554=EDGE_CURVE('',#1866,#1865,#357,.T.);
#2558=EDGE_CURVE('',#1877,#1878,#362,.T.);
#2560=EDGE_CURVE('',#1878,#1877,#367,.T.);
#2564=EDGE_CURVE('',#1881,#1882,#372,.T.);
#2566=EDGE_CURVE('',#1882,#1881,#377,.T.);
#2576=EDGE_CURVE('',#1793,#1794,#381,.T.);
#2579=EDGE_CURVE('',#1797,#1798,#385,.T.);
#2581=EDGE_CURVE('',#1794,#1798,#395,.T.);
#2592=EDGE_CURVE('',#1794,#1798,#390,.T.);
#2615=EDGE_CURVE('',#1817,#1813,#402,.T.);
#2617=EDGE_CURVE('',#1813,#1814,#422,.T.);
#2619=EDGE_CURVE('',#1818,#1814,#417,.T.);
#2630=EDGE_CURVE('',#1810,#1806,#406,.T.);
#2632=EDGE_CURVE('',#1806,#1813,#426,.T.);
#2644=EDGE_CURVE('',#1809,#1805,#410,.T.);
#2646=EDGE_CURVE('',#1805,#1806,#430,.T.);
#2659=EDGE_CURVE('',#1814,#1805,#434,.T.);
#2683=EDGE_CURVE('',#1834,#1830,#448,.T.);
#2685=EDGE_CURVE('',#1829,#1830,#461,.T.);
#2687=EDGE_CURVE('',#1833,#1829,#441,.T.);
#2698=EDGE_CURVE('',#1825,#1821,#452,.T.);
#2700=EDGE_CURVE('',#1830,#1821,#465,.T.);
#2712=EDGE_CURVE('',#1826,#1822,#456,.T.);
#2714=EDGE_CURVE('',#1821,#1822,#469,.T.);
#2727=EDGE_CURVE('',#1822,#1829,#473,.T.);
#2751=EDGE_CURVE('',#1849,#1845,#477,.T.);
#2753=EDGE_CURVE('',#1845,#1846,#486,.T.);
#2755=EDGE_CURVE('',#1850,#1846,#481,.T.);
#2767=EDGE_CURVE('',#1846,#1845,#491,.T.);
#2789=EDGE_CURVE('',#1841,#1837,#495,.T.);
#2791=EDGE_CURVE('',#1837,#1838,#504,.T.);
#2793=EDGE_CURVE('',#1842,#1838,#499,.T.);
#2805=EDGE_CURVE('',#1838,#1837,#509,.T.);
#2827=EDGE_CURVE('',#1854,#1862,#517,.T.);
#2829=EDGE_CURVE('',#1853,#1854,#522,.T.);
#2831=EDGE_CURVE('',#1853,#1861,#513,.T.);
#2843=EDGE_CURVE('',#1854,#1853,#527,.T.);
#2865=EDGE_CURVE('',#1865,#1857,#531,.T.);
#2867=EDGE_CURVE('',#1857,#1858,#540,.T.);
#2869=EDGE_CURVE('',#1866,#1858,#535,.T.);
#2881=EDGE_CURVE('',#1858,#1857,#545,.T.);
#2903=EDGE_CURVE('',#1870,#1878,#553,.T.);
#2905=EDGE_CURVE('',#1869,#1870,#558,.T.);
#2907=EDGE_CURVE('',#1869,#1877,#549,.T.);
#2919=EDGE_CURVE('',#1870,#1869,#563,.T.);
#2941=EDGE_CURVE('',#1881,#1873,#567,.T.);
#2943=EDGE_CURVE('',#1873,#1874,#576,.T.);
#2945=EDGE_CURVE('',#1882,#1874,#571,.T.);
#2957=EDGE_CURVE('',#1874,#1873,#581,.T.);
#2980=EDGE_CURVE('',#1961,#2124,#594,.T.);
#2993=EDGE_CURVE('',#2009,#2123,#626,.T.);
#2995=EDGE_CURVE('',#1960,#2009,#1246,.T.);
#2997=EDGE_CURVE('',#1960,#1961,#1219,.T.);
#3009=EDGE_CURVE('',#2033,#2008,#610,.T.);
#3011=EDGE_CURVE('',#2008,#2009,#614,.T.);
#3022=EDGE_CURVE('',#1926,#1927,#651,.T.);
#3024=EDGE_CURVE('',#1926,#1885,#681,.T.);
#3026=EDGE_CURVE('',#1885,#1889,#630,.T.);
#3028=EDGE_CURVE('',#1906,#1889,#1165,.T.);
#3030=EDGE_CURVE('',#1906,#2008,#1242,.T.);
#3034=EDGE_CURVE('',#2013,#2032,#984,.T.);
#3036=EDGE_CURVE('',#1904,#2013,#948,.T.);
#3038=EDGE_CURVE('',#1903,#1904,#940,.T.);
#3040=EDGE_CURVE('',#1903,#2016,#882,.T.);
#3042=EDGE_CURVE('',#2029,#2016,#858,.T.);
#3045=EDGE_CURVE('',#2005,#2028,#1534,.T.);
#3047=EDGE_CURVE('',#1900,#2005,#1600,.T.);
#3049=EDGE_CURVE('',#1899,#1900,#1592,.T.);
#3051=EDGE_CURVE('',#1899,#1988,#1575,.T.);
#3053=EDGE_CURVE('',#2025,#1988,#1555,.T.);
#3056=EDGE_CURVE('',#1993,#2024,#1656,.T.);
#3058=EDGE_CURVE('',#1896,#1993,#1660,.T.);
#3060=EDGE_CURVE('',#1895,#1896,#1766,.T.);
#3062=EDGE_CURVE('',#1895,#2000,#1721,.T.);
#3064=EDGE_CURVE('',#2021,#2000,#1737,.T.);
#3067=EDGE_CURVE('',#1997,#2020,#1214,.T.);
#3069=EDGE_CURVE('',#1892,#1997,#1182,.T.);
#3071=EDGE_CURVE('',#1890,#1892,#1174,.T.);
#3073=EDGE_CURVE('',#1890,#1886,#634,.T.);
#3075=EDGE_CURVE('',#1886,#2050,#672,.T.);
#3077=EDGE_CURVE('',#2053,#2050,#1123,.T.);
#3079=EDGE_CURVE('',#1909,#2053,#1088,.T.);
#3083=EDGE_CURVE('',#1939,#2044,#1064,.T.);
#3085=EDGE_CURVE('',#1939,#1932,#667,.T.);
#3087=EDGE_CURVE('',#1936,#1932,#1047,.T.);
#3089=EDGE_CURVE('',#1913,#1936,#744,.T.);
#3091=EDGE_CURVE('',#1913,#1914,#793,.T.);
#3093=EDGE_CURVE('',#1914,#1927,#775,.T.);
#3103=EDGE_CURVE('',#1925,#1926,#638,.T.);
#3106=EDGE_CURVE('',#1929,#1927,#655,.T.);
#3108=EDGE_CURVE('',#2055,#1929,#662,.T.);
#3110=EDGE_CURVE('',#2055,#1925,#714,.T.);
#3121=EDGE_CURVE('',#1933,#1925,#702,.T.);
#3123=EDGE_CURVE('',#1932,#1933,#1023,.T.);
#3126=EDGE_CURVE('',#2043,#1939,#1051,.T.);
#3128=EDGE_CURVE('',#2043,#2048,#1140,.T.);
#3130=EDGE_CURVE('',#2050,#2048,#1099,.T.);
#3133=EDGE_CURVE('',#1885,#1886,#676,.T.);
#3138=EDGE_CURVE('',#2061,#2062,#685,.T.);
#3140=EDGE_CURVE('',#2065,#2062,#1498,.T.);
#3142=EDGE_CURVE('',#2065,#2066,#689,.T.);
#3144=EDGE_CURVE('',#2069,#2066,#1452,.T.);
#3146=EDGE_CURVE('',#2069,#2070,#693,.T.);
#3148=EDGE_CURVE('',#2073,#2070,#1406,.T.);
#3150=EDGE_CURVE('',#2073,#2074,#697,.T.);
#3152=EDGE_CURVE('',#2061,#2074,#1360,.T.);
#3164=EDGE_CURVE('',#2056,#2055,#731,.T.);
#3166=EDGE_CURVE('',#2056,#1933,#726,.T.);
#3176=EDGE_CURVE('',#1937,#2041,#751,.T.);
#3178=EDGE_CURVE('',#2056,#1937,#1030,.T.);
#3182=EDGE_CURVE('',#2040,#1929,#771,.T.);
#3184=EDGE_CURVE('',#2040,#2041,#736,.T.);
#3194=EDGE_CURVE('',#2116,#2041,#755,.T.);
#3196=EDGE_CURVE('',#1916,#2116,#740,.T.);
#3198=EDGE_CURVE('',#1916,#1913,#797,.T.);
#3201=EDGE_CURVE('',#1936,#1937,#1034,.T.);
#3214=EDGE_CURVE('',#2040,#2119,#759,.T.);
#3229=EDGE_CURVE('',#1914,#1918,#788,.T.);
#3231=EDGE_CURVE('',#1918,#2119,#779,.T.);
#3241=EDGE_CURVE('',#2145,#2146,#806,.T.);
#3243=EDGE_CURVE('',#2145,#2149,#1009,.T.);
#3245=EDGE_CURVE('',#2149,#2150,#988,.T.);
#3247=EDGE_CURVE('',#2150,#1918,#784,.T.);
#3252=EDGE_CURVE('',#1916,#2146,#802,.T.);
#3263=EDGE_CURVE('',#1785,#2146,#810,.T.);
#3266=EDGE_CURVE('',#1781,#1786,#818,.T.);
#3268=EDGE_CURVE('',#2145,#1781,#822,.T.);
#3278=EDGE_CURVE('',#2146,#2150,#827,.T.);
#3280=EDGE_CURVE('',#1789,#2150,#1004,.T.);
#3295=EDGE_CURVE('',#2017,#2115,#874,.T.);
#3297=EDGE_CURVE('',#1985,#2017,#878,.T.);
#3299=EDGE_CURVE('',#1985,#1983,#902,.T.);
#3301=EDGE_CURVE('',#1983,#2012,#952,.T.);
#3303=EDGE_CURVE('',#2120,#2012,#968,.T.);
#3319=EDGE_CURVE('',#2016,#2017,#862,.T.);
#3330=EDGE_CURVE('',#1985,#1981,#912,.T.);
#3335=EDGE_CURVE('',#1946,#1903,#935,.T.);
#3337=EDGE_CURVE('',#1981,#1946,#919,.T.);
#3347=EDGE_CURVE('',#1981,#1982,#887,.T.);
#3349=EDGE_CURVE('',#1982,#1983,#897,.T.);
#3363=EDGE_CURVE('',#1946,#1947,#924,.T.);
#3365=EDGE_CURVE('',#1982,#1947,#931,.T.);
#3377=EDGE_CURVE('',#1904,#1947,#944,.T.);
#3392=EDGE_CURVE('',#2012,#2013,#972,.T.);
#3416=EDGE_CURVE('',#2149,#1782,#992,.T.);
#3418=EDGE_CURVE('',#1782,#1790,#996,.T.);
#3432=EDGE_CURVE('',#1781,#1782,#1019,.T.);
#3471=EDGE_CURVE('',#2057,#2046,#1075,.T.);
#3473=EDGE_CURVE('',#2057,#2043,#1152,.T.);
#3483=EDGE_CURVE('',#2054,#2036,#1095,.T.);
#3485=EDGE_CURVE('',#2058,#2054,#1106,.T.);
#3487=EDGE_CURVE('',#2058,#2057,#1080,.T.);
#3504=EDGE_CURVE('',#2053,#2054,#1110,.T.);
#3516=EDGE_CURVE('',#2058,#2048,#1135,.T.);
#3542=EDGE_CURVE('',#1889,#1890,#1169,.T.);
#3554=EDGE_CURVE('',#1892,#1955,#1156,.T.);
#3558=EDGE_CURVE('',#1963,#1957,#1231,.T.);
#3560=EDGE_CURVE('',#1963,#1906,#1160,.T.);
#3573=EDGE_CURVE('',#1996,#1997,#1202,.T.);
#3600=EDGE_CURVE('',#1960,#1963,#1226,.T.);
#3625=EDGE_CURVE('',#2078,#2082,#1250,.T.);
#3627=EDGE_CURVE('',#2082,#2062,#1502,.T.);
#3630=EDGE_CURVE('',#2078,#2061,#1350,.T.);
#3640=EDGE_CURVE('',#2076,#2080,#1327,.T.);
#3642=EDGE_CURVE('',#2080,#2082,#1470,.T.);
#3645=EDGE_CURVE('',#2076,#2078,#1255,.T.);
#3655=EDGE_CURVE('',#2075,#2076,#1269,.T.);
#3657=EDGE_CURVE('',#2095,#2075,#1273,.T.);
#3659=EDGE_CURVE('',#2092,#2095,#1287,.T.);
#3661=EDGE_CURVE('',#2089,#2092,#1291,.T.);
#3663=EDGE_CURVE('',#2086,#2089,#1305,.T.);
#3665=EDGE_CURVE('',#2083,#2086,#1309,.T.);
#3667=EDGE_CURVE('',#2080,#2083,#1323,.T.);
#3720=EDGE_CURVE('',#2077,#2078,#1346,.T.);
#3722=EDGE_CURVE('',#2075,#2077,#1332,.T.);
#3735=EDGE_CURVE('',#2077,#2074,#1364,.T.);
#3745=EDGE_CURVE('',#2096,#2077,#1368,.T.);
#3749=EDGE_CURVE('',#2096,#2073,#1396,.T.);
#3762=EDGE_CURVE('',#2095,#2096,#1373,.T.);
#3814=EDGE_CURVE('',#2094,#2096,#1392,.T.);
#3816=EDGE_CURVE('',#2092,#2094,#1378,.T.);
#3829=EDGE_CURVE('',#2094,#2070,#1410,.T.);
#3839=EDGE_CURVE('',#2090,#2094,#1414,.T.);
#3843=EDGE_CURVE('',#2090,#2069,#1442,.T.);
#3856=EDGE_CURVE('',#2089,#2090,#1419,.T.);
#3908=EDGE_CURVE('',#2088,#2090,#1438,.T.);
#3910=EDGE_CURVE('',#2086,#2088,#1424,.T.);
#3923=EDGE_CURVE('',#2088,#2066,#1456,.T.);
#3933=EDGE_CURVE('',#2084,#2088,#1460,.T.);
#3937=EDGE_CURVE('',#2084,#2065,#1488,.T.);
#3950=EDGE_CURVE('',#2083,#2084,#1465,.T.);
#4002=EDGE_CURVE('',#2082,#2084,#1484,.T.);
#4026=EDGE_CURVE('',#2112,#2004,#1518,.T.);
#4028=EDGE_CURVE('',#2004,#2005,#1522,.T.);
#4040=EDGE_CURVE('',#1989,#2111,#1571,.T.);
#4042=EDGE_CURVE('',#1966,#1989,#1579,.T.);
#4044=EDGE_CURVE('',#1966,#1967,#1605,.T.);
#4046=EDGE_CURVE('',#1967,#2004,#1596,.T.);
#4059=EDGE_CURVE('',#1988,#1989,#1559,.T.);
#4072=EDGE_CURVE('',#1970,#1899,#1587,.T.);
#4074=EDGE_CURVE('',#1966,#1970,#1612,.T.);
#4085=EDGE_CURVE('',#1900,#1971,#1583,.T.);
#4087=EDGE_CURVE('',#1970,#1971,#1617,.T.);
#4101=EDGE_CURVE('',#1967,#1971,#1624,.T.);
#4127=EDGE_CURVE('',#1992,#1993,#1644,.T.);
#4138=EDGE_CURVE('',#1975,#1976,#1679,.T.);
#4140=EDGE_CURVE('',#1975,#1943,#1713,.T.);
#4142=EDGE_CURVE('',#1896,#1943,#1757,.T.);
#4155=EDGE_CURVE('',#1974,#1975,#1669,.T.);
#4159=EDGE_CURVE('',#1978,#1974,#1694,.T.);
#4170=EDGE_CURVE('',#1974,#1942,#1701,.T.);
#4172=EDGE_CURVE('',#1942,#1943,#1706,.T.);
#4185=EDGE_CURVE('',#2000,#2001,#1741,.T.);
#4188=EDGE_CURVE('',#1942,#1895,#1761,.T.);
#4220=(LENGTH_UNIT()NAMED_UNIT(*)SI_UNIT(.MILLI.,.METRE.));
#4222=(NAMED_UNIT(*)PLANE_ANGLE_UNIT()SI_UNIT($,.RADIAN.));
#4225=(NAMED_UNIT(*)SI_UNIT($,.STERADIAN.)SOLID_ANGLE_UNIT());
#4228=ADVANCED_BREP_SHAPE_REPRESENTATION('',(#4219),#4227);
#4235=PRODUCT_DEFINITION('design','',#4234,#4231);
#4236=PRODUCT_DEFINITION_SHAPE('','SHAPE FOR D6_BTN_CARRE7_7_H338Q_SW0002.',
#4235);
#4237=SHAPE_DEFINITION_REPRESENTATION(#4236,#4228);
ENDSEC;
END-ISO-10303-21;
